ISO-10303-21;
HEADER;
FILE_DESCRIPTION (( 'STEP AP214' ),
    '1' );
FILE_NAME ('A005572-COMPLETO-IM00.STEP',
    '2026-05-29T12:57:56',
    ( '' ),
    ( '' ),
    'SwSTEP 2.0',
    'SolidWorks 2018',
    '' );
FILE_SCHEMA (( 'AUTOMOTIVE_DESIGN' ));
ENDSEC;

DATA;
#1 = VERTEX_POINT ( 'NONE', #4710 ) ;
#2 = AXIS2_PLACEMENT_3D ( 'NONE', #5311, #1635, #3907 ) ;
#3 = VECTOR ( 'NONE', #6592, 1000.000000000000000 ) ;
#4 = FACE_OUTER_BOUND ( 'NONE', #283, .T. ) ;
#5 = CARTESIAN_POINT ( 'NONE',  ( 35.85786437626909873, 24.87258300203026451, 11.99999999999999822 ) ) ;
#6 = ORIENTED_EDGE ( 'NONE', *, *, #7029, .T. ) ;
#7 = VERTEX_POINT ( 'NONE', #8392 ) ;
#8 = VERTEX_POINT ( 'NONE', #3259 ) ;
#9 = DIRECTION ( 'NONE',  ( -0.000000000000000000, -0.000000000000000000, -1.000000000000000000 ) ) ;
#10 = VECTOR ( 'NONE', #4657, 1000.000000000000000 ) ;
#11 = CARTESIAN_POINT ( 'NONE',  ( 168.9050319128785134, 725.0000000000000000, 6.123233995736914194E-16 ) ) ;
#12 = DIRECTION ( 'NONE',  ( 0.000000000000000000, 0.000000000000000000, 1.000000000000000000 ) ) ;
#13 = LINE ( 'NONE', #529, #1318 ) ;
#14 = ORIENTED_EDGE ( 'NONE', *, *, #3403, .F. ) ;
#15 = CYLINDRICAL_SURFACE ( 'NONE', #9455, 2.499999999999946709 ) ;
#16 = ORIENTED_EDGE ( 'NONE', *, *, #6192, .T. ) ;
#17 = DIRECTION ( 'NONE',  ( -1.000000000000000000, 0.000000000000000000, 0.000000000000000000 ) ) ;
#18 = CYLINDRICAL_SURFACE ( 'NONE', #1956, 2.499999999999946709 ) ;
#19 = DIRECTION ( 'NONE',  ( 1.000000000000000000, 0.000000000000000000, 0.000000000000000000 ) ) ;
#20 = AXIS2_PLACEMENT_3D ( 'NONE', #4824, #6298, #7813 ) ;
#21 = EDGE_CURVE ( 'NONE', #8613, #6089, #4965, .T. ) ;
#22 = CARTESIAN_POINT ( 'NONE',  ( 1397.674098192195288, 108.3111831820441040, 11.99999999999999822 ) ) ;
#23 = AXIS2_PLACEMENT_3D ( 'NONE', #7913, #9322, #5783 ) ;
#24 = ORIENTED_EDGE ( 'NONE', *, *, #7856, .T. ) ;
#25 = DIRECTION ( 'NONE',  ( 1.000000000000000000, 0.000000000000000000, 0.000000000000000000 ) ) ;
#26 = CYLINDRICAL_SURFACE ( 'NONE', #3622, 4.000000000000017764 ) ;
#27 = ORIENTED_EDGE ( 'NONE', *, *, #2334, .T. ) ;
#28 = VERTEX_POINT ( 'NONE', #9042 ) ;
#29 = CARTESIAN_POINT ( 'NONE',  ( 1472.627416997969476, 661.6421356237309510, 11.99999999999999822 ) ) ;
#30 = EDGE_LOOP ( 'NONE', ( #7902, #352, #8572, #3424 ) ) ;
#31 = FACE_OUTER_BOUND ( 'NONE', #7907, .T. ) ;
#32 = AXIS2_PLACEMENT_3D ( 'NONE', #8219, #6009, #8179 ) ;
#33 = ORIENTED_EDGE ( 'NONE', *, *, #6983, .T. ) ;
#34 = EDGE_CURVE ( 'NONE', #2080, #9535, #9082, .T. ) ;
#35 = CIRCLE ( 'NONE', #9537, 2.500000000000002220 ) ;
#36 = ORIENTED_EDGE ( 'NONE', *, *, #341, .T. ) ;
#37 = EDGE_LOOP ( 'NONE', ( #7343, #8691, #1333, #6783 ) ) ;
#38 = VERTEX_POINT ( 'NONE', #4007 ) ;
#39 = DIRECTION ( 'NONE',  ( 1.000000000000000000, 0.000000000000000000, 0.000000000000000000 ) ) ;
#40 = ORIENTED_EDGE ( 'NONE', *, *, #1387, .F. ) ;
#41 = EDGE_CURVE ( 'NONE', #7401, #1845, #3470, .T. ) ;
#42 = ADVANCED_FACE ( 'NONE', ( #4381 ), #2284, .F. ) ;
#43 = DIRECTION ( 'NONE',  ( -0.7071067811865435759, -0.7071067811865514585, 0.000000000000000000 ) ) ;
#44 = CARTESIAN_POINT ( 'NONE',  ( -132.0000000000000000, 56.00000000000001421, -9.000000000000000000 ) ) ;
#45 = VERTEX_POINT ( 'NONE', #6967 ) ;
#46 = VERTEX_POINT ( 'NONE', #3163 ) ;
#47 = EDGE_CURVE ( 'NONE', #7883, #6337, #6103, .T. ) ;
#48 = ORIENTED_EDGE ( 'NONE', *, *, #3237, .F. ) ;
#49 = DIRECTION ( 'NONE',  ( -0.000000000000000000, -0.000000000000000000, -1.000000000000000000 ) ) ;
#50 = DIRECTION ( 'NONE',  ( -0.7071067811865501263, -0.7071067811865449082, 0.000000000000000000 ) ) ;
#51 = CARTESIAN_POINT ( 'NONE',  ( 503.0000000000000000, 347.5000000000000000, 18.00000000000000000 ) ) ;
#52 = CARTESIAN_POINT ( 'NONE',  ( 0.000000000000000000, 0.000000000000000000, 15.00000000000000000 ) ) ;
#53 = EDGE_CURVE ( 'NONE', #6122, #4465, #2638, .T. ) ;
#54 = ORIENTED_EDGE ( 'NONE', *, *, #4089, .T. ) ;
#55 = DIRECTION ( 'NONE',  ( 0.000000000000000000, 0.000000000000000000, 1.000000000000000000 ) ) ;
#56 = CARTESIAN_POINT ( 'NONE',  ( 308.0000000000001137, 67.49999999999997158, 0.000000000000000000 ) ) ;
#57 = CARTESIAN_POINT ( 'NONE',  ( 1223.999999999999773, 212.4999999999999716, 18.00000000000000000 ) ) ;
#58 = DIRECTION ( 'NONE',  ( 1.000000000000000000, 0.000000000000000000, 0.000000000000000000 ) ) ;
#59 = EDGE_CURVE ( 'NONE', #7409, #958, #3688, .T. ) ;
#60 = DIRECTION ( 'NONE',  ( 1.000000000000000000, 0.000000000000000000, 0.000000000000000000 ) ) ;
#61 = DIRECTION ( 'NONE',  ( 0.000000000000000000, 0.000000000000000000, 1.000000000000000000 ) ) ;
#62 = CARTESIAN_POINT ( 'NONE',  ( 135.0000000000000000, 24.00000000000000000, 6.000000000000000000 ) ) ;
#63 = AXIS2_PLACEMENT_3D ( 'NONE', #7798, #1932, #4131 ) ;
#64 = PLANE ( 'NONE',  #8171 ) ;
#65 = FACE_OUTER_BOUND ( 'NONE', #2034, .T. ) ;
#66 = FILL_AREA_STYLE ('',( #101 ) ) ;
#67 = EDGE_CURVE ( 'NONE', #3560, #46, #3920, .T. ) ;
#68 = CARTESIAN_POINT ( 'NONE',  ( -135.0000000000000000, 56.00000000000001421, 6.000000000000000000 ) ) ;
#69 = CARTESIAN_POINT ( 'NONE',  ( 799.9999999999998863, 18.00000000000000000, -400.0000000000000000 ) ) ;
#70 = ORIENTED_EDGE ( 'NONE', *, *, #1480, .T. ) ;
#71 = DIRECTION ( 'NONE',  ( 1.000000000000000000, 0.000000000000000000, 0.000000000000000000 ) ) ;
#72 = VERTEX_POINT ( 'NONE', #4162 ) ;
#73 = ORIENTED_EDGE ( 'NONE', *, *, #8649, .T. ) ;
#74 = ADVANCED_FACE ( 'NONE', ( #6454 ), #6686, .F. ) ;
#75 = DIRECTION ( 'NONE',  ( -0.000000000000000000, -0.000000000000000000, -1.000000000000000000 ) ) ;
#76 = EDGE_LOOP ( 'NONE', ( #9454, #275 ) ) ;
#77 = AXIS2_PLACEMENT_3D ( 'NONE', #724, #8833, #6656 ) ;
#78 = AXIS2_PLACEMENT_3D ( 'NONE', #7935, #1259, #4177 ) ;
#79 = EDGE_CURVE ( 'NONE', #2346, #2681, #1490, .T. ) ;
#80 = VECTOR ( 'NONE', #3636, 1000.000000000000000 ) ;
#81 = DIRECTION ( 'NONE',  ( -0.000000000000000000, -0.000000000000000000, 1.000000000000000000 ) ) ;
#82 = ORIENTED_EDGE ( 'NONE', *, *, #7390, .F. ) ;
#83 = EDGE_LOOP ( 'NONE', ( #4253, #6774, #6600, #199 ) ) ;
#84 = DIRECTION ( 'NONE',  ( -0.9852062716166839484, 0.1713727001804919992, 0.000000000000000000 ) ) ;
#85 = DIRECTION ( 'NONE',  ( -1.000000000000000000, -0.000000000000000000, -0.000000000000000000 ) ) ;
#86 = EDGE_CURVE ( 'NONE', #3670, #8699, #8393, .T. ) ;
#87 = DIRECTION ( 'NONE',  ( 0.000000000000000000, 0.000000000000000000, 1.000000000000000000 ) ) ;
#88 = FILL_AREA_STYLE ('',( #4562 ) ) ;
#89 = ORIENTED_EDGE ( 'NONE', *, *, #5084, .T. ) ;
#90 = PLANE ( 'NONE',  #5820 ) ;
#91 = CYLINDRICAL_SURFACE ( 'NONE', #32, 2.999999999999891642 ) ;
#92 = CIRCLE ( 'NONE', #1538, 4.000000000000003553 ) ;
#93 = VERTEX_POINT ( 'NONE', #1172 ) ;
#94 = CARTESIAN_POINT ( 'NONE',  ( 180.0000000000000568, 67.50000000000000000, 0.000000000000000000 ) ) ;
#95 = VERTEX_POINT ( 'NONE', #2609 ) ;
#96 = EDGE_CURVE ( 'NONE', #6421, #4072, #7385, .T. ) ;
#97 = CIRCLE ( 'NONE', #778, 3.000000000000058176 ) ;
#98 = CARTESIAN_POINT ( 'NONE',  ( 1464.142135623731065, 670.1274169979691351, 18.00000000000000000 ) ) ;
#99 = AXIS2_PLACEMENT_3D ( 'NONE', #5457, #3232, #1690 ) ;
#100 = CARTESIAN_POINT ( 'NONE',  ( 0.000000000000000000, 0.000000000000000000, 0.000000000000000000 ) ) ;
#101 = FILL_AREA_STYLE_COLOUR ( '', #684 ) ;
#102 = LINE ( 'NONE', #773, #812 ) ;
#103 = EDGE_CURVE ( 'NONE', #5960, #7602, #428, .T. ) ;
#104 = FACE_OUTER_BOUND ( 'NONE', #234, .T. ) ;
#105 = CIRCLE ( 'NONE', #5864, 3.000000000000001332 ) ;
#106 = VERTEX_POINT ( 'NONE', #9204 ) ;
#107 = ORIENTED_EDGE ( 'NONE', *, *, #9510, .F. ) ;
#108 = CARTESIAN_POINT ( 'NONE',  ( 1223.999999999999773, 67.49999999999988631, 18.00000000000000000 ) ) ;
#109 = ORIENTED_EDGE ( 'NONE', *, *, #7137, .T. ) ;
#110 = VECTOR ( 'NONE', #6784, 1000.000000000000000 ) ;
#111 = CARTESIAN_POINT ( 'NONE',  ( 608.4999999999996589, 20.00000000000000000, 9.000000000000000000 ) ) ;
#112 = CARTESIAN_POINT ( 'NONE',  ( 1429.999999999999545, 347.5000000000000000, 18.00000000000000000 ) ) ;
#113 = CIRCLE ( 'NONE', #7715, 4.000000000000003553 ) ;
#114 = AXIS2_PLACEMENT_3D ( 'NONE', #108, #5301, #7531 ) ;
#115 = CIRCLE ( 'NONE', #5481, 2.999999999999891642 ) ;
#116 = ORIENTED_EDGE ( 'NONE', *, *, #3749, .T. ) ;
#117 = ORIENTED_EDGE ( 'NONE', *, *, #8457, .F. ) ;
#118 = ORIENTED_EDGE ( 'NONE', *, *, #4914, .T. ) ;
#119 = DIRECTION ( 'NONE',  ( -0.000000000000000000, 1.000000000000000000, -0.000000000000000000 ) ) ;
#120 = VECTOR ( 'NONE', #5806, 1000.000000000000000 ) ;
#121 = CARTESIAN_POINT ( 'NONE',  ( 1427.499999999999773, 485.5000000000001705, 18.00000000000000000 ) ) ;
#122 = DIRECTION ( 'NONE',  ( -1.000000000000000000, 0.000000000000000000, 0.000000000000000000 ) ) ;
#123 = CARTESIAN_POINT ( 'NONE',  ( 50.00000000000000000, 647.5000000000000000, 0.000000000000000000 ) ) ;
#124 = FACE_OUTER_BOUND ( 'NONE', #2101, .T. ) ;
#125 = ORIENTED_EDGE ( 'NONE', *, *, #8784, .F. ) ;
#126 = ORIENTED_EDGE ( 'NONE', *, *, #4348, .F. ) ;
#127 = EDGE_LOOP ( 'NONE', ( #4659, #3291 ) ) ;
#128 = AXIS2_PLACEMENT_3D ( 'NONE', #2271, #7365, #8062 ) ;
#129 = CIRCLE ( 'NONE', #1467, 4.000000000000010658 ) ;
#130 = CARTESIAN_POINT ( 'NONE',  ( 180.0000000000001137, 659.5000000000000000, 0.000000000000000000 ) ) ;
#131 = AXIS2_PLACEMENT_3D ( 'NONE', #3264, #6124, #8395 ) ;
#132 = DIRECTION ( 'NONE',  ( -0.000000000000000000, -0.000000000000000000, -1.000000000000000000 ) ) ;
#133 = ADVANCED_FACE ( 'NONE', ( #4031 ), #1140, .F. ) ;
#134 = CARTESIAN_POINT ( 'NONE',  ( 106.9999999999999005, 690.0000000000000000, 15.49999999999999112 ) ) ;
#135 = ORIENTED_EDGE ( 'NONE', *, *, #5696, .F. ) ;
#136 = VECTOR ( 'NONE', #4888, 1000.000000000000000 ) ;
#137 = ORIENTED_EDGE ( 'NONE', *, *, #5077, .T. ) ;
#138 = ORIENTED_EDGE ( 'NONE', *, *, #3883, .T. ) ;
#139 =( NAMED_UNIT ( * ) PLANE_ANGLE_UNIT ( ) SI_UNIT ( $, .RADIAN. ) );
#140 = EDGE_LOOP ( 'NONE', ( #2620, #3830 ) ) ;
#141 = ORIENTED_EDGE ( 'NONE', *, *, #3749, .F. ) ;
#142 = LINE ( 'NONE', #9228, #5835 ) ;
#143 = PLANE ( 'NONE',  #6442 ) ;
#144 = ORIENTED_EDGE ( 'NONE', *, *, #8848, .T. ) ;
#145 = PLANE ( 'NONE',  #6920 ) ;
#146 = CYLINDRICAL_SURFACE ( 'NONE', #5100, 3.000000000000000888 ) ;
#147 = ORIENTED_EDGE ( 'NONE', *, *, #177, .F. ) ;
#148 = ORIENTED_EDGE ( 'NONE', *, *, #6117, .F. ) ;
#149 = AXIS2_PLACEMENT_3D ( 'NONE', #6114, #1707, #2426 ) ;
#150 = ORIENTED_EDGE ( 'NONE', *, *, #2690, .F. ) ;
#151 = CIRCLE ( 'NONE', #5785, 3.000000000000047962 ) ;
#152 = DIRECTION ( 'NONE',  ( -0.000000000000000000, -0.000000000000000000, -1.000000000000000000 ) ) ;
#153 = ADVANCED_BREP_SHAPE_REPRESENTATION ( '', ( #2409, #6183 ), #4836 ) ;
#154 = DIRECTION ( 'NONE',  ( -0.000000000000000000, -0.000000000000000000, -1.000000000000000000 ) ) ;
#155 = ORIENTED_EDGE ( 'NONE', *, *, #4713, .F. ) ;
#156 = ORIENTED_EDGE ( 'NONE', *, *, #5358, .T. ) ;
#157 = EDGE_LOOP ( 'NONE', ( #1451, #5307 ) ) ;
#158 = CARTESIAN_POINT ( 'NONE',  ( 3.000000000000000000, 24.00000000000000000, 6.000000000000000000 ) ) ;
#159 = DIRECTION ( 'NONE',  ( 0.000000000000000000, 0.000000000000000000, -1.000000000000000000 ) ) ;
#160 = PRODUCT_DEFINITION_FORMATION_WITH_SPECIFIED_SOURCE ( 'ANY', '', #6453, .NOT_KNOWN. ) ;
#161 = EDGE_CURVE ( 'NONE', #2006, #9157, #9330, .T. ) ;
#162 = CARTESIAN_POINT ( 'NONE',  ( 1427.129942314910977, 620.6299423149113181, 18.00000000000000000 ) ) ;
#163 = EDGE_LOOP ( 'NONE', ( #3324, #8251, #9349, #6056 ) ) ;
#164 = VERTEX_POINT ( 'NONE', #9175 ) ;
#165 = AXIS2_PLACEMENT_3D ( 'NONE', #2989, #7363, #8057 ) ;
#166 = DIRECTION ( 'NONE',  ( 0.000000000000000000, 0.000000000000000000, 1.000000000000000000 ) ) ;
#167 = CARTESIAN_POINT ( 'NONE',  ( -132.0000000000000000, 24.00000000000000000, -9.000000000000000000 ) ) ;
#168 =( LENGTH_UNIT ( ) NAMED_UNIT ( * ) SI_UNIT ( .MILLI., .METRE. ) );
#169 = EDGE_CURVE ( 'NONE', #5285, #9157, #8525, .T. ) ;
#170 = CARTESIAN_POINT ( 'NONE',  ( 1427.129942314910977, 74.37005768508863923, 18.00000000000000000 ) ) ;
#171 = DIRECTION ( 'NONE',  ( 0.7071067811865514585, -0.7071067811865435759, 0.000000000000000000 ) ) ;
#172 = CARTESIAN_POINT ( 'NONE',  ( 180.0000000000001137, 659.5000000000000000, 18.00000000000000000 ) ) ;
#173 = ADVANCED_FACE ( 'NONE', ( #180 ), #2752, .F. ) ;
#174 = AXIS2_PLACEMENT_3D ( 'NONE', #4367, #8766, #5106 ) ;
#175 = CARTESIAN_POINT ( 'NONE',  ( -208.5000000000001421, 20.00000000000000000, -9.000000000000000000 ) ) ;
#176 = CARTESIAN_POINT ( 'NONE',  ( 1317.500000000000000, 35.49999999999997868, 0.000000000000000000 ) ) ;
#177 = EDGE_CURVE ( 'NONE', #2007, #2211, #8158, .T. ) ;
#178 = CARTESIAN_POINT ( 'NONE',  ( 135.0000000000000000, 24.00000000000000000, 6.000000000000000000 ) ) ;
#179 = VECTOR ( 'NONE', #8021, 1000.000000000000000 ) ;
#180 = FACE_OUTER_BOUND ( 'NONE', #1175, .T. ) ;
#181 = CARTESIAN_POINT ( 'NONE',  ( 1342.000000000000000, 0.000000000000000000, 18.00000000000000000 ) ) ;
#182 = EDGE_LOOP ( 'NONE', ( #5700, #7976 ) ) ;
#183 = DIRECTION ( 'NONE',  ( 1.000000000000000000, 0.000000000000000000, 0.000000000000000000 ) ) ;
#184 = DIRECTION ( 'NONE',  ( 0.000000000000000000, 0.000000000000000000, 1.000000000000000000 ) ) ;
#185 = CARTESIAN_POINT ( 'NONE',  ( -441.9999999999999432, 80.00000000000000000, 0.000000000000000000 ) ) ;
#186 =( NAMED_UNIT ( * ) SI_UNIT ( $, .STERADIAN. ) SOLID_ANGLE_UNIT ( ) );
#187 = FACE_OUTER_BOUND ( 'NONE', #4784, .T. ) ;
#188 = ORIENTED_EDGE ( 'NONE', *, *, #5862, .F. ) ;
#189 = EDGE_CURVE ( 'NONE', #8617, #9434, #7160, .T. ) ;
#190 = ORIENTED_EDGE ( 'NONE', *, *, #3800, .F. ) ;
#191 = AXIS2_PLACEMENT_3D ( 'NONE', #6880, #6044, #8988 ) ;
#192 = ORIENTED_EDGE ( 'NONE', *, *, #1553, .T. ) ;
#193 = CARTESIAN_POINT ( 'NONE',  ( 76.87005768508892345, 74.37005768508863923, 18.00000000000000000 ) ) ;
#194 = DIRECTION ( 'NONE',  ( -0.000000000000000000, -0.000000000000000000, -1.000000000000000000 ) ) ;
#195 = DIRECTION ( 'NONE',  ( -0.000000000000000000, -0.000000000000000000, -1.000000000000000000 ) ) ;
#196 = FACE_BOUND ( 'NONE', #8723, .T. ) ;
#197 = CIRCLE ( 'NONE', #8822, 3.999999999999781508 ) ;
#198 = ORIENTED_EDGE ( 'NONE', *, *, #6371, .T. ) ;
#199 = ORIENTED_EDGE ( 'NONE', *, *, #8728, .T. ) ;
#200 = LINE ( 'NONE', #1532, #3494 ) ;
#201 = AXIS2_PLACEMENT_3D ( 'NONE', #112, #8312, #1664 ) ;
#202 =( GEOMETRIC_REPRESENTATION_CONTEXT ( 3 ) GLOBAL_UNCERTAINTY_ASSIGNED_CONTEXT ( ( #5568 ) ) GLOBAL_UNIT_ASSIGNED_CONTEXT ( ( #8899, #4603, #3086 ) ) REPRESENTATION_CONTEXT ( 'NONE', 'WORKASPACE' ) );
#203 = CARTESIAN_POINT ( 'NONE',  ( 84.99999999999994316, 730.0000000000000000, 17.88822647334630034 ) ) ;
#204 = EDGE_CURVE ( 'NONE', #6517, #947, #4155, .T. ) ;
#205 = DIRECTION ( 'NONE',  ( 1.000000000000000000, 0.000000000000000000, 0.000000000000000000 ) ) ;
#206 = FACE_BOUND ( 'NONE', #2922, .T. ) ;
#207 = CARTESIAN_POINT ( 'NONE',  ( 311.0000000000001705, 627.5000000000001137, 18.00000000000000000 ) ) ;
#208 = FACE_BOUND ( 'NONE', #429, .T. ) ;
#209 = CIRCLE ( 'NONE', #5068, 2.999999999999891642 ) ;
#210 = ORIENTED_EDGE ( 'NONE', *, *, #7543, .T. ) ;
#211 = DIRECTION ( 'NONE',  ( -1.000000000000000000, 0.000000000000000000, 0.000000000000000000 ) ) ;
#212 = EDGE_CURVE ( 'NONE', #4357, #3628, #7834, .T. ) ;
#213 = CARTESIAN_POINT ( 'NONE',  ( 50.00000000000000000, 647.5000000000000000, 0.000000000000000000 ) ) ;
#214 = ORIENTED_EDGE ( 'NONE', *, *, #6514, .T. ) ;
#215 = VECTOR ( 'NONE', #6010, 1000.000000000000000 ) ;
#216 = CARTESIAN_POINT ( 'NONE',  ( 70.00000000000014211, 305.5000000000000000, 18.00000000000000000 ) ) ;
#217 = CYLINDRICAL_SURFACE ( 'NONE', #6232, 2.499999999999946709 ) ;
#218 = EDGE_CURVE ( 'NONE', #6749, #95, #3228, .T. ) ;
#219 = ADVANCED_FACE ( 'NONE', ( #65 ), #665, .F. ) ;
#220 = LINE ( 'NONE', #4581, #1028 ) ;
#221 = CIRCLE ( 'NONE', #512, 3.000000000000002665 ) ;
#222 = EDGE_LOOP ( 'NONE', ( #8940, #1720 ) ) ;
#223 = ORIENTED_EDGE ( 'NONE', *, *, #1535, .T. ) ;
#224 = AXIS2_PLACEMENT_3D ( 'NONE', #5142, #696, #8080 ) ;
#225 = ORIENTED_EDGE ( 'NONE', *, *, #9402, .T. ) ;
#226 = CIRCLE ( 'NONE', #2837, 2.499999999999946709 ) ;
#227 = ORIENTED_EDGE ( 'NONE', *, *, #8534, .F. ) ;
#228 = EDGE_CURVE ( 'NONE', #5618, #3823, #2509, .T. ) ;
#229 = LINE ( 'NONE', #9077, #7648 ) ;
#230 = CARTESIAN_POINT ( 'NONE',  ( 1221.499999999999773, 627.5000000000001137, 0.000000000000000000 ) ) ;
#231 = DIRECTION ( 'NONE',  ( -0.000000000000000000, -0.000000000000000000, -1.000000000000000000 ) ) ;
#232 = ORIENTED_EDGE ( 'NONE', *, *, #5028, .F. ) ;
#233 = FACE_BOUND ( 'NONE', #6970, .T. ) ;
#234 = EDGE_LOOP ( 'NONE', ( #6015, #8006, #6641, #3538 ) ) ;
#235 = ORIENTED_EDGE ( 'NONE', *, *, #1867, .F. ) ;
#236 = ORIENTED_EDGE ( 'NONE', *, *, #1986, .T. ) ;
#237 = CARTESIAN_POINT ( 'NONE',  ( 110.8111831820434929, 595.1740981921958564, 18.00000000000000000 ) ) ;
#238 = VECTOR ( 'NONE', #5298, 1000.000000000000000 ) ;
#239 = AXIS2_PLACEMENT_3D ( 'NONE', #2676, #7836, #4933 ) ;
#240 = EDGE_CURVE ( 'NONE', #4116, #9564, #8863, .T. ) ;
#241 = VECTOR ( 'NONE', #2632, 1000.000000000000000 ) ;
#242 = ORIENTED_EDGE ( 'NONE', *, *, #6327, .F. ) ;
#243 = FACE_OUTER_BOUND ( 'NONE', #4742, .T. ) ;
#244 = CARTESIAN_POINT ( 'NONE',  ( 1419.129942314910977, 74.37005768508863923, 18.00000000000000000 ) ) ;
#245 = ORIENTED_EDGE ( 'NONE', *, *, #4962, .F. ) ;
#246 = PLANE ( 'NONE',  #5006 ) ;
#247 = CARTESIAN_POINT ( 'NONE',  ( 80.87005768508875292, 620.6299423149114318, 11.99999999999999822 ) ) ;
#248 = CARTESIAN_POINT ( 'NONE',  ( 45.99999999999999289, 47.49999999999998579, 0.000000000000000000 ) ) ;
#249 = ORIENTED_EDGE ( 'NONE', *, *, #7824, .F. ) ;
#250 = AXIS2_PLACEMENT_3D ( 'NONE', #3379, #1197, #6310 ) ;
#251 = LINE ( 'NONE', #1097, #7799 ) ;
#252 = EDGE_LOOP ( 'NONE', ( #16, #1526, #2046, #760 ) ) ;
#253 = EDGE_LOOP ( 'NONE', ( #7899, #5487, #7627, #4862 ) ) ;
#254 = CARTESIAN_POINT ( 'NONE',  ( 311.0000000000001705, 67.49999999999997158, 0.000000000000000000 ) ) ;
#255 = ORIENTED_EDGE ( 'NONE', *, *, #4922, .F. ) ;
#256 = FACE_OUTER_BOUND ( 'NONE', #6542, .T. ) ;
#257 = ORIENTED_EDGE ( 'NONE', *, *, #3561, .T. ) ;
#258 = DIRECTION ( 'NONE',  ( -0.000000000000000000, -0.000000000000000000, -1.000000000000000000 ) ) ;
#259 = DIRECTION ( 'NONE',  ( -0.000000000000000000, -0.000000000000000000, -1.000000000000000000 ) ) ;
#260 = DIRECTION ( 'NONE',  ( 0.000000000000000000, 0.000000000000000000, -1.000000000000000000 ) ) ;
#261 = DIRECTION ( 'NONE',  ( -1.000000000000000000, 0.000000000000000000, 0.000000000000000000 ) ) ;
#262 = DIRECTION ( 'NONE',  ( 0.000000000000000000, 0.000000000000000000, -1.000000000000000000 ) ) ;
#263 = EDGE_LOOP ( 'NONE', ( #1871, #8903 ) ) ;
#264 = CYLINDRICAL_SURFACE ( 'NONE', #2896, 3.999999999999781508 ) ;
#265 = VERTEX_POINT ( 'NONE', #3493 ) ;
#266 = ORIENTED_EDGE ( 'NONE', *, *, #8484, .F. ) ;
#267 = EDGE_LOOP ( 'NONE', ( #4775, #1378, #8647, #7975 ) ) ;
#268 = DIRECTION ( 'NONE',  ( 0.000000000000000000, 1.000000000000000000, 0.000000000000000000 ) ) ;
#269 = CARTESIAN_POINT ( 'NONE',  ( 1317.500000000000000, 659.5000000000000000, 18.00000000000000000 ) ) ;
#270 = AXIS2_PLACEMENT_3D ( 'NONE', #4502, #5209, #7449 ) ;
#271 =( GEOMETRIC_REPRESENTATION_CONTEXT ( 3 ) GLOBAL_UNCERTAINTY_ASSIGNED_CONTEXT ( ( #698 ) ) GLOBAL_UNIT_ASSIGNED_CONTEXT ( ( #1170, #1269, #5637 ) ) REPRESENTATION_CONTEXT ( 'NONE', 'WORKASPACE' ) );
#272 = UNCERTAINTY_MEASURE_WITH_UNIT (LENGTH_MEASURE( 1.000000000000000082E-05 ), #3171, 'distance_accuracy_value', 'NONE');
#273 = EDGE_CURVE ( 'NONE', #2227, #9140, #537, .T. ) ;
#274 = EDGE_LOOP ( 'NONE', ( #1403, #8127 ) ) ;
#275 = ORIENTED_EDGE ( 'NONE', *, *, #4604, .T. ) ;
#276 = ADVANCED_FACE ( 'NONE', ( #4497 ), #486, .F. ) ;
#277 = ORIENTED_EDGE ( 'NONE', *, *, #4278, .T. ) ;
#278 = EDGE_CURVE ( 'NONE', #903, #7571, #6808, .T. ) ;
#279 = CARTESIAN_POINT ( 'NONE',  ( 25.00000000000000000, 24.00000000000000000, 9.000000000000000000 ) ) ;
#280 = CARTESIAN_POINT ( 'NONE',  ( -570.0000000000000000, 55.00000000000000000, -3.000000000000047962 ) ) ;
#281 = DIRECTION ( 'NONE',  ( 0.7071067811865526798, 0.7071067811865422437, -0.000000000000000000 ) ) ;
#282 = CARTESIAN_POINT ( 'NONE',  ( 1000.000000000000000, 212.4999999999999716, 18.00000000000000000 ) ) ;
#283 = EDGE_LOOP ( 'NONE', ( #1918, #4579, #9071, #4356 ) ) ;
#284 = EDGE_CURVE ( 'NONE', #1153, #2729, #2064, .T. ) ;
#285 = AXIS2_PLACEMENT_3D ( 'NONE', #2980, #2226, #2187 ) ;
#286 = DIRECTION ( 'NONE',  ( 0.000000000000000000, 0.000000000000000000, 1.000000000000000000 ) ) ;
#287 = CARTESIAN_POINT ( 'NONE',  ( -170.0000000000000000, 55.00000000000000000, 0.000000000000000000 ) ) ;
#288 = CARTESIAN_POINT ( 'NONE',  ( 72.87005768508890924, 74.37005768508863923, 11.99999999999999822 ) ) ;
#289 = CARTESIAN_POINT ( 'NONE',  ( 570.0000000000000000, 55.00000000000000000, 3.000000000000047962 ) ) ;
#290 =( NAMED_UNIT ( * ) SI_UNIT ( $, .STERADIAN. ) SOLID_ANGLE_UNIT ( ) );
#291 = EDGE_CURVE ( 'NONE', #3983, #3889, #1253, .T. ) ;
#292 = CARTESIAN_POINT ( 'NONE',  ( 1450.000000000000000, 647.5000000000000000, 11.99999999999999822 ) ) ;
#293 = CARTESIAN_POINT ( 'NONE',  ( 76.87005768508898029, 620.6299423149114318, 0.000000000000000000 ) ) ;
#294 = DIRECTION ( 'NONE',  ( 1.000000000000000000, 0.000000000000000000, 0.000000000000000000 ) ) ;
#295 = CARTESIAN_POINT ( 'NONE',  ( 1432.499999999999773, 209.4999999999998295, 18.00000000000000000 ) ) ;
#296 = VECTOR ( 'NONE', #1276, 1000.000000000000000 ) ;
#297 = CARTESIAN_POINT ( 'NONE',  ( 31.61522368914974734, 665.8847763108501567, 11.99999999999999822 ) ) ;
#298 = CARTESIAN_POINT ( 'NONE',  ( 278.5000000000001137, 482.5000000000000000, 18.00000000000000000 ) ) ;
#299 = AXIS2_PLACEMENT_3D ( 'NONE', #3404, #357, #5544 ) ;
#300 = CIRCLE ( 'NONE', #9073, 3.000000000000002665 ) ;
#301 = DIRECTION ( 'NONE',  ( -1.000000000000000000, 0.000000000000000000, 0.000000000000000000 ) ) ;
#302 = VERTEX_POINT ( 'NONE', #4969 ) ;
#303 = EDGE_LOOP ( 'NONE', ( #1541, #7817 ) ) ;
#304 = AXIS2_PLACEMENT_3D ( 'NONE', #8237, #7511, #5355 ) ;
#305 = CARTESIAN_POINT ( 'NONE',  ( -266.4999999999998863, 0.000000000000000000, 9.000000000000000000 ) ) ;
#306 = ITEM_DEFINED_TRANSFORMATION ( 'NONE', 'NONE', #5385,  #6183 ) ;
#307 = DIRECTION ( 'NONE',  ( -0.000000000000000000, -0.000000000000000000, -1.000000000000000000 ) ) ;
#308 = EDGE_LOOP ( 'NONE', ( #5118, #7455, #5347, #3168 ) ) ;
#309 = DIRECTION ( 'NONE',  ( 0.000000000000000000, 0.000000000000000000, 1.000000000000000000 ) ) ;
#310 = CARTESIAN_POINT ( 'NONE',  ( 42.00000000000000711, 55.00000000000000000, 0.000000000000000000 ) ) ;
#311 = LINE ( 'NONE', #8253, #4047 ) ;
#312 = FACE_BOUND ( 'NONE', #8604, .T. ) ;
#313 = ORIENTED_EDGE ( 'NONE', *, *, #5855, .T. ) ;
#314 = ORIENTED_EDGE ( 'NONE', *, *, #4839, .F. ) ;
#315 = ADVANCED_FACE ( 'NONE', ( #9553 ), #5181, .F. ) ;
#316 = VECTOR ( 'NONE', #5019, 1000.000000000000000 ) ;
#317 = DIRECTION ( 'NONE',  ( 0.000000000000000000, 0.000000000000000000, 1.000000000000000000 ) ) ;
#318 = DIRECTION ( 'NONE',  ( -0.000000000000000000, 0.000000000000000000, -1.000000000000000000 ) ) ;
#319 = CARTESIAN_POINT ( 'NONE',  ( 1420.999999999999545, -45.00000000000031974, 186.5000000000005969 ) ) ;
#320 = AXIS2_PLACEMENT_3D ( 'NONE', #1827, #9134, #6244 ) ;
#321 = FACE_BOUND ( 'NONE', #994, .T. ) ;
#322 = VECTOR ( 'NONE', #2507, 1000.000000000000000 ) ;
#323 = ORIENTED_EDGE ( 'NONE', *, *, #8848, .F. ) ;
#324 = ORIENTED_EDGE ( 'NONE', *, *, #5503, .T. ) ;
#325 = CARTESIAN_POINT ( 'NONE',  ( 1194.999999999999773, 67.49999999999997158, 18.00000000000000000 ) ) ;
#326 = DIRECTION ( 'NONE',  ( -0.000000000000000000, -0.000000000000000000, 1.000000000000000000 ) ) ;
#327 = ADVANCED_FACE ( 'NONE', ( #6918 ), #7941, .F. ) ;
#328 = CARTESIAN_POINT ( 'NONE',  ( 1317.500000000000000, 35.49999999999997868, 18.00000000000000000 ) ) ;
#329 = CARTESIAN_POINT ( 'NONE',  ( 1429.999999999999773, 209.4999999999998295, 0.000000000000000000 ) ) ;
#330 = CARTESIAN_POINT ( 'NONE',  ( 248.0944918928738048, 725.0000000000000000, 9.500000000000000000 ) ) ;
#331 = CYLINDRICAL_SURFACE ( 'NONE', #7412, 2.499999999999946709 ) ;
#332 = VECTOR ( 'NONE', #1131, 1000.000000000000000 ) ;
#333 = FACE_OUTER_BOUND ( 'NONE', #7167, .T. ) ;
#334 = ORIENTED_EDGE ( 'NONE', *, *, #9014, .F. ) ;
#335 = ORIENTED_EDGE ( 'NONE', *, *, #4086, .F. ) ;
#336 = EDGE_LOOP ( 'NONE', ( #4654, #7141, #6589, #4422 ) ) ;
#337 = CYLINDRICAL_SURFACE ( 'NONE', #6612, 3.000000000000002665 ) ;
#338 = AXIS2_PLACEMENT_3D ( 'NONE', #8513, #5595, #9218 ) ;
#339 = STYLED_ITEM ( 'NONE', ( #7736 ), #153 ) ;
#340 = CARTESIAN_POINT ( 'NONE',  ( 1450.000000000000000, 111.5000000000000426, 0.000000000000000000 ) ) ;
#341 = EDGE_CURVE ( 'NONE', #2080, #9342, #6216, .T. ) ;
#342 = EDGE_CURVE ( 'NONE', #647, #1927, #2175, .T. ) ;
#343 = CARTESIAN_POINT ( 'NONE',  ( 750.0000000000000000, 35.49999999999997868, 18.00000000000000000 ) ) ;
#344 = DIRECTION ( 'NONE',  ( -1.000000000000000000, 0.000000000000000000, 0.000000000000000000 ) ) ;
#345 = AXIS2_PLACEMENT_3D ( 'NONE', #4099, #1115, #6380 ) ;
#346 = CIRCLE ( 'NONE', #6430, 3.000000000000002665 ) ;
#347 = CARTESIAN_POINT ( 'NONE',  ( 1226.499999999999773, 212.4999999999999716, 18.00000000000000000 ) ) ;
#348 = CARTESIAN_POINT ( 'NONE',  ( 1223.999999999999773, 212.4999999999999716, 0.000000000000000000 ) ) ;
#349 = FACE_OUTER_BOUND ( 'NONE', #3564, .T. ) ;
#350 = ORIENTED_EDGE ( 'NONE', *, *, #6210, .F. ) ;
#351 = ORIENTED_EDGE ( 'NONE', *, *, #5640, .T. ) ;
#352 = ORIENTED_EDGE ( 'NONE', *, *, #9327, .T. ) ;
#353 = LINE ( 'NONE', #7271, #4317 ) ;
#354 = CARTESIAN_POINT ( 'NONE',  ( 72.87005768508890924, 74.37005768508863923, 18.00000000000000000 ) ) ;
#355 = CARTESIAN_POINT ( 'NONE',  ( 1316.999999999999773, 67.50000000000000000, 18.00000000000000000 ) ) ;
#356 = EDGE_CURVE ( 'NONE', #1505, #500, #2876, .T. ) ;
#357 = DIRECTION ( 'NONE',  ( 0.000000000000000000, -1.000000000000000000, 0.000000000000000000 ) ) ;
#358 = CARTESIAN_POINT ( 'NONE',  ( 84.99999999999992895, 730.0000000000000000, 15.00000000000000000 ) ) ;
#359 = VECTOR ( 'NONE', #6809, 1000.000000000000000 ) ;
#360 = ORIENTED_EDGE ( 'NONE', *, *, #7241, .T. ) ;
#361 = ORIENTED_EDGE ( 'NONE', *, *, #9181, .T. ) ;
#362 = DIRECTION ( 'NONE',  ( 4.815513022993924426E-16, 1.000000000000000000, 2.138517373404057871E-31 ) ) ;
#363 = ORIENTED_EDGE ( 'NONE', *, *, #4348, .T. ) ;
#364 = LINE ( 'NONE', #5598, #7228 ) ;
#365 = EDGE_CURVE ( 'NONE', #8735, #7855, #7713, .T. ) ;
#366 = CARTESIAN_POINT ( 'NONE',  ( 67.00000000000014211, 305.5000000000000000, 18.00000000000000000 ) ) ;
#367 = EDGE_LOOP ( 'NONE', ( #5149, #6819, #945, #4135 ) ) ;
#368 = CYLINDRICAL_SURFACE ( 'NONE', #4863, 2.500000000000002220 ) ;
#369 = CARTESIAN_POINT ( 'NONE',  ( 52.50000000000000711, 583.4999999999998863, 18.00000000000000000 ) ) ;
#370 = ORIENTED_EDGE ( 'NONE', *, *, #6450, .F. ) ;
#371 = ORIENTED_EDGE ( 'NONE', *, *, #6744, .F. ) ;
#372 = DIRECTION ( 'NONE',  ( 0.000000000000000000, 0.000000000000000000, 1.000000000000000000 ) ) ;
#373 = ORIENTED_EDGE ( 'NONE', *, *, #4232, .F. ) ;
#374 = CARTESIAN_POINT ( 'NONE',  ( -266.4999999999998863, 80.00000000000000000, -9.000000000000000000 ) ) ;
#375 = ORIENTED_EDGE ( 'NONE', *, *, #4460, .T. ) ;
#376 = CIRCLE ( 'NONE', #6908, 3.000000000000058176 ) ;
#377 =( GEOMETRIC_REPRESENTATION_CONTEXT ( 3 ) GLOBAL_UNCERTAINTY_ASSIGNED_CONTEXT ( ( #1126 ) ) GLOBAL_UNIT_ASSIGNED_CONTEXT ( ( #7274, #7990, #6487 ) ) REPRESENTATION_CONTEXT ( 'NONE', 'WORKASPACE' ) );
#378 = ADVANCED_FACE ( 'NONE', ( #1829 ), #1536, .T. ) ;
#379 = EDGE_CURVE ( 'NONE', #9292, #1285, #7893, .T. ) ;
#380 = DIRECTION ( 'NONE',  ( 0.000000000000000000, 0.000000000000000000, 1.000000000000000000 ) ) ;
#381 = VERTEX_POINT ( 'NONE', #5740 ) ;
#382 = CARTESIAN_POINT ( 'NONE',  ( 135.0000000000000000, 56.00000000000001421, -9.000000000000000000 ) ) ;
#383 = VECTOR ( 'NONE', #3986, 1000.000000000000000 ) ;
#384 = EDGE_LOOP ( 'NONE', ( #545, #470 ) ) ;
#385 = EDGE_LOOP ( 'NONE', ( #6189, #6859 ) ) ;
#386 = DIRECTION ( 'NONE',  ( -0.000000000000000000, -1.000000000000000000, -0.000000000000000000 ) ) ;
#387 = ORIENTED_EDGE ( 'NONE', *, *, #9080, .T. ) ;
#388 = CIRCLE ( 'NONE', #2018, 3.000000000000113687 ) ;
#389 = CARTESIAN_POINT ( 'NONE',  ( 308.0000000000001137, 627.5000000000001137, 18.00000000000000000 ) ) ;
#390 = VERTEX_POINT ( 'NONE', #3699 ) ;
#391 = DIRECTION ( 'NONE',  ( -1.000000000000000000, -0.000000000000000000, -0.000000000000000000 ) ) ;
#392 = DIRECTION ( 'NONE',  ( 0.000000000000000000, 0.000000000000000000, 1.000000000000000000 ) ) ;
#393 = DIRECTION ( 'NONE',  ( 0.000000000000000000, 0.000000000000000000, 1.000000000000000000 ) ) ;
#394 = CARTESIAN_POINT ( 'NONE',  ( 80.87005768508893766, 74.37005768508863923, 0.000000000000000000 ) ) ;
#395 = ORIENTED_EDGE ( 'NONE', *, *, #8858, .F. ) ;
#396 = ORIENTED_EDGE ( 'NONE', *, *, #2095, .F. ) ;
#397 = EDGE_CURVE ( 'NONE', #6070, #8924, #3180, .T. ) ;
#398 = CARTESIAN_POINT ( 'NONE',  ( 666.4999999999997726, 0.000000000000000000, 9.000000000000000000 ) ) ;
#399 = ORIENTED_EDGE ( 'NONE', *, *, #560, .F. ) ;
#400 = DIRECTION ( 'NONE',  ( 0.000000000000000000, 0.000000000000000000, -1.000000000000000000 ) ) ;
#401 = DIRECTION ( 'NONE',  ( 0.000000000000000000, 0.000000000000000000, 1.000000000000000000 ) ) ;
#402 = PRODUCT_CONTEXT ( 'NONE', #7119, 'mechanical' ) ;
#403 = ADVANCED_BREP_SHAPE_REPRESENTATION ( '', ( #2732, #9162, #6183 ), #202 ) ;
#404 = ORIENTED_EDGE ( 'NONE', *, *, #1498, .T. ) ;
#405 = ORIENTED_EDGE ( 'NONE', *, *, #9462, .F. ) ;
#406 = CARTESIAN_POINT ( 'NONE',  ( 1317.000000000000227, 24.00000000000000000, 12.00000000000000000 ) ) ;
#407 = DIRECTION ( 'NONE',  ( -0.000000000000000000, -0.000000000000000000, -1.000000000000000000 ) ) ;
#408 = AXIS2_PLACEMENT_3D ( 'NONE', #9534, #677, #1543 ) ;
#409 = AXIS2_PLACEMENT_3D ( 'NONE', #7889, #1397, #5065 ) ;
#410 = EDGE_CURVE ( 'NONE', #9350, #8722, #8107, .T. ) ;
#411 = DIRECTION ( 'NONE',  ( 0.7071067811865487940, 0.7071067811865463515, -0.000000000000000000 ) ) ;
#412 = EDGE_CURVE ( 'NONE', #3030, #4436, #9280, .T. ) ;
#413 = CARTESIAN_POINT ( 'NONE',  ( 1423.129942314910977, 620.6299423149113181, 11.99999999999999822 ) ) ;
#414 = DIRECTION ( 'NONE',  ( 1.000000000000000000, 0.000000000000000000, 0.000000000000000000 ) ) ;
#415 = CARTESIAN_POINT ( 'NONE',  ( 1319.999999999999773, 659.5000000000000000, 18.00000000000000000 ) ) ;
#416 = DIRECTION ( 'NONE',  ( -0.000000000000000000, -0.000000000000000000, -1.000000000000000000 ) ) ;
#417 = EDGE_CURVE ( 'NONE', #4765, #1354, #1776, .T. ) ;
#418 = CARTESIAN_POINT ( 'NONE',  ( -608.4999999999996589, 20.00000000000000000, 9.000000000000000000 ) ) ;
#419 = AXIS2_PLACEMENT_3D ( 'NONE', #9177, #8505, #5711 ) ;
#420 = CARTESIAN_POINT ( 'NONE',  ( 49.99999999999998579, 111.5000000000000426, 18.00000000000000000 ) ) ;
#421 = CARTESIAN_POINT ( 'NONE',  ( 1319.999999999999773, 659.5000000000000000, 18.00000000000000000 ) ) ;
#422 = DIRECTION ( 'NONE',  ( -0.000000000000000000, 1.000000000000000000, -0.000000000000000000 ) ) ;
#423 = EDGE_CURVE ( 'NONE', #95, #8434, #5600, .T. ) ;
#424 = ADVANCED_FACE ( 'NONE', ( #490 ), #5136, .F. ) ;
#425 = CARTESIAN_POINT ( 'NONE',  ( 1322.499999999999773, 659.5000000000000000, 0.000000000000000000 ) ) ;
#426 = DIRECTION ( 'NONE',  ( -0.000000000000000000, -0.000000000000000000, -1.000000000000000000 ) ) ;
#427 = CARTESIAN_POINT ( 'NONE',  ( 78.99999999999998579, -79.99999999999998579, 338.4999999999999432 ) ) ;
#428 = CIRCLE ( 'NONE', #345, 3.000000000000047962 ) ;
#429 = EDGE_LOOP ( 'NONE', ( #5005, #8483 ) ) ;
#430 = DIRECTION ( 'NONE',  ( 0.000000000000000000, 0.000000000000000000, 1.000000000000000000 ) ) ;
#431 = CARTESIAN_POINT ( 'NONE',  ( 180.0000000000000568, 67.50000000000000000, 18.00000000000000000 ) ) ;
#432 = DIRECTION ( 'NONE',  ( 0.000000000000000000, 0.000000000000000000, 1.000000000000000000 ) ) ;
#433 = ADVANCED_FACE ( 'NONE', ( #3648 ), #3738, .T. ) ;
#434 = DIRECTION ( 'NONE',  ( -0.000000000000000000, -0.000000000000000000, -1.000000000000000000 ) ) ;
#435 = DIRECTION ( 'NONE',  ( -0.000000000000000000, -0.000000000000000000, 1.000000000000000000 ) ) ;
#436 = SURFACE_STYLE_FILL_AREA ( #1337 ) ;
#437 = EDGE_LOOP ( 'NONE', ( #1960, #2495 ) ) ;
#438 = ORIENTED_EDGE ( 'NONE', *, *, #161, .T. ) ;
#439 = CARTESIAN_POINT ( 'NONE',  ( 76.87005768508898029, 620.6299423149114318, 18.00000000000000000 ) ) ;
#440 = AXIS2_PLACEMENT_3D ( 'NONE', #7786, #8515, #3320 ) ;
#441 = DIRECTION ( 'NONE',  ( -0.000000000000000000, -0.000000000000000000, -1.000000000000000000 ) ) ;
#442 = AXIS2_PLACEMENT_3D ( 'NONE', #5517, #591, #1866 ) ;
#443 = SURFACE_STYLE_USAGE ( .BOTH. , #2786 ) ;
#444 = LINE ( 'NONE', #3145, #1018 ) ;
#445 = COLOUR_RGB ( '',1.000000000000000000, 1.000000000000000000, 1.000000000000000000 ) ;
#446 = ORIENTED_EDGE ( 'NONE', *, *, #2167, .T. ) ;
#447 = CARTESIAN_POINT ( 'NONE',  ( 42.00000000000000711, 80.00000000000000000, 3.000000000000001332 ) ) ;
#448 = ORIENTED_EDGE ( 'NONE', *, *, #9314, .T. ) ;
#449 = DIRECTION ( 'NONE',  ( 1.000000000000000000, 0.000000000000000000, 0.000000000000000000 ) ) ;
#450 = CIRCLE ( 'NONE', #4454, 3.000000000000002665 ) ;
#451 = CIRCLE ( 'NONE', #7595, 2.499999999999946709 ) ;
#452 = FACE_BOUND ( 'NONE', #1995, .T. ) ;
#453 = CIRCLE ( 'NONE', #9499, 2.499999999999946709 ) ;
#454 = ORIENTED_EDGE ( 'NONE', *, *, #8326, .F. ) ;
#455 = ORIENTED_EDGE ( 'NONE', *, *, #5242, .T. ) ;
#456 = CARTESIAN_POINT ( 'NONE',  ( -42.00000000000000711, 80.00000000000000000, 3.000000000000001332 ) ) ;
#457 = VECTOR ( 'NONE', #6603, 1000.000000000000000 ) ;
#458 = APPLICATION_CONTEXT ( 'automotive_design' ) ;
#459 = AXIS2_PLACEMENT_3D ( 'NONE', #2994, #2972, #4424 ) ;
#460 = EDGE_CURVE ( 'NONE', #7948, #4436, #2815, .T. ) ;
#461 = LINE ( 'NONE', #6184, #3925 ) ;
#462 = DIRECTION ( 'NONE',  ( 1.000000000000000000, 0.000000000000000000, 0.000000000000000000 ) ) ;
#463 = DIRECTION ( 'NONE',  ( 0.000000000000000000, 0.000000000000000000, -1.000000000000000000 ) ) ;
#464 = LINE ( 'NONE', #1601, #1756 ) ;
#465 = FACE_OUTER_BOUND ( 'NONE', #437, .T. ) ;
#466 = VERTEX_POINT ( 'NONE', #5863 ) ;
#467 = ORIENTED_EDGE ( 'NONE', *, *, #5007, .T. ) ;
#468 = EDGE_CURVE ( 'NONE', #1612, #1200, #9397, .T. ) ;
#469 = DIRECTION ( 'NONE',  ( -0.000000000000000000, -0.000000000000000000, -1.000000000000000000 ) ) ;
#470 = ORIENTED_EDGE ( 'NONE', *, *, #3850, .T. ) ;
#471 = FILL_AREA_STYLE_COLOUR ( '', #9464 ) ;
#472 = VECTOR ( 'NONE', #1327, 1000.000000000000000 ) ;
#473 = VERTEX_POINT ( 'NONE', #1447 ) ;
#474 = DIRECTION ( 'NONE',  ( -0.000000000000000000, -0.000000000000000000, -1.000000000000000000 ) ) ;
#475 = ADVANCED_FACE ( 'NONE', ( #3524 ), #8595, .F. ) ;
#476 = CYLINDRICAL_SURFACE ( 'NONE', #419, 3.000000000000006217 ) ;
#477 = CIRCLE ( 'NONE', #5219, 3.000000000000002665 ) ;
#478 = EDGE_LOOP ( 'NONE', ( #7088, #2605 ) ) ;
#479 = ORIENTED_EDGE ( 'NONE', *, *, #3298, .T. ) ;
#480 = AXIS2_PLACEMENT_3D ( 'NONE', #2351, #2406, #8989 ) ;
#481 = CARTESIAN_POINT ( 'NONE',  ( 248.0944918928738048, 730.0000000000000000, 21.50000000000000000 ) ) ;
#482 = VERTEX_POINT ( 'NONE', #6647 ) ;
#483 = LINE ( 'NONE', #8271, #7888 ) ;
#484 = DIRECTION ( 'NONE',  ( -1.000000000000000000, 0.000000000000000000, 0.000000000000000000 ) ) ;
#485 = AXIS2_PLACEMENT_3D ( 'NONE', #6299, #4850, #5590 ) ;
#486 = PLANE ( 'NONE',  #5516 ) ;
#487 = ADVANCED_FACE ( 'NONE', ( #8817 ), #3292, .F. ) ;
#488 = FACE_OUTER_BOUND ( 'NONE', #8029, .T. ) ;
#489 = ORIENTED_EDGE ( 'NONE', *, *, #4387, .F. ) ;
#490 = FACE_OUTER_BOUND ( 'NONE', #1997, .T. ) ;
#491 = ORIENTED_EDGE ( 'NONE', *, *, #7263, .T. ) ;
#492 = LINE ( 'NONE', #7260, #7778 ) ;
#493 = EDGE_CURVE ( 'NONE', #6296, #265, #5024, .T. ) ;
#494 = CARTESIAN_POINT ( 'NONE',  ( 84.99999999999994316, 730.0000000000000000, 13.11177352665370321 ) ) ;
#495 =( REPRESENTATION_RELATIONSHIP ('NONE','NONE', #3659, #634 ) REPRESENTATION_RELATIONSHIP_WITH_TRANSFORMATION ( #7285 )SHAPE_REPRESENTATION_RELATIONSHIP( ) );
#496 = ORIENTED_EDGE ( 'NONE', *, *, #6117, .T. ) ;
#497 = CIRCLE ( 'NONE', #4725, 3.000000000000002665 ) ;
#498 = ORIENTED_EDGE ( 'NONE', *, *, #790, .F. ) ;
#499 = ORIENTED_EDGE ( 'NONE', *, *, #2291, .F. ) ;
#500 = VERTEX_POINT ( 'NONE', #4447 ) ;
#501 = FACE_OUTER_BOUND ( 'NONE', #4905, .T. ) ;
#502 = DIRECTION ( 'NONE',  ( -1.000000000000000000, 0.000000000000000000, 0.000000000000000000 ) ) ;
#503 = DIRECTION ( 'NONE',  ( -1.000000000000000000, 0.000000000000000000, 0.000000000000000000 ) ) ;
#504 = CARTESIAN_POINT ( 'NONE',  ( 752.5000000000000000, 67.50000000000000000, 0.000000000000000000 ) ) ;
#505 = DIRECTION ( 'NONE',  ( 0.000000000000000000, 0.000000000000000000, -1.000000000000000000 ) ) ;
#506 = EDGE_LOOP ( 'NONE', ( #5027, #6989, #7322, #6751 ) ) ;
#507 = AXIS2_PLACEMENT_3D ( 'NONE', #8970, #154, #1674 ) ;
#508 = VECTOR ( 'NONE', #1267, 1000.000000000000000 ) ;
#509 = EDGE_LOOP ( 'NONE', ( #5543, #2745 ) ) ;
#510 = ORIENTED_EDGE ( 'NONE', *, *, #1377, .F. ) ;
#511 = ORIENTED_EDGE ( 'NONE', *, *, #5862, .T. ) ;
#512 = AXIS2_PLACEMENT_3D ( 'NONE', #9284, #1086, #6347 ) ;
#513 = ORIENTED_EDGE ( 'NONE', *, *, #365, .F. ) ;
#514 = FILL_AREA_STYLE_COLOUR ( '', #3274 ) ;
#515 = DIRECTION ( 'NONE',  ( -0.000000000000000000, -0.000000000000000000, -1.000000000000000000 ) ) ;
#516 = ORIENTED_EDGE ( 'NONE', *, *, #560, .T. ) ;
#517 = VERTEX_POINT ( 'NONE', #5179 ) ;
#518 = DIRECTION ( 'NONE',  ( 1.000000000000000000, 0.000000000000000000, 0.000000000000000000 ) ) ;
#519 = DIRECTION ( 'NONE',  ( -0.000000000000000000, -0.000000000000000000, -1.000000000000000000 ) ) ;
#520 = DIRECTION ( 'NONE',  ( 0.000000000000000000, -0.000000000000000000, 1.000000000000000000 ) ) ;
#521 = EDGE_CURVE ( 'NONE', #3454, #9246, #2461, .T. ) ;
#522 = ADVANCED_FACE ( 'NONE', ( #4443 ), #9150, .F. ) ;
#523 = EDGE_LOOP ( 'NONE', ( #6315, #6767, #2567, #4421 ) ) ;
#524 = AXIS2_PLACEMENT_3D ( 'NONE', #6496, #505, #7223 ) ;
#525 = CARTESIAN_POINT ( 'NONE',  ( 110.0000000000000000, 0.000000000000000000, 30.00000000000000000 ) ) ;
#526 =( REPRESENTATION_RELATIONSHIP ('NONE','NONE', #3659, #3805 ) REPRESENTATION_RELATIONSHIP_WITH_TRANSFORMATION ( #541 )SHAPE_REPRESENTATION_RELATIONSHIP( ) );
#527 = CARTESIAN_POINT ( 'NONE',  ( 753.0000000000000000, 177.4999999999999716, 0.000000000000000000 ) ) ;
#528 = DIRECTION ( 'NONE',  ( -1.000000000000000000, 0.000000000000000000, -0.000000000000000000 ) ) ;
#529 = CARTESIAN_POINT ( 'NONE',  ( 59.99999999999998579, 70.00000000000000000, 11.99999999999999822 ) ) ;
#530 = CARTESIAN_POINT ( 'NONE',  ( 84.99999999999992895, 730.0000000000000000, 0.000000000000000000 ) ) ;
#531 = ADVANCED_FACE ( 'NONE', ( #243 ), #5252, .F. ) ;
#532 = AXIS2_PLACEMENT_3D ( 'NONE', #5377, #8275, #995 ) ;
#533 = PRODUCT_DEFINITION ( 'UNKNOWN', '', #6252, #9067 ) ;
#534 = EDGE_CURVE ( 'NONE', #302, #3689, #6642, .T. ) ;
#535 = EDGE_CURVE ( 'NONE', #8362, #6727, #5247, .T. ) ;
#536 = DIRECTION ( 'NONE',  ( -0.000000000000000000, -0.000000000000000000, 1.000000000000000000 ) ) ;
#537 = CIRCLE ( 'NONE', #7006, 2.500000000000002220 ) ;
#538 = CARTESIAN_POINT ( 'NONE',  ( -666.5000000000002274, 80.00000000000000000, -9.000000000000000000 ) ) ;
#539 = DIRECTION ( 'NONE',  ( -0.000000000000000000, -0.000000000000000000, -1.000000000000000000 ) ) ;
#540 = EDGE_CURVE ( 'NONE', #8063, #5054, #3421, .T. ) ;
#541 = ITEM_DEFINED_TRANSFORMATION ( 'NONE', 'NONE', #2331,  #6183 ) ;
#542 = DIRECTION ( 'NONE',  ( 1.000000000000000000, 0.000000000000000000, 0.000000000000000000 ) ) ;
#543 = CARTESIAN_POINT ( 'NONE',  ( 25.00000000000000000, 56.00000000000000000, 9.000000000000000000 ) ) ;
#544 = FACE_OUTER_BOUND ( 'NONE', #2141, .T. ) ;
#545 = ORIENTED_EDGE ( 'NONE', *, *, #53, .T. ) ;
#546 = EDGE_CURVE ( 'NONE', #1695, #1697, #1199, .T. ) ;
#547 = ORIENTED_EDGE ( 'NONE', *, *, #8391, .F. ) ;
#548 = CARTESIAN_POINT ( 'NONE',  ( 1500.000000000000000, 0.000000000000000000, 18.00000000000000000 ) ) ;
#549 = DIRECTION ( 'NONE',  ( 1.000000000000000000, 0.000000000000000000, 0.000000000000000000 ) ) ;
#550 = CARTESIAN_POINT ( 'NONE',  ( 0.000000000000000000, 0.000000000000000000, 15.00000000000000000 ) ) ;
#551 = CIRCLE ( 'NONE', #1923, 6.000000000000227374 ) ;
#552 = CIRCLE ( 'NONE', #1225, 2.999999999999993783 ) ;
#553 = EDGE_LOOP ( 'NONE', ( #107, #6548, #4389, #4639 ) ) ;
#554 = CARTESIAN_POINT ( 'NONE',  ( 276.0000000000001137, 627.5000000000001137, 18.00000000000000000 ) ) ;
#555 = ORIENTED_EDGE ( 'NONE', *, *, #1569, .F. ) ;
#556 = AXIS2_PLACEMENT_3D ( 'NONE', #3360, #7807, #4138 ) ;
#557 = PLANE ( 'NONE',  #7920 ) ;
#558 = FACE_OUTER_BOUND ( 'NONE', #8470, .T. ) ;
#559 = DIRECTION ( 'NONE',  ( 1.000000000000000000, 0.000000000000000000, 0.000000000000000000 ) ) ;
#560 = EDGE_CURVE ( 'NONE', #7835, #9340, #4919, .T. ) ;
#561 = CARTESIAN_POINT ( 'NONE',  ( 752.5000000000000000, 35.49999999999997868, 0.000000000000000000 ) ) ;
#562 = DIRECTION ( 'NONE',  ( 1.000000000000000000, 0.000000000000000000, 0.000000000000000000 ) ) ;
#563 = DIRECTION ( 'NONE',  ( 1.000000000000000000, 0.000000000000000000, 0.000000000000000000 ) ) ;
#564 = ADVANCED_FACE ( 'NONE', ( #8698 ), #6353, .F. ) ;
#565 = CYLINDRICAL_SURFACE ( 'NONE', #3543, 4.000000000000017764 ) ;
#566 = CIRCLE ( 'NONE', #1468, 4.000000000000017764 ) ;
#567 = ORIENTED_EDGE ( 'NONE', *, *, #7373, .F. ) ;
#568 = EDGE_LOOP ( 'NONE', ( #4313, #7062 ) ) ;
#569 = CYLINDRICAL_SURFACE ( 'NONE', #899, 3.000000000000000000 ) ;
#570 = CARTESIAN_POINT ( 'NONE',  ( 1192.000000000000000, 627.5000000000001137, 0.000000000000000000 ) ) ;
#571 = AXIS2_PLACEMENT_3D ( 'NONE', #5911, #697, #3005 ) ;
#572 =( BOUNDED_CURVE ( )  B_SPLINE_CURVE ( 3, ( #4672, #203, #5351, #3250 ),
 .UNSPECIFIED., .F., .F. ) 
 B_SPLINE_CURVE_WITH_KNOTS ( ( 4, 4 ),
 ( 0.000000000000000000, 0.3754236079810403526 ),
 .UNSPECIFIED. ) 
 CURVE ( )  GEOMETRIC_REPRESENTATION_ITEM ( )  RATIONAL_B_SPLINE_CURVE ( ( 1.000000000000000000, 0.9882892067347445186, 0.9882892067347445186, 1.000000000000000000 ) ) 
 REPRESENTATION_ITEM ( '' )  );
#573 = DIRECTION ( 'NONE',  ( 1.000000000000000000, 0.000000000000000000, 0.000000000000000000 ) ) ;
#574 = DIRECTION ( 'NONE',  ( 1.000000000000000000, 0.000000000000000000, 0.000000000000000000 ) ) ;
#575 = CYLINDRICAL_SURFACE ( 'NONE', #3422, 2.499999999999946709 ) ;
#576 = DIRECTION ( 'NONE',  ( 0.000000000000000000, 0.000000000000000000, -1.000000000000000000 ) ) ;
#577 = EDGE_CURVE ( 'NONE', #9507, #1525, #6165, .T. ) ;
#578 = CIRCLE ( 'NONE', #7181, 2.999999999999891642 ) ;
#579 = ORIENTED_EDGE ( 'NONE', *, *, #7910, .T. ) ;
#580 = EDGE_LOOP ( 'NONE', ( #7957, #3741 ) ) ;
#581 = ORIENTED_EDGE ( 'NONE', *, *, #6389, .T. ) ;
#582 = ADVANCED_FACE ( 'NONE', ( #1320 ), #9317, .T. ) ;
#583 = FACE_OUTER_BOUND ( 'NONE', #3935, .T. ) ;
#584 = ORIENTED_EDGE ( 'NONE', *, *, #8591, .F. ) ;
#585 = PLANE ( 'NONE',  #2918 ) ;
#586 = CARTESIAN_POINT ( 'NONE',  ( 208.5000000000001421, 20.00000000000000000, -9.000000000000000000 ) ) ;
#587 = LINE ( 'NONE', #3599, #3 ) ;
#588 = CARTESIAN_POINT ( 'NONE',  ( 67.00000000000015632, 177.4999999999999716, 0.000000000000000000 ) ) ;
#589 = ORIENTED_EDGE ( 'NONE', *, *, #6220, .F. ) ;
#590 = ORIENTED_EDGE ( 'NONE', *, *, #3985, .F. ) ;
#591 = DIRECTION ( 'NONE',  ( 0.000000000000000000, 1.000000000000000000, 0.000000000000000000 ) ) ;
#592 = CARTESIAN_POINT ( 'NONE',  ( 0.000000000000000000, 0.000000000000000000, 18.00000000000000000 ) ) ;
#593 = VERTEX_POINT ( 'NONE', #5545 ) ;
#594 = FACE_OUTER_BOUND ( 'NONE', #4525, .T. ) ;
#595 = AXIS2_PLACEMENT_3D ( 'NONE', #5985, #3788, #4516 ) ;
#596 = AXIS2_PLACEMENT_3D ( 'NONE', #7403, #8941, #8125 ) ;
#597 = EDGE_CURVE ( 'NONE', #7467, #9281, #8453, .T. ) ;
#598 = CARTESIAN_POINT ( 'NONE',  ( 421.0000000000000568, 55.00000000000000000, 11.99999999999999289 ) ) ;
#599 = EDGE_CURVE ( 'NONE', #9459, #2008, #6406, .T. ) ;
#600 = DIRECTION ( 'NONE',  ( 0.000000000000000000, 0.000000000000000000, 1.000000000000000000 ) ) ;
#601 = CARTESIAN_POINT ( 'NONE',  ( -6.245698675651501391E-14, 18.00000000000000000, -170.0000000000000000 ) ) ;
#602 = FACE_OUTER_BOUND ( 'NONE', #6906, .T. ) ;
#603 = DIRECTION ( 'NONE',  ( 1.000000000000000000, 0.000000000000000000, 0.000000000000000000 ) ) ;
#604 = ORIENTED_EDGE ( 'NONE', *, *, #4645, .F. ) ;
#605 = ORIENTED_EDGE ( 'NONE', *, *, #2231, .F. ) ;
#606 = ORIENTED_EDGE ( 'NONE', *, *, #8324, .F. ) ;
#607 = DIRECTION ( 'NONE',  ( 0.000000000000000000, 1.000000000000000000, 0.000000000000000000 ) ) ;
#608 = LINE ( 'NONE', #2687, #1073 ) ;
#609 = EDGE_CURVE ( 'NONE', #2816, #4448, #2235, .T. ) ;
#610 = AXIS2_PLACEMENT_3D ( 'NONE', #1362, #2107, #8770 ) ;
#611 = DIRECTION ( 'NONE',  ( 0.000000000000000000, 0.000000000000000000, 1.000000000000000000 ) ) ;
#612 = EDGE_LOOP ( 'NONE', ( #7126, #2963, #1071, #8465 ) ) ;
#613 = LINE ( 'NONE', #8143, #4332 ) ;
#614 = EDGE_LOOP ( 'NONE', ( #9502, #1499, #9494, #2145, #6464 ) ) ;
#615 = ORIENTED_EDGE ( 'NONE', *, *, #1972, .F. ) ;
#616 = ORIENTED_EDGE ( 'NONE', *, *, #5958, .F. ) ;
#617 = ORIENTED_EDGE ( 'NONE', *, *, #4545, .F. ) ;
#618 = CYLINDRICAL_SURFACE ( 'NONE', #2947, 3.000000000000002665 ) ;
#619 = CARTESIAN_POINT ( 'NONE',  ( -170.0000000000000000, 55.00000000000000000, 0.000000000000000000 ) ) ;
#620 = EDGE_CURVE ( 'NONE', #6662, #72, #5475, .T. ) ;
#621 = ORIENTED_EDGE ( 'NONE', *, *, #6199, .F. ) ;
#622 = DIRECTION ( 'NONE',  ( -0.000000000000000000, -0.000000000000000000, -1.000000000000000000 ) ) ;
#623 = CYLINDRICAL_SURFACE ( 'NONE', #2801, 3.000000000000002665 ) ;
#624 = ORIENTED_EDGE ( 'NONE', *, *, #5261, .F. ) ;
#625 = ORIENTED_EDGE ( 'NONE', *, *, #1867, .T. ) ;
#626 = ADVANCED_FACE ( 'NONE', ( #4671 ), #5940, .F. ) ;
#627 = CARTESIAN_POINT ( 'NONE',  ( 70.00000000000015632, 517.5000000000001137, 18.00000000000000000 ) ) ;
#628 = ORIENTED_EDGE ( 'NONE', *, *, #8496, .F. ) ;
#629 = CYLINDRICAL_SURFACE ( 'NONE', #998, 6.000000000000032863 ) ;
#630 = AXIS2_PLACEMENT_3D ( 'NONE', #6008, #8274, #5337 ) ;
#631 = CARTESIAN_POINT ( 'NONE',  ( 0.000000000000000000, 56.00000000000000000, -9.000000000000000000 ) ) ;
#632 = DIRECTION ( 'NONE',  ( 1.000000000000000000, 0.000000000000000000, 0.000000000000000000 ) ) ;
#633 = DIRECTION ( 'NONE',  ( -1.000000000000000000, 0.000000000000000000, 0.000000000000000000 ) ) ;
#634 = SHAPE_REPRESENTATION ( 'A005572-TAPASXXXTAPA', ( #6183 ), #3845 ) ;
#635 = EDGE_LOOP ( 'NONE', ( #9047, #223 ) ) ;
#636 = DIRECTION ( 'NONE',  ( 1.000000000000000000, 0.000000000000000000, 0.000000000000000000 ) ) ;
#637 = CARTESIAN_POINT ( 'NONE',  ( 500.0000000000000000, 347.5000000000000000, 18.00000000000000000 ) ) ;
#638 = EDGE_LOOP ( 'NONE', ( #235, #4018 ) ) ;
#639 = DIRECTION ( 'NONE',  ( 0.000000000000000000, 0.000000000000000000, 1.000000000000000000 ) ) ;
#640 =( NAMED_UNIT ( * ) SI_UNIT ( $, .STERADIAN. ) SOLID_ANGLE_UNIT ( ) );
#641 = ADVANCED_FACE ( 'NONE', ( #8342 ), #3752, .F. ) ;
#642 = DIRECTION ( 'NONE',  ( 0.000000000000000000, 0.000000000000000000, 1.000000000000000000 ) ) ;
#643 = CARTESIAN_POINT ( 'NONE',  ( 180.0000000000001705, 627.4999999999998863, 18.00000000000000000 ) ) ;
#644 = AXIS2_PLACEMENT_3D ( 'NONE', #5183, #6583, #8878 ) ;
#645 = AXIS2_PLACEMENT_3D ( 'NONE', #4820, #3402, #3363 ) ;
#646 = ORIENTED_EDGE ( 'NONE', *, *, #4955, .F. ) ;
#647 = VERTEX_POINT ( 'NONE', #4143 ) ;
#648 = CARTESIAN_POINT ( 'NONE',  ( 750.0000000000000000, 67.50000000000000000, 18.00000000000000000 ) ) ;
#649 = CARTESIAN_POINT ( 'NONE',  ( 1000.000000000000000, 212.4999999999999716, 18.00000000000000000 ) ) ;
#650 = DIRECTION ( 'NONE',  ( -0.7071067811865439090, 0.7071067811865512365, -0.000000000000000000 ) ) ;
#651 = CARTESIAN_POINT ( 'NONE',  ( -248.4999999999996589, 80.00000000000000000, -9.000000000000000000 ) ) ;
#652 = AXIS2_PLACEMENT_3D ( 'NONE', #9278, #4843, #1243 ) ;
#653 = AXIS2_PLACEMENT_3D ( 'NONE', #1184, #6428, #7117 ) ;
#654 = DIRECTION ( 'NONE',  ( 1.000000000000000000, 0.000000000000000000, 0.000000000000000000 ) ) ;
#655 = CARTESIAN_POINT ( 'NONE',  ( 70.00000000000015632, 517.5000000000001137, 18.00000000000000000 ) ) ;
#656 = PRODUCT_DEFINITION_CONTEXT ( 'detailed design', #9288, 'design' ) ;
#657 = DIRECTION ( 'NONE',  ( 0.9852062716166839484, -0.1713727001804919992, 0.000000000000000000 ) ) ;
#658 = DIRECTION ( 'NONE',  ( 0.000000000000000000, 1.000000000000000000, 0.000000000000000000 ) ) ;
#659 = DIRECTION ( 'NONE',  ( -0.000000000000000000, -0.000000000000000000, 1.000000000000000000 ) ) ;
#660 = DIRECTION ( 'NONE',  ( 1.000000000000000000, 0.000000000000000000, 0.000000000000000000 ) ) ;
#661 = AXIS2_PLACEMENT_3D ( 'NONE', #9514, #6563, #2974 ) ;
#662 = EDGE_CURVE ( 'NONE', #3549, #7518, #2016, .T. ) ;
#663 = CARTESIAN_POINT ( 'NONE',  ( 183.0000000000000568, 67.50000000000000000, 18.00000000000000000 ) ) ;
#664 = CYLINDRICAL_SURFACE ( 'NONE', #4404, 3.000000000000001332 ) ;
#665 = CYLINDRICAL_SURFACE ( 'NONE', #3042, 2.500000000000002220 ) ;
#666 = EDGE_LOOP ( 'NONE', ( #3694, #2472, #9178, #8987, #255 ) ) ;
#667 = ADVANCED_FACE ( 'NONE', ( #9037 ), #15, .F. ) ;
#668 = AXIS2_PLACEMENT_3D ( 'NONE', #7763, #2563, #7067 ) ;
#669 = ITEM_DEFINED_TRANSFORMATION ( 'NONE', 'NONE', #1364,  #6183 ) ;
#670 = VECTOR ( 'NONE', #6400, 1000.000000000000000 ) ;
#671 = ORIENTED_EDGE ( 'NONE', *, *, #4053, .T. ) ;
#672 = CARTESIAN_POINT ( 'NONE',  ( 67.00000000000014211, 389.5000000000000568, 18.00000000000000000 ) ) ;
#673 = ORIENTED_EDGE ( 'NONE', *, *, #9181, .F. ) ;
#674 = EDGE_CURVE ( 'NONE', #7733, #5285, #1441, .T. ) ;
#675 = DIRECTION ( 'NONE',  ( -0.7071067811865517916, 0.7071067811865433539, -0.000000000000000000 ) ) ;
#676 = ADVANCED_FACE ( 'NONE', ( #4214 ), #3981, .F. ) ;
#677 = DIRECTION ( 'NONE',  ( 0.000000000000000000, 0.000000000000000000, 1.000000000000000000 ) ) ;
#678 = FACE_BOUND ( 'NONE', #5687, .T. ) ;
#679 = FACE_OUTER_BOUND ( 'NONE', #8880, .T. ) ;
#680 = ORIENTED_EDGE ( 'NONE', *, *, #8851, .F. ) ;
#681 = EDGE_LOOP ( 'NONE', ( #8468, #7787, #5509, #3157 ) ) ;
#682 = CARTESIAN_POINT ( 'NONE',  ( -42.00000000000000711, 55.00000000000000000, 0.000000000000000000 ) ) ;
#683 = CARTESIAN_POINT ( 'NONE',  ( 1319.999999999999773, 67.50000000000000000, 0.000000000000000000 ) ) ;
#684 = COLOUR_RGB ( '',1.000000000000000000, 1.000000000000000000, 1.000000000000000000 ) ;
#685 = VECTOR ( 'NONE', #1828, 1000.000000000000000 ) ;
#686 = CARTESIAN_POINT ( 'NONE',  ( 311.0000000000001705, 67.49999999999997158, 18.00000000000000000 ) ) ;
#687 = AXIS2_PLACEMENT_3D ( 'NONE', #8927, #3040, #8166 ) ;
#688 = FACE_BOUND ( 'NONE', #8492, .T. ) ;
#689 = LINE ( 'NONE', #1609, #6132 ) ;
#690 = EDGE_LOOP ( 'NONE', ( #242, #7123 ) ) ;
#691 = DIRECTION ( 'NONE',  ( 1.000000000000000000, 0.000000000000000000, 0.000000000000000000 ) ) ;
#692 = EDGE_CURVE ( 'NONE', #4571, #2017, #6977, .T. ) ;
#693 = ORIENTED_EDGE ( 'NONE', *, *, #3222, .T. ) ;
#694 = VECTOR ( 'NONE', #1029, 1000.000000000000000 ) ;
#695 = CARTESIAN_POINT ( 'NONE',  ( 752.5000000000000000, 659.5000000000000000, 18.00000000000000000 ) ) ;
#696 = DIRECTION ( 'NONE',  ( 0.000000000000000000, 0.000000000000000000, 1.000000000000000000 ) ) ;
#697 = DIRECTION ( 'NONE',  ( 1.000000000000000000, 0.000000000000000000, 0.000000000000000000 ) ) ;
#698 = UNCERTAINTY_MEASURE_WITH_UNIT (LENGTH_MEASURE( 1.000000000000000082E-05 ), #1170, 'distance_accuracy_value', 'NONE');
#699 = CIRCLE ( 'NONE', #459, 4.000000000000003553 ) ;
#700 = CIRCLE ( 'NONE', #5188, 4.000000000000003553 ) ;
#701 = CIRCLE ( 'NONE', #5786, 2.499999999999946709 ) ;
#702 = ORIENTED_EDGE ( 'NONE', *, *, #6693, .F. ) ;
#703 = ORIENTED_EDGE ( 'NONE', *, *, #9007, .F. ) ;
#704 = DIRECTION ( 'NONE',  ( 1.000000000000000000, 0.000000000000000000, 0.000000000000000000 ) ) ;
#705 = VERTEX_POINT ( 'NONE', #9422 ) ;
#706 = DIRECTION ( 'NONE',  ( 1.000000000000000000, 0.000000000000000000, 0.000000000000000000 ) ) ;
#707 = VECTOR ( 'NONE', #5101, 1000.000000000000000 ) ;
#708 = ORIENTED_EDGE ( 'NONE', *, *, #7517, .T. ) ;
#709 = DIRECTION ( 'NONE',  ( 0.000000000000000000, 0.000000000000000000, 1.000000000000000000 ) ) ;
#710 = CARTESIAN_POINT ( 'NONE',  ( 1322.499999999999773, 35.49999999999997868, 18.00000000000000000 ) ) ;
#711 = EDGE_CURVE ( 'NONE', #1622, #797, #1070, .T. ) ;
#712 = DIRECTION ( 'NONE',  ( -0.000000000000000000, -1.000000000000000000, -0.000000000000000000 ) ) ;
#713 = FACE_OUTER_BOUND ( 'NONE', #5737, .T. ) ;
#714 = AXIS2_PLACEMENT_3D ( 'NONE', #6794, #4494, #4564 ) ;
#715 = CIRCLE ( 'NONE', #3571, 2.999999999999995559 ) ;
#716 = ORIENTED_EDGE ( 'NONE', *, *, #3847, .F. ) ;
#717 = EDGE_LOOP ( 'NONE', ( #1136, #148 ) ) ;
#718 = ORIENTED_EDGE ( 'NONE', *, *, #8094, .T. ) ;
#719 = DIRECTION ( 'NONE',  ( 0.000000000000000000, 0.000000000000000000, 1.000000000000000000 ) ) ;
#720 = LINE ( 'NONE', #5146, #5131 ) ;
#721 = DIRECTION ( 'NONE',  ( -0.000000000000000000, 1.000000000000000000, -0.000000000000000000 ) ) ;
#722 = CARTESIAN_POINT ( 'NONE',  ( 204.5000000000001137, 20.00000000000000000, -9.000000000000000000 ) ) ;
#723 = DIRECTION ( 'NONE',  ( 0.000000000000000000, 0.000000000000000000, 1.000000000000000000 ) ) ;
#724 = CARTESIAN_POINT ( 'NONE',  ( 180.0000000000001137, 659.5000000000000000, 18.00000000000000000 ) ) ;
#725 = CIRCLE ( 'NONE', #4294, 3.000000000000001332 ) ;
#726 = ORIENTED_EDGE ( 'NONE', *, *, #2852, .T. ) ;
#727 = VECTOR ( 'NONE', #712, 1000.000000000000000 ) ;
#728 = AXIS2_PLACEMENT_3D ( 'NONE', #8382, #4724, #4799 ) ;
#729 = PRODUCT_DEFINITION_SHAPE ( 'NONE', 'NONE',  #9589 ) ;
#730 = AXIS2_PLACEMENT_3D ( 'NONE', #427, #6330, #8582 ) ;
#731 = EDGE_LOOP ( 'NONE', ( #8724, #4437, #1352, #9573 ) ) ;
#732 = EDGE_CURVE ( 'NONE', #7532, #5485, #3055, .T. ) ;
#733 = VECTOR ( 'NONE', #2052, 1000.000000000000000 ) ;
#734 = DIRECTION ( 'NONE',  ( -1.000000000000000000, 0.000000000000000000, 0.000000000000000000 ) ) ;
#735 = EDGE_CURVE ( 'NONE', #4871, #8526, #7225, .T. ) ;
#736 = CARTESIAN_POINT ( 'NONE',  ( 750.0000000000000000, 35.49999999999997868, 0.000000000000000000 ) ) ;
#737 = ADVANCED_FACE ( 'NONE', ( #1549, #4785, #838 ), #1251, .F. ) ;
#738 = DIRECTION ( 'NONE',  ( 0.000000000000000000, 0.000000000000000000, 1.000000000000000000 ) ) ;
#739 = ORIENTED_EDGE ( 'NONE', *, *, #1324, .F. ) ;
#740 = CARTESIAN_POINT ( 'NONE',  ( 0.000000000000000000, 110.0000000000000000, 30.00000000000000000 ) ) ;
#741 = LINE ( 'NONE', #7358, #4450 ) ;
#742 = VERTEX_POINT ( 'NONE', #3469 ) ;
#743 = EDGE_LOOP ( 'NONE', ( #7738, #3773, #621, #9291 ) ) ;
#744 = ORIENTED_EDGE ( 'NONE', *, *, #4258, .F. ) ;
#745 = FACE_OUTER_BOUND ( 'NONE', #252, .T. ) ;
#746 = EDGE_CURVE ( 'NONE', #6898, #5161, #7492, .T. ) ;
#747 = AXIS2_PLACEMENT_3D ( 'NONE', #643, #738, #8861 ) ;
#748 = CARTESIAN_POINT ( 'NONE',  ( 3.673940397442048035E-16, 18.00000000000000000, 173.0000000000000284 ) ) ;
#749 = CARTESIAN_POINT ( 'NONE',  ( 50.00000000000000000, 647.5000000000000000, 18.00000000000000000 ) ) ;
#750 = DIRECTION ( 'NONE',  ( -1.000000000000000000, 0.000000000000000000, 0.000000000000000000 ) ) ;
#751 = FACE_BOUND ( 'NONE', #127, .T. ) ;
#752 = VERTEX_POINT ( 'NONE', #3568 ) ;
#753 = EDGE_LOOP ( 'NONE', ( #1659, #1572, #2214, #6190 ) ) ;
#754 = DIRECTION ( 'NONE',  ( 0.000000000000000000, 0.000000000000000000, -1.000000000000000000 ) ) ;
#755 = VERTEX_POINT ( 'NONE', #6525 ) ;
#756 = EDGE_CURVE ( 'NONE', #3993, #9433, #1522, .T. ) ;
#757 = ORIENTED_EDGE ( 'NONE', *, *, #915, .F. ) ;
#758 = CARTESIAN_POINT ( 'NONE',  ( 40.00000000000000000, 50.00000000000000000, 11.99999999999998757 ) ) ;
#759 = ORIENTED_EDGE ( 'NONE', *, *, #1621, .T. ) ;
#760 = ORIENTED_EDGE ( 'NONE', *, *, #7647, .F. ) ;
#761 = AXIS2_PLACEMENT_3D ( 'NONE', #4094, #1931, #9227 ) ;
#762 = DIRECTION ( 'NONE',  ( 1.000000000000000000, 0.000000000000000000, 0.000000000000000000 ) ) ;
#763 = DIRECTION ( 'NONE',  ( 0.000000000000000000, 0.000000000000000000, -1.000000000000000000 ) ) ;
#764 = EDGE_CURVE ( 'NONE', #1542, #2685, #1753, .T. ) ;
#765 = CARTESIAN_POINT ( 'NONE',  ( 106.9999999999999005, 690.0000000000000000, 15.49999999999999112 ) ) ;
#766 = ORIENTED_EDGE ( 'NONE', *, *, #1244, .F. ) ;
#767 = CARTESIAN_POINT ( 'NONE',  ( 170.0000000000000000, 55.00000000000000000, 0.000000000000000000 ) ) ;
#768 = AXIS2_PLACEMENT_3D ( 'NONE', #5527, #4859, #6230 ) ;
#769 = CARTESIAN_POINT ( 'NONE',  ( 0.000000000000000000, 65.00000000000000000, 30.00000000000000000 ) ) ;
#770 = ADVANCED_FACE ( 'NONE', ( #1410 ), #7319, .F. ) ;
#771 = DIRECTION ( 'NONE',  ( -1.000000000000000000, 0.000000000000000000, 0.000000000000000000 ) ) ;
#772 = CARTESIAN_POINT ( 'NONE',  ( 112.5685424949242019, 590.9314575050765370, 11.99999999999999822 ) ) ;
#773 = CARTESIAN_POINT ( 'NONE',  ( 45.00000000000014921, 110.0000000000000000, 30.00000000000000000 ) ) ;
#774 = DIRECTION ( 'NONE',  ( -1.000000000000000000, -0.000000000000000000, -0.000000000000000000 ) ) ;
#775 = ADVANCED_FACE ( 'NONE', ( #8791 ), #6033, .F. ) ;
#776 = VECTOR ( 'NONE', #7668, 1000.000000000000000 ) ;
#777 = AXIS2_PLACEMENT_3D ( 'NONE', #1991, #7890, #3491 ) ;
#778 = AXIS2_PLACEMENT_3D ( 'NONE', #6445, #2697, #2653 ) ;
#779 = EDGE_CURVE ( 'NONE', #482, #8853, #9368, .T. ) ;
#780 = CARTESIAN_POINT ( 'NONE',  ( 135.0000000000000000, 24.00000000000000000, -9.000000000000000000 ) ) ;
#781 = DIRECTION ( 'NONE',  ( -0.000000000000000000, -0.000000000000000000, -1.000000000000000000 ) ) ;
#782 = CONTEXT_DEPENDENT_SHAPE_REPRESENTATION ( #3569, #3219 ) ;
#783 = EDGE_CURVE ( 'NONE', #1444, #390, #7172, .T. ) ;
#784 = CYLINDRICAL_SURFACE ( 'NONE', #5143, 2.499999999999946709 ) ;
#785 = ORIENTED_EDGE ( 'NONE', *, *, #1682, .F. ) ;
#786 = CARTESIAN_POINT ( 'NONE',  ( 1423.129942314910977, 74.37005768508863923, 11.99999999999999822 ) ) ;
#787 = ORIENTED_EDGE ( 'NONE', *, *, #870, .T. ) ;
#788 = CARTESIAN_POINT ( 'NONE',  ( 248.0944918928738048, 725.0000000000000000, 6.123233995736914194E-16 ) ) ;
#789 = DIRECTION ( 'NONE',  ( -0.000000000000000000, -0.000000000000000000, -1.000000000000000000 ) ) ;
#790 = EDGE_CURVE ( 'NONE', #6006, #4871, #5343, .T. ) ;
#791 = CARTESIAN_POINT ( 'NONE',  ( 170.0000000000000000, 55.00000000000000000, 0.000000000000000000 ) ) ;
#792 = AXIS2_PLACEMENT_3D ( 'NONE', #8114, #5817, #5909 ) ;
#793 = DIRECTION ( 'NONE',  ( -1.000000000000000000, 0.000000000000000000, 0.000000000000000000 ) ) ;
#794 = SURFACE_STYLE_USAGE ( .BOTH. , #6080 ) ;
#795 = FACE_BOUND ( 'NONE', #3010, .T. ) ;
#796 = CYLINDRICAL_SURFACE ( 'NONE', #8749, 2.499999999999946709 ) ;
#797 = VERTEX_POINT ( 'NONE', #5133 ) ;
#798 = ORIENTED_EDGE ( 'NONE', *, *, #6032, .T. ) ;
#799 = FACE_BOUND ( 'NONE', #7873, .T. ) ;
#800 = PLANE ( 'NONE',  #6399 ) ;
#801 = DIRECTION ( 'NONE',  ( 0.000000000000000000, 0.000000000000000000, 1.000000000000000000 ) ) ;
#802 = DIRECTION ( 'NONE',  ( -1.000000000000000000, 0.000000000000000000, 0.000000000000000000 ) ) ;
#803 = EDGE_CURVE ( 'NONE', #2693, #4895, #4887, .T. ) ;
#804 = FACE_OUTER_BOUND ( 'NONE', #1651, .T. ) ;
#805 = DIRECTION ( 'NONE',  ( -0.7071067811865435759, -0.7071067811865514585, 0.000000000000000000 ) ) ;
#806 = LINE ( 'NONE', #1058, #7964 ) ;
#807 = VERTEX_POINT ( 'NONE', #2936 ) ;
#808 = EDGE_LOOP ( 'NONE', ( #8064, #2228 ) ) ;
#809 = LINE ( 'NONE', #6771, #8424 ) ;
#810 = CARTESIAN_POINT ( 'NONE',  ( 1427.499999999999773, 485.5000000000001705, 0.000000000000000000 ) ) ;
#811 = CARTESIAN_POINT ( 'NONE',  ( 163.0944918928738616, -2.168404344971008868E-16, 31.00000000000000000 ) ) ;
#812 = VECTOR ( 'NONE', #7477, 1000.000000000000000 ) ;
#813 = CARTESIAN_POINT ( 'NONE',  ( 248.5000000000001421, 80.00000000000000000, -9.000000000000000000 ) ) ;
#814 = CIRCLE ( 'NONE', #728, 5.999999999999561240 ) ;
#815 = LINE ( 'NONE', #5291, #7309 ) ;
#816 = ORIENTED_EDGE ( 'NONE', *, *, #6562, .T. ) ;
#817 = VERTEX_POINT ( 'NONE', #8068 ) ;
#818 = ORIENTED_EDGE ( 'NONE', *, *, #5074, .F. ) ;
#819 = VECTOR ( 'NONE', #941, 1000.000000000000000 ) ;
#820 = AXIS2_PLACEMENT_3D ( 'NONE', #4610, #8949, #4552 ) ;
#821 = DIRECTION ( 'NONE',  ( -0.000000000000000000, 1.000000000000000000, -0.000000000000000000 ) ) ;
#822 = AXIS2_PLACEMENT_3D ( 'NONE', #882, #6065, #122 ) ;
#823 = DIRECTION ( 'NONE',  ( 0.000000000000000000, 0.000000000000000000, 1.000000000000000000 ) ) ;
#824 = CIRCLE ( 'NONE', #8849, 2.499999999999946709 ) ;
#825 = ADVANCED_FACE ( 'NONE', ( #4188, #3621, #9012 ), #4385, .F. ) ;
#826 = VECTOR ( 'NONE', #9445, 1000.000000000000000 ) ;
#827 = ORIENTED_EDGE ( 'NONE', *, *, #1366, .T. ) ;
#828 = ORIENTED_EDGE ( 'NONE', *, *, #8980, .F. ) ;
#829 = EDGE_LOOP ( 'NONE', ( #7175, #8570 ) ) ;
#830 = DIRECTION ( 'NONE',  ( 0.000000000000000000, 0.000000000000000000, -1.000000000000000000 ) ) ;
#831 = VECTOR ( 'NONE', #8810, 1000.000000000000000 ) ;
#832 = SURFACE_STYLE_USAGE ( .BOTH. , #867 ) ;
#833 = ORIENTED_EDGE ( 'NONE', *, *, #6874, .T. ) ;
#834 = DIRECTION ( 'NONE',  ( 0.000000000000000000, 0.000000000000000000, -1.000000000000000000 ) ) ;
#835 = CARTESIAN_POINT ( 'NONE',  ( 1450.000000000000000, 583.4999999999998863, 18.00000000000000000 ) ) ;
#836 = VECTOR ( 'NONE', #7489, 1000.000000000000000 ) ;
#837 = EDGE_LOOP ( 'NONE', ( #3604, #7215, #8284, #1046 ) ) ;
#838 = FACE_OUTER_BOUND ( 'NONE', #3409, .T. ) ;
#839 = EDGE_LOOP ( 'NONE', ( #7977, #6372, #3661, #190, #8445 ) ) ;
#840 = DIRECTION ( 'NONE',  ( -0.000000000000000000, -0.000000000000000000, 1.000000000000000000 ) ) ;
#841 = LINE ( 'NONE', #9297, #962 ) ;
#842 = CARTESIAN_POINT ( 'NONE',  ( 27.37258300203045636, 661.6421356237308373, 11.99999999999999822 ) ) ;
#843 = AXIS2_PLACEMENT_3D ( 'NONE', #9078, #5461, #956 ) ;
#844 = ORIENTED_EDGE ( 'NONE', *, *, #5944, .F. ) ;
#845 = CIRCLE ( 'NONE', #1704, 3.000000000000000000 ) ;
#846 = EDGE_LOOP ( 'NONE', ( #6224, #2192, #8600, #3323 ) ) ;
#847 = ORIENTED_EDGE ( 'NONE', *, *, #2977, .T. ) ;
#848 = ORIENTED_EDGE ( 'NONE', *, *, #4271, .T. ) ;
#849 = CARTESIAN_POINT ( 'NONE',  ( 35.85786437626901346, 670.1274169979694761, 11.99999999999999822 ) ) ;
#850 = ORIENTED_EDGE ( 'NONE', *, *, #5557, .F. ) ;
#851 = FACE_OUTER_BOUND ( 'NONE', #961, .T. ) ;
#852 = CARTESIAN_POINT ( 'NONE',  ( 175.3632432006102420, 725.0000000000002274, 31.00000000000000000 ) ) ;
#853 = CARTESIAN_POINT ( 'NONE',  ( 1446.000000000000000, 47.49999999999998579, 0.000000000000000000 ) ) ;
#854 = AXIS2_PLACEMENT_3D ( 'NONE', #2045, #9352, #5682 ) ;
#855 = AXIS2_PLACEMENT_3D ( 'NONE', #9079, #9151, #5497 ) ;
#856 = EDGE_LOOP ( 'NONE', ( #8022, #8719, #5939, #2959 ) ) ;
#857 = EDGE_CURVE ( 'NONE', #947, #6517, #699, .T. ) ;
#858 = EDGE_CURVE ( 'NONE', #5165, #8213, #7416, .T. ) ;
#859 = VECTOR ( 'NONE', #1205, 1000.000000000000000 ) ;
#860 = EDGE_LOOP ( 'NONE', ( #5853, #3946, #4302, #5016 ) ) ;
#861 = DIRECTION ( 'NONE',  ( 1.000000000000000000, 0.000000000000000000, 0.000000000000000000 ) ) ;
#862 = ORIENTED_EDGE ( 'NONE', *, *, #3388, .T. ) ;
#863 = CIRCLE ( 'NONE', #3328, 3.000000000000002665 ) ;
#864 = AXIS2_PLACEMENT_3D ( 'NONE', #4206, #1288, #9346 ) ;
#865 = CARTESIAN_POINT ( 'NONE',  ( 190.0750793453590006, 730.0000000000000000, 0.000000000000000000 ) ) ;
#866 = DIRECTION ( 'NONE',  ( -0.000000000000000000, 1.000000000000000000, -0.000000000000000000 ) ) ;
#867 = SURFACE_SIDE_STYLE ('',( #9475 ) ) ;
#868 = ORIENTED_EDGE ( 'NONE', *, *, #8636, .F. ) ;
#869 = EDGE_LOOP ( 'NONE', ( #1430, #8257 ) ) ;
#870 = EDGE_CURVE ( 'NONE', #7134, #1285, #8313, .T. ) ;
#871 = VERTEX_POINT ( 'NONE', #5899 ) ;
#872 = DIRECTION ( 'NONE',  ( -0.000000000000000000, -0.000000000000000000, -1.000000000000000000 ) ) ;
#873 = CARTESIAN_POINT ( 'NONE',  ( 25.00000000000000000, 24.00000000000000000, 12.00000000000000000 ) ) ;
#874 = EDGE_CURVE ( 'NONE', #1873, #5234, #9490, .T. ) ;
#875 = EDGE_LOOP ( 'NONE', ( #7444, #361, #8501, #5766 ) ) ;
#876 = EDGE_LOOP ( 'NONE', ( #3283, #2131, #155, #3556 ) ) ;
#877 = ADVANCED_FACE ( 'NONE', ( #4311 ), #8205, .F. ) ;
#878 = CARTESIAN_POINT ( 'NONE',  ( 99.31714646044805761, 723.2651455472496309, 0.000000000000000000 ) ) ;
#879 = CARTESIAN_POINT ( 'NONE',  ( 503.0000000000000000, 212.4999999999999716, 18.00000000000000000 ) ) ;
#880 = AXIS2_PLACEMENT_3D ( 'NONE', #2220, #5969, #7466 ) ;
#881 = PLANE ( 'NONE',  #5306 ) ;
#882 = CARTESIAN_POINT ( 'NONE',  ( 180.0000000000000568, 67.50000000000000000, 18.00000000000000000 ) ) ;
#883 = DIRECTION ( 'NONE',  ( -0.000000000000000000, -0.000000000000000000, -1.000000000000000000 ) ) ;
#884 = EDGE_CURVE ( 'NONE', #7996, #3782, #6140, .T. ) ;
#885 = DIRECTION ( 'NONE',  ( -0.000000000000000000, -1.000000000000000000, -0.000000000000000000 ) ) ;
#886 = DIRECTION ( 'NONE',  ( 0.000000000000000000, 1.000000000000000000, 0.000000000000000000 ) ) ;
#887 = DIRECTION ( 'NONE',  ( 1.000000000000000000, -0.000000000000000000, -0.000000000000000000 ) ) ;
#888 = SURFACE_SIDE_STYLE ('',( #2083 ) ) ;
#889 = EDGE_CURVE ( 'NONE', #9101, #6110, #5912, .T. ) ;
#890 = AXIS2_PLACEMENT_3D ( 'NONE', #791, #5974, #5275 ) ;
#891 = CARTESIAN_POINT ( 'NONE',  ( 421.0000000000000568, 55.00000000000000000, 6.000000000000004441 ) ) ;
#892 = CARTESIAN_POINT ( 'NONE',  ( 1317.000000000000227, 24.00000000000000000, 5.999999999999998224 ) ) ;
#893 = FACE_OUTER_BOUND ( 'NONE', #8707, .T. ) ;
#894 = ORIENTED_EDGE ( 'NONE', *, *, #1168, .T. ) ;
#895 = CARTESIAN_POINT ( 'NONE',  ( 106.5685424949241593, 590.9314575050765370, 18.00000000000000000 ) ) ;
#896 = ORIENTED_EDGE ( 'NONE', *, *, #1324, .T. ) ;
#897 = SHAPE_DEFINITION_REPRESENTATION ( #4150, #6800 ) ;
#898 = AXIS2_PLACEMENT_3D ( 'NONE', #8756, #5130, #8136 ) ;
#899 = AXIS2_PLACEMENT_3D ( 'NONE', #6798, #1573, #17 ) ;
#900 = EDGE_CURVE ( 'NONE', #6238, #7467, #8084, .T. ) ;
#901 = LINE ( 'NONE', #8590, #6586 ) ;
#902 = ORIENTED_EDGE ( 'NONE', *, *, #2379, .F. ) ;
#903 = VERTEX_POINT ( 'NONE', #4366 ) ;
#904 = CARTESIAN_POINT ( 'NONE',  ( 1221.499999999999773, 347.5000000000000000, 18.00000000000000000 ) ) ;
#905 = EDGE_CURVE ( 'NONE', #7120, #5111, #2912, .T. ) ;
#906 = CARTESIAN_POINT ( 'NONE',  ( -800.0000000000001137, 0.000000000000000000, -400.0000000000000000 ) ) ;
#907 = SHAPE_REPRESENTATION_RELATIONSHIP ( 'NONE' , 'NONE' ,  #3805, #153 ) ;
#908 = CARTESIAN_POINT ( 'NONE',  ( 1317.500000000000000, 35.49999999999997868, 18.00000000000000000 ) ) ;
#909 = CARTESIAN_POINT ( 'NONE',  ( 0.000000000000000000, 110.0000000000000000, 30.00000000000000000 ) ) ;
#910 = FACE_BOUND ( 'NONE', #9359, .T. ) ;
#911 = VECTOR ( 'NONE', #1808, 1000.000000000000000 ) ;
#912 = EDGE_LOOP ( 'NONE', ( #5644, #9484, #3995, #5262 ) ) ;
#913 = CARTESIAN_POINT ( 'NONE',  ( 273.5000000000001137, 482.5000000000000000, 18.00000000000000000 ) ) ;
#914 = ORIENTED_EDGE ( 'NONE', *, *, #9024, .F. ) ;
#915 = EDGE_CURVE ( 'NONE', #381, #4670, #997, .T. ) ;
#916 = ADVANCED_FACE ( 'NONE', ( #3151 ), #2213, .F. ) ;
#917 = FACE_OUTER_BOUND ( 'NONE', #7108, .T. ) ;
#918 = CARTESIAN_POINT ( 'NONE',  ( 0.000000000000000000, 0.000000000000000000, 16.00000000000000000 ) ) ;
#919 = AXIS2_PLACEMENT_3D ( 'NONE', #1965, #9313, #4874 ) ;
#920 = DIRECTION ( 'NONE',  ( 1.000000000000000000, 0.000000000000000000, 0.000000000000000000 ) ) ;
#921 = CARTESIAN_POINT ( 'NONE',  ( 1514.700270478568200, -725.0000000000004547, 734.1205806953518049 ) ) ;
#922 = FACE_OUTER_BOUND ( 'NONE', #3902, .T. ) ;
#923 = EDGE_CURVE ( 'NONE', #1084, #742, #2109, .T. ) ;
#924 = CIRCLE ( 'NONE', #3904, 3.000000000000000888 ) ;
#925 = CIRCLE ( 'NONE', #1826, 2.999999999999891642 ) ;
#926 = ORIENTED_EDGE ( 'NONE', *, *, #3917, .F. ) ;
#927 = DIRECTION ( 'NONE',  ( 0.000000000000000000, 0.000000000000000000, 1.000000000000000000 ) ) ;
#928 = ORIENTED_EDGE ( 'NONE', *, *, #4533, .T. ) ;
#929 = CARTESIAN_POINT ( 'NONE',  ( -42.00000000000000711, 55.00000000000000000, 0.000000000000000000 ) ) ;
#930 = LINE ( 'NONE', #904, #7756 ) ;
#931 = PLANE ( 'NONE',  #1291 ) ;
#932 = CARTESIAN_POINT ( 'NONE',  ( 747.5000000000000000, 659.5000000000000000, 18.00000000000000000 ) ) ;
#933 = FACE_OUTER_BOUND ( 'NONE', #5426, .T. ) ;
#934 = FACE_BOUND ( 'NONE', #7928, .T. ) ;
#935 = FACE_OUTER_BOUND ( 'NONE', #8318, .T. ) ;
#936 = ORIENTED_EDGE ( 'NONE', *, *, #7543, .F. ) ;
#937 = VERTEX_POINT ( 'NONE', #853 ) ;
#938 = ORIENTED_EDGE ( 'NONE', *, *, #5980, .F. ) ;
#939 = FACE_BOUND ( 'NONE', #4700, .T. ) ;
#940 = ORIENTED_EDGE ( 'NONE', *, *, #9391, .T. ) ;
#941 = DIRECTION ( 'NONE',  ( -0.000000000000000000, -0.000000000000000000, 1.000000000000000000 ) ) ;
#942 = DIRECTION ( 'NONE',  ( 0.000000000000000000, 0.000000000000000000, 1.000000000000000000 ) ) ;
#943 = CYLINDRICAL_SURFACE ( 'NONE', #3608, 2.999999999999994671 ) ;
#944 = LINE ( 'NONE', #865, #3956 ) ;
#945 = ORIENTED_EDGE ( 'NONE', *, *, #4017, .F. ) ;
#946 = VERTEX_POINT ( 'NONE', #2371 ) ;
#947 = VERTEX_POINT ( 'NONE', #1546 ) ;
#948 = AXIS2_PLACEMENT_3D ( 'NONE', #5631, #6993, #9224 ) ;
#949 = CIRCLE ( 'NONE', #9109, 2.499999999999946709 ) ;
#950 = CARTESIAN_POINT ( 'NONE',  ( 72.50000000000017053, 485.5000000000001705, 18.00000000000000000 ) ) ;
#951 = AXIS2_PLACEMENT_3D ( 'NONE', #3627, #8015, #9473 ) ;
#952 = DIRECTION ( 'NONE',  ( -0.000000000000000000, -0.000000000000000000, -1.000000000000000000 ) ) ;
#953 = CARTESIAN_POINT ( 'NONE',  ( 0.000000000000000000, 24.00000000000000000, 6.000000000000000000 ) ) ;
#954 = CARTESIAN_POINT ( 'NONE',  ( 0.000000000000000000, 725.0000000000000000, 31.00000000000000000 ) ) ;
#955 = DIRECTION ( 'NONE',  ( 0.000000000000000000, 1.000000000000000000, 0.000000000000000000 ) ) ;
#956 = DIRECTION ( 'NONE',  ( 1.000000000000000000, 0.000000000000000000, 0.000000000000000000 ) ) ;
#957 = FACE_OUTER_BOUND ( 'NONE', #856, .T. ) ;
#958 = VERTEX_POINT ( 'NONE', #176 ) ;
#959 = VECTOR ( 'NONE', #7118, 1000.000000000000000 ) ;
#960 =( NAMED_UNIT ( * ) SI_UNIT ( $, .STERADIAN. ) SOLID_ANGLE_UNIT ( ) );
#961 = EDGE_LOOP ( 'NONE', ( #7461, #2439, #3489, #3038, #6346 ) ) ;
#962 = VECTOR ( 'NONE', #3458, 1000.000000000000000 ) ;
#963 = CARTESIAN_POINT ( 'NONE',  ( 1468.384776310850157, 665.8847763108501567, 11.99999999999999822 ) ) ;
#964 = DIRECTION ( 'NONE',  ( -1.000000000000000000, 0.000000000000000000, -0.000000000000000000 ) ) ;
#965 = EDGE_LOOP ( 'NONE', ( #4049, #5490, #7065, #4662 ) ) ;
#966 = CARTESIAN_POINT ( 'NONE',  ( 72.87005768508919346, 620.6299423149114318, 18.00000000000000000 ) ) ;
#967 = ORIENTED_EDGE ( 'NONE', *, *, #5724, .T. ) ;
#968 = ORIENTED_EDGE ( 'NONE', *, *, #8156, .F. ) ;
#969 = DIRECTION ( 'NONE',  ( -1.000000000000000000, 0.000000000000000000, -0.000000000000000000 ) ) ;
#970 = AXIS2_PLACEMENT_3D ( 'NONE', #1456, #4459, #5264 ) ;
#971 = EDGE_CURVE ( 'NONE', #1902, #2134, #5453, .T. ) ;
#972 = ORIENTED_EDGE ( 'NONE', *, *, #8008, .F. ) ;
#973 = VECTOR ( 'NONE', #81, 1000.000000000000000 ) ;
#974 = ADVANCED_FACE ( 'NONE', ( #3502 ), #7579, .T. ) ;
#975 = EDGE_CURVE ( 'NONE', #8699, #3670, #6267, .T. ) ;
#976 = CARTESIAN_POINT ( 'NONE',  ( 273.5000000000001137, 627.5000000000001137, 18.00000000000000000 ) ) ;
#977 = CARTESIAN_POINT ( 'NONE',  ( 72.50000000000017053, 485.5000000000001705, 18.00000000000000000 ) ) ;
#978 = VECTOR ( 'NONE', #7968, 1000.000000000000000 ) ;
#979 = VERTEX_POINT ( 'NONE', #906 ) ;
#980 = ORIENTED_EDGE ( 'NONE', *, *, #7137, .F. ) ;
#981 = ORIENTED_EDGE ( 'NONE', *, *, #5755, .F. ) ;
#982 = ORIENTED_EDGE ( 'NONE', *, *, #2798, .T. ) ;
#983 = DIRECTION ( 'NONE',  ( 0.000000000000000000, 1.000000000000000000, 0.000000000000000000 ) ) ;
#984 = DIRECTION ( 'NONE',  ( 0.000000000000000000, 1.000000000000000000, 0.000000000000000000 ) ) ;
#985 = ORIENTED_EDGE ( 'NONE', *, *, #4034, .F. ) ;
#986 = EDGE_LOOP ( 'NONE', ( #9258, #1453, #7446, #606 ) ) ;
#987 = AXIS2_PLACEMENT_3D ( 'NONE', #1938, #7032, #7827 ) ;
#988 = DIRECTION ( 'NONE',  ( 0.000000000000000000, 0.000000000000000000, -1.000000000000000000 ) ) ;
#989 = DIRECTION ( 'NONE',  ( -0.000000000000000000, 1.000000000000000000, -0.000000000000000000 ) ) ;
#990 = DIRECTION ( 'NONE',  ( 0.000000000000000000, 0.000000000000000000, 1.000000000000000000 ) ) ;
#991 = CARTESIAN_POINT ( 'NONE',  ( -135.0000000000000000, 56.00000000000001421, 6.000000000000000000 ) ) ;
#992 = CARTESIAN_POINT ( 'NONE',  ( 749.9999999999997726, -80.00000000000000000, 67.50000000000000000 ) ) ;
#993 = EDGE_CURVE ( 'NONE', #1151, #4225, #2433, .T. ) ;
#994 = EDGE_LOOP ( 'NONE', ( #9480, #3721 ) ) ;
#995 = DIRECTION ( 'NONE',  ( 0.000000000000000000, 0.000000000000000000, -1.000000000000000000 ) ) ;
#996 = DIRECTION ( 'NONE',  ( -0.000000000000000000, -0.000000000000000000, -1.000000000000000000 ) ) ;
#997 =( BOUNDED_CURVE ( )  B_SPLINE_CURVE ( 3, ( #8885, #2895, #6804, #5396 ),
 .UNSPECIFIED., .F., .F. ) 
 B_SPLINE_CURVE_WITH_KNOTS ( ( 4, 4 ),
 ( 0.3754236079810392979, 1.570796326794896558 ),
 .UNSPECIFIED. ) 
 CURVE ( )  GEOMETRIC_REPRESENTATION_ITEM ( )  RATIONAL_B_SPLINE_CURVE ( ( 1.000000000000000000, 0.8844265230060998073, 0.8844265230060998073, 1.000000000000000000 ) ) 
 REPRESENTATION_ITEM ( '' )  );
#998 = AXIS2_PLACEMENT_3D ( 'NONE', #6871, #2388, #6091 ) ;
#999 = DIRECTION ( 'NONE',  ( 0.000000000000000000, -0.000000000000000000, 1.000000000000000000 ) ) ;
#1000 = AXIS2_PLACEMENT_3D ( 'NONE', #7302, #2212, #5847 ) ;
#1001 = VECTOR ( 'NONE', #7932, 1000.000000000000000 ) ;
#1002 = DIRECTION ( 'NONE',  ( 1.000000000000000000, 0.000000000000000000, 0.000000000000000000 ) ) ;
#1003 = CARTESIAN_POINT ( 'NONE',  ( 1002.999999999999886, 212.4999999999999716, 0.000000000000000000 ) ) ;
#1004 = CARTESIAN_POINT ( 'NONE',  ( -666.5000000000002274, 80.00000000000000000, 9.000000000000000000 ) ) ;
#1005 = ADVANCED_FACE ( 'NONE', ( #7982 ), #2675, .F. ) ;
#1006 = DIRECTION ( 'NONE',  ( -1.000000000000000000, 0.000000000000000000, 0.000000000000000000 ) ) ;
#1007 = CARTESIAN_POINT ( 'NONE',  ( -132.0000000000000000, 24.00000000000000000, 6.000000000000000000 ) ) ;
#1008 = DIRECTION ( 'NONE',  ( 1.000000000000000000, 0.000000000000000000, 0.000000000000000000 ) ) ;
#1009 =( NAMED_UNIT ( * ) PLANE_ANGLE_UNIT ( ) SI_UNIT ( $, .RADIAN. ) );
#1010 = EDGE_LOOP ( 'NONE', ( #8838, #9414, #3654, #7324 ) ) ;
#1011 = EDGE_CURVE ( 'NONE', #4205, #6167, #346, .T. ) ;
#1012 = ORIENTED_EDGE ( 'NONE', *, *, #4708, .T. ) ;
#1013 = AXIS2_PLACEMENT_3D ( 'NONE', #389, #515, #3554 ) ;
#1014 = CARTESIAN_POINT ( 'NONE',  ( 276.0000000000001137, 347.5000000000000000, 18.00000000000000000 ) ) ;
#1015 = ORIENTED_EDGE ( 'NONE', *, *, #8836, .T. ) ;
#1016 = DIRECTION ( 'NONE',  ( 1.000000000000000000, 0.000000000000000000, 0.000000000000000000 ) ) ;
#1017 = CARTESIAN_POINT ( 'NONE',  ( 0.000000000000000000, 0.000000000000000000, 18.00000000000000000 ) ) ;
#1018 = VECTOR ( 'NONE', #1716, 1000.000000000000000 ) ;
#1019 = FACE_BOUND ( 'NONE', #3730, .T. ) ;
#1020 = ORIENTED_EDGE ( 'NONE', *, *, #8346, .F. ) ;
#1021 = ORIENTED_EDGE ( 'NONE', *, *, #6744, .T. ) ;
#1022 = FACE_OUTER_BOUND ( 'NONE', #1076, .T. ) ;
#1023 = AXIS2_PLACEMENT_3D ( 'NONE', #6136, #5339, #964 ) ;
#1024 = PRODUCT_DEFINITION ( 'UNKNOWN', '', #6759, #6147 ) ;
#1025 = DIRECTION ( 'NONE',  ( 0.7071067811865423547, -0.7071067811865527908, 0.000000000000000000 ) ) ;
#1026 = EDGE_CURVE ( 'NONE', #3431, #2475, #6614, .T. ) ;
#1027 = CARTESIAN_POINT ( 'NONE',  ( 70.00000000000014211, 389.5000000000000568, 18.00000000000000000 ) ) ;
#1028 = VECTOR ( 'NONE', #3826, 1000.000000000000000 ) ;
#1029 = DIRECTION ( 'NONE',  ( -0.000000000000000000, -0.000000000000000000, -1.000000000000000000 ) ) ;
#1030 = CIRCLE ( 'NONE', #8140, 2.499999999999946709 ) ;
#1031 = CIRCLE ( 'NONE', #7831, 2.999999999999993783 ) ;
#1032 = ORIENTED_EDGE ( 'NONE', *, *, #7256, .T. ) ;
#1033 = CARTESIAN_POINT ( 'NONE',  ( 58.01941254751481836, 5.421010862427522170E-17, 16.00000000000000000 ) ) ;
#1034 = EDGE_CURVE ( 'NONE', #1413, #1668, #7082, .T. ) ;
#1035 = CARTESIAN_POINT ( 'NONE',  ( 0.000000000000000000, 5.999999999999998224, 167.0000000000000000 ) ) ;
#1036 = ORIENTED_EDGE ( 'NONE', *, *, #3484, .F. ) ;
#1037 = CARTESIAN_POINT ( 'NONE',  ( 72.50000000000017053, 209.4999999999998295, 18.00000000000000000 ) ) ;
#1038 = FACE_OUTER_BOUND ( 'NONE', #4082, .T. ) ;
#1039 = ORIENTED_EDGE ( 'NONE', *, *, #8000, .T. ) ;
#1040 = FACE_OUTER_BOUND ( 'NONE', #6878, .T. ) ;
#1041 = EDGE_CURVE ( 'NONE', #3656, #3401, #2206, .T. ) ;
#1042 = FACE_BOUND ( 'NONE', #7224, .T. ) ;
#1043 = CYLINDRICAL_SURFACE ( 'NONE', #6096, 2.500000000000002220 ) ;
#1044 = CARTESIAN_POINT ( 'NONE',  ( 500.0000000000000000, 347.5000000000000000, 18.00000000000000000 ) ) ;
#1045 = ORIENTED_EDGE ( 'NONE', *, *, #2273, .F. ) ;
#1046 = ORIENTED_EDGE ( 'NONE', *, *, #7910, .F. ) ;
#1047 = ORIENTED_EDGE ( 'NONE', *, *, #7824, .T. ) ;
#1048 = DIRECTION ( 'NONE',  ( -0.000000000000000000, -0.000000000000000000, -1.000000000000000000 ) ) ;
#1049 = FACE_OUTER_BOUND ( 'NONE', #8232, .T. ) ;
#1050 = VERTEX_POINT ( 'NONE', #4640 ) ;
#1051 = UNCERTAINTY_MEASURE_WITH_UNIT (LENGTH_MEASURE( 1.000000000000000082E-05 ), #5299, 'distance_accuracy_value', 'NONE');
#1052 = EDGE_CURVE ( 'NONE', #2838, #937, #113, .T. ) ;
#1053 = CYLINDRICAL_SURFACE ( 'NONE', #1803, 4.000000000000003553 ) ;
#1054 = DIRECTION ( 'NONE',  ( 0.000000000000000000, 0.000000000000000000, 1.000000000000000000 ) ) ;
#1055 = DIRECTION ( 'NONE',  ( -0.000000000000000000, -0.000000000000000000, -1.000000000000000000 ) ) ;
#1056 = EDGE_LOOP ( 'NONE', ( #7099, #6538, #5907, #3132 ) ) ;
#1057 = ORIENTED_EDGE ( 'NONE', *, *, #1802, .F. ) ;
#1058 = CARTESIAN_POINT ( 'NONE',  ( 27.37258300203042793, 33.35786437626883583, 11.99999999999999822 ) ) ;
#1059 = ORIENTED_EDGE ( 'NONE', *, *, #7700, .F. ) ;
#1060 = CARTESIAN_POINT ( 'NONE',  ( 750.0000000000000000, 627.5000000000000000, 0.000000000000000000 ) ) ;
#1061 = CIRCLE ( 'NONE', #8635, 4.000000000000003553 ) ;
#1062 = CARTESIAN_POINT ( 'NONE',  ( 177.5000000000001137, 659.5000000000000000, 0.000000000000000000 ) ) ;
#1063 = CARTESIAN_POINT ( 'NONE',  ( 25.00000000000000000, 24.00000000000000000, 9.000000000000000000 ) ) ;
#1064 = CARTESIAN_POINT ( 'NONE',  ( 67.00000000000015632, 517.5000000000001137, 18.00000000000000000 ) ) ;
#1065 = AXIS2_PLACEMENT_3D ( 'NONE', #3789, #6753, #4428 ) ;
#1066 = ADVANCED_FACE ( 'NONE', ( #4076 ), #217, .F. ) ;
#1067 = EDGE_CURVE ( 'NONE', #7311, #9340, #5805, .T. ) ;
#1068 = VECTOR ( 'NONE', #1864, 1000.000000000000000 ) ;
#1069 = ORIENTED_EDGE ( 'NONE', *, *, #2665, .F. ) ;
#1070 = LINE ( 'NONE', #6485, #6750 ) ;
#1071 = ORIENTED_EDGE ( 'NONE', *, *, #7012, .F. ) ;
#1072 = DIRECTION ( 'NONE',  ( 0.000000000000000000, 1.000000000000000000, 0.000000000000000000 ) ) ;
#1073 = VECTOR ( 'NONE', #474, 1000.000000000000000 ) ;
#1074 = CARTESIAN_POINT ( 'NONE',  ( -132.0000000000000000, 56.00000000000001421, 6.000000000000000000 ) ) ;
#1075 = PLANE ( 'NONE',  #9315 ) ;
#1076 = EDGE_LOOP ( 'NONE', ( #3359, #8609, #3330, #1770 ) ) ;
#1077 = AXIS2_PLACEMENT_3D ( 'NONE', #1853, #3251, #8388 ) ;
#1078 = LINE ( 'NONE', #5271, #4795 ) ;
#1079 = VERTEX_POINT ( 'NONE', #7512 ) ;
#1080 = EDGE_LOOP ( 'NONE', ( #7213, #6876, #2890, #6164 ) ) ;
#1081 = CARTESIAN_POINT ( 'NONE',  ( 248.0944918928738048, 730.0000000000000000, 31.00000000000000000 ) ) ;
#1082 = VERTEX_POINT ( 'NONE', #9093 ) ;
#1083 = CARTESIAN_POINT ( 'NONE',  ( 750.0000000000000000, 659.5000000000000000, 18.00000000000000000 ) ) ;
#1084 = VERTEX_POINT ( 'NONE', #347 ) ;
#1085 = FACE_OUTER_BOUND ( 'NONE', #267, .T. ) ;
#1086 = DIRECTION ( 'NONE',  ( 0.000000000000000000, 0.000000000000000000, -1.000000000000000000 ) ) ;
#1087 = EDGE_CURVE ( 'NONE', #8213, #1695, #7868, .T. ) ;
#1088 = CARTESIAN_POINT ( 'NONE',  ( -604.4999999999996589, 20.00000000000000000, 9.000000000000000000 ) ) ;
#1089 = CARTESIAN_POINT ( 'NONE',  ( 276.0000000000001137, 347.5000000000000000, 18.00000000000000000 ) ) ;
#1090 = DIRECTION ( 'NONE',  ( -1.000000000000000000, -0.000000000000000000, -0.000000000000000000 ) ) ;
#1091 = APPLICATION_CONTEXT ( 'automotive_design' ) ;
#1092 = ORIENTED_EDGE ( 'NONE', *, *, #8821, .T. ) ;
#1093 = LINE ( 'NONE', #5658, #5268 ) ;
#1094 = VERTEX_POINT ( 'NONE', #4029 ) ;
#1095 = VERTEX_POINT ( 'NONE', #3257 ) ;
#1096 = VECTOR ( 'NONE', #1504, 1000.000000000000227 ) ;
#1097 = CARTESIAN_POINT ( 'NONE',  ( 1226.499999999999773, 212.4999999999999716, 18.00000000000000000 ) ) ;
#1098 = CARTESIAN_POINT ( 'NONE',  ( 45.99999999999999289, 47.49999999999998579, 11.99999999999999822 ) ) ;
#1099 = AXIS2_PLACEMENT_3D ( 'NONE', #5357, #6747, #2274 ) ;
#1100 = AXIS2_PLACEMENT_3D ( 'NONE', #5833, #5123, #7287 ) ;
#1101 = EDGE_CURVE ( 'NONE', #2134, #1902, #9253, .T. ) ;
#1102 = DIRECTION ( 'NONE',  ( -0.000000000000000000, -0.000000000000000000, -1.000000000000000000 ) ) ;
#1103 = EDGE_LOOP ( 'NONE', ( #9461, #4245 ) ) ;
#1104 = ORIENTED_EDGE ( 'NONE', *, *, #7142, .T. ) ;
#1105 = ORIENTED_EDGE ( 'NONE', *, *, #5823, .T. ) ;
#1106 = EDGE_CURVE ( 'NONE', #8456, #9246, #1171, .T. ) ;
#1107 = DIRECTION ( 'NONE',  ( -1.000000000000000000, 0.000000000000000000, 0.000000000000000000 ) ) ;
#1108 = DIRECTION ( 'NONE',  ( 1.000000000000000000, 0.000000000000000000, 0.000000000000000000 ) ) ;
#1109 = DIRECTION ( 'NONE',  ( -0.000000000000000000, -0.000000000000000000, 1.000000000000000000 ) ) ;
#1110 = DIRECTION ( 'NONE',  ( -0.000000000000000000, -0.000000000000000000, -1.000000000000000000 ) ) ;
#1111 = VERTEX_POINT ( 'NONE', #5416 ) ;
#1112 = ORIENTED_EDGE ( 'NONE', *, *, #783, .F. ) ;
#1113 = DIRECTION ( 'NONE',  ( 1.000000000000000000, 0.000000000000000000, 0.000000000000000000 ) ) ;
#1114 = EDGE_CURVE ( 'NONE', #7931, #5161, #3954, .T. ) ;
#1115 = DIRECTION ( 'NONE',  ( 0.000000000000000000, 1.000000000000000000, 0.000000000000000000 ) ) ;
#1116 = AXIS2_PLACEMENT_3D ( 'NONE', #6501, #1125, #1876 ) ;
#1117 = DIRECTION ( 'NONE',  ( 0.000000000000000000, 0.000000000000000000, 1.000000000000000000 ) ) ;
#1118 = CARTESIAN_POINT ( 'NONE',  ( 0.000000000000000000, 0.000000000000000000, 30.00000000000000000 ) ) ;
#1119 = EDGE_CURVE ( 'NONE', #6413, #1612, #6227, .T. ) ;
#1120 = ADVANCED_FACE ( 'NONE', ( #933 ), #3851, .F. ) ;
#1121 = CARTESIAN_POINT ( 'NONE',  ( 73.00000000000015632, 177.4999999999999716, 0.000000000000000000 ) ) ;
#1122 = CARTESIAN_POINT ( 'NONE',  ( 180.0000000000001705, 627.4999999999998863, 0.000000000000000000 ) ) ;
#1123 = DIRECTION ( 'NONE',  ( 0.000000000000000000, 0.000000000000000000, 1.000000000000000000 ) ) ;
#1124 = DIRECTION ( 'NONE',  ( 0.000000000000000000, 0.000000000000000000, 1.000000000000000000 ) ) ;
#1125 = DIRECTION ( 'NONE',  ( 0.000000000000000000, 0.000000000000000000, 1.000000000000000000 ) ) ;
#1126 = UNCERTAINTY_MEASURE_WITH_UNIT (LENGTH_MEASURE( 1.000000000000000082E-05 ), #7274, 'distance_accuracy_value', 'NONE');
#1127 = AXIS2_PLACEMENT_3D ( 'NONE', #68, #834, #8218 ) ;
#1128 = DIRECTION ( 'NONE',  ( 1.000000000000000000, 0.000000000000000000, 0.000000000000000000 ) ) ;
#1129 = ADVANCED_FACE ( 'NONE', ( #7634 ), #6953, .F. ) ;
#1130 = DIRECTION ( 'NONE',  ( 1.000000000000000000, 0.000000000000000000, 0.000000000000000000 ) ) ;
#1131 = DIRECTION ( 'NONE',  ( -0.000000000000000000, -0.000000000000000000, -1.000000000000000000 ) ) ;
#1132 = ITEM_DEFINED_TRANSFORMATION ( 'NONE', 'NONE', #1850,  #6183 ) ;
#1133 = AXIS2_PLACEMENT_3D ( 'NONE', #5844, #3025, #8159 ) ;
#1134 = CARTESIAN_POINT ( 'NONE',  ( 750.0000000000000000, 35.49999999999997868, 18.00000000000000000 ) ) ;
#1135 = ORIENTED_EDGE ( 'NONE', *, *, #5159, .F. ) ;
#1136 = ORIENTED_EDGE ( 'NONE', *, *, #1579, .F. ) ;
#1137 = AXIS2_PLACEMENT_3D ( 'NONE', #2499, #5454, #988 ) ;
#1138 = DIRECTION ( 'NONE',  ( 1.000000000000000000, 0.000000000000000000, 0.000000000000000000 ) ) ;
#1139 = PLANE ( 'NONE',  #1714 ) ;
#1140 = PLANE ( 'NONE',  #4028 ) ;
#1141 = CARTESIAN_POINT ( 'NONE',  ( 177.5000000000001137, 659.5000000000000000, 18.00000000000000000 ) ) ;
#1142 = EDGE_LOOP ( 'NONE', ( #5034, #8371 ) ) ;
#1143 = ORIENTED_EDGE ( 'NONE', *, *, #7546, .F. ) ;
#1144 = DIRECTION ( 'NONE',  ( -0.000000000000000000, -0.000000000000000000, -1.000000000000000000 ) ) ;
#1145 = CARTESIAN_POINT ( 'NONE',  ( 308.0000000000001137, 627.5000000000001137, 18.00000000000000000 ) ) ;
#1146 = APPLICATION_CONTEXT ( 'automotive_design' ) ;
#1147 = AXIS2_PLACEMENT_3D ( 'NONE', #3882, #159, #4556 ) ;
#1148 = AXIS2_PLACEMENT_3D ( 'NONE', #6163, #5520, #261 ) ;
#1149 = FACE_BOUND ( 'NONE', #7925, .T. ) ;
#1150 = VECTOR ( 'NONE', #1341, 1000.000000000000000 ) ;
#1151 = VERTEX_POINT ( 'NONE', #7725 ) ;
#1152 = DIRECTION ( 'NONE',  ( 0.000000000000000000, 0.000000000000000000, 1.000000000000000000 ) ) ;
#1153 = VERTEX_POINT ( 'NONE', #6248 ) ;
#1154 = DIRECTION ( 'NONE',  ( 0.000000000000000000, 0.000000000000000000, -1.000000000000000000 ) ) ;
#1155 = LINE ( 'NONE', #4794, #7068 ) ;
#1156 = DIRECTION ( 'NONE',  ( 1.000000000000000000, 0.000000000000000000, 0.000000000000000000 ) ) ;
#1157 = CARTESIAN_POINT ( 'NONE',  ( 500.0000000000000000, 482.5000000000000000, 18.00000000000000000 ) ) ;
#1158 = DIRECTION ( 'NONE',  ( 1.000000000000000000, 0.000000000000000000, 0.000000000000000000 ) ) ;
#1159 = CARTESIAN_POINT ( 'NONE',  ( 1432.999999999999318, 347.5000000000000000, 18.00000000000000000 ) ) ;
#1160 = CIRCLE ( 'NONE', #3286, 3.000000000000000888 ) ;
#1161 = ADVANCED_FACE ( 'NONE', ( #4648 ), #2467, .T. ) ;
#1162 = FACE_OUTER_BOUND ( 'NONE', #2460, .T. ) ;
#1163 = VECTOR ( 'NONE', #6152, 1000.000000000000000 ) ;
#1164 = ORIENTED_EDGE ( 'NONE', *, *, #6007, .F. ) ;
#1165 = VERTEX_POINT ( 'NONE', #248 ) ;
#1166 = CYLINDRICAL_SURFACE ( 'NONE', #6104, 2.999999999999891642 ) ;
#1167 = DIRECTION ( 'NONE',  ( 1.000000000000000000, 0.000000000000000000, 0.000000000000000000 ) ) ;
#1168 = EDGE_CURVE ( 'NONE', #2211, #8362, #4875, .T. ) ;
#1169 = DIRECTION ( 'NONE',  ( -1.000000000000000000, 0.000000000000000000, 0.000000000000000000 ) ) ;
#1170 =( LENGTH_UNIT ( ) NAMED_UNIT ( * ) SI_UNIT ( .MILLI., .METRE. ) );
#1171 = LINE ( 'NONE', #9174, #6838 ) ;
#1172 = CARTESIAN_POINT ( 'NONE',  ( 1002.999999999999886, 347.5000000000000000, 18.00000000000000000 ) ) ;
#1173 = LINE ( 'NONE', #7554, #3395 ) ;
#1174 = ORIENTED_EDGE ( 'NONE', *, *, #6635, .F. ) ;
#1175 = EDGE_LOOP ( 'NONE', ( #4679, #9234, #2246, #5135 ) ) ;
#1176 = VERTEX_POINT ( 'NONE', #1035 ) ;
#1177 = VECTOR ( 'NONE', #6704, 1000.000000000000000 ) ;
#1178 = CARTESIAN_POINT ( 'NONE',  ( 500.0000000000000000, 347.5000000000000000, 18.00000000000000000 ) ) ;
#1179 = ORIENTED_EDGE ( 'NONE', *, *, #4349, .T. ) ;
#1180 = DIRECTION ( 'NONE',  ( -0.000000000000000000, 1.000000000000000000, -0.000000000000000000 ) ) ;
#1181 = EDGE_CURVE ( 'NONE', #6465, #5013, #3382, .T. ) ;
#1182 = DIRECTION ( 'NONE',  ( 1.000000000000000000, 0.000000000000000000, 0.000000000000000000 ) ) ;
#1183 = CIRCLE ( 'NONE', #285, 3.000000000000001332 ) ;
#1184 = CARTESIAN_POINT ( 'NONE',  ( 49.99999999999998579, 583.4999999999998863, 18.00000000000000000 ) ) ;
#1185 = VECTOR ( 'NONE', #6684, 1000.000000000000000 ) ;
#1186 = EDGE_LOOP ( 'NONE', ( #1272, #7014 ) ) ;
#1187 = ORIENTED_EDGE ( 'NONE', *, *, #2278, .T. ) ;
#1188 = DIRECTION ( 'NONE',  ( 0.000000000000000000, -0.000000000000000000, 1.000000000000000000 ) ) ;
#1189 = APPLICATION_PROTOCOL_DEFINITION ( 'draft international standard', 'automotive_design', 1998, #9288 ) ;
#1190 = EDGE_LOOP ( 'NONE', ( #9149, #615 ) ) ;
#1191 = CIRCLE ( 'NONE', #4255, 4.000000000000017764 ) ;
#1192 = DIRECTION ( 'NONE',  ( -0.000000000000000000, -0.000000000000000000, -1.000000000000000000 ) ) ;
#1193 = SURFACE_SIDE_STYLE ('',( #436 ) ) ;
#1194 = DIRECTION ( 'NONE',  ( 1.000000000000000000, 0.000000000000000000, 0.000000000000000000 ) ) ;
#1195 = CARTESIAN_POINT ( 'NONE',  ( 76.87005768508898029, 620.6299423149114318, 11.99999999999999822 ) ) ;
#1196 = LINE ( 'NONE', #2942, #8815 ) ;
#1197 = DIRECTION ( 'NONE',  ( -0.000000000000000000, -0.000000000000000000, -1.000000000000000000 ) ) ;
#1198 = ORIENTED_EDGE ( 'NONE', *, *, #8131, .T. ) ;
#1199 = LINE ( 'NONE', #2635, #6865 ) ;
#1200 = VERTEX_POINT ( 'NONE', #7704 ) ;
#1201 = CARTESIAN_POINT ( 'NONE',  ( 1322.499999999999773, 35.49999999999997868, 18.00000000000000000 ) ) ;
#1202 = CIRCLE ( 'NONE', #2258, 2.499999999999946709 ) ;
#1203 = AXIS2_PLACEMENT_3D ( 'NONE', #1294, #2843, #1421 ) ;
#1204 = EDGE_CURVE ( 'NONE', #1516, #3549, #4758, .T. ) ;
#1205 = DIRECTION ( 'NONE',  ( -0.000000000000000000, -0.000000000000000000, -1.000000000000000000 ) ) ;
#1206 = EDGE_LOOP ( 'NONE', ( #395, #4664, #3666, #5915 ) ) ;
#1207 = CARTESIAN_POINT ( 'NONE',  ( 273.5000000000001137, 482.5000000000000000, 0.000000000000000000 ) ) ;
#1208 = CYLINDRICAL_SURFACE ( 'NONE', #2292, 4.000000000000003553 ) ;
#1209 = ORIENTED_EDGE ( 'NONE', *, *, #4482, .F. ) ;
#1210 = ORIENTED_EDGE ( 'NONE', *, *, #4741, .T. ) ;
#1211 = CARTESIAN_POINT ( 'NONE',  ( 106.5685424949241451, 104.0685424949247704, 11.99999999999999822 ) ) ;
#1212 = EDGE_LOOP ( 'NONE', ( #4129, #2133 ) ) ;
#1213 = CYLINDRICAL_SURFACE ( 'NONE', #3640, 2.999999999999891642 ) ;
#1214 = DIRECTION ( 'NONE',  ( -0.000000000000000000, -0.000000000000000000, -1.000000000000000000 ) ) ;
#1215 = DIRECTION ( 'NONE',  ( -0.000000000000000000, 1.000000000000000000, -0.000000000000000000 ) ) ;
#1216 = CARTESIAN_POINT ( 'NONE',  ( 612.4999999999996589, 20.00000000000000000, 9.000000000000000000 ) ) ;
#1217 = CARTESIAN_POINT ( 'NONE',  ( 0.000000000000000000, 0.000000000000000000, 18.00000000000000000 ) ) ;
#1218 = FACE_OUTER_BOUND ( 'NONE', #8223, .T. ) ;
#1219 = EDGE_LOOP ( 'NONE', ( #4127, #4246 ) ) ;
#1220 = ORIENTED_EDGE ( 'NONE', *, *, #5225, .T. ) ;
#1221 = EDGE_CURVE ( 'NONE', #3656, #4072, #2420, .T. ) ;
#1222 = ADVANCED_FACE ( 'NONE', ( #8782 ), #331, .F. ) ;
#1223 = CARTESIAN_POINT ( 'NONE',  ( 67.00000000000015632, 177.4999999999999716, 18.00000000000000000 ) ) ;
#1224 = ORIENTED_EDGE ( 'NONE', *, *, #96, .T. ) ;
#1225 = AXIS2_PLACEMENT_3D ( 'NONE', #134, #886, #1559 ) ;
#1226 = CARTESIAN_POINT ( 'NONE',  ( -266.4999999999998863, 0.000000000000000000, -9.000000000000000000 ) ) ;
#1227 = APPLICATION_PROTOCOL_DEFINITION ( 'draft international standard', 'automotive_design', 1998, #2618 ) ;
#1228 = ORIENTED_EDGE ( 'NONE', *, *, #2553, .T. ) ;
#1229 = ORIENTED_EDGE ( 'NONE', *, *, #8894, .F. ) ;
#1230 = DIRECTION ( 'NONE',  ( 0.000000000000000000, 0.000000000000000000, -1.000000000000000000 ) ) ;
#1231 = DIRECTION ( 'NONE',  ( -0.000000000000000000, -0.000000000000000000, -1.000000000000000000 ) ) ;
#1232 = CARTESIAN_POINT ( 'NONE',  ( 1429.999999999999773, 209.4999999999998295, 18.00000000000000000 ) ) ;
#1233 = PLANE ( 'NONE',  #7716 ) ;
#1234 = ADVANCED_FACE ( 'NONE', ( #5105 ), #8302, .F. ) ;
#1235 = DIRECTION ( 'NONE',  ( 0.000000000000000000, 1.000000000000000000, 0.000000000000000000 ) ) ;
#1236 = AXIS2_PLACEMENT_3D ( 'NONE', #5381, #1700, #969 ) ;
#1237 = AXIS2_PLACEMENT_3D ( 'NONE', #5546, #5624, #6266 ) ;
#1238 = EDGE_CURVE ( 'NONE', #2236, #500, #1865, .T. ) ;
#1239 = ORIENTED_EDGE ( 'NONE', *, *, #8146, .F. ) ;
#1240 = EDGE_CURVE ( 'NONE', #8138, #4391, #7070, .T. ) ;
#1241 = PLANE ( 'NONE',  #3746 ) ;
#1242 = CARTESIAN_POINT ( 'NONE',  ( 42.00000000000000711, 55.00000000000000000, 0.000000000000000000 ) ) ;
#1243 = DIRECTION ( 'NONE',  ( -1.000000000000000000, 0.000000000000000000, 0.000000000000000000 ) ) ;
#1244 = EDGE_CURVE ( 'NONE', #3142, #5818, #2096, .T. ) ;
#1245 = DIRECTION ( 'NONE',  ( -0.000000000000000000, -0.000000000000000000, -1.000000000000000000 ) ) ;
#1246 = AXIS2_PLACEMENT_3D ( 'NONE', #4495, #5233, #5975 ) ;
#1247 = DIRECTION ( 'NONE',  ( 0.000000000000000000, 0.000000000000000000, 1.000000000000000000 ) ) ;
#1248 = EDGE_CURVE ( 'NONE', #5575, #5996, #2547, .T. ) ;
#1249 = CARTESIAN_POINT ( 'NONE',  ( -42.00000000000000711, 80.00000000000000000, 0.000000000000000000 ) ) ;
#1250 = DIRECTION ( 'NONE',  ( 0.000000000000000000, 0.000000000000000000, -1.000000000000000000 ) ) ;
#1251 = PLANE ( 'NONE',  #2764 ) ;
#1252 =( REPRESENTATION_RELATIONSHIP ('NONE','NONE', #3659, #3805 ) REPRESENTATION_RELATIONSHIP_WITH_TRANSFORMATION ( #5880 )SHAPE_REPRESENTATION_RELATIONSHIP( ) );
#1253 = LINE ( 'NONE', #5797, #8640 ) ;
#1254 = DIRECTION ( 'NONE',  ( 0.000000000000000000, 0.000000000000000000, 1.000000000000000000 ) ) ;
#1255 = AXIS2_PLACEMENT_3D ( 'NONE', #3609, #7940, #5701 ) ;
#1256 = CARTESIAN_POINT ( 'NONE',  ( 1468.384776310850157, 665.8847763108501567, 11.99999999999999822 ) ) ;
#1257 = DIRECTION ( 'NONE',  ( 0.000000000000000000, 0.000000000000000000, 1.000000000000000000 ) ) ;
#1258 = EDGE_CURVE ( 'NONE', #8480, #6760, #7749, .T. ) ;
#1259 = DIRECTION ( 'NONE',  ( 0.000000000000000000, 1.000000000000000000, 0.000000000000000000 ) ) ;
#1260 = CARTESIAN_POINT ( 'NONE',  ( -800.0000000000001137, 18.00000000000000000, -400.0000000000000000 ) ) ;
#1261 = DIRECTION ( 'NONE',  ( -1.000000000000000000, 0.000000000000000000, 0.000000000000000000 ) ) ;
#1262 = VECTOR ( 'NONE', #7218, 1000.000000000000000 ) ;
#1263 = ORIENTED_EDGE ( 'NONE', *, *, #4601, .F. ) ;
#1264 = EDGE_LOOP ( 'NONE', ( #4079, #7495, #5098, #6349 ) ) ;
#1265 = ADVANCED_FACE ( 'NONE', ( #2900 ), #6604, .F. ) ;
#1266 = CONTEXT_DEPENDENT_SHAPE_REPRESENTATION ( #8639, #2592 ) ;
#1267 = DIRECTION ( 'NONE',  ( -0.000000000000000000, -1.000000000000000000, -0.000000000000000000 ) ) ;
#1268 = AXIS2_PLACEMENT_3D ( 'NONE', #1819, #7714, #1130 ) ;
#1269 =( NAMED_UNIT ( * ) PLANE_ANGLE_UNIT ( ) SI_UNIT ( $, .RADIAN. ) );
#1270 = FACE_OUTER_BOUND ( 'NONE', #2952, .T. ) ;
#1271 = FACE_OUTER_BOUND ( 'NONE', #7437, .T. ) ;
#1272 = ORIENTED_EDGE ( 'NONE', *, *, #3484, .T. ) ;
#1273 = DIRECTION ( 'NONE',  ( 0.000000000000000000, 0.000000000000000000, 1.000000000000000000 ) ) ;
#1274 = DIRECTION ( 'NONE',  ( -0.000000000000000000, -0.000000000000000000, -1.000000000000000000 ) ) ;
#1275 = ORIENTED_EDGE ( 'NONE', *, *, #1498, .F. ) ;
#1276 = DIRECTION ( 'NONE',  ( -0.000000000000000000, 1.000000000000000000, -0.000000000000000000 ) ) ;
#1277 = CIRCLE ( 'NONE', #9194, 3.999999999999781508 ) ;
#1278 = SURFACE_STYLE_FILL_AREA ( #8216 ) ;
#1279 = ADVANCED_FACE ( 'NONE', ( #6256 ), #5663, .F. ) ;
#1280 = FACE_BOUND ( 'NONE', #2452, .T. ) ;
#1281 = VECTOR ( 'NONE', #75, 1000.000000000000000 ) ;
#1282 = VECTOR ( 'NONE', #2014, 1000.000000000000000 ) ;
#1283 = DIRECTION ( 'NONE',  ( -0.000000000000000000, 1.000000000000000000, -0.000000000000000000 ) ) ;
#1284 = ORIENTED_EDGE ( 'NONE', *, *, #4166, .F. ) ;
#1285 = VERTEX_POINT ( 'NONE', #1936 ) ;
#1286 = CARTESIAN_POINT ( 'NONE',  ( 1500.000000000000000, 0.000000000000000000, 18.00000000000000000 ) ) ;
#1287 = LINE ( 'NONE', #4445, #6696 ) ;
#1288 = DIRECTION ( 'NONE',  ( 0.000000000000000000, 0.000000000000000000, 1.000000000000000000 ) ) ;
#1289 =( REPRESENTATION_RELATIONSHIP ('NONE','NONE', #3659, #3820 ) REPRESENTATION_RELATIONSHIP_WITH_TRANSFORMATION ( #7951 )SHAPE_REPRESENTATION_RELATIONSHIP( ) );
#1290 = AXIS2_PLACEMENT_3D ( 'NONE', #3227, #4732, #4709 ) ;
#1291 = AXIS2_PLACEMENT_3D ( 'NONE', #6138, #1662, #7654 ) ;
#1292 = EDGE_CURVE ( 'NONE', #937, #2838, #3139, .T. ) ;
#1293 = CYLINDRICAL_SURFACE ( 'NONE', #1478, 3.000000000000113687 ) ;
#1294 = CARTESIAN_POINT ( 'NONE',  ( 1223.999999999999773, 67.49999999999988631, 18.00000000000000000 ) ) ;
#1295 = FACE_BOUND ( 'NONE', #7201, .T. ) ;
#1296 = CIRCLE ( 'NONE', #442, 2.999999999999993783 ) ;
#1297 = ORIENTED_EDGE ( 'NONE', *, *, #8207, .F. ) ;
#1298 = EDGE_LOOP ( 'NONE', ( #4104, #3645 ) ) ;
#1299 = EDGE_CURVE ( 'NONE', #8526, #4871, #6829, .T. ) ;
#1300 = DIRECTION ( 'NONE',  ( 0.000000000000000000, 1.000000000000000000, 0.000000000000000000 ) ) ;
#1301 = EDGE_LOOP ( 'NONE', ( #1382, #3922 ) ) ;
#1302 = DIRECTION ( 'NONE',  ( -1.000000000000000000, -0.000000000000000000, -0.000000000000000000 ) ) ;
#1303 = FACE_OUTER_BOUND ( 'NONE', #8676, .T. ) ;
#1304 = CARTESIAN_POINT ( 'NONE',  ( 132.0000000000000000, 24.00000000000000000, 6.000000000000000000 ) ) ;
#1305 = EDGE_LOOP ( 'NONE', ( #7550, #6014 ) ) ;
#1306 = DIRECTION ( 'NONE',  ( 0.000000000000000000, 0.000000000000000000, 1.000000000000000000 ) ) ;
#1307 = VECTOR ( 'NONE', #2633, 1000.000000000000000 ) ;
#1308 = EDGE_CURVE ( 'NONE', #500, #2236, #451, .T. ) ;
#1309 = CIRCLE ( 'NONE', #3815, 2.999999999999994671 ) ;
#1310 = EDGE_LOOP ( 'NONE', ( #9160, #6272, #6405, #5492 ) ) ;
#1311 = EDGE_LOOP ( 'NONE', ( #2360, #4276 ) ) ;
#1312 = ORIENTED_EDGE ( 'NONE', *, *, #4267, .F. ) ;
#1313 = CIRCLE ( 'NONE', #2319, 2.999999999999891642 ) ;
#1314 =( BOUNDED_CURVE ( )  B_SPLINE_CURVE ( 3, ( #6916, #4625, #5302, #1658 ),
 .UNSPECIFIED., .F., .T. ) 
 B_SPLINE_CURVE_WITH_KNOTS ( ( 4, 4 ),
 ( 4.712388980384689674, 6.283185307179586232 ),
 .UNSPECIFIED. ) 
 CURVE ( )  GEOMETRIC_REPRESENTATION_ITEM ( )  RATIONAL_B_SPLINE_CURVE ( ( 1.000000000000000000, 0.8047378541243649375, 0.8047378541243649375, 1.000000000000000000 ) ) 
 REPRESENTATION_ITEM ( '' )  );
#1315 = CARTESIAN_POINT ( 'NONE',  ( 0.000000000000000000, 0.000000000000000000, 0.000000000000000000 ) ) ;
#1316 = CARTESIAN_POINT ( 'NONE',  ( 3.673940397442046556E-16, 5.999999999999998224, 173.0000000000000284 ) ) ;
#1317 = CARTESIAN_POINT ( 'NONE',  ( 276.0000000000001137, 67.49999999999988631, 18.00000000000000000 ) ) ;
#1318 = VECTOR ( 'NONE', #4248, 1000.000000000000000 ) ;
#1319 = EDGE_LOOP ( 'NONE', ( #7791, #9141 ) ) ;
#1320 = FACE_OUTER_BOUND ( 'NONE', #2179, .T. ) ;
#1321 = ORIENTED_EDGE ( 'NONE', *, *, #3474, .F. ) ;
#1322 = DIRECTION ( 'NONE',  ( 0.000000000000000000, 0.000000000000000000, 1.000000000000000000 ) ) ;
#1323 = LINE ( 'NONE', #5728, #8926 ) ;
#1324 = EDGE_CURVE ( 'NONE', #958, #7967, #7195, .T. ) ;
#1325 = ADVANCED_FACE ( 'NONE', ( #8070 ), #9476, .F. ) ;
#1326 = DIRECTION ( 'NONE',  ( -1.000000000000000000, 0.000000000000000000, 0.000000000000000000 ) ) ;
#1327 = DIRECTION ( 'NONE',  ( -0.000000000000000000, 1.000000000000000000, -0.000000000000000000 ) ) ;
#1328 = CARTESIAN_POINT ( 'NONE',  ( 2.386104647103851222E-15, 2.007781800899081418E-17, 6.213203435596427404 ) ) ;
#1329 = ORIENTED_EDGE ( 'NONE', *, *, #2184, .F. ) ;
#1330 = PRODUCT ( 'A005572-FAJASXXXLARG', 'A005572-FAJASXXXLARG', '', ( #402 ) ) ;
#1331 = CIRCLE ( 'NONE', #2183, 2.500000000000002220 ) ;
#1332 = VERTEX_POINT ( 'NONE', #5040 ) ;
#1333 = ORIENTED_EDGE ( 'NONE', *, *, #3089, .T. ) ;
#1334 = ORIENTED_EDGE ( 'NONE', *, *, #1610, .F. ) ;
#1335 = VERTEX_POINT ( 'NONE', #2030 ) ;
#1336 = CIRCLE ( 'NONE', #8862, 2.500000000000002220 ) ;
#1337 = FILL_AREA_STYLE ('',( #4957 ) ) ;
#1338 = SURFACE_STYLE_USAGE ( .BOTH. , #8678 ) ;
#1339 = CARTESIAN_POINT ( 'NONE',  ( 27.37258300203045636, 661.6421356237308373, 11.99999999999999822 ) ) ;
#1340 = ADVANCED_FACE ( 'NONE', ( #2309 ), #7970, .F. ) ;
#1341 = DIRECTION ( 'NONE',  ( -0.000000000000000000, -0.000000000000000000, -1.000000000000000000 ) ) ;
#1342 = ORIENTED_EDGE ( 'NONE', *, *, #2250, .F. ) ;
#1343 = AXIS2_PLACEMENT_3D ( 'NONE', #8137, #6676, #4486 ) ;
#1344 = DIRECTION ( 'NONE',  ( 0.000000000000000000, 0.000000000000000000, 1.000000000000000000 ) ) ;
#1345 = FACE_BOUND ( 'NONE', #4333, .T. ) ;
#1346 = ORIENTED_EDGE ( 'NONE', *, *, #5988, .F. ) ;
#1347 = ORIENTED_EDGE ( 'NONE', *, *, #756, .F. ) ;
#1348 = AXIS2_PLACEMENT_3D ( 'NONE', #6786, #6745, #6092 ) ;
#1349 = VERTEX_POINT ( 'NONE', #2118 ) ;
#1350 = CARTESIAN_POINT ( 'NONE',  ( 1397.674098192194833, 586.6888168179575587, 11.99999999999999822 ) ) ;
#1351 = DIRECTION ( 'NONE',  ( 0.000000000000000000, 0.000000000000000000, 1.000000000000000000 ) ) ;
#1352 = ORIENTED_EDGE ( 'NONE', *, *, #4589, .T. ) ;
#1353 = CARTESIAN_POINT ( 'NONE',  ( 76.87005768508898029, 620.6299423149114318, 18.00000000000000000 ) ) ;
#1354 = VERTEX_POINT ( 'NONE', #1316 ) ;
#1355 = CARTESIAN_POINT ( 'NONE',  ( 170.0000000000000000, 55.00000000000000000, 0.000000000000000000 ) ) ;
#1356 = ORIENTED_EDGE ( 'NONE', *, *, #6027, .T. ) ;
#1357 = EDGE_LOOP ( 'NONE', ( #9187, #2404, #227, #8893 ) ) ;
#1358 = DIRECTION ( 'NONE',  ( 1.000000000000000000, 0.000000000000000000, 0.000000000000000000 ) ) ;
#1359 = CARTESIAN_POINT ( 'NONE',  ( 1002.999999999999886, 212.4999999999999716, 18.00000000000000000 ) ) ;
#1360 = DIRECTION ( 'NONE',  ( 1.000000000000000000, 0.000000000000000000, 0.000000000000000000 ) ) ;
#1361 = CARTESIAN_POINT ( 'NONE',  ( 0.000000000000000000, 80.00000000000000000, 18.00000000000000000 ) ) ;
#1362 = CARTESIAN_POINT ( 'NONE',  ( 750.0000000000000000, 517.5000000000000000, 18.00000000000000000 ) ) ;
#1363 = AXIS2_PLACEMENT_3D ( 'NONE', #1484, #2163, #5139 ) ;
#1364 = AXIS2_PLACEMENT_3D ( 'NONE', #4718, #7591, #7560 ) ;
#1365 = EDGE_CURVE ( 'NONE', #7997, #5729, #5218, .T. ) ;
#1366 = EDGE_CURVE ( 'NONE', #5507, #7465, #1398, .T. ) ;
#1367 = CARTESIAN_POINT ( 'NONE',  ( 1447.500000000000000, 111.5000000000000426, 18.00000000000000000 ) ) ;
#1368 = ADVANCED_FACE ( 'NONE', ( #4407 ), #3611, .F. ) ;
#1369 = AXIS2_PLACEMENT_3D ( 'NONE', #3369, #8510, #9250 ) ;
#1370 = CARTESIAN_POINT ( 'NONE',  ( 168.9050319128784849, 725.0000000000000000, 31.00000000000000000 ) ) ;
#1371 = DIRECTION ( 'NONE',  ( -0.000000000000000000, -0.000000000000000000, -1.000000000000000000 ) ) ;
#1372 = EDGE_CURVE ( 'NONE', #7003, #1349, #6367, .T. ) ;
#1373 = DIRECTION ( 'NONE',  ( -0.000000000000000000, -0.000000000000000000, -1.000000000000000000 ) ) ;
#1374 = ADVANCED_FACE ( 'NONE', ( #922 ), #1293, .F. ) ;
#1375 = VECTOR ( 'NONE', #952, 1000.000000000000000 ) ;
#1376 = ORIENTED_EDGE ( 'NONE', *, *, #2102, .T. ) ;
#1377 = EDGE_CURVE ( 'NONE', #6727, #2007, #7524, .T. ) ;
#1378 = ORIENTED_EDGE ( 'NONE', *, *, #1744, .T. ) ;
#1379 = DIRECTION ( 'NONE',  ( -0.000000000000000000, -1.000000000000000000, -0.000000000000000000 ) ) ;
#1380 = DIRECTION ( 'NONE',  ( 1.000000000000000000, 0.000000000000000000, 0.000000000000000000 ) ) ;
#1381 = FACE_OUTER_BOUND ( 'NONE', #2412, .T. ) ;
#1382 = ORIENTED_EDGE ( 'NONE', *, *, #9273, .T. ) ;
#1383 = EDGE_LOOP ( 'NONE', ( #4156, #5941 ) ) ;
#1384 = AXIS2_PLACEMENT_3D ( 'NONE', #6837, #984, #6118 ) ;
#1385 = DIRECTION ( 'NONE',  ( 0.000000000000000000, 0.000000000000000000, 1.000000000000000000 ) ) ;
#1386 = CIRCLE ( 'NONE', #8384, 3.000000000000002665 ) ;
#1387 = EDGE_CURVE ( 'NONE', #2714, #1050, #1160, .T. ) ;
#1388 = CARTESIAN_POINT ( 'NONE',  ( 921.0000000000000000, 80.00000000000000000, 12.00000000000004796 ) ) ;
#1389 = DIRECTION ( 'NONE',  ( -0.000000000000000000, -0.000000000000000000, 1.000000000000000000 ) ) ;
#1390 = EDGE_LOOP ( 'NONE', ( #8344, #4592 ) ) ;
#1391 = FACE_BOUND ( 'NONE', #8280, .T. ) ;
#1392 = FACE_OUTER_BOUND ( 'NONE', #7894, .T. ) ;
#1393 = ORIENTED_EDGE ( 'NONE', *, *, #9144, .F. ) ;
#1394 = ORIENTED_EDGE ( 'NONE', *, *, #1760, .F. ) ;
#1395 = LINE ( 'NONE', #892, #1739 ) ;
#1396 = DIRECTION ( 'NONE',  ( 0.1156569635167078725, 0.9932892160846684693, 0.000000000000000000 ) ) ;
#1397 = DIRECTION ( 'NONE',  ( 0.000000000000000000, 0.000000000000000000, 1.000000000000000000 ) ) ;
#1398 = CIRCLE ( 'NONE', #8383, 2.499999999999946709 ) ;
#1399 = CARTESIAN_POINT ( 'NONE',  ( 747.5000000000000000, 35.49999999999997868, 18.00000000000000000 ) ) ;
#1400 = EDGE_CURVE ( 'NONE', #6957, #1111, #5558, .T. ) ;
#1401 = CYLINDRICAL_SURFACE ( 'NONE', #7050, 3.000000000000000888 ) ;
#1402 = CIRCLE ( 'NONE', #6674, 2.999999999999891642 ) ;
#1403 = ORIENTED_EDGE ( 'NONE', *, *, #3591, .T. ) ;
#1404 = ORIENTED_EDGE ( 'NONE', *, *, #5318, .F. ) ;
#1405 = ORIENTED_EDGE ( 'NONE', *, *, #2747, .F. ) ;
#1406 = LINE ( 'NONE', #2629, #7426 ) ;
#1407 = DIRECTION ( 'NONE',  ( -0.000000000000000000, -0.000000000000000000, -1.000000000000000000 ) ) ;
#1408 = ADVANCED_FACE ( 'NONE', ( #2663 ), #8900, .F. ) ;
#1409 = DIRECTION ( 'NONE',  ( -1.000000000000000000, 0.000000000000000000, 0.000000000000000000 ) ) ;
#1410 = FACE_OUTER_BOUND ( 'NONE', #2245, .T. ) ;
#1411 = CARTESIAN_POINT ( 'NONE',  ( 753.0000000000000000, 517.5000000000000000, 18.00000000000000000 ) ) ;
#1412 = VECTOR ( 'NONE', #3911, 1000.000000000000000 ) ;
#1413 = VERTEX_POINT ( 'NONE', #1399 ) ;
#1414 = VERTEX_POINT ( 'NONE', #6573 ) ;
#1415 = DIRECTION ( 'NONE',  ( -1.000000000000000000, 0.000000000000000000, -0.000000000000000000 ) ) ;
#1416 = ORIENTED_EDGE ( 'NONE', *, *, #7035, .T. ) ;
#1417 = CIRCLE ( 'NONE', #4016, 2.500000000000002220 ) ;
#1418 = AXIS2_PLACEMENT_3D ( 'NONE', #1060, #4896, #9296 ) ;
#1419 = EDGE_LOOP ( 'NONE', ( #4797, #9257 ) ) ;
#1420 = EDGE_CURVE ( 'NONE', #473, #7253, #4635, .T. ) ;
#1421 = DIRECTION ( 'NONE',  ( -1.000000000000000000, 0.000000000000000000, 0.000000000000000000 ) ) ;
#1422 = DIRECTION ( 'NONE',  ( -0.000000000000000000, -0.000000000000000000, -1.000000000000000000 ) ) ;
#1423 = EDGE_CURVE ( 'NONE', #1516, #5576, #4298, .T. ) ;
#1424 = CIRCLE ( 'NONE', #2114, 2.999999999999891642 ) ;
#1425 = CARTESIAN_POINT ( 'NONE',  ( 421.0000000000000568, 55.00000000000000000, 9.000000000000000000 ) ) ;
#1426 = ADVANCED_FACE ( 'NONE', ( #6020 ), #8670, .F. ) ;
#1427 = VERTEX_POINT ( 'NONE', #5957 ) ;
#1428 = CYLINDRICAL_SURFACE ( 'NONE', #5169, 3.000000000000000888 ) ;
#1429 = DIRECTION ( 'NONE',  ( 0.000000000000000000, 0.000000000000000000, 1.000000000000000000 ) ) ;
#1430 = ORIENTED_EDGE ( 'NONE', *, *, #5732, .T. ) ;
#1431 = ORIENTED_EDGE ( 'NONE', *, *, #1486, .F. ) ;
#1432 = ORIENTED_EDGE ( 'NONE', *, *, #975, .T. ) ;
#1433 = DIRECTION ( 'NONE',  ( -0.000000000000000000, -0.000000000000000000, -1.000000000000000000 ) ) ;
#1434 = FACE_OUTER_BOUND ( 'NONE', #1264, .T. ) ;
#1435 = UNCERTAINTY_MEASURE_WITH_UNIT (LENGTH_MEASURE( 1.000000000000000082E-05 ), #8967, 'distance_accuracy_value', 'NONE');
#1436 = EDGE_CURVE ( 'NONE', #4483, #2313, #5794, .T. ) ;
#1437 = AXIS2_PLACEMENT_3D ( 'NONE', #216, #5421, #1733 ) ;
#1438 = CARTESIAN_POINT ( 'NONE',  ( 84.99999999999992895, 730.0000000000000000, 31.00000000000000000 ) ) ;
#1439 = LINE ( 'NONE', #2808, #4669 ) ;
#1440 = VERTEX_POINT ( 'NONE', #710 ) ;
#1441 = LINE ( 'NONE', #1359, #5709 ) ;
#1442 = VERTEX_POINT ( 'NONE', #3013 ) ;
#1443 = DIRECTION ( 'NONE',  ( -0.000000000000000000, 1.000000000000000000, -0.000000000000000000 ) ) ;
#1444 = VERTEX_POINT ( 'NONE', #52 ) ;
#1445 = LINE ( 'NONE', #5479, #5039 ) ;
#1446 = EDGE_CURVE ( 'NONE', #2345, #3993, #3026, .T. ) ;
#1447 = CARTESIAN_POINT ( 'NONE',  ( 1002.999999999999886, 347.5000000000000000, 0.000000000000000000 ) ) ;
#1448 = ORIENTED_EDGE ( 'NONE', *, *, #6852, .T. ) ;
#1449 = CIRCLE ( 'NONE', #2934, 2.500000000000002220 ) ;
#1450 = ORIENTED_EDGE ( 'NONE', *, *, #5934, .T. ) ;
#1451 = ORIENTED_EDGE ( 'NONE', *, *, #6646, .F. ) ;
#1452 = DIRECTION ( 'NONE',  ( 0.000000000000000000, 0.000000000000000000, 1.000000000000000000 ) ) ;
#1453 = ORIENTED_EDGE ( 'NONE', *, *, #8507, .T. ) ;
#1454 = VECTOR ( 'NONE', #8259, 1000.000000000000000 ) ;
#1455 = AXIS2_PLACEMENT_3D ( 'NONE', #2984, #6688, #3732 ) ;
#1456 = CARTESIAN_POINT ( 'NONE',  ( 1192.000000000000000, 67.49999999999997158, 18.00000000000000000 ) ) ;
#1457 = CARTESIAN_POINT ( 'NONE',  ( 752.5000000000000000, 627.5000000000000000, 18.00000000000000000 ) ) ;
#1458 = DIRECTION ( 'NONE',  ( -0.000000000000000000, 1.000000000000000000, -0.000000000000000000 ) ) ;
#1459 = LINE ( 'NONE', #2115, #2482 ) ;
#1460 = VERTEX_POINT ( 'NONE', #3775 ) ;
#1461 = ORIENTED_EDGE ( 'NONE', *, *, #2798, .F. ) ;
#1462 = DIRECTION ( 'NONE',  ( -1.000000000000000000, 0.000000000000000000, 0.000000000000000000 ) ) ;
#1463 = DIRECTION ( 'NONE',  ( 1.000000000000000000, 0.000000000000000000, 0.000000000000000000 ) ) ;
#1464 = ORIENTED_EDGE ( 'NONE', *, *, #1760, .T. ) ;
#1465 = CARTESIAN_POINT ( 'NONE',  ( 70.00000000000017053, 209.4999999999998295, 18.00000000000000000 ) ) ;
#1466 = DIRECTION ( 'NONE',  ( 0.000000000000000000, 0.000000000000000000, 1.000000000000000000 ) ) ;
#1467 = AXIS2_PLACEMENT_3D ( 'NONE', #7718, #3322, #5061 ) ;
#1468 = AXIS2_PLACEMENT_3D ( 'NONE', #4081, #9189, #6228 ) ;
#1469 = ORIENTED_EDGE ( 'NONE', *, *, #2530, .T. ) ;
#1470 = ORIENTED_EDGE ( 'NONE', *, *, #2349, .T. ) ;
#1471 = DIRECTION ( 'NONE',  ( -0.000000000000000000, -0.000000000000000000, 1.000000000000000000 ) ) ;
#1472 = CARTESIAN_POINT ( 'NONE',  ( -800.0000000000001137, 0.000000000000000000, 400.0000000000000000 ) ) ;
#1473 = DIRECTION ( 'NONE',  ( -0.000000000000000000, -0.000000000000000000, -1.000000000000000000 ) ) ;
#1474 = CARTESIAN_POINT ( 'NONE',  ( -6.245698675651501391E-14, 18.00000000000000000, -170.0000000000000000 ) ) ;
#1475 = CARTESIAN_POINT ( 'NONE',  ( -648.5000000000002274, 0.000000000000000000, -9.000000000000000000 ) ) ;
#1476 = ORIENTED_EDGE ( 'NONE', *, *, #8712, .F. ) ;
#1477 = ADVANCED_FACE ( 'NONE', ( #1636 ), #3834, .F. ) ;
#1478 = AXIS2_PLACEMENT_3D ( 'NONE', #2078, #539, #7942 ) ;
#1479 = AXIS2_PLACEMENT_3D ( 'NONE', #1157, #1884, #7047 ) ;
#1480 = EDGE_CURVE ( 'NONE', #1892, #5884, #102, .T. ) ;
#1481 = CARTESIAN_POINT ( 'NONE',  ( 25.00000000000000000, 24.00000000000000000, 5.999999999999998224 ) ) ;
#1482 = EDGE_CURVE ( 'NONE', #7680, #5192, #6722, .T. ) ;
#1483 = DIRECTION ( 'NONE',  ( 1.000000000000000000, 0.000000000000000000, 0.000000000000000000 ) ) ;
#1484 = CARTESIAN_POINT ( 'NONE',  ( 750.0000000000000000, 517.5000000000000000, 0.000000000000000000 ) ) ;
#1485 = CARTESIAN_POINT ( 'NONE',  ( 0.000000000000000000, 24.00000000000000000, 12.00000000000000000 ) ) ;
#1486 = EDGE_CURVE ( 'NONE', #8197, #4615, #9001, .T. ) ;
#1487 = DIRECTION ( 'NONE',  ( 1.000000000000000000, 0.000000000000000000, 0.000000000000000000 ) ) ;
#1488 = AXIS2_PLACEMENT_3D ( 'NONE', #765, #3041, #3755 ) ;
#1489 = PRODUCT_DEFINITION ( 'UNKNOWN', '', #1989, #2363 ) ;
#1490 = LINE ( 'NONE', #1216, #1718 ) ;
#1491 = AXIS2_PLACEMENT_3D ( 'NONE', #7079, #2617, #7814 ) ;
#1492 = SHAPE_REPRESENTATION ( 'A005572-PATASXXXBASE', ( #6183 ), #6743 ) ;
#1493 = CARTESIAN_POINT ( 'NONE',  ( 278.5000000000001137, 67.49999999999988631, 0.000000000000000000 ) ) ;
#1494 = CARTESIAN_POINT ( 'NONE',  ( 76.87005768508892345, 74.37005768508863923, 18.00000000000000000 ) ) ;
#1495 = LINE ( 'NONE', #2491, #5526 ) ;
#1496 = VERTEX_POINT ( 'NONE', #2239 ) ;
#1497 = ORIENTED_EDGE ( 'NONE', *, *, #3528, .F. ) ;
#1498 = EDGE_CURVE ( 'NONE', #5575, #3307, #2788, .T. ) ;
#1499 = ORIENTED_EDGE ( 'NONE', *, *, #7717, .T. ) ;
#1500 = CARTESIAN_POINT ( 'NONE',  ( -6.245698675651501391E-14, 18.00000000000000000, -173.0000000000000284 ) ) ;
#1501 = ADVANCED_FACE ( 'NONE', ( #1040 ), #575, .F. ) ;
#1502 = CYLINDRICAL_SURFACE ( 'NONE', #6931, 3.000000000000001332 ) ;
#1503 = CYLINDRICAL_SURFACE ( 'NONE', #2492, 3.000000000000047962 ) ;
#1504 = DIRECTION ( 'NONE',  ( 0.1156569635167078447, 0.9932892160846682472, -0.000000000000000000 ) ) ;
#1505 = VERTEX_POINT ( 'NONE', #5861 ) ;
#1506 = CLOSED_SHELL ( 'NONE', ( #8760, #1518, #3366, #4287, #4526, #5632, #6939, #9447, #6652, #8661, #3325, #6609 ) ) ;
#1507 = PLANE ( 'NONE',  #6982 ) ;
#1508 = LINE ( 'NONE', #1784, #8297 ) ;
#1509 = CARTESIAN_POINT ( 'NONE',  ( 0.000000000000000000, 56.00000000000000000, 6.000000000000000000 ) ) ;
#1510 = AXIS2_PLACEMENT_3D ( 'NONE', #3745, #1452, #2205 ) ;
#1511 = FACE_BOUND ( 'NONE', #1103, .T. ) ;
#1512 = AXIS2_PLACEMENT_3D ( 'NONE', #4600, #8206, #2976 ) ;
#1513 = CARTESIAN_POINT ( 'NONE',  ( 1000.000000000000000, 347.5000000000000000, 18.00000000000000000 ) ) ;
#1514 = FACE_OUTER_BOUND ( 'NONE', #8472, .T. ) ;
#1515 = CIRCLE ( 'NONE', #4695, 2.499999999999946709 ) ;
#1516 = VERTEX_POINT ( 'NONE', #2195 ) ;
#1517 = ORIENTED_EDGE ( 'NONE', *, *, #9208, .T. ) ;
#1518 = ADVANCED_FACE ( 'NONE', ( #3263 ), #5332, .F. ) ;
#1519 = CIRCLE ( 'NONE', #2457, 2.500000000000002220 ) ;
#1520 = DIRECTION ( 'NONE',  ( -1.000000000000000000, 0.000000000000000000, 0.000000000000000000 ) ) ;
#1521 = CARTESIAN_POINT ( 'NONE',  ( 1427.499999999999773, 485.5000000000001705, 18.00000000000000000 ) ) ;
#1522 = LINE ( 'NONE', #5073, #3726 ) ;
#1523 = FACE_BOUND ( 'NONE', #182, .T. ) ;
#1524 = VECTOR ( 'NONE', #6297, 1000.000000000000000 ) ;
#1525 = VERTEX_POINT ( 'NONE', #8055 ) ;
#1526 = ORIENTED_EDGE ( 'NONE', *, *, #3231, .T. ) ;
#1527 = DIRECTION ( 'NONE',  ( 1.000000000000000000, 0.000000000000000000, 0.000000000000000000 ) ) ;
#1528 = VERTEX_POINT ( 'NONE', #2987 ) ;
#1529 = CARTESIAN_POINT ( 'NONE',  ( 170.0000000000000000, 80.00000000000000000, 2.999999999999994671 ) ) ;
#1530 = VECTOR ( 'NONE', #5613, 1000.000000000000000 ) ;
#1531 = ORIENTED_EDGE ( 'NONE', *, *, #7861, .T. ) ;
#1532 = CARTESIAN_POINT ( 'NONE',  ( 63.09449189287384741, 0.000000000000000000, 31.00000000000000000 ) ) ;
#1533 = CARTESIAN_POINT ( 'NONE',  ( 110.8111831820434645, 99.82590180780547939, 11.99999999999999822 ) ) ;
#1534 = AXIS2_PLACEMENT_3D ( 'NONE', #1608, #5414, #6873 ) ;
#1535 = EDGE_CURVE ( 'NONE', #817, #5733, #4532, .T. ) ;
#1536 = PLANE ( 'NONE',  #1689 ) ;
#1537 = CIRCLE ( 'NONE', #8338, 3.000000000000047962 ) ;
#1538 = AXIS2_PLACEMENT_3D ( 'NONE', #9118, #2583, #294 ) ;
#1539 = FACE_OUTER_BOUND ( 'NONE', #2968, .T. ) ;
#1540 = VERTEX_POINT ( 'NONE', #1533 ) ;
#1541 = ORIENTED_EDGE ( 'NONE', *, *, #6083, .F. ) ;
#1542 = VERTEX_POINT ( 'NONE', #8129 ) ;
#1543 = DIRECTION ( 'NONE',  ( 1.000000000000000000, 0.000000000000000000, 0.000000000000000000 ) ) ;
#1544 = FACE_OUTER_BOUND ( 'NONE', #2692, .T. ) ;
#1545 = DIRECTION ( 'NONE',  ( -1.000000000000000000, -0.000000000000000000, -0.000000000000000000 ) ) ;
#1546 = CARTESIAN_POINT ( 'NONE',  ( -612.4999999999996589, 20.00000000000000000, 9.000000000000000000 ) ) ;
#1547 = VECTOR ( 'NONE', #4210, 1000.000000000000000 ) ;
#1548 = ORIENTED_EDGE ( 'NONE', *, *, #521, .F. ) ;
#1549 = FACE_BOUND ( 'NONE', #1142, .T. ) ;
#1550 = AXIS2_PLACEMENT_3D ( 'NONE', #6668, #6689, #4441 ) ;
#1551 = MECHANICAL_DESIGN_GEOMETRIC_PRESENTATION_REPRESENTATION (  '', ( #339 ), #8835 ) ;
#1552 = EDGE_LOOP ( 'NONE', ( #5086, #7640, #7169, #3616 ) ) ;
#1553 = EDGE_CURVE ( 'NONE', #5111, #7120, #7305, .T. ) ;
#1554 = CYLINDRICAL_SURFACE ( 'NONE', #3461, 3.000000000000002665 ) ;
#1555 = CARTESIAN_POINT ( 'NONE',  ( 0.000000000000000000, 50.00000000000000000, 14.99999999999999289 ) ) ;
#1556 = CARTESIAN_POINT ( 'NONE',  ( 799.9999999999998863, 18.00000000000000000, 400.0000000000000000 ) ) ;
#1557 = EDGE_CURVE ( 'NONE', #6749, #6413, #6616, .T. ) ;
#1558 = PLANE ( 'NONE',  #4132 ) ;
#1559 = DIRECTION ( 'NONE',  ( 0.000000000000000000, 0.000000000000000000, 1.000000000000000000 ) ) ;
#1560 = EDGE_LOOP ( 'NONE', ( #8234, #7965, #3198, #8139 ) ) ;
#1561 = DIRECTION ( 'NONE',  ( 1.000000000000000000, 0.000000000000000000, 0.000000000000000000 ) ) ;
#1562 = FACE_OUTER_BOUND ( 'NONE', #753, .T. ) ;
#1563 = EDGE_LOOP ( 'NONE', ( #6433, #334 ) ) ;
#1564 = VERTEX_POINT ( 'NONE', #2455 ) ;
#1565 =( NAMED_UNIT ( * ) PLANE_ANGLE_UNIT ( ) SI_UNIT ( $, .RADIAN. ) );
#1566 = ORIENTED_EDGE ( 'NONE', *, *, #1616, .F. ) ;
#1567 = ORIENTED_EDGE ( 'NONE', *, *, #3288, .F. ) ;
#1568 = FACE_BOUND ( 'NONE', #6427, .T. ) ;
#1569 = EDGE_CURVE ( 'NONE', #752, #3617, #700, .T. ) ;
#1570 = CARTESIAN_POINT ( 'NONE',  ( 177.5000000000001137, 35.49999999999997868, 18.00000000000000000 ) ) ;
#1571 = CARTESIAN_POINT ( 'NONE',  ( 73.00000000000015632, 517.5000000000001137, 0.000000000000000000 ) ) ;
#1572 = ORIENTED_EDGE ( 'NONE', *, *, #2036, .F. ) ;
#1573 = DIRECTION ( 'NONE',  ( -0.000000000000000000, -0.000000000000000000, -1.000000000000000000 ) ) ;
#1574 = FACE_BOUND ( 'NONE', #3396, .T. ) ;
#1575 = ORIENTED_EDGE ( 'NONE', *, *, #3756, .T. ) ;
#1576 = ORIENTED_EDGE ( 'NONE', *, *, #8496, .T. ) ;
#1577 = DIRECTION ( 'NONE',  ( 0.000000000000000000, 0.000000000000000000, 1.000000000000000000 ) ) ;
#1578 = EDGE_LOOP ( 'NONE', ( #1179, #2929, #8808, #9115 ) ) ;
#1579 = EDGE_CURVE ( 'NONE', #797, #7855, #7871, .T. ) ;
#1580 = CARTESIAN_POINT ( 'NONE',  ( 1000.000000000000000, 482.5000000000000000, 0.000000000000000000 ) ) ;
#1581 = ORIENTED_EDGE ( 'NONE', *, *, #2459, .T. ) ;
#1582 = ADVANCED_FACE ( 'NONE', ( #2208 ), #5913, .F. ) ;
#1583 = EDGE_LOOP ( 'NONE', ( #7135, #6530, #7562, #702 ) ) ;
#1584 = VERTEX_POINT ( 'NONE', #842 ) ;
#1585 = AXIS2_PLACEMENT_3D ( 'NONE', #9238, #4816, #393 ) ;
#1586 = DIRECTION ( 'NONE',  ( -0.000000000000000000, -0.000000000000000000, -1.000000000000000000 ) ) ;
#1587 = ORIENTED_EDGE ( 'NONE', *, *, #228, .F. ) ;
#1588 = DIRECTION ( 'NONE',  ( 0.000000000000000000, 0.000000000000000000, 1.000000000000000000 ) ) ;
#1589 = EDGE_CURVE ( 'NONE', #4599, #8480, #4178, .T. ) ;
#1590 = CARTESIAN_POINT ( 'NONE',  ( 135.0000000000000000, 56.00000000000001421, 6.000000000000000000 ) ) ;
#1591 = ORIENTED_EDGE ( 'NONE', *, *, #7414, .F. ) ;
#1592 = ORIENTED_EDGE ( 'NONE', *, *, #7000, .F. ) ;
#1593 = DIRECTION ( 'NONE',  ( -0.000000000000000000, -0.000000000000000000, -1.000000000000000000 ) ) ;
#1594 = DIRECTION ( 'NONE',  ( 0.9852062716166839484, -0.1713727001804919992, 0.000000000000000000 ) ) ;
#1595 = PLANE ( 'NONE',  #3300 ) ;
#1596 = DIRECTION ( 'NONE',  ( 0.1713727001804919992, 0.9852062716166839484, -0.000000000000000000 ) ) ;
#1597 =( NAMED_UNIT ( * ) PLANE_ANGLE_UNIT ( ) SI_UNIT ( $, .RADIAN. ) );
#1598 = EDGE_CURVE ( 'NONE', #6792, #9421, #220, .T. ) ;
#1599 = DIRECTION ( 'NONE',  ( -0.000000000000000000, -0.000000000000000000, -1.000000000000000000 ) ) ;
#1600 = DIRECTION ( 'NONE',  ( -0.000000000000000000, -0.000000000000000000, -1.000000000000000000 ) ) ;
#1601 = CARTESIAN_POINT ( 'NONE',  ( 42.00000000000000711, 55.00000000000000000, -3.000000000000001332 ) ) ;
#1602 = DIRECTION ( 'NONE',  ( -1.000000000000000000, 0.000000000000000000, 0.000000000000000000 ) ) ;
#1603 = AXIS2_PLACEMENT_3D ( 'NONE', #3162, #3910, #9041 ) ;
#1604 = AXIS2_PLACEMENT_3D ( 'NONE', #415, #1962, #6339 ) ;
#1605 =( BOUNDED_CURVE ( )  B_SPLINE_CURVE ( 3, ( #5282, #7378, #2956, #8123 ),
 .UNSPECIFIED., .F., .F. ) 
 B_SPLINE_CURVE_WITH_KNOTS ( ( 4, 4 ),
 ( 1.570796326794895670, 2.766169045608751098 ),
 .UNSPECIFIED. ) 
 CURVE ( )  GEOMETRIC_REPRESENTATION_ITEM ( )  RATIONAL_B_SPLINE_CURVE ( ( 1.000000000000000000, 0.8844265230061001404, 0.8844265230061001404, 1.000000000000000000 ) ) 
 REPRESENTATION_ITEM ( '' )  );
#1606 = EDGE_CURVE ( 'NONE', #7609, #9292, #1992, .T. ) ;
#1607 = CARTESIAN_POINT ( 'NONE',  ( 144.9999999999999147, 690.0000000000000000, 15.49999999999998934 ) ) ;
#1608 = CARTESIAN_POINT ( 'NONE',  ( -800.0000000000001137, 18.00000000000000000, 400.0000000000000000 ) ) ;
#1609 = CARTESIAN_POINT ( 'NONE',  ( 40.00000000000000000, 50.00000000000000000, 18.00000000000000000 ) ) ;
#1610 = EDGE_CURVE ( 'NONE', #9281, #8648, #3955, .T. ) ;
#1611 = CIRCLE ( 'NONE', #5449, 2.499999999999946709 ) ;
#1612 = VERTEX_POINT ( 'NONE', #3216 ) ;
#1613 = CARTESIAN_POINT ( 'NONE',  ( 0.000000000000000000, 24.00000000000000000, 6.000000000000000000 ) ) ;
#1614 = VERTEX_POINT ( 'NONE', #7500 ) ;
#1615 = DIRECTION ( 'NONE',  ( 1.000000000000000000, 0.000000000000000000, 0.000000000000000000 ) ) ;
#1616 = EDGE_CURVE ( 'NONE', #1540, #6238, #2194, .T. ) ;
#1617 = ADVANCED_FACE ( 'NONE', ( #5455 ), #4650, .F. ) ;
#1618 = AXIS2_PLACEMENT_3D ( 'NONE', #3221, #8359, #4633 ) ;
#1619 = LINE ( 'NONE', #4247, #3361 ) ;
#1620 = VERTEX_POINT ( 'NONE', #932 ) ;
#1621 = EDGE_CURVE ( 'NONE', #5789, #8281, #464, .T. ) ;
#1622 = VERTEX_POINT ( 'NONE', #5410 ) ;
#1623 = LINE ( 'NONE', #530, #5329 ) ;
#1624 = DIRECTION ( 'NONE',  ( 0.000000000000000000, -0.000000000000000000, 1.000000000000000000 ) ) ;
#1625 = CARTESIAN_POINT ( 'NONE',  ( 1432.999999999999545, 517.5000000000001137, 18.00000000000000000 ) ) ;
#1626 = CARTESIAN_POINT ( 'NONE',  ( 135.0000000000000000, 56.00000000000001421, 6.000000000000000000 ) ) ;
#1627 = DIRECTION ( 'NONE',  ( -1.000000000000000000, 0.000000000000000000, 0.000000000000000000 ) ) ;
#1628 = LINE ( 'NONE', #3691, #8662 ) ;
#1629 = CIRCLE ( 'NONE', #3019, 2.999999999999891642 ) ;
#1630 = ORIENTED_EDGE ( 'NONE', *, *, #6756, .T. ) ;
#1631 = ORIENTED_EDGE ( 'NONE', *, *, #7189, .T. ) ;
#1632 = AXIS2_PLACEMENT_3D ( 'NONE', #2582, #4720, #4019 ) ;
#1633 = CIRCLE ( 'NONE', #5556, 4.000000000000003553 ) ;
#1634 = DIRECTION ( 'NONE',  ( 0.1156569635167078447, 0.9932892160846682472, -0.000000000000000000 ) ) ;
#1635 = DIRECTION ( 'NONE',  ( 0.000000000000000000, 0.000000000000000000, 1.000000000000000000 ) ) ;
#1636 = FACE_OUTER_BOUND ( 'NONE', #7846, .T. ) ;
#1637 = VECTOR ( 'NONE', #996, 1000.000000000000000 ) ;
#1638 = FACE_OUTER_BOUND ( 'NONE', #5214, .T. ) ;
#1639 = ORIENTED_EDGE ( 'NONE', *, *, #4962, .T. ) ;
#1640 = ORIENTED_EDGE ( 'NONE', *, *, #4232, .T. ) ;
#1641 = DIRECTION ( 'NONE',  ( 0.000000000000000000, 0.000000000000000000, 1.000000000000000000 ) ) ;
#1642 = ORIENTED_EDGE ( 'NONE', *, *, #5870, .T. ) ;
#1643 = DIRECTION ( 'NONE',  ( 1.000000000000000000, 0.000000000000000000, 0.000000000000000000 ) ) ;
#1644 = CIRCLE ( 'NONE', #5502, 5.999999999999783284 ) ;
#1645 = CARTESIAN_POINT ( 'NONE',  ( 70.00000000000017053, 485.5000000000001705, 18.00000000000000000 ) ) ;
#1646 = AXIS2_PLACEMENT_3D ( 'NONE', #4846, #9441, #5582 ) ;
#1647 = VECTOR ( 'NONE', #8162, 1000.000000000000000 ) ;
#1648 = CARTESIAN_POINT ( 'NONE',  ( 1221.499999999999773, 482.5000000000000000, 18.00000000000000000 ) ) ;
#1649 = VECTOR ( 'NONE', #132, 1000.000000000000000 ) ;
#1650 = DIRECTION ( 'NONE',  ( -0.1713727001804919992, -0.9852062716166839484, 0.000000000000000000 ) ) ;
#1651 = EDGE_LOOP ( 'NONE', ( #7695, #3459 ) ) ;
#1652 = ORIENTED_EDGE ( 'NONE', *, *, #3249, .F. ) ;
#1653 = VERTEX_POINT ( 'NONE', #8255 ) ;
#1654 = CARTESIAN_POINT ( 'NONE',  ( 1317.000000000000227, 56.00000000000000000, 9.000000000000000000 ) ) ;
#1655 = FACE_OUTER_BOUND ( 'NONE', #6667, .T. ) ;
#1656 = ADVANCED_FACE ( 'NONE', ( #5208, #1743, #7636, #8315, #2678, #3503, #3252, #3713, #7404, #7860, #5442, #4270, #6379, #5683, #4419, #2435, #8085, #9370, #6141, #4890, #4190, #1511, #6942, #9579, #206, #7198, #3728, #2914, #3495, #7418, #8886, #1280, #4987, #9108, #1523, #6128, #5901, #3942, #3012, #7184, #8792, #1981, #6841, #934, #8567, #7622, #452, #1042, #688, #7526, #7751, #4066, #8785, #8430, #1295, #3384, #6022 ), #3870, .F. ) ;
#1657 = DIRECTION ( 'NONE',  ( 0.000000000000000000, 0.000000000000000000, 1.000000000000000000 ) ) ;
#1658 = CARTESIAN_POINT ( 'NONE',  ( 0.000000000000000000, 0.000000000000000000, 16.00000000000000000 ) ) ;
#1659 = ORIENTED_EDGE ( 'NONE', *, *, #468, .T. ) ;
#1660 = EDGE_LOOP ( 'NONE', ( #9504, #6262, #2341, #6958 ) ) ;
#1661 = EDGE_LOOP ( 'NONE', ( #1393, #1935, #726, #9404 ) ) ;
#1662 = DIRECTION ( 'NONE',  ( 0.000000000000000000, 1.000000000000000000, 0.000000000000000000 ) ) ;
#1663 = CYLINDRICAL_SURFACE ( 'NONE', #3339, 3.000000000000002665 ) ;
#1664 = DIRECTION ( 'NONE',  ( -1.000000000000000000, 0.000000000000000000, 0.000000000000000000 ) ) ;
#1665 = AXIS2_PLACEMENT_3D ( 'NONE', #4925, #7898, #2743 ) ;
#1666 = ADVANCED_FACE ( 'NONE', ( #104 ), #6259, .F. ) ;
#1667 = VERTEX_POINT ( 'NONE', #7656 ) ;
#1668 = VERTEX_POINT ( 'NONE', #3994 ) ;
#1669 = CYLINDRICAL_SURFACE ( 'NONE', #7028, 2.500000000000015987 ) ;
#1670 = ORIENTED_EDGE ( 'NONE', *, *, #1181, .T. ) ;
#1671 = VECTOR ( 'NONE', #1090, 1000.000000000000000 ) ;
#1672 = PRODUCT_DEFINITION_SHAPE ( 'NONE', 'NONE',  #4518 ) ;
#1673 = ORIENTED_EDGE ( 'NONE', *, *, #7700, .T. ) ;
#1674 = DIRECTION ( 'NONE',  ( -1.000000000000000000, 0.000000000000000000, 0.000000000000000000 ) ) ;
#1675 = ORIENTED_EDGE ( 'NONE', *, *, #6708, .T. ) ;
#1676 = VECTOR ( 'NONE', #2558, 1000.000000000000000 ) ;
#1677 = CARTESIAN_POINT ( 'NONE',  ( 0.000000000000000000, 0.000000000000000000, 18.00000000000000000 ) ) ;
#1678 = DIRECTION ( 'NONE',  ( -0.000000000000000000, -0.000000000000000000, 1.000000000000000000 ) ) ;
#1679 = DIRECTION ( 'NONE',  ( -0.000000000000000000, -0.000000000000000000, -1.000000000000000000 ) ) ;
#1680 = AXIS2_PLACEMENT_3D ( 'NONE', #5076, #2844, #1360 ) ;
#1681 = ORIENTED_EDGE ( 'NONE', *, *, #2171, .T. ) ;
#1682 = EDGE_CURVE ( 'NONE', #4801, #72, #3836, .T. ) ;
#1683 = CYLINDRICAL_SURFACE ( 'NONE', #3923, 2.999999999999891642 ) ;
#1684 = ORIENTED_EDGE ( 'NONE', *, *, #1011, .F. ) ;
#1685 = ORIENTED_EDGE ( 'NONE', *, *, #7647, .T. ) ;
#1686 = CARTESIAN_POINT ( 'NONE',  ( 1221.499999999999773, 67.49999999999988631, 18.00000000000000000 ) ) ;
#1687 = EDGE_LOOP ( 'NONE', ( #5148, #8904 ) ) ;
#1688 = LINE ( 'NONE', #8918, #7357 ) ;
#1689 = AXIS2_PLACEMENT_3D ( 'NONE', #9550, #7406, #8036 ) ;
#1690 = DIRECTION ( 'NONE',  ( 0.000000000000000000, 0.000000000000000000, -1.000000000000000000 ) ) ;
#1691 = DIRECTION ( 'NONE',  ( -0.000000000000000000, -0.000000000000000000, -1.000000000000000000 ) ) ;
#1692 =( NAMED_UNIT ( * ) PLANE_ANGLE_UNIT ( ) SI_UNIT ( $, .RADIAN. ) );
#1693 = FACE_BOUND ( 'NONE', #1687, .T. ) ;
#1694 = ORIENTED_EDGE ( 'NONE', *, *, #6893, .F. ) ;
#1695 = VERTEX_POINT ( 'NONE', #3950 ) ;
#1696 = EDGE_CURVE ( 'NONE', #4320, #4729, #924, .T. ) ;
#1697 = VERTEX_POINT ( 'NONE', #6179 ) ;
#1698 = DIRECTION ( 'NONE',  ( 0.000000000000000000, 0.000000000000000000, 1.000000000000000000 ) ) ;
#1699 = DIRECTION ( 'NONE',  ( 1.000000000000000000, 0.000000000000000000, 0.000000000000000000 ) ) ;
#1700 = DIRECTION ( 'NONE',  ( 0.000000000000000000, 0.000000000000000000, -1.000000000000000000 ) ) ;
#1701 = ORIENTED_EDGE ( 'NONE', *, *, #8326, .T. ) ;
#1702 = ORIENTED_EDGE ( 'NONE', *, *, #2059, .T. ) ;
#1703 = DIRECTION ( 'NONE',  ( 0.000000000000000000, 0.000000000000000000, 1.000000000000000000 ) ) ;
#1704 = AXIS2_PLACEMENT_3D ( 'NONE', #1613, #6071, #6030 ) ;
#1705 = DIRECTION ( 'NONE',  ( -0.000000000000000000, -0.000000000000000000, -1.000000000000000000 ) ) ;
#1706 = DIRECTION ( 'NONE',  ( -1.000000000000000000, 0.000000000000000000, 0.000000000000000000 ) ) ;
#1707 = DIRECTION ( 'NONE',  ( 0.000000000000000000, 0.000000000000000000, -1.000000000000000000 ) ) ;
#1708 = EDGE_CURVE ( 'NONE', #3618, #3256, #2903, .T. ) ;
#1709 = CARTESIAN_POINT ( 'NONE',  ( 1317.000000000000227, 24.00000000000000000, 9.000000000000000000 ) ) ;
#1710 = CARTESIAN_POINT ( 'NONE',  ( 1194.999999999999773, 627.5000000000001137, 0.000000000000000000 ) ) ;
#1711 = ADVANCED_FACE ( 'NONE', ( #4878 ), #1401, .F. ) ;
#1712 = FILL_AREA_STYLE_COLOUR ( '', #8538 ) ;
#1713 = EDGE_CURVE ( 'NONE', #5679, #9046, #814, .T. ) ;
#1714 = AXIS2_PLACEMENT_3D ( 'NONE', #4187, #7724, #9332 ) ;
#1715 = DIRECTION ( 'NONE',  ( -0.000000000000000000, -0.000000000000000000, 1.000000000000000000 ) ) ;
#1716 = DIRECTION ( 'NONE',  ( -0.000000000000000000, -0.000000000000000000, -1.000000000000000000 ) ) ;
#1717 = LINE ( 'NONE', #6961, #5697 ) ;
#1718 = VECTOR ( 'NONE', #8503, 1000.000000000000000 ) ;
#1719 = CARTESIAN_POINT ( 'NONE',  ( 500.0000000000000000, 212.4999999999999716, 18.00000000000000000 ) ) ;
#1720 = ORIENTED_EDGE ( 'NONE', *, *, #4403, .T. ) ;
#1721 = ADVANCED_BREP_SHAPE_REPRESENTATION ( '', ( #4867, #6183 ), #4898 ) ;
#1722 = ORIENTED_EDGE ( 'NONE', *, *, #2766, .T. ) ;
#1723 = AXIS2_PLACEMENT_3D ( 'NONE', #3380, #6231, #6952 ) ;
#1724 = PRESENTATION_LAYER_ASSIGNMENT (  '', '', ( #4346 ) ) ;
#1725 = CARTESIAN_POINT ( 'NONE',  ( 73.00000000000014211, 389.5000000000000568, 18.00000000000000000 ) ) ;
#1726 = EDGE_CURVE ( 'NONE', #4391, #8138, #5559, .T. ) ;
#1727 = ORIENTED_EDGE ( 'NONE', *, *, #993, .F. ) ;
#1728 = ORIENTED_EDGE ( 'NONE', *, *, #5440, .F. ) ;
#1729 = CARTESIAN_POINT ( 'NONE',  ( 1474.384776310849929, 665.8847763108501567, 18.00000000000000000 ) ) ;
#1730 = EDGE_CURVE ( 'NONE', #5549, #7753, #2099, .T. ) ;
#1731 = DIRECTION ( 'NONE',  ( -1.000000000000000000, 0.000000000000000000, 0.000000000000000000 ) ) ;
#1732 = PRESENTATION_STYLE_ASSIGNMENT (( #6223 ) ) ;
#1733 = DIRECTION ( 'NONE',  ( -1.000000000000000000, 0.000000000000000000, 0.000000000000000000 ) ) ;
#1734 = VECTOR ( 'NONE', #194, 1000.000000000000000 ) ;
#1735 = CIRCLE ( 'NONE', #7278, 2.499999999999946709 ) ;
#1736 = ORIENTED_EDGE ( 'NONE', *, *, #5242, .F. ) ;
#1737 = ORIENTED_EDGE ( 'NONE', *, *, #86, .F. ) ;
#1738 = EDGE_CURVE ( 'NONE', #3962, #8994, #4409, .T. ) ;
#1739 = VECTOR ( 'NONE', #6087, 1000.000000000000000 ) ;
#1740 = DIRECTION ( 'NONE',  ( 0.000000000000000000, 1.000000000000000000, 0.000000000000000000 ) ) ;
#1741 = CARTESIAN_POINT ( 'NONE',  ( 41.53736941658080184, -7.225259684586740505, 15.00000000000000000 ) ) ;
#1742 =( NAMED_UNIT ( * ) PLANE_ANGLE_UNIT ( ) SI_UNIT ( $, .RADIAN. ) );
#1743 = FACE_BOUND ( 'NONE', #2938, .T. ) ;
#1744 = EDGE_CURVE ( 'NONE', #4931, #8664, #6489, .T. ) ;
#1745 = VECTOR ( 'NONE', #5176, 1000.000000000000000 ) ;
#1746 = FACE_OUTER_BOUND ( 'NONE', #2322, .T. ) ;
#1747 = ORIENTED_EDGE ( 'NONE', *, *, #2857, .F. ) ;
#1748 = DIRECTION ( 'NONE',  ( -0.000000000000000000, -0.000000000000000000, 1.000000000000000000 ) ) ;
#1749 = ORIENTED_EDGE ( 'NONE', *, *, #5077, .F. ) ;
#1750 = CARTESIAN_POINT ( 'NONE',  ( 752.5000000000000000, 482.5000000000000000, 0.000000000000000000 ) ) ;
#1751 = FACE_OUTER_BOUND ( 'NONE', #8278, .T. ) ;
#1752 = CARTESIAN_POINT ( 'NONE',  ( 84.99999999999992895, 730.0000000000000000, 16.00000000000000000 ) ) ;
#1753 = CIRCLE ( 'NONE', #6742, 2.500000000000002220 ) ;
#1754 = AXIS2_PLACEMENT_3D ( 'NONE', #554, #5813, #636 ) ;
#1755 = ADVANCED_FACE ( 'NONE', ( #1868 ), #4300, .F. ) ;
#1756 = VECTOR ( 'NONE', #9062, 1000.000000000000000 ) ;
#1757 = FACE_OUTER_BOUND ( 'NONE', #3500, .T. ) ;
#1758 = ORIENTED_EDGE ( 'NONE', *, *, #5583, .T. ) ;
#1759 = VERTEX_POINT ( 'NONE', #7748 ) ;
#1760 = EDGE_CURVE ( 'NONE', #4293, #7097, #9003, .T. ) ;
#1761 = ORIENTED_EDGE ( 'NONE', *, *, #5739, .T. ) ;
#1762 = CIRCLE ( 'NONE', #3149, 3.000000000000058176 ) ;
#1763 = ORIENTED_EDGE ( 'NONE', *, *, #7861, .F. ) ;
#1764 = CARTESIAN_POINT ( 'NONE',  ( 1426.999999999999545, 347.5000000000000000, 18.00000000000000000 ) ) ;
#1765 = CARTESIAN_POINT ( 'NONE',  ( 1389.188816817956422, 99.82590180780535150, 11.99999999999999822 ) ) ;
#1766 = FACE_OUTER_BOUND ( 'NONE', #8355, .T. ) ;
#1767 = CARTESIAN_POINT ( 'NONE',  ( 500.0000000000000000, 482.5000000000000000, 18.00000000000000000 ) ) ;
#1768 = CYLINDRICAL_SURFACE ( 'NONE', #9049, 4.000000000000003553 ) ;
#1769 = ORIENTED_EDGE ( 'NONE', *, *, #278, .T. ) ;
#1770 = ORIENTED_EDGE ( 'NONE', *, *, #2068, .T. ) ;
#1771 = ORIENTED_EDGE ( 'NONE', *, *, #5274, .F. ) ;
#1772 = AXIS2_PLACEMENT_3D ( 'NONE', #1134, #5608, #1169 ) ;
#1773 = CIRCLE ( 'NONE', #5910, 2.499999999999946709 ) ;
#1774 = CARTESIAN_POINT ( 'NONE',  ( 1192.000000000000000, 627.5000000000001137, 0.000000000000000000 ) ) ;
#1775 = DIRECTION ( 'NONE',  ( -0.000000000000000000, -0.000000000000000000, -1.000000000000000000 ) ) ;
#1776 = LINE ( 'NONE', #8132, #727 ) ;
#1777 =( NAMED_UNIT ( * ) PLANE_ANGLE_UNIT ( ) SI_UNIT ( $, .RADIAN. ) );
#1778 = EDGE_LOOP ( 'NONE', ( #4899, #850 ) ) ;
#1779 = LINE ( 'NONE', #374, #4220 ) ;
#1780 = DIRECTION ( 'NONE',  ( 0.000000000000000000, 0.000000000000000000, 1.000000000000000000 ) ) ;
#1781 = CARTESIAN_POINT ( 'NONE',  ( 184.9999999999999432, 730.0000000000000000, 13.11177352665370854 ) ) ;
#1782 = DIRECTION ( 'NONE',  ( 0.000000000000000000, 0.000000000000000000, 1.000000000000000000 ) ) ;
#1783 = VERTEX_POINT ( 'NONE', #2510 ) ;
#1784 = CARTESIAN_POINT ( 'NONE',  ( -266.4999999999998863, 0.000000000000000000, 9.000000000000000000 ) ) ;
#1785 = CIRCLE ( 'NONE', #1127, 3.000000000000002665 ) ;
#1786 = ORIENTED_EDGE ( 'NONE', *, *, #1114, .F. ) ;
#1787 = EDGE_LOOP ( 'NONE', ( #7685, #7386, #6081, #9518 ) ) ;
#1788 = AXIS2_PLACEMENT_3D ( 'NONE', #619, #4358, #5836 ) ;
#1789 = AXIS2_PLACEMENT_3D ( 'NONE', #9355, #4936, #2719 ) ;
#1790 = EDGE_CURVE ( 'NONE', #4895, #2693, #8073, .T. ) ;
#1791 = ORIENTED_EDGE ( 'NONE', *, *, #2651, .T. ) ;
#1792 = LINE ( 'NONE', #1922, #9410 ) ;
#1793 = EDGE_CURVE ( 'NONE', #265, #5362, #5107, .T. ) ;
#1794 = CARTESIAN_POINT ( 'NONE',  ( 1223.999999999999773, 347.5000000000000000, 0.000000000000000000 ) ) ;
#1795 = ORIENTED_EDGE ( 'NONE', *, *, #6042, .T. ) ;
#1796 = DIRECTION ( 'NONE',  ( -0.000000000000000000, -0.000000000000000000, -1.000000000000000000 ) ) ;
#1797 = CYLINDRICAL_SURFACE ( 'NONE', #6900, 3.000000000000058176 ) ;
#1798 = ORIENTED_EDGE ( 'NONE', *, *, #8163, .F. ) ;
#1799 = ORIENTED_EDGE ( 'NONE', *, *, #8131, .F. ) ;
#1800 = CARTESIAN_POINT ( 'NONE',  ( 1342.000000000000000, 24.00000000000000000, 12.00000000000000000 ) ) ;
#1801 = ORIENTED_EDGE ( 'NONE', *, *, #7829, .F. ) ;
#1802 = EDGE_CURVE ( 'NONE', #8165, #9248, #2310, .T. ) ;
#1803 = AXIS2_PLACEMENT_3D ( 'NONE', #2848, #5784, #4397 ) ;
#1804 = PRODUCT_RELATED_PRODUCT_CATEGORY ( 'part', '', ( #6527 ) ) ;
#1805 = CARTESIAN_POINT ( 'NONE',  ( 184.9999999999999432, 730.0000000000000000, 16.00000000000000000 ) ) ;
#1806 = VERTEX_POINT ( 'NONE', #1752 ) ;
#1807 = ADVANCED_FACE ( 'NONE', ( #1162 ), #9478, .F. ) ;
#1808 = DIRECTION ( 'NONE',  ( 0.000000000000000000, 1.000000000000000000, 0.000000000000000000 ) ) ;
#1809 = EDGE_LOOP ( 'NONE', ( #7507, #7865 ) ) ;
#1810 = DIRECTION ( 'NONE',  ( 0.000000000000000000, 1.000000000000000000, 0.000000000000000000 ) ) ;
#1811 =( NAMED_UNIT ( * ) SI_UNIT ( $, .STERADIAN. ) SOLID_ANGLE_UNIT ( ) );
#1812 = EDGE_CURVE ( 'NONE', #1460, #3625, #2789, .T. ) ;
#1813 = ORIENTED_EDGE ( 'NONE', *, *, #2766, .F. ) ;
#1814 = ORIENTED_EDGE ( 'NONE', *, *, #9483, .T. ) ;
#1815 = CARTESIAN_POINT ( 'NONE',  ( 27.37258300203045636, 661.6421356237308373, 11.99999999999999822 ) ) ;
#1816 = DIRECTION ( 'NONE',  ( 1.000000000000000000, 0.000000000000000000, 0.000000000000000000 ) ) ;
#1817 = CARTESIAN_POINT ( 'NONE',  ( 106.9999999999999005, 730.0000000000000000, 18.49999999999998579 ) ) ;
#1818 = DIRECTION ( 'NONE',  ( -0.000000000000000000, -0.000000000000000000, -1.000000000000000000 ) ) ;
#1819 = CARTESIAN_POINT ( 'NONE',  ( 1429.999999999999773, 177.4999999999999716, 0.000000000000000000 ) ) ;
#1820 = DIRECTION ( 'NONE',  ( 1.000000000000000000, 0.000000000000000000, 0.000000000000000000 ) ) ;
#1821 = PRODUCT_DEFINITION_SHAPE ( 'NONE', 'NONE',  #9587 ) ;
#1822 = DIRECTION ( 'NONE',  ( -1.000000000000000000, -0.000000000000000000, -0.000000000000000000 ) ) ;
#1823 = DIRECTION ( 'NONE',  ( 0.000000000000000000, 0.000000000000000000, 1.000000000000000000 ) ) ;
#1824 = AXIS2_PLACEMENT_3D ( 'NONE', #780, #4511, #1409 ) ;
#1825 = CARTESIAN_POINT ( 'NONE',  ( 0.000000000000000000, 0.000000000000000000, 18.00000000000000000 ) ) ;
#1826 = AXIS2_PLACEMENT_3D ( 'NONE', #282, #6113, #3908 ) ;
#1827 = CARTESIAN_POINT ( 'NONE',  ( 106.9999999999999005, 690.0000000000000000, 15.49999999999999112 ) ) ;
#1828 = DIRECTION ( 'NONE',  ( -0.000000000000000000, -0.000000000000000000, -1.000000000000000000 ) ) ;
#1829 = FACE_OUTER_BOUND ( 'NONE', #6845, .T. ) ;
#1830 = CARTESIAN_POINT ( 'NONE',  ( 308.0000000000001137, 67.49999999999997158, 18.00000000000000000 ) ) ;
#1831 = DIRECTION ( 'NONE',  ( 0.000000000000000000, 0.000000000000000000, 1.000000000000000000 ) ) ;
#1832 = DIRECTION ( 'NONE',  ( 0.000000000000000000, 0.000000000000000000, 1.000000000000000000 ) ) ;
#1833 = ITEM_DEFINED_TRANSFORMATION ( 'NONE', 'NONE', #730,  #6183 ) ;
#1834 = PLANE ( 'NONE',  #299 ) ;
#1835 = FACE_OUTER_BOUND ( 'NONE', #1914, .T. ) ;
#1836 = EDGE_LOOP ( 'NONE', ( #9407, #9064, #8117, #8680, #8913 ) ) ;
#1837 = AXIS2_PLACEMENT_3D ( 'NONE', #4003, #3391, #4097 ) ;
#1838 = ORIENTED_EDGE ( 'NONE', *, *, #3591, .F. ) ;
#1839 = DIRECTION ( 'NONE',  ( 0.000000000000000000, 0.000000000000000000, 1.000000000000000000 ) ) ;
#1840 = DIRECTION ( 'NONE',  ( -1.000000000000000000, 0.000000000000000000, -0.000000000000000000 ) ) ;
#1841 = DIRECTION ( 'NONE',  ( 1.000000000000000000, 0.000000000000000000, 0.000000000000000000 ) ) ;
#1842 = DIRECTION ( 'NONE',  ( -0.000000000000000000, -0.000000000000000000, -1.000000000000000000 ) ) ;
#1843 = CARTESIAN_POINT ( 'NONE',  ( -32.50000000000000000, 32.50000000000011369, -0.000000000000000000 ) ) ;
#1844 = CIRCLE ( 'NONE', #1363, 3.000000000000002665 ) ;
#1845 = VERTEX_POINT ( 'NONE', #8584 ) ;
#1846 = ORIENTED_EDGE ( 'NONE', *, *, #4645, .T. ) ;
#1847 = ADVANCED_FACE ( 'NONE', ( #7072 ), #9107, .F. ) ;
#1848 = PRESENTATION_STYLE_ASSIGNMENT (( #6765 ) ) ;
#1849 = AXIS2_PLACEMENT_3D ( 'NONE', #7933, #8673, #4269 ) ;
#1850 = AXIS2_PLACEMENT_3D ( 'NONE', #9057, #6354, #4826 ) ;
#1851 = EDGE_CURVE ( 'NONE', #4930, #5718, #8901, .T. ) ;
#1852 = EDGE_CURVE ( 'NONE', #6024, #7741, #5796, .T. ) ;
#1853 = CARTESIAN_POINT ( 'NONE',  ( 70.00000000000014211, 389.5000000000000568, 18.00000000000000000 ) ) ;
#1854 = CARTESIAN_POINT ( 'NONE',  ( 0.000000000000000000, 0.000000000000000000, 31.00000000000000000 ) ) ;
#1855 = CYLINDRICAL_SURFACE ( 'NONE', #6057, 2.499999999999946709 ) ;
#1856 = FACE_OUTER_BOUND ( 'NONE', #6968, .T. ) ;
#1857 = ORIENTED_EDGE ( 'NONE', *, *, #9419, .T. ) ;
#1858 = CARTESIAN_POINT ( 'NONE',  ( 0.000000000000000000, 56.00000000000000000, -9.000000000000000000 ) ) ;
#1859 = AXIS2_PLACEMENT_3D ( 'NONE', #4815, #4772, #7007 ) ;
#1860 = DIRECTION ( 'NONE',  ( -0.000000000000000000, -0.000000000000000000, -1.000000000000000000 ) ) ;
#1861 = ORIENTED_EDGE ( 'NONE', *, *, #3912, .F. ) ;
#1862 = DIRECTION ( 'NONE',  ( 0.000000000000000000, 0.000000000000000000, 1.000000000000000000 ) ) ;
#1863 = LINE ( 'NONE', #772, #3948 ) ;
#1864 = DIRECTION ( 'NONE',  ( 0.7071067811865473507, -0.000000000000000000, 0.7071067811865477948 ) ) ;
#1865 = CIRCLE ( 'NONE', #4453, 2.499999999999946709 ) ;
#1866 = DIRECTION ( 'NONE',  ( 0.000000000000000000, 0.000000000000000000, 1.000000000000000000 ) ) ;
#1867 = EDGE_CURVE ( 'NONE', #5905, #5254, #7973, .T. ) ;
#1868 = FACE_OUTER_BOUND ( 'NONE', #336, .T. ) ;
#1869 = FACE_OUTER_BOUND ( 'NONE', #6052, .T. ) ;
#1870 = CARTESIAN_POINT ( 'NONE',  ( -800.0000000000001137, 18.00000000000000000, 400.0000000000000000 ) ) ;
#1871 = ORIENTED_EDGE ( 'NONE', *, *, #4877, .T. ) ;
#1872 = ORIENTED_EDGE ( 'NONE', *, *, #2707, .T. ) ;
#1873 = VERTEX_POINT ( 'NONE', #2964 ) ;
#1874 = LINE ( 'NONE', #3436, #4884 ) ;
#1875 = APPLICATION_CONTEXT ( 'automotive_design' ) ;
#1876 = DIRECTION ( 'NONE',  ( 1.000000000000000000, 0.000000000000000000, 0.000000000000000000 ) ) ;
#1877 = EDGE_CURVE ( 'NONE', #3401, #6421, #3614, .T. ) ;
#1878 = VECTOR ( 'NONE', #3072, 1000.000000000000000 ) ;
#1879 = CARTESIAN_POINT ( 'NONE',  ( 1000.000000000000000, 347.5000000000000000, 18.00000000000000000 ) ) ;
#1880 = LINE ( 'NONE', #3720, #8569 ) ;
#1881 = ORIENTED_EDGE ( 'NONE', *, *, #7734, .F. ) ;
#1882 = ORIENTED_EDGE ( 'NONE', *, *, #4757, .T. ) ;
#1883 = ORIENTED_EDGE ( 'NONE', *, *, #2079, .T. ) ;
#1884 = DIRECTION ( 'NONE',  ( 0.000000000000000000, 0.000000000000000000, 1.000000000000000000 ) ) ;
#1885 = LINE ( 'NONE', #5747, #472 ) ;
#1886 = CARTESIAN_POINT ( 'NONE',  ( 1000.000000000000000, 482.5000000000000000, 18.00000000000000000 ) ) ;
#1887 = DIRECTION ( 'NONE',  ( -0.000000000000000000, -0.000000000000000000, -1.000000000000000000 ) ) ;
#1888 = AXIS2_PLACEMENT_3D ( 'NONE', #8071, #8887, #60 ) ;
#1889 = EDGE_CURVE ( 'NONE', #4920, #2838, #2667, .T. ) ;
#1890 = CIRCLE ( 'NONE', #4368, 3.000000000000002665 ) ;
#1891 = ORIENTED_EDGE ( 'NONE', *, *, #5387, .F. ) ;
#1892 = VERTEX_POINT ( 'NONE', #2153 ) ;
#1893 = DIRECTION ( 'NONE',  ( 0.000000000000000000, 0.000000000000000000, 1.000000000000000000 ) ) ;
#1894 = ORIENTED_EDGE ( 'NONE', *, *, #6746, .F. ) ;
#1895 = CIRCLE ( 'NONE', #8559, 5.999999999999783284 ) ;
#1896 = DIRECTION ( 'NONE',  ( 0.000000000000000000, 0.000000000000000000, 1.000000000000000000 ) ) ;
#1897 = DIRECTION ( 'NONE',  ( 0.000000000000000000, 0.000000000000000000, 1.000000000000000000 ) ) ;
#1898 = DIRECTION ( 'NONE',  ( 1.000000000000000000, 0.000000000000000000, 0.000000000000000000 ) ) ;
#1899 = CARTESIAN_POINT ( 'NONE',  ( 0.000000000000000000, 0.000000000000000000, 18.00000000000000000 ) ) ;
#1900 = VERTEX_POINT ( 'NONE', #651 ) ;
#1901 = LINE ( 'NONE', #3632, #7233 ) ;
#1902 = VERTEX_POINT ( 'NONE', #3681 ) ;
#1903 = CARTESIAN_POINT ( 'NONE',  ( 47.49999999999997158, 111.5000000000000426, 0.000000000000000000 ) ) ;
#1904 = ORIENTED_EDGE ( 'NONE', *, *, #5007, .F. ) ;
#1905 = DIRECTION ( 'NONE',  ( -0.000000000000000000, -0.000000000000000000, -1.000000000000000000 ) ) ;
#1906 = ORIENTED_EDGE ( 'NONE', *, *, #7494, .F. ) ;
#1907 = CIRCLE ( 'NONE', #2074, 3.000000000000001332 ) ;
#1908 = EDGE_CURVE ( 'NONE', #1759, #1414, #5221, .T. ) ;
#1909 = ADVANCED_FACE ( 'NONE', ( #8304 ), #2173, .T. ) ;
#1910 = AXIS2_PLACEMENT_3D ( 'NONE', #1933, #1110, #484 ) ;
#1911 = DIRECTION ( 'NONE',  ( -1.000000000000000000, 0.000000000000000000, 0.000000000000000000 ) ) ;
#1912 = CARTESIAN_POINT ( 'NONE',  ( 73.00000000000014211, 389.5000000000000568, 18.00000000000000000 ) ) ;
#1913 = DIRECTION ( 'NONE',  ( -4.815513022993924426E-16, -1.000000000000000000, -2.138517373404057871E-31 ) ) ;
#1914 = EDGE_LOOP ( 'NONE', ( #3420, #5313, #3895, #7508 ) ) ;
#1915 = FACE_OUTER_BOUND ( 'NONE', #7190, .T. ) ;
#1916 = ORIENTED_EDGE ( 'NONE', *, *, #1248, .F. ) ;
#1917 = VERTEX_POINT ( 'NONE', #1500 ) ;
#1918 = ORIENTED_EDGE ( 'NONE', *, *, #8273, .F. ) ;
#1919 = FACE_OUTER_BOUND ( 'NONE', #385, .T. ) ;
#1920 = DIRECTION ( 'NONE',  ( 0.000000000000000000, 0.000000000000000000, 1.000000000000000000 ) ) ;
#1921 = CARTESIAN_POINT ( 'NONE',  ( -6.208959271677080847E-14, 18.00000000000000000, -167.0000000000000000 ) ) ;
#1922 = CARTESIAN_POINT ( 'NONE',  ( 1419.129942314910977, 620.6299423149113181, 18.00000000000000000 ) ) ;
#1923 = AXIS2_PLACEMENT_3D ( 'NONE', #6101, #6896, #8348 ) ;
#1924 = AXIS2_PLACEMENT_3D ( 'NONE', #6229, #1818, #8514 ) ;
#1925 = EDGE_CURVE ( 'NONE', #3626, #1564, #6368, .T. ) ;
#1926 = CARTESIAN_POINT ( 'NONE',  ( 421.0000000000000568, 55.00000000000000000, 9.000000000000000000 ) ) ;
#1927 = VERTEX_POINT ( 'NONE', #7335 ) ;
#1928 = VERTEX_POINT ( 'NONE', #5180 ) ;
#1929 = ORIENTED_EDGE ( 'NONE', *, *, #8176, .F. ) ;
#1930 = EDGE_CURVE ( 'NONE', #7914, #5156, #5331, .T. ) ;
#1931 = DIRECTION ( 'NONE',  ( 0.000000000000000000, 0.000000000000000000, 1.000000000000000000 ) ) ;
#1932 = DIRECTION ( 'NONE',  ( 1.329538674056075510E-18, 1.000000000000000000, -0.000000000000000000 ) ) ;
#1933 = CARTESIAN_POINT ( 'NONE',  ( 750.0000000000000000, 212.4999999999999716, 18.00000000000000000 ) ) ;
#1934 = ORIENTED_EDGE ( 'NONE', *, *, #3968, .T. ) ;
#1935 = ORIENTED_EDGE ( 'NONE', *, *, #1486, .T. ) ;
#1936 = CARTESIAN_POINT ( 'NONE',  ( 35.85786437626901346, 670.1274169979694761, 18.00000000000000000 ) ) ;
#1937 = EDGE_CURVE ( 'NONE', #3625, #1460, #6724, .T. ) ;
#1938 = CARTESIAN_POINT ( 'NONE',  ( -441.9999999999999432, 55.00000000000000000, 0.000000000000000000 ) ) ;
#1939 = DIRECTION ( 'NONE',  ( 1.000000000000000000, 0.000000000000000000, 0.000000000000000000 ) ) ;
#1940 = DIRECTION ( 'NONE',  ( 1.000000000000000000, -0.000000000000000000, -0.000000000000000000 ) ) ;
#1941 = DIRECTION ( 'NONE',  ( 0.000000000000000000, 1.000000000000000000, 0.000000000000000000 ) ) ;
#1942 = EDGE_CURVE ( 'NONE', #7248, #1667, #6131, .T. ) ;
#1943 = CARTESIAN_POINT ( 'NONE',  ( 177.5000000000001137, 35.49999999999997868, 18.00000000000000000 ) ) ;
#1944 = CARTESIAN_POINT ( 'NONE',  ( 608.4999999999996589, 20.00000000000000000, 9.000000000000000000 ) ) ;
#1945 = DIRECTION ( 'NONE',  ( 0.000000000000000000, 0.000000000000000000, 1.000000000000000000 ) ) ;
#1946 = PRODUCT_CONTEXT ( 'NONE', #3452, 'mechanical' ) ;
#1947 = CARTESIAN_POINT ( 'NONE',  ( 276.0000000000001137, 212.4999999999999716, 0.000000000000000000 ) ) ;
#1948 = AXIS2_PLACEMENT_3D ( 'NONE', #3863, #927, #6085 ) ;
#1949 = DIRECTION ( 'NONE',  ( 1.000000000000000000, 0.000000000000000000, 0.000000000000000000 ) ) ;
#1950 = DIRECTION ( 'NONE',  ( 0.000000000000000000, 0.000000000000000000, 1.000000000000000000 ) ) ;
#1951 = CARTESIAN_POINT ( 'NONE',  ( 183.0698683933170514, 725.0000000000000000, 9.500000000000000000 ) ) ;
#1952 = CARTESIAN_POINT ( 'NONE',  ( 0.000000000000000000, 0.000000000000000000, 30.00000000000000000 ) ) ;
#1953 = CARTESIAN_POINT ( 'NONE',  ( 112.5685424949242019, 590.9314575050765370, 18.00000000000000000 ) ) ;
#1954 = ADVANCED_FACE ( 'NONE', ( #6954 ), #8195, .F. ) ;
#1955 = DIRECTION ( 'NONE',  ( -1.000000000000000000, -0.000000000000000000, -0.000000000000000000 ) ) ;
#1956 = AXIS2_PLACEMENT_3D ( 'NONE', #3576, #2853, #2019 ) ;
#1957 = CYLINDRICAL_SURFACE ( 'NONE', #7599, 3.000000000000113687 ) ;
#1958 = DIRECTION ( 'NONE',  ( -0.000000000000000000, -0.000000000000000000, 1.000000000000000000 ) ) ;
#1959 = VECTOR ( 'NONE', #5042, 1000.000000000000000 ) ;
#1960 = ORIENTED_EDGE ( 'NONE', *, *, #1372, .T. ) ;
#1961 = AXIS2_PLACEMENT_3D ( 'NONE', #175, #1678, #9276 ) ;
#1962 = DIRECTION ( 'NONE',  ( -0.000000000000000000, -0.000000000000000000, -1.000000000000000000 ) ) ;
#1963 = DIRECTION ( 'NONE',  ( 0.7071067811865435759, -0.7071067811865514585, 0.000000000000000000 ) ) ;
#1964 = CARTESIAN_POINT ( 'NONE',  ( 1317.000000000000227, 56.00000000000000000, 12.00000000000000178 ) ) ;
#1965 = CARTESIAN_POINT ( 'NONE',  ( -570.0000000000000000, 55.00000000000000000, 0.000000000000000000 ) ) ;
#1966 = CIRCLE ( 'NONE', #8598, 3.000000000000002665 ) ;
#1967 = ORIENTED_EDGE ( 'NONE', *, *, #7810, .F. ) ;
#1968 = ORIENTED_EDGE ( 'NONE', *, *, #4482, .T. ) ;
#1969 = COLOUR_RGB ( '',1.000000000000000000, 1.000000000000000000, 1.000000000000000000 ) ;
#1970 = AXIS2_PLACEMENT_3D ( 'NONE', #649, #7328, #8732 ) ;
#1971 = STYLED_ITEM ( 'NONE', ( #6950 ), #8864 ) ;
#1972 = EDGE_CURVE ( 'NONE', #4641, #1505, #3267, .T. ) ;
#1973 = FACE_OUTER_BOUND ( 'NONE', #5248, .T. ) ;
#1974 = CIRCLE ( 'NONE', #2180, 2.500000000000002220 ) ;
#1975 = EDGE_LOOP ( 'NONE', ( #8353, #3718 ) ) ;
#1976 = CARTESIAN_POINT ( 'NONE',  ( 144.9999999999999147, 690.0000000000000000, 15.49999999999998934 ) ) ;
#1977 = EDGE_LOOP ( 'NONE', ( #2369, #335, #9424, #787 ) ) ;
#1978 = CYLINDRICAL_SURFACE ( 'NONE', #2765, 2.499999999999946709 ) ;
#1979 = EDGE_CURVE ( 'NONE', #3482, #1332, #2422, .T. ) ;
#1980 = PRODUCT_DEFINITION_SHAPE ( 'NONE', 'NONE',  #9581 ) ;
#1981 = FACE_BOUND ( 'NONE', #3875, .T. ) ;
#1982 = FACE_BOUND ( 'NONE', #6382, .T. ) ;
#1983 = CIRCLE ( 'NONE', #5674, 4.000000000000003553 ) ;
#1984 = ORIENTED_EDGE ( 'NONE', *, *, #3298, .F. ) ;
#1985 = ORIENTED_EDGE ( 'NONE', *, *, #2222, .F. ) ;
#1986 = EDGE_CURVE ( 'NONE', #8, #8231, #8674, .T. ) ;
#1987 = CIRCLE ( 'NONE', #2965, 4.000000000000003553 ) ;
#1988 = AXIS2_PLACEMENT_3D ( 'NONE', #7584, #5491, #9096 ) ;
#1989 = PRODUCT_DEFINITION_FORMATION_WITH_SPECIFIED_SOURCE ( 'ANY', '', #3750, .NOT_KNOWN. ) ;
#1990 = CARTESIAN_POINT ( 'NONE',  ( 1393.431457505075969, 104.0685424949247846, 11.99999999999999822 ) ) ;
#1991 = CARTESIAN_POINT ( 'NONE',  ( 750.0000000000000000, 347.5000000000000000, 18.00000000000000000 ) ) ;
#1992 = CIRCLE ( 'NONE', #9323, 6.000000000000047073 ) ;
#1993 = CARTESIAN_POINT ( 'NONE',  ( 1468.384776310850157, 29.11522368914954839, 11.99999999999999822 ) ) ;
#1994 = CYLINDRICAL_SURFACE ( 'NONE', #3128, 2.999999999999994671 ) ;
#1995 = EDGE_LOOP ( 'NONE', ( #6694, #7998 ) ) ;
#1996 = ORIENTED_EDGE ( 'NONE', *, *, #9559, .F. ) ;
#1997 = EDGE_LOOP ( 'NONE', ( #5716, #109, #3389, #3302 ) ) ;
#1998 = LINE ( 'NONE', #1286, #3734 ) ;
#1999 = ORIENTED_EDGE ( 'NONE', *, *, #6130, .F. ) ;
#2000 = EDGE_CURVE ( 'NONE', #2794, #2402, #578, .T. ) ;
#2001 = ADVANCED_FACE ( 'NONE', ( #3028 ), #4520, .F. ) ;
#2002 = DIRECTION ( 'NONE',  ( 0.000000000000000000, 0.000000000000000000, 1.000000000000000000 ) ) ;
#2003 = FACE_OUTER_BOUND ( 'NONE', #912, .T. ) ;
#2004 = CARTESIAN_POINT ( 'NONE',  ( 503.0000000000000000, 347.5000000000000000, 18.00000000000000000 ) ) ;
#2005 = CIRCLE ( 'NONE', #8244, 2.499999999999946709 ) ;
#2006 = VERTEX_POINT ( 'NONE', #7503 ) ;
#2007 = VERTEX_POINT ( 'NONE', #2266 ) ;
#2008 = VERTEX_POINT ( 'NONE', #7452 ) ;
#2009 = FACE_OUTER_BOUND ( 'NONE', #2540, .T. ) ;
#2010 = DIRECTION ( 'NONE',  ( 1.000000000000000000, -1.329538674056075510E-18, 0.000000000000000000 ) ) ;
#2011 = CARTESIAN_POINT ( 'NONE',  ( 49.99999999999998579, 111.5000000000000426, 0.000000000000000000 ) ) ;
#2012 = ADVANCED_FACE ( 'NONE', ( #3254 ), #8889, .F. ) ;
#2013 = SURFACE_STYLE_FILL_AREA ( #88 ) ;
#2014 = DIRECTION ( 'NONE',  ( -0.000000000000000000, -0.000000000000000000, -1.000000000000000000 ) ) ;
#2015 = EDGE_LOOP ( 'NONE', ( #8535, #2427, #6264, #967 ) ) ;
#2016 = LINE ( 'NONE', #1912, #2703 ) ;
#2017 = VERTEX_POINT ( 'NONE', #810 ) ;
#2018 = AXIS2_PLACEMENT_3D ( 'NONE', #4327, #2799, #2060 ) ;
#2019 = DIRECTION ( 'NONE',  ( -1.000000000000000000, 0.000000000000000000, 0.000000000000000000 ) ) ;
#2020 = VECTOR ( 'NONE', #9519, 1000.000000000000000 ) ;
#2021 = AXIS2_PLACEMENT_3D ( 'NONE', #2434, #5365, #3936 ) ;
#2022 = ORIENTED_EDGE ( 'NONE', *, *, #5448, .T. ) ;
#2023 = LINE ( 'NONE', #4791, #3762 ) ;
#2024 = ORIENTED_EDGE ( 'NONE', *, *, #4408, .T. ) ;
#2025 = ORIENTED_EDGE ( 'NONE', *, *, #3425, .T. ) ;
#2026 =( BOUNDED_CURVE ( )  B_SPLINE_CURVE ( 3, ( #4653, #4529, #2818, #7880 ),
 .UNSPECIFIED., .F., .F. ) 
 B_SPLINE_CURVE_WITH_KNOTS ( ( 4, 4 ),
 ( 2.766169045608754651, 3.141592653589793116 ),
 .UNSPECIFIED. ) 
 CURVE ( )  GEOMETRIC_REPRESENTATION_ITEM ( )  RATIONAL_B_SPLINE_CURVE ( ( 1.000000000000000000, 0.9882892067347445186, 0.9882892067347445186, 1.000000000000000000 ) ) 
 REPRESENTATION_ITEM ( '' )  );
#2027 = DIRECTION ( 'NONE',  ( 0.000000000000000000, 0.000000000000000000, 1.000000000000000000 ) ) ;
#2028 = ORIENTED_EDGE ( 'NONE', *, *, #3226, .F. ) ;
#2029 = CIRCLE ( 'NONE', #5114, 2.500000000000015987 ) ;
#2030 = CARTESIAN_POINT ( 'NONE',  ( 27.37258300203049188, 661.6421356237308373, 18.00000000000000000 ) ) ;
#2031 = VERTEX_POINT ( 'NONE', #7483 ) ;
#2032 = DIRECTION ( 'NONE',  ( -0.000000000000000000, -0.000000000000000000, -1.000000000000000000 ) ) ;
#2033 = LINE ( 'NONE', #7159, #3998 ) ;
#2034 = EDGE_LOOP ( 'NONE', ( #5950, #6927, #579, #323 ) ) ;
#2035 = EDGE_LOOP ( 'NONE', ( #7723, #1999, #985, #693 ) ) ;
#2036 = EDGE_CURVE ( 'NONE', #8434, #1200, #3828, .T. ) ;
#2037 = DIRECTION ( 'NONE',  ( -0.000000000000000000, -0.000000000000000000, -1.000000000000000000 ) ) ;
#2038 = ORIENTED_EDGE ( 'NONE', *, *, #6930, .F. ) ;
#2039 = AXIS2_PLACEMENT_3D ( 'NONE', #6537, #1235, #3542 ) ;
#2040 = DIRECTION ( 'NONE',  ( 1.000000000000000000, 0.000000000000000000, 0.000000000000000000 ) ) ;
#2041 = DIRECTION ( 'NONE',  ( -0.000000000000000000, -0.000000000000000000, -1.000000000000000000 ) ) ;
#2042 = ORIENTED_EDGE ( 'NONE', *, *, #8146, .T. ) ;
#2043 = ORIENTED_EDGE ( 'NONE', *, *, #8716, .F. ) ;
#2044 = DIRECTION ( 'NONE',  ( 1.000000000000000000, 0.000000000000000000, 0.000000000000000000 ) ) ;
#2045 = CARTESIAN_POINT ( 'NONE',  ( 14.89933824127002637, -1.734854452750618004, 16.00000000000000000 ) ) ;
#2046 = ORIENTED_EDGE ( 'NONE', *, *, #6923, .F. ) ;
#2047 = DIRECTION ( 'NONE',  ( 1.000000000000000000, 0.000000000000000000, 0.000000000000000000 ) ) ;
#2048 = CARTESIAN_POINT ( 'NONE',  ( 42.00000000000000711, 80.00000000000000000, -3.000000000000001332 ) ) ;
#2049 = AXIS2_PLACEMENT_3D ( 'NONE', #6675, #2204, #4449 ) ;
#2050 = AXIS2_PLACEMENT_3D ( 'NONE', #7080, #362, #8437 ) ;
#2051 = EDGE_CURVE ( 'NONE', #8138, #7702, #6944, .T. ) ;
#2052 = DIRECTION ( 'NONE',  ( -0.000000000000000000, -0.000000000000000000, -1.000000000000000000 ) ) ;
#2053 = ADVANCED_FACE ( 'NONE', ( #9467 ), #1855, .F. ) ;
#2054 = ORIENTED_EDGE ( 'NONE', *, *, #3110, .F. ) ;
#2055 = EDGE_CURVE ( 'NONE', #4549, #8362, #8865, .T. ) ;
#2056 = CARTESIAN_POINT ( 'NONE',  ( 106.9999999999999005, 690.0000000000000000, 18.49999999999998579 ) ) ;
#2057 = EDGE_CURVE ( 'NONE', #390, #8241, #7515, .T. ) ;
#2058 = ADVANCED_FACE ( 'NONE', ( #804 ), #7539, .T. ) ;
#2059 = EDGE_CURVE ( 'NONE', #2648, #3519, #2536, .T. ) ;
#2060 = DIRECTION ( 'NONE',  ( 1.000000000000000000, 0.000000000000000000, 0.000000000000000000 ) ) ;
#2061 = DIRECTION ( 'NONE',  ( 1.000000000000000000, 0.000000000000000000, 0.000000000000000000 ) ) ;
#2062 =( REPRESENTATION_RELATIONSHIP ('NONE','NONE', #3659, #7132 ) REPRESENTATION_RELATIONSHIP_WITH_TRANSFORMATION ( #669 )SHAPE_REPRESENTATION_RELATIONSHIP( ) );
#2063 = PRODUCT ( 'A005572-TAPASXXXTAPA', 'A005572-TAPASXXXTAPA', '', ( #4886 ) ) ;
#2064 = CIRCLE ( 'NONE', #7318, 4.000000000000003553 ) ;
#2065 = AXIS2_PLACEMENT_3D ( 'NONE', #2162, #8641, #8020 ) ;
#2066 = DIRECTION ( 'NONE',  ( 0.000000000000000000, 0.000000000000000000, 1.000000000000000000 ) ) ;
#2067 = CARTESIAN_POINT ( 'NONE',  ( 747.5000000000000000, 212.4999999999999716, 18.00000000000000000 ) ) ;
#2068 = EDGE_CURVE ( 'NONE', #2726, #6413, #4989, .T. ) ;
#2069 = UNCERTAINTY_MEASURE_WITH_UNIT (LENGTH_MEASURE( 1.000000000000000082E-05 ), #4015, 'distance_accuracy_value', 'NONE');
#2070 = VECTOR ( 'NONE', #4647, 1000.000000000000000 ) ;
#2071 = VERTEX_POINT ( 'NONE', #1529 ) ;
#2072 = ORIENTED_EDGE ( 'NONE', *, *, #4660, .T. ) ;
#2073 = CARTESIAN_POINT ( 'NONE',  ( 1221.499999999999773, 67.49999999999988631, 0.000000000000000000 ) ) ;
#2074 = AXIS2_PLACEMENT_3D ( 'NONE', #2601, #3351, #8498 ) ;
#2075 = COLOUR_RGB ( '',1.000000000000000000, 1.000000000000000000, 1.000000000000000000 ) ;
#2076 = VECTOR ( 'NONE', #989, 1000.000000000000000 ) ;
#2077 = EDGE_LOOP ( 'NONE', ( #2715, #4457 ) ) ;
#2078 = CARTESIAN_POINT ( 'NONE',  ( 1319.999999999999773, 627.5000000000000000, 18.00000000000000000 ) ) ;
#2079 = EDGE_CURVE ( 'NONE', #3312, #4929, #3016, .T. ) ;
#2080 = VERTEX_POINT ( 'NONE', #7475 ) ;
#2081 = CARTESIAN_POINT ( 'NONE',  ( 276.0000000000001137, 482.5000000000000000, 18.00000000000000000 ) ) ;
#2082 = FACE_OUTER_BOUND ( 'NONE', #2289, .T. ) ;
#2083 = SURFACE_STYLE_FILL_AREA ( #5330 ) ;
#2084 = DIRECTION ( 'NONE',  ( 0.000000000000000000, 1.000000000000000000, 0.000000000000000000 ) ) ;
#2085 = ADVANCED_FACE ( 'NONE', ( #6478 ), #565, .F. ) ;
#2086 = FACE_BOUND ( 'NONE', #4800, .T. ) ;
#2087 = VECTOR ( 'NONE', #659, 1000.000000000000000 ) ;
#2088 = CARTESIAN_POINT ( 'NONE',  ( 570.0000000000000000, 55.00000000000000000, 1.084202172485504434E-16 ) ) ;
#2089 = ORIENTED_EDGE ( 'NONE', *, *, #6348, .T. ) ;
#2090 = VERTEX_POINT ( 'NONE', #1571 ) ;
#2091 = CARTESIAN_POINT ( 'NONE',  ( 1316.999999999999773, 67.50000000000000000, 18.00000000000000000 ) ) ;
#2092 = DIRECTION ( 'NONE',  ( 0.000000000000000000, 0.000000000000000000, 1.000000000000000000 ) ) ;
#2093 = AXIS2_PLACEMENT_3D ( 'NONE', #4967, #9369, #518 ) ;
#2094 = PRESENTATION_LAYER_ASSIGNMENT (  '', '', ( #1971 ) ) ;
#2095 = EDGE_CURVE ( 'NONE', #3980, #937, #1628, .T. ) ;
#2096 = LINE ( 'NONE', #3357, #8193 ) ;
#2097 = DIRECTION ( 'NONE',  ( 0.000000000000000000, 1.000000000000000000, 0.000000000000000000 ) ) ;
#2098 = CARTESIAN_POINT ( 'NONE',  ( 1427.499999999999773, 209.4999999999998295, 0.000000000000000000 ) ) ;
#2099 = LINE ( 'NONE', #2545, #6831 ) ;
#2100 = EDGE_LOOP ( 'NONE', ( #1702, #9018 ) ) ;
#2101 = EDGE_LOOP ( 'NONE', ( #8726, #5459, #1575, #2356 ) ) ;
#2102 = EDGE_CURVE ( 'NONE', #6059, #9362, #1030, .T. ) ;
#2103 = ORIENTED_EDGE ( 'NONE', *, *, #6870, .F. ) ;
#2104 = ADVANCED_FACE ( 'NONE', ( #7060 ), #91, .F. ) ;
#2105 = FACE_OUTER_BOUND ( 'NONE', #8447, .T. ) ;
#2106 = DIRECTION ( 'NONE',  ( -1.000000000000000000, -0.000000000000000000, -0.000000000000000000 ) ) ;
#2107 = DIRECTION ( 'NONE',  ( 0.000000000000000000, 0.000000000000000000, 1.000000000000000000 ) ) ;
#2108 = CARTESIAN_POINT ( 'NONE',  ( 276.0000000000001137, 627.5000000000001137, 0.000000000000000000 ) ) ;
#2109 = CIRCLE ( 'NONE', #7124, 2.499999999999946709 ) ;
#2110 = EDGE_CURVE ( 'NONE', #6776, #3316, #5547, .T. ) ;
#2111 = LINE ( 'NONE', #9013, #6617 ) ;
#2112 = ORIENTED_EDGE ( 'NONE', *, *, #4221, .T. ) ;
#2113 = EDGE_LOOP ( 'NONE', ( #4204, #2831, #4728, #6133 ) ) ;
#2114 = AXIS2_PLACEMENT_3D ( 'NONE', #8148, #7557, #6813 ) ;
#2115 = CARTESIAN_POINT ( 'NONE',  ( 170.0000000000000000, 55.00000000000000000, -2.999999999999994671 ) ) ;
#2116 = ORIENTED_EDGE ( 'NONE', *, *, #3440, .T. ) ;
#2117 = VECTOR ( 'NONE', #781, 1000.000000000000000 ) ;
#2118 = CARTESIAN_POINT ( 'NONE',  ( -6.208959271677080847E-14, 5.999999999999998224, -167.0000000000000000 ) ) ;
#2119 = EDGE_CURVE ( 'NONE', #979, #9398, #5903, .T. ) ;
#2120 = DIRECTION ( 'NONE',  ( -0.000000000000000000, -0.000000000000000000, -1.000000000000000000 ) ) ;
#2121 = LINE ( 'NONE', #1686, #359 ) ;
#2122 = VERTEX_POINT ( 'NONE', #8154 ) ;
#2123 = ORIENTED_EDGE ( 'NONE', *, *, #7229, .T. ) ;
#2124 = ORIENTED_EDGE ( 'NONE', *, *, #3102, .T. ) ;
#2125 = CARTESIAN_POINT ( 'NONE',  ( 648.4999999999997726, 80.00000000000000000, -9.000000000000001776 ) ) ;
#2126 = CIRCLE ( 'NONE', #6169, 3.000000000000009770 ) ;
#2127 = AXIS2_PLACEMENT_3D ( 'NONE', #6172, #268, #3414 ) ;
#2128 = CARTESIAN_POINT ( 'NONE',  ( 0.000000000000000000, 695.0000000000000000, 18.00000000000000000 ) ) ;
#2129 = ORIENTED_EDGE ( 'NONE', *, *, #3080, .T. ) ;
#2130 = ORIENTED_EDGE ( 'NONE', *, *, #2535, .T. ) ;
#2131 = ORIENTED_EDGE ( 'NONE', *, *, #9325, .T. ) ;
#2132 = PRODUCT_DEFINITION_SHAPE ( 'NONE', 'NONE',  #1024 ) ;
#2133 = ORIENTED_EDGE ( 'NONE', *, *, #4098, .F. ) ;
#2134 = VERTEX_POINT ( 'NONE', #6769 ) ;
#2135 = CARTESIAN_POINT ( 'NONE',  ( 0.000000000000000000, 0.000000000000000000, 0.000000000000000000 ) ) ;
#2136 = DIRECTION ( 'NONE',  ( -1.000000000000000000, 0.000000000000000000, 0.000000000000000000 ) ) ;
#2137 = ORIENTED_EDGE ( 'NONE', *, *, #8999, .T. ) ;
#2138 = MECHANICAL_DESIGN_GEOMETRIC_PRESENTATION_REPRESENTATION (  '', ( #7620 ), #5167 ) ;
#2139 = DIRECTION ( 'NONE',  ( 1.000000000000000000, 0.000000000000000000, 0.000000000000000000 ) ) ;
#2140 = CIRCLE ( 'NONE', #4608, 4.000000000000003553 ) ;
#2141 = EDGE_LOOP ( 'NONE', ( #6055, #2244, #1229, #3887 ) ) ;
#2142 = ADVANCED_BREP_SHAPE_REPRESENTATION ( '', ( #8864, #6183 ), #6743 ) ;
#2143 = AXIS2_PLACEMENT_3D ( 'NONE', #2128, #9006, #3101 ) ;
#2144 = ADVANCED_FACE ( 'NONE', ( #5095 ), #6712, .F. ) ;
#2145 = ORIENTED_EDGE ( 'NONE', *, *, #218, .T. ) ;
#2146 = CIRCLE ( 'NONE', #8239, 2.999999999999994671 ) ;
#2147 = DIRECTION ( 'NONE',  ( 0.7071067811865526798, 0.7071067811865422437, -0.000000000000000000 ) ) ;
#2148 = ORIENTED_EDGE ( 'NONE', *, *, #5706, .F. ) ;
#2149 = EDGE_LOOP ( 'NONE', ( #3698, #4539 ) ) ;
#2150 = DIRECTION ( 'NONE',  ( 1.000000000000000000, 0.000000000000000000, 0.000000000000000000 ) ) ;
#2151 = ORIENTED_EDGE ( 'NONE', *, *, #3289, .T. ) ;
#2152 = ADVANCED_FACE ( 'NONE', ( #7963, #4745, #5443, #8420, #2778, #1982, #5787, #8183, #9231, #2086, #7295, #5321, #6245, #4180, #9360, #3497, #3372, #7739, #2303, #1391, #5670, #2197, #321, #6012, #4056, #208, #7862, #7405, #3943, #7625, #1514, #5211, #9111, #7186, #2654, #7614, #196, #6235, #6120, #2189, #7852, #678, #5659, #8651, #2294, #910, #795, #4282, #4171, #8410, #9347, #8540, #1149, #6699, #3703, #8773, #2526, #7953, #3487, #6467, #4737 ), #4540, .T. ) ;
#2153 = CARTESIAN_POINT ( 'NONE',  ( 45.00000000000014921, 110.0000000000000000, 0.000000000000000000 ) ) ;
#2154 = AXIS2_PLACEMENT_3D ( 'NONE', #123, #3125, #8261 ) ;
#2155 = AXIS2_PLACEMENT_3D ( 'NONE', #1145, #2634, #5622 ) ;
#2156 = CARTESIAN_POINT ( 'NONE',  ( 1194.999999999999773, 67.49999999999997158, 0.000000000000000000 ) ) ;
#2157 = ORIENTED_EDGE ( 'NONE', *, *, #7066, .F. ) ;
#2158 = ORIENTED_EDGE ( 'NONE', *, *, #3059, .T. ) ;
#2159 = CARTESIAN_POINT ( 'NONE',  ( 1319.999999999999773, 35.49999999999997868, 0.000000000000000000 ) ) ;
#2160 = CARTESIAN_POINT ( 'NONE',  ( 752.5000000000000000, 659.5000000000000000, 0.000000000000000000 ) ) ;
#2161 = DIRECTION ( 'NONE',  ( 0.000000000000000000, 0.000000000000000000, 1.000000000000000000 ) ) ;
#2162 = CARTESIAN_POINT ( 'NONE',  ( 248.0944918928738048, 730.0000000000000000, 21.50000000000000000 ) ) ;
#2163 = DIRECTION ( 'NONE',  ( 0.000000000000000000, 0.000000000000000000, 1.000000000000000000 ) ) ;
#2164 = DIRECTION ( 'NONE',  ( -0.000000000000000000, -0.000000000000000000, -1.000000000000000000 ) ) ;
#2165 = CARTESIAN_POINT ( 'NONE',  ( 1450.000000000000000, 47.49999999999998579, 18.00000000000000000 ) ) ;
#2166 = MECHANICAL_DESIGN_GEOMETRIC_PRESENTATION_REPRESENTATION (  '', ( #7486 ), #2649 ) ;
#2167 = EDGE_CURVE ( 'NONE', #8241, #7235, #1605, .T. ) ;
#2168 = CARTESIAN_POINT ( 'NONE',  ( 308.0000000000001137, 67.49999999999997158, 18.00000000000000000 ) ) ;
#2169 = DIRECTION ( 'NONE',  ( 0.000000000000000000, 0.000000000000000000, 1.000000000000000000 ) ) ;
#2170 = DIRECTION ( 'NONE',  ( -1.000000000000000000, 0.000000000000000000, 0.000000000000000000 ) ) ;
#2171 = EDGE_CURVE ( 'NONE', #7672, #7914, #2887, .T. ) ;
#2172 = CARTESIAN_POINT ( 'NONE',  ( -135.0000000000000000, 56.00000000000001421, 6.000000000000000000 ) ) ;
#2173 = PLANE ( 'NONE',  #8321 ) ;
#2174 = VECTOR ( 'NONE', #6295, 1000.000000000000000 ) ;
#2175 = LINE ( 'NONE', #8632, #5982 ) ;
#2176 = ORIENTED_EDGE ( 'NONE', *, *, #7208, .F. ) ;
#2177 = DIRECTION ( 'NONE',  ( 0.000000000000000000, 1.000000000000000000, 0.000000000000000000 ) ) ;
#2178 = CARTESIAN_POINT ( 'NONE',  ( 276.0000000000001137, 347.5000000000000000, 0.000000000000000000 ) ) ;
#2179 = EDGE_LOOP ( 'NONE', ( #2181, #467, #9427, #5964 ) ) ;
#2180 = AXIS2_PLACEMENT_3D ( 'NONE', #3794, #8336, #2532 ) ;
#2181 = ORIENTED_EDGE ( 'NONE', *, *, #7525, .T. ) ;
#2182 = ORIENTED_EDGE ( 'NONE', *, *, #1446, .F. ) ;
#2183 = AXIS2_PLACEMENT_3D ( 'NONE', #3848, #6095, #2430 ) ;
#2184 = EDGE_CURVE ( 'NONE', #4275, #3353, #1314, .T. ) ;
#2185 = ADVANCED_FACE ( 'NONE', ( #6823 ), #3918, .F. ) ;
#2186 = DIRECTION ( 'NONE',  ( 0.1156569635167078447, 0.9932892160846682472, 0.000000000000000000 ) ) ;
#2187 = DIRECTION ( 'NONE',  ( 0.000000000000000000, 0.000000000000000000, 1.000000000000000000 ) ) ;
#2188 = CARTESIAN_POINT ( 'NONE',  ( 248.5000000000001421, 0.000000000000000000, -9.000000000000000000 ) ) ;
#2189 = FACE_BOUND ( 'NONE', #7360, .T. ) ;
#2190 = FACE_OUTER_BOUND ( 'NONE', #2596, .T. ) ;
#2191 = EDGE_LOOP ( 'NONE', ( #1470, #2158 ) ) ;
#2192 = ORIENTED_EDGE ( 'NONE', *, *, #2270, .T. ) ;
#2193 = CARTESIAN_POINT ( 'NONE',  ( 0.000000000000000000, 0.000000000000000000, 0.000000000000000000 ) ) ;
#2194 = CIRCLE ( 'NONE', #9128, 6.000000000000032863 ) ;
#2195 = CARTESIAN_POINT ( 'NONE',  ( 67.00000000000014211, 389.5000000000000568, 18.00000000000000000 ) ) ;
#2196 = EDGE_CURVE ( 'NONE', #5156, #2647, #4399, .T. ) ;
#2197 = FACE_BOUND ( 'NONE', #3545, .T. ) ;
#2198 = CARTESIAN_POINT ( 'NONE',  ( 276.0000000000001137, 212.4999999999999716, 18.00000000000000000 ) ) ;
#2199 = CIRCLE ( 'NONE', #6963, 2.999999999999891642 ) ;
#2200 = EDGE_LOOP ( 'NONE', ( #5741, #6314 ) ) ;
#2201 = AXIS2_PLACEMENT_3D ( 'NONE', #6288, #416, #8564 ) ;
#2202 = ORIENTED_EDGE ( 'NONE', *, *, #7035, .F. ) ;
#2203 = FACE_OUTER_BOUND ( 'NONE', #846, .T. ) ;
#2204 = DIRECTION ( 'NONE',  ( 0.000000000000000000, 0.000000000000000000, 1.000000000000000000 ) ) ;
#2205 = DIRECTION ( 'NONE',  ( 1.000000000000000000, 0.000000000000000000, 0.000000000000000000 ) ) ;
#2206 = CIRCLE ( 'NONE', #1603, 2.499999999999946709 ) ;
#2207 = DIRECTION ( 'NONE',  ( -1.000000000000000000, 0.000000000000000000, 0.000000000000000000 ) ) ;
#2208 = FACE_OUTER_BOUND ( 'NONE', #5859, .T. ) ;
#2209 = CIRCLE ( 'NONE', #3329, 3.000000000000002665 ) ;
#2210 = ORIENTED_EDGE ( 'NONE', *, *, #8391, .T. ) ;
#2211 = VERTEX_POINT ( 'NONE', #8379 ) ;
#2212 = DIRECTION ( 'NONE',  ( 0.000000000000000000, 1.000000000000000000, 0.000000000000000000 ) ) ;
#2213 = PLANE ( 'NONE',  #595 ) ;
#2214 = ORIENTED_EDGE ( 'NONE', *, *, #423, .F. ) ;
#2215 = FACE_OUTER_BOUND ( 'NONE', #5653, .T. ) ;
#2216 = AXIS2_PLACEMENT_3D ( 'NONE', #329, #372, #3344 ) ;
#2217 = AXIS2_PLACEMENT_3D ( 'NONE', #4170, #1124, #9251 ) ;
#2218 = ORIENTED_EDGE ( 'NONE', *, *, #7166, .T. ) ;
#2219 = EDGE_CURVE ( 'NONE', #5621, #5054, #4869, .T. ) ;
#2220 = CARTESIAN_POINT ( 'NONE',  ( 500.0000000000000000, 482.5000000000000000, 0.000000000000000000 ) ) ;
#2221 = CARTESIAN_POINT ( 'NONE',  ( 40.00000000000000000, 50.00000000000000000, 18.00000000000000000 ) ) ;
#2222 = EDGE_CURVE ( 'NONE', #8924, #6070, #5201, .T. ) ;
#2223 = VECTOR ( 'NONE', #6844, 1000.000000000000000 ) ;
#2224 = FACE_OUTER_BOUND ( 'NONE', #2100, .T. ) ;
#2225 = DIRECTION ( 'NONE',  ( 0.000000000000000000, -0.000000000000000000, -1.000000000000000000 ) ) ;
#2226 = DIRECTION ( 'NONE',  ( 0.000000000000000000, 1.000000000000000000, 0.000000000000000000 ) ) ;
#2227 = VERTEX_POINT ( 'NONE', #6173 ) ;
#2228 = ORIENTED_EDGE ( 'NONE', *, *, #2102, .F. ) ;
#2229 = ORIENTED_EDGE ( 'NONE', *, *, #8176, .T. ) ;
#2230 = LINE ( 'NONE', #8300, #4208 ) ;
#2231 = EDGE_CURVE ( 'NONE', #6776, #4465, #5434, .T. ) ;
#2232 = CARTESIAN_POINT ( 'NONE',  ( 40.00000000000000000, 50.00000000000000000, 14.99999999999999289 ) ) ;
#2233 = LINE ( 'NONE', #7729, #6748 ) ;
#2234 = CLOSED_SHELL ( 'NONE', ( #7036, #1755, #3997, #3266, #2104, #5584, #1120, #74, #327, #3619, #4667, #1129, #6458, #2001, #7521, #7259, #676, #8077, #3175, #4140, #6554, #2927, #8682, #8227, #4179, #7811, #522, #1501, #42, #1582, #1005, #2728, #5688, #9054, #775, #770, #3903, #1066, #1325, #5062, #4326, #5438, #1374, #1222, #9145, #315, #4833, #2320, #4923, #5289, #6502, #8521, #1426, #6697, #1617, #7154, #3562, #5782, #9439, #9196, #7204, #5162, #9401, #2085, #4101, #6016, #5825, #6350, #3477, #7504, #2144, #1340, #1656, #2152, #276, #7145, #6757, #5531, #8135, #6840, #5494, #8725, #4864, #7350, #4484, #2012, #9356, #667, #9413, #8374, #7708, #2776, #7943, #2830, #4035, #5538, #7896, #6566, #424, #4714, #7106, #4343, #2053, #5197, #5669, #8912, #2279, #7605, #4620, #8476, #5872, #5182, #8965, #2666, #6420, #2820, #2364, #1477, #2624, #2863, #9543, #2978, #1368, #5769, #1666, #9500, #219, #7382, #5008, #4415, #7482, #133, #4379, #531, #7284, #6002, #3443, #4821, #6922, #2478, #641, #4088, #9489, #4239, #3758, #7336, #1847, #5973, #4374, #2308 ) ) ;
#2235 = LINE ( 'NONE', #3337, #7445 ) ;
#2236 = VERTEX_POINT ( 'NONE', #1750 ) ;
#2237 = FILL_AREA_STYLE ('',( #2318 ) ) ;
#2238 = FACE_OUTER_BOUND ( 'NONE', #1977, .T. ) ;
#2239 = CARTESIAN_POINT ( 'NONE',  ( 35.85786437626909873, 24.87258300203026451, 11.99999999999999822 ) ) ;
#2240 = EDGE_CURVE ( 'NONE', #6773, #6749, #551, .T. ) ;
#2241 = ADVANCED_FACE ( 'NONE', ( #1270 ), #1502, .F. ) ;
#2242 = EDGE_LOOP ( 'NONE', ( #6737, #7188, #5501, #3166, #8222, #8319 ) ) ;
#2243 = FACE_OUTER_BOUND ( 'NONE', #3791, .T. ) ;
#2244 = ORIENTED_EDGE ( 'NONE', *, *, #5074, .T. ) ;
#2245 = EDGE_LOOP ( 'NONE', ( #6883, #2124, #1405, #972 ) ) ;
#2246 = ORIENTED_EDGE ( 'NONE', *, *, #6550, .T. ) ;
#2247 = CIRCLE ( 'NONE', #4490, 3.000000000000002665 ) ;
#2248 = AXIS2_PLACEMENT_3D ( 'NONE', #5851, #5055, #2867 ) ;
#2249 = CARTESIAN_POINT ( 'NONE',  ( -2.149836661387515751E-17, -1.846330309191697333E-16, 15.00000000000000000 ) ) ;
#2250 = EDGE_CURVE ( 'NONE', #2345, #1165, #444, .T. ) ;
#2251 = EDGE_LOOP ( 'NONE', ( #3550, #6028, #8120, #3763 ) ) ;
#2252 = FACE_BOUND ( 'NONE', #9139, .T. ) ;
#2253 = ORIENTED_EDGE ( 'NONE', *, *, #5713, .F. ) ;
#2254 = CARTESIAN_POINT ( 'NONE',  ( 63.09449189287384741, 0.000000000000000000, 0.000000000000000000 ) ) ;
#2255 = DIRECTION ( 'NONE',  ( 0.000000000000000000, 0.000000000000000000, 1.000000000000000000 ) ) ;
#2256 = ORIENTED_EDGE ( 'NONE', *, *, #4719, .T. ) ;
#2257 = CARTESIAN_POINT ( 'NONE',  ( 3.000000000000000888, 56.00000000000000000, 6.000000000000000000 ) ) ;
#2258 = AXIS2_PLACEMENT_3D ( 'NONE', #8409, #7024, #2588 ) ;
#2259 = DIRECTION ( 'NONE',  ( -0.000000000000000000, -0.000000000000000000, -1.000000000000000000 ) ) ;
#2260 =( LENGTH_UNIT ( ) NAMED_UNIT ( * ) SI_UNIT ( .MILLI., .METRE. ) );
#2261 = EDGE_LOOP ( 'NONE', ( #7683, #7400 ) ) ;
#2262 = ORIENTED_EDGE ( 'NONE', *, *, #8358, .T. ) ;
#2263 = ORIENTED_EDGE ( 'NONE', *, *, #7844, .F. ) ;
#2264 = DIRECTION ( 'NONE',  ( 0.1713727001804919992, 0.9852062716166839484, 0.000000000000000000 ) ) ;
#2265 = ORIENTED_EDGE ( 'NONE', *, *, #2736, .F. ) ;
#2266 = CARTESIAN_POINT ( 'NONE',  ( 1500.000000000000000, 0.000000000000000000, 0.000000000000000000 ) ) ;
#2267 = AXIS2_PLACEMENT_3D ( 'NONE', #8155, #9335, #71 ) ;
#2268 = PRODUCT_DEFINITION_SHAPE ( 'NONE', 'NONE',  #9596 ) ;
#2269 = PRESENTATION_LAYER_ASSIGNMENT (  '', '', ( #3098 ) ) ;
#2270 = EDGE_CURVE ( 'NONE', #5611, #4128, #311, .T. ) ;
#2271 = CARTESIAN_POINT ( 'NONE',  ( 276.0000000000001137, 212.4999999999999716, 0.000000000000000000 ) ) ;
#2272 = CARTESIAN_POINT ( 'NONE',  ( 58.01941254751481836, 5.421010862427522170E-17, 0.000000000000000000 ) ) ;
#2273 = EDGE_CURVE ( 'NONE', #4225, #5270, #8173, .T. ) ;
#2274 = DIRECTION ( 'NONE',  ( 1.000000000000000000, 0.000000000000000000, 0.000000000000000000 ) ) ;
#2275 = DIRECTION ( 'NONE',  ( 0.000000000000000000, 0.000000000000000000, 1.000000000000000000 ) ) ;
#2276 =( LENGTH_UNIT ( ) NAMED_UNIT ( * ) SI_UNIT ( .MILLI., .METRE. ) );
#2277 = DIRECTION ( 'NONE',  ( 0.000000000000000000, 0.000000000000000000, 1.000000000000000000 ) ) ;
#2278 = EDGE_CURVE ( 'NONE', #9362, #1095, #6597, .T. ) ;
#2279 = ADVANCED_FACE ( 'NONE', ( #3244 ), #3933, .F. ) ;
#2280 = CARTESIAN_POINT ( 'NONE',  ( 43.24131847326456324, 2.570590502707379876, 16.00000000000000000 ) ) ;
#2281 = CARTESIAN_POINT ( 'NONE',  ( 747.5000000000000000, 347.5000000000000000, 0.000000000000000000 ) ) ;
#2282 = AXIS2_PLACEMENT_3D ( 'NONE', #5276, #8270, #5998 ) ;
#2283 = CARTESIAN_POINT ( 'NONE',  ( -441.9999999999999432, 55.00000000000000000, 0.000000000000000000 ) ) ;
#2284 = CYLINDRICAL_SURFACE ( 'NONE', #5639, 2.499999999999946709 ) ;
#2285 = DIRECTION ( 'NONE',  ( 1.000000000000000000, 0.000000000000000000, 0.000000000000000000 ) ) ;
#2286 = DIRECTION ( 'NONE',  ( 0.000000000000000000, 1.000000000000000000, 0.000000000000000000 ) ) ;
#2287 =( LENGTH_UNIT ( ) NAMED_UNIT ( * ) SI_UNIT ( .MILLI., .METRE. ) );
#2288 = FACE_OUTER_BOUND ( 'NONE', #5160, .T. ) ;
#2289 = EDGE_LOOP ( 'NONE', ( #5822, #6879, #5256, #8689 ) ) ;
#2290 = ORIENTED_EDGE ( 'NONE', *, *, #6250, .T. ) ;
#2291 = EDGE_CURVE ( 'NONE', #7532, #2413, #5891, .T. ) ;
#2292 = AXIS2_PLACEMENT_3D ( 'NONE', #8779, #1471, #1527 ) ;
#2293 = ITEM_DEFINED_TRANSFORMATION ( 'NONE', 'NONE', #8141,  #6183 ) ;
#2294 = FACE_BOUND ( 'NONE', #3858, .T. ) ;
#2295 = VECTOR ( 'NONE', #2106, 1000.000000000000000 ) ;
#2296 = ORIENTED_EDGE ( 'NONE', *, *, #5668, .T. ) ;
#2297 = ORIENTED_EDGE ( 'NONE', *, *, #8458, .T. ) ;
#2298 = CARTESIAN_POINT ( 'NONE',  ( 276.0000000000001137, 627.5000000000001137, 18.00000000000000000 ) ) ;
#2299 = CARTESIAN_POINT ( 'NONE',  ( 997.0000000000001137, 482.5000000000000000, 18.00000000000000000 ) ) ;
#2300 = AXIS2_PLACEMENT_3D ( 'NONE', #1249, #3529, #5770 ) ;
#2301 = DIRECTION ( 'NONE',  ( -0.000000000000000000, -0.000000000000000000, -1.000000000000000000 ) ) ;
#2302 = AXIS2_PLACEMENT_3D ( 'NONE', #4365, #723, #8066 ) ;
#2303 = FACE_BOUND ( 'NONE', #1186, .T. ) ;
#2304 = CIRCLE ( 'NONE', #6552, 3.000000000000002665 ) ;
#2305 = ORIENTED_EDGE ( 'NONE', *, *, #1067, .T. ) ;
#2306 = DIRECTION ( 'NONE',  ( -0.000000000000000000, -0.000000000000000000, -1.000000000000000000 ) ) ;
#2307 = EDGE_LOOP ( 'NONE', ( #3510, #6491 ) ) ;
#2308 = ADVANCED_FACE ( 'NONE', ( #4629, #8060, #9097 ), #143, .T. ) ;
#2309 = FACE_OUTER_BOUND ( 'NONE', #2612, .T. ) ;
#2310 = LINE ( 'NONE', #4834, #332 ) ;
#2311 = CYLINDRICAL_SURFACE ( 'NONE', #1961, 4.000000000000003553 ) ;
#2312 = ORIENTED_EDGE ( 'NONE', *, *, #9066, .T. ) ;
#2313 = VERTEX_POINT ( 'NONE', #891 ) ;
#2314 = CARTESIAN_POINT ( 'NONE',  ( 750.0000000000000000, 67.50000000000000000, 18.00000000000000000 ) ) ;
#2315 = ORIENTED_EDGE ( 'NONE', *, *, #8519, .F. ) ;
#2316 = CARTESIAN_POINT ( 'NONE',  ( 43.24131847326456324, 2.570590502707379432, 0.000000000000000000 ) ) ;
#2317 = LINE ( 'NONE', #4055, #694 ) ;
#2318 = FILL_AREA_STYLE_COLOUR ( '', #4750 ) ;
#2319 = AXIS2_PLACEMENT_3D ( 'NONE', #9184, #3309, #8478 ) ;
#2320 = ADVANCED_FACE ( 'NONE', ( #1973 ), #4978, .F. ) ;
#2321 = FACE_OUTER_BOUND ( 'NONE', #2584, .T. ) ;
#2322 = EDGE_LOOP ( 'NONE', ( #6481, #454, #5992, #8093 ) ) ;
#2323 = EDGE_LOOP ( 'NONE', ( #9303, #7641 ) ) ;
#2324 = ORIENTED_EDGE ( 'NONE', *, *, #7349, .T. ) ;
#2325 = CIRCLE ( 'NONE', #4146, 3.000000000000000888 ) ;
#2326 = VERTEX_POINT ( 'NONE', #7021 ) ;
#2327 = DIRECTION ( 'NONE',  ( -1.000000000000000000, 0.000000000000000000, 0.000000000000000000 ) ) ;
#2328 = CARTESIAN_POINT ( 'NONE',  ( -42.00000000000000711, 80.00000000000000000, 0.000000000000000000 ) ) ;
#2329 = ORIENTED_EDGE ( 'NONE', *, *, #4249, .F. ) ;
#2330 = ORIENTED_EDGE ( 'NONE', *, *, #7329, .F. ) ;
#2331 = AXIS2_PLACEMENT_3D ( 'NONE', #319, #1913, #9318 ) ;
#2332 = ORIENTED_EDGE ( 'NONE', *, *, #291, .T. ) ;
#2333 = EDGE_CURVE ( 'NONE', #1667, #5679, #8876, .T. ) ;
#2334 = EDGE_CURVE ( 'NONE', #3387, #7931, #6934, .T. ) ;
#2335 = CYLINDRICAL_SURFACE ( 'NONE', #7397, 3.000000000000000888 ) ;
#2336 = CARTESIAN_POINT ( 'NONE',  ( 0.000000000000000000, 18.00000000000000000, 0.000000000000000000 ) ) ;
#2337 = DIRECTION ( 'NONE',  ( 0.000000000000000000, 1.000000000000000000, -0.000000000000000000 ) ) ;
#2338 = EDGE_CURVE ( 'NONE', #4670, #4275, #5652, .T. ) ;
#2339 = DIRECTION ( 'NONE',  ( -1.000000000000000000, 0.000000000000000000, 0.000000000000000000 ) ) ;
#2340 = CARTESIAN_POINT ( 'NONE',  ( 1474.384776310850384, 29.11522368914954839, 18.00000000000000000 ) ) ;
#2341 = ORIENTED_EDGE ( 'NONE', *, *, #6806, .T. ) ;
#2342 = DIRECTION ( 'NONE',  ( 0.000000000000000000, 0.000000000000000000, 1.000000000000000000 ) ) ;
#2343 = FACE_OUTER_BOUND ( 'NONE', #2725, .T. ) ;
#2344 = EDGE_LOOP ( 'NONE', ( #4092, #8495, #7892, #3182 ) ) ;
#2345 = VERTEX_POINT ( 'NONE', #1098 ) ;
#2346 = VERTEX_POINT ( 'NONE', #5552 ) ;
#2347 = EDGE_LOOP ( 'NONE', ( #8596, #2529 ) ) ;
#2348 = CYLINDRICAL_SURFACE ( 'NONE', #9044, 2.999999999999994671 ) ;
#2349 = EDGE_CURVE ( 'NONE', #3901, #6702, #8053, .T. ) ;
#2350 = CARTESIAN_POINT ( 'NONE',  ( 1002.999999999999886, 347.5000000000000000, 18.00000000000000000 ) ) ;
#2351 = CARTESIAN_POINT ( 'NONE',  ( 1319.999999999999773, 35.49999999999997868, 18.00000000000000000 ) ) ;
#2352 = ADVANCED_BREP_SHAPE_REPRESENTATION ( '', ( #6580, #6183 ), #3711 ) ;
#2353 = ORIENTED_EDGE ( 'NONE', *, *, #1446, .T. ) ;
#2354 = CARTESIAN_POINT ( 'NONE',  ( 1423.129942314910977, 620.6299423149113181, 18.00000000000000000 ) ) ;
#2355 = FACE_OUTER_BOUND ( 'NONE', #5436, .T. ) ;
#2356 = ORIENTED_EDGE ( 'NONE', *, *, #8199, .T. ) ;
#2357 = ORIENTED_EDGE ( 'NONE', *, *, #746, .F. ) ;
#2358 = DIRECTION ( 'NONE',  ( 1.000000000000000000, 0.000000000000000000, 0.000000000000000000 ) ) ;
#2359 = EDGE_CURVE ( 'NONE', #4116, #1413, #3821, .T. ) ;
#2360 = ORIENTED_EDGE ( 'NONE', *, *, #2485, .T. ) ;
#2361 = CIRCLE ( 'NONE', #5968, 4.000000000000003553 ) ;
#2362 = DIRECTION ( 'NONE',  ( 1.000000000000000000, 0.000000000000000000, 0.000000000000000000 ) ) ;
#2363 = PRODUCT_DEFINITION_CONTEXT ( 'detailed design', #458, 'design' ) ;
#2364 = ADVANCED_FACE ( 'NONE', ( #5191 ), #2401, .F. ) ;
#2365 = ORIENTED_EDGE ( 'NONE', *, *, #6870, .T. ) ;
#2366 = ORIENTED_EDGE ( 'NONE', *, *, #7684, .F. ) ;
#2367 = AXIS2_PLACEMENT_3D ( 'NONE', #1555, #5943, #6624 ) ;
#2368 = DIRECTION ( 'NONE',  ( -0.000000000000000000, -0.000000000000000000, -1.000000000000000000 ) ) ;
#2369 = ORIENTED_EDGE ( 'NONE', *, *, #4393, .T. ) ;
#2370 = CARTESIAN_POINT ( 'NONE',  ( 747.5000000000000000, 347.5000000000000000, 18.00000000000000000 ) ) ;
#2371 = CARTESIAN_POINT ( 'NONE',  ( 503.0000000000000000, 212.4999999999999716, 18.00000000000000000 ) ) ;
#2372 = EDGE_CURVE ( 'NONE', #7, #6792, #6881, .T. ) ;
#2373 = DIRECTION ( 'NONE',  ( 0.000000000000000000, 0.000000000000000000, 1.000000000000000000 ) ) ;
#2374 = ORIENTED_EDGE ( 'NONE', *, *, #3496, .F. ) ;
#2375 = EDGE_LOOP ( 'NONE', ( #116, #4655, #135, #7585 ) ) ;
#2376 = ADVANCED_FACE ( 'NONE', ( #9458 ), #9116, .T. ) ;
#2377 = CARTESIAN_POINT ( 'NONE',  ( 747.0000000000000000, 517.5000000000000000, 18.00000000000000000 ) ) ;
#2378 = CARTESIAN_POINT ( 'NONE',  ( 750.0000000000000000, 36.00000000000000000, 347.4999999999999432 ) ) ;
#2379 = EDGE_CURVE ( 'NONE', #2998, #2733, #3693, .T. ) ;
#2380 = AXIS2_PLACEMENT_3D ( 'NONE', #5173, #6664, #2225 ) ;
#2381 = CARTESIAN_POINT ( 'NONE',  ( 52.50000000000000711, 111.5000000000000426, 0.000000000000000000 ) ) ;
#2382 = DIRECTION ( 'NONE',  ( -0.000000000000000000, -0.000000000000000000, -1.000000000000000000 ) ) ;
#2383 = DIRECTION ( 'NONE',  ( 0.000000000000000000, 0.000000000000000000, -1.000000000000000000 ) ) ;
#2384 = AXIS2_PLACEMENT_3D ( 'NONE', #7900, #3394, #8852 ) ;
#2385 = AXIS2_PLACEMENT_3D ( 'NONE', #1211, #6375, #7104 ) ;
#2386 = DIRECTION ( 'NONE',  ( 0.000000000000000000, -1.000000000000000000, 0.000000000000000000 ) ) ;
#2387 = EDGE_CURVE ( 'NONE', #7097, #5380, #5775, .T. ) ;
#2388 = DIRECTION ( 'NONE',  ( -0.000000000000000000, -0.000000000000000000, 1.000000000000000000 ) ) ;
#2389 = EDGE_CURVE ( 'NONE', #1845, #5733, #7054, .T. ) ;
#2390 = CARTESIAN_POINT ( 'NONE',  ( 750.0000000000000000, 627.5000000000000000, 18.00000000000000000 ) ) ;
#2391 = CARTESIAN_POINT ( 'NONE',  ( 752.5000000000000000, 67.50000000000000000, 18.00000000000000000 ) ) ;
#2392 = VECTOR ( 'NONE', #1679, 1000.000000000000000 ) ;
#2393 = EDGE_LOOP ( 'NONE', ( #5137, #6317, #8202, #8252 ) ) ;
#2394 = DIRECTION ( 'NONE',  ( -1.000000000000000000, 0.000000000000000000, 0.000000000000000000 ) ) ;
#2395 = EDGE_CURVE ( 'NONE', #8331, #1614, #5087, .T. ) ;
#2396 = SHAPE_DEFINITION_REPRESENTATION ( #3536, #634 ) ;
#2397 = DIRECTION ( 'NONE',  ( -0.000000000000000000, -0.000000000000000000, -1.000000000000000000 ) ) ;
#2398 = AXIS2_PLACEMENT_3D ( 'NONE', #2625, #2694, #7058 ) ;
#2399 = CARTESIAN_POINT ( 'NONE',  ( 102.3259018078048257, 108.3111831820440472, 11.99999999999999822 ) ) ;
#2400 = DIRECTION ( 'NONE',  ( 0.000000000000000000, 1.000000000000000000, 0.000000000000000000 ) ) ;
#2401 = CYLINDRICAL_SURFACE ( 'NONE', #9270, 2.500000000000002220 ) ;
#2402 = VERTEX_POINT ( 'NONE', #325 ) ;
#2403 = EDGE_CURVE ( 'NONE', #1079, #8200, #4860, .T. ) ;
#2404 = ORIENTED_EDGE ( 'NONE', *, *, #9325, .F. ) ;
#2405 = DIRECTION ( 'NONE',  ( 0.000000000000000000, 0.000000000000000000, 1.000000000000000000 ) ) ;
#2406 = DIRECTION ( 'NONE',  ( -0.000000000000000000, -0.000000000000000000, -1.000000000000000000 ) ) ;
#2407 = PLANE ( 'NONE',  #3471 ) ;
#2408 = DIRECTION ( 'NONE',  ( 0.000000000000000000, 0.000000000000000000, 1.000000000000000000 ) ) ;
#2409 = MANIFOLD_SOLID_BREP ( 'Chaflán1', #8413 ) ;
#2410 = VECTOR ( 'NONE', #4479, 1000.000000000000000 ) ;
#2411 = LINE ( 'NONE', #2669, #7908 ) ;
#2412 = EDGE_LOOP ( 'NONE', ( #5588, #225 ) ) ;
#2413 = VERTEX_POINT ( 'NONE', #6488 ) ;
#2414 = AXIS2_PLACEMENT_3D ( 'NONE', #6268, #8308, #3215 ) ;
#2415 = ADVANCED_FACE ( 'NONE', ( #4388 ), #7731, .T. ) ;
#2416 = VECTOR ( 'NONE', #8381, 1000.000000000000000 ) ;
#2417 = PRODUCT_DEFINITION_SHAPE ( 'NONE', 'NONE',  #9597 ) ;
#2418 = DIRECTION ( 'NONE',  ( -0.000000000000000000, -0.000000000000000000, -1.000000000000000000 ) ) ;
#2419 = CARTESIAN_POINT ( 'NONE',  ( 1429.999999999999773, 517.5000000000001137, 0.000000000000000000 ) ) ;
#2420 = LINE ( 'NONE', #5484, #685 ) ;
#2421 = DIRECTION ( 'NONE',  ( -0.000000000000000000, -0.000000000000000000, -1.000000000000000000 ) ) ;
#2422 = LINE ( 'NONE', #2932, #4998 ) ;
#2423 = VECTOR ( 'NONE', #7422, 1000.000000000000000 ) ;
#2424 = ORIENTED_EDGE ( 'NONE', *, *, #6646, .T. ) ;
#2425 = DIRECTION ( 'NONE',  ( 0.1156569635167078725, 0.9932892160846682472, 0.000000000000000000 ) ) ;
#2426 = DIRECTION ( 'NONE',  ( -1.000000000000000000, 0.000000000000000000, 0.000000000000000000 ) ) ;
#2427 = ORIENTED_EDGE ( 'NONE', *, *, #103, .F. ) ;
#2428 = DIRECTION ( 'NONE',  ( -0.000000000000000000, -0.000000000000000000, -1.000000000000000000 ) ) ;
#2429 = AXIS2_PLACEMENT_3D ( 'NONE', #2948, #9547, #2139 ) ;
#2430 = DIRECTION ( 'NONE',  ( 1.000000000000000000, 0.000000000000000000, 0.000000000000000000 ) ) ;
#2431 = AXIS2_PLACEMENT_3D ( 'NONE', #5198, #8079, #2186 ) ;
#2432 = DIRECTION ( 'NONE',  ( 0.000000000000000000, 0.000000000000000000, -1.000000000000000000 ) ) ;
#2433 = LINE ( 'NONE', #3103, #1878 ) ;
#2434 = CARTESIAN_POINT ( 'NONE',  ( -266.4999999999998863, 80.00000000000000000, 9.000000000000000000 ) ) ;
#2435 = FACE_BOUND ( 'NONE', #9289, .T. ) ;
#2436 = LINE ( 'NONE', #5773, #9123 ) ;
#2437 = CARTESIAN_POINT ( 'NONE',  ( 666.4999999999997726, 80.00000000000000000, 9.000000000000000000 ) ) ;
#2438 = DIRECTION ( 'NONE',  ( 0.000000000000000000, 0.000000000000000000, 1.000000000000000000 ) ) ;
#2439 = ORIENTED_EDGE ( 'NONE', *, *, #9559, .T. ) ;
#2440 = ORIENTED_EDGE ( 'NONE', *, *, #8804, .T. ) ;
#2441 = EDGE_LOOP ( 'NONE', ( #5064, #351, #438, #4880 ) ) ;
#2442 = DIRECTION ( 'NONE',  ( 0.7071067811865429098, 0.000000000000000000, 0.7071067811865522357 ) ) ;
#2443 = CIRCLE ( 'NONE', #6305, 2.499999999999946709 ) ;
#2444 = FILL_AREA_STYLE_COLOUR ( '', #1969 ) ;
#2445 = ORIENTED_EDGE ( 'NONE', *, *, #4267, .T. ) ;
#2446 = CIRCLE ( 'NONE', #8212, 3.000000000000000888 ) ;
#2447 = CARTESIAN_POINT ( 'NONE',  ( 70.00000000000014211, 389.5000000000000568, 0.000000000000000000 ) ) ;
#2448 = CARTESIAN_POINT ( 'NONE',  ( 1223.999999999999773, 482.5000000000000000, 18.00000000000000000 ) ) ;
#2449 = EDGE_LOOP ( 'NONE', ( #9152, #6037, #9382, #7434 ) ) ;
#2450 = ORIENTED_EDGE ( 'NONE', *, *, #534, .T. ) ;
#2451 = ORIENTED_EDGE ( 'NONE', *, *, #3356, .F. ) ;
#2452 = EDGE_LOOP ( 'NONE', ( #3733, #8245 ) ) ;
#2453 = DIRECTION ( 'NONE',  ( 1.000000000000000000, 0.000000000000000000, 0.000000000000000000 ) ) ;
#2454 = CYLINDRICAL_SURFACE ( 'NONE', #3760, 3.000000000000058176 ) ;
#2455 = CARTESIAN_POINT ( 'NONE',  ( 1447.500000000000000, 111.5000000000000426, 18.00000000000000000 ) ) ;
#2456 = AXIS2_PLACEMENT_3D ( 'NONE', #5066, #5795, #2860 ) ;
#2457 = AXIS2_PLACEMENT_3D ( 'NONE', #5860, #7266, #2923 ) ;
#2458 = EDGE_CURVE ( 'NONE', #7, #2823, #9086, .T. ) ;
#2459 = EDGE_CURVE ( 'NONE', #6792, #3555, #1619, .T. ) ;
#2460 = EDGE_LOOP ( 'NONE', ( #3090, #6482, #2796, #8482 ) ) ;
#2461 = CIRCLE ( 'NONE', #3173, 2.999999999999891642 ) ;
#2462 = DIRECTION ( 'NONE',  ( -1.000000000000000000, 0.000000000000000000, 0.000000000000000000 ) ) ;
#2463 = ORIENTED_EDGE ( 'NONE', *, *, #3727, .F. ) ;
#2464 = CARTESIAN_POINT ( 'NONE',  ( 85.46958070007262620, 725.0000000000000000, 9.500000000000000000 ) ) ;
#2465 = CIRCLE ( 'NONE', #3261, 4.000000000000003553 ) ;
#2466 = CARTESIAN_POINT ( 'NONE',  ( 1464.142135623731292, 670.1274169979692488, 11.99999999999999822 ) ) ;
#2467 = PLANE ( 'NONE',  #1290 ) ;
#2468 = EDGE_CURVE ( 'NONE', #4275, #3412, #7505, .T. ) ;
#2469 = AXIS2_PLACEMENT_3D ( 'NONE', #3205, #6097, #4683 ) ;
#2470 = VERTEX_POINT ( 'NONE', #4148 ) ;
#2471 = CIRCLE ( 'NONE', #7084, 4.000000000000003553 ) ;
#2472 = ORIENTED_EDGE ( 'NONE', *, *, #7564, .T. ) ;
#2473 = ORIENTED_EDGE ( 'NONE', *, *, #5440, .T. ) ;
#2474 = CARTESIAN_POINT ( 'NONE',  ( 500.0000000000000000, 212.4999999999999716, 0.000000000000000000 ) ) ;
#2475 = VERTEX_POINT ( 'NONE', #7178 ) ;
#2476 = VECTOR ( 'NONE', #1379, 1000.000000000000000 ) ;
#2477 = AXIS2_PLACEMENT_3D ( 'NONE', #5748, #5678, #7249 ) ;
#2478 = ADVANCED_FACE ( 'NONE', ( #3592, #7163, #4163 ), #557, .T. ) ;
#2479 = CARTESIAN_POINT ( 'NONE',  ( 27.37258300203042793, 33.35786437626883583, 11.99999999999999822 ) ) ;
#2480 = DIRECTION ( 'NONE',  ( 0.000000000000000000, -0.000000000000000000, 1.000000000000000000 ) ) ;
#2481 = SURFACE_STYLE_USAGE ( .BOTH. , #8343 ) ;
#2482 = VECTOR ( 'NONE', #6444, 1000.000000000000000 ) ;
#2483 = ORIENTED_EDGE ( 'NONE', *, *, #5058, .T. ) ;
#2484 = ORIENTED_EDGE ( 'NONE', *, *, #3099, .F. ) ;
#2485 = EDGE_CURVE ( 'NONE', #6337, #7883, #5425, .T. ) ;
#2486 = ORIENTED_EDGE ( 'NONE', *, *, #6011, .F. ) ;
#2487 = CARTESIAN_POINT ( 'NONE',  ( 799.9999999999998863, 0.000000000000000000, -400.0000000000000000 ) ) ;
#2488 = DIRECTION ( 'NONE',  ( 0.000000000000000000, 0.000000000000000000, 1.000000000000000000 ) ) ;
#2489 = ORIENTED_EDGE ( 'NONE', *, *, #6874, .F. ) ;
#2490 = ORIENTED_EDGE ( 'NONE', *, *, #9195, .F. ) ;
#2491 = CARTESIAN_POINT ( 'NONE',  ( 997.0000000000001137, 482.5000000000000000, 18.00000000000000000 ) ) ;
#2492 = AXIS2_PLACEMENT_3D ( 'NONE', #3045, #4528, #166 ) ;
#2493 = CARTESIAN_POINT ( 'NONE',  ( 1426.999999999999545, 347.5000000000000000, 18.00000000000000000 ) ) ;
#2494 = DIRECTION ( 'NONE',  ( 0.000000000000000000, 0.000000000000000000, 1.000000000000000000 ) ) ;
#2495 = ORIENTED_EDGE ( 'NONE', *, *, #2614, .T. ) ;
#2496 = CARTESIAN_POINT ( 'NONE',  ( 1319.999999999999773, 659.5000000000000000, 18.00000000000000000 ) ) ;
#2497 = DIRECTION ( 'NONE',  ( 0.000000000000000000, 1.000000000000000000, 0.000000000000000000 ) ) ;
#2498 = CARTESIAN_POINT ( 'NONE',  ( 496.9999999999999432, 347.5000000000000000, 18.00000000000000000 ) ) ;
#2499 = CARTESIAN_POINT ( 'NONE',  ( 1342.000000000000000, 56.00000000000000000, 9.000000000000000000 ) ) ;
#2500 = PLANE ( 'NONE',  #4674 ) ;
#2501 = CARTESIAN_POINT ( 'NONE',  ( 248.0944918928738048, 725.0000000000000000, 31.00000000000000000 ) ) ;
#2502 = DIRECTION ( 'NONE',  ( 0.7071067811865525687, 4.025281146911808244E-16, 0.7071067811865427988 ) ) ;
#2503 = AXIS2_PLACEMENT_3D ( 'NONE', #5569, #6287, #4026 ) ;
#2504 = EDGE_CURVE ( 'NONE', #2604, #6662, #3235, .T. ) ;
#2505 = CARTESIAN_POINT ( 'NONE',  ( 1189.000000000000000, 67.49999999999997158, 0.000000000000000000 ) ) ;
#2506 = CARTESIAN_POINT ( 'NONE',  ( 1429.999999999999773, 485.5000000000001705, 18.00000000000000000 ) ) ;
#2507 = DIRECTION ( 'NONE',  ( -0.000000000000000000, -0.000000000000000000, -1.000000000000000000 ) ) ;
#2508 = DIRECTION ( 'NONE',  ( 0.000000000000000000, 0.000000000000000000, 1.000000000000000000 ) ) ;
#2509 = LINE ( 'NONE', #4318, #296 ) ;
#2510 = CARTESIAN_POINT ( 'NONE',  ( 1189.000000000000000, 627.5000000000001137, 0.000000000000000000 ) ) ;
#2511 = ADVANCED_FACE ( 'NONE', ( #1381 ), #8642, .T. ) ;
#2512 = AXIS2_PLACEMENT_3D ( 'NONE', #6740, #6802, #8948 ) ;
#2513 = PRODUCT_DEFINITION ( 'UNKNOWN', '', #4776, #2897 ) ;
#2514 = DIRECTION ( 'NONE',  ( 0.7071067811865526798, 0.7071067811865422437, 0.000000000000000000 ) ) ;
#2515 = EDGE_CURVE ( 'NONE', #3276, #381, #901, .T. ) ;
#2516 = CYLINDRICAL_SURFACE ( 'NONE', #3844, 2.499999999999946709 ) ;
#2517 = CARTESIAN_POINT ( 'NONE',  ( 144.9999999999999147, 730.0000000000000000, 18.49999999999998579 ) ) ;
#2518 = ORIENTED_EDGE ( 'NONE', *, *, #2338, .F. ) ;
#2519 = ORIENTED_EDGE ( 'NONE', *, *, #3265, .T. ) ;
#2520 = CARTESIAN_POINT ( 'NONE',  ( 273.5000000000001137, 67.49999999999988631, 18.00000000000000000 ) ) ;
#2521 = DIRECTION ( 'NONE',  ( 0.000000000000000000, 0.000000000000000000, -1.000000000000000000 ) ) ;
#2522 = EDGE_CURVE ( 'NONE', #6301, #1892, #7608, .T. ) ;
#2523 = DIRECTION ( 'NONE',  ( -1.000000000000000000, 0.000000000000000000, 0.000000000000000000 ) ) ;
#2524 = CARTESIAN_POINT ( 'NONE',  ( 276.0000000000001137, 67.49999999999988631, 0.000000000000000000 ) ) ;
#2525 = DIRECTION ( 'NONE',  ( -0.000000000000000000, -0.000000000000000000, -1.000000000000000000 ) ) ;
#2526 = FACE_BOUND ( 'NONE', #7767, .T. ) ;
#2527 = FACE_OUTER_BOUND ( 'NONE', #5226, .T. ) ;
#2528 = ORIENTED_EDGE ( 'NONE', *, *, #6220, .T. ) ;
#2529 = ORIENTED_EDGE ( 'NONE', *, *, #8000, .F. ) ;
#2530 = EDGE_CURVE ( 'NONE', #1094, #5656, #2646, .T. ) ;
#2531 = VECTOR ( 'NONE', #4626, 1000.000000000000000 ) ;
#2532 = DIRECTION ( 'NONE',  ( 1.000000000000000000, 0.000000000000000000, 0.000000000000000000 ) ) ;
#2533 = DIRECTION ( 'NONE',  ( -1.000000000000000000, 0.000000000000000000, 0.000000000000000000 ) ) ;
#2534 = APPLICATION_PROTOCOL_DEFINITION ( 'draft international standard', 'automotive_design', 1998, #5591 ) ;
#2535 = EDGE_CURVE ( 'NONE', #6308, #5458, #8984, .T. ) ;
#2536 = CIRCLE ( 'NONE', #3218, 3.000000000000006217 ) ;
#2537 = VECTOR ( 'NONE', #6446, 1000.000000000000000 ) ;
#2538 = ORIENTED_EDGE ( 'NONE', *, *, #7256, .F. ) ;
#2539 = PLANE ( 'NONE',  #1632 ) ;
#2540 = EDGE_LOOP ( 'NONE', ( #6000, #2296, #1722, #6826 ) ) ;
#2541 = CARTESIAN_POINT ( 'NONE',  ( 163.0944918928738616, -2.168404344971008868E-16, 31.00000000000000000 ) ) ;
#2542 = CYLINDRICAL_SURFACE ( 'NONE', #7413, 2.500000000000015987 ) ;
#2543 = DIRECTION ( 'NONE',  ( -0.000000000000000000, -0.000000000000000000, 1.000000000000000000 ) ) ;
#2544 = DIRECTION ( 'NONE',  ( -0.000000000000000000, -0.000000000000000000, -1.000000000000000000 ) ) ;
#2545 = CARTESIAN_POINT ( 'NONE',  ( 25.00000000000000000, 24.00000000000000000, 5.999999999999998224 ) ) ;
#2546 = DIRECTION ( 'NONE',  ( 1.000000000000000000, 0.000000000000000000, 0.000000000000000000 ) ) ;
#2547 = CIRCLE ( 'NONE', #777, 2.499999999999946709 ) ;
#2548 = AXIS2_PLACEMENT_3D ( 'NONE', #8042, #7371, #39 ) ;
#2549 = VECTOR ( 'NONE', #2886, 1000.000000000000000 ) ;
#2550 = FACE_OUTER_BOUND ( 'NONE', #3824, .T. ) ;
#2551 = ORIENTED_EDGE ( 'NONE', *, *, #1708, .F. ) ;
#2552 = ORIENTED_EDGE ( 'NONE', *, *, #6522, .F. ) ;
#2553 = EDGE_CURVE ( 'NONE', #7299, #1927, #8283, .T. ) ;
#2554 = ORIENTED_EDGE ( 'NONE', *, *, #6499, .T. ) ;
#2555 = VECTOR ( 'NONE', #7510, 1000.000000000000000 ) ;
#2556 = ORIENTED_EDGE ( 'NONE', *, *, #3862, .T. ) ;
#2557 = DIRECTION ( 'NONE',  ( 1.000000000000000000, 0.000000000000000000, 0.000000000000000000 ) ) ;
#2558 = DIRECTION ( 'NONE',  ( -0.000000000000000000, -0.000000000000000000, -1.000000000000000000 ) ) ;
#2559 = CARTESIAN_POINT ( 'NONE',  ( -248.4999999999996589, 0.000000000000000000, -9.000000000000000000 ) ) ;
#2560 = DIRECTION ( 'NONE',  ( -1.000000000000000000, 0.000000000000000000, 0.000000000000000000 ) ) ;
#2561 = FACE_OUTER_BOUND ( 'NONE', #553, .T. ) ;
#2562 = CARTESIAN_POINT ( 'NONE',  ( 1450.000000000000000, 47.49999999999998579, 0.000000000000000000 ) ) ;
#2563 = DIRECTION ( 'NONE',  ( 0.000000000000000000, 0.000000000000000000, 1.000000000000000000 ) ) ;
#2564 = FACE_OUTER_BOUND ( 'NONE', #6196, .T. ) ;
#2565 = ORIENTED_EDGE ( 'NONE', *, *, #1299, .F. ) ;
#2566 = ORIENTED_EDGE ( 'NONE', *, *, #7208, .T. ) ;
#2567 = ORIENTED_EDGE ( 'NONE', *, *, #5178, .T. ) ;
#2568 = AXIS2_PLACEMENT_3D ( 'NONE', #3426, #435, #6313 ) ;
#2569 = VECTOR ( 'NONE', #6615, 1000.000000000000000 ) ;
#2570 = DIRECTION ( 'NONE',  ( -0.000000000000000000, -0.000000000000000000, -1.000000000000000000 ) ) ;
#2571 = CARTESIAN_POINT ( 'NONE',  ( 70.00000000000017053, 209.4999999999998295, 0.000000000000000000 ) ) ;
#2572 = EDGE_CURVE ( 'NONE', #6416, #7703, #1844, .T. ) ;
#2573 = ADVANCED_FACE ( 'NONE', ( #3120 ), #3633, .T. ) ;
#2574 = DIRECTION ( 'NONE',  ( 0.000000000000000000, 0.000000000000000000, -1.000000000000000000 ) ) ;
#2575 = CARTESIAN_POINT ( 'NONE',  ( 204.5000000000001137, 20.00000000000000000, 9.000000000000000000 ) ) ;
#2576 = CIRCLE ( 'NONE', #4677, 2.499999999999946709 ) ;
#2577 = VERTEX_POINT ( 'NONE', #7307 ) ;
#2578 = ORIENTED_EDGE ( 'NONE', *, *, #240, .T. ) ;
#2579 = PRODUCT_CONTEXT ( 'NONE', #4037, 'mechanical' ) ;
#2580 = ORIENTED_EDGE ( 'NONE', *, *, #8303, .F. ) ;
#2581 = FACE_OUTER_BOUND ( 'NONE', #7481, .T. ) ;
#2582 = CARTESIAN_POINT ( 'NONE',  ( 1397.674098192195288, 108.3111831820441040, 11.99999999999999822 ) ) ;
#2583 = DIRECTION ( 'NONE',  ( 0.000000000000000000, 0.000000000000000000, 1.000000000000000000 ) ) ;
#2584 = EDGE_LOOP ( 'NONE', ( #7755, #4567, #6048, #4475 ) ) ;
#2585 = CARTESIAN_POINT ( 'NONE',  ( 441.9999999999999432, 80.00000000000000000, 2.999999999999994671 ) ) ;
#2586 = ADVANCED_FACE ( 'NONE', ( #6345 ), #6625, .F. ) ;
#2587 = LINE ( 'NONE', #162, #8340 ) ;
#2588 = DIRECTION ( 'NONE',  ( 1.000000000000000000, 0.000000000000000000, 0.000000000000000000 ) ) ;
#2589 = EDGE_LOOP ( 'NONE', ( #936, #4412, #4747, #2580 ) ) ;
#2590 = EDGE_LOOP ( 'NONE', ( #4739, #9028, #9126, #7874 ) ) ;
#2591 = AXIS2_PLACEMENT_3D ( 'NONE', #7806, #391, #4160 ) ;
#2592 = PRODUCT_DEFINITION_SHAPE ( 'NONE', 'NONE',  #9586 ) ;
#2593 = AXIS2_PLACEMENT_3D ( 'NONE', #2986, #1600, #4577 ) ;
#2594 = EDGE_LOOP ( 'NONE', ( #7464, #6425 ) ) ;
#2595 = EDGE_CURVE ( 'NONE', #2877, #8839, #7845, .T. ) ;
#2596 = EDGE_LOOP ( 'NONE', ( #5719, #188, #3743, #744 ) ) ;
#2597 = VECTOR ( 'NONE', #2544, 1000.000000000000000 ) ;
#2598 = EDGE_CURVE ( 'NONE', #6506, #1496, #3481, .T. ) ;
#2599 = DIRECTION ( 'NONE',  ( 0.000000000000000000, 0.000000000000000000, 1.000000000000000000 ) ) ;
#2600 = EDGE_LOOP ( 'NONE', ( #7394, #350 ) ) ;
#2601 = CARTESIAN_POINT ( 'NONE',  ( 42.00000000000000711, 80.00000000000000000, 0.000000000000000000 ) ) ;
#2602 = FACE_OUTER_BOUND ( 'NONE', #614, .T. ) ;
#2603 = EDGE_LOOP ( 'NONE', ( #5626, #1894 ) ) ;
#2604 = VERTEX_POINT ( 'NONE', #8841 ) ;
#2605 = ORIENTED_EDGE ( 'NONE', *, *, #1101, .T. ) ;
#2606 = FACE_OUTER_BOUND ( 'NONE', #274, .T. ) ;
#2607 = CARTESIAN_POINT ( 'NONE',  ( 110.8111831820434645, 99.82590180780547939, 18.00000000000000000 ) ) ;
#2608 = EDGE_CURVE ( 'NONE', #6465, #8995, #9561, .T. ) ;
#2609 = CARTESIAN_POINT ( 'NONE',  ( 1472.627416997969704, 33.35786437626904188, 11.99999999999999822 ) ) ;
#2610 = AXIS2_PLACEMENT_3D ( 'NONE', #6326, #1905, #8471 ) ;
#2611 = DIRECTION ( 'NONE',  ( -1.000000000000000000, 0.000000000000000000, 0.000000000000000000 ) ) ;
#2612 = EDGE_LOOP ( 'NONE', ( #2641, #940, #448, #902 ) ) ;
#2613 = ORIENTED_EDGE ( 'NONE', *, *, #1400, .T. ) ;
#2614 = EDGE_CURVE ( 'NONE', #1349, #7003, #1966, .T. ) ;
#2615 = PLANE ( 'NONE',  #3511 ) ;
#2616 = VERTEX_POINT ( 'NONE', #4429 ) ;
#2617 = DIRECTION ( 'NONE',  ( -0.000000000000000000, -0.000000000000000000, 1.000000000000000000 ) ) ;
#2618 = APPLICATION_CONTEXT ( 'automotive_design' ) ;
#2619 = ORIENTED_EDGE ( 'NONE', *, *, #6170, .F. ) ;
#2620 = ORIENTED_EDGE ( 'NONE', *, *, #4790, .F. ) ;
#2621 = CARTESIAN_POINT ( 'NONE',  ( 441.9999999999999432, 55.00000000000000000, 0.000000000000000000 ) ) ;
#2622 = AXIS2_PLACEMENT_3D ( 'NONE', #4222, #2751, #6508 ) ;
#2623 = CARTESIAN_POINT ( 'NONE',  ( 1447.500000000000000, 583.4999999999998863, 18.00000000000000000 ) ) ;
#2624 = ADVANCED_FACE ( 'NONE', ( #187 ), #784, .F. ) ;
#2625 = CARTESIAN_POINT ( 'NONE',  ( 921.0000000000000000, 55.00000000000000000, 9.000000000000000000 ) ) ;
#2626 = PRESENTATION_LAYER_ASSIGNMENT (  '', '', ( #7620 ) ) ;
#2627 = PLANE ( 'NONE',  #63 ) ;
#2628 = AXIS2_PLACEMENT_3D ( 'NONE', #4876, #422, #1832 ) ;
#2629 = CARTESIAN_POINT ( 'NONE',  ( 1472.627416997969476, 661.6421356237309510, 11.99999999999999822 ) ) ;
#2630 = CARTESIAN_POINT ( 'NONE',  ( 666.4999999999997726, 0.000000000000000000, 9.000000000000000000 ) ) ;
#2631 = DIRECTION ( 'NONE',  ( 1.000000000000000000, 0.000000000000000000, 0.000000000000000000 ) ) ;
#2632 = DIRECTION ( 'NONE',  ( -0.000000000000000000, -0.000000000000000000, -1.000000000000000000 ) ) ;
#2633 = DIRECTION ( 'NONE',  ( -0.000000000000000000, -0.000000000000000000, -1.000000000000000000 ) ) ;
#2634 = DIRECTION ( 'NONE',  ( -0.000000000000000000, -0.000000000000000000, -1.000000000000000000 ) ) ;
#2635 = CARTESIAN_POINT ( 'NONE',  ( 0.000000000000000000, 0.000000000000000000, 0.000000000000000000 ) ) ;
#2636 =( NAMED_UNIT ( * ) PLANE_ANGLE_UNIT ( ) SI_UNIT ( $, .RADIAN. ) );
#2637 = CIRCLE ( 'NONE', #2981, 3.000000000000002665 ) ;
#2638 = CIRCLE ( 'NONE', #3678, 4.000000000000003553 ) ;
#2639 = AXIS2_PLACEMENT_3D ( 'NONE', #3809, #87, #3033 ) ;
#2640 = AXIS2_PLACEMENT_3D ( 'NONE', #8702, #6557, #9379 ) ;
#2641 = ORIENTED_EDGE ( 'NONE', *, *, #5583, .F. ) ;
#2642 = CARTESIAN_POINT ( 'NONE',  ( 47.49999999999997158, 583.4999999999998863, 18.00000000000000000 ) ) ;
#2643 = DIRECTION ( 'NONE',  ( -0.000000000000000000, -0.000000000000000000, -1.000000000000000000 ) ) ;
#2644 = DIRECTION ( 'NONE',  ( 1.000000000000000000, 0.000000000000000000, 0.000000000000000000 ) ) ;
#2645 = CARTESIAN_POINT ( 'NONE',  ( 110.0000000000000000, 0.000000000000000000, 30.00000000000000000 ) ) ;
#2646 = CIRCLE ( 'NONE', #1849, 2.500000000000002220 ) ;
#2647 = VERTEX_POINT ( 'NONE', #8745 ) ;
#2648 = VERTEX_POINT ( 'NONE', #2221 ) ;
#2649 =( GEOMETRIC_REPRESENTATION_CONTEXT ( 3 ) GLOBAL_UNCERTAINTY_ASSIGNED_CONTEXT ( ( #5751 ) ) GLOBAL_UNIT_ASSIGNED_CONTEXT ( ( #2276, #3000, #4467 ) ) REPRESENTATION_CONTEXT ( 'NONE', 'WORKASPACE' ) );
#2650 = PRODUCT_DEFINITION_FORMATION_WITH_SPECIFIED_SOURCE ( 'ANY', '', #4244, .NOT_KNOWN. ) ;
#2651 = EDGE_CURVE ( 'NONE', #4788, #9294, #8646, .T. ) ;
#2652 = PLANE ( 'NONE',  #5607 ) ;
#2653 = DIRECTION ( 'NONE',  ( 1.000000000000000000, 0.000000000000000000, 0.000000000000000000 ) ) ;
#2654 = FACE_BOUND ( 'NONE', #6999, .T. ) ;
#2655 = PRESENTATION_STYLE_ASSIGNMENT (( #5672 ) ) ;
#2656 = ORIENTED_EDGE ( 'NONE', *, *, #1852, .F. ) ;
#2657 = AXIS2_PLACEMENT_3D ( 'NONE', #2172, #5212, #8755 ) ;
#2658 = ORIENTED_EDGE ( 'NONE', *, *, #9497, .F. ) ;
#2659 = DIRECTION ( 'NONE',  ( 1.000000000000000000, 0.000000000000000000, 0.000000000000000000 ) ) ;
#2660 = FACE_OUTER_BOUND ( 'NONE', #4793, .T. ) ;
#2661 = DIRECTION ( 'NONE',  ( 0.000000000000000000, 0.000000000000000000, 1.000000000000000000 ) ) ;
#2662 = CARTESIAN_POINT ( 'NONE',  ( 106.5685424949241593, 590.9314575050765370, 18.00000000000000000 ) ) ;
#2663 = FACE_OUTER_BOUND ( 'NONE', #3096, .T. ) ;
#2664 = CARTESIAN_POINT ( 'NONE',  ( 0.000000000000000000, 50.00000000000000000, 11.99999999999998579 ) ) ;
#2665 = EDGE_CURVE ( 'NONE', #4483, #4558, #7498, .T. ) ;
#2666 = ADVANCED_FACE ( 'NONE', ( #4852 ), #4380, .F. ) ;
#2667 = LINE ( 'NONE', #8825, #2549 ) ;
#2668 = CIRCLE ( 'NONE', #4810, 2.499999999999946709 ) ;
#2669 = CARTESIAN_POINT ( 'NONE',  ( 604.4999999999996589, 20.00000000000000000, 9.000000000000000000 ) ) ;
#2670 = ORIENTED_EDGE ( 'NONE', *, *, #4865, .F. ) ;
#2671 = ORIENTED_EDGE ( 'NONE', *, *, #8959, .T. ) ;
#2672 = FACE_BOUND ( 'NONE', #690, .T. ) ;
#2673 = DIRECTION ( 'NONE',  ( -0.000000000000000000, -0.000000000000000000, -1.000000000000000000 ) ) ;
#2674 = APPLICATION_CONTEXT ( 'automotive_design' ) ;
#2675 = CYLINDRICAL_SURFACE ( 'NONE', #9387, 2.499999999999946709 ) ;
#2676 = CARTESIAN_POINT ( 'NONE',  ( 1389.188816817956422, 99.82590180780535150, 11.99999999999999822 ) ) ;
#2677 = DIRECTION ( 'NONE',  ( 0.000000000000000000, 0.000000000000000000, 1.000000000000000000 ) ) ;
#2678 = FACE_OUTER_BOUND ( 'NONE', #9381, .T. ) ;
#2679 = CYLINDRICAL_SURFACE ( 'NONE', #2999, 3.000000000000113687 ) ;
#2680 = VERTEX_POINT ( 'NONE', #5814 ) ;
#2681 = VERTEX_POINT ( 'NONE', #8768 ) ;
#2682 = CARTESIAN_POINT ( 'NONE',  ( 1454.000000000000000, 47.49999999999998579, 11.99999999999999822 ) ) ;
#2683 = ORIENTED_EDGE ( 'NONE', *, *, #3558, .T. ) ;
#2684 = CARTESIAN_POINT ( 'NONE',  ( 45.99999999999998579, 647.5000000000000000, 18.00000000000000000 ) ) ;
#2685 = VERTEX_POINT ( 'NONE', #9541 ) ;
#2686 = AXIS2_PLACEMENT_3D ( 'NONE', #4068, #5620, #3367 ) ;
#2687 = CARTESIAN_POINT ( 'NONE',  ( 752.5000000000000000, 627.5000000000000000, 18.00000000000000000 ) ) ;
#2688 = AXIS2_PLACEMENT_3D ( 'NONE', #420, #6343, #1939 ) ;
#2689 = LINE ( 'NONE', #2910, #8686 ) ;
#2690 = EDGE_CURVE ( 'NONE', #7602, #5960, #4500, .T. ) ;
#2691 = FACE_OUTER_BOUND ( 'NONE', #8438, .T. ) ;
#2692 = EDGE_LOOP ( 'NONE', ( #7076, #70, #3238, #6156 ) ) ;
#2693 = VERTEX_POINT ( 'NONE', #2098 ) ;
#2694 = DIRECTION ( 'NONE',  ( 0.000000000000000000, 1.000000000000000000, 0.000000000000000000 ) ) ;
#2695 = EDGE_LOOP ( 'NONE', ( #7282, #9260, #8765, #5790 ) ) ;
#2696 = LINE ( 'NONE', #8214, #8102 ) ;
#2697 = DIRECTION ( 'NONE',  ( 0.000000000000000000, 0.000000000000000000, 1.000000000000000000 ) ) ;
#2698 = CARTESIAN_POINT ( 'NONE',  ( 666.4999999999997726, 80.00000000000000000, 9.000000000000000000 ) ) ;
#2699 = DIRECTION ( 'NONE',  ( 0.000000000000000000, 0.000000000000000000, 1.000000000000000000 ) ) ;
#2700 = CARTESIAN_POINT ( 'NONE',  ( 35.85786437626901346, 670.1274169979694761, 11.99999999999999822 ) ) ;
#2701 = FACE_OUTER_BOUND ( 'NONE', #5597, .T. ) ;
#2702 = ORIENTED_EDGE ( 'NONE', *, *, #7726, .F. ) ;
#2703 = VECTOR ( 'NONE', #2673, 1000.000000000000000 ) ;
#2704 = EDGE_LOOP ( 'NONE', ( #7788, #4226, #1297, #5738 ) ) ;
#2705 = CARTESIAN_POINT ( 'NONE',  ( 921.0000000000000000, 80.00000000000000000, 9.000000000000000000 ) ) ;
#2706 = CIRCLE ( 'NONE', #948, 3.000000000000002665 ) ;
#2707 = EDGE_CURVE ( 'NONE', #3353, #1444, #6462, .T. ) ;
#2708 = DIRECTION ( 'NONE',  ( -1.000000000000000000, 0.000000000000000000, 0.000000000000000000 ) ) ;
#2709 = AXIS2_PLACEMENT_3D ( 'NONE', #5704, #1273, #574 ) ;
#2710 = DIRECTION ( 'NONE',  ( 0.000000000000000000, 0.000000000000000000, 1.000000000000000000 ) ) ;
#2711 = DIRECTION ( 'NONE',  ( 1.000000000000000000, 0.000000000000000000, 0.000000000000000000 ) ) ;
#2712 = ORIENTED_EDGE ( 'NONE', *, *, #273, .T. ) ;
#2713 = FACE_OUTER_BOUND ( 'NONE', #7984, .T. ) ;
#2714 = VERTEX_POINT ( 'NONE', #8802 ) ;
#2715 = ORIENTED_EDGE ( 'NONE', *, *, #1204, .F. ) ;
#2716 = EDGE_LOOP ( 'NONE', ( #4823, #9038, #7435, #4435 ) ) ;
#2717 = LINE ( 'NONE', #4675, #973 ) ;
#2718 = DIRECTION ( 'NONE',  ( -0.000000000000000000, -0.000000000000000000, -1.000000000000000000 ) ) ;
#2719 = DIRECTION ( 'NONE',  ( 1.000000000000000000, 0.000000000000000000, 0.000000000000000000 ) ) ;
#2720 = CARTESIAN_POINT ( 'NONE',  ( 67.00000000000015632, 517.5000000000001137, 0.000000000000000000 ) ) ;
#2721 = AXIS2_PLACEMENT_3D ( 'NONE', #8279, #8225, #3921 ) ;
#2722 = AXIS2_PLACEMENT_3D ( 'NONE', #6166, #3234, #5462 ) ;
#2723 = EDGE_CURVE ( 'NONE', #4401, #3271, #3114, .T. ) ;
#2724 = CARTESIAN_POINT ( 'NONE',  ( 750.0000000000000000, 212.4999999999999716, 0.000000000000000000 ) ) ;
#2725 = EDGE_LOOP ( 'NONE', ( #8579, #7002, #8731, #33 ) ) ;
#2726 = VERTEX_POINT ( 'NONE', #6711 ) ;
#2727 = ORIENTED_EDGE ( 'NONE', *, *, #8986, .F. ) ;
#2728 = ADVANCED_FACE ( 'NONE', ( #544 ), #2516, .F. ) ;
#2729 = VERTEX_POINT ( 'NONE', #6754 ) ;
#2730 = EDGE_CURVE ( 'NONE', #3046, #5730, #5533, .T. ) ;
#2731 = DIRECTION ( 'NONE',  ( 0.000000000000000000, 0.000000000000000000, 1.000000000000000000 ) ) ;
#2732 = MANIFOLD_SOLID_BREP ( 'Cortar-Extruir1[2]', #6424 ) ;
#2733 = VERTEX_POINT ( 'NONE', #5993 ) ;
#2734 = ORIENTED_EDGE ( 'NONE', *, *, #1930, .T. ) ;
#2735 = CARTESIAN_POINT ( 'NONE',  ( 59.99999999999998579, 70.00000000000000000, 15.00000000000000711 ) ) ;
#2736 = EDGE_CURVE ( 'NONE', #4228, #93, #6691, .T. ) ;
#2737 = CARTESIAN_POINT ( 'NONE',  ( 180.0000000000001705, 627.4999999999998863, 18.00000000000000000 ) ) ;
#2738 = ADVANCED_FACE ( 'NONE', ( #2288 ), #5229, .T. ) ;
#2739 = CARTESIAN_POINT ( 'NONE',  ( 0.000000000000000000, 0.000000000000000000, 30.00000000000000000 ) ) ;
#2740 = EDGE_CURVE ( 'NONE', #8648, #5063, #4613, .T. ) ;
#2741 = CARTESIAN_POINT ( 'NONE',  ( 0.000000000000000000, 24.00000000000000000, 6.000000000000000000 ) ) ;
#2742 = ORIENTED_EDGE ( 'NONE', *, *, #6893, .T. ) ;
#2743 = DIRECTION ( 'NONE',  ( 0.000000000000000000, -0.000000000000000000, 1.000000000000000000 ) ) ;
#2744 =( REPRESENTATION_RELATIONSHIP ('NONE','NONE', #3659, #6910 ) REPRESENTATION_RELATIONSHIP_WITH_TRANSFORMATION ( #5300 )SHAPE_REPRESENTATION_RELATIONSHIP( ) );
#2745 = ORIENTED_EDGE ( 'NONE', *, *, #1925, .F. ) ;
#2746 = CARTESIAN_POINT ( 'NONE',  ( 67.00000000000014211, 305.5000000000000000, 0.000000000000000000 ) ) ;
#2747 = EDGE_CURVE ( 'NONE', #7703, #6416, #300, .T. ) ;
#2748 = DIRECTION ( 'NONE',  ( -0.000000000000000000, -0.000000000000000000, -1.000000000000000000 ) ) ;
#2749 = CARTESIAN_POINT ( 'NONE',  ( 1389.188816817956422, 99.82590180780535150, 11.99999999999999822 ) ) ;
#2750 = CARTESIAN_POINT ( 'NONE',  ( 59.99999999999998579, 70.00000000000000000, 15.00000000000000711 ) ) ;
#2751 = DIRECTION ( 'NONE',  ( -0.9932892160846683582, 0.1156569635167078863, 0.000000000000000000 ) ) ;
#2752 = CYLINDRICAL_SURFACE ( 'NONE', #987, 2.999999999999994671 ) ;
#2753 = CARTESIAN_POINT ( 'NONE',  ( 0.000000000000000000, 0.000000000000000000, 31.00000000000000000 ) ) ;
#2754 = DIRECTION ( 'NONE',  ( 0.000000000000000000, 0.000000000000000000, -1.000000000000000000 ) ) ;
#2755 = DIRECTION ( 'NONE',  ( 0.000000000000000000, 0.000000000000000000, -1.000000000000000000 ) ) ;
#2756 = EDGE_CURVE ( 'NONE', #3256, #3618, #5989, .T. ) ;
#2757 = CARTESIAN_POINT ( 'NONE',  ( 276.0000000000001137, 212.4999999999999716, 18.00000000000000000 ) ) ;
#2758 = SURFACE_STYLE_FILL_AREA ( #3079 ) ;
#2759 = ORIENTED_EDGE ( 'NONE', *, *, #8999, .F. ) ;
#2760 = ORIENTED_EDGE ( 'NONE', *, *, #7849, .F. ) ;
#2761 = ADVANCED_FACE ( 'NONE', ( #7945 ), #90, .T. ) ;
#2762 = CARTESIAN_POINT ( 'NONE',  ( 212.5000000000001421, 20.00000000000000000, -9.000000000000000000 ) ) ;
#2763 = CARTESIAN_POINT ( 'NONE',  ( 1429.999999999999773, 517.5000000000001137, 18.00000000000000000 ) ) ;
#2764 = AXIS2_PLACEMENT_3D ( 'NONE', #592, #2711, #7867 ) ;
#2765 = AXIS2_PLACEMENT_3D ( 'NONE', #3284, #4858, #7023 ) ;
#2766 = EDGE_CURVE ( 'NONE', #6322, #381, #4038, .T. ) ;
#2767 = VECTOR ( 'NONE', #9255, 1000.000000000000000 ) ;
#2768 = LINE ( 'NONE', #3003, #8411 ) ;
#2769 = ORIENTED_EDGE ( 'NONE', *, *, #9451, .T. ) ;
#2770 = DIRECTION ( 'NONE',  ( -1.000000000000000000, 0.000000000000000000, 0.000000000000000000 ) ) ;
#2771 = ORIENTED_EDGE ( 'NONE', *, *, #6186, .F. ) ;
#2772 = CIRCLE ( 'NONE', #596, 2.500000000000002220 ) ;
#2773 = EDGE_CURVE ( 'NONE', #9507, #164, #3581, .T. ) ;
#2774 = CARTESIAN_POINT ( 'NONE',  ( 70.00000000000015632, 177.4999999999999716, 18.00000000000000000 ) ) ;
#2775 = DIRECTION ( 'NONE',  ( 1.000000000000000000, 0.000000000000000000, 0.000000000000000000 ) ) ;
#2776 = ADVANCED_FACE ( 'NONE', ( #7280 ), #1957, .F. ) ;
#2777 = DIRECTION ( 'NONE',  ( 1.000000000000000000, 0.000000000000000000, 0.000000000000000000 ) ) ;
#2778 = FACE_BOUND ( 'NONE', #8708, .T. ) ;
#2779 = FACE_OUTER_BOUND ( 'NONE', #5091, .T. ) ;
#2780 = ORIENTED_EDGE ( 'NONE', *, *, #5067, .T. ) ;
#2781 = ORIENTED_EDGE ( 'NONE', *, *, #212, .F. ) ;
#2782 = EDGE_CURVE ( 'NONE', #3993, #2345, #7833, .T. ) ;
#2783 = PRODUCT_RELATED_PRODUCT_CATEGORY ( 'part', '', ( #3750 ) ) ;
#2784 = DIRECTION ( 'NONE',  ( 0.000000000000000000, -1.000000000000000000, 0.000000000000000000 ) ) ;
#2785 = LINE ( 'NONE', #9393, #5780 ) ;
#2786 = SURFACE_SIDE_STYLE ('',( #8436 ) ) ;
#2787 = CARTESIAN_POINT ( 'NONE',  ( 31.61522368914975445, 29.11522368914955905, 11.99999999999999822 ) ) ;
#2788 = LINE ( 'NONE', #3695, #8428 ) ;
#2789 = CIRCLE ( 'NONE', #4215, 2.499999999999946709 ) ;
#2790 = DIRECTION ( 'NONE',  ( 0.000000000000000000, 0.000000000000000000, 1.000000000000000000 ) ) ;
#2791 = LINE ( 'NONE', #8608, #4761 ) ;
#2792 = ORIENTED_EDGE ( 'NONE', *, *, #7726, .T. ) ;
#2793 = ORIENTED_EDGE ( 'NONE', *, *, #2782, .T. ) ;
#2794 = VERTEX_POINT ( 'NONE', #9143 ) ;
#2795 = FACE_OUTER_BOUND ( 'NONE', #2393, .T. ) ;
#2796 = ORIENTED_EDGE ( 'NONE', *, *, #8716, .T. ) ;
#2797 = DIRECTION ( 'NONE',  ( -0.000000000000000000, 1.000000000000000000, -0.000000000000000000 ) ) ;
#2798 = EDGE_CURVE ( 'NONE', #1783, #2834, #7721, .T. ) ;
#2799 = DIRECTION ( 'NONE',  ( 0.000000000000000000, 0.000000000000000000, 1.000000000000000000 ) ) ;
#2800 = VECTOR ( 'NONE', #1940, 1000.000000000000000 ) ;
#2801 = AXIS2_PLACEMENT_3D ( 'NONE', #3185, #49, #3769 ) ;
#2802 = LINE ( 'NONE', #7395, #4312 ) ;
#2803 = ORIENTED_EDGE ( 'NONE', *, *, #3212, .F. ) ;
#2804 = VERTEX_POINT ( 'NONE', #254 ) ;
#2805 = ORIENTED_EDGE ( 'NONE', *, *, #1696, .T. ) ;
#2806 = PRODUCT ( 'Pata 720 - 30mm', 'Pata 720 - 30mm', '', ( #8539 ) ) ;
#2807 = CYLINDRICAL_SURFACE ( 'NONE', #7705, 2.999999999999995559 ) ;
#2808 = CARTESIAN_POINT ( 'NONE',  ( 441.9999999999999432, 55.00000000000000000, 2.999999999999994671 ) ) ;
#2809 = CARTESIAN_POINT ( 'NONE',  ( 135.0000000000000000, 24.00000000000000000, 6.000000000000000000 ) ) ;
#2810 = DIRECTION ( 'NONE',  ( 0.000000000000000000, -1.000000000000000000, 0.000000000000000000 ) ) ;
#2811 = DIRECTION ( 'NONE',  ( -1.000000000000000000, 0.000000000000000000, 0.000000000000000000 ) ) ;
#2812 = VECTOR ( 'NONE', #7770, 1000.000000000000000 ) ;
#2813 = DIRECTION ( 'NONE',  ( -0.000000000000000000, -0.000000000000000000, -1.000000000000000000 ) ) ;
#2814 = ORIENTED_EDGE ( 'NONE', *, *, #4719, .F. ) ;
#2815 = LINE ( 'NONE', #1475, #7109 ) ;
#2816 = VERTEX_POINT ( 'NONE', #8266 ) ;
#2817 = AXIS2_PLACEMENT_3D ( 'NONE', #7506, #1703, #205 ) ;
#2818 = CARTESIAN_POINT ( 'NONE',  ( 184.9999999999999716, 730.0000000000000000, 17.88822647334629323 ) ) ;
#2819 = LINE ( 'NONE', #4126, #6050 ) ;
#2820 = ADVANCED_FACE ( 'NONE', ( #1835 ), #3811, .F. ) ;
#2821 = DIRECTION ( 'NONE',  ( 1.000000000000000000, 0.000000000000000000, 0.000000000000000000 ) ) ;
#2822 = VERTEX_POINT ( 'NONE', #3976 ) ;
#2823 = VERTEX_POINT ( 'NONE', #1805 ) ;
#2824 = EDGE_LOOP ( 'NONE', ( #6858, #9471 ) ) ;
#2825 = VERTEX_POINT ( 'NONE', #9075 ) ;
#2826 = CARTESIAN_POINT ( 'NONE',  ( 0.000000000000000000, 0.000000000000000000, 30.00000000000000000 ) ) ;
#2827 = ORIENTED_EDGE ( 'NONE', *, *, #397, .F. ) ;
#2828 = VECTOR ( 'NONE', #441, 1000.000000000000000 ) ;
#2829 = DIRECTION ( 'NONE',  ( 1.000000000000000000, 0.000000000000000000, 0.000000000000000000 ) ) ;
#2830 = ADVANCED_FACE ( 'NONE', ( #3350 ), #8757, .F. ) ;
#2831 = ORIENTED_EDGE ( 'NONE', *, *, #6032, .F. ) ;
#2832 = DIRECTION ( 'NONE',  ( 1.000000000000000000, 0.000000000000000000, 0.000000000000000000 ) ) ;
#2833 = FACE_OUTER_BOUND ( 'NONE', #76, .T. ) ;
#2834 = VERTEX_POINT ( 'NONE', #1710 ) ;
#2835 = ORIENTED_EDGE ( 'NONE', *, *, #8142, .T. ) ;
#2836 = ORIENTED_EDGE ( 'NONE', *, *, #8035, .F. ) ;
#2837 = AXIS2_PLACEMENT_3D ( 'NONE', #3784, #3027, #9538 ) ;
#2838 = VERTEX_POINT ( 'NONE', #6160 ) ;
#2839 = DIRECTION ( 'NONE',  ( -0.000000000000000000, -0.000000000000000000, 1.000000000000000000 ) ) ;
#2840 = CARTESIAN_POINT ( 'NONE',  ( 183.9395984443614793, 730.0000000000000000, 21.50000000000000000 ) ) ;
#2841 = VERTEX_POINT ( 'NONE', #9011 ) ;
#2842 = ORIENTED_EDGE ( 'NONE', *, *, #870, .F. ) ;
#2843 = DIRECTION ( 'NONE',  ( -0.000000000000000000, -0.000000000000000000, -1.000000000000000000 ) ) ;
#2844 = DIRECTION ( 'NONE',  ( 0.000000000000000000, 0.000000000000000000, 1.000000000000000000 ) ) ;
#2845 = ORIENTED_EDGE ( 'NONE', *, *, #7719, .T. ) ;
#2846 = DIRECTION ( 'NONE',  ( 1.000000000000000000, 0.000000000000000000, 0.000000000000000000 ) ) ;
#2847 =( LENGTH_UNIT ( ) NAMED_UNIT ( * ) SI_UNIT ( .MILLI., .METRE. ) );
#2848 = CARTESIAN_POINT ( 'NONE',  ( -608.4999999999996589, 20.00000000000000000, 9.000000000000000000 ) ) ;
#2849 = AXIS2_PLACEMENT_3D ( 'NONE', #3415, #1920, #1128 ) ;
#2850 = MECHANICAL_DESIGN_GEOMETRIC_PRESENTATION_REPRESENTATION (  '', ( #6318 ), #4702 ) ;
#2851 = EDGE_CURVE ( 'NONE', #8914, #5257, #6577, .T. ) ;
#2852 = EDGE_CURVE ( 'NONE', #4615, #28, #2875, .T. ) ;
#2853 = DIRECTION ( 'NONE',  ( -0.000000000000000000, -0.000000000000000000, -1.000000000000000000 ) ) ;
#2854 = UNCERTAINTY_MEASURE_WITH_UNIT (LENGTH_MEASURE( 1.000000000000000082E-05 ), #2287, 'distance_accuracy_value', 'NONE');
#2855 = ORIENTED_EDGE ( 'NONE', *, *, #3039, .F. ) ;
#2856 = EDGE_LOOP ( 'NONE', ( #8905, #1846, #117, #2883 ) ) ;
#2857 = EDGE_CURVE ( 'NONE', #5161, #7931, #2637, .T. ) ;
#2858 = DIRECTION ( 'NONE',  ( 0.000000000000000000, -0.000000000000000000, -1.000000000000000000 ) ) ;
#2859 = CARTESIAN_POINT ( 'NONE',  ( 49.99999999999998579, 583.4999999999998863, 18.00000000000000000 ) ) ;
#2860 = DIRECTION ( 'NONE',  ( 1.000000000000000000, 0.000000000000000000, 0.000000000000000000 ) ) ;
#2861 = EDGE_CURVE ( 'NONE', #9294, #1695, #5303, .T. ) ;
#2862 = EDGE_CURVE ( 'NONE', #8198, #8994, #6807, .T. ) ;
#2863 = ADVANCED_FACE ( 'NONE', ( #893 ), #9452, .F. ) ;
#2864 = DIRECTION ( 'NONE',  ( 0.000000000000000000, 1.000000000000000000, 0.000000000000000000 ) ) ;
#2865 = DIRECTION ( 'NONE',  ( 1.000000000000000000, 0.000000000000000000, 0.000000000000000000 ) ) ;
#2866 = DIRECTION ( 'NONE',  ( -1.000000000000000000, -0.000000000000000000, -0.000000000000000000 ) ) ;
#2867 = DIRECTION ( 'NONE',  ( 0.000000000000000000, 0.000000000000000000, 1.000000000000000000 ) ) ;
#2868 = PRESENTATION_LAYER_ASSIGNMENT (  '', '', ( #6333 ) ) ;
#2869 = DIRECTION ( 'NONE',  ( -0.000000000000000000, -0.000000000000000000, -1.000000000000000000 ) ) ;
#2870 = CARTESIAN_POINT ( 'NONE',  ( 750.0000000000000000, 482.5000000000000000, 18.00000000000000000 ) ) ;
#2871 = EDGE_CURVE ( 'NONE', #2604, #4801, #1611, .T. ) ;
#2872 = ADVANCED_FACE ( 'NONE', ( #8976 ), #664, .F. ) ;
#2873 = DIRECTION ( 'NONE',  ( -0.000000000000000000, -0.000000000000000000, -1.000000000000000000 ) ) ;
#2874 = CARTESIAN_POINT ( 'NONE',  ( -135.0000000000000000, 24.00000000000000000, 6.000000000000000000 ) ) ;
#2875 = LINE ( 'NONE', #2498, #2070 ) ;
#2876 = LINE ( 'NONE', #4233, #3804 ) ;
#2877 = VERTEX_POINT ( 'NONE', #8427 ) ;
#2878 = SHAPE_DEFINITION_REPRESENTATION ( #3631, #3659 ) ;
#2879 = CARTESIAN_POINT ( 'NONE',  ( 570.0000000000000000, 55.00000000000000000, -3.000000000000047962 ) ) ;
#2880 = ORIENTED_EDGE ( 'NONE', *, *, #3613, .T. ) ;
#2881 = CARTESIAN_POINT ( 'NONE',  ( 180.0000000000000568, 67.50000000000000000, 18.00000000000000000 ) ) ;
#2882 = EDGE_CURVE ( 'NONE', #2822, #1620, #8523, .T. ) ;
#2883 = ORIENTED_EDGE ( 'NONE', *, *, #2051, .F. ) ;
#2884 = CARTESIAN_POINT ( 'NONE',  ( -666.5000000000002274, 80.00000000000000000, -9.000000000000000000 ) ) ;
#2885 = AXIS2_PLACEMENT_3D ( 'NONE', #8981, #6717, #6077 ) ;
#2886 = DIRECTION ( 'NONE',  ( -0.000000000000000000, -0.000000000000000000, -1.000000000000000000 ) ) ;
#2887 = LINE ( 'NONE', #2316, #2410 ) ;
#2888 = LINE ( 'NONE', #8298, #7174 ) ;
#2889 = DIRECTION ( 'NONE',  ( 0.000000000000000000, -0.000000000000000000, 1.000000000000000000 ) ) ;
#2890 = ORIENTED_EDGE ( 'NONE', *, *, #6687, .T. ) ;
#2891 = ORIENTED_EDGE ( 'NONE', *, *, #9450, .T. ) ;
#2892 = CARTESIAN_POINT ( 'NONE',  ( 50.00000000000000000, 647.5000000000000000, 11.99999999999999822 ) ) ;
#2893 = CYLINDRICAL_SURFACE ( 'NONE', #4588, 4.000000000000003553 ) ;
#2894 = DIRECTION ( 'NONE',  ( -0.000000000000000000, -0.000000000000000000, -1.000000000000000000 ) ) ;
#2895 = CARTESIAN_POINT ( 'NONE',  ( 87.81832169016641387, 725.0000000000000000, 27.41952543903432016 ) ) ;
#2896 = AXIS2_PLACEMENT_3D ( 'NONE', #439, #9198, #4837 ) ;
#2897 = PRODUCT_DEFINITION_CONTEXT ( 'detailed design', #6395, 'design' ) ;
#2898 = AXIS2_PLACEMENT_3D ( 'NONE', #4752, #3342, #7820 ) ;
#2899 = EDGE_CURVE ( 'NONE', #4095, #7609, #8277, .T. ) ;
#2900 = FACE_OUTER_BOUND ( 'NONE', #3740, .T. ) ;
#2901 = DIRECTION ( 'NONE',  ( -0.000000000000000000, -0.000000000000000000, 1.000000000000000000 ) ) ;
#2902 = CARTESIAN_POINT ( 'NONE',  ( 1323.000000000000000, 627.5000000000000000, 18.00000000000000000 ) ) ;
#2903 = CIRCLE ( 'NONE', #5510, 3.000000000000047962 ) ;
#2904 = CIRCLE ( 'NONE', #5612, 3.000000000000047962 ) ;
#2905 = EDGE_LOOP ( 'NONE', ( #5445, #1039, #4673, #8842 ) ) ;
#2906 = EDGE_CURVE ( 'NONE', #5111, #7472, #8048, .T. ) ;
#2907 = CARTESIAN_POINT ( 'NONE',  ( 1450.000000000000000, 583.4999999999998863, 0.000000000000000000 ) ) ;
#2908 = EDGE_LOOP ( 'NONE', ( #7111, #6393, #5099, #5043 ) ) ;
#2909 = LINE ( 'NONE', #7597, #2555 ) ;
#2910 = CARTESIAN_POINT ( 'NONE',  ( 73.00000000000015632, 517.5000000000001137, 18.00000000000000000 ) ) ;
#2911 = ADVANCED_FACE ( 'NONE', ( #7600 ), #9328, .F. ) ;
#2912 = CIRCLE ( 'NONE', #77, 2.500000000000002220 ) ;
#2913 = EDGE_CURVE ( 'NONE', #8839, #2877, #9552, .T. ) ;
#2914 = FACE_BOUND ( 'NONE', #6547, .T. ) ;
#2915 = CIRCLE ( 'NONE', #2302, 3.000000000000002665 ) ;
#2916 = ORIENTED_EDGE ( 'NONE', *, *, #6435, .T. ) ;
#2917 = ORIENTED_EDGE ( 'NONE', *, *, #5518, .F. ) ;
#2918 = AXIS2_PLACEMENT_3D ( 'NONE', #2739, #7268, #520 ) ;
#2919 = CARTESIAN_POINT ( 'NONE',  ( 921.0000000000000000, 80.00000000000000000, 5.999999999999951150 ) ) ;
#2920 = ORIENTED_EDGE ( 'NONE', *, *, #5532, .T. ) ;
#2921 = CIRCLE ( 'NONE', #8256, 2.499999999999946709 ) ;
#2922 = EDGE_LOOP ( 'NONE', ( #8467, #9300 ) ) ;
#2923 = DIRECTION ( 'NONE',  ( 1.000000000000000000, 0.000000000000000000, 0.000000000000000000 ) ) ;
#2924 = DIRECTION ( 'NONE',  ( -1.000000000000000000, 0.000000000000000000, 0.000000000000000000 ) ) ;
#2925 = EDGE_CURVE ( 'NONE', #4991, #9535, #7384, .T. ) ;
#2926 = CIRCLE ( 'NONE', #1246, 3.000000000000113687 ) ;
#2927 = ADVANCED_FACE ( 'NONE', ( #3687 ), #5125, .F. ) ;
#2928 = CYLINDRICAL_SURFACE ( 'NONE', #7346, 3.000000000000002665 ) ;
#2929 = ORIENTED_EDGE ( 'NONE', *, *, #2231, .T. ) ;
#2930 = VERTEX_POINT ( 'NONE', #394 ) ;
#2931 = ORIENTED_EDGE ( 'NONE', *, *, #2359, .T. ) ;
#2932 = CARTESIAN_POINT ( 'NONE',  ( 273.5000000000001137, 627.5000000000001137, 18.00000000000000000 ) ) ;
#2933 = CIRCLE ( 'NONE', #6718, 2.999999999999891642 ) ;
#2934 = AXIS2_PLACEMENT_3D ( 'NONE', #1947, #4855, #5550 ) ;
#2935 = CARTESIAN_POINT ( 'NONE',  ( 70.00000000000015632, 177.4999999999999716, 18.00000000000000000 ) ) ;
#2936 = CARTESIAN_POINT ( 'NONE',  ( 110.0000000000000000, 0.000000000000000000, 0.000000000000000000 ) ) ;
#2937 = PRESENTATION_STYLE_ASSIGNMENT (( #5018 ) ) ;
#2938 = EDGE_LOOP ( 'NONE', ( #8001, #590, #8739, #7671, #3595 ) ) ;
#2939 = VECTOR ( 'NONE', #4377, 999.9999999999998863 ) ;
#2940 = EDGE_LOOP ( 'NONE', ( #8401, #4560, #7610, #9214 ) ) ;
#2941 = CYLINDRICAL_SURFACE ( 'NONE', #4692, 3.000000000000002665 ) ;
#2942 = CARTESIAN_POINT ( 'NONE',  ( 25.00000000000000000, 56.00000000000000000, 12.00000000000000000 ) ) ;
#2943 = CARTESIAN_POINT ( 'NONE',  ( 750.0000000000000000, 627.5000000000000000, 18.00000000000000000 ) ) ;
#2944 = CARTESIAN_POINT ( 'NONE',  ( 135.0000000000000000, 56.00000000000001421, 6.000000000000000000 ) ) ;
#2945 = DIRECTION ( 'NONE',  ( 0.000000000000000000, 0.000000000000000000, 1.000000000000000000 ) ) ;
#2946 = ORIENTED_EDGE ( 'NONE', *, *, #79, .T. ) ;
#2947 = AXIS2_PLACEMENT_3D ( 'NONE', #1027, #6211, #301 ) ;
#2948 = CARTESIAN_POINT ( 'NONE',  ( 49.99999999999998579, 111.5000000000000426, 18.00000000000000000 ) ) ;
#2949 = CIRCLE ( 'NONE', #8226, 4.000000000000003553 ) ;
#2950 = ORIENTED_EDGE ( 'NONE', *, *, #8191, .F. ) ;
#2951 = VERTEX_POINT ( 'NONE', #4107 ) ;
#2952 = EDGE_LOOP ( 'NONE', ( #9493, #9065, #236, #1630 ) ) ;
#2953 = VECTOR ( 'NONE', #8233, 1000.000000000000000 ) ;
#2954 = EDGE_LOOP ( 'NONE', ( #4010, #6357, #3236, #2658 ) ) ;
#2955 = DIRECTION ( 'NONE',  ( 1.000000000000000000, 0.000000000000000000, 0.000000000000000000 ) ) ;
#2956 = CARTESIAN_POINT ( 'NONE',  ( 87.81832169016642808, 724.9999999999998863, 3.580474560965657638 ) ) ;
#2957 = DIRECTION ( 'NONE',  ( 0.000000000000000000, 0.000000000000000000, 1.000000000000000000 ) ) ;
#2958 = LINE ( 'NONE', #244, #859 ) ;
#2959 = ORIENTED_EDGE ( 'NONE', *, *, #4693, .F. ) ;
#2960 = ORIENTED_EDGE ( 'NONE', *, *, #2389, .T. ) ;
#2961 = DIRECTION ( 'NONE',  ( 0.000000000000000000, 0.000000000000000000, 1.000000000000000000 ) ) ;
#2962 = EDGE_LOOP ( 'NONE', ( #257, #4950 ) ) ;
#2963 = ORIENTED_EDGE ( 'NONE', *, *, #7829, .T. ) ;
#2964 = CARTESIAN_POINT ( 'NONE',  ( 106.9999999999999005, 690.0000000000000000, 12.49999999999999645 ) ) ;
#2965 = AXIS2_PLACEMENT_3D ( 'NONE', #7379, #709, #8052 ) ;
#2966 = EDGE_CURVE ( 'NONE', #8363, #1542, #6391, .T. ) ;
#2967 = CARTESIAN_POINT ( 'NONE',  ( 570.0000000000000000, 55.00000000000000000, 1.084202172485504434E-16 ) ) ;
#2968 = EDGE_LOOP ( 'NONE', ( #2712, #3144, #3153, #3018 ) ) ;
#2969 = ORIENTED_EDGE ( 'NONE', *, *, #6514, .F. ) ;
#2970 = DIRECTION ( 'NONE',  ( 0.000000000000000000, 1.000000000000000000, 0.000000000000000000 ) ) ;
#2971 = EDGE_CURVE ( 'NONE', #6529, #871, #7094, .T. ) ;
#2972 = DIRECTION ( 'NONE',  ( 0.000000000000000000, 0.000000000000000000, -1.000000000000000000 ) ) ;
#2973 = DIRECTION ( 'NONE',  ( -0.7071067811865435759, -0.7071067811865513475, 0.000000000000000000 ) ) ;
#2974 = DIRECTION ( 'NONE',  ( 0.000000000000000000, 0.000000000000000000, -1.000000000000000000 ) ) ;
#2975 = ORIENTED_EDGE ( 'NONE', *, *, #4660, .F. ) ;
#2976 = DIRECTION ( 'NONE',  ( 0.000000000000000000, 0.000000000000000000, 1.000000000000000000 ) ) ;
#2977 = EDGE_CURVE ( 'NONE', #9374, #5645, #7429, .T. ) ;
#2978 = ADVANCED_FACE ( 'NONE', ( #9136 ), #4430, .F. ) ;
#2979 = DIRECTION ( 'NONE',  ( 0.000000000000000000, 0.000000000000000000, -1.000000000000000000 ) ) ;
#2980 = CARTESIAN_POINT ( 'NONE',  ( 42.00000000000000711, 55.00000000000000000, 0.000000000000000000 ) ) ;
#2981 = AXIS2_PLACEMENT_3D ( 'NONE', #6119, #2432, #7603 ) ;
#2982 = AXIS2_PLACEMENT_3D ( 'NONE', #7170, #7149, #8704 ) ;
#2983 = ORIENTED_EDGE ( 'NONE', *, *, #3107, .F. ) ;
#2984 = CARTESIAN_POINT ( 'NONE',  ( 1423.129942314910977, 74.37005768508863923, 0.000000000000000000 ) ) ;
#2985 = DIRECTION ( 'NONE',  ( -1.000000000000000000, 0.000000000000000000, -0.000000000000000000 ) ) ;
#2986 = CARTESIAN_POINT ( 'NONE',  ( 276.0000000000001137, 627.5000000000001137, 18.00000000000000000 ) ) ;
#2987 = CARTESIAN_POINT ( 'NONE',  ( -266.4999999999998863, 80.00000000000000000, 9.000000000000000000 ) ) ;
#2988 = EDGE_CURVE ( 'NONE', #4549, #8617, #4661, .T. ) ;
#2989 = CARTESIAN_POINT ( 'NONE',  ( 59.99999999999998579, 110.0000000000000000, 15.00000000000000711 ) ) ;
#2990 = VECTOR ( 'NONE', #2120, 1000.000000000000000 ) ;
#2991 = DIRECTION ( 'NONE',  ( 1.000000000000000000, 0.000000000000000000, 0.000000000000000000 ) ) ;
#2992 = CONTEXT_DEPENDENT_SHAPE_REPRESENTATION ( #2744, #2417 ) ;
#2993 = CARTESIAN_POINT ( 'NONE',  ( 921.0000000000000000, 55.00000000000000000, 5.999999999999951150 ) ) ;
#2994 = CARTESIAN_POINT ( 'NONE',  ( -608.4999999999996589, 20.00000000000000000, 9.000000000000000000 ) ) ;
#2995 = AXIS2_PLACEMENT_3D ( 'NONE', #2741, #7981, #6452 ) ;
#2996 = PRESENTATION_STYLE_ASSIGNMENT (( #4175 ) ) ;
#2997 = EDGE_LOOP ( 'NONE', ( #4748, #6631 ) ) ;
#2998 = VERTEX_POINT ( 'NONE', #7771 ) ;
#2999 = AXIS2_PLACEMENT_3D ( 'NONE', #5166, #2894, #8796 ) ;
#3000 =( NAMED_UNIT ( * ) PLANE_ANGLE_UNIT ( ) SI_UNIT ( $, .RADIAN. ) );
#3001 = DIRECTION ( 'NONE',  ( 0.000000000000000000, 0.000000000000000000, -1.000000000000000000 ) ) ;
#3002 = CIRCLE ( 'NONE', #3513, 2.999999999999994671 ) ;
#3003 = CARTESIAN_POINT ( 'NONE',  ( 102.3259018078048257, 108.3111831820440472, 11.99999999999999822 ) ) ;
#3004 = PLANE ( 'NONE',  #2282 ) ;
#3005 = DIRECTION ( 'NONE',  ( 0.000000000000000000, 0.000000000000000000, -1.000000000000000000 ) ) ;
#3006 =( NAMED_UNIT ( * ) SI_UNIT ( $, .STERADIAN. ) SOLID_ANGLE_UNIT ( ) );
#3007 = VECTOR ( 'NONE', #3318, 1000.000000000000000 ) ;
#3008 = LINE ( 'NONE', #5856, #2295 ) ;
#3009 = ORIENTED_EDGE ( 'NONE', *, *, #2458, .F. ) ;
#3010 = EDGE_LOOP ( 'NONE', ( #8656, #5312 ) ) ;
#3011 = FACE_OUTER_BOUND ( 'NONE', #9130, .T. ) ;
#3012 = FACE_BOUND ( 'NONE', #6579, .T. ) ;
#3013 = CARTESIAN_POINT ( 'NONE',  ( 503.0000000000000000, 482.5000000000000000, 0.000000000000000000 ) ) ;
#3014 = AXIS2_PLACEMENT_3D ( 'NONE', #1089, #5406, #2533 ) ;
#3015 = EDGE_CURVE ( 'NONE', #2122, #5710, #7210, .T. ) ;
#3016 = LINE ( 'NONE', #5919, #3716 ) ;
#3017 = CIRCLE ( 'NONE', #7037, 2.999999999999994671 ) ;
#3018 = ORIENTED_EDGE ( 'NONE', *, *, #8772, .F. ) ;
#3019 = AXIS2_PLACEMENT_3D ( 'NONE', #7155, #8593, #562 ) ;
#3020 = ORIENTED_EDGE ( 'NONE', *, *, #3184, .F. ) ;
#3021 = ADVANCED_FACE ( 'NONE', ( #8327 ), #476, .F. ) ;
#3022 = VECTOR ( 'NONE', #1443, 1000.000000000000000 ) ;
#3023 = DIRECTION ( 'NONE',  ( 1.000000000000000000, 0.000000000000000000, 0.000000000000000000 ) ) ;
#3024 = UNCERTAINTY_MEASURE_WITH_UNIT (LENGTH_MEASURE( 1.000000000000000082E-05 ), #7523, 'distance_accuracy_value', 'NONE');
#3025 = DIRECTION ( 'NONE',  ( -1.000000000000000000, 0.000000000000000000, 0.000000000000000000 ) ) ;
#3026 = CIRCLE ( 'NONE', #4265, 4.000000000000010658 ) ;
#3027 = DIRECTION ( 'NONE',  ( 0.000000000000000000, 0.000000000000000000, 1.000000000000000000 ) ) ;
#3028 = FACE_OUTER_BOUND ( 'NONE', #3639, .T. ) ;
#3029 = FACE_OUTER_BOUND ( 'NONE', #2191, .T. ) ;
#3030 = VERTEX_POINT ( 'NONE', #2125 ) ;
#3031 = EDGE_LOOP ( 'NONE', ( #2374, #2103, #1329, #2518, #757, #6125 ) ) ;
#3032 = CARTESIAN_POINT ( 'NONE',  ( 1000.000000000000000, 212.4999999999999716, 0.000000000000000000 ) ) ;
#3033 = DIRECTION ( 'NONE',  ( 1.000000000000000000, 0.000000000000000000, 0.000000000000000000 ) ) ;
#3034 = EDGE_LOOP ( 'NONE', ( #5811, #4623, #5928, #798 ) ) ;
#3035 = FACE_BOUND ( 'NONE', #7663, .T. ) ;
#3036 = AXIS2_PLACEMENT_3D ( 'NONE', #8870, #5885, #2924 ) ;
#3037 = PRODUCT_DEFINITION ( 'UNKNOWN', '', #9271, #8764 ) ;
#3038 = ORIENTED_EDGE ( 'NONE', *, *, #8858, .T. ) ;
#3039 = EDGE_CURVE ( 'NONE', #7741, #6301, #8577, .T. ) ;
#3040 = DIRECTION ( 'NONE',  ( 0.000000000000000000, 0.000000000000000000, 1.000000000000000000 ) ) ;
#3041 = DIRECTION ( 'NONE',  ( 0.000000000000000000, 1.000000000000000000, 0.000000000000000000 ) ) ;
#3042 = AXIS2_PLACEMENT_3D ( 'NONE', #2081, #519, #9437 ) ;
#3043 = LINE ( 'NONE', #7638, #2223 ) ;
#3044 = CIRCLE ( 'NONE', #5529, 2.500000000000002220 ) ;
#3045 = CARTESIAN_POINT ( 'NONE',  ( -570.0000000000000000, 55.00000000000000000, 0.000000000000000000 ) ) ;
#3046 = VERTEX_POINT ( 'NONE', #5764 ) ;
#3047 = EDGE_LOOP ( 'NONE', ( #3839, #7569, #5360, #2262 ) ) ;
#3048 = VERTEX_POINT ( 'NONE', #6422 ) ;
#3049 = LINE ( 'NONE', #663, #831 ) ;
#3050 =( NAMED_UNIT ( * ) SI_UNIT ( $, .STERADIAN. ) SOLID_ANGLE_UNIT ( ) );
#3051 = EDGE_CURVE ( 'NONE', #7753, #5001, #3515, .T. ) ;
#3052 = DIRECTION ( 'NONE',  ( 1.000000000000000000, 0.000000000000000000, 0.000000000000000000 ) ) ;
#3053 = FACE_OUTER_BOUND ( 'NONE', #7458, .T. ) ;
#3054 = ORIENTED_EDGE ( 'NONE', *, *, #3107, .T. ) ;
#3055 = CIRCLE ( 'NONE', #9574, 2.999999999999891642 ) ;
#3056 = EDGE_LOOP ( 'NONE', ( #40, #2780, #6414, #1321 ) ) ;
#3057 = DIRECTION ( 'NONE',  ( 0.000000000000000000, 0.000000000000000000, -1.000000000000000000 ) ) ;
#3058 = CARTESIAN_POINT ( 'NONE',  ( 0.000000000000000000, 56.00000000000000000, 9.000000000000000000 ) ) ;
#3059 = EDGE_CURVE ( 'NONE', #6702, #3901, #4201, .T. ) ;
#3060 = ORIENTED_EDGE ( 'NONE', *, *, #6570, .F. ) ;
#3061 = CARTESIAN_POINT ( 'NONE',  ( 1450.000000000000000, 111.5000000000000426, 18.00000000000000000 ) ) ;
#3062 = CYLINDRICAL_SURFACE ( 'NONE', #2548, 6.000000000000047073 ) ;
#3063 = ORIENTED_EDGE ( 'NONE', *, *, #7375, .F. ) ;
#3064 = ORIENTED_EDGE ( 'NONE', *, *, #8980, .T. ) ;
#3065 = ORIENTED_EDGE ( 'NONE', *, *, #7696, .T. ) ;
#3066 = CARTESIAN_POINT ( 'NONE',  ( 1450.000000000000000, 583.4999999999998863, 0.000000000000000000 ) ) ;
#3067 = ORIENTED_EDGE ( 'NONE', *, *, #1034, .T. ) ;
#3068 = CIRCLE ( 'NONE', #1268, 2.999999999999891642 ) ;
#3069 = AXIS2_PLACEMENT_3D ( 'NONE', #130, #3813, #4646 ) ;
#3070 = CARTESIAN_POINT ( 'NONE',  ( -604.4999999999996589, 20.00000000000000000, 9.000000000000000000 ) ) ;
#3071 = DIRECTION ( 'NONE',  ( 0.000000000000000000, 1.000000000000000000, 0.000000000000000000 ) ) ;
#3072 = DIRECTION ( 'NONE',  ( -0.000000000000000000, 1.000000000000000000, -0.000000000000000000 ) ) ;
#3073 = EDGE_CURVE ( 'NONE', #4729, #4320, #2446, .T. ) ;
#3074 = ORIENTED_EDGE ( 'NONE', *, *, #9110, .T. ) ;
#3075 = FACE_BOUND ( 'NONE', #2600, .T. ) ;
#3076 = ORIENTED_EDGE ( 'NONE', *, *, #204, .T. ) ;
#3077 = ORIENTED_EDGE ( 'NONE', *, *, #6319, .T. ) ;
#3078 = DIRECTION ( 'NONE',  ( -1.000000000000000000, 0.000000000000000000, 0.000000000000000000 ) ) ;
#3079 = FILL_AREA_STYLE ('',( #6072 ) ) ;
#3080 = EDGE_CURVE ( 'NONE', #3823, #6289, #1537, .T. ) ;
#3081 = VERTEX_POINT ( 'NONE', #4971 ) ;
#3082 = LINE ( 'NONE', #8637, #1096 ) ;
#3083 = DIRECTION ( 'NONE',  ( 1.000000000000000000, 0.000000000000000000, 0.000000000000000000 ) ) ;
#3084 = ADVANCED_FACE ( 'NONE', ( #3277 ), #585, .F. ) ;
#3085 = DIRECTION ( 'NONE',  ( 0.000000000000000000, 0.000000000000000000, 1.000000000000000000 ) ) ;
#3086 =( NAMED_UNIT ( * ) SI_UNIT ( $, .STERADIAN. ) SOLID_ANGLE_UNIT ( ) );
#3087 = ORIENTED_EDGE ( 'NONE', *, *, #2913, .F. ) ;
#3088 = EDGE_LOOP ( 'NONE', ( #2329, #616, #6541, #3771 ) ) ;
#3089 = EDGE_CURVE ( 'NONE', #482, #4095, #8803, .T. ) ;
#3090 = ORIENTED_EDGE ( 'NONE', *, *, #7031, .F. ) ;
#3091 = CARTESIAN_POINT ( 'NONE',  ( 1446.000000000000000, 47.49999999999998579, 11.99999999999999822 ) ) ;
#3092 = UNCERTAINTY_MEASURE_WITH_UNIT (LENGTH_MEASURE( 1.000000000000000082E-05 ), #3765, 'distance_accuracy_value', 'NONE');
#3093 =( NAMED_UNIT ( * ) PLANE_ANGLE_UNIT ( ) SI_UNIT ( $, .RADIAN. ) );
#3094 = CARTESIAN_POINT ( 'NONE',  ( 180.0000000000001137, 659.5000000000000000, 18.00000000000000000 ) ) ;
#3095 = ORIENTED_EDGE ( 'NONE', *, *, #3472, .F. ) ;
#3096 = EDGE_LOOP ( 'NONE', ( #6338, #8879, #3326, #8087 ) ) ;
#3097 = AXIS2_PLACEMENT_3D ( 'NONE', #5163, #7411, #2362 ) ;
#3098 = STYLED_ITEM ( 'NONE', ( #5677 ), #9162 ) ;
#3099 = EDGE_CURVE ( 'NONE', #7409, #1440, #7881, .T. ) ;
#3100 = CARTESIAN_POINT ( 'NONE',  ( -266.4999999999998863, 80.00000000000000000, -9.000000000000000000 ) ) ;
#3101 = DIRECTION ( 'NONE',  ( 0.000000000000000000, -0.000000000000000000, -1.000000000000000000 ) ) ;
#3102 = EDGE_CURVE ( 'NONE', #8317, #6416, #8096, .T. ) ;
#3103 = CARTESIAN_POINT ( 'NONE',  ( -170.0000000000000000, 55.00000000000000000, 2.999999999999994671 ) ) ;
#3104 = DIRECTION ( 'NONE',  ( 0.000000000000000000, -0.000000000000000000, -1.000000000000000000 ) ) ;
#3105 = DIRECTION ( 'NONE',  ( 0.000000000000000000, 0.000000000000000000, 1.000000000000000000 ) ) ;
#3106 = CARTESIAN_POINT ( 'NONE',  ( 177.5000000000001137, 659.5000000000000000, 18.00000000000000000 ) ) ;
#3107 = EDGE_CURVE ( 'NONE', #4584, #2071, #5356, .T. ) ;
#3108 = CARTESIAN_POINT ( 'NONE',  ( 604.4999999999996589, 20.00000000000000000, -9.000000000000000000 ) ) ;
#3109 = AXIS2_PLACEMENT_3D ( 'NONE', #6255, #4032, #3335 ) ;
#3110 = EDGE_CURVE ( 'NONE', #8684, #8128, #6853, .T. ) ;
#3111 = CONTEXT_DEPENDENT_SHAPE_REPRESENTATION ( #8669, #9540 ) ;
#3112 = CARTESIAN_POINT ( 'NONE',  ( 54.00000000000002132, 647.5000000000000000, 11.99999999999999822 ) ) ;
#3113 = CARTESIAN_POINT ( 'NONE',  ( 799.9999999999998863, 18.00000000000000000, 400.0000000000000000 ) ) ;
#3114 = LINE ( 'NONE', #1556, #9213 ) ;
#3115 = ORIENTED_EDGE ( 'NONE', *, *, #4922, .T. ) ;
#3116 = CARTESIAN_POINT ( 'NONE',  ( 106.5685424949241451, 104.0685424949247704, 11.99999999999999822 ) ) ;
#3117 = ORIENTED_EDGE ( 'NONE', *, *, #4838, .F. ) ;
#3118 = AXIS2_PLACEMENT_3D ( 'NONE', #8347, #6915, #1054 ) ;
#3119 = ADVANCED_FACE ( 'NONE', ( #3161 ), #943, .F. ) ;
#3120 = FACE_OUTER_BOUND ( 'NONE', #3856, .T. ) ;
#3121 = CARTESIAN_POINT ( 'NONE',  ( 182.5000000000001137, 659.5000000000000000, 18.00000000000000000 ) ) ;
#3122 = ORIENTED_EDGE ( 'NONE', *, *, #3712, .T. ) ;
#3123 = EDGE_LOOP ( 'NONE', ( #9053, #6821, #2771, #5348 ) ) ;
#3124 = CARTESIAN_POINT ( 'NONE',  ( 278.5000000000001137, 347.5000000000000000, 0.000000000000000000 ) ) ;
#3125 = DIRECTION ( 'NONE',  ( 0.000000000000000000, 0.000000000000000000, 1.000000000000000000 ) ) ;
#3126 = AXIS2_PLACEMENT_3D ( 'NONE', #1870, #4848, #8536 ) ;
#3127 = DIRECTION ( 'NONE',  ( 1.000000000000000000, -0.000000000000000000, -0.000000000000000000 ) ) ;
#3128 = AXIS2_PLACEMENT_3D ( 'NONE', #8112, #5325, #7519 ) ;
#3129 = DIRECTION ( 'NONE',  ( -1.000000000000000000, 0.000000000000000000, 0.000000000000000000 ) ) ;
#3130 = VECTOR ( 'NONE', #7533, 1000.000000000000000 ) ;
#3131 = LINE ( 'NONE', #8407, #9232 ) ;
#3132 = ORIENTED_EDGE ( 'NONE', *, *, #1221, .F. ) ;
#3133 = CARTESIAN_POINT ( 'NONE',  ( 0.000000000000000000, 56.00000000000000000, 12.00000000000000000 ) ) ;
#3134 = ORIENTED_EDGE ( 'NONE', *, *, #8968, .T. ) ;
#3135 = CIRCLE ( 'NONE', #2898, 3.000000000000002665 ) ;
#3136 = DIRECTION ( 'NONE',  ( -0.000000000000000000, -0.000000000000000000, -1.000000000000000000 ) ) ;
#3137 = CARTESIAN_POINT ( 'NONE',  ( 1322.499999999999773, 35.49999999999997868, 0.000000000000000000 ) ) ;
#3138 = DIRECTION ( 'NONE',  ( 0.000000000000000000, 0.000000000000000000, 1.000000000000000000 ) ) ;
#3139 = CIRCLE ( 'NONE', #7904, 4.000000000000003553 ) ;
#3140 = VECTOR ( 'NONE', #4045, 1000.000000000000000 ) ;
#3141 = LINE ( 'NONE', #5616, #6490 ) ;
#3142 = VERTEX_POINT ( 'NONE', #4260 ) ;
#3143 = DIRECTION ( 'NONE',  ( -0.000000000000000000, -0.000000000000000000, -1.000000000000000000 ) ) ;
#3144 = ORIENTED_EDGE ( 'NONE', *, *, #5145, .T. ) ;
#3145 = CARTESIAN_POINT ( 'NONE',  ( 45.99999999999999289, 47.49999999999998579, 18.00000000000000000 ) ) ;
#3146 = CYLINDRICAL_SURFACE ( 'NONE', #3827, 2.999999999999891642 ) ;
#3147 = CARTESIAN_POINT ( 'NONE',  ( 70.00000000000015632, 177.4999999999999716, 0.000000000000000000 ) ) ;
#3148 = AXIS2_PLACEMENT_3D ( 'NONE', #8566, #9311, #4913 ) ;
#3149 = AXIS2_PLACEMENT_3D ( 'NONE', #56, #7460, #2991 ) ;
#3150 =( BOUNDED_CURVE ( )  B_SPLINE_CURVE ( 3, ( #1033, #7701, #3297, #4027 ),
 .UNSPECIFIED., .F., .F. ) 
 B_SPLINE_CURVE_WITH_KNOTS ( ( 4, 4 ),
 ( 3.141592653589793116, 4.712388980384688786 ),
 .UNSPECIFIED. ) 
 CURVE ( )  GEOMETRIC_REPRESENTATION_ITEM ( )  RATIONAL_B_SPLINE_CURVE ( ( 1.000000000000000000, 0.8047378541243652705, 0.8047378541243652705, 1.000000000000000000 ) ) 
 REPRESENTATION_ITEM ( '' )  );
#3151 = FACE_OUTER_BOUND ( 'NONE', #876, .T. ) ;
#3152 = CYLINDRICAL_SURFACE ( 'NONE', #645, 2.500000000000002220 ) ;
#3153 = ORIENTED_EDGE ( 'NONE', *, *, #4704, .F. ) ;
#3154 = ORIENTED_EDGE ( 'NONE', *, *, #9354, .F. ) ;
#3155 = ORIENTED_EDGE ( 'NONE', *, *, #6007, .T. ) ;
#3156 = CIRCLE ( 'NONE', #8758, 6.000000000000019540 ) ;
#3157 = ORIENTED_EDGE ( 'NONE', *, *, #6431, .T. ) ;
#3158 = CARTESIAN_POINT ( 'NONE',  ( 441.9999999999999432, 55.00000000000000000, 0.000000000000000000 ) ) ;
#3159 = CARTESIAN_POINT ( 'NONE',  ( 144.9999999999999147, 690.0000000000000000, 12.49999999999999289 ) ) ;
#3160 = CARTESIAN_POINT ( 'NONE',  ( -170.0000000000000000, 55.00000000000000000, 0.000000000000000000 ) ) ;
#3161 = FACE_OUTER_BOUND ( 'NONE', #6892, .T. ) ;
#3162 = CARTESIAN_POINT ( 'NONE',  ( 1223.999999999999773, 627.5000000000001137, 18.00000000000000000 ) ) ;
#3163 = CARTESIAN_POINT ( 'NONE',  ( 176.9999999999999716, 627.4999999999998863, 0.000000000000000000 ) ) ;
#3164 = LINE ( 'NONE', #2257, #3279 ) ;
#3165 = ORIENTED_EDGE ( 'NONE', *, *, #8986, .T. ) ;
#3166 = ORIENTED_EDGE ( 'NONE', *, *, #2171, .F. ) ;
#3167 = AXIS2_PLACEMENT_3D ( 'NONE', #4369, #657, #3669 ) ;
#3168 = ORIENTED_EDGE ( 'NONE', *, *, #1790, .F. ) ;
#3169 = EDGE_CURVE ( 'NONE', #3945, #8165, #6735, .T. ) ;
#3170 = VECTOR ( 'NONE', #6222, 1000.000000000000000 ) ;
#3171 =( LENGTH_UNIT ( ) NAMED_UNIT ( * ) SI_UNIT ( .MILLI., .METRE. ) );
#3172 = CARTESIAN_POINT ( 'NONE',  ( 308.0000000000001137, 627.5000000000001137, 18.00000000000000000 ) ) ;
#3173 = AXIS2_PLACEMENT_3D ( 'NONE', #1580, #3801, #6734 ) ;
#3174 = CARTESIAN_POINT ( 'NONE',  ( 58.01941254751481836, 5.421010862427522170E-17, 15.00000000000000000 ) ) ;
#3175 = ADVANCED_FACE ( 'NONE', ( #1766 ), #5230, .F. ) ;
#3176 = FILL_AREA_STYLE ('',( #6843 ) ) ;
#3177 = ORIENTED_EDGE ( 'NONE', *, *, #6075, .T. ) ;
#3178 = DIRECTION ( 'NONE',  ( 0.000000000000000000, 0.000000000000000000, 1.000000000000000000 ) ) ;
#3179 = ORIENTED_EDGE ( 'NONE', *, *, #1106, .T. ) ;
#3180 = CIRCLE ( 'NONE', #9277, 3.000000000000000888 ) ;
#3181 = DIRECTION ( 'NONE',  ( 1.000000000000000000, 0.000000000000000000, 0.000000000000000000 ) ) ;
#3182 = ORIENTED_EDGE ( 'NONE', *, *, #7919, .F. ) ;
#3183 = LINE ( 'NONE', #4909, #2828 ) ;
#3184 = EDGE_CURVE ( 'NONE', #3867, #6089, #4769, .T. ) ;
#3185 = CARTESIAN_POINT ( 'NONE',  ( -135.0000000000000000, 24.00000000000000000, 6.000000000000000000 ) ) ;
#3186 = DIRECTION ( 'NONE',  ( 0.000000000000000000, 0.000000000000000000, 1.000000000000000000 ) ) ;
#3187 = ORIENTED_EDGE ( 'NONE', *, *, #735, .T. ) ;
#3188 = CARTESIAN_POINT ( 'NONE',  ( 1226.499999999999773, 482.5000000000000000, 0.000000000000000000 ) ) ;
#3189 = CIRCLE ( 'NONE', #1455, 4.000000000000003553 ) ;
#3190 = EDGE_LOOP ( 'NONE', ( #4691, #2445, #9310, #2917 ) ) ;
#3191 = EDGE_LOOP ( 'NONE', ( #150, #6818, #848, #3352 ) ) ;
#3192 = CARTESIAN_POINT ( 'NONE',  ( 132.0000000000000000, 56.00000000000001421, 6.000000000000000000 ) ) ;
#3193 = ORIENTED_EDGE ( 'NONE', *, *, #5523, .F. ) ;
#3194 = CIRCLE ( 'NONE', #3810, 2.499999999999946709 ) ;
#3195 = PLANE ( 'NONE',  #5881 ) ;
#3196 = DIRECTION ( 'NONE',  ( 1.000000000000000000, 0.000000000000000000, 0.000000000000000000 ) ) ;
#3197 = FACE_OUTER_BOUND ( 'NONE', #3499, .T. ) ;
#3198 = ORIENTED_EDGE ( 'NONE', *, *, #8772, .T. ) ;
#3199 = ORIENTED_EDGE ( 'NONE', *, *, #1011, .T. ) ;
#3200 = AXIS2_PLACEMENT_3D ( 'NONE', #7345, #9390, #6456 ) ;
#3201 = CARTESIAN_POINT ( 'NONE',  ( 59.99999999999998579, 110.0000000000000000, 18.00000000000001421 ) ) ;
#3202 = ORIENTED_EDGE ( 'NONE', *, *, #1744, .F. ) ;
#3203 = CARTESIAN_POINT ( 'NONE',  ( 47.49999999999997158, 583.4999999999998863, 0.000000000000000000 ) ) ;
#3204 = DIRECTION ( 'NONE',  ( -0.000000000000000000, -0.000000000000000000, -1.000000000000000000 ) ) ;
#3205 = CARTESIAN_POINT ( 'NONE',  ( 1223.999999999999773, 347.5000000000000000, 18.00000000000000000 ) ) ;
#3206 = ORIENTED_EDGE ( 'NONE', *, *, #6334, .F. ) ;
#3207 = ORIENTED_EDGE ( 'NONE', *, *, #1258, .F. ) ;
#3208 = CARTESIAN_POINT ( 'NONE',  ( 1226.499999999999773, 67.49999999999988631, 18.00000000000000000 ) ) ;
#3209 = CARTESIAN_POINT ( 'NONE',  ( -266.4999999999998863, 0.000000000000000000, 9.000000000000000000 ) ) ;
#3210 = DIRECTION ( 'NONE',  ( 1.000000000000000222, 0.000000000000000000, -1.110223024625156540E-16 ) ) ;
#3211 = AXIS2_PLACEMENT_3D ( 'NONE', #1886, #9221, #1841 ) ;
#3212 = EDGE_CURVE ( 'NONE', #2326, #8317, #9266, .T. ) ;
#3213 = ORIENTED_EDGE ( 'NONE', *, *, #711, .T. ) ;
#3214 = AXIS2_PLACEMENT_3D ( 'NONE', #538, #5761, #5736 ) ;
#3215 = DIRECTION ( 'NONE',  ( -1.000000000000000000, 0.000000000000000000, 0.000000000000000000 ) ) ;
#3216 = CARTESIAN_POINT ( 'NONE',  ( 1472.627416997969704, 33.35786437626904188, 18.00000000000000000 ) ) ;
#3217 = ADVANCED_FACE ( 'NONE', ( #2003 ), #1053, .F. ) ;
#3218 = AXIS2_PLACEMENT_3D ( 'NONE', #2232, #7402, #801 ) ;
#3219 = PRODUCT_DEFINITION_SHAPE ( 'NONE', 'NONE',  #9590 ) ;
#3220 = PRESENTATION_LAYER_ASSIGNMENT (  '', '', ( #5317 ) ) ;
#3221 = CARTESIAN_POINT ( 'NONE',  ( 1319.999999999999773, 67.50000000000000000, 0.000000000000000000 ) ) ;
#3222 = EDGE_CURVE ( 'NONE', #8200, #5165, #587, .T. ) ;
#3223 = DIRECTION ( 'NONE',  ( -1.000000000000000000, 0.000000000000000000, 0.000000000000000000 ) ) ;
#3224 = CARTESIAN_POINT ( 'NONE',  ( 0.000000000000000000, 56.00000000000000000, 6.000000000000000000 ) ) ;
#3225 = DIRECTION ( 'NONE',  ( 0.000000000000000000, 1.000000000000000000, 0.000000000000000000 ) ) ;
#3226 = EDGE_CURVE ( 'NONE', #5789, #3142, #1183, .T. ) ;
#3227 = CARTESIAN_POINT ( 'NONE',  ( 135.0000000000000000, 56.00000000000001421, 6.000000000000000000 ) ) ;
#3228 = CIRCLE ( 'NONE', #5031, 6.000000000000227374 ) ;
#3229 = CARTESIAN_POINT ( 'NONE',  ( 132.0000000000000000, 56.00000000000001421, 6.000000000000000000 ) ) ;
#3230 = DIRECTION ( 'NONE',  ( 1.000000000000000000, 0.000000000000000000, 0.000000000000000000 ) ) ;
#3231 = EDGE_CURVE ( 'NONE', #8054, #2090, #2689, .T. ) ;
#3232 = DIRECTION ( 'NONE',  ( -0.000000000000000000, 1.000000000000000000, -0.000000000000000000 ) ) ;
#3233 = CARTESIAN_POINT ( 'NONE',  ( 1221.499999999999773, 212.4999999999999716, 18.00000000000000000 ) ) ;
#3234 = DIRECTION ( 'NONE',  ( 0.000000000000000000, 0.000000000000000000, 1.000000000000000000 ) ) ;
#3235 = LINE ( 'NONE', #5629, #1262 ) ;
#3236 = ORIENTED_EDGE ( 'NONE', *, *, #9024, .T. ) ;
#3237 = EDGE_CURVE ( 'NONE', #265, #6296, #9378, .T. ) ;
#3238 = ORIENTED_EDGE ( 'NONE', *, *, #4533, .F. ) ;
#3239 = DIRECTION ( 'NONE',  ( -0.000000000000000000, 1.000000000000000000, -0.000000000000000000 ) ) ;
#3240 = ORIENTED_EDGE ( 'NONE', *, *, #5713, .T. ) ;
#3241 = DIRECTION ( 'NONE',  ( -0.000000000000000000, -0.000000000000000000, 1.000000000000000000 ) ) ;
#3242 = CARTESIAN_POINT ( 'NONE',  ( -248.4999999999997158, 0.000000000000000000, -8.999999999999984013 ) ) ;
#3243 = DIRECTION ( 'NONE',  ( 0.000000000000000000, 1.000000000000000000, 0.000000000000000000 ) ) ;
#3244 = FACE_OUTER_BOUND ( 'NONE', #2589, .T. ) ;
#3245 = CYLINDRICAL_SURFACE ( 'NONE', #4309, 3.000000000000058176 ) ;
#3246 = ORIENTED_EDGE ( 'NONE', *, *, #5512, .F. ) ;
#3247 = ORIENTED_EDGE ( 'NONE', *, *, #756, .T. ) ;
#3248 = AXIS2_PLACEMENT_3D ( 'NONE', #570, #611, #2821 ) ;
#3249 = EDGE_CURVE ( 'NONE', #5819, #3307, #824, .T. ) ;
#3250 = CARTESIAN_POINT ( 'NONE',  ( 86.05177248089448483, 730.0000000000000000, 21.50000000000000000 ) ) ;
#3251 = DIRECTION ( 'NONE',  ( 0.000000000000000000, 0.000000000000000000, 1.000000000000000000 ) ) ;
#3252 = FACE_BOUND ( 'NONE', #6263, .T. ) ;
#3253 = DIRECTION ( 'NONE',  ( 1.000000000000000000, 0.000000000000000000, 0.000000000000000000 ) ) ;
#3254 = FACE_OUTER_BOUND ( 'NONE', #875, .T. ) ;
#3255 = LINE ( 'NONE', #2684, #1282 ) ;
#3256 = VERTEX_POINT ( 'NONE', #8026 ) ;
#3257 = CARTESIAN_POINT ( 'NONE',  ( 1447.500000000000000, 583.4999999999998863, 0.000000000000000000 ) ) ;
#3258 = VERTEX_POINT ( 'NONE', #7315 ) ;
#3259 = CARTESIAN_POINT ( 'NONE',  ( -42.00000000000000711, 55.00000000000000000, 3.000000000000001332 ) ) ;
#3260 = CIRCLE ( 'NONE', #7051, 3.000000000000197176 ) ;
#3261 = AXIS2_PLACEMENT_3D ( 'NONE', #7962, #9399, #1261 ) ;
#3262 = CARTESIAN_POINT ( 'NONE',  ( 110.0000000000000000, 0.000000000000000000, 0.000000000000000000 ) ) ;
#3263 = FACE_OUTER_BOUND ( 'NONE', #2590, .T. ) ;
#3264 = CARTESIAN_POINT ( 'NONE',  ( 1450.000000000000000, 583.4999999999998863, 18.00000000000000000 ) ) ;
#3265 = EDGE_CURVE ( 'NONE', #5013, #6465, #6626, .T. ) ;
#3266 = ADVANCED_FACE ( 'NONE', ( #4903 ), #6965, .F. ) ;
#3267 = CIRCLE ( 'NONE', #3097, 2.499999999999946709 ) ;
#3268 = CIRCLE ( 'NONE', #1000, 3.000000000000047962 ) ;
#3269 = DIRECTION ( 'NONE',  ( 0.000000000000000000, 0.000000000000000000, 1.000000000000000000 ) ) ;
#3270 = EDGE_LOOP ( 'NONE', ( #8145, #4050 ) ) ;
#3271 = VERTEX_POINT ( 'NONE', #4373 ) ;
#3272 = VERTEX_POINT ( 'NONE', #6665 ) ;
#3273 = DIRECTION ( 'NONE',  ( -0.000000000000000000, 1.000000000000000000, -0.000000000000000000 ) ) ;
#3274 = COLOUR_RGB ( '',1.000000000000000000, 1.000000000000000000, 1.000000000000000000 ) ;
#3275 = DIRECTION ( 'NONE',  ( 1.054711873393898516E-15, -2.940461388430579244E-31, -1.000000000000000000 ) ) ;
#3276 = VERTEX_POINT ( 'NONE', #7374 ) ;
#3277 = FACE_OUTER_BOUND ( 'NONE', #4594, .T. ) ;
#3278 = DIRECTION ( 'NONE',  ( 1.000000000000000000, 0.000000000000000000, 0.000000000000000000 ) ) ;
#3279 = VECTOR ( 'NONE', #8169, 1000.000000000000000 ) ;
#3280 = ORIENTED_EDGE ( 'NONE', *, *, #59, .F. ) ;
#3281 = EDGE_LOOP ( 'NONE', ( #3957, #9247 ) ) ;
#3282 = CARTESIAN_POINT ( 'NONE',  ( 72.50000000000017053, 209.4999999999998295, 0.000000000000000000 ) ) ;
#3283 = ORIENTED_EDGE ( 'NONE', *, *, #7017, .T. ) ;
#3284 = CARTESIAN_POINT ( 'NONE',  ( 1429.999999999999773, 485.5000000000001705, 18.00000000000000000 ) ) ;
#3285 = FACE_OUTER_BOUND ( 'NONE', #1310, .T. ) ;
#3286 = AXIS2_PLACEMENT_3D ( 'NONE', #4285, #576, #3578 ) ;
#3287 = MECHANICAL_DESIGN_GEOMETRIC_PRESENTATION_REPRESENTATION (  '', ( #1971 ), #271 ) ;
#3288 = EDGE_CURVE ( 'NONE', #2017, #4571, #3405, .T. ) ;
#3289 = EDGE_CURVE ( 'NONE', #3560, #4357, #6504, .T. ) ;
#3290 = FACE_OUTER_BOUND ( 'NONE', #4774, .T. ) ;
#3291 = ORIENTED_EDGE ( 'NONE', *, *, #7229, .F. ) ;
#3292 = CYLINDRICAL_SURFACE ( 'NONE', #5324, 4.000000000000003553 ) ;
#3293 = CARTESIAN_POINT ( 'NONE',  ( 1423.129942314910977, 620.6299423149113181, 18.00000000000000000 ) ) ;
#3294 = ORIENTED_EDGE ( 'NONE', *, *, #1299, .T. ) ;
#3295 = LINE ( 'NONE', #1367, #733 ) ;
#3296 = DIRECTION ( 'NONE',  ( -0.000000000000000000, -0.000000000000000000, -1.000000000000000000 ) ) ;
#3297 = CARTESIAN_POINT ( 'NONE',  ( 51.71291246261301211, -1.185780702985913237E-17, 30.99999999999999289 ) ) ;
#3298 = EDGE_CURVE ( 'NONE', #8953, #8950, #1424, .T. ) ;
#3299 = DIRECTION ( 'NONE',  ( 0.7071067811865433539, 0.7071067811865517916, 0.000000000000000000 ) ) ;
#3300 = AXIS2_PLACEMENT_3D ( 'NONE', #767, #955, #7589 ) ;
#3301 = PRODUCT_RELATED_PRODUCT_CATEGORY ( 'part', '', ( #2063 ) ) ;
#3302 = ORIENTED_EDGE ( 'NONE', *, *, #2572, .F. ) ;
#3303 = CYLINDRICAL_SURFACE ( 'NONE', #8801, 3.000000000000002665 ) ;
#3304 = VERTEX_POINT ( 'NONE', #8045 ) ;
#3305 = ORIENTED_EDGE ( 'NONE', *, *, #8018, .T. ) ;
#3306 = DIRECTION ( 'NONE',  ( -0.000000000000000000, -0.000000000000000000, -1.000000000000000000 ) ) ;
#3307 = VERTEX_POINT ( 'NONE', #2281 ) ;
#3308 = ORIENTED_EDGE ( 'NONE', *, *, #7734, .T. ) ;
#3309 = DIRECTION ( 'NONE',  ( 0.000000000000000000, 0.000000000000000000, 1.000000000000000000 ) ) ;
#3310 = DIRECTION ( 'NONE',  ( -1.000000000000000000, 0.000000000000000000, 0.000000000000000000 ) ) ;
#3311 = APPLICATION_PROTOCOL_DEFINITION ( 'draft international standard', 'automotive_design', 1998, #458 ) ;
#3312 = VERTEX_POINT ( 'NONE', #98 ) ;
#3313 = VECTOR ( 'NONE', #2147, 1000.000000000000114 ) ;
#3314 = VERTEX_POINT ( 'NONE', #9545 ) ;
#3315 = EDGE_CURVE ( 'NONE', #8349, #4723, #2926, .T. ) ;
#3316 = VERTEX_POINT ( 'NONE', #8930 ) ;
#3317 = AXIS2_PLACEMENT_3D ( 'NONE', #7956, #2044, #4339 ) ;
#3318 = DIRECTION ( 'NONE',  ( -0.7071067811865501263, -0.7071067811865449082, 0.000000000000000000 ) ) ;
#3319 = CARTESIAN_POINT ( 'NONE',  ( -170.0000000000000000, 55.00000000000000000, 0.000000000000000000 ) ) ;
#3320 = DIRECTION ( 'NONE',  ( 0.000000000000000000, -0.000000000000000000, 1.000000000000000000 ) ) ;
#3321 = DIRECTION ( 'NONE',  ( -1.000000000000000000, -0.000000000000000000, -0.000000000000000000 ) ) ;
#3322 = DIRECTION ( 'NONE',  ( 0.000000000000000000, 0.000000000000000000, 1.000000000000000000 ) ) ;
#3323 = ORIENTED_EDGE ( 'NONE', *, *, #7189, .F. ) ;
#3324 = ORIENTED_EDGE ( 'NONE', *, *, #5433, .T. ) ;
#3325 = ADVANCED_FACE ( 'NONE', ( #4546 ), #3004, .F. ) ;
#3326 = ORIENTED_EDGE ( 'NONE', *, *, #993, .T. ) ;
#3327 = DIRECTION ( 'NONE',  ( 0.000000000000000000, 0.000000000000000000, 1.000000000000000000 ) ) ;
#3328 = AXIS2_PLACEMENT_3D ( 'NONE', #7484, #6781, #5413 ) ;
#3329 = AXIS2_PLACEMENT_3D ( 'NONE', #5051, #4780, #7115 ) ;
#3330 = ORIENTED_EDGE ( 'NONE', *, *, #8386, .T. ) ;
#3331 = VERTEX_POINT ( 'NONE', #8337 ) ;
#3332 = DIRECTION ( 'NONE',  ( -1.000000000000000000, 0.000000000000000000, 0.000000000000000000 ) ) ;
#3333 = ADVANCED_FACE ( 'NONE', ( #713 ), #1595, .T. ) ;
#3334 = CARTESIAN_POINT ( 'NONE',  ( 750.0000000000000000, 212.4999999999999716, 18.00000000000000000 ) ) ;
#3335 = DIRECTION ( 'NONE',  ( 1.000000000000000000, 0.000000000000000000, 0.000000000000000000 ) ) ;
#3336 = CARTESIAN_POINT ( 'NONE',  ( -441.9999999999999432, 55.00000000000000000, -2.999999999999994671 ) ) ;
#3337 = CARTESIAN_POINT ( 'NONE',  ( -666.5000000000002274, 80.00000000000000000, 9.000000000000000000 ) ) ;
#3338 = APPLICATION_CONTEXT ( 'automotive_design' ) ;
#3339 = AXIS2_PLACEMENT_3D ( 'NONE', #991, #7642, #4014 ) ;
#3340 = CARTESIAN_POINT ( 'NONE',  ( 1342.000000000000000, 0.000000000000000000, 18.00000000000000000 ) ) ;
#3341 = CARTESIAN_POINT ( 'NONE',  ( -212.5000000000001421, 20.00000000000000000, -9.000000000000000000 ) ) ;
#3342 = DIRECTION ( 'NONE',  ( 0.000000000000000000, 0.000000000000000000, -1.000000000000000000 ) ) ;
#3343 = CARTESIAN_POINT ( 'NONE',  ( 750.0000000000000000, 627.5000000000000000, 18.00000000000000000 ) ) ;
#3344 = DIRECTION ( 'NONE',  ( 1.000000000000000000, 0.000000000000000000, 0.000000000000000000 ) ) ;
#3345 = DIRECTION ( 'NONE',  ( -0.000000000000000000, -0.000000000000000000, -1.000000000000000000 ) ) ;
#3346 = AXIS2_PLACEMENT_3D ( 'NONE', #3715, #7428, #2373 ) ;
#3347 =( GEOMETRIC_REPRESENTATION_CONTEXT ( 3 ) GLOBAL_UNCERTAINTY_ASSIGNED_CONTEXT ( ( #8151 ) ) GLOBAL_UNIT_ASSIGNED_CONTEXT ( ( #7440, #8150, #8747 ) ) REPRESENTATION_CONTEXT ( 'NONE', 'WORKASPACE' ) );
#3348 = EDGE_CURVE ( 'NONE', #3838, #6529, #9025, .T. ) ;
#3349 = EDGE_CURVE ( 'NONE', #5437, #6383, #229, .T. ) ;
#3350 = FACE_OUTER_BOUND ( 'NONE', #7864, .T. ) ;
#3351 = DIRECTION ( 'NONE',  ( 0.000000000000000000, 1.000000000000000000, 0.000000000000000000 ) ) ;
#3352 = ORIENTED_EDGE ( 'NONE', *, *, #8335, .F. ) ;
#3353 = VERTEX_POINT ( 'NONE', #918 ) ;
#3354 = CARTESIAN_POINT ( 'NONE',  ( 42.00000000000000711, 55.00000000000000000, 0.000000000000000000 ) ) ;
#3355 = DIRECTION ( 'NONE',  ( -0.000000000000000000, -0.000000000000000000, -1.000000000000000000 ) ) ;
#3356 = EDGE_CURVE ( 'NONE', #6069, #4462, #3966, .T. ) ;
#3357 = CARTESIAN_POINT ( 'NONE',  ( 42.00000000000000711, 55.00000000000000000, 3.000000000000001332 ) ) ;
#3358 = ITEM_DEFINED_TRANSFORMATION ( 'NONE', 'NONE', #7487,  #6183 ) ;
#3359 = ORIENTED_EDGE ( 'NONE', *, *, #1557, .F. ) ;
#3360 = CARTESIAN_POINT ( 'NONE',  ( 608.4999999999996589, 20.00000000000000000, 9.000000000000000000 ) ) ;
#3361 = VECTOR ( 'NONE', #8621, 1000.000000000000000 ) ;
#3362 = ORIENTED_EDGE ( 'NONE', *, *, #3768, .F. ) ;
#3363 = DIRECTION ( 'NONE',  ( -1.000000000000000000, 0.000000000000000000, 0.000000000000000000 ) ) ;
#3364 = EDGE_LOOP ( 'NONE', ( #7310, #4542, #1631, #3507 ) ) ;
#3365 = EDGE_CURVE ( 'NONE', #1176, #1354, #5010, .T. ) ;
#3366 = ADVANCED_FACE ( 'NONE', ( #2561 ), #5116, .F. ) ;
#3367 = DIRECTION ( 'NONE',  ( 1.000000000000000000, 0.000000000000000000, 0.000000000000000000 ) ) ;
#3368 = CARTESIAN_POINT ( 'NONE',  ( -604.4999999999996589, 20.00000000000000000, -9.000000000000000000 ) ) ;
#3369 = CARTESIAN_POINT ( 'NONE',  ( 1319.999999999999773, 659.5000000000000000, 0.000000000000000000 ) ) ;
#3370 = EDGE_CURVE ( 'NONE', #7248, #5729, #3043, .T. ) ;
#3371 = ORIENTED_EDGE ( 'NONE', *, *, #2723, .T. ) ;
#3372 = FACE_BOUND ( 'NONE', #8422, .T. ) ;
#3373 = LINE ( 'NONE', #695, #8529 ) ;
#3374 = EDGE_LOOP ( 'NONE', ( #5128, #8794, #7366, #926 ) ) ;
#3375 = ORIENTED_EDGE ( 'NONE', *, *, #6834, .F. ) ;
#3376 = VECTOR ( 'NONE', #195, 1000.000000000000000 ) ;
#3377 = CARTESIAN_POINT ( 'NONE',  ( 110.0000000000000000, 0.000000000000000000, 30.00000000000000000 ) ) ;
#3378 = DIRECTION ( 'NONE',  ( 0.000000000000000000, 0.000000000000000000, -1.000000000000000000 ) ) ;
#3379 = CARTESIAN_POINT ( 'NONE',  ( 500.0000000000000000, 482.5000000000000000, 18.00000000000000000 ) ) ;
#3380 = CARTESIAN_POINT ( 'NONE',  ( 308.0000000000001137, 67.49999999999997158, 18.00000000000000000 ) ) ;
#3381 = CARTESIAN_POINT ( 'NONE',  ( 1468.384776310850157, 665.8847763108501567, 11.99999999999999822 ) ) ;
#3382 = CIRCLE ( 'NONE', #5431, 3.000000000000113687 ) ;
#3383 = MECHANICAL_DESIGN_GEOMETRIC_PRESENTATION_REPRESENTATION (  '', ( #6333 ), #3880 ) ;
#3384 = FACE_BOUND ( 'NONE', #1190, .T. ) ;
#3385 = CIRCLE ( 'NONE', #7103, 2.999999999999993783 ) ;
#3386 = ORIENTED_EDGE ( 'NONE', *, *, #8728, .F. ) ;
#3387 = VERTEX_POINT ( 'NONE', #1007 ) ;
#3388 = EDGE_CURVE ( 'NONE', #5460, #2823, #2026, .T. ) ;
#3389 = ORIENTED_EDGE ( 'NONE', *, *, #8008, .T. ) ;
#3390 = DIRECTION ( 'NONE',  ( -0.000000000000000000, -0.000000000000000000, -1.000000000000000000 ) ) ;
#3391 = DIRECTION ( 'NONE',  ( -1.000000000000000000, 0.000000000000000000, 0.000000000000000000 ) ) ;
#3392 = CARTESIAN_POINT ( 'NONE',  ( 1319.999999999999773, 659.5000000000000000, 18.00000000000000000 ) ) ;
#3393 = VECTOR ( 'NONE', #3931, 1000.000000000000000 ) ;
#3394 = DIRECTION ( 'NONE',  ( 0.7071067811865514585, -0.7071067811865436870, 0.000000000000000000 ) ) ;
#3395 = VECTOR ( 'NONE', #6885, 1000.000000000000000 ) ;
#3396 = EDGE_LOOP ( 'NONE', ( #1045, #7886 ) ) ;
#3397 = EDGE_LOOP ( 'NONE', ( #6105, #708, #7520, #5661 ) ) ;
#3398 = ORIENTED_EDGE ( 'NONE', *, *, #3793, .F. ) ;
#3399 = VECTOR ( 'NONE', #4498, 1000.000000000000000 ) ;
#3400 = DIRECTION ( 'NONE',  ( 1.000000000000000000, 0.000000000000000000, 0.000000000000000000 ) ) ;
#3401 = VERTEX_POINT ( 'NONE', #6475 ) ;
#3402 = DIRECTION ( 'NONE',  ( -0.000000000000000000, -0.000000000000000000, -1.000000000000000000 ) ) ;
#3403 = EDGE_CURVE ( 'NONE', #466, #5001, #9571, .T. ) ;
#3404 = CARTESIAN_POINT ( 'NONE',  ( 0.000000000000000000, 5.999999999999998224, 0.000000000000000000 ) ) ;
#3405 = CIRCLE ( 'NONE', #224, 2.499999999999946709 ) ;
#3406 = AXIS2_PLACEMENT_3D ( 'NONE', #8966, #7433, #3085 ) ;
#3407 = FACE_OUTER_BOUND ( 'NONE', #965, .T. ) ;
#3408 = VERTEX_POINT ( 'NONE', #6463 ) ;
#3409 = EDGE_LOOP ( 'NONE', ( #8665, #8759, #7570, #7238 ) ) ;
#3410 = DIRECTION ( 'NONE',  ( 1.000000000000000000, 0.000000000000000000, 0.000000000000000000 ) ) ;
#3411 = PRODUCT_CONTEXT ( 'NONE', #4926, 'mechanical' ) ;
#3412 = VERTEX_POINT ( 'NONE', #6439 ) ;
#3413 = CYLINDRICAL_SURFACE ( 'NONE', #6411, 2.499999999999946709 ) ;
#3414 = DIRECTION ( 'NONE',  ( 0.000000000000000000, 0.000000000000000000, 1.000000000000000000 ) ) ;
#3415 = CARTESIAN_POINT ( 'NONE',  ( 750.0000000000000000, 35.49999999999997868, 18.00000000000000000 ) ) ;
#3416 =( NAMED_UNIT ( * ) PLANE_ANGLE_UNIT ( ) SI_UNIT ( $, .RADIAN. ) );
#3417 = DIRECTION ( 'NONE',  ( -0.000000000000000000, -0.000000000000000000, -1.000000000000000000 ) ) ;
#3418 = CIRCLE ( 'NONE', #1888, 6.000000000000019540 ) ;
#3419 = CARTESIAN_POINT ( 'NONE',  ( 112.5685424949241735, 104.0685424949247704, 18.00000000000000000 ) ) ;
#3420 = ORIENTED_EDGE ( 'NONE', *, *, #5532, .F. ) ;
#3421 = CIRCLE ( 'NONE', #3552, 2.999999999999891642 ) ;
#3422 = AXIS2_PLACEMENT_3D ( 'NONE', #4544, #9549, #5922 ) ;
#3423 = AXIS2_PLACEMENT_3D ( 'NONE', #6897, #7567, #2453 ) ;
#3424 = ORIENTED_EDGE ( 'NONE', *, *, #6550, .F. ) ;
#3425 = EDGE_CURVE ( 'NONE', #1614, #8331, #6486, .T. ) ;
#3426 = CARTESIAN_POINT ( 'NONE',  ( 208.5000000000001421, 20.00000000000000000, -9.000000000000000000 ) ) ;
#3427 = VERTEX_POINT ( 'NONE', #7424 ) ;
#3428 = FACE_OUTER_BOUND ( 'NONE', #7122, .T. ) ;
#3429 = ADVANCED_FACE ( 'NONE', ( #4063 ), #7040, .T. ) ;
#3430 = EDGE_CURVE ( 'NONE', #4448, #7948, #4637, .T. ) ;
#3431 = VERTEX_POINT ( 'NONE', #5476 ) ;
#3432 = DIRECTION ( 'NONE',  ( 0.000000000000000000, 0.000000000000000000, 1.000000000000000000 ) ) ;
#3433 = FACE_OUTER_BOUND ( 'NONE', #3927, .T. ) ;
#3434 = ORIENTED_EDGE ( 'NONE', *, *, #1535, .F. ) ;
#3435 = EDGE_LOOP ( 'NONE', ( #1394, #5127, #5606, #8800 ) ) ;
#3436 = CARTESIAN_POINT ( 'NONE',  ( -666.5000000000002274, 0.000000000000000000, -9.000000000000000000 ) ) ;
#3437 = EDGE_LOOP ( 'NONE', ( #6197, #4701, #3583, #8615 ) ) ;
#3438 = FACE_OUTER_BOUND ( 'NONE', #5260, .T. ) ;
#3439 = DIRECTION ( 'NONE',  ( 0.000000000000000000, 0.000000000000000000, 1.000000000000000000 ) ) ;
#3440 = EDGE_CURVE ( 'NONE', #3838, #2930, #1717, .T. ) ;
#3441 = CARTESIAN_POINT ( 'NONE',  ( 997.0000000000001137, 212.4999999999999716, 18.00000000000000000 ) ) ;
#3442 = AXIS2_PLACEMENT_3D ( 'NONE', #5080, #1466, #5199 ) ;
#3443 = ADVANCED_FACE ( 'NONE', ( #5081 ), #6924, .F. ) ;
#3444 = DIRECTION ( 'NONE',  ( -1.000000000000000000, 0.000000000000000000, 0.000000000000000000 ) ) ;
#3445 = CYLINDRICAL_SURFACE ( 'NONE', #5411, 3.000000000000006217 ) ;
#3446 = ORIENTED_EDGE ( 'NONE', *, *, #9354, .T. ) ;
#3447 = VERTEX_POINT ( 'NONE', #8416 ) ;
#3448 = EDGE_CURVE ( 'NONE', #5535, #3454, #1495, .T. ) ;
#3449 = EDGE_LOOP ( 'NONE', ( #314, #2043 ) ) ;
#3450 = CARTESIAN_POINT ( 'NONE',  ( 503.0000000000000000, 212.4999999999999716, 0.000000000000000000 ) ) ;
#3451 = DIRECTION ( 'NONE',  ( 0.000000000000000000, 0.000000000000000000, 1.000000000000000000 ) ) ;
#3452 = APPLICATION_CONTEXT ( 'automotive_design' ) ;
#3453 = ORIENTED_EDGE ( 'NONE', *, *, #8528, .T. ) ;
#3454 = VERTEX_POINT ( 'NONE', #5412 ) ;
#3455 = DIRECTION ( 'NONE',  ( -1.000000000000000000, 0.000000000000000000, 0.000000000000000000 ) ) ;
#3456 = CARTESIAN_POINT ( 'NONE',  ( 0.000000000000000000, 110.0000000000000000, 0.000000000000000000 ) ) ;
#3457 = DIRECTION ( 'NONE',  ( 0.000000000000000000, 0.000000000000000000, 1.000000000000000000 ) ) ;
#3458 = DIRECTION ( 'NONE',  ( -0.000000000000000000, -0.000000000000000000, -1.000000000000000000 ) ) ;
#3459 = ORIENTED_EDGE ( 'NONE', *, *, #1387, .T. ) ;
#3460 = DIRECTION ( 'NONE',  ( -1.000000000000000000, 0.000000000000000000, 0.000000000000000000 ) ) ;
#3461 = AXIS2_PLACEMENT_3D ( 'NONE', #2874, #2259, #9570 ) ;
#3462 = AXIS2_PLACEMENT_3D ( 'NONE', #5873, #2873, #7314 ) ;
#3463 = CARTESIAN_POINT ( 'NONE',  ( 1194.999999999999773, 627.5000000000001137, 18.00000000000000000 ) ) ;
#3464 = DIRECTION ( 'NONE',  ( 1.000000000000000000, 0.000000000000000000, 0.000000000000000000 ) ) ;
#3465 = DIRECTION ( 'NONE',  ( -0.000000000000000000, 1.000000000000000000, -0.000000000000000000 ) ) ;
#3466 = ADVANCED_FACE ( 'NONE', ( #5759 ), #3195, .T. ) ;
#3467 = SURFACE_SIDE_STYLE ('',( #8061 ) ) ;
#3468 = CARTESIAN_POINT ( 'NONE',  ( -3.469446951953614189E-15, 65.00000000000000000, 0.000000000000000000 ) ) ;
#3469 = CARTESIAN_POINT ( 'NONE',  ( 1221.499999999999773, 212.4999999999999716, 18.00000000000000000 ) ) ;
#3470 = CIRCLE ( 'NONE', #7490, 2.500000000000015987 ) ;
#3471 = AXIS2_PLACEMENT_3D ( 'NONE', #3990, #3899, #7613 ) ;
#3472 = EDGE_CURVE ( 'NONE', #1414, #1759, #5643, .T. ) ;
#3473 = CARTESIAN_POINT ( 'NONE',  ( 1317.000000000000227, 24.00000000000000000, 9.000000000000000000 ) ) ;
#3474 = EDGE_CURVE ( 'NONE', #1050, #9299, #461, .T. ) ;
#3475 = DIRECTION ( 'NONE',  ( 0.000000000000000000, 0.000000000000000000, 1.000000000000000000 ) ) ;
#3476 = CARTESIAN_POINT ( 'NONE',  ( 305.0000000000000568, 627.5000000000001137, 18.00000000000000000 ) ) ;
#3477 = ADVANCED_FACE ( 'NONE', ( #9298 ), #7915, .F. ) ;
#3478 = DIRECTION ( 'NONE',  ( 0.000000000000000000, 0.000000000000000000, 1.000000000000000000 ) ) ;
#3479 = PRODUCT_DEFINITION_SHAPE ( 'NONE', 'NONE',  #9129 ) ;
#3480 = CARTESIAN_POINT ( 'NONE',  ( 110.0000000000000000, 110.0000000000000000, 30.00000000000000000 ) ) ;
#3481 = CIRCLE ( 'NONE', #1680, 6.000000000000025757 ) ;
#3482 = VERTEX_POINT ( 'NONE', #976 ) ;
#3483 = ORIENTED_EDGE ( 'NONE', *, *, #4573, .F. ) ;
#3484 = EDGE_CURVE ( 'NONE', #5840, #6894, #7133, .T. ) ;
#3485 = AXIS2_PLACEMENT_3D ( 'NONE', #6972, #6195, #3129 ) ;
#3486 = DIRECTION ( 'NONE',  ( 0.000000000000000000, 0.000000000000000000, 1.000000000000000000 ) ) ;
#3487 = FACE_BOUND ( 'NONE', #7548, .T. ) ;
#3488 = CYLINDRICAL_SURFACE ( 'NONE', #8307, 4.000000000000003553 ) ;
#3489 = ORIENTED_EDGE ( 'NONE', *, *, #779, .T. ) ;
#3490 = CARTESIAN_POINT ( 'NONE',  ( -800.0000000000001137, 0.000000000000000000, 400.0000000000000000 ) ) ;
#3491 = DIRECTION ( 'NONE',  ( 1.000000000000000000, 0.000000000000000000, 0.000000000000000000 ) ) ;
#3492 = ORIENTED_EDGE ( 'NONE', *, *, #2485, .F. ) ;
#3493 = CARTESIAN_POINT ( 'NONE',  ( 278.5000000000001137, 212.4999999999999716, 18.00000000000000000 ) ) ;
#3494 = VECTOR ( 'NONE', #2264, 1000.000000000000000 ) ;
#3495 = FACE_BOUND ( 'NONE', #6990, .T. ) ;
#3496 = EDGE_CURVE ( 'NONE', #1806, #3276, #572, .T. ) ;
#3497 = FACE_BOUND ( 'NONE', #8133, .T. ) ;
#3498 = VECTOR ( 'NONE', #2813, 1000.000000000000000 ) ;
#3499 = EDGE_LOOP ( 'NONE', ( #2486, #6556, #2129, #6599 ) ) ;
#3500 = EDGE_LOOP ( 'NONE', ( #928, #2473, #3308, #7086, #7903 ) ) ;
#3501 =( REPRESENTATION_RELATIONSHIP ('NONE','NONE', #3659, #3805 ) REPRESENTATION_RELATIONSHIP_WITH_TRANSFORMATION ( #1132 )SHAPE_REPRESENTATION_RELATIONSHIP( ) );
#3502 = FACE_OUTER_BOUND ( 'NONE', #9179, .T. ) ;
#3503 = FACE_BOUND ( 'NONE', #2077, .T. ) ;
#3504 = FACE_OUTER_BOUND ( 'NONE', #3505, .T. ) ;
#3505 = EDGE_LOOP ( 'NONE', ( #4580, #6738, #5223, #1736 ) ) ;
#3506 = ORIENTED_EDGE ( 'NONE', *, *, #493, .F. ) ;
#3507 = ORIENTED_EDGE ( 'NONE', *, *, #6327, .T. ) ;
#3508 = CIRCLE ( 'NONE', #2385, 6.000000000000032863 ) ;
#3509 = CARTESIAN_POINT ( 'NONE',  ( 500.0000000000000000, 347.5000000000000000, 0.000000000000000000 ) ) ;
#3510 = ORIENTED_EDGE ( 'NONE', *, *, #6923, .T. ) ;
#3511 = AXIS2_PLACEMENT_3D ( 'NONE', #398, #7830, #7116 ) ;
#3512 = CARTESIAN_POINT ( 'NONE',  ( 305.0000000000000568, 67.49999999999997158, 0.000000000000000000 ) ) ;
#3513 = AXIS2_PLACEMENT_3D ( 'NONE', #287, #7587, #4740 ) ;
#3514 = ADVANCED_FACE ( 'NONE', ( #751, #8837, #2252, #1574, #9169 ), #9068, .F. ) ;
#3515 = CIRCLE ( 'NONE', #7858, 3.000000000000000888 ) ;
#3516 = CIRCLE ( 'NONE', #7462, 2.999999999999891642 ) ;
#3517 = ORIENTED_EDGE ( 'NONE', *, *, #7564, .F. ) ;
#3518 = EDGE_LOOP ( 'NONE', ( #8377, #2256, #7561, #2619 ) ) ;
#3519 = VERTEX_POINT ( 'NONE', #4703 ) ;
#3520 = FACE_OUTER_BOUND ( 'NONE', #9008, .T. ) ;
#3521 = PLANE ( 'NONE',  #3214 ) ;
#3522 = ADVANCED_FACE ( 'NONE', ( #2833 ), #6903, .T. ) ;
#3523 = CYLINDRICAL_SURFACE ( 'NONE', #556, 4.000000000000003553 ) ;
#3524 = FACE_OUTER_BOUND ( 'NONE', #9005, .T. ) ;
#3525 = ORIENTED_EDGE ( 'NONE', *, *, #7555, .F. ) ;
#3526 = CARTESIAN_POINT ( 'NONE',  ( 70.00000000000017053, 485.5000000000001705, 0.000000000000000000 ) ) ;
#3527 = VECTOR ( 'NONE', #411, 999.9999999999998863 ) ;
#3528 = EDGE_CURVE ( 'NONE', #8165, #3945, #5389, .T. ) ;
#3529 = DIRECTION ( 'NONE',  ( 0.000000000000000000, 1.000000000000000000, 0.000000000000000000 ) ) ;
#3530 = AXIS2_PLACEMENT_3D ( 'NONE', #4471, #1429, #7351 ) ;
#3531 = CARTESIAN_POINT ( 'NONE',  ( 106.9999999999999005, 690.0000000000000000, 15.49999999999999112 ) ) ;
#3532 = EDGE_LOOP ( 'NONE', ( #1104, #2578, #3731, #4512 ) ) ;
#3533 = CIRCLE ( 'NONE', #2127, 3.000000000000047962 ) ;
#3534 = ORIENTED_EDGE ( 'NONE', *, *, #4708, .F. ) ;
#3535 = ORIENTED_EDGE ( 'NONE', *, *, #1482, .T. ) ;
#3536 = PRODUCT_DEFINITION_SHAPE ( 'NONE', 'NONE',  #3037 ) ;
#3537 = ORIENTED_EDGE ( 'NONE', *, *, #5159, .T. ) ;
#3538 = ORIENTED_EDGE ( 'NONE', *, *, #2862, .F. ) ;
#3539 = FACE_OUTER_BOUND ( 'NONE', #367, .T. ) ;
#3540 = DIRECTION ( 'NONE',  ( 0.000000000000000000, 1.000000000000000000, 0.000000000000000000 ) ) ;
#3541 = CARTESIAN_POINT ( 'NONE',  ( 1223.999999999999773, 212.4999999999999716, 18.00000000000000000 ) ) ;
#3542 = DIRECTION ( 'NONE',  ( 0.000000000000000000, -0.000000000000000000, 1.000000000000000000 ) ) ;
#3543 = AXIS2_PLACEMENT_3D ( 'NONE', #1494, #7496, #771 ) ;
#3544 = STYLED_ITEM ( 'NONE', ( #9345 ), #4157 ) ;
#3545 = EDGE_LOOP ( 'NONE', ( #5850, #5767 ) ) ;
#3546 = EDGE_CURVE ( 'NONE', #8994, #8198, #6891, .T. ) ;
#3547 = CARTESIAN_POINT ( 'NONE',  ( 1389.188816817956422, 99.82590180780535150, 11.99999999999999822 ) ) ;
#3548 = CYLINDRICAL_SURFACE ( 'NONE', #7744, 3.000000000000047962 ) ;
#3549 = VERTEX_POINT ( 'NONE', #1725 ) ;
#3550 = ORIENTED_EDGE ( 'NONE', *, *, #177, .T. ) ;
#3551 = EDGE_LOOP ( 'NONE', ( #4240, #1861 ) ) ;
#3552 = AXIS2_PLACEMENT_3D ( 'NONE', #4169, #3451, #3410 ) ;
#3553 = DIRECTION ( 'NONE',  ( -0.000000000000000000, 1.000000000000000000, -0.000000000000000000 ) ) ;
#3554 = DIRECTION ( 'NONE',  ( -1.000000000000000000, 0.000000000000000000, 0.000000000000000000 ) ) ;
#3555 = VERTEX_POINT ( 'NONE', #6374 ) ;
#3556 = ORIENTED_EDGE ( 'NONE', *, *, #8679, .T. ) ;
#3557 = CARTESIAN_POINT ( 'NONE',  ( 750.0000000000000000, 659.5000000000000000, 0.000000000000000000 ) ) ;
#3558 = EDGE_CURVE ( 'NONE', #3316, #6122, #2958, .T. ) ;
#3559 = DIRECTION ( 'NONE',  ( 0.000000000000000000, 0.000000000000000000, 1.000000000000000000 ) ) ;
#3560 = VERTEX_POINT ( 'NONE', #7030 ) ;
#3561 = EDGE_CURVE ( 'NONE', #4599, #8711, #7244, .T. ) ;
#3562 = ADVANCED_FACE ( 'NONE', ( #8942 ), #264, .F. ) ;
#3563 = PLANE ( 'NONE',  #6282 ) ;
#3564 = EDGE_LOOP ( 'NONE', ( #7854, #2891, #6946, #8003 ) ) ;
#3565 = ORIENTED_EDGE ( 'NONE', *, *, #1480, .F. ) ;
#3566 = DIRECTION ( 'NONE',  ( -1.000000000000000000, 0.000000000000000000, 0.000000000000000000 ) ) ;
#3567 = CARTESIAN_POINT ( 'NONE',  ( 163.0944918928738616, -2.168404344971008868E-16, 0.000000000000000000 ) ) ;
#3568 = CARTESIAN_POINT ( 'NONE',  ( 1419.129942314910977, 620.6299423149113181, 0.000000000000000000 ) ) ;
#3569 =( REPRESENTATION_RELATIONSHIP ('NONE','NONE', #3659, #7132 ) REPRESENTATION_RELATIONSHIP_WITH_TRANSFORMATION ( #2293 )SHAPE_REPRESENTATION_RELATIONSHIP( ) );
#3570 = CARTESIAN_POINT ( 'NONE',  ( 15.10134184193276852, -2.007781800899082650E-17, 31.00000000000000000 ) ) ;
#3571 = AXIS2_PLACEMENT_3D ( 'NONE', #7152, #1300, #1950 ) ;
#3572 = DIRECTION ( 'NONE',  ( -0.000000000000000000, -0.000000000000000000, -1.000000000000000000 ) ) ;
#3573 = PLANE ( 'NONE',  #7694 ) ;
#3574 = EDGE_CURVE ( 'NONE', #8914, #3785, #8612, .T. ) ;
#3575 = ADVANCED_FACE ( 'NONE', ( #4807 ), #7359, .F. ) ;
#3576 = CARTESIAN_POINT ( 'NONE',  ( 1223.999999999999773, 627.5000000000001137, 18.00000000000000000 ) ) ;
#3577 = PLANE ( 'NONE',  #5287 ) ;
#3578 = DIRECTION ( 'NONE',  ( -1.000000000000000000, 0.000000000000000000, 0.000000000000000000 ) ) ;
#3579 = EDGE_CURVE ( 'NONE', #3304, #3408, #6423, .T. ) ;
#3580 = DIRECTION ( 'NONE',  ( -1.000000000000000000, 0.000000000000000000, 0.000000000000000000 ) ) ;
#3581 = CIRCLE ( 'NONE', #5316, 3.000000000000058176 ) ;
#3582 = ORIENTED_EDGE ( 'NONE', *, *, #6203, .F. ) ;
#3583 = ORIENTED_EDGE ( 'NONE', *, *, #4221, .F. ) ;
#3584 = CARTESIAN_POINT ( 'NONE',  ( -266.4999999999998863, 80.00000000000000000, 9.000000000000000000 ) ) ;
#3585 = CARTESIAN_POINT ( 'NONE',  ( 1454.000000000000000, 647.5000000000000000, 18.00000000000000000 ) ) ;
#3586 = DIRECTION ( 'NONE',  ( 0.000000000000000000, 0.000000000000000000, 1.000000000000000000 ) ) ;
#3587 = DIRECTION ( 'NONE',  ( -0.000000000000000000, -0.000000000000000000, -1.000000000000000000 ) ) ;
#3588 = CARTESIAN_POINT ( 'NONE',  ( 1223.999999999999773, 67.49999999999988631, 0.000000000000000000 ) ) ;
#3589 = AXIS2_PLACEMENT_3D ( 'NONE', #7049, #9264, #1820 ) ;
#3590 = MECHANICAL_DESIGN_GEOMETRIC_PRESENTATION_REPRESENTATION (  '', ( #3098 ), #9388 ) ;
#3591 = EDGE_CURVE ( 'NONE', #3081, #5618, #8481, .T. ) ;
#3592 = FACE_BOUND ( 'NONE', #3551, .T. ) ;
#3593 = ORIENTED_EDGE ( 'NONE', *, *, #2468, .T. ) ;
#3594 = CARTESIAN_POINT ( 'NONE',  ( 49.99999999999998579, 111.5000000000000426, 18.00000000000000000 ) ) ;
#3595 = ORIENTED_EDGE ( 'NONE', *, *, #2068, .F. ) ;
#3596 = EDGE_CURVE ( 'NONE', #9140, #2227, #7001, .T. ) ;
#3597 = DIRECTION ( 'NONE',  ( 0.000000000000000000, 0.000000000000000000, 1.000000000000000000 ) ) ;
#3598 = DIRECTION ( 'NONE',  ( 0.000000000000000000, 0.000000000000000000, 1.000000000000000000 ) ) ;
#3599 = CARTESIAN_POINT ( 'NONE',  ( 1342.000000000000000, 80.00000000000000000, 18.00000000000000000 ) ) ;
#3600 = CARTESIAN_POINT ( 'NONE',  ( 0.000000000000000000, 56.00000000000000000, 5.999999999999997335 ) ) ;
#3601 = ADVANCED_FACE ( 'NONE', ( #5499 ), #3445, .F. ) ;
#3602 = VECTOR ( 'NONE', #1634, 1000.000000000000227 ) ;
#3603 = CIRCLE ( 'NONE', #524, 3.000000000000002665 ) ;
#3604 = ORIENTED_EDGE ( 'NONE', *, *, #8979, .T. ) ;
#3605 = EDGE_LOOP ( 'NONE', ( #4451, #6247 ) ) ;
#3606 = EDGE_CURVE ( 'NONE', #4039, #1, #6539, .T. ) ;
#3607 = CYLINDRICAL_SURFACE ( 'NONE', #2593, 2.500000000000002220 ) ;
#3608 = AXIS2_PLACEMENT_3D ( 'NONE', #1355, #3465, #5743 ) ;
#3609 = CARTESIAN_POINT ( 'NONE',  ( 1450.000000000000000, 47.49999999999998579, 11.99999999999999822 ) ) ;
#3610 = DIRECTION ( 'NONE',  ( -0.000000000000000000, -0.000000000000000000, -1.000000000000000000 ) ) ;
#3611 = CYLINDRICAL_SURFACE ( 'NONE', #1970, 2.999999999999891642 ) ;
#3612 = DIRECTION ( 'NONE',  ( 1.000000000000000000, 0.000000000000000000, 0.000000000000000000 ) ) ;
#3613 = EDGE_CURVE ( 'NONE', #4072, #6421, #5044, .T. ) ;
#3614 = LINE ( 'NONE', #5890, #7308 ) ;
#3615 = CIRCLE ( 'NONE', #6466, 3.000000000000001332 ) ;
#3616 = ORIENTED_EDGE ( 'NONE', *, *, #2857, .T. ) ;
#3617 = VERTEX_POINT ( 'NONE', #4152 ) ;
#3618 = VERTEX_POINT ( 'NONE', #6242 ) ;
#3619 = ADVANCED_FACE ( 'NONE', ( #1218 ), #1797, .F. ) ;
#3620 = VECTOR ( 'NONE', #9200, 1000.000000000000000 ) ;
#3621 = FACE_BOUND ( 'NONE', #6619, .T. ) ;
#3622 = AXIS2_PLACEMENT_3D ( 'NONE', #193, #8441, #9188 ) ;
#3623 = CARTESIAN_POINT ( 'NONE',  ( 177.0000000000000568, 67.50000000000000000, 18.00000000000000000 ) ) ;
#3624 = VECTOR ( 'NONE', #8373, 1000.000000000000000 ) ;
#3625 = VERTEX_POINT ( 'NONE', #2073 ) ;
#3626 = VERTEX_POINT ( 'NONE', #5792 ) ;
#3627 = CARTESIAN_POINT ( 'NONE',  ( 0.000000000000000000, 0.000000000000000000, 0.000000000000000000 ) ) ;
#3628 = VERTEX_POINT ( 'NONE', #9435 ) ;
#3629 = FACE_OUTER_BOUND ( 'NONE', #5990, .T. ) ;
#3630 = UNCERTAINTY_MEASURE_WITH_UNIT (LENGTH_MEASURE( 1.000000000000000082E-05 ), #8622, 'distance_accuracy_value', 'NONE');
#3631 = PRODUCT_DEFINITION_SHAPE ( 'NONE', 'NONE',  #1489 ) ;
#3632 = CARTESIAN_POINT ( 'NONE',  ( -666.5000000000002274, 80.00000000000000000, 9.000000000000000000 ) ) ;
#3633 = PLANE ( 'NONE',  #8454 ) ;
#3634 = CARTESIAN_POINT ( 'NONE',  ( 85.46958070007258357, 725.0000000000000000, 9.500000000000000000 ) ) ;
#3635 = LINE ( 'NONE', #950, #836 ) ;
#3636 = DIRECTION ( 'NONE',  ( 1.000000000000000000, -0.000000000000000000, -0.000000000000000000 ) ) ;
#3637 = VERTEX_POINT ( 'NONE', #1370 ) ;
#3638 = ORIENTED_EDGE ( 'NONE', *, *, #7501, .F. ) ;
#3639 = EDGE_LOOP ( 'NONE', ( #7774, #4570, #1737, #5500 ) ) ;
#3640 = AXIS2_PLACEMENT_3D ( 'NONE', #7209, #5097, #5744 ) ;
#3641 = CARTESIAN_POINT ( 'NONE',  ( 138.0000000000000000, 24.00000000000000000, 6.000000000000000000 ) ) ;
#3642 = CIRCLE ( 'NONE', #9365, 3.000000000000002665 ) ;
#3643 = AXIS2_PLACEMENT_3D ( 'NONE', #9070, #983, #5483 ) ;
#3644 = DIRECTION ( 'NONE',  ( 1.000000000000000000, 0.000000000000000000, 0.000000000000000000 ) ) ;
#3645 = ORIENTED_EDGE ( 'NONE', *, *, #169, .T. ) ;
#3646 = CIRCLE ( 'NONE', #2367, 3.000000000000006217 ) ;
#3647 = ORIENTED_EDGE ( 'NONE', *, *, #5523, .T. ) ;
#3648 = FACE_OUTER_BOUND ( 'NONE', #1301, .T. ) ;
#3649 = ORIENTED_EDGE ( 'NONE', *, *, #6921, .T. ) ;
#3650 = DIRECTION ( 'NONE',  ( 1.000000000000000000, 0.000000000000000000, 0.000000000000000000 ) ) ;
#3651 = ORIENTED_EDGE ( 'NONE', *, *, #8094, .F. ) ;
#3652 = LINE ( 'NONE', #280, #8937 ) ;
#3653 = DIRECTION ( 'NONE',  ( -1.000000000000000000, 0.000000000000000000, 0.000000000000000000 ) ) ;
#3654 = ORIENTED_EDGE ( 'NONE', *, *, #8324, .T. ) ;
#3655 = LINE ( 'NONE', #1815, #383 ) ;
#3656 = VERTEX_POINT ( 'NONE', #6546 ) ;
#3657 = ORIENTED_EDGE ( 'NONE', *, *, #2882, .T. ) ;
#3658 = AXIS2_PLACEMENT_3D ( 'NONE', #3224, #6151, #6112 ) ;
#3659 = SHAPE_REPRESENTATION ( 'A005572-COMPLETO-IM00', ( #2217, #6805, #5987, #5385, #855, #5867, #5692, #1364, #7487, #2722, #8141, #7960, #1850, #2050, #2331, #1237, #730, #6364 ), #7661 ) ;
#3660 = ADVANCED_FACE ( 'NONE', ( #8361 ), #5734, .F. ) ;
#3661 = ORIENTED_EDGE ( 'NONE', *, *, #1365, .F. ) ;
#3662 = CIRCLE ( 'NONE', #1824, 3.000000000000002665 ) ;
#3663 = CARTESIAN_POINT ( 'NONE',  ( 276.0000000000001137, 627.5000000000001137, 18.00000000000000000 ) ) ;
#3664 = CARTESIAN_POINT ( 'NONE',  ( 0.000000000000000000, 65.00000000000000000, 30.00000000000000000 ) ) ;
#3665 = CARTESIAN_POINT ( 'NONE',  ( -800.0000000000001137, 18.00000000000000000, -400.0000000000000000 ) ) ;
#3666 = ORIENTED_EDGE ( 'NONE', *, *, #1606, .T. ) ;
#3667 = ORIENTED_EDGE ( 'NONE', *, *, #9532, .F. ) ;
#3668 = DIRECTION ( 'NONE',  ( -0.7071067811865514585, 0.7071067811865436870, 0.000000000000000000 ) ) ;
#3669 = DIRECTION ( 'NONE',  ( 0.1713727001804919992, 0.9852062716166839484, 0.000000000000000000 ) ) ;
#3670 = VERTEX_POINT ( 'NONE', #7230 ) ;
#3671 = CARTESIAN_POINT ( 'NONE',  ( 503.0000000000000000, 482.5000000000000000, 18.00000000000000000 ) ) ;
#3672 = ADVANCED_FACE ( 'NONE', ( #4463, #3075, #5955 ), #3577, .F. ) ;
#3673 = PLANE ( 'NONE',  #2380 ) ;
#3674 = AXIS2_PLACEMENT_3D ( 'NONE', #2506, #5524, #7819 ) ;
#3675 = EDGE_CURVE ( 'NONE', #4920, #3980, #7463, .T. ) ;
#3676 = EDGE_LOOP ( 'NONE', ( #584, #7743, #8795, #7808 ) ) ;
#3677 = ORIENTED_EDGE ( 'NONE', *, *, #6371, .F. ) ;
#3678 = AXIS2_PLACEMENT_3D ( 'NONE', #4915, #392, #449 ) ;
#3679 = CARTESIAN_POINT ( 'NONE',  ( 49.99999999999998579, 583.4999999999998863, 0.000000000000000000 ) ) ;
#3680 = EDGE_CURVE ( 'NONE', #6763, #2841, #1459, .T. ) ;
#3681 = CARTESIAN_POINT ( 'NONE',  ( 45.99999999999998579, 647.5000000000000000, 0.000000000000000000 ) ) ;
#3682 = AXIS2_PLACEMENT_3D ( 'NONE', #2967, #721, #5893 ) ;
#3683 = AXIS2_PLACEMENT_3D ( 'NONE', #1232, #6401, #9392 ) ;
#3684 = PLANE ( 'NONE',  #8928 ) ;
#3685 = CARTESIAN_POINT ( 'NONE',  ( 70.00000000000014211, 389.5000000000000568, 0.000000000000000000 ) ) ;
#3686 = CARTESIAN_POINT ( 'NONE',  ( 110.8111831820434929, 595.1740981921958564, 11.99999999999999822 ) ) ;
#3687 = FACE_OUTER_BOUND ( 'NONE', #4058, .T. ) ;
#3688 = LINE ( 'NONE', #908, #2392 ) ;
#3689 = VERTEX_POINT ( 'NONE', #4315 ) ;
#3690 = CONTEXT_DEPENDENT_SHAPE_REPRESENTATION ( #526, #7541 ) ;
#3691 = CARTESIAN_POINT ( 'NONE',  ( 1446.000000000000000, 47.49999999999998579, 18.00000000000000000 ) ) ;
#3692 = DIRECTION ( 'NONE',  ( -0.000000000000000000, -0.000000000000000000, -1.000000000000000000 ) ) ;
#3693 = CIRCLE ( 'NONE', #5986, 3.999999999999781508 ) ;
#3694 = ORIENTED_EDGE ( 'NONE', *, *, #3737, .F. ) ;
#3695 = CARTESIAN_POINT ( 'NONE',  ( 747.5000000000000000, 347.5000000000000000, 18.00000000000000000 ) ) ;
#3696 = AXIS2_PLACEMENT_3D ( 'NONE', #3343, #9158, #8490 ) ;
#3697 = EDGE_CURVE ( 'NONE', #1050, #2714, #5155, .T. ) ;
#3698 = ORIENTED_EDGE ( 'NONE', *, *, #8152, .F. ) ;
#3699 = CARTESIAN_POINT ( 'NONE',  ( 15.10134184193276496, -2.007781800899082034E-17, 0.000000000000000000 ) ) ;
#3700 = AXIS2_PLACEMENT_3D ( 'NONE', #2787, #3241, #1156 ) ;
#3701 = COLOUR_RGB ( '',1.000000000000000000, 1.000000000000000000, 1.000000000000000000 ) ;
#3702 = ADVANCED_FACE ( 'NONE', ( #3197 ), #3548, .F. ) ;
#3703 = FACE_BOUND ( 'NONE', #5215, .T. ) ;
#3704 = FACE_OUTER_BOUND ( 'NONE', #4413, .T. ) ;
#3705 = VERTEX_POINT ( 'NONE', #2056 ) ;
#3706 = ORIENTED_EDGE ( 'NONE', *, *, #6441, .F. ) ;
#3707 = CARTESIAN_POINT ( 'NONE',  ( 1397.674098192195288, 108.3111831820441040, 11.99999999999999822 ) ) ;
#3708 = CIRCLE ( 'NONE', #8710, 3.000000000000002665 ) ;
#3709 = CARTESIAN_POINT ( 'NONE',  ( 67.00000000000014211, 305.5000000000000000, 18.00000000000000000 ) ) ;
#3710 = AXIS2_PLACEMENT_3D ( 'NONE', #3094, #5342, #6775 ) ;
#3711 =( GEOMETRIC_REPRESENTATION_CONTEXT ( 3 ) GLOBAL_UNCERTAINTY_ASSIGNED_CONTEXT ( ( #1051 ) ) GLOBAL_UNIT_ASSIGNED_CONTEXT ( ( #5299, #1009, #5407 ) ) REPRESENTATION_CONTEXT ( 'NONE', 'WORKASPACE' ) );
#3712 = EDGE_CURVE ( 'NONE', #2834, #1783, #9058, .T. ) ;
#3713 = FACE_BOUND ( 'NONE', #2603, .T. ) ;
#3714 = CARTESIAN_POINT ( 'NONE',  ( -648.5000000000002274, 80.00000000000000000, -9.000000000000000000 ) ) ;
#3715 = CARTESIAN_POINT ( 'NONE',  ( -570.0000000000000000, 55.00000000000000000, 0.000000000000000000 ) ) ;
#3716 = VECTOR ( 'NONE', #50, 1000.000000000000000 ) ;
#3717 = FACE_OUTER_BOUND ( 'NONE', #3676, .T. ) ;
#3718 = ORIENTED_EDGE ( 'NONE', *, *, #1181, .F. ) ;
#3719 = EDGE_CURVE ( 'NONE', #8950, #1783, #4939, .T. ) ;
#3720 = CARTESIAN_POINT ( 'NONE',  ( 110.8111831820434645, 99.82590180780547939, 18.00000000000000000 ) ) ;
#3721 = ORIENTED_EDGE ( 'NONE', *, *, #3015, .T. ) ;
#3722 = LINE ( 'NONE', #2826, #6373 ) ;
#3723 = DIRECTION ( 'NONE',  ( 0.000000000000000000, 0.000000000000000000, 1.000000000000000000 ) ) ;
#3724 = CARTESIAN_POINT ( 'NONE',  ( 106.5685424949241593, 590.9314575050765370, 11.99999999999999822 ) ) ;
#3725 = PLANE ( 'NONE',  #5417 ) ;
#3726 = VECTOR ( 'NONE', #6429, 1000.000000000000000 ) ;
#3727 = EDGE_CURVE ( 'NONE', #3427, #4549, #9415, .T. ) ;
#3728 = FACE_BOUND ( 'NONE', #4819, .T. ) ;
#3729 = CYLINDRICAL_SURFACE ( 'NONE', #1512, 3.000000000000001332 ) ;
#3730 = EDGE_LOOP ( 'NONE', ( #2451, #4537 ) ) ;
#3731 = ORIENTED_EDGE ( 'NONE', *, *, #8958, .F. ) ;
#3732 = DIRECTION ( 'NONE',  ( 1.000000000000000000, 0.000000000000000000, 0.000000000000000000 ) ) ;
#3733 = ORIENTED_EDGE ( 'NONE', *, *, #1553, .F. ) ;
#3734 = VECTOR ( 'NONE', #4262, 1000.000000000000000 ) ;
#3735 = ORIENTED_EDGE ( 'NONE', *, *, #4902, .F. ) ;
#3736 = CARTESIAN_POINT ( 'NONE',  ( 50.00000000000000000, 47.49999999999998579, 11.99999999999999822 ) ) ;
#3737 = EDGE_CURVE ( 'NONE', #8177, #7754, #4578, .T. ) ;
#3738 = PLANE ( 'NONE',  #2657 ) ;
#3739 = VECTOR ( 'NONE', #2797, 1000.000000000000000 ) ;
#3740 = EDGE_LOOP ( 'NONE', ( #6519, #2089, #3535, #489 ) ) ;
#3741 = ORIENTED_EDGE ( 'NONE', *, *, #764, .T. ) ;
#3742 = ORIENTED_EDGE ( 'NONE', *, *, #3896, .F. ) ;
#3743 = ORIENTED_EDGE ( 'NONE', *, *, #412, .T. ) ;
#3744 = CIRCLE ( 'NONE', #4943, 3.000000000000002665 ) ;
#3745 = CARTESIAN_POINT ( 'NONE',  ( 70.00000000000015632, 517.5000000000001137, 0.000000000000000000 ) ) ;
#3746 = AXIS2_PLACEMENT_3D ( 'NONE', #1990, #2731, #7885 ) ;
#3747 = CARTESIAN_POINT ( 'NONE',  ( 273.5000000000001137, 347.5000000000000000, 18.00000000000000000 ) ) ;
#3748 = DIRECTION ( 'NONE',  ( -1.000000000000000000, -0.000000000000000000, -0.000000000000000000 ) ) ;
#3749 = EDGE_CURVE ( 'NONE', #5380, #4433, #2033, .T. ) ;
#3750 = PRODUCT ( 'A005572-COMPLETO-IM00', 'A005572-COMPLETO-IM00', '', ( #3411 ) ) ;
#3751 = PRESENTATION_STYLE_ASSIGNMENT (( #5293 ) ) ;
#3752 = CYLINDRICAL_SURFACE ( 'NONE', #1491, 6.000000000000227374 ) ;
#3753 = ORIENTED_EDGE ( 'NONE', *, *, #7517, .F. ) ;
#3754 = LINE ( 'NONE', #1159, #5824 ) ;
#3755 = DIRECTION ( 'NONE',  ( 0.000000000000000000, -0.000000000000000000, 1.000000000000000000 ) ) ;
#3756 = EDGE_CURVE ( 'NONE', #6110, #4501, #1093, .T. ) ;
#3757 = CARTESIAN_POINT ( 'NONE',  ( 1452.500000000000000, 111.5000000000000426, 18.00000000000000000 ) ) ;
#3758 = ADVANCED_FACE ( 'NONE', ( #1345, #1693, #2602 ), #1241, .T. ) ;
#3759 = ORIENTED_EDGE ( 'NONE', *, *, #8191, .T. ) ;
#3760 = AXIS2_PLACEMENT_3D ( 'NONE', #2168, #9, #5200 ) ;
#3761 = CARTESIAN_POINT ( 'NONE',  ( 0.000000000000000000, 24.00000000000000000, 5.999999999999998224 ) ) ;
#3762 = VECTOR ( 'NONE', #1748, 1000.000000000000000 ) ;
#3763 = ORIENTED_EDGE ( 'NONE', *, *, #8733, .T. ) ;
#3764 = VERTEX_POINT ( 'NONE', #4254 ) ;
#3765 =( LENGTH_UNIT ( ) NAMED_UNIT ( * ) SI_UNIT ( .MILLI., .METRE. ) );
#3766 = VERTEX_POINT ( 'NONE', #1493 ) ;
#3767 = FACE_OUTER_BOUND ( 'NONE', #7692, .T. ) ;
#3768 = EDGE_CURVE ( 'NONE', #4425, #5599, #35, .T. ) ;
#3769 = DIRECTION ( 'NONE',  ( -1.000000000000000000, 0.000000000000000000, 0.000000000000000000 ) ) ;
#3770 = DIRECTION ( 'NONE',  ( -0.000000000000000000, -0.000000000000000000, -1.000000000000000000 ) ) ;
#3771 = ORIENTED_EDGE ( 'NONE', *, *, #8968, .F. ) ;
#3772 = LINE ( 'NONE', #9527, #3313 ) ;
#3773 = ORIENTED_EDGE ( 'NONE', *, *, #9144, .T. ) ;
#3774 = ORIENTED_EDGE ( 'NONE', *, *, #2553, .F. ) ;
#3775 = CARTESIAN_POINT ( 'NONE',  ( 1226.499999999999773, 67.49999999999988631, 0.000000000000000000 ) ) ;
#3776 = CARTESIAN_POINT ( 'NONE',  ( 27.37258300203045636, 661.6421356237308373, 11.99999999999999822 ) ) ;
#3777 = CLOSED_SHELL ( 'NONE', ( #1807, #8769, #4970, #6258, #8575, #8860, #974, #7292, #582, #2761, #4277, #8037, #8314, #2738, #7939, #6107, #3833, #3429, #6409, #2415 ) ) ;
#3778 = CARTESIAN_POINT ( 'NONE',  ( 1192.000000000000000, 67.49999999999997158, 18.00000000000000000 ) ) ;
#3779 = AXIS2_PLACEMENT_3D ( 'NONE', #6324, #9333, #4231 ) ;
#3780 = EDGE_CURVE ( 'NONE', #5460, #3276, #8721, .T. ) ;
#3781 = CARTESIAN_POINT ( 'NONE',  ( 921.0000000000000000, 55.00000000000000000, 9.000000000000000000 ) ) ;
#3782 = VERTEX_POINT ( 'NONE', #4440 ) ;
#3783 = ORIENTED_EDGE ( 'NONE', *, *, #1420, .T. ) ;
#3784 = CARTESIAN_POINT ( 'NONE',  ( 750.0000000000000000, 347.5000000000000000, 18.00000000000000000 ) ) ;
#3785 = VERTEX_POINT ( 'NONE', #9577 ) ;
#3786 = DIRECTION ( 'NONE',  ( 1.000000000000000000, 0.000000000000000000, 0.000000000000000000 ) ) ;
#3787 = EDGE_CURVE ( 'NONE', #6692, #8363, #6772, .T. ) ;
#3788 = DIRECTION ( 'NONE',  ( -0.7071067811865477948, 0.000000000000000000, 0.7071067811865473507 ) ) ;
#3789 = CARTESIAN_POINT ( 'NONE',  ( 1000.000000000000000, 482.5000000000000000, 18.00000000000000000 ) ) ;
#3790 = ORIENTED_EDGE ( 'NONE', *, *, #1292, .T. ) ;
#3791 = EDGE_LOOP ( 'NONE', ( #5927, #7004, #1112, #6980, #1798, #1904 ) ) ;
#3792 = CARTESIAN_POINT ( 'NONE',  ( 608.4999999999996589, 20.00000000000000000, 9.000000000000000000 ) ) ;
#3793 = EDGE_CURVE ( 'NONE', #2816, #6544, #4236, .T. ) ;
#3794 = CARTESIAN_POINT ( 'NONE',  ( 180.0000000000001137, 35.49999999999997868, 0.000000000000000000 ) ) ;
#3795 = AXIS2_PLACEMENT_3D ( 'NONE', #6630, #4472, #8806 ) ;
#3796 =( LENGTH_UNIT ( ) NAMED_UNIT ( * ) SI_UNIT ( .MILLI., .METRE. ) );
#3797 = UNCERTAINTY_MEASURE_WITH_UNIT (LENGTH_MEASURE( 1.000000000000000082E-05 ), #7711, 'distance_accuracy_value', 'NONE');
#3798 = CARTESIAN_POINT ( 'NONE',  ( 278.5000000000001137, 67.49999999999988631, 18.00000000000000000 ) ) ;
#3799 = DIRECTION ( 'NONE',  ( -0.000000000000000000, -1.000000000000000000, -0.000000000000000000 ) ) ;
#3800 = EDGE_CURVE ( 'NONE', #3258, #7997, #3772, .T. ) ;
#3801 = DIRECTION ( 'NONE',  ( 0.000000000000000000, 0.000000000000000000, 1.000000000000000000 ) ) ;
#3802 = ADVANCED_FACE ( 'NONE', ( #6657 ), #1208, .F. ) ;
#3803 = DIRECTION ( 'NONE',  ( -0.000000000000000000, -0.000000000000000000, -1.000000000000000000 ) ) ;
#3804 = VECTOR ( 'NONE', #4999, 1000.000000000000000 ) ;
#3805 = SHAPE_REPRESENTATION ( 'A005572-REFUERZOREFU', ( #6183 ), #4836 ) ;
#3806 = DIRECTION ( 'NONE',  ( 0.000000000000000000, 0.000000000000000000, 1.000000000000000000 ) ) ;
#3807 = DIRECTION ( 'NONE',  ( 0.000000000000000000, 0.000000000000000000, 1.000000000000000000 ) ) ;
#3808 = CARTESIAN_POINT ( 'NONE',  ( 1432.999999999999545, 177.4999999999999716, 18.00000000000000000 ) ) ;
#3809 = CARTESIAN_POINT ( 'NONE',  ( 208.5000000000001421, 20.00000000000000000, -9.000000000000000000 ) ) ;
#3810 = AXIS2_PLACEMENT_3D ( 'NONE', #343, #9133, #1108 ) ;
#3811 = CYLINDRICAL_SURFACE ( 'NONE', #2469, 2.499999999999946709 ) ;
#3812 = ORIENTED_EDGE ( 'NONE', *, *, #2906, .F. ) ;
#3813 = DIRECTION ( 'NONE',  ( 0.000000000000000000, 0.000000000000000000, 1.000000000000000000 ) ) ;
#3814 = EDGE_LOOP ( 'NONE', ( #4763, #5693 ) ) ;
#3815 = AXIS2_PLACEMENT_3D ( 'NONE', #4493, #6755, #2277 ) ;
#3816 = DIRECTION ( 'NONE',  ( 1.000000000000000000, 0.000000000000000000, 0.000000000000000000 ) ) ;
#3817 = DIRECTION ( 'NONE',  ( 0.000000000000000000, 0.000000000000000000, 1.000000000000000000 ) ) ;
#3818 = SHAPE_DEFINITION_REPRESENTATION ( #3479, #6910 ) ;
#3819 =( NAMED_UNIT ( * ) SI_UNIT ( $, .STERADIAN. ) SOLID_ANGLE_UNIT ( ) );
#3820 = SHAPE_REPRESENTATION ( 'Pata 720 - 30mm', ( #6183 ), #202 ) ;
#3821 = CIRCLE ( 'NONE', #2849, 2.499999999999946709 ) ;
#3822 = CIRCLE ( 'NONE', #5375, 2.999999999999891642 ) ;
#3823 = VERTEX_POINT ( 'NONE', #2919 ) ;
#3824 = EDGE_LOOP ( 'NONE', ( #7356, #5372, #5702, #8677 ) ) ;
#3825 = CARTESIAN_POINT ( 'NONE',  ( 52.50000000000000711, 111.5000000000000426, 18.00000000000000000 ) ) ;
#3826 = DIRECTION ( 'NONE',  ( -0.1713727001804919992, -0.9852062716166839484, -0.000000000000000000 ) ) ;
#3827 = AXIS2_PLACEMENT_3D ( 'NONE', #9069, #2421, #2327 ) ;
#3828 = LINE ( 'NONE', #8916, #4289 ) ;
#3829 = LINE ( 'NONE', #5141, #80 ) ;
#3830 = ORIENTED_EDGE ( 'NONE', *, *, #5178, .F. ) ;
#3831 = EDGE_LOOP ( 'NONE', ( #2803, #980 ) ) ;
#3832 = LINE ( 'NONE', #2879, #3022 ) ;
#3833 = ADVANCED_FACE ( 'NONE', ( #2243 ), #5379, .T. ) ;
#3834 = CYLINDRICAL_SURFACE ( 'NONE', #3036, 2.499999999999946709 ) ;
#3835 = CARTESIAN_POINT ( 'NONE',  ( 496.9999999999999432, 482.5000000000000000, 18.00000000000000000 ) ) ;
#3836 = LINE ( 'NONE', #269, #1637 ) ;
#3837 = VECTOR ( 'NONE', #4813, 1000.000000000000114 ) ;
#3838 = VERTEX_POINT ( 'NONE', #7377 ) ;
#3839 = ORIENTED_EDGE ( 'NONE', *, *, #5067, .F. ) ;
#3840 = CARTESIAN_POINT ( 'NONE',  ( 1226.499999999999773, 347.5000000000000000, 18.00000000000000000 ) ) ;
#3841 = DIRECTION ( 'NONE',  ( -0.000000000000000000, -0.000000000000000000, -1.000000000000000000 ) ) ;
#3842 = EDGE_LOOP ( 'NONE', ( #1801, #1376, #1187, #646 ) ) ;
#3843 = CIRCLE ( 'NONE', #2503, 2.999999999999994671 ) ;
#3844 = AXIS2_PLACEMENT_3D ( 'NONE', #8168, #5195, #6031 ) ;
#3845 =( GEOMETRIC_REPRESENTATION_CONTEXT ( 3 ) GLOBAL_UNCERTAINTY_ASSIGNED_CONTEXT ( ( #6455 ) ) GLOBAL_UNIT_ASSIGNED_CONTEXT ( ( #3796, #5278, #3050 ) ) REPRESENTATION_CONTEXT ( 'NONE', 'WORKASPACE' ) );
#3846 = EDGE_CURVE ( 'NONE', #2577, #5611, #5147, .T. ) ;
#3847 = EDGE_CURVE ( 'NONE', #755, #5551, #2471, .T. ) ;
#3848 = CARTESIAN_POINT ( 'NONE',  ( 276.0000000000001137, 482.5000000000000000, 0.000000000000000000 ) ) ;
#3849 = DIRECTION ( 'NONE',  ( 0.000000000000000000, 1.000000000000000000, 0.000000000000000000 ) ) ;
#3850 = EDGE_CURVE ( 'NONE', #4465, #6122, #3189, .T. ) ;
#3851 = CYLINDRICAL_SURFACE ( 'NONE', #8058, 3.000000000000058176 ) ;
#3852 = CARTESIAN_POINT ( 'NONE',  ( 278.5000000000001137, 67.49999999999988631, 18.00000000000000000 ) ) ;
#3853 = ADVANCED_FACE ( 'NONE', ( #8826 ), #8089, .F. ) ;
#3854 = CIRCLE ( 'NONE', #5292, 2.499999999999946709 ) ;
#3855 = DIRECTION ( 'NONE',  ( 1.000000000000000000, 0.000000000000000000, 0.000000000000000000 ) ) ;
#3856 = EDGE_LOOP ( 'NONE', ( #5828, #8100, #2305, #399 ) ) ;
#3857 = ORIENTED_EDGE ( 'NONE', *, *, #8884, .F. ) ;
#3858 = EDGE_LOOP ( 'NONE', ( #8296, #6067 ) ) ;
#3859 = DIRECTION ( 'NONE',  ( 0.000000000000000000, 0.000000000000000000, 1.000000000000000000 ) ) ;
#3860 = CYLINDRICAL_SURFACE ( 'NONE', #4325, 2.999999999999993783 ) ;
#3861 = SURFACE_SIDE_STYLE ('',( #4052 ) ) ;
#3862 = EDGE_CURVE ( 'NONE', #1620, #7465, #741, .T. ) ;
#3863 = CARTESIAN_POINT ( 'NONE',  ( 308.0000000000001137, 627.5000000000001137, 0.000000000000000000 ) ) ;
#3864 = VECTOR ( 'NONE', #3306, 1000.000000000000000 ) ;
#3865 = ORIENTED_EDGE ( 'NONE', *, *, #4504, .T. ) ;
#3866 = EDGE_LOOP ( 'NONE', ( #8934, #1985, #1517, #7528 ) ) ;
#3867 = VERTEX_POINT ( 'NONE', #4354 ) ;
#3868 = DIRECTION ( 'NONE',  ( 1.000000000000000000, 0.000000000000000000, 0.000000000000000000 ) ) ;
#3869 = VECTOR ( 'NONE', #7790, 1000.000000000000000 ) ;
#3870 = PLANE ( 'NONE',  #1236 ) ;
#3871 = EDGE_CURVE ( 'NONE', #9421, #7672, #7052, .T. ) ;
#3872 = EDGE_LOOP ( 'NONE', ( #2759, #5699, #404, #1652 ) ) ;
#3873 = ORIENTED_EDGE ( 'NONE', *, *, #6365, .F. ) ;
#3874 = FACE_OUTER_BOUND ( 'NONE', #5151, .T. ) ;
#3875 = EDGE_LOOP ( 'NONE', ( #2265, #9039 ) ) ;
#3876 = VERTEX_POINT ( 'NONE', #5827 ) ;
#3877 = DIRECTION ( 'NONE',  ( -0.000000000000000000, -0.000000000000000000, -1.000000000000000000 ) ) ;
#3878 = ORIENTED_EDGE ( 'NONE', *, *, #67, .F. ) ;
#3879 = CYLINDRICAL_SURFACE ( 'NONE', #6670, 6.000000000000032863 ) ;
#3880 =( GEOMETRIC_REPRESENTATION_CONTEXT ( 3 ) GLOBAL_UNCERTAINTY_ASSIGNED_CONTEXT ( ( #272 ) ) GLOBAL_UNIT_ASSIGNED_CONTEXT ( ( #3171, #7552, #9048 ) ) REPRESENTATION_CONTEXT ( 'NONE', 'WORKASPACE' ) );
#3881 = CARTESIAN_POINT ( 'NONE',  ( 67.00000000000014211, 389.5000000000000568, 0.000000000000000000 ) ) ;
#3882 = CARTESIAN_POINT ( 'NONE',  ( 0.000000000000000000, 0.000000000000000000, 0.000000000000000000 ) ) ;
#3883 = EDGE_CURVE ( 'NONE', #1525, #5727, #6877, .T. ) ;
#3884 = DIRECTION ( 'NONE',  ( 1.000000000000000000, 0.000000000000000000, 0.000000000000000000 ) ) ;
#3885 = ORIENTED_EDGE ( 'NONE', *, *, #3606, .T. ) ;
#3886 = CYLINDRICAL_SURFACE ( 'NONE', #9217, 2.499999999999946709 ) ;
#3887 = ORIENTED_EDGE ( 'NONE', *, *, #7664, .F. ) ;
#3888 = SURFACE_SIDE_STYLE ('',( #2013 ) ) ;
#3889 = VERTEX_POINT ( 'NONE', #2381 ) ;
#3890 = CIRCLE ( 'NONE', #2300, 3.000000000000001332 ) ;
#3891 = CARTESIAN_POINT ( 'NONE',  ( -170.0000000000000000, 80.00000000000000000, -2.999999999999994671 ) ) ;
#3892 = CARTESIAN_POINT ( 'NONE',  ( 67.00000000000015632, 517.5000000000001137, 18.00000000000000000 ) ) ;
#3893 = CARTESIAN_POINT ( 'NONE',  ( 79.00000000000009948, -75.00000000000000000, 186.5000000000000000 ) ) ;
#3894 = ORIENTED_EDGE ( 'NONE', *, *, #5958, .T. ) ;
#3895 = ORIENTED_EDGE ( 'NONE', *, *, #8712, .T. ) ;
#3896 = EDGE_CURVE ( 'NONE', #5504, #9248, #5948, .T. ) ;
#3897 = AXIS2_PLACEMENT_3D ( 'NONE', #3509, #7958, #8718 ) ;
#3898 = CARTESIAN_POINT ( 'NONE',  ( 42.00000000000000711, 80.00000000000000000, 0.000000000000000000 ) ) ;
#3899 = DIRECTION ( 'NONE',  ( 0.000000000000000000, 0.000000000000000000, -1.000000000000000000 ) ) ;
#3900 = CARTESIAN_POINT ( 'NONE',  ( 102.3259018078048257, 108.3111831820440472, 18.00000000000000000 ) ) ;
#3901 = VERTEX_POINT ( 'NONE', #7565 ) ;
#3902 = EDGE_LOOP ( 'NONE', ( #2519, #4568, #7559, #7645 ) ) ;
#3903 = ADVANCED_FACE ( 'NONE', ( #2713 ), #3886, .F. ) ;
#3904 = AXIS2_PLACEMENT_3D ( 'NONE', #8516, #9120, #5506 ) ;
#3905 = AXIS2_PLACEMENT_3D ( 'NONE', #6986, #3417, #4832 ) ;
#3906 = EDGE_CURVE ( 'NONE', #5818, #8281, #7353, .T. ) ;
#3907 = DIRECTION ( 'NONE',  ( 1.000000000000000000, 0.000000000000000000, 0.000000000000000000 ) ) ;
#3908 = DIRECTION ( 'NONE',  ( 1.000000000000000000, 0.000000000000000000, 0.000000000000000000 ) ) ;
#3909 = EDGE_CURVE ( 'NONE', #466, #5549, #4928, .T. ) ;
#3910 = DIRECTION ( 'NONE',  ( 0.000000000000000000, 0.000000000000000000, 1.000000000000000000 ) ) ;
#3911 = DIRECTION ( 'NONE',  ( -0.000000000000000000, -0.000000000000000000, 1.000000000000000000 ) ) ;
#3912 = EDGE_CURVE ( 'NONE', #1, #4039, #2949, .T. ) ;
#3913 = CARTESIAN_POINT ( 'NONE',  ( -208.5000000000001421, 20.00000000000000000, 9.000000000000000000 ) ) ;
#3914 = AXIS2_PLACEMENT_3D ( 'NONE', #6148, #2386, #7662 ) ;
#3915 = DIRECTION ( 'NONE',  ( 0.000000000000000000, 0.000000000000000000, 1.000000000000000000 ) ) ;
#3916 = CARTESIAN_POINT ( 'NONE',  ( 1536.620372809349419, -725.0000000000003411, -17.20047836456988577 ) ) ;
#3917 = EDGE_CURVE ( 'NONE', #6692, #2685, #5717, .T. ) ;
#3918 = PLANE ( 'NONE',  #1023 ) ;
#3919 = CARTESIAN_POINT ( 'NONE',  ( 27.37258300203045636, 661.6421356237308373, 18.00000000000000000 ) ) ;
#3920 = LINE ( 'NONE', #6875, #4853 ) ;
#3921 = DIRECTION ( 'NONE',  ( -1.000000000000000000, 0.000000000000000000, 0.000000000000000000 ) ) ;
#3922 = ORIENTED_EDGE ( 'NONE', *, *, #3959, .T. ) ;
#3923 = AXIS2_PLACEMENT_3D ( 'NONE', #7780, #8543, #3455 ) ;
#3924 = DIRECTION ( 'NONE',  ( -0.000000000000000000, -0.000000000000000000, -1.000000000000000000 ) ) ;
#3925 = VECTOR ( 'NONE', #2418, 1000.000000000000000 ) ;
#3926 = CARTESIAN_POINT ( 'NONE',  ( 1189.000000000000000, 67.49999999999997158, 18.00000000000000000 ) ) ;
#3927 = EDGE_LOOP ( 'NONE', ( #2827, #6994, #7298, #6846 ) ) ;
#3928 = ORIENTED_EDGE ( 'NONE', *, *, #7875, .F. ) ;
#3929 = CARTESIAN_POINT ( 'NONE',  ( 1500.000000000000000, 695.0000000000000000, 18.00000000000000000 ) ) ;
#3930 = DIRECTION ( 'NONE',  ( -0.000000000000000000, -0.000000000000000000, -1.000000000000000000 ) ) ;
#3931 = DIRECTION ( 'NONE',  ( 0.7071067811865522357, 0.000000000000000000, -0.7071067811865429098 ) ) ;
#3932 = AXIS2_PLACEMENT_3D ( 'NONE', #6962, #1796, #7698 ) ;
#3933 = CYLINDRICAL_SURFACE ( 'NONE', #480, 2.499999999999946709 ) ;
#3934 = FACE_OUTER_BOUND ( 'NONE', #4100, .T. ) ;
#3935 = EDGE_LOOP ( 'NONE', ( #8947, #73, #1461, #5048 ) ) ;
#3936 = DIRECTION ( 'NONE',  ( -1.000000000000000000, 0.000000000000000000, -0.000000000000000000 ) ) ;
#3937 = ORIENTED_EDGE ( 'NONE', *, *, #4200, .F. ) ;
#3938 = ADVANCED_FACE ( 'NONE', ( #6412 ), #623, .F. ) ;
#3939 = CIRCLE ( 'NONE', #1418, 2.499999999999946709 ) ;
#3940 = DIRECTION ( 'NONE',  ( 1.000000000000000000, 0.000000000000000000, 0.000000000000000000 ) ) ;
#3941 = DIRECTION ( 'NONE',  ( -0.7071067811865427988, 3.594642259891341568E-16, 0.7071067811865525687 ) ) ;
#3942 = FACE_BOUND ( 'NONE', #7693, .T. ) ;
#3943 = FACE_BOUND ( 'NONE', #7011, .T. ) ;
#3944 = LINE ( 'NONE', #8380, #322 ) ;
#3945 = VERTEX_POINT ( 'NONE', #5243 ) ;
#3946 = ORIENTED_EDGE ( 'NONE', *, *, #7961, .T. ) ;
#3947 = DIRECTION ( 'NONE',  ( -0.000000000000000000, -0.000000000000000000, 1.000000000000000000 ) ) ;
#3948 = VECTOR ( 'NONE', #840, 1000.000000000000000 ) ;
#3949 = ADVANCED_FACE ( 'NONE', ( #1915 ), #800, .T. ) ;
#3950 = CARTESIAN_POINT ( 'NONE',  ( 0.000000000000000000, 0.000000000000000000, 0.000000000000000000 ) ) ;
#3951 = AXIS2_PLACEMENT_3D ( 'NONE', #8390, #4770, #4006 ) ;
#3952 = AXIS2_PLACEMENT_3D ( 'NONE', #5154, #9436, #5760 ) ;
#3953 = EDGE_CURVE ( 'NONE', #93, #473, #8602, .T. ) ;
#3954 = CIRCLE ( 'NONE', #149, 3.000000000000002665 ) ;
#3955 = LINE ( 'NONE', #3900, #9358 ) ;
#3956 = VECTOR ( 'NONE', #6793, 1000.000000000000000 ) ;
#3957 = ORIENTED_EDGE ( 'NONE', *, *, #6536, .F. ) ;
#3958 = ORIENTED_EDGE ( 'NONE', *, *, #5408, .T. ) ;
#3959 = EDGE_CURVE ( 'NONE', #8735, #1622, #1785, .T. ) ;
#3960 = EDGE_LOOP ( 'NONE', ( #1347, #2793, #8090, #6540 ) ) ;
#3961 = VECTOR ( 'NONE', #4328, 1000.000000000000000 ) ;
#3962 = VERTEX_POINT ( 'NONE', #4605 ) ;
#3963 = DIRECTION ( 'NONE',  ( 0.000000000000000000, 0.000000000000000000, 1.000000000000000000 ) ) ;
#3964 = DIRECTION ( 'NONE',  ( -0.000000000000000000, -0.000000000000000000, -1.000000000000000000 ) ) ;
#3965 = CARTESIAN_POINT ( 'NONE',  ( 311.0000000000001705, 627.5000000000001137, 0.000000000000000000 ) ) ;
#3966 = CIRCLE ( 'NONE', #7069, 2.999999999999994671 ) ;
#3967 = DIRECTION ( 'NONE',  ( 1.000000000000000000, 0.000000000000000000, 0.000000000000000000 ) ) ;
#3968 = EDGE_CURVE ( 'NONE', #5254, #5905, #7453, .T. ) ;
#3969 = VECTOR ( 'NONE', #9482, 1000.000000000000227 ) ;
#3970 = VERTEX_POINT ( 'NONE', #3112 ) ;
#3971 = ORIENTED_EDGE ( 'NONE', *, *, #3184, .T. ) ;
#3972 = AXIS2_PLACEMENT_3D ( 'NONE', #2474, #8370, #183 ) ;
#3973 = EDGE_LOOP ( 'NONE', ( #5508, #8493, #4828, #868 ) ) ;
#3974 = VECTOR ( 'NONE', #1048, 1000.000000000000000 ) ;
#3975 = CARTESIAN_POINT ( 'NONE',  ( 1323.000000000000000, 67.50000000000000000, 18.00000000000000000 ) ) ;
#3976 = CARTESIAN_POINT ( 'NONE',  ( 752.5000000000000000, 659.5000000000000000, 18.00000000000000000 ) ) ;
#3977 = AXIS2_PLACEMENT_3D ( 'NONE', #8497, #1893, #1167 ) ;
#3978 = DIRECTION ( 'NONE',  ( 1.000000000000000000, -0.000000000000000000, 0.000000000000000000 ) ) ;
#3979 = CIRCLE ( 'NONE', #5852, 2.499999999999946709 ) ;
#3980 = VERTEX_POINT ( 'NONE', #3091 ) ;
#3981 = CYLINDRICAL_SURFACE ( 'NONE', #2477, 2.499999999999946709 ) ;
#3982 = SURFACE_SIDE_STYLE ('',( #5657 ) ) ;
#3983 = VERTEX_POINT ( 'NONE', #3825 ) ;
#3984 = CIRCLE ( 'NONE', #6593, 2.499999999999946709 ) ;
#3985 = EDGE_CURVE ( 'NONE', #1200, #9124, #9405, .T. ) ;
#3986 = DIRECTION ( 'NONE',  ( -0.000000000000000000, -0.000000000000000000, 1.000000000000000000 ) ) ;
#3987 = DIRECTION ( 'NONE',  ( -0.1156569635167078447, -0.9932892160846682472, 0.000000000000000000 ) ) ;
#3988 = DIRECTION ( 'NONE',  ( 0.000000000000000000, 0.000000000000000000, 1.000000000000000000 ) ) ;
#3989 = EDGE_LOOP ( 'NONE', ( #5515, #7140, #8099, #4174 ) ) ;
#3990 = CARTESIAN_POINT ( 'NONE',  ( 0.000000000000000000, 0.000000000000000000, 18.00000000000000000 ) ) ;
#3991 = CIRCLE ( 'NONE', #9351, 6.000000000000032863 ) ;
#3992 = ORIENTED_EDGE ( 'NONE', *, *, #34, .F. ) ;
#3993 = VERTEX_POINT ( 'NONE', #7020 ) ;
#3994 = CARTESIAN_POINT ( 'NONE',  ( 747.5000000000000000, 35.49999999999997868, 0.000000000000000000 ) ) ;
#3995 = ORIENTED_EDGE ( 'NONE', *, *, #5261, .T. ) ;
#3996 = LINE ( 'NONE', #9420, #7127 ) ;
#3997 = ADVANCED_FACE ( 'NONE', ( #8351 ), #5841, .F. ) ;
#3998 = VECTOR ( 'NONE', #7921, 1000.000000000000227 ) ;
#3999 = ORIENTED_EDGE ( 'NONE', *, *, #3985, .T. ) ;
#4000 = ORIENTED_EDGE ( 'NONE', *, *, #9389, .F. ) ;
#4001 = ORIENTED_EDGE ( 'NONE', *, *, #8207, .T. ) ;
#4002 = AXIS2_PLACEMENT_3D ( 'NONE', #94, #5296, #1615 ) ;
#4003 = CARTESIAN_POINT ( 'NONE',  ( 110.0000000000000000, 0.000000000000000000, 30.00000000000000000 ) ) ;
#4004 = ORIENTED_EDGE ( 'NONE', *, *, #5333, .T. ) ;
#4005 = CARTESIAN_POINT ( 'NONE',  ( 67.50000000000017053, 485.5000000000001705, 0.000000000000000000 ) ) ;
#4006 = DIRECTION ( 'NONE',  ( 1.000000000000000000, 0.000000000000000000, 0.000000000000000000 ) ) ;
#4007 = CARTESIAN_POINT ( 'NONE',  ( -170.0000000000000000, 55.00000000000000000, -2.999999999999994671 ) ) ;
#4008 = CARTESIAN_POINT ( 'NONE',  ( 750.0000000000000000, 659.5000000000000000, 0.000000000000000000 ) ) ;
#4009 = DIRECTION ( 'NONE',  ( 1.000000000000000000, 0.000000000000000000, 0.000000000000000000 ) ) ;
#4010 = ORIENTED_EDGE ( 'NONE', *, *, #291, .F. ) ;
#4011 = VERTEX_POINT ( 'NONE', #8378 ) ;
#4012 = CARTESIAN_POINT ( 'NONE',  ( 1389.188816817956877, 595.1740981921956291, 11.99999999999999822 ) ) ;
#4013 = DIRECTION ( 'NONE',  ( -1.000000000000000000, 0.000000000000000000, 0.000000000000000000 ) ) ;
#4014 = DIRECTION ( 'NONE',  ( -1.000000000000000000, 0.000000000000000000, 0.000000000000000000 ) ) ;
#4015 =( LENGTH_UNIT ( ) NAMED_UNIT ( * ) SI_UNIT ( .MILLI., .METRE. ) );
#4016 = AXIS2_PLACEMENT_3D ( 'NONE', #2178, #6655, #5965 ) ;
#4017 = EDGE_CURVE ( 'NONE', #5576, #7518, #497, .T. ) ;
#4018 = ORIENTED_EDGE ( 'NONE', *, *, #3968, .F. ) ;
#4019 = DIRECTION ( 'NONE',  ( -0.7071067811865439090, 0.7071067811865512365, 0.000000000000000000 ) ) ;
#4020 = CARTESIAN_POINT ( 'NONE',  ( 184.9999999999999432, 730.0000000000000000, 15.00000000000000000 ) ) ;
#4021 = CARTESIAN_POINT ( 'NONE',  ( -800.0000000000001137, 18.00000000000000000, -400.0000000000000000 ) ) ;
#4022 = AXIS2_PLACEMENT_3D ( 'NONE', #2193, #8906, #2985 ) ;
#4023 = STYLED_ITEM ( 'NONE', ( #8550 ), #403 ) ;
#4024 = EDGE_CURVE ( 'NONE', #9406, #1917, #4680, .T. ) ;
#4025 = CARTESIAN_POINT ( 'NONE',  ( 1226.499999999999773, 67.49999999999988631, 18.00000000000000000 ) ) ;
#4026 = DIRECTION ( 'NONE',  ( 0.000000000000000000, 0.000000000000000000, 1.000000000000000000 ) ) ;
#4027 = CARTESIAN_POINT ( 'NONE',  ( 42.79417451143778095, -5.689651003726128759E-17, 31.00000000000000000 ) ) ;
#4028 = AXIS2_PLACEMENT_3D ( 'NONE', #2700, #3299, #4030 ) ;
#4029 = CARTESIAN_POINT ( 'NONE',  ( 278.5000000000001137, 347.5000000000000000, 18.00000000000000000 ) ) ;
#4030 = DIRECTION ( 'NONE',  ( -0.7071067811865517916, 0.7071067811865433539, 0.000000000000000000 ) ) ;
#4031 = FACE_OUTER_BOUND ( 'NONE', #9060, .T. ) ;
#4032 = DIRECTION ( 'NONE',  ( 0.000000000000000000, 0.000000000000000000, 1.000000000000000000 ) ) ;
#4033 = DIRECTION ( 'NONE',  ( 1.000000000000000000, 0.000000000000000000, 0.000000000000000000 ) ) ;
#4034 = EDGE_CURVE ( 'NONE', #8200, #4788, #6649, .T. ) ;
#4035 = ADVANCED_FACE ( 'NONE', ( #4224 ), #7901, .F. ) ;
#4036 = DIRECTION ( 'NONE',  ( 1.000000000000000000, 0.000000000000000000, 0.000000000000000000 ) ) ;
#4037 = APPLICATION_CONTEXT ( 'automotive_design' ) ;
#4038 = LINE ( 'NONE', #5452, #5765 ) ;
#4039 = VERTEX_POINT ( 'NONE', #7686 ) ;
#4040 = EDGE_CURVE ( 'NONE', #1084, #8699, #251, .T. ) ;
#4041 = VERTEX_POINT ( 'NONE', #2487 ) ;
#4042 = SHAPE_DEFINITION_REPRESENTATION ( #1672, #1492 ) ;
#4043 = CARTESIAN_POINT ( 'NONE',  ( 1317.000000000000227, 56.00000000000000000, 5.999999999999996447 ) ) ;
#4044 = CARTESIAN_POINT ( 'NONE',  ( 747.5000000000000000, 659.5000000000000000, 0.000000000000000000 ) ) ;
#4045 = DIRECTION ( 'NONE',  ( -0.000000000000000000, -0.000000000000000000, -1.000000000000000000 ) ) ;
#4046 = DIRECTION ( 'NONE',  ( -1.000000000000000000, 0.000000000000000000, 0.000000000000000000 ) ) ;
#4047 = VECTOR ( 'NONE', #6086, 1000.000000000000000 ) ;
#4048 = CYLINDRICAL_SURFACE ( 'NONE', #714, 2.999999999999891642 ) ;
#4049 = ORIENTED_EDGE ( 'NONE', *, *, #8023, .T. ) ;
#4050 = ORIENTED_EDGE ( 'NONE', *, *, #2871, .F. ) ;
#4051 = AXIS2_PLACEMENT_3D ( 'NONE', #5193, #3668, #2973 ) ;
#4052 = SURFACE_STYLE_FILL_AREA ( #5078 ) ;
#4053 = EDGE_CURVE ( 'NONE', #9046, #3258, #2023, .T. ) ;
#4054 = DIRECTION ( 'NONE',  ( 0.000000000000000000, 0.000000000000000000, -1.000000000000000000 ) ) ;
#4055 = CARTESIAN_POINT ( 'NONE',  ( 1500.000000000000000, 0.000000000000000000, 18.00000000000000000 ) ) ;
#4056 = FACE_BOUND ( 'NONE', #2307, .T. ) ;
#4057 = LINE ( 'NONE', #3341, #7187 ) ;
#4058 = EDGE_LOOP ( 'NONE', ( #6321, #2137, #3937, #1275 ) ) ;
#4059 = CARTESIAN_POINT ( 'NONE',  ( 1319.999999999999773, 627.5000000000000000, 18.00000000000000000 ) ) ;
#4060 = VERTEX_POINT ( 'NONE', #2505 ) ;
#4061 = SHAPE_REPRESENTATION_RELATIONSHIP ( 'NONE' , 'NONE' ,  #634, #4735 ) ;
#4062 = DIRECTION ( 'NONE',  ( -0.000000000000000000, -1.000000000000000000, -0.000000000000000000 ) ) ;
#4063 = FACE_OUTER_BOUND ( 'NONE', #2242, .T. ) ;
#4064 = DIRECTION ( 'NONE',  ( 1.000000000000000000, 0.000000000000000000, 0.000000000000000000 ) ) ;
#4065 = EDGE_CURVE ( 'NONE', #5843, #7467, #3991, .T. ) ;
#4066 = FACE_BOUND ( 'NONE', #5228, .T. ) ;
#4067 = LINE ( 'NONE', #3840, #2423 ) ;
#4068 = CARTESIAN_POINT ( 'NONE',  ( 1192.000000000000000, 67.49999999999997158, 0.000000000000000000 ) ) ;
#4069 = ORIENTED_EDGE ( 'NONE', *, *, #2730, .F. ) ;
#4070 = ORIENTED_EDGE ( 'NONE', *, *, #4847, .T. ) ;
#4071 = AXIS2_PLACEMENT_3D ( 'NONE', #5638, #1214, #2560 ) ;
#4072 = VERTEX_POINT ( 'NONE', #230 ) ;
#4073 = LINE ( 'NONE', #3929, #5113 ) ;
#4074 = CARTESIAN_POINT ( 'NONE',  ( 1429.999999999999773, 209.4999999999998295, 18.00000000000000000 ) ) ;
#4075 = APPLICATION_PROTOCOL_DEFINITION ( 'draft international standard', 'automotive_design', 1998, #1091 ) ;
#4076 = FACE_OUTER_BOUND ( 'NONE', #7289, .T. ) ;
#4077 = CARTESIAN_POINT ( 'NONE',  ( 67.00000000000015632, 177.4999999999999716, 18.00000000000000000 ) ) ;
#4078 = FACE_OUTER_BOUND ( 'NONE', #1578, .T. ) ;
#4079 = ORIENTED_EDGE ( 'NONE', *, *, #4258, .T. ) ;
#4080 = ORIENTED_EDGE ( 'NONE', *, *, #5542, .F. ) ;
#4081 = CARTESIAN_POINT ( 'NONE',  ( 76.87005768508892345, 74.37005768508863923, 0.000000000000000000 ) ) ;
#4082 = EDGE_LOOP ( 'NONE', ( #5083, #1763, #847, #7420 ) ) ;
#4083 = DIRECTION ( 'NONE',  ( 0.000000000000000000, 0.000000000000000000, 1.000000000000000000 ) ) ;
#4084 = LINE ( 'NONE', #5071, #120 ) ;
#4085 = AXIS2_PLACEMENT_3D ( 'NONE', #3147, #2508, #1699 ) ;
#4086 = EDGE_CURVE ( 'NONE', #1584, #1335, #3655, .T. ) ;
#4087 = DIRECTION ( 'NONE',  ( -0.000000000000000000, -0.000000000000000000, -1.000000000000000000 ) ) ;
#4088 = ADVANCED_FACE ( 'NONE', ( #1562 ), #2539, .F. ) ;
#4089 = EDGE_CURVE ( 'NONE', #3689, #302, #7568, .T. ) ;
#4090 = ORIENTED_EDGE ( 'NONE', *, *, #5518, .T. ) ;
#4091 = FACE_OUTER_BOUND ( 'NONE', #7801, .T. ) ;
#4092 = ORIENTED_EDGE ( 'NONE', *, *, #8875, .F. ) ;
#4093 = ORIENTED_EDGE ( 'NONE', *, *, #4218, .T. ) ;
#4094 = CARTESIAN_POINT ( 'NONE',  ( 1223.999999999999773, 627.5000000000001137, 0.000000000000000000 ) ) ;
#4095 = VERTEX_POINT ( 'NONE', #7742 ) ;
#4096 = LINE ( 'NONE', #1843, #3527 ) ;
#4097 = DIRECTION ( 'NONE',  ( 0.000000000000000000, 0.000000000000000000, 1.000000000000000000 ) ) ;
#4098 = EDGE_CURVE ( 'NONE', #6532, #1928, #3533, .T. ) ;
#4099 = CARTESIAN_POINT ( 'NONE',  ( -570.0000000000000000, 55.00000000000000000, 0.000000000000000000 ) ) ;
#4100 = EDGE_LOOP ( 'NONE', ( #8412, #5109, #3742, #232 ) ) ;
#4101 = ADVANCED_FACE ( 'NONE', ( #5609 ), #26, .F. ) ;
#4102 = COLOUR_RGB ( '',1.000000000000000000, 1.000000000000000000, 1.000000000000000000 ) ;
#4103 = EDGE_LOOP ( 'NONE', ( #1209, #3667 ) ) ;
#4104 = ORIENTED_EDGE ( 'NONE', *, *, #5635, .T. ) ;
#4105 = CARTESIAN_POINT ( 'NONE',  ( 747.0000000000000000, 177.4999999999999716, 18.00000000000000000 ) ) ;
#4106 = EDGE_LOOP ( 'NONE', ( #9521, #5049 ) ) ;
#4107 = CARTESIAN_POINT ( 'NONE',  ( -570.0000000000000000, 80.00000000000000000, 3.000000000000047962 ) ) ;
#4108 = EDGE_LOOP ( 'NONE', ( #1640, #4182 ) ) ;
#4109 = VECTOR ( 'NONE', #7759, 1000.000000000000000 ) ;
#4110 = CARTESIAN_POINT ( 'NONE',  ( 0.000000000000000000, 50.00000000000000000, 14.99999999999999289 ) ) ;
#4111 = EDGE_CURVE ( 'NONE', #2008, #2693, #8240, .T. ) ;
#4112 = DIRECTION ( 'NONE',  ( -0.1713727001804919992, -0.9852062716166839484, 0.000000000000000000 ) ) ;
#4113 = DIRECTION ( 'NONE',  ( 1.000000000000000000, 0.000000000000000000, 0.000000000000000000 ) ) ;
#4114 = DIRECTION ( 'NONE',  ( 1.000000000000000000, 0.000000000000000000, 0.000000000000000000 ) ) ;
#4115 = DIRECTION ( 'NONE',  ( 0.000000000000000000, 0.000000000000000000, 1.000000000000000000 ) ) ;
#4116 = VERTEX_POINT ( 'NONE', #4122 ) ;
#4117 = CYLINDRICAL_SURFACE ( 'NONE', #4123, 2.999999999999891642 ) ;
#4118 = ORIENTED_EDGE ( 'NONE', *, *, #3440, .F. ) ;
#4119 = ORIENTED_EDGE ( 'NONE', *, *, #7414, .T. ) ;
#4120 = EDGE_LOOP ( 'NONE', ( #628, #6607, #9017, #8798 ) ) ;
#4121 = LINE ( 'NONE', #5009, #7803 ) ;
#4122 = CARTESIAN_POINT ( 'NONE',  ( 752.5000000000000000, 35.49999999999997868, 18.00000000000000000 ) ) ;
#4123 = AXIS2_PLACEMENT_3D ( 'NONE', #1879, #1192, #9254 ) ;
#4124 = DIRECTION ( 'NONE',  ( 0.000000000000000000, 0.000000000000000000, 1.000000000000000000 ) ) ;
#4125 = DIRECTION ( 'NONE',  ( 0.000000000000000000, 0.000000000000000000, 1.000000000000000000 ) ) ;
#4126 = CARTESIAN_POINT ( 'NONE',  ( 747.5000000000000000, 627.5000000000000000, 18.00000000000000000 ) ) ;
#4127 = ORIENTED_EDGE ( 'NONE', *, *, #5503, .F. ) ;
#4128 = VERTEX_POINT ( 'NONE', #7043 ) ;
#4129 = ORIENTED_EDGE ( 'NONE', *, *, #5463, .F. ) ;
#4130 = AXIS2_PLACEMENT_3D ( 'NONE', #4167, #6390, #2708 ) ;
#4131 = DIRECTION ( 'NONE',  ( -1.000000000000000000, 1.329538674056075510E-18, 0.000000000000000000 ) ) ;
#4132 = AXIS2_PLACEMENT_3D ( 'NONE', #62, #3001, #5972 ) ;
#4133 = DIRECTION ( 'NONE',  ( 0.000000000000000000, 0.000000000000000000, 1.000000000000000000 ) ) ;
#4134 = DIRECTION ( 'NONE',  ( 0.000000000000000000, 0.000000000000000000, 1.000000000000000000 ) ) ;
#4135 = ORIENTED_EDGE ( 'NONE', *, *, #1423, .F. ) ;
#4136 = EDGE_LOOP ( 'NONE', ( #7955, #7529 ) ) ;
#4137 = DIRECTION ( 'NONE',  ( 0.000000000000000000, 0.000000000000000000, 1.000000000000000000 ) ) ;
#4138 = DIRECTION ( 'NONE',  ( -1.000000000000000000, 0.000000000000000000, 0.000000000000000000 ) ) ;
#4139 = PLANE ( 'NONE',  #4988 ) ;
#4140 = ADVANCED_FACE ( 'NONE', ( #7670 ), #4117, .F. ) ;
#4141 =( LENGTH_UNIT ( ) NAMED_UNIT ( * ) SI_UNIT ( .MILLI., .METRE. ) );
#4142 = DIRECTION ( 'NONE',  ( 0.000000000000000000, 0.000000000000000000, -1.000000000000000000 ) ) ;
#4143 = CARTESIAN_POINT ( 'NONE',  ( 752.5000000000000000, 212.4999999999999716, 18.00000000000000000 ) ) ;
#4144 = APPLICATION_PROTOCOL_DEFINITION ( 'draft international standard', 'automotive_design', 1998, #1875 ) ;
#4145 = AXIS2_PLACEMENT_3D ( 'NONE', #8655, #5705, #6549 ) ;
#4146 = AXIS2_PLACEMENT_3D ( 'NONE', #631, #8039, #3566 ) ;
#4147 = CARTESIAN_POINT ( 'NONE',  ( 70.00000000000014211, 305.5000000000000000, 18.00000000000000000 ) ) ;
#4148 = CARTESIAN_POINT ( 'NONE',  ( 266.5000000000001137, 80.00000000000000000, 9.000000000000000000 ) ) ;
#4149 = PLANE ( 'NONE',  #4954 ) ;
#4150 = PRODUCT_DEFINITION_SHAPE ( 'NONE', 'NONE',  #533 ) ;
#4151 = AXIS2_PLACEMENT_3D ( 'NONE', #7347, #8072, #5170 ) ;
#4152 = CARTESIAN_POINT ( 'NONE',  ( 1427.129942314910977, 620.6299423149113181, 0.000000000000000000 ) ) ;
#4153 = EDGE_CURVE ( 'NONE', #9020, #6006, #5486, .T. ) ;
#4154 = CARTESIAN_POINT ( 'NONE',  ( 747.5000000000000000, 212.4999999999999716, 0.000000000000000000 ) ) ;
#4155 = CIRCLE ( 'NONE', #5826, 4.000000000000003553 ) ;
#4156 = ORIENTED_EDGE ( 'NONE', *, *, #103, .T. ) ;
#4157 = ADVANCED_BREP_SHAPE_REPRESENTATION ( '', ( #4336, #6183 ), #5821 ) ;
#4158 = DIRECTION ( 'NONE',  ( 1.000000000000000000, 0.000000000000000000, 0.000000000000000000 ) ) ;
#4159 = AXIS2_PLACEMENT_3D ( 'NONE', #4410, #5888, #3653 ) ;
#4160 = DIRECTION ( 'NONE',  ( 0.000000000000000000, 0.000000000000000000, 1.000000000000000000 ) ) ;
#4161 = CONTEXT_DEPENDENT_SHAPE_REPRESENTATION ( #1289, #7090 ) ;
#4162 = CARTESIAN_POINT ( 'NONE',  ( 1317.500000000000000, 659.5000000000000000, 0.000000000000000000 ) ) ;
#4163 = FACE_OUTER_BOUND ( 'NONE', #7772, .T. ) ;
#4164 = ORIENTED_EDGE ( 'NONE', *, *, #3365, .T. ) ;
#4165 = VERTEX_POINT ( 'NONE', #8487 ) ;
#4166 = EDGE_CURVE ( 'NONE', #3272, #903, #6302, .T. ) ;
#4167 = CARTESIAN_POINT ( 'NONE',  ( 70.00000000000015632, 517.5000000000001137, 18.00000000000000000 ) ) ;
#4168 = CARTESIAN_POINT ( 'NONE',  ( 0.000000000000000000, 80.00000000000000000, 0.000000000000000000 ) ) ;
#4169 = CARTESIAN_POINT ( 'NONE',  ( 1429.999999999999773, 177.4999999999999716, 0.000000000000000000 ) ) ;
#4170 = CARTESIAN_POINT ( 'NONE',  ( 0.000000000000000000, 0.000000000000000000, 0.000000000000000000 ) ) ;
#4171 = FACE_BOUND ( 'NONE', #8653, .T. ) ;
#4172 = LINE ( 'NONE', #7677, #2076 ) ;
#4173 = VERTEX_POINT ( 'NONE', #7083 ) ;
#4174 = ORIENTED_EDGE ( 'NONE', *, *, #764, .F. ) ;
#4175 = SURFACE_STYLE_USAGE ( .BOTH. , #1193 ) ;
#4176 = CIRCLE ( 'NONE', #78, 3.000000000000009770 ) ;
#4177 = DIRECTION ( 'NONE',  ( 0.000000000000000000, 0.000000000000000000, 1.000000000000000000 ) ) ;
#4178 = LINE ( 'NONE', #3192, #5666 ) ;
#4179 = ADVANCED_FACE ( 'NONE', ( #2355 ), #1683, .F. ) ;
#4180 = FACE_BOUND ( 'NONE', #7617, .T. ) ;
#4181 = CYLINDRICAL_SURFACE ( 'NONE', #822, 3.000000000000002665 ) ;
#4182 = ORIENTED_EDGE ( 'NONE', *, *, #7031, .T. ) ;
#4183 = EDGE_LOOP ( 'NONE', ( #3065, #5686, #7728, #396 ) ) ;
#4184 = CIRCLE ( 'NONE', #409, 2.499999999999946709 ) ;
#4185 = CARTESIAN_POINT ( 'NONE',  ( 49.99999999999998579, 111.5000000000000426, 0.000000000000000000 ) ) ;
#4186 = CARTESIAN_POINT ( 'NONE',  ( 112.5685424949242019, 590.9314575050765370, 11.99999999999999822 ) ) ;
#4187 = CARTESIAN_POINT ( 'NONE',  ( -441.9999999999999432, 55.00000000000000000, 0.000000000000000000 ) ) ;
#4188 = FACE_BOUND ( 'NONE', #4947, .T. ) ;
#4189 = CARTESIAN_POINT ( 'NONE',  ( 750.0000000000000000, 482.5000000000000000, 0.000000000000000000 ) ) ;
#4190 = FACE_BOUND ( 'NONE', #638, .T. ) ;
#4191 = VECTOR ( 'NONE', #7339, 999.9999999999998863 ) ;
#4192 = ORIENTED_EDGE ( 'NONE', *, *, #6402, .T. ) ;
#4193 = VERTEX_POINT ( 'NONE', #4077 ) ;
#4194 = ORIENTED_EDGE ( 'NONE', *, *, #8969, .F. ) ;
#4195 = ADVANCED_FACE ( 'NONE', ( #3433 ), #146, .F. ) ;
#4196 = FACE_BOUND ( 'NONE', #6632, .T. ) ;
#4197 = EDGE_LOOP ( 'NONE', ( #125, #1769, #8124, #4513 ) ) ;
#4198 = CARTESIAN_POINT ( 'NONE',  ( -441.9999999999999432, 55.00000000000000000, 0.000000000000000000 ) ) ;
#4199 = AXIS2_PLACEMENT_3D ( 'NONE', #4901, #4087, #4046 ) ;
#4200 = EDGE_CURVE ( 'NONE', #3307, #5819, #9520, .T. ) ;
#4201 = CIRCLE ( 'NONE', #5085, 2.999999999999994671 ) ;
#4202 = AXIS2_PLACEMENT_3D ( 'NONE', #3319, #6331, #3988 ) ;
#4203 = PRESENTATION_STYLE_ASSIGNMENT (( #1338 ) ) ;
#4204 = ORIENTED_EDGE ( 'NONE', *, *, #1610, .T. ) ;
#4205 = VERTEX_POINT ( 'NONE', #4956 ) ;
#4206 = CARTESIAN_POINT ( 'NONE',  ( 1429.999999999999773, 485.5000000000001705, 0.000000000000000000 ) ) ;
#4207 = ORIENTED_EDGE ( 'NONE', *, *, #8264, .F. ) ;
#4208 = VECTOR ( 'NONE', #1596, 1000.000000000000000 ) ;
#4209 = CARTESIAN_POINT ( 'NONE',  ( 0.000000000000000000, 0.000000000000000000, 31.00000000000000000 ) ) ;
#4210 = DIRECTION ( 'NONE',  ( -1.000000000000000000, -0.000000000000000000, -0.000000000000000000 ) ) ;
#4211 = DIRECTION ( 'NONE',  ( 0.000000000000000000, 1.000000000000000000, 0.000000000000000000 ) ) ;
#4212 = CYLINDRICAL_SURFACE ( 'NONE', #9165, 3.000000000000058176 ) ;
#4213 = ORIENTED_EDGE ( 'NONE', *, *, #9334, .T. ) ;
#4214 = FACE_OUTER_BOUND ( 'NONE', #9309, .T. ) ;
#4215 = AXIS2_PLACEMENT_3D ( 'NONE', #3588, #8744, #1643 ) ;
#4216 = PRESENTATION_LAYER_ASSIGNMENT (  '', '', ( #4023 ) ) ;
#4217 = EDGE_LOOP ( 'NONE', ( #9363, #5393, #6732, #6356 ) ) ;
#4218 = EDGE_CURVE ( 'NONE', #2681, #6440, #2140, .T. ) ;
#4219 = CARTESIAN_POINT ( 'NONE',  ( 747.0000000000000000, 517.5000000000000000, 0.000000000000000000 ) ) ;
#4220 = VECTOR ( 'NONE', #1822, 1000.000000000000000 ) ;
#4221 = EDGE_CURVE ( 'NONE', #3048, #5362, #1449, .T. ) ;
#4222 = CARTESIAN_POINT ( 'NONE',  ( 163.0944918928738616, -2.168404344971008868E-16, 31.00000000000000000 ) ) ;
#4223 = ORIENTED_EDGE ( 'NONE', *, *, #5879, .T. ) ;
#4224 = FACE_OUTER_BOUND ( 'NONE', #1560, .T. ) ;
#4225 = VERTEX_POINT ( 'NONE', #9319 ) ;
#4226 = ORIENTED_EDGE ( 'NONE', *, *, #4519, .F. ) ;
#4227 = CARTESIAN_POINT ( 'NONE',  ( 278.5000000000001137, 482.5000000000000000, 18.00000000000000000 ) ) ;
#4228 = VERTEX_POINT ( 'NONE', #4830 ) ;
#4229 = CIRCLE ( 'NONE', #2, 2.999999999999891642 ) ;
#4230 = CARTESIAN_POINT ( 'NONE',  ( -570.0000000000000000, 55.00000000000000000, 3.000000000000047962 ) ) ;
#4231 = DIRECTION ( 'NONE',  ( 0.000000000000000000, 0.000000000000000000, -1.000000000000000000 ) ) ;
#4232 = EDGE_CURVE ( 'NONE', #6469, #8684, #7121, .T. ) ;
#4233 = CARTESIAN_POINT ( 'NONE',  ( 747.5000000000000000, 482.5000000000000000, 18.00000000000000000 ) ) ;
#4234 = ORIENTED_EDGE ( 'NONE', *, *, #3780, .F. ) ;
#4235 = DIRECTION ( 'NONE',  ( -0.000000000000000000, -0.000000000000000000, 1.000000000000000000 ) ) ;
#4236 = LINE ( 'NONE', #8122, #7681 ) ;
#4237 = ORIENTED_EDGE ( 'NONE', *, *, #4238, .F. ) ;
#4238 = EDGE_CURVE ( 'NONE', #4292, #8722, #9045, .T. ) ;
#4239 = ADVANCED_FACE ( 'NONE', ( #9290 ), #7151, .F. ) ;
#4240 = ORIENTED_EDGE ( 'NONE', *, *, #3606, .F. ) ;
#4241 = DIRECTION ( 'NONE',  ( 1.000000000000000000, 0.000000000000000000, 0.000000000000000000 ) ) ;
#4242 = CARTESIAN_POINT ( 'NONE',  ( 750.0000000000000000, 177.4999999999999716, 18.00000000000000000 ) ) ;
#4243 =( REPRESENTATION_RELATIONSHIP ('NONE','NONE', #3659, #3820 ) REPRESENTATION_RELATIONSHIP_WITH_TRANSFORMATION ( #5995 )SHAPE_REPRESENTATION_RELATIONSHIP( ) );
#4244 = PRODUCT ( 'A005572-PATASXXXBASE', 'A005572-PATASXXXBASE', '', ( #2579 ) ) ;
#4245 = ORIENTED_EDGE ( 'NONE', *, *, #3596, .F. ) ;
#4246 = ORIENTED_EDGE ( 'NONE', *, *, #7362, .F. ) ;
#4247 = CARTESIAN_POINT ( 'NONE',  ( 248.0944918928738048, 730.0000000000000000, 9.500000000000000000 ) ) ;
#4248 = DIRECTION ( 'NONE',  ( -0.000000000000000000, 1.000000000000000000, -0.000000000000000000 ) ) ;
#4249 = EDGE_CURVE ( 'NONE', #3271, #4041, #6528, .T. ) ;
#4250 = DIRECTION ( 'NONE',  ( 1.000000000000000000, 0.000000000000000000, 0.000000000000000000 ) ) ;
#4251 = ADVANCED_FACE ( 'NONE', ( #5829 ), #7909, .T. ) ;
#4252 = DIRECTION ( 'NONE',  ( 1.000000000000000000, 0.000000000000000000, 0.000000000000000000 ) ) ;
#4253 = ORIENTED_EDGE ( 'NONE', *, *, #5837, .T. ) ;
#4254 = CARTESIAN_POINT ( 'NONE',  ( 278.5000000000001137, 627.5000000000001137, 0.000000000000000000 ) ) ;
#4255 = AXIS2_PLACEMENT_3D ( 'NONE', #6795, #2342, #4530 ) ;
#4256 = CARTESIAN_POINT ( 'NONE',  ( 276.0000000000001137, 482.5000000000000000, 0.000000000000000000 ) ) ;
#4257 = DIRECTION ( 'NONE',  ( -1.000000000000000000, 0.000000000000000000, 0.000000000000000000 ) ) ;
#4258 = EDGE_CURVE ( 'NONE', #2816, #4436, #1901, .T. ) ;
#4259 = DIRECTION ( 'NONE',  ( -0.000000000000000000, -0.000000000000000000, -1.000000000000000000 ) ) ;
#4260 = CARTESIAN_POINT ( 'NONE',  ( 42.00000000000000711, 55.00000000000000000, 3.000000000000001332 ) ) ;
#4261 = CARTESIAN_POINT ( 'NONE',  ( 604.4999999999996589, 20.00000000000000000, 9.000000000000000000 ) ) ;
#4262 = DIRECTION ( 'NONE',  ( 0.000000000000000000, 1.000000000000000000, 0.000000000000000000 ) ) ;
#4263 = CARTESIAN_POINT ( 'NONE',  ( -138.0000000000000000, 24.00000000000000000, 6.000000000000000000 ) ) ;
#4264 = VECTOR ( 'NONE', #5573, 1000.000000000000000 ) ;
#4265 = AXIS2_PLACEMENT_3D ( 'NONE', #3736, #2961, #5158 ) ;
#4266 = AXIS2_PLACEMENT_3D ( 'NONE', #7840, #9446, #6403 ) ;
#4267 = EDGE_CURVE ( 'NONE', #4173, #3482, #7785, .T. ) ;
#4268 = FILL_AREA_STYLE ('',( #5722 ) ) ;
#4269 = DIRECTION ( 'NONE',  ( 1.000000000000000000, 0.000000000000000000, 0.000000000000000000 ) ) ;
#4270 = FACE_BOUND ( 'NONE', #303, .T. ) ;
#4271 = EDGE_CURVE ( 'NONE', #7202, #2951, #8229, .T. ) ;
#4272 = DIRECTION ( 'NONE',  ( 1.000000000000000000, 0.000000000000000000, 0.000000000000000000 ) ) ;
#4273 = CARTESIAN_POINT ( 'NONE',  ( 1429.999999999999773, 485.5000000000001705, 18.00000000000000000 ) ) ;
#4274 = DIRECTION ( 'NONE',  ( 1.000000000000000000, 0.000000000000000000, 0.000000000000000000 ) ) ;
#4275 = VERTEX_POINT ( 'NONE', #3570 ) ;
#4276 = ORIENTED_EDGE ( 'NONE', *, *, #47, .T. ) ;
#4277 = ADVANCED_FACE ( 'NONE', ( #2701 ), #9443, .T. ) ;
#4278 = EDGE_CURVE ( 'NONE', #8, #5437, #725, .T. ) ;
#4279 = CONTEXT_DEPENDENT_SHAPE_REPRESENTATION ( #7250, #729 ) ;
#4280 = AXIS2_PLACEMENT_3D ( 'NONE', #6913, #2438, #7606 ) ;
#4281 = DIRECTION ( 'NONE',  ( 0.000000000000000000, 0.000000000000000000, -1.000000000000000000 ) ) ;
#4282 = FACE_BOUND ( 'NONE', #8738, .T. ) ;
#4283 = VECTOR ( 'NONE', #3978, 1000.000000000000000 ) ;
#4284 = ORIENTED_EDGE ( 'NONE', *, *, #3348, .T. ) ;
#4285 = CARTESIAN_POINT ( 'NONE',  ( 0.000000000000000000, 56.00000000000000000, 6.000000000000000000 ) ) ;
#4286 = EDGE_LOOP ( 'NONE', ( #818, #5036, #5038, #9272 ) ) ;
#4287 = ADVANCED_FACE ( 'NONE', ( #8706 ), #9279, .F. ) ;
#4288 = EDGE_CURVE ( 'NONE', #4128, #1653, #5368, .T. ) ;
#4289 = VECTOR ( 'NONE', #4509, 1000.000000000000000 ) ;
#4290 = VECTOR ( 'NONE', #6470, 1000.000000000000000 ) ;
#4291 = CARTESIAN_POINT ( 'NONE',  ( 138.0000000000000000, 56.00000000000001421, -9.000000000000000000 ) ) ;
#4292 = VERTEX_POINT ( 'NONE', #5778 ) ;
#4293 = VERTEX_POINT ( 'NONE', #5075 ) ;
#4294 = AXIS2_PLACEMENT_3D ( 'NONE', #6534, #2097, #7306 ) ;
#4295 = DIRECTION ( 'NONE',  ( 0.000000000000000000, 0.000000000000000000, 1.000000000000000000 ) ) ;
#4296 = DIRECTION ( 'NONE',  ( 0.000000000000000000, 0.000000000000000000, 1.000000000000000000 ) ) ;
#4297 = CYLINDRICAL_SURFACE ( 'NONE', #4266, 2.500000000000002220 ) ;
#4298 = LINE ( 'NONE', #672, #4996 ) ;
#4299 = DIRECTION ( 'NONE',  ( -0.000000000000000000, 1.000000000000000000, -0.000000000000000000 ) ) ;
#4300 = CYLINDRICAL_SURFACE ( 'NONE', #8517, 6.000000000000227374 ) ;
#4301 = CIRCLE ( 'NONE', #3643, 2.999999999999994671 ) ;
#4302 = ORIENTED_EDGE ( 'NONE', *, *, #1221, .T. ) ;
#4303 = ORIENTED_EDGE ( 'NONE', *, *, #5868, .F. ) ;
#4304 = CARTESIAN_POINT ( 'NONE',  ( -6.245698675651501391E-14, 18.00000000000000000, -173.0000000000000284 ) ) ;
#4305 = EDGE_LOOP ( 'NONE', ( #118, #2845, #9373, #498 ) ) ;
#4306 = DIRECTION ( 'NONE',  ( 1.000000000000000000, 0.000000000000000000, 0.000000000000000000 ) ) ;
#4307 = LINE ( 'NONE', #2466, #819 ) ;
#4308 = CARTESIAN_POINT ( 'NONE',  ( 1419.129942314910977, 74.37005768508863923, 0.000000000000000000 ) ) ;
#4309 = AXIS2_PLACEMENT_3D ( 'NONE', #1044, #2397, #7709 ) ;
#4310 = AXIS2_PLACEMENT_3D ( 'NONE', #4110, #9241, #8474 ) ;
#4311 = FACE_OUTER_BOUND ( 'NONE', #3056, .T. ) ;
#4312 = VECTOR ( 'NONE', #2306, 1000.000000000000000 ) ;
#4313 = ORIENTED_EDGE ( 'NONE', *, *, #1041, .F. ) ;
#4314 = VERTEX_POINT ( 'NONE', #5753 ) ;
#4315 = CARTESIAN_POINT ( 'NONE',  ( 1454.000000000000000, 647.5000000000000000, 11.99999999999999822 ) ) ;
#4316 = ORIENTED_EDGE ( 'NONE', *, *, #9307, .T. ) ;
#4317 = VECTOR ( 'NONE', #2839, 1000.000000000000000 ) ;
#4318 = CARTESIAN_POINT ( 'NONE',  ( 921.0000000000000000, 55.00000000000000000, 5.999999999999951150 ) ) ;
#4319 = LINE ( 'NONE', #9095, #2812 ) ;
#4320 = VERTEX_POINT ( 'NONE', #4981 ) ;
#4321 = ORIENTED_EDGE ( 'NONE', *, *, #4596, .T. ) ;
#4322 = ORIENTED_EDGE ( 'NONE', *, *, #4166, .T. ) ;
#4323 = DIRECTION ( 'NONE',  ( 1.000000000000000000, 0.000000000000000000, 0.000000000000000000 ) ) ;
#4324 = FACE_OUTER_BOUND ( 'NONE', #860, .T. ) ;
#4325 = AXIS2_PLACEMENT_3D ( 'NONE', #3531, #8666, #7950 ) ;
#4326 = ADVANCED_FACE ( 'NONE', ( #3874 ), #6987, .F. ) ;
#4327 = CARTESIAN_POINT ( 'NONE',  ( 1319.999999999999773, 627.5000000000000000, 0.000000000000000000 ) ) ;
#4328 = DIRECTION ( 'NONE',  ( -0.000000000000000000, -0.000000000000000000, 1.000000000000000000 ) ) ;
#4329 = DIRECTION ( 'NONE',  ( -0.000000000000000000, -0.000000000000000000, -1.000000000000000000 ) ) ;
#4330 =( REPRESENTATION_RELATIONSHIP ('NONE','NONE', #3659, #6910 ) REPRESENTATION_RELATIONSHIP_WITH_TRANSFORMATION ( #5530 )SHAPE_REPRESENTATION_RELATIONSHIP( ) );
#4331 = ORIENTED_EDGE ( 'NONE', *, *, #662, .F. ) ;
#4332 = VECTOR ( 'NONE', #4466, 1000.000000000000000 ) ;
#4333 = EDGE_LOOP ( 'NONE', ( #7536, #7669 ) ) ;
#4334 = VERTEX_POINT ( 'NONE', #527 ) ;
#4335 = ORIENTED_EDGE ( 'NONE', *, *, #2971, .T. ) ;
#4336 = MANIFOLD_SOLID_BREP ( 'Cortar-Extruir3', #6178 ) ;
#4337 = ORIENTED_EDGE ( 'NONE', *, *, #3680, .F. ) ;
#4338 = FACE_OUTER_BOUND ( 'NONE', #1383, .T. ) ;
#4339 = DIRECTION ( 'NONE',  ( 0.000000000000000000, 0.000000000000000000, -1.000000000000000000 ) ) ;
#4340 = DIRECTION ( 'NONE',  ( -1.000000000000000000, 0.000000000000000000, 0.000000000000000000 ) ) ;
#4341 = DIRECTION ( 'NONE',  ( -0.000000000000000000, -0.000000000000000000, -1.000000000000000000 ) ) ;
#4342 = FILL_AREA_STYLE_COLOUR ( '', #9237 ) ;
#4343 = ADVANCED_FACE ( 'NONE', ( #9035 ), #1669, .F. ) ;
#4344 = CARTESIAN_POINT ( 'NONE',  ( 421.0000000000000568, 80.00000000000000000, 9.000000000000000000 ) ) ;
#4345 = AXIS2_PLACEMENT_3D ( 'NONE', #7514, #3849, #5320 ) ;
#4346 = STYLED_ITEM ( 'NONE', ( #5207 ), #1721 ) ;
#4347 = ORIENTED_EDGE ( 'NONE', *, *, #6635, .T. ) ;
#4348 = EDGE_CURVE ( 'NONE', #6271, #5338, #3646, .T. ) ;
#4349 = EDGE_CURVE ( 'NONE', #3316, #6776, #6640, .T. ) ;
#4350 = ORIENTED_EDGE ( 'NONE', *, *, #5732, .F. ) ;
#4351 = EDGE_LOOP ( 'NONE', ( #4591, #4382, #6960, #3375 ) ) ;
#4352 = ORIENTED_EDGE ( 'NONE', *, *, #9154, .T. ) ;
#4353 = AXIS2_PLACEMENT_3D ( 'NONE', #8464, #1862, #6342 ) ;
#4354 = CARTESIAN_POINT ( 'NONE',  ( 67.50000000000017053, 209.4999999999998295, 0.000000000000000000 ) ) ;
#4355 = CARTESIAN_POINT ( 'NONE',  ( 180.0000000000001705, 627.4999999999998863, 0.000000000000000000 ) ) ;
#4356 = ORIENTED_EDGE ( 'NONE', *, *, #1238, .F. ) ;
#4357 = VERTEX_POINT ( 'NONE', #6588 ) ;
#4358 = DIRECTION ( 'NONE',  ( -0.000000000000000000, 1.000000000000000000, -0.000000000000000000 ) ) ;
#4359 = EDGE_CURVE ( 'NONE', #3272, #9396, #1439, .T. ) ;
#4360 = DIRECTION ( 'NONE',  ( 0.000000000000000000, 0.000000000000000000, 1.000000000000000000 ) ) ;
#4361 = ORIENTED_EDGE ( 'NONE', *, *, #7513, .T. ) ;
#4362 = DIRECTION ( 'NONE',  ( 1.000000000000000000, 0.000000000000000000, 0.000000000000000000 ) ) ;
#4363 = EDGE_LOOP ( 'NONE', ( #6180, #6714, #6493, #491 ) ) ;
#4364 = ORIENTED_EDGE ( 'NONE', *, *, #923, .F. ) ;
#4365 = CARTESIAN_POINT ( 'NONE',  ( 750.0000000000000000, 177.4999999999999716, 18.00000000000000000 ) ) ;
#4366 = CARTESIAN_POINT ( 'NONE',  ( 441.9999999999999432, 55.00000000000000000, -2.999999999999994671 ) ) ;
#4367 = CARTESIAN_POINT ( 'NONE',  ( 0.000000000000000000, 18.00000000000000000, 170.0000000000000000 ) ) ;
#4368 = AXIS2_PLACEMENT_3D ( 'NONE', #6217, #309, #9207 ) ;
#4369 = CARTESIAN_POINT ( 'NONE',  ( 63.09449189287384741, 0.000000000000000000, 0.000000000000000000 ) ) ;
#4370 = DIRECTION ( 'NONE',  ( -1.000000000000000000, 0.000000000000000000, 0.000000000000000000 ) ) ;
#4371 = EDGE_CURVE ( 'NONE', #1427, #1442, #6863, .T. ) ;
#4372 = CARTESIAN_POINT ( 'NONE',  ( 273.5000000000001137, 212.4999999999999716, 18.00000000000000000 ) ) ;
#4373 = CARTESIAN_POINT ( 'NONE',  ( 799.9999999999998863, 0.000000000000000000, 400.0000000000000000 ) ) ;
#4374 = ADVANCED_FACE ( 'NONE', ( #7340 ), #5991, .F. ) ;
#4375 = CARTESIAN_POINT ( 'NONE',  ( -800.0000000000001137, 0.000000000000000000, -400.0000000000000000 ) ) ;
#4376 = EDGE_CURVE ( 'NONE', #106, #4293, #7107, .T. ) ;
#4377 = DIRECTION ( 'NONE',  ( -0.7071067811865439090, 0.7071067811865512365, -0.000000000000000000 ) ) ;
#4378 = AXIS2_PLACEMENT_3D ( 'NONE', #9395, #4986, #4272 ) ;
#4379 = ADVANCED_FACE ( 'NONE', ( #5134 ), #3062, .F. ) ;
#4380 = CYLINDRICAL_SURFACE ( 'NONE', #4963, 3.000000000000058176 ) ;
#4381 = FACE_OUTER_BOUND ( 'NONE', #7367, .T. ) ;
#4382 = ORIENTED_EDGE ( 'NONE', *, *, #7017, .F. ) ;
#4383 = CONTEXT_DEPENDENT_SHAPE_REPRESENTATION ( #7987, #4938 ) ;
#4384 = CARTESIAN_POINT ( 'NONE',  ( 1221.499999999999773, 482.5000000000000000, 0.000000000000000000 ) ) ;
#4385 = PLANE ( 'NONE',  #6611 ) ;
#4386 = MECHANICAL_DESIGN_GEOMETRIC_PRESENTATION_REPRESENTATION (  '', ( #6680 ), #9324 ) ;
#4387 = EDGE_CURVE ( 'NONE', #4320, #5192, #1196, .T. ) ;
#4388 = FACE_OUTER_BOUND ( 'NONE', #3031, .T. ) ;
#4389 = ORIENTED_EDGE ( 'NONE', *, *, #4975, .T. ) ;
#4390 = DIRECTION ( 'NONE',  ( -1.000000000000000000, -0.000000000000000000, -0.000000000000000000 ) ) ;
#4391 = VERTEX_POINT ( 'NONE', #686 ) ;
#4392 = DIRECTION ( 'NONE',  ( -0.000000000000000000, 1.000000000000000000, -0.000000000000000000 ) ) ;
#4393 = EDGE_CURVE ( 'NONE', #1285, #1335, #3418, .T. ) ;
#4394 = DIRECTION ( 'NONE',  ( 0.000000000000000000, 0.000000000000000000, 1.000000000000000000 ) ) ;
#4395 = EDGE_LOOP ( 'NONE', ( #3790, #5304 ) ) ;
#4396 = DIRECTION ( 'NONE',  ( -1.000000000000000000, 0.000000000000000000, 0.000000000000000000 ) ) ;
#4397 = DIRECTION ( 'NONE',  ( -1.000000000000000000, 0.000000000000000000, 0.000000000000000000 ) ) ;
#4398 = CARTESIAN_POINT ( 'NONE',  ( 25.00000000000000000, 24.00000000000000000, 9.000000000000000000 ) ) ;
#4399 = LINE ( 'NONE', #4606, #8292 ) ;
#4400 = CIRCLE ( 'NONE', #4612, 3.000000000000002665 ) ;
#4401 = VERTEX_POINT ( 'NONE', #8840 ) ;
#4402 = ORIENTED_EDGE ( 'NONE', *, *, #1569, .T. ) ;
#4403 = EDGE_CURVE ( 'NONE', #5551, #755, #8592, .T. ) ;
#4404 = AXIS2_PLACEMENT_3D ( 'NONE', #310, #1180, #5581 ) ;
#4405 = CARTESIAN_POINT ( 'NONE',  ( 14.89933824127002637, -1.734854452750618004, 15.00000000000000000 ) ) ;
#4406 = CARTESIAN_POINT ( 'NONE',  ( 70.00000000000017053, 485.5000000000001705, 18.00000000000000000 ) ) ;
#4407 = FACE_OUTER_BOUND ( 'NONE', #2441, .T. ) ;
#4408 = EDGE_CURVE ( 'NONE', #6469, #7147, #1078, .T. ) ;
#4409 = LINE ( 'NONE', #6919, #9243 ) ;
#4410 = CARTESIAN_POINT ( 'NONE',  ( 750.0000000000000000, 517.5000000000000000, 18.00000000000000000 ) ) ;
#4411 = CIRCLE ( 'NONE', #9432, 2.500000000000002220 ) ;
#4412 = ORIENTED_EDGE ( 'NONE', *, *, #9525, .T. ) ;
#4413 = EDGE_LOOP ( 'NONE', ( #8594, #5474, #6188, #405 ) ) ;
#4414 = DIRECTION ( 'NONE',  ( 0.000000000000000000, -0.000000000000000000, 1.000000000000000000 ) ) ;
#4415 = ADVANCED_FACE ( 'NONE', ( #957 ), #6290, .F. ) ;
#4416 = DIRECTION ( 'NONE',  ( 0.000000000000000000, 0.000000000000000000, 1.000000000000000000 ) ) ;
#4417 = VECTOR ( 'NONE', #2866, 1000.000000000000000 ) ;
#4418 = CARTESIAN_POINT ( 'NONE',  ( 750.0000000000000000, 67.50000000000000000, 0.000000000000000000 ) ) ;
#4419 = FACE_BOUND ( 'NONE', #5057, .T. ) ;
#4420 = CIRCLE ( 'NONE', #6790, 2.999999999999993783 ) ;
#4421 = ORIENTED_EDGE ( 'NONE', *, *, #2977, .F. ) ;
#4422 = ORIENTED_EDGE ( 'NONE', *, *, #7071, .F. ) ;
#4423 = DIRECTION ( 'NONE',  ( -1.000000000000000000, 0.000000000000000000, 0.000000000000000000 ) ) ;
#4424 = DIRECTION ( 'NONE',  ( -1.000000000000000000, 0.000000000000000000, 0.000000000000000000 ) ) ;
#4425 = VERTEX_POINT ( 'NONE', #9563 ) ;
#4426 = CYLINDRICAL_SURFACE ( 'NONE', #4503, 2.500000000000002220 ) ;
#4427 = ORIENTED_EDGE ( 'NONE', *, *, #8303, .T. ) ;
#4428 = DIRECTION ( 'NONE',  ( -1.000000000000000000, 0.000000000000000000, 0.000000000000000000 ) ) ;
#4429 = CARTESIAN_POINT ( 'NONE',  ( 59.99999999999998579, 70.00000000000000000, 11.99999999999999822 ) ) ;
#4430 = CYLINDRICAL_SURFACE ( 'NONE', #9403, 2.499999999999946709 ) ;
#4431 = DIRECTION ( 'NONE',  ( 0.000000000000000000, -0.000000000000000000, -1.000000000000000000 ) ) ;
#4432 = ADVANCED_FACE ( 'NONE', ( #4917 ), #3303, .F. ) ;
#4433 = VERTEX_POINT ( 'NONE', #7393 ) ;
#4434 = CIRCLE ( 'NONE', #8625, 2.499999999999946709 ) ;
#4435 = ORIENTED_EDGE ( 'NONE', *, *, #1258, .T. ) ;
#4436 = VERTEX_POINT ( 'NONE', #3714 ) ;
#4437 = ORIENTED_EDGE ( 'NONE', *, *, #3237, .T. ) ;
#4438 = DIRECTION ( 'NONE',  ( -1.000000000000000000, 0.000000000000000000, 0.000000000000000000 ) ) ;
#4439 = LINE ( 'NONE', #3233, #3974 ) ;
#4440 = CARTESIAN_POINT ( 'NONE',  ( 183.0000000000000568, 67.50000000000000000, 0.000000000000000000 ) ) ;
#4441 = DIRECTION ( 'NONE',  ( 1.000000000000000000, 0.000000000000000000, 0.000000000000000000 ) ) ;
#4442 = ORIENTED_EDGE ( 'NONE', *, *, #3289, .F. ) ;
#4443 = FACE_OUTER_BOUND ( 'NONE', #3374, .T. ) ;
#4444 = ORIENTED_EDGE ( 'NONE', *, *, #189, .T. ) ;
#4445 = CARTESIAN_POINT ( 'NONE',  ( -800.0000000000001137, 18.00000000000000000, 400.0000000000000000 ) ) ;
#4446 = FACE_OUTER_BOUND ( 'NONE', #4305, .T. ) ;
#4447 = CARTESIAN_POINT ( 'NONE',  ( 747.5000000000000000, 482.5000000000000000, 0.000000000000000000 ) ) ;
#4448 = VERTEX_POINT ( 'NONE', #5168 ) ;
#4449 = DIRECTION ( 'NONE',  ( 1.000000000000000000, 0.000000000000000000, 0.000000000000000000 ) ) ;
#4450 = VECTOR ( 'NONE', #8752, 1000.000000000000000 ) ;
#4451 = ORIENTED_EDGE ( 'NONE', *, *, #6378, .F. ) ;
#4452 = ORIENTED_EDGE ( 'NONE', *, *, #8679, .F. ) ;
#4453 = AXIS2_PLACEMENT_3D ( 'NONE', #4189, #3439, #1113 ) ;
#4454 = AXIS2_PLACEMENT_3D ( 'NONE', #6275, #4083, #2775 ) ;
#4455 =( BOUNDED_CURVE ( )  B_SPLINE_CURVE ( 3, ( #6201, #8537, #494, #358 ),
 .UNSPECIFIED., .F., .F. ) 
 B_SPLINE_CURVE_WITH_KNOTS ( ( 4, 4 ),
 ( 2.766169045608753763, 3.141592653589793116 ),
 .UNSPECIFIED. ) 
 CURVE ( )  GEOMETRIC_REPRESENTATION_ITEM ( )  RATIONAL_B_SPLINE_CURVE ( ( 1.000000000000000000, 0.9882892067347445186, 0.9882892067347445186, 1.000000000000000000 ) ) 
 REPRESENTATION_ITEM ( '' )  );
#4456 = EDGE_CURVE ( 'NONE', #5611, #2577, #845, .T. ) ;
#4457 = ORIENTED_EDGE ( 'NONE', *, *, #7220, .F. ) ;
#4458 = FACE_OUTER_BOUND ( 'NONE', #2344, .T. ) ;
#4459 = DIRECTION ( 'NONE',  ( -0.000000000000000000, -0.000000000000000000, -1.000000000000000000 ) ) ;
#4460 = EDGE_CURVE ( 'NONE', #3081, #6289, #613, .T. ) ;
#4461 = DIRECTION ( 'NONE',  ( 1.000000000000000000, 0.000000000000000000, 0.000000000000000000 ) ) ;
#4462 = VERTEX_POINT ( 'NONE', #8291 ) ;
#4463 = FACE_BOUND ( 'NONE', #7651, .T. ) ;
#4464 = ORIENTED_EDGE ( 'NONE', *, *, #4153, .T. ) ;
#4465 = VERTEX_POINT ( 'NONE', #5364 ) ;
#4466 = DIRECTION ( 'NONE',  ( -0.000000000000000000, 1.000000000000000000, -0.000000000000000000 ) ) ;
#4467 =( NAMED_UNIT ( * ) SI_UNIT ( $, .STERADIAN. ) SOLID_ANGLE_UNIT ( ) );
#4468 = ORIENTED_EDGE ( 'NONE', *, *, #3850, .F. ) ;
#4469 = CARTESIAN_POINT ( 'NONE',  ( 1423.129942314910977, 74.37005768508863923, 18.00000000000000000 ) ) ;
#4470 = EDGE_CURVE ( 'NONE', #1, #3617, #2587, .T. ) ;
#4471 = CARTESIAN_POINT ( 'NONE',  ( 70.00000000000017053, 485.5000000000001705, 0.000000000000000000 ) ) ;
#4472 = DIRECTION ( 'NONE',  ( 0.000000000000000000, 0.000000000000000000, 1.000000000000000000 ) ) ;
#4473 = AXIS2_PLACEMENT_3D ( 'NONE', #4749, #1154, #1840 ) ;
#4474 = DIRECTION ( 'NONE',  ( 1.000000000000000000, 0.000000000000000000, 0.000000000000000000 ) ) ;
#4475 = ORIENTED_EDGE ( 'NONE', *, *, #1986, .F. ) ;
#4476 = ORIENTED_EDGE ( 'NONE', *, *, #2333, .F. ) ;
#4477 = DIRECTION ( 'NONE',  ( -0.9852062716166839484, 0.1713727001804919714, 0.000000000000000000 ) ) ;
#4478 = CARTESIAN_POINT ( 'NONE',  ( 175.3632432006102420, 724.9999999999998863, 1.169197402912876921E-14 ) ) ;
#4479 = DIRECTION ( 'NONE',  ( -0.1713727001804919992, -0.9852062716166839484, 0.000000000000000000 ) ) ;
#4480 = SURFACE_SIDE_STYLE ('',( #8078 ) ) ;
#4481 = DIRECTION ( 'NONE',  ( 0.000000000000000000, 0.000000000000000000, 1.000000000000000000 ) ) ;
#4482 = EDGE_CURVE ( 'NONE', #9396, #7571, #8466, .T. ) ;
#4483 = VERTEX_POINT ( 'NONE', #5419 ) ;
#4484 = ADVANCED_FACE ( 'NONE', ( #488 ), #368, .F. ) ;
#4485 = CARTESIAN_POINT ( 'NONE',  ( 58.01941254751481125, -2.024254279067401983E-17, 6.213203435596425628 ) ) ;
#4486 = DIRECTION ( 'NONE',  ( 1.000000000000000000, 0.000000000000000000, 0.000000000000000000 ) ) ;
#4487 = CARTESIAN_POINT ( 'NONE',  ( 73.00000000000014211, 305.5000000000000000, 0.000000000000000000 ) ) ;
#4488 = CARTESIAN_POINT ( 'NONE',  ( 106.9999999999999005, 690.0000000000000000, 15.49999999999999112 ) ) ;
#4489 = CARTESIAN_POINT ( 'NONE',  ( 112.5685424949241735, 104.0685424949247704, 11.99999999999999822 ) ) ;
#4490 = AXIS2_PLACEMENT_3D ( 'NONE', #627, #5804, #9469 ) ;
#4491 = AXIS2_PLACEMENT_3D ( 'NONE', #4469, #1775, #6937 ) ;
#4492 = DIRECTION ( 'NONE',  ( -0.000000000000000000, -1.000000000000000000, -0.000000000000000000 ) ) ;
#4493 = CARTESIAN_POINT ( 'NONE',  ( 170.0000000000000000, 55.00000000000000000, 0.000000000000000000 ) ) ;
#4494 = DIRECTION ( 'NONE',  ( -0.000000000000000000, -0.000000000000000000, -1.000000000000000000 ) ) ;
#4495 = CARTESIAN_POINT ( 'NONE',  ( 1319.999999999999773, 67.50000000000000000, 18.00000000000000000 ) ) ;
#4496 = DIRECTION ( 'NONE',  ( 0.000000000000000000, 0.000000000000000000, 1.000000000000000000 ) ) ;
#4497 = FACE_OUTER_BOUND ( 'NONE', #2940, .T. ) ;
#4498 = DIRECTION ( 'NONE',  ( -0.000000000000000000, -0.000000000000000000, 1.000000000000000000 ) ) ;
#4499 = DIRECTION ( 'NONE',  ( 1.000000000000000000, 0.000000000000000000, 0.000000000000000000 ) ) ;
#4500 = CIRCLE ( 'NONE', #3346, 3.000000000000047962 ) ;
#4501 = VERTEX_POINT ( 'NONE', #6159 ) ;
#4502 = CARTESIAN_POINT ( 'NONE',  ( 421.0000000000000568, 55.00000000000000000, 9.000000000000000000 ) ) ;
#4503 = AXIS2_PLACEMENT_3D ( 'NONE', #3663, #5011, #4976 ) ;
#4504 = EDGE_CURVE ( 'NONE', #7288, #3785, #1331, .T. ) ;
#4505 = ORIENTED_EDGE ( 'NONE', *, *, #3089, .F. ) ;
#4506 = DIRECTION ( 'NONE',  ( 0.7071067811865514585, -0.7071067811865435759, 0.000000000000000000 ) ) ;
#4507 = CONTEXT_DEPENDENT_SHAPE_REPRESENTATION ( #495, #6623 ) ;
#4508 = ORIENTED_EDGE ( 'NONE', *, *, #8616, .F. ) ;
#4509 = DIRECTION ( 'NONE',  ( -0.000000000000000000, -0.000000000000000000, 1.000000000000000000 ) ) ;
#4510 = FACE_OUTER_BOUND ( 'NONE', #743, .T. ) ;
#4511 = DIRECTION ( 'NONE',  ( 0.000000000000000000, 0.000000000000000000, -1.000000000000000000 ) ) ;
#4512 = ORIENTED_EDGE ( 'NONE', *, *, #1034, .F. ) ;
#4513 = ORIENTED_EDGE ( 'NONE', *, *, #4359, .F. ) ;
#4514 = PLANE ( 'NONE',  #4827 ) ;
#4515 = LINE ( 'NONE', #7221, #8178 ) ;
#4516 = DIRECTION ( 'NONE',  ( 0.7071067811865473507, 0.000000000000000000, 0.7071067811865477948 ) ) ;
#4517 = AXIS2_PLACEMENT_3D ( 'NONE', #8034, #8783, #9531 ) ;
#4518 = PRODUCT_DEFINITION ( 'UNKNOWN', '', #2650, #8623 ) ;
#4519 = EDGE_CURVE ( 'NONE', #1079, #1697, #8932, .T. ) ;
#4520 = CYLINDRICAL_SURFACE ( 'NONE', #2512, 2.499999999999946709 ) ;
#4521 = LINE ( 'NONE', #3490, #2537 ) ;
#4522 = VERTEX_POINT ( 'NONE', #8265 ) ;
#4523 = AXIS2_PLACEMENT_3D ( 'NONE', #348, #9312, #2659 ) ;
#4524 = CARTESIAN_POINT ( 'NONE',  ( 0.000000000000000000, 18.00000000000000000, 167.0000000000000000 ) ) ;
#4525 = EDGE_LOOP ( 'NONE', ( #5878, #360, #5918, #4347 ) ) ;
#4526 = ADVANCED_FACE ( 'NONE', ( #5707, #124, #4783 ), #8243, .F. ) ;
#4527 = LINE ( 'NONE', #7969, #457 ) ;
#4528 = DIRECTION ( 'NONE',  ( -0.000000000000000000, 1.000000000000000000, -0.000000000000000000 ) ) ;
#4529 = CARTESIAN_POINT ( 'NONE',  ( 184.6423443838057210, 730.0000000000000000, 19.74328400189157051 ) ) ;
#4530 = DIRECTION ( 'NONE',  ( 1.000000000000000000, 0.000000000000000000, 0.000000000000000000 ) ) ;
#4531 = DIRECTION ( 'NONE',  ( -0.7071067811865501263, -0.7071067811865449082, 0.000000000000000000 ) ) ;
#4532 = CIRCLE ( 'NONE', #6679, 2.500000000000015987 ) ;
#4533 = EDGE_CURVE ( 'NONE', #7741, #5884, #5021, .T. ) ;
#4534 = VECTOR ( 'NONE', #7690, 1000.000000000000000 ) ;
#4535 = LINE ( 'NONE', #7825, #8196 ) ;
#4536 = EDGE_LOOP ( 'NONE', ( #7502, #7091, #6764, #6726 ) ) ;
#4537 = ORIENTED_EDGE ( 'NONE', *, *, #6886, .F. ) ;
#4538 = DIRECTION ( 'NONE',  ( 0.000000000000000000, 1.000000000000000000, 0.000000000000000000 ) ) ;
#4539 = ORIENTED_EDGE ( 'NONE', *, *, #2882, .F. ) ;
#4540 = PLANE ( 'NONE',  #4022 ) ;
#4541 = FACE_BOUND ( 'NONE', #7334, .T. ) ;
#4542 = ORIENTED_EDGE ( 'NONE', *, *, #3846, .F. ) ;
#4543 = DIRECTION ( 'NONE',  ( 1.000000000000000000, 0.000000000000000000, 0.000000000000000000 ) ) ;
#4544 = CARTESIAN_POINT ( 'NONE',  ( 1319.999999999999773, 35.49999999999997868, 18.00000000000000000 ) ) ;
#4545 = EDGE_CURVE ( 'NONE', #5905, #3625, #2121, .T. ) ;
#4546 = FACE_OUTER_BOUND ( 'NONE', #6782, .T. ) ;
#4547 = SURFACE_STYLE_FILL_AREA ( #7934 ) ;
#4548 = ORIENTED_EDGE ( 'NONE', *, *, #1114, .T. ) ;
#4549 = VERTEX_POINT ( 'NONE', #6909 ) ;
#4550 = ORIENTED_EDGE ( 'NONE', *, *, #7972, .T. ) ;
#4551 = VECTOR ( 'NONE', #8103, 1000.000000000000000 ) ;
#4552 = DIRECTION ( 'NONE',  ( 1.000000000000000000, 0.000000000000000000, 0.000000000000000000 ) ) ;
#4553 = AXIS2_PLACEMENT_3D ( 'NONE', #5756, #1257, #559 ) ;
#4554 = DIRECTION ( 'NONE',  ( -1.000000000000000000, 0.000000000000000000, 0.000000000000000000 ) ) ;
#4555 = PLANE ( 'NONE',  #1348 ) ;
#4556 = DIRECTION ( 'NONE',  ( -1.000000000000000000, 0.000000000000000000, -0.000000000000000000 ) ) ;
#4557 = EDGE_CURVE ( 'NONE', #4314, #7472, #7222, .T. ) ;
#4558 = VERTEX_POINT ( 'NONE', #7581 ) ;
#4559 = ORIENTED_EDGE ( 'NONE', *, *, #803, .T. ) ;
#4560 = ORIENTED_EDGE ( 'NONE', *, *, #7263, .F. ) ;
#4561 = CYLINDRICAL_SURFACE ( 'NONE', #2568, 4.000000000000003553 ) ;
#4562 = FILL_AREA_STYLE_COLOUR ( '', #6516 ) ;
#4563 = DIRECTION ( 'NONE',  ( -1.000000000000000000, 0.000000000000000000, 0.000000000000000000 ) ) ;
#4564 = DIRECTION ( 'NONE',  ( -1.000000000000000000, 0.000000000000000000, 0.000000000000000000 ) ) ;
#4565 = ORIENTED_EDGE ( 'NONE', *, *, #3099, .T. ) ;
#4566 = VECTOR ( 'NONE', #2901, 1000.000000000000000 ) ;
#4567 = ORIENTED_EDGE ( 'NONE', *, *, #3349, .T. ) ;
#4568 = ORIENTED_EDGE ( 'NONE', *, *, #2608, .T. ) ;
#4569 = SURFACE_SIDE_STYLE ('',( #6241 ) ) ;
#4570 = ORIENTED_EDGE ( 'NONE', *, *, #4040, .T. ) ;
#4571 = VERTEX_POINT ( 'NONE', #4597 ) ;
#4572 = LINE ( 'NONE', #7048, #2597 ) ;
#4573 = EDGE_CURVE ( 'NONE', #7177, #2122, #3635, .T. ) ;
#4574 = AXIS2_PLACEMENT_3D ( 'NONE', #3685, #3723, #1487 ) ;
#4575 = CARTESIAN_POINT ( 'NONE',  ( 1447.500000000000000, 583.4999999999998863, 18.00000000000000000 ) ) ;
#4576 = ORIENTED_EDGE ( 'NONE', *, *, #1726, .T. ) ;
#4577 = DIRECTION ( 'NONE',  ( -1.000000000000000000, 0.000000000000000000, 0.000000000000000000 ) ) ;
#4578 = LINE ( 'NONE', #8628, #508 ) ;
#4579 = ORIENTED_EDGE ( 'NONE', *, *, #1972, .T. ) ;
#4580 = ORIENTED_EDGE ( 'NONE', *, *, #6083, .T. ) ;
#4581 = CARTESIAN_POINT ( 'NONE',  ( 183.9395984443614793, 730.0000000000000000, 9.500000000000000000 ) ) ;
#4582 = EDGE_LOOP ( 'NONE', ( #9536, #1758, #3873, #9183 ) ) ;
#4583 = MANIFOLD_SOLID_BREP ( 'Saliente-Extruir2', #1506 ) ;
#4584 = VERTEX_POINT ( 'NONE', #5398 ) ;
#4585 = CIRCLE ( 'NONE', #644, 4.000000000000003553 ) ;
#4586 = ADVANCED_FACE ( 'NONE', ( #5587 ), #1428, .F. ) ;
#4587 = AXIS2_PLACEMENT_3D ( 'NONE', #749, #8939, #6639 ) ;
#4588 = AXIS2_PLACEMENT_3D ( 'NONE', #2354, #872, #750 ) ;
#4589 = EDGE_CURVE ( 'NONE', #6296, #3048, #6046, .T. ) ;
#4590 = DIRECTION ( 'NONE',  ( 0.000000000000000000, 0.000000000000000000, 1.000000000000000000 ) ) ;
#4591 = ORIENTED_EDGE ( 'NONE', *, *, #8534, .T. ) ;
#4592 = ORIENTED_EDGE ( 'NONE', *, *, #1812, .T. ) ;
#4593 = CARTESIAN_POINT ( 'NONE',  ( 1226.499999999999773, 212.4999999999999716, 0.000000000000000000 ) ) ;
#4594 = EDGE_LOOP ( 'NONE', ( #3115, #1591, #8098, #4941 ) ) ;
#4595 = DIRECTION ( 'NONE',  ( 0.000000000000000000, 0.000000000000000000, 1.000000000000000000 ) ) ;
#4596 = EDGE_CURVE ( 'NONE', #807, #6301, #7443, .T. ) ;
#4597 = CARTESIAN_POINT ( 'NONE',  ( 1432.499999999999773, 485.5000000000001705, 0.000000000000000000 ) ) ;
#4598 = VERTEX_POINT ( 'NONE', #1081 ) ;
#4599 = VERTEX_POINT ( 'NONE', #3229 ) ;
#4600 = CARTESIAN_POINT ( 'NONE',  ( -42.00000000000000711, 55.00000000000000000, 0.000000000000000000 ) ) ;
#4601 = EDGE_CURVE ( 'NONE', #7465, #5507, #2576, .T. ) ;
#4602 = CARTESIAN_POINT ( 'NONE',  ( 753.0000000000000000, 517.5000000000000000, 0.000000000000000000 ) ) ;
#4603 =( NAMED_UNIT ( * ) PLANE_ANGLE_UNIT ( ) SI_UNIT ( $, .RADIAN. ) );
#4604 = EDGE_CURVE ( 'NONE', #5549, #466, #8220, .T. ) ;
#4605 = CARTESIAN_POINT ( 'NONE',  ( 496.9999999999999432, 212.4999999999999716, 18.00000000000000000 ) ) ;
#4606 = CARTESIAN_POINT ( 'NONE',  ( 58.01941254751481836, 5.421010862427522170E-17, 0.000000000000000000 ) ) ;
#4607 = CARTESIAN_POINT ( 'NONE',  ( 1423.129942314910977, 620.6299423149113181, 0.000000000000000000 ) ) ;
#4608 = AXIS2_PLACEMENT_3D ( 'NONE', #5628, #8620, #6434 ) ;
#4609 = DIRECTION ( 'NONE',  ( 0.7071067811865479058, 0.000000000000000000, -0.7071067811865472397 ) ) ;
#4610 = CARTESIAN_POINT ( 'NONE',  ( 50.00000000000000000, 647.5000000000000000, 11.99999999999999822 ) ) ;
#4611 = CARTESIAN_POINT ( 'NONE',  ( 106.9999999999999005, 690.0000000000000000, 18.49999999999998579 ) ) ;
#4612 = AXIS2_PLACEMENT_3D ( 'NONE', #6162, #1740, #9146 ) ;
#4613 = CIRCLE ( 'NONE', #6116, 6.000000000000025757 ) ;
#4614 = EDGE_LOOP ( 'NONE', ( #4632, #4808, #6791, #1174, #4668, #6985 ) ) ;
#4615 = VERTEX_POINT ( 'NONE', #4711 ) ;
#4616 = AXIS2_PLACEMENT_3D ( 'NONE', #6620, #9539, #2865 ) ;
#4617 = CARTESIAN_POINT ( 'NONE',  ( 1319.999999999999773, 627.5000000000000000, 18.00000000000000000 ) ) ;
#4618 = DIRECTION ( 'NONE',  ( -0.000000000000000000, -0.000000000000000000, -1.000000000000000000 ) ) ;
#4619 = CONTEXT_DEPENDENT_SHAPE_REPRESENTATION ( #4243, #7391 ) ;
#4620 = ADVANCED_FACE ( 'NONE', ( #602 ), #4212, .F. ) ;
#4621 = CARTESIAN_POINT ( 'NONE',  ( 70.00000000000015632, 517.5000000000001137, 0.000000000000000000 ) ) ;
#4622 = VECTOR ( 'NONE', #7129, 1000.000000000000000 ) ;
#4623 = ORIENTED_EDGE ( 'NONE', *, *, #6319, .F. ) ;
#4624 = ORIENTED_EDGE ( 'NONE', *, *, #4519, .T. ) ;
#4625 = CARTESIAN_POINT ( 'NONE',  ( 6.255180600960854598, 1.176131348680804810E-17, 30.99999999999999645 ) ) ;
#4626 = DIRECTION ( 'NONE',  ( -0.000000000000000000, -1.000000000000000000, -0.000000000000000000 ) ) ;
#4627 = AXIS2_PLACEMENT_3D ( 'NONE', #8754, #6513, #2829 ) ;
#4628 = AXIS2_PLACEMENT_3D ( 'NONE', #8461, #2494, #3253 ) ;
#4629 = FACE_BOUND ( 'NONE', #2261, .T. ) ;
#4630 = LINE ( 'NONE', #6127, #5202 ) ;
#4631 = ORIENTED_EDGE ( 'NONE', *, *, #9419, .F. ) ;
#4632 = ORIENTED_EDGE ( 'NONE', *, *, #5668, .F. ) ;
#4633 = DIRECTION ( 'NONE',  ( 1.000000000000000000, 0.000000000000000000, 0.000000000000000000 ) ) ;
#4634 = DIRECTION ( 'NONE',  ( -1.000000000000000000, 0.000000000000000000, 0.000000000000000000 ) ) ;
#4635 = CIRCLE ( 'NONE', #2267, 2.999999999999891642 ) ;
#4636 = DIRECTION ( 'NONE',  ( -0.000000000000000000, 1.000000000000000000, -0.000000000000000000 ) ) ;
#4637 = LINE ( 'NONE', #7697, #8868 ) ;
#4638 = CYLINDRICAL_SURFACE ( 'NONE', #7938, 2.499999999999946709 ) ;
#4639 = ORIENTED_EDGE ( 'NONE', *, *, #2614, .F. ) ;
#4640 = CARTESIAN_POINT ( 'NONE',  ( -3.000000000000000888, 56.00000000000000000, 6.000000000000000000 ) ) ;
#4641 = VERTEX_POINT ( 'NONE', #9176 ) ;
#4642 = DIRECTION ( 'NONE',  ( 0.000000000000000000, 0.000000000000000000, 1.000000000000000000 ) ) ;
#4643 = FACE_OUTER_BOUND ( 'NONE', #5082, .T. ) ;
#4644 = AXIS2_PLACEMENT_3D ( 'NONE', #6682, #61, #7553 ) ;
#4645 = EDGE_CURVE ( 'NONE', #4391, #2804, #2233, .T. ) ;
#4646 = DIRECTION ( 'NONE',  ( 1.000000000000000000, 0.000000000000000000, 0.000000000000000000 ) ) ;
#4647 = DIRECTION ( 'NONE',  ( -0.000000000000000000, -0.000000000000000000, -1.000000000000000000 ) ) ;
#4648 = FACE_OUTER_BOUND ( 'NONE', #2962, .T. ) ;
#4649 = DIRECTION ( 'NONE',  ( -0.000000000000000000, -0.000000000000000000, -1.000000000000000000 ) ) ;
#4650 = CYLINDRICAL_SURFACE ( 'NONE', #201, 2.999999999999891642 ) ;
#4651 = LINE ( 'NONE', #355, #1524 ) ;
#4652 = CARTESIAN_POINT ( 'NONE',  ( 40.00000000000000000, 50.00000000000000000, 14.99999999999999289 ) ) ;
#4653 = CARTESIAN_POINT ( 'NONE',  ( 183.9395984443614793, 730.0000000000000000, 21.50000000000000000 ) ) ;
#4654 = ORIENTED_EDGE ( 'NONE', *, *, #218, .F. ) ;
#4655 = ORIENTED_EDGE ( 'NONE', *, *, #6402, .F. ) ;
#4656 = EDGE_LOOP ( 'NONE', ( #1791, #4001, #6739, #7214 ) ) ;
#4657 = DIRECTION ( 'NONE',  ( -0.000000000000000000, -0.000000000000000000, 1.000000000000000000 ) ) ;
#4658 = LINE ( 'NONE', #7338, #707 ) ;
#4659 = ORIENTED_EDGE ( 'NONE', *, *, #3906, .F. ) ;
#4660 = EDGE_CURVE ( 'NONE', #4334, #7480, #1890, .T. ) ;
#4661 = LINE ( 'NONE', #1217, #5464 ) ;
#4662 = ORIENTED_EDGE ( 'NONE', *, *, #5196, .T. ) ;
#4663 = ORIENTED_EDGE ( 'NONE', *, *, #5403, .F. ) ;
#4664 = ORIENTED_EDGE ( 'NONE', *, *, #9135, .T. ) ;
#4665 = CARTESIAN_POINT ( 'NONE',  ( 102.3259018078048257, 108.3111831820440614, 18.00000000000000000 ) ) ;
#4666 = VECTOR ( 'NONE', #1433, 1000.000000000000000 ) ;
#4667 = ADVANCED_FACE ( 'NONE', ( #4091 ), #7331, .F. ) ;
#4668 = ORIENTED_EDGE ( 'NONE', *, *, #3388, .F. ) ;
#4669 = VECTOR ( 'NONE', #6709, 1000.000000000000000 ) ;
#4670 = VERTEX_POINT ( 'NONE', #8369 ) ;
#4671 = FACE_OUTER_BOUND ( 'NONE', #7019, .T. ) ;
#4672 = CARTESIAN_POINT ( 'NONE',  ( 84.99999999999992895, 730.0000000000000000, 16.00000000000000000 ) ) ;
#4673 = ORIENTED_EDGE ( 'NONE', *, *, #7057, .T. ) ;
#4674 = AXIS2_PLACEMENT_3D ( 'NONE', #7146, #2574, #8477 ) ;
#4675 = CARTESIAN_POINT ( 'NONE',  ( 1472.627416997969704, 33.35786437626904188, 11.99999999999999822 ) ) ;
#4676 = CIRCLE ( 'NONE', #7580, 3.000000000000002665 ) ;
#4677 = AXIS2_PLACEMENT_3D ( 'NONE', #4008, #5580, #8426 ) ;
#4678 = CARTESIAN_POINT ( 'NONE',  ( 1389.188816817956877, 595.1740981921956291, 11.99999999999999822 ) ) ;
#4679 = ORIENTED_EDGE ( 'NONE', *, *, #9327, .F. ) ;
#4680 = CIRCLE ( 'NONE', #3118, 3.000000000000002665 ) ;
#4681 = ORIENTED_EDGE ( 'NONE', *, *, #41, .F. ) ;
#4682 = VERTEX_POINT ( 'NONE', #1903 ) ;
#4683 = DIRECTION ( 'NONE',  ( -1.000000000000000000, 0.000000000000000000, 0.000000000000000000 ) ) ;
#4684 = EDGE_LOOP ( 'NONE', ( #605, #5808, #2683, #4468 ) ) ;
#4685 = CIRCLE ( 'NONE', #820, 4.000000000000017764 ) ;
#4686 = DIRECTION ( 'NONE',  ( 1.000000000000000000, 0.000000000000000000, 0.000000000000000000 ) ) ;
#4687 = CARTESIAN_POINT ( 'NONE',  ( 570.0000000000000000, 80.00000000000000000, -3.000000000000047962 ) ) ;
#4688 = DIRECTION ( 'NONE',  ( -0.7071067811865517916, 7.430363060362964121E-16, -0.7071067811865433539 ) ) ;
#4689 = VECTOR ( 'NONE', #7192, 1000.000000000000000 ) ;
#4690 = ORIENTED_EDGE ( 'NONE', *, *, #4726, .F. ) ;
#4691 = ORIENTED_EDGE ( 'NONE', *, *, #6389, .F. ) ;
#4692 = AXIS2_PLACEMENT_3D ( 'NONE', #7621, #3964, #3223 ) ;
#4693 = EDGE_CURVE ( 'NONE', #9246, #3454, #7547, .T. ) ;
#4694 = EDGE_LOOP ( 'NONE', ( #3155, #2769 ) ) ;
#4695 = AXIS2_PLACEMENT_3D ( 'NONE', #7194, #1351, #4995 ) ;
#4696 = DIRECTION ( 'NONE',  ( 1.000000000000000000, 0.000000000000000000, 0.000000000000000000 ) ) ;
#4697 = CARTESIAN_POINT ( 'NONE',  ( 1432.999999999999545, 177.4999999999999716, 18.00000000000000000 ) ) ;
#4698 = CARTESIAN_POINT ( 'NONE',  ( 266.5000000000001137, 80.00000000000000000, 9.000000000000000000 ) ) ;
#4699 = DIRECTION ( 'NONE',  ( 0.000000000000000000, 0.000000000000000000, 1.000000000000000000 ) ) ;
#4700 = EDGE_LOOP ( 'NONE', ( #3207, #8824 ) ) ;
#4701 = ORIENTED_EDGE ( 'NONE', *, *, #1793, .T. ) ;
#4702 =( GEOMETRIC_REPRESENTATION_CONTEXT ( 3 ) GLOBAL_UNCERTAINTY_ASSIGNED_CONTEXT ( ( #2069 ) ) GLOBAL_UNIT_ASSIGNED_CONTEXT ( ( #4015, #7644, #1811 ) ) REPRESENTATION_CONTEXT ( 'NONE', 'WORKASPACE' ) );
#4703 = CARTESIAN_POINT ( 'NONE',  ( 40.00000000000000000, 50.00000000000000000, 11.99999999999998579 ) ) ;
#4704 = EDGE_CURVE ( 'NONE', #3876, #3766, #9267, .T. ) ;
#4705 = DIRECTION ( 'NONE',  ( 0.000000000000000000, 0.000000000000000000, -1.000000000000000000 ) ) ;
#4706 = CARTESIAN_POINT ( 'NONE',  ( 180.0000000000001137, 659.5000000000000000, 18.00000000000000000 ) ) ;
#4707 = ORIENTED_EDGE ( 'NONE', *, *, #342, .T. ) ;
#4708 = EDGE_CURVE ( 'NONE', #6167, #7480, #6278, .T. ) ;
#4709 = DIRECTION ( 'NONE',  ( -1.000000000000000000, 0.000000000000000000, -0.000000000000000000 ) ) ;
#4710 = CARTESIAN_POINT ( 'NONE',  ( 1427.129942314910977, 620.6299423149113181, 11.99999999999999822 ) ) ;
#4711 = CARTESIAN_POINT ( 'NONE',  ( 496.9999999999999432, 347.5000000000000000, 18.00000000000000000 ) ) ;
#4712 = DIRECTION ( 'NONE',  ( -1.000000000000000000, 0.000000000000000000, 0.000000000000000000 ) ) ;
#4713 = EDGE_CURVE ( 'NONE', #7835, #3331, #9394, .T. ) ;
#4714 = ADVANCED_FACE ( 'NONE', ( #3290 ), #5938, .F. ) ;
#4715 = CARTESIAN_POINT ( 'NONE',  ( -6.245698675651501391E-14, 18.00000000000000000, -170.0000000000000000 ) ) ;
#4716 = ORIENTED_EDGE ( 'NONE', *, *, #3719, .T. ) ;
#4717 = DIRECTION ( 'NONE',  ( 0.000000000000000000, 0.000000000000000000, 1.000000000000000000 ) ) ;
#4718 = CARTESIAN_POINT ( 'NONE',  ( 70.00000000000012790, -80.00000000000000000, 347.5000000000000568 ) ) ;
#4719 = EDGE_CURVE ( 'NONE', #3970, #2134, #4319, .T. ) ;
#4720 = DIRECTION ( 'NONE',  ( 0.7071067811865512365, 0.7071067811865439090, 0.000000000000000000 ) ) ;
#4721 = DIRECTION ( 'NONE',  ( -1.000000000000000000, 0.000000000000000000, 0.000000000000000000 ) ) ;
#4722 = PLANE ( 'NONE',  #7530 ) ;
#4723 = VERTEX_POINT ( 'NONE', #3975 ) ;
#4724 = DIRECTION ( 'NONE',  ( 0.000000000000000000, 0.000000000000000000, 1.000000000000000000 ) ) ;
#4725 = AXIS2_PLACEMENT_3D ( 'NONE', #2447, #1780, #6947 ) ;
#4726 = EDGE_CURVE ( 'NONE', #4615, #8197, #5359, .T. ) ;
#4727 = CARTESIAN_POINT ( 'NONE',  ( -570.0000000000000000, 80.00000000000000000, -3.000000000000047962 ) ) ;
#4728 = ORIENTED_EDGE ( 'NONE', *, *, #6499, .F. ) ;
#4729 = VERTEX_POINT ( 'NONE', #8504 ) ;
#4730 = DIRECTION ( 'NONE',  ( -1.000000000000000000, 1.329538674056075510E-18, 0.000000000000000000 ) ) ;
#4731 = DIRECTION ( 'NONE',  ( 0.000000000000000000, 0.000000000000000000, 1.000000000000000000 ) ) ;
#4732 = DIRECTION ( 'NONE',  ( 0.000000000000000000, 0.000000000000000000, -1.000000000000000000 ) ) ;
#4733 = CONTEXT_DEPENDENT_SHAPE_REPRESENTATION ( #9384, #8282 ) ;
#4734 = CARTESIAN_POINT ( 'NONE',  ( 1000.000000000000000, 482.5000000000000000, 0.000000000000000000 ) ) ;
#4735 = ADVANCED_BREP_SHAPE_REPRESENTATION ( '', ( #4583, #6183 ), #3845 ) ;
#4736 = DIRECTION ( 'NONE',  ( 0.000000000000000000, 0.000000000000000000, 1.000000000000000000 ) ) ;
#4737 = FACE_BOUND ( 'NONE', #1419, .T. ) ;
#4738 = CIRCLE ( 'NONE', #8494, 3.000000000000002665 ) ;
#4739 = ORIENTED_EDGE ( 'NONE', *, *, #9515, .T. ) ;
#4740 = DIRECTION ( 'NONE',  ( 0.000000000000000000, 0.000000000000000000, 1.000000000000000000 ) ) ;
#4741 = EDGE_CURVE ( 'NONE', #517, #3983, #9148, .T. ) ;
#4742 = EDGE_LOOP ( 'NONE', ( #5035, #4505, #1996, #8167 ) ) ;
#4743 = CIRCLE ( 'NONE', #5933, 4.000000000000017764 ) ;
#4744 = DIRECTION ( 'NONE',  ( 0.000000000000000000, 0.000000000000000000, 1.000000000000000000 ) ) ;
#4745 = FACE_BOUND ( 'NONE', #5336, .T. ) ;
#4746 = CYLINDRICAL_SURFACE ( 'NONE', #3700, 6.000000000000025757 ) ;
#4747 = ORIENTED_EDGE ( 'NONE', *, *, #59, .T. ) ;
#4748 = ORIENTED_EDGE ( 'NONE', *, *, #5190, .T. ) ;
#4749 = CARTESIAN_POINT ( 'NONE',  ( 0.000000000000000000, 0.000000000000000000, 0.000000000000000000 ) ) ;
#4750 = COLOUR_RGB ( '',1.000000000000000000, 1.000000000000000000, 1.000000000000000000 ) ;
#4751 = DIRECTION ( 'NONE',  ( 0.000000000000000000, 1.000000000000000000, 0.000000000000000000 ) ) ;
#4752 = CARTESIAN_POINT ( 'NONE',  ( -135.0000000000000000, 24.00000000000000000, 6.000000000000000000 ) ) ;
#4753 = DIRECTION ( 'NONE',  ( 1.000000000000000000, 0.000000000000000000, 0.000000000000000000 ) ) ;
#4754 = CARTESIAN_POINT ( 'NONE',  ( 570.0000000000000000, 55.00000000000000000, 1.084202172485504434E-16 ) ) ;
#4755 = AXIS2_PLACEMENT_3D ( 'NONE', #7762, #4137, #1898 ) ;
#4756 = AXIS2_PLACEMENT_3D ( 'NONE', #7153, #4211, #4960 ) ;
#4757 = EDGE_CURVE ( 'NONE', #4723, #6894, #5245, .T. ) ;
#4758 = CIRCLE ( 'NONE', #2093, 3.000000000000002665 ) ;
#4759 = ADVANCED_FACE ( 'NONE', ( #7891 ), #3523, .F. ) ;
#4760 = VECTOR ( 'NONE', #119, 1000.000000000000000 ) ;
#4761 = VECTOR ( 'NONE', #1963, 1000.000000000000000 ) ;
#4762 = ORIENTED_EDGE ( 'NONE', *, *, #3080, .F. ) ;
#4763 = ORIENTED_EDGE ( 'NONE', *, *, #3546, .T. ) ;
#4764 = EDGE_CURVE ( 'NONE', #9342, #2080, #3979, .T. ) ;
#4765 = VERTEX_POINT ( 'NONE', #748 ) ;
#4766 = LINE ( 'NONE', #5354, #5565 ) ;
#4767 = ORIENTED_EDGE ( 'NONE', *, *, #4111, .F. ) ;
#4768 = CARTESIAN_POINT ( 'NONE',  ( 59.99999999999998579, 70.00000000000000000, 15.00000000000000711 ) ) ;
#4769 = CIRCLE ( 'NONE', #3795, 2.500000000000002220 ) ;
#4770 = DIRECTION ( 'NONE',  ( 0.000000000000000000, 0.000000000000000000, 1.000000000000000000 ) ) ;
#4771 = EDGE_CURVE ( 'NONE', #2616, #9350, #13, .T. ) ;
#4772 = DIRECTION ( 'NONE',  ( -0.000000000000000000, -0.000000000000000000, -1.000000000000000000 ) ) ;
#4773 = FACE_OUTER_BOUND ( 'NONE', #1311, .T. ) ;
#4774 = EDGE_LOOP ( 'NONE', ( #5144, #3199, #1012, #2975 ) ) ;
#4775 = ORIENTED_EDGE ( 'NONE', *, *, #5855, .F. ) ;
#4776 = PRODUCT_DEFINITION_FORMATION_WITH_SPECIFIED_SOURCE ( 'ANY', '', #2806, .NOT_KNOWN. ) ;
#4777 = ORIENTED_EDGE ( 'NONE', *, *, #212, .T. ) ;
#4778 = LINE ( 'NONE', #100, #238 ) ;
#4779 = CARTESIAN_POINT ( 'NONE',  ( 182.5000000000001137, 35.49999999999997868, 18.00000000000000000 ) ) ;
#4780 = DIRECTION ( 'NONE',  ( 0.000000000000000000, 1.000000000000000000, 0.000000000000000000 ) ) ;
#4781 = DIRECTION ( 'NONE',  ( -0.000000000000000000, 1.000000000000000000, -0.000000000000000000 ) ) ;
#4782 = DIRECTION ( 'NONE',  ( 0.000000000000000000, 1.000000000000000000, 0.000000000000000000 ) ) ;
#4783 = FACE_BOUND ( 'NONE', #8807, .T. ) ;
#4784 = EDGE_LOOP ( 'NONE', ( #7499, #2931, #3067, #245 ) ) ;
#4785 = FACE_BOUND ( 'NONE', #8944, .T. ) ;
#4786 = DIRECTION ( 'NONE',  ( -0.000000000000000000, -1.000000000000000000, -0.000000000000000000 ) ) ;
#4787 = APPLICATION_PROTOCOL_DEFINITION ( 'draft international standard', 'automotive_design', 1998, #2674 ) ;
#4788 = VERTEX_POINT ( 'NONE', #4894 ) ;
#4789 = LINE ( 'NONE', #330, #3869 ) ;
#4790 = EDGE_CURVE ( 'NONE', #5645, #5718, #9027, .T. ) ;
#4791 = CARTESIAN_POINT ( 'NONE',  ( 1397.674098192194833, 586.6888168179575587, 11.99999999999999822 ) ) ;
#4792 = DIRECTION ( 'NONE',  ( 1.000000000000000000, 0.000000000000000000, 0.000000000000000000 ) ) ;
#4793 = EDGE_LOOP ( 'NONE', ( #8828, #5963 ) ) ;
#4794 = CARTESIAN_POINT ( 'NONE',  ( 1426.999999999999773, 177.4999999999999716, 18.00000000000000000 ) ) ;
#4795 = VECTOR ( 'NONE', #821, 1000.000000000000000 ) ;
#4796 = DIRECTION ( 'NONE',  ( 0.000000000000000000, 0.000000000000000000, 1.000000000000000000 ) ) ;
#4797 = ORIENTED_EDGE ( 'NONE', *, *, #521, .T. ) ;
#4798 = VERTEX_POINT ( 'NONE', #4959 ) ;
#4799 = DIRECTION ( 'NONE',  ( 1.000000000000000000, 0.000000000000000000, 0.000000000000000000 ) ) ;
#4800 = EDGE_LOOP ( 'NONE', ( #138, #8871 ) ) ;
#4801 = VERTEX_POINT ( 'NONE', #4984 ) ;
#4802 = CIRCLE ( 'NONE', #1077, 3.000000000000002665 ) ;
#4803 = DIRECTION ( 'NONE',  ( -0.000000000000000000, 1.000000000000000000, -0.000000000000000000 ) ) ;
#4804 = ORIENTED_EDGE ( 'NONE', *, *, #8217, .F. ) ;
#4805 = AXIS2_PLACEMENT_3D ( 'NONE', #6200, #4781, #317 ) ;
#4806 = CARTESIAN_POINT ( 'NONE',  ( 183.0698683933170798, 725.0000000000000000, 21.50000000000000000 ) ) ;
#4807 = FACE_OUTER_BOUND ( 'NONE', #6387, .T. ) ;
#4808 = ORIENTED_EDGE ( 'NONE', *, *, #7979, .F. ) ;
#4809 = ORIENTED_EDGE ( 'NONE', *, *, #1908, .T. ) ;
#4810 = AXIS2_PLACEMENT_3D ( 'NONE', #57, #4595, #5315 ) ;
#4811 = ORIENTED_EDGE ( 'NONE', *, *, #8152, .T. ) ;
#4812 = CIRCLE ( 'NONE', #1510, 3.000000000000002665 ) ;
#4813 = DIRECTION ( 'NONE',  ( 0.7071067811865435759, 0.7071067811865513475, -0.000000000000000000 ) ) ;
#4814 = CARTESIAN_POINT ( 'NONE',  ( 1000.000000000000000, 212.4999999999999716, 18.00000000000000000 ) ) ;
#4815 = CARTESIAN_POINT ( 'NONE',  ( 276.0000000000001137, 482.5000000000000000, 18.00000000000000000 ) ) ;
#4816 = DIRECTION ( 'NONE',  ( -1.000000000000000000, 0.000000000000000000, 0.000000000000000000 ) ) ;
#4817 = CARTESIAN_POINT ( 'NONE',  ( 1342.000000000000000, 24.00000000000000000, 9.000000000000000000 ) ) ;
#4818 = ORIENTED_EDGE ( 'NONE', *, *, #4200, .T. ) ;
#4819 = EDGE_LOOP ( 'NONE', ( #4663, #1684 ) ) ;
#4820 = CARTESIAN_POINT ( 'NONE',  ( 70.00000000000017053, 485.5000000000001705, 18.00000000000000000 ) ) ;
#4821 = ADVANCED_FACE ( 'NONE', ( #3407 ), #6628, .F. ) ;
#4822 =( NAMED_UNIT ( * ) SI_UNIT ( $, .STERADIAN. ) SOLID_ANGLE_UNIT ( ) );
#4823 = ORIENTED_EDGE ( 'NONE', *, *, #7906, .F. ) ;
#4824 = CARTESIAN_POINT ( 'NONE',  ( 1429.999999999999773, 177.4999999999999716, 18.00000000000000000 ) ) ;
#4825 = CARTESIAN_POINT ( 'NONE',  ( 0.000000000000000000, 0.000000000000000000, 18.00000000000000000 ) ) ;
#4826 = DIRECTION ( 'NONE',  ( 1.000000000000000000, 0.000000000000000000, 0.000000000000000000 ) ) ;
#4827 = AXIS2_PLACEMENT_3D ( 'NONE', #682, #2970, #7389 ) ;
#4828 = ORIENTED_EDGE ( 'NONE', *, *, #5387, .T. ) ;
#4829 = ORIENTED_EDGE ( 'NONE', *, *, #2395, .F. ) ;
#4830 = CARTESIAN_POINT ( 'NONE',  ( 997.0000000000001137, 347.5000000000000000, 18.00000000000000000 ) ) ;
#4831 = CARTESIAN_POINT ( 'NONE',  ( 752.5000000000000000, 347.5000000000000000, 18.00000000000000000 ) ) ;
#4832 = DIRECTION ( 'NONE',  ( -1.000000000000000000, 0.000000000000000000, 0.000000000000000000 ) ) ;
#4833 = ADVANCED_FACE ( 'NONE', ( #3053 ), #8097, .F. ) ;
#4834 = CARTESIAN_POINT ( 'NONE',  ( 1226.499999999999773, 482.5000000000000000, 18.00000000000000000 ) ) ;
#4835 = DIRECTION ( 'NONE',  ( 0.000000000000000000, 0.000000000000000000, 1.000000000000000000 ) ) ;
#4836 =( GEOMETRIC_REPRESENTATION_CONTEXT ( 3 ) GLOBAL_UNCERTAINTY_ASSIGNED_CONTEXT ( ( #3092 ) ) GLOBAL_UNIT_ASSIGNED_CONTEXT ( ( #3765, #1777, #186 ) ) REPRESENTATION_CONTEXT ( 'NONE', 'WORKASPACE' ) );
#4837 = DIRECTION ( 'NONE',  ( -1.000000000000000000, 0.000000000000000000, 0.000000000000000000 ) ) ;
#4838 = EDGE_CURVE ( 'NONE', #4598, #5777, #6975, .T. ) ;
#4839 = EDGE_CURVE ( 'NONE', #7147, #8128, #715, .T. ) ;
#4840 = DIRECTION ( 'NONE',  ( 0.1713727001804919992, 0.9852062716166839484, -0.000000000000000000 ) ) ;
#4841 = DIRECTION ( 'NONE',  ( 0.000000000000000000, 0.000000000000000000, 1.000000000000000000 ) ) ;
#4842 = CARTESIAN_POINT ( 'NONE',  ( 42.00000000000000711, 55.00000000000000000, -3.000000000000001332 ) ) ;
#4843 = DIRECTION ( 'NONE',  ( 0.000000000000000000, 0.000000000000000000, -1.000000000000000000 ) ) ;
#4844 = CARTESIAN_POINT ( 'NONE',  ( 1500.000000000000000, 0.000000000000000000, 0.000000000000000000 ) ) ;
#4845 = DIRECTION ( 'NONE',  ( -1.000000000000000000, 0.000000000000000000, 0.000000000000000000 ) ) ;
#4846 = CARTESIAN_POINT ( 'NONE',  ( 1429.999999999999773, 485.5000000000001705, 18.00000000000000000 ) ) ;
#4847 = EDGE_CURVE ( 'NONE', #6291, #8995, #8578, .T. ) ;
#4848 = DIRECTION ( 'NONE',  ( 1.000000000000000000, -0.000000000000000000, 0.000000000000000000 ) ) ;
#4849 = CARTESIAN_POINT ( 'NONE',  ( -608.4999999999996589, 20.00000000000000000, -9.000000000000000000 ) ) ;
#4850 = DIRECTION ( 'NONE',  ( -0.000000000000000000, 1.000000000000000000, -0.000000000000000000 ) ) ;
#4851 =( NAMED_UNIT ( * ) SI_UNIT ( $, .STERADIAN. ) SOLID_ANGLE_UNIT ( ) );
#4852 = FACE_OUTER_BOUND ( 'NONE', #1661, .T. ) ;
#4853 = VECTOR ( 'NONE', #5617, 1000.000000000000000 ) ;
#4854 = VERTEX_POINT ( 'NONE', #6360 ) ;
#4855 = DIRECTION ( 'NONE',  ( 0.000000000000000000, 0.000000000000000000, 1.000000000000000000 ) ) ;
#4856 = DIRECTION ( 'NONE',  ( -0.000000000000000000, -0.000000000000000000, -1.000000000000000000 ) ) ;
#4857 = CARTESIAN_POINT ( 'NONE',  ( 1468.384776310850157, 665.8847763108501567, 11.99999999999999822 ) ) ;
#4858 = DIRECTION ( 'NONE',  ( -0.000000000000000000, -0.000000000000000000, -1.000000000000000000 ) ) ;
#4859 = DIRECTION ( 'NONE',  ( -0.000000000000000000, -0.000000000000000000, -1.000000000000000000 ) ) ;
#4860 = LINE ( 'NONE', #3340, #5310 ) ;
#4861 = EDGE_LOOP ( 'NONE', ( #982, #3122 ) ) ;
#4862 = ORIENTED_EDGE ( 'NONE', *, *, #7317, .F. ) ;
#4863 = AXIS2_PLACEMENT_3D ( 'NONE', #1645, #3204, #3078 ) ;
#4864 = ADVANCED_FACE ( 'NONE', ( #349 ), #2928, .F. ) ;
#4865 = EDGE_CURVE ( 'NONE', #6145, #593, #5012, .T. ) ;
#4866 = CARTESIAN_POINT ( 'NONE',  ( 308.0000000000001137, 627.5000000000001137, 18.00000000000000000 ) ) ;
#4867 = MANIFOLD_SOLID_BREP ( 'Cortar-Extruir4', #7059 ) ;
#4868 = DIRECTION ( 'NONE',  ( 0.000000000000000000, 0.000000000000000000, 1.000000000000000000 ) ) ;
#4869 = LINE ( 'NONE', #4697, #6003 ) ;
#4870 = CIRCLE ( 'NONE', #7649, 2.999999999999993783 ) ;
#4871 = VERTEX_POINT ( 'NONE', #2746 ) ;
#4872 = CARTESIAN_POINT ( 'NONE',  ( 1000.000000000000000, 347.5000000000000000, 18.00000000000000000 ) ) ;
#4873 = VERTEX_POINT ( 'NONE', #2067 ) ;
#4874 = DIRECTION ( 'NONE',  ( 0.000000000000000000, 0.000000000000000000, 1.000000000000000000 ) ) ;
#4875 = LINE ( 'NONE', #6907, #9240 ) ;
#4876 = CARTESIAN_POINT ( 'NONE',  ( 441.9999999999999432, 55.00000000000000000, 0.000000000000000000 ) ) ;
#4877 = EDGE_CURVE ( 'NONE', #7472, #4314, #3044, .T. ) ;
#4878 = FACE_OUTER_BOUND ( 'NONE', #681, .T. ) ;
#4879 = CYLINDRICAL_SURFACE ( 'NONE', #5294, 3.000000000000002665 ) ;
#4880 = ORIENTED_EDGE ( 'NONE', *, *, #169, .F. ) ;
#4881 = AXIS2_PLACEMENT_3D ( 'NONE', #2280, #1650, #1594 ) ;
#4882 = ORIENTED_EDGE ( 'NONE', *, *, #9166, .F. ) ;
#4883 = DIRECTION ( 'NONE',  ( -1.000000000000000000, 0.000000000000000000, 0.000000000000000000 ) ) ;
#4884 = VECTOR ( 'NONE', #8527, 1000.000000000000000 ) ;
#4885 = DIRECTION ( 'NONE',  ( 0.000000000000000000, 1.000000000000000000, 0.000000000000000000 ) ) ;
#4886 = PRODUCT_CONTEXT ( 'NONE', #1875, 'mechanical' ) ;
#4887 = CIRCLE ( 'NONE', #5132, 2.499999999999946709 ) ;
#4888 = DIRECTION ( 'NONE',  ( -0.000000000000000000, 1.000000000000000000, -0.000000000000000000 ) ) ;
#4889 = DIRECTION ( 'NONE',  ( 1.000000000000000000, 0.000000000000000000, -0.000000000000000000 ) ) ;
#4890 = FACE_BOUND ( 'NONE', #9481, .T. ) ;
#4891 = CYLINDRICAL_SURFACE ( 'NONE', #2628, 2.999999999999994671 ) ;
#4892 = ORIENTED_EDGE ( 'NONE', *, *, #2389, .F. ) ;
#4893 = ORIENTED_EDGE ( 'NONE', *, *, #4545, .T. ) ;
#4894 = CARTESIAN_POINT ( 'NONE',  ( 0.000000000000000000, 80.00000000000000000, 18.00000000000000000 ) ) ;
#4895 = VERTEX_POINT ( 'NONE', #7839 ) ;
#4896 = DIRECTION ( 'NONE',  ( 0.000000000000000000, 0.000000000000000000, 1.000000000000000000 ) ) ;
#4897 = VECTOR ( 'NONE', #7417, 1000.000000000000227 ) ;
#4898 =( GEOMETRIC_REPRESENTATION_CONTEXT ( 3 ) GLOBAL_UNCERTAINTY_ASSIGNED_CONTEXT ( ( #9293 ) ) GLOBAL_UNIT_ASSIGNED_CONTEXT ( ( #5976, #139, #3819 ) ) REPRESENTATION_CONTEXT ( 'NONE', 'WORKASPACE' ) );
#4899 = ORIENTED_EDGE ( 'NONE', *, *, #6756, .F. ) ;
#4900 = EDGE_CURVE ( 'NONE', #1442, #1427, #477, .T. ) ;
#4901 = CARTESIAN_POINT ( 'NONE',  ( 1450.000000000000000, 647.5000000000000000, 18.00000000000000000 ) ) ;
#4902 = EDGE_CURVE ( 'NONE', #2313, #4483, #8208, .T. ) ;
#4903 = FACE_OUTER_BOUND ( 'NONE', #1206, .T. ) ;
#4904 = LINE ( 'NONE', #4304, #826 ) ;
#4905 = EDGE_LOOP ( 'NONE', ( #3753, #2916, #6526, #2670 ) ) ;
#4906 = EDGE_LOOP ( 'NONE', ( #7616, #1670, #5488, #371 ) ) ;
#4907 = DIRECTION ( 'NONE',  ( -0.000000000000000000, -0.000000000000000000, -1.000000000000000000 ) ) ;
#4908 = ORIENTED_EDGE ( 'NONE', *, *, #2222, .T. ) ;
#4909 = CARTESIAN_POINT ( 'NONE',  ( 0.000000000000000000, 0.000000000000000000, 18.00000000000000000 ) ) ;
#4910 = FACE_OUTER_BOUND ( 'NONE', #2200, .T. ) ;
#4911 = DIRECTION ( 'NONE',  ( 0.000000000000000000, 0.000000000000000000, -1.000000000000000000 ) ) ;
#4912 = CARTESIAN_POINT ( 'NONE',  ( 1432.999999999999318, 347.5000000000000000, 18.00000000000000000 ) ) ;
#4913 = DIRECTION ( 'NONE',  ( 1.000000000000000000, 0.000000000000000000, 0.000000000000000000 ) ) ;
#4914 = EDGE_CURVE ( 'NONE', #6006, #9020, #9138, .T. ) ;
#4915 = CARTESIAN_POINT ( 'NONE',  ( 1423.129942314910977, 74.37005768508863923, 0.000000000000000000 ) ) ;
#4916 = AXIS2_PLACEMENT_3D ( 'NONE', #4715, #6888, #260 ) ;
#4917 = FACE_OUTER_BOUND ( 'NONE', #2716, .T. ) ;
#4918 = EDGE_LOOP ( 'NONE', ( #1872, #7639, #4550, #2734, #6157, #1761, #7096, #6144 ) ) ;
#4919 = LINE ( 'NONE', #1226, #1671 ) ;
#4920 = VERTEX_POINT ( 'NONE', #2682 ) ;
#4921 = LINE ( 'NONE', #4025, #1676 ) ;
#4922 = EDGE_CURVE ( 'NONE', #7754, #807, #8687, .T. ) ;
#4923 = ADVANCED_FACE ( 'NONE', ( #2691 ), #9380, .F. ) ;
#4924 = CARTESIAN_POINT ( 'NONE',  ( 750.0000000000000000, 482.5000000000000000, 18.00000000000000000 ) ) ;
#4925 = CARTESIAN_POINT ( 'NONE',  ( 421.0000000000000568, 55.00000000000000000, 9.000000000000000000 ) ) ;
#4926 = APPLICATION_CONTEXT ( 'automotive_design' ) ;
#4927 = ORIENTED_EDGE ( 'NONE', *, *, #5408, .F. ) ;
#4928 = CIRCLE ( 'NONE', #630, 3.000000000000000888 ) ;
#4929 = VERTEX_POINT ( 'NONE', #8044 ) ;
#4930 = VERTEX_POINT ( 'NONE', #5140 ) ;
#4931 = VERTEX_POINT ( 'NONE', #3671 ) ;
#4932 = LINE ( 'NONE', #6109, #1454 ) ;
#4933 = DIRECTION ( 'NONE',  ( 0.7071067811865435759, -0.7071067811865515695, 0.000000000000000000 ) ) ;
#4934 = AXIS2_PLACEMENT_3D ( 'NONE', #2621, #7869, #1152 ) ;
#4935 = DIRECTION ( 'NONE',  ( 1.000000000000000000, 0.000000000000000000, 0.000000000000000000 ) ) ;
#4936 = DIRECTION ( 'NONE',  ( 0.000000000000000000, 0.000000000000000000, 1.000000000000000000 ) ) ;
#4937 = ADVANCED_FACE ( 'NONE', ( #2224 ), #3573, .T. ) ;
#4938 = PRODUCT_DEFINITION_SHAPE ( 'NONE', 'NONE',  #9583 ) ;
#4939 = LINE ( 'NONE', #5032, #978 ) ;
#4940 = EDGE_LOOP ( 'NONE', ( #1881, #1047, #5610, #7333 ) ) ;
#4941 = ORIENTED_EDGE ( 'NONE', *, *, #8975, .T. ) ;
#4942 = ORIENTED_EDGE ( 'NONE', *, *, #3472, .T. ) ;
#4943 = AXIS2_PLACEMENT_3D ( 'NONE', #8149, #6636, #8897 ) ;
#4944 = DIRECTION ( 'NONE',  ( 1.000000000000000000, 0.000000000000000000, 0.000000000000000000 ) ) ;
#4945 = CARTESIAN_POINT ( 'NONE',  ( 1426.999999999999773, 517.5000000000001137, 0.000000000000000000 ) ) ;
#4946 = CARTESIAN_POINT ( 'NONE',  ( 110.8111831820434645, 99.82590180780547939, 11.99999999999999822 ) ) ;
#4947 = EDGE_LOOP ( 'NONE', ( #6673, #3076 ) ) ;
#4948 = ORIENTED_EDGE ( 'NONE', *, *, #1420, .F. ) ;
#4949 = DIRECTION ( 'NONE',  ( 0.000000000000000000, 1.000000000000000000, 0.000000000000000000 ) ) ;
#4950 = ORIENTED_EDGE ( 'NONE', *, *, #9166, .T. ) ;
#4951 = PLANE ( 'NONE',  #1665 ) ;
#4952 = DIRECTION ( 'NONE',  ( -0.000000000000000000, -0.000000000000000000, -1.000000000000000000 ) ) ;
#4953 = AXIS2_PLACEMENT_3D ( 'NONE', #1353, #7926, #5762 ) ;
#4954 = AXIS2_PLACEMENT_3D ( 'NONE', #4021, #6361, #7131 ) ;
#4955 = EDGE_CURVE ( 'NONE', #6039, #1095, #7432, .T. ) ;
#4956 = CARTESIAN_POINT ( 'NONE',  ( 753.0000000000000000, 177.4999999999999716, 18.00000000000000000 ) ) ;
#4957 = FILL_AREA_STYLE_COLOUR ( '', #2075 ) ;
#4958 = EDGE_CURVE ( 'NONE', #3766, #3876, #7095, .T. ) ;
#4959 = CARTESIAN_POINT ( 'NONE',  ( 132.0000000000000000, 24.00000000000000000, -9.000000000000000000 ) ) ;
#4960 = DIRECTION ( 'NONE',  ( 0.000000000000000000, 0.000000000000000000, 1.000000000000000000 ) ) ;
#4961 = ADVANCED_FACE ( 'NONE', ( #2564 ), #5126, .F. ) ;
#4962 = EDGE_CURVE ( 'NONE', #9564, #1668, #4434, .T. ) ;
#4963 = AXIS2_PLACEMENT_3D ( 'NONE', #637, #1422, #4340 ) ;
#4964 = CARTESIAN_POINT ( 'NONE',  ( 921.0000000000000000, 55.00000000000000000, 9.000000000000000000 ) ) ;
#4965 = LINE ( 'NONE', #1037, #5418 ) ;
#4966 = DIRECTION ( 'NONE',  ( -1.000000000000000000, 0.000000000000000000, -0.000000000000000000 ) ) ;
#4967 = CARTESIAN_POINT ( 'NONE',  ( 70.00000000000014211, 389.5000000000000568, 18.00000000000000000 ) ) ;
#4968 = CONTEXT_DEPENDENT_SHAPE_REPRESENTATION ( #7171, #2268 ) ;
#4969 = CARTESIAN_POINT ( 'NONE',  ( 1446.000000000000000, 647.5000000000000000, 11.99999999999999822 ) ) ;
#4970 = ADVANCED_FACE ( 'NONE', ( #5466, #233, #7882 ), #3684, .F. ) ;
#4971 = CARTESIAN_POINT ( 'NONE',  ( 921.0000000000000000, 55.00000000000000000, 12.00000000000004796 ) ) ;
#4972 = VECTOR ( 'NONE', #1055, 1000.000000000000000 ) ;
#4973 = ORIENTED_EDGE ( 'NONE', *, *, #7488, .T. ) ;
#4974 = EDGE_LOOP ( 'NONE', ( #1334, #9170, #7421, #1135, #6648 ) ) ;
#4975 = EDGE_CURVE ( 'NONE', #1917, #7003, #4904, .T. ) ;
#4976 = DIRECTION ( 'NONE',  ( -1.000000000000000000, 0.000000000000000000, 0.000000000000000000 ) ) ;
#4977 = SHAPE_DEFINITION_REPRESENTATION ( #2132, #7132 ) ;
#4978 = CYLINDRICAL_SURFACE ( 'NONE', #3674, 2.499999999999946709 ) ;
#4979 = CYLINDRICAL_SURFACE ( 'NONE', #6788, 2.999999999999891642 ) ;
#4980 = ORIENTED_EDGE ( 'NONE', *, *, #6536, .T. ) ;
#4981 = CARTESIAN_POINT ( 'NONE',  ( 25.00000000000000000, 56.00000000000000000, 12.00000000000000000 ) ) ;
#4982 = ORIENTED_EDGE ( 'NONE', *, *, #8645, .T. ) ;
#4983 = LINE ( 'NONE', #3113, #6827 ) ;
#4984 = CARTESIAN_POINT ( 'NONE',  ( 1317.500000000000000, 659.5000000000000000, 18.00000000000000000 ) ) ;
#4985 = DIRECTION ( 'NONE',  ( -0.000000000000000000, -1.000000000000000000, -0.000000000000000000 ) ) ;
#4986 = DIRECTION ( 'NONE',  ( 0.000000000000000000, 0.000000000000000000, 1.000000000000000000 ) ) ;
#4987 = FACE_BOUND ( 'NONE', #3270, .T. ) ;
#4988 = AXIS2_PLACEMENT_3D ( 'NONE', #1118, #8506, #6257 ) ;
#4989 = CIRCLE ( 'NONE', #8017, 6.000000000000227374 ) ;
#4990 = LINE ( 'NONE', #5596, #8184 ) ;
#4991 = VERTEX_POINT ( 'NONE', #5172 ) ;
#4992 = ORIENTED_EDGE ( 'NONE', *, *, #5041, .F. ) ;
#4993 = CARTESIAN_POINT ( 'NONE',  ( 0.000000000000000000, 695.0000000000000000, 18.00000000000000000 ) ) ;
#4994 = COLOUR_RGB ( '',1.000000000000000000, 1.000000000000000000, 1.000000000000000000 ) ;
#4995 = DIRECTION ( 'NONE',  ( 1.000000000000000000, 0.000000000000000000, 0.000000000000000000 ) ) ;
#4996 = VECTOR ( 'NONE', #5251, 1000.000000000000000 ) ;
#4997 = DIRECTION ( 'NONE',  ( -0.000000000000000000, 1.000000000000000000, -0.000000000000000000 ) ) ;
#4998 = VECTOR ( 'NONE', #1407, 1000.000000000000000 ) ;
#4999 = DIRECTION ( 'NONE',  ( -0.000000000000000000, -0.000000000000000000, -1.000000000000000000 ) ) ;
#5000 = FACE_OUTER_BOUND ( 'NONE', #1660, .T. ) ;
#5001 = VERTEX_POINT ( 'NONE', #1485 ) ;
#5002 = ORIENTED_EDGE ( 'NONE', *, *, #1168, .F. ) ;
#5003 = EDGE_LOOP ( 'NONE', ( #3537, #938, #5269, #3077 ) ) ;
#5004 = CYLINDRICAL_SURFACE ( 'NONE', #3658, 3.000000000000000888 ) ;
#5005 = ORIENTED_EDGE ( 'NONE', *, *, #4017, .T. ) ;
#5006 = AXIS2_PLACEMENT_3D ( 'NONE', #1854, #9172, #4730 ) ;
#5007 = EDGE_CURVE ( 'NONE', #7235, #3555, #5926, .T. ) ;
#5008 = ADVANCED_FACE ( 'NONE', ( #4 ), #7650, .F. ) ;
#5009 = CARTESIAN_POINT ( 'NONE',  ( -266.4999999999998863, 80.00000000000000000, 9.000000000000000000 ) ) ;
#5010 = CIRCLE ( 'NONE', #99, 3.000000000000002665 ) ;
#5011 = DIRECTION ( 'NONE',  ( -0.000000000000000000, -0.000000000000000000, -1.000000000000000000 ) ) ;
#5012 = CIRCLE ( 'NONE', #4553, 2.999999999999891642 ) ;
#5013 = VERTEX_POINT ( 'NONE', #5110 ) ;
#5014 = ORIENTED_EDGE ( 'NONE', *, *, #6435, .F. ) ;
#5015 = CARTESIAN_POINT ( 'NONE',  ( 750.0000000000000000, 517.5000000000000000, 18.00000000000000000 ) ) ;
#5016 = ORIENTED_EDGE ( 'NONE', *, *, #96, .F. ) ;
#5017 = LINE ( 'NONE', #1521, #4666 ) ;
#5018 = SURFACE_STYLE_USAGE ( .BOTH. , #9425 ) ;
#5019 = DIRECTION ( 'NONE',  ( 0.7071067811865514585, -0.7071067811865435759, 0.000000000000000000 ) ) ;
#5020 = ADVANCED_FACE ( 'NONE', ( #6270 ), #1768, .F. ) ;
#5021 = LINE ( 'NONE', #909, #8451 ) ;
#5022 = DIRECTION ( 'NONE',  ( 0.000000000000000000, 0.000000000000000000, 1.000000000000000000 ) ) ;
#5023 = EDGE_LOOP ( 'NONE', ( #5401, #3783 ) ) ;
#5024 = CIRCLE ( 'NONE', #7966, 2.500000000000002220 ) ;
#5025 = AXIS2_PLACEMENT_3D ( 'NONE', #6669, #1577, #8181 ) ;
#5026 = PRESENTATION_LAYER_ASSIGNMENT (  '', '', ( #6680 ) ) ;
#5027 = ORIENTED_EDGE ( 'NONE', *, *, #4771, .F. ) ;
#5028 = EDGE_CURVE ( 'NONE', #3945, #5504, #8328, .T. ) ;
#5029 = DIRECTION ( 'NONE',  ( 0.7071067811865435759, -0.7071067811865514585, 0.000000000000000000 ) ) ;
#5030 = FACE_OUTER_BOUND ( 'NONE', #1552, .T. ) ;
#5031 = AXIS2_PLACEMENT_3D ( 'NONE', #1993, #3559, #542 ) ;
#5032 = CARTESIAN_POINT ( 'NONE',  ( 1189.000000000000000, 627.5000000000001137, 18.00000000000000000 ) ) ;
#5033 = ORIENTED_EDGE ( 'NONE', *, *, #6708, .F. ) ;
#5034 = ORIENTED_EDGE ( 'NONE', *, *, #6431, .F. ) ;
#5035 = ORIENTED_EDGE ( 'NONE', *, *, #9285, .T. ) ;
#5036 = ORIENTED_EDGE ( 'NONE', *, *, #1925, .T. ) ;
#5037 = DIRECTION ( 'NONE',  ( -1.000000000000000000, 0.000000000000000000, 0.000000000000000000 ) ) ;
#5038 = ORIENTED_EDGE ( 'NONE', *, *, #7664, .T. ) ;
#5039 = VECTOR ( 'NONE', #6283, 1000.000000000000000 ) ;
#5040 = CARTESIAN_POINT ( 'NONE',  ( 273.5000000000001137, 627.5000000000001137, 0.000000000000000000 ) ) ;
#5041 = EDGE_CURVE ( 'NONE', #1806, #45, #2802, .T. ) ;
#5042 = DIRECTION ( 'NONE',  ( -0.000000000000000000, 1.000000000000000000, -0.000000000000000000 ) ) ;
#5043 = ORIENTED_EDGE ( 'NONE', *, *, #577, .F. ) ;
#5044 = CIRCLE ( 'NONE', #761, 2.499999999999946709 ) ;
#5045 = ORIENTED_EDGE ( 'NONE', *, *, #7993, .T. ) ;
#5046 = ORIENTED_EDGE ( 'NONE', *, *, #7380, .F. ) ;
#5047 = EDGE_CURVE ( 'NONE', #8962, #1176, #5698, .T. ) ;
#5048 = ORIENTED_EDGE ( 'NONE', *, *, #3719, .F. ) ;
#5049 = ORIENTED_EDGE ( 'NONE', *, *, #2379, .T. ) ;
#5050 = DIRECTION ( 'NONE',  ( 1.000000000000000000, 0.000000000000000000, 0.000000000000000000 ) ) ;
#5051 = CARTESIAN_POINT ( 'NONE',  ( 0.000000000000000000, 18.00000000000000000, 170.0000000000000000 ) ) ;
#5052 = DIRECTION ( 'NONE',  ( -1.000000000000000000, 0.000000000000000000, 0.000000000000000000 ) ) ;
#5053 = ORIENTED_EDGE ( 'NONE', *, *, #4387, .T. ) ;
#5054 = VERTEX_POINT ( 'NONE', #7468 ) ;
#5055 = DIRECTION ( 'NONE',  ( 0.000000000000000000, 1.000000000000000000, 0.000000000000000000 ) ) ;
#5056 = AXIS2_PLACEMENT_3D ( 'NONE', #1425, #658, #5871 ) ;
#5057 = EDGE_LOOP ( 'NONE', ( #5685, #5801 ) ) ;
#5058 = EDGE_CURVE ( 'NONE', #2008, #9459, #2005, .T. ) ;
#5059 = DIRECTION ( 'NONE',  ( -0.000000000000000000, 1.000000000000000000, -0.000000000000000000 ) ) ;
#5060 = CARTESIAN_POINT ( 'NONE',  ( 747.0000000000000000, 177.4999999999999716, 18.00000000000000000 ) ) ;
#5061 = DIRECTION ( 'NONE',  ( 1.000000000000000000, 0.000000000000000000, 0.000000000000000000 ) ) ;
#5062 = ADVANCED_FACE ( 'NONE', ( #1539 ), #8443, .F. ) ;
#5063 = VERTEX_POINT ( 'NONE', #8964 ) ;
#5064 = ORIENTED_EDGE ( 'NONE', *, *, #674, .F. ) ;
#5065 = DIRECTION ( 'NONE',  ( 1.000000000000000000, 0.000000000000000000, 0.000000000000000000 ) ) ;
#5066 = CARTESIAN_POINT ( 'NONE',  ( 750.0000000000000000, 627.5000000000000000, 0.000000000000000000 ) ) ;
#5067 = EDGE_CURVE ( 'NONE', #2714, #4854, #3164, .T. ) ;
#5068 = AXIS2_PLACEMENT_3D ( 'NONE', #4872, #4134, #9308 ) ;
#5069 = ADVANCED_FACE ( 'NONE', ( #4773 ), #1558, .T. ) ;
#5070 = CARTESIAN_POINT ( 'NONE',  ( 170.0000000000000000, 55.00000000000000000, 2.999999999999994671 ) ) ;
#5071 = CARTESIAN_POINT ( 'NONE',  ( 752.5000000000000000, 482.5000000000000000, 18.00000000000000000 ) ) ;
#5072 = PLANE ( 'NONE',  #2143 ) ;
#5073 = CARTESIAN_POINT ( 'NONE',  ( 54.00000000000001421, 47.49999999999998579, 18.00000000000000000 ) ) ;
#5074 = EDGE_CURVE ( 'NONE', #3626, #3304, #6505, .T. ) ;
#5075 = CARTESIAN_POINT ( 'NONE',  ( 63.09449189287384741, 0.000000000000000000, 31.00000000000000000 ) ) ;
#5076 = CARTESIAN_POINT ( 'NONE',  ( 31.61522368914975445, 29.11522368914955905, 11.99999999999999822 ) ) ;
#5077 = EDGE_CURVE ( 'NONE', #4584, #6763, #1309, .T. ) ;
#5078 = FILL_AREA_STYLE ('',( #4342 ) ) ;
#5079 = DIRECTION ( 'NONE',  ( 0.000000000000000000, 1.000000000000000000, 0.000000000000000000 ) ) ;
#5080 = CARTESIAN_POINT ( 'NONE',  ( 276.0000000000001137, 212.4999999999999716, 18.00000000000000000 ) ) ;
#5081 = FACE_OUTER_BOUND ( 'NONE', #5273, .T. ) ;
#5082 = EDGE_LOOP ( 'NONE', ( #8005, #4303, #8978, #6292 ) ) ;
#5083 = ORIENTED_EDGE ( 'NONE', *, *, #1851, .F. ) ;
#5084 = EDGE_CURVE ( 'NONE', #3782, #7996, #8805, .T. ) ;
#5085 = AXIS2_PLACEMENT_3D ( 'NONE', #4198, #4949, #9465 ) ;
#5086 = ORIENTED_EDGE ( 'NONE', *, *, #2334, .F. ) ;
#5087 = CIRCLE ( 'NONE', #6997, 3.000000000000002665 ) ;
#5088 = EDGE_LOOP ( 'NONE', ( #9163, #1312 ) ) ;
#5089 = DIRECTION ( 'NONE',  ( 1.000000000000000000, 0.000000000000000000, 0.000000000000000000 ) ) ;
#5090 = EDGE_CURVE ( 'NONE', #5447, #5777, #944, .T. ) ;
#5091 = EDGE_LOOP ( 'NONE', ( #5832, #3492, #7566, #8533 ) ) ;
#5092 = CARTESIAN_POINT ( 'NONE',  ( 1317.000000000000227, 24.00000000000000000, 9.000000000000000000 ) ) ;
#5093 = CARTESIAN_POINT ( 'NONE',  ( 42.00000000000000711, 55.00000000000000000, 0.000000000000000000 ) ) ;
#5094 = ADVANCED_FACE ( 'NONE', ( #2321 ), #3729, .F. ) ;
#5095 = FACE_OUTER_BOUND ( 'NONE', #6715, .T. ) ;
#5096 = CIRCLE ( 'NONE', #2709, 3.000000000000113687 ) ;
#5097 = DIRECTION ( 'NONE',  ( -0.000000000000000000, -0.000000000000000000, -1.000000000000000000 ) ) ;
#5098 = ORIENTED_EDGE ( 'NONE', *, *, #3430, .F. ) ;
#5099 = ORIENTED_EDGE ( 'NONE', *, *, #3883, .F. ) ;
#5100 = AXIS2_PLACEMENT_3D ( 'NONE', #3473, #8512, #1230 ) ;
#5101 = DIRECTION ( 'NONE',  ( -0.000000000000000000, 1.000000000000000000, -0.000000000000000000 ) ) ;
#5102 = CYLINDRICAL_SURFACE ( 'NONE', #5750, 4.000000000000003553 ) ;
#5103 = CARTESIAN_POINT ( 'NONE',  ( 190.0750793453590006, 730.0000000000000000, 0.000000000000000000 ) ) ;
#5104 = DIRECTION ( 'NONE',  ( -0.000000000000000000, -0.000000000000000000, -1.000000000000000000 ) ) ;
#5105 = FACE_OUTER_BOUND ( 'NONE', #506, .T. ) ;
#5106 = DIRECTION ( 'NONE',  ( 0.000000000000000000, 0.000000000000000000, -1.000000000000000000 ) ) ;
#5107 = LINE ( 'NONE', #5555, #3140 ) ;
#5108 = LINE ( 'NONE', #5415, #6369 ) ;
#5109 = ORIENTED_EDGE ( 'NONE', *, *, #1802, .T. ) ;
#5110 = CARTESIAN_POINT ( 'NONE',  ( 1316.999999999999773, 627.5000000000000000, 18.00000000000000000 ) ) ;
#5111 = VERTEX_POINT ( 'NONE', #3106 ) ;
#5112 = ADVANCED_FACE ( 'NONE', ( #7872 ), #1994, .F. ) ;
#5113 = VECTOR ( 'NONE', #1705, 1000.000000000000000 ) ;
#5114 = AXIS2_PLACEMENT_3D ( 'NONE', #4185, #3432, #9329 ) ;
#5115 = DIRECTION ( 'NONE',  ( -1.000000000000000000, -0.000000000000000000, -0.000000000000000000 ) ) ;
#5116 = CYLINDRICAL_SURFACE ( 'NONE', #4916, 3.000000000000002665 ) ;
#5117 = LINE ( 'NONE', #7635, #3624 ) ;
#5118 = ORIENTED_EDGE ( 'NONE', *, *, #8843, .F. ) ;
#5119 = ORIENTED_EDGE ( 'NONE', *, *, #2572, .T. ) ;
#5120 = ORIENTED_EDGE ( 'NONE', *, *, #874, .F. ) ;
#5121 = FACE_OUTER_BOUND ( 'NONE', #2905, .T. ) ;
#5122 = EDGE_LOOP ( 'NONE', ( #3060, #833, #7946, #6306 ) ) ;
#5123 = DIRECTION ( 'NONE',  ( 0.000000000000000000, 0.000000000000000000, 1.000000000000000000 ) ) ;
#5124 = CARTESIAN_POINT ( 'NONE',  ( -208.5000000000001421, 20.00000000000000000, -9.000000000000000000 ) ) ;
#5125 = CYLINDRICAL_SURFACE ( 'NONE', #2610, 2.499999999999946709 ) ;
#5126 = CYLINDRICAL_SURFACE ( 'NONE', #8562, 3.000000000000002665 ) ;
#5127 = ORIENTED_EDGE ( 'NONE', *, *, #4376, .F. ) ;
#5128 = ORIENTED_EDGE ( 'NONE', *, *, #3787, .T. ) ;
#5129 = ORIENTED_EDGE ( 'NONE', *, *, #9307, .F. ) ;
#5130 = DIRECTION ( 'NONE',  ( 0.000000000000000000, 0.000000000000000000, 1.000000000000000000 ) ) ;
#5131 = VECTOR ( 'NONE', #6569, 1000.000000000000000 ) ;
#5132 = AXIS2_PLACEMENT_3D ( 'NONE', #6678, #2161, #4461 ) ;
#5133 = CARTESIAN_POINT ( 'NONE',  ( -138.0000000000000000, 56.00000000000001421, -9.000000000000000000 ) ) ;
#5134 = FACE_OUTER_BOUND ( 'NONE', #37, .T. ) ;
#5135 = ORIENTED_EDGE ( 'NONE', *, *, #3356, .T. ) ;
#5136 = CYLINDRICAL_SURFACE ( 'NONE', #4159, 3.000000000000002665 ) ;
#5137 = ORIENTED_EDGE ( 'NONE', *, *, #6574, .T. ) ;
#5138 = LINE ( 'NONE', #9199, #4109 ) ;
#5139 = DIRECTION ( 'NONE',  ( 1.000000000000000000, 0.000000000000000000, 0.000000000000000000 ) ) ;
#5140 = CARTESIAN_POINT ( 'NONE',  ( 1317.000000000000227, 56.00000000000000000, 12.00000000000000178 ) ) ;
#5141 = CARTESIAN_POINT ( 'NONE',  ( 1317.000000000000227, 24.00000000000000000, 12.00000000000000000 ) ) ;
#5142 = CARTESIAN_POINT ( 'NONE',  ( 1429.999999999999773, 485.5000000000001705, 0.000000000000000000 ) ) ;
#5143 = AXIS2_PLACEMENT_3D ( 'NONE', #8043, #2869, #734 ) ;
#5144 = ORIENTED_EDGE ( 'NONE', *, *, #7053, .F. ) ;
#5145 = EDGE_CURVE ( 'NONE', #9140, #3766, #5574, .T. ) ;
#5146 = CARTESIAN_POINT ( 'NONE',  ( 1452.500000000000000, 583.4999999999998863, 18.00000000000000000 ) ) ;
#5147 = CIRCLE ( 'NONE', #6269, 3.000000000000000000 ) ;
#5148 = ORIENTED_EDGE ( 'NONE', *, *, #7696, .F. ) ;
#5149 = ORIENTED_EDGE ( 'NONE', *, *, #1204, .T. ) ;
#5150 = DIRECTION ( 'NONE',  ( 0.000000000000000000, 0.000000000000000000, 1.000000000000000000 ) ) ;
#5151 = EDGE_LOOP ( 'NONE', ( #625, #2566, #8049, #617 ) ) ;
#5152 = CYLINDRICAL_SURFACE ( 'NONE', #3682, 3.000000000000047962 ) ;
#5153 = AXIS2_PLACEMENT_3D ( 'NONE', #6672, #9533, #9498 ) ;
#5154 = CARTESIAN_POINT ( 'NONE',  ( 1317.000000000000227, 56.00000000000000000, 9.000000000000000000 ) ) ;
#5155 = CIRCLE ( 'NONE', #5594, 3.000000000000000888 ) ;
#5156 = VERTEX_POINT ( 'NONE', #3174 ) ;
#5157 = ORIENTED_EDGE ( 'NONE', *, *, #410, .T. ) ;
#5158 = DIRECTION ( 'NONE',  ( 1.000000000000000000, 0.000000000000000000, 0.000000000000000000 ) ) ;
#5159 = EDGE_CURVE ( 'NONE', #5063, #5843, #1880, .T. ) ;
#5160 = EDGE_LOOP ( 'NONE', ( #7392, #6847 ) ) ;
#5161 = VERTEX_POINT ( 'NONE', #8295 ) ;
#5162 = ADVANCED_FACE ( 'NONE', ( #4078 ), #5222, .F. ) ;
#5163 = CARTESIAN_POINT ( 'NONE',  ( 750.0000000000000000, 482.5000000000000000, 18.00000000000000000 ) ) ;
#5164 = UNCERTAINTY_MEASURE_WITH_UNIT (LENGTH_MEASURE( 1.000000000000000082E-05 ), #2847, 'distance_accuracy_value', 'NONE');
#5165 = VERTEX_POINT ( 'NONE', #6098 ) ;
#5166 = CARTESIAN_POINT ( 'NONE',  ( 1319.999999999999773, 67.50000000000000000, 18.00000000000000000 ) ) ;
#5167 =( GEOMETRIC_REPRESENTATION_CONTEXT ( 3 ) GLOBAL_UNCERTAINTY_ASSIGNED_CONTEXT ( ( #8588 ) ) GLOBAL_UNIT_ASSIGNED_CONTEXT ( ( #4141, #6261, #4822 ) ) REPRESENTATION_CONTEXT ( 'NONE', 'WORKASPACE' ) );
#5168 = CARTESIAN_POINT ( 'NONE',  ( -666.5000000000002274, 0.000000000000000000, 9.000000000000000000 ) ) ;
#5169 = AXIS2_PLACEMENT_3D ( 'NONE', #1709, #3127, #8960 ) ;
#5170 = DIRECTION ( 'NONE',  ( 1.000000000000000000, 0.000000000000000000, 0.000000000000000000 ) ) ;
#5171 = EDGE_LOOP ( 'NONE', ( #4908, #5831 ) ) ;
#5172 = CARTESIAN_POINT ( 'NONE',  ( 747.5000000000000000, 67.50000000000000000, 0.000000000000000000 ) ) ;
#5173 = CARTESIAN_POINT ( 'NONE',  ( 0.000000000000000000, 80.00000000000000000, 0.000000000000000000 ) ) ;
#5174 = CARTESIAN_POINT ( 'NONE',  ( 750.0000000000000000, 627.5000000000000000, 18.00000000000000000 ) ) ;
#5175 = CARTESIAN_POINT ( 'NONE',  ( 1450.000000000000000, 647.5000000000000000, 0.000000000000000000 ) ) ;
#5176 = DIRECTION ( 'NONE',  ( -0.000000000000000000, -0.000000000000000000, 1.000000000000000000 ) ) ;
#5177 = AXIS2_PLACEMENT_3D ( 'NONE', #297, #8449, #4686 ) ;
#5178 = EDGE_CURVE ( 'NONE', #5718, #5645, #8902, .T. ) ;
#5179 = CARTESIAN_POINT ( 'NONE',  ( 47.49999999999997158, 111.5000000000000426, 18.00000000000000000 ) ) ;
#5180 = CARTESIAN_POINT ( 'NONE',  ( 570.0000000000000000, 80.00000000000000000, 3.000000000000047962 ) ) ;
#5181 = CYLINDRICAL_SURFACE ( 'NONE', #8776, 3.000000000000197176 ) ;
#5182 = ADVANCED_FACE ( 'NONE', ( #6955 ), #9491, .F. ) ;
#5183 = CARTESIAN_POINT ( 'NONE',  ( -608.4999999999996589, 20.00000000000000000, -9.000000000000000000 ) ) ;
#5184 = CARTESIAN_POINT ( 'NONE',  ( 132.0000000000000000, 56.00000000000001421, -9.000000000000000000 ) ) ;
#5185 = CONTEXT_DEPENDENT_SHAPE_REPRESENTATION ( #1252, #6312 ) ;
#5186 = CARTESIAN_POINT ( 'NONE',  ( 1223.999999999999773, 347.5000000000000000, 18.00000000000000000 ) ) ;
#5187 = CARTESIAN_POINT ( 'NONE',  ( 6.255180600960847492, 1.176131348680805580E-17, 1.614108343103369350E-15 ) ) ;
#5188 = AXIS2_PLACEMENT_3D ( 'NONE', #4607, #2408, #5283 ) ;
#5189 =( GEOMETRIC_REPRESENTATION_CONTEXT ( 3 ) GLOBAL_UNCERTAINTY_ASSIGNED_CONTEXT ( ( #5164 ) ) GLOBAL_UNIT_ASSIGNED_CONTEXT ( ( #2847, #1742, #290 ) ) REPRESENTATION_CONTEXT ( 'NONE', 'WORKASPACE' ) );
#5190 = EDGE_CURVE ( 'NONE', #1151, #38, #3002, .T. ) ;
#5191 = FACE_OUTER_BOUND ( 'NONE', #5361, .T. ) ;
#5192 = VERTEX_POINT ( 'NONE', #3133 ) ;
#5193 = CARTESIAN_POINT ( 'NONE',  ( 102.3259018078048257, 108.3111831820440472, 11.99999999999999822 ) ) ;
#5194 = EDGE_LOOP ( 'NONE', ( #6860, #7427, #1092, #6551 ) ) ;
#5195 = DIRECTION ( 'NONE',  ( -0.000000000000000000, -0.000000000000000000, -1.000000000000000000 ) ) ;
#5196 = EDGE_CURVE ( 'NONE', #5679, #4929, #9371, .T. ) ;
#5197 = ADVANCED_FACE ( 'NONE', ( #5914 ), #7320, .F. ) ;
#5198 = CARTESIAN_POINT ( 'NONE',  ( 0.000000000000000000, 0.000000000000000000, 31.00000000000000000 ) ) ;
#5199 = DIRECTION ( 'NONE',  ( 1.000000000000000000, 0.000000000000000000, 0.000000000000000000 ) ) ;
#5200 = DIRECTION ( 'NONE',  ( -1.000000000000000000, 0.000000000000000000, 0.000000000000000000 ) ) ;
#5201 = CIRCLE ( 'NONE', #532, 3.000000000000000888 ) ;
#5202 = VECTOR ( 'NONE', #259, 1000.000000000000000 ) ;
#5203 = ORIENTED_EDGE ( 'NONE', *, *, #4359, .T. ) ;
#5204 = EDGE_LOOP ( 'NONE', ( #4069, #5236 ) ) ;
#5205 = EDGE_CURVE ( 'NONE', #5192, #7680, #6035, .T. ) ;
#5206 = VECTOR ( 'NONE', #9119, 1000.000000000000000 ) ;
#5207 = PRESENTATION_STYLE_ASSIGNMENT (( #6001 ) ) ;
#5208 = FACE_BOUND ( 'NONE', #4974, .T. ) ;
#5209 = DIRECTION ( 'NONE',  ( 0.000000000000000000, 1.000000000000000000, 0.000000000000000000 ) ) ;
#5210 = EDGE_CURVE ( 'NONE', #8847, #6621, #5117, .T. ) ;
#5211 = FACE_BOUND ( 'NONE', #4106, .T. ) ;
#5212 = DIRECTION ( 'NONE',  ( 0.000000000000000000, 0.000000000000000000, -1.000000000000000000 ) ) ;
#5213 = CIRCLE ( 'NONE', #3897, 3.000000000000002665 ) ;
#5214 = EDGE_LOOP ( 'NONE', ( #1346, #5664, #5280, #4980 ) ) ;
#5215 = EDGE_LOOP ( 'NONE', ( #6394, #827 ) ) ;
#5216 = CIRCLE ( 'NONE', #1100, 2.499999999999946709 ) ;
#5217 = CARTESIAN_POINT ( 'NONE',  ( -138.0000000000000000, 24.00000000000000000, 6.000000000000000000 ) ) ;
#5218 = CIRCLE ( 'NONE', #4627, 5.999999999999783284 ) ;
#5219 = AXIS2_PLACEMENT_3D ( 'NONE', #8746, #600, #5854 ) ;
#5220 = CARTESIAN_POINT ( 'NONE',  ( 1432.499999999999773, 485.5000000000001705, 18.00000000000000000 ) ) ;
#5221 = CIRCLE ( 'NONE', #898, 2.499999999999946709 ) ;
#5222 = CYLINDRICAL_SURFACE ( 'NONE', #4491, 4.000000000000003553 ) ;
#5223 = ORIENTED_EDGE ( 'NONE', *, *, #6233, .F. ) ;
#5224 = ORIENTED_EDGE ( 'NONE', *, *, #1052, .F. ) ;
#5225 = EDGE_CURVE ( 'NONE', #7401, #817, #7200, .T. ) ;
#5226 = EDGE_LOOP ( 'NONE', ( #9159, #7451, #3305, #4948 ) ) ;
#5227 = LINE ( 'NONE', #6928, #1530 ) ;
#5228 = EDGE_LOOP ( 'NONE', ( #8186, #1906 ) ) ;
#5229 = PLANE ( 'NONE',  #1488 ) ;
#5230 = CYLINDRICAL_SURFACE ( 'NONE', #6889, 2.499999999999946709 ) ;
#5231 = CARTESIAN_POINT ( 'NONE',  ( 1429.999999999999773, 209.4999999999998295, 18.00000000000000000 ) ) ;
#5232 = CARTESIAN_POINT ( 'NONE',  ( 1429.999999999999773, 177.4999999999999716, 18.00000000000000000 ) ) ;
#5233 = DIRECTION ( 'NONE',  ( 0.000000000000000000, 0.000000000000000000, 1.000000000000000000 ) ) ;
#5234 = VERTEX_POINT ( 'NONE', #5402 ) ;
#5235 = ORIENTED_EDGE ( 'NONE', *, *, #2403, .F. ) ;
#5236 = ORIENTED_EDGE ( 'NONE', *, *, #9391, .F. ) ;
#5237 = AXIS2_PLACEMENT_3D ( 'NONE', #7491, #6099, #793 ) ;
#5238 = CARTESIAN_POINT ( 'NONE',  ( 42.79417451143776674, -5.689651003726127526E-17, 0.000000000000000000 ) ) ;
#5239 = FACE_OUTER_BOUND ( 'NONE', #7630, .T. ) ;
#5240 =( NAMED_UNIT ( * ) SI_UNIT ( $, .STERADIAN. ) SOLID_ANGLE_UNIT ( ) );
#5241 = ADVANCED_FACE ( 'NONE', ( #9256, #7535, #5456 ), #8267, .F. ) ;
#5242 = EDGE_CURVE ( 'NONE', #5619, #5710, #2111, .T. ) ;
#5243 = CARTESIAN_POINT ( 'NONE',  ( 1221.499999999999773, 482.5000000000000000, 18.00000000000000000 ) ) ;
#5244 = CARTESIAN_POINT ( 'NONE',  ( 0.000000000000000000, 56.00000000000000000, 6.000000000000000000 ) ) ;
#5245 = LINE ( 'NONE', #7110, #241 ) ;
#5246 = ORIENTED_EDGE ( 'NONE', *, *, #2372, .T. ) ;
#5247 = LINE ( 'NONE', #8581, #959 ) ;
#5248 = EDGE_LOOP ( 'NONE', ( #2792, #3453, #1567, #2760 ) ) ;
#5249 = SURFACE_STYLE_USAGE ( .BOTH. , #4480 ) ;
#5250 = LINE ( 'NONE', #1064, #6408 ) ;
#5251 = DIRECTION ( 'NONE',  ( -0.000000000000000000, -0.000000000000000000, -1.000000000000000000 ) ) ;
#5252 = PLANE ( 'NONE',  #6123 ) ;
#5253 = ADVANCED_FACE ( 'NONE', ( #5345 ), #7419, .F. ) ;
#5254 = VERTEX_POINT ( 'NONE', #3208 ) ;
#5255 = DIRECTION ( 'NONE',  ( -0.000000000000000000, -0.000000000000000000, -1.000000000000000000 ) ) ;
#5256 = ORIENTED_EDGE ( 'NONE', *, *, #8031, .T. ) ;
#5257 = VERTEX_POINT ( 'NONE', #913 ) ;
#5258 = AXIS2_PLACEMENT_3D ( 'NONE', #2735, #1215, #8502 ) ;
#5259 = AXIS2_PLACEMENT_3D ( 'NONE', #2753, #4911, #4966 ) ;
#5260 = EDGE_LOOP ( 'NONE', ( #5589, #9385, #7261, #3371 ) ) ;
#5261 = EDGE_CURVE ( 'NONE', #947, #3314, #1173, .T. ) ;
#5262 = ORIENTED_EDGE ( 'NONE', *, *, #8217, .T. ) ;
#5263 = LINE ( 'NONE', #879, #9040 ) ;
#5264 = DIRECTION ( 'NONE',  ( -1.000000000000000000, 0.000000000000000000, 0.000000000000000000 ) ) ;
#5265 = DIRECTION ( 'NONE',  ( 0.000000000000000000, 0.000000000000000000, 1.000000000000000000 ) ) ;
#5266 = EDGE_CURVE ( 'NONE', #6898, #3387, #221, .T. ) ;
#5267 = ORIENTED_EDGE ( 'NONE', *, *, #3862, .F. ) ;
#5268 = VECTOR ( 'NONE', #536, 1000.000000000000000 ) ;
#5269 = ORIENTED_EDGE ( 'NONE', *, *, #5870, .F. ) ;
#5270 = VERTEX_POINT ( 'NONE', #3891 ) ;
#5271 = CARTESIAN_POINT ( 'NONE',  ( 144.9999999999999147, 690.0000000000000000, 18.49999999999998579 ) ) ;
#5272 = DIRECTION ( 'NONE',  ( -0.000000000000000000, -0.000000000000000000, -1.000000000000000000 ) ) ;
#5273 = EDGE_LOOP ( 'NONE', ( #6294, #1694, #7206, #671 ) ) ;
#5274 = EDGE_CURVE ( 'NONE', #6062, #5234, #4420, .T. ) ;
#5275 = DIRECTION ( 'NONE',  ( 0.000000000000000000, 0.000000000000000000, 1.000000000000000000 ) ) ;
#5276 = CARTESIAN_POINT ( 'NONE',  ( 0.000000000000000000, 5.999999999999998224, 0.000000000000000000 ) ) ;
#5277 = CARTESIAN_POINT ( 'NONE',  ( -666.5000000000002274, 0.000000000000000000, 9.000000000000000000 ) ) ;
#5278 =( NAMED_UNIT ( * ) PLANE_ANGLE_UNIT ( ) SI_UNIT ( $, .RADIAN. ) );
#5279 = ORIENTED_EDGE ( 'NONE', *, *, #5028, .T. ) ;
#5280 = ORIENTED_EDGE ( 'NONE', *, *, #7317, .T. ) ;
#5281 = EDGE_LOOP ( 'NONE', ( #1916, #266 ) ) ;
#5282 = CARTESIAN_POINT ( 'NONE',  ( 99.51915006111077844, 725.0000000000000000, 6.123233995736914194E-16 ) ) ;
#5283 = DIRECTION ( 'NONE',  ( 1.000000000000000000, 0.000000000000000000, 0.000000000000000000 ) ) ;
#5284 = EDGE_CURVE ( 'NONE', #4765, #8962, #2209, .T. ) ;
#5285 = VERTEX_POINT ( 'NONE', #1003 ) ;
#5286 = ORIENTED_EDGE ( 'NONE', *, *, #7053, .T. ) ;
#5287 = AXIS2_PLACEMENT_3D ( 'NONE', #7286, #2784, #2858 ) ;
#5288 = DIRECTION ( 'NONE',  ( -1.000000000000000000, 0.000000000000000000, 0.000000000000000000 ) ) ;
#5289 = ADVANCED_FACE ( 'NONE', ( #3504 ), #3152, .F. ) ;
#5290 = PLANE ( 'NONE',  #1534 ) ;
#5291 = CARTESIAN_POINT ( 'NONE',  ( 80.87005768508875292, 620.6299423149114318, 18.00000000000000000 ) ) ;
#5292 = AXIS2_PLACEMENT_3D ( 'NONE', #4924, #9209, #1182 ) ;
#5293 = SURFACE_STYLE_USAGE ( .BOTH. , #3888 ) ;
#5294 = AXIS2_PLACEMENT_3D ( 'NONE', #655, #8832, #4423 ) ;
#5295 = CARTESIAN_POINT ( 'NONE',  ( 750.0000000000000000, 517.5000000000000000, 0.000000000000000000 ) ) ;
#5296 = DIRECTION ( 'NONE',  ( 0.000000000000000000, 0.000000000000000000, 1.000000000000000000 ) ) ;
#5297 = ADVANCED_FACE ( 'NONE', ( #1757 ), #4139, .F. ) ;
#5298 = DIRECTION ( 'NONE',  ( 1.000000000000000000, -1.329538674056075510E-18, 0.000000000000000000 ) ) ;
#5299 =( LENGTH_UNIT ( ) NAMED_UNIT ( * ) SI_UNIT ( .MILLI., .METRE. ) );
#5300 = ITEM_DEFINED_TRANSFORMATION ( 'NONE', 'NONE', #6364,  #6183 ) ;
#5301 = DIRECTION ( 'NONE',  ( 0.000000000000000000, 0.000000000000000000, 1.000000000000000000 ) ) ;
#5302 = CARTESIAN_POINT ( 'NONE',  ( 3.469446951953614189E-15, 2.007781800899081418E-17, 24.78679656440356283 ) ) ;
#5303 = LINE ( 'NONE', #5399, #1375 ) ;
#5304 = ORIENTED_EDGE ( 'NONE', *, *, #1052, .T. ) ;
#5305 = DIRECTION ( 'NONE',  ( 1.000000000000000000, 0.000000000000000000, 0.000000000000000000 ) ) ;
#5306 = AXIS2_PLACEMENT_3D ( 'NONE', #3100, #8236, #7544 ) ;
#5307 = ORIENTED_EDGE ( 'NONE', *, *, #5640, .F. ) ;
#5308 = ITEM_DEFINED_TRANSFORMATION ( 'NONE', 'NONE', #5692,  #6183 ) ;
#5309 = DIRECTION ( 'NONE',  ( -0.000000000000000000, -0.000000000000000000, -1.000000000000000000 ) ) ;
#5310 = VECTOR ( 'NONE', #3540, 1000.000000000000000 ) ;
#5311 = CARTESIAN_POINT ( 'NONE',  ( 1429.999999999999545, 347.5000000000000000, 18.00000000000000000 ) ) ;
#5312 = ORIENTED_EDGE ( 'NONE', *, *, #9497, .T. ) ;
#5313 = ORIENTED_EDGE ( 'NONE', *, *, #6503, .T. ) ;
#5314 = CARTESIAN_POINT ( 'NONE',  ( 138.0000000000000000, 56.00000000000001421, 6.000000000000000000 ) ) ;
#5315 = DIRECTION ( 'NONE',  ( 1.000000000000000000, 0.000000000000000000, 0.000000000000000000 ) ) ;
#5316 = AXIS2_PLACEMENT_3D ( 'NONE', #3172, #286, #4009 ) ;
#5317 = STYLED_ITEM ( 'NONE', ( #6720 ), #2142 ) ;
#5318 = EDGE_CURVE ( 'NONE', #5338, #6271, #8793, .T. ) ;
#5319 = EDGE_CURVE ( 'NONE', #3447, #8603, #6842, .T. ) ;
#5320 = DIRECTION ( 'NONE',  ( 0.000000000000000000, 0.000000000000000000, 1.000000000000000000 ) ) ;
#5321 = FACE_BOUND ( 'NONE', #5562, .T. ) ;
#5322 = CIRCLE ( 'NONE', #4202, 2.999999999999994671 ) ;
#5323 = EDGE_LOOP ( 'NONE', ( #3885, #6856, #555, #82 ) ) ;
#5324 = AXIS2_PLACEMENT_3D ( 'NONE', #5124, #6575, #2150 ) ;
#5325 = DIRECTION ( 'NONE',  ( -0.000000000000000000, 1.000000000000000000, -0.000000000000000000 ) ) ;
#5326 = ORIENTED_EDGE ( 'NONE', *, *, #4089, .F. ) ;
#5327 = LINE ( 'NONE', #6917, #2416 ) ;
#5328 = CARTESIAN_POINT ( 'NONE',  ( 500.0000000000000000, 347.5000000000000000, 0.000000000000000000 ) ) ;
#5329 = VECTOR ( 'NONE', #1302, 1000.000000000000000 ) ;
#5330 = FILL_AREA_STYLE ('',( #8249 ) ) ;
#5331 =( BOUNDED_CURVE ( )  B_SPLINE_CURVE ( 3, ( #8872, #9551, #4485, #7293 ),
 .UNSPECIFIED., .F., .F. ) 
 B_SPLINE_CURVE_WITH_KNOTS ( ( 4, 4 ),
 ( 4.712388980384689674, 6.283185307179586232 ),
 .UNSPECIFIED. ) 
 CURVE ( )  GEOMETRIC_REPRESENTATION_ITEM ( )  RATIONAL_B_SPLINE_CURVE ( ( 1.000000000000000000, 0.8047378541243649375, 0.8047378541243649375, 1.000000000000000000 ) ) 
 REPRESENTATION_ITEM ( '' )  );
#5332 = CYLINDRICAL_SURFACE ( 'NONE', #8834, 3.000000000000002665 ) ;
#5333 = EDGE_CURVE ( 'NONE', #6089, #3867, #8086, .T. ) ;
#5334 = LINE ( 'NONE', #8366, #1163 ) ;
#5335 = ORIENTED_EDGE ( 'NONE', *, *, #2723, .F. ) ;
#5336 = EDGE_LOOP ( 'NONE', ( #3865, #144 ) ) ;
#5337 = DIRECTION ( 'NONE',  ( 0.000000000000000000, 0.000000000000000000, 1.000000000000000000 ) ) ;
#5338 = VERTEX_POINT ( 'NONE', #2664 ) ;
#5339 = DIRECTION ( 'NONE',  ( 0.000000000000000000, 0.000000000000000000, -1.000000000000000000 ) ) ;
#5340 = FACE_OUTER_BOUND ( 'NONE', #3973, .T. ) ;
#5341 = CARTESIAN_POINT ( 'NONE',  ( 0.000000000000000000, 0.000000000000000000, 30.00000000000000000 ) ) ;
#5342 = DIRECTION ( 'NONE',  ( 0.000000000000000000, 0.000000000000000000, 1.000000000000000000 ) ) ;
#5343 = LINE ( 'NONE', #3709, #5571 ) ;
#5344 = ADVANCED_FACE ( 'NONE', ( #7085 ), #4891, .F. ) ;
#5345 = FACE_OUTER_BOUND ( 'NONE', #3364, .T. ) ;
#5346 = ORIENTED_EDGE ( 'NONE', *, *, #7856, .F. ) ;
#5347 = ORIENTED_EDGE ( 'NONE', *, *, #4111, .T. ) ;
#5348 = ORIENTED_EDGE ( 'NONE', *, *, #8018, .F. ) ;
#5349 = LINE ( 'NONE', #722, #3399 ) ;
#5350 = EDGE_LOOP ( 'NONE', ( #9088, #567 ) ) ;
#5351 = CARTESIAN_POINT ( 'NONE',  ( 85.35474517436360031, 730.0000000000000000, 19.74328400189158828 ) ) ;
#5352 = DIRECTION ( 'NONE',  ( 1.000000000000000000, 0.000000000000000000, 0.000000000000000000 ) ) ;
#5353 = AXIS2_PLACEMENT_3D ( 'NONE', #4734, #1117, #6293 ) ;
#5354 = CARTESIAN_POINT ( 'NONE',  ( 1194.999999999999773, 627.5000000000001137, 18.00000000000000000 ) ) ;
#5355 = DIRECTION ( 'NONE',  ( 1.000000000000000000, 0.000000000000000000, 0.000000000000000000 ) ) ;
#5356 = LINE ( 'NONE', #5070, #8440 ) ;
#5357 = CARTESIAN_POINT ( 'NONE',  ( 1223.999999999999773, 212.4999999999999716, 0.000000000000000000 ) ) ;
#5358 = EDGE_CURVE ( 'NONE', #8349, #5840, #4651, .T. ) ;
#5359 = CIRCLE ( 'NONE', #7623, 3.000000000000002665 ) ;
#5360 = ORIENTED_EDGE ( 'NONE', *, *, #3474, .T. ) ;
#5361 = EDGE_LOOP ( 'NONE', ( #8908, #1469, #8557, #2315 ) ) ;
#5362 = VERTEX_POINT ( 'NONE', #7952 ) ;
#5363 = VECTOR ( 'NONE', #3273, 1000.000000000000000 ) ;
#5364 = CARTESIAN_POINT ( 'NONE',  ( 1427.129942314910977, 74.37005768508863923, 0.000000000000000000 ) ) ;
#5365 = DIRECTION ( 'NONE',  ( 0.000000000000000000, 0.000000000000000000, -1.000000000000000000 ) ) ;
#5366 = DIRECTION ( 'NONE',  ( -1.000000000000000000, 0.000000000000000000, 0.000000000000000000 ) ) ;
#5367 = CARTESIAN_POINT ( 'NONE',  ( 144.9999999999999147, 690.0000000000000000, 15.49999999999998934 ) ) ;
#5368 = CIRCLE ( 'NONE', #3200, 3.000000000000000000 ) ;
#5369 = VECTOR ( 'NONE', #774, 1000.000000000000000 ) ;
#5370 = DIRECTION ( 'NONE',  ( 0.000000000000000000, -1.000000000000000000, 0.000000000000000000 ) ) ;
#5371 = ORIENTED_EDGE ( 'NONE', *, *, #9007, .T. ) ;
#5372 = ORIENTED_EDGE ( 'NONE', *, *, #8273, .T. ) ;
#5373 = VECTOR ( 'NONE', #1958, 1000.000000000000000 ) ;
#5374 = EDGE_CURVE ( 'NONE', #7883, #2031, #2436, .T. ) ;
#5375 = AXIS2_PLACEMENT_3D ( 'NONE', #6036, #6758, #3855 ) ;
#5376 = DIRECTION ( 'NONE',  ( 1.000000000000000000, 0.000000000000000000, 0.000000000000000000 ) ) ;
#5377 = CARTESIAN_POINT ( 'NONE',  ( 1317.000000000000227, 24.00000000000000000, 9.000000000000000000 ) ) ;
#5378 = ORIENTED_EDGE ( 'NONE', *, *, #5694, .T. ) ;
#5379 = CYLINDRICAL_SURFACE ( 'NONE', #6090, 15.00000000000000178 ) ;
#5380 = VERTEX_POINT ( 'NONE', #3567 ) ;
#5381 = CARTESIAN_POINT ( 'NONE',  ( 0.000000000000000000, 0.000000000000000000, 18.00000000000000000 ) ) ;
#5382 = ORIENTED_EDGE ( 'NONE', *, *, #3780, .T. ) ;
#5383 = VECTOR ( 'NONE', #1545, 1000.000000000000000 ) ;
#5384 = AXIS2_PLACEMENT_3D ( 'NONE', #6576, #5865, #25 ) ;
#5385 = AXIS2_PLACEMENT_3D ( 'NONE', #9023, #3941, #2502 ) ;
#5386 = DIRECTION ( 'NONE',  ( 0.000000000000000000, 1.000000000000000000, 0.000000000000000000 ) ) ;
#5387 = EDGE_CURVE ( 'NONE', #5234, #6062, #1296, .T. ) ;
#5388 = DIRECTION ( 'NONE',  ( 0.000000000000000000, 1.000000000000000000, 0.000000000000000000 ) ) ;
#5389 = CIRCLE ( 'NONE', #6078, 2.499999999999946709 ) ;
#5390 = ORIENTED_EDGE ( 'NONE', *, *, #3051, .T. ) ;
#5391 = ORIENTED_EDGE ( 'NONE', *, *, #2515, .T. ) ;
#5392 = CARTESIAN_POINT ( 'NONE',  ( 27.37258300203042793, 33.35786437626883583, 18.00000000000000000 ) ) ;
#5393 = ORIENTED_EDGE ( 'NONE', *, *, #858, .F. ) ;
#5394 = CARTESIAN_POINT ( 'NONE',  ( 180.7018575878153968, 725.0000000000002274, 27.41952543903432016 ) ) ;
#5395 = EDGE_CURVE ( 'NONE', #593, #6145, #115, .T. ) ;
#5396 = CARTESIAN_POINT ( 'NONE',  ( 99.51915006111076423, 725.0000000000000000, 31.00000000000000000 ) ) ;
#5397 = DIRECTION ( 'NONE',  ( 0.000000000000000000, 0.000000000000000000, -1.000000000000000000 ) ) ;
#5398 = CARTESIAN_POINT ( 'NONE',  ( 170.0000000000000000, 55.00000000000000000, 2.999999999999994671 ) ) ;
#5399 = CARTESIAN_POINT ( 'NONE',  ( 0.000000000000000000, 0.000000000000000000, 18.00000000000000000 ) ) ;
#5400 = ORIENTED_EDGE ( 'NONE', *, *, #2504, .T. ) ;
#5401 = ORIENTED_EDGE ( 'NONE', *, *, #6186, .T. ) ;
#5402 = CARTESIAN_POINT ( 'NONE',  ( 106.9999999999999005, 730.0000000000000000, 12.49999999999999645 ) ) ;
#5403 = EDGE_CURVE ( 'NONE', #6167, #4205, #2915, .T. ) ;
#5404 = ADVANCED_FACE ( 'NONE', ( #935 ), #7034, .T. ) ;
#5405 = DIRECTION ( 'NONE',  ( 1.000000000000000000, 0.000000000000000000, 0.000000000000000000 ) ) ;
#5406 = DIRECTION ( 'NONE',  ( -0.000000000000000000, -0.000000000000000000, -1.000000000000000000 ) ) ;
#5407 =( NAMED_UNIT ( * ) SI_UNIT ( $, .STERADIAN. ) SOLID_ANGLE_UNIT ( ) );
#5408 = EDGE_CURVE ( 'NONE', #4011, #2825, #9015, .T. ) ;
#5409 = CARTESIAN_POINT ( 'NONE',  ( -170.0000000000000000, 80.00000000000000000, 0.000000000000000000 ) ) ;
#5410 = CARTESIAN_POINT ( 'NONE',  ( -138.0000000000000000, 56.00000000000001421, 6.000000000000000000 ) ) ;
#5411 = AXIS2_PLACEMENT_3D ( 'NONE', #5634, #1955, #7795 ) ;
#5412 = CARTESIAN_POINT ( 'NONE',  ( 997.0000000000001137, 482.5000000000000000, 0.000000000000000000 ) ) ;
#5413 = DIRECTION ( 'NONE',  ( 1.000000000000000000, 0.000000000000000000, 0.000000000000000000 ) ) ;
#5414 = DIRECTION ( 'NONE',  ( 0.000000000000000000, 0.000000000000000000, -1.000000000000000000 ) ) ;
#5415 = CARTESIAN_POINT ( 'NONE',  ( 163.0944918928738616, -2.168404344971008868E-16, 31.00000000000000000 ) ) ;
#5416 = CARTESIAN_POINT ( 'NONE',  ( 747.5000000000000000, 627.5000000000000000, 0.000000000000000000 ) ) ;
#5417 = AXIS2_PLACEMENT_3D ( 'NONE', #740, #8082, #5857 ) ;
#5418 = VECTOR ( 'NONE', #7631, 1000.000000000000000 ) ;
#5419 = CARTESIAN_POINT ( 'NONE',  ( 421.0000000000000568, 55.00000000000000000, 11.99999999999999289 ) ) ;
#5420 = ORIENTED_EDGE ( 'NONE', *, *, #8163, .T. ) ;
#5421 = DIRECTION ( 'NONE',  ( -0.000000000000000000, -0.000000000000000000, -1.000000000000000000 ) ) ;
#5422 = CONTEXT_DEPENDENT_SHAPE_REPRESENTATION ( #3501, #9223 ) ;
#5423 = CARTESIAN_POINT ( 'NONE',  ( 1426.999999999999773, 177.4999999999999716, 0.000000000000000000 ) ) ;
#5424 = DIRECTION ( 'NONE',  ( -0.7071067811865531239, 7.430363060362968065E-16, 0.7071067811865420216 ) ) ;
#5425 = CIRCLE ( 'NONE', #7793, 3.000000000000002665 ) ;
#5426 = EDGE_LOOP ( 'NONE', ( #1857, #313, #8922, #9470 ) ) ;
#5427 = ORIENTED_EDGE ( 'NONE', *, *, #2055, .F. ) ;
#5428 = ORIENTED_EDGE ( 'NONE', *, *, #5395, .T. ) ;
#5429 = CARTESIAN_POINT ( 'NONE',  ( -3.000000000000000888, 56.00000000000000000, -9.000000000000000000 ) ) ;
#5430 = DIRECTION ( 'NONE',  ( -1.000000000000000000, -0.000000000000000000, -0.000000000000000000 ) ) ;
#5431 = AXIS2_PLACEMENT_3D ( 'NONE', #4059, #9202, #5537 ) ;
#5432 = AXIS2_PLACEMENT_3D ( 'NONE', #7447, #5978, #4543 ) ;
#5433 = EDGE_CURVE ( 'NONE', #5485, #7532, #5684, .T. ) ;
#5434 = LINE ( 'NONE', #170, #7399 ) ;
#5435 = CIRCLE ( 'NONE', #4574, 3.000000000000002665 ) ;
#5436 = EDGE_LOOP ( 'NONE', ( #6531, #7456, #4350, #7164 ) ) ;
#5437 = VERTEX_POINT ( 'NONE', #8855 ) ;
#5438 = ADVANCED_FACE ( 'NONE', ( #5807 ), #2679, .F. ) ;
#5439 = FACE_OUTER_BOUND ( 'NONE', #5323, .T. ) ;
#5440 = EDGE_CURVE ( 'NONE', #5884, #7809, #8316, .T. ) ;
#5441 = DIRECTION ( 'NONE',  ( -0.000000000000000000, 1.000000000000000000, -0.000000000000000000 ) ) ;
#5442 = FACE_BOUND ( 'NONE', #6249, .T. ) ;
#5443 = FACE_BOUND ( 'NONE', #3814, .T. ) ;
#5444 = LINE ( 'NONE', #8508, #6945 ) ;
#5445 = ORIENTED_EDGE ( 'NONE', *, *, #6543, .F. ) ;
#5446 = CARTESIAN_POINT ( 'NONE',  ( 1192.000000000000000, 67.49999999999997158, 0.000000000000000000 ) ) ;
#5447 = VERTEX_POINT ( 'NONE', #5103 ) ;
#5448 = EDGE_CURVE ( 'NONE', #4873, #647, #701, .T. ) ;
#5449 = AXIS2_PLACEMENT_3D ( 'NONE', #421, #1831, #7112 ) ;
#5450 = DIRECTION ( 'NONE',  ( 0.000000000000000000, 0.000000000000000000, 1.000000000000000000 ) ) ;
#5451 = UNCERTAINTY_MEASURE_WITH_UNIT (LENGTH_MEASURE( 1.000000000000000082E-05 ), #2260, 'distance_accuracy_value', 'NONE');
#5452 = CARTESIAN_POINT ( 'NONE',  ( 248.0944918928738048, 725.0000000000000000, 21.50000000000000000 ) ) ;
#5453 = CIRCLE ( 'NONE', #2154, 4.000000000000017764 ) ;
#5454 = DIRECTION ( 'NONE',  ( 1.000000000000000000, 0.000000000000000000, 0.000000000000000000 ) ) ;
#5455 = FACE_OUTER_BOUND ( 'NONE', #3397, .T. ) ;
#5456 = FACE_OUTER_BOUND ( 'NONE', #1357, .T. ) ;
#5457 = CARTESIAN_POINT ( 'NONE',  ( 0.000000000000000000, 5.999999999999998224, 170.0000000000000000 ) ) ;
#5458 = VERTEX_POINT ( 'NONE', #1457 ) ;
#5459 = ORIENTED_EDGE ( 'NONE', *, *, #889, .T. ) ;
#5460 = VERTEX_POINT ( 'NONE', #2840 ) ;
#5461 = DIRECTION ( 'NONE',  ( 0.000000000000000000, 0.000000000000000000, 1.000000000000000000 ) ) ;
#5462 = DIRECTION ( 'NONE',  ( 1.000000000000000000, 0.000000000000000000, 0.000000000000000000 ) ) ;
#5463 = EDGE_CURVE ( 'NONE', #1928, #6532, #3268, .T. ) ;
#5464 = VECTOR ( 'NONE', #4062, 1000.000000000000000 ) ;
#5465 = CARTESIAN_POINT ( 'NONE',  ( 14.89933824127002637, -1.734854452750618004, 31.00000000000000000 ) ) ;
#5466 = FACE_BOUND ( 'NONE', #3449, .T. ) ;
#5467 = ORIENTED_EDGE ( 'NONE', *, *, #2598, .T. ) ;
#5468 = ORIENTED_EDGE ( 'NONE', *, *, #6943, .F. ) ;
#5469 = CARTESIAN_POINT ( 'NONE',  ( 1317.000000000000227, 56.00000000000000000, 9.000000000000000000 ) ) ;
#5470 = ORIENTED_EDGE ( 'NONE', *, *, #5768, .F. ) ;
#5471 = CARTESIAN_POINT ( 'NONE',  ( 747.5000000000000000, 67.50000000000000000, 18.00000000000000000 ) ) ;
#5472 = FACE_OUTER_BOUND ( 'NONE', #6650, .T. ) ;
#5473 = VECTOR ( 'NONE', #2497, 1000.000000000000000 ) ;
#5474 = ORIENTED_EDGE ( 'NONE', *, *, #2219, .T. ) ;
#5475 = CIRCLE ( 'NONE', #1369, 2.499999999999946709 ) ;
#5476 = CARTESIAN_POINT ( 'NONE',  ( 204.5000000000001137, 20.00000000000000000, -9.000000000000000000 ) ) ;
#5477 = ORIENTED_EDGE ( 'NONE', *, *, #884, .F. ) ;
#5478 = AXIS2_PLACEMENT_3D ( 'NONE', #5983, #7596, #4634 ) ;
#5479 = CARTESIAN_POINT ( 'NONE',  ( -3.000000000000000000, 24.00000000000000000, 6.000000000000000000 ) ) ;
#5480 = CYLINDRICAL_SURFACE ( 'NONE', #7646, 2.500000000000002220 ) ;
#5481 = AXIS2_PLACEMENT_3D ( 'NONE', #8429, #6973, #4033 ) ;
#5482 = DIRECTION ( 'NONE',  ( 0.000000000000000000, 0.000000000000000000, 1.000000000000000000 ) ) ;
#5483 = DIRECTION ( 'NONE',  ( 0.000000000000000000, 0.000000000000000000, 1.000000000000000000 ) ) ;
#5484 = CARTESIAN_POINT ( 'NONE',  ( 1221.499999999999773, 627.5000000000001137, 18.00000000000000000 ) ) ;
#5485 = VERTEX_POINT ( 'NONE', #8762 ) ;
#5486 = CIRCLE ( 'NONE', #9034, 3.000000000000002665 ) ;
#5487 = ORIENTED_EDGE ( 'NONE', *, *, #5988, .T. ) ;
#5488 = ORIENTED_EDGE ( 'NONE', *, *, #6564, .T. ) ;
#5489 = DIRECTION ( 'NONE',  ( -0.000000000000000000, -0.000000000000000000, -1.000000000000000000 ) ) ;
#5490 = ORIENTED_EDGE ( 'NONE', *, *, #4053, .F. ) ;
#5491 = DIRECTION ( 'NONE',  ( 0.000000000000000000, 0.000000000000000000, 1.000000000000000000 ) ) ;
#5492 = ORIENTED_EDGE ( 'NONE', *, *, #6820, .F. ) ;
#5493 = FACE_BOUND ( 'NONE', #5204, .T. ) ;
#5494 = ADVANCED_FACE ( 'NONE', ( #6381 ), #4879, .F. ) ;
#5495 = DIRECTION ( 'NONE',  ( -1.000000000000000000, 0.000000000000000000, 0.000000000000000000 ) ) ;
#5496 = CARTESIAN_POINT ( 'NONE',  ( 503.0000000000000000, 347.5000000000000000, 0.000000000000000000 ) ) ;
#5497 = DIRECTION ( 'NONE',  ( 0.7071067811865524577, 4.025281146911807258E-16, -0.7071067811865426878 ) ) ;
#5498 = ORIENTED_EDGE ( 'NONE', *, *, #9080, .F. ) ;
#5499 = FACE_OUTER_BOUND ( 'NONE', #6279, .T. ) ;
#5500 = ORIENTED_EDGE ( 'NONE', *, *, #8031, .F. ) ;
#5501 = ORIENTED_EDGE ( 'NONE', *, *, #1930, .F. ) ;
#5502 = AXIS2_PLACEMENT_3D ( 'NONE', #8499, #5482, #1138 ) ;
#5503 = EDGE_CURVE ( 'NONE', #5535, #8456, #6142, .T. ) ;
#5504 = VERTEX_POINT ( 'NONE', #4384 ) ;
#5505 = CARTESIAN_POINT ( 'NONE',  ( 747.0000000000000000, 177.4999999999999716, 0.000000000000000000 ) ) ;
#5506 = DIRECTION ( 'NONE',  ( 0.000000000000000000, 0.000000000000000000, 1.000000000000000000 ) ) ;
#5507 = VERTEX_POINT ( 'NONE', #2160 ) ;
#5508 = ORIENTED_EDGE ( 'NONE', *, *, #5572, .F. ) ;
#5509 = ORIENTED_EDGE ( 'NONE', *, *, #3403, .T. ) ;
#5510 = AXIS2_PLACEMENT_3D ( 'NONE', #4754, #3243, #4125 ) ;
#5511 = PRODUCT_DEFINITION ( 'UNKNOWN', '', #8896, #7026 ) ;
#5512 = EDGE_CURVE ( 'NONE', #6894, #5840, #8555, .T. ) ;
#5513 = DIRECTION ( 'NONE',  ( 0.1713727001804919992, 0.9852062716166839484, -0.000000000000000000 ) ) ;
#5514 = ORIENTED_EDGE ( 'NONE', *, *, #1101, .F. ) ;
#5515 = ORIENTED_EDGE ( 'NONE', *, *, #2966, .F. ) ;
#5516 = AXIS2_PLACEMENT_3D ( 'NONE', #9336, #7199, #5665 ) ;
#5517 = CARTESIAN_POINT ( 'NONE',  ( 106.9999999999999005, 730.0000000000000000, 15.49999999999999112 ) ) ;
#5518 = EDGE_CURVE ( 'NONE', #3764, #1332, #4411, .T. ) ;
#5519 = DIRECTION ( 'NONE',  ( -0.000000000000000000, -0.000000000000000000, -1.000000000000000000 ) ) ;
#5520 = DIRECTION ( 'NONE',  ( -0.000000000000000000, -0.000000000000000000, -1.000000000000000000 ) ) ;
#5521 = CARTESIAN_POINT ( 'NONE',  ( 106.5685424949241451, 104.0685424949247704, 18.00000000000000000 ) ) ;
#5522 = CARTESIAN_POINT ( 'NONE',  ( 79.00000000000000000, -79.99999999999998579, 473.5000000000000000 ) ) ;
#5523 = EDGE_CURVE ( 'NONE', #4357, #3560, #7752, .T. ) ;
#5524 = DIRECTION ( 'NONE',  ( -0.000000000000000000, -0.000000000000000000, -1.000000000000000000 ) ) ;
#5525 = CARTESIAN_POINT ( 'NONE',  ( 1452.500000000000000, 583.4999999999998863, 0.000000000000000000 ) ) ;
#5526 = VECTOR ( 'NONE', #152, 1000.000000000000000 ) ;
#5527 = CARTESIAN_POINT ( 'NONE',  ( 1429.999999999999773, 177.4999999999999716, 18.00000000000000000 ) ) ;
#5528 = CARTESIAN_POINT ( 'NONE',  ( 73.00000000000014211, 389.5000000000000568, 0.000000000000000000 ) ) ;
#5529 = AXIS2_PLACEMENT_3D ( 'NONE', #7257, #3457, #5630 ) ;
#5530 = ITEM_DEFINED_TRANSFORMATION ( 'NONE', 'NONE', #1237,  #6183 ) ;
#5531 = ADVANCED_FACE ( 'NONE', ( #5560 ), #5072, .F. ) ;
#5532 = EDGE_CURVE ( 'NONE', #2825, #1759, #4067, .T. ) ;
#5533 = CIRCLE ( 'NONE', #4644, 3.999999999999781508 ) ;
#5534 = ORIENTED_EDGE ( 'NONE', *, *, #3727, .T. ) ;
#5535 = VERTEX_POINT ( 'NONE', #2299 ) ;
#5536 = DIRECTION ( 'NONE',  ( -0.000000000000000000, -0.000000000000000000, -1.000000000000000000 ) ) ;
#5537 = DIRECTION ( 'NONE',  ( 1.000000000000000000, 0.000000000000000000, 0.000000000000000000 ) ) ;
#5538 = ADVANCED_FACE ( 'NONE', ( #7073 ), #4181, .F. ) ;
#5539 = DIRECTION ( 'NONE',  ( 0.000000000000000000, 0.000000000000000000, 1.000000000000000000 ) ) ;
#5540 = VECTOR ( 'NONE', #2010, 1000.000000000000000 ) ;
#5541 = ORIENTED_EDGE ( 'NONE', *, *, #609, .T. ) ;
#5542 = EDGE_CURVE ( 'NONE', #742, #1084, #2668, .T. ) ;
#5543 = ORIENTED_EDGE ( 'NONE', *, *, #7370, .F. ) ;
#5544 = DIRECTION ( 'NONE',  ( 0.000000000000000000, -0.000000000000000000, -1.000000000000000000 ) ) ;
#5545 = CARTESIAN_POINT ( 'NONE',  ( 1426.999999999999545, 347.5000000000000000, 0.000000000000000000 ) ) ;
#5546 = CARTESIAN_POINT ( 'NONE',  ( 78.99999999999995737, -79.99999999999998579, 203.4999999999999716 ) ) ;
#5547 = CIRCLE ( 'NONE', #1550, 4.000000000000003553 ) ;
#5548 = LINE ( 'NONE', #1315, #4290 ) ;
#5549 = VERTEX_POINT ( 'NONE', #1481 ) ;
#5550 = DIRECTION ( 'NONE',  ( 1.000000000000000000, 0.000000000000000000, 0.000000000000000000 ) ) ;
#5551 = VERTEX_POINT ( 'NONE', #8973 ) ;
#5552 = CARTESIAN_POINT ( 'NONE',  ( 612.4999999999996589, 20.00000000000000000, 9.000000000000000000 ) ) ;
#5553 = CIRCLE ( 'NONE', #7542, 4.000000000000003553 ) ;
#5554 = CARTESIAN_POINT ( 'NONE',  ( 1500.000000000000000, 0.000000000000000000, 18.00000000000000000 ) ) ;
#5555 = CARTESIAN_POINT ( 'NONE',  ( 278.5000000000001137, 212.4999999999999716, 18.00000000000000000 ) ) ;
#5556 = AXIS2_PLACEMENT_3D ( 'NONE', #111, #6690, #802 ) ;
#5557 = EDGE_CURVE ( 'NONE', #6383, #8231, #3615, .T. ) ;
#5558 = CIRCLE ( 'NONE', #2456, 2.499999999999946709 ) ;
#5559 = CIRCLE ( 'NONE', #1723, 3.000000000000058176 ) ;
#5560 = FACE_OUTER_BOUND ( 'NONE', #5916, .T. ) ;
#5561 = EDGE_LOOP ( 'NONE', ( #5428, #8485 ) ) ;
#5562 = EDGE_LOOP ( 'NONE', ( #896, #4427 ) ) ;
#5563 = EDGE_CURVE ( 'NONE', #2648, #6271, #689, .T. ) ;
#5564 = EDGE_LOOP ( 'NONE', ( #214, #8075, #3398, #5541 ) ) ;
#5565 = VECTOR ( 'NONE', #2368, 1000.000000000000000 ) ;
#5566 = DIRECTION ( 'NONE',  ( 1.000000000000000000, 0.000000000000000000, 0.000000000000000000 ) ) ;
#5567 = CARTESIAN_POINT ( 'NONE',  ( -204.5000000000001137, 20.00000000000000000, -9.000000000000000000 ) ) ;
#5568 = UNCERTAINTY_MEASURE_WITH_UNIT (LENGTH_MEASURE( 1.000000000000000082E-05 ), #8899, 'distance_accuracy_value', 'NONE');
#5569 = CARTESIAN_POINT ( 'NONE',  ( 441.9999999999999432, 55.00000000000000000, 0.000000000000000000 ) ) ;
#5570 = DIRECTION ( 'NONE',  ( -1.000000000000000000, 0.000000000000000000, 0.000000000000000000 ) ) ;
#5571 = VECTOR ( 'NONE', #8797, 1000.000000000000000 ) ;
#5572 = EDGE_CURVE ( 'NONE', #1873, #3705, #3385, .T. ) ;
#5573 = DIRECTION ( 'NONE',  ( 0.000000000000000000, 1.000000000000000000, 0.000000000000000000 ) ) ;
#5574 = LINE ( 'NONE', #3852, #1649 ) ;
#5575 = VERTEX_POINT ( 'NONE', #2370 ) ;
#5576 = VERTEX_POINT ( 'NONE', #3881 ) ;
#5577 = AXIS2_PLACEMENT_3D ( 'NONE', #279, #7619, #3963 ) ;
#5578 = EDGE_LOOP ( 'NONE', ( #3928, #2025, #7783, #6225 ) ) ;
#5579 = FACE_OUTER_BOUND ( 'NONE', #2908, .T. ) ;
#5580 = DIRECTION ( 'NONE',  ( 0.000000000000000000, 0.000000000000000000, 1.000000000000000000 ) ) ;
#5581 = DIRECTION ( 'NONE',  ( 0.000000000000000000, 0.000000000000000000, 1.000000000000000000 ) ) ;
#5582 = DIRECTION ( 'NONE',  ( 1.000000000000000000, 0.000000000000000000, 0.000000000000000000 ) ) ;
#5583 = EDGE_CURVE ( 'NONE', #5730, #2998, #815, .T. ) ;
#5584 = ADVANCED_FACE ( 'NONE', ( #2550 ), #4638, .F. ) ;
#5585 = DIRECTION ( 'NONE',  ( 0.000000000000000000, 0.000000000000000000, 1.000000000000000000 ) ) ;
#5586 = ORIENTED_EDGE ( 'NONE', *, *, #889, .F. ) ;
#5587 = FACE_OUTER_BOUND ( 'NONE', #3866, .T. ) ;
#5588 = ORIENTED_EDGE ( 'NONE', *, *, #5266, .T. ) ;
#5589 = ORIENTED_EDGE ( 'NONE', *, *, #4249, .T. ) ;
#5590 = DIRECTION ( 'NONE',  ( 0.000000000000000000, 0.000000000000000000, 1.000000000000000000 ) ) ;
#5591 = APPLICATION_CONTEXT ( 'automotive_design' ) ;
#5592 = ORIENTED_EDGE ( 'NONE', *, *, #5696, .T. ) ;
#5593 = FACE_OUTER_BOUND ( 'NONE', #2449, .T. ) ;
#5594 = AXIS2_PLACEMENT_3D ( 'NONE', #8690, #4281, #9364 ) ;
#5595 = DIRECTION ( 'NONE',  ( 0.000000000000000000, 1.000000000000000000, 0.000000000000000000 ) ) ;
#5596 = CARTESIAN_POINT ( 'NONE',  ( 496.9999999999999432, 482.5000000000000000, 18.00000000000000000 ) ) ;
#5597 = EDGE_LOOP ( 'NONE', ( #1813, #8238, #5382, #5391 ) ) ;
#5598 = CARTESIAN_POINT ( 'NONE',  ( 799.9999999999998863, 18.00000000000000000, -400.0000000000000000 ) ) ;
#5599 = VERTEX_POINT ( 'NONE', #3124 ) ;
#5600 = LINE ( 'NONE', #22, #8923 ) ;
#5601 = DIRECTION ( 'NONE',  ( 0.000000000000000000, 1.000000000000000000, 0.000000000000000000 ) ) ;
#5602 = ORIENTED_EDGE ( 'NONE', *, *, #4024, .F. ) ;
#5603 = ORIENTED_EDGE ( 'NONE', *, *, #3579, .T. ) ;
#5604 = CYLINDRICAL_SURFACE ( 'NONE', #3932, 4.000000000000003553 ) ;
#5605 = DIRECTION ( 'NONE',  ( 1.000000000000000000, 0.000000000000000000, 0.000000000000000000 ) ) ;
#5606 = ORIENTED_EDGE ( 'NONE', *, *, #5937, .T. ) ;
#5607 = AXIS2_PLACEMENT_3D ( 'NONE', #5636, #8560, #6336 ) ;
#5608 = DIRECTION ( 'NONE',  ( -0.000000000000000000, -0.000000000000000000, -1.000000000000000000 ) ) ;
#5609 = FACE_OUTER_BOUND ( 'NONE', #6038, .T. ) ;
#5610 = ORIENTED_EDGE ( 'NONE', *, *, #3737, .T. ) ;
#5611 = VERTEX_POINT ( 'NONE', #158 ) ;
#5612 = AXIS2_PLACEMENT_3D ( 'NONE', #6905, #3225, #942 ) ;
#5613 = DIRECTION ( 'NONE',  ( -0.000000000000000000, -0.000000000000000000, -1.000000000000000000 ) ) ;
#5614 = VERTEX_POINT ( 'NONE', #8260 ) ;
#5615 = LINE ( 'NONE', #29, #6417 ) ;
#5616 = CARTESIAN_POINT ( 'NONE',  ( 35.85786437626901346, 670.1274169979694761, 11.99999999999999822 ) ) ;
#5617 = DIRECTION ( 'NONE',  ( -0.000000000000000000, -0.000000000000000000, -1.000000000000000000 ) ) ;
#5618 = VERTEX_POINT ( 'NONE', #2993 ) ;
#5619 = VERTEX_POINT ( 'NONE', #6677 ) ;
#5620 = DIRECTION ( 'NONE',  ( 0.000000000000000000, 0.000000000000000000, 1.000000000000000000 ) ) ;
#5621 = VERTEX_POINT ( 'NONE', #3808 ) ;
#5622 = DIRECTION ( 'NONE',  ( -1.000000000000000000, 0.000000000000000000, 0.000000000000000000 ) ) ;
#5623 = CARTESIAN_POINT ( 'NONE',  ( 1450.000000000000000, 647.5000000000000000, 11.99999999999999822 ) ) ;
#5624 = DIRECTION ( 'NONE',  ( 0.000000000000000000, 0.000000000000000000, 1.000000000000000000 ) ) ;
#5625 = AXIS2_PLACEMENT_3D ( 'NONE', #5810, #9560, #1483 ) ;
#5626 = ORIENTED_EDGE ( 'NONE', *, *, #6192, .F. ) ;
#5627 = ORIENTED_EDGE ( 'NONE', *, *, #7676, .T. ) ;
#5628 = CARTESIAN_POINT ( 'NONE',  ( 608.4999999999996589, 20.00000000000000000, -9.000000000000000000 ) ) ;
#5629 = CARTESIAN_POINT ( 'NONE',  ( 1322.499999999999773, 659.5000000000000000, 18.00000000000000000 ) ) ;
#5630 = DIRECTION ( 'NONE',  ( 1.000000000000000000, 0.000000000000000000, 0.000000000000000000 ) ) ;
#5631 = CARTESIAN_POINT ( 'NONE',  ( 500.0000000000000000, 212.4999999999999716, 18.00000000000000000 ) ) ;
#5632 = ADVANCED_FACE ( 'NONE', ( #6832 ), #4555, .T. ) ;
#5633 = AXIS2_PLACEMENT_3D ( 'NONE', #1513, #2255, #5970 ) ;
#5634 = CARTESIAN_POINT ( 'NONE',  ( 40.00000000000000000, 50.00000000000000000, 14.99999999999999289 ) ) ;
#5635 = EDGE_CURVE ( 'NONE', #9157, #5285, #2199, .T. ) ;
#5636 = CARTESIAN_POINT ( 'NONE',  ( 31.61522368914974734, 665.8847763108501567, 11.99999999999999822 ) ) ;
#5637 =( NAMED_UNIT ( * ) SI_UNIT ( $, .STERADIAN. ) SOLID_ANGLE_UNIT ( ) );
#5638 = CARTESIAN_POINT ( 'NONE',  ( 50.00000000000000000, 647.5000000000000000, 18.00000000000000000 ) ) ;
#5639 = AXIS2_PLACEMENT_3D ( 'NONE', #2496, #2428, #9094 ) ;
#5640 = EDGE_CURVE ( 'NONE', #7733, #2006, #925, .T. ) ;
#5641 = CARTESIAN_POINT ( 'NONE',  ( 1317.000000000000227, 56.00000000000000000, 9.000000000000000000 ) ) ;
#5642 = APPLICATION_PROTOCOL_DEFINITION ( 'draft international standard', 'automotive_design', 1998, #3452 ) ;
#5643 = CIRCLE ( 'NONE', #6251, 2.499999999999946709 ) ;
#5644 = ORIENTED_EDGE ( 'NONE', *, *, #8458, .F. ) ;
#5645 = VERTEX_POINT ( 'NONE', #6026 ) ;
#5646 = DIRECTION ( 'NONE',  ( 0.000000000000000000, 0.000000000000000000, 1.000000000000000000 ) ) ;
#5647 = CARTESIAN_POINT ( 'NONE',  ( 184.9999999999999432, 730.0000000000000000, 0.000000000000000000 ) ) ;
#5648 = DIRECTION ( 'NONE',  ( -0.000000000000000000, -0.000000000000000000, 1.000000000000000000 ) ) ;
#5649 = DIRECTION ( 'NONE',  ( -0.000000000000000000, -0.000000000000000000, 1.000000000000000000 ) ) ;
#5650 = CARTESIAN_POINT ( 'NONE',  ( 0.000000000000000000, 0.000000000000000000, 0.000000000000000000 ) ) ;
#5651 = AXIS2_PLACEMENT_3D ( 'NONE', #3781, #6613, #2889 ) ;
#5652 = LINE ( 'NONE', #5465, #6817 ) ;
#5653 = EDGE_LOOP ( 'NONE', ( #277, #8372 ) ) ;
#5654 = ORIENTED_EDGE ( 'NONE', *, *, #5706, .T. ) ;
#5655 = AXIS2_PLACEMENT_3D ( 'NONE', #2524, #5450, #1002 ) ;
#5656 = VERTEX_POINT ( 'NONE', #3747 ) ;
#5657 = SURFACE_STYLE_FILL_AREA ( #8301 ) ;
#5658 = CARTESIAN_POINT ( 'NONE',  ( -800.0000000000001137, 18.00000000000000000, 400.0000000000000000 ) ) ;
#5659 = FACE_BOUND ( 'NONE', #1390, .T. ) ;
#5660 = VECTOR ( 'NONE', #3940, 1000.000000000000000 ) ;
#5661 = ORIENTED_EDGE ( 'NONE', *, *, #7197, .F. ) ;
#5662 = DIRECTION ( 'NONE',  ( -0.000000000000000000, -0.000000000000000000, 1.000000000000000000 ) ) ;
#5663 = PLANE ( 'NONE',  #3779 ) ;
#5664 = ORIENTED_EDGE ( 'NONE', *, *, #9066, .F. ) ;
#5665 = DIRECTION ( 'NONE',  ( 0.000000000000000000, 0.000000000000000000, -1.000000000000000000 ) ) ;
#5666 = VECTOR ( 'NONE', #8991, 1000.000000000000000 ) ;
#5667 = AXIS2_PLACEMENT_3D ( 'NONE', #1825, #1072, #999 ) ;
#5668 = EDGE_CURVE ( 'NONE', #3637, #6322, #6285, .T. ) ;
#5669 = ADVANCED_FACE ( 'NONE', ( #8074 ), #1043, .F. ) ;
#5670 = FACE_BOUND ( 'NONE', #7652, .T. ) ;
#5671 = CYLINDRICAL_SURFACE ( 'NONE', #3462, 3.000000000000002665 ) ;
#5672 = SURFACE_STYLE_USAGE ( .BOTH. , #3467 ) ;
#5673 = EDGE_LOOP ( 'NONE', ( #1143, #4452, #516, #2440 ) ) ;
#5674 = AXIS2_PLACEMENT_3D ( 'NONE', #9259, #1782, #7688 ) ;
#5675 = EDGE_LOOP ( 'NONE', ( #2484, #7245 ) ) ;
#5676 = CARTESIAN_POINT ( 'NONE',  ( 750.0000000000000000, 659.5000000000000000, 18.00000000000000000 ) ) ;
#5677 = PRESENTATION_STYLE_ASSIGNMENT (( #5249 ) ) ;
#5678 = DIRECTION ( 'NONE',  ( -0.000000000000000000, -0.000000000000000000, -1.000000000000000000 ) ) ;
#5679 = VERTEX_POINT ( 'NONE', #4678 ) ;
#5680 = VECTOR ( 'NONE', #8763, 1000.000000000000000 ) ;
#5681 = CARTESIAN_POINT ( 'NONE',  ( 1427.499999999999773, 209.4999999999998295, 18.00000000000000000 ) ) ;
#5682 = DIRECTION ( 'NONE',  ( 0.9932892160846683582, -0.1156569635167078586, 0.000000000000000000 ) ) ;
#5683 = FACE_BOUND ( 'NONE', #6498, .T. ) ;
#5684 = CIRCLE ( 'NONE', #4616, 2.999999999999891642 ) ;
#5685 = ORIENTED_EDGE ( 'NONE', *, *, #5058, .F. ) ;
#5686 = ORIENTED_EDGE ( 'NONE', *, *, #1889, .T. ) ;
#5687 = EDGE_LOOP ( 'NONE', ( #4070, #1021 ) ) ;
#5688 = ADVANCED_FACE ( 'NONE', ( #333 ), #6725, .F. ) ;
#5689 = CIRCLE ( 'NONE', #9555, 4.000000000000017764 ) ;
#5690 = PLANE ( 'NONE',  #7364 ) ;
#5691 = AXIS2_PLACEMENT_3D ( 'NONE', #172, #7594, #1627 ) ;
#5692 = AXIS2_PLACEMENT_3D ( 'NONE', #3916, #9106, #5424 ) ;
#5693 = ORIENTED_EDGE ( 'NONE', *, *, #2862, .T. ) ;
#5694 = EDGE_CURVE ( 'NONE', #6544, #5745, #8305, .T. ) ;
#5695 = DIRECTION ( 'NONE',  ( 0.000000000000000000, 0.000000000000000000, 1.000000000000000000 ) ) ;
#5696 = EDGE_CURVE ( 'NONE', #7097, #4598, #5108, .T. ) ;
#5697 = VECTOR ( 'NONE', #9131, 1000.000000000000000 ) ;
#5698 = LINE ( 'NONE', #4524, #6857 ) ;
#5699 = ORIENTED_EDGE ( 'NONE', *, *, #8484, .T. ) ;
#5700 = ORIENTED_EDGE ( 'NONE', *, *, #3787, .F. ) ;
#5701 = DIRECTION ( 'NONE',  ( 1.000000000000000000, 0.000000000000000000, 0.000000000000000000 ) ) ;
#5702 = ORIENTED_EDGE ( 'NONE', *, *, #1308, .F. ) ;
#5703 = VECTOR ( 'NONE', #7438, 1000.000000000000000 ) ;
#5704 = CARTESIAN_POINT ( 'NONE',  ( 1319.999999999999773, 67.50000000000000000, 18.00000000000000000 ) ) ;
#5705 = DIRECTION ( 'NONE',  ( 0.000000000000000000, 0.000000000000000000, 1.000000000000000000 ) ) ;
#5706 = EDGE_CURVE ( 'NONE', #2841, #2071, #4301, .T. ) ;
#5707 = FACE_BOUND ( 'NONE', #6634, .T. ) ;
#5708 = EDGE_LOOP ( 'NONE', ( #2218, #828, #141, #8583 ) ) ;
#5709 = VECTOR ( 'NONE', #4329, 1000.000000000000000 ) ;
#5710 = VERTEX_POINT ( 'NONE', #4005 ) ;
#5711 = DIRECTION ( 'NONE',  ( 0.000000000000000000, 0.000000000000000000, 1.000000000000000000 ) ) ;
#5712 = CIRCLE ( 'NONE', #7232, 4.000000000000003553 ) ;
#5713 = EDGE_CURVE ( 'NONE', #302, #755, #5334, .T. ) ;
#5714 = DIRECTION ( 'NONE',  ( 0.000000000000000000, 0.000000000000000000, 1.000000000000000000 ) ) ;
#5715 = CARTESIAN_POINT ( 'NONE',  ( 0.000000000000000000, 695.0000000000000000, 0.000000000000000000 ) ) ;
#5716 = ORIENTED_EDGE ( 'NONE', *, *, #3102, .F. ) ;
#5717 = LINE ( 'NONE', #1570, #8010 ) ;
#5718 = VERTEX_POINT ( 'NONE', #6929 ) ;
#5719 = ORIENTED_EDGE ( 'NONE', *, *, #3793, .T. ) ;
#5720 = ORIENTED_EDGE ( 'NONE', *, *, #5319, .T. ) ;
#5721 = CIRCLE ( 'NONE', #3696, 2.499999999999946709 ) ;
#5722 = FILL_AREA_STYLE_COLOUR ( '', #4102 ) ;
#5723 = CARTESIAN_POINT ( 'NONE',  ( -135.0000000000000000, 24.00000000000000000, 6.000000000000000000 ) ) ;
#5724 = EDGE_CURVE ( 'NONE', #2951, #7202, #2904, .T. ) ;
#5725 = DIRECTION ( 'NONE',  ( -0.000000000000000000, -0.000000000000000000, -1.000000000000000000 ) ) ;
#5726 = CARTESIAN_POINT ( 'NONE',  ( 112.5685424949241735, 104.0685424949247704, 11.99999999999999822 ) ) ;
#5727 = VERTEX_POINT ( 'NONE', #3965 ) ;
#5728 = CARTESIAN_POINT ( 'NONE',  ( 73.00000000000014211, 305.5000000000000000, 18.00000000000000000 ) ) ;
#5729 = VERTEX_POINT ( 'NONE', #1729 ) ;
#5730 = VERTEX_POINT ( 'NONE', #247 ) ;
#5731 = ADVANCED_FACE ( 'NONE', ( #7863 ), #1075, .T. ) ;
#5732 = EDGE_CURVE ( 'NONE', #4060, #6926, #1402, .T. ) ;
#5733 = VERTEX_POINT ( 'NONE', #3203 ) ;
#5734 = PLANE ( 'NONE',  #2622 ) ;
#5735 = AXIS2_PLACEMENT_3D ( 'NONE', #6988, #4124, #8551 ) ;
#5736 = DIRECTION ( 'NONE',  ( 1.000000000000000000, 0.000000000000000000, -0.000000000000000000 ) ) ;
#5737 = EDGE_LOOP ( 'NONE', ( #137, #198 ) ) ;
#5738 = ORIENTED_EDGE ( 'NONE', *, *, #2861, .T. ) ;
#5739 = EDGE_CURVE ( 'NONE', #2647, #3412, #3150, .T. ) ;
#5740 = CARTESIAN_POINT ( 'NONE',  ( 85.46958070007251251, 725.0000000000000000, 21.50000000000000000 ) ) ;
#5741 = ORIENTED_EDGE ( 'NONE', *, *, #1436, .T. ) ;
#5742 = ADVANCED_FACE ( 'NONE', ( #1638 ), #2311, .F. ) ;
#5743 = DIRECTION ( 'NONE',  ( 0.000000000000000000, 0.000000000000000000, 1.000000000000000000 ) ) ;
#5744 = DIRECTION ( 'NONE',  ( -1.000000000000000000, 0.000000000000000000, 0.000000000000000000 ) ) ;
#5745 = VERTEX_POINT ( 'NONE', #2630 ) ;
#5746 = ORIENTED_EDGE ( 'NONE', *, *, #1589, .F. ) ;
#5747 = CARTESIAN_POINT ( 'NONE',  ( -570.0000000000000000, 55.00000000000000000, 3.000000000000047962 ) ) ;
#5748 = CARTESIAN_POINT ( 'NONE',  ( 750.0000000000000000, 659.5000000000000000, 18.00000000000000000 ) ) ;
#5749 = AXIS2_PLACEMENT_3D ( 'NONE', #4242, #5774, #633 ) ;
#5750 = AXIS2_PLACEMENT_3D ( 'NONE', #6332, #8549, #9190 ) ;
#5751 = UNCERTAINTY_MEASURE_WITH_UNIT (LENGTH_MEASURE( 1.000000000000000082E-05 ), #2276, 'distance_accuracy_value', 'NONE');
#5752 = EDGE_CURVE ( 'NONE', #93, #4228, #209, .T. ) ;
#5753 = CARTESIAN_POINT ( 'NONE',  ( 182.5000000000001137, 659.5000000000000000, 0.000000000000000000 ) ) ;
#5754 =( NAMED_UNIT ( * ) SI_UNIT ( $, .STERADIAN. ) SOLID_ANGLE_UNIT ( ) );
#5755 = EDGE_CURVE ( 'NONE', #4854, #9299, #9004, .T. ) ;
#5756 = CARTESIAN_POINT ( 'NONE',  ( 1429.999999999999545, 347.5000000000000000, 0.000000000000000000 ) ) ;
#5757 = DIRECTION ( 'NONE',  ( 0.000000000000000000, 1.000000000000000000, 0.000000000000000000 ) ) ;
#5758 = EDGE_CURVE ( 'NONE', #4801, #2604, #453, .T. ) ;
#5759 = FACE_OUTER_BOUND ( 'NONE', #5849, .T. ) ;
#5760 = DIRECTION ( 'NONE',  ( 0.000000000000000000, 0.000000000000000000, -1.000000000000000000 ) ) ;
#5761 = DIRECTION ( 'NONE',  ( 0.000000000000000000, 0.000000000000000000, 1.000000000000000000 ) ) ;
#5762 = DIRECTION ( 'NONE',  ( -1.000000000000000000, 0.000000000000000000, 0.000000000000000000 ) ) ;
#5763 = DIRECTION ( 'NONE',  ( -0.000000000000000000, -0.000000000000000000, -1.000000000000000000 ) ) ;
#5764 = CARTESIAN_POINT ( 'NONE',  ( 72.87005768508919346, 620.6299423149114318, 11.99999999999999822 ) ) ;
#5765 = VECTOR ( 'NONE', #6882, 1000.000000000000000 ) ;
#5766 = ORIENTED_EDGE ( 'NONE', *, *, #5333, .F. ) ;
#5767 = ORIENTED_EDGE ( 'NONE', *, *, #692, .T. ) ;
#5768 = EDGE_CURVE ( 'NONE', #7884, #7134, #3141, .T. ) ;
#5769 = ADVANCED_FACE ( 'NONE', ( #5000 ), #9244, .F. ) ;
#5770 = DIRECTION ( 'NONE',  ( 0.000000000000000000, 0.000000000000000000, 1.000000000000000000 ) ) ;
#5771 = DIRECTION ( 'NONE',  ( 0.000000000000000000, 0.000000000000000000, 1.000000000000000000 ) ) ;
#5772 = VERTEX_POINT ( 'NONE', #4912 ) ;
#5773 = CARTESIAN_POINT ( 'NONE',  ( 138.0000000000000000, 24.00000000000000000, 6.000000000000000000 ) ) ;
#5774 = DIRECTION ( 'NONE',  ( -0.000000000000000000, -0.000000000000000000, -1.000000000000000000 ) ) ;
#5775 = LINE ( 'NONE', #2541, #8532 ) ;
#5776 = CIRCLE ( 'NONE', #3406, 3.000000000000000888 ) ;
#5777 = VERTEX_POINT ( 'NONE', #7005 ) ;
#5778 = CARTESIAN_POINT ( 'NONE',  ( 59.99999999999998579, 70.00000000000000000, 18.00000000000001421 ) ) ;
#5779 = EDGE_LOOP ( 'NONE', ( #6653, #7262, #2554, #5467, #1642 ) ) ;
#5780 = VECTOR ( 'NONE', #4985, 1000.000000000000000 ) ;
#5781 = DIRECTION ( 'NONE',  ( 0.000000000000000000, 1.000000000000000000, 0.000000000000000000 ) ) ;
#5782 = ADVANCED_FACE ( 'NONE', ( #7527 ), #8787, .F. ) ;
#5783 = DIRECTION ( 'NONE',  ( 0.000000000000000000, 0.000000000000000000, 1.000000000000000000 ) ) ;
#5784 = DIRECTION ( 'NONE',  ( -0.000000000000000000, -0.000000000000000000, -1.000000000000000000 ) ) ;
#5785 = AXIS2_PLACEMENT_3D ( 'NONE', #7247, #2864, #7949 ) ;
#5786 = AXIS2_PLACEMENT_3D ( 'NONE', #5936, #2092, #632 ) ;
#5787 = FACE_BOUND ( 'NONE', #2323, .T. ) ;
#5788 = CYLINDRICAL_SURFACE ( 'NONE', #6854, 4.000000000000010658 ) ;
#5789 = VERTEX_POINT ( 'NONE', #4842 ) ;
#5790 = ORIENTED_EDGE ( 'NONE', *, *, #5934, .F. ) ;
#5791 = VECTOR ( 'NONE', #7138, 999.9999999999998863 ) ;
#5792 = CARTESIAN_POINT ( 'NONE',  ( 1452.500000000000000, 111.5000000000000426, 18.00000000000000000 ) ) ;
#5793 = DIRECTION ( 'NONE',  ( 0.000000000000000000, 0.000000000000000000, 1.000000000000000000 ) ) ;
#5794 = CIRCLE ( 'NONE', #270, 2.999999999999993783 ) ;
#5795 = DIRECTION ( 'NONE',  ( 0.000000000000000000, 0.000000000000000000, 1.000000000000000000 ) ) ;
#5796 = LINE ( 'NONE', #525, #6605 ) ;
#5797 = CARTESIAN_POINT ( 'NONE',  ( 52.50000000000000711, 111.5000000000000426, 18.00000000000000000 ) ) ;
#5798 = LINE ( 'NONE', #2698, #8675 ) ;
#5799 = EDGE_LOOP ( 'NONE', ( #6410, #5286, #5346, #3534 ) ) ;
#5800 = ORIENTED_EDGE ( 'NONE', *, *, #8457, .T. ) ;
#5801 = ORIENTED_EDGE ( 'NONE', *, *, #599, .F. ) ;
#5802 = CIRCLE ( 'NONE', #9252, 2.499999999999946709 ) ;
#5803 = EDGE_LOOP ( 'NONE', ( #324, #3179, #1548, #7577 ) ) ;
#5804 = DIRECTION ( 'NONE',  ( 0.000000000000000000, 0.000000000000000000, 1.000000000000000000 ) ) ;
#5805 = LINE ( 'NONE', #305, #3393 ) ;
#5806 = DIRECTION ( 'NONE',  ( -0.000000000000000000, -0.000000000000000000, -1.000000000000000000 ) ) ;
#5807 = FACE_OUTER_BOUND ( 'NONE', #9089, .T. ) ;
#5808 = ORIENTED_EDGE ( 'NONE', *, *, #2110, .T. ) ;
#5809 = ORIENTED_EDGE ( 'NONE', *, *, #6723, .T. ) ;
#5810 = CARTESIAN_POINT ( 'NONE',  ( 106.5685424949241593, 590.9314575050765370, 11.99999999999999822 ) ) ;
#5811 = ORIENTED_EDGE ( 'NONE', *, *, #2740, .T. ) ;
#5812 = LINE ( 'NONE', #5935, #1177 ) ;
#5813 = DIRECTION ( 'NONE',  ( 0.000000000000000000, 0.000000000000000000, 1.000000000000000000 ) ) ;
#5814 = CARTESIAN_POINT ( 'NONE',  ( -204.5000000000001137, 20.00000000000000000, -9.000000000000000000 ) ) ;
#5815 = DIRECTION ( 'NONE',  ( 1.000000000000000000, 0.000000000000000000, 0.000000000000000000 ) ) ;
#5816 = PLANE ( 'NONE',  #2431 ) ;
#5817 = DIRECTION ( 'NONE',  ( 0.000000000000000000, 0.000000000000000000, 1.000000000000000000 ) ) ;
#5818 = VERTEX_POINT ( 'NONE', #447 ) ;
#5819 = VERTEX_POINT ( 'NONE', #6376 ) ;
#5820 = AXIS2_PLACEMENT_3D ( 'NONE', #788, #2337, #3105 ) ;
#5821 =( GEOMETRIC_REPRESENTATION_CONTEXT ( 3 ) GLOBAL_UNCERTAINTY_ASSIGNED_CONTEXT ( ( #3024 ) ) GLOBAL_UNIT_ASSIGNED_CONTEXT ( ( #7523, #8983, #5240 ) ) REPRESENTATION_CONTEXT ( 'NONE', 'WORKASPACE' ) );
#5822 = ORIENTED_EDGE ( 'NONE', *, *, #4040, .F. ) ;
#5823 = EDGE_CURVE ( 'NONE', #7884, #9292, #4535, .T. ) ;
#5824 = VECTOR ( 'NONE', #3345, 1000.000000000000000 ) ;
#5825 = ADVANCED_FACE ( 'NONE', ( #5904 ), #8431, .F. ) ;
#5826 = AXIS2_PLACEMENT_3D ( 'NONE', #418, #7105, #8568 ) ;
#5827 = CARTESIAN_POINT ( 'NONE',  ( 273.5000000000001137, 67.49999999999988631, 0.000000000000000000 ) ) ;
#5828 = ORIENTED_EDGE ( 'NONE', *, *, #4713, .T. ) ;
#5829 = FACE_OUTER_BOUND ( 'NONE', #5171, .T. ) ;
#5830 = EDGE_LOOP ( 'NONE', ( #2042, #1220, #6666, #4892 ) ) ;
#5831 = ORIENTED_EDGE ( 'NONE', *, *, #397, .T. ) ;
#5832 = ORIENTED_EDGE ( 'NONE', *, *, #5374, .F. ) ;
#5833 = CARTESIAN_POINT ( 'NONE',  ( 1319.999999999999773, 659.5000000000000000, 0.000000000000000000 ) ) ;
#5834 = EDGE_LOOP ( 'NONE', ( #7408, #6304 ) ) ;
#5835 = VECTOR ( 'NONE', #4840, 1000.000000000000000 ) ;
#5836 = DIRECTION ( 'NONE',  ( 0.000000000000000000, 0.000000000000000000, 1.000000000000000000 ) ) ;
#5837 = EDGE_CURVE ( 'NONE', #9124, #2726, #2791, .T. ) ;
#5838 = DIRECTION ( 'NONE',  ( 1.000000000000000000, 0.000000000000000000, 0.000000000000000000 ) ) ;
#5839 = ADVANCED_FACE ( 'NONE', ( #3029 ), #1139, .T. ) ;
#5840 = VERTEX_POINT ( 'NONE', #8462 ) ;
#5841 = CYLINDRICAL_SURFACE ( 'NONE', #8545, 5.999999999999783284 ) ;
#5842 = EDGE_LOOP ( 'NONE', ( #5800, #8697 ) ) ;
#5843 = VERTEX_POINT ( 'NONE', #2607 ) ;
#5844 = CARTESIAN_POINT ( 'NONE',  ( 799.9999999999998863, 18.00000000000000000, 400.0000000000000000 ) ) ;
#5845 = VERTEX_POINT ( 'NONE', #7139 ) ;
#5846 = LINE ( 'NONE', #1223, #5952 ) ;
#5847 = DIRECTION ( 'NONE',  ( 0.000000000000000000, 0.000000000000000000, 1.000000000000000000 ) ) ;
#5848 = CARTESIAN_POINT ( 'NONE',  ( 35.85786437626901346, 670.1274169979694761, 11.99999999999999822 ) ) ;
#5849 = EDGE_LOOP ( 'NONE', ( #4322, #7010 ) ) ;
#5850 = ORIENTED_EDGE ( 'NONE', *, *, #3288, .T. ) ;
#5851 = CARTESIAN_POINT ( 'NONE',  ( -570.0000000000000000, 80.00000000000000000, 0.000000000000000000 ) ) ;
#5852 = AXIS2_PLACEMENT_3D ( 'NONE', #648, #5539, #4274 ) ;
#5853 = ORIENTED_EDGE ( 'NONE', *, *, #1877, .F. ) ;
#5854 = DIRECTION ( 'NONE',  ( 1.000000000000000000, 0.000000000000000000, 0.000000000000000000 ) ) ;
#5855 = EDGE_CURVE ( 'NONE', #4931, #1442, #9479, .T. ) ;
#5856 = CARTESIAN_POINT ( 'NONE',  ( 25.00000000000000000, 56.00000000000000000, 5.999999999999997335 ) ) ;
#5857 = DIRECTION ( 'NONE',  ( 0.000000000000000000, -0.000000000000000000, -1.000000000000000000 ) ) ;
#5858 = EDGE_LOOP ( 'NONE', ( #5498, #2946, #4093, #8500 ) ) ;
#5859 = EDGE_LOOP ( 'NONE', ( #192, #1576, #6608, #3812 ) ) ;
#5860 = CARTESIAN_POINT ( 'NONE',  ( 276.0000000000001137, 482.5000000000000000, 18.00000000000000000 ) ) ;
#5861 = CARTESIAN_POINT ( 'NONE',  ( 747.5000000000000000, 482.5000000000000000, 18.00000000000000000 ) ) ;
#5862 = EDGE_CURVE ( 'NONE', #3030, #6544, #5798, .T. ) ;
#5863 = CARTESIAN_POINT ( 'NONE',  ( 25.00000000000000000, 24.00000000000000000, 12.00000000000000000 ) ) ;
#5864 = AXIS2_PLACEMENT_3D ( 'NONE', #1242, #7923, #6418 ) ;
#5865 = DIRECTION ( 'NONE',  ( 0.000000000000000000, 0.000000000000000000, 1.000000000000000000 ) ) ;
#5866 = DIRECTION ( 'NONE',  ( 0.000000000000000000, 0.000000000000000000, 1.000000000000000000 ) ) ;
#5867 = AXIS2_PLACEMENT_3D ( 'NONE', #921, #7679, #4688 ) ;
#5868 = EDGE_CURVE ( 'NONE', #3142, #5789, #105, .T. ) ;
#5869 = DIRECTION ( 'NONE',  ( 0.000000000000000000, -0.000000000000000000, -1.000000000000000000 ) ) ;
#5870 = EDGE_CURVE ( 'NONE', #1496, #1540, #6023, .T. ) ;
#5871 = DIRECTION ( 'NONE',  ( 0.000000000000000000, 0.000000000000000000, 1.000000000000000000 ) ) ;
#5872 = ADVANCED_FACE ( 'NONE', ( #6479 ), #7296, .F. ) ;
#5873 = CARTESIAN_POINT ( 'NONE',  ( 135.0000000000000000, 24.00000000000000000, 6.000000000000000000 ) ) ;
#5874 = DIRECTION ( 'NONE',  ( -0.000000000000000000, -0.000000000000000000, -1.000000000000000000 ) ) ;
#5875 = DIRECTION ( 'NONE',  ( -0.000000000000000000, -0.000000000000000000, -1.000000000000000000 ) ) ;
#5876 = VECTOR ( 'NONE', #5272, 1000.000000000000000 ) ;
#5877 = VECTOR ( 'NONE', #2631, 1000.000000000000000 ) ;
#5878 = ORIENTED_EDGE ( 'NONE', *, *, #2196, .F. ) ;
#5879 = EDGE_CURVE ( 'NONE', #5270, #4225, #3017, .T. ) ;
#5880 = ITEM_DEFINED_TRANSFORMATION ( 'NONE', 'NONE', #2050,  #6183 ) ;
#5881 = AXIS2_PLACEMENT_3D ( 'NONE', #3158, #5386, #7574 ) ;
#5882 = CARTESIAN_POINT ( 'NONE',  ( 276.0000000000001137, 347.5000000000000000, 0.000000000000000000 ) ) ;
#5883 = CARTESIAN_POINT ( 'NONE',  ( 47.49999999999997158, 111.5000000000000426, 18.00000000000000000 ) ) ;
#5884 = VERTEX_POINT ( 'NONE', #9411 ) ;
#5885 = DIRECTION ( 'NONE',  ( -0.000000000000000000, -0.000000000000000000, -1.000000000000000000 ) ) ;
#5886 = EDGE_CURVE ( 'NONE', #9248, #5504, #1515, .T. ) ;
#5887 = ORIENTED_EDGE ( 'NONE', *, *, #3231, .F. ) ;
#5888 = DIRECTION ( 'NONE',  ( -0.000000000000000000, -0.000000000000000000, -1.000000000000000000 ) ) ;
#5889 = SURFACE_STYLE_FILL_AREA ( #8376 ) ;
#5890 = CARTESIAN_POINT ( 'NONE',  ( 1226.499999999999773, 627.5000000000001137, 18.00000000000000000 ) ) ;
#5891 = LINE ( 'NONE', #1625, #1734 ) ;
#5892 = LINE ( 'NONE', #5997, #7615 ) ;
#5893 = DIRECTION ( 'NONE',  ( 0.000000000000000000, 0.000000000000000000, 1.000000000000000000 ) ) ;
#5894 = ORIENTED_EDGE ( 'NONE', *, *, #8958, .T. ) ;
#5895 = ORIENTED_EDGE ( 'NONE', *, *, #9451, .F. ) ;
#5896 = AXIS2_PLACEMENT_3D ( 'NONE', #8938, #1657, #5376 ) ;
#5897 = DIRECTION ( 'NONE',  ( 1.000000000000000000, 0.000000000000000000, 0.000000000000000000 ) ) ;
#5898 = CIRCLE ( 'NONE', #6058, 6.000000000000227374 ) ;
#5899 = CARTESIAN_POINT ( 'NONE',  ( 72.87005768508890924, 74.37005768508863923, 0.000000000000000000 ) ) ;
#5900 = SHAPE_REPRESENTATION_RELATIONSHIP ( 'NONE' , 'NONE' ,  #6910, #2352 ) ;
#5901 = FACE_BOUND ( 'NONE', #2347, .T. ) ;
#5902 = DIRECTION ( 'NONE',  ( 1.000000000000000000, 0.000000000000000000, 0.000000000000000000 ) ) ;
#5903 = LINE ( 'NONE', #1472, #1745 ) ;
#5904 = FACE_OUTER_BOUND ( 'NONE', #4684, .T. ) ;
#5905 = VERTEX_POINT ( 'NONE', #6512 ) ;
#5906 = DIRECTION ( 'NONE',  ( 0.000000000000000000, 0.000000000000000000, 1.000000000000000000 ) ) ;
#5907 = ORIENTED_EDGE ( 'NONE', *, *, #3613, .F. ) ;
#5908 = CYLINDRICAL_SURFACE ( 'NONE', #6561, 2.499999999999946709 ) ;
#5909 = DIRECTION ( 'NONE',  ( 1.000000000000000000, 0.000000000000000000, 0.000000000000000000 ) ) ;
#5910 = AXIS2_PLACEMENT_3D ( 'NONE', #6814, #5999, #920 ) ;
#5911 = CARTESIAN_POINT ( 'NONE',  ( 1317.000000000000227, 56.00000000000000000, 9.000000000000000000 ) ) ;
#5912 = LINE ( 'NONE', #3665, #4417 ) ;
#5913 = CYLINDRICAL_SURFACE ( 'NONE', #5691, 2.500000000000002220 ) ;
#5914 = FACE_OUTER_BOUND ( 'NONE', #3842, .T. ) ;
#5915 = ORIENTED_EDGE ( 'NONE', *, *, #5823, .F. ) ;
#5916 = EDGE_LOOP ( 'NONE', ( #894, #5427, #2463, #7231 ) ) ;
#5917 = CARTESIAN_POINT ( 'NONE',  ( 180.0000000000001137, 35.49999999999997868, 18.00000000000000000 ) ) ;
#5918 = ORIENTED_EDGE ( 'NONE', *, *, #2458, .T. ) ;
#5919 = CARTESIAN_POINT ( 'NONE',  ( 1464.142135623731292, 670.1274169979692488, 18.00000000000000000 ) ) ;
#5920 = CIRCLE ( 'NONE', #20, 2.999999999999891642 ) ;
#5921 = DIRECTION ( 'NONE',  ( 1.000000000000000000, 0.000000000000000000, 0.000000000000000000 ) ) ;
#5922 = DIRECTION ( 'NONE',  ( -1.000000000000000000, 0.000000000000000000, 0.000000000000000000 ) ) ;
#5923 = CARTESIAN_POINT ( 'NONE',  ( 1397.674098192195288, 108.3111831820441040, 18.00000000000000000 ) ) ;
#5924 = VECTOR ( 'NONE', #622, 1000.000000000000000 ) ;
#5925 = ADVANCED_FACE ( 'NONE', ( #7516, #8993, #1746 ), #3521, .F. ) ;
#5926 = LINE ( 'NONE', #3634, #3969 ) ;
#5927 = ORIENTED_EDGE ( 'NONE', *, *, #2167, .F. ) ;
#5928 = ORIENTED_EDGE ( 'NONE', *, *, #2598, .F. ) ;
#5929 = EDGE_LOOP ( 'NONE', ( #3593, #5966, #2552, #7055 ) ) ;
#5930 = CARTESIAN_POINT ( 'NONE',  ( 1223.999999999999773, 67.49999999999988631, 18.00000000000000000 ) ) ;
#5931 = LINE ( 'NONE', #2377, #7655 ) ;
#5932 = AXIS2_PLACEMENT_3D ( 'NONE', #213, #9072, #6193 ) ;
#5933 = AXIS2_PLACEMENT_3D ( 'NONE', #7877, #7258, #6436 ) ;
#5934 = EDGE_CURVE ( 'NONE', #1354, #1176, #2304, .T. ) ;
#5935 = CARTESIAN_POINT ( 'NONE',  ( -266.4999999999998863, 80.00000000000000000, 9.000000000000000000 ) ) ;
#5936 = CARTESIAN_POINT ( 'NONE',  ( 750.0000000000000000, 212.4999999999999716, 18.00000000000000000 ) ) ;
#5937 = EDGE_CURVE ( 'NONE', #106, #5380, #5548, .T. ) ;
#5938 = CYLINDRICAL_SURFACE ( 'NONE', #6150, 3.000000000000002665 ) ;
#5939 = ORIENTED_EDGE ( 'NONE', *, *, #3448, .T. ) ;
#5940 = CYLINDRICAL_SURFACE ( 'NONE', #485, 2.999999999999994671 ) ;
#5941 = ORIENTED_EDGE ( 'NONE', *, *, #2690, .T. ) ;
#5942 = CIRCLE ( 'NONE', #7887, 4.000000000000003553 ) ;
#5943 = DIRECTION ( 'NONE',  ( -1.000000000000000000, 0.000000000000000000, 0.000000000000000000 ) ) ;
#5944 = EDGE_CURVE ( 'NONE', #4723, #8349, #5096, .T. ) ;
#5945 = CARTESIAN_POINT ( 'NONE',  ( 183.0698683933170798, 725.0000000000000000, 21.50000000000000000 ) ) ;
#5946 = AXIS2_PLACEMENT_3D ( 'NONE', #4768, #4803, #380 ) ;
#5947 = EDGE_LOOP ( 'NONE', ( #1747, #1786 ) ) ;
#5948 = CIRCLE ( 'NONE', #5896, 2.499999999999946709 ) ;
#5949 = ORIENTED_EDGE ( 'NONE', *, *, #4771, .T. ) ;
#5950 = ORIENTED_EDGE ( 'NONE', *, *, #3574, .F. ) ;
#5951 = ORIENTED_EDGE ( 'NONE', *, *, #7220, .T. ) ;
#5952 = VECTOR ( 'NONE', #7074, 1000.000000000000000 ) ;
#5953 = DIRECTION ( 'NONE',  ( 0.000000000000000000, 0.000000000000000000, -1.000000000000000000 ) ) ;
#5954 = EDGE_LOOP ( 'NONE', ( #4829, #7682 ) ) ;
#5955 = FACE_OUTER_BOUND ( 'NONE', #2035, .T. ) ;
#5956 = EDGE_LOOP ( 'NONE', ( #9417, #479, #4716, #9575 ) ) ;
#5957 = CARTESIAN_POINT ( 'NONE',  ( 496.9999999999999432, 482.5000000000000000, 0.000000000000000000 ) ) ;
#5958 = EDGE_CURVE ( 'NONE', #9398, #3271, #4521, .T. ) ;
#5959 = DIRECTION ( 'NONE',  ( -0.000000000000000000, 1.000000000000000000, -0.000000000000000000 ) ) ;
#5960 = VERTEX_POINT ( 'NONE', #4230 ) ;
#5961 = DIRECTION ( 'NONE',  ( 0.000000000000000000, 1.000000000000000000, 0.000000000000000000 ) ) ;
#5962 = PLANE ( 'NONE',  #5651 ) ;
#5963 = ORIENTED_EDGE ( 'NONE', *, *, #2756, .T. ) ;
#5964 = ORIENTED_EDGE ( 'NONE', *, *, #1598, .T. ) ;
#5965 = DIRECTION ( 'NONE',  ( 1.000000000000000000, 0.000000000000000000, 0.000000000000000000 ) ) ;
#5966 = ORIENTED_EDGE ( 'NONE', *, *, #7979, .T. ) ;
#5967 = CARTESIAN_POINT ( 'NONE',  ( 0.000000000000000000, 80.00000000000000000, 0.000000000000000000 ) ) ;
#5968 = AXIS2_PLACEMENT_3D ( 'NONE', #586, #5714, #654 ) ;
#5969 = DIRECTION ( 'NONE',  ( 0.000000000000000000, 0.000000000000000000, 1.000000000000000000 ) ) ;
#5970 = DIRECTION ( 'NONE',  ( 1.000000000000000000, 0.000000000000000000, 0.000000000000000000 ) ) ;
#5971 = ORIENTED_EDGE ( 'NONE', *, *, #7144, .T. ) ;
#5972 = DIRECTION ( 'NONE',  ( -1.000000000000000000, 0.000000000000000000, -0.000000000000000000 ) ) ;
#5973 = ADVANCED_FACE ( 'NONE', ( #6713 ), #4746, .F. ) ;
#5974 = DIRECTION ( 'NONE',  ( 0.000000000000000000, 1.000000000000000000, 0.000000000000000000 ) ) ;
#5975 = DIRECTION ( 'NONE',  ( 1.000000000000000000, 0.000000000000000000, 0.000000000000000000 ) ) ;
#5976 =( LENGTH_UNIT ( ) NAMED_UNIT ( * ) SI_UNIT ( .MILLI., .METRE. ) );
#5977 = CARTESIAN_POINT ( 'NONE',  ( 1468.384776310850157, 29.11522368914954839, 18.00000000000000000 ) ) ;
#5978 = DIRECTION ( 'NONE',  ( 0.000000000000000000, 0.000000000000000000, 1.000000000000000000 ) ) ;
#5979 = AXIS2_PLACEMENT_3D ( 'NONE', #4256, #4133, #8563 ) ;
#5980 = EDGE_CURVE ( 'NONE', #1540, #5843, #3131, .T. ) ;
#5981 = CARTESIAN_POINT ( 'NONE',  ( 305.0000000000000568, 67.49999999999997158, 18.00000000000000000 ) ) ;
#5982 = VECTOR ( 'NONE', #8734, 1000.000000000000000 ) ;
#5983 = CARTESIAN_POINT ( 'NONE',  ( 49.99999999999998579, 583.4999999999998863, 18.00000000000000000 ) ) ;
#5984 = CARTESIAN_POINT ( 'NONE',  ( 1002.999999999999886, 482.5000000000000000, 18.00000000000000000 ) ) ;
#5985 = CARTESIAN_POINT ( 'NONE',  ( 266.5000000000001137, 0.000000000000000000, 9.000000000000000000 ) ) ;
#5986 = AXIS2_PLACEMENT_3D ( 'NONE', #293, #6226, #1816 ) ;
#5987 = AXIS2_PLACEMENT_3D ( 'NONE', #2378, #6850, #3210 ) ;
#5988 = EDGE_CURVE ( 'NONE', #1082, #1153, #4057, .T. ) ;
#5989 = CIRCLE ( 'NONE', #4345, 3.000000000000047962 ) ;
#5990 = EDGE_LOOP ( 'NONE', ( #816, #6660, #5235, #4624 ) ) ;
#5991 = PLANE ( 'NONE',  #4051 ) ;
#5992 = ORIENTED_EDGE ( 'NONE', *, *, #8851, .T. ) ;
#5993 = CARTESIAN_POINT ( 'NONE',  ( 72.87005768508919346, 620.6299423149114318, 0.000000000000000000 ) ) ;
#5994 = AXIS2_PLACEMENT_3D ( 'NONE', #7290, #7857, #3464 ) ;
#5995 = ITEM_DEFINED_TRANSFORMATION ( 'NONE', 'NONE', #5867,  #6183 ) ;
#5996 = VERTEX_POINT ( 'NONE', #4831 ) ;
#5997 = CARTESIAN_POINT ( 'NONE',  ( 248.0944918928738048, 730.0000000000000000, 31.00000000000000000 ) ) ;
#5998 = DIRECTION ( 'NONE',  ( 0.000000000000000000, -0.000000000000000000, -1.000000000000000000 ) ) ;
#5999 = DIRECTION ( 'NONE',  ( 0.000000000000000000, 0.000000000000000000, 1.000000000000000000 ) ) ;
#6000 = ORIENTED_EDGE ( 'NONE', *, *, #6522, .T. ) ;
#6001 = SURFACE_STYLE_USAGE ( .BOTH. , #4569 ) ;
#6002 = ADVANCED_FACE ( 'NONE', ( #1856 ), #7061, .F. ) ;
#6003 = VECTOR ( 'NONE', #231, 1000.000000000000000 ) ;
#6004 = FACE_BOUND ( 'NONE', #4103, .T. ) ;
#6005 = EDGE_LOOP ( 'NONE', ( #6088, #8210 ) ) ;
#6006 = VERTEX_POINT ( 'NONE', #366 ) ;
#6007 = EDGE_CURVE ( 'NONE', #871, #2930, #566, .T. ) ;
#6008 = CARTESIAN_POINT ( 'NONE',  ( 25.00000000000000000, 24.00000000000000000, 9.000000000000000000 ) ) ;
#6009 = DIRECTION ( 'NONE',  ( -0.000000000000000000, -0.000000000000000000, -1.000000000000000000 ) ) ;
#6010 = DIRECTION ( 'NONE',  ( -0.000000000000000000, -0.000000000000000000, -1.000000000000000000 ) ) ;
#6011 = EDGE_CURVE ( 'NONE', #5618, #3081, #8774, .T. ) ;
#6012 = FACE_BOUND ( 'NONE', #6025, .T. ) ;
#6013 = CIRCLE ( 'NONE', #6351, 3.000000000000002665 ) ;
#6014 = ORIENTED_EDGE ( 'NONE', *, *, #732, .F. ) ;
#6015 = ORIENTED_EDGE ( 'NONE', *, *, #7144, .F. ) ;
#6016 = ADVANCED_FACE ( 'NONE', ( #9361 ), #5788, .F. ) ;
#6017 = FACE_OUTER_BOUND ( 'NONE', #8977, .T. ) ;
#6018 = CARTESIAN_POINT ( 'NONE',  ( 70.00000000000017053, 209.4999999999998295, 18.00000000000000000 ) ) ;
#6019 = CARTESIAN_POINT ( 'NONE',  ( -6.245698675651501391E-14, 5.999999999999998224, -173.0000000000000284 ) ) ;
#6020 = FACE_OUTER_BOUND ( 'NONE', #163, .T. ) ;
#6021 = AXIS2_PLACEMENT_3D ( 'NONE', #3334, #8394, #6254 ) ;
#6022 = FACE_BOUND ( 'NONE', #1219, .T. ) ;
#6023 = LINE ( 'NONE', #4946, #3837 ) ;
#6024 = VERTEX_POINT ( 'NONE', #3377 ) ;
#6025 = EDGE_LOOP ( 'NONE', ( #7042, #4213 ) ) ;
#6026 = CARTESIAN_POINT ( 'NONE',  ( 1342.000000000000000, 56.00000000000000000, 5.999999999999996447 ) ) ;
#6027 = EDGE_CURVE ( 'NONE', #9342, #4991, #3944, .T. ) ;
#6028 = ORIENTED_EDGE ( 'NONE', *, *, #8657, .F. ) ;
#6029 = FACE_BOUND ( 'NONE', #6370, .T. ) ;
#6030 = DIRECTION ( 'NONE',  ( -1.000000000000000000, 0.000000000000000000, 0.000000000000000000 ) ) ;
#6031 = DIRECTION ( 'NONE',  ( -1.000000000000000000, 0.000000000000000000, 0.000000000000000000 ) ) ;
#6032 = EDGE_CURVE ( 'NONE', #6506, #8648, #806, .T. ) ;
#6033 = CYLINDRICAL_SURFACE ( 'NONE', #5749, 3.000000000000002665 ) ;
#6034 = CARTESIAN_POINT ( 'NONE',  ( 276.0000000000001137, 67.49999999999988631, 18.00000000000000000 ) ) ;
#6035 = CIRCLE ( 'NONE', #8751, 3.000000000000000888 ) ;
#6036 = CARTESIAN_POINT ( 'NONE',  ( 1429.999999999999545, 347.5000000000000000, 18.00000000000000000 ) ) ;
#6037 = ORIENTED_EDGE ( 'NONE', *, *, #7373, .T. ) ;
#6038 = EDGE_LOOP ( 'NONE', ( #4118, #4284, #4335, #5895 ) ) ;
#6039 = VERTEX_POINT ( 'NONE', #5525 ) ;
#6040 = LINE ( 'NONE', #5220, #2117 ) ;
#6041 =( NAMED_UNIT ( * ) SI_UNIT ( $, .STERADIAN. ) SOLID_ANGLE_UNIT ( ) );
#6042 = EDGE_CURVE ( 'NONE', #1082, #2680, #92, .T. ) ;
#6043 = AXIS2_PLACEMENT_3D ( 'NONE', #6213, #7578, #211 ) ;
#6044 = DIRECTION ( 'NONE',  ( 0.000000000000000000, 0.000000000000000000, 1.000000000000000000 ) ) ;
#6045 = DIRECTION ( 'NONE',  ( 0.000000000000000000, 1.000000000000000000, 0.000000000000000000 ) ) ;
#6046 = LINE ( 'NONE', #6194, #3864 ) ;
#6047 = EDGE_LOOP ( 'NONE', ( #1673, #4090 ) ) ;
#6048 = ORIENTED_EDGE ( 'NONE', *, *, #5557, .T. ) ;
#6049 = ORIENTED_EDGE ( 'NONE', *, *, #7906, .T. ) ;
#6050 = VECTOR ( 'NONE', #9326, 1000.000000000000000 ) ;
#6051 = DIRECTION ( 'NONE',  ( -1.000000000000000000, 0.000000000000000000, 0.000000000000000000 ) ) ;
#6052 = EDGE_LOOP ( 'NONE', ( #511, #5378, #3857, #1701 ) ) ;
#6053 = CARTESIAN_POINT ( 'NONE',  ( 1223.999999999999773, 347.5000000000000000, 18.00000000000000000 ) ) ;
#6054 = VECTOR ( 'NONE', #6398, 1000.000000000000000 ) ;
#6055 = ORIENTED_EDGE ( 'NONE', *, *, #7370, .T. ) ;
#6056 = ORIENTED_EDGE ( 'NONE', *, *, #9304, .F. ) ;
#6057 = AXIS2_PLACEMENT_3D ( 'NONE', #3061, #3803, #1602 ) ;
#6058 = AXIS2_PLACEMENT_3D ( 'NONE', #6309, #432, #2644 ) ;
#6059 = VERTEX_POINT ( 'NONE', #8446 ) ;
#6060 = EDGE_CURVE ( 'NONE', #38, #1151, #5322, .T. ) ;
#6061 = CARTESIAN_POINT ( 'NONE',  ( 648.4999999999997726, 0.000000000000000000, -9.000000000000001776 ) ) ;
#6062 = VERTEX_POINT ( 'NONE', #1817 ) ;
#6063 = VECTOR ( 'NONE', #6243, 1000.000000000000000 ) ;
#6064 = CARTESIAN_POINT ( 'NONE',  ( 421.0000000000000568, 55.00000000000000000, 6.000000000000005329 ) ) ;
#6065 = DIRECTION ( 'NONE',  ( -0.000000000000000000, -0.000000000000000000, -1.000000000000000000 ) ) ;
#6066 = EDGE_CURVE ( 'NONE', #8664, #1427, #4990, .T. ) ;
#6067 = ORIENTED_EDGE ( 'NONE', *, *, #8475, .T. ) ;
#6068 = VECTOR ( 'NONE', #1599, 1000.000000000000000 ) ;
#6069 = VERTEX_POINT ( 'NONE', #7046 ) ;
#6070 = VERTEX_POINT ( 'NONE', #406 ) ;
#6071 = DIRECTION ( 'NONE',  ( 0.000000000000000000, 0.000000000000000000, -1.000000000000000000 ) ) ;
#6072 = FILL_AREA_STYLE_COLOUR ( '', #8164 ) ;
#6073 = ORIENTED_EDGE ( 'NONE', *, *, #8695, .F. ) ;
#6074 = FACE_OUTER_BOUND ( 'NONE', #8775, .T. ) ;
#6075 = EDGE_CURVE ( 'NONE', #3617, #752, #1983, .T. ) ;
#6076 = ADVANCED_FACE ( 'NONE', ( #9468 ), #4722, .T. ) ;
#6077 = DIRECTION ( 'NONE',  ( 0.000000000000000000, 0.000000000000000000, 1.000000000000000000 ) ) ;
#6078 = AXIS2_PLACEMENT_3D ( 'NONE', #7757, #2599, #5566 ) ;
#6079 = DIRECTION ( 'NONE',  ( -0.000000000000000000, -0.000000000000000000, -1.000000000000000000 ) ) ;
#6080 = SURFACE_SIDE_STYLE ('',( #1278 ) ) ;
#6081 = ORIENTED_EDGE ( 'NONE', *, *, #7390, .T. ) ;
#6082 = EDGE_LOOP ( 'NONE', ( #4331, #5951, #7924, #3206 ) ) ;
#6083 = EDGE_CURVE ( 'NONE', #5619, #7177, #8421, .T. ) ;
#6084 = EDGE_LOOP ( 'NONE', ( #4818, #9215 ) ) ;
#6085 = DIRECTION ( 'NONE',  ( 1.000000000000000000, 0.000000000000000000, 0.000000000000000000 ) ) ;
#6086 = DIRECTION ( 'NONE',  ( -0.000000000000000000, -0.000000000000000000, -1.000000000000000000 ) ) ;
#6087 = DIRECTION ( 'NONE',  ( 1.000000000000000000, -0.000000000000000000, -0.000000000000000000 ) ) ;
#6088 = ORIENTED_EDGE ( 'NONE', *, *, #4371, .T. ) ;
#6089 = VERTEX_POINT ( 'NONE', #3282 ) ;
#6090 = AXIS2_PLACEMENT_3D ( 'NONE', #4405, #1396, #6572 ) ;
#6091 = DIRECTION ( 'NONE',  ( 1.000000000000000000, 0.000000000000000000, 0.000000000000000000 ) ) ;
#6092 = DIRECTION ( 'NONE',  ( 0.000000000000000000, -0.000000000000000000, -1.000000000000000000 ) ) ;
#6093 = CARTESIAN_POINT ( 'NONE',  ( 750.0000000000000000, 177.4999999999999716, 18.00000000000000000 ) ) ;
#6094 = AXIS2_PLACEMENT_3D ( 'NONE', #1926, #9357, #1306 ) ;
#6095 = DIRECTION ( 'NONE',  ( 0.000000000000000000, 0.000000000000000000, 1.000000000000000000 ) ) ;
#6096 = AXIS2_PLACEMENT_3D ( 'NONE', #4706, #3930, #1706 ) ;
#6097 = DIRECTION ( 'NONE',  ( -0.000000000000000000, -0.000000000000000000, -1.000000000000000000 ) ) ;
#6098 = CARTESIAN_POINT ( 'NONE',  ( 1342.000000000000000, 80.00000000000000000, 0.000000000000000000 ) ) ;
#6099 = DIRECTION ( 'NONE',  ( -0.000000000000000000, -0.000000000000000000, -1.000000000000000000 ) ) ;
#6100 = DIRECTION ( 'NONE',  ( -1.000000000000000000, 0.000000000000000000, 0.000000000000000000 ) ) ;
#6101 = CARTESIAN_POINT ( 'NONE',  ( 1468.384776310850157, 29.11522368914954839, 11.99999999999999822 ) ) ;
#6102 = VECTOR ( 'NONE', #4392, 1000.000000000000000 ) ;
#6103 = CIRCLE ( 'NONE', #6811, 3.000000000000002665 ) ;
#6104 = AXIS2_PLACEMENT_3D ( 'NONE', #8389, #5536, #344 ) ;
#6105 = ORIENTED_EDGE ( 'NONE', *, *, #7066, .T. ) ;
#6106 = CONTEXT_DEPENDENT_SHAPE_REPRESENTATION ( #7150, #1980 ) ;
#6107 = ADVANCED_FACE ( 'NONE', ( #8663 ), #6404, .T. ) ;
#6108 = CARTESIAN_POINT ( 'NONE',  ( 1472.627416997969476, 661.6421356237309510, 11.99999999999999822 ) ) ;
#6109 = CARTESIAN_POINT ( 'NONE',  ( 753.0000000000000000, 177.4999999999999716, 18.00000000000000000 ) ) ;
#6110 = VERTEX_POINT ( 'NONE', #1260 ) ;
#6111 = ORIENTED_EDGE ( 'NONE', *, *, #8636, .T. ) ;
#6112 = DIRECTION ( 'NONE',  ( -1.000000000000000000, 0.000000000000000000, 0.000000000000000000 ) ) ;
#6113 = DIRECTION ( 'NONE',  ( 0.000000000000000000, 0.000000000000000000, 1.000000000000000000 ) ) ;
#6114 = CARTESIAN_POINT ( 'NONE',  ( -135.0000000000000000, 24.00000000000000000, -9.000000000000000000 ) ) ;
#6115 = DIRECTION ( 'NONE',  ( -1.000000000000000000, 0.000000000000000000, 0.000000000000000000 ) ) ;
#6116 = AXIS2_PLACEMENT_3D ( 'NONE', #8929, #823, #3816 ) ;
#6117 = EDGE_CURVE ( 'NONE', #7855, #797, #3603, .T. ) ;
#6118 = DIRECTION ( 'NONE',  ( 0.000000000000000000, 0.000000000000000000, 1.000000000000000000 ) ) ;
#6119 = CARTESIAN_POINT ( 'NONE',  ( -135.0000000000000000, 24.00000000000000000, -9.000000000000000000 ) ) ;
#6120 = FACE_BOUND ( 'NONE', #8009, .T. ) ;
#6121 = FACE_BOUND ( 'NONE', #1212, .T. ) ;
#6122 = VERTEX_POINT ( 'NONE', #4308 ) ;
#6123 = AXIS2_PLACEMENT_3D ( 'NONE', #3776, #805, #4506 ) ;
#6124 = DIRECTION ( 'NONE',  ( -0.000000000000000000, -0.000000000000000000, -1.000000000000000000 ) ) ;
#6125 = ORIENTED_EDGE ( 'NONE', *, *, #2515, .F. ) ;
#6126 = FACE_OUTER_BOUND ( 'NONE', #731, .T. ) ;
#6127 = CARTESIAN_POINT ( 'NONE',  ( 1316.999999999999773, 627.5000000000000000, 18.00000000000000000 ) ) ;
#6128 = FACE_BOUND ( 'NONE', #7653, .T. ) ;
#6129 = ORIENTED_EDGE ( 'NONE', *, *, #1365, .T. ) ;
#6130 = EDGE_CURVE ( 'NONE', #4788, #8213, #7740, .T. ) ;
#6131 = CIRCLE ( 'NONE', #5384, 5.999999999999783284 ) ;
#6132 = VECTOR ( 'NONE', #85, 1000.000000000000000 ) ;
#6133 = ORIENTED_EDGE ( 'NONE', *, *, #7919, .T. ) ;
#6134 = DIRECTION ( 'NONE',  ( 0.000000000000000000, 0.000000000000000000, 1.000000000000000000 ) ) ;
#6135 = ORIENTED_EDGE ( 'NONE', *, *, #1026, .T. ) ;
#6136 = CARTESIAN_POINT ( 'NONE',  ( 0.000000000000000000, 0.000000000000000000, 31.00000000000000000 ) ) ;
#6137 = VECTOR ( 'NONE', #3610, 1000.000000000000000 ) ;
#6138 = CARTESIAN_POINT ( 'NONE',  ( 570.0000000000000000, 55.00000000000000000, 1.084202172485504434E-16 ) ) ;
#6139 = DIRECTION ( 'NONE',  ( 0.000000000000000000, 0.000000000000000000, 1.000000000000000000 ) ) ;
#6140 = CIRCLE ( 'NONE', #8586, 3.000000000000002665 ) ;
#6141 = FACE_BOUND ( 'NONE', #1975, .T. ) ;
#6142 = CIRCLE ( 'NONE', #8419, 2.999999999999891642 ) ;
#6143 = VERTEX_POINT ( 'NONE', #2749 ) ;
#6144 = ORIENTED_EDGE ( 'NONE', *, *, #2184, .T. ) ;
#6145 = VERTEX_POINT ( 'NONE', #7841 ) ;
#6146 = FACE_OUTER_BOUND ( 'NONE', #3190, .T. ) ;
#6147 = PRODUCT_DEFINITION_CONTEXT ( 'detailed design', #3338, 'design' ) ;
#6148 = CARTESIAN_POINT ( 'NONE',  ( 0.000000000000000000, 80.00000000000000000, 0.000000000000000000 ) ) ;
#6149 = AXIS2_PLACEMENT_3D ( 'NONE', #1607, #5388, #4590 ) ;
#6150 = AXIS2_PLACEMENT_3D ( 'NONE', #7033, #8469, #2611 ) ;
#6151 = DIRECTION ( 'NONE',  ( -0.000000000000000000, -0.000000000000000000, -1.000000000000000000 ) ) ;
#6152 = DIRECTION ( 'NONE',  ( -0.000000000000000000, -0.000000000000000000, -1.000000000000000000 ) ) ;
#6153 = VECTOR ( 'NONE', #4235, 1000.000000000000000 ) ;
#6154 = DIRECTION ( 'NONE',  ( -0.000000000000000000, -0.000000000000000000, -1.000000000000000000 ) ) ;
#6155 = ORIENTED_EDGE ( 'NONE', *, *, #884, .T. ) ;
#6156 = ORIENTED_EDGE ( 'NONE', *, *, #3039, .T. ) ;
#6157 = ORIENTED_EDGE ( 'NONE', *, *, #2196, .T. ) ;
#6158 = FACE_OUTER_BOUND ( 'NONE', #30, .T. ) ;
#6159 = CARTESIAN_POINT ( 'NONE',  ( -800.0000000000001137, 18.00000000000000000, 400.0000000000000000 ) ) ;
#6160 = CARTESIAN_POINT ( 'NONE',  ( 1454.000000000000000, 47.49999999999998579, 0.000000000000000000 ) ) ;
#6161 = ADVANCED_FACE ( 'NONE', ( #9112 ), #5690, .T. ) ;
#6162 = CARTESIAN_POINT ( 'NONE',  ( 0.000000000000000000, 18.00000000000000000, 170.0000000000000000 ) ) ;
#6163 = CARTESIAN_POINT ( 'NONE',  ( 70.00000000000014211, 389.5000000000000568, 18.00000000000000000 ) ) ;
#6164 = ORIENTED_EDGE ( 'NONE', *, *, #7684, .T. ) ;
#6165 = LINE ( 'NONE', #7710, #7341 ) ;
#6166 = CARTESIAN_POINT ( 'NONE',  ( 750.0000000000000000, -80.00000000000000000, 627.5000000000001137 ) ) ;
#6167 = VERTEX_POINT ( 'NONE', #5060 ) ;
#6168 = VECTOR ( 'NONE', #8520, 1000.000000000000000 ) ;
#6169 = AXIS2_PLACEMENT_3D ( 'NONE', #2750, #607, #9488 ) ;
#6170 = EDGE_CURVE ( 'NONE', #5845, #1902, #3255, .T. ) ;
#6171 = AXIS2_PLACEMENT_3D ( 'NONE', #4857, #8489, #1016 ) ;
#6172 = CARTESIAN_POINT ( 'NONE',  ( 570.0000000000000000, 80.00000000000000000, 1.084202172485504434E-16 ) ) ;
#6173 = CARTESIAN_POINT ( 'NONE',  ( 273.5000000000001137, 67.49999999999988631, 18.00000000000000000 ) ) ;
#6174 = VERTEX_POINT ( 'NONE', #2720 ) ;
#6175 = DIRECTION ( 'NONE',  ( 1.000000000000000000, 0.000000000000000000, 0.000000000000000000 ) ) ;
#6176 = VECTOR ( 'NONE', #2718, 1000.000000000000000 ) ;
#6177 = ORIENTED_EDGE ( 'NONE', *, *, #5090, .T. ) ;
#6178 = CLOSED_SHELL ( 'NONE', ( #7093, #5020, #5344, #7980, #6901, #2911, #5925, #825, #6362, #5404, #7994, #6663, #6451, #7431, #6797, #9302, #173, #5839, #626, #3466, #4759, #3217 ) ) ;
#6179 = CARTESIAN_POINT ( 'NONE',  ( 1342.000000000000000, 0.000000000000000000, 0.000000000000000000 ) ) ;
#6180 = ORIENTED_EDGE ( 'NONE', *, *, #1377, .T. ) ;
#6181 = VECTOR ( 'NONE', #8192, 1000.000000000000000 ) ;
#6182 = AXIS2_PLACEMENT_3D ( 'NONE', #6698, #8854, #7383 ) ;
#6183 = AXIS2_PLACEMENT_3D ( 'NONE', #7471, #3598, #2285 ) ;
#6184 = CARTESIAN_POINT ( 'NONE',  ( -3.000000000000000888, 56.00000000000000000, 6.000000000000000000 ) ) ;
#6185 = ORIENTED_EDGE ( 'NONE', *, *, #5980, .T. ) ;
#6186 = EDGE_CURVE ( 'NONE', #7253, #473, #1629, .T. ) ;
#6187 = VECTOR ( 'NONE', #8650, 1000.000000000000000 ) ;
#6188 = ORIENTED_EDGE ( 'NONE', *, *, #540, .F. ) ;
#6189 = ORIENTED_EDGE ( 'NONE', *, *, #3846, .T. ) ;
#6190 = ORIENTED_EDGE ( 'NONE', *, *, #7071, .T. ) ;
#6191 = DIRECTION ( 'NONE',  ( 1.000000000000000000, 0.000000000000000000, 0.000000000000000000 ) ) ;
#6192 = EDGE_CURVE ( 'NONE', #6432, #8054, #6013, .T. ) ;
#6193 = DIRECTION ( 'NONE',  ( 1.000000000000000000, 0.000000000000000000, 0.000000000000000000 ) ) ;
#6194 = CARTESIAN_POINT ( 'NONE',  ( 273.5000000000001137, 212.4999999999999716, 18.00000000000000000 ) ) ;
#6195 = DIRECTION ( 'NONE',  ( -0.000000000000000000, -0.000000000000000000, -1.000000000000000000 ) ) ;
#6196 = EDGE_LOOP ( 'NONE', ( #4882, #6049, #7777, #5746 ) ) ;
#6197 = ORIENTED_EDGE ( 'NONE', *, *, #493, .T. ) ;
#6198 = DIRECTION ( 'NONE',  ( -0.000000000000000000, -0.000000000000000000, -1.000000000000000000 ) ) ;
#6199 = EDGE_CURVE ( 'NONE', #28, #8019, #5213, .T. ) ;
#6200 = CARTESIAN_POINT ( 'NONE',  ( 921.0000000000000000, 55.00000000000000000, 9.000000000000000000 ) ) ;
#6201 = CARTESIAN_POINT ( 'NONE',  ( 86.05177248089445641, 730.0000000000000000, 9.500000000000000000 ) ) ;
#6202 = CARTESIAN_POINT ( 'NONE',  ( 0.000000000000000000, 0.000000000000000000, 0.000000000000000000 ) ) ;
#6203 = EDGE_CURVE ( 'NONE', #6337, #4798, #6824, .T. ) ;
#6204 = ORIENTED_EDGE ( 'NONE', *, *, #620, .T. ) ;
#6205 = DIRECTION ( 'NONE',  ( 1.000000000000000000, 0.000000000000000000, 0.000000000000000000 ) ) ;
#6206 = DIRECTION ( 'NONE',  ( 0.000000000000000000, 0.000000000000000000, 1.000000000000000000 ) ) ;
#6207 = DIRECTION ( 'NONE',  ( 1.000000000000000000, 0.000000000000000000, 0.000000000000000000 ) ) ;
#6208 = AXIS2_PLACEMENT_3D ( 'NONE', #786, #2275, #5902 ) ;
#6209 = ADVANCED_FACE ( 'NONE', ( #3717 ), #7407, .F. ) ;
#6210 = EDGE_CURVE ( 'NONE', #705, #4558, #4870, .T. ) ;
#6211 = DIRECTION ( 'NONE',  ( -0.000000000000000000, -0.000000000000000000, -1.000000000000000000 ) ) ;
#6212 = CARTESIAN_POINT ( 'NONE',  ( 0.000000000000000000, 18.00000000000000000, 170.0000000000000000 ) ) ;
#6213 = CARTESIAN_POINT ( 'NONE',  ( 49.99999999999998579, 111.5000000000000426, 18.00000000000000000 ) ) ;
#6214 = DIRECTION ( 'NONE',  ( -0.000000000000000000, -0.000000000000000000, -1.000000000000000000 ) ) ;
#6215 = AXIS2_PLACEMENT_3D ( 'NONE', #2283, #866, #7470 ) ;
#6216 = CIRCLE ( 'NONE', #5994, 2.499999999999946709 ) ;
#6217 = CARTESIAN_POINT ( 'NONE',  ( 750.0000000000000000, 177.4999999999999716, 0.000000000000000000 ) ) ;
#6218 = DIRECTION ( 'NONE',  ( -1.000000000000000000, 0.000000000000000000, 0.000000000000000000 ) ) ;
#6219 = DIRECTION ( 'NONE',  ( 0.000000000000000000, 0.000000000000000000, 1.000000000000000000 ) ) ;
#6220 = EDGE_CURVE ( 'NONE', #4165, #8613, #8890, .T. ) ;
#6221 = CARTESIAN_POINT ( 'NONE',  ( 750.0000000000000000, 67.50000000000000000, 18.00000000000000000 ) ) ;
#6222 = DIRECTION ( 'NONE',  ( -0.000000000000000000, -0.000000000000000000, -1.000000000000000000 ) ) ;
#6223 = SURFACE_STYLE_USAGE ( .BOTH. , #3982 ) ;
#6224 = ORIENTED_EDGE ( 'NONE', *, *, #4456, .F. ) ;
#6225 = ORIENTED_EDGE ( 'NONE', *, *, #5084, .F. ) ;
#6226 = DIRECTION ( 'NONE',  ( 0.000000000000000000, 0.000000000000000000, 1.000000000000000000 ) ) ;
#6227 = CIRCLE ( 'NONE', #3951, 6.000000000000227374 ) ;
#6228 = DIRECTION ( 'NONE',  ( 1.000000000000000000, 0.000000000000000000, 0.000000000000000000 ) ) ;
#6229 = CARTESIAN_POINT ( 'NONE',  ( 50.00000000000000000, 47.49999999999998579, 18.00000000000000000 ) ) ;
#6230 = DIRECTION ( 'NONE',  ( -1.000000000000000000, 0.000000000000000000, 0.000000000000000000 ) ) ;
#6231 = DIRECTION ( 'NONE',  ( 0.000000000000000000, 0.000000000000000000, 1.000000000000000000 ) ) ;
#6232 = AXIS2_PLACEMENT_3D ( 'NONE', #2390, #883, #1731 ) ;
#6233 = EDGE_CURVE ( 'NONE', #5710, #2122, #7626, .T. ) ;
#6234 = DIRECTION ( 'NONE',  ( -0.000000000000000000, -0.000000000000000000, -1.000000000000000000 ) ) ;
#6235 = FACE_BOUND ( 'NONE', #2594, .T. ) ;
#6236 = CYLINDRICAL_SURFACE ( 'NONE', #4805, 3.000000000000047962 ) ;
#6237 = EDGE_LOOP ( 'NONE', ( #8788, #5720, #9269, #7234 ) ) ;
#6238 = VERTEX_POINT ( 'NONE', #5726 ) ;
#6239 = FACE_OUTER_BOUND ( 'NONE', #4940, .T. ) ;
#6240 = EDGE_CURVE ( 'NONE', #4558, #705, #1031, .T. ) ;
#6241 = SURFACE_STYLE_FILL_AREA ( #66 ) ;
#6242 = CARTESIAN_POINT ( 'NONE',  ( 570.0000000000000000, 55.00000000000000000, 3.000000000000047962 ) ) ;
#6243 = DIRECTION ( 'NONE',  ( -0.000000000000000000, -0.000000000000000000, -1.000000000000000000 ) ) ;
#6244 = DIRECTION ( 'NONE',  ( 0.000000000000000000, 0.000000000000000000, 1.000000000000000000 ) ) ;
#6245 = FACE_BOUND ( 'NONE', #263, .T. ) ;
#6246 = LINE ( 'NONE', #5, #2087 ) ;
#6247 = ORIENTED_EDGE ( 'NONE', *, *, #410, .F. ) ;
#6248 = CARTESIAN_POINT ( 'NONE',  ( -212.5000000000001421, 20.00000000000000000, 9.000000000000000000 ) ) ;
#6249 = EDGE_LOOP ( 'NONE', ( #2836, #2950 ) ) ;
#6250 = EDGE_CURVE ( 'NONE', #2822, #5507, #3373, .T. ) ;
#6251 = AXIS2_PLACEMENT_3D ( 'NONE', #1794, #8387, #6868 ) ;
#6252 = PRODUCT_DEFINITION_FORMATION_WITH_SPECIFIED_SOURCE ( 'ANY', '', #1330, .NOT_KNOWN. ) ;
#6253 = LINE ( 'NONE', #1339, #316 ) ;
#6254 = DIRECTION ( 'NONE',  ( -1.000000000000000000, 0.000000000000000000, 0.000000000000000000 ) ) ;
#6255 = CARTESIAN_POINT ( 'NONE',  ( 750.0000000000000000, 67.50000000000000000, 0.000000000000000000 ) ) ;
#6256 = FACE_OUTER_BOUND ( 'NONE', #9030, .T. ) ;
#6257 = DIRECTION ( 'NONE',  ( -1.000000000000000000, 0.000000000000000000, -0.000000000000000000 ) ) ;
#6258 = ADVANCED_FACE ( 'NONE', ( #1392 ), #5816, .F. ) ;
#6259 = CYLINDRICAL_SURFACE ( 'NONE', #6363, 3.000000000000058176 ) ;
#6260 = VECTOR ( 'NONE', #3355, 1000.000000000000000 ) ;
#6261 =( NAMED_UNIT ( * ) PLANE_ANGLE_UNIT ( ) SI_UNIT ( $, .RADIAN. ) );
#6262 = ORIENTED_EDGE ( 'NONE', *, *, #8264, .T. ) ;
#6263 = EDGE_LOOP ( 'NONE', ( #2157, #5014 ) ) ;
#6264 = ORIENTED_EDGE ( 'NONE', *, *, #8335, .T. ) ;
#6265 = LINE ( 'NONE', #2559, #3620 ) ;
#6266 = DIRECTION ( 'NONE',  ( 1.000000000000000000, 0.000000000000000000, 0.000000000000000000 ) ) ;
#6267 = CIRCLE ( 'NONE', #1099, 2.499999999999946709 ) ;
#6268 = CARTESIAN_POINT ( 'NONE',  ( 276.0000000000001137, 67.49999999999988631, 18.00000000000000000 ) ) ;
#6269 = AXIS2_PLACEMENT_3D ( 'NONE', #6602, #5953, #8153 ) ;
#6270 = FACE_OUTER_BOUND ( 'NONE', #5858, .T. ) ;
#6271 = VERTEX_POINT ( 'NONE', #6567 ) ;
#6272 = ORIENTED_EDGE ( 'NONE', *, *, #8804, .F. ) ;
#6273 = DIRECTION ( 'NONE',  ( -1.000000000000000000, 0.000000000000000000, 0.000000000000000000 ) ) ;
#6274 = VERTEX_POINT ( 'NONE', #8113 ) ;
#6275 = CARTESIAN_POINT ( 'NONE',  ( 70.00000000000015632, 177.4999999999999716, 18.00000000000000000 ) ) ;
#6276 = CYLINDRICAL_SURFACE ( 'NONE', #970, 2.999999999999891642 ) ;
#6277 = CARTESIAN_POINT ( 'NONE',  ( 1468.384776310850157, 29.11522368914954839, 11.99999999999999822 ) ) ;
#6278 = LINE ( 'NONE', #4105, #9501 ) ;
#6279 = EDGE_LOOP ( 'NONE', ( #2489, #8306, #7816, #363 ) ) ;
#6280 = ORIENTED_EDGE ( 'NONE', *, *, #7450, .T. ) ;
#6281 = EDGE_LOOP ( 'NONE', ( #2151, #4777, #1929, #3878 ) ) ;
#6282 = AXIS2_PLACEMENT_3D ( 'NONE', #548, #1326, #2002 ) ;
#6283 = DIRECTION ( 'NONE',  ( -0.000000000000000000, -0.000000000000000000, -1.000000000000000000 ) ) ;
#6284 = LINE ( 'NONE', #769, #2020 ) ;
#6285 =( BOUNDED_CURVE ( )  B_SPLINE_CURVE ( 3, ( #8954, #852, #5394, #7666 ),
 .UNSPECIFIED., .F., .F. ) 
 B_SPLINE_CURVE_WITH_KNOTS ( ( 4, 4 ),
 ( 1.570796326794896558, 2.766169045608754651 ),
 .UNSPECIFIED. ) 
 CURVE ( )  GEOMETRIC_REPRESENTATION_ITEM ( )  RATIONAL_B_SPLINE_CURVE ( ( 1.000000000000000000, 0.8844265230060994742, 0.8844265230060994742, 1.000000000000000000 ) ) 
 REPRESENTATION_ITEM ( '' )  );
#6286 = AXIS2_PLACEMENT_3D ( 'NONE', #7675, #4649, #8334 ) ;
#6287 = DIRECTION ( 'NONE',  ( 0.000000000000000000, 1.000000000000000000, 0.000000000000000000 ) ) ;
#6288 = CARTESIAN_POINT ( 'NONE',  ( 1423.129942314910977, 74.37005768508863923, 18.00000000000000000 ) ) ;
#6289 = VERTEX_POINT ( 'NONE', #1388 ) ;
#6290 = CYLINDRICAL_SURFACE ( 'NONE', #1065, 2.999999999999891642 ) ;
#6291 = VERTEX_POINT ( 'NONE', #7936 ) ;
#6292 = ORIENTED_EDGE ( 'NONE', *, *, #3906, .T. ) ;
#6293 = DIRECTION ( 'NONE',  ( 1.000000000000000000, 0.000000000000000000, 0.000000000000000000 ) ) ;
#6294 = ORIENTED_EDGE ( 'NONE', *, *, #3800, .T. ) ;
#6295 = DIRECTION ( 'NONE',  ( -0.000000000000000000, -0.000000000000000000, -1.000000000000000000 ) ) ;
#6296 = VERTEX_POINT ( 'NONE', #4372 ) ;
#6297 = DIRECTION ( 'NONE',  ( -0.000000000000000000, -0.000000000000000000, -1.000000000000000000 ) ) ;
#6298 = DIRECTION ( 'NONE',  ( 0.000000000000000000, 0.000000000000000000, 1.000000000000000000 ) ) ;
#6299 = CARTESIAN_POINT ( 'NONE',  ( 441.9999999999999432, 55.00000000000000000, 0.000000000000000000 ) ) ;
#6300 = DIRECTION ( 'NONE',  ( 1.000000000000000000, 0.000000000000000000, 0.000000000000000000 ) ) ;
#6301 = VERTEX_POINT ( 'NONE', #9517 ) ;
#6302 = CIRCLE ( 'NONE', #4934, 2.999999999999994671 ) ;
#6303 = ORIENTED_EDGE ( 'NONE', *, *, #5448, .F. ) ;
#6304 = ORIENTED_EDGE ( 'NONE', *, *, #9450, .F. ) ;
#6305 = AXIS2_PLACEMENT_3D ( 'NONE', #7983, #7211, #2040 ) ;
#6306 = ORIENTED_EDGE ( 'NONE', *, *, #5563, .F. ) ;
#6307 = CYLINDRICAL_SURFACE ( 'NONE', #507, 4.000000000000003553 ) ;
#6308 = VERTEX_POINT ( 'NONE', #9544 ) ;
#6309 = CARTESIAN_POINT ( 'NONE',  ( 1393.431457505075969, 104.0685424949247846, 11.99999999999999822 ) ) ;
#6310 = DIRECTION ( 'NONE',  ( -1.000000000000000000, 0.000000000000000000, 0.000000000000000000 ) ) ;
#6311 = CARTESIAN_POINT ( 'NONE',  ( 144.9999999999999147, 690.0000000000000000, 15.49999999999998934 ) ) ;
#6312 = PRODUCT_DEFINITION_SHAPE ( 'NONE', 'NONE',  #9593 ) ;
#6313 = DIRECTION ( 'NONE',  ( 1.000000000000000000, 0.000000000000000000, 0.000000000000000000 ) ) ;
#6314 = ORIENTED_EDGE ( 'NONE', *, *, #4902, .T. ) ;
#6315 = ORIENTED_EDGE ( 'NONE', *, *, #6681, .F. ) ;
#6316 = ADVANCED_FACE ( 'NONE', ( #2779 ), #5671, .F. ) ;
#6317 = ORIENTED_EDGE ( 'NONE', *, *, #417, .T. ) ;
#6318 = STYLED_ITEM ( 'NONE', ( #1732 ), #2352 ) ;
#6319 = EDGE_CURVE ( 'NONE', #1496, #5063, #6246, .T. ) ;
#6320 = DIRECTION ( 'NONE',  ( -0.000000000000000000, 1.000000000000000000, -0.000000000000000000 ) ) ;
#6321 = ORIENTED_EDGE ( 'NONE', *, *, #1248, .T. ) ;
#6322 = VERTEX_POINT ( 'NONE', #5945 ) ;
#6323 = EDGE_CURVE ( 'NONE', #6070, #8839, #3829, .T. ) ;
#6324 = CARTESIAN_POINT ( 'NONE',  ( 0.000000000000000000, 65.00000000000000000, 30.00000000000000000 ) ) ;
#6325 = DIRECTION ( 'NONE',  ( -0.000000000000000000, -0.000000000000000000, -1.000000000000000000 ) ) ;
#6326 = CARTESIAN_POINT ( 'NONE',  ( 750.0000000000000000, 347.5000000000000000, 18.00000000000000000 ) ) ;
#6327 = EDGE_CURVE ( 'NONE', #1653, #4128, #9348, .T. ) ;
#6328 = DIRECTION ( 'NONE',  ( 1.000000000000000000, 0.000000000000000000, 0.000000000000000000 ) ) ;
#6329 = CARTESIAN_POINT ( 'NONE',  ( 0.000000000000000000, 0.000000000000000000, 18.00000000000000000 ) ) ;
#6330 = DIRECTION ( 'NONE',  ( 0.000000000000000000, 0.000000000000000000, 1.000000000000000000 ) ) ;
#6331 = DIRECTION ( 'NONE',  ( 0.000000000000000000, 1.000000000000000000, 0.000000000000000000 ) ) ;
#6332 = CARTESIAN_POINT ( 'NONE',  ( 1450.000000000000000, 647.5000000000000000, 18.00000000000000000 ) ) ;
#6333 = STYLED_ITEM ( 'NONE', ( #3751 ), #4583 ) ;
#6334 = EDGE_CURVE ( 'NONE', #7518, #5576, #5435, .T. ) ;
#6335 = DIRECTION ( 'NONE',  ( 1.000000000000000000, 0.000000000000000000, 0.000000000000000000 ) ) ;
#6336 = DIRECTION ( 'NONE',  ( 1.000000000000000000, 0.000000000000000000, -0.000000000000000000 ) ) ;
#6337 = VERTEX_POINT ( 'NONE', #7995 ) ;
#6338 = ORIENTED_EDGE ( 'NONE', *, *, #9466, .F. ) ;
#6339 = DIRECTION ( 'NONE',  ( -1.000000000000000000, 0.000000000000000000, 0.000000000000000000 ) ) ;
#6340 = DIRECTION ( 'NONE',  ( -0.7071067811865517916, 0.7071067811865433539, -0.000000000000000000 ) ) ;
#6341 = DIRECTION ( 'NONE',  ( -0.000000000000000000, 1.000000000000000000, -0.000000000000000000 ) ) ;
#6342 = DIRECTION ( 'NONE',  ( 1.000000000000000000, 0.000000000000000000, 0.000000000000000000 ) ) ;
#6343 = DIRECTION ( 'NONE',  ( 0.000000000000000000, 0.000000000000000000, 1.000000000000000000 ) ) ;
#6344 = CARTESIAN_POINT ( 'NONE',  ( 1223.999999999999773, 482.5000000000000000, 18.00000000000000000 ) ) ;
#6345 = FACE_OUTER_BOUND ( 'NONE', #4536, .T. ) ;
#6346 = ORIENTED_EDGE ( 'NONE', *, *, #5768, .T. ) ;
#6347 = DIRECTION ( 'NONE',  ( -1.000000000000000000, 0.000000000000000000, 0.000000000000000000 ) ) ;
#6348 = EDGE_CURVE ( 'NONE', #4729, #7680, #3008, .T. ) ;
#6349 = ORIENTED_EDGE ( 'NONE', *, *, #609, .F. ) ;
#6350 = ADVANCED_FACE ( 'NONE', ( #1271 ), #3488, .F. ) ;
#6351 = AXIS2_PLACEMENT_3D ( 'NONE', #7879, #3478, #603 ) ;
#6352 = CARTESIAN_POINT ( 'NONE',  ( 1226.499999999999773, 482.5000000000000000, 18.00000000000000000 ) ) ;
#6353 = PLANE ( 'NONE',  #8083 ) ;
#6354 = DIRECTION ( 'NONE',  ( 0.000000000000000000, -1.000000000000000000, 0.000000000000000000 ) ) ;
#6355 = CIRCLE ( 'NONE', #8925, 3.000000000000006217 ) ;
#6356 = ORIENTED_EDGE ( 'NONE', *, *, #546, .F. ) ;
#6357 = ORIENTED_EDGE ( 'NONE', *, *, #7810, .T. ) ;
#6358 = DIRECTION ( 'NONE',  ( -0.1156569635167078447, -0.9932892160846682472, 0.000000000000000000 ) ) ;
#6359 = FACE_OUTER_BOUND ( 'NONE', #4656, .T. ) ;
#6360 = CARTESIAN_POINT ( 'NONE',  ( 3.000000000000000888, 56.00000000000000000, -9.000000000000000000 ) ) ;
#6361 = DIRECTION ( 'NONE',  ( 0.000000000000000000, 0.000000000000000000, 1.000000000000000000 ) ) ;
#6362 = ADVANCED_FACE ( 'NONE', ( #6004, #1019, #6121, #312, #2190 ), #3673, .F. ) ;
#6363 = AXIS2_PLACEMENT_3D ( 'NONE', #1719, #8354, #6051 ) ;
#6364 = AXIS2_PLACEMENT_3D ( 'NONE', #5522, #4115, #6300 ) ;
#6365 = EDGE_CURVE ( 'NONE', #2733, #2998, #197, .T. ) ;
#6366 = CARTESIAN_POINT ( 'NONE',  ( -570.0000000000000000, 55.00000000000000000, -3.000000000000047962 ) ) ;
#6367 = CIRCLE ( 'NONE', #9554, 3.000000000000002665 ) ;
#6368 = CIRCLE ( 'NONE', #2049, 2.499999999999946709 ) ;
#6369 = VECTOR ( 'NONE', #2425, 1000.000000000000227 ) ;
#6370 = EDGE_LOOP ( 'NONE', ( #968, #5468 ) ) ;
#6371 = EDGE_CURVE ( 'NONE', #6763, #4584, #7853, .T. ) ;
#6372 = ORIENTED_EDGE ( 'NONE', *, *, #8821, .F. ) ;
#6373 = VECTOR ( 'NONE', #9496, 1000.000000000000000 ) ;
#6374 = CARTESIAN_POINT ( 'NONE',  ( 86.05177248089445641, 730.0000000000000000, 9.500000000000000000 ) ) ;
#6375 = DIRECTION ( 'NONE',  ( 0.000000000000000000, 0.000000000000000000, 1.000000000000000000 ) ) ;
#6376 = CARTESIAN_POINT ( 'NONE',  ( 752.5000000000000000, 347.5000000000000000, 0.000000000000000000 ) ) ;
#6377 = VECTOR ( 'NONE', #1458, 1000.000000000000000 ) ;
#6378 = EDGE_CURVE ( 'NONE', #8722, #9350, #6700, .T. ) ;
#6379 = FACE_BOUND ( 'NONE', #6396, .T. ) ;
#6380 = DIRECTION ( 'NONE',  ( 0.000000000000000000, 0.000000000000000000, 1.000000000000000000 ) ) ;
#6381 = FACE_OUTER_BOUND ( 'NONE', #6385, .T. ) ;
#6382 = EDGE_LOOP ( 'NONE', ( #5894, #1639 ) ) ;
#6383 = VERTEX_POINT ( 'NONE', #8025 ) ;
#6384 = AXIS2_PLACEMENT_3D ( 'NONE', #3526, #1322, #4323 ) ;
#6385 = EDGE_LOOP ( 'NONE', ( #5887, #9567, #1685, #370 ) ) ;
#6386 = LINE ( 'NONE', #3585, #4551 ) ;
#6387 = EDGE_LOOP ( 'NONE', ( #8185, #5949, #5157, #4237 ) ) ;
#6388 = DIRECTION ( 'NONE',  ( 0.000000000000000000, 0.000000000000000000, 1.000000000000000000 ) ) ;
#6389 = EDGE_CURVE ( 'NONE', #4173, #3764, #9572, .T. ) ;
#6390 = DIRECTION ( 'NONE',  ( -0.000000000000000000, -0.000000000000000000, -1.000000000000000000 ) ) ;
#6391 = LINE ( 'NONE', #4779, #7330 ) ;
#6392 = CARTESIAN_POINT ( 'NONE',  ( 135.0000000000000000, 24.00000000000000000, -9.000000000000000000 ) ) ;
#6393 = ORIENTED_EDGE ( 'NONE', *, *, #8695, .T. ) ;
#6394 = ORIENTED_EDGE ( 'NONE', *, *, #4601, .T. ) ;
#6395 = APPLICATION_CONTEXT ( 'automotive_design' ) ;
#6396 = EDGE_LOOP ( 'NONE', ( #589, #673 ) ) ;
#6397 = CYLINDRICAL_SURFACE ( 'NONE', #5237, 3.000000000000113687 ) ;
#6398 = DIRECTION ( 'NONE',  ( 0.000000000000000000, 0.000000000000000000, -1.000000000000000000 ) ) ;
#6399 = AXIS2_PLACEMENT_3D ( 'NONE', #6728, #2286, #1624 ) ;
#6400 = DIRECTION ( 'NONE',  ( -0.000000000000000000, -0.000000000000000000, 1.000000000000000000 ) ) ;
#6401 = DIRECTION ( 'NONE',  ( -0.000000000000000000, -0.000000000000000000, -1.000000000000000000 ) ) ;
#6402 = EDGE_CURVE ( 'NONE', #4598, #4433, #5892, .T. ) ;
#6403 = DIRECTION ( 'NONE',  ( -1.000000000000000000, 0.000000000000000000, 0.000000000000000000 ) ) ;
#6404 = PLANE ( 'NONE',  #2039 ) ;
#6405 = ORIENTED_EDGE ( 'NONE', *, *, #1067, .F. ) ;
#6406 = CIRCLE ( 'NONE', #9076, 2.499999999999946709 ) ;
#6407 = ORIENTED_EDGE ( 'NONE', *, *, #5205, .F. ) ;
#6408 = VECTOR ( 'NONE', #6234, 1000.000000000000000 ) ;
#6409 = ADVANCED_FACE ( 'NONE', ( #7954 ), #8652, .T. ) ;
#6410 = ORIENTED_EDGE ( 'NONE', *, *, #5403, .T. ) ;
#6411 = AXIS2_PLACEMENT_3D ( 'NONE', #5174, #5875, #4438 ) ;
#6412 = FACE_OUTER_BOUND ( 'NONE', #7775, .T. ) ;
#6413 = VERTEX_POINT ( 'NONE', #2340 ) ;
#6414 = ORIENTED_EDGE ( 'NONE', *, *, #5755, .T. ) ;
#6415 = CARTESIAN_POINT ( 'NONE',  ( 1189.000000000000000, 627.5000000000001137, 18.00000000000000000 ) ) ;
#6416 = VERTEX_POINT ( 'NONE', #4602 ) ;
#6417 = VECTOR ( 'NONE', #7415, 1000.000000000000000 ) ;
#6418 = DIRECTION ( 'NONE',  ( 0.000000000000000000, 0.000000000000000000, 1.000000000000000000 ) ) ;
#6419 = CARTESIAN_POINT ( 'NONE',  ( 1223.999999999999773, 627.5000000000001137, 18.00000000000000000 ) ) ;
#6420 = ADVANCED_FACE ( 'NONE', ( #2527 ), #4048, .F. ) ;
#6421 = VERTEX_POINT ( 'NONE', #9016 ) ;
#6422 = CARTESIAN_POINT ( 'NONE',  ( 273.5000000000001137, 212.4999999999999716, 0.000000000000000000 ) ) ;
#6423 = CIRCLE ( 'NONE', #9526, 2.499999999999946709 ) ;
#6424 = CLOSED_SHELL ( 'NONE', ( #3660, #2185, #6161, #3853, #8812, #2586 ) ) ;
#6425 = ORIENTED_EDGE ( 'NONE', *, *, #7380, .T. ) ;
#6426 = DIRECTION ( 'NONE',  ( 0.000000000000000000, 0.000000000000000000, 1.000000000000000000 ) ) ;
#6427 = EDGE_LOOP ( 'NONE', ( #1020, #2202 ) ) ;
#6428 = DIRECTION ( 'NONE',  ( 0.000000000000000000, 0.000000000000000000, 1.000000000000000000 ) ) ;
#6429 = DIRECTION ( 'NONE',  ( -0.000000000000000000, -0.000000000000000000, -1.000000000000000000 ) ) ;
#6430 = AXIS2_PLACEMENT_3D ( 'NONE', #6093, #1641, #8289 ) ;
#6431 = EDGE_CURVE ( 'NONE', #5001, #7753, #5776, .T. ) ;
#6432 = VERTEX_POINT ( 'NONE', #3892 ) ;
#6433 = ORIENTED_EDGE ( 'NONE', *, *, #7797, .F. ) ;
#6434 = DIRECTION ( 'NONE',  ( -1.000000000000000000, 0.000000000000000000, 0.000000000000000000 ) ) ;
#6435 = EDGE_CURVE ( 'NONE', #5772, #7226, #3822, .T. ) ;
#6436 = DIRECTION ( 'NONE',  ( 1.000000000000000000, 0.000000000000000000, 0.000000000000000000 ) ) ;
#6437 = DIRECTION ( 'NONE',  ( -1.000000000000000000, 0.000000000000000000, -0.000000000000000000 ) ) ;
#6438 = DIRECTION ( 'NONE',  ( 0.000000000000000000, 0.000000000000000000, 1.000000000000000000 ) ) ;
#6439 = CARTESIAN_POINT ( 'NONE',  ( 42.79417451143778095, -5.689651003726128759E-17, 31.00000000000000000 ) ) ;
#6440 = VERTEX_POINT ( 'NONE', #3108 ) ;
#6441 = EDGE_CURVE ( 'NONE', #3705, #1873, #552, .T. ) ;
#6442 = AXIS2_PLACEMENT_3D ( 'NONE', #8405, #6206, #6949 ) ;
#6443 = PRODUCT_RELATED_PRODUCT_CATEGORY ( 'part', '', ( #1330 ) ) ;
#6444 = DIRECTION ( 'NONE',  ( -0.000000000000000000, 1.000000000000000000, -0.000000000000000000 ) ) ;
#6445 = CARTESIAN_POINT ( 'NONE',  ( 308.0000000000001137, 67.49999999999997158, 0.000000000000000000 ) ) ;
#6446 = DIRECTION ( 'NONE',  ( 1.000000000000000000, 0.000000000000000000, 0.000000000000000000 ) ) ;
#6447 = CARTESIAN_POINT ( 'NONE',  ( -6.245698675651501391E-14, 5.999999999999998224, -170.0000000000000000 ) ) ;
#6448 = CARTESIAN_POINT ( 'NONE',  ( 752.5000000000000000, 35.49999999999997868, 18.00000000000000000 ) ) ;
#6449 = DIRECTION ( 'NONE',  ( 0.000000000000000000, 0.000000000000000000, 1.000000000000000000 ) ) ;
#6450 = EDGE_CURVE ( 'NONE', #2090, #6174, #4738, .T. ) ;
#6451 = ADVANCED_FACE ( 'NONE', ( #8174 ), #1503, .F. ) ;
#6452 = DIRECTION ( 'NONE',  ( -1.000000000000000000, 0.000000000000000000, -0.000000000000000000 ) ) ;
#6453 = PRODUCT ( 'A005572-REFUERZOLARG', 'A005572-REFUERZOLARG', '', ( #7039 ) ) ;
#6454 = FACE_OUTER_BOUND ( 'NONE', #837, .T. ) ;
#6455 = UNCERTAINTY_MEASURE_WITH_UNIT (LENGTH_MEASURE( 1.000000000000000082E-05 ), #3796, 'distance_accuracy_value', 'NONE');
#6456 = DIRECTION ( 'NONE',  ( -1.000000000000000000, 0.000000000000000000, 0.000000000000000000 ) ) ;
#6457 = CARTESIAN_POINT ( 'NONE',  ( 1342.000000000000000, 56.00000000000000000, 9.000000000000000000 ) ) ;
#6458 = ADVANCED_FACE ( 'NONE', ( #3934 ), #796, .F. ) ;
#6459 = DIRECTION ( 'NONE',  ( 0.000000000000000000, 0.000000000000000000, -1.000000000000000000 ) ) ;
#6460 = AXIS2_PLACEMENT_3D ( 'NONE', #2088, #1283, #6426 ) ;
#6461 = CARTESIAN_POINT ( 'NONE',  ( 168.9050319128785134, 725.0000000000000000, 6.123233995736914194E-16 ) ) ;
#6462 = LINE ( 'NONE', #8961, #5876 ) ;
#6463 = CARTESIAN_POINT ( 'NONE',  ( 1447.500000000000000, 111.5000000000000426, 0.000000000000000000 ) ) ;
#6464 = ORIENTED_EDGE ( 'NONE', *, *, #423, .T. ) ;
#6465 = VERTEX_POINT ( 'NONE', #6685 ) ;
#6466 = AXIS2_PLACEMENT_3D ( 'NONE', #2328, #3071, #5265 ) ;
#6467 = FACE_BOUND ( 'NONE', #6005, .T. ) ;
#6468 = LINE ( 'NONE', #954, #4283 ) ;
#6469 = VERTEX_POINT ( 'NONE', #8147 ) ;
#6470 = DIRECTION ( 'NONE',  ( 1.000000000000000000, -1.329538674056075510E-18, 0.000000000000000000 ) ) ;
#6471 = DIRECTION ( 'NONE',  ( 0.000000000000000000, 0.000000000000000000, 1.000000000000000000 ) ) ;
#6472 = ORIENTED_EDGE ( 'NONE', *, *, #204, .F. ) ;
#6473 = DIRECTION ( 'NONE',  ( 1.000000000000000000, 0.000000000000000000, 0.000000000000000000 ) ) ;
#6474 = FACE_OUTER_BOUND ( 'NONE', #6237, .T. ) ;
#6475 = CARTESIAN_POINT ( 'NONE',  ( 1226.499999999999773, 627.5000000000001137, 18.00000000000000000 ) ) ;
#6476 = AXIS2_PLACEMENT_3D ( 'NONE', #7922, #2027, #7237 ) ;
#6477 = EDGE_CURVE ( 'NONE', #2685, #1542, #1974, .T. ) ;
#6478 = FACE_OUTER_BOUND ( 'NONE', #7113, .T. ) ;
#6479 = FACE_OUTER_BOUND ( 'NONE', #9416, .T. ) ;
#6480 = CARTESIAN_POINT ( 'NONE',  ( 0.000000000000000000, 0.000000000000000000, 0.000000000000000000 ) ) ;
#6481 = ORIENTED_EDGE ( 'NONE', *, *, #412, .F. ) ;
#6482 = ORIENTED_EDGE ( 'NONE', *, *, #3110, .T. ) ;
#6483 = DIRECTION ( 'NONE',  ( 0.000000000000000000, 0.000000000000000000, 1.000000000000000000 ) ) ;
#6484 = FACE_OUTER_BOUND ( 'NONE', #3872, .T. ) ;
#6485 = CARTESIAN_POINT ( 'NONE',  ( -138.0000000000000000, 56.00000000000001421, 6.000000000000000000 ) ) ;
#6486 = CIRCLE ( 'NONE', #1116, 3.000000000000002665 ) ;
#6487 =( NAMED_UNIT ( * ) SI_UNIT ( $, .STERADIAN. ) SOLID_ANGLE_UNIT ( ) );
#6488 = CARTESIAN_POINT ( 'NONE',  ( 1432.999999999999545, 517.5000000000001137, 0.000000000000000000 ) ) ;
#6489 = CIRCLE ( 'NONE', #3589, 3.000000000000002665 ) ;
#6490 = VECTOR ( 'NONE', #6340, 1000.000000000000000 ) ;
#6491 = ORIENTED_EDGE ( 'NONE', *, *, #6450, .T. ) ;
#6492 = ORIENTED_EDGE ( 'NONE', *, *, #1696, .F. ) ;
#6493 = ORIENTED_EDGE ( 'NONE', *, *, #189, .F. ) ;
#6494 = DIRECTION ( 'NONE',  ( -0.7071067811865449082, 0.7071067811865501263, 0.000000000000000000 ) ) ;
#6495 = VECTOR ( 'NONE', #4554, 1000.000000000000000 ) ;
#6496 = CARTESIAN_POINT ( 'NONE',  ( -135.0000000000000000, 56.00000000000001421, -9.000000000000000000 ) ) ;
#6497 = PRESENTATION_LAYER_ASSIGNMENT (  '', '', ( #3544 ) ) ;
#6498 = EDGE_LOOP ( 'NONE', ( #2702, #8705 ) ) ;
#6499 = EDGE_CURVE ( 'NONE', #6864, #6506, #2768, .T. ) ;
#6500 = DIRECTION ( 'NONE',  ( 1.000000000000000000, 0.000000000000000000, 0.000000000000000000 ) ) ;
#6501 = CARTESIAN_POINT ( 'NONE',  ( 180.0000000000000568, 67.50000000000000000, 18.00000000000000000 ) ) ;
#6502 = ADVANCED_FACE ( 'NONE', ( #3704 ), #4979, .F. ) ;
#6503 = EDGE_CURVE ( 'NONE', #2825, #4011, #1735, .T. ) ;
#6504 = CIRCLE ( 'NONE', #747, 3.000000000000197176 ) ;
#6505 = LINE ( 'NONE', #3757, #7212 ) ;
#6506 = VERTEX_POINT ( 'NONE', #2479 ) ;
#6507 = ORIENTED_EDGE ( 'NONE', *, *, #5358, .F. ) ;
#6508 = DIRECTION ( 'NONE',  ( -0.1156569635167078725, -0.9932892160846682472, 0.000000000000000000 ) ) ;
#6509 = EDGE_LOOP ( 'NONE', ( #6155, #89 ) ) ;
#6510 = FACE_OUTER_BOUND ( 'NONE', #1583, .T. ) ;
#6511 = CARTESIAN_POINT ( 'NONE',  ( 1323.000000000000000, 627.5000000000000000, 0.000000000000000000 ) ) ;
#6512 = CARTESIAN_POINT ( 'NONE',  ( 1221.499999999999773, 67.49999999999988631, 18.00000000000000000 ) ) ;
#6513 = DIRECTION ( 'NONE',  ( 0.000000000000000000, 0.000000000000000000, 1.000000000000000000 ) ) ;
#6514 = EDGE_CURVE ( 'NONE', #4448, #5745, #8541, .T. ) ;
#6515 = ADVANCED_FACE ( 'NONE', ( #9098 ), #6236, .F. ) ;
#6516 = COLOUR_RGB ( '',1.000000000000000000, 1.000000000000000000, 1.000000000000000000 ) ;
#6517 = VERTEX_POINT ( 'NONE', #1088 ) ;
#6518 = ORIENTED_EDGE ( 'NONE', *, *, #2036, .T. ) ;
#6519 = ORIENTED_EDGE ( 'NONE', *, *, #3073, .F. ) ;
#6520 = DIRECTION ( 'NONE',  ( -1.000000000000000000, 0.000000000000000000, 0.000000000000000000 ) ) ;
#6521 = FACE_OUTER_BOUND ( 'NONE', #986, .T. ) ;
#6522 = EDGE_CURVE ( 'NONE', #4670, #3637, #6468, .T. ) ;
#6523 = CARTESIAN_POINT ( 'NONE',  ( 1427.129942314910977, 74.37005768508863923, 11.99999999999999822 ) ) ;
#6524 = DIRECTION ( 'NONE',  ( 0.000000000000000000, 0.000000000000000000, 1.000000000000000000 ) ) ;
#6525 = CARTESIAN_POINT ( 'NONE',  ( 1446.000000000000000, 647.5000000000000000, 0.000000000000000000 ) ) ;
#6526 = ORIENTED_EDGE ( 'NONE', *, *, #7197, .T. ) ;
#6527 = PRODUCT ( 'A005572-FAJASXXXCORT', 'A005572-FAJASXXXCORT', '', ( #7776 ) ) ;
#6528 = LINE ( 'NONE', #7128, #6054 ) ;
#6529 = VERTEX_POINT ( 'NONE', #288 ) ;
#6530 = ORIENTED_EDGE ( 'NONE', *, *, #5210, .T. ) ;
#6531 = ORIENTED_EDGE ( 'NONE', *, *, #2000, .T. ) ;
#6532 = VERTEX_POINT ( 'NONE', #4687 ) ;
#6533 = VECTOR ( 'NONE', #4753, 1000.000000000000000 ) ;
#6534 = CARTESIAN_POINT ( 'NONE',  ( -42.00000000000000711, 55.00000000000000000, 0.000000000000000000 ) ) ;
#6535 =( GEOMETRIC_REPRESENTATION_CONTEXT ( 3 ) GLOBAL_UNCERTAINTY_ASSIGNED_CONTEXT ( ( #3630 ) ) GLOBAL_UNIT_ASSIGNED_CONTEXT ( ( #8622, #3416, #9428 ) ) REPRESENTATION_CONTEXT ( 'NONE', 'WORKASPACE' ) );
#6536 = EDGE_CURVE ( 'NONE', #2729, #1153, #8293, .T. ) ;
#6537 = CARTESIAN_POINT ( 'NONE',  ( 144.9999999999999147, 690.0000000000000000, 15.49999999999998934 ) ) ;
#6538 = ORIENTED_EDGE ( 'NONE', *, *, #1877, .T. ) ;
#6539 = CIRCLE ( 'NONE', #6778, 4.000000000000003553 ) ;
#6540 = ORIENTED_EDGE ( 'NONE', *, *, #7611, .F. ) ;
#6541 = ORIENTED_EDGE ( 'NONE', *, *, #2119, .F. ) ;
#6542 = EDGE_LOOP ( 'NONE', ( #6472, #2297, #9186, #624 ) ) ;
#6543 = EDGE_CURVE ( 'NONE', #2402, #6926, #2888, .T. ) ;
#6544 = VERTEX_POINT ( 'NONE', #2437 ) ;
#6545 = CIRCLE ( 'NONE', #9431, 3.000000000000002665 ) ;
#6546 = CARTESIAN_POINT ( 'NONE',  ( 1221.499999999999773, 627.5000000000001137, 18.00000000000000000 ) ) ;
#6547 = EDGE_LOOP ( 'NONE', ( #1239, #4681 ) ) ;
#6548 = ORIENTED_EDGE ( 'NONE', *, *, #4024, .T. ) ;
#6549 = DIRECTION ( 'NONE',  ( 1.000000000000000000, 0.000000000000000000, 0.000000000000000000 ) ) ;
#6550 = EDGE_CURVE ( 'NONE', #3901, #6069, #4172, .T. ) ;
#6551 = ORIENTED_EDGE ( 'NONE', *, *, #8645, .F. ) ;
#6552 = AXIS2_PLACEMENT_3D ( 'NONE', #8630, #9367, #2754 ) ;
#6553 = CARTESIAN_POINT ( 'NONE',  ( 0.000000000000000000, 24.00000000000000000, 9.000000000000000000 ) ) ;
#6554 = ADVANCED_FACE ( 'NONE', ( #4510 ), #3245, .F. ) ;
#6555 = ORIENTED_EDGE ( 'NONE', *, *, #3896, .T. ) ;
#6556 = ORIENTED_EDGE ( 'NONE', *, *, #228, .T. ) ;
#6557 = DIRECTION ( 'NONE',  ( -1.000000000000000000, 0.000000000000000000, 0.000000000000000000 ) ) ;
#6558 = CARTESIAN_POINT ( 'NONE',  ( 1000.000000000000000, 482.5000000000000000, 18.00000000000000000 ) ) ;
#6559 = DIRECTION ( 'NONE',  ( -1.000000000000000000, 0.000000000000000000, 0.000000000000000000 ) ) ;
#6560 = AXIS2_PLACEMENT_3D ( 'NONE', #5244, #7442, #8091 ) ;
#6561 = AXIS2_PLACEMENT_3D ( 'NONE', #8781, #1371, #2170 ) ;
#6562 = EDGE_CURVE ( 'NONE', #1697, #5165, #8877, .T. ) ;
#6563 = DIRECTION ( 'NONE',  ( 1.000000000000000000, 0.000000000000000000, 0.000000000000000000 ) ) ;
#6564 = EDGE_CURVE ( 'NONE', #5013, #6291, #4630, .T. ) ;
#6565 =( NAMED_UNIT ( * ) PLANE_ANGLE_UNIT ( ) SI_UNIT ( $, .RADIAN. ) );
#6566 = ADVANCED_FACE ( 'NONE', ( #679 ), #6935, .F. ) ;
#6567 = CARTESIAN_POINT ( 'NONE',  ( 0.000000000000000000, 50.00000000000000000, 18.00000000000000000 ) ) ;
#6568 = DIRECTION ( 'NONE',  ( 1.000000000000000000, 0.000000000000000000, 0.000000000000000000 ) ) ;
#6569 = DIRECTION ( 'NONE',  ( -0.000000000000000000, -0.000000000000000000, -1.000000000000000000 ) ) ;
#6570 = EDGE_CURVE ( 'NONE', #3519, #2648, #6355, .T. ) ;
#6571 = AXIS2_PLACEMENT_3D ( 'NONE', #3724, #1389, #6568 ) ;
#6572 = DIRECTION ( 'NONE',  ( -0.9932892160846683582, 0.1156569635167078586, 0.000000000000000000 ) ) ;
#6573 = CARTESIAN_POINT ( 'NONE',  ( 1221.499999999999773, 347.5000000000000000, 0.000000000000000000 ) ) ;
#6574 = EDGE_CURVE ( 'NONE', #8962, #4765, #4400, .T. ) ;
#6575 = DIRECTION ( 'NONE',  ( -0.000000000000000000, -0.000000000000000000, 1.000000000000000000 ) ) ;
#6576 = CARTESIAN_POINT ( 'NONE',  ( 1468.384776310850157, 665.8847763108501567, 11.99999999999999822 ) ) ;
#6577 = CIRCLE ( 'NONE', #7136, 2.500000000000002220 ) ;
#6578 = VECTOR ( 'NONE', #307, 1000.000000000000000 ) ;
#6579 = EDGE_LOOP ( 'NONE', ( #7917, #1984 ) ) ;
#6580 = MANIFOLD_SOLID_BREP ( 'Cortar-Extruir3', #7355 ) ;
#6581 = DIRECTION ( 'NONE',  ( 1.000000000000000000, 0.000000000000000000, 0.000000000000000000 ) ) ;
#6582 = AXIS2_PLACEMENT_3D ( 'NONE', #1976, #9216, #5646 ) ;
#6583 = DIRECTION ( 'NONE',  ( 0.000000000000000000, 0.000000000000000000, -1.000000000000000000 ) ) ;
#6584 = DIRECTION ( 'NONE',  ( 0.000000000000000000, 0.000000000000000000, 1.000000000000000000 ) ) ;
#6585 = DIRECTION ( 'NONE',  ( 1.000000000000000000, 0.000000000000000000, 0.000000000000000000 ) ) ;
#6586 = VECTOR ( 'NONE', #6358, 1000.000000000000227 ) ;
#6587 = EDGE_LOOP ( 'NONE', ( #1228, #5627 ) ) ;
#6588 = CARTESIAN_POINT ( 'NONE',  ( 183.0000000000003695, 627.4999999999998863, 18.00000000000000000 ) ) ;
#6589 = ORIENTED_EDGE ( 'NONE', *, *, #1119, .T. ) ;
#6590 = CARTESIAN_POINT ( 'NONE',  ( 70.00000000000014211, 305.5000000000000000, 18.00000000000000000 ) ) ;
#6591 = CARTESIAN_POINT ( 'NONE',  ( 0.000000000000000000, 24.00000000000000000, -9.000000000000000000 ) ) ;
#6592 = DIRECTION ( 'NONE',  ( -0.000000000000000000, -0.000000000000000000, -1.000000000000000000 ) ) ;
#6593 = AXIS2_PLACEMENT_3D ( 'NONE', #2724, #5695, #4252 ) ;
#6594 = CARTESIAN_POINT ( 'NONE',  ( -3.469446951953614189E-15, 65.00000000000000000, 30.00000000000000000 ) ) ;
#6595 = AXIS2_PLACEMENT_3D ( 'NONE', #6034, #789, #2339 ) ;
#6596 = ADVANCED_FACE ( 'NONE', ( #6598 ), #2500, .T. ) ;
#6597 = LINE ( 'NONE', #4575, #3130 ) ;
#6598 = FACE_OUTER_BOUND ( 'NONE', #666, .T. ) ;
#6599 = ORIENTED_EDGE ( 'NONE', *, *, #4460, .F. ) ;
#6600 = ORIENTED_EDGE ( 'NONE', *, *, #7717, .F. ) ;
#6601 = CIRCLE ( 'NONE', #7905, 2.500000000000015987 ) ;
#6602 = CARTESIAN_POINT ( 'NONE',  ( 0.000000000000000000, 24.00000000000000000, 6.000000000000000000 ) ) ;
#6603 = DIRECTION ( 'NONE',  ( -0.000000000000000000, -0.000000000000000000, -1.000000000000000000 ) ) ;
#6604 = CYLINDRICAL_SURFACE ( 'NONE', #2591, 3.000000000000000888 ) ;
#6605 = VECTOR ( 'NONE', #5601, 1000.000000000000000 ) ;
#6606 = VECTOR ( 'NONE', #7628, 1000.000000000000000 ) ;
#6607 = ORIENTED_EDGE ( 'NONE', *, *, #905, .T. ) ;
#6608 = ORIENTED_EDGE ( 'NONE', *, *, #4877, .F. ) ;
#6609 = ADVANCED_FACE ( 'NONE', ( #465 ), #1834, .F. ) ;
#6610 = CIRCLE ( 'NONE', #6476, 6.000000000000047073 ) ;
#6611 = AXIS2_PLACEMENT_3D ( 'NONE', #1004, #763, #1415 ) ;
#6612 = AXIS2_PLACEMENT_3D ( 'NONE', #6212, #386, #4705 ) ;
#6613 = DIRECTION ( 'NONE',  ( 0.000000000000000000, 1.000000000000000000, 0.000000000000000000 ) ) ;
#6614 = CIRCLE ( 'NONE', #2639, 4.000000000000003553 ) ;
#6615 = DIRECTION ( 'NONE',  ( -0.000000000000000000, -0.000000000000000000, -1.000000000000000000 ) ) ;
#6616 = LINE ( 'NONE', #6822, #9122 ) ;
#6617 = VECTOR ( 'NONE', #4618, 1000.000000000000000 ) ;
#6618 = ORIENTED_EDGE ( 'NONE', *, *, #9466, .T. ) ;
#6619 = EDGE_LOOP ( 'NONE', ( #2835, #387 ) ) ;
#6620 = CARTESIAN_POINT ( 'NONE',  ( 1429.999999999999773, 517.5000000000001137, 18.00000000000000000 ) ) ;
#6621 = VERTEX_POINT ( 'NONE', #1121 ) ;
#6622 = CYLINDRICAL_SURFACE ( 'NONE', #2155, 3.000000000000058176 ) ;
#6623 = PRODUCT_DEFINITION_SHAPE ( 'NONE', 'NONE',  #9582 ) ;
#6624 = DIRECTION ( 'NONE',  ( 0.000000000000000000, 0.000000000000000000, 1.000000000000000000 ) ) ;
#6625 = PLANE ( 'NONE',  #3167 ) ;
#6626 = CIRCLE ( 'NONE', #792, 3.000000000000113687 ) ;
#6627 = DIRECTION ( 'NONE',  ( 0.000000000000000000, 0.000000000000000000, 1.000000000000000000 ) ) ;
#6628 = CYLINDRICAL_SURFACE ( 'NONE', #7509, 5.999999999999561240 ) ;
#6629 = DIRECTION ( 'NONE',  ( 0.000000000000000000, 0.000000000000000000, 1.000000000000000000 ) ) ;
#6630 = CARTESIAN_POINT ( 'NONE',  ( 70.00000000000017053, 209.4999999999998295, 0.000000000000000000 ) ) ;
#6631 = ORIENTED_EDGE ( 'NONE', *, *, #6060, .T. ) ;
#6632 = EDGE_LOOP ( 'NONE', ( #8809, #3087 ) ) ;
#6633 = AXIS2_PLACEMENT_3D ( 'NONE', #1774, #4736, #6933 ) ;
#6634 = EDGE_LOOP ( 'NONE', ( #6766, #8365 ) ) ;
#6635 = EDGE_CURVE ( 'NONE', #2823, #2647, #5444, .T. ) ;
#6636 = DIRECTION ( 'NONE',  ( 0.000000000000000000, 0.000000000000000000, 1.000000000000000000 ) ) ;
#6637 = LINE ( 'NONE', #7398, #5703 ) ;
#6638 = AXIS2_PLACEMENT_3D ( 'NONE', #5623, #401, #4036 ) ;
#6639 = DIRECTION ( 'NONE',  ( -1.000000000000000000, 0.000000000000000000, 0.000000000000000000 ) ) ;
#6640 = CIRCLE ( 'NONE', #6208, 4.000000000000003553 ) ;
#6641 = ORIENTED_EDGE ( 'NONE', *, *, #1738, .T. ) ;
#6642 = CIRCLE ( 'NONE', #6638, 4.000000000000003553 ) ;
#6643 = ORIENTED_EDGE ( 'NONE', *, *, #4218, .F. ) ;
#6644 = CYLINDRICAL_SURFACE ( 'NONE', #7165, 3.000000000000002665 ) ;
#6645 = DIRECTION ( 'NONE',  ( -0.000000000000000000, -0.000000000000000000, -1.000000000000000000 ) ) ;
#6646 = EDGE_CURVE ( 'NONE', #2006, #7733, #3516, .T. ) ;
#6647 = CARTESIAN_POINT ( 'NONE',  ( 102.3259018078048683, 586.6888168179572176, 11.99999999999999822 ) ) ;
#6648 = ORIENTED_EDGE ( 'NONE', *, *, #2740, .F. ) ;
#6649 = LINE ( 'NONE', #6895, #8116 ) ;
#6650 = EDGE_LOOP ( 'NONE', ( #2324, #4352, #3362, #3638 ) ) ;
#6651 = ORIENTED_EDGE ( 'NONE', *, *, #2871, .T. ) ;
#6652 = ADVANCED_FACE ( 'NONE', ( #2343 ), #9245, .F. ) ;
#6653 = ORIENTED_EDGE ( 'NONE', *, *, #1616, .T. ) ;
#6654 = LINE ( 'NONE', #9000, #6181 ) ;
#6655 = DIRECTION ( 'NONE',  ( 0.000000000000000000, 0.000000000000000000, 1.000000000000000000 ) ) ;
#6656 = DIRECTION ( 'NONE',  ( 1.000000000000000000, 0.000000000000000000, 0.000000000000000000 ) ) ;
#6657 = FACE_OUTER_BOUND ( 'NONE', #1010, .T. ) ;
#6658 = ORIENTED_EDGE ( 'NONE', *, *, #4757, .F. ) ;
#6659 = ORIENTED_EDGE ( 'NONE', *, *, #6806, .F. ) ;
#6660 = ORIENTED_EDGE ( 'NONE', *, *, #3222, .F. ) ;
#6661 = AXIS2_PLACEMENT_3D ( 'NONE', #7180, #3475, #1194 ) ;
#6662 = VERTEX_POINT ( 'NONE', #425 ) ;
#6663 = ADVANCED_FACE ( 'NONE', ( #1869 ), #2615, .F. ) ;
#6664 = DIRECTION ( 'NONE',  ( 0.000000000000000000, -1.000000000000000000, 0.000000000000000000 ) ) ;
#6665 = CARTESIAN_POINT ( 'NONE',  ( 441.9999999999999432, 55.00000000000000000, 2.999999999999994671 ) ) ;
#6666 = ORIENTED_EDGE ( 'NONE', *, *, #8813, .F. ) ;
#6667 = EDGE_LOOP ( 'NONE', ( #5120, #3706, #6111, #8108 ) ) ;
#6668 = CARTESIAN_POINT ( 'NONE',  ( 1423.129942314910977, 74.37005768508863923, 11.99999999999999822 ) ) ;
#6669 = CARTESIAN_POINT ( 'NONE',  ( 500.0000000000000000, 347.5000000000000000, 18.00000000000000000 ) ) ;
#6670 = AXIS2_PLACEMENT_3D ( 'NONE', #7851, #8601, #4944 ) ;
#6671 = EDGE_CURVE ( 'NONE', #1505, #4641, #3854, .T. ) ;
#6672 = CARTESIAN_POINT ( 'NONE',  ( 25.00000000000000000, 56.00000000000000000, 9.000000000000000000 ) ) ;
#6673 = ORIENTED_EDGE ( 'NONE', *, *, #857, .T. ) ;
#6674 = AXIS2_PLACEMENT_3D ( 'NONE', #5446, #4731, #6191 ) ;
#6675 = CARTESIAN_POINT ( 'NONE',  ( 1450.000000000000000, 111.5000000000000426, 18.00000000000000000 ) ) ;
#6676 = DIRECTION ( 'NONE',  ( 0.000000000000000000, 0.000000000000000000, 1.000000000000000000 ) ) ;
#6677 = CARTESIAN_POINT ( 'NONE',  ( 67.50000000000017053, 485.5000000000001705, 18.00000000000000000 ) ) ;
#6678 = CARTESIAN_POINT ( 'NONE',  ( 1429.999999999999773, 209.4999999999998295, 0.000000000000000000 ) ) ;
#6679 = AXIS2_PLACEMENT_3D ( 'NONE', #3679, #4481, #19 ) ;
#6680 = STYLED_ITEM ( 'NONE', ( #1848 ), #4735 ) ;
#6681 = EDGE_CURVE ( 'NONE', #4930, #9374, #7974, .T. ) ;
#6682 = CARTESIAN_POINT ( 'NONE',  ( 76.87005768508898029, 620.6299423149114318, 11.99999999999999822 ) ) ;
#6683 = EDGE_CURVE ( 'NONE', #6926, #4060, #7764, .T. ) ;
#6684 = DIRECTION ( 'NONE',  ( -0.000000000000000000, -0.000000000000000000, -1.000000000000000000 ) ) ;
#6685 = CARTESIAN_POINT ( 'NONE',  ( 1323.000000000000000, 627.5000000000000000, 18.00000000000000000 ) ) ;
#6686 = CYLINDRICAL_SURFACE ( 'NONE', #1859, 2.500000000000002220 ) ;
#6687 = EDGE_CURVE ( 'NONE', #6851, #6440, #2411, .T. ) ;
#6688 = DIRECTION ( 'NONE',  ( 0.000000000000000000, 0.000000000000000000, 1.000000000000000000 ) ) ;
#6689 = DIRECTION ( 'NONE',  ( 0.000000000000000000, 0.000000000000000000, 1.000000000000000000 ) ) ;
#6690 = DIRECTION ( 'NONE',  ( 0.000000000000000000, 0.000000000000000000, -1.000000000000000000 ) ) ;
#6691 = CIRCLE ( 'NONE', #5633, 2.999999999999891642 ) ;
#6692 = VERTEX_POINT ( 'NONE', #1943 ) ;
#6693 = EDGE_CURVE ( 'NONE', #4193, #8323, #5846, .T. ) ;
#6694 = ORIENTED_EDGE ( 'NONE', *, *, #4914, .F. ) ;
#6695 = CARTESIAN_POINT ( 'NONE',  ( 180.0000000000001137, 35.49999999999997868, 18.00000000000000000 ) ) ;
#6696 = VECTOR ( 'NONE', #8867, 1000.000000000000000 ) ;
#6697 = ADVANCED_FACE ( 'NONE', ( #745 ), #8727, .F. ) ;
#6698 = CARTESIAN_POINT ( 'NONE',  ( -135.0000000000000000, 56.00000000000001421, 6.000000000000000000 ) ) ;
#6699 = FACE_BOUND ( 'NONE', #7800, .T. ) ;
#6700 = CIRCLE ( 'NONE', #2885, 3.000000000000009770 ) ;
#6701 = ORIENTED_EDGE ( 'NONE', *, *, #2095, .T. ) ;
#6702 = VERTEX_POINT ( 'NONE', #3336 ) ;
#6703 = AXIS2_PLACEMENT_3D ( 'NONE', #1465, #2164, #2136 ) ;
#6704 = DIRECTION ( 'NONE',  ( 1.000000000000000000, 0.000000000000000000, 0.000000000000000000 ) ) ;
#6705 = CYLINDRICAL_SURFACE ( 'NONE', #3905, 3.000000000000197176 ) ;
#6706 = DIRECTION ( 'NONE',  ( -1.000000000000000000, 0.000000000000000000, 0.000000000000000000 ) ) ;
#6707 = CARTESIAN_POINT ( 'NONE',  ( 1223.999999999999773, 212.4999999999999716, 18.00000000000000000 ) ) ;
#6708 = EDGE_CURVE ( 'NONE', #6289, #3823, #151, .T. ) ;
#6709 = DIRECTION ( 'NONE',  ( -0.000000000000000000, 1.000000000000000000, -0.000000000000000000 ) ) ;
#6710 = ORIENTED_EDGE ( 'NONE', *, *, #9273, .F. ) ;
#6711 = CARTESIAN_POINT ( 'NONE',  ( 1464.142135623730837, 24.87258300203017569, 18.00000000000000000 ) ) ;
#6712 = CYLINDRICAL_SURFACE ( 'NONE', #4587, 4.000000000000017764 ) ;
#6713 = FACE_OUTER_BOUND ( 'NONE', #3034, .T. ) ;
#6714 = ORIENTED_EDGE ( 'NONE', *, *, #8733, .F. ) ;
#6715 = EDGE_LOOP ( 'NONE', ( #2814, #1416, #9173, #5514 ) ) ;
#6716 = LINE ( 'NONE', #5883, #6137 ) ;
#6717 = DIRECTION ( 'NONE',  ( 0.000000000000000000, 1.000000000000000000, 0.000000000000000000 ) ) ;
#6718 = AXIS2_PLACEMENT_3D ( 'NONE', #7590, #3178, #8375 ) ;
#6719 = CARTESIAN_POINT ( 'NONE',  ( -648.5000000000002274, 0.000000000000000000, -8.999999999999948486 ) ) ;
#6720 = PRESENTATION_STYLE_ASSIGNMENT (( #832 ) ) ;
#6721 =( LENGTH_UNIT ( ) NAMED_UNIT ( * ) SI_UNIT ( .MILLI., .METRE. ) );
#6722 = CIRCLE ( 'NONE', #7660, 3.000000000000000888 ) ;
#6723 = EDGE_CURVE ( 'NONE', #2475, #3431, #2361, .T. ) ;
#6724 = CIRCLE ( 'NONE', #408, 2.499999999999946709 ) ;
#6725 = CYLINDRICAL_SURFACE ( 'NONE', #6043, 2.500000000000015987 ) ;
#6726 = ORIENTED_EDGE ( 'NONE', *, *, #4376, .T. ) ;
#6727 = VERTEX_POINT ( 'NONE', #6480 ) ;
#6728 = CARTESIAN_POINT ( 'NONE',  ( 59.99999999999998579, 70.00000000000000000, 15.00000000000000711 ) ) ;
#6729 = ORIENTED_EDGE ( 'NONE', *, *, #4604, .F. ) ;
#6730 = DIRECTION ( 'NONE',  ( 0.000000000000000000, 0.000000000000000000, 1.000000000000000000 ) ) ;
#6731 = CYLINDRICAL_SURFACE ( 'NONE', #9438, 3.000000000000001332 ) ;
#6732 = ORIENTED_EDGE ( 'NONE', *, *, #6562, .F. ) ;
#6733 = CARTESIAN_POINT ( 'NONE',  ( 1389.188816817956649, 99.82590180780515254, 18.00000000000000000 ) ) ;
#6734 = DIRECTION ( 'NONE',  ( 1.000000000000000000, 0.000000000000000000, 0.000000000000000000 ) ) ;
#6735 = CIRCLE ( 'NONE', #9205, 2.499999999999946709 ) ;
#6736 = VECTOR ( 'NONE', #7348, 1000.000000000000000 ) ;
#6737 = ORIENTED_EDGE ( 'NONE', *, *, #2372, .F. ) ;
#6738 = ORIENTED_EDGE ( 'NONE', *, *, #4573, .T. ) ;
#6739 = ORIENTED_EDGE ( 'NONE', *, *, #2403, .T. ) ;
#6740 = CARTESIAN_POINT ( 'NONE',  ( 1223.999999999999773, 212.4999999999999716, 18.00000000000000000 ) ) ;
#6741 = FACE_OUTER_BOUND ( 'NONE', #6082, .T. ) ;
#6742 = AXIS2_PLACEMENT_3D ( 'NONE', #7986, #4296, #9383 ) ;
#6743 =( GEOMETRIC_REPRESENTATION_CONTEXT ( 3 ) GLOBAL_UNCERTAINTY_ASSIGNED_CONTEXT ( ( #5451 ) ) GLOBAL_UNIT_ASSIGNED_CONTEXT ( ( #2260, #1565, #640 ) ) REPRESENTATION_CONTEXT ( 'NONE', 'WORKASPACE' ) );
#6744 = EDGE_CURVE ( 'NONE', #8995, #6291, #388, .T. ) ;
#6745 = DIRECTION ( 'NONE',  ( 0.000000000000000000, -1.000000000000000000, 0.000000000000000000 ) ) ;
#6746 = EDGE_CURVE ( 'NONE', #8054, #6432, #2247, .T. ) ;
#6747 = DIRECTION ( 'NONE',  ( 0.000000000000000000, 0.000000000000000000, 1.000000000000000000 ) ) ;
#6748 = VECTOR ( 'NONE', #7633, 1000.000000000000000 ) ;
#6749 = VERTEX_POINT ( 'NONE', #9506 ) ;
#6750 = VECTOR ( 'NONE', #4952, 1000.000000000000000 ) ;
#6751 = ORIENTED_EDGE ( 'NONE', *, *, #6378, .T. ) ;
#6752 = FACE_OUTER_BOUND ( 'NONE', #8891, .T. ) ;
#6753 = DIRECTION ( 'NONE',  ( -0.000000000000000000, -0.000000000000000000, -1.000000000000000000 ) ) ;
#6754 = CARTESIAN_POINT ( 'NONE',  ( -204.5000000000001137, 20.00000000000000000, 9.000000000000000000 ) ) ;
#6755 = DIRECTION ( 'NONE',  ( 0.000000000000000000, 1.000000000000000000, 0.000000000000000000 ) ) ;
#6756 = EDGE_CURVE ( 'NONE', #8231, #6383, #3890, .T. ) ;
#6757 = ADVANCED_FACE ( 'NONE', ( #9295 ), #3563, .F. ) ;
#6758 = DIRECTION ( 'NONE',  ( 0.000000000000000000, 0.000000000000000000, 1.000000000000000000 ) ) ;
#6759 = PRODUCT_DEFINITION_FORMATION_WITH_SPECIFIED_SOURCE ( 'ANY', '', #6527, .NOT_KNOWN. ) ;
#6760 = VERTEX_POINT ( 'NONE', #4291 ) ;
#6761 = CARTESIAN_POINT ( 'NONE',  ( 997.0000000000001137, 347.5000000000000000, 18.00000000000000000 ) ) ;
#6762 = SURFACE_STYLE_FILL_AREA ( #4268 ) ;
#6763 = VERTEX_POINT ( 'NONE', #7168 ) ;
#6764 = ORIENTED_EDGE ( 'NONE', *, *, #7166, .F. ) ;
#6765 = SURFACE_STYLE_USAGE ( .BOTH. , #3861 ) ;
#6766 = ORIENTED_EDGE ( 'NONE', *, *, #6574, .F. ) ;
#6767 = ORIENTED_EDGE ( 'NONE', *, *, #1851, .T. ) ;
#6768 = CYLINDRICAL_SURFACE ( 'NONE', #768, 2.999999999999891642 ) ;
#6769 = CARTESIAN_POINT ( 'NONE',  ( 54.00000000000002132, 647.5000000000000000, 0.000000000000000000 ) ) ;
#6770 = ORIENTED_EDGE ( 'NONE', *, *, #5205, .T. ) ;
#6771 = CARTESIAN_POINT ( 'NONE',  ( 278.5000000000001137, 347.5000000000000000, 18.00000000000000000 ) ) ;
#6772 = CIRCLE ( 'NONE', #7388, 2.500000000000002220 ) ;
#6773 = VERTEX_POINT ( 'NONE', #8701 ) ;
#6774 = ORIENTED_EDGE ( 'NONE', *, *, #8386, .F. ) ;
#6775 = DIRECTION ( 'NONE',  ( 1.000000000000000000, 0.000000000000000000, 0.000000000000000000 ) ) ;
#6776 = VERTEX_POINT ( 'NONE', #6523 ) ;
#6777 = CIRCLE ( 'NONE', #7937, 2.999999999999891642 ) ;
#6778 = AXIS2_PLACEMENT_3D ( 'NONE', #413, #7720, #6335 ) ;
#6779 = CARTESIAN_POINT ( 'NONE',  ( 0.000000000000000000, 695.0000000000000000, 18.00000000000000000 ) ) ;
#6780 = PRODUCT_DEFINITION_SHAPE ( 'NONE', 'NONE',  #5511 ) ;
#6781 = DIRECTION ( 'NONE',  ( 0.000000000000000000, 0.000000000000000000, 1.000000000000000000 ) ) ;
#6782 = EDGE_LOOP ( 'NONE', ( #4164, #1450 ) ) ;
#6783 = ORIENTED_EDGE ( 'NONE', *, *, #2899, .T. ) ;
#6784 = DIRECTION ( 'NONE',  ( -0.000000000000000000, -0.000000000000000000, -1.000000000000000000 ) ) ;
#6785 = ORIENTED_EDGE ( 'NONE', *, *, #5886, .F. ) ;
#6786 = CARTESIAN_POINT ( 'NONE',  ( 0.000000000000000000, 0.000000000000000000, 0.000000000000000000 ) ) ;
#6787 = DIRECTION ( 'NONE',  ( -1.000000000000000000, 0.000000000000000000, 0.000000000000000000 ) ) ;
#6788 = AXIS2_PLACEMENT_3D ( 'NONE', #5232, #5519, #5495 ) ;
#6789 = DIRECTION ( 'NONE',  ( -0.000000000000000000, -0.000000000000000000, -1.000000000000000000 ) ) ;
#6790 = AXIS2_PLACEMENT_3D ( 'NONE', #8703, #1941, #4295 ) ;
#6791 = ORIENTED_EDGE ( 'NONE', *, *, #5739, .F. ) ;
#6792 = VERTEX_POINT ( 'NONE', #7269 ) ;
#6793 = DIRECTION ( 'NONE',  ( -0.000000000000000000, -0.000000000000000000, 1.000000000000000000 ) ) ;
#6794 = CARTESIAN_POINT ( 'NONE',  ( 1000.000000000000000, 347.5000000000000000, 18.00000000000000000 ) ) ;
#6795 = CARTESIAN_POINT ( 'NONE',  ( 76.87005768508892345, 74.37005768508863923, 11.99999999999999822 ) ) ;
#6796 = FILL_AREA_STYLE_COLOUR ( '', #4994 ) ;
#6797 = ADVANCED_FACE ( 'NONE', ( #6074 ), #8014, .F. ) ;
#6798 = CARTESIAN_POINT ( 'NONE',  ( 0.000000000000000000, 24.00000000000000000, 6.000000000000000000 ) ) ;
#6799 = AXIS2_PLACEMENT_3D ( 'NONE', #6890, #4782, #8339 ) ;
#6800 = SHAPE_REPRESENTATION ( 'A005572-FAJASXXXLARG', ( #6183 ), #5821 ) ;
#6801 = ADVANCED_FACE ( 'NONE', ( #1919 ), #8012, .T. ) ;
#6802 = DIRECTION ( 'NONE',  ( -0.000000000000000000, -0.000000000000000000, -1.000000000000000000 ) ) ;
#6803 = DIRECTION ( 'NONE',  ( 0.000000000000000000, 0.000000000000000000, 1.000000000000000000 ) ) ;
#6804 = CARTESIAN_POINT ( 'NONE',  ( 93.11349281540012157, 725.0000000000000000, 31.00000000000000000 ) ) ;
#6805 = AXIS2_PLACEMENT_3D ( 'NONE', #7607, #5370, #6914 ) ;
#6806 = EDGE_CURVE ( 'NONE', #4873, #7299, #3996, .T. ) ;
#6807 = CIRCLE ( 'NONE', #3972, 3.000000000000002665 ) ;
#6808 = LINE ( 'NONE', #7267, #1959 ) ;
#6809 = DIRECTION ( 'NONE',  ( -0.000000000000000000, -0.000000000000000000, -1.000000000000000000 ) ) ;
#6810 = ORIENTED_EDGE ( 'NONE', *, *, #1942, .T. ) ;
#6811 = AXIS2_PLACEMENT_3D ( 'NONE', #178, #5397, #6115 ) ;
#6812 = DIRECTION ( 'NONE',  ( 1.000000000000000000, 0.000000000000000000, 0.000000000000000000 ) ) ;
#6813 = DIRECTION ( 'NONE',  ( 1.000000000000000000, 0.000000000000000000, 0.000000000000000000 ) ) ;
#6814 = CARTESIAN_POINT ( 'NONE',  ( 1223.999999999999773, 627.5000000000001137, 18.00000000000000000 ) ) ;
#6815 = ORIENTED_EDGE ( 'NONE', *, *, #41, .T. ) ;
#6816 =( LENGTH_UNIT ( ) NAMED_UNIT ( * ) SI_UNIT ( .MILLI., .METRE. ) );
#6817 = VECTOR ( 'NONE', #3987, 1000.000000000000227 ) ;
#6818 = ORIENTED_EDGE ( 'NONE', *, *, #7252, .T. ) ;
#6819 = ORIENTED_EDGE ( 'NONE', *, *, #662, .T. ) ;
#6820 = EDGE_CURVE ( 'NONE', #1528, #7311, #9524, .T. ) ;
#6821 = ORIENTED_EDGE ( 'NONE', *, *, #3953, .T. ) ;
#6822 = CARTESIAN_POINT ( 'NONE',  ( 1474.384776310850384, 29.11522368914954839, 11.99999999999999822 ) ) ;
#6823 = FACE_OUTER_BOUND ( 'NONE', #8542, .T. ) ;
#6824 = LINE ( 'NONE', #1304, #3498 ) ;
#6825 = ORIENTED_EDGE ( 'NONE', *, *, #7719, .F. ) ;
#6826 = ORIENTED_EDGE ( 'NONE', *, *, #915, .T. ) ;
#6827 = VECTOR ( 'NONE', #2383, 1000.000000000000000 ) ;
#6828 = SHAPE_REPRESENTATION_RELATIONSHIP ( 'NONE' , 'NONE' ,  #6800, #4157 ) ;
#6829 = CIRCLE ( 'NONE', #3148, 3.000000000000002665 ) ;
#6830 = AXIS2_PLACEMENT_3D ( 'NONE', #6457, #4935, #9320 ) ;
#6831 = VECTOR ( 'NONE', #3321, 1000.000000000000000 ) ;
#6832 = FACE_OUTER_BOUND ( 'NONE', #3088, .T. ) ;
#6833 = ORIENTED_EDGE ( 'NONE', *, *, #2395, .T. ) ;
#6834 = EDGE_CURVE ( 'NONE', #1528, #1900, #4121, .T. ) ;
#6835 = EDGE_LOOP ( 'NONE', ( #2182, #7765 ) ) ;
#6836 = FACE_OUTER_BOUND ( 'NONE', #3435, .T. ) ;
#6837 = CARTESIAN_POINT ( 'NONE',  ( 441.9999999999999432, 80.00000000000000000, 0.000000000000000000 ) ) ;
#6838 = VECTOR ( 'NONE', #6154, 1000.000000000000000 ) ;
#6839 = DIRECTION ( 'NONE',  ( -1.000000000000000000, 0.000000000000000000, 0.000000000000000000 ) ) ;
#6840 = ADVANCED_FACE ( 'NONE', ( #501 ), #1213, .F. ) ;
#6841 = FACE_BOUND ( 'NONE', #7332, .T. ) ;
#6842 = CIRCLE ( 'NONE', #1646, 2.499999999999946709 ) ;
#6843 = FILL_AREA_STYLE_COLOUR ( '', #445 ) ;
#6844 = DIRECTION ( 'NONE',  ( -0.000000000000000000, -0.000000000000000000, 1.000000000000000000 ) ) ;
#6845 = EDGE_LOOP ( 'NONE', ( #2805, #6936 ) ) ;
#6846 = ORIENTED_EDGE ( 'NONE', *, *, #9208, .F. ) ;
#6847 = ORIENTED_EDGE ( 'NONE', *, *, #5572, .T. ) ;
#6848 = DIRECTION ( 'NONE',  ( -0.000000000000000000, -0.000000000000000000, -1.000000000000000000 ) ) ;
#6849 = CIRCLE ( 'NONE', #8059, 4.000000000000003553 ) ;
#6850 = DIRECTION ( 'NONE',  ( -1.110223024625156540E-16, 0.000000000000000000, -1.000000000000000222 ) ) ;
#6851 = VERTEX_POINT ( 'NONE', #4261 ) ;
#6852 = EDGE_CURVE ( 'NONE', #5362, #3048, #7572, .T. ) ;
#6853 = LINE ( 'NONE', #8659, #3739 ) ;
#6854 = AXIS2_PLACEMENT_3D ( 'NONE', #9220, #2643, #6273 ) ;
#6855 = CARTESIAN_POINT ( 'NONE',  ( 1423.129942314910977, 620.6299423149113181, 11.99999999999999822 ) ) ;
#6856 = ORIENTED_EDGE ( 'NONE', *, *, #4470, .T. ) ;
#6857 = VECTOR ( 'NONE', #885, 1000.000000000000000 ) ;
#6858 = ORIENTED_EDGE ( 'NONE', *, *, #8979, .F. ) ;
#6859 = ORIENTED_EDGE ( 'NONE', *, *, #4456, .T. ) ;
#6860 = ORIENTED_EDGE ( 'NONE', *, *, #1942, .F. ) ;
#6861 = DIRECTION ( 'NONE',  ( 1.000000000000000000, 0.000000000000000000, 0.000000000000000000 ) ) ;
#6862 = FACE_OUTER_BOUND ( 'NONE', #6992, .T. ) ;
#6863 = CIRCLE ( 'NONE', #880, 3.000000000000002665 ) ;
#6864 = VERTEX_POINT ( 'NONE', #9377 ) ;
#6865 = VECTOR ( 'NONE', #7038, 1000.000000000000000 ) ;
#6866 = AXIS2_PLACEMENT_3D ( 'NONE', #6311, #7025, #5150 ) ;
#6867 = MECHANICAL_DESIGN_GEOMETRIC_PRESENTATION_REPRESENTATION (  '', ( #4023 ), #8455 ) ;
#6868 = DIRECTION ( 'NONE',  ( 1.000000000000000000, 0.000000000000000000, 0.000000000000000000 ) ) ;
#6869 = ORIENTED_EDGE ( 'NONE', *, *, #2707, .F. ) ;
#6870 = EDGE_CURVE ( 'NONE', #3353, #1806, #3082, .T. ) ;
#6871 = CARTESIAN_POINT ( 'NONE',  ( 106.5685424949241451, 104.0685424949247704, 11.99999999999999822 ) ) ;
#6872 = CIRCLE ( 'NONE', #5735, 3.000000000000058176 ) ;
#6873 = DIRECTION ( 'NONE',  ( -1.000000000000000000, 0.000000000000000000, -0.000000000000000000 ) ) ;
#6874 = EDGE_CURVE ( 'NONE', #3519, #5338, #8356, .T. ) ;
#6875 = CARTESIAN_POINT ( 'NONE',  ( 176.9999999999999716, 627.4999999999998863, 18.00000000000000000 ) ) ;
#6876 = ORIENTED_EDGE ( 'NONE', *, *, #8142, .F. ) ;
#6877 = CIRCLE ( 'NONE', #1948, 3.000000000000058176 ) ;
#6878 = EDGE_LOOP ( 'NONE', ( #4565, #210, #739, #3280 ) ) ;
#6879 = ORIENTED_EDGE ( 'NONE', *, *, #923, .T. ) ;
#6880 = CARTESIAN_POINT ( 'NONE',  ( 70.00000000000017053, 485.5000000000001705, 18.00000000000000000 ) ) ;
#6881 =( BOUNDED_CURVE ( )  B_SPLINE_CURVE ( 3, ( #4020, #1781, #7687, #7044 ),
 .UNSPECIFIED., .F., .F. ) 
 B_SPLINE_CURVE_WITH_KNOTS ( ( 4, 4 ),
 ( 0.000000000000000000, 0.3754236079810386872 ),
 .UNSPECIFIED. ) 
 CURVE ( )  GEOMETRIC_REPRESENTATION_ITEM ( )  RATIONAL_B_SPLINE_CURVE ( ( 1.000000000000000000, 0.9882892067347445186, 0.9882892067347445186, 1.000000000000000000 ) ) 
 REPRESENTATION_ITEM ( '' )  );
#6882 = DIRECTION ( 'NONE',  ( -1.000000000000000000, 0.000000000000000000, 0.000000000000000000 ) ) ;
#6883 = ORIENTED_EDGE ( 'NONE', *, *, #3212, .T. ) ;
#6884 = LINE ( 'NONE', #3926, #2953 ) ;
#6885 = DIRECTION ( 'NONE',  ( -0.000000000000000000, -0.000000000000000000, -1.000000000000000000 ) ) ;
#6886 = EDGE_CURVE ( 'NONE', #4462, #6069, #2146, .T. ) ;
#6887 = DIRECTION ( 'NONE',  ( -0.000000000000000000, -0.000000000000000000, -1.000000000000000000 ) ) ;
#6888 = DIRECTION ( 'NONE',  ( -0.000000000000000000, -1.000000000000000000, -0.000000000000000000 ) ) ;
#6889 = AXIS2_PLACEMENT_3D ( 'NONE', #6053, #1231, #4712 ) ;
#6890 = CARTESIAN_POINT ( 'NONE',  ( 170.0000000000000000, 80.00000000000000000, 0.000000000000000000 ) ) ;
#6891 = CIRCLE ( 'NONE', #7558, 3.000000000000002665 ) ;
#6892 = EDGE_LOOP ( 'NONE', ( #4337, #1749, #3054, #718 ) ) ;
#6893 = EDGE_CURVE ( 'NONE', #8056, #7997, #5615, .T. ) ;
#6894 = VERTEX_POINT ( 'NONE', #7897 ) ;
#6895 = CARTESIAN_POINT ( 'NONE',  ( 0.000000000000000000, 80.00000000000000000, 18.00000000000000000 ) ) ;
#6896 = DIRECTION ( 'NONE',  ( 0.000000000000000000, 0.000000000000000000, 1.000000000000000000 ) ) ;
#6897 = CARTESIAN_POINT ( 'NONE',  ( 50.00000000000000000, 47.49999999999998579, 0.000000000000000000 ) ) ;
#6898 = VERTEX_POINT ( 'NONE', #5217 ) ;
#6899 = ORIENTED_EDGE ( 'NONE', *, *, #4764, .T. ) ;
#6900 = AXIS2_PLACEMENT_3D ( 'NONE', #7850, #4907, #3460 ) ;
#6901 = ADVANCED_FACE ( 'NONE', ( #8607 ), #5152, .F. ) ;
#6902 = EDGE_CURVE ( 'NONE', #4193, #8847, #6545, .T. ) ;
#6903 = PLANE ( 'NONE',  #5577 ) ;
#6904 = CARTESIAN_POINT ( 'NONE',  ( 72.50000000000017053, 209.4999999999998295, 18.00000000000000000 ) ) ;
#6905 = CARTESIAN_POINT ( 'NONE',  ( -570.0000000000000000, 80.00000000000000000, 0.000000000000000000 ) ) ;
#6906 = EDGE_LOOP ( 'NONE', ( #604, #4576, #8228, #7281 ) ) ;
#6907 = CARTESIAN_POINT ( 'NONE',  ( 0.000000000000000000, 695.0000000000000000, 0.000000000000000000 ) ) ;
#6908 = AXIS2_PLACEMENT_3D ( 'NONE', #4866, #8524, #414 ) ;
#6909 = CARTESIAN_POINT ( 'NONE',  ( 0.000000000000000000, 695.0000000000000000, 18.00000000000000000 ) ) ;
#6910 = SHAPE_REPRESENTATION ( 'A005572-REFUERZOLARG', ( #6183 ), #3711 ) ;
#6911 = CARTESIAN_POINT ( 'NONE',  ( 0.000000000000000000, 56.00000000000000000, 9.000000000000000000 ) ) ;
#6912 = CARTESIAN_POINT ( 'NONE',  ( 1223.999999999999773, 347.5000000000000000, 18.00000000000000000 ) ) ;
#6913 = CARTESIAN_POINT ( 'NONE',  ( 76.87005768508892345, 74.37005768508863923, 11.99999999999999822 ) ) ;
#6914 = DIRECTION ( 'NONE',  ( 1.000000000000000000, 0.000000000000000000, 0.000000000000000000 ) ) ;
#6915 = DIRECTION ( 'NONE',  ( 0.000000000000000000, 1.000000000000000000, 0.000000000000000000 ) ) ;
#6916 = CARTESIAN_POINT ( 'NONE',  ( 15.10134184193276852, -2.007781800899082650E-17, 31.00000000000000000 ) ) ;
#6917 = CARTESIAN_POINT ( 'NONE',  ( -441.9999999999999432, 55.00000000000000000, -2.999999999999994671 ) ) ;
#6918 = FACE_OUTER_BOUND ( 'NONE', #3437, .T. ) ;
#6919 = CARTESIAN_POINT ( 'NONE',  ( 496.9999999999999432, 212.4999999999999716, 18.00000000000000000 ) ) ;
#6920 = AXIS2_PLACEMENT_3D ( 'NONE', #5341, #6861, #3378 ) ;
#6921 = EDGE_CURVE ( 'NONE', #8888, #2413, #8121, .T. ) ;
#6922 = ADVANCED_FACE ( 'NONE', ( #7291 ), #1233, .F. ) ;
#6923 = EDGE_CURVE ( 'NONE', #6174, #2090, #4812, .T. ) ;
#6924 = PLANE ( 'NONE',  #8729 ) ;
#6925 = UNCERTAINTY_MEASURE_WITH_UNIT (LENGTH_MEASURE( 1.000000000000000082E-05 ), #168, 'distance_accuracy_value', 'NONE');
#6926 = VERTEX_POINT ( 'NONE', #2156 ) ;
#6927 = ORIENTED_EDGE ( 'NONE', *, *, #2851, .T. ) ;
#6928 = CARTESIAN_POINT ( 'NONE',  ( 1432.499999999999773, 209.4999999999998295, 18.00000000000000000 ) ) ;
#6929 = CARTESIAN_POINT ( 'NONE',  ( 1342.000000000000000, 56.00000000000000000, 12.00000000000000178 ) ) ;
#6930 = EDGE_CURVE ( 'NONE', #8182, #3314, #4585, .T. ) ;
#6931 = AXIS2_PLACEMENT_3D ( 'NONE', #929, #3239, #1698 ) ;
#6932 = DIRECTION ( 'NONE',  ( -0.000000000000000000, -0.000000000000000000, -1.000000000000000000 ) ) ;
#6933 = DIRECTION ( 'NONE',  ( 1.000000000000000000, 0.000000000000000000, 0.000000000000000000 ) ) ;
#6934 = LINE ( 'NONE', #8488, #2767 ) ;
#6935 = CYLINDRICAL_SURFACE ( 'NONE', #7156, 2.499999999999946709 ) ;
#6936 = ORIENTED_EDGE ( 'NONE', *, *, #3073, .T. ) ;
#6937 = DIRECTION ( 'NONE',  ( -1.000000000000000000, 0.000000000000000000, 0.000000000000000000 ) ) ;
#6938 = ORIENTED_EDGE ( 'NONE', *, *, #7423, .F. ) ;
#6939 = ADVANCED_FACE ( 'NONE', ( #3438 ), #7457, .F. ) ;
#6940 = LINE ( 'NONE', #3919, #8658 ) ;
#6941 = CARTESIAN_POINT ( 'NONE',  ( 1429.999999999999318, -80.00000000000032685, 347.5000000000010800 ) ) ;
#6942 = FACE_BOUND ( 'NONE', #5954, .T. ) ;
#6943 = EDGE_CURVE ( 'NONE', #2031, #4798, #3662, .T. ) ;
#6944 = LINE ( 'NONE', #5981, #1281 ) ;
#6945 = VECTOR ( 'NONE', #4112, 1000.000000000000000 ) ;
#6946 = ORIENTED_EDGE ( 'NONE', *, *, #6693, .T. ) ;
#6947 = DIRECTION ( 'NONE',  ( 1.000000000000000000, 0.000000000000000000, 0.000000000000000000 ) ) ;
#6948 = ORIENTED_EDGE ( 'NONE', *, *, #8894, .T. ) ;
#6949 = DIRECTION ( 'NONE',  ( 1.000000000000000000, 0.000000000000000000, -0.000000000000000000 ) ) ;
#6950 = PRESENTATION_STYLE_ASSIGNMENT (( #443 ) ) ;
#6951 = DIRECTION ( 'NONE',  ( 0.000000000000000000, 0.000000000000000000, 1.000000000000000000 ) ) ;
#6952 = DIRECTION ( 'NONE',  ( 1.000000000000000000, 0.000000000000000000, 0.000000000000000000 ) ) ;
#6953 = CYLINDRICAL_SURFACE ( 'NONE', #8709, 2.999999999999891642 ) ;
#6954 = FACE_OUTER_BOUND ( 'NONE', #8614, .T. ) ;
#6955 = FACE_OUTER_BOUND ( 'NONE', #5956, .T. ) ;
#6956 = ORIENTED_EDGE ( 'NONE', *, *, #1979, .F. ) ;
#6957 = VERTEX_POINT ( 'NONE', #9557 ) ;
#6958 = ORIENTED_EDGE ( 'NONE', *, *, #7676, .F. ) ;
#6959 = VECTOR ( 'NONE', #3296, 1000.000000000000000 ) ;
#6960 = ORIENTED_EDGE ( 'NONE', *, *, #7546, .T. ) ;
#6961 = CARTESIAN_POINT ( 'NONE',  ( 80.87005768508893766, 74.37005768508863923, 18.00000000000000000 ) ) ;
#6962 = CARTESIAN_POINT ( 'NONE',  ( 1450.000000000000000, 47.49999999999998579, 18.00000000000000000 ) ) ;
#6963 = AXIS2_PLACEMENT_3D ( 'NONE', #3032, #8161, #3786 ) ;
#6964 = DIRECTION ( 'NONE',  ( 0.000000000000000000, 1.000000000000000000, 0.000000000000000000 ) ) ;
#6965 = CYLINDRICAL_SURFACE ( 'NONE', #6571, 6.000000000000047073 ) ;
#6966 = DIRECTION ( 'NONE',  ( 0.000000000000000000, 0.000000000000000000, 1.000000000000000000 ) ) ;
#6967 = CARTESIAN_POINT ( 'NONE',  ( 84.99999999999992895, 730.0000000000000000, 15.00000000000000000 ) ) ;
#6968 = EDGE_LOOP ( 'NONE', ( #9282, #9125, #2742, #6129 ) ) ;
#6969 = EDGE_LOOP ( 'NONE', ( #547, #54, #3240, #8951 ) ) ;
#6970 = EDGE_LOOP ( 'NONE', ( #1771, #1891 ) ) ;
#6971 = CIRCLE ( 'NONE', #843, 2.999999999999891642 ) ;
#6972 = CARTESIAN_POINT ( 'NONE',  ( 1223.999999999999773, 67.49999999999988631, 18.00000000000000000 ) ) ;
#6973 = DIRECTION ( 'NONE',  ( 0.000000000000000000, 0.000000000000000000, 1.000000000000000000 ) ) ;
#6974 = CARTESIAN_POINT ( 'NONE',  ( 1393.431457505075969, 590.9314575050765370, 18.00000000000000000 ) ) ;
#6975 = LINE ( 'NONE', #7130, #1547 ) ;
#6976 = ORIENTED_EDGE ( 'NONE', *, *, #5196, .F. ) ;
#6977 = CIRCLE ( 'NONE', #864, 2.499999999999946709 ) ;
#6978 = CARTESIAN_POINT ( 'NONE',  ( 248.0944918928738048, 730.0000000000000000, 9.500000000000000000 ) ) ;
#6979 = APPLICATION_PROTOCOL_DEFINITION ( 'draft international standard', 'automotive_design', 1998, #3338 ) ;
#6980 = ORIENTED_EDGE ( 'NONE', *, *, #8522, .F. ) ;
#6981 = FACE_OUTER_BOUND ( 'NONE', #2856, .T. ) ;
#6982 = AXIS2_PLACEMENT_3D ( 'NONE', #2272, #84, #9002 ) ;
#6983 = EDGE_CURVE ( 'NONE', #6110, #979, #1688, .T. ) ;
#6984 = DIRECTION ( 'NONE',  ( 1.000000000000000000, 0.000000000000000000, 0.000000000000000000 ) ) ;
#6985 = ORIENTED_EDGE ( 'NONE', *, *, #7183, .F. ) ;
#6986 = CARTESIAN_POINT ( 'NONE',  ( 180.0000000000001705, 627.4999999999998863, 18.00000000000000000 ) ) ;
#6987 = CYLINDRICAL_SURFACE ( 'NONE', #1203, 2.499999999999946709 ) ;
#6988 = CARTESIAN_POINT ( 'NONE',  ( 308.0000000000001137, 627.5000000000001137, 0.000000000000000000 ) ) ;
#6989 = ORIENTED_EDGE ( 'NONE', *, *, #7667, .F. ) ;
#6990 = EDGE_LOOP ( 'NONE', ( #8544, #1967 ) ) ;
#6991 = DIRECTION ( 'NONE',  ( -0.000000000000000000, -0.000000000000000000, 1.000000000000000000 ) ) ;
#6992 = EDGE_LOOP ( 'NONE', ( #6658, #8130, #156, #3246 ) ) ;
#6993 = DIRECTION ( 'NONE',  ( 0.000000000000000000, 0.000000000000000000, 1.000000000000000000 ) ) ;
#6994 = ORIENTED_EDGE ( 'NONE', *, *, #6323, .T. ) ;
#6995 = CIRCLE ( 'NONE', #3211, 2.999999999999891642 ) ;
#6996 = ADVANCED_FACE ( 'NONE', ( #2606 ), #5962, .T. ) ;
#6997 = AXIS2_PLACEMENT_3D ( 'NONE', #431, #2677, #1949 ) ;
#6998 = AXIS2_PLACEMENT_3D ( 'NONE', #6202, #3138, #8399 ) ;
#6999 = EDGE_LOOP ( 'NONE', ( #4316, #7203 ) ) ;
#7000 = EDGE_CURVE ( 'NONE', #2413, #8888, #6777, .T. ) ;
#7001 = CIRCLE ( 'NONE', #3977, 2.500000000000002220 ) ;
#7002 = ORIENTED_EDGE ( 'NONE', *, *, #9110, .F. ) ;
#7003 = VERTEX_POINT ( 'NONE', #6019 ) ;
#7004 = ORIENTED_EDGE ( 'NONE', *, *, #2057, .F. ) ;
#7005 = CARTESIAN_POINT ( 'NONE',  ( 190.0750793453590006, 730.0000000000000000, 31.00000000000000000 ) ) ;
#7006 = AXIS2_PLACEMENT_3D ( 'NONE', #1317, #2790, #9463 ) ;
#7007 = DIRECTION ( 'NONE',  ( -1.000000000000000000, 0.000000000000000000, 0.000000000000000000 ) ) ;
#7008 = CARTESIAN_POINT ( 'NONE',  ( 266.5000000000001137, 0.000000000000000000, 9.000000000000000000 ) ) ;
#7009 = DIRECTION ( 'NONE',  ( 1.000000000000000000, 0.000000000000000000, 0.000000000000000000 ) ) ;
#7010 = ORIENTED_EDGE ( 'NONE', *, *, #8784, .T. ) ;
#7011 = EDGE_LOOP ( 'NONE', ( #4402, #3177 ) ) ;
#7012 = EDGE_CURVE ( 'NONE', #1095, #6039, #8246, .T. ) ;
#7013 = CARTESIAN_POINT ( 'NONE',  ( 1000.000000000000000, 212.4999999999999716, 18.00000000000000000 ) ) ;
#7014 = ORIENTED_EDGE ( 'NONE', *, *, #5512, .T. ) ;
#7015 = CARTESIAN_POINT ( 'NONE',  ( 73.00000000000015632, 517.5000000000001137, 18.00000000000000000 ) ) ;
#7016 = APPLICATION_PROTOCOL_DEFINITION ( 'draft international standard', 'automotive_design', 1998, #4037 ) ;
#7017 = EDGE_CURVE ( 'NONE', #8444, #2470, #6654, .T. ) ;
#7018 = ORIENTED_EDGE ( 'NONE', *, *, #1790, .T. ) ;
#7019 = EDGE_LOOP ( 'NONE', ( #8571, #1284, #5203, #1968 ) ) ;
#7020 = CARTESIAN_POINT ( 'NONE',  ( 54.00000000000001421, 47.49999999999998579, 11.99999999999999822 ) ) ;
#7021 = CARTESIAN_POINT ( 'NONE',  ( 747.0000000000000000, 517.5000000000000000, 18.00000000000000000 ) ) ;
#7022 = DIRECTION ( 'NONE',  ( -1.000000000000000000, 0.000000000000000000, 0.000000000000000000 ) ) ;
#7023 = DIRECTION ( 'NONE',  ( -1.000000000000000000, 0.000000000000000000, 0.000000000000000000 ) ) ;
#7024 = DIRECTION ( 'NONE',  ( 0.000000000000000000, 0.000000000000000000, 1.000000000000000000 ) ) ;
#7025 = DIRECTION ( 'NONE',  ( -0.000000000000000000, 1.000000000000000000, -0.000000000000000000 ) ) ;
#7026 = PRODUCT_DEFINITION_CONTEXT ( 'detailed design', #5591, 'design' ) ;
#7027 = CARTESIAN_POINT ( 'NONE',  ( 441.9999999999999432, 80.00000000000000000, -2.999999999999994671 ) ) ;
#7028 = AXIS2_PLACEMENT_3D ( 'NONE', #3594, #8671, #2770 ) ;
#7029 = EDGE_CURVE ( 'NONE', #3962, #946, #9052, .T. ) ;
#7030 = CARTESIAN_POINT ( 'NONE',  ( 176.9999999999999716, 627.4999999999998863, 18.00000000000000000 ) ) ;
#7031 = EDGE_CURVE ( 'NONE', #8684, #6469, #8831, .T. ) ;
#7032 = DIRECTION ( 'NONE',  ( -0.000000000000000000, 1.000000000000000000, -0.000000000000000000 ) ) ;
#7033 = CARTESIAN_POINT ( 'NONE',  ( 750.0000000000000000, 177.4999999999999716, 18.00000000000000000 ) ) ;
#7034 = PLANE ( 'NONE',  #951 ) ;
#7035 = EDGE_CURVE ( 'NONE', #3970, #5845, #4685, .T. ) ;
#7036 = ADVANCED_FACE ( 'NONE', ( #4458 ), #629, .F. ) ;
#7037 = AXIS2_PLACEMENT_3D ( 'NONE', #7240, #8654, #8694 ) ;
#7038 = DIRECTION ( 'NONE',  ( 1.000000000000000000, 0.000000000000000000, 0.000000000000000000 ) ) ;
#7039 = PRODUCT_CONTEXT ( 'NONE', #9185, 'mechanical' ) ;
#7040 = CYLINDRICAL_SURFACE ( 'NONE', #7727, 14.99999999999999822 ) ;
#7041 = VERTEX_POINT ( 'NONE', #6061 ) ;
#7042 = ORIENTED_EDGE ( 'NONE', *, *, #9203, .T. ) ;
#7043 = CARTESIAN_POINT ( 'NONE',  ( 3.000000000000000000, 24.00000000000000000, -9.000000000000000000 ) ) ;
#7044 = CARTESIAN_POINT ( 'NONE',  ( 183.9395984443614793, 730.0000000000000000, 9.500000000000000000 ) ) ;
#7045 = CONTEXT_DEPENDENT_SHAPE_REPRESENTATION ( #2062, #1821 ) ;
#7046 = CARTESIAN_POINT ( 'NONE',  ( -441.9999999999999432, 80.00000000000000000, 2.999999999999994671 ) ) ;
#7047 = DIRECTION ( 'NONE',  ( 1.000000000000000000, 0.000000000000000000, 0.000000000000000000 ) ) ;
#7048 = CARTESIAN_POINT ( 'NONE',  ( 177.0000000000000568, 67.50000000000000000, 18.00000000000000000 ) ) ;
#7049 = CARTESIAN_POINT ( 'NONE',  ( 500.0000000000000000, 482.5000000000000000, 18.00000000000000000 ) ) ;
#7050 = AXIS2_PLACEMENT_3D ( 'NONE', #1063, #5430, #2488 ) ;
#7051 = AXIS2_PLACEMENT_3D ( 'NONE', #4355, #5793, #3650 ) ;
#7052 =( BOUNDED_CURVE ( )  B_SPLINE_CURVE ( 3, ( #9548, #7323, #4478, #11 ),
 .UNSPECIFIED., .F., .F. ) 
 B_SPLINE_CURVE_WITH_KNOTS ( ( 4, 4 ),
 ( 0.3754236079810392424, 1.570796326794894782 ),
 .UNSPECIFIED. ) 
 CURVE ( )  GEOMETRIC_REPRESENTATION_ITEM ( )  RATIONAL_B_SPLINE_CURVE ( ( 1.000000000000000000, 0.8844265230061001404, 0.8844265230061001404, 1.000000000000000000 ) ) 
 REPRESENTATION_ITEM ( '' )  );
#7053 = EDGE_CURVE ( 'NONE', #4205, #4334, #4932, .T. ) ;
#7054 = LINE ( 'NONE', #2642, #4972 ) ;
#7055 = ORIENTED_EDGE ( 'NONE', *, *, #2338, .T. ) ;
#7056 = ORIENTED_EDGE ( 'NONE', *, *, #8843, .T. ) ;
#7057 = EDGE_CURVE ( 'NONE', #2794, #4060, #6884, .T. ) ;
#7058 = DIRECTION ( 'NONE',  ( 0.000000000000000000, 0.000000000000000000, 1.000000000000000000 ) ) ;
#7059 = CLOSED_SHELL ( 'NONE', ( #3938, #7246, #4961, #8119, #9084, #877, #7573, #487, #2872, #5094, #5112, #7185, #8633, #5241, #3514, #2573, #8028, #916, #1408, #5731, #3119, #3333, #2241, #8414, #8823, #1909, #5742, #3802, #8626, #2058, #5253, #6801, #1954, #433, #4432, #1161, #6316, #5069, #7768, #2511 ) ) ;
#7060 = FACE_OUTER_BOUND ( 'NONE', #5803, .T. ) ;
#7061 = CYLINDRICAL_SURFACE ( 'NONE', #6171, 5.999999999999783284 ) ;
#7062 = ORIENTED_EDGE ( 'NONE', *, *, #7961, .F. ) ;
#7063 = DIRECTION ( 'NONE',  ( 1.000000000000000000, 0.000000000000000000, 0.000000000000000000 ) ) ;
#7064 = CARTESIAN_POINT ( 'NONE',  ( 1450.000000000000000, 47.49999999999998579, 0.000000000000000000 ) ) ;
#7065 = ORIENTED_EDGE ( 'NONE', *, *, #1713, .F. ) ;
#7066 = EDGE_CURVE ( 'NONE', #7226, #5772, #4229, .T. ) ;
#7067 = DIRECTION ( 'NONE',  ( 1.000000000000000000, 0.000000000000000000, 0.000000000000000000 ) ) ;
#7068 = VECTOR ( 'NONE', #2748, 1000.000000000000000 ) ;
#7069 = AXIS2_PLACEMENT_3D ( 'NONE', #185, #9104, #990 ) ;
#7070 = CIRCLE ( 'NONE', #4755, 3.000000000000058176 ) ;
#7071 = EDGE_CURVE ( 'NONE', #95, #1612, #2717, .T. ) ;
#7072 = FACE_OUTER_BOUND ( 'NONE', #5003, .T. ) ;
#7073 = FACE_OUTER_BOUND ( 'NONE', #5578, .T. ) ;
#7074 = DIRECTION ( 'NONE',  ( -0.000000000000000000, -0.000000000000000000, -1.000000000000000000 ) ) ;
#7075 = EDGE_LOOP ( 'NONE', ( #1057, #9529, #5279, #6785 ) ) ;
#7076 = ORIENTED_EDGE ( 'NONE', *, *, #2522, .T. ) ;
#7077 = CARTESIAN_POINT ( 'NONE',  ( 99.51915006111077844, 725.0000000000000000, 6.123233995736914194E-16 ) ) ;
#7078 = VECTOR ( 'NONE', #4636, 1000.000000000000000 ) ;
#7079 = CARTESIAN_POINT ( 'NONE',  ( 1393.431457505075969, 104.0685424949247846, 11.99999999999999822 ) ) ;
#7080 = CARTESIAN_POINT ( 'NONE',  ( 1420.999999999999318, -75.00000000000031264, 508.5000000000006253 ) ) ;
#7081 = DIRECTION ( 'NONE',  ( -1.000000000000000000, -0.000000000000000000, -0.000000000000000000 ) ) ;
#7082 = LINE ( 'NONE', #8974, #1647 ) ;
#7083 = CARTESIAN_POINT ( 'NONE',  ( 278.5000000000001137, 627.5000000000001137, 18.00000000000000000 ) ) ;
#7084 = AXIS2_PLACEMENT_3D ( 'NONE', #5175, #7441, #2955 ) ;
#7085 = FACE_OUTER_BOUND ( 'NONE', #4197, .T. ) ;
#7086 = ORIENTED_EDGE ( 'NONE', *, *, #7430, .T. ) ;
#7087 = ORIENTED_EDGE ( 'NONE', *, *, #8884, .T. ) ;
#7088 = ORIENTED_EDGE ( 'NONE', *, *, #971, .T. ) ;
#7089 = CIRCLE ( 'NONE', #8946, 3.000000000000197176 ) ;
#7090 = PRODUCT_DEFINITION_SHAPE ( 'NONE', 'NONE',  #9584 ) ;
#7091 = ORIENTED_EDGE ( 'NONE', *, *, #5090, .F. ) ;
#7092 = DIRECTION ( 'NONE',  ( -1.000000000000000000, 0.000000000000000000, 0.000000000000000000 ) ) ;
#7093 = ADVANCED_FACE ( 'NONE', ( #256 ), #6307, .F. ) ;
#7094 = LINE ( 'NONE', #354, #1307 ) ;
#7095 = CIRCLE ( 'NONE', #8160, 2.500000000000002220 ) ;
#7096 = ORIENTED_EDGE ( 'NONE', *, *, #2468, .F. ) ;
#7097 = VERTEX_POINT ( 'NONE', #811 ) ;
#7098 = CARTESIAN_POINT ( 'NONE',  ( 135.0000000000000000, 56.00000000000001421, 6.000000000000000000 ) ) ;
#7099 = ORIENTED_EDGE ( 'NONE', *, *, #1041, .T. ) ;
#7100 = AXIS2_PLACEMENT_3D ( 'NONE', #2108, #6438, #563 ) ;
#7101 = DIRECTION ( 'NONE',  ( -0.000000000000000000, 1.000000000000000000, -0.000000000000000000 ) ) ;
#7102 = CYLINDRICAL_SURFACE ( 'NONE', #8368, 3.000000000000002665 ) ;
#7103 = AXIS2_PLACEMENT_3D ( 'NONE', #4488, #8883, #6803 ) ;
#7104 = DIRECTION ( 'NONE',  ( 1.000000000000000000, 0.000000000000000000, 0.000000000000000000 ) ) ;
#7105 = DIRECTION ( 'NONE',  ( 0.000000000000000000, 0.000000000000000000, -1.000000000000000000 ) ) ;
#7106 = ADVANCED_FACE ( 'NONE', ( #8486 ), #7239, .F. ) ;
#7107 = LINE ( 'NONE', #2254, #4566 ) ;
#7108 = EDGE_LOOP ( 'NONE', ( #2353, #3247, #5129, #1342 ) ) ;
#7109 = VECTOR ( 'NONE', #5959, 1000.000000000000000 ) ;
#7110 = CARTESIAN_POINT ( 'NONE',  ( 1323.000000000000000, 67.50000000000000000, 18.00000000000000000 ) ) ;
#7111 = ORIENTED_EDGE ( 'NONE', *, *, #2773, .T. ) ;
#7112 = DIRECTION ( 'NONE',  ( 1.000000000000000000, 0.000000000000000000, 0.000000000000000000 ) ) ;
#7113 = EDGE_LOOP ( 'NONE', ( #5045, #2116, #1164, #7243 ) ) ;
#7114 = FACE_OUTER_BOUND ( 'NONE', #4363, .T. ) ;
#7115 = DIRECTION ( 'NONE',  ( 0.000000000000000000, 0.000000000000000000, 1.000000000000000000 ) ) ;
#7116 = DIRECTION ( 'NONE',  ( 0.7071067811865479058, 0.000000000000000000, 0.7071067811865472397 ) ) ;
#7117 = DIRECTION ( 'NONE',  ( 1.000000000000000000, 0.000000000000000000, 0.000000000000000000 ) ) ;
#7118 = DIRECTION ( 'NONE',  ( -0.000000000000000000, -1.000000000000000000, -0.000000000000000000 ) ) ;
#7119 = APPLICATION_CONTEXT ( 'automotive_design' ) ;
#7120 = VERTEX_POINT ( 'NONE', #3121 ) ;
#7121 = CIRCLE ( 'NONE', #6582, 2.999999999999995559 ) ;
#7122 = EDGE_LOOP ( 'NONE', ( #8619, #3759, #8713, #5046 ) ) ;
#7123 = ORIENTED_EDGE ( 'NONE', *, *, #4288, .F. ) ;
#7124 = AXIS2_PLACEMENT_3D ( 'NONE', #6707, #1588, #58 ) ;
#7125 = AXIS2_PLACEMENT_3D ( 'NONE', #3209, #2442, #8435 ) ;
#7126 = ORIENTED_EDGE ( 'NONE', *, *, #8660, .T. ) ;
#7127 = VECTOR ( 'NONE', #2037, 1000.000000000000000 ) ;
#7128 = CARTESIAN_POINT ( 'NONE',  ( 799.9999999999998863, 0.000000000000000000, 400.0000000000000000 ) ) ;
#7129 = DIRECTION ( 'NONE',  ( -1.000000000000000000, -0.000000000000000000, -0.000000000000000000 ) ) ;
#7130 = CARTESIAN_POINT ( 'NONE',  ( 84.99999999999992895, 730.0000000000000000, 31.00000000000000000 ) ) ;
#7131 = DIRECTION ( 'NONE',  ( 1.000000000000000000, 0.000000000000000000, -0.000000000000000000 ) ) ;
#7132 = SHAPE_REPRESENTATION ( 'A005572-FAJASXXXCORT', ( #6183 ), #4898 ) ;
#7133 = CIRCLE ( 'NONE', #1618, 3.000000000000113687 ) ;
#7134 = VERTEX_POINT ( 'NONE', #849 ) ;
#7135 = ORIENTED_EDGE ( 'NONE', *, *, #6902, .T. ) ;
#7136 = AXIS2_PLACEMENT_3D ( 'NONE', #8333, #9050, #3230 ) ;
#7137 = EDGE_CURVE ( 'NONE', #8317, #2326, #863, .T. ) ;
#7138 = DIRECTION ( 'NONE',  ( 0.7071067811865479058, -0.000000000000000000, 0.7071067811865472397 ) ) ;
#7139 = CARTESIAN_POINT ( 'NONE',  ( 45.99999999999998579, 647.5000000000000000, 11.99999999999999822 ) ) ;
#7140 = ORIENTED_EDGE ( 'NONE', *, *, #9132, .T. ) ;
#7141 = ORIENTED_EDGE ( 'NONE', *, *, #1557, .T. ) ;
#7142 = EDGE_CURVE ( 'NONE', #1413, #4116, #3194, .T. ) ;
#7143 = CARTESIAN_POINT ( 'NONE',  ( 750.0000000000000000, 482.5000000000000000, 0.000000000000000000 ) ) ;
#7144 = EDGE_CURVE ( 'NONE', #946, #8198, #5263, .T. ) ;
#7145 = ADVANCED_FACE ( 'NONE', ( #7114 ), #9087, .F. ) ;
#7146 = CARTESIAN_POINT ( 'NONE',  ( 0.000000000000000000, 0.000000000000000000, 0.000000000000000000 ) ) ;
#7147 = VERTEX_POINT ( 'NONE', #2517 ) ;
#7148 = DIRECTION ( 'NONE',  ( -1.000000000000000000, 0.000000000000000000, 0.000000000000000000 ) ) ;
#7149 = DIRECTION ( 'NONE',  ( 0.000000000000000000, 0.000000000000000000, 1.000000000000000000 ) ) ;
#7150 =( REPRESENTATION_RELATIONSHIP ('NONE','NONE', #3659, #1492 ) REPRESENTATION_RELATIONSHIP_WITH_TRANSFORMATION ( #9219 )SHAPE_REPRESENTATION_RELATIONSHIP( ) );
#7151 = PLANE ( 'NONE',  #239 ) ;
#7152 = CARTESIAN_POINT ( 'NONE',  ( 144.9999999999999147, 730.0000000000000000, 15.49999999999998934 ) ) ;
#7153 = CARTESIAN_POINT ( 'NONE',  ( 441.9999999999999432, 80.00000000000000000, 0.000000000000000000 ) ) ;
#7154 = ADVANCED_FACE ( 'NONE', ( #3539 ), #618, .F. ) ;
#7155 = CARTESIAN_POINT ( 'NONE',  ( 1000.000000000000000, 347.5000000000000000, 0.000000000000000000 ) ) ;
#7156 = AXIS2_PLACEMENT_3D ( 'NONE', #6221, #6887, #1006 ) ;
#7157 = DIRECTION ( 'NONE',  ( 0.000000000000000000, 0.000000000000000000, 1.000000000000000000 ) ) ;
#7158 = PRESENTATION_LAYER_ASSIGNMENT (  '', '', ( #7823 ) ) ;
#7159 = CARTESIAN_POINT ( 'NONE',  ( 163.0944918928738616, -2.168404344971008868E-16, 0.000000000000000000 ) ) ;
#7160 = LINE ( 'NONE', #1899, #5877 ) ;
#7161 = DIRECTION ( 'NONE',  ( 1.000000000000000000, 0.000000000000000000, 0.000000000000000000 ) ) ;
#7162 = DIRECTION ( 'NONE',  ( 0.000000000000000000, 0.000000000000000000, 1.000000000000000000 ) ) ;
#7163 = FACE_BOUND ( 'NONE', #9029, .T. ) ;
#7164 = ORIENTED_EDGE ( 'NONE', *, *, #7057, .F. ) ;
#7165 = AXIS2_PLACEMENT_3D ( 'NONE', #7822, #1887, #9265 ) ;
#7166 = EDGE_CURVE ( 'NONE', #106, #5447, #5138, .T. ) ;
#7167 = EDGE_LOOP ( 'NONE', ( #1210, #2332, #2330, #914 ) ) ;
#7168 = CARTESIAN_POINT ( 'NONE',  ( 170.0000000000000000, 55.00000000000000000, -2.999999999999994671 ) ) ;
#7169 = ORIENTED_EDGE ( 'NONE', *, *, #746, .T. ) ;
#7170 = CARTESIAN_POINT ( 'NONE',  ( 70.00000000000014211, 305.5000000000000000, 0.000000000000000000 ) ) ;
#7171 =( REPRESENTATION_RELATIONSHIP ('NONE','NONE', #3659, #6910 ) REPRESENTATION_RELATIONSHIP_WITH_TRANSFORMATION ( #1833 )SHAPE_REPRESENTATION_RELATIONSHIP( ) );
#7172 =( BOUNDED_CURVE ( )  B_SPLINE_CURVE ( 3, ( #550, #1328, #5187, #7303 ),
 .UNSPECIFIED., .F., .F. ) 
 B_SPLINE_CURVE_WITH_KNOTS ( ( 4, 4 ),
 ( 3.141592653589793116, 4.712388980384689674 ),
 .UNSPECIFIED. ) 
 CURVE ( )  GEOMETRIC_REPRESENTATION_ITEM ( )  RATIONAL_B_SPLINE_CURVE ( ( 1.000000000000000000, 0.8047378541243649375, 0.8047378541243649375, 1.000000000000000000 ) ) 
 REPRESENTATION_ITEM ( '' )  );
#7173 = VECTOR ( 'NONE', #7081, 1000.000000000000000 ) ;
#7174 = VECTOR ( 'NONE', #7588, 1000.000000000000000 ) ;
#7175 = ORIENTED_EDGE ( 'NONE', *, *, #7142, .F. ) ;
#7176 = CARTESIAN_POINT ( 'NONE',  ( 750.0000000000000000, 347.5000000000000000, 0.000000000000000000 ) ) ;
#7177 = VERTEX_POINT ( 'NONE', #977 ) ;
#7178 = CARTESIAN_POINT ( 'NONE',  ( 212.5000000000001421, 20.00000000000000000, -9.000000000000000000 ) ) ;
#7179 = CIRCLE ( 'NONE', #8998, 3.000000000000002665 ) ;
#7180 = CARTESIAN_POINT ( 'NONE',  ( 1319.999999999999773, 627.5000000000000000, 0.000000000000000000 ) ) ;
#7181 = AXIS2_PLACEMENT_3D ( 'NONE', #3778, #8187, #3023 ) ;
#7182 = MECHANICAL_DESIGN_GEOMETRIC_PRESENTATION_REPRESENTATION (  '', ( #4346 ), #7369 ) ;
#7183 = EDGE_CURVE ( 'NONE', #6322, #5460, #7459, .T. ) ;
#7184 = FACE_BOUND ( 'NONE', #5281, .T. ) ;
#7185 = ADVANCED_FACE ( 'NONE', ( #31 ), #2348, .F. ) ;
#7186 = FACE_BOUND ( 'NONE', #4395, .T. ) ;
#7187 = VECTOR ( 'NONE', #2543, 1000.000000000000000 ) ;
#7188 = ORIENTED_EDGE ( 'NONE', *, *, #7241, .F. ) ;
#7189 = EDGE_CURVE ( 'NONE', #2577, #1653, #1445, .T. ) ;
#7190 = EDGE_LOOP ( 'NONE', ( #8115, #1814 ) ) ;
#7191 = CYLINDRICAL_SURFACE ( 'NONE', #1604, 2.499999999999946709 ) ;
#7192 = DIRECTION ( 'NONE',  ( -1.000000000000000000, -0.000000000000000000, -0.000000000000000000 ) ) ;
#7193 = FILL_AREA_STYLE ('',( #514 ) ) ;
#7194 = CARTESIAN_POINT ( 'NONE',  ( 1223.999999999999773, 482.5000000000000000, 0.000000000000000000 ) ) ;
#7195 = CIRCLE ( 'NONE', #4145, 2.499999999999946709 ) ;
#7196 = DIRECTION ( 'NONE',  ( 1.000000000000000000, 0.000000000000000000, 0.000000000000000000 ) ) ;
#7197 = EDGE_CURVE ( 'NONE', #7226, #593, #9164, .T. ) ;
#7198 = FACE_BOUND ( 'NONE', #3831, .T. ) ;
#7199 = DIRECTION ( 'NONE',  ( 1.000000000000000000, 0.000000000000000000, 0.000000000000000000 ) ) ;
#7200 = LINE ( 'NONE', #9100, #7637 ) ;
#7201 = EDGE_LOOP ( 'NONE', ( #4631, #3202 ) ) ;
#7202 = VERTEX_POINT ( 'NONE', #4727 ) ;
#7203 = ORIENTED_EDGE ( 'NONE', *, *, #7611, .T. ) ;
#7204 = ADVANCED_FACE ( 'NONE', ( #8235 ), #5604, .F. ) ;
#7205 = FACE_BOUND ( 'NONE', #7722, .T. ) ;
#7206 = ORIENTED_EDGE ( 'NONE', *, *, #8836, .F. ) ;
#7207 = DIRECTION ( 'NONE',  ( -0.000000000000000000, 1.000000000000000000, -0.000000000000000000 ) ) ;
#7208 = EDGE_CURVE ( 'NONE', #5254, #1460, #4921, .T. ) ;
#7209 = CARTESIAN_POINT ( 'NONE',  ( 1429.999999999999545, 347.5000000000000000, 18.00000000000000000 ) ) ;
#7210 = CIRCLE ( 'NONE', #6384, 2.500000000000002220 ) ;
#7211 = DIRECTION ( 'NONE',  ( 0.000000000000000000, 0.000000000000000000, 1.000000000000000000 ) ) ;
#7212 = VECTOR ( 'NONE', #1593, 1000.000000000000000 ) ;
#7213 = ORIENTED_EDGE ( 'NONE', *, *, #79, .F. ) ;
#7214 = ORIENTED_EDGE ( 'NONE', *, *, #4034, .T. ) ;
#7215 = ORIENTED_EDGE ( 'NONE', *, *, #3574, .T. ) ;
#7216 = CYLINDRICAL_SURFACE ( 'NONE', #6215, 2.999999999999994671 ) ;
#7217 = AXIS2_PLACEMENT_3D ( 'NONE', #2907, #639, #5815 ) ;
#7218 = DIRECTION ( 'NONE',  ( -0.000000000000000000, -0.000000000000000000, -1.000000000000000000 ) ) ;
#7219 = CARTESIAN_POINT ( 'NONE',  ( 1393.431457505075969, 590.9314575050765370, 11.99999999999999822 ) ) ;
#7220 = EDGE_CURVE ( 'NONE', #3549, #1516, #4802, .T. ) ;
#7221 = CARTESIAN_POINT ( 'NONE',  ( -170.0000000000000000, 55.00000000000000000, -2.999999999999994671 ) ) ;
#7222 = CIRCLE ( 'NONE', #3069, 2.500000000000002220 ) ;
#7223 = DIRECTION ( 'NONE',  ( -1.000000000000000000, 0.000000000000000000, 0.000000000000000000 ) ) ;
#7224 = EDGE_LOOP ( 'NONE', ( #4080, #4364 ) ) ;
#7225 = CIRCLE ( 'NONE', #2982, 3.000000000000002665 ) ;
#7226 = VERTEX_POINT ( 'NONE', #2493 ) ;
#7227 = CARTESIAN_POINT ( 'NONE',  ( 1450.000000000000000, 47.49999999999998579, 11.99999999999999822 ) ) ;
#7228 = VECTOR ( 'NONE', #7821, 1000.000000000000000 ) ;
#7229 = EDGE_CURVE ( 'NONE', #8281, #5818, #1907, .T. ) ;
#7230 = CARTESIAN_POINT ( 'NONE',  ( 1221.499999999999773, 212.4999999999999716, 0.000000000000000000 ) ) ;
#7231 = ORIENTED_EDGE ( 'NONE', *, *, #8657, .T. ) ;
#7232 = AXIS2_PLACEMENT_3D ( 'NONE', #7227, #7279, #2777 ) ;
#7233 = VECTOR ( 'NONE', #9513, 1000.000000000000000 ) ;
#7234 = ORIENTED_EDGE ( 'NONE', *, *, #692, .F. ) ;
#7235 = VERTEX_POINT ( 'NONE', #2464 ) ;
#7236 = ORIENTED_EDGE ( 'NONE', *, *, #4955, .T. ) ;
#7237 = DIRECTION ( 'NONE',  ( 1.000000000000000000, 0.000000000000000000, 0.000000000000000000 ) ) ;
#7238 = ORIENTED_EDGE ( 'NONE', *, *, #6130, .T. ) ;
#7239 = CYLINDRICAL_SURFACE ( 'NONE', #5478, 2.500000000000015987 ) ;
#7240 = CARTESIAN_POINT ( 'NONE',  ( -170.0000000000000000, 80.00000000000000000, 0.000000000000000000 ) ) ;
#7241 = EDGE_CURVE ( 'NONE', #5156, #7, #142, .T. ) ;
#7242 = CARTESIAN_POINT ( 'NONE',  ( 35.85786437626901346, 670.1274169979694761, 18.00000000000000000 ) ) ;
#7243 = ORIENTED_EDGE ( 'NONE', *, *, #2971, .F. ) ;
#7244 = CIRCLE ( 'NONE', #8530, 3.000000000000002665 ) ;
#7245 = ORIENTED_EDGE ( 'NONE', *, *, #9525, .F. ) ;
#7246 = ADVANCED_FACE ( 'NONE', ( #7674 ), #2941, .F. ) ;
#7247 = CARTESIAN_POINT ( 'NONE',  ( 921.0000000000000000, 80.00000000000000000, 9.000000000000000000 ) ) ;
#7248 = VERTEX_POINT ( 'NONE', #8360 ) ;
#7249 = DIRECTION ( 'NONE',  ( -1.000000000000000000, 0.000000000000000000, 0.000000000000000000 ) ) ;
#7250 =( REPRESENTATION_RELATIONSHIP ('NONE','NONE', #3659, #6800 ) REPRESENTATION_RELATIONSHIP_WITH_TRANSFORMATION ( #8406 )SHAPE_REPRESENTATION_RELATIONSHIP( ) );
#7251 = AXIS2_PLACEMENT_3D ( 'NONE', #3541, #5725, #2811 ) ;
#7252 = EDGE_CURVE ( 'NONE', #7602, #7202, #3652, .T. ) ;
#7253 = VERTEX_POINT ( 'NONE', #8459 ) ;
#7254 = ORIENTED_EDGE ( 'NONE', *, *, #3675, .T. ) ;
#7255 = ORIENTED_EDGE ( 'NONE', *, *, #6348, .F. ) ;
#7256 = EDGE_CURVE ( 'NONE', #164, #9507, #376, .T. ) ;
#7257 = CARTESIAN_POINT ( 'NONE',  ( 180.0000000000001137, 659.5000000000000000, 0.000000000000000000 ) ) ;
#7258 = DIRECTION ( 'NONE',  ( 0.000000000000000000, 0.000000000000000000, 1.000000000000000000 ) ) ;
#7259 = ADVANCED_FACE ( 'NONE', ( #9512 ), #7344, .F. ) ;
#7260 = CARTESIAN_POINT ( 'NONE',  ( 0.000000000000000000, 0.000000000000000000, 30.00000000000000000 ) ) ;
#7261 = ORIENTED_EDGE ( 'NONE', *, *, #9341, .F. ) ;
#7262 = ORIENTED_EDGE ( 'NONE', *, *, #8875, .T. ) ;
#7263 = EDGE_CURVE ( 'NONE', #8617, #6727, #3183, .T. ) ;
#7264 = AXIS2_PLACEMENT_3D ( 'NONE', #8634, #6449, #2832 ) ;
#7265 = PRODUCT_RELATED_PRODUCT_CATEGORY ( 'part', '', ( #4244 ) ) ;
#7266 = DIRECTION ( 'NONE',  ( 0.000000000000000000, 0.000000000000000000, 1.000000000000000000 ) ) ;
#7267 = CARTESIAN_POINT ( 'NONE',  ( 441.9999999999999432, 55.00000000000000000, -2.999999999999994671 ) ) ;
#7268 = DIRECTION ( 'NONE',  ( 0.000000000000000000, 1.000000000000000000, 0.000000000000000000 ) ) ;
#7269 = CARTESIAN_POINT ( 'NONE',  ( 183.9395984443614793, 730.0000000000000000, 9.500000000000000000 ) ) ;
#7270 = AXIS2_PLACEMENT_3D ( 'NONE', #3898, #4538, #9026 ) ;
#7271 = CARTESIAN_POINT ( 'NONE',  ( 1464.142135623730837, 24.87258300203017569, 11.99999999999999822 ) ) ;
#7272 = CARTESIAN_POINT ( 'NONE',  ( 276.0000000000001137, 627.5000000000001137, 0.000000000000000000 ) ) ;
#7273 = PRODUCT ( 'A005572-REFUERZOREFU', 'A005572-REFUERZOREFU', '', ( #1946 ) ) ;
#7274 =( LENGTH_UNIT ( ) NAMED_UNIT ( * ) SI_UNIT ( .MILLI., .METRE. ) );
#7275 = DIRECTION ( 'NONE',  ( -0.000000000000000000, -0.000000000000000000, -1.000000000000000000 ) ) ;
#7276 = SURFACE_STYLE_USAGE ( .BOTH. , #888 ) ;
#7277 = DIRECTION ( 'NONE',  ( -0.000000000000000000, -0.000000000000000000, -1.000000000000000000 ) ) ;
#7278 = AXIS2_PLACEMENT_3D ( 'NONE', #6912, #3269, #5405 ) ;
#7279 = DIRECTION ( 'NONE',  ( 0.000000000000000000, 0.000000000000000000, 1.000000000000000000 ) ) ;
#7280 = FACE_OUTER_BOUND ( 'NONE', #4906, .T. ) ;
#7281 = ORIENTED_EDGE ( 'NONE', *, *, #8909, .F. ) ;
#7282 = ORIENTED_EDGE ( 'NONE', *, *, #417, .F. ) ;
#7283 = AXIS2_PLACEMENT_3D ( 'NONE', #683, #5866, #8104 ) ;
#7284 = ADVANCED_FACE ( 'NONE', ( #1568, #5493, #851 ), #2652, .T. ) ;
#7285 = ITEM_DEFINED_TRANSFORMATION ( 'NONE', 'NONE', #5987,  #6183 ) ;
#7286 = CARTESIAN_POINT ( 'NONE',  ( 0.000000000000000000, 80.00000000000000000, 18.00000000000000000 ) ) ;
#7287 = DIRECTION ( 'NONE',  ( 1.000000000000000000, 0.000000000000000000, 0.000000000000000000 ) ) ;
#7288 = VERTEX_POINT ( 'NONE', #1207 ) ;
#7289 = EDGE_LOOP ( 'NONE', ( #2130, #4973, #3154, #3525 ) ) ;
#7290 = CARTESIAN_POINT ( 'NONE',  ( 750.0000000000000000, 67.50000000000000000, 18.00000000000000000 ) ) ;
#7291 = FACE_OUTER_BOUND ( 'NONE', #7321, .T. ) ;
#7292 = ADVANCED_FACE ( 'NONE', ( #8473 ), #2627, .F. ) ;
#7293 = CARTESIAN_POINT ( 'NONE',  ( 58.01941254751481836, 5.421010862427522170E-17, 15.00000000000000000 ) ) ;
#7294 = UNCERTAINTY_MEASURE_WITH_UNIT (LENGTH_MEASURE( 1.000000000000000082E-05 ), #6721, 'distance_accuracy_value', 'NONE');
#7295 = FACE_BOUND ( 'NONE', #5842, .T. ) ;
#7296 = CYLINDRICAL_SURFACE ( 'NONE', #1013, 3.000000000000058176 ) ;
#7297 = DIRECTION ( 'NONE',  ( 0.7071067811865522357, 0.000000000000000000, -0.7071067811865429098 ) ) ;
#7298 = ORIENTED_EDGE ( 'NONE', *, *, #2913, .T. ) ;
#7299 = VERTEX_POINT ( 'NONE', #4154 ) ;
#7300 = CARTESIAN_POINT ( 'NONE',  ( 31.61522368914974734, 665.8847763108501567, 11.99999999999999822 ) ) ;
#7301 = LINE ( 'NONE', #9408, #5791 ) ;
#7302 = CARTESIAN_POINT ( 'NONE',  ( 570.0000000000000000, 80.00000000000000000, 1.084202172485504434E-16 ) ) ;
#7303 = CARTESIAN_POINT ( 'NONE',  ( 15.10134184193276496, -2.007781800899082034E-17, 0.000000000000000000 ) ) ;
#7304 = CIRCLE ( 'NONE', #1789, 2.499999999999946709 ) ;
#7305 = CIRCLE ( 'NONE', #3710, 2.500000000000002220 ) ;
#7306 = DIRECTION ( 'NONE',  ( 0.000000000000000000, 0.000000000000000000, 1.000000000000000000 ) ) ;
#7307 = CARTESIAN_POINT ( 'NONE',  ( -3.000000000000000000, 24.00000000000000000, 6.000000000000000000 ) ) ;
#7308 = VECTOR ( 'NONE', #8101, 1000.000000000000000 ) ;
#7309 = VECTOR ( 'NONE', #8920, 1000.000000000000000 ) ;
#7310 = ORIENTED_EDGE ( 'NONE', *, *, #2270, .F. ) ;
#7311 = VERTEX_POINT ( 'NONE', #9305 ) ;
#7312 = ORIENTED_EDGE ( 'NONE', *, *, #5886, .T. ) ;
#7313 = FACE_OUTER_BOUND ( 'NONE', #5673, .T. ) ;
#7314 = DIRECTION ( 'NONE',  ( -1.000000000000000000, 0.000000000000000000, 0.000000000000000000 ) ) ;
#7315 = CARTESIAN_POINT ( 'NONE',  ( 1397.674098192194833, 586.6888168179575587, 18.00000000000000000 ) ) ;
#7316 =( GEOMETRIC_REPRESENTATION_CONTEXT ( 3 ) GLOBAL_UNCERTAINTY_ASSIGNED_CONTEXT ( ( #8753 ) ) GLOBAL_UNIT_ASSIGNED_CONTEXT ( ( #8546, #9426, #5754 ) ) REPRESENTATION_CONTEXT ( 'NONE', 'WORKASPACE' ) );
#7317 = EDGE_CURVE ( 'NONE', #2680, #2729, #8007, .T. ) ;
#7318 = AXIS2_PLACEMENT_3D ( 'NONE', #9412, #8696, #6473 ) ;
#7319 = CYLINDRICAL_SURFACE ( 'NONE', #8189, 3.000000000000002665 ) ;
#7320 = CYLINDRICAL_SURFACE ( 'NONE', #131, 2.499999999999946709 ) ;
#7321 = EDGE_LOOP ( 'NONE', ( #1883, #6976, #4476, #4982 ) ) ;
#7322 = ORIENTED_EDGE ( 'NONE', *, *, #4238, .T. ) ;
#7323 = CARTESIAN_POINT ( 'NONE',  ( 180.7018575878153968, 724.9999999999998863, 3.580474560965690500 ) ) ;
#7324 = ORIENTED_EDGE ( 'NONE', *, *, #7797, .T. ) ;
#7325 = FACE_BOUND ( 'NONE', #5947, .T. ) ;
#7326 = ORIENTED_EDGE ( 'NONE', *, *, #379, .T. ) ;
#7327 = CARTESIAN_POINT ( 'NONE',  ( -208.5000000000001421, 20.00000000000000000, -9.000000000000000000 ) ) ;
#7328 = DIRECTION ( 'NONE',  ( -0.000000000000000000, -0.000000000000000000, -1.000000000000000000 ) ) ;
#7329 = EDGE_CURVE ( 'NONE', #4682, #3889, #2029, .T. ) ;
#7330 = VECTOR ( 'NONE', #7828, 1000.000000000000000 ) ;
#7331 = CYLINDRICAL_SURFACE ( 'NONE', #6021, 2.499999999999946709 ) ;
#7332 = EDGE_LOOP ( 'NONE', ( #4927, #8606 ) ) ;
#7333 = ORIENTED_EDGE ( 'NONE', *, *, #8975, .F. ) ;
#7334 = EDGE_LOOP ( 'NONE', ( #2312, #1795 ) ) ;
#7335 = CARTESIAN_POINT ( 'NONE',  ( 752.5000000000000000, 212.4999999999999716, 0.000000000000000000 ) ) ;
#7336 = ADVANCED_FACE ( 'NONE', ( #3767 ), #3879, .F. ) ;
#7337 = DIRECTION ( 'NONE',  ( -0.000000000000000000, -1.000000000000000000, -0.000000000000000000 ) ) ;
#7338 = CARTESIAN_POINT ( 'NONE',  ( 648.4999999999997726, 0.000000000000000000, -9.000000000000001776 ) ) ;
#7339 = DIRECTION ( 'NONE',  ( -0.7071067811865487940, -0.7071067811865463515, -0.000000000000000000 ) ) ;
#7340 = FACE_OUTER_BOUND ( 'NONE', #2113, .T. ) ;
#7341 = VECTOR ( 'NONE', #426, 1000.000000000000000 ) ;
#7342 = ORIENTED_EDGE ( 'NONE', *, *, #2333, .T. ) ;
#7343 = ORIENTED_EDGE ( 'NONE', *, *, #9135, .F. ) ;
#7344 = CYLINDRICAL_SURFACE ( 'NONE', #1772, 2.499999999999946709 ) ;
#7345 = CARTESIAN_POINT ( 'NONE',  ( 0.000000000000000000, 24.00000000000000000, -9.000000000000000000 ) ) ;
#7346 = AXIS2_PLACEMENT_3D ( 'NONE', #2774, #469, #503 ) ;
#7347 = CARTESIAN_POINT ( 'NONE',  ( 750.0000000000000000, 212.4999999999999716, 0.000000000000000000 ) ) ;
#7348 = DIRECTION ( 'NONE',  ( 1.000000000000000000, 0.000000000000000000, 0.000000000000000000 ) ) ;
#7349 = EDGE_CURVE ( 'NONE', #5656, #1094, #1336, .T. ) ;
#7350 = ADVANCED_FACE ( 'NONE', ( #3428 ), #6768, .F. ) ;
#7351 = DIRECTION ( 'NONE',  ( 1.000000000000000000, 0.000000000000000000, 0.000000000000000000 ) ) ;
#7352 = ORIENTED_EDGE ( 'NONE', *, *, #86, .T. ) ;
#7353 = CIRCLE ( 'NONE', #7270, 3.000000000000001332 ) ;
#7354 = ORIENTED_EDGE ( 'NONE', *, *, #8969, .T. ) ;
#7355 = CLOSED_SHELL ( 'NONE', ( #3702, #7657, #4195, #7912, #7750, #1265, #737, #564, #8268, #3672, #9242, #2376, #475, #378, #1711, #3522, #8996, #6076, #4586, #4251, #6209, #8170, #6515, #6996 ) ) ;
#7356 = ORIENTED_EDGE ( 'NONE', *, *, #6671, .T. ) ;
#7357 = VECTOR ( 'NONE', #7337, 1000.000000000000000 ) ;
#7358 = CARTESIAN_POINT ( 'NONE',  ( 747.5000000000000000, 659.5000000000000000, 18.00000000000000000 ) ) ;
#7359 = CYLINDRICAL_SURFACE ( 'NONE', #5946, 3.000000000000009770 ) ;
#7360 = EDGE_LOOP ( 'NONE', ( #4559, #7018 ) ) ;
#7361 = ORIENTED_EDGE ( 'NONE', *, *, #577, .T. ) ;
#7362 = EDGE_CURVE ( 'NONE', #8456, #5535, #6995, .T. ) ;
#7363 = DIRECTION ( 'NONE',  ( 0.000000000000000000, 1.000000000000000000, 0.000000000000000000 ) ) ;
#7364 = AXIS2_PLACEMENT_3D ( 'NONE', #5650, #6459, #6437 ) ;
#7365 = DIRECTION ( 'NONE',  ( 0.000000000000000000, 0.000000000000000000, 1.000000000000000000 ) ) ;
#7366 = ORIENTED_EDGE ( 'NONE', *, *, #6477, .F. ) ;
#7367 = EDGE_LOOP ( 'NONE', ( #7454, #5400, #4194, #785 ) ) ;
#7368 = AXIS2_PLACEMENT_3D ( 'NONE', #5930, #719, #4362 ) ;
#7369 =( GEOMETRIC_REPRESENTATION_CONTEXT ( 3 ) GLOBAL_UNCERTAINTY_ASSIGNED_CONTEXT ( ( #7582 ) ) GLOBAL_UNIT_ASSIGNED_CONTEXT ( ( #6816, #1597, #6041 ) ) REPRESENTATION_CONTEXT ( 'NONE', 'WORKASPACE' ) );
#7370 = EDGE_CURVE ( 'NONE', #1564, #3626, #1202, .T. ) ;
#7371 = DIRECTION ( 'NONE',  ( -0.000000000000000000, -0.000000000000000000, 1.000000000000000000 ) ) ;
#7372 = CARTESIAN_POINT ( 'NONE',  ( -6.245698675651501391E-14, 5.999999999999998224, -170.0000000000000000 ) ) ;
#7373 = EDGE_CURVE ( 'NONE', #5458, #6308, #5721, .T. ) ;
#7374 = CARTESIAN_POINT ( 'NONE',  ( 86.05177248089448483, 730.0000000000000000, 21.50000000000000000 ) ) ;
#7375 = EDGE_CURVE ( 'NONE', #5727, #1525, #6872, .T. ) ;
#7376 = AXIS2_PLACEMENT_3D ( 'NONE', #4817, #9239, #7730 ) ;
#7377 = CARTESIAN_POINT ( 'NONE',  ( 80.87005768508893766, 74.37005768508863923, 11.99999999999999822 ) ) ;
#7378 = CARTESIAN_POINT ( 'NONE',  ( 93.11349281540014999, 724.9999999999998863, -6.040787608888356665E-15 ) ) ;
#7379 = CARTESIAN_POINT ( 'NONE',  ( 208.5000000000001421, 20.00000000000000000, 9.000000000000000000 ) ) ;
#7380 = EDGE_CURVE ( 'NONE', #5054, #8063, #3068, .T. ) ;
#7381 = DIRECTION ( 'NONE',  ( 0.000000000000000000, 0.000000000000000000, -1.000000000000000000 ) ) ;
#7382 = ADVANCED_FACE ( 'NONE', ( #1085 ), #7563, .F. ) ;
#7383 = DIRECTION ( 'NONE',  ( -1.000000000000000000, 0.000000000000000000, 0.000000000000000000 ) ) ;
#7384 = CIRCLE ( 'NONE', #3109, 2.499999999999946709 ) ;
#7385 = CIRCLE ( 'NONE', #4353, 2.499999999999946709 ) ;
#7386 = ORIENTED_EDGE ( 'NONE', *, *, #3912, .T. ) ;
#7387 = CARTESIAN_POINT ( 'NONE',  ( 70.00000000000015632, 177.4999999999999716, 18.00000000000000000 ) ) ;
#7388 = AXIS2_PLACEMENT_3D ( 'NONE', #5917, #2169, #704 ) ;
#7389 = DIRECTION ( 'NONE',  ( 0.000000000000000000, -0.000000000000000000, 1.000000000000000000 ) ) ;
#7390 = EDGE_CURVE ( 'NONE', #4039, #752, #1792, .T. ) ;
#7391 = PRODUCT_DEFINITION_SHAPE ( 'NONE', 'NONE',  #9585 ) ;
#7392 = ORIENTED_EDGE ( 'NONE', *, *, #6441, .T. ) ;
#7393 = CARTESIAN_POINT ( 'NONE',  ( 248.0944918928738048, 730.0000000000000000, 0.000000000000000000 ) ) ;
#7394 = ORIENTED_EDGE ( 'NONE', *, *, #6240, .F. ) ;
#7395 = CARTESIAN_POINT ( 'NONE',  ( 84.99999999999992895, 730.0000000000000000, 31.00000000000000000 ) ) ;
#7396 = CARTESIAN_POINT ( 'NONE',  ( 750.0000000000000000, 347.5000000000000000, 0.000000000000000000 ) ) ;
#7397 = AXIS2_PLACEMENT_3D ( 'NONE', #4398, #5115, #4496 ) ;
#7398 = CARTESIAN_POINT ( 'NONE',  ( 67.50000000000017053, 209.4999999999998295, 18.00000000000000000 ) ) ;
#7399 = VECTOR ( 'NONE', #2382, 1000.000000000000000 ) ;
#7400 = ORIENTED_EDGE ( 'NONE', *, *, #3348, .F. ) ;
#7401 = VERTEX_POINT ( 'NONE', #369 ) ;
#7402 = DIRECTION ( 'NONE',  ( -1.000000000000000000, 0.000000000000000000, 0.000000000000000000 ) ) ;
#7403 = CARTESIAN_POINT ( 'NONE',  ( 70.00000000000017053, 209.4999999999998295, 18.00000000000000000 ) ) ;
#7404 = FACE_BOUND ( 'NONE', #1305, .T. ) ;
#7405 = FACE_BOUND ( 'NONE', #384, .T. ) ;
#7406 = DIRECTION ( 'NONE',  ( -1.000000000000000000, 0.000000000000000000, 0.000000000000000000 ) ) ;
#7407 = CYLINDRICAL_SURFACE ( 'NONE', #23, 2.999999999999993783 ) ;
#7408 = ORIENTED_EDGE ( 'NONE', *, *, #6902, .F. ) ;
#7409 = VERTEX_POINT ( 'NONE', #328 ) ;
#7410 = CIRCLE ( 'NONE', #8518, 2.500000000000002220 ) ;
#7411 = DIRECTION ( 'NONE',  ( 0.000000000000000000, 0.000000000000000000, 1.000000000000000000 ) ) ;
#7412 = AXIS2_PLACEMENT_3D ( 'NONE', #6419, #1860, #7826 ) ;
#7413 = AXIS2_PLACEMENT_3D ( 'NONE', #2859, #1473, #5037 ) ;
#7414 = EDGE_CURVE ( 'NONE', #6024, #807, #8819, .T. ) ;
#7415 = DIRECTION ( 'NONE',  ( -0.000000000000000000, -0.000000000000000000, 1.000000000000000000 ) ) ;
#7416 = LINE ( 'NONE', #5967, #8565 ) ;
#7417 = DIRECTION ( 'NONE',  ( -0.1156569635167078447, -0.9932892160846682472, 0.000000000000000000 ) ) ;
#7418 = FACE_BOUND ( 'NONE', #509, .T. ) ;
#7419 = CYLINDRICAL_SURFACE ( 'NONE', #7583, 3.000000000000000000 ) ;
#7420 = ORIENTED_EDGE ( 'NONE', *, *, #4790, .T. ) ;
#7421 = ORIENTED_EDGE ( 'NONE', *, *, #4065, .F. ) ;
#7422 = DIRECTION ( 'NONE',  ( -0.000000000000000000, -0.000000000000000000, -1.000000000000000000 ) ) ;
#7423 = EDGE_CURVE ( 'NONE', #8331, #7996, #4572, .T. ) ;
#7424 = CARTESIAN_POINT ( 'NONE',  ( 1500.000000000000000, 695.0000000000000000, 18.00000000000000000 ) ) ;
#7425 = ORIENTED_EDGE ( 'NONE', *, *, #1240, .F. ) ;
#7426 = VECTOR ( 'NONE', #281, 1000.000000000000114 ) ;
#7427 = ORIENTED_EDGE ( 'NONE', *, *, #3370, .T. ) ;
#7428 = DIRECTION ( 'NONE',  ( 0.000000000000000000, 1.000000000000000000, 0.000000000000000000 ) ) ;
#7429 = LINE ( 'NONE', #8574, #2800 ) ;
#7430 = EDGE_CURVE ( 'NONE', #5614, #6024, #7792, .T. ) ;
#7431 = ADVANCED_FACE ( 'NONE', ( #4338 ), #9263, .T. ) ;
#7432 = CIRCLE ( 'NONE', #7217, 2.499999999999946709 ) ;
#7433 = DIRECTION ( 'NONE',  ( -1.000000000000000000, 0.000000000000000000, 0.000000000000000000 ) ) ;
#7434 = ORIENTED_EDGE ( 'NONE', *, *, #1400, .F. ) ;
#7435 = ORIENTED_EDGE ( 'NONE', *, *, #1589, .T. ) ;
#7436 = PRESENTATION_LAYER_ASSIGNMENT (  '', '', ( #8956 ) ) ;
#7437 = EDGE_LOOP ( 'NONE', ( #8869, #7254, #6701, #5224 ) ) ;
#7438 = DIRECTION ( 'NONE',  ( -0.000000000000000000, -0.000000000000000000, -1.000000000000000000 ) ) ;
#7439 = LINE ( 'NONE', #6761, #3170 ) ;
#7440 =( LENGTH_UNIT ( ) NAMED_UNIT ( * ) SI_UNIT ( .MILLI., .METRE. ) );
#7441 = DIRECTION ( 'NONE',  ( 0.000000000000000000, 0.000000000000000000, 1.000000000000000000 ) ) ;
#7442 = DIRECTION ( 'NONE',  ( 0.000000000000000000, 0.000000000000000000, -1.000000000000000000 ) ) ;
#7443 = LINE ( 'NONE', #3262, #5473 ) ;
#7444 = ORIENTED_EDGE ( 'NONE', *, *, #21, .F. ) ;
#7445 = VECTOR ( 'NONE', #4786, 1000.000000000000000 ) ;
#7446 = ORIENTED_EDGE ( 'NONE', *, *, #9014, .T. ) ;
#7447 = CARTESIAN_POINT ( 'NONE',  ( 180.0000000000001137, 35.49999999999997868, 18.00000000000000000 ) ) ;
#7448 = CIRCLE ( 'NONE', #7100, 2.500000000000002220 ) ;
#7449 = DIRECTION ( 'NONE',  ( 0.000000000000000000, 0.000000000000000000, 1.000000000000000000 ) ) ;
#7450 = EDGE_CURVE ( 'NONE', #9101, #4041, #364, .T. ) ;
#7451 = ORIENTED_EDGE ( 'NONE', *, *, #5752, .T. ) ;
#7452 = CARTESIAN_POINT ( 'NONE',  ( 1427.499999999999773, 209.4999999999998295, 18.00000000000000000 ) ) ;
#7453 = CIRCLE ( 'NONE', #114, 2.499999999999946709 ) ;
#7454 = ORIENTED_EDGE ( 'NONE', *, *, #5758, .T. ) ;
#7455 = ORIENTED_EDGE ( 'NONE', *, *, #599, .T. ) ;
#7456 = ORIENTED_EDGE ( 'NONE', *, *, #6543, .T. ) ;
#7457 = PLANE ( 'NONE',  #1133 ) ;
#7458 = EDGE_LOOP ( 'NONE', ( #2483, #7056, #7576, #4767 ) ) ;
#7459 = LINE ( 'NONE', #4806, #9283 ) ;
#7460 = DIRECTION ( 'NONE',  ( 0.000000000000000000, 0.000000000000000000, 1.000000000000000000 ) ) ;
#7461 = ORIENTED_EDGE ( 'NONE', *, *, #8290, .T. ) ;
#7462 = AXIS2_PLACEMENT_3D ( 'NONE', #7013, #7812, #9344 ) ;
#7463 = CIRCLE ( 'NONE', #1255, 4.000000000000003553 ) ;
#7464 = ORIENTED_EDGE ( 'NONE', *, *, #540, .T. ) ;
#7465 = VERTEX_POINT ( 'NONE', #4044 ) ;
#7466 = DIRECTION ( 'NONE',  ( 1.000000000000000000, 0.000000000000000000, 0.000000000000000000 ) ) ;
#7467 = VERTEX_POINT ( 'NONE', #3419 ) ;
#7468 = CARTESIAN_POINT ( 'NONE',  ( 1432.999999999999545, 177.4999999999999716, 0.000000000000000000 ) ) ;
#7469 = DIRECTION ( 'NONE',  ( 1.000000000000000000, 0.000000000000000000, 0.000000000000000000 ) ) ;
#7470 = DIRECTION ( 'NONE',  ( 0.000000000000000000, 0.000000000000000000, 1.000000000000000000 ) ) ;
#7471 = CARTESIAN_POINT ( 'NONE',  ( 0.000000000000000000, 0.000000000000000000, 0.000000000000000000 ) ) ;
#7472 = VERTEX_POINT ( 'NONE', #1062 ) ;
#7473 = EDGE_LOOP ( 'NONE', ( #6303, #4207 ) ) ;
#7474 = DIRECTION ( 'NONE',  ( -1.000000000000000000, 0.000000000000000000, 0.000000000000000000 ) ) ;
#7475 = CARTESIAN_POINT ( 'NONE',  ( 752.5000000000000000, 67.50000000000000000, 18.00000000000000000 ) ) ;
#7476 =( NAMED_UNIT ( * ) SI_UNIT ( $, .STERADIAN. ) SOLID_ANGLE_UNIT ( ) );
#7477 = DIRECTION ( 'NONE',  ( 0.000000000000000000, 0.000000000000000000, 1.000000000000000000 ) ) ;
#7478 = AXIS2_PLACEMENT_3D ( 'NONE', #9230, #9091, #4841 ) ;
#7479 = EDGE_CURVE ( 'NONE', #6760, #8480, #4676, .T. ) ;
#7480 = VERTEX_POINT ( 'NONE', #5505 ) ;
#7481 = EDGE_LOOP ( 'NONE', ( #6729, #9522, #5390, #14 ) ) ;
#7482 = ADVANCED_FACE ( 'NONE', ( #2238 ), #8224, .F. ) ;
#7483 = CARTESIAN_POINT ( 'NONE',  ( 138.0000000000000000, 24.00000000000000000, -9.000000000000000000 ) ) ;
#7484 = CARTESIAN_POINT ( 'NONE',  ( 750.0000000000000000, 517.5000000000000000, 18.00000000000000000 ) ) ;
#7485 = CARTESIAN_POINT ( 'NONE',  ( 750.0000000000000000, 482.5000000000000000, 18.00000000000000000 ) ) ;
#7486 = STYLED_ITEM ( 'NONE', ( #8400 ), #2732 ) ;
#7487 = AXIS2_PLACEMENT_3D ( 'NONE', #992, #262, #6100 ) ;
#7488 = EDGE_CURVE ( 'NONE', #5458, #6957, #608, .T. ) ;
#7489 = DIRECTION ( 'NONE',  ( -0.000000000000000000, -0.000000000000000000, -1.000000000000000000 ) ) ;
#7490 = AXIS2_PLACEMENT_3D ( 'NONE', #8262, #4642, #3884 ) ;
#7491 = CARTESIAN_POINT ( 'NONE',  ( 1319.999999999999773, 67.50000000000000000, 18.00000000000000000 ) ) ;
#7492 = LINE ( 'NONE', #4263, #1001 ) ;
#7493 =( NAMED_UNIT ( * ) PLANE_ANGLE_UNIT ( ) SI_UNIT ( $, .RADIAN. ) );
#7494 = EDGE_CURVE ( 'NONE', #946, #3962, #2706, .T. ) ;
#7495 = ORIENTED_EDGE ( 'NONE', *, *, #460, .F. ) ;
#7496 = DIRECTION ( 'NONE',  ( -0.000000000000000000, -0.000000000000000000, -1.000000000000000000 ) ) ;
#7497 = CARTESIAN_POINT ( 'NONE',  ( 997.0000000000001137, 212.4999999999999716, 0.000000000000000000 ) ) ;
#7498 = LINE ( 'NONE', #598, #6102 ) ;
#7499 = ORIENTED_EDGE ( 'NONE', *, *, #240, .F. ) ;
#7500 = CARTESIAN_POINT ( 'NONE',  ( 183.0000000000000568, 67.50000000000000000, 18.00000000000000000 ) ) ;
#7501 = EDGE_CURVE ( 'NONE', #5656, #4425, #841, .T. ) ;
#7502 = ORIENTED_EDGE ( 'NONE', *, *, #9195, .T. ) ;
#7503 = CARTESIAN_POINT ( 'NONE',  ( 997.0000000000001137, 212.4999999999999716, 18.00000000000000000 ) ) ;
#7504 = ADVANCED_FACE ( 'NONE', ( #8700 ), #8460, .F. ) ;
#7505 = LINE ( 'NONE', #4209, #5540 ) ;
#7506 = CARTESIAN_POINT ( 'NONE',  ( 500.0000000000000000, 212.4999999999999716, 18.00000000000000000 ) ) ;
#7507 = ORIENTED_EDGE ( 'NONE', *, *, #4704, .T. ) ;
#7508 = ORIENTED_EDGE ( 'NONE', *, *, #1908, .F. ) ;
#7509 = AXIS2_PLACEMENT_3D ( 'NONE', #7219, #5648, #2047 ) ;
#7510 = DIRECTION ( 'NONE',  ( -0.000000000000000000, 1.000000000000000000, -0.000000000000000000 ) ) ;
#7511 = DIRECTION ( 'NONE',  ( 0.000000000000000000, 0.000000000000000000, 1.000000000000000000 ) ) ;
#7512 = CARTESIAN_POINT ( 'NONE',  ( 1342.000000000000000, 0.000000000000000000, 18.00000000000000000 ) ) ;
#7513 = EDGE_CURVE ( 'NONE', #8056, #7248, #1895, .T. ) ;
#7514 = CARTESIAN_POINT ( 'NONE',  ( 570.0000000000000000, 55.00000000000000000, 1.084202172485504434E-16 ) ) ;
#7515 = LINE ( 'NONE', #878, #3602 ) ;
#7516 = FACE_BOUND ( 'NONE', #8341, .T. ) ;
#7517 = EDGE_CURVE ( 'NONE', #5772, #6145, #3754, .T. ) ;
#7518 = VERTEX_POINT ( 'NONE', #5528 ) ;
#7519 = DIRECTION ( 'NONE',  ( 0.000000000000000000, 0.000000000000000000, 1.000000000000000000 ) ) ;
#7520 = ORIENTED_EDGE ( 'NONE', *, *, #5395, .F. ) ;
#7521 = ADVANCED_FACE ( 'NONE', ( #4446 ), #6644, .F. ) ;
#7522 = DIRECTION ( 'NONE',  ( 0.7071067811865472397, 0.000000000000000000, 0.7071067811865479058 ) ) ;
#7523 =( LENGTH_UNIT ( ) NAMED_UNIT ( * ) SI_UNIT ( .MILLI., .METRE. ) );
#7524 = LINE ( 'NONE', #7971, #8553 ) ;
#7525 = EDGE_CURVE ( 'NONE', #9421, #7235, #4789, .T. ) ;
#7526 = FACE_BOUND ( 'NONE', #157, .T. ) ;
#7527 = FACE_OUTER_BOUND ( 'NONE', #3518, .T. ) ;
#7528 = ORIENTED_EDGE ( 'NONE', *, *, #2595, .T. ) ;
#7529 = ORIENTED_EDGE ( 'NONE', *, *, #3226, .T. ) ;
#7530 = AXIS2_PLACEMENT_3D ( 'NONE', #5469, #6207, #9516 ) ;
#7531 = DIRECTION ( 'NONE',  ( 1.000000000000000000, 0.000000000000000000, 0.000000000000000000 ) ) ;
#7532 = VERTEX_POINT ( 'NONE', #8491 ) ;
#7533 = DIRECTION ( 'NONE',  ( -0.000000000000000000, -0.000000000000000000, -1.000000000000000000 ) ) ;
#7534 = CIRCLE ( 'NONE', #7478, 2.999999999999995559 ) ;
#7535 = FACE_BOUND ( 'NONE', #3281, .T. ) ;
#7536 = ORIENTED_EDGE ( 'NONE', *, *, #4349, .F. ) ;
#7537 = ORIENTED_EDGE ( 'NONE', *, *, #6681, .T. ) ;
#7538 = ORIENTED_EDGE ( 'NONE', *, *, #8199, .F. ) ;
#7539 = PLANE ( 'NONE',  #6560 ) ;
#7540 = LINE ( 'NONE', #6329, #8573 ) ;
#7541 = PRODUCT_DEFINITION_SHAPE ( 'NONE', 'NONE',  #9594 ) ;
#7542 = AXIS2_PLACEMENT_3D ( 'NONE', #7327, #8180, #5921 ) ;
#7543 = EDGE_CURVE ( 'NONE', #1440, #7967, #7665, .T. ) ;
#7544 = DIRECTION ( 'NONE',  ( 1.000000000000000000, 0.000000000000000000, -0.000000000000000000 ) ) ;
#7545 = DIRECTION ( 'NONE',  ( -0.000000000000000000, -0.000000000000000000, -1.000000000000000000 ) ) ;
#7546 = EDGE_CURVE ( 'NONE', #8444, #1900, #1779, .T. ) ;
#7547 = CIRCLE ( 'NONE', #5353, 2.999999999999891642 ) ;
#7548 = EDGE_LOOP ( 'NONE', ( #2112, #1448 ) ) ;
#7549 = ORIENTED_EDGE ( 'NONE', *, *, #9402, .F. ) ;
#7550 = ORIENTED_EDGE ( 'NONE', *, *, #5433, .F. ) ;
#7551 = CIRCLE ( 'NONE', #8692, 5.999999999999561240 ) ;
#7552 =( NAMED_UNIT ( * ) PLANE_ANGLE_UNIT ( ) SI_UNIT ( $, .RADIAN. ) );
#7553 = DIRECTION ( 'NONE',  ( 1.000000000000000000, 0.000000000000000000, 0.000000000000000000 ) ) ;
#7554 = CARTESIAN_POINT ( 'NONE',  ( -612.4999999999996589, 20.00000000000000000, 9.000000000000000000 ) ) ;
#7555 = EDGE_CURVE ( 'NONE', #6308, #1111, #2819, .T. ) ;
#7556 = CARTESIAN_POINT ( 'NONE',  ( 1223.999999999999773, 482.5000000000000000, 18.00000000000000000 ) ) ;
#7557 = DIRECTION ( 'NONE',  ( 0.000000000000000000, 0.000000000000000000, 1.000000000000000000 ) ) ;
#7558 = AXIS2_PLACEMENT_3D ( 'NONE', #8599, #3327, #5605 ) ;
#7559 = ORIENTED_EDGE ( 'NONE', *, *, #4847, .F. ) ;
#7560 = DIRECTION ( 'NONE',  ( 1.665334536937734811E-16, 0.000000000000000000, 1.000000000000000222 ) ) ;
#7561 = ORIENTED_EDGE ( 'NONE', *, *, #971, .F. ) ;
#7562 = ORIENTED_EDGE ( 'NONE', *, *, #9203, .F. ) ;
#7563 = CYLINDRICAL_SURFACE ( 'NONE', #250, 3.000000000000058176 ) ;
#7564 = EDGE_CURVE ( 'NONE', #8177, #1892, #4096, .T. ) ;
#7565 = CARTESIAN_POINT ( 'NONE',  ( -441.9999999999999432, 55.00000000000000000, 2.999999999999994671 ) ) ;
#7566 = ORIENTED_EDGE ( 'NONE', *, *, #6203, .T. ) ;
#7567 = DIRECTION ( 'NONE',  ( 0.000000000000000000, 0.000000000000000000, 1.000000000000000000 ) ) ;
#7568 = CIRCLE ( 'NONE', #7870, 4.000000000000003553 ) ;
#7569 = ORIENTED_EDGE ( 'NONE', *, *, #3697, .F. ) ;
#7570 = ORIENTED_EDGE ( 'NONE', *, *, #2651, .F. ) ;
#7571 = VERTEX_POINT ( 'NONE', #7027 ) ;
#7572 = CIRCLE ( 'NONE', #128, 2.500000000000002220 ) ;
#7573 = ADVANCED_FACE ( 'NONE', ( #6521 ), #4561, .F. ) ;
#7574 = DIRECTION ( 'NONE',  ( 0.000000000000000000, -0.000000000000000000, 1.000000000000000000 ) ) ;
#7575 = DIRECTION ( 'NONE',  ( 0.000000000000000000, 0.000000000000000000, 1.000000000000000000 ) ) ;
#7576 = ORIENTED_EDGE ( 'NONE', *, *, #803, .F. ) ;
#7577 = ORIENTED_EDGE ( 'NONE', *, *, #3448, .F. ) ;
#7578 = DIRECTION ( 'NONE',  ( -0.000000000000000000, -0.000000000000000000, -1.000000000000000000 ) ) ;
#7579 = PLANE ( 'NONE',  #1147 ) ;
#7580 = AXIS2_PLACEMENT_3D ( 'NONE', #382, #2521, #7022 ) ;
#7581 = CARTESIAN_POINT ( 'NONE',  ( 421.0000000000000568, 80.00000000000000000, 11.99999999999999289 ) ) ;
#7582 = UNCERTAINTY_MEASURE_WITH_UNIT (LENGTH_MEASURE( 1.000000000000000082E-05 ), #6816, 'distance_accuracy_value', 'NONE');
#7583 = AXIS2_PLACEMENT_3D ( 'NONE', #953, #6198, #6839 ) ;
#7584 = CARTESIAN_POINT ( 'NONE',  ( 50.00000000000000000, 47.49999999999998579, 11.99999999999999822 ) ) ;
#7585 = ORIENTED_EDGE ( 'NONE', *, *, #2387, .T. ) ;
#7586 = ORIENTED_EDGE ( 'NONE', *, *, #7349, .F. ) ;
#7587 = DIRECTION ( 'NONE',  ( 0.000000000000000000, 1.000000000000000000, 0.000000000000000000 ) ) ;
#7588 = DIRECTION ( 'NONE',  ( -0.000000000000000000, -0.000000000000000000, -1.000000000000000000 ) ) ;
#7589 = DIRECTION ( 'NONE',  ( 0.000000000000000000, -0.000000000000000000, 1.000000000000000000 ) ) ;
#7590 = CARTESIAN_POINT ( 'NONE',  ( 1192.000000000000000, 67.49999999999997158, 18.00000000000000000 ) ) ;
#7591 = DIRECTION ( 'NONE',  ( -1.000000000000000222, 0.000000000000000000, 1.665334536937734811E-16 ) ) ;
#7592 = DIRECTION ( 'NONE',  ( -0.000000000000000000, -0.000000000000000000, -1.000000000000000000 ) ) ;
#7593 = CARTESIAN_POINT ( 'NONE',  ( 1002.999999999999886, 482.5000000000000000, 0.000000000000000000 ) ) ;
#7594 = DIRECTION ( 'NONE',  ( -0.000000000000000000, -0.000000000000000000, -1.000000000000000000 ) ) ;
#7595 = AXIS2_PLACEMENT_3D ( 'NONE', #7143, #9460, #5089 ) ;
#7596 = DIRECTION ( 'NONE',  ( -0.000000000000000000, -0.000000000000000000, -1.000000000000000000 ) ) ;
#7597 = CARTESIAN_POINT ( 'NONE',  ( 248.5000000000001421, 0.000000000000000000, -9.000000000000000000 ) ) ;
#7598 = DIRECTION ( 'NONE',  ( -0.000000000000000000, -1.000000000000000000, -0.000000000000000000 ) ) ;
#7599 = AXIS2_PLACEMENT_3D ( 'NONE', #4617, #2525, #6218 ) ;
#7600 = FACE_OUTER_BOUND ( 'NONE', #3191, .T. ) ;
#7601 = VECTOR ( 'NONE', #6325, 1000.000000000000000 ) ;
#7602 = VERTEX_POINT ( 'NONE', #6366 ) ;
#7603 = DIRECTION ( 'NONE',  ( -1.000000000000000000, 0.000000000000000000, 0.000000000000000000 ) ) ;
#7604 = AXIS2_PLACEMENT_3D ( 'NONE', #5521, #1945, #9211 ) ;
#7605 = ADVANCED_FACE ( 'NONE', ( #8597 ), #5480, .F. ) ;
#7606 = DIRECTION ( 'NONE',  ( 1.000000000000000000, 0.000000000000000000, 0.000000000000000000 ) ) ;
#7607 = CARTESIAN_POINT ( 'NONE',  ( 0.000000000000000000, 18.00000000000000000, 0.000000000000000000 ) ) ;
#7608 = LINE ( 'NONE', #3456, #4622 ) ;
#7609 = VERTEX_POINT ( 'NONE', #1953 ) ;
#7610 = ORIENTED_EDGE ( 'NONE', *, *, #2988, .F. ) ;
#7611 = EDGE_CURVE ( 'NONE', #9433, #1165, #129, .T. ) ;
#7612 = DIRECTION ( 'NONE',  ( -1.000000000000000000, -0.000000000000000000, -0.000000000000000000 ) ) ;
#7613 = DIRECTION ( 'NONE',  ( -1.000000000000000000, 0.000000000000000000, -0.000000000000000000 ) ) ;
#7614 = FACE_BOUND ( 'NONE', #5561, .T. ) ;
#7615 = VECTOR ( 'NONE', #8247, 1000.000000000000000 ) ;
#7616 = ORIENTED_EDGE ( 'NONE', *, *, #2608, .F. ) ;
#7617 = EDGE_LOOP ( 'NONE', ( #6948, #5603 ) ) ;
#7618 = CIRCLE ( 'NONE', #9508, 3.000000000000002665 ) ;
#7619 = DIRECTION ( 'NONE',  ( -1.000000000000000000, 0.000000000000000000, 0.000000000000000000 ) ) ;
#7620 = STYLED_ITEM ( 'NONE', ( #2655 ), #6580 ) ;
#7621 = CARTESIAN_POINT ( 'NONE',  ( 135.0000000000000000, 24.00000000000000000, 6.000000000000000000 ) ) ;
#7622 = FACE_BOUND ( 'NONE', #829, .T. ) ;
#7623 = AXIS2_PLACEMENT_3D ( 'NONE', #1178, #2661, #3400 ) ;
#7624 = CARTESIAN_POINT ( 'NONE',  ( 1450.000000000000000, 583.4999999999998863, 18.00000000000000000 ) ) ;
#7625 = FACE_BOUND ( 'NONE', #478, .T. ) ;
#7626 = CIRCLE ( 'NONE', #3530, 2.500000000000002220 ) ;
#7627 = ORIENTED_EDGE ( 'NONE', *, *, #284, .T. ) ;
#7628 = DIRECTION ( 'NONE',  ( -0.000000000000000000, -1.000000000000000000, -0.000000000000000000 ) ) ;
#7629 = CARTESIAN_POINT ( 'NONE',  ( 0.000000000000000000, 0.000000000000000000, 0.000000000000000000 ) ) ;
#7630 = EDGE_LOOP ( 'NONE', ( #2054, #373, #2024, #7796 ) ) ;
#7631 = DIRECTION ( 'NONE',  ( -0.000000000000000000, -0.000000000000000000, -1.000000000000000000 ) ) ;
#7632 = VECTOR ( 'NONE', #9528, 1000.000000000000000 ) ;
#7633 = DIRECTION ( 'NONE',  ( -0.000000000000000000, -0.000000000000000000, -1.000000000000000000 ) ) ;
#7634 = FACE_OUTER_BOUND ( 'NONE', #7985, .T. ) ;
#7635 = CARTESIAN_POINT ( 'NONE',  ( 73.00000000000015632, 177.4999999999999716, 18.00000000000000000 ) ) ;
#7636 = FACE_BOUND ( 'NONE', #839, .T. ) ;
#7637 = VECTOR ( 'NONE', #258, 1000.000000000000000 ) ;
#7638 = CARTESIAN_POINT ( 'NONE',  ( 1474.384776310849929, 665.8847763108501567, 11.99999999999999822 ) ) ;
#7639 = ORIENTED_EDGE ( 'NONE', *, *, #783, .T. ) ;
#7640 = ORIENTED_EDGE ( 'NONE', *, *, #5266, .F. ) ;
#7641 = ORIENTED_EDGE ( 'NONE', *, *, #8519, .T. ) ;
#7642 = DIRECTION ( 'NONE',  ( -0.000000000000000000, -0.000000000000000000, -1.000000000000000000 ) ) ;
#7643 = CIRCLE ( 'NONE', #9063, 2.499999999999946709 ) ;
#7644 =( NAMED_UNIT ( * ) PLANE_ANGLE_UNIT ( ) SI_UNIT ( $, .RADIAN. ) );
#7645 = ORIENTED_EDGE ( 'NONE', *, *, #6564, .F. ) ;
#7646 = AXIS2_PLACEMENT_3D ( 'NONE', #8552, #1102, #7092 ) ;
#7647 = EDGE_CURVE ( 'NONE', #6432, #6174, #5250, .T. ) ;
#7648 = VECTOR ( 'NONE', #9055, 1000.000000000000000 ) ;
#7649 = AXIS2_PLACEMENT_3D ( 'NONE', #8644, #9430, #5022 ) ;
#7650 = CYLINDRICAL_SURFACE ( 'NONE', #9090, 2.499999999999946709 ) ;
#7651 = EDGE_LOOP ( 'NONE', ( #5033, #4762 ) ) ;
#7652 = EDGE_LOOP ( 'NONE', ( #2229, #5371 ) ) ;
#7653 = EDGE_LOOP ( 'NONE', ( #7425, #8985 ) ) ;
#7654 = DIRECTION ( 'NONE',  ( 0.000000000000000000, -0.000000000000000000, 1.000000000000000000 ) ) ;
#7655 = VECTOR ( 'NONE', #1691, 1000.000000000000000 ) ;
#7656 = CARTESIAN_POINT ( 'NONE',  ( 1464.142135623731292, 670.1274169979692488, 11.99999999999999822 ) ) ;
#7657 = ADVANCED_FACE ( 'NONE', ( #6752 ), #8345, .F. ) ;
#7658 = ORIENTED_EDGE ( 'NONE', *, *, #21, .T. ) ;
#7659 = VECTOR ( 'NONE', #675, 1000.000000000000000 ) ;
#7660 = AXIS2_PLACEMENT_3D ( 'NONE', #3058, #8820, #8945 ) ;
#7661 =( GEOMETRIC_REPRESENTATION_CONTEXT ( 3 ) GLOBAL_UNCERTAINTY_ASSIGNED_CONTEXT ( ( #3797 ) ) GLOBAL_UNIT_ASSIGNED_CONTEXT ( ( #7711, #2636, #4851 ) ) REPRESENTATION_CONTEXT ( 'NONE', 'WORKASPACE' ) );
#7662 = DIRECTION ( 'NONE',  ( 0.000000000000000000, -0.000000000000000000, -1.000000000000000000 ) ) ;
#7663 = EDGE_LOOP ( 'NONE', ( #5809, #6135 ) ) ;
#7664 = EDGE_CURVE ( 'NONE', #1564, #3408, #3295, .T. ) ;
#7665 = LINE ( 'NONE', #1201, #6168 ) ;
#7666 = CARTESIAN_POINT ( 'NONE',  ( 183.0698683933170798, 725.0000000000000000, 21.50000000000000000 ) ) ;
#7667 = EDGE_CURVE ( 'NONE', #4292, #2616, #2126, .T. ) ;
#7668 = DIRECTION ( 'NONE',  ( -0.000000000000000000, -0.000000000000000000, -1.000000000000000000 ) ) ;
#7669 = ORIENTED_EDGE ( 'NONE', *, *, #2110, .F. ) ;
#7670 = FACE_OUTER_BOUND ( 'NONE', #3123, .T. ) ;
#7671 = ORIENTED_EDGE ( 'NONE', *, *, #1119, .F. ) ;
#7672 = VERTEX_POINT ( 'NONE', #6461 ) ;
#7673 = ORIENTED_EDGE ( 'NONE', *, *, #1366, .F. ) ;
#7674 = FACE_OUTER_BOUND ( 'NONE', #9523, .T. ) ;
#7675 = CARTESIAN_POINT ( 'NONE',  ( 1192.000000000000000, 627.5000000000001137, 18.00000000000000000 ) ) ;
#7676 = EDGE_CURVE ( 'NONE', #1927, #7299, #3984, .T. ) ;
#7677 = CARTESIAN_POINT ( 'NONE',  ( -441.9999999999999432, 55.00000000000000000, 2.999999999999994671 ) ) ;
#7678 = CARTESIAN_POINT ( 'NONE',  ( 144.9999999999999147, 730.0000000000000000, 12.49999999999999289 ) ) ;
#7679 = DIRECTION ( 'NONE',  ( 0.7071067811865433539, 1.895603464402280925E-17, -0.7071067811865517916 ) ) ;
#7680 = VERTEX_POINT ( 'NONE', #3600 ) ;
#7681 = VECTOR ( 'NONE', #3644, 1000.000000000000000 ) ;
#7682 = ORIENTED_EDGE ( 'NONE', *, *, #3425, .F. ) ;
#7683 = ORIENTED_EDGE ( 'NONE', *, *, #7993, .F. ) ;
#7684 = EDGE_CURVE ( 'NONE', #6440, #2681, #2465, .T. ) ;
#7685 = ORIENTED_EDGE ( 'NONE', *, *, #4470, .F. ) ;
#7686 = CARTESIAN_POINT ( 'NONE',  ( 1419.129942314910977, 620.6299423149113181, 11.99999999999999822 ) ) ;
#7687 = CARTESIAN_POINT ( 'NONE',  ( 184.6423443838056926, 730.0000000000000000, 11.25671599810843126 ) ) ;
#7688 = DIRECTION ( 'NONE',  ( 1.000000000000000000, 0.000000000000000000, 0.000000000000000000 ) ) ;
#7689 = DIRECTION ( 'NONE',  ( 0.000000000000000000, 0.000000000000000000, 1.000000000000000000 ) ) ;
#7690 = DIRECTION ( 'NONE',  ( 1.000000000000000000, -1.329538674056075510E-18, 0.000000000000000000 ) ) ;
#7691 = PRODUCT_DEFINITION_SHAPE ( 'NONE', 'NONE',  #2513 ) ;
#7692 = EDGE_LOOP ( 'NONE', ( #7918, #1566, #6185, #7789 ) ) ;
#7693 = EDGE_LOOP ( 'NONE', ( #8561, #2538 ) ) ;
#7694 = AXIS2_PLACEMENT_3D ( 'NONE', #8844, #9566, #4394 ) ;
#7695 = ORIENTED_EDGE ( 'NONE', *, *, #3697, .T. ) ;
#7696 = EDGE_CURVE ( 'NONE', #3980, #4920, #5712, .T. ) ;
#7697 = CARTESIAN_POINT ( 'NONE',  ( -666.5000000000002274, 0.000000000000000000, 9.000000000000000000 ) ) ;
#7698 = DIRECTION ( 'NONE',  ( -1.000000000000000000, 0.000000000000000000, 0.000000000000000000 ) ) ;
#7699 = PLANE ( 'NONE',  #1837 ) ;
#7700 = EDGE_CURVE ( 'NONE', #1332, #3764, #7448, .T. ) ;
#7701 = CARTESIAN_POINT ( 'NONE',  ( 58.01941254751481836, -2.024254279067401983E-17, 24.78679656440356638 ) ) ;
#7702 = VERTEX_POINT ( 'NONE', #3512 ) ;
#7703 = VERTEX_POINT ( 'NONE', #4219 ) ;
#7704 = CARTESIAN_POINT ( 'NONE',  ( 1397.674098192195288, 108.3111831820441040, 18.00000000000000000 ) ) ;
#7705 = AXIS2_PLACEMENT_3D ( 'NONE', #5367, #9021, #3859 ) ;
#7706 = DIRECTION ( 'NONE',  ( 0.000000000000000000, 0.000000000000000000, 1.000000000000000000 ) ) ;
#7707 = EDGE_CURVE ( 'NONE', #5437, #8, #9400, .T. ) ;
#7708 = ADVANCED_FACE ( 'NONE', ( #4324 ), #18, .F. ) ;
#7709 = DIRECTION ( 'NONE',  ( -1.000000000000000000, 0.000000000000000000, 0.000000000000000000 ) ) ;
#7710 = CARTESIAN_POINT ( 'NONE',  ( 305.0000000000000568, 627.5000000000001137, 18.00000000000000000 ) ) ;
#7711 =( LENGTH_UNIT ( ) NAMED_UNIT ( * ) SI_UNIT ( .MILLI., .METRE. ) );
#7712 = CARTESIAN_POINT ( 'NONE',  ( 106.5685424949241451, 104.0685424949247704, 18.00000000000000000 ) ) ;
#7713 = LINE ( 'NONE', #8611, #9442 ) ;
#7714 = DIRECTION ( 'NONE',  ( 0.000000000000000000, 0.000000000000000000, 1.000000000000000000 ) ) ;
#7715 = AXIS2_PLACEMENT_3D ( 'NONE', #2562, #6966, #3967 ) ;
#7716 = AXIS2_PLACEMENT_3D ( 'NONE', #9429, #6494, #4531 ) ;
#7717 = EDGE_CURVE ( 'NONE', #6143, #6773, #9153, .T. ) ;
#7718 = CARTESIAN_POINT ( 'NONE',  ( 50.00000000000000000, 47.49999999999998579, 0.000000000000000000 ) ) ;
#7719 = EDGE_CURVE ( 'NONE', #9020, #8526, #1323, .T. ) ;
#7720 = DIRECTION ( 'NONE',  ( 0.000000000000000000, 0.000000000000000000, 1.000000000000000000 ) ) ;
#7721 = CIRCLE ( 'NONE', #6633, 2.999999999999891642 ) ;
#7722 = EDGE_LOOP ( 'NONE', ( #9059, #981 ) ) ;
#7723 = ORIENTED_EDGE ( 'NONE', *, *, #858, .T. ) ;
#7724 = DIRECTION ( 'NONE',  ( 0.000000000000000000, 1.000000000000000000, 0.000000000000000000 ) ) ;
#7725 = CARTESIAN_POINT ( 'NONE',  ( -170.0000000000000000, 55.00000000000000000, 2.999999999999994671 ) ) ;
#7726 = EDGE_CURVE ( 'NONE', #8603, #3447, #8109, .T. ) ;
#7727 = AXIS2_PLACEMENT_3D ( 'NONE', #1741, #8299, #4477 ) ;
#7728 = ORIENTED_EDGE ( 'NONE', *, *, #1292, .F. ) ;
#7729 = CARTESIAN_POINT ( 'NONE',  ( 311.0000000000001705, 67.49999999999997158, 18.00000000000000000 ) ) ;
#7730 = DIRECTION ( 'NONE',  ( 0.000000000000000000, 0.000000000000000000, -1.000000000000000000 ) ) ;
#7731 = CYLINDRICAL_SURFACE ( 'NONE', #854, 15.00000000000000178 ) ;
#7732 = VECTOR ( 'NONE', #8209, 1000.000000000000000 ) ;
#7733 = VERTEX_POINT ( 'NONE', #8750 ) ;
#7734 = EDGE_CURVE ( 'NONE', #7809, #5614, #492, .T. ) ;
#7735 = ORIENTED_EDGE ( 'NONE', *, *, #4271, .F. ) ;
#7736 = PRESENTATION_STYLE_ASSIGNMENT (( #2481 ) ) ;
#7737 = APPLICATION_PROTOCOL_DEFINITION ( 'draft international standard', 'automotive_design', 1998, #4926 ) ;
#7738 = ORIENTED_EDGE ( 'NONE', *, *, #4726, .T. ) ;
#7739 = FACE_BOUND ( 'NONE', #1809, .T. ) ;
#7740 = LINE ( 'NONE', #1361, #1150 ) ;
#7741 = VERTEX_POINT ( 'NONE', #3480 ) ;
#7742 = CARTESIAN_POINT ( 'NONE',  ( 102.3259018078048683, 586.6888168179572176, 18.00000000000000000 ) ) ;
#7743 = ORIENTED_EDGE ( 'NONE', *, *, #1436, .F. ) ;
#7744 = AXIS2_PLACEMENT_3D ( 'NONE', #4964, #3553, #3486 ) ;
#7745 = CARTESIAN_POINT ( 'NONE',  ( 1464.142135623731292, 670.1274169979692488, 11.99999999999999822 ) ) ;
#7746 = CYLINDRICAL_SURFACE ( 'NONE', #3952, 3.000000000000002665 ) ;
#7747 = DIRECTION ( 'NONE',  ( -0.000000000000000000, -0.000000000000000000, 1.000000000000000000 ) ) ;
#7748 = CARTESIAN_POINT ( 'NONE',  ( 1226.499999999999773, 347.5000000000000000, 0.000000000000000000 ) ) ;
#7749 = CIRCLE ( 'NONE', #652, 3.000000000000002665 ) ;
#7750 = ADVANCED_FACE ( 'NONE', ( #2581 ), #2335, .F. ) ;
#7751 = FACE_BOUND ( 'NONE', #7473, .T. ) ;
#7752 = CIRCLE ( 'NONE', #304, 3.000000000000197176 ) ;
#7753 = VERTEX_POINT ( 'NONE', #3761 ) ;
#7754 = VERTEX_POINT ( 'NONE', #8027 ) ;
#7755 = ORIENTED_EDGE ( 'NONE', *, *, #7707, .F. ) ;
#7756 = VECTOR ( 'NONE', #8287, 1000.000000000000000 ) ;
#7757 = CARTESIAN_POINT ( 'NONE',  ( 1223.999999999999773, 482.5000000000000000, 18.00000000000000000 ) ) ;
#7758 = AXIS2_PLACEMENT_3D ( 'NONE', #3913, #4744, #9103 ) ;
#7759 = DIRECTION ( 'NONE',  ( 0.1713727001804919992, 0.9852062716166839484, 0.000000000000000000 ) ) ;
#7760 = CARTESIAN_POINT ( 'NONE',  ( 503.0000000000000000, 482.5000000000000000, 18.00000000000000000 ) ) ;
#7761 = VECTOR ( 'NONE', #7598, 1000.000000000000000 ) ;
#7762 = CARTESIAN_POINT ( 'NONE',  ( 308.0000000000001137, 67.49999999999997158, 18.00000000000000000 ) ) ;
#7763 = CARTESIAN_POINT ( 'NONE',  ( 1000.000000000000000, 212.4999999999999716, 0.000000000000000000 ) ) ;
#7764 = CIRCLE ( 'NONE', #2686, 2.999999999999891642 ) ;
#7765 = ORIENTED_EDGE ( 'NONE', *, *, #2782, .F. ) ;
#7766 = ORIENTED_EDGE ( 'NONE', *, *, #3015, .F. ) ;
#7767 = EDGE_LOOP ( 'NONE', ( #6555, #7312 ) ) ;
#7768 = ADVANCED_FACE ( 'NONE', ( #5030 ), #1554, .F. ) ;
#7769 = FACE_BOUND ( 'NONE', #140, .T. ) ;
#7770 = DIRECTION ( 'NONE',  ( -0.000000000000000000, -0.000000000000000000, -1.000000000000000000 ) ) ;
#7771 = CARTESIAN_POINT ( 'NONE',  ( 80.87005768508875292, 620.6299423149114318, 0.000000000000000000 ) ) ;
#7772 = EDGE_LOOP ( 'NONE', ( #4361, #6810, #7342, #8221, #1015 ) ) ;
#7773 = CARTESIAN_POINT ( 'NONE',  ( 1342.000000000000000, 80.00000000000000000, 18.00000000000000000 ) ) ;
#7774 = ORIENTED_EDGE ( 'NONE', *, *, #5542, .T. ) ;
#7775 = EDGE_LOOP ( 'NONE', ( #7549, #27, #4548, #2357 ) ) ;
#7776 = PRODUCT_CONTEXT ( 'NONE', #2618, 'mechanical' ) ;
#7777 = ORIENTED_EDGE ( 'NONE', *, *, #7479, .T. ) ;
#7778 = VECTOR ( 'NONE', #8720, 1000.000000000000000 ) ;
#7779 = AXIS2_PLACEMENT_3D ( 'NONE', #2501, #1810, #2480 ) ;
#7780 = CARTESIAN_POINT ( 'NONE',  ( 1192.000000000000000, 67.49999999999997158, 18.00000000000000000 ) ) ;
#7781 = DIRECTION ( 'NONE',  ( -0.000000000000000000, -0.000000000000000000, -1.000000000000000000 ) ) ;
#7782 = CARTESIAN_POINT ( 'NONE',  ( 921.0000000000000000, 55.00000000000000000, 9.000000000000000000 ) ) ;
#7783 = ORIENTED_EDGE ( 'NONE', *, *, #7423, .T. ) ;
#7784 = DIRECTION ( 'NONE',  ( 1.000000000000000000, 0.000000000000000000, 0.000000000000000000 ) ) ;
#7785 = CIRCLE ( 'NONE', #1754, 2.500000000000002220 ) ;
#7786 = CARTESIAN_POINT ( 'NONE',  ( -570.0000000000000000, 55.00000000000000000, 0.000000000000000000 ) ) ;
#7787 = ORIENTED_EDGE ( 'NONE', *, *, #3909, .F. ) ;
#7788 = ORIENTED_EDGE ( 'NONE', *, *, #546, .T. ) ;
#7789 = ORIENTED_EDGE ( 'NONE', *, *, #4065, .T. ) ;
#7790 = DIRECTION ( 'NONE',  ( -1.000000000000000000, 0.000000000000000000, 0.000000000000000000 ) ) ;
#7791 = ORIENTED_EDGE ( 'NONE', *, *, #1308, .T. ) ;
#7792 = LINE ( 'NONE', #1952, #6533 ) ;
#7793 = AXIS2_PLACEMENT_3D ( 'NONE', #2809, #7837, #502 ) ;
#7794 = PRODUCT_RELATED_PRODUCT_CATEGORY ( 'part', '', ( #2806 ) ) ;
#7795 = DIRECTION ( 'NONE',  ( 0.000000000000000000, 0.000000000000000000, 1.000000000000000000 ) ) ;
#7796 = ORIENTED_EDGE ( 'NONE', *, *, #4839, .T. ) ;
#7797 = EDGE_CURVE ( 'NONE', #6274, #8106, #5942, .T. ) ;
#7798 = CARTESIAN_POINT ( 'NONE',  ( 0.000000000000000000, 0.000000000000000000, 31.00000000000000000 ) ) ;
#7799 = VECTOR ( 'NONE', #9081, 1000.000000000000000 ) ;
#7800 = EDGE_LOOP ( 'NONE', ( #4942, #4809 ) ) ;
#7801 = EDGE_LOOP ( 'NONE', ( #2022, #4707, #3774, #6659 ) ) ;
#7802 = ORIENTED_EDGE ( 'NONE', *, *, #67, .T. ) ;
#7803 = VECTOR ( 'NONE', #7297, 1000.000000000000000 ) ;
#7804 = DIRECTION ( 'NONE',  ( 0.000000000000000000, 0.000000000000000000, -1.000000000000000000 ) ) ;
#7805 = AXIS2_PLACEMENT_3D ( 'NONE', #2757, #1373, #3580 ) ;
#7806 = CARTESIAN_POINT ( 'NONE',  ( 25.00000000000000000, 56.00000000000000000, 9.000000000000000000 ) ) ;
#7807 = DIRECTION ( 'NONE',  ( -0.000000000000000000, -0.000000000000000000, -1.000000000000000000 ) ) ;
#7808 = ORIENTED_EDGE ( 'NONE', *, *, #6240, .T. ) ;
#7809 = VERTEX_POINT ( 'NONE', #6594 ) ;
#7810 = EDGE_CURVE ( 'NONE', #3983, #517, #7895, .T. ) ;
#7811 = ADVANCED_FACE ( 'NONE', ( #6981 ), #2454, .F. ) ;
#7812 = DIRECTION ( 'NONE',  ( 0.000000000000000000, 0.000000000000000000, 1.000000000000000000 ) ) ;
#7813 = DIRECTION ( 'NONE',  ( 1.000000000000000000, 0.000000000000000000, 0.000000000000000000 ) ) ;
#7814 = DIRECTION ( 'NONE',  ( 1.000000000000000000, 0.000000000000000000, 0.000000000000000000 ) ) ;
#7815 = APPLICATION_PROTOCOL_DEFINITION ( 'draft international standard', 'automotive_design', 1998, #1146 ) ;
#7816 = ORIENTED_EDGE ( 'NONE', *, *, #5563, .T. ) ;
#7817 = ORIENTED_EDGE ( 'NONE', *, *, #8959, .F. ) ;
#7818 = CARTESIAN_POINT ( 'NONE',  ( 59.99999999999998579, 70.00000000000000000, 18.00000000000001421 ) ) ;
#7819 = DIRECTION ( 'NONE',  ( -1.000000000000000000, 0.000000000000000000, 0.000000000000000000 ) ) ;
#7820 = DIRECTION ( 'NONE',  ( -1.000000000000000000, 0.000000000000000000, 0.000000000000000000 ) ) ;
#7821 = DIRECTION ( 'NONE',  ( -0.000000000000000000, -1.000000000000000000, -0.000000000000000000 ) ) ;
#7822 = CARTESIAN_POINT ( 'NONE',  ( 70.00000000000014211, 305.5000000000000000, 18.00000000000000000 ) ) ;
#7823 = STYLED_ITEM ( 'NONE', ( #4203 ), #4867 ) ;
#7824 = EDGE_CURVE ( 'NONE', #7809, #8177, #6284, .T. ) ;
#7825 = CARTESIAN_POINT ( 'NONE',  ( 110.8111831820434929, 595.1740981921958564, 11.99999999999999822 ) ) ;
#7826 = DIRECTION ( 'NONE',  ( -1.000000000000000000, 0.000000000000000000, 0.000000000000000000 ) ) ;
#7827 = DIRECTION ( 'NONE',  ( 0.000000000000000000, 0.000000000000000000, 1.000000000000000000 ) ) ;
#7828 = DIRECTION ( 'NONE',  ( -0.000000000000000000, -0.000000000000000000, -1.000000000000000000 ) ) ;
#7829 = EDGE_CURVE ( 'NONE', #6059, #6039, #720, .T. ) ;
#7830 = DIRECTION ( 'NONE',  ( -0.7071067811865472397, 0.000000000000000000, 0.7071067811865479058 ) ) ;
#7831 = AXIS2_PLACEMENT_3D ( 'NONE', #4344, #5079, #6629 ) ;
#7832 = APPLICATION_PROTOCOL_DEFINITION ( 'draft international standard', 'automotive_design', 1998, #9185 ) ;
#7833 = CIRCLE ( 'NONE', #1988, 4.000000000000010658 ) ;
#7834 = LINE ( 'NONE', #9235, #6578 ) ;
#7835 = VERTEX_POINT ( 'NONE', #2188 ) ;
#7836 = DIRECTION ( 'NONE',  ( -0.7071067811865515695, -0.7071067811865435759, 0.000000000000000000 ) ) ;
#7837 = DIRECTION ( 'NONE',  ( 0.000000000000000000, 0.000000000000000000, -1.000000000000000000 ) ) ;
#7838 = ITEM_DEFINED_TRANSFORMATION ( 'NONE', 'NONE', #7960,  #6183 ) ;
#7839 = CARTESIAN_POINT ( 'NONE',  ( 1432.499999999999773, 209.4999999999998295, 0.000000000000000000 ) ) ;
#7840 = CARTESIAN_POINT ( 'NONE',  ( 276.0000000000001137, 212.4999999999999716, 18.00000000000000000 ) ) ;
#7841 = CARTESIAN_POINT ( 'NONE',  ( 1432.999999999999318, 347.5000000000000000, 0.000000000000000000 ) ) ;
#7842 = AXIS2_PLACEMENT_3D ( 'NONE', #6018, #5255, #5288 ) ;
#7843 = MECHANICAL_DESIGN_GEOMETRIC_PRESENTATION_REPRESENTATION (  '', ( #5317 ), #3347 ) ;
#7844 = EDGE_CURVE ( 'NONE', #4165, #3867, #6637, .T. ) ;
#7845 = CIRCLE ( 'NONE', #661, 3.000000000000000888 ) ;
#7846 = EDGE_LOOP ( 'NONE', ( #8827, #3657, #2556, #7673 ) ) ;
#7847 = ORIENTED_EDGE ( 'NONE', *, *, #1482, .F. ) ;
#7848 = ADVANCED_FACE ( 'NONE', ( #8332, #1544 ), #3725, .F. ) ;
#7849 = EDGE_CURVE ( 'NONE', #8603, #2017, #5017, .T. ) ;
#7850 = CARTESIAN_POINT ( 'NONE',  ( 500.0000000000000000, 212.4999999999999716, 18.00000000000000000 ) ) ;
#7851 = CARTESIAN_POINT ( 'NONE',  ( 106.5685424949241451, 104.0685424949247704, 11.99999999999999822 ) ) ;
#7852 = FACE_BOUND ( 'NONE', #6047, .T. ) ;
#7853 = CIRCLE ( 'NONE', #890, 2.999999999999994671 ) ;
#7854 = ORIENTED_EDGE ( 'NONE', *, *, #5210, .F. ) ;
#7855 = VERTEX_POINT ( 'NONE', #44 ) ;
#7856 = EDGE_CURVE ( 'NONE', #7480, #4334, #3744, .T. ) ;
#7857 = DIRECTION ( 'NONE',  ( 0.000000000000000000, 0.000000000000000000, 1.000000000000000000 ) ) ;
#7858 = AXIS2_PLACEMENT_3D ( 'NONE', #6553, #6520, #1247 ) ;
#7859 = CARTESIAN_POINT ( 'NONE',  ( 110.0000000000000000, 110.0000000000000000, 30.00000000000000000 ) ) ;
#7860 = FACE_BOUND ( 'NONE', #5834, .T. ) ;
#7861 = EDGE_CURVE ( 'NONE', #9374, #4930, #9032, .T. ) ;
#7862 = FACE_BOUND ( 'NONE', #4694, .T. ) ;
#7863 = FACE_OUTER_BOUND ( 'NONE', #2997, .T. ) ;
#7864 = EDGE_LOOP ( 'NONE', ( #2176, #1934, #4893, #8432 ) ) ;
#7865 = ORIENTED_EDGE ( 'NONE', *, *, #4958, .T. ) ;
#7866 = CIRCLE ( 'NONE', #5432, 2.500000000000002220 ) ;
#7867 = DIRECTION ( 'NONE',  ( 0.000000000000000000, 0.000000000000000000, -1.000000000000000000 ) ) ;
#7868 = LINE ( 'NONE', #7629, #7761 ) ;
#7869 = DIRECTION ( 'NONE',  ( 0.000000000000000000, 1.000000000000000000, 0.000000000000000000 ) ) ;
#7870 = AXIS2_PLACEMENT_3D ( 'NONE', #292, #1839, #6984 ) ;
#7871 = CIRCLE ( 'NONE', #2721, 3.000000000000002665 ) ;
#7872 = FACE_OUTER_BOUND ( 'NONE', #8767, .T. ) ;
#7873 = EDGE_LOOP ( 'NONE', ( #126, #1404 ) ) ;
#7874 = ORIENTED_EDGE ( 'NONE', *, *, #4975, .F. ) ;
#7875 = EDGE_CURVE ( 'NONE', #1614, #3782, #3049, .T. ) ;
#7876 = ORIENTED_EDGE ( 'NONE', *, *, #2756, .F. ) ;
#7877 = CARTESIAN_POINT ( 'NONE',  ( 76.87005768508892345, 74.37005768508863923, 0.000000000000000000 ) ) ;
#7878 = VECTOR ( 'NONE', #8952, 1000.000000000000000 ) ;
#7879 = CARTESIAN_POINT ( 'NONE',  ( 70.00000000000015632, 517.5000000000001137, 18.00000000000000000 ) ) ;
#7880 = CARTESIAN_POINT ( 'NONE',  ( 184.9999999999999432, 730.0000000000000000, 16.00000000000000000 ) ) ;
#7881 = CIRCLE ( 'NONE', #7264, 2.499999999999946709 ) ;
#7882 = FACE_OUTER_BOUND ( 'NONE', #8830, .T. ) ;
#7883 = VERTEX_POINT ( 'NONE', #3641 ) ;
#7884 = VERTEX_POINT ( 'NONE', #3686 ) ;
#7885 = DIRECTION ( 'NONE',  ( 1.000000000000000000, 0.000000000000000000, -0.000000000000000000 ) ) ;
#7886 = ORIENTED_EDGE ( 'NONE', *, *, #5879, .F. ) ;
#7887 = AXIS2_PLACEMENT_3D ( 'NONE', #8047, #8845, #4474 ) ;
#7888 = VECTOR ( 'NONE', #6848, 1000.000000000000000 ) ;
#7889 = CARTESIAN_POINT ( 'NONE',  ( 750.0000000000000000, 35.49999999999997868, 0.000000000000000000 ) ) ;
#7890 = DIRECTION ( 'NONE',  ( 0.000000000000000000, 0.000000000000000000, 1.000000000000000000 ) ) ;
#7891 = FACE_OUTER_BOUND ( 'NONE', #1080, .T. ) ;
#7892 = ORIENTED_EDGE ( 'NONE', *, *, #597, .T. ) ;
#7893 = LINE ( 'NONE', #7242, #7659 ) ;
#7894 = EDGE_LOOP ( 'NONE', ( #8004, #9376, #6869, #2365 ) ) ;
#7895 = CIRCLE ( 'NONE', #2429, 2.500000000000015987 ) ;
#7896 = ADVANCED_FACE ( 'NONE', ( #5593 ), #3413, .F. ) ;
#7897 = CARTESIAN_POINT ( 'NONE',  ( 1323.000000000000000, 67.50000000000000000, 0.000000000000000000 ) ) ;
#7898 = DIRECTION ( 'NONE',  ( 0.000000000000000000, 1.000000000000000000, 0.000000000000000000 ) ) ;
#7899 = ORIENTED_EDGE ( 'NONE', *, *, #6042, .F. ) ;
#7900 = CARTESIAN_POINT ( 'NONE',  ( 110.8111831820434645, 99.82590180780547939, 11.99999999999999822 ) ) ;
#7901 = CYLINDRICAL_SURFACE ( 'NONE', #2414, 2.500000000000002220 ) ;
#7902 = ORIENTED_EDGE ( 'NONE', *, *, #3059, .F. ) ;
#7903 = ORIENTED_EDGE ( 'NONE', *, *, #1852, .T. ) ;
#7904 = AXIS2_PLACEMENT_3D ( 'NONE', #7064, #2699, #7161 ) ;
#7905 = AXIS2_PLACEMENT_3D ( 'NONE', #2011, #9321, #4306 ) ;
#7906 = EDGE_CURVE ( 'NONE', #8711, #6760, #483, .T. ) ;
#7907 = EDGE_LOOP ( 'NONE', ( #8309, #6618, #4223, #1727 ) ) ;
#7908 = VECTOR ( 'NONE', #1144, 1000.000000000000000 ) ;
#7909 = PLANE ( 'NONE',  #3317 ) ;
#7910 = EDGE_CURVE ( 'NONE', #5257, #7288, #2696, .T. ) ;
#7911 = CARTESIAN_POINT ( 'NONE',  ( 1468.384776310850157, 29.11522368914954839, 11.99999999999999822 ) ) ;
#7912 = ADVANCED_FACE ( 'NONE', ( #9274 ), #7102, .F. ) ;
#7913 = CARTESIAN_POINT ( 'NONE',  ( 421.0000000000000568, 55.00000000000000000, 9.000000000000000000 ) ) ;
#7914 = VERTEX_POINT ( 'NONE', #5238 ) ;
#7915 = CYLINDRICAL_SURFACE ( 'NONE', #9019, 4.000000000000003553 ) ;
#7916 = ORIENTED_EDGE ( 'NONE', *, *, #5724, .F. ) ;
#7917 = ORIENTED_EDGE ( 'NONE', *, *, #8067, .F. ) ;
#7918 = ORIENTED_EDGE ( 'NONE', *, *, #900, .F. ) ;
#7919 = EDGE_CURVE ( 'NONE', #6864, #9281, #9142, .T. ) ;
#7920 = AXIS2_PLACEMENT_3D ( 'NONE', #1256, #2066, #4889 ) ;
#7921 = DIRECTION ( 'NONE',  ( 0.1156569635167078725, 0.9932892160846682472, 0.000000000000000000 ) ) ;
#7922 = CARTESIAN_POINT ( 'NONE',  ( 106.5685424949241593, 590.9314575050765370, 11.99999999999999822 ) ) ;
#7923 = DIRECTION ( 'NONE',  ( 0.000000000000000000, 1.000000000000000000, 0.000000000000000000 ) ) ;
#7924 = ORIENTED_EDGE ( 'NONE', *, *, #1423, .T. ) ;
#7925 = EDGE_LOOP ( 'NONE', ( #8556, #8933 ) ) ;
#7926 = DIRECTION ( 'NONE',  ( -0.000000000000000000, -0.000000000000000000, -1.000000000000000000 ) ) ;
#7927 = DIRECTION ( 'NONE',  ( -1.000000000000000000, 0.000000000000000000, 0.000000000000000000 ) ) ;
#7928 = EDGE_LOOP ( 'NONE', ( #7586, #9418 ) ) ;
#7929 = DIRECTION ( 'NONE',  ( -1.000000000000000000, 0.000000000000000000, 0.000000000000000000 ) ) ;
#7930 = EDGE_CURVE ( 'NONE', #8019, #28, #3642, .T. ) ;
#7931 = VERTEX_POINT ( 'NONE', #167 ) ;
#7932 = DIRECTION ( 'NONE',  ( -0.000000000000000000, -0.000000000000000000, -1.000000000000000000 ) ) ;
#7933 = CARTESIAN_POINT ( 'NONE',  ( 276.0000000000001137, 347.5000000000000000, 18.00000000000000000 ) ) ;
#7934 = FILL_AREA_STYLE ('',( #8548 ) ) ;
#7935 = CARTESIAN_POINT ( 'NONE',  ( 59.99999999999998579, 70.00000000000000000, 15.00000000000000711 ) ) ;
#7936 = CARTESIAN_POINT ( 'NONE',  ( 1316.999999999999773, 627.5000000000000000, 0.000000000000000000 ) ) ;
#7937 = AXIS2_PLACEMENT_3D ( 'NONE', #2419, #7575, #3196 ) ;
#7938 = AXIS2_PLACEMENT_3D ( 'NONE', #7485, #7545, #6706 ) ;
#7939 = ADVANCED_FACE ( 'NONE', ( #5239 ), #2807, .F. ) ;
#7940 = DIRECTION ( 'NONE',  ( 0.000000000000000000, 0.000000000000000000, 1.000000000000000000 ) ) ;
#7941 = CYLINDRICAL_SURFACE ( 'NONE', #7805, 2.500000000000002220 ) ;
#7942 = DIRECTION ( 'NONE',  ( -1.000000000000000000, 0.000000000000000000, 0.000000000000000000 ) ) ;
#7943 = ADVANCED_FACE ( 'NONE', ( #6862 ), #6397, .F. ) ;
#7944 = CARTESIAN_POINT ( 'NONE',  ( 753.0000000000000000, 517.5000000000000000, 18.00000000000000000 ) ) ;
#7945 = FACE_OUTER_BOUND ( 'NONE', #8730, .T. ) ;
#7946 = ORIENTED_EDGE ( 'NONE', *, *, #5318, .T. ) ;
#7947 = AXIS2_PLACEMENT_3D ( 'NONE', #2298, #8919, #5897 ) ;
#7948 = VERTEX_POINT ( 'NONE', #6719 ) ;
#7949 = DIRECTION ( 'NONE',  ( 0.000000000000000000, 0.000000000000000000, 1.000000000000000000 ) ) ;
#7950 = DIRECTION ( 'NONE',  ( 0.000000000000000000, 0.000000000000000000, 1.000000000000000000 ) ) ;
#7951 = ITEM_DEFINED_TRANSFORMATION ( 'NONE', 'NONE', #855,  #6183 ) ;
#7952 = CARTESIAN_POINT ( 'NONE',  ( 278.5000000000001137, 212.4999999999999716, 0.000000000000000000 ) ) ;
#7953 = FACE_BOUND ( 'NONE', #6587, .T. ) ;
#7954 = FACE_OUTER_BOUND ( 'NONE', #4614, .T. ) ;
#7955 = ORIENTED_EDGE ( 'NONE', *, *, #5868, .T. ) ;
#7956 = CARTESIAN_POINT ( 'NONE',  ( 1317.000000000000227, 24.00000000000000000, 9.000000000000000000 ) ) ;
#7957 = ORIENTED_EDGE ( 'NONE', *, *, #6477, .T. ) ;
#7958 = DIRECTION ( 'NONE',  ( 0.000000000000000000, 0.000000000000000000, 1.000000000000000000 ) ) ;
#7959 = PRESENTATION_LAYER_ASSIGNMENT (  '', '', ( #7486 ) ) ;
#7960 = AXIS2_PLACEMENT_3D ( 'NONE', #3893, #2400, #3181 ) ;
#7961 = EDGE_CURVE ( 'NONE', #3401, #3656, #1773, .T. ) ;
#7962 = CARTESIAN_POINT ( 'NONE',  ( 608.4999999999996589, 20.00000000000000000, -9.000000000000000000 ) ) ;
#7963 = FACE_BOUND ( 'NONE', #1319, .T. ) ;
#7964 = VECTOR ( 'NONE', #326, 1000.000000000000000 ) ;
#7965 = ORIENTED_EDGE ( 'NONE', *, *, #3596, .T. ) ;
#7966 = AXIS2_PLACEMENT_3D ( 'NONE', #2198, #4360, #8095 ) ;
#7967 = VERTEX_POINT ( 'NONE', #3137 ) ;
#7968 = DIRECTION ( 'NONE',  ( -0.000000000000000000, -0.000000000000000000, -1.000000000000000000 ) ) ;
#7969 = CARTESIAN_POINT ( 'NONE',  ( 752.5000000000000000, 347.5000000000000000, 18.00000000000000000 ) ) ;
#7970 = CYLINDRICAL_SURFACE ( 'NONE', #4953, 3.999999999999781508 ) ;
#7971 = CARTESIAN_POINT ( 'NONE',  ( 0.000000000000000000, 0.000000000000000000, 0.000000000000000000 ) ) ;
#7972 = EDGE_CURVE ( 'NONE', #390, #7914, #4778, .T. ) ;
#7973 = CIRCLE ( 'NONE', #7368, 2.499999999999946709 ) ;
#7974 = CIRCLE ( 'NONE', #9085, 3.000000000000002665 ) ;
#7975 = ORIENTED_EDGE ( 'NONE', *, *, #4900, .F. ) ;
#7976 = ORIENTED_EDGE ( 'NONE', *, *, #9132, .F. ) ;
#7977 = ORIENTED_EDGE ( 'NONE', *, *, #2079, .F. ) ;
#7978 = LINE ( 'NONE', #8972, #6495 ) ;
#7979 = EDGE_CURVE ( 'NONE', #3412, #3637, #2230, .T. ) ;
#7980 = ADVANCED_FACE ( 'NONE', ( #6158 ), #7216, .F. ) ;
#7981 = DIRECTION ( 'NONE',  ( 0.000000000000000000, 0.000000000000000000, -1.000000000000000000 ) ) ;
#7982 = FACE_OUTER_BOUND ( 'NONE', #612, .T. ) ;
#7983 = CARTESIAN_POINT ( 'NONE',  ( 750.0000000000000000, 212.4999999999999716, 18.00000000000000000 ) ) ;
#7984 = EDGE_LOOP ( 'NONE', ( #6899, #8285, #9099, #9409 ) ) ;
#7985 = EDGE_LOOP ( 'NONE', ( #2424, #9268, #8935, #8580 ) ) ;
#7986 = CARTESIAN_POINT ( 'NONE',  ( 180.0000000000001137, 35.49999999999997868, 0.000000000000000000 ) ) ;
#7987 =( REPRESENTATION_RELATIONSHIP ('NONE','NONE', #3659, #3820 ) REPRESENTATION_RELATIONSHIP_WITH_TRANSFORMATION ( #306 )SHAPE_REPRESENTATION_RELATIONSHIP( ) );
#7988 = ORIENTED_EDGE ( 'NONE', *, *, #5225, .F. ) ;
#7989 = LINE ( 'NONE', #8194, #2569 ) ;
#7990 =( NAMED_UNIT ( * ) PLANE_ANGLE_UNIT ( ) SI_UNIT ( $, .RADIAN. ) );
#7991 = AXIS2_PLACEMENT_3D ( 'NONE', #6590, #3597, #691 ) ;
#7992 = CARTESIAN_POINT ( 'NONE',  ( 84.99999999999992895, 730.0000000000000000, 31.00000000000000000 ) ) ;
#7993 = EDGE_CURVE ( 'NONE', #6529, #3838, #1191, .T. ) ;
#7994 = ADVANCED_FACE ( 'NONE', ( #1434 ), #64, .F. ) ;
#7995 = CARTESIAN_POINT ( 'NONE',  ( 132.0000000000000000, 24.00000000000000000, 6.000000000000000000 ) ) ;
#7996 = VERTEX_POINT ( 'NONE', #9056 ) ;
#7997 = VERTEX_POINT ( 'NONE', #8982 ) ;
#7998 = ORIENTED_EDGE ( 'NONE', *, *, #4153, .F. ) ;
#7999 = VECTOR ( 'NONE', #5029, 1000.000000000000000 ) ;
#8000 = EDGE_CURVE ( 'NONE', #2402, #2794, #2933, .T. ) ;
#8001 = ORIENTED_EDGE ( 'NONE', *, *, #5837, .F. ) ;
#8002 = VECTOR ( 'NONE', #6789, 1000.000000000000000 ) ;
#8003 = ORIENTED_EDGE ( 'NONE', *, *, #9334, .F. ) ;
#8004 = ORIENTED_EDGE ( 'NONE', *, *, #5041, .T. ) ;
#8005 = ORIENTED_EDGE ( 'NONE', *, *, #1621, .F. ) ;
#8006 = ORIENTED_EDGE ( 'NONE', *, *, #7494, .T. ) ;
#8007 = LINE ( 'NONE', #5567, #5373 ) ;
#8008 = EDGE_CURVE ( 'NONE', #2326, #7703, #5931, .T. ) ;
#8009 = EDGE_LOOP ( 'NONE', ( #3971, #4004 ) ) ;
#8010 = VECTOR ( 'NONE', #7592, 1000.000000000000000 ) ;
#8011 = EDGE_LOOP ( 'NONE', ( #7876, #3165, #9562, #1799 ) ) ;
#8012 = PLANE ( 'NONE',  #2995 ) ;
#8013 = ORIENTED_EDGE ( 'NONE', *, *, #3315, .F. ) ;
#8014 = CYLINDRICAL_SURFACE ( 'NONE', #6460, 3.000000000000047962 ) ;
#8015 = DIRECTION ( 'NONE',  ( 0.000000000000000000, -1.000000000000000000, 0.000000000000000000 ) ) ;
#8016 = DIRECTION ( 'NONE',  ( 0.000000000000000000, 0.000000000000000000, 1.000000000000000000 ) ) ;
#8017 = AXIS2_PLACEMENT_3D ( 'NONE', #5977, #12, #706 ) ;
#8018 = EDGE_CURVE ( 'NONE', #4228, #7253, #7439, .T. ) ;
#8019 = VERTEX_POINT ( 'NONE', #5496 ) ;
#8020 = DIRECTION ( 'NONE',  ( 1.000000000000000000, 0.000000000000000000, -0.000000000000000000 ) ) ;
#8021 = DIRECTION ( 'NONE',  ( -0.000000000000000000, -1.000000000000000000, -0.000000000000000000 ) ) ;
#8022 = ORIENTED_EDGE ( 'NONE', *, *, #1106, .F. ) ;
#8023 = EDGE_CURVE ( 'NONE', #4929, #3258, #7551, .T. ) ;
#8024 = DIRECTION ( 'NONE',  ( 1.000000000000000000, 0.000000000000000000, 0.000000000000000000 ) ) ;
#8025 = CARTESIAN_POINT ( 'NONE',  ( -42.00000000000000711, 80.00000000000000000, -3.000000000000001332 ) ) ;
#8026 = CARTESIAN_POINT ( 'NONE',  ( 570.0000000000000000, 55.00000000000000000, -3.000000000000047962 ) ) ;
#8027 = CARTESIAN_POINT ( 'NONE',  ( 0.000000000000000000, 0.000000000000000000, 0.000000000000000000 ) ) ;
#8028 = ADVANCED_FACE ( 'NONE', ( #3285 ), #8398, .F. ) ;
#8029 = EDGE_LOOP ( 'NONE', ( #3483, #2671, #455, #7766 ) ) ;
#8030 = ORIENTED_EDGE ( 'NONE', *, *, #3430, .T. ) ;
#8031 = EDGE_CURVE ( 'NONE', #742, #3670, #4439, .T. ) ;
#8032 = DIRECTION ( 'NONE',  ( 1.000000000000000000, 0.000000000000000000, 0.000000000000000000 ) ) ;
#8033 = CARTESIAN_POINT ( 'NONE',  ( 73.00000000000014211, 305.5000000000000000, 18.00000000000000000 ) ) ;
#8034 = CARTESIAN_POINT ( 'NONE',  ( 1429.999999999999773, 517.5000000000001137, 18.00000000000000000 ) ) ;
#8035 = EDGE_CURVE ( 'NONE', #4522, #5621, #6971, .T. ) ;
#8036 = DIRECTION ( 'NONE',  ( 0.000000000000000000, 0.000000000000000000, 1.000000000000000000 ) ) ;
#8037 = ADVANCED_FACE ( 'NONE', ( #2009 ), #9105, .T. ) ;
#8038 = AXIS2_PLACEMENT_3D ( 'NONE', #1438, #8866, #8814 ) ;
#8039 = DIRECTION ( 'NONE',  ( 0.000000000000000000, 0.000000000000000000, -1.000000000000000000 ) ) ;
#8040 = DIRECTION ( 'NONE',  ( 0.000000000000000000, 0.000000000000000000, 1.000000000000000000 ) ) ;
#8041 = CARTESIAN_POINT ( 'NONE',  ( 180.0000000000000568, 67.50000000000000000, 0.000000000000000000 ) ) ;
#8042 = CARTESIAN_POINT ( 'NONE',  ( 106.5685424949241593, 590.9314575050765370, 11.99999999999999822 ) ) ;
#8043 = CARTESIAN_POINT ( 'NONE',  ( 750.0000000000000000, 35.49999999999997868, 18.00000000000000000 ) ) ;
#8044 = CARTESIAN_POINT ( 'NONE',  ( 1389.188816817956877, 595.1740981921956291, 18.00000000000000000 ) ) ;
#8045 = CARTESIAN_POINT ( 'NONE',  ( 1452.500000000000000, 111.5000000000000426, 0.000000000000000000 ) ) ;
#8046 = AXIS2_PLACEMENT_3D ( 'NONE', #4273, #1344, #6500 ) ;
#8047 = CARTESIAN_POINT ( 'NONE',  ( 208.5000000000001421, 20.00000000000000000, 9.000000000000000000 ) ) ;
#8048 = LINE ( 'NONE', #1141, #2174 ) ;
#8049 = ORIENTED_EDGE ( 'NONE', *, *, #1937, .F. ) ;
#8050 = EDGE_LOOP ( 'NONE', ( #3506, #48 ) ) ;
#8051 = SHAPE_DEFINITION_REPRESENTATION ( #7691, #3820 ) ;
#8052 = DIRECTION ( 'NONE',  ( 1.000000000000000000, 0.000000000000000000, 0.000000000000000000 ) ) ;
#8053 = CIRCLE ( 'NONE', #338, 2.999999999999994671 ) ;
#8054 = VERTEX_POINT ( 'NONE', #7015 ) ;
#8055 = CARTESIAN_POINT ( 'NONE',  ( 305.0000000000000568, 627.5000000000001137, 0.000000000000000000 ) ) ;
#8056 = VERTEX_POINT ( 'NONE', #9210 ) ;
#8057 = DIRECTION ( 'NONE',  ( 0.000000000000000000, 0.000000000000000000, 1.000000000000000000 ) ) ;
#8058 = AXIS2_PLACEMENT_3D ( 'NONE', #1767, #6214, #3332 ) ;
#8059 = AXIS2_PLACEMENT_3D ( 'NONE', #4849, #400, #1911 ) ;
#8060 = FACE_BOUND ( 'NONE', #6835, .T. ) ;
#8061 = SURFACE_STYLE_FILL_AREA ( #3176 ) ;
#8062 = DIRECTION ( 'NONE',  ( 1.000000000000000000, 0.000000000000000000, 0.000000000000000000 ) ) ;
#8063 = VERTEX_POINT ( 'NONE', #5423 ) ;
#8064 = ORIENTED_EDGE ( 'NONE', *, *, #8660, .F. ) ;
#8065 = LINE ( 'NONE', #966, #5206 ) ;
#8066 = DIRECTION ( 'NONE',  ( 1.000000000000000000, 0.000000000000000000, 0.000000000000000000 ) ) ;
#8067 = EDGE_CURVE ( 'NONE', #8950, #8953, #1313, .T. ) ;
#8068 = CARTESIAN_POINT ( 'NONE',  ( 52.50000000000000711, 583.4999999999998863, 0.000000000000000000 ) ) ;
#8069 = SHAPE_REPRESENTATION_RELATIONSHIP ( 'NONE' , 'NONE' ,  #3820, #403 ) ;
#8070 = FACE_OUTER_BOUND ( 'NONE', #8936, .T. ) ;
#8071 = CARTESIAN_POINT ( 'NONE',  ( 31.61522368914974734, 665.8847763108501567, 18.00000000000000000 ) ) ;
#8072 = DIRECTION ( 'NONE',  ( 0.000000000000000000, 0.000000000000000000, 1.000000000000000000 ) ) ;
#8073 = CIRCLE ( 'NONE', #2216, 2.499999999999946709 ) ;
#8074 = FACE_OUTER_BOUND ( 'NONE', #4120, .T. ) ;
#8075 = ORIENTED_EDGE ( 'NONE', *, *, #5694, .F. ) ;
#8076 = EDGE_LOOP ( 'NONE', ( #2366, #6643 ) ) ;
#8077 = ADVANCED_FACE ( 'NONE', ( #5472 ), #9386, .F. ) ;
#8078 = SURFACE_STYLE_FILL_AREA ( #2237 ) ;
#8079 = DIRECTION ( 'NONE',  ( 0.9932892160846683582, -0.1156569635167078586, 0.000000000000000000 ) ) ;
#8080 = DIRECTION ( 'NONE',  ( 1.000000000000000000, 0.000000000000000000, 0.000000000000000000 ) ) ;
#8081 = MECHANICAL_DESIGN_GEOMETRIC_PRESENTATION_REPRESENTATION (  '', ( #8956 ), #7316 ) ;
#8082 = DIRECTION ( 'NONE',  ( 0.000000000000000000, -1.000000000000000000, 0.000000000000000000 ) ) ;
#8083 = AXIS2_PLACEMENT_3D ( 'NONE', #4825, #4885, #1188 ) ;
#8084 = LINE ( 'NONE', #4489, #5680 ) ;
#8085 = FACE_BOUND ( 'NONE', #5088, .T. ) ;
#8086 = CIRCLE ( 'NONE', #9229, 2.500000000000002220 ) ;
#8087 = ORIENTED_EDGE ( 'NONE', *, *, #2273, .T. ) ;
#8088 = ORIENTED_EDGE ( 'NONE', *, *, #534, .F. ) ;
#8089 = PLANE ( 'NONE',  #8038 ) ;
#8090 = ORIENTED_EDGE ( 'NONE', *, *, #2250, .T. ) ;
#8091 = DIRECTION ( 'NONE',  ( -1.000000000000000000, 0.000000000000000000, -0.000000000000000000 ) ) ;
#8092 = LINE ( 'NONE', #8638, #9580 ) ;
#8093 = ORIENTED_EDGE ( 'NONE', *, *, #460, .T. ) ;
#8094 = EDGE_CURVE ( 'NONE', #2071, #2841, #9505, .T. ) ;
#8095 = DIRECTION ( 'NONE',  ( 1.000000000000000000, 0.000000000000000000, 0.000000000000000000 ) ) ;
#8096 = LINE ( 'NONE', #7944, #8911 ) ;
#8097 = CYLINDRICAL_SURFACE ( 'NONE', #3683, 2.499999999999946709 ) ;
#8098 = ORIENTED_EDGE ( 'NONE', *, *, #7430, .F. ) ;
#8099 = ORIENTED_EDGE ( 'NONE', *, *, #3917, .T. ) ;
#8100 = ORIENTED_EDGE ( 'NONE', *, *, #9197, .F. ) ;
#8101 = DIRECTION ( 'NONE',  ( -0.000000000000000000, -0.000000000000000000, -1.000000000000000000 ) ) ;
#8102 = VECTOR ( 'NONE', #6079, 1000.000000000000000 ) ;
#8103 = DIRECTION ( 'NONE',  ( -0.000000000000000000, -0.000000000000000000, -1.000000000000000000 ) ) ;
#8104 = DIRECTION ( 'NONE',  ( 1.000000000000000000, 0.000000000000000000, 0.000000000000000000 ) ) ;
#8105 = CARTESIAN_POINT ( 'NONE',  ( 106.9999999999999005, 690.0000000000000000, 12.49999999999999645 ) ) ;
#8106 = VERTEX_POINT ( 'NONE', #2575 ) ;
#8107 = CIRCLE ( 'NONE', #165, 3.000000000000009770 ) ;
#8108 = ORIENTED_EDGE ( 'NONE', *, *, #5274, .T. ) ;
#8109 = CIRCLE ( 'NONE', #8046, 2.499999999999946709 ) ;
#8110 = AXIS2_PLACEMENT_3D ( 'NONE', #5186, #8040, #1380 ) ;
#8111 = SURFACE_STYLE_USAGE ( .BOTH. , #8144 ) ;
#8112 = CARTESIAN_POINT ( 'NONE',  ( 170.0000000000000000, 55.00000000000000000, 0.000000000000000000 ) ) ;
#8113 = CARTESIAN_POINT ( 'NONE',  ( 212.5000000000001421, 20.00000000000000000, 9.000000000000000000 ) ) ;
#8114 = CARTESIAN_POINT ( 'NONE',  ( 1319.999999999999773, 627.5000000000000000, 18.00000000000000000 ) ) ;
#8115 = ORIENTED_EDGE ( 'NONE', *, *, #7667, .T. ) ;
#8116 = VECTOR ( 'NONE', #7612, 1000.000000000000000 ) ;
#8117 = ORIENTED_EDGE ( 'NONE', *, *, #379, .F. ) ;
#8118 = ORIENTED_EDGE ( 'NONE', *, *, #790, .T. ) ;
#8119 = ADVANCED_FACE ( 'NONE', ( #3520 ), #1663, .F. ) ;
#8120 = ORIENTED_EDGE ( 'NONE', *, *, #8385, .F. ) ;
#8121 = CIRCLE ( 'NONE', #1343, 2.999999999999891642 ) ;
#8122 = CARTESIAN_POINT ( 'NONE',  ( -666.5000000000002274, 80.00000000000000000, 9.000000000000000000 ) ) ;
#8123 = CARTESIAN_POINT ( 'NONE',  ( 85.46958070007262620, 725.0000000000000000, 9.500000000000000000 ) ) ;
#8124 = ORIENTED_EDGE ( 'NONE', *, *, #9532, .T. ) ;
#8125 = DIRECTION ( 'NONE',  ( 1.000000000000000000, 0.000000000000000000, 0.000000000000000000 ) ) ;
#8126 = VECTOR ( 'NONE', #3390, 1000.000000000000000 ) ;
#8127 = ORIENTED_EDGE ( 'NONE', *, *, #6011, .T. ) ;
#8128 = VERTEX_POINT ( 'NONE', #7678 ) ;
#8129 = CARTESIAN_POINT ( 'NONE',  ( 182.5000000000001137, 35.49999999999997868, 0.000000000000000000 ) ) ;
#8130 = ORIENTED_EDGE ( 'NONE', *, *, #5944, .T. ) ;
#8131 = EDGE_CURVE ( 'NONE', #3618, #1928, #8811, .T. ) ;
#8132 = CARTESIAN_POINT ( 'NONE',  ( 3.673940397442055431E-16, 18.00000000000000000, 173.0000000000000284 ) ) ;
#8133 = EDGE_LOOP ( 'NONE', ( #8250, #5119 ) ) ;
#8134 = AXIS2_PLACEMENT_3D ( 'NONE', #1858, #7804, #5570 ) ;
#8135 = ADVANCED_FACE ( 'NONE', ( #6741 ), #8693, .F. ) ;
#8136 = DIRECTION ( 'NONE',  ( 1.000000000000000000, 0.000000000000000000, 0.000000000000000000 ) ) ;
#8137 = CARTESIAN_POINT ( 'NONE',  ( 1429.999999999999773, 517.5000000000001137, 0.000000000000000000 ) ) ;
#8138 = VERTEX_POINT ( 'NONE', #9147 ) ;
#8139 = ORIENTED_EDGE ( 'NONE', *, *, #4958, .F. ) ;
#8140 = AXIS2_PLACEMENT_3D ( 'NONE', #835, #6730, #3052 ) ;
#8141 = AXIS2_PLACEMENT_3D ( 'NONE', #6941, #8272, #3275 ) ;
#8142 = EDGE_CURVE ( 'NONE', #6851, #2346, #1061, .T. ) ;
#8143 = CARTESIAN_POINT ( 'NONE',  ( 921.0000000000000000, 55.00000000000000000, 12.00000000000004796 ) ) ;
#8144 = SURFACE_SIDE_STYLE ('',( #2758 ) ) ;
#8145 = ORIENTED_EDGE ( 'NONE', *, *, #5758, .F. ) ;
#8146 = EDGE_CURVE ( 'NONE', #1845, #7401, #8917, .T. ) ;
#8147 = CARTESIAN_POINT ( 'NONE',  ( 144.9999999999999147, 690.0000000000000000, 18.49999999999998579 ) ) ;
#8148 = CARTESIAN_POINT ( 'NONE',  ( 1192.000000000000000, 627.5000000000001137, 18.00000000000000000 ) ) ;
#8149 = CARTESIAN_POINT ( 'NONE',  ( 750.0000000000000000, 177.4999999999999716, 0.000000000000000000 ) ) ;
#8150 =( NAMED_UNIT ( * ) PLANE_ANGLE_UNIT ( ) SI_UNIT ( $, .RADIAN. ) );
#8151 = UNCERTAINTY_MEASURE_WITH_UNIT (LENGTH_MEASURE( 1.000000000000000082E-05 ), #7440, 'distance_accuracy_value', 'NONE');
#8152 = EDGE_CURVE ( 'NONE', #1620, #2822, #949, .T. ) ;
#8153 = DIRECTION ( 'NONE',  ( -1.000000000000000000, 0.000000000000000000, 0.000000000000000000 ) ) ;
#8154 = CARTESIAN_POINT ( 'NONE',  ( 72.50000000000017053, 485.5000000000001705, 0.000000000000000000 ) ) ;
#8155 = CARTESIAN_POINT ( 'NONE',  ( 1000.000000000000000, 347.5000000000000000, 0.000000000000000000 ) ) ;
#8156 = EDGE_CURVE ( 'NONE', #4798, #2031, #8585, .T. ) ;
#8157 = CARTESIAN_POINT ( 'NONE',  ( -42.00000000000000711, 55.00000000000000000, 3.000000000000001332 ) ) ;
#8158 = LINE ( 'NONE', #4844, #4264 ) ;
#8159 = DIRECTION ( 'NONE',  ( 0.000000000000000000, 0.000000000000000000, 1.000000000000000000 ) ) ;
#8160 = AXIS2_PLACEMENT_3D ( 'NONE', #9542, #6627, #2846 ) ;
#8161 = DIRECTION ( 'NONE',  ( 0.000000000000000000, 0.000000000000000000, 1.000000000000000000 ) ) ;
#8162 = DIRECTION ( 'NONE',  ( -0.000000000000000000, -0.000000000000000000, -1.000000000000000000 ) ) ;
#8163 = EDGE_CURVE ( 'NONE', #3555, #45, #4455, .T. ) ;
#8164 = COLOUR_RGB ( '',1.000000000000000000, 1.000000000000000000, 1.000000000000000000 ) ;
#8165 = VERTEX_POINT ( 'NONE', #6352 ) ;
#8166 = DIRECTION ( 'NONE',  ( 1.000000000000000000, 0.000000000000000000, 0.000000000000000000 ) ) ;
#8167 = ORIENTED_EDGE ( 'NONE', *, *, #4086, .T. ) ;
#8168 = CARTESIAN_POINT ( 'NONE',  ( 1450.000000000000000, 111.5000000000000426, 18.00000000000000000 ) ) ;
#8169 = DIRECTION ( 'NONE',  ( -0.000000000000000000, -0.000000000000000000, -1.000000000000000000 ) ) ;
#8170 = ADVANCED_FACE ( 'NONE', ( #4910 ), #4951, .T. ) ;
#8171 = AXIS2_PLACEMENT_3D ( 'NONE', #5277, #7522, #8248 ) ;
#8172 =( NAMED_UNIT ( * ) SI_UNIT ( $, .STERADIAN. ) SOLID_ANGLE_UNIT ( ) );
#8173 = CIRCLE ( 'NONE', #9448, 2.999999999999994671 ) ;
#8174 = FACE_OUTER_BOUND ( 'NONE', #2015, .T. ) ;
#8175 = ORIENTED_EDGE ( 'NONE', *, *, #1738, .F. ) ;
#8176 = EDGE_CURVE ( 'NONE', #46, #3628, #7089, .T. ) ;
#8177 = VERTEX_POINT ( 'NONE', #3468 ) ;
#8178 = VECTOR ( 'NONE', #5059, 1000.000000000000000 ) ;
#8179 = DIRECTION ( 'NONE',  ( -1.000000000000000000, 0.000000000000000000, 0.000000000000000000 ) ) ;
#8180 = DIRECTION ( 'NONE',  ( 0.000000000000000000, 0.000000000000000000, 1.000000000000000000 ) ) ;
#8181 = DIRECTION ( 'NONE',  ( 1.000000000000000000, 0.000000000000000000, 0.000000000000000000 ) ) ;
#8182 = VERTEX_POINT ( 'NONE', #3368 ) ;
#8183 = FACE_BOUND ( 'NONE', #5023, .T. ) ;
#8184 = VECTOR ( 'NONE', #9156, 1000.000000000000000 ) ;
#8185 = ORIENTED_EDGE ( 'NONE', *, *, #9483, .F. ) ;
#8186 = ORIENTED_EDGE ( 'NONE', *, *, #7029, .F. ) ;
#8187 = DIRECTION ( 'NONE',  ( 0.000000000000000000, 0.000000000000000000, 1.000000000000000000 ) ) ;
#8188 = CYLINDRICAL_SURFACE ( 'NONE', #7251, 2.499999999999946709 ) ;
#8189 = AXIS2_PLACEMENT_3D ( 'NONE', #5015, #2041, #5052 ) ;
#8190 = AXIS2_PLACEMENT_3D ( 'NONE', #9275, #4868, #4158 ) ;
#8191 = EDGE_CURVE ( 'NONE', #5621, #4522, #5920, .T. ) ;
#8192 = DIRECTION ( 'NONE',  ( 0.7071067811865473507, -0.000000000000000000, 0.7071067811865477948 ) ) ;
#8193 = VECTOR ( 'NONE', #6341, 1000.000000000000000 ) ;
#8194 = CARTESIAN_POINT ( 'NONE',  ( 182.5000000000001137, 659.5000000000000000, 18.00000000000000000 ) ) ;
#8195 = CYLINDRICAL_SURFACE ( 'NONE', #6182, 3.000000000000002665 ) ;
#8196 = VECTOR ( 'NONE', #5662, 1000.000000000000000 ) ;
#8197 = VERTEX_POINT ( 'NONE', #2004 ) ;
#8198 = VERTEX_POINT ( 'NONE', #3450 ) ;
#8199 = EDGE_CURVE ( 'NONE', #4501, #4401, #8092, .T. ) ;
#8200 = VERTEX_POINT ( 'NONE', #7773 ) ;
#8201 = LINE ( 'NONE', #207, #110 ) ;
#8202 = ORIENTED_EDGE ( 'NONE', *, *, #3365, .F. ) ;
#8203 = DIRECTION ( 'NONE',  ( 0.000000000000000000, -1.000000000000000000, 0.000000000000000000 ) ) ;
#8204 = DIRECTION ( 'NONE',  ( 0.000000000000000000, 0.000000000000000000, 1.000000000000000000 ) ) ;
#8205 = CYLINDRICAL_SURFACE ( 'NONE', #9193, 3.000000000000000888 ) ;
#8206 = DIRECTION ( 'NONE',  ( -0.000000000000000000, 1.000000000000000000, -0.000000000000000000 ) ) ;
#8207 = EDGE_CURVE ( 'NONE', #9294, #1079, #7540, .T. ) ;
#8208 = CIRCLE ( 'NONE', #5056, 2.999999999999993783 ) ;
#8209 = DIRECTION ( 'NONE',  ( -0.000000000000000000, -0.000000000000000000, -1.000000000000000000 ) ) ;
#8210 = ORIENTED_EDGE ( 'NONE', *, *, #4900, .T. ) ;
#8211 = ORIENTED_EDGE ( 'NONE', *, *, #8591, .T. ) ;
#8212 = AXIS2_PLACEMENT_3D ( 'NONE', #543, #7929, #9338 ) ;
#8213 = VERTEX_POINT ( 'NONE', #4168 ) ;
#8214 = CARTESIAN_POINT ( 'NONE',  ( 273.5000000000001137, 482.5000000000000000, 18.00000000000000000 ) ) ;
#8215 = LINE ( 'NONE', #2762, #3961 ) ;
#8216 = FILL_AREA_STYLE ('',( #471 ) ) ;
#8217 = EDGE_CURVE ( 'NONE', #3314, #8182, #6849, .T. ) ;
#8218 = DIRECTION ( 'NONE',  ( -1.000000000000000000, 0.000000000000000000, 0.000000000000000000 ) ) ;
#8219 = CARTESIAN_POINT ( 'NONE',  ( 1000.000000000000000, 482.5000000000000000, 18.00000000000000000 ) ) ;
#8220 = CIRCLE ( 'NONE', #1585, 3.000000000000000888 ) ;
#8221 = ORIENTED_EDGE ( 'NONE', *, *, #1713, .T. ) ;
#8222 = ORIENTED_EDGE ( 'NONE', *, *, #3871, .F. ) ;
#8223 = EDGE_LOOP ( 'NONE', ( #6, #5971, #9492, #8175 ) ) ;
#8224 = CYLINDRICAL_SURFACE ( 'NONE', #5177, 6.000000000000019540 ) ;
#8225 = DIRECTION ( 'NONE',  ( 0.000000000000000000, 0.000000000000000000, -1.000000000000000000 ) ) ;
#8226 = AXIS2_PLACEMENT_3D ( 'NONE', #6855, #2405, #4499 ) ;
#8227 = ADVANCED_FACE ( 'NONE', ( #5579 ), #6622, .F. ) ;
#8228 = ORIENTED_EDGE ( 'NONE', *, *, #2051, .T. ) ;
#8229 = CIRCLE ( 'NONE', #2248, 3.000000000000047962 ) ;
#8230 = EDGE_LOOP ( 'NONE', ( #3999, #3386, #4000, #6518 ) ) ;
#8231 = VERTEX_POINT ( 'NONE', #456 ) ;
#8232 = EDGE_LOOP ( 'NONE', ( #499, #8618, #9503, #1592 ) ) ;
#8233 = DIRECTION ( 'NONE',  ( -0.000000000000000000, -0.000000000000000000, -1.000000000000000000 ) ) ;
#8234 = ORIENTED_EDGE ( 'NONE', *, *, #5145, .F. ) ;
#8235 = FACE_OUTER_BOUND ( 'NONE', #4183, .T. ) ;
#8236 = DIRECTION ( 'NONE',  ( 0.000000000000000000, 0.000000000000000000, 1.000000000000000000 ) ) ;
#8237 = CARTESIAN_POINT ( 'NONE',  ( 180.0000000000001705, 627.4999999999998863, 18.00000000000000000 ) ) ;
#8238 = ORIENTED_EDGE ( 'NONE', *, *, #7183, .T. ) ;
#8239 = AXIS2_PLACEMENT_3D ( 'NONE', #8829, #2177, #4416 ) ;
#8240 = LINE ( 'NONE', #5681, #6176 ) ;
#8241 = VERTEX_POINT ( 'NONE', #7077 ) ;
#8242 = ORIENTED_EDGE ( 'NONE', *, *, #5463, .T. ) ;
#8243 = PLANE ( 'NONE',  #8971 ) ;
#8244 = AXIS2_PLACEMENT_3D ( 'NONE', #5231, #3817, #3083 ) ;
#8245 = ORIENTED_EDGE ( 'NONE', *, *, #905, .F. ) ;
#8246 = CIRCLE ( 'NONE', #8417, 2.499999999999946709 ) ;
#8247 = DIRECTION ( 'NONE',  ( -0.000000000000000000, -0.000000000000000000, -1.000000000000000000 ) ) ;
#8248 = DIRECTION ( 'NONE',  ( 0.7071067811865479058, 0.000000000000000000, -0.7071067811865472397 ) ) ;
#8249 = FILL_AREA_STYLE_COLOUR ( '', #3701 ) ;
#8250 = ORIENTED_EDGE ( 'NONE', *, *, #2747, .T. ) ;
#8251 = ORIENTED_EDGE ( 'NONE', *, *, #2291, .T. ) ;
#8252 = ORIENTED_EDGE ( 'NONE', *, *, #5047, .F. ) ;
#8253 = CARTESIAN_POINT ( 'NONE',  ( 3.000000000000000000, 24.00000000000000000, 6.000000000000000000 ) ) ;
#8254 = CARTESIAN_POINT ( 'NONE',  ( 59.99999999999998579, 110.0000000000000000, 11.99999999999999822 ) ) ;
#8255 = CARTESIAN_POINT ( 'NONE',  ( -3.000000000000000000, 24.00000000000000000, -9.000000000000000000 ) ) ;
#8256 = AXIS2_PLACEMENT_3D ( 'NONE', #4418, #3807, #9558 ) ;
#8257 = ORIENTED_EDGE ( 'NONE', *, *, #6683, .T. ) ;
#8258 = ORIENTED_EDGE ( 'NONE', *, *, #8475, .F. ) ;
#8259 = DIRECTION ( 'NONE',  ( -0.000000000000000000, -0.000000000000000000, -1.000000000000000000 ) ) ;
#8260 = CARTESIAN_POINT ( 'NONE',  ( 0.000000000000000000, 0.000000000000000000, 30.00000000000000000 ) ) ;
#8261 = DIRECTION ( 'NONE',  ( 1.000000000000000000, 0.000000000000000000, 0.000000000000000000 ) ) ;
#8262 = CARTESIAN_POINT ( 'NONE',  ( 49.99999999999998579, 583.4999999999998863, 18.00000000000000000 ) ) ;
#8263 = AXIS2_PLACEMENT_3D ( 'NONE', #5723, #463, #528 ) ;
#8264 = EDGE_CURVE ( 'NONE', #647, #4873, #2443, .T. ) ;
#8265 = CARTESIAN_POINT ( 'NONE',  ( 1426.999999999999773, 177.4999999999999716, 18.00000000000000000 ) ) ;
#8266 = CARTESIAN_POINT ( 'NONE',  ( -666.5000000000002274, 80.00000000000000000, 9.000000000000000000 ) ) ;
#8267 = PLANE ( 'NONE',  #2021 ) ;
#8268 = ADVANCED_FACE ( 'NONE', ( #4196, #7769, #3629 ), #8741, .F. ) ;
#8269 = DIRECTION ( 'NONE',  ( 0.000000000000000000, 0.000000000000000000, 1.000000000000000000 ) ) ;
#8270 = DIRECTION ( 'NONE',  ( 0.000000000000000000, -1.000000000000000000, 0.000000000000000000 ) ) ;
#8271 = CARTESIAN_POINT ( 'NONE',  ( 138.0000000000000000, 56.00000000000001421, 6.000000000000000000 ) ) ;
#8272 = DIRECTION ( 'NONE',  ( 1.000000000000000000, -4.815513022993924426E-16, 1.054711873393898516E-15 ) ) ;
#8273 = EDGE_CURVE ( 'NONE', #4641, #2236, #4084, .T. ) ;
#8274 = DIRECTION ( 'NONE',  ( -1.000000000000000000, 0.000000000000000000, 0.000000000000000000 ) ) ;
#8275 = DIRECTION ( 'NONE',  ( 1.000000000000000000, 0.000000000000000000, 0.000000000000000000 ) ) ;
#8276 = CARTESIAN_POINT ( 'NONE',  ( -135.0000000000000000, 56.00000000000001421, 6.000000000000000000 ) ) ;
#8277 = CIRCLE ( 'NONE', #8895, 6.000000000000047073 ) ;
#8278 = EDGE_LOOP ( 'NONE', ( #8816, #581, #1059, #6956 ) ) ;
#8279 = CARTESIAN_POINT ( 'NONE',  ( -135.0000000000000000, 56.00000000000001421, -9.000000000000000000 ) ) ;
#8280 = EDGE_LOOP ( 'NONE', ( #2880, #1224 ) ) ;
#8281 = VERTEX_POINT ( 'NONE', #2048 ) ;
#8282 = PRODUCT_DEFINITION_SHAPE ( 'NONE', 'NONE',  #9588 ) ;
#8283 = CIRCLE ( 'NONE', #4151, 2.499999999999946709 ) ;
#8284 = ORIENTED_EDGE ( 'NONE', *, *, #4504, .F. ) ;
#8285 = ORIENTED_EDGE ( 'NONE', *, *, #34, .T. ) ;
#8286 = MECHANICAL_DESIGN_GEOMETRIC_PRESENTATION_REPRESENTATION (  '', ( #7823 ), #6535 ) ;
#8287 = DIRECTION ( 'NONE',  ( -0.000000000000000000, -0.000000000000000000, -1.000000000000000000 ) ) ;
#8288 = DIRECTION ( 'NONE',  ( 0.000000000000000000, -0.000000000000000000, 1.000000000000000000 ) ) ;
#8289 = DIRECTION ( 'NONE',  ( 1.000000000000000000, 0.000000000000000000, 0.000000000000000000 ) ) ;
#8290 = EDGE_CURVE ( 'NONE', #7134, #1584, #3156, .T. ) ;
#8291 = CARTESIAN_POINT ( 'NONE',  ( -441.9999999999999432, 80.00000000000000000, -2.999999999999994671 ) ) ;
#8292 = VECTOR ( 'NONE', #3947, 1000.000000000000000 ) ;
#8293 = CIRCLE ( 'NONE', #7758, 4.000000000000003553 ) ;
#8294 = ORIENTED_EDGE ( 'NONE', *, *, #3959, .F. ) ;
#8295 = CARTESIAN_POINT ( 'NONE',  ( -138.0000000000000000, 24.00000000000000000, -9.000000000000000000 ) ) ;
#8296 = ORIENTED_EDGE ( 'NONE', *, *, #2925, .T. ) ;
#8297 = VECTOR ( 'NONE', #3868, 1000.000000000000000 ) ;
#8298 = CARTESIAN_POINT ( 'NONE',  ( 1194.999999999999773, 67.49999999999997158, 18.00000000000000000 ) ) ;
#8299 = DIRECTION ( 'NONE',  ( 0.1713727001804919992, 0.9852062716166839484, 0.000000000000000000 ) ) ;
#8300 = CARTESIAN_POINT ( 'NONE',  ( 41.53736941658081605, -7.225259684586742281, 31.00000000000000000 ) ) ;
#8301 = FILL_AREA_STYLE ('',( #2444 ) ) ;
#8302 = CYLINDRICAL_SURFACE ( 'NONE', #5258, 3.000000000000009770 ) ;
#8303 = EDGE_CURVE ( 'NONE', #7967, #958, #7643, .T. ) ;
#8304 = FACE_OUTER_BOUND ( 'NONE', #4136, .T. ) ;
#8305 = LINE ( 'NONE', #9092, #6606 ) ;
#8306 = ORIENTED_EDGE ( 'NONE', *, *, #2059, .F. ) ;
#8307 = AXIS2_PLACEMENT_3D ( 'NONE', #2165, #7277, #4396 ) ;
#8308 = DIRECTION ( 'NONE',  ( -0.000000000000000000, -0.000000000000000000, -1.000000000000000000 ) ) ;
#8309 = ORIENTED_EDGE ( 'NONE', *, *, #6060, .F. ) ;
#8310 = LINE ( 'NONE', #1765, #8790 ) ;
#8311 = DIRECTION ( 'NONE',  ( -1.000000000000000000, 0.000000000000000000, 0.000000000000000000 ) ) ;
#8312 = DIRECTION ( 'NONE',  ( -0.000000000000000000, -0.000000000000000000, -1.000000000000000000 ) ) ;
#8313 = LINE ( 'NONE', #5848, #9121 ) ;
#8314 = ADVANCED_FACE ( 'NONE', ( #1655 ), #3860, .F. ) ;
#8315 = FACE_BOUND ( 'NONE', #1836, .T. ) ;
#8316 = LINE ( 'NONE', #3664, #4191 ) ;
#8317 = VERTEX_POINT ( 'NONE', #1411 ) ;
#8318 = EDGE_LOOP ( 'NONE', ( #7087, #2969, #8030, #680 ) ) ;
#8319 = ORIENTED_EDGE ( 'NONE', *, *, #1598, .F. ) ;
#8320 = LINE ( 'NONE', #6064, #7878 ) ;
#8321 = AXIS2_PLACEMENT_3D ( 'NONE', #5093, #5961, #4414 ) ;
#8322 = PRESENTATION_LAYER_ASSIGNMENT (  '', '', ( #339 ) ) ;
#8323 = VERTEX_POINT ( 'NONE', #588 ) ;
#8324 = EDGE_CURVE ( 'NONE', #2475, #6274, #8215, .T. ) ;
#8325 = DIRECTION ( 'NONE',  ( 0.000000000000000000, 0.000000000000000000, 1.000000000000000000 ) ) ;
#8326 = EDGE_CURVE ( 'NONE', #7041, #3030, #4658, .T. ) ;
#8327 = FACE_OUTER_BOUND ( 'NONE', #5122, .T. ) ;
#8328 = LINE ( 'NONE', #1648, #1185 ) ;
#8329 = ORIENTED_EDGE ( 'NONE', *, *, #1579, .T. ) ;
#8330 = ORIENTED_EDGE ( 'NONE', *, *, #1682, .T. ) ;
#8331 = VERTEX_POINT ( 'NONE', #3623 ) ;
#8332 = FACE_BOUND ( 'NONE', #3605, .T. ) ;
#8333 = CARTESIAN_POINT ( 'NONE',  ( 276.0000000000001137, 482.5000000000000000, 18.00000000000000000 ) ) ;
#8334 = DIRECTION ( 'NONE',  ( -1.000000000000000000, 0.000000000000000000, 0.000000000000000000 ) ) ;
#8335 = EDGE_CURVE ( 'NONE', #5960, #2951, #1885, .T. ) ;
#8336 = DIRECTION ( 'NONE',  ( 0.000000000000000000, 0.000000000000000000, 1.000000000000000000 ) ) ;
#8337 = CARTESIAN_POINT ( 'NONE',  ( 266.5000000000001137, 0.000000000000000000, 9.000000000000000000 ) ) ;
#8338 = AXIS2_PLACEMENT_3D ( 'NONE', #2705, #2084, #7162 ) ;
#8339 = DIRECTION ( 'NONE',  ( 0.000000000000000000, 0.000000000000000000, 1.000000000000000000 ) ) ;
#8340 = VECTOR ( 'NONE', #9074, 1000.000000000000000 ) ;
#8341 = EDGE_LOOP ( 'NONE', ( #4804, #2038 ) ) ;
#8342 = FACE_OUTER_BOUND ( 'NONE', #8230, .T. ) ;
#8343 = SURFACE_SIDE_STYLE ('',( #5889 ) ) ;
#8344 = ORIENTED_EDGE ( 'NONE', *, *, #1937, .T. ) ;
#8345 = CYLINDRICAL_SURFACE ( 'NONE', #6094, 2.999999999999993783 ) ;
#8346 = EDGE_CURVE ( 'NONE', #5845, #3970, #5689, .T. ) ;
#8347 = CARTESIAN_POINT ( 'NONE',  ( -6.245698675651501391E-14, 18.00000000000000000, -170.0000000000000000 ) ) ;
#8348 = DIRECTION ( 'NONE',  ( 1.000000000000000000, 0.000000000000000000, 0.000000000000000000 ) ) ;
#8349 = VERTEX_POINT ( 'NONE', #2091 ) ;
#8350 = CARTESIAN_POINT ( 'NONE',  ( 70.00000000000015632, 177.4999999999999716, 0.000000000000000000 ) ) ;
#8351 = FACE_OUTER_BOUND ( 'NONE', #5194, .T. ) ;
#8352 = ORIENTED_EDGE ( 'NONE', *, *, #2504, .F. ) ;
#8353 = ORIENTED_EDGE ( 'NONE', *, *, #3265, .F. ) ;
#8354 = DIRECTION ( 'NONE',  ( -0.000000000000000000, -0.000000000000000000, -1.000000000000000000 ) ) ;
#8355 = EDGE_LOOP ( 'NONE', ( #3958, #2920, #3095, #1476 ) ) ;
#8356 = LINE ( 'NONE', #758, #5383 ) ;
#8357 = AXIS2_PLACEMENT_3D ( 'NONE', #7176, #1254, #462 ) ;
#8358 = EDGE_CURVE ( 'NONE', #9299, #4854, #2325, .T. ) ;
#8359 = DIRECTION ( 'NONE',  ( 0.000000000000000000, 0.000000000000000000, 1.000000000000000000 ) ) ;
#8360 = CARTESIAN_POINT ( 'NONE',  ( 1474.384776310849929, 665.8847763108501567, 11.99999999999999822 ) ) ;
#8361 = FACE_OUTER_BOUND ( 'NONE', #2375, .T. ) ;
#8362 = VERTEX_POINT ( 'NONE', #5715 ) ;
#8363 = VERTEX_POINT ( 'NONE', #8761 ) ;
#8364 = DIRECTION ( 'NONE',  ( 1.000000000000000000, 0.000000000000000000, 0.000000000000000000 ) ) ;
#8365 = ORIENTED_EDGE ( 'NONE', *, *, #5284, .F. ) ;
#8366 = CARTESIAN_POINT ( 'NONE',  ( 1446.000000000000000, 647.5000000000000000, 18.00000000000000000 ) ) ;
#8367 = DIRECTION ( 'NONE',  ( -1.000000000000000000, -0.000000000000000000, -0.000000000000000000 ) ) ;
#8368 = AXIS2_PLACEMENT_3D ( 'NONE', #1654, #887, #830 ) ;
#8369 = CARTESIAN_POINT ( 'NONE',  ( 99.51915006111076423, 725.0000000000000000, 31.00000000000000000 ) ) ;
#8370 = DIRECTION ( 'NONE',  ( 0.000000000000000000, 0.000000000000000000, 1.000000000000000000 ) ) ;
#8371 = ORIENTED_EDGE ( 'NONE', *, *, #3051, .F. ) ;
#8372 = ORIENTED_EDGE ( 'NONE', *, *, #7707, .T. ) ;
#8373 = DIRECTION ( 'NONE',  ( -0.000000000000000000, -0.000000000000000000, -1.000000000000000000 ) ) ;
#8374 = ADVANCED_FACE ( 'NONE', ( #6146 ), #4426, .F. ) ;
#8375 = DIRECTION ( 'NONE',  ( 1.000000000000000000, 0.000000000000000000, 0.000000000000000000 ) ) ;
#8376 = FILL_AREA_STYLE ('',( #1712 ) ) ;
#8377 = ORIENTED_EDGE ( 'NONE', *, *, #8346, .T. ) ;
#8378 = CARTESIAN_POINT ( 'NONE',  ( 1221.499999999999773, 347.5000000000000000, 18.00000000000000000 ) ) ;
#8379 = CARTESIAN_POINT ( 'NONE',  ( 1500.000000000000000, 695.0000000000000000, 0.000000000000000000 ) ) ;
#8380 = CARTESIAN_POINT ( 'NONE',  ( 747.5000000000000000, 67.50000000000000000, 18.00000000000000000 ) ) ;
#8381 = DIRECTION ( 'NONE',  ( -0.000000000000000000, 1.000000000000000000, -0.000000000000000000 ) ) ;
#8382 = CARTESIAN_POINT ( 'NONE',  ( 1393.431457505075969, 590.9314575050765370, 11.99999999999999822 ) ) ;
#8383 = AXIS2_PLACEMENT_3D ( 'NONE', #3557, #6471, #7196 ) ;
#8384 = AXIS2_PLACEMENT_3D ( 'NONE', #601, #5781, #8681 ) ;
#8385 = EDGE_CURVE ( 'NONE', #9434, #3427, #1998, .T. ) ;
#8386 = EDGE_CURVE ( 'NONE', #6773, #2726, #353, .T. ) ;
#8387 = DIRECTION ( 'NONE',  ( 0.000000000000000000, 0.000000000000000000, 1.000000000000000000 ) ) ;
#8388 = DIRECTION ( 'NONE',  ( 1.000000000000000000, 0.000000000000000000, 0.000000000000000000 ) ) ;
#8389 = CARTESIAN_POINT ( 'NONE',  ( 1429.999999999999773, 517.5000000000001137, 18.00000000000000000 ) ) ;
#8390 = CARTESIAN_POINT ( 'NONE',  ( 1468.384776310850157, 29.11522368914954839, 18.00000000000000000 ) ) ;
#8391 = EDGE_CURVE ( 'NONE', #3689, #5551, #6386, .T. ) ;
#8392 = CARTESIAN_POINT ( 'NONE',  ( 184.9999999999999432, 730.0000000000000000, 15.00000000000000000 ) ) ;
#8393 = CIRCLE ( 'NONE', #4523, 2.499999999999946709 ) ;
#8394 = DIRECTION ( 'NONE',  ( -0.000000000000000000, -0.000000000000000000, -1.000000000000000000 ) ) ;
#8395 = DIRECTION ( 'NONE',  ( -1.000000000000000000, 0.000000000000000000, 0.000000000000000000 ) ) ;
#8396 = CONTEXT_DEPENDENT_SHAPE_REPRESENTATION ( #4330, #8450 ) ;
#8397 = CARTESIAN_POINT ( 'NONE',  ( 1342.000000000000000, 0.000000000000000000, 0.000000000000000000 ) ) ;
#8398 = PLANE ( 'NONE',  #7125 ) ;
#8399 = DIRECTION ( 'NONE',  ( 1.000000000000000000, 0.000000000000000000, 0.000000000000000000 ) ) ;
#8400 = PRESENTATION_STYLE_ASSIGNMENT (( #8111 ) ) ;
#8401 = ORIENTED_EDGE ( 'NONE', *, *, #535, .T. ) ;
#8402 = ORIENTED_EDGE ( 'NONE', *, *, #3871, .T. ) ;
#8403 = EDGE_CURVE ( 'NONE', #3482, #4173, #9262, .T. ) ;
#8404 = CARTESIAN_POINT ( 'NONE',  ( 1393.431457505075969, 104.0685424949247846, 18.00000000000000000 ) ) ;
#8405 = CARTESIAN_POINT ( 'NONE',  ( 106.5685424949241451, 104.0685424949247704, 11.99999999999999822 ) ) ;
#8406 = ITEM_DEFINED_TRANSFORMATION ( 'NONE', 'NONE', #2722,  #6183 ) ;
#8407 = CARTESIAN_POINT ( 'NONE',  ( 110.8111831820434645, 99.82590180780547939, 11.99999999999999822 ) ) ;
#8408 = CARTESIAN_POINT ( 'NONE',  ( -800.0000000000001137, 0.000000000000000000, 400.0000000000000000 ) ) ;
#8409 = CARTESIAN_POINT ( 'NONE',  ( 1450.000000000000000, 111.5000000000000426, 18.00000000000000000 ) ) ;
#8410 = FACE_BOUND ( 'NONE', #580, .T. ) ;
#8411 = VECTOR ( 'NONE', #43, 1000.000000000000000 ) ;
#8412 = ORIENTED_EDGE ( 'NONE', *, *, #3169, .T. ) ;
#8413 = CLOSED_SHELL ( 'NONE', ( #3021, #3575, #9343, #3084, #8736, #7848, #5297, #6596, #1234, #3949, #3601, #4937, #1279 ) ) ;
#8414 = ADVANCED_FACE ( 'NONE', ( #2215 ), #4514, .T. ) ;
#8415 = FACE_OUTER_BOUND ( 'NONE', #9036, .T. ) ;
#8416 = CARTESIAN_POINT ( 'NONE',  ( 1432.499999999999773, 485.5000000000001705, 18.00000000000000000 ) ) ;
#8417 = AXIS2_PLACEMENT_3D ( 'NONE', #3066, #3806, #5352 ) ;
#8418 = CARTESIAN_POINT ( 'NONE',  ( -170.0000000000000000, 55.00000000000000000, 0.000000000000000000 ) ) ;
#8419 = AXIS2_PLACEMENT_3D ( 'NONE', #6558, #6584, #762 ) ;
#8420 = FACE_BOUND ( 'NONE', #1298, .T. ) ;
#8421 = CIRCLE ( 'NONE', #191, 2.500000000000002220 ) ;
#8422 = EDGE_LOOP ( 'NONE', ( #3446, #2613 ) ) ;
#8423 = ORIENTED_EDGE ( 'NONE', *, *, #3496, .T. ) ;
#8424 = VECTOR ( 'NONE', #3692, 1000.000000000000000 ) ;
#8425 = CIRCLE ( 'NONE', #4756, 2.999999999999994671 ) ;
#8426 = DIRECTION ( 'NONE',  ( 1.000000000000000000, 0.000000000000000000, 0.000000000000000000 ) ) ;
#8427 = CARTESIAN_POINT ( 'NONE',  ( 1342.000000000000000, 24.00000000000000000, 5.999999999999998224 ) ) ;
#8428 = VECTOR ( 'NONE', #6645, 1000.000000000000000 ) ;
#8429 = CARTESIAN_POINT ( 'NONE',  ( 1429.999999999999545, 347.5000000000000000, 0.000000000000000000 ) ) ;
#8430 = FACE_BOUND ( 'NONE', #2824, .T. ) ;
#8431 = CYLINDRICAL_SURFACE ( 'NONE', #2201, 4.000000000000003553 ) ;
#8432 = ORIENTED_EDGE ( 'NONE', *, *, #1812, .F. ) ;
#8433 = ORIENTED_EDGE ( 'NONE', *, *, #6983, .F. ) ;
#8434 = VERTEX_POINT ( 'NONE', #3707 ) ;
#8435 = DIRECTION ( 'NONE',  ( 0.7071067811865522357, 0.000000000000000000, -0.7071067811865429098 ) ) ;
#8436 = SURFACE_STYLE_FILL_AREA ( #7193 ) ;
#8437 = DIRECTION ( 'NONE',  ( -1.000000000000000000, 4.815513022993924426E-16, -8.881784197001251337E-16 ) ) ;
#8438 = EDGE_LOOP ( 'NONE', ( #2528, #7658, #3020, #2263 ) ) ;
#8439 = AXIS2_PLACEMENT_3D ( 'NONE', #6392, #1250, #7148 ) ;
#8440 = VECTOR ( 'NONE', #7207, 1000.000000000000000 ) ;
#8441 = DIRECTION ( 'NONE',  ( -0.000000000000000000, -0.000000000000000000, -1.000000000000000000 ) ) ;
#8442 = DIRECTION ( 'NONE',  ( 0.000000000000000000, 0.000000000000000000, 1.000000000000000000 ) ) ;
#8443 = CYLINDRICAL_SURFACE ( 'NONE', #6595, 2.500000000000002220 ) ;
#8444 = VERTEX_POINT ( 'NONE', #813 ) ;
#8445 = ORIENTED_EDGE ( 'NONE', *, *, #8023, .F. ) ;
#8446 = CARTESIAN_POINT ( 'NONE',  ( 1452.500000000000000, 583.4999999999998863, 18.00000000000000000 ) ) ;
#8447 = EDGE_LOOP ( 'NONE', ( #3894, #5335, #7538, #3074 ) ) ;
#8448 = FACE_BOUND ( 'NONE', #717, .T. ) ;
#8449 = DIRECTION ( 'NONE',  ( -0.000000000000000000, -0.000000000000000000, 1.000000000000000000 ) ) ;
#8450 = PRODUCT_DEFINITION_SHAPE ( 'NONE', 'NONE',  #9595 ) ;
#8451 = VECTOR ( 'NONE', #9010, 1000.000000000000000 ) ;
#8452 = ORIENTED_EDGE ( 'NONE', *, *, #7000, .T. ) ;
#8453 = CIRCLE ( 'NONE', #7604, 6.000000000000032863 ) ;
#8454 = AXIS2_PLACEMENT_3D ( 'NONE', #2135, #9565, #5869 ) ;
#8455 =( GEOMETRIC_REPRESENTATION_CONTEXT ( 3 ) GLOBAL_UNCERTAINTY_ASSIGNED_CONTEXT ( ( #1435 ) ) GLOBAL_UNIT_ASSIGNED_CONTEXT ( ( #8967, #7493, #8172 ) ) REPRESENTATION_CONTEXT ( 'NONE', 'WORKASPACE' ) );
#8456 = VERTEX_POINT ( 'NONE', #5984 ) ;
#8457 = EDGE_CURVE ( 'NONE', #7702, #2804, #1762, .T. ) ;
#8458 = EDGE_CURVE ( 'NONE', #6517, #8182, #9375, .T. ) ;
#8459 = CARTESIAN_POINT ( 'NONE',  ( 997.0000000000001137, 347.5000000000000000, 0.000000000000000000 ) ) ;
#8460 = CYLINDRICAL_SURFACE ( 'NONE', #4199, 4.000000000000003553 ) ;
#8461 = CARTESIAN_POINT ( 'NONE',  ( 49.99999999999998579, 583.4999999999998863, 0.000000000000000000 ) ) ;
#8462 = CARTESIAN_POINT ( 'NONE',  ( 1316.999999999999773, 67.50000000000000000, 0.000000000000000000 ) ) ;
#8463 = AXIS2_PLACEMENT_3D ( 'NONE', #6695, #8786, #8910 ) ;
#8464 = CARTESIAN_POINT ( 'NONE',  ( 1223.999999999999773, 627.5000000000001137, 0.000000000000000000 ) ) ;
#8465 = ORIENTED_EDGE ( 'NONE', *, *, #2278, .F. ) ;
#8466 = CIRCLE ( 'NONE', #1384, 2.999999999999994671 ) ;
#8467 = ORIENTED_EDGE ( 'NONE', *, *, #4764, .F. ) ;
#8468 = ORIENTED_EDGE ( 'NONE', *, *, #1730, .F. ) ;
#8469 = DIRECTION ( 'NONE',  ( -0.000000000000000000, -0.000000000000000000, -1.000000000000000000 ) ) ;
#8470 = EDGE_LOOP ( 'NONE', ( #2781, #3647, #7802, #703 ) ) ;
#8471 = DIRECTION ( 'NONE',  ( -1.000000000000000000, 0.000000000000000000, 0.000000000000000000 ) ) ;
#8472 = EDGE_LOOP ( 'NONE', ( #9167, #5002, #147, #510 ) ) ;
#8473 = FACE_OUTER_BOUND ( 'NONE', #4918, .T. ) ;
#8474 = DIRECTION ( 'NONE',  ( 0.000000000000000000, 0.000000000000000000, 1.000000000000000000 ) ) ;
#8475 = EDGE_CURVE ( 'NONE', #9535, #4991, #2921, .T. ) ;
#8476 = ADVANCED_FACE ( 'NONE', ( #5121 ), #6276, .F. ) ;
#8477 = DIRECTION ( 'NONE',  ( -1.000000000000000000, 0.000000000000000000, -0.000000000000000000 ) ) ;
#8478 = DIRECTION ( 'NONE',  ( 1.000000000000000000, 0.000000000000000000, 0.000000000000000000 ) ) ;
#8479 = APPLICATION_PROTOCOL_DEFINITION ( 'draft international standard', 'automotive_design', 1998, #6395 ) ;
#8480 = VERTEX_POINT ( 'NONE', #5184 ) ;
#8481 = CIRCLE ( 'NONE', #2398, 3.000000000000047962 ) ;
#8482 = ORIENTED_EDGE ( 'NONE', *, *, #4408, .F. ) ;
#8483 = ORIENTED_EDGE ( 'NONE', *, *, #6334, .T. ) ;
#8484 = EDGE_CURVE ( 'NONE', #5996, #5575, #226, .T. ) ;
#8485 = ORIENTED_EDGE ( 'NONE', *, *, #4865, .T. ) ;
#8486 = FACE_OUTER_BOUND ( 'NONE', #8627, .T. ) ;
#8487 = CARTESIAN_POINT ( 'NONE',  ( 67.50000000000017053, 209.4999999999998295, 18.00000000000000000 ) ) ;
#8488 = CARTESIAN_POINT ( 'NONE',  ( -132.0000000000000000, 24.00000000000000000, 6.000000000000000000 ) ) ;
#8489 = DIRECTION ( 'NONE',  ( -0.000000000000000000, -0.000000000000000000, 1.000000000000000000 ) ) ;
#8490 = DIRECTION ( 'NONE',  ( 1.000000000000000000, 0.000000000000000000, 0.000000000000000000 ) ) ;
#8491 = CARTESIAN_POINT ( 'NONE',  ( 1432.999999999999545, 517.5000000000001137, 18.00000000000000000 ) ) ;
#8492 = EDGE_LOOP ( 'NONE', ( #9423, #1497 ) ) ;
#8493 = ORIENTED_EDGE ( 'NONE', *, *, #874, .T. ) ;
#8494 = AXIS2_PLACEMENT_3D ( 'NONE', #4621, #8269, #6812 ) ;
#8495 = ORIENTED_EDGE ( 'NONE', *, *, #900, .T. ) ;
#8496 = EDGE_CURVE ( 'NONE', #7120, #4314, #7989, .T. ) ;
#8497 = CARTESIAN_POINT ( 'NONE',  ( 276.0000000000001137, 67.49999999999988631, 18.00000000000000000 ) ) ;
#8498 = DIRECTION ( 'NONE',  ( 0.000000000000000000, 0.000000000000000000, 1.000000000000000000 ) ) ;
#8499 = CARTESIAN_POINT ( 'NONE',  ( 1468.384776310850157, 665.8847763108501567, 18.00000000000000000 ) ) ;
#8500 = ORIENTED_EDGE ( 'NONE', *, *, #6687, .F. ) ;
#8501 = ORIENTED_EDGE ( 'NONE', *, *, #7844, .T. ) ;
#8502 = DIRECTION ( 'NONE',  ( 0.000000000000000000, 0.000000000000000000, 1.000000000000000000 ) ) ;
#8503 = DIRECTION ( 'NONE',  ( -0.000000000000000000, -0.000000000000000000, -1.000000000000000000 ) ) ;
#8504 = CARTESIAN_POINT ( 'NONE',  ( 25.00000000000000000, 56.00000000000000000, 5.999999999999997335 ) ) ;
#8505 = DIRECTION ( 'NONE',  ( -1.000000000000000000, -0.000000000000000000, -0.000000000000000000 ) ) ;
#8506 = DIRECTION ( 'NONE',  ( 0.000000000000000000, 0.000000000000000000, -1.000000000000000000 ) ) ;
#8507 = EDGE_CURVE ( 'NONE', #3431, #8106, #5349, .T. ) ;
#8508 = CARTESIAN_POINT ( 'NONE',  ( 58.01941254751481836, 5.421010862427522170E-17, 16.00000000000000000 ) ) ;
#8509 = AXIS2_PLACEMENT_3D ( 'NONE', #7782, #4751, #6951 ) ;
#8510 = DIRECTION ( 'NONE',  ( 0.000000000000000000, 0.000000000000000000, 1.000000000000000000 ) ) ;
#8511 = APPLICATION_CONTEXT ( 'automotive_design' ) ;
#8512 = DIRECTION ( 'NONE',  ( 1.000000000000000000, -0.000000000000000000, -0.000000000000000000 ) ) ;
#8513 = CARTESIAN_POINT ( 'NONE',  ( -441.9999999999999432, 55.00000000000000000, 0.000000000000000000 ) ) ;
#8514 = DIRECTION ( 'NONE',  ( -1.000000000000000000, 0.000000000000000000, 0.000000000000000000 ) ) ;
#8515 = DIRECTION ( 'NONE',  ( 0.000000000000000000, 1.000000000000000000, 0.000000000000000000 ) ) ;
#8516 = CARTESIAN_POINT ( 'NONE',  ( 25.00000000000000000, 56.00000000000000000, 9.000000000000000000 ) ) ;
#8517 = AXIS2_PLACEMENT_3D ( 'NONE', #6277, #6991, #9222 ) ;
#8518 = AXIS2_PLACEMENT_3D ( 'NONE', #4406, #2957, #573 ) ;
#8519 = EDGE_CURVE ( 'NONE', #5599, #4425, #1417, .T. ) ;
#8520 = DIRECTION ( 'NONE',  ( -0.000000000000000000, -0.000000000000000000, -1.000000000000000000 ) ) ;
#8521 = ADVANCED_FACE ( 'NONE', ( #6510 ), #9022, .F. ) ;
#8522 = EDGE_CURVE ( 'NONE', #45, #1444, #9495, .T. ) ;
#8523 = CIRCLE ( 'NONE', #9337, 2.499999999999946709 ) ;
#8524 = DIRECTION ( 'NONE',  ( 0.000000000000000000, 0.000000000000000000, 1.000000000000000000 ) ) ;
#8525 = CIRCLE ( 'NONE', #668, 2.999999999999891642 ) ;
#8526 = VERTEX_POINT ( 'NONE', #4487 ) ;
#8527 = DIRECTION ( 'NONE',  ( -1.000000000000000000, -0.000000000000000000, -0.000000000000000000 ) ) ;
#8528 = EDGE_CURVE ( 'NONE', #3447, #4571, #6040, .T. ) ;
#8529 = VECTOR ( 'NONE', #9487, 1000.000000000000000 ) ;
#8530 = AXIS2_PLACEMENT_3D ( 'NONE', #7098, #4054, #1107 ) ;
#8531 = DIRECTION ( 'NONE',  ( 1.000000000000000000, 0.000000000000000000, 0.000000000000000000 ) ) ;
#8532 = VECTOR ( 'NONE', #4856, 1000.000000000000000 ) ;
#8533 = ORIENTED_EDGE ( 'NONE', *, *, #8156, .T. ) ;
#8534 = EDGE_CURVE ( 'NONE', #1528, #2470, #5812, .T. ) ;
#8535 = ORIENTED_EDGE ( 'NONE', *, *, #7252, .F. ) ;
#8536 = DIRECTION ( 'NONE',  ( 0.000000000000000000, 0.000000000000000000, -1.000000000000000000 ) ) ;
#8537 = CARTESIAN_POINT ( 'NONE',  ( 85.35474517436360031, 730.0000000000000000, 11.25671599810842061 ) ) ;
#8538 = COLOUR_RGB ( '',1.000000000000000000, 1.000000000000000000, 1.000000000000000000 ) ;
#8539 = PRODUCT_CONTEXT ( 'NONE', #1146, 'mechanical' ) ;
#8540 = FACE_BOUND ( 'NONE', #4861, .T. ) ;
#8541 = LINE ( 'NONE', #9182, #5660 ) ;
#8542 = EDGE_LOOP ( 'NONE', ( #9372, #2490, #1464, #5592 ) ) ;
#8543 = DIRECTION ( 'NONE',  ( -0.000000000000000000, -0.000000000000000000, -1.000000000000000000 ) ) ;
#8544 = ORIENTED_EDGE ( 'NONE', *, *, #4741, .F. ) ;
#8545 = AXIS2_PLACEMENT_3D ( 'NONE', #963, #1715, #3278 ) ;
#8546 =( LENGTH_UNIT ( ) NAMED_UNIT ( * ) SI_UNIT ( .MILLI., .METRE. ) );
#8547 = CIRCLE ( 'NONE', #3423, 4.000000000000010658 ) ;
#8548 = FILL_AREA_STYLE_COLOUR ( '', #8921 ) ;
#8549 = DIRECTION ( 'NONE',  ( -0.000000000000000000, -0.000000000000000000, -1.000000000000000000 ) ) ;
#8550 = PRESENTATION_STYLE_ASSIGNMENT (( #794 ) ) ;
#8551 = DIRECTION ( 'NONE',  ( 1.000000000000000000, 0.000000000000000000, 0.000000000000000000 ) ) ;
#8552 = CARTESIAN_POINT ( 'NONE',  ( 180.0000000000001137, 35.49999999999997868, 18.00000000000000000 ) ) ;
#8553 = VECTOR ( 'NONE', #3612, 1000.000000000000000 ) ;
#8554 = VECTOR ( 'NONE', #8631, 1000.000000000000000 ) ;
#8555 = CIRCLE ( 'NONE', #7283, 3.000000000000113687 ) ;
#8556 = ORIENTED_EDGE ( 'NONE', *, *, #6199, .T. ) ;
#8557 = ORIENTED_EDGE ( 'NONE', *, *, #7501, .T. ) ;
#8558 = LINE ( 'NONE', #2520, #6959 ) ;
#8559 = AXIS2_PLACEMENT_3D ( 'NONE', #3381, #4835, #2546 ) ;
#8560 = DIRECTION ( 'NONE',  ( 0.000000000000000000, 0.000000000000000000, 1.000000000000000000 ) ) ;
#8561 = ORIENTED_EDGE ( 'NONE', *, *, #2773, .F. ) ;
#8562 = AXIS2_PLACEMENT_3D ( 'NONE', #2944, #7275, #8717 ) ;
#8563 = DIRECTION ( 'NONE',  ( 1.000000000000000000, 0.000000000000000000, 0.000000000000000000 ) ) ;
#8564 = DIRECTION ( 'NONE',  ( -1.000000000000000000, 0.000000000000000000, 0.000000000000000000 ) ) ;
#8565 = VECTOR ( 'NONE', #3748, 1000.000000000000000 ) ;
#8566 = CARTESIAN_POINT ( 'NONE',  ( 70.00000000000014211, 305.5000000000000000, 0.000000000000000000 ) ) ;
#8567 = FACE_BOUND ( 'NONE', #2149, .T. ) ;
#8568 = DIRECTION ( 'NONE',  ( -1.000000000000000000, 0.000000000000000000, 0.000000000000000000 ) ) ;
#8569 = VECTOR ( 'NONE', #8859, 1000.000000000000114 ) ;
#8570 = ORIENTED_EDGE ( 'NONE', *, *, #2359, .F. ) ;
#8571 = ORIENTED_EDGE ( 'NONE', *, *, #278, .F. ) ;
#8572 = ORIENTED_EDGE ( 'NONE', *, *, #6886, .T. ) ;
#8573 = VECTOR ( 'NONE', #4113, 1000.000000000000000 ) ;
#8574 = CARTESIAN_POINT ( 'NONE',  ( 1317.000000000000227, 56.00000000000000000, 5.999999999999996447 ) ) ;
#8575 = ADVANCED_FACE ( 'NONE', ( #594 ), #1507, .F. ) ;
#8576 = DIRECTION ( 'NONE',  ( 0.000000000000000000, 0.000000000000000000, -1.000000000000000000 ) ) ;
#8577 = LINE ( 'NONE', #7859, #5924 ) ;
#8578 = CIRCLE ( 'NONE', #6661, 3.000000000000113687 ) ;
#8579 = ORIENTED_EDGE ( 'NONE', *, *, #2119, .T. ) ;
#8580 = ORIENTED_EDGE ( 'NONE', *, *, #161, .F. ) ;
#8581 = CARTESIAN_POINT ( 'NONE',  ( 0.000000000000000000, 0.000000000000000000, 0.000000000000000000 ) ) ;
#8582 = DIRECTION ( 'NONE',  ( 1.000000000000000000, 0.000000000000000000, 0.000000000000000000 ) ) ;
#8583 = ORIENTED_EDGE ( 'NONE', *, *, #5937, .F. ) ;
#8584 = CARTESIAN_POINT ( 'NONE',  ( 47.49999999999997158, 583.4999999999998863, 18.00000000000000000 ) ) ;
#8585 = CIRCLE ( 'NONE', #8439, 3.000000000000002665 ) ;
#8586 = AXIS2_PLACEMENT_3D ( 'NONE', #8041, #8016, #6585 ) ;
#8587 = AXIS2_PLACEMENT_3D ( 'NONE', #2935, #8881, #2207 ) ;
#8588 = UNCERTAINTY_MEASURE_WITH_UNIT (LENGTH_MEASURE( 1.000000000000000082E-05 ), #4141, 'distance_accuracy_value', 'NONE');
#8589 = DIRECTION ( 'NONE',  ( 1.000000000000000000, 0.000000000000000000, 0.000000000000000000 ) ) ;
#8590 = CARTESIAN_POINT ( 'NONE',  ( 86.05177248089447062, 730.0000000000000000, 21.50000000000000000 ) ) ;
#8591 = EDGE_CURVE ( 'NONE', #2313, #705, #8320, .T. ) ;
#8592 = CIRCLE ( 'NONE', #687, 4.000000000000003553 ) ;
#8593 = DIRECTION ( 'NONE',  ( 0.000000000000000000, 0.000000000000000000, 1.000000000000000000 ) ) ;
#8594 = ORIENTED_EDGE ( 'NONE', *, *, #8035, .T. ) ;
#8595 = CYLINDRICAL_SURFACE ( 'NONE', #5153, 3.000000000000000888 ) ;
#8596 = ORIENTED_EDGE ( 'NONE', *, *, #2000, .F. ) ;
#8597 = FACE_OUTER_BOUND ( 'NONE', #3989, .T. ) ;
#8598 = AXIS2_PLACEMENT_3D ( 'NONE', #7372, #4299, #9444 ) ;
#8599 = CARTESIAN_POINT ( 'NONE',  ( 500.0000000000000000, 212.4999999999999716, 0.000000000000000000 ) ) ;
#8600 = ORIENTED_EDGE ( 'NONE', *, *, #4288, .T. ) ;
#8601 = DIRECTION ( 'NONE',  ( -0.000000000000000000, -0.000000000000000000, 1.000000000000000000 ) ) ;
#8602 = LINE ( 'NONE', #2350, #6068 ) ;
#8603 = VERTEX_POINT ( 'NONE', #121 ) ;
#8604 = EDGE_LOOP ( 'NONE', ( #7916, #7735 ) ) ;
#8605 = PLANE ( 'NONE',  #5259 ) ;
#8606 = ORIENTED_EDGE ( 'NONE', *, *, #6503, .F. ) ;
#8607 = FACE_OUTER_BOUND ( 'NONE', #8011, .T. ) ;
#8608 = CARTESIAN_POINT ( 'NONE',  ( 1389.188816817956422, 99.82590180780535150, 18.00000000000000000 ) ) ;
#8609 = ORIENTED_EDGE ( 'NONE', *, *, #2240, .F. ) ;
#8610 = AXIS2_PLACEMENT_3D ( 'NONE', #6978, #318, #3310 ) ;
#8611 = CARTESIAN_POINT ( 'NONE',  ( -132.0000000000000000, 56.00000000000001421, 6.000000000000000000 ) ) ;
#8612 = LINE ( 'NONE', #298, #8126 ) ;
#8613 = VERTEX_POINT ( 'NONE', #6904 ) ;
#8614 = EDGE_LOOP ( 'NONE', ( #513, #6710, #3213, #8329 ) ) ;
#8615 = ORIENTED_EDGE ( 'NONE', *, *, #4589, .F. ) ;
#8616 = EDGE_CURVE ( 'NONE', #7672, #8241, #7978, .T. ) ;
#8617 = VERTEX_POINT ( 'NONE', #1677 ) ;
#8618 = ORIENTED_EDGE ( 'NONE', *, *, #732, .T. ) ;
#8619 = ORIENTED_EDGE ( 'NONE', *, *, #2219, .F. ) ;
#8620 = DIRECTION ( 'NONE',  ( 0.000000000000000000, 0.000000000000000000, -1.000000000000000000 ) ) ;
#8621 = DIRECTION ( 'NONE',  ( -1.000000000000000000, 0.000000000000000000, 0.000000000000000000 ) ) ;
#8622 =( LENGTH_UNIT ( ) NAMED_UNIT ( * ) SI_UNIT ( .MILLI., .METRE. ) );
#8623 = PRODUCT_DEFINITION_CONTEXT ( 'detailed design', #8511, 'design' ) ;
#8624 = CARTESIAN_POINT ( 'NONE',  ( -42.00000000000000711, 55.00000000000000000, 0.000000000000000000 ) ) ;
#8625 = AXIS2_PLACEMENT_3D ( 'NONE', #736, #5906, #8024 ) ;
#8626 = ADVANCED_FACE ( 'NONE', ( #9486 ), #5004, .F. ) ;
#8627 = EDGE_LOOP ( 'NONE', ( #7988, #6815, #2960, #3434 ) ) ;
#8628 = CARTESIAN_POINT ( 'NONE',  ( 0.000000000000000000, 0.000000000000000000, 0.000000000000000000 ) ) ;
#8629 = CARTESIAN_POINT ( 'NONE',  ( 73.00000000000015632, 177.4999999999999716, 18.00000000000000000 ) ) ;
#8630 = CARTESIAN_POINT ( 'NONE',  ( 0.000000000000000000, 5.999999999999998224, 170.0000000000000000 ) ) ;
#8631 = DIRECTION ( 'NONE',  ( 1.000000000000000000, -0.000000000000000000, -0.000000000000000000 ) ) ;
#8632 = CARTESIAN_POINT ( 'NONE',  ( 752.5000000000000000, 212.4999999999999716, 18.00000000000000000 ) ) ;
#8633 = ADVANCED_FACE ( 'NONE', ( #7325, #6029, #939, #8448, #2672, #7205, #3035, #4541, #7313 ), #881, .F. ) ;
#8634 = CARTESIAN_POINT ( 'NONE',  ( 1319.999999999999773, 35.49999999999997868, 18.00000000000000000 ) ) ;
#8635 = AXIS2_PLACEMENT_3D ( 'NONE', #1944, #4142, #4883 ) ;
#8636 = EDGE_CURVE ( 'NONE', #3705, #6062, #8907, .T. ) ;
#8637 = CARTESIAN_POINT ( 'NONE',  ( 0.000000000000000000, 0.000000000000000000, 16.00000000000000000 ) ) ;
#8638 = CARTESIAN_POINT ( 'NONE',  ( -800.0000000000001137, 18.00000000000000000, 400.0000000000000000 ) ) ;
#8639 =( REPRESENTATION_RELATIONSHIP ('NONE','NONE', #3659, #3820 ) REPRESENTATION_RELATIONSHIP_WITH_TRANSFORMATION ( #5308 )SHAPE_REPRESENTATION_RELATIONSHIP( ) );
#8640 = VECTOR ( 'NONE', #5763, 1000.000000000000000 ) ;
#8641 = DIRECTION ( 'NONE',  ( 0.000000000000000000, 0.000000000000000000, 1.000000000000000000 ) ) ;
#8642 = PLANE ( 'NONE',  #8263 ) ;
#8643 = CARTESIAN_POINT ( 'NONE',  ( 0.000000000000000000, 0.000000000000000000, 0.000000000000000000 ) ) ;
#8644 = CARTESIAN_POINT ( 'NONE',  ( 421.0000000000000568, 80.00000000000000000, 9.000000000000000000 ) ) ;
#8645 = EDGE_CURVE ( 'NONE', #1667, #3312, #4307, .T. ) ;
#8646 = LINE ( 'NONE', #8715, #179 ) ;
#8647 = ORIENTED_EDGE ( 'NONE', *, *, #6066, .T. ) ;
#8648 = VERTEX_POINT ( 'NONE', #5392 ) ;
#8649 = EDGE_CURVE ( 'NONE', #8953, #2834, #4766, .T. ) ;
#8650 = DIRECTION ( 'NONE',  ( -1.000000000000000000, 0.000000000000000000, 0.000000000000000000 ) ) ;
#8651 = FACE_BOUND ( 'NONE', #6509, .T. ) ;
#8652 = CYLINDRICAL_SURFACE ( 'NONE', #4881, 14.99999999999999822 ) ;
#8653 = EDGE_LOOP ( 'NONE', ( #7354, #6204 ) ) ;
#8654 = DIRECTION ( 'NONE',  ( 0.000000000000000000, 1.000000000000000000, 0.000000000000000000 ) ) ;
#8655 = CARTESIAN_POINT ( 'NONE',  ( 1319.999999999999773, 35.49999999999997868, 0.000000000000000000 ) ) ;
#8656 = ORIENTED_EDGE ( 'NONE', *, *, #7329, .T. ) ;
#8657 = EDGE_CURVE ( 'NONE', #3427, #2211, #4073, .T. ) ;
#8658 = VECTOR ( 'NONE', #171, 1000.000000000000000 ) ;
#8659 = CARTESIAN_POINT ( 'NONE',  ( 144.9999999999999147, 690.0000000000000000, 12.49999999999999467 ) ) ;
#8660 = EDGE_CURVE ( 'NONE', #9362, #6059, #5802, .T. ) ;
#8661 = ADVANCED_FACE ( 'NONE', ( #2105 ), #5290, .F. ) ;
#8662 = VECTOR ( 'NONE', #3770, 1000.000000000000000 ) ;
#8663 = FACE_OUTER_BOUND ( 'NONE', #4108, .T. ) ;
#8664 = VERTEX_POINT ( 'NONE', #3835 ) ;
#8665 = ORIENTED_EDGE ( 'NONE', *, *, #1087, .T. ) ;
#8666 = DIRECTION ( 'NONE',  ( -0.000000000000000000, 1.000000000000000000, -0.000000000000000000 ) ) ;
#8667 = LINE ( 'NONE', #51, #215 ) ;
#8668 = DIRECTION ( 'NONE',  ( 0.000000000000000000, 0.000000000000000000, 1.000000000000000000 ) ) ;
#8669 =( REPRESENTATION_RELATIONSHIP ('NONE','NONE', #3659, #3805 ) REPRESENTATION_RELATIONSHIP_WITH_TRANSFORMATION ( #7838 )SHAPE_REPRESENTATION_RELATIONSHIP( ) );
#8670 = CYLINDRICAL_SURFACE ( 'NONE', #4517, 2.999999999999891642 ) ;
#8671 = DIRECTION ( 'NONE',  ( -0.000000000000000000, -0.000000000000000000, -1.000000000000000000 ) ) ;
#8672 = MECHANICAL_DESIGN_GEOMETRIC_PRESENTATION_REPRESENTATION (  '', ( #9477 ), #377 ) ;
#8673 = DIRECTION ( 'NONE',  ( 0.000000000000000000, 0.000000000000000000, 1.000000000000000000 ) ) ;
#8674 = LINE ( 'NONE', #8157, #4760 ) ;
#8675 = VECTOR ( 'NONE', #9201, 999.9999999999998863 ) ;
#8676 = EDGE_LOOP ( 'NONE', ( #4321, #2855, #2656, #4119 ) ) ;
#8677 = ORIENTED_EDGE ( 'NONE', *, *, #356, .F. ) ;
#8678 = SURFACE_SIDE_STYLE ('',( #4547 ) ) ;
#8679 = EDGE_CURVE ( 'NONE', #7835, #8444, #2909, .T. ) ;
#8680 = ORIENTED_EDGE ( 'NONE', *, *, #1606, .F. ) ;
#8681 = DIRECTION ( 'NONE',  ( 0.000000000000000000, 0.000000000000000000, 1.000000000000000000 ) ) ;
#8682 = ADVANCED_FACE ( 'NONE', ( #583 ), #3146, .F. ) ;
#8683 = CIRCLE ( 'NONE', #4628, 2.500000000000015987 ) ;
#8684 = VERTEX_POINT ( 'NONE', #3159 ) ;
#8685 = DIRECTION ( 'NONE',  ( -0.000000000000000000, -0.000000000000000000, -1.000000000000000000 ) ) ;
#8686 = VECTOR ( 'NONE', #5874, 1000.000000000000000 ) ;
#8687 = LINE ( 'NONE', #8643, #6736 ) ;
#8688 = ORIENTED_EDGE ( 'NONE', *, *, #6943, .T. ) ;
#8689 = ORIENTED_EDGE ( 'NONE', *, *, #975, .F. ) ;
#8690 = CARTESIAN_POINT ( 'NONE',  ( 0.000000000000000000, 56.00000000000000000, 6.000000000000000000 ) ) ;
#8691 = ORIENTED_EDGE ( 'NONE', *, *, #779, .F. ) ;
#8692 = AXIS2_PLACEMENT_3D ( 'NONE', #6974, #4717, #1008 ) ;
#8693 = CYLINDRICAL_SURFACE ( 'NONE', #1148, 3.000000000000002665 ) ;
#8694 = DIRECTION ( 'NONE',  ( 0.000000000000000000, 0.000000000000000000, 1.000000000000000000 ) ) ;
#8695 = EDGE_CURVE ( 'NONE', #164, #5727, #8201, .T. ) ;
#8696 = DIRECTION ( 'NONE',  ( 0.000000000000000000, 0.000000000000000000, 1.000000000000000000 ) ) ;
#8697 = ORIENTED_EDGE ( 'NONE', *, *, #8909, .T. ) ;
#8698 = FACE_OUTER_BOUND ( 'NONE', #2704, .T. ) ;
#8699 = VERTEX_POINT ( 'NONE', #4593 ) ;
#8700 = FACE_OUTER_BOUND ( 'NONE', #6969, .T. ) ;
#8701 = CARTESIAN_POINT ( 'NONE',  ( 1464.142135623730837, 24.87258300203017569, 11.99999999999999822 ) ) ;
#8702 = CARTESIAN_POINT ( 'NONE',  ( 1342.000000000000000, 0.000000000000000000, 18.00000000000000000 ) ) ;
#8703 = CARTESIAN_POINT ( 'NONE',  ( 106.9999999999999005, 730.0000000000000000, 15.49999999999999112 ) ) ;
#8704 = DIRECTION ( 'NONE',  ( 1.000000000000000000, 0.000000000000000000, 0.000000000000000000 ) ) ;
#8705 = ORIENTED_EDGE ( 'NONE', *, *, #5319, .F. ) ;
#8706 = FACE_OUTER_BOUND ( 'NONE', #2695, .T. ) ;
#8707 = EDGE_LOOP ( 'NONE', ( #6825, #4464, #8118, #2565 ) ) ;
#8708 = EDGE_LOOP ( 'NONE', ( #7352, #1432 ) ) ;
#8709 = AXIS2_PLACEMENT_3D ( 'NONE', #4814, #9137, #2523 ) ;
#8710 = AXIS2_PLACEMENT_3D ( 'NONE', #1626, #3057, #9578 ) ;
#8711 = VERTEX_POINT ( 'NONE', #5314 ) ;
#8712 = EDGE_CURVE ( 'NONE', #4011, #1414, #930, .T. ) ;
#8713 = ORIENTED_EDGE ( 'NONE', *, *, #9462, .T. ) ;
#8714 = VECTOR ( 'NONE', #407, 1000.000000000000000 ) ;
#8715 = CARTESIAN_POINT ( 'NONE',  ( 0.000000000000000000, 0.000000000000000000, 18.00000000000000000 ) ) ;
#8716 = EDGE_CURVE ( 'NONE', #8128, #7147, #7534, .T. ) ;
#8717 = DIRECTION ( 'NONE',  ( -1.000000000000000000, 0.000000000000000000, 0.000000000000000000 ) ) ;
#8718 = DIRECTION ( 'NONE',  ( 1.000000000000000000, 0.000000000000000000, 0.000000000000000000 ) ) ;
#8719 = ORIENTED_EDGE ( 'NONE', *, *, #7362, .T. ) ;
#8720 = DIRECTION ( 'NONE',  ( -0.000000000000000000, -1.000000000000000000, -0.000000000000000000 ) ) ;
#8721 = LINE ( 'NONE', #481, #6187 ) ;
#8722 = VERTEX_POINT ( 'NONE', #3201 ) ;
#8723 = EDGE_LOOP ( 'NONE', ( #3649, #8452 ) ) ;
#8724 = ORIENTED_EDGE ( 'NONE', *, *, #1793, .F. ) ;
#8725 = ADVANCED_FACE ( 'NONE', ( #1049 ), #1166, .F. ) ;
#8726 = ORIENTED_EDGE ( 'NONE', *, *, #9341, .T. ) ;
#8727 = CYLINDRICAL_SURFACE ( 'NONE', #4130, 3.000000000000002665 ) ;
#8728 = EDGE_CURVE ( 'NONE', #6143, #9124, #8310, .T. ) ;
#8729 = AXIS2_PLACEMENT_3D ( 'NONE', #6108, #1025, #2514 ) ;
#8730 = EDGE_LOOP ( 'NONE', ( #9509, #446, #8943, #8402 ) ) ;
#8731 = ORIENTED_EDGE ( 'NONE', *, *, #3756, .F. ) ;
#8732 = DIRECTION ( 'NONE',  ( -1.000000000000000000, 0.000000000000000000, 0.000000000000000000 ) ) ;
#8733 = EDGE_CURVE ( 'NONE', #9434, #2007, #2317, .T. ) ;
#8734 = DIRECTION ( 'NONE',  ( -0.000000000000000000, -0.000000000000000000, -1.000000000000000000 ) ) ;
#8735 = VERTEX_POINT ( 'NONE', #1074 ) ;
#8736 = ADVANCED_FACE ( 'NONE', ( #1303 ), #7699, .F. ) ;
#8737 = CARTESIAN_POINT ( 'NONE',  ( 102.3259018078048683, 586.6888168179572176, 11.99999999999999822 ) ) ;
#8738 = EDGE_LOOP ( 'NONE', ( #9113, #7236 ) ) ;
#8739 = ORIENTED_EDGE ( 'NONE', *, *, #468, .F. ) ;
#8740 = AXIS2_PLACEMENT_3D ( 'NONE', #8404, #6134, #6205 ) ;
#8741 = PLANE ( 'NONE',  #2640 ) ;
#8742 = DIRECTION ( 'NONE',  ( 1.000000000000000000, 0.000000000000000000, 0.000000000000000000 ) ) ;
#8743 = APPLICATION_PROTOCOL_DEFINITION ( 'draft international standard', 'automotive_design', 1998, #8511 ) ;
#8744 = DIRECTION ( 'NONE',  ( 0.000000000000000000, 0.000000000000000000, 1.000000000000000000 ) ) ;
#8745 = CARTESIAN_POINT ( 'NONE',  ( 58.01941254751481836, 5.421010862427522170E-17, 16.00000000000000000 ) ) ;
#8746 = CARTESIAN_POINT ( 'NONE',  ( 500.0000000000000000, 482.5000000000000000, 0.000000000000000000 ) ) ;
#8747 =( NAMED_UNIT ( * ) SI_UNIT ( $, .STERADIAN. ) SOLID_ANGLE_UNIT ( ) );
#8748 = CARTESIAN_POINT ( 'NONE',  ( 76.87005768508898029, 620.6299423149114318, 0.000000000000000000 ) ) ;
#8749 = AXIS2_PLACEMENT_3D ( 'NONE', #7556, #3136, #5366 ) ;
#8750 = CARTESIAN_POINT ( 'NONE',  ( 1002.999999999999886, 212.4999999999999716, 18.00000000000000000 ) ) ;
#8751 = AXIS2_PLACEMENT_3D ( 'NONE', #6911, #2394, #6219 ) ;
#8752 = DIRECTION ( 'NONE',  ( -0.000000000000000000, -0.000000000000000000, -1.000000000000000000 ) ) ;
#8753 = UNCERTAINTY_MEASURE_WITH_UNIT (LENGTH_MEASURE( 1.000000000000000082E-05 ), #8546, 'distance_accuracy_value', 'NONE');
#8754 = CARTESIAN_POINT ( 'NONE',  ( 1468.384776310850157, 665.8847763108501567, 18.00000000000000000 ) ) ;
#8755 = DIRECTION ( 'NONE',  ( -1.000000000000000000, 0.000000000000000000, -0.000000000000000000 ) ) ;
#8756 = CARTESIAN_POINT ( 'NONE',  ( 1223.999999999999773, 347.5000000000000000, 0.000000000000000000 ) ) ;
#8757 = CYLINDRICAL_SURFACE ( 'NONE', #3485, 2.499999999999946709 ) ;
#8758 = AXIS2_PLACEMENT_3D ( 'NONE', #7300, #6483, #549 ) ;
#8759 = ORIENTED_EDGE ( 'NONE', *, *, #2861, .F. ) ;
#8760 = ADVANCED_FACE ( 'NONE', ( #2795 ), #337, .F. ) ;
#8761 = CARTESIAN_POINT ( 'NONE',  ( 182.5000000000001137, 35.49999999999997868, 18.00000000000000000 ) ) ;
#8762 = CARTESIAN_POINT ( 'NONE',  ( 1426.999999999999773, 517.5000000000001137, 18.00000000000000000 ) ) ;
#8763 = DIRECTION ( 'NONE',  ( -0.000000000000000000, -0.000000000000000000, 1.000000000000000000 ) ) ;
#8764 = PRODUCT_DEFINITION_CONTEXT ( 'detailed design', #1091, 'design' ) ;
#8765 = ORIENTED_EDGE ( 'NONE', *, *, #5047, .T. ) ;
#8766 = DIRECTION ( 'NONE',  ( -0.000000000000000000, -1.000000000000000000, -0.000000000000000000 ) ) ;
#8767 = EDGE_LOOP ( 'NONE', ( #3677, #9171, #5654, #2983 ) ) ;
#8768 = CARTESIAN_POINT ( 'NONE',  ( 612.4999999999996589, 20.00000000000000000, -9.000000000000000000 ) ) ;
#8769 = ADVANCED_FACE ( 'NONE', ( #5340 ), #9249, .F. ) ;
#8770 = DIRECTION ( 'NONE',  ( 1.000000000000000000, 0.000000000000000000, 0.000000000000000000 ) ) ;
#8771 = AXIS2_PLACEMENT_3D ( 'NONE', #2943, #1385, #1463 ) ;
#8772 = EDGE_CURVE ( 'NONE', #2227, #3876, #8558, .T. ) ;
#8773 = FACE_BOUND ( 'NONE', #9331, .T. ) ;
#8774 = CIRCLE ( 'NONE', #8509, 3.000000000000047962 ) ;
#8775 = EDGE_LOOP ( 'NONE', ( #2727, #2551, #1198, #8242 ) ) ;
#8776 = AXIS2_PLACEMENT_3D ( 'NONE', #2737, #1245, #7927 ) ;
#8777 = ORIENTED_EDGE ( 'NONE', *, *, #5374, .T. ) ;
#8778 = CYLINDRICAL_SURFACE ( 'NONE', #8874, 6.000000000000227374 ) ;
#8779 = CARTESIAN_POINT ( 'NONE',  ( 208.5000000000001421, 20.00000000000000000, -9.000000000000000000 ) ) ;
#8780 = SHAPE_REPRESENTATION_RELATIONSHIP ( 'NONE' , 'NONE' ,  #7132, #1721 ) ;
#8781 = CARTESIAN_POINT ( 'NONE',  ( 750.0000000000000000, 347.5000000000000000, 18.00000000000000000 ) ) ;
#8782 = FACE_OUTER_BOUND ( 'NONE', #1056, .T. ) ;
#8783 = DIRECTION ( 'NONE',  ( -0.000000000000000000, -0.000000000000000000, -1.000000000000000000 ) ) ;
#8784 = EDGE_CURVE ( 'NONE', #903, #3272, #3843, .T. ) ;
#8785 = FACE_BOUND ( 'NONE', #8050, .T. ) ;
#8786 = DIRECTION ( 'NONE',  ( -0.000000000000000000, -0.000000000000000000, -1.000000000000000000 ) ) ;
#8787 = CYLINDRICAL_SURFACE ( 'NONE', #4071, 4.000000000000017764 ) ;
#8788 = ORIENTED_EDGE ( 'NONE', *, *, #8528, .F. ) ;
#8789 = EDGE_LOOP ( 'NONE', ( #1531, #7537 ) ) ;
#8790 = VECTOR ( 'NONE', #1109, 1000.000000000000000 ) ;
#8791 = FACE_OUTER_BOUND ( 'NONE', #5799, .T. ) ;
#8792 = FACE_BOUND ( 'NONE', #9233, .T. ) ;
#8793 = CIRCLE ( 'NONE', #4310, 3.000000000000006217 ) ;
#8794 = ORIENTED_EDGE ( 'NONE', *, *, #2966, .T. ) ;
#8795 = ORIENTED_EDGE ( 'NONE', *, *, #2665, .T. ) ;
#8796 = DIRECTION ( 'NONE',  ( -1.000000000000000000, 0.000000000000000000, 0.000000000000000000 ) ) ;
#8797 = DIRECTION ( 'NONE',  ( -0.000000000000000000, -0.000000000000000000, -1.000000000000000000 ) ) ;
#8798 = ORIENTED_EDGE ( 'NONE', *, *, #4557, .F. ) ;
#8799 = VECTOR ( 'NONE', #1586, 1000.000000000000000 ) ;
#8800 = ORIENTED_EDGE ( 'NONE', *, *, #2387, .F. ) ;
#8801 = AXIS2_PLACEMENT_3D ( 'NONE', #1590, #2301, #1462 ) ;
#8802 = CARTESIAN_POINT ( 'NONE',  ( 3.000000000000000888, 56.00000000000000000, 6.000000000000000000 ) ) ;
#8803 = LINE ( 'NONE', #8737, #6153 ) ;
#8804 = EDGE_CURVE ( 'NONE', #9340, #1900, #6265, .T. ) ;
#8805 = CIRCLE ( 'NONE', #4002, 3.000000000000002665 ) ;
#8806 = DIRECTION ( 'NONE',  ( 1.000000000000000000, 0.000000000000000000, 0.000000000000000000 ) ) ;
#8807 = EDGE_LOOP ( 'NONE', ( #9225, #5602 ) ) ;
#8808 = ORIENTED_EDGE ( 'NONE', *, *, #53, .F. ) ;
#8809 = ORIENTED_EDGE ( 'NONE', *, *, #2595, .F. ) ;
#8810 = DIRECTION ( 'NONE',  ( -0.000000000000000000, -0.000000000000000000, -1.000000000000000000 ) ) ;
#8811 = LINE ( 'NONE', #289, #5363 ) ;
#8812 = ADVANCED_FACE ( 'NONE', ( #6836 ), #246, .F. ) ;
#8813 = EDGE_CURVE ( 'NONE', #5733, #817, #8683, .T. ) ;
#8814 = DIRECTION ( 'NONE',  ( 0.000000000000000000, -0.000000000000000000, -1.000000000000000000 ) ) ;
#8815 = VECTOR ( 'NONE', #4390, 1000.000000000000000 ) ;
#8816 = ORIENTED_EDGE ( 'NONE', *, *, #8403, .T. ) ;
#8817 = FACE_OUTER_BOUND ( 'NONE', #253, .T. ) ;
#8818 = ORIENTED_EDGE ( 'NONE', *, *, #620, .F. ) ;
#8819 = LINE ( 'NONE', #2645, #8714 ) ;
#8820 = DIRECTION ( 'NONE',  ( -1.000000000000000000, 0.000000000000000000, 0.000000000000000000 ) ) ;
#8821 = EDGE_CURVE ( 'NONE', #5729, #3312, #1644, .T. ) ;
#8822 = AXIS2_PLACEMENT_3D ( 'NONE', #8748, #642, #7469 ) ;
#8823 = ADVANCED_FACE ( 'NONE', ( #4643 ), #6731, .F. ) ;
#8824 = ORIENTED_EDGE ( 'NONE', *, *, #7479, .F. ) ;
#8825 = CARTESIAN_POINT ( 'NONE',  ( 1454.000000000000000, 47.49999999999998579, 18.00000000000000000 ) ) ;
#8826 = FACE_OUTER_BOUND ( 'NONE', #9556, .T. ) ;
#8827 = ORIENTED_EDGE ( 'NONE', *, *, #6250, .F. ) ;
#8828 = ORIENTED_EDGE ( 'NONE', *, *, #1708, .T. ) ;
#8829 = CARTESIAN_POINT ( 'NONE',  ( -441.9999999999999432, 80.00000000000000000, 0.000000000000000000 ) ) ;
#8830 = EDGE_LOOP ( 'NONE', ( #1581, #5420, #4992, #8423, #4234, #862, #3009, #5246 ) ) ;
#8831 = CIRCLE ( 'NONE', #6149, 2.999999999999995559 ) ;
#8832 = DIRECTION ( 'NONE',  ( -0.000000000000000000, -0.000000000000000000, -1.000000000000000000 ) ) ;
#8833 = DIRECTION ( 'NONE',  ( 0.000000000000000000, 0.000000000000000000, 1.000000000000000000 ) ) ;
#8834 = AXIS2_PLACEMENT_3D ( 'NONE', #1474, #3799, #754 ) ;
#8835 =( GEOMETRIC_REPRESENTATION_CONTEXT ( 3 ) GLOBAL_UNCERTAINTY_ASSIGNED_CONTEXT ( ( #6925 ) ) GLOBAL_UNIT_ASSIGNED_CONTEXT ( ( #168, #1692, #960 ) ) REPRESENTATION_CONTEXT ( 'NONE', 'WORKASPACE' ) );
#8836 = EDGE_CURVE ( 'NONE', #9046, #8056, #1406, .T. ) ;
#8837 = FACE_BOUND ( 'NONE', #1778, .T. ) ;
#8838 = ORIENTED_EDGE ( 'NONE', *, *, #8507, .F. ) ;
#8839 = VERTEX_POINT ( 'NONE', #1800 ) ;
#8840 = CARTESIAN_POINT ( 'NONE',  ( 799.9999999999998863, 18.00000000000000000, 400.0000000000000000 ) ) ;
#8841 = CARTESIAN_POINT ( 'NONE',  ( 1322.499999999999773, 659.5000000000000000, 18.00000000000000000 ) ) ;
#8842 = ORIENTED_EDGE ( 'NONE', *, *, #6683, .F. ) ;
#8843 = EDGE_CURVE ( 'NONE', #9459, #4895, #5227, .T. ) ;
#8844 = CARTESIAN_POINT ( 'NONE',  ( 40.00000000000000000, 50.00000000000000000, 14.99999999999999289 ) ) ;
#8845 = DIRECTION ( 'NONE',  ( 0.000000000000000000, 0.000000000000000000, 1.000000000000000000 ) ) ;
#8846 = ORIENTED_EDGE ( 'NONE', *, *, #47, .F. ) ;
#8847 = VERTEX_POINT ( 'NONE', #8629 ) ;
#8848 = EDGE_CURVE ( 'NONE', #3785, #7288, #9009, .T. ) ;
#8849 = AXIS2_PLACEMENT_3D ( 'NONE', #7396, #2945, #660 ) ;
#8850 = DIRECTION ( 'NONE',  ( 0.000000000000000000, 0.000000000000000000, 1.000000000000000000 ) ) ;
#8851 = EDGE_CURVE ( 'NONE', #7041, #7948, #1874, .T. ) ;
#8852 = DIRECTION ( 'NONE',  ( 0.7071067811865435759, 0.7071067811865513475, 0.000000000000000000 ) ) ;
#8853 = VERTEX_POINT ( 'NONE', #4186 ) ;
#8854 = DIRECTION ( 'NONE',  ( -0.000000000000000000, -0.000000000000000000, -1.000000000000000000 ) ) ;
#8855 = CARTESIAN_POINT ( 'NONE',  ( -42.00000000000000711, 55.00000000000000000, -3.000000000000001332 ) ) ;
#8856 = ORIENTED_EDGE ( 'NONE', *, *, #7875, .T. ) ;
#8857 = DIRECTION ( 'NONE',  ( -0.000000000000000000, -0.000000000000000000, 1.000000000000000000 ) ) ;
#8858 = EDGE_CURVE ( 'NONE', #8853, #7884, #6610, .T. ) ;
#8859 = DIRECTION ( 'NONE',  ( 0.7071067811865435759, 0.7071067811865513475, -0.000000000000000000 ) ) ;
#8860 = ADVANCED_FACE ( 'NONE', ( #9127 ), #8605, .F. ) ;
#8861 = DIRECTION ( 'NONE',  ( 1.000000000000000000, 0.000000000000000000, 0.000000000000000000 ) ) ;
#8862 = AXIS2_PLACEMENT_3D ( 'NONE', #9191, #4796, #1158 ) ;
#8863 = LINE ( 'NONE', #6448, #2990 ) ;
#8864 = MANIFOLD_SOLID_BREP ( 'Cortar-Extruir1', #2234 ) ;
#8865 = LINE ( 'NONE', #6779, #8992 ) ;
#8866 = DIRECTION ( 'NONE',  ( 0.000000000000000000, -1.000000000000000000, 0.000000000000000000 ) ) ;
#8867 = DIRECTION ( 'NONE',  ( -0.000000000000000000, -1.000000000000000000, -0.000000000000000000 ) ) ;
#8868 = VECTOR ( 'NONE', #4609, 1000.000000000000000 ) ;
#8869 = ORIENTED_EDGE ( 'NONE', *, *, #1889, .F. ) ;
#8870 = CARTESIAN_POINT ( 'NONE',  ( 750.0000000000000000, 659.5000000000000000, 18.00000000000000000 ) ) ;
#8871 = ORIENTED_EDGE ( 'NONE', *, *, #7375, .T. ) ;
#8872 = CARTESIAN_POINT ( 'NONE',  ( 42.79417451143776674, -5.689651003726127526E-17, 0.000000000000000000 ) ) ;
#8873 = AXIS2_PLACEMENT_3D ( 'NONE', #2881, #1274, #4257 ) ;
#8874 = AXIS2_PLACEMENT_3D ( 'NONE', #7911, #5649, #4250 ) ;
#8875 = EDGE_CURVE ( 'NONE', #6238, #6864, #3508, .T. ) ;
#8876 = LINE ( 'NONE', #7745, #3007 ) ;
#8877 = LINE ( 'NONE', #8397, #911 ) ;
#8878 = DIRECTION ( 'NONE',  ( -1.000000000000000000, 0.000000000000000000, 0.000000000000000000 ) ) ;
#8879 = ORIENTED_EDGE ( 'NONE', *, *, #5190, .F. ) ;
#8880 = EDGE_LOOP ( 'NONE', ( #3992, #36, #1356, #8258 ) ) ;
#8881 = DIRECTION ( 'NONE',  ( -0.000000000000000000, -0.000000000000000000, -1.000000000000000000 ) ) ;
#8882 = LINE ( 'NONE', #4698, #2531 ) ;
#8883 = DIRECTION ( 'NONE',  ( 0.000000000000000000, 1.000000000000000000, 0.000000000000000000 ) ) ;
#8884 = EDGE_CURVE ( 'NONE', #7041, #5745, #7301, .T. ) ;
#8885 = CARTESIAN_POINT ( 'NONE',  ( 85.46958070007251251, 725.0000000000000000, 21.50000000000000000 ) ) ;
#8886 = FACE_BOUND ( 'NONE', #808, .T. ) ;
#8887 = DIRECTION ( 'NONE',  ( 0.000000000000000000, 0.000000000000000000, 1.000000000000000000 ) ) ;
#8888 = VERTEX_POINT ( 'NONE', #4945 ) ;
#8889 = CYLINDRICAL_SURFACE ( 'NONE', #7842, 2.500000000000002220 ) ;
#8890 = CIRCLE ( 'NONE', #4378, 2.500000000000002220 ) ;
#8891 = EDGE_LOOP ( 'NONE', ( #3735, #8211, #9530, #1069 ) ) ;
#8892 = DIRECTION ( 'NONE',  ( -0.000000000000000000, -0.000000000000000000, -1.000000000000000000 ) ) ;
#8893 = ORIENTED_EDGE ( 'NONE', *, *, #6820, .T. ) ;
#8894 = EDGE_CURVE ( 'NONE', #3408, #3304, #9117, .T. ) ;
#8895 = AXIS2_PLACEMENT_3D ( 'NONE', #2662, #6388, #7009 ) ;
#8896 = PRODUCT_DEFINITION_FORMATION_WITH_SPECIFIED_SOURCE ( 'ANY', '', #7273, .NOT_KNOWN. ) ;
#8897 = DIRECTION ( 'NONE',  ( 1.000000000000000000, 0.000000000000000000, 0.000000000000000000 ) ) ;
#8898 = SHAPE_REPRESENTATION_RELATIONSHIP ( 'NONE' , 'NONE' ,  #1492, #2142 ) ;
#8899 =( LENGTH_UNIT ( ) NAMED_UNIT ( * ) SI_UNIT ( .MILLI., .METRE. ) );
#8900 = CYLINDRICAL_SURFACE ( 'NONE', #1788, 2.999999999999994671 ) ;
#8901 = LINE ( 'NONE', #1964, #8554 ) ;
#8902 = CIRCLE ( 'NONE', #1137, 3.000000000000002665 ) ;
#8903 = ORIENTED_EDGE ( 'NONE', *, *, #4557, .T. ) ;
#8904 = ORIENTED_EDGE ( 'NONE', *, *, #3675, .F. ) ;
#8905 = ORIENTED_EDGE ( 'NONE', *, *, #1240, .T. ) ;
#8906 = DIRECTION ( 'NONE',  ( 0.000000000000000000, 0.000000000000000000, -1.000000000000000000 ) ) ;
#8907 = LINE ( 'NONE', #4611, #7078 ) ;
#8908 = ORIENTED_EDGE ( 'NONE', *, *, #9154, .F. ) ;
#8909 = EDGE_CURVE ( 'NONE', #2804, #7702, #97, .T. ) ;
#8910 = DIRECTION ( 'NONE',  ( -1.000000000000000000, 0.000000000000000000, 0.000000000000000000 ) ) ;
#8911 = VECTOR ( 'NONE', #2032, 1000.000000000000000 ) ;
#8912 = ADVANCED_FACE ( 'NONE', ( #6017 ), #7191, .F. ) ;
#8913 = ORIENTED_EDGE ( 'NONE', *, *, #2899, .F. ) ;
#8914 = VERTEX_POINT ( 'NONE', #4227 ) ;
#8915 = ORIENTED_EDGE ( 'NONE', *, *, #3315, .T. ) ;
#8916 = CARTESIAN_POINT ( 'NONE',  ( 1397.674098192195288, 108.3111831820441040, 11.99999999999999822 ) ) ;
#8917 = CIRCLE ( 'NONE', #653, 2.500000000000015987 ) ;
#8918 = CARTESIAN_POINT ( 'NONE',  ( -800.0000000000001137, 18.00000000000000000, -400.0000000000000000 ) ) ;
#8919 = DIRECTION ( 'NONE',  ( 0.000000000000000000, 0.000000000000000000, 1.000000000000000000 ) ) ;
#8920 = DIRECTION ( 'NONE',  ( -0.000000000000000000, -0.000000000000000000, -1.000000000000000000 ) ) ;
#8921 = COLOUR_RGB ( '',1.000000000000000000, 1.000000000000000000, 1.000000000000000000 ) ;
#8922 = ORIENTED_EDGE ( 'NONE', *, *, #4371, .F. ) ;
#8923 = VECTOR ( 'NONE', #650, 999.9999999999998863 ) ;
#8924 = VERTEX_POINT ( 'NONE', #9366 ) ;
#8925 = AXIS2_PLACEMENT_3D ( 'NONE', #4652, #4013, #184 ) ;
#8926 = VECTOR ( 'NONE', #8685, 1000.000000000000000 ) ;
#8927 = CARTESIAN_POINT ( 'NONE',  ( 1450.000000000000000, 647.5000000000000000, 0.000000000000000000 ) ) ;
#8928 = AXIS2_PLACEMENT_3D ( 'NONE', #7992, #2810, #4431 ) ;
#8929 = CARTESIAN_POINT ( 'NONE',  ( 31.61522368914975445, 29.11522368914955905, 18.00000000000000000 ) ) ;
#8930 = CARTESIAN_POINT ( 'NONE',  ( 1419.129942314910977, 74.37005768508863923, 11.99999999999999822 ) ) ;
#8931 = EDGE_LOOP ( 'NONE', ( #1587, #1838, #375, #1675 ) ) ;
#8932 = LINE ( 'NONE', #181, #8002 ) ;
#8933 = ORIENTED_EDGE ( 'NONE', *, *, #7930, .T. ) ;
#8934 = ORIENTED_EDGE ( 'NONE', *, *, #6323, .F. ) ;
#8935 = ORIENTED_EDGE ( 'NONE', *, *, #5635, .F. ) ;
#8936 = EDGE_LOOP ( 'NONE', ( #6833, #8856, #5477, #6938 ) ) ;
#8937 = VECTOR ( 'NONE', #7101, 1000.000000000000000 ) ;
#8938 = CARTESIAN_POINT ( 'NONE',  ( 1223.999999999999773, 482.5000000000000000, 0.000000000000000000 ) ) ;
#8939 = DIRECTION ( 'NONE',  ( -0.000000000000000000, -0.000000000000000000, -1.000000000000000000 ) ) ;
#8940 = ORIENTED_EDGE ( 'NONE', *, *, #3847, .T. ) ;
#8941 = DIRECTION ( 'NONE',  ( 0.000000000000000000, 0.000000000000000000, 1.000000000000000000 ) ) ;
#8942 = FACE_OUTER_BOUND ( 'NONE', #4582, .T. ) ;
#8943 = ORIENTED_EDGE ( 'NONE', *, *, #7525, .F. ) ;
#8944 = EDGE_LOOP ( 'NONE', ( #6407, #7847 ) ) ;
#8945 = DIRECTION ( 'NONE',  ( 0.000000000000000000, 0.000000000000000000, 1.000000000000000000 ) ) ;
#8946 = AXIS2_PLACEMENT_3D ( 'NONE', #1122, #2710, #9286 ) ;
#8947 = ORIENTED_EDGE ( 'NONE', *, *, #8067, .T. ) ;
#8948 = DIRECTION ( 'NONE',  ( -1.000000000000000000, 0.000000000000000000, 0.000000000000000000 ) ) ;
#8949 = DIRECTION ( 'NONE',  ( 0.000000000000000000, 0.000000000000000000, 1.000000000000000000 ) ) ;
#8950 = VERTEX_POINT ( 'NONE', #6415 ) ;
#8951 = ORIENTED_EDGE ( 'NONE', *, *, #4403, .F. ) ;
#8952 = DIRECTION ( 'NONE',  ( -0.000000000000000000, 1.000000000000000000, -0.000000000000000000 ) ) ;
#8953 = VERTEX_POINT ( 'NONE', #3463 ) ;
#8954 = CARTESIAN_POINT ( 'NONE',  ( 168.9050319128784849, 725.0000000000000000, 31.00000000000000000 ) ) ;
#8955 = CARTESIAN_POINT ( 'NONE',  ( 1450.000000000000000, 583.4999999999998863, 18.00000000000000000 ) ) ;
#8956 = STYLED_ITEM ( 'NONE', ( #2996 ), #2409 ) ;
#8957 = MECHANICAL_DESIGN_GEOMETRIC_PRESENTATION_REPRESENTATION (  '', ( #3544 ), #5189 ) ;
#8958 = EDGE_CURVE ( 'NONE', #1668, #9564, #4184, .T. ) ;
#8959 = EDGE_CURVE ( 'NONE', #7177, #5619, #7410, .T. ) ;
#8960 = DIRECTION ( 'NONE',  ( 0.000000000000000000, 0.000000000000000000, -1.000000000000000000 ) ) ;
#8961 = CARTESIAN_POINT ( 'NONE',  ( 0.000000000000000000, 0.000000000000000000, 31.00000000000000000 ) ) ;
#8962 = VERTEX_POINT ( 'NONE', #9306 ) ;
#8963 = ORIENTED_EDGE ( 'NONE', *, *, #2988, .T. ) ;
#8964 = CARTESIAN_POINT ( 'NONE',  ( 35.85786437626909873, 24.87258300203026451, 18.00000000000000000 ) ) ;
#8965 = ADVANCED_FACE ( 'NONE', ( #6484 ), #5908, .F. ) ;
#8966 = CARTESIAN_POINT ( 'NONE',  ( 0.000000000000000000, 24.00000000000000000, 9.000000000000000000 ) ) ;
#8967 =( LENGTH_UNIT ( ) NAMED_UNIT ( * ) SI_UNIT ( .MILLI., .METRE. ) );
#8968 = EDGE_CURVE ( 'NONE', #4041, #979, #9236, .T. ) ;
#8969 = EDGE_CURVE ( 'NONE', #72, #6662, #5216, .T. ) ;
#8970 = CARTESIAN_POINT ( 'NONE',  ( -608.4999999999996589, 20.00000000000000000, 9.000000000000000000 ) ) ;
#8971 = AXIS2_PLACEMENT_3D ( 'NONE', #2336, #8203, #3104 ) ;
#8972 = CARTESIAN_POINT ( 'NONE',  ( 248.0944918928738048, 725.0000000000000000, 6.123233995736914194E-16 ) ) ;
#8973 = CARTESIAN_POINT ( 'NONE',  ( 1454.000000000000000, 647.5000000000000000, 0.000000000000000000 ) ) ;
#8974 = CARTESIAN_POINT ( 'NONE',  ( 747.5000000000000000, 35.49999999999997868, 18.00000000000000000 ) ) ;
#8975 = EDGE_CURVE ( 'NONE', #5614, #7754, #3722, .T. ) ;
#8976 = FACE_OUTER_BOUND ( 'NONE', #9226, .T. ) ;
#8977 = EDGE_LOOP ( 'NONE', ( #8352, #6651, #8330, #8818 ) ) ;
#8978 = ORIENTED_EDGE ( 'NONE', *, *, #1244, .T. ) ;
#8979 = EDGE_CURVE ( 'NONE', #5257, #8914, #1519, .T. ) ;
#8980 = EDGE_CURVE ( 'NONE', #4433, #5447, #1623, .T. ) ;
#8981 = CARTESIAN_POINT ( 'NONE',  ( 59.99999999999998579, 110.0000000000000000, 15.00000000000000711 ) ) ;
#8982 = CARTESIAN_POINT ( 'NONE',  ( 1472.627416997969476, 661.6421356237309510, 18.00000000000000000 ) ) ;
#8983 =( NAMED_UNIT ( * ) PLANE_ANGLE_UNIT ( ) SI_UNIT ( $, .RADIAN. ) );
#8984 = CIRCLE ( 'NONE', #8771, 2.499999999999946709 ) ;
#8985 = ORIENTED_EDGE ( 'NONE', *, *, #1726, .F. ) ;
#8986 = EDGE_CURVE ( 'NONE', #3256, #6532, #3832, .T. ) ;
#8987 = ORIENTED_EDGE ( 'NONE', *, *, #4596, .F. ) ;
#8988 = DIRECTION ( 'NONE',  ( 1.000000000000000000, 0.000000000000000000, 0.000000000000000000 ) ) ;
#8989 = DIRECTION ( 'NONE',  ( -1.000000000000000000, 0.000000000000000000, 0.000000000000000000 ) ) ;
#8990 = CARTESIAN_POINT ( 'NONE',  ( 1426.999999999999773, 517.5000000000001137, 18.00000000000000000 ) ) ;
#8991 = DIRECTION ( 'NONE',  ( -0.000000000000000000, -0.000000000000000000, -1.000000000000000000 ) ) ;
#8992 = VECTOR ( 'NONE', #5309, 1000.000000000000000 ) ;
#8993 = FACE_BOUND ( 'NONE', #8076, .T. ) ;
#8994 = VERTEX_POINT ( 'NONE', #9457 ) ;
#8995 = VERTEX_POINT ( 'NONE', #6511 ) ;
#8996 = ADVANCED_FACE ( 'NONE', ( #1038 ), #7746, .F. ) ;
#8997 = CIRCLE ( 'NONE', #1479, 3.000000000000002665 ) ;
#8998 = AXIS2_PLACEMENT_3D ( 'NONE', #8350, #9031, #6175 ) ;
#8999 = EDGE_CURVE ( 'NONE', #5996, #5819, #4527, .T. ) ;
#9000 = CARTESIAN_POINT ( 'NONE',  ( 266.5000000000001137, 80.00000000000000000, 9.000000000000000000 ) ) ;
#9001 = CIRCLE ( 'NONE', #5025, 3.000000000000002665 ) ;
#9002 = DIRECTION ( 'NONE',  ( -0.1713727001804919992, -0.9852062716166839484, 0.000000000000000000 ) ) ;
#9003 = LINE ( 'NONE', #9192, #4534 ) ;
#9004 = CIRCLE ( 'NONE', #8134, 3.000000000000000888 ) ;
#9005 = EDGE_LOOP ( 'NONE', ( #7255, #6492, #5053, #6770 ) ) ;
#9006 = DIRECTION ( 'NONE',  ( 0.000000000000000000, -1.000000000000000000, 0.000000000000000000 ) ) ;
#9007 = EDGE_CURVE ( 'NONE', #3628, #46, #3260, .T. ) ;
#9008 = EDGE_LOOP ( 'NONE', ( #8294, #9051, #496, #9453 ) ) ;
#9009 = CIRCLE ( 'NONE', #5979, 2.500000000000002220 ) ;
#9010 = DIRECTION ( 'NONE',  ( -1.000000000000000000, -0.000000000000000000, -0.000000000000000000 ) ) ;
#9011 = CARTESIAN_POINT ( 'NONE',  ( 170.0000000000000000, 80.00000000000000000, -2.999999999999994671 ) ) ;
#9012 = FACE_OUTER_BOUND ( 'NONE', #5564, .T. ) ;
#9013 = CARTESIAN_POINT ( 'NONE',  ( 67.50000000000017053, 485.5000000000001705, 18.00000000000000000 ) ) ;
#9014 = EDGE_CURVE ( 'NONE', #8106, #6274, #1987, .T. ) ;
#9015 = CIRCLE ( 'NONE', #8110, 2.499999999999946709 ) ;
#9016 = CARTESIAN_POINT ( 'NONE',  ( 1226.499999999999773, 627.5000000000001137, 0.000000000000000000 ) ) ;
#9017 = ORIENTED_EDGE ( 'NONE', *, *, #2906, .T. ) ;
#9018 = ORIENTED_EDGE ( 'NONE', *, *, #6570, .T. ) ;
#9019 = AXIS2_PLACEMENT_3D ( 'NONE', #3293, #3924, #2462 ) ;
#9020 = VERTEX_POINT ( 'NONE', #8033 ) ;
#9021 = DIRECTION ( 'NONE',  ( -0.000000000000000000, 1.000000000000000000, -0.000000000000000000 ) ) ;
#9022 = CYLINDRICAL_SURFACE ( 'NONE', #8587, 3.000000000000002665 ) ;
#9023 = CARTESIAN_POINT ( 'NONE',  ( -14.70027047856961566, -725.0000000000000000, -39.12058069535118676 ) ) ;
#9024 = EDGE_CURVE ( 'NONE', #517, #4682, #6716, .T. ) ;
#9025 = CIRCLE ( 'NONE', #4280, 4.000000000000017764 ) ;
#9026 = DIRECTION ( 'NONE',  ( 0.000000000000000000, 0.000000000000000000, 1.000000000000000000 ) ) ;
#9027 = CIRCLE ( 'NONE', #6830, 3.000000000000002665 ) ;
#9028 = ORIENTED_EDGE ( 'NONE', *, *, #9510, .T. ) ;
#9029 = EDGE_LOOP ( 'NONE', ( #8088, #5326 ) ) ;
#9030 = EDGE_LOOP ( 'NONE', ( #1728, #3565, #3517, #249 ) ) ;
#9031 = DIRECTION ( 'NONE',  ( 0.000000000000000000, 0.000000000000000000, 1.000000000000000000 ) ) ;
#9032 = CIRCLE ( 'NONE', #571, 3.000000000000002665 ) ;
#9033 = DIRECTION ( 'NONE',  ( -0.000000000000000000, -0.000000000000000000, 1.000000000000000000 ) ) ;
#9034 = AXIS2_PLACEMENT_3D ( 'NONE', #4147, #430, #8589 ) ;
#9035 = FACE_OUTER_BOUND ( 'NONE', #2954, .T. ) ;
#9036 = EDGE_LOOP ( 'NONE', ( #2450, #2210, #716, #2253 ) ) ;
#9037 = FACE_OUTER_BOUND ( 'NONE', #308, .T. ) ;
#9038 = ORIENTED_EDGE ( 'NONE', *, *, #3561, .F. ) ;
#9039 = ORIENTED_EDGE ( 'NONE', *, *, #5752, .F. ) ;
#9040 = VECTOR ( 'NONE', #3877, 1000.000000000000000 ) ;
#9041 = DIRECTION ( 'NONE',  ( 1.000000000000000000, 0.000000000000000000, 0.000000000000000000 ) ) ;
#9042 = CARTESIAN_POINT ( 'NONE',  ( 496.9999999999999432, 347.5000000000000000, 0.000000000000000000 ) ) ;
#9043 = ORIENTED_EDGE ( 'NONE', *, *, #8385, .T. ) ;
#9044 = AXIS2_PLACEMENT_3D ( 'NONE', #8418, #5441, #9168 ) ;
#9045 = LINE ( 'NONE', #7818, #136 ) ;
#9046 = VERTEX_POINT ( 'NONE', #1350 ) ;
#9047 = ORIENTED_EDGE ( 'NONE', *, *, #8813, .T. ) ;
#9048 =( NAMED_UNIT ( * ) SI_UNIT ( $, .STERADIAN. ) SOLID_ANGLE_UNIT ( ) );
#9049 = AXIS2_PLACEMENT_3D ( 'NONE', #3792, #8892, #4563 ) ;
#9050 = DIRECTION ( 'NONE',  ( 0.000000000000000000, 0.000000000000000000, 1.000000000000000000 ) ) ;
#9051 = ORIENTED_EDGE ( 'NONE', *, *, #365, .T. ) ;
#9052 = CIRCLE ( 'NONE', #2817, 3.000000000000002665 ) ;
#9053 = ORIENTED_EDGE ( 'NONE', *, *, #2736, .T. ) ;
#9054 = ADVANCED_FACE ( 'NONE', ( #9472 ), #2542, .F. ) ;
#9055 = DIRECTION ( 'NONE',  ( -0.000000000000000000, 1.000000000000000000, -0.000000000000000000 ) ) ;
#9056 = CARTESIAN_POINT ( 'NONE',  ( 177.0000000000000568, 67.50000000000000000, 0.000000000000000000 ) ) ;
#9057 = CARTESIAN_POINT ( 'NONE',  ( 79.00000000000009948, -45.00000000000000000, 508.4999999999999432 ) ) ;
#9058 = CIRCLE ( 'NONE', #3248, 2.999999999999891642 ) ;
#9059 = ORIENTED_EDGE ( 'NONE', *, *, #8358, .F. ) ;
#9060 = EDGE_LOOP ( 'NONE', ( #7326, #2842, #5470, #1105 ) ) ;
#9061 = DIRECTION ( 'NONE',  ( 0.000000000000000000, 0.000000000000000000, -1.000000000000000000 ) ) ;
#9062 = DIRECTION ( 'NONE',  ( -0.000000000000000000, 1.000000000000000000, -0.000000000000000000 ) ) ;
#9063 = AXIS2_PLACEMENT_3D ( 'NONE', #2159, #9440, #5050 ) ;
#9064 = ORIENTED_EDGE ( 'NONE', *, *, #4393, .F. ) ;
#9065 = ORIENTED_EDGE ( 'NONE', *, *, #4278, .F. ) ;
#9066 = EDGE_CURVE ( 'NONE', #2680, #1082, #5553, .T. ) ;
#9067 = PRODUCT_DEFINITION_CONTEXT ( 'detailed design', #2674, 'design' ) ;
#9068 = PLANE ( 'NONE',  #3914 ) ;
#9069 = CARTESIAN_POINT ( 'NONE',  ( 1192.000000000000000, 627.5000000000001137, 18.00000000000000000 ) ) ;
#9070 = CARTESIAN_POINT ( 'NONE',  ( 170.0000000000000000, 80.00000000000000000, 0.000000000000000000 ) ) ;
#9071 = ORIENTED_EDGE ( 'NONE', *, *, #356, .T. ) ;
#9072 = DIRECTION ( 'NONE',  ( 0.000000000000000000, 0.000000000000000000, 1.000000000000000000 ) ) ;
#9073 = AXIS2_PLACEMENT_3D ( 'NONE', #5295, #8204, #861 ) ;
#9074 = DIRECTION ( 'NONE',  ( -0.000000000000000000, -0.000000000000000000, -1.000000000000000000 ) ) ;
#9075 = CARTESIAN_POINT ( 'NONE',  ( 1226.499999999999773, 347.5000000000000000, 18.00000000000000000 ) ) ;
#9076 = AXIS2_PLACEMENT_3D ( 'NONE', #4074, #1123, #4114 ) ;
#9077 = CARTESIAN_POINT ( 'NONE',  ( -42.00000000000000711, 55.00000000000000000, -3.000000000000001332 ) ) ;
#9078 = CARTESIAN_POINT ( 'NONE',  ( 1429.999999999999773, 177.4999999999999716, 18.00000000000000000 ) ) ;
#9079 = CARTESIAN_POINT ( 'NONE',  ( -36.62037280934991657, -725.0000000000000000, 712.2004783645705857 ) ) ;
#9080 = EDGE_CURVE ( 'NONE', #2346, #6851, #1633, .T. ) ;
#9081 = DIRECTION ( 'NONE',  ( -0.000000000000000000, -0.000000000000000000, -1.000000000000000000 ) ) ;
#9082 = LINE ( 'NONE', #2391, #776 ) ;
#9083 = DIRECTION ( 'NONE',  ( -0.7071067811865435759, -0.7071067811865514585, 0.000000000000000000 ) ) ;
#9084 = ADVANCED_FACE ( 'NONE', ( #2203 ), #569, .F. ) ;
#9085 = AXIS2_PLACEMENT_3D ( 'NONE', #5641, #6328, #8576 ) ;
#9086 = LINE ( 'NONE', #5647, #670 ) ;
#9087 = PLANE ( 'NONE',  #5667 ) ;
#9088 = ORIENTED_EDGE ( 'NONE', *, *, #2535, .F. ) ;
#9089 = EDGE_LOOP ( 'NONE', ( #8915, #1882, #1036, #6507 ) ) ;
#9090 = AXIS2_PLACEMENT_3D ( 'NONE', #2870, #4341, #4370 ) ;
#9091 = DIRECTION ( 'NONE',  ( 0.000000000000000000, 1.000000000000000000, 0.000000000000000000 ) ) ;
#9092 = CARTESIAN_POINT ( 'NONE',  ( 666.4999999999997726, 80.00000000000000000, 9.000000000000000000 ) ) ;
#9093 = CARTESIAN_POINT ( 'NONE',  ( -212.5000000000001421, 20.00000000000000000, -9.000000000000000000 ) ) ;
#9094 = DIRECTION ( 'NONE',  ( -1.000000000000000000, 0.000000000000000000, 0.000000000000000000 ) ) ;
#9095 = CARTESIAN_POINT ( 'NONE',  ( 54.00000000000002132, 647.5000000000000000, 18.00000000000000000 ) ) ;
#9096 = DIRECTION ( 'NONE',  ( 1.000000000000000000, 0.000000000000000000, 0.000000000000000000 ) ) ;
#9097 = FACE_OUTER_BOUND ( 'NONE', #5779, .T. ) ;
#9098 = FACE_OUTER_BOUND ( 'NONE', #8931, .T. ) ;
#9099 = ORIENTED_EDGE ( 'NONE', *, *, #2925, .F. ) ;
#9100 = CARTESIAN_POINT ( 'NONE',  ( 52.50000000000000711, 583.4999999999998863, 18.00000000000000000 ) ) ;
#9101 = VERTEX_POINT ( 'NONE', #69 ) ;
#9102 = CYLINDRICAL_SURFACE ( 'NONE', #1924, 4.000000000000010658 ) ;
#9103 = DIRECTION ( 'NONE',  ( 1.000000000000000000, 0.000000000000000000, 0.000000000000000000 ) ) ;
#9104 = DIRECTION ( 'NONE',  ( 0.000000000000000000, 1.000000000000000000, 0.000000000000000000 ) ) ;
#9105 = PLANE ( 'NONE',  #7779 ) ;
#9106 = DIRECTION ( 'NONE',  ( -0.7071067811865420216, -1.895603464402320368E-17, -0.7071067811865531239 ) ) ;
#9107 = PLANE ( 'NONE',  #2384 ) ;
#9108 = FACE_BOUND ( 'NONE', #5675, .T. ) ;
#9109 = AXIS2_PLACEMENT_3D ( 'NONE', #5676, #5585, #9316 ) ;
#9110 = EDGE_CURVE ( 'NONE', #4501, #9398, #1287, .T. ) ;
#9111 = FACE_BOUND ( 'NONE', #222, .T. ) ;
#9112 = FACE_OUTER_BOUND ( 'NONE', #5708, .T. ) ;
#9113 = ORIENTED_EDGE ( 'NONE', *, *, #7012, .T. ) ;
#9114 = AXIS2_PLACEMENT_3D ( 'NONE', #6591, #2979, #1520 ) ;
#9115 = ORIENTED_EDGE ( 'NONE', *, *, #3558, .F. ) ;
#9116 = PLANE ( 'NONE',  #4473 ) ;
#9117 = CIRCLE ( 'NONE', #8190, 2.499999999999946709 ) ;
#9118 = CARTESIAN_POINT ( 'NONE',  ( -208.5000000000001421, 20.00000000000000000, -9.000000000000000000 ) ) ;
#9119 = DIRECTION ( 'NONE',  ( -0.000000000000000000, -0.000000000000000000, -1.000000000000000000 ) ) ;
#9120 = DIRECTION ( 'NONE',  ( -1.000000000000000000, 0.000000000000000000, 0.000000000000000000 ) ) ;
#9121 = VECTOR ( 'NONE', #8857, 1000.000000000000000 ) ;
#9122 = VECTOR ( 'NONE', #9033, 1000.000000000000000 ) ;
#9123 = VECTOR ( 'NONE', #9180, 1000.000000000000000 ) ;
#9124 = VERTEX_POINT ( 'NONE', #6733 ) ;
#9125 = ORIENTED_EDGE ( 'NONE', *, *, #7513, .F. ) ;
#9126 = ORIENTED_EDGE ( 'NONE', *, *, #1372, .F. ) ;
#9127 = FACE_OUTER_BOUND ( 'NONE', #5929, .T. ) ;
#9128 = AXIS2_PLACEMENT_3D ( 'NONE', #3116, #6139, #2358 ) ;
#9129 = PRODUCT_DEFINITION ( 'UNKNOWN', '', #160, #656 ) ;
#9130 = EDGE_LOOP ( 'NONE', ( #3134, #8433, #5586, #6280 ) ) ;
#9131 = DIRECTION ( 'NONE',  ( -0.000000000000000000, -0.000000000000000000, -1.000000000000000000 ) ) ;
#9132 = EDGE_CURVE ( 'NONE', #8363, #6692, #7866, .T. ) ;
#9133 = DIRECTION ( 'NONE',  ( 0.000000000000000000, 0.000000000000000000, 1.000000000000000000 ) ) ;
#9134 = DIRECTION ( 'NONE',  ( -0.000000000000000000, 1.000000000000000000, -0.000000000000000000 ) ) ;
#9135 = EDGE_CURVE ( 'NONE', #8853, #7609, #1863, .T. ) ;
#9136 = FACE_OUTER_BOUND ( 'NONE', #7075, .T. ) ;
#9137 = DIRECTION ( 'NONE',  ( -0.000000000000000000, -0.000000000000000000, -1.000000000000000000 ) ) ;
#9138 = CIRCLE ( 'NONE', #7991, 3.000000000000002665 ) ;
#9139 = EDGE_LOOP ( 'NONE', ( #3651, #2148 ) ) ;
#9140 = VERTEX_POINT ( 'NONE', #3798 ) ;
#9141 = ORIENTED_EDGE ( 'NONE', *, *, #1238, .T. ) ;
#9142 = LINE ( 'NONE', #2399, #10 ) ;
#9143 = CARTESIAN_POINT ( 'NONE',  ( 1189.000000000000000, 67.49999999999997158, 18.00000000000000000 ) ) ;
#9144 = EDGE_CURVE ( 'NONE', #8197, #8019, #8667, .T. ) ;
#9145 = ADVANCED_FACE ( 'NONE', ( #1751 ), #3607, .F. ) ;
#9146 = DIRECTION ( 'NONE',  ( 0.000000000000000000, 0.000000000000000000, 1.000000000000000000 ) ) ;
#9147 = CARTESIAN_POINT ( 'NONE',  ( 305.0000000000000568, 67.49999999999997158, 18.00000000000000000 ) ) ;
#9148 = CIRCLE ( 'NONE', #2688, 2.500000000000015987 ) ;
#9149 = ORIENTED_EDGE ( 'NONE', *, *, #6671, .F. ) ;
#9150 = CYLINDRICAL_SURFACE ( 'NONE', #8463, 2.500000000000002220 ) ;
#9151 = DIRECTION ( 'NONE',  ( 0.7071067811865426878, -3.594642259891342061E-16, 0.7071067811865524577 ) ) ;
#9152 = ORIENTED_EDGE ( 'NONE', *, *, #7488, .F. ) ;
#9153 = LINE ( 'NONE', #3547, #7999 ) ;
#9154 = EDGE_CURVE ( 'NONE', #1094, #5599, #809, .T. ) ;
#9155 = DIRECTION ( 'NONE',  ( 0.000000000000000000, 0.000000000000000000, 1.000000000000000000 ) ) ;
#9156 = DIRECTION ( 'NONE',  ( -0.000000000000000000, -0.000000000000000000, -1.000000000000000000 ) ) ;
#9157 = VERTEX_POINT ( 'NONE', #7497 ) ;
#9158 = DIRECTION ( 'NONE',  ( 0.000000000000000000, 0.000000000000000000, 1.000000000000000000 ) ) ;
#9159 = ORIENTED_EDGE ( 'NONE', *, *, #3953, .F. ) ;
#9160 = ORIENTED_EDGE ( 'NONE', *, *, #6834, .T. ) ;
#9161 = ORIENTED_EDGE ( 'NONE', *, *, #2057, .T. ) ;
#9162 = MANIFOLD_SOLID_BREP ( 'Redondeo1', #3777 ) ;
#9163 = ORIENTED_EDGE ( 'NONE', *, *, #8403, .F. ) ;
#9164 = LINE ( 'NONE', #1764, #6063 ) ;
#9165 = AXIS2_PLACEMENT_3D ( 'NONE', #1830, #5489, #4845 ) ;
#9166 = EDGE_CURVE ( 'NONE', #8711, #4599, #3708, .T. ) ;
#9167 = ORIENTED_EDGE ( 'NONE', *, *, #535, .F. ) ;
#9168 = DIRECTION ( 'NONE',  ( 0.000000000000000000, 0.000000000000000000, 1.000000000000000000 ) ) ;
#9169 = FACE_OUTER_BOUND ( 'NONE', #4351, .T. ) ;
#9170 = ORIENTED_EDGE ( 'NONE', *, *, #597, .F. ) ;
#9171 = ORIENTED_EDGE ( 'NONE', *, *, #3680, .T. ) ;
#9172 = DIRECTION ( 'NONE',  ( 1.329538674056075510E-18, 1.000000000000000000, -0.000000000000000000 ) ) ;
#9173 = ORIENTED_EDGE ( 'NONE', *, *, #6170, .T. ) ;
#9174 = CARTESIAN_POINT ( 'NONE',  ( 1002.999999999999886, 482.5000000000000000, 18.00000000000000000 ) ) ;
#9175 = CARTESIAN_POINT ( 'NONE',  ( 311.0000000000001705, 627.5000000000001137, 18.00000000000000000 ) ) ;
#9176 = CARTESIAN_POINT ( 'NONE',  ( 752.5000000000000000, 482.5000000000000000, 18.00000000000000000 ) ) ;
#9177 = CARTESIAN_POINT ( 'NONE',  ( 40.00000000000000000, 50.00000000000000000, 14.99999999999999289 ) ) ;
#9178 = ORIENTED_EDGE ( 'NONE', *, *, #2522, .F. ) ;
#9179 = EDGE_LOOP ( 'NONE', ( #9511, #9161, #4508, #1681 ) ) ;
#9180 = DIRECTION ( 'NONE',  ( -0.000000000000000000, -0.000000000000000000, -1.000000000000000000 ) ) ;
#9181 = EDGE_CURVE ( 'NONE', #8613, #4165, #2772, .T. ) ;
#9182 = CARTESIAN_POINT ( 'NONE',  ( -666.5000000000002274, 0.000000000000000000, 9.000000000000000000 ) ) ;
#9183 = ORIENTED_EDGE ( 'NONE', *, *, #9314, .F. ) ;
#9184 = CARTESIAN_POINT ( 'NONE',  ( 1192.000000000000000, 627.5000000000001137, 18.00000000000000000 ) ) ;
#9185 = APPLICATION_CONTEXT ( 'automotive_design' ) ;
#9186 = ORIENTED_EDGE ( 'NONE', *, *, #6930, .T. ) ;
#9187 = ORIENTED_EDGE ( 'NONE', *, *, #9197, .T. ) ;
#9188 = DIRECTION ( 'NONE',  ( -1.000000000000000000, 0.000000000000000000, 0.000000000000000000 ) ) ;
#9189 = DIRECTION ( 'NONE',  ( 0.000000000000000000, 0.000000000000000000, 1.000000000000000000 ) ) ;
#9190 = DIRECTION ( 'NONE',  ( -1.000000000000000000, 0.000000000000000000, 0.000000000000000000 ) ) ;
#9191 = CARTESIAN_POINT ( 'NONE',  ( 276.0000000000001137, 347.5000000000000000, 18.00000000000000000 ) ) ;
#9192 = CARTESIAN_POINT ( 'NONE',  ( 0.000000000000000000, 0.000000000000000000, 31.00000000000000000 ) ) ;
#9193 = AXIS2_PLACEMENT_3D ( 'NONE', #1509, #5104, #6559 ) ;
#9194 = AXIS2_PLACEMENT_3D ( 'NONE', #1195, #7689, #7784 ) ;
#9195 = EDGE_CURVE ( 'NONE', #4293, #5777, #200, .T. ) ;
#9196 = ADVANCED_FACE ( 'NONE', ( #5439 ), #2893, .F. ) ;
#9197 = EDGE_CURVE ( 'NONE', #7311, #3331, #1508, .T. ) ;
#9198 = DIRECTION ( 'NONE',  ( -0.000000000000000000, -0.000000000000000000, -1.000000000000000000 ) ) ;
#9199 = CARTESIAN_POINT ( 'NONE',  ( 63.09449189287384741, 0.000000000000000000, 0.000000000000000000 ) ) ;
#9200 = DIRECTION ( 'NONE',  ( -0.000000000000000000, 1.000000000000000000, -0.000000000000000000 ) ) ;
#9201 = DIRECTION ( 'NONE',  ( 0.7071067811865479058, -0.000000000000000000, 0.7071067811865472397 ) ) ;
#9202 = DIRECTION ( 'NONE',  ( 0.000000000000000000, 0.000000000000000000, 1.000000000000000000 ) ) ;
#9203 = EDGE_CURVE ( 'NONE', #8323, #6621, #7179, .T. ) ;
#9204 = CARTESIAN_POINT ( 'NONE',  ( 63.09449189287384741, 0.000000000000000000, 0.000000000000000000 ) ) ;
#9205 = AXIS2_PLACEMENT_3D ( 'NONE', #2448, #8442, #4792 ) ;
#9206 = PRODUCT_RELATED_PRODUCT_CATEGORY ( 'part', '', ( #7273 ) ) ;
#9207 = DIRECTION ( 'NONE',  ( 1.000000000000000000, 0.000000000000000000, 0.000000000000000000 ) ) ;
#9208 = EDGE_CURVE ( 'NONE', #8924, #2877, #1395, .T. ) ;
#9209 = DIRECTION ( 'NONE',  ( 0.000000000000000000, 0.000000000000000000, 1.000000000000000000 ) ) ;
#9210 = CARTESIAN_POINT ( 'NONE',  ( 1472.627416997969476, 661.6421356237309510, 11.99999999999999822 ) ) ;
#9211 = DIRECTION ( 'NONE',  ( 1.000000000000000000, 0.000000000000000000, 0.000000000000000000 ) ) ;
#9212 = APPLICATION_PROTOCOL_DEFINITION ( 'draft international standard', 'automotive_design', 1998, #7119 ) ;
#9213 = VECTOR ( 'NONE', #4492, 1000.000000000000000 ) ;
#9214 = ORIENTED_EDGE ( 'NONE', *, *, #2055, .T. ) ;
#9215 = ORIENTED_EDGE ( 'NONE', *, *, #3249, .T. ) ;
#9216 = DIRECTION ( 'NONE',  ( 0.000000000000000000, 1.000000000000000000, 0.000000000000000000 ) ) ;
#9217 = AXIS2_PLACEMENT_3D ( 'NONE', #2314, #3143, #7474 ) ;
#9218 = DIRECTION ( 'NONE',  ( 0.000000000000000000, 0.000000000000000000, 1.000000000000000000 ) ) ;
#9219 = ITEM_DEFINED_TRANSFORMATION ( 'NONE', 'NONE', #6805,  #6183 ) ;
#9220 = CARTESIAN_POINT ( 'NONE',  ( 50.00000000000000000, 47.49999999999998579, 18.00000000000000000 ) ) ;
#9221 = DIRECTION ( 'NONE',  ( 0.000000000000000000, 0.000000000000000000, 1.000000000000000000 ) ) ;
#9222 = DIRECTION ( 'NONE',  ( 1.000000000000000000, 0.000000000000000000, 0.000000000000000000 ) ) ;
#9223 = PRODUCT_DEFINITION_SHAPE ( 'NONE', 'NONE',  #9592 ) ;
#9224 = DIRECTION ( 'NONE',  ( 1.000000000000000000, 0.000000000000000000, 0.000000000000000000 ) ) ;
#9225 = ORIENTED_EDGE ( 'NONE', *, *, #9515, .F. ) ;
#9226 = EDGE_LOOP ( 'NONE', ( #2028, #759, #2123, #766 ) ) ;
#9227 = DIRECTION ( 'NONE',  ( 1.000000000000000000, 0.000000000000000000, 0.000000000000000000 ) ) ;
#9228 = CARTESIAN_POINT ( 'NONE',  ( 184.1302699489555437, 725.0000000000001137, 15.00000000000000000 ) ) ;
#9229 = AXIS2_PLACEMENT_3D ( 'NONE', #2571, #6524, #4064 ) ;
#9230 = CARTESIAN_POINT ( 'NONE',  ( 144.9999999999999147, 730.0000000000000000, 15.49999999999998934 ) ) ;
#9231 = FACE_BOUND ( 'NONE', #6084, .T. ) ;
#9232 = VECTOR ( 'NONE', #7747, 1000.000000000000000 ) ;
#9233 = EDGE_LOOP ( 'NONE', ( #4690, #1431 ) ) ;
#9234 = ORIENTED_EDGE ( 'NONE', *, *, #2349, .F. ) ;
#9235 = CARTESIAN_POINT ( 'NONE',  ( 183.0000000000003695, 627.4999999999998863, 18.00000000000000000 ) ) ;
#9236 = LINE ( 'NONE', #4375, #7632 ) ;
#9237 = COLOUR_RGB ( '',1.000000000000000000, 1.000000000000000000, 1.000000000000000000 ) ;
#9238 = CARTESIAN_POINT ( 'NONE',  ( 25.00000000000000000, 24.00000000000000000, 9.000000000000000000 ) ) ;
#9239 = DIRECTION ( 'NONE',  ( 1.000000000000000000, 0.000000000000000000, 0.000000000000000000 ) ) ;
#9240 = VECTOR ( 'NONE', #8367, 1000.000000000000000 ) ;
#9241 = DIRECTION ( 'NONE',  ( -1.000000000000000000, 0.000000000000000000, 0.000000000000000000 ) ) ;
#9242 = ADVANCED_FACE ( 'NONE', ( #6359 ), #2407, .F. ) ;
#9243 = VECTOR ( 'NONE', #1842, 1000.000000000000000 ) ;
#9244 = CYLINDRICAL_SURFACE ( 'NONE', #1910, 2.499999999999946709 ) ;
#9245 = PLANE ( 'NONE',  #3126 ) ;
#9246 = VERTEX_POINT ( 'NONE', #7593 ) ;
#9247 = ORIENTED_EDGE ( 'NONE', *, *, #284, .F. ) ;
#9248 = VERTEX_POINT ( 'NONE', #3188 ) ;
#9249 = CYLINDRICAL_SURFACE ( 'NONE', #320, 2.999999999999993783 ) ;
#9250 = DIRECTION ( 'NONE',  ( 1.000000000000000000, 0.000000000000000000, 0.000000000000000000 ) ) ;
#9251 = DIRECTION ( 'NONE',  ( 1.000000000000000000, 0.000000000000000000, 0.000000000000000000 ) ) ;
#9252 = AXIS2_PLACEMENT_3D ( 'NONE', #7624, #8325, #8364 ) ;
#9253 = CIRCLE ( 'NONE', #5932, 4.000000000000017764 ) ;
#9254 = DIRECTION ( 'NONE',  ( -1.000000000000000000, 0.000000000000000000, 0.000000000000000000 ) ) ;
#9255 = DIRECTION ( 'NONE',  ( -0.000000000000000000, -0.000000000000000000, -1.000000000000000000 ) ) ;
#9256 = FACE_BOUND ( 'NONE', #1563, .T. ) ;
#9257 = ORIENTED_EDGE ( 'NONE', *, *, #4693, .T. ) ;
#9258 = ORIENTED_EDGE ( 'NONE', *, *, #1026, .F. ) ;
#9259 = CARTESIAN_POINT ( 'NONE',  ( 1423.129942314910977, 620.6299423149113181, 0.000000000000000000 ) ) ;
#9260 = ORIENTED_EDGE ( 'NONE', *, *, #5284, .T. ) ;
#9261 = CARTESIAN_POINT ( 'NONE',  ( 54.00000000000001421, 47.49999999999998579, 0.000000000000000000 ) ) ;
#9262 = CIRCLE ( 'NONE', #7947, 2.500000000000002220 ) ;
#9263 = PLANE ( 'NONE',  #440 ) ;
#9264 = DIRECTION ( 'NONE',  ( 0.000000000000000000, 0.000000000000000000, 1.000000000000000000 ) ) ;
#9265 = DIRECTION ( 'NONE',  ( -1.000000000000000000, 0.000000000000000000, 0.000000000000000000 ) ) ;
#9266 = CIRCLE ( 'NONE', #610, 3.000000000000002665 ) ;
#9267 = CIRCLE ( 'NONE', #5655, 2.500000000000002220 ) ;
#9268 = ORIENTED_EDGE ( 'NONE', *, *, #674, .T. ) ;
#9269 = ORIENTED_EDGE ( 'NONE', *, *, #7849, .T. ) ;
#9270 = AXIS2_PLACEMENT_3D ( 'NONE', #1014, #7781, #4721 ) ;
#9271 = PRODUCT_DEFINITION_FORMATION_WITH_SPECIFIED_SOURCE ( 'ANY', '', #2063, .NOT_KNOWN. ) ;
#9272 = ORIENTED_EDGE ( 'NONE', *, *, #3579, .F. ) ;
#9273 = EDGE_CURVE ( 'NONE', #1622, #8735, #7618, .T. ) ;
#9274 = FACE_OUTER_BOUND ( 'NONE', #523, .T. ) ;
#9275 = CARTESIAN_POINT ( 'NONE',  ( 1450.000000000000000, 111.5000000000000426, 0.000000000000000000 ) ) ;
#9276 = DIRECTION ( 'NONE',  ( 1.000000000000000000, 0.000000000000000000, 0.000000000000000000 ) ) ;
#9277 = AXIS2_PLACEMENT_3D ( 'NONE', #5092, #5838, #7381 ) ;
#9278 = CARTESIAN_POINT ( 'NONE',  ( 135.0000000000000000, 56.00000000000001421, -9.000000000000000000 ) ) ;
#9279 = CYLINDRICAL_SURFACE ( 'NONE', #174, 3.000000000000002665 ) ;
#9280 = LINE ( 'NONE', #2884, #5369 ) ;
#9281 = VERTEX_POINT ( 'NONE', #4665 ) ;
#9282 = ORIENTED_EDGE ( 'NONE', *, *, #3370, .F. ) ;
#9283 = VECTOR ( 'NONE', #5513, 1000.000000000000000 ) ;
#9284 = CARTESIAN_POINT ( 'NONE',  ( -135.0000000000000000, 24.00000000000000000, 6.000000000000000000 ) ) ;
#9285 = EDGE_CURVE ( 'NONE', #1335, #4095, #6940, .T. ) ;
#9286 = DIRECTION ( 'NONE',  ( 1.000000000000000000, 0.000000000000000000, 0.000000000000000000 ) ) ;
#9287 = CARTESIAN_POINT ( 'NONE',  ( 1429.999999999999773, 209.4999999999998295, 18.00000000000000000 ) ) ;
#9288 = APPLICATION_CONTEXT ( 'automotive_design' ) ;
#9289 = EDGE_LOOP ( 'NONE', ( #4442, #3193 ) ) ;
#9290 = FACE_OUTER_BOUND ( 'NONE', #83, .T. ) ;
#9291 = ORIENTED_EDGE ( 'NONE', *, *, #2852, .F. ) ;
#9292 = VERTEX_POINT ( 'NONE', #237 ) ;
#9293 = UNCERTAINTY_MEASURE_WITH_UNIT (LENGTH_MEASURE( 1.000000000000000082E-05 ), #5976, 'distance_accuracy_value', 'NONE');
#9294 = VERTEX_POINT ( 'NONE', #1017 ) ;
#9295 = FACE_OUTER_BOUND ( 'NONE', #2251, .T. ) ;
#9296 = DIRECTION ( 'NONE',  ( 1.000000000000000000, 0.000000000000000000, 0.000000000000000000 ) ) ;
#9297 = CARTESIAN_POINT ( 'NONE',  ( 273.5000000000001137, 347.5000000000000000, 18.00000000000000000 ) ) ;
#9298 = FACE_OUTER_BOUND ( 'NONE', #1787, .T. ) ;
#9299 = VERTEX_POINT ( 'NONE', #5429 ) ;
#9300 = ORIENTED_EDGE ( 'NONE', *, *, #341, .F. ) ;
#9301 = PRESENTATION_LAYER_ASSIGNMENT (  '', '', ( #9477 ) ) ;
#9302 = ADVANCED_FACE ( 'NONE', ( #2660 ), #931, .T. ) ;
#9303 = ORIENTED_EDGE ( 'NONE', *, *, #3768, .T. ) ;
#9304 = EDGE_CURVE ( 'NONE', #5485, #8888, #9576, .T. ) ;
#9305 = CARTESIAN_POINT ( 'NONE',  ( -266.4999999999998863, 0.000000000000000000, 9.000000000000000000 ) ) ;
#9306 = CARTESIAN_POINT ( 'NONE',  ( 0.000000000000000000, 18.00000000000000000, 167.0000000000000000 ) ) ;
#9307 = EDGE_CURVE ( 'NONE', #1165, #9433, #8547, .T. ) ;
#9308 = DIRECTION ( 'NONE',  ( 1.000000000000000000, 0.000000000000000000, 0.000000000000000000 ) ) ;
#9309 = EDGE_LOOP ( 'NONE', ( #4811, #2290, #1263, #5267 ) ) ;
#9310 = ORIENTED_EDGE ( 'NONE', *, *, #1979, .T. ) ;
#9311 = DIRECTION ( 'NONE',  ( 0.000000000000000000, 0.000000000000000000, 1.000000000000000000 ) ) ;
#9312 = DIRECTION ( 'NONE',  ( 0.000000000000000000, 0.000000000000000000, 1.000000000000000000 ) ) ;
#9313 = DIRECTION ( 'NONE',  ( -0.000000000000000000, 1.000000000000000000, -0.000000000000000000 ) ) ;
#9314 = EDGE_CURVE ( 'NONE', #3046, #2733, #8065, .T. ) ;
#9315 = AXIS2_PLACEMENT_3D ( 'NONE', #3160, #6964, #8288 ) ;
#9316 = DIRECTION ( 'NONE',  ( 1.000000000000000000, 0.000000000000000000, 0.000000000000000000 ) ) ;
#9317 = PLANE ( 'NONE',  #8610 ) ;
#9318 = DIRECTION ( 'NONE',  ( -1.000000000000000000, 4.815513022993924426E-16, -8.881784197001251337E-16 ) ) ;
#9319 = CARTESIAN_POINT ( 'NONE',  ( -170.0000000000000000, 80.00000000000000000, 2.999999999999994671 ) ) ;
#9320 = DIRECTION ( 'NONE',  ( 0.000000000000000000, 0.000000000000000000, -1.000000000000000000 ) ) ;
#9321 = DIRECTION ( 'NONE',  ( 0.000000000000000000, 0.000000000000000000, 1.000000000000000000 ) ) ;
#9322 = DIRECTION ( 'NONE',  ( -0.000000000000000000, 1.000000000000000000, -0.000000000000000000 ) ) ;
#9323 = AXIS2_PLACEMENT_3D ( 'NONE', #895, #4699, #5305 ) ;
#9324 =( GEOMETRIC_REPRESENTATION_CONTEXT ( 3 ) GLOBAL_UNCERTAINTY_ASSIGNED_CONTEXT ( ( #7294 ) ) GLOBAL_UNIT_ASSIGNED_CONTEXT ( ( #6721, #6565, #3006 ) ) REPRESENTATION_CONTEXT ( 'NONE', 'WORKASPACE' ) );
#9325 = EDGE_CURVE ( 'NONE', #2470, #3331, #8882, .T. ) ;
#9326 = DIRECTION ( 'NONE',  ( -0.000000000000000000, -0.000000000000000000, -1.000000000000000000 ) ) ;
#9327 = EDGE_CURVE ( 'NONE', #6702, #4462, #5327, .T. ) ;
#9328 = CYLINDRICAL_SURFACE ( 'NONE', #919, 3.000000000000047962 ) ;
#9329 = DIRECTION ( 'NONE',  ( 1.000000000000000000, 0.000000000000000000, 0.000000000000000000 ) ) ;
#9330 = LINE ( 'NONE', #3441, #7601 ) ;
#9331 = EDGE_LOOP ( 'NONE', ( #3187, #3294 ) ) ;
#9332 = DIRECTION ( 'NONE',  ( 0.000000000000000000, -0.000000000000000000, 1.000000000000000000 ) ) ;
#9333 = DIRECTION ( 'NONE',  ( 0.7071067811865463515, -0.7071067811865487940, 0.000000000000000000 ) ) ;
#9334 = EDGE_CURVE ( 'NONE', #6621, #8323, #9353, .T. ) ;
#9335 = DIRECTION ( 'NONE',  ( 0.000000000000000000, 0.000000000000000000, 1.000000000000000000 ) ) ;
#9336 = CARTESIAN_POINT ( 'NONE',  ( 0.000000000000000000, 0.000000000000000000, 18.00000000000000000 ) ) ;
#9337 = AXIS2_PLACEMENT_3D ( 'NONE', #1083, #7706, #8531 ) ;
#9338 = DIRECTION ( 'NONE',  ( 0.000000000000000000, 0.000000000000000000, 1.000000000000000000 ) ) ;
#9339 = VECTOR ( 'NONE', #3572, 1000.000000000000000 ) ;
#9340 = VERTEX_POINT ( 'NONE', #3242 ) ;
#9341 = EDGE_CURVE ( 'NONE', #4401, #9101, #4983, .T. ) ;
#9342 = VERTEX_POINT ( 'NONE', #5471 ) ;
#9343 = ADVANCED_FACE ( 'NONE', ( #799, #6239 ), #145, .F. ) ;
#9344 = DIRECTION ( 'NONE',  ( 1.000000000000000000, 0.000000000000000000, 0.000000000000000000 ) ) ;
#9345 = PRESENTATION_STYLE_ASSIGNMENT (( #7276 ) ) ;
#9346 = DIRECTION ( 'NONE',  ( 1.000000000000000000, 0.000000000000000000, 0.000000000000000000 ) ) ;
#9347 = FACE_BOUND ( 'NONE', #869, .T. ) ;
#9348 = CIRCLE ( 'NONE', #9114, 3.000000000000000000 ) ;
#9349 = ORIENTED_EDGE ( 'NONE', *, *, #6921, .F. ) ;
#9350 = VERTEX_POINT ( 'NONE', #8254 ) ;
#9351 = AXIS2_PLACEMENT_3D ( 'NONE', #7712, #9155, #4696 ) ;
#9352 = DIRECTION ( 'NONE',  ( -0.1156569635167078725, -0.9932892160846684693, 0.000000000000000000 ) ) ;
#9353 = CIRCLE ( 'NONE', #4085, 3.000000000000002665 ) ;
#9354 = EDGE_CURVE ( 'NONE', #1111, #6957, #3939, .T. ) ;
#9355 = CARTESIAN_POINT ( 'NONE',  ( 1319.999999999999773, 35.49999999999997868, 18.00000000000000000 ) ) ;
#9356 = ADVANCED_FACE ( 'NONE', ( #6474 ), #1978, .F. ) ;
#9357 = DIRECTION ( 'NONE',  ( -0.000000000000000000, 1.000000000000000000, -0.000000000000000000 ) ) ;
#9358 = VECTOR ( 'NONE', #9083, 1000.000000000000000 ) ;
#9359 = EDGE_LOOP ( 'NONE', ( #24, #2072 ) ) ;
#9360 = FACE_BOUND ( 'NONE', #635, .T. ) ;
#9361 = FACE_OUTER_BOUND ( 'NONE', #3960, .T. ) ;
#9362 = VERTEX_POINT ( 'NONE', #2623 ) ;
#9363 = ORIENTED_EDGE ( 'NONE', *, *, #1087, .F. ) ;
#9364 = DIRECTION ( 'NONE',  ( -1.000000000000000000, 0.000000000000000000, 0.000000000000000000 ) ) ;
#9365 = AXIS2_PLACEMENT_3D ( 'NONE', #5328, #3915, #1561 ) ;
#9366 = CARTESIAN_POINT ( 'NONE',  ( 1317.000000000000227, 24.00000000000000000, 5.999999999999998224 ) ) ;
#9367 = DIRECTION ( 'NONE',  ( -0.000000000000000000, 1.000000000000000000, -0.000000000000000000 ) ) ;
#9368 = CIRCLE ( 'NONE', #5625, 6.000000000000047073 ) ;
#9369 = DIRECTION ( 'NONE',  ( 0.000000000000000000, 0.000000000000000000, 1.000000000000000000 ) ) ;
#9370 = FACE_BOUND ( 'NONE', #568, .T. ) ;
#9371 = LINE ( 'NONE', #4012, #1412 ) ;
#9372 = ORIENTED_EDGE ( 'NONE', *, *, #4838, .T. ) ;
#9373 = ORIENTED_EDGE ( 'NONE', *, *, #735, .F. ) ;
#9374 = VERTEX_POINT ( 'NONE', #4043 ) ;
#9375 = LINE ( 'NONE', #3070, #8799 ) ;
#9376 = ORIENTED_EDGE ( 'NONE', *, *, #8522, .T. ) ;
#9377 = CARTESIAN_POINT ( 'NONE',  ( 102.3259018078048257, 108.3111831820440472, 11.99999999999999822 ) ) ;
#9378 = CIRCLE ( 'NONE', #3442, 2.500000000000002220 ) ;
#9379 = DIRECTION ( 'NONE',  ( 0.000000000000000000, 0.000000000000000000, 1.000000000000000000 ) ) ;
#9380 = CYLINDRICAL_SURFACE ( 'NONE', #6703, 2.500000000000002220 ) ;
#9381 = EDGE_LOOP ( 'NONE', ( #8963, #4444, #9043, #5534 ) ) ;
#9382 = ORIENTED_EDGE ( 'NONE', *, *, #7555, .T. ) ;
#9383 = DIRECTION ( 'NONE',  ( 1.000000000000000000, 0.000000000000000000, 0.000000000000000000 ) ) ;
#9384 =( REPRESENTATION_RELATIONSHIP ('NONE','NONE', #3659, #6800 ) REPRESENTATION_RELATIONSHIP_WITH_TRANSFORMATION ( #3358 )SHAPE_REPRESENTATION_RELATIONSHIP( ) );
#9385 = ORIENTED_EDGE ( 'NONE', *, *, #7450, .F. ) ;
#9386 = CYLINDRICAL_SURFACE ( 'NONE', #3014, 2.500000000000002220 ) ;
#9387 = AXIS2_PLACEMENT_3D ( 'NONE', #8955, #3841, #6787 ) ;
#9388 =( GEOMETRIC_REPRESENTATION_CONTEXT ( 3 ) GLOBAL_UNCERTAINTY_ASSIGNED_CONTEXT ( ( #2854 ) ) GLOBAL_UNIT_ASSIGNED_CONTEXT ( ( #2287, #3093, #7476 ) ) REPRESENTATION_CONTEXT ( 'NONE', 'WORKASPACE' ) );
#9389 = EDGE_CURVE ( 'NONE', #8434, #6143, #5898, .T. ) ;
#9390 = DIRECTION ( 'NONE',  ( 0.000000000000000000, 0.000000000000000000, -1.000000000000000000 ) ) ;
#9391 = EDGE_CURVE ( 'NONE', #5730, #3046, #1277, .T. ) ;
#9392 = DIRECTION ( 'NONE',  ( -1.000000000000000000, 0.000000000000000000, 0.000000000000000000 ) ) ;
#9393 = CARTESIAN_POINT ( 'NONE',  ( -6.208959271677080847E-14, 18.00000000000000000, -167.0000000000000000 ) ) ;
#9394 = LINE ( 'NONE', #7008, #1068 ) ;
#9395 = CARTESIAN_POINT ( 'NONE',  ( 70.00000000000017053, 209.4999999999998295, 18.00000000000000000 ) ) ;
#9396 = VERTEX_POINT ( 'NONE', #2585 ) ;
#9397 = LINE ( 'NONE', #5923, #2939 ) ;
#9398 = VERTEX_POINT ( 'NONE', #8408 ) ;
#9399 = DIRECTION ( 'NONE',  ( 0.000000000000000000, 0.000000000000000000, -1.000000000000000000 ) ) ;
#9400 = CIRCLE ( 'NONE', #9546, 3.000000000000001332 ) ;
#9401 = ADVANCED_FACE ( 'NONE', ( #917 ), #9102, .F. ) ;
#9402 = EDGE_CURVE ( 'NONE', #3387, #6898, #3135, .T. ) ;
#9403 = AXIS2_PLACEMENT_3D ( 'NONE', #6344, #2570, #3444 ) ;
#9404 = ORIENTED_EDGE ( 'NONE', *, *, #7930, .F. ) ;
#9405 = CIRCLE ( 'NONE', #8740, 6.000000000000227374 ) ;
#9406 = VERTEX_POINT ( 'NONE', #1921 ) ;
#9407 = ORIENTED_EDGE ( 'NONE', *, *, #9285, .F. ) ;
#9408 = CARTESIAN_POINT ( 'NONE',  ( 666.4999999999997726, 0.000000000000000000, 9.000000000000000000 ) ) ;
#9409 = ORIENTED_EDGE ( 'NONE', *, *, #6027, .F. ) ;
#9410 = VECTOR ( 'NONE', #434, 1000.000000000000000 ) ;
#9411 = CARTESIAN_POINT ( 'NONE',  ( 45.00000000000013500, 109.9999999999999858, 30.00000000000000000 ) ) ;
#9412 = CARTESIAN_POINT ( 'NONE',  ( -208.5000000000001421, 20.00000000000000000, 9.000000000000000000 ) ) ;
#9413 = ADVANCED_FACE ( 'NONE', ( #558 ), #6705, .F. ) ;
#9414 = ORIENTED_EDGE ( 'NONE', *, *, #6723, .F. ) ;
#9415 = LINE ( 'NONE', #4993, #4689 ) ;
#9416 = EDGE_LOOP ( 'NONE', ( #6073, #1032, #7361, #3063 ) ) ;
#9417 = ORIENTED_EDGE ( 'NONE', *, *, #8649, .F. ) ;
#9418 = ORIENTED_EDGE ( 'NONE', *, *, #2530, .F. ) ;
#9419 = EDGE_CURVE ( 'NONE', #8664, #4931, #8997, .T. ) ;
#9420 = CARTESIAN_POINT ( 'NONE',  ( 747.5000000000000000, 212.4999999999999716, 18.00000000000000000 ) ) ;
#9421 = VERTEX_POINT ( 'NONE', #1951 ) ;
#9422 = CARTESIAN_POINT ( 'NONE',  ( 421.0000000000000568, 80.00000000000000000, 6.000000000000004441 ) ) ;
#9423 = ORIENTED_EDGE ( 'NONE', *, *, #3169, .F. ) ;
#9424 = ORIENTED_EDGE ( 'NONE', *, *, #8290, .F. ) ;
#9425 = SURFACE_SIDE_STYLE ('',( #6762 ) ) ;
#9426 =( NAMED_UNIT ( * ) PLANE_ANGLE_UNIT ( ) SI_UNIT ( $, .RADIAN. ) );
#9427 = ORIENTED_EDGE ( 'NONE', *, *, #2459, .F. ) ;
#9428 =( NAMED_UNIT ( * ) SI_UNIT ( $, .STERADIAN. ) SOLID_ANGLE_UNIT ( ) );
#9429 = CARTESIAN_POINT ( 'NONE',  ( 1464.142135623731292, 670.1274169979692488, 11.99999999999999822 ) ) ;
#9430 = DIRECTION ( 'NONE',  ( 0.000000000000000000, 1.000000000000000000, 0.000000000000000000 ) ) ;
#9431 = AXIS2_PLACEMENT_3D ( 'NONE', #7387, #55, #6581 ) ;
#9432 = AXIS2_PLACEMENT_3D ( 'NONE', #7272, #3586, #8742 ) ;
#9433 = VERTEX_POINT ( 'NONE', #9261 ) ;
#9434 = VERTEX_POINT ( 'NONE', #5554 ) ;
#9435 = CARTESIAN_POINT ( 'NONE',  ( 183.0000000000003695, 627.4999999999998863, 0.000000000000000000 ) ) ;
#9436 = DIRECTION ( 'NONE',  ( 1.000000000000000000, -0.000000000000000000, -0.000000000000000000 ) ) ;
#9437 = DIRECTION ( 'NONE',  ( -1.000000000000000000, 0.000000000000000000, 0.000000000000000000 ) ) ;
#9438 = AXIS2_PLACEMENT_3D ( 'NONE', #3354, #6320, #1896 ) ;
#9439 = ADVANCED_FACE ( 'NONE', ( #8415 ), #5102, .F. ) ;
#9440 = DIRECTION ( 'NONE',  ( 0.000000000000000000, 0.000000000000000000, 1.000000000000000000 ) ) ;
#9441 = DIRECTION ( 'NONE',  ( 0.000000000000000000, 0.000000000000000000, 1.000000000000000000 ) ) ;
#9442 = VECTOR ( 'NONE', #4259, 1000.000000000000000 ) ;
#9443 = PLANE ( 'NONE',  #2065 ) ;
#9444 = DIRECTION ( 'NONE',  ( 0.000000000000000000, 0.000000000000000000, -1.000000000000000000 ) ) ;
#9445 = DIRECTION ( 'NONE',  ( -0.000000000000000000, -1.000000000000000000, -0.000000000000000000 ) ) ;
#9446 = DIRECTION ( 'NONE',  ( -0.000000000000000000, -0.000000000000000000, -1.000000000000000000 ) ) ;
#9447 = ADVANCED_FACE ( 'NONE', ( #3011 ), #4149, .F. ) ;
#9448 = AXIS2_PLACEMENT_3D ( 'NONE', #5409, #6045, #3186 ) ;
#9449 = PRESENTATION_LAYER_ASSIGNMENT (  '', '', ( #6318 ) ) ;
#9450 = EDGE_CURVE ( 'NONE', #8847, #4193, #450, .T. ) ;
#9451 = EDGE_CURVE ( 'NONE', #2930, #871, #4743, .T. ) ;
#9452 = CYLINDRICAL_SURFACE ( 'NONE', #1437, 3.000000000000002665 ) ;
#9453 = ORIENTED_EDGE ( 'NONE', *, *, #711, .F. ) ;
#9454 = ORIENTED_EDGE ( 'NONE', *, *, #3909, .T. ) ;
#9455 = AXIS2_PLACEMENT_3D ( 'NONE', #9287, #3587, #9474 ) ;
#9456 = SHAPE_DEFINITION_REPRESENTATION ( #6780, #3805 ) ;
#9457 = CARTESIAN_POINT ( 'NONE',  ( 496.9999999999999432, 212.4999999999999716, 0.000000000000000000 ) ) ;
#9458 = FACE_OUTER_BOUND ( 'NONE', #4217, .T. ) ;
#9459 = VERTEX_POINT ( 'NONE', #295 ) ;
#9460 = DIRECTION ( 'NONE',  ( 0.000000000000000000, 0.000000000000000000, 1.000000000000000000 ) ) ;
#9461 = ORIENTED_EDGE ( 'NONE', *, *, #273, .F. ) ;
#9462 = EDGE_CURVE ( 'NONE', #4522, #8063, #1155, .T. ) ;
#9463 = DIRECTION ( 'NONE',  ( 1.000000000000000000, 0.000000000000000000, 0.000000000000000000 ) ) ;
#9464 = COLOUR_RGB ( '',1.000000000000000000, 1.000000000000000000, 1.000000000000000000 ) ;
#9465 = DIRECTION ( 'NONE',  ( 0.000000000000000000, 0.000000000000000000, 1.000000000000000000 ) ) ;
#9466 = EDGE_CURVE ( 'NONE', #38, #5270, #4515, .T. ) ;
#9467 = FACE_OUTER_BOUND ( 'NONE', #4286, .T. ) ;
#9468 = FACE_OUTER_BOUND ( 'NONE', #8789, .T. ) ;
#9469 = DIRECTION ( 'NONE',  ( 1.000000000000000000, 0.000000000000000000, 0.000000000000000000 ) ) ;
#9470 = ORIENTED_EDGE ( 'NONE', *, *, #6066, .F. ) ;
#9471 = ORIENTED_EDGE ( 'NONE', *, *, #2851, .F. ) ;
#9472 = FACE_OUTER_BOUND ( 'NONE', #5830, .T. ) ;
#9473 = DIRECTION ( 'NONE',  ( 0.000000000000000000, -0.000000000000000000, -1.000000000000000000 ) ) ;
#9474 = DIRECTION ( 'NONE',  ( -1.000000000000000000, 0.000000000000000000, 0.000000000000000000 ) ) ;
#9475 = SURFACE_STYLE_FILL_AREA ( #9485 ) ;
#9476 = CYLINDRICAL_SURFACE ( 'NONE', #8873, 3.000000000000002665 ) ;
#9477 = STYLED_ITEM ( 'NONE', ( #2937 ), #4336 ) ;
#9478 = CYLINDRICAL_SURFACE ( 'NONE', #6866, 2.999999999999995559 ) ;
#9479 = LINE ( 'NONE', #7760, #6260 ) ;
#9480 = ORIENTED_EDGE ( 'NONE', *, *, #6233, .T. ) ;
#9481 = EDGE_LOOP ( 'NONE', ( #8013, #844 ) ) ;
#9482 = DIRECTION ( 'NONE',  ( 0.1156569635167078447, 0.9932892160846682472, 0.000000000000000000 ) ) ;
#9483 = EDGE_CURVE ( 'NONE', #2616, #4292, #4176, .T. ) ;
#9484 = ORIENTED_EDGE ( 'NONE', *, *, #857, .F. ) ;
#9485 = FILL_AREA_STYLE ('',( #6796 ) ) ;
#9486 = FACE_OUTER_BOUND ( 'NONE', #3047, .T. ) ;
#9487 = DIRECTION ( 'NONE',  ( -0.000000000000000000, -0.000000000000000000, -1.000000000000000000 ) ) ;
#9488 = DIRECTION ( 'NONE',  ( 0.000000000000000000, 0.000000000000000000, 1.000000000000000000 ) ) ;
#9489 = ADVANCED_FACE ( 'NONE', ( #1022 ), #8778, .F. ) ;
#9490 = LINE ( 'NONE', #8105, #6377 ) ;
#9491 = CYLINDRICAL_SURFACE ( 'NONE', #6286, 2.999999999999891642 ) ;
#9492 = ORIENTED_EDGE ( 'NONE', *, *, #3546, .F. ) ;
#9493 = ORIENTED_EDGE ( 'NONE', *, *, #3349, .F. ) ;
#9494 = ORIENTED_EDGE ( 'NONE', *, *, #2240, .T. ) ;
#9495 = LINE ( 'NONE', #2249, #4897 ) ;
#9496 = DIRECTION ( 'NONE',  ( -0.000000000000000000, -0.000000000000000000, -1.000000000000000000 ) ) ;
#9497 = EDGE_CURVE ( 'NONE', #3889, #4682, #6601, .T. ) ;
#9498 = DIRECTION ( 'NONE',  ( 0.000000000000000000, 0.000000000000000000, 1.000000000000000000 ) ) ;
#9499 = AXIS2_PLACEMENT_3D ( 'NONE', #3392, #1897, #7063 ) ;
#9500 = ADVANCED_FACE ( 'NONE', ( #6126 ), #4297, .F. ) ;
#9501 = VECTOR ( 'NONE', #6932, 1000.000000000000000 ) ;
#9502 = ORIENTED_EDGE ( 'NONE', *, *, #9389, .T. ) ;
#9503 = ORIENTED_EDGE ( 'NONE', *, *, #9304, .T. ) ;
#9504 = ORIENTED_EDGE ( 'NONE', *, *, #342, .F. ) ;
#9505 = CIRCLE ( 'NONE', #6799, 2.999999999999994671 ) ;
#9506 = CARTESIAN_POINT ( 'NONE',  ( 1474.384776310850384, 29.11522368914954839, 11.99999999999999822 ) ) ;
#9507 = VERTEX_POINT ( 'NONE', #3476 ) ;
#9508 = AXIS2_PLACEMENT_3D ( 'NONE', #8276, #9061, #8311 ) ;
#9509 = ORIENTED_EDGE ( 'NONE', *, *, #8616, .T. ) ;
#9510 = EDGE_CURVE ( 'NONE', #9406, #1349, #2785, .T. ) ;
#9511 = ORIENTED_EDGE ( 'NONE', *, *, #7972, .F. ) ;
#9512 = FACE_OUTER_BOUND ( 'NONE', #3532, .T. ) ;
#9513 = DIRECTION ( 'NONE',  ( 0.7071067811865479058, 0.000000000000000000, -0.7071067811865472397 ) ) ;
#9514 = CARTESIAN_POINT ( 'NONE',  ( 1342.000000000000000, 24.00000000000000000, 9.000000000000000000 ) ) ;
#9515 = EDGE_CURVE ( 'NONE', #1917, #9406, #1386, .T. ) ;
#9516 = DIRECTION ( 'NONE',  ( 0.000000000000000000, 0.000000000000000000, -1.000000000000000000 ) ) ;
#9517 = CARTESIAN_POINT ( 'NONE',  ( 110.0000000000000000, 110.0000000000000000, 0.000000000000000000 ) ) ;
#9518 = ORIENTED_EDGE ( 'NONE', *, *, #6075, .F. ) ;
#9519 = DIRECTION ( 'NONE',  ( 0.000000000000000000, 0.000000000000000000, -1.000000000000000000 ) ) ;
#9520 = CIRCLE ( 'NONE', #8357, 2.499999999999946709 ) ;
#9521 = ORIENTED_EDGE ( 'NONE', *, *, #6365, .T. ) ;
#9522 = ORIENTED_EDGE ( 'NONE', *, *, #1730, .T. ) ;
#9523 = EDGE_LOOP ( 'NONE', ( #8846, #8777, #8688, #3582 ) ) ;
#9524 = LINE ( 'NONE', #3584, #2476 ) ;
#9525 = EDGE_CURVE ( 'NONE', #1440, #7409, #7304, .T. ) ;
#9526 = AXIS2_PLACEMENT_3D ( 'NONE', #340, #1823, #2557 ) ;
#9527 = CARTESIAN_POINT ( 'NONE',  ( 1472.627416997969476, 661.6421356237309510, 18.00000000000000000 ) ) ;
#9528 = DIRECTION ( 'NONE',  ( -1.000000000000000000, -0.000000000000000000, -0.000000000000000000 ) ) ;
#9529 = ORIENTED_EDGE ( 'NONE', *, *, #3528, .T. ) ;
#9530 = ORIENTED_EDGE ( 'NONE', *, *, #6210, .T. ) ;
#9531 = DIRECTION ( 'NONE',  ( -1.000000000000000000, 0.000000000000000000, 0.000000000000000000 ) ) ;
#9532 = EDGE_CURVE ( 'NONE', #7571, #9396, #8425, .T. ) ;
#9533 = DIRECTION ( 'NONE',  ( -1.000000000000000000, -0.000000000000000000, -0.000000000000000000 ) ) ;
#9534 = CARTESIAN_POINT ( 'NONE',  ( 1223.999999999999773, 67.49999999999988631, 0.000000000000000000 ) ) ;
#9535 = VERTEX_POINT ( 'NONE', #504 ) ;
#9536 = ORIENTED_EDGE ( 'NONE', *, *, #2730, .T. ) ;
#9537 = AXIS2_PLACEMENT_3D ( 'NONE', #5882, #8850, #8032 ) ;
#9538 = DIRECTION ( 'NONE',  ( 1.000000000000000000, 0.000000000000000000, 0.000000000000000000 ) ) ;
#9539 = DIRECTION ( 'NONE',  ( 0.000000000000000000, 0.000000000000000000, 1.000000000000000000 ) ) ;
#9540 = PRODUCT_DEFINITION_SHAPE ( 'NONE', 'NONE',  #9591 ) ;
#9541 = CARTESIAN_POINT ( 'NONE',  ( 177.5000000000001137, 35.49999999999997868, 0.000000000000000000 ) ) ;
#9542 = CARTESIAN_POINT ( 'NONE',  ( 276.0000000000001137, 67.49999999999988631, 0.000000000000000000 ) ) ;
#9543 = ADVANCED_FACE ( 'NONE', ( #2082 ), #8188, .F. ) ;
#9544 = CARTESIAN_POINT ( 'NONE',  ( 747.5000000000000000, 627.5000000000000000, 18.00000000000000000 ) ) ;
#9545 = CARTESIAN_POINT ( 'NONE',  ( -612.4999999999996589, 20.00000000000000000, -9.000000000000000000 ) ) ;
#9546 = AXIS2_PLACEMENT_3D ( 'NONE', #8624, #5757, #7157 ) ;
#9547 = DIRECTION ( 'NONE',  ( 0.000000000000000000, 0.000000000000000000, 1.000000000000000000 ) ) ;
#9548 = CARTESIAN_POINT ( 'NONE',  ( 183.0698683933170514, 725.0000000000000000, 9.500000000000000000 ) ) ;
#9549 = DIRECTION ( 'NONE',  ( -0.000000000000000000, -0.000000000000000000, -1.000000000000000000 ) ) ;
#9550 = CARTESIAN_POINT ( 'NONE',  ( 25.00000000000000000, 56.00000000000000000, 9.000000000000000000 ) ) ;
#9551 = CARTESIAN_POINT ( 'NONE',  ( 51.71291246261299790, -1.185780702985911850E-17, -1.614108343103369350E-15 ) ) ;
#9552 = CIRCLE ( 'NONE', #7376, 3.000000000000000888 ) ;
#9553 = FACE_OUTER_BOUND ( 'NONE', #6281, .T. ) ;
#9554 = AXIS2_PLACEMENT_3D ( 'NONE', #6447, #4997, #2755 ) ;
#9555 = AXIS2_PLACEMENT_3D ( 'NONE', #2892, #5771, #1358 ) ;
#9556 = EDGE_LOOP ( 'NONE', ( #3064, #6177, #3117, #4192 ) ) ;
#9557 = CARTESIAN_POINT ( 'NONE',  ( 752.5000000000000000, 627.5000000000000000, 0.000000000000000000 ) ) ;
#9558 = DIRECTION ( 'NONE',  ( 1.000000000000000000, 0.000000000000000000, 0.000000000000000000 ) ) ;
#9559 = EDGE_CURVE ( 'NONE', #1584, #482, #6253, .T. ) ;
#9560 = DIRECTION ( 'NONE',  ( 0.000000000000000000, 0.000000000000000000, 1.000000000000000000 ) ) ;
#9561 = LINE ( 'NONE', #2902, #9339 ) ;
#9562 = ORIENTED_EDGE ( 'NONE', *, *, #4098, .T. ) ;
#9563 = CARTESIAN_POINT ( 'NONE',  ( 273.5000000000001137, 347.5000000000000000, 0.000000000000000000 ) ) ;
#9564 = VERTEX_POINT ( 'NONE', #561 ) ;
#9565 = DIRECTION ( 'NONE',  ( 0.000000000000000000, -1.000000000000000000, 0.000000000000000000 ) ) ;
#9566 = DIRECTION ( 'NONE',  ( -1.000000000000000000, 0.000000000000000000, 0.000000000000000000 ) ) ;
#9567 = ORIENTED_EDGE ( 'NONE', *, *, #6746, .T. ) ;
#9568 = CARTESIAN_POINT ( 'NONE',  ( 278.5000000000001137, 627.5000000000001137, 18.00000000000000000 ) ) ;
#9569 = PRODUCT_RELATED_PRODUCT_CATEGORY ( 'part', '', ( #6453 ) ) ;
#9570 = DIRECTION ( 'NONE',  ( -1.000000000000000000, 0.000000000000000000, 0.000000000000000000 ) ) ;
#9571 = LINE ( 'NONE', #873, #7173 ) ;
#9572 = LINE ( 'NONE', #9568, #7732 ) ;
#9573 = ORIENTED_EDGE ( 'NONE', *, *, #6852, .F. ) ;
#9574 = AXIS2_PLACEMENT_3D ( 'NONE', #2763, #8668, #2061 ) ;
#9575 = ORIENTED_EDGE ( 'NONE', *, *, #3712, .F. ) ;
#9576 = LINE ( 'NONE', #8990, #3376 ) ;
#9577 = CARTESIAN_POINT ( 'NONE',  ( 278.5000000000001137, 482.5000000000000000, 0.000000000000000000 ) ) ;
#9578 = DIRECTION ( 'NONE',  ( -1.000000000000000000, 0.000000000000000000, 0.000000000000000000 ) ) ;
#9579 = FACE_BOUND ( 'NONE', #5350, .T. ) ;
#9580 = VECTOR ( 'NONE', #4241, 1000.000000000000000 ) ;
#9581 = NEXT_ASSEMBLY_USAGE_OCCURRENCE ( 'NAUO1', ' ', ' ', #1489, #4518, $ ) ;
#9582 = NEXT_ASSEMBLY_USAGE_OCCURRENCE ( 'NAUO2', ' ', ' ', #1489, #3037, $ ) ;
#9583 = NEXT_ASSEMBLY_USAGE_OCCURRENCE ( 'NAUO3', ' ', ' ', #1489, #2513, $ ) ;
#9584 = NEXT_ASSEMBLY_USAGE_OCCURRENCE ( 'NAUO4', ' ', ' ', #1489, #2513, $ ) ;
#9585 = NEXT_ASSEMBLY_USAGE_OCCURRENCE ( 'NAUO5', ' ', ' ', #1489, #2513, $ ) ;
#9586 = NEXT_ASSEMBLY_USAGE_OCCURRENCE ( 'NAUO6', ' ', ' ', #1489, #2513, $ ) ;
#9587 = NEXT_ASSEMBLY_USAGE_OCCURRENCE ( 'NAUO7', ' ', ' ', #1489, #1024, $ ) ;
#9588 = NEXT_ASSEMBLY_USAGE_OCCURRENCE ( 'NAUO8', ' ', ' ', #1489, #533, $ ) ;
#9589 = NEXT_ASSEMBLY_USAGE_OCCURRENCE ( 'NAUO9', ' ', ' ', #1489, #533, $ ) ;
#9590 = NEXT_ASSEMBLY_USAGE_OCCURRENCE ( 'NAUO10', ' ', ' ', #1489, #1024, $ ) ;
#9591 = NEXT_ASSEMBLY_USAGE_OCCURRENCE ( 'NAUO11', ' ', ' ', #1489, #5511, $ ) ;
#9592 = NEXT_ASSEMBLY_USAGE_OCCURRENCE ( 'NAUO12', ' ', ' ', #1489, #5511, $ ) ;
#9593 = NEXT_ASSEMBLY_USAGE_OCCURRENCE ( 'NAUO13', ' ', ' ', #1489, #5511, $ ) ;
#9594 = NEXT_ASSEMBLY_USAGE_OCCURRENCE ( 'NAUO14', ' ', ' ', #1489, #5511, $ ) ;
#9595 = NEXT_ASSEMBLY_USAGE_OCCURRENCE ( 'NAUO15', ' ', ' ', #1489, #9129, $ ) ;
#9596 = NEXT_ASSEMBLY_USAGE_OCCURRENCE ( 'NAUO16', ' ', ' ', #1489, #9129, $ ) ;
#9597 = NEXT_ASSEMBLY_USAGE_OCCURRENCE ( 'NAUO17', ' ', ' ', #1489, #9129, $ ) ;
ENDSEC;
END-ISO-10303-21;
