ISO-10303-21;
HEADER;
FILE_DESCRIPTION (( 'STEP AP214' ),
    '1' );
FILE_NAME ('A000557-COMPLETO-IM00.STEP',
    '2026-05-29T12:38:10',
    ( '' ),
    ( '' ),
    'SwSTEP 2.0',
    'SolidWorks 2018',
    '' );
FILE_SCHEMA (( 'AUTOMOTIVE_DESIGN' ));
ENDSEC;

DATA;
#1 = VERTEX_POINT ( 'NONE', #1063 ) ;
#2 = CARTESIAN_POINT ( 'NONE',  ( 86.05177248089448483, 730.0000000000000000, 21.50000000000000000 ) ) ;
#3 = AXIS2_PLACEMENT_3D ( 'NONE', #6188, #1807, #1856 ) ;
#4 = VERTEX_POINT ( 'NONE', #4329 ) ;
#5 = CARTESIAN_POINT ( 'NONE',  ( 1026.999999999998863, 298.0000000000000000, 18.00000000000000000 ) ) ;
#6 = EDGE_LOOP ( 'NONE', ( #95, #5568 ) ) ;
#7 = CARTESIAN_POINT ( 'NONE',  ( 180.0000000000016200, 620.0000000000002274, 18.00000000000000000 ) ) ;
#8 = ORIENTED_EDGE ( 'NONE', *, *, #181, .T. ) ;
#9 = VERTEX_POINT ( 'NONE', #4872 ) ;
#10 = CARTESIAN_POINT ( 'NONE',  ( -170.0000000000000853, 54.99999999999999289, 2.999999999999773959 ) ) ;
#11 = SURFACE_STYLE_USAGE ( .BOTH. , #533 ) ;
#12 = EDGE_LOOP ( 'NONE', ( #6829, #2318, #3535, #5936 ) ) ;
#13 = FACE_OUTER_BOUND ( 'NONE', #3910, .T. ) ;
#14 = ORIENTED_EDGE ( 'NONE', *, *, #6266, .T. ) ;
#15 = DIRECTION ( 'NONE',  ( 0.000000000000000000, 0.000000000000000000, 1.000000000000000000 ) ) ;
#16 = VERTEX_POINT ( 'NONE', #3326 ) ;
#17 = AXIS2_PLACEMENT_3D ( 'NONE', #4258, #1542, #4810 ) ;
#18 = ORIENTED_EDGE ( 'NONE', *, *, #3053, .T. ) ;
#19 = VERTEX_POINT ( 'NONE', #3256 ) ;
#20 = CIRCLE ( 'NONE', #1723, 6.000000000000227374 ) ;
#21 = ORIENTED_EDGE ( 'NONE', *, *, #1937, .F. ) ;
#22 = EDGE_CURVE ( 'NONE', #6517, #2781, #3070, .T. ) ;
#23 = ORIENTED_EDGE ( 'NONE', *, *, #6757, .F. ) ;
#24 = CARTESIAN_POINT ( 'NONE',  ( 242.0000000000000000, 55.00000000000000000, -2.999999999999994671 ) ) ;
#25 = EDGE_CURVE ( 'NONE', #4291, #5884, #5714, .T. ) ;
#26 = ADVANCED_FACE ( 'NONE', ( #4946 ), #4402, .T. ) ;
#27 = VERTEX_POINT ( 'NONE', #4903 ) ;
#28 = FACE_BOUND ( 'NONE', #6263, .T. ) ;
#29 = VERTEX_POINT ( 'NONE', #6094 ) ;
#30 = CARTESIAN_POINT ( 'NONE',  ( 54.00000000000001421, 40.00000000000014921, 0.000000000000000000 ) ) ;
#31 = EDGE_LOOP ( 'NONE', ( #4988, #2995, #1629, #192 ) ) ;
#32 = AXIS2_PLACEMENT_3D ( 'NONE', #5170, #324, #1969 ) ;
#33 = CARTESIAN_POINT ( 'NONE',  ( 1073.242640687119774, 654.7573593128788616, 11.99999999999999822 ) ) ;
#34 = VECTOR ( 'NONE', #5832, 999.9999999999998863 ) ;
#35 = VERTEX_POINT ( 'NONE', #3350 ) ;
#36 = CYLINDRICAL_SURFACE ( 'NONE', #4090, 3.000000000000002665 ) ;
#37 = EDGE_CURVE ( 'NONE', #2948, #5473, #5627, .T. ) ;
#38 = ORIENTED_EDGE ( 'NONE', *, *, #6019, .T. ) ;
#39 = PLANE ( 'NONE',  #6152 ) ;
#40 = CARTESIAN_POINT ( 'NONE',  ( 1027.129942314910522, 613.1299423149123413, 11.99999999999999822 ) ) ;
#41 = AXIS2_PLACEMENT_3D ( 'NONE', #6195, #2949, #3496 ) ;
#42 = CARTESIAN_POINT ( 'NONE',  ( 1029.999999999998408, 414.0000000000002274, 0.000000000000000000 ) ) ;
#43 = FACE_OUTER_BOUND ( 'NONE', #6363, .T. ) ;
#44 = AXIS2_PLACEMENT_3D ( 'NONE', #2410, #6232, #1366 ) ;
#45 = EDGE_CURVE ( 'NONE', #6425, #1152, #3829, .T. ) ;
#46 = EDGE_LOOP ( 'NONE', ( #4570, #4732 ) ) ;
#47 = VECTOR ( 'NONE', #3967, 1000.000000000000227 ) ;
#48 =( NAMED_UNIT ( * ) SI_UNIT ( $, .STERADIAN. ) SOLID_ANGLE_UNIT ( ) );
#49 = DIRECTION ( 'NONE',  ( 1.000000000000000000, 0.000000000000000000, 0.000000000000000000 ) ) ;
#50 = EDGE_CURVE ( 'NONE', #2945, #3100, #4257, .T. ) ;
#51 = FACE_OUTER_BOUND ( 'NONE', #4290, .T. ) ;
#52 = CARTESIAN_POINT ( 'NONE',  ( 170.0000000000000853, 80.00000000000000000, 2.999999999999996003 ) ) ;
#53 = PRODUCT_DEFINITION_SHAPE ( 'NONE', 'NONE',  #5003 ) ;
#54 = DIRECTION ( 'NONE',  ( 0.000000000000000000, 0.000000000000000000, -1.000000000000000000 ) ) ;
#55 = CARTESIAN_POINT ( 'NONE',  ( 823.9999999999987494, 620.0000000000003411, 18.00000000000000000 ) ) ;
#56 = PLANE ( 'NONE',  #1224 ) ;
#57 = CARTESIAN_POINT ( 'NONE',  ( -404.4999999999999432, 20.00000000000000355, 9.000000000000007105 ) ) ;
#58 = CIRCLE ( 'NONE', #1103, 2.499999999999946709 ) ;
#59 = VECTOR ( 'NONE', #200, 1000.000000000000000 ) ;
#60 = DIRECTION ( 'NONE',  ( -1.000000000000000000, 0.000000000000000000, 0.000000000000000000 ) ) ;
#61 = DIRECTION ( 'NONE',  ( -0.000000000000000000, 0.000000000000000000, -1.000000000000000000 ) ) ;
#62 = CARTESIAN_POINT ( 'NONE',  ( 70.00000000000133582, 414.0000000000000568, 0.000000000000000000 ) ) ;
#63 = VECTOR ( 'NONE', #5517, 1000.000000000000000 ) ;
#64 = ADVANCED_FACE ( 'NONE', ( #2387 ), #6654, .F. ) ;
#65 = CARTESIAN_POINT ( 'NONE',  ( 14.89933824127002637, -1.734854452750618004, 15.00000000000000000 ) ) ;
#66 =( LENGTH_UNIT ( ) NAMED_UNIT ( * ) SI_UNIT ( .MILLI., .METRE. ) );
#67 = EDGE_CURVE ( 'NONE', #4022, #4906, #1617, .T. ) ;
#68 =( NAMED_UNIT ( * ) SI_UNIT ( $, .STERADIAN. ) SOLID_ANGLE_UNIT ( ) );
#69 = CARTESIAN_POINT ( 'NONE',  ( 0.000000000000000000, 0.000000000000000000, 18.00000000000000000 ) ) ;
#70 = VECTOR ( 'NONE', #6310, 1000.000000000000000 ) ;
#71 = ORIENTED_EDGE ( 'NONE', *, *, #5203, .T. ) ;
#72 = EDGE_CURVE ( 'NONE', #987, #5666, #159, .T. ) ;
#73 = ORIENTED_EDGE ( 'NONE', *, *, #4074, .T. ) ;
#74 = PRESENTATION_LAYER_ASSIGNMENT (  '', '', ( #3376 ) ) ;
#75 = DIRECTION ( 'NONE',  ( -1.000000000000000000, 0.000000000000000000, 1.899384981211278352E-46 ) ) ;
#76 = DIRECTION ( 'NONE',  ( -1.000000000000000000, 0.000000000000000000, 0.000000000000000000 ) ) ;
#77 = EDGE_LOOP ( 'NONE', ( #5641, #7022, #5338, #2666 ) ) ;
#78 = CARTESIAN_POINT ( 'NONE',  ( 67.00000000000133582, 382.0000000000000568, 18.00000000000000000 ) ) ;
#79 = ORIENTED_EDGE ( 'NONE', *, *, #3579, .T. ) ;
#80 = DIRECTION ( 'NONE',  ( 0.000000000000000000, 0.000000000000000000, 1.000000000000000000 ) ) ;
#81 = CARTESIAN_POINT ( 'NONE',  ( 993.0000000000000000, 97.00000000000497380, 11.99999999999999822 ) ) ;
#82 = VERTEX_POINT ( 'NONE', #2293 ) ;
#83 = AXIS2_PLACEMENT_3D ( 'NONE', #3385, #2205, #4410 ) ;
#84 = ORIENTED_EDGE ( 'NONE', *, *, #2620, .F. ) ;
#85 = DIRECTION ( 'NONE',  ( -0.000000000000000000, -0.000000000000000000, 1.000000000000000000 ) ) ;
#86 = DIRECTION ( 'NONE',  ( 1.000000000000000000, 0.000000000000000000, 0.000000000000000000 ) ) ;
#87 = DIRECTION ( 'NONE',  ( -0.000000000000000000, -0.000000000000000000, -1.000000000000000000 ) ) ;
#88 = EDGE_LOOP ( 'NONE', ( #3560, #5317, #6581, #5379 ) ) ;
#89 = EDGE_CURVE ( 'NONE', #1364, #364, #1708, .T. ) ;
#90 = ORIENTED_EDGE ( 'NONE', *, *, #5850, .T. ) ;
#91 = FILL_AREA_STYLE ('',( #4365 ) ) ;
#92 = ADVANCED_FACE ( 'NONE', ( #1010 ), #4475, .T. ) ;
#93 = EDGE_LOOP ( 'NONE', ( #2597, #3544, #6825, #776 ) ) ;
#94 = VERTEX_POINT ( 'NONE', #1165 ) ;
#95 = ORIENTED_EDGE ( 'NONE', *, *, #5430, .T. ) ;
#96 = VECTOR ( 'NONE', #6694, 1000.000000000000000 ) ;
#97 = ADVANCED_FACE ( 'NONE', ( #5544 ), #2252, .T. ) ;
#98 = CARTESIAN_POINT ( 'NONE',  ( 550.0000000000000000, 510.0000000000000000, 18.00000000000000000 ) ) ;
#99 = CARTESIAN_POINT ( 'NONE',  ( -408.5000000000000000, 20.00000000000000355, 9.000000000000007105 ) ) ;
#100 = CARTESIAN_POINT ( 'NONE',  ( 2.386104647103851222E-15, 2.007781800899081418E-17, 6.213203435596427404 ) ) ;
#101 = AXIS2_PLACEMENT_3D ( 'NONE', #2893, #3395, #3415 ) ;
#102 = ORIENTED_EDGE ( 'NONE', *, *, #6251, .F. ) ;
#103 = ORIENTED_EDGE ( 'NONE', *, *, #2779, .T. ) ;
#104 = EDGE_LOOP ( 'NONE', ( #6265, #6924 ) ) ;
#105 = LINE ( 'NONE', #6367, #5746 ) ;
#106 = VERTEX_POINT ( 'NONE', #7064 ) ;
#107 = EDGE_LOOP ( 'NONE', ( #3080, #6423 ) ) ;
#108 = DIRECTION ( 'NONE',  ( -0.7071067811865172636, -0.7071067811865777708, 0.000000000000000000 ) ) ;
#109 = EDGE_LOOP ( 'NONE', ( #6790, #2649 ) ) ;
#110 = FACE_BOUND ( 'NONE', #2088, .T. ) ;
#111 = DIRECTION ( 'NONE',  ( 0.000000000000000000, 0.000000000000000000, 1.000000000000000000 ) ) ;
#112 = LINE ( 'NONE', #2031, #3955 ) ;
#113 = DIRECTION ( 'NONE',  ( 0.000000000000000000, 0.000000000000000000, 1.000000000000000000 ) ) ;
#114 = EDGE_LOOP ( 'NONE', ( #5662, #3674 ) ) ;
#115 = AXIS2_PLACEMENT_3D ( 'NONE', #720, #2349, #3403 ) ;
#116 = DIRECTION ( 'NONE',  ( -1.000000000000000000, 4.815513022993924426E-16, -8.881784197001251337E-16 ) ) ;
#117 = CIRCLE ( 'NONE', #950, 3.000000000000009770 ) ;
#118 = ORIENTED_EDGE ( 'NONE', *, *, #1453, .T. ) ;
#119 = EDGE_CURVE ( 'NONE', #4584, #507, #6982, .T. ) ;
#120 = PRESENTATION_STYLE_ASSIGNMENT (( #3243 ) ) ;
#121 = VERTEX_POINT ( 'NONE', #4426 ) ;
#122 = CARTESIAN_POINT ( 'NONE',  ( 73.00000000000133582, 382.0000000000000568, 18.00000000000000000 ) ) ;
#123 = DIRECTION ( 'NONE',  ( 0.000000000000000000, 0.000000000000000000, 1.000000000000000000 ) ) ;
#124 = AXIS2_PLACEMENT_3D ( 'NONE', #4157, #1992, #4615 ) ;
#125 = CARTESIAN_POINT ( 'NONE',  ( 0.000000000000000000, 680.0000000000000000, 18.00000000000000000 ) ) ;
#126 = DIRECTION ( 'NONE',  ( 0.000000000000000000, -0.000000000000000000, 1.000000000000000000 ) ) ;
#127 = DIRECTION ( 'NONE',  ( 0.000000000000000000, 0.000000000000000000, 1.000000000000000000 ) ) ;
#128 = PRESENTATION_STYLE_ASSIGNMENT (( #4151 ) ) ;
#129 = ORIENTED_EDGE ( 'NONE', *, *, #1937, .T. ) ;
#130 = FACE_OUTER_BOUND ( 'NONE', #1637, .T. ) ;
#131 = CARTESIAN_POINT ( 'NONE',  ( 1050.000000000000000, 576.0000000000002274, 18.00000000000000000 ) ) ;
#132 = ADVANCED_FACE ( 'NONE', ( #1194 ), #5548, .T. ) ;
#133 = EDGE_CURVE ( 'NONE', #3929, #444, #4351, .T. ) ;
#134 = VECTOR ( 'NONE', #2636, 1000.000000000000000 ) ;
#135 = EDGE_CURVE ( 'NONE', #2761, #5331, #2724, .T. ) ;
#136 = VECTOR ( 'NONE', #232, 1000.000000000000000 ) ;
#137 = ADVANCED_FACE ( 'NONE', ( #6230 ), #420, .F. ) ;
#138 = AXIS2_PLACEMENT_3D ( 'NONE', #3040, #5261, #3056 ) ;
#139 = DIRECTION ( 'NONE',  ( 0.000000000000000000, 0.000000000000000000, -1.000000000000000000 ) ) ;
#140 = CARTESIAN_POINT ( 'NONE',  ( -370.0000000000000000, 55.00000000000000000, 0.000000000000000000 ) ) ;
#141 = AXIS2_PLACEMENT_3D ( 'NONE', #4932, #1696, #2716 ) ;
#142 = CIRCLE ( 'NONE', #4665, 3.000000000000002665 ) ;
#143 = UNCERTAINTY_MEASURE_WITH_UNIT (LENGTH_MEASURE( 1.000000000000000082E-05 ), #3704, 'distance_accuracy_value', 'NONE');
#144 = CARTESIAN_POINT ( 'NONE',  ( 1114.700270478550692, -725.0000000000003411, 726.6205806953835236 ) ) ;
#145 = VECTOR ( 'NONE', #6844, 1000.000000000000000 ) ;
#146 = PRODUCT_DEFINITION_FORMATION_WITH_SPECIFIED_SOURCE ( 'ANY', '', #5454, .NOT_KNOWN. ) ;
#147 = CARTESIAN_POINT ( 'NONE',  ( -1.110223024625156540E-13, 18.00000000000000000, -173.0000000000001421 ) ) ;
#148 = FACE_BOUND ( 'NONE', #577, .T. ) ;
#149 = LINE ( 'NONE', #4871, #5785 ) ;
#150 = CARTESIAN_POINT ( 'NONE',  ( 212.5000000000001990, 19.99999999999999645, -8.999999999999896971 ) ) ;
#151 = CARTESIAN_POINT ( 'NONE',  ( 305.0000000000014211, 620.0000000000002274, 18.00000000000000000 ) ) ;
#152 = FACE_BOUND ( 'NONE', #3754, .T. ) ;
#153 = FACE_OUTER_BOUND ( 'NONE', #2074, .T. ) ;
#154 = VERTEX_POINT ( 'NONE', #2397 ) ;
#155 = CARTESIAN_POINT ( 'NONE',  ( 278.5000000000014779, 59.99999999999982947, 0.000000000000000000 ) ) ;
#156 = AXIS2_PLACEMENT_3D ( 'NONE', #2481, #826, #5770 ) ;
#157 = DIRECTION ( 'NONE',  ( -0.000000000000000000, 1.000000000000000000, -0.000000000000000000 ) ) ;
#158 = LINE ( 'NONE', #4726, #4092 ) ;
#159 = CIRCLE ( 'NONE', #6626, 4.000000000000003553 ) ;
#160 = CARTESIAN_POINT ( 'NONE',  ( 42.79417451143776674, -5.689651003726127526E-17, 0.000000000000000000 ) ) ;
#161 = EDGE_CURVE ( 'NONE', #6604, #759, #5878, .T. ) ;
#162 =( LENGTH_UNIT ( ) NAMED_UNIT ( * ) SI_UNIT ( .MILLI., .METRE. ) );
#163 = EDGE_CURVE ( 'NONE', #5088, #5661, #5796, .T. ) ;
#164 = ADVANCED_FACE ( 'NONE', ( #1452 ), #249, .F. ) ;
#165 = ORIENTED_EDGE ( 'NONE', *, *, #6312, .T. ) ;
#166 = CARTESIAN_POINT ( 'NONE',  ( 183.0000000000014495, 59.99999999999982947, 18.00000000000000000 ) ) ;
#167 = DIRECTION ( 'NONE',  ( 0.7071067811865472397, 4.599921266332778408E-32, 0.7071067811865477948 ) ) ;
#168 = DIRECTION ( 'NONE',  ( 0.7071067811865164865, -0.7071067811865785480, 0.000000000000000000 ) ) ;
#169 = DIRECTION ( 'NONE',  ( -1.000000000000000000, 0.000000000000000000, 0.000000000000000000 ) ) ;
#170 = ADVANCED_FACE ( 'NONE', ( #1286 ), #6400, .F. ) ;
#171 = DIRECTION ( 'NONE',  ( 1.000000000000000000, 0.000000000000000000, 0.000000000000000000 ) ) ;
#172 = ORIENTED_EDGE ( 'NONE', *, *, #4833, .T. ) ;
#173 = EDGE_CURVE ( 'NONE', #1424, #801, #6905, .T. ) ;
#174 = CARTESIAN_POINT ( 'NONE',  ( 183.0698683933170514, 725.0000000000000000, 9.500000000000000000 ) ) ;
#175 = VERTEX_POINT ( 'NONE', #2853 ) ;
#176 = DIRECTION ( 'NONE',  ( 0.000000000000000000, 0.000000000000000000, -1.000000000000000000 ) ) ;
#177 = ORIENTED_EDGE ( 'NONE', *, *, #37, .F. ) ;
#178 = AXIS2_PLACEMENT_3D ( 'NONE', #3272, #6470, #510 ) ;
#179 = AXIS2_PLACEMENT_3D ( 'NONE', #732, #2985, #3464 ) ;
#180 = VERTEX_POINT ( 'NONE', #5101 ) ;
#181 = EDGE_CURVE ( 'NONE', #1027, #4913, #1105, .T. ) ;
#182 = DIRECTION ( 'NONE',  ( 0.1156569635167078447, 0.9932892160846682472, -0.000000000000000000 ) ) ;
#183 = DIRECTION ( 'NONE',  ( 0.000000000000000000, 0.000000000000000000, 1.000000000000000000 ) ) ;
#184 = EDGE_LOOP ( 'NONE', ( #752, #5058 ) ) ;
#185 = ORIENTED_EDGE ( 'NONE', *, *, #1600, .T. ) ;
#186 = CARTESIAN_POINT ( 'NONE',  ( 276.0000000000014779, 620.0000000000002274, 0.000000000000000000 ) ) ;
#187 = CARTESIAN_POINT ( 'NONE',  ( 163.0944918928738616, -2.168404344971008868E-16, 31.00000000000000000 ) ) ;
#188 = ORIENTED_EDGE ( 'NONE', *, *, #531, .F. ) ;
#189 = EDGE_CURVE ( 'NONE', #2012, #4730, #5202, .T. ) ;
#190 = ORIENTED_EDGE ( 'NONE', *, *, #6769, .T. ) ;
#191 = APPLICATION_CONTEXT ( 'automotive_design' ) ;
#192 = ORIENTED_EDGE ( 'NONE', *, *, #181, .F. ) ;
#193 = CARTESIAN_POINT ( 'NONE',  ( 49.99999999999999289, 576.0000000000002274, 18.00000000000000000 ) ) ;
#194 = VECTOR ( 'NONE', #690, 1000.000000000000000 ) ;
#195 = ORIENTED_EDGE ( 'NONE', *, *, #2974, .F. ) ;
#196 = CARTESIAN_POINT ( 'NONE',  ( 180.0000000000016200, 620.0000000000002274, 0.000000000000000000 ) ) ;
#197 = ORIENTED_EDGE ( 'NONE', *, *, #4692, .T. ) ;
#198 = ORIENTED_EDGE ( 'NONE', *, *, #4197, .F. ) ;
#199 = CYLINDRICAL_SURFACE ( 'NONE', #3038, 4.000000000000017764 ) ;
#200 = DIRECTION ( 'NONE',  ( -0.000000000000000000, -0.000000000000000000, 1.000000000000000000 ) ) ;
#201 = DIRECTION ( 'NONE',  ( 1.000000000000000000, 0.000000000000000000, 0.000000000000000000 ) ) ;
#202 = ORIENTED_EDGE ( 'NONE', *, *, #6754, .F. ) ;
#203 = ORIENTED_EDGE ( 'NONE', *, *, #518, .F. ) ;
#204 = ORIENTED_EDGE ( 'NONE', *, *, #1157, .F. ) ;
#205 = DIRECTION ( 'NONE',  ( 1.000000000000000000, 0.000000000000000000, 0.000000000000000000 ) ) ;
#206 = CARTESIAN_POINT ( 'NONE',  ( -42.00000000000003553, 54.99999999999999289, 3.000000000000023537 ) ) ;
#207 = ADVANCED_FACE ( 'NONE', ( #5460 ), #3499, .F. ) ;
#208 = ORIENTED_EDGE ( 'NONE', *, *, #3138, .T. ) ;
#209 = VECTOR ( 'NONE', #5192, 1000.000000000000000 ) ;
#210 = VERTEX_POINT ( 'NONE', #718 ) ;
#211 = FACE_BOUND ( 'NONE', #4556, .T. ) ;
#212 = ORIENTED_EDGE ( 'NONE', *, *, #726, .F. ) ;
#213 = EDGE_CURVE ( 'NONE', #5932, #5324, #6055, .T. ) ;
#214 = DIRECTION ( 'NONE',  ( -0.000000000000000000, -0.000000000000000000, -1.000000000000000000 ) ) ;
#215 = ADVANCED_FACE ( 'NONE', ( #2556 ), #3324, .F. ) ;
#216 = EDGE_CURVE ( 'NONE', #5848, #19, #4769, .T. ) ;
#217 = CARTESIAN_POINT ( 'NONE',  ( 1052.500000000000000, 576.0000000000002274, 18.00000000000000000 ) ) ;
#218 = LINE ( 'NONE', #1957, #5597 ) ;
#219 = ORIENTED_EDGE ( 'NONE', *, *, #5079, .T. ) ;
#220 = CIRCLE ( 'NONE', #5197, 3.000000000000002665 ) ;
#221 = ORIENTED_EDGE ( 'NONE', *, *, #1043, .F. ) ;
#222 = APPLICATION_PROTOCOL_DEFINITION ( 'draft international standard', 'automotive_design', 1998, #5110 ) ;
#223 = FACE_OUTER_BOUND ( 'NONE', #683, .T. ) ;
#224 = VERTEX_POINT ( 'NONE', #6741 ) ;
#225 = FACE_OUTER_BOUND ( 'NONE', #1920, .T. ) ;
#226 = CARTESIAN_POINT ( 'NONE',  ( 42.00000000000009237, 54.99999999999999289, -2.220446049250313081E-13 ) ) ;
#227 = CARTESIAN_POINT ( 'NONE',  ( 1029.999999999998408, 265.9999999999998295, 18.00000000000000000 ) ) ;
#228 = CARTESIAN_POINT ( 'NONE',  ( 311.0000000000014211, 59.99999999999982947, 18.00000000000000000 ) ) ;
#229 = LINE ( 'NONE', #985, #134 ) ;
#230 =( GEOMETRIC_REPRESENTATION_CONTEXT ( 3 ) GLOBAL_UNCERTAINTY_ASSIGNED_CONTEXT ( ( #4035 ) ) GLOBAL_UNIT_ASSIGNED_CONTEXT ( ( #3687, #1477, #6324 ) ) REPRESENTATION_CONTEXT ( 'NONE', 'WORKASPACE' ) );
#231 = FACE_OUTER_BOUND ( 'NONE', #6530, .T. ) ;
#232 = DIRECTION ( 'NONE',  ( 4.318084277547222313E-78, 1.000000000000000000, 2.255519665188393748E-46 ) ) ;
#233 = EDGE_CURVE ( 'NONE', #2934, #1364, #2207, .T. ) ;
#234 = EDGE_CURVE ( 'NONE', #6761, #5734, #2895, .T. ) ;
#235 = CARTESIAN_POINT ( 'NONE',  ( -412.5000000000000000, 20.00000000000000355, -9.000000000000007105 ) ) ;
#236 = CIRCLE ( 'NONE', #5984, 2.500000000000015987 ) ;
#237 =( BOUNDED_CURVE ( )  B_SPLINE_CURVE ( 3, ( #583, #1156, #2213, #2772 ),
 .UNSPECIFIED., .F., .F. ) 
 B_SPLINE_CURVE_WITH_KNOTS ( ( 4, 4 ),
 ( 3.141592653589793116, 4.712388980384688786 ),
 .UNSPECIFIED. ) 
 CURVE ( )  GEOMETRIC_REPRESENTATION_ITEM ( )  RATIONAL_B_SPLINE_CURVE ( ( 1.000000000000000000, 0.8047378541243652705, 0.8047378541243652705, 1.000000000000000000 ) ) 
 REPRESENTATION_ITEM ( '' )  );
#238 = DIRECTION ( 'NONE',  ( 1.000000000000000000, 0.000000000000000000, -0.000000000000000000 ) ) ;
#239 = AXIS2_PLACEMENT_3D ( 'NONE', #226, #4011, #6718 ) ;
#240 = PRODUCT_CONTEXT ( 'NONE', #2846, 'mechanical' ) ;
#241 = CYLINDRICAL_SURFACE ( 'NONE', #4439, 2.500000000000015987 ) ;
#242 = CIRCLE ( 'NONE', #2180, 2.999999999999994671 ) ;
#243 = DIRECTION ( 'NONE',  ( -0.7071067811865778818, 0.7071067811865171526, 0.000000000000000000 ) ) ;
#244 = ADVANCED_FACE ( 'NONE', ( #1531 ), #1967, .F. ) ;
#245 = CARTESIAN_POINT ( 'NONE',  ( 59.99999999999994316, 70.00000000000005684, 15.00000000000001421 ) ) ;
#246 = CARTESIAN_POINT ( 'NONE',  ( 170.0000000000000853, 54.99999999999999289, 0.000000000000000000 ) ) ;
#247 = DIRECTION ( 'NONE',  ( -0.000000000000000000, -0.000000000000000000, -1.000000000000000000 ) ) ;
#248 = LINE ( 'NONE', #4084, #6229 ) ;
#249 = CYLINDRICAL_SURFACE ( 'NONE', #6977, 2.999999999999996003 ) ;
#250 = ORIENTED_EDGE ( 'NONE', *, *, #3242, .T. ) ;
#251 = CARTESIAN_POINT ( 'NONE',  ( 0.000000000000000000, 18.00000000000000000, 167.0000000000000568 ) ) ;
#252 = DIRECTION ( 'NONE',  ( 0.000000000000000000, 0.000000000000000000, 1.000000000000000000 ) ) ;
#253 = DIRECTION ( 'NONE',  ( -0.000000000000000000, -0.000000000000000000, -1.000000000000000000 ) ) ;
#254 = ORIENTED_EDGE ( 'NONE', *, *, #613, .F. ) ;
#255 = CONTEXT_DEPENDENT_SHAPE_REPRESENTATION ( #2987, #2775 ) ;
#256 = CARTESIAN_POINT ( 'NONE',  ( 305.0000000000014211, 59.99999999999982947, 0.000000000000000000 ) ) ;
#257 = AXIS2_PLACEMENT_3D ( 'NONE', #98, #1733, #3824 ) ;
#258 = PRODUCT_DEFINITION_SHAPE ( 'NONE', 'NONE',  #7078 ) ;
#259 = CARTESIAN_POINT ( 'NONE',  ( 919.9999999999986358, 620.0000000000002274, 18.00000000000000000 ) ) ;
#260 = ORIENTED_EDGE ( 'NONE', *, *, #6728, .F. ) ;
#261 = EDGE_CURVE ( 'NONE', #881, #5333, #5033, .T. ) ;
#262 = ORIENTED_EDGE ( 'NONE', *, *, #6769, .F. ) ;
#263 = CARTESIAN_POINT ( 'NONE',  ( 919.9999999999986358, 652.0000000000002274, 18.00000000000000000 ) ) ;
#264 = ORIENTED_EDGE ( 'NONE', *, *, #656, .T. ) ;
#265 = CARTESIAN_POINT ( 'NONE',  ( -600.0000000000002274, 18.00000000000000000, -400.0000000000002274 ) ) ;
#266 = AXIS2_PLACEMENT_3D ( 'NONE', #6796, #252, #6880 ) ;
#267 = SURFACE_STYLE_FILL_AREA ( #2777 ) ;
#268 = ORIENTED_EDGE ( 'NONE', *, *, #2930, .F. ) ;
#269 = DIRECTION ( 'NONE',  ( 0.000000000000000000, 0.000000000000000000, 1.000000000000000000 ) ) ;
#270 = CARTESIAN_POINT ( 'NONE',  ( 2.220446049250313081E-13, 109.9999999999999858, 30.00000000000002132 ) ) ;
#271 = ORIENTED_EDGE ( 'NONE', *, *, #1278, .F. ) ;
#272 = EDGE_CURVE ( 'NONE', #2400, #885, #4425, .T. ) ;
#273 = VERTEX_POINT ( 'NONE', #3059 ) ;
#274 = DIRECTION ( 'NONE',  ( 1.899384981211278352E-46, 0.000000000000000000, -1.000000000000000000 ) ) ;
#275 = EDGE_LOOP ( 'NONE', ( #2664, #806, #7028, #1739 ) ) ;
#276 = ADVANCED_FACE ( 'NONE', ( #3406 ), #3821, .F. ) ;
#277 = FACE_OUTER_BOUND ( 'NONE', #528, .T. ) ;
#278 = AXIS2_PLACEMENT_3D ( 'NONE', #5090, #2336, #4533 ) ;
#279 = AXIS2_PLACEMENT_3D ( 'NONE', #315, #6280, #2009 ) ;
#280 = ORIENTED_EDGE ( 'NONE', *, *, #5651, .T. ) ;
#281 = DIRECTION ( 'NONE',  ( -1.000000000000000000, 0.000000000000000000, 0.000000000000000000 ) ) ;
#282 = DIRECTION ( 'NONE',  ( -0.000000000000000000, -0.000000000000000000, -1.000000000000000000 ) ) ;
#283 = ORIENTED_EDGE ( 'NONE', *, *, #1974, .T. ) ;
#284 = ORIENTED_EDGE ( 'NONE', *, *, #67, .T. ) ;
#285 = EDGE_LOOP ( 'NONE', ( #3922, #1743 ) ) ;
#286 = DIRECTION ( 'NONE',  ( 1.000000000000000000, 0.000000000000000000, 0.000000000000000000 ) ) ;
#287 = LINE ( 'NONE', #795, #6782 ) ;
#288 = VERTEX_POINT ( 'NONE', #4701 ) ;
#289 = ORIENTED_EDGE ( 'NONE', *, *, #6207, .T. ) ;
#290 = PRODUCT_DEFINITION_SHAPE ( 'NONE', 'NONE',  #737 ) ;
#291 = CARTESIAN_POINT ( 'NONE',  ( 35.24264068711897835, 663.2426406871178415, 11.99999999999999822 ) ) ;
#292 = EDGE_LOOP ( 'NONE', ( #1808, #4044, #5500, #6162 ) ) ;
#293 = FACE_BOUND ( 'NONE', #4107, .T. ) ;
#294 = ORIENTED_EDGE ( 'NONE', *, *, #866, .T. ) ;
#295 = VECTOR ( 'NONE', #2067, 1000.000000000000000 ) ;
#296 = ORIENTED_EDGE ( 'NONE', *, *, #1026, .F. ) ;
#297 = EDGE_LOOP ( 'NONE', ( #6687, #3424, #2532, #5909 ) ) ;
#298 = DIRECTION ( 'NONE',  ( -0.000000000000000000, -0.000000000000000000, -1.000000000000000000 ) ) ;
#299 = DIRECTION ( 'NONE',  ( -1.000000000000000000, 0.000000000000000000, 0.000000000000000000 ) ) ;
#300 = CARTESIAN_POINT ( 'NONE',  ( 919.9999999999986358, 59.99999999999982947, 18.00000000000000000 ) ) ;
#301 = LINE ( 'NONE', #3849, #1759 ) ;
#302 = EDGE_LOOP ( 'NONE', ( #1731, #5133, #5480, #4997 ) ) ;
#303 = CIRCLE ( 'NONE', #2266, 3.000000000000002665 ) ;
#304 = ORIENTED_EDGE ( 'NONE', *, *, #802, .T. ) ;
#305 = CARTESIAN_POINT ( 'NONE',  ( 273.5000000000014779, 59.99999999999982947, 18.00000000000000000 ) ) ;
#306 = AXIS2_PLACEMENT_3D ( 'NONE', #5010, #2383, #2931 ) ;
#307 = DIRECTION ( 'NONE',  ( -1.000000000000000000, 0.000000000000000000, 0.000000000000000000 ) ) ;
#308 = CYLINDRICAL_SURFACE ( 'NONE', #1697, 2.999999999999993783 ) ;
#309 = ORIENTED_EDGE ( 'NONE', *, *, #958, .T. ) ;
#310 = EDGE_CURVE ( 'NONE', #1015, #3093, #3319, .T. ) ;
#311 = CARTESIAN_POINT ( 'NONE',  ( 791.9999999999987494, 59.99999999999982947, 18.00000000000000000 ) ) ;
#312 = VECTOR ( 'NONE', #2366, 1000.000000000000227 ) ;
#313 = CARTESIAN_POINT ( 'NONE',  ( 276.0000000000014779, 620.0000000000002274, 18.00000000000000000 ) ) ;
#314 = EDGE_CURVE ( 'NONE', #2921, #1936, #3144, .T. ) ;
#315 = CARTESIAN_POINT ( 'NONE',  ( 1029.999999999998636, 510.0000000000001137, 0.000000000000000000 ) ) ;
#316 = PRESENTATION_STYLE_ASSIGNMENT (( #11 ) ) ;
#317 = FACE_OUTER_BOUND ( 'NONE', #4522, .T. ) ;
#318 = CARTESIAN_POINT ( 'NONE',  ( -170.0000000000000853, 54.99999999999999289, -2.220446049250313081E-13 ) ) ;
#319 = ADVANCED_FACE ( 'NONE', ( #660 ), #2420, .F. ) ;
#320 = DIRECTION ( 'NONE',  ( 1.000000000000000000, 0.000000000000000000, 0.000000000000000000 ) ) ;
#321 = EDGE_CURVE ( 'NONE', #1674, #5393, #5621, .T. ) ;
#322 = LINE ( 'NONE', #2322, #2710 ) ;
#323 = CARTESIAN_POINT ( 'NONE',  ( 184.9999999999999432, 730.0000000000000000, 15.00000000000000000 ) ) ;
#324 = DIRECTION ( 'NONE',  ( 0.000000000000000000, 1.000000000000000000, -0.000000000000000000 ) ) ;
#325 = AXIS2_PLACEMENT_3D ( 'NONE', #2840, #3392, #655 ) ;
#326 = CARTESIAN_POINT ( 'NONE',  ( 922.4999999999985221, 27.99999999999980105, 0.000000000000000000 ) ) ;
#327 = VECTOR ( 'NONE', #3564, 1000.000000000000000 ) ;
#328 = LINE ( 'NONE', #5988, #5449 ) ;
#329 = UNCERTAINTY_MEASURE_WITH_UNIT (LENGTH_MEASURE( 1.000000000000000082E-05 ), #3894, 'distance_accuracy_value', 'NONE');
#330 = EDGE_CURVE ( 'NONE', #2940, #5576, #2379, .T. ) ;
#331 = DIRECTION ( 'NONE',  ( -0.7071067811865175967, 0.7071067811865774377, 0.000000000000000000 ) ) ;
#332 = CARTESIAN_POINT ( 'NONE',  ( 0.000000000000000000, 18.00000000000000000, 170.0000000000000568 ) ) ;
#333 = FACE_OUTER_BOUND ( 'NONE', #2160, .T. ) ;
#334 = VECTOR ( 'NONE', #5820, 1000.000000000000000 ) ;
#335 = CARTESIAN_POINT ( 'NONE',  ( -1.106549084227714486E-13, 18.00000000000000000, -167.0000000000001421 ) ) ;
#336 = CARTESIAN_POINT ( 'NONE',  ( 553.0000000000000000, 510.0000000000000000, 18.00000000000000000 ) ) ;
#337 = CIRCLE ( 'NONE', #2025, 3.000000000000002665 ) ;
#338 = EDGE_LOOP ( 'NONE', ( #2254, #2007, #6002, #6677 ) ) ;
#339 = AXIS2_PLACEMENT_3D ( 'NONE', #6676, #1272, #2302 ) ;
#340 = DIRECTION ( 'NONE',  ( -0.000000000000000000, -0.000000000000000000, -1.000000000000000000 ) ) ;
#341 = CARTESIAN_POINT ( 'NONE',  ( 1032.499999999998408, 414.0000000000002274, 0.000000000000000000 ) ) ;
#342 = ORIENTED_EDGE ( 'NONE', *, *, #1971, .F. ) ;
#343 = ITEM_DEFINED_TRANSFORMATION ( 'NONE', 'NONE', #2575,  #1321 ) ;
#344 = CARTESIAN_POINT ( 'NONE',  ( 47.49999999999997868, 576.0000000000002274, 18.00000000000000000 ) ) ;
#345 = SURFACE_STYLE_USAGE ( .BOTH. , #2498 ) ;
#346 = ADVANCED_FACE ( 'NONE', ( #3583 ), #6567, .F. ) ;
#347 = ORIENTED_EDGE ( 'NONE', *, *, #6894, .T. ) ;
#348 = CARTESIAN_POINT ( 'NONE',  ( 600.0000000000004547, 0.000000000000000000, -400.0000000000001137 ) ) ;
#349 = AXIS2_PLACEMENT_3D ( 'NONE', #3551, #2951, #5194 ) ;
#350 = DIRECTION ( 'NONE',  ( 0.000000000000000000, 0.000000000000000000, 1.000000000000000000 ) ) ;
#351 = ORIENTED_EDGE ( 'NONE', *, *, #2736, .F. ) ;
#352 = ORIENTED_EDGE ( 'NONE', *, *, #6680, .F. ) ;
#353 = DIRECTION ( 'NONE',  ( 0.000000000000000000, 0.000000000000000000, 1.000000000000000000 ) ) ;
#354 = ORIENTED_EDGE ( 'NONE', *, *, #2108, .T. ) ;
#355 = ORIENTED_EDGE ( 'NONE', *, *, #3234, .T. ) ;
#356 = ORIENTED_EDGE ( 'NONE', *, *, #4005, .F. ) ;
#357 = AXIS2_PLACEMENT_3D ( 'NONE', #4865, #4362, #1621 ) ;
#358 = ORIENTED_EDGE ( 'NONE', *, *, #825, .F. ) ;
#359 = DIRECTION ( 'NONE',  ( 0.000000000000000000, 0.000000000000000000, 1.000000000000000000 ) ) ;
#360 = EDGE_LOOP ( 'NONE', ( #79, #3596, #3856, #3621 ) ) ;
#361 = CARTESIAN_POINT ( 'NONE',  ( 2.220446049250313081E-13, 64.99999999999994316, 0.000000000000000000 ) ) ;
#362 = DIRECTION ( 'NONE',  ( 0.000000000000000000, 2.255519665188391803E-46, 1.000000000000000000 ) ) ;
#363 = AXIS2_PLACEMENT_3D ( 'NONE', #6746, #1811, #6724 ) ;
#364 = VERTEX_POINT ( 'NONE', #4685 ) ;
#365 = CARTESIAN_POINT ( 'NONE',  ( 76.87005768508983294, 613.1299423149124550, 0.000000000000000000 ) ) ;
#366 = VERTEX_POINT ( 'NONE', #4085 ) ;
#367 = LINE ( 'NONE', #5385, #5654 ) ;
#368 = EDGE_CURVE ( 'NONE', #5903, #1061, #2122, .T. ) ;
#369 = ORIENTED_EDGE ( 'NONE', *, *, #4160, .T. ) ;
#370 = EDGE_CURVE ( 'NONE', #6242, #2385, #3494, .T. ) ;
#371 = DIRECTION ( 'NONE',  ( 1.000000000000000000, 0.000000000000000000, 0.000000000000000000 ) ) ;
#372 = EDGE_LOOP ( 'NONE', ( #1980, #6241 ) ) ;
#373 = AXIS2_PLACEMENT_3D ( 'NONE', #4078, #830, #286 ) ;
#374 = VERTEX_POINT ( 'NONE', #4199 ) ;
#375 = VECTOR ( 'NONE', #6460, 1000.000000000000114 ) ;
#376 = ORIENTED_EDGE ( 'NONE', *, *, #1779, .F. ) ;
#377 = DIRECTION ( 'NONE',  ( 0.000000000000000000, 0.000000000000000000, 1.000000000000000000 ) ) ;
#378 = ORIENTED_EDGE ( 'NONE', *, *, #1660, .T. ) ;
#379 = ORIENTED_EDGE ( 'NONE', *, *, #6635, .F. ) ;
#380 = CARTESIAN_POINT ( 'NONE',  ( 67.50000000000133582, 414.0000000000000568, 18.00000000000000000 ) ) ;
#381 = FACE_BOUND ( 'NONE', #4364, .T. ) ;
#382 = DIRECTION ( 'NONE',  ( -0.000000000000000000, -0.000000000000000000, -1.000000000000000000 ) ) ;
#383 = EDGE_LOOP ( 'NONE', ( #2234, #5064, #5981, #1659 ) ) ;
#384 = EDGE_LOOP ( 'NONE', ( #4099, #1583, #2941, #1620 ) ) ;
#385 = CIRCLE ( 'NONE', #6883, 2.499999999999946709 ) ;
#386 = ORIENTED_EDGE ( 'NONE', *, *, #1201, .T. ) ;
#387 = ADVANCED_FACE ( 'NONE', ( #153 ), #1876, .F. ) ;
#388 = VECTOR ( 'NONE', #5931, 999.9999999999998863 ) ;
#389 = ORIENTED_EDGE ( 'NONE', *, *, #3053, .F. ) ;
#390 = LINE ( 'NONE', #1698, #1930 ) ;
#391 = DIRECTION ( 'NONE',  ( 0.000000000000000000, -1.000000000000000000, 0.000000000000000000 ) ) ;
#392 = CARTESIAN_POINT ( 'NONE',  ( -242.0000000000000000, 80.00000000000000000, 0.000000000000000000 ) ) ;
#393 = DIRECTION ( 'NONE',  ( -0.000000000000000000, -0.000000000000000000, -1.000000000000000000 ) ) ;
#394 = COLOUR_RGB ( '',1.000000000000000000, 1.000000000000000000, 1.000000000000000000 ) ;
#395 = DIRECTION ( 'NONE',  ( -1.000000000000000000, 0.000000000000000000, 0.000000000000000000 ) ) ;
#396 = ORIENTED_EDGE ( 'NONE', *, *, #3575, .T. ) ;
#397 = MECHANICAL_DESIGN_GEOMETRIC_PRESENTATION_REPRESENTATION (  '', ( #5380 ), #4514 ) ;
#398 = FACE_OUTER_BOUND ( 'NONE', #2185, .T. ) ;
#399 = EDGE_CURVE ( 'NONE', #4793, #4639, #7056, .T. ) ;
#400 = DIRECTION ( 'NONE',  ( 1.000000000000000000, 0.000000000000000000, 0.000000000000000000 ) ) ;
#401 = CARTESIAN_POINT ( 'NONE',  ( 40.00000000000003553, 49.99999999999993605, 15.00000000000000000 ) ) ;
#402 = VECTOR ( 'NONE', #887, 1000.000000000000227 ) ;
#403 = VECTOR ( 'NONE', #2338, 1000.000000000000000 ) ;
#404 = EDGE_CURVE ( 'NONE', #1160, #4652, #1959, .T. ) ;
#405 = LINE ( 'NONE', #4655, #740 ) ;
#406 = CARTESIAN_POINT ( 'NONE',  ( 70.00000000000135003, 169.9999999999999716, 18.00000000000000000 ) ) ;
#407 = CIRCLE ( 'NONE', #663, 2.500000000000015987 ) ;
#408 = EDGE_CURVE ( 'NONE', #6235, #709, #3744, .T. ) ;
#409 = DIRECTION ( 'NONE',  ( 0.000000000000000000, 0.000000000000000000, 1.000000000000000000 ) ) ;
#410 = FACE_OUTER_BOUND ( 'NONE', #3871, .T. ) ;
#411 = LINE ( 'NONE', #2560, #485 ) ;
#412 = DIRECTION ( 'NONE',  ( -0.7071067811865774377, -0.7071067811865175967, 0.000000000000000000 ) ) ;
#413 = CARTESIAN_POINT ( 'NONE',  ( 0.000000000000000000, 0.000000000000000000, 0.000000000000000000 ) ) ;
#414 = AXIS2_PLACEMENT_3D ( 'NONE', #42, #4390, #4344 ) ;
#415 = AXIS2_PLACEMENT_3D ( 'NONE', #901, #5835, #831 ) ;
#416 = EDGE_CURVE ( 'NONE', #6354, #2501, #5284, .T. ) ;
#417 = CARTESIAN_POINT ( 'NONE',  ( 41.53736941658081605, -7.225259684586742281, 31.00000000000000000 ) ) ;
#418 = ADVANCED_FACE ( 'NONE', ( #2200 ), #4853, .F. ) ;
#419 = LINE ( 'NONE', #5209, #70 ) ;
#420 = CYLINDRICAL_SURFACE ( 'NONE', #4427, 4.000000000000003553 ) ;
#421 = EDGE_CURVE ( 'NONE', #6931, #3517, #2043, .T. ) ;
#422 = DIRECTION ( 'NONE',  ( 1.000000000000000000, 0.000000000000000000, 0.000000000000000000 ) ) ;
#423 = DIRECTION ( 'NONE',  ( 1.000000000000000000, 0.000000000000000000, 0.000000000000000000 ) ) ;
#424 = ORIENTED_EDGE ( 'NONE', *, *, #1437, .F. ) ;
#425 = ITEM_DEFINED_TRANSFORMATION ( 'NONE', 'NONE', #5631,  #1321 ) ;
#426 = ORIENTED_EDGE ( 'NONE', *, *, #234, .T. ) ;
#427 = DIRECTION ( 'NONE',  ( 0.000000000000000000, 0.000000000000000000, 1.000000000000000000 ) ) ;
#428 = DIRECTION ( 'NONE',  ( 0.000000000000000000, 0.000000000000000000, 1.000000000000000000 ) ) ;
#429 = EDGE_LOOP ( 'NONE', ( #6375, #3313, #5824, #5555 ) ) ;
#430 = EDGE_LOOP ( 'NONE', ( #1046, #2435, #2313, #296 ) ) ;
#431 = DIRECTION ( 'NONE',  ( 0.000000000000000000, 0.000000000000000000, 1.000000000000000000 ) ) ;
#432 = CARTESIAN_POINT ( 'NONE',  ( 308.0000000000014211, 620.0000000000002274, 0.000000000000000000 ) ) ;
#433 = ORIENTED_EDGE ( 'NONE', *, *, #3984, .T. ) ;
#434 = EDGE_CURVE ( 'NONE', #2921, #2948, #4937, .T. ) ;
#435 = ADVANCED_FACE ( 'NONE', ( #840 ), #5799, .F. ) ;
#436 = VERTEX_POINT ( 'NONE', #4228 ) ;
#437 = DIRECTION ( 'NONE',  ( -0.000000000000000000, -0.000000000000000000, -1.000000000000000000 ) ) ;
#438 = EDGE_CURVE ( 'NONE', #6748, #4709, #2719, .T. ) ;
#439 = ORIENTED_EDGE ( 'NONE', *, *, #416, .T. ) ;
#440 = MECHANICAL_DESIGN_GEOMETRIC_PRESENTATION_REPRESENTATION (  '', ( #1917 ), #3870 ) ;
#441 = DIRECTION ( 'NONE',  ( -0.000000000000000000, -0.000000000000000000, -1.000000000000000000 ) ) ;
#442 = EDGE_LOOP ( 'NONE', ( #4953, #6070 ) ) ;
#443 = ORIENTED_EDGE ( 'NONE', *, *, #4296, .F. ) ;
#444 = VERTEX_POINT ( 'NONE', #451 ) ;
#445 =( BOUNDED_CURVE ( )  B_SPLINE_CURVE ( 3, ( #3178, #3156, #6972, #6903 ),
 .UNSPECIFIED., .F., .F. ) 
 B_SPLINE_CURVE_WITH_KNOTS ( ( 4, 4 ),
 ( 2.766169045608754651, 3.141592653589793116 ),
 .UNSPECIFIED. ) 
 CURVE ( )  GEOMETRIC_REPRESENTATION_ITEM ( )  RATIONAL_B_SPLINE_CURVE ( ( 1.000000000000000000, 0.9882892067347445186, 0.9882892067347445186, 1.000000000000000000 ) ) 
 REPRESENTATION_ITEM ( '' )  );
#446 = ORIENTED_EDGE ( 'NONE', *, *, #2774, .T. ) ;
#447 = EDGE_LOOP ( 'NONE', ( #4887, #3788, #4141, #2491, #6446 ) ) ;
#448 = CYLINDRICAL_SURFACE ( 'NONE', #4417, 2.499999999999946709 ) ;
#449 = ORIENTED_EDGE ( 'NONE', *, *, #3001, .T. ) ;
#450 = AXIS2_PLACEMENT_3D ( 'NONE', #3646, #2530, #422 ) ;
#451 = CARTESIAN_POINT ( 'NONE',  ( 1027.499999999998636, 265.9999999999998295, 18.00000000000000000 ) ) ;
#452 = ORIENTED_EDGE ( 'NONE', *, *, #6591, .F. ) ;
#453 =( LENGTH_UNIT ( ) NAMED_UNIT ( * ) SI_UNIT ( .MILLI., .METRE. ) );
#454 = ORIENTED_EDGE ( 'NONE', *, *, #2030, .T. ) ;
#455 = DIRECTION ( 'NONE',  ( -0.000000000000000000, -0.000000000000000000, -1.000000000000000000 ) ) ;
#456 = FACE_BOUND ( 'NONE', #4641, .T. ) ;
#457 = CIRCLE ( 'NONE', #2215, 3.000000000000002665 ) ;
#458 = EDGE_LOOP ( 'NONE', ( #129, #289 ) ) ;
#459 = EDGE_CURVE ( 'NONE', #5721, #35, #411, .T. ) ;
#460 = FACE_BOUND ( 'NONE', #1388, .T. ) ;
#461 = VECTOR ( 'NONE', #1075, 1000.000000000000000 ) ;
#462 = CARTESIAN_POINT ( 'NONE',  ( 0.000000000000000000, 5.999999999999998224, 0.000000000000000000 ) ) ;
#463 = ORIENTED_EDGE ( 'NONE', *, *, #5318, .F. ) ;
#464 = ORIENTED_EDGE ( 'NONE', *, *, #173, .F. ) ;
#465 = VECTOR ( 'NONE', #1905, 1000.000000000000000 ) ;
#466 = CARTESIAN_POINT ( 'NONE',  ( 823.9999999999987494, 59.99999999999972289, 18.00000000000000000 ) ) ;
#467 = CARTESIAN_POINT ( 'NONE',  ( -208.5000000000001990, 19.99999999999999645, -8.999999999999896971 ) ) ;
#468 = CIRCLE ( 'NONE', #2467, 4.000000000000017764 ) ;
#469 = CARTESIAN_POINT ( 'NONE',  ( 0.000000000000000000, 0.000000000000000000, 30.00000000000002132 ) ) ;
#470 = VECTOR ( 'NONE', #527, 1000.000000000000000 ) ;
#471 = DIRECTION ( 'NONE',  ( 0.000000000000000000, -2.255519665188392192E-46, -1.000000000000000000 ) ) ;
#472 = AXIS2_PLACEMENT_3D ( 'NONE', #4405, #4928, #4974 ) ;
#473 = CARTESIAN_POINT ( 'NONE',  ( 1052.500000000000000, 103.9999999999998721, 18.00000000000000000 ) ) ;
#474 = SURFACE_STYLE_FILL_AREA ( #1054 ) ;
#475 = EDGE_CURVE ( 'NONE', #2445, #2443, #6139, .T. ) ;
#476 = CARTESIAN_POINT ( 'NONE',  ( 1032.499999999998408, 414.0000000000002274, 18.00000000000000000 ) ) ;
#477 = CARTESIAN_POINT ( 'NONE',  ( -448.4999999999998863, 0.000000000000000000, -9.000000000000007105 ) ) ;
#478 = CIRCLE ( 'NONE', #278, 4.000000000000017764 ) ;
#479 = CIRCLE ( 'NONE', #5444, 6.000000000000227374 ) ;
#480 = AXIS2_PLACEMENT_3D ( 'NONE', #6794, #247, #6833 ) ;
#481 = CARTESIAN_POINT ( 'NONE',  ( 99.51915006111076423, 725.0000000000000000, 31.00000000000000000 ) ) ;
#482 = AXIS2_PLACEMENT_3D ( 'NONE', #4867, #1606, #5451 ) ;
#483 = CARTESIAN_POINT ( 'NONE',  ( 26.75735931288094349, 654.7573593128790890, 11.99999999999999822 ) ) ;
#484 = CYLINDRICAL_SURFACE ( 'NONE', #2236, 3.000000000000009770 ) ;
#485 = VECTOR ( 'NONE', #6424, 1000.000000000000000 ) ;
#486 = DIRECTION ( 'NONE',  ( 1.000000000000000000, 0.000000000000000000, 0.000000000000000000 ) ) ;
#487 = DIRECTION ( 'NONE',  ( -0.000000000000000000, -0.000000000000000000, -1.000000000000000000 ) ) ;
#488 = EDGE_CURVE ( 'NONE', #2842, #6779, #6897, .T. ) ;
#489 = CARTESIAN_POINT ( 'NONE',  ( 1046.000000000000000, 40.00000000000003553, 18.00000000000000000 ) ) ;
#490 = EDGE_CURVE ( 'NONE', #1115, #4468, #3233, .T. ) ;
#491 = CARTESIAN_POINT ( 'NONE',  ( 242.0000000000000000, 55.00000000000000000, 0.000000000000000000 ) ) ;
#492 = AXIS2_PLACEMENT_3D ( 'NONE', #664, #5021, #1710 ) ;
#493 = VECTOR ( 'NONE', #6449, 1000.000000000000000 ) ;
#494 = ORIENTED_EDGE ( 'NONE', *, *, #6622, .F. ) ;
#495 = AXIS2_PLACEMENT_3D ( 'NONE', #2509, #5281, #4130 ) ;
#496 = ORIENTED_EDGE ( 'NONE', *, *, #3242, .F. ) ;
#497 = DIRECTION ( 'NONE',  ( 0.000000000000000000, 0.000000000000000000, 1.000000000000000000 ) ) ;
#498 = DIRECTION ( 'NONE',  ( -1.000000000000000000, 0.000000000000000000, 0.000000000000000000 ) ) ;
#499 = PRODUCT_DEFINITION ( 'UNKNOWN', '', #1615, #4281 ) ;
#500 = ORIENTED_EDGE ( 'NONE', *, *, #7011, .F. ) ;
#501 = CARTESIAN_POINT ( 'NONE',  ( 278.5000000000014779, 59.99999999999982947, 18.00000000000000000 ) ) ;
#502 = ORIENTED_EDGE ( 'NONE', *, *, #1754, .T. ) ;
#503 = ORIENTED_EDGE ( 'NONE', *, *, #6224, .F. ) ;
#504 = CARTESIAN_POINT ( 'NONE',  ( 180.0000000000016200, 620.0000000000002274, 18.00000000000000000 ) ) ;
#505 = ORIENTED_EDGE ( 'NONE', *, *, #3276, .F. ) ;
#506 = ORIENTED_EDGE ( 'NONE', *, *, #755, .T. ) ;
#507 = VERTEX_POINT ( 'NONE', #927 ) ;
#508 = PLANE ( 'NONE',  #3112 ) ;
#509 = ORIENTED_EDGE ( 'NONE', *, *, #3486, .T. ) ;
#510 = DIRECTION ( 'NONE',  ( 1.000000000000000000, 0.000000000000000000, 0.000000000000000000 ) ) ;
#511 = AXIS2_PLACEMENT_3D ( 'NONE', #3119, #331, #6954 ) ;
#512 = VERTEX_POINT ( 'NONE', #2080 ) ;
#513 =( NAMED_UNIT ( * ) SI_UNIT ( $, .STERADIAN. ) SOLID_ANGLE_UNIT ( ) );
#514 = DIRECTION ( 'NONE',  ( -4.318084277547222313E-78, -1.000000000000000000, 2.255519665188392192E-46 ) ) ;
#515 = VERTEX_POINT ( 'NONE', #4176 ) ;
#516 = EDGE_CURVE ( 'NONE', #4544, #2265, #6315, .T. ) ;
#517 = VERTEX_POINT ( 'NONE', #6914 ) ;
#518 = EDGE_CURVE ( 'NONE', #6010, #5330, #1794, .T. ) ;
#519 = ORIENTED_EDGE ( 'NONE', *, *, #416, .F. ) ;
#520 = FACE_BOUND ( 'NONE', #1813, .T. ) ;
#521 = CARTESIAN_POINT ( 'NONE',  ( -1.106549084227714486E-13, 5.999999999999998224, -167.0000000000001421 ) ) ;
#522 = DIRECTION ( 'NONE',  ( 4.318084277547222313E-78, 1.000000000000000000, -2.255519665188392192E-46 ) ) ;
#523 = CARTESIAN_POINT ( 'NONE',  ( 15.10134184193276852, -2.007781800899082650E-17, 31.00000000000000000 ) ) ;
#524 = EDGE_LOOP ( 'NONE', ( #1916, #4566 ) ) ;
#525 = DIRECTION ( 'NONE',  ( 0.000000000000000000, 1.000000000000000000, 0.000000000000000000 ) ) ;
#526 = ORIENTED_EDGE ( 'NONE', *, *, #6920, .F. ) ;
#527 = DIRECTION ( 'NONE',  ( 1.000000000000000000, 0.000000000000000000, 0.000000000000000000 ) ) ;
#528 = EDGE_LOOP ( 'NONE', ( #6164, #4479, #5888, #1246 ) ) ;
#529 = CIRCLE ( 'NONE', #2816, 2.999999999999995559 ) ;
#530 = ORIENTED_EDGE ( 'NONE', *, *, #1377, .T. ) ;
#531 = EDGE_CURVE ( 'NONE', #2130, #4832, #6394, .T. ) ;
#532 = VERTEX_POINT ( 'NONE', #3749 ) ;
#533 = SURFACE_SIDE_STYLE ('',( #1772 ) ) ;
#534 = LINE ( 'NONE', #2100, #2092 ) ;
#535 = AXIS2_PLACEMENT_3D ( 'NONE', #2372, #5116, #6167 ) ;
#536 = EDGE_LOOP ( 'NONE', ( #1736, #3157, #5974, #2506 ) ) ;
#537 = DIRECTION ( 'NONE',  ( 0.000000000000000000, 0.000000000000000000, 1.000000000000000000 ) ) ;
#538 = ORIENTED_EDGE ( 'NONE', *, *, #4020, .F. ) ;
#539 = FACE_BOUND ( 'NONE', #2759, .T. ) ;
#540 = AXIS2_PLACEMENT_3D ( 'NONE', #788, #6311, #3042 ) ;
#541 = DIRECTION ( 'NONE',  ( 0.000000000000000000, -1.000000000000000000, 0.000000000000000000 ) ) ;
#542 = EDGE_LOOP ( 'NONE', ( #3880, #3841 ) ) ;
#543 =( NAMED_UNIT ( * ) PLANE_ANGLE_UNIT ( ) SI_UNIT ( $, .RADIAN. ) );
#544 = FACE_OUTER_BOUND ( 'NONE', #3266, .T. ) ;
#545 = ORIENTED_EDGE ( 'NONE', *, *, #6894, .F. ) ;
#546 = EDGE_CURVE ( 'NONE', #5630, #6703, #1611, .T. ) ;
#547 = VECTOR ( 'NONE', #182, 1000.000000000000227 ) ;
#548 = PRODUCT ( 'A000557-TAPASXXXTAPA', 'A000557-TAPASXXXTAPA', '', ( #240 ) ) ;
#549 = DIRECTION ( 'NONE',  ( -0.000000000000000000, -0.000000000000000000, -1.000000000000000000 ) ) ;
#550 = CARTESIAN_POINT ( 'NONE',  ( 47.49999999999997868, 103.9999999999998721, 18.00000000000000000 ) ) ;
#551 = FACE_OUTER_BOUND ( 'NONE', #2428, .T. ) ;
#552 = EDGE_LOOP ( 'NONE', ( #936, #3481, #3333, #2228 ) ) ;
#553 = CIRCLE ( 'NONE', #3208, 3.000000000000002665 ) ;
#554 = DIRECTION ( 'NONE',  ( -1.899384981211278352E-46, 0.000000000000000000, 1.000000000000000000 ) ) ;
#555 = CIRCLE ( 'NONE', #6126, 2.499999999999946709 ) ;
#556 = CIRCLE ( 'NONE', #3616, 2.999999999999993783 ) ;
#557 = ADVANCED_FACE ( 'NONE', ( #4517 ), #2549, .F. ) ;
#558 = DIRECTION ( 'NONE',  ( 0.000000000000000000, 2.255519665188391803E-46, 1.000000000000000000 ) ) ;
#559 = DIRECTION ( 'NONE',  ( 0.000000000000000000, 0.000000000000000000, 1.000000000000000000 ) ) ;
#560 = EDGE_CURVE ( 'NONE', #1562, #2165, #1282, .T. ) ;
#561 = VECTOR ( 'NONE', #6601, 1000.000000000000000 ) ;
#562 = LINE ( 'NONE', #24, #6388 ) ;
#563 = CARTESIAN_POINT ( 'NONE',  ( -14.70027047857083069, -725.0000000000000000, -46.62058069534950988 ) ) ;
#564 = VECTOR ( 'NONE', #5760, 1000.000000000000000 ) ;
#565 = DIRECTION ( 'NONE',  ( 0.000000000000000000, 0.000000000000000000, -1.000000000000000000 ) ) ;
#566 = EDGE_CURVE ( 'NONE', #5246, #6077, #1097, .T. ) ;
#567 = AXIS2_PLACEMENT_3D ( 'NONE', #4523, #6721, #5076 ) ;
#568 = CARTESIAN_POINT ( 'NONE',  ( 85.46958070007262620, 725.0000000000000000, 9.500000000000000000 ) ) ;
#569 = FACE_OUTER_BOUND ( 'NONE', #619, .T. ) ;
#570 = VECTOR ( 'NONE', #909, 1000.000000000000000 ) ;
#571 = DIRECTION ( 'NONE',  ( 0.000000000000000000, 0.000000000000000000, 1.000000000000000000 ) ) ;
#572 = CARTESIAN_POINT ( 'NONE',  ( -600.0000000000001137, 0.000000000000000000, 400.0000000000001705 ) ) ;
#573 = DIRECTION ( 'NONE',  ( 0.000000000000000000, 2.255519665188391803E-46, 1.000000000000000000 ) ) ;
#574 = DIRECTION ( 'NONE',  ( 1.000000000000000000, 0.000000000000000000, 0.000000000000000000 ) ) ;
#575 = PLANE ( 'NONE',  #2198 ) ;
#576 = LINE ( 'NONE', #6012, #5378 ) ;
#577 = EDGE_LOOP ( 'NONE', ( #4775, #1893 ) ) ;
#578 = CARTESIAN_POINT ( 'NONE',  ( -448.5000000000000000, 0.000000000000000000, -9.000000000000007105 ) ) ;
#579 = EDGE_LOOP ( 'NONE', ( #5470, #4187 ) ) ;
#580 = CARTESIAN_POINT ( 'NONE',  ( 111.2426406871190352, 587.2426406871243216, 18.00000000000000000 ) ) ;
#581 = DIRECTION ( 'NONE',  ( 0.000000000000000000, 0.000000000000000000, 1.000000000000000000 ) ) ;
#582 = EDGE_CURVE ( 'NONE', #794, #703, #6221, .T. ) ;
#583 = CARTESIAN_POINT ( 'NONE',  ( 58.01941254751481836, 5.421010862427522170E-17, 16.00000000000000000 ) ) ;
#584 = EDGE_CURVE ( 'NONE', #2501, #6354, #5792, .T. ) ;
#585 = PRODUCT_DEFINITION_SHAPE ( 'NONE', 'NONE',  #5137 ) ;
#586 = AXIS2_PLACEMENT_3D ( 'NONE', #4611, #5728, #3495 ) ;
#587 = ORIENTED_EDGE ( 'NONE', *, *, #5764, .T. ) ;
#588 = SHAPE_REPRESENTATION_RELATIONSHIP ( 'NONE' , 'NONE' ,  #6549, #6467 ) ;
#589 = ORIENTED_EDGE ( 'NONE', *, *, #2361, .F. ) ;
#590 = CARTESIAN_POINT ( 'NONE',  ( -600.0000000000001137, 18.00000000000000000, 400.0000000000001705 ) ) ;
#591 = DIRECTION ( 'NONE',  ( 1.000000000000000000, 0.000000000000000000, 0.000000000000000000 ) ) ;
#592 = ADVANCED_FACE ( 'NONE', ( #4765 ), #6048, .F. ) ;
#593 = CARTESIAN_POINT ( 'NONE',  ( 42.00000000000009237, 54.99999999999999289, -2.220446049250313081E-13 ) ) ;
#594 = CARTESIAN_POINT ( 'NONE',  ( 1047.500000000000000, 576.0000000000002274, 0.000000000000000000 ) ) ;
#595 = ORIENTED_EDGE ( 'NONE', *, *, #2502, .T. ) ;
#596 = ORIENTED_EDGE ( 'NONE', *, *, #3202, .F. ) ;
#597 = VERTEX_POINT ( 'NONE', #2653 ) ;
#598 = ORIENTED_EDGE ( 'NONE', *, *, #849, .F. ) ;
#599 = CARTESIAN_POINT ( 'NONE',  ( 73.00000000000135003, 169.9999999999999716, 0.000000000000000000 ) ) ;
#600 = DIRECTION ( 'NONE',  ( 1.000000000000000000, 0.000000000000000000, 0.000000000000000000 ) ) ;
#601 = EDGE_LOOP ( 'NONE', ( #1420, #5652, #5586, #1580 ) ) ;
#602 = LINE ( 'NONE', #6481, #1133 ) ;
#603 = CARTESIAN_POINT ( 'NONE',  ( 175.3632432006102420, 724.9999999999998863, 1.169197402912876921E-14 ) ) ;
#604 = CARTESIAN_POINT ( 'NONE',  ( 106.9999999999999005, 690.0000000000000000, 12.49999999999999645 ) ) ;
#605 = ORIENTED_EDGE ( 'NONE', *, *, #4530, .F. ) ;
#606 = AXIS2_PLACEMENT_3D ( 'NONE', #5595, #4113, #3047 ) ;
#607 =( NAMED_UNIT ( * ) SI_UNIT ( $, .STERADIAN. ) SOLID_ANGLE_UNIT ( ) );
#608 = ORIENTED_EDGE ( 'NONE', *, *, #6479, .F. ) ;
#609 = DIRECTION ( 'NONE',  ( -1.000000000000000000, 0.000000000000000000, 1.899384981211278352E-46 ) ) ;
#610 = ORIENTED_EDGE ( 'NONE', *, *, #3730, .F. ) ;
#611 = VECTOR ( 'NONE', #6919, 1000.000000000000000 ) ;
#612 = ORIENTED_EDGE ( 'NONE', *, *, #330, .T. ) ;
#613 = EDGE_CURVE ( 'NONE', #1567, #2443, #921, .T. ) ;
#614 = ORIENTED_EDGE ( 'NONE', *, *, #5898, .T. ) ;
#615 = CARTESIAN_POINT ( 'NONE',  ( -42.00000000000003553, 54.99999999999999289, 3.000000000000023537 ) ) ;
#616 = PRODUCT_DEFINITION_CONTEXT ( 'detailed design', #851, 'design' ) ;
#617 = DIRECTION ( 'NONE',  ( -0.000000000000000000, -0.000000000000000000, 1.000000000000000000 ) ) ;
#618 = EDGE_CURVE ( 'NONE', #3277, #515, #242, .T. ) ;
#619 = EDGE_LOOP ( 'NONE', ( #3000, #494, #6415, #424, #4224, #2169 ) ) ;
#620 = FACE_BOUND ( 'NONE', #46, .T. ) ;
#621 = CARTESIAN_POINT ( 'NONE',  ( 826.4999999999986358, 620.0000000000003411, 18.00000000000000000 ) ) ;
#622 = FACE_BOUND ( 'NONE', #1745, .T. ) ;
#623 = ORIENTED_EDGE ( 'NONE', *, *, #2744, .F. ) ;
#624 = AXIS2_PLACEMENT_3D ( 'NONE', #6017, #2171, #5983 ) ;
#625 = DIRECTION ( 'NONE',  ( 0.7071067811865774377, 0.7071067811865175967, 0.000000000000000000 ) ) ;
#626 = ADVANCED_FACE ( 'NONE', ( #6738 ), #2806, .F. ) ;
#627 = VECTOR ( 'NONE', #3096, 1000.000000000000000 ) ;
#628 = VERTEX_POINT ( 'NONE', #3767 ) ;
#629 = CIRCLE ( 'NONE', #796, 4.000000000000003553 ) ;
#630 = EDGE_CURVE ( 'NONE', #4913, #1027, #5870, .T. ) ;
#631 = VERTEX_POINT ( 'NONE', #7050 ) ;
#632 = CARTESIAN_POINT ( 'NONE',  ( 45.99999999999998579, 640.0000000000000000, 11.99999999999999822 ) ) ;
#633 = CARTESIAN_POINT ( 'NONE',  ( 791.9999999999987494, 620.0000000000002274, 0.000000000000000000 ) ) ;
#634 = ADVANCED_FACE ( 'NONE', ( #1358 ), #3649, .F. ) ;
#635 = AXIS2_PLACEMENT_3D ( 'NONE', #6109, #1176, #1252 ) ;
#636 = DIRECTION ( 'NONE',  ( 0.000000000000000000, 0.000000000000000000, 1.000000000000000000 ) ) ;
#637 = VECTOR ( 'NONE', #4959, 1000.000000000000000 ) ;
#638 = AXIS2_PLACEMENT_3D ( 'NONE', #2720, #6543, #1050 ) ;
#639 = ORIENTED_EDGE ( 'NONE', *, *, #1316, .F. ) ;
#640 = CIRCLE ( 'NONE', #6867, 3.000000000000002665 ) ;
#641 =( NAMED_UNIT ( * ) PLANE_ANGLE_UNIT ( ) SI_UNIT ( $, .RADIAN. ) );
#642 = PLANE ( 'NONE',  #2370 ) ;
#643 = LINE ( 'NONE', #5019, #2962 ) ;
#644 = CARTESIAN_POINT ( 'NONE',  ( 70.00000000000135003, 510.0000000000001137, 18.00000000000000000 ) ) ;
#645 = FACE_OUTER_BOUND ( 'NONE', #2589, .T. ) ;
#646 = CARTESIAN_POINT ( 'NONE',  ( -1.110223024625156540E-13, 18.00000000000000000, -173.0000000000001421 ) ) ;
#647 = CARTESIAN_POINT ( 'NONE',  ( 49.99999999999999289, 103.9999999999998721, 18.00000000000000000 ) ) ;
#648 = LINE ( 'NONE', #4109, #2362 ) ;
#649 = LINE ( 'NONE', #6795, #6302 ) ;
#650 = DIRECTION ( 'NONE',  ( 0.000000000000000000, 0.000000000000000000, 1.000000000000000000 ) ) ;
#651 = DIRECTION ( 'NONE',  ( 0.000000000000000000, 0.000000000000000000, 1.000000000000000000 ) ) ;
#652 = DIRECTION ( 'NONE',  ( 1.000000000000000000, 0.000000000000000000, 0.000000000000000000 ) ) ;
#653 = CYLINDRICAL_SURFACE ( 'NONE', #1518, 2.999999999999994671 ) ;
#654 = LINE ( 'NONE', #417, #2371 ) ;
#655 = DIRECTION ( 'NONE',  ( -1.000000000000000000, 0.000000000000000000, 0.000000000000000000 ) ) ;
#656 = EDGE_CURVE ( 'NONE', #5322, #3834, #3400, .T. ) ;
#657 = UNCERTAINTY_MEASURE_WITH_UNIT (LENGTH_MEASURE( 1.000000000000000082E-05 ), #453, 'distance_accuracy_value', 'NONE');
#658 = APPLICATION_PROTOCOL_DEFINITION ( 'draft international standard', 'automotive_design', 1998, #191 ) ;
#659 = FACE_OUTER_BOUND ( 'NONE', #2660, .T. ) ;
#660 = FACE_OUTER_BOUND ( 'NONE', #5415, .T. ) ;
#661 = EDGE_CURVE ( 'NONE', #4122, #2401, #237, .T. ) ;
#662 = ADVANCED_FACE ( 'NONE', ( #5538 ), #3860, .F. ) ;
#663 = AXIS2_PLACEMENT_3D ( 'NONE', #6453, #6496, #4848 ) ;
#664 = CARTESIAN_POINT ( 'NONE',  ( 208.5000000000001990, 19.99999999999999645, -8.999999999999896971 ) ) ;
#665 = CARTESIAN_POINT ( 'NONE',  ( 208.5000000000001990, 19.99999999999999645, 8.999999999999896971 ) ) ;
#666 = CARTESIAN_POINT ( 'NONE',  ( 242.0000000000000000, 55.00000000000000000, 0.000000000000000000 ) ) ;
#667 = ADVANCED_FACE ( 'NONE', ( #5613 ), #5023, .F. ) ;
#668 = LINE ( 'NONE', #3300, #2206 ) ;
#669 = ORIENTED_EDGE ( 'NONE', *, *, #3930, .T. ) ;
#670 = DIRECTION ( 'NONE',  ( 1.000000000000000000, 0.000000000000000000, 0.000000000000000000 ) ) ;
#671 = EDGE_CURVE ( 'NONE', #5753, #4863, #3904, .T. ) ;
#672 = DIRECTION ( 'NONE',  ( 0.000000000000000000, 0.000000000000000000, 1.000000000000000000 ) ) ;
#673 = MECHANICAL_DESIGN_GEOMETRIC_PRESENTATION_REPRESENTATION (  '', ( #2884 ), #1796 ) ;
#674 = ORIENTED_EDGE ( 'NONE', *, *, #1369, .T. ) ;
#675 = CARTESIAN_POINT ( 'NONE',  ( 72.50000000000133582, 414.0000000000000568, 18.00000000000000000 ) ) ;
#676 = DIRECTION ( 'NONE',  ( 0.000000000000000000, 0.000000000000000000, 1.000000000000000000 ) ) ;
#677 = CARTESIAN_POINT ( 'NONE',  ( -370.0000000000000000, 80.00000000000000000, 0.000000000000000000 ) ) ;
#678 = ORIENTED_EDGE ( 'NONE', *, *, #1502, .T. ) ;
#679 = EDGE_CURVE ( 'NONE', #3365, #1553, #1090, .T. ) ;
#680 = SHAPE_REPRESENTATION_RELATIONSHIP ( 'NONE' , 'NONE' ,  #4057, #5224 ) ;
#681 = ORIENTED_EDGE ( 'NONE', *, *, #3209, .T. ) ;
#682 = APPLICATION_PROTOCOL_DEFINITION ( 'draft international standard', 'automotive_design', 1998, #1280 ) ;
#683 = EDGE_LOOP ( 'NONE', ( #5315, #3763, #3853, #5803 ) ) ;
#684 = ORIENTED_EDGE ( 'NONE', *, *, #3830, .F. ) ;
#685 = ORIENTED_EDGE ( 'NONE', *, *, #1131, .T. ) ;
#686 = CARTESIAN_POINT ( 'NONE',  ( 183.9395984443614793, 730.0000000000000000, 21.50000000000000000 ) ) ;
#687 = DIRECTION ( 'NONE',  ( 1.329538674056075510E-18, 1.000000000000000000, -0.000000000000000000 ) ) ;
#688 = DIRECTION ( 'NONE',  ( -0.000000000000000000, -0.000000000000000000, -1.000000000000000000 ) ) ;
#689 = VERTEX_POINT ( 'NONE', #5177 ) ;
#690 = DIRECTION ( 'NONE',  ( -0.000000000000000000, -0.000000000000000000, -1.000000000000000000 ) ) ;
#691 = DIRECTION ( 'NONE',  ( -0.000000000000000000, -0.000000000000000000, -1.000000000000000000 ) ) ;
#692 = EDGE_LOOP ( 'NONE', ( #426, #1308, #6342, #791 ) ) ;
#693 = VERTEX_POINT ( 'NONE', #1380 ) ;
#694 = DIRECTION ( 'NONE',  ( 1.000000000000000000, 0.000000000000000000, 0.000000000000000000 ) ) ;
#695 = EDGE_LOOP ( 'NONE', ( #3843, #3632, #6590, #7010 ) ) ;
#696 = ADVANCED_FACE ( 'NONE', ( #914 ), #4622, .F. ) ;
#697 = LINE ( 'NONE', #2878, #3613 ) ;
#698 = EDGE_LOOP ( 'NONE', ( #1322, #118, #587, #2082 ) ) ;
#699 = CARTESIAN_POINT ( 'NONE',  ( 0.000000000000000000, 725.0000000000000000, 31.00000000000000000 ) ) ;
#700 = DIRECTION ( 'NONE',  ( 0.000000000000000000, 0.000000000000000000, 1.000000000000000000 ) ) ;
#701 = ADVANCED_FACE ( 'NONE', ( #5370 ), #833, .F. ) ;
#702 = ORIENTED_EDGE ( 'NONE', *, *, #5312, .T. ) ;
#703 = VERTEX_POINT ( 'NONE', #1435 ) ;
#704 = DIRECTION ( 'NONE',  ( 1.000000000000000000, 0.000000000000000000, 0.000000000000000000 ) ) ;
#705 = CYLINDRICAL_SURFACE ( 'NONE', #6112, 3.000000000000002665 ) ;
#706 = CARTESIAN_POINT ( 'NONE',  ( -204.5000000000001990, 19.99999999999999645, -8.999999999999896971 ) ) ;
#707 = EDGE_LOOP ( 'NONE', ( #1885, #1643, #5416, #3017 ) ) ;
#708 = AXIS2_PLACEMENT_3D ( 'NONE', #6474, #3750, #5894 ) ;
#709 = VERTEX_POINT ( 'NONE', #4070 ) ;
#710 = APPLICATION_PROTOCOL_DEFINITION ( 'draft international standard', 'automotive_design', 1998, #3444 ) ;
#711 = FACE_OUTER_BOUND ( 'NONE', #1030, .T. ) ;
#712 = EDGE_LOOP ( 'NONE', ( #1837, #5837, #4312, #1826 ) ) ;
#713 = VERTEX_POINT ( 'NONE', #6341 ) ;
#714 = FACE_OUTER_BOUND ( 'NONE', #903, .T. ) ;
#715 = EDGE_LOOP ( 'NONE', ( #2250, #2034, #678, #6631 ) ) ;
#716 = DIRECTION ( 'NONE',  ( 1.000000000000000000, 0.000000000000000000, 0.000000000000000000 ) ) ;
#717 = DIRECTION ( 'NONE',  ( -1.000000000000000000, 0.000000000000000000, 0.000000000000000000 ) ) ;
#718 = CARTESIAN_POINT ( 'NONE',  ( 788.9999999999987494, 620.0000000000002274, 18.00000000000000000 ) ) ;
#719 = AXIS2_PLACEMENT_3D ( 'NONE', #4116, #868, #5719 ) ;
#720 = CARTESIAN_POINT ( 'NONE',  ( -1.110223024625156540E-13, 5.999999999999998224, -170.0000000000001421 ) ) ;
#721 = DIRECTION ( 'NONE',  ( 0.000000000000000000, 0.000000000000000000, 1.000000000000000000 ) ) ;
#722 = ORIENTED_EDGE ( 'NONE', *, *, #5181, .F. ) ;
#723 = VECTOR ( 'NONE', #4386, 1000.000000000000000 ) ;
#724 = DIRECTION ( 'NONE',  ( 0.000000000000000000, 1.000000000000000000, 0.000000000000000000 ) ) ;
#725 = CARTESIAN_POINT ( 'NONE',  ( 311.0000000000014211, 59.99999999999982947, 18.00000000000000000 ) ) ;
#726 = EDGE_CURVE ( 'NONE', #6800, #987, #2889, .T. ) ;
#727 = CIRCLE ( 'NONE', #3825, 2.499999999999946709 ) ;
#728 = EDGE_LOOP ( 'NONE', ( #6359, #605, #2611, #4198 ) ) ;
#729 = EDGE_CURVE ( 'NONE', #5715, #2017, #7052, .T. ) ;
#730 = DIRECTION ( 'NONE',  ( -1.000000000000000000, 0.000000000000000000, 0.000000000000000000 ) ) ;
#731 = DIRECTION ( 'NONE',  ( 1.000000000000000000, 0.000000000000000000, 0.000000000000000000 ) ) ;
#732 = CARTESIAN_POINT ( 'NONE',  ( 370.0000000000000000, 55.00000000000000000, 0.000000000000000000 ) ) ;
#733 = AXIS2_PLACEMENT_3D ( 'NONE', #263, #3012, #6284 ) ;
#734 = DIRECTION ( 'NONE',  ( 0.7071067811865433539, 1.895603464402280925E-17, -0.7071067811865517916 ) ) ;
#735 = CIRCLE ( 'NONE', #5499, 2.500000000000002220 ) ;
#736 = ADVANCED_FACE ( 'NONE', ( #5280 ), #2543, .F. ) ;
#737 = PRODUCT_DEFINITION ( 'UNKNOWN', '', #146, #4631 ) ;
#738 = CARTESIAN_POINT ( 'NONE',  ( 1029.999999999998636, 382.0000000000000568, 0.000000000000000000 ) ) ;
#739 = CARTESIAN_POINT ( 'NONE',  ( 70.00000000000133582, 298.0000000000000000, 18.00000000000000000 ) ) ;
#740 = VECTOR ( 'NONE', #6304, 1000.000000000000000 ) ;
#741 = CIRCLE ( 'NONE', #4072, 2.500000000000002220 ) ;
#742 = DIRECTION ( 'NONE',  ( -1.000000000000000000, 0.000000000000000000, 0.000000000000000000 ) ) ;
#743 = ADVANCED_FACE ( 'NONE', ( #4164 ), #4334, .F. ) ;
#744 = DIRECTION ( 'NONE',  ( 1.000000000000000000, 0.000000000000000000, 0.000000000000000000 ) ) ;
#745 = DIRECTION ( 'NONE',  ( 0.000000000000000000, 0.000000000000000000, -1.000000000000000000 ) ) ;
#746 = CYLINDRICAL_SURFACE ( 'NONE', #1647, 2.499999999999946709 ) ;
#747 = VECTOR ( 'NONE', #4750, 1000.000000000000000 ) ;
#748 = CARTESIAN_POINT ( 'NONE',  ( 276.0000000000014779, 620.0000000000002274, 18.00000000000000000 ) ) ;
#749 = AXIS2_PLACEMENT_3D ( 'NONE', #5414, #6559, #3716 ) ;
#750 = MANIFOLD_SOLID_BREP ( 'Saliente-Extruir2', #1466 ) ;
#751 = FACE_OUTER_BOUND ( 'NONE', #4691, .T. ) ;
#752 = ORIENTED_EDGE ( 'NONE', *, *, #2974, .T. ) ;
#753 = DIRECTION ( 'NONE',  ( 4.318084277547222313E-78, 1.000000000000000000, 2.255519665188393748E-46 ) ) ;
#754 = DIRECTION ( 'NONE',  ( 0.000000000000000000, -1.000000000000000000, 0.000000000000000000 ) ) ;
#755 = EDGE_CURVE ( 'NONE', #1147, #6555, #1527, .T. ) ;
#756 = DIRECTION ( 'NONE',  ( 0.000000000000000000, 1.000000000000000000, 0.000000000000000000 ) ) ;
#757 = EDGE_CURVE ( 'NONE', #5243, #6854, #1003, .T. ) ;
#758 = PLANE ( 'NONE',  #1006 ) ;
#759 = VERTEX_POINT ( 'NONE', #5364 ) ;
#760 = CONTEXT_DEPENDENT_SHAPE_REPRESENTATION ( #1421, #4943 ) ;
#761 = CARTESIAN_POINT ( 'NONE',  ( 1064.757359312880908, 663.2426406871178415, 11.99999999999999822 ) ) ;
#762 = AXIS2_PLACEMENT_3D ( 'NONE', #432, #3132, #2541 ) ;
#763 = DIRECTION ( 'NONE',  ( -0.000000000000000000, -0.000000000000000000, -1.000000000000000000 ) ) ;
#764 = VERTEX_POINT ( 'NONE', #6370 ) ;
#765 = VERTEX_POINT ( 'NONE', #5316 ) ;
#766 = EDGE_CURVE ( 'NONE', #6168, #2012, #479, .T. ) ;
#767 = ORIENTED_EDGE ( 'NONE', *, *, #6457, .T. ) ;
#768 = DIRECTION ( 'NONE',  ( 0.000000000000000000, 0.000000000000000000, 1.000000000000000000 ) ) ;
#769 = ADVANCED_FACE ( 'NONE', ( #6648 ), #6410, .F. ) ;
#770 = VERTEX_POINT ( 'NONE', #894 ) ;
#771 = AXIS2_PLACEMENT_3D ( 'NONE', #1677, #5445, #486 ) ;
#772 = AXIS2_PLACEMENT_3D ( 'NONE', #4337, #1382, #3296 ) ;
#773 = ORIENTED_EDGE ( 'NONE', *, *, #6085, .F. ) ;
#774 = CARTESIAN_POINT ( 'NONE',  ( 823.9999999999987494, 620.0000000000003411, 18.00000000000000000 ) ) ;
#775 = CARTESIAN_POINT ( 'NONE',  ( 1100.000000000000000, 680.0000000000000000, 0.000000000000000000 ) ) ;
#776 = ORIENTED_EDGE ( 'NONE', *, *, #1367, .F. ) ;
#777 = ADVANCED_FACE ( 'NONE', ( #4082 ), #3733, .T. ) ;
#778 = PLANE ( 'NONE',  #5858 ) ;
#779 = ORIENTED_EDGE ( 'NONE', *, *, #3984, .F. ) ;
#780 = EDGE_CURVE ( 'NONE', #4884, #3891, #3990, .T. ) ;
#781 = ORIENTED_EDGE ( 'NONE', *, *, #3643, .F. ) ;
#782 = APPLICATION_PROTOCOL_DEFINITION ( 'draft international standard', 'automotive_design', 1998, #6713 ) ;
#783 = ORIENTED_EDGE ( 'NONE', *, *, #2779, .F. ) ;
#784 = DIRECTION ( 'NONE',  ( 0.000000000000000000, 0.000000000000000000, -1.000000000000000000 ) ) ;
#785 = CIRCLE ( 'NONE', #4273, 2.999999999999891642 ) ;
#786 = ORIENTED_EDGE ( 'NONE', *, *, #1782, .F. ) ;
#787 = DIRECTION ( 'NONE',  ( -0.000000000000000000, -0.000000000000000000, -1.000000000000000000 ) ) ;
#788 = CARTESIAN_POINT ( 'NONE',  ( 0.000000000000000000, 0.000000000000000000, 0.000000000000000000 ) ) ;
#789 = CARTESIAN_POINT ( 'NONE',  ( 63.09449189287384741, 0.000000000000000000, 31.00000000000000000 ) ) ;
#790 = ORIENTED_EDGE ( 'NONE', *, *, #5294, .T. ) ;
#791 = ORIENTED_EDGE ( 'NONE', *, *, #2030, .F. ) ;
#792 = FACE_OUTER_BOUND ( 'NONE', #338, .T. ) ;
#793 = VERTEX_POINT ( 'NONE', #5856 ) ;
#794 = VERTEX_POINT ( 'NONE', #5343 ) ;
#795 = CARTESIAN_POINT ( 'NONE',  ( 52.50000000000001421, 576.0000000000002274, 18.00000000000000000 ) ) ;
#796 = AXIS2_PLACEMENT_3D ( 'NONE', #5205, #3127, #4682 ) ;
#797 = DIRECTION ( 'NONE',  ( 0.000000000000000000, 0.000000000000000000, 1.000000000000000000 ) ) ;
#798 = ORIENTED_EDGE ( 'NONE', *, *, #6251, .T. ) ;
#799 = FACE_BOUND ( 'NONE', #2572, .T. ) ;
#800 = FACE_BOUND ( 'NONE', #4696, .T. ) ;
#801 = VERTEX_POINT ( 'NONE', #2091 ) ;
#802 = EDGE_CURVE ( 'NONE', #1116, #3351, #445, .T. ) ;
#803 = EDGE_CURVE ( 'NONE', #5067, #2062, #1187, .T. ) ;
#804 = DIRECTION ( 'NONE',  ( 0.000000000000000000, 0.000000000000000000, 1.000000000000000000 ) ) ;
#805 = LINE ( 'NONE', #1290, #5762 ) ;
#806 = ORIENTED_EDGE ( 'NONE', *, *, #3342, .T. ) ;
#807 = MECHANICAL_DESIGN_GEOMETRIC_PRESENTATION_REPRESENTATION (  '', ( #3140 ), #1185 ) ;
#808 = CIRCLE ( 'NONE', #3404, 2.999999999999891642 ) ;
#809 = VERTEX_POINT ( 'NONE', #2567 ) ;
#810 =( REPRESENTATION_RELATIONSHIP ('NONE','NONE', #1817, #1798 ) REPRESENTATION_RELATIONSHIP_WITH_TRANSFORMATION ( #2395 )SHAPE_REPRESENTATION_RELATIONSHIP( ) );
#811 = DIRECTION ( 'NONE',  ( -1.000000000000000000, 0.000000000000000000, 0.000000000000000000 ) ) ;
#812 = ADVANCED_FACE ( 'NONE', ( #6473 ), #2464, .F. ) ;
#813 = CIRCLE ( 'NONE', #3784, 2.500000000000002220 ) ;
#814 = VERTEX_POINT ( 'NONE', #2029 ) ;
#815 = CARTESIAN_POINT ( 'NONE',  ( 791.9999999999987494, 59.99999999999982947, 18.00000000000000000 ) ) ;
#816 = VECTOR ( 'NONE', #1834, 1000.000000000000000 ) ;
#817 = CARTESIAN_POINT ( 'NONE',  ( 52.50000000000001421, 103.9999999999998721, 18.00000000000000000 ) ) ;
#818 = DIRECTION ( 'NONE',  ( -0.000000000000000000, -0.000000000000000000, 1.000000000000000000 ) ) ;
#819 =( LENGTH_UNIT ( ) NAMED_UNIT ( * ) SI_UNIT ( .MILLI., .METRE. ) );
#820 = CIRCLE ( 'NONE', #1597, 3.000000000000006217 ) ;
#821 = AXIS2_PLACEMENT_3D ( 'NONE', #6248, #3533, #3003 ) ;
#822 = CARTESIAN_POINT ( 'NONE',  ( 276.0000000000014779, 620.0000000000002274, 18.00000000000000000 ) ) ;
#823 = VECTOR ( 'NONE', #2860, 1000.000000000000000 ) ;
#824 = CARTESIAN_POINT ( 'NONE',  ( 1023.129942314910522, 613.1299423149123413, 18.00000000000000000 ) ) ;
#825 = EDGE_CURVE ( 'NONE', #5497, #3864, #4512, .T. ) ;
#826 = DIRECTION ( 'NONE',  ( 0.000000000000000000, 0.000000000000000000, 1.000000000000000000 ) ) ;
#827 = CARTESIAN_POINT ( 'NONE',  ( 80.87005768508957715, 66.87005768508768710, 11.99999999999999822 ) ) ;
#828 = LINE ( 'NONE', #228, #3480 ) ;
#829 = CIRCLE ( 'NONE', #5109, 2.999999999999891642 ) ;
#830 = DIRECTION ( 'NONE',  ( 0.000000000000000000, 0.000000000000000000, 1.000000000000000000 ) ) ;
#831 = DIRECTION ( 'NONE',  ( 0.000000000000000000, 0.000000000000000000, 1.000000000000000000 ) ) ;
#832 = CIRCLE ( 'NONE', #2979, 2.999999999999891642 ) ;
#833 = CYLINDRICAL_SURFACE ( 'NONE', #1430, 4.000000000000003553 ) ;
#834 = CARTESIAN_POINT ( 'NONE',  ( 276.0000000000014779, 59.99999999999982947, 18.00000000000000000 ) ) ;
#835 = AXIS2_PLACEMENT_3D ( 'NONE', #6160, #4563, #2911 ) ;
#836 = DIRECTION ( 'NONE',  ( 0.000000000000000000, -0.000000000000000000, -1.000000000000000000 ) ) ;
#837 = DIRECTION ( 'NONE',  ( 0.000000000000000000, 0.000000000000000000, 1.000000000000000000 ) ) ;
#838 = CARTESIAN_POINT ( 'NONE',  ( 170.0000000000000853, 54.99999999999999289, 0.000000000000000000 ) ) ;
#839 = LINE ( 'NONE', #5657, #1879 ) ;
#840 = FACE_OUTER_BOUND ( 'NONE', #12, .T. ) ;
#841 = DIRECTION ( 'NONE',  ( 1.000000000000000000, 0.000000000000000000, 0.000000000000000000 ) ) ;
#842 = DIRECTION ( 'NONE',  ( -4.318084277547222313E-78, -1.000000000000000000, -2.255519665188393748E-46 ) ) ;
#843 = CYLINDRICAL_SURFACE ( 'NONE', #3837, 2.499999999999946709 ) ;
#844 = ORIENTED_EDGE ( 'NONE', *, *, #5980, .T. ) ;
#845 = DIRECTION ( 'NONE',  ( -1.000000000000000000, -0.000000000000000000, -0.000000000000000000 ) ) ;
#846 = AXIS2_PLACEMENT_3D ( 'NONE', #6505, #4875, #1613 ) ;
#847 = CARTESIAN_POINT ( 'NONE',  ( 45.00000000000014921, 109.9999999999999858, 30.00000000000000711 ) ) ;
#848 = VERTEX_POINT ( 'NONE', #3087 ) ;
#849 = EDGE_CURVE ( 'NONE', #2401, #3192, #654, .T. ) ;
#850 = EDGE_LOOP ( 'NONE', ( #2411, #977, #1250, #1158 ) ) ;
#851 = APPLICATION_CONTEXT ( 'automotive_design' ) ;
#852 = AXIS2_PLACEMENT_3D ( 'NONE', #5447, #5979, #1123 ) ;
#853 = DIRECTION ( 'NONE',  ( -1.000000000000000000, 0.000000000000000000, 0.000000000000000000 ) ) ;
#854 = ORIENTED_EDGE ( 'NONE', *, *, #5622, .T. ) ;
#855 = DIRECTION ( 'NONE',  ( -0.000000000000000000, -0.000000000000000000, 1.000000000000000000 ) ) ;
#856 = AXIS2_PLACEMENT_3D ( 'NONE', #4894, #565, #1625 ) ;
#857 = PRESENTATION_STYLE_ASSIGNMENT (( #2612 ) ) ;
#858 = ORIENTED_EDGE ( 'NONE', *, *, #6525, .T. ) ;
#859 = ORIENTED_EDGE ( 'NONE', *, *, #5020, .T. ) ;
#860 = DIRECTION ( 'NONE',  ( 0.000000000000000000, 1.000000000000000000, 0.000000000000000000 ) ) ;
#861 =( NAMED_UNIT ( * ) PLANE_ANGLE_UNIT ( ) SI_UNIT ( $, .RADIAN. ) );
#862 = ORIENTED_EDGE ( 'NONE', *, *, #1099, .T. ) ;
#863 = EDGE_CURVE ( 'NONE', #4971, #809, #3815, .T. ) ;
#864 = ORIENTED_EDGE ( 'NONE', *, *, #2094, .F. ) ;
#865 = PLANE ( 'NONE',  #3681 ) ;
#866 = EDGE_CURVE ( 'NONE', #3430, #6854, #2634, .T. ) ;
#867 = ORIENTED_EDGE ( 'NONE', *, *, #2637, .F. ) ;
#868 = DIRECTION ( 'NONE',  ( 1.000000000000000000, 0.000000000000000000, 0.000000000000000000 ) ) ;
#869 = AXIS2_PLACEMENT_3D ( 'NONE', #5633, #2396, #5070 ) ;
#870 = ORIENTED_EDGE ( 'NONE', *, *, #89, .F. ) ;
#871 = DIRECTION ( 'NONE',  ( -1.000000000000000000, 0.000000000000000000, 0.000000000000000000 ) ) ;
#872 = EDGE_LOOP ( 'NONE', ( #7001, #4127, #6286, #6180 ) ) ;
#873 = EDGE_LOOP ( 'NONE', ( #2000, #5748, #3760, #4465, #4900 ) ) ;
#874 = LINE ( 'NONE', #1379, #4470 ) ;
#875 = DIRECTION ( 'NONE',  ( -0.1156569635167078447, -0.9932892160846682472, 0.000000000000000000 ) ) ;
#876 = AXIS2_PLACEMENT_3D ( 'NONE', #4537, #1258, #2872 ) ;
#877 = ORIENTED_EDGE ( 'NONE', *, *, #2026, .F. ) ;
#878 = EDGE_LOOP ( 'NONE', ( #2357, #5689 ) ) ;
#879 = ORIENTED_EDGE ( 'NONE', *, *, #3373, .T. ) ;
#880 = FACE_OUTER_BOUND ( 'NONE', #5247, .T. ) ;
#881 = VERTEX_POINT ( 'NONE', #1563 ) ;
#882 = DIRECTION ( 'NONE',  ( 1.000000000000000000, 0.000000000000000000, 0.000000000000000000 ) ) ;
#883 = DIRECTION ( 'NONE',  ( 0.000000000000000000, 0.000000000000000000, 1.000000000000000000 ) ) ;
#884 = CARTESIAN_POINT ( 'NONE',  ( 550.0000000000000000, 169.9999999999999716, 18.00000000000000000 ) ) ;
#885 = VERTEX_POINT ( 'NONE', #959 ) ;
#886 = UNCERTAINTY_MEASURE_WITH_UNIT (LENGTH_MEASURE( 1.000000000000000082E-05 ), #4395, 'distance_accuracy_value', 'NONE');
#887 = DIRECTION ( 'NONE',  ( -0.1156569635167078447, -0.9932892160846682472, 0.000000000000000000 ) ) ;
#888 = CYLINDRICAL_SURFACE ( 'NONE', #83, 2.500000000000015987 ) ;
#889 = VERTEX_POINT ( 'NONE', #4400 ) ;
#890 = FACE_BOUND ( 'NONE', #5289, .T. ) ;
#891 = EDGE_LOOP ( 'NONE', ( #3107, #3074, #505, #4306, #6849, #4463 ) ) ;
#892 = FILL_AREA_STYLE_COLOUR ( '', #2849 ) ;
#893 = AXIS2_PLACEMENT_3D ( 'NONE', #3071, #6925, #5319 ) ;
#894 = CARTESIAN_POINT ( 'NONE',  ( -266.5000000000000568, 0.000000000000000000, 8.999999999999904077 ) ) ;
#895 = EDGE_LOOP ( 'NONE', ( #4823, #7031, #195, #1341 ) ) ;
#896 = EDGE_CURVE ( 'NONE', #5395, #2055, #4681, .T. ) ;
#897 = CARTESIAN_POINT ( 'NONE',  ( 54.00000000000001421, 40.00000000000014921, 11.99999999999999822 ) ) ;
#898 = CIRCLE ( 'NONE', #1106, 2.500000000000015987 ) ;
#899 = CARTESIAN_POINT ( 'NONE',  ( 242.0000000000000000, 55.00000000000000000, 2.999999999999994671 ) ) ;
#900 = EDGE_CURVE ( 'NONE', #1567, #4896, #4847, .T. ) ;
#901 = CARTESIAN_POINT ( 'NONE',  ( 370.0000000000000000, 55.00000000000000000, 0.000000000000000000 ) ) ;
#902 = CYLINDRICAL_SURFACE ( 'NONE', #5716, 2.499999999999946709 ) ;
#903 = EDGE_LOOP ( 'NONE', ( #6510, #3708, #1645, #6697 ) ) ;
#904 = LINE ( 'NONE', #206, #136 ) ;
#905 = DIRECTION ( 'NONE',  ( 1.000000000000000000, 0.000000000000000000, 0.000000000000000000 ) ) ;
#906 = DIRECTION ( 'NONE',  ( 1.000000000000000000, 0.000000000000000000, 0.000000000000000000 ) ) ;
#907 = EDGE_CURVE ( 'NONE', #3347, #1769, #328, .T. ) ;
#908 = VECTOR ( 'NONE', #4830, 1000.000000000000000 ) ;
#909 = DIRECTION ( 'NONE',  ( -0.000000000000000000, -0.000000000000000000, -1.000000000000000000 ) ) ;
#910 = AXIS2_PLACEMENT_3D ( 'NONE', #4371, #5925, #6501 ) ;
#911 = EDGE_CURVE ( 'NONE', #2927, #6859, #1954, .T. ) ;
#912 = DIRECTION ( 'NONE',  ( -0.000000000000000000, -0.000000000000000000, -1.000000000000000000 ) ) ;
#913 = FACE_OUTER_BOUND ( 'NONE', #6075, .T. ) ;
#914 = FACE_OUTER_BOUND ( 'NONE', #4728, .T. ) ;
#915 = DIRECTION ( 'NONE',  ( 1.000000000000000000, 0.000000000000000000, 0.000000000000000000 ) ) ;
#916 = ADVANCED_FACE ( 'NONE', ( #6308 ), #1589, .F. ) ;
#917 = EDGE_CURVE ( 'NONE', #6686, #4568, #149, .T. ) ;
#918 = CARTESIAN_POINT ( 'NONE',  ( 922.9999999999986358, 59.99999999999982947, 18.00000000000000000 ) ) ;
#919 = CARTESIAN_POINT ( 'NONE',  ( 266.5000000000002274, 80.00000000000000000, 8.999999999999904077 ) ) ;
#920 = LINE ( 'NONE', #2237, #5111 ) ;
#921 = LINE ( 'NONE', #489, #5112 ) ;
#922 = DIRECTION ( 'NONE',  ( -0.000000000000000000, -0.000000000000000000, -1.000000000000000000 ) ) ;
#923 = DIRECTION ( 'NONE',  ( 0.000000000000000000, 0.000000000000000000, 1.000000000000000000 ) ) ;
#924 = LINE ( 'NONE', #4771, #3587 ) ;
#925 = VECTOR ( 'NONE', #4595, 1000.000000000000000 ) ;
#926 = CARTESIAN_POINT ( 'NONE',  ( 821.4999999999987494, 620.0000000000003411, 18.00000000000000000 ) ) ;
#927 = CARTESIAN_POINT ( 'NONE',  ( 111.2426406871194473, 92.75735931288359382, 18.00000000000000000 ) ) ;
#928 = CARTESIAN_POINT ( 'NONE',  ( 183.9395984443614793, 730.0000000000000000, 9.500000000000000000 ) ) ;
#929 = CARTESIAN_POINT ( 'NONE',  ( 276.0000000000014779, 620.0000000000002274, 0.000000000000000000 ) ) ;
#930 = ORIENTED_EDGE ( 'NONE', *, *, #161, .T. ) ;
#931 = ITEM_DEFINED_TRANSFORMATION ( 'NONE', 'NONE', #5509,  #1321 ) ;
#932 = EDGE_CURVE ( 'NONE', #6262, #180, #3489, .T. ) ;
#933 = PRODUCT_DEFINITION_SHAPE ( 'NONE', 'NONE',  #7067 ) ;
#934 = CARTESIAN_POINT ( 'NONE',  ( 86.05177248089445641, 730.0000000000000000, 9.500000000000000000 ) ) ;
#935 = EDGE_CURVE ( 'NONE', #969, #1226, #562, .T. ) ;
#936 = ORIENTED_EDGE ( 'NONE', *, *, #3504, .T. ) ;
#937 = AXIS2_PLACEMENT_3D ( 'NONE', #3044, #4773, #5241 ) ;
#938 = DIRECTION ( 'NONE',  ( -0.000000000000000000, 1.000000000000000000, -0.000000000000000000 ) ) ;
#939 = DIRECTION ( 'NONE',  ( 4.318084277547222313E-78, 1.000000000000000000, 2.255519665188393748E-46 ) ) ;
#940 = ORIENTED_EDGE ( 'NONE', *, *, #5399, .F. ) ;
#941 = ORIENTED_EDGE ( 'NONE', *, *, #2474, .T. ) ;
#942 = DIRECTION ( 'NONE',  ( 4.318084277547222313E-78, 1.000000000000000000, 2.255519665188393748E-46 ) ) ;
#943 = ADVANCED_BREP_SHAPE_REPRESENTATION ( '', ( #2992, #1321 ), #5567 ) ;
#944 = VERTEX_POINT ( 'NONE', #6574 ) ;
#945 = VERTEX_POINT ( 'NONE', #6021 ) ;
#946 = DIRECTION ( 'NONE',  ( 1.000000000000000000, 0.000000000000000000, 0.000000000000000000 ) ) ;
#947 = ADVANCED_FACE ( 'NONE', ( #4931 ), #4835, .F. ) ;
#948 = ORIENTED_EDGE ( 'NONE', *, *, #6368, .T. ) ;
#949 = DIRECTION ( 'NONE',  ( -0.000000000000000000, -0.000000000000000000, -1.000000000000000000 ) ) ;
#950 = AXIS2_PLACEMENT_3D ( 'NONE', #5601, #724, #3945 ) ;
#951 = VERTEX_POINT ( 'NONE', #568 ) ;
#952 = CARTESIAN_POINT ( 'NONE',  ( -42.00000000000003553, 54.99999999999999289, -2.999999999999995559 ) ) ;
#953 = ORIENTED_EDGE ( 'NONE', *, *, #6492, .T. ) ;
#954 = VECTOR ( 'NONE', #6560, 1000.000000000000000 ) ;
#955 = DIRECTION ( 'NONE',  ( 0.000000000000000000, -1.000000000000000000, 0.000000000000000000 ) ) ;
#956 = EDGE_CURVE ( 'NONE', #3410, #7036, #1701, .T. ) ;
#957 = ORIENTED_EDGE ( 'NONE', *, *, #6886, .T. ) ;
#958 = EDGE_CURVE ( 'NONE', #5591, #2385, #741, .T. ) ;
#959 = CARTESIAN_POINT ( 'NONE',  ( 404.4999999999999432, 20.00000000000000355, -9.000000000000007105 ) ) ;
#960 = ORIENTED_EDGE ( 'NONE', *, *, #3118, .T. ) ;
#961 = PRODUCT ( 'A000557-REFUERZOREFU', 'A000557-REFUERZOREFU', '', ( #5096 ) ) ;
#962 = CARTESIAN_POINT ( 'NONE',  ( 1050.000000000000000, 640.0000000000000000, 11.99999999999999822 ) ) ;
#963 = ORIENTED_EDGE ( 'NONE', *, *, #6207, .F. ) ;
#964 = LINE ( 'NONE', #3114, #2078 ) ;
#965 = ORIENTED_EDGE ( 'NONE', *, *, #2905, .T. ) ;
#966 = CARTESIAN_POINT ( 'NONE',  ( 821.4999999999987494, 620.0000000000003411, 18.00000000000000000 ) ) ;
#967 = CARTESIAN_POINT ( 'NONE',  ( 113.0000000000007674, 97.00000000000497380, 11.99999999999999822 ) ) ;
#968 = CARTESIAN_POINT ( 'NONE',  ( 826.4999999999986358, 59.99999999999972289, 0.000000000000000000 ) ) ;
#969 = VERTEX_POINT ( 'NONE', #1086 ) ;
#970 = PRODUCT_DEFINITION_SHAPE ( 'NONE', 'NONE',  #4767 ) ;
#971 = EDGE_LOOP ( 'NONE', ( #4496, #5961, #2579, #3357 ) ) ;
#972 = DIRECTION ( 'NONE',  ( 0.000000000000000000, 0.000000000000000000, -1.000000000000000000 ) ) ;
#973 = FACE_BOUND ( 'NONE', #372, .T. ) ;
#974 = ORIENTED_EDGE ( 'NONE', *, *, #5063, .T. ) ;
#975 = FACE_BOUND ( 'NONE', #4015, .T. ) ;
#976 = AXIS2_PLACEMENT_3D ( 'NONE', #5564, #2942, #6663 ) ;
#977 = ORIENTED_EDGE ( 'NONE', *, *, #907, .F. ) ;
#978 = CARTESIAN_POINT ( 'NONE',  ( 466.5000000000000000, 80.00000000000000000, 9.000000000000007105 ) ) ;
#979 = DIRECTION ( 'NONE',  ( 0.9932892160846683582, -0.1156569635167078586, 0.000000000000000000 ) ) ;
#980 = CIRCLE ( 'NONE', #3461, 3.000000000000002665 ) ;
#981 = DIRECTION ( 'NONE',  ( 0.000000000000000000, 1.000000000000000000, 0.000000000000000000 ) ) ;
#982 = CARTESIAN_POINT ( 'NONE',  ( 180.0000000000015064, 652.0000000000002274, 18.00000000000000000 ) ) ;
#983 = ORIENTED_EDGE ( 'NONE', *, *, #6171, .T. ) ;
#984 =( NAMED_UNIT ( * ) PLANE_ANGLE_UNIT ( ) SI_UNIT ( $, .RADIAN. ) );
#985 = CARTESIAN_POINT ( 'NONE',  ( 35.24264068711946862, 16.75735931287708880, 11.99999999999999822 ) ) ;
#986 = FACE_OUTER_BOUND ( 'NONE', #3179, .T. ) ;
#987 = VERTEX_POINT ( 'NONE', #2659 ) ;
#988 = AXIS2_PLACEMENT_3D ( 'NONE', #3065, #6882, #5806 ) ;
#989 = LINE ( 'NONE', #5634, #5691 ) ;
#990 = CARTESIAN_POINT ( 'NONE',  ( 84.99999999999994316, 730.0000000000000000, 13.11177352665370321 ) ) ;
#991 = EDGE_CURVE ( 'NONE', #121, #3279, #6132, .T. ) ;
#992 = CARTESIAN_POINT ( 'NONE',  ( 110.0000000000000995, 0.000000000000000000, 30.00000000000000711 ) ) ;
#993 = CARTESIAN_POINT ( 'NONE',  ( 59.99999999999994316, 70.00000000000005684, 18.00000000000002132 ) ) ;
#994 = CIRCLE ( 'NONE', #6633, 3.000000000000002665 ) ;
#995 = EDGE_CURVE ( 'NONE', #3612, #2265, #2639, .T. ) ;
#996 = CARTESIAN_POINT ( 'NONE',  ( 1026.999999999998863, 510.0000000000001137, 0.000000000000000000 ) ) ;
#997 = CIRCLE ( 'NONE', #5029, 2.500000000000002220 ) ;
#998 = DIRECTION ( 'NONE',  ( 0.7071067811865771047, -0.7071067811865179298, 0.000000000000000000 ) ) ;
#999 = CIRCLE ( 'NONE', #6710, 3.000000000000002665 ) ;
#1000 = CARTESIAN_POINT ( 'NONE',  ( 1019.129942314910522, 66.87005768508768710, 11.99999999999999822 ) ) ;
#1001 = EDGE_CURVE ( 'NONE', #6203, #4310, #3147, .T. ) ;
#1002 = LINE ( 'NONE', #2867, #4764 ) ;
#1003 = LINE ( 'NONE', #6861, #3740 ) ;
#1004 = DIRECTION ( 'NONE',  ( 0.000000000000000000, 0.000000000000000000, 1.000000000000000000 ) ) ;
#1005 = AXIS2_PLACEMENT_3D ( 'NONE', #3966, #6093, #3349 ) ;
#1006 = AXIS2_PLACEMENT_3D ( 'NONE', #5135, #2416, #1857 ) ;
#1007 = EDGE_CURVE ( 'NONE', #5666, #987, #3323, .T. ) ;
#1008 = DIRECTION ( 'NONE',  ( 0.000000000000000000, 0.000000000000000000, 1.000000000000000000 ) ) ;
#1009 = VECTOR ( 'NONE', #2251, 1000.000000000000000 ) ;
#1010 = FACE_OUTER_BOUND ( 'NONE', #1044, .T. ) ;
#1011 = DIRECTION ( 'NONE',  ( 0.000000000000000000, 0.000000000000000000, 1.000000000000000000 ) ) ;
#1012 = DIRECTION ( 'NONE',  ( 0.000000000000000000, 0.000000000000000000, 1.000000000000000000 ) ) ;
#1013 = CYLINDRICAL_SURFACE ( 'NONE', #3248, 3.000000000000002665 ) ;
#1014 = ORIENTED_EDGE ( 'NONE', *, *, #3325, .T. ) ;
#1015 = VERTEX_POINT ( 'NONE', #166 ) ;
#1016 = DIRECTION ( 'NONE',  ( 0.000000000000000000, 0.000000000000000000, 1.000000000000000000 ) ) ;
#1017 = ORIENTED_EDGE ( 'NONE', *, *, #3188, .T. ) ;
#1018 = DIRECTION ( 'NONE',  ( -0.000000000000000000, -0.000000000000000000, -1.000000000000000000 ) ) ;
#1019 = FILL_AREA_STYLE ('',( #1649 ) ) ;
#1020 = DIRECTION ( 'NONE',  ( 4.318084277547222313E-78, 1.000000000000000000, 2.255519665188393748E-46 ) ) ;
#1021 = ORIENTED_EDGE ( 'NONE', *, *, #3253, .T. ) ;
#1022 = AXIS2_PLACEMENT_3D ( 'NONE', #748, #4120, #1910 ) ;
#1023 = CARTESIAN_POINT ( 'NONE',  ( 550.0000000000000000, 510.0000000000000000, 18.00000000000000000 ) ) ;
#1024 = CARTESIAN_POINT ( 'NONE',  ( 823.9999999999987494, 620.0000000000003411, 18.00000000000000000 ) ) ;
#1025 = ORIENTED_EDGE ( 'NONE', *, *, #2008, .T. ) ;
#1026 = EDGE_CURVE ( 'NONE', #4713, #374, #2982, .T. ) ;
#1027 = VERTEX_POINT ( 'NONE', #1728 ) ;
#1028 = CARTESIAN_POINT ( 'NONE',  ( 600.0000000000004547, 18.00000000000000000, 400.0000000000001705 ) ) ;
#1029 = EDGE_CURVE ( 'NONE', #5249, #4884, #6824, .T. ) ;
#1030 = EDGE_LOOP ( 'NONE', ( #6576, #165, #1037, #3953 ) ) ;
#1031 = ORIENTED_EDGE ( 'NONE', *, *, #757, .T. ) ;
#1032 = DIRECTION ( 'NONE',  ( 0.000000000000000000, 0.000000000000000000, 1.000000000000000000 ) ) ;
#1033 = AXIS2_PLACEMENT_3D ( 'NONE', #2972, #4065, #6217 ) ;
#1034 = DIRECTION ( 'NONE',  ( 0.000000000000000000, 2.255519665188391803E-46, 1.000000000000000000 ) ) ;
#1035 = CARTESIAN_POINT ( 'NONE',  ( -204.5000000000001990, 19.99999999999999645, 9.000000000000119016 ) ) ;
#1036 = ORIENTED_EDGE ( 'NONE', *, *, #5798, .F. ) ;
#1037 = ORIENTED_EDGE ( 'NONE', *, *, #1790, .T. ) ;
#1038 = CARTESIAN_POINT ( 'NONE',  ( -370.0000000000000000, 55.00000000000000000, 2.999999999999994671 ) ) ;
#1039 = VERTEX_POINT ( 'NONE', #2316 ) ;
#1040 = CIRCLE ( 'NONE', #6573, 2.500000000000002220 ) ;
#1041 = DIRECTION ( 'NONE',  ( 1.000000000000000000, 0.000000000000000000, 0.000000000000000000 ) ) ;
#1042 = ORIENTED_EDGE ( 'NONE', *, *, #3792, .T. ) ;
#1043 = EDGE_CURVE ( 'NONE', #6067, #1015, #1793, .T. ) ;
#1044 = EDGE_LOOP ( 'NONE', ( #2753, #2681, #5853, #1150 ) ) ;
#1045 = CARTESIAN_POINT ( 'NONE',  ( 408.5000000000000000, 20.00000000000000355, -9.000000000000007105 ) ) ;
#1046 = ORIENTED_EDGE ( 'NONE', *, *, #5926, .F. ) ;
#1047 = FACE_OUTER_BOUND ( 'NONE', #4815, .T. ) ;
#1048 = AXIS2_PLACEMENT_3D ( 'NONE', #4321, #5401, #4347 ) ;
#1049 = VERTEX_POINT ( 'NONE', #2875 ) ;
#1050 = DIRECTION ( 'NONE',  ( 1.000000000000000000, 0.000000000000000000, 0.000000000000000000 ) ) ;
#1051 = AXIS2_PLACEMENT_3D ( 'NONE', #5296, #5794, #353 ) ;
#1052 = CARTESIAN_POINT ( 'NONE',  ( -242.0000000000000000, 55.00000000000000000, 0.000000000000000000 ) ) ;
#1053 = ORIENTED_EDGE ( 'NONE', *, *, #2405, .F. ) ;
#1054 = FILL_AREA_STYLE ('',( #5945 ) ) ;
#1055 = ORIENTED_EDGE ( 'NONE', *, *, #5798, .T. ) ;
#1056 = CARTESIAN_POINT ( 'NONE',  ( 70.00000000000135003, 169.9999999999999716, 18.00000000000000000 ) ) ;
#1057 = ORIENTED_EDGE ( 'NONE', *, *, #584, .T. ) ;
#1058 = FACE_OUTER_BOUND ( 'NONE', #3692, .T. ) ;
#1059 = ORIENTED_EDGE ( 'NONE', *, *, #3866, .T. ) ;
#1060 = EDGE_CURVE ( 'NONE', #3943, #3864, #4516, .T. ) ;
#1061 = VERTEX_POINT ( 'NONE', #1783 ) ;
#1062 = PRODUCT ( 'Pata 720 - 30mm', 'Pata 720 - 30mm', '', ( #3036 ) ) ;
#1063 = CARTESIAN_POINT ( 'NONE',  ( 35.24264068711897835, 663.2426406871178415, 11.99999999999999822 ) ) ;
#1064 = CIRCLE ( 'NONE', #4249, 5.999999999999339195 ) ;
#1065 = VERTEX_POINT ( 'NONE', #615 ) ;
#1066 = CARTESIAN_POINT ( 'NONE',  ( 144.9999999999999147, 690.0000000000000000, 15.49999999999998934 ) ) ;
#1067 = CYLINDRICAL_SURFACE ( 'NONE', #3813, 3.000000000000009770 ) ;
#1068 = DIRECTION ( 'NONE',  ( 0.000000000000000000, 0.000000000000000000, 1.000000000000000000 ) ) ;
#1069 = ORIENTED_EDGE ( 'NONE', *, *, #1782, .T. ) ;
#1070 = DIRECTION ( 'NONE',  ( 0.000000000000000000, 0.000000000000000000, 1.000000000000000000 ) ) ;
#1071 = DIRECTION ( 'NONE',  ( 1.000000000000000000, 0.000000000000000000, 0.000000000000000000 ) ) ;
#1072 = VECTOR ( 'NONE', #2377, 1000.000000000000000 ) ;
#1073 = ORIENTED_EDGE ( 'NONE', *, *, #566, .T. ) ;
#1074 = LINE ( 'NONE', #4031, #312 ) ;
#1075 = DIRECTION ( 'NONE',  ( 1.000000000000000000, -1.329538674056075510E-18, 0.000000000000000000 ) ) ;
#1076 = DIRECTION ( 'NONE',  ( -0.000000000000000000, -0.000000000000000000, -1.000000000000000000 ) ) ;
#1077 = CARTESIAN_POINT ( 'NONE',  ( -466.5000000000000000, 0.000000000000000000, 9.000000000000007105 ) ) ;
#1078 = DIRECTION ( 'NONE',  ( -1.000000000000000000, 0.000000000000000000, 0.000000000000000000 ) ) ;
#1079 = VECTOR ( 'NONE', #2245, 1000.000000000000000 ) ;
#1080 = ORIENTED_EDGE ( 'NONE', *, *, #6946, .T. ) ;
#1081 = LINE ( 'NONE', #4487, #3568 ) ;
#1082 =( NAMED_UNIT ( * ) SI_UNIT ( $, .STERADIAN. ) SOLID_ANGLE_UNIT ( ) );
#1083 = DIRECTION ( 'NONE',  ( 1.000000000000000000, -1.329538674056075510E-18, 0.000000000000000000 ) ) ;
#1084 = AXIS2_PLACEMENT_3D ( 'NONE', #647, #2279, #2900 ) ;
#1085 = LINE ( 'NONE', #6336, #5778 ) ;
#1086 = CARTESIAN_POINT ( 'NONE',  ( 242.0000000000000000, 55.00000000000000000, -2.999999999999994671 ) ) ;
#1087 = VECTOR ( 'NONE', #2461, 1000.000000000000000 ) ;
#1088 = DIRECTION ( 'NONE',  ( 1.000000000000000000, 0.000000000000000000, 0.000000000000000000 ) ) ;
#1089 = LINE ( 'NONE', #550, #6731 ) ;
#1090 = CIRCLE ( 'NONE', #1091, 5.999999999999950262 ) ;
#1091 = AXIS2_PLACEMENT_3D ( 'NONE', #2475, #5786, #3024 ) ;
#1092 = DIRECTION ( 'NONE',  ( -0.000000000000000000, -0.000000000000000000, -1.000000000000000000 ) ) ;
#1093 = DIRECTION ( 'NONE',  ( 0.000000000000000000, 1.000000000000000000, 0.000000000000000000 ) ) ;
#1094 = AXIS2_PLACEMENT_3D ( 'NONE', #2733, #1011, #6562 ) ;
#1095 = CARTESIAN_POINT ( 'NONE',  ( 70.00000000000133582, 382.0000000000000568, 18.00000000000000000 ) ) ;
#1096 = VECTOR ( 'NONE', #2056, 1000.000000000000000 ) ;
#1097 = CIRCLE ( 'NONE', #1835, 2.999999999999891642 ) ;
#1098 = EDGE_CURVE ( 'NONE', #7044, #6411, #3060, .T. ) ;
#1099 = EDGE_CURVE ( 'NONE', #2988, #1100, #5374, .T. ) ;
#1100 = VERTEX_POINT ( 'NONE', #2222 ) ;
#1101 = SURFACE_SIDE_STYLE ('',( #3164 ) ) ;
#1102 = PLANE ( 'NONE',  #2227 ) ;
#1103 = AXIS2_PLACEMENT_3D ( 'NONE', #1200, #3982, #704 ) ;
#1104 = VECTOR ( 'NONE', #87, 1000.000000000000000 ) ;
#1105 = CIRCLE ( 'NONE', #4058, 2.499999999999946709 ) ;
#1106 = AXIS2_PLACEMENT_3D ( 'NONE', #193, #1324, #5162 ) ;
#1107 = CARTESIAN_POINT ( 'NONE',  ( 248.0944918928738048, 725.0000000000000000, 6.123233995736914194E-16 ) ) ;
#1108 = CARTESIAN_POINT ( 'NONE',  ( 0.000000000000000000, 0.000000000000000000, 0.000000000000000000 ) ) ;
#1109 = ADVANCED_FACE ( 'NONE', ( #1610, #152, #5877 ), #3398, .F. ) ;
#1110 = ORIENTED_EDGE ( 'NONE', *, *, #5536, .F. ) ;
#1111 = CARTESIAN_POINT ( 'NONE',  ( 273.5000000000014779, 620.0000000000002274, 0.000000000000000000 ) ) ;
#1112 = DIRECTION ( 'NONE',  ( 0.000000000000000000, 0.000000000000000000, 1.000000000000000000 ) ) ;
#1113 = AXIS2_PLACEMENT_3D ( 'NONE', #6016, #4464, #2747 ) ;
#1114 = DIRECTION ( 'NONE',  ( 1.000000000000000000, 0.000000000000000000, 0.000000000000000000 ) ) ;
#1115 = VERTEX_POINT ( 'NONE', #6118 ) ;
#1116 = VERTEX_POINT ( 'NONE', #686 ) ;
#1117 = CARTESIAN_POINT ( 'NONE',  ( 67.00000000000133582, 382.0000000000000568, 0.000000000000000000 ) ) ;
#1118 = CARTESIAN_POINT ( 'NONE',  ( 826.4999999999986358, 59.99999999999972289, 18.00000000000000000 ) ) ;
#1119 = ORIENTED_EDGE ( 'NONE', *, *, #6041, .F. ) ;
#1120 = DIRECTION ( 'NONE',  ( 0.000000000000000000, 0.000000000000000000, 1.000000000000000000 ) ) ;
#1121 = DIRECTION ( 'NONE',  ( -0.000000000000000000, -0.000000000000000000, -1.000000000000000000 ) ) ;
#1122 = ORIENTED_EDGE ( 'NONE', *, *, #6495, .T. ) ;
#1123 = DIRECTION ( 'NONE',  ( 1.000000000000000000, 0.000000000000000000, 0.000000000000000000 ) ) ;
#1124 = AXIS2_PLACEMENT_3D ( 'NONE', #3666, #1505, #5320 ) ;
#1125 = EDGE_LOOP ( 'NONE', ( #4283, #1820 ) ) ;
#1126 = SURFACE_STYLE_USAGE ( .BOTH. , #6086 ) ;
#1127 = DIRECTION ( 'NONE',  ( 0.000000000000000000, 1.000000000000000000, 0.000000000000000000 ) ) ;
#1128 = EDGE_LOOP ( 'NONE', ( #669, #5159 ) ) ;
#1129 = EDGE_CURVE ( 'NONE', #3363, #1498, #2894, .T. ) ;
#1130 = ORIENTED_EDGE ( 'NONE', *, *, #2516, .T. ) ;
#1131 = EDGE_CURVE ( 'NONE', #2781, #6517, #6981, .T. ) ;
#1132 = ORIENTED_EDGE ( 'NONE', *, *, #1178, .T. ) ;
#1133 = VECTOR ( 'NONE', #3215, 1000.000000000000000 ) ;
#1134 = PLANE ( 'NONE',  #3414 ) ;
#1135 = CARTESIAN_POINT ( 'NONE',  ( 109.9999999999999858, 109.9999999999999858, 30.00000000000000711 ) ) ;
#1136 = VERTEX_POINT ( 'NONE', #3937 ) ;
#1137 = AXIS2_PLACEMENT_3D ( 'NONE', #2585, #3174, #3658 ) ;
#1138 = VERTEX_POINT ( 'NONE', #52 ) ;
#1139 = DIRECTION ( 'NONE',  ( 1.000000000000000000, 0.000000000000000000, 0.000000000000000000 ) ) ;
#1140 = VERTEX_POINT ( 'NONE', #590 ) ;
#1141 = CIRCLE ( 'NONE', #3321, 6.000000000000227374 ) ;
#1142 = ORIENTED_EDGE ( 'NONE', *, *, #5704, .T. ) ;
#1143 = EDGE_CURVE ( 'NONE', #4584, #6425, #1363, .T. ) ;
#1144 = ORIENTED_EDGE ( 'NONE', *, *, #6662, .F. ) ;
#1145 = CARTESIAN_POINT ( 'NONE',  ( 916.9999999999986358, 59.99999999999982947, 18.00000000000000000 ) ) ;
#1146 = ADVANCED_FACE ( 'NONE', ( #3909 ), #1448, .F. ) ;
#1147 = VERTEX_POINT ( 'NONE', #6812 ) ;
#1148 = FACE_BOUND ( 'NONE', #114, .T. ) ;
#1149 = AXIS2_PLACEMENT_3D ( 'NONE', #1462, #6878, #6893 ) ;
#1150 = ORIENTED_EDGE ( 'NONE', *, *, #4282, .T. ) ;
#1151 = DIRECTION ( 'NONE',  ( 1.000000000000000000, 0.000000000000000000, 0.000000000000000000 ) ) ;
#1152 = VERTEX_POINT ( 'NONE', #5098 ) ;
#1153 = FACE_BOUND ( 'NONE', #4293, .T. ) ;
#1154 = CARTESIAN_POINT ( 'NONE',  ( 600.0000000000004547, 18.00000000000000000, 400.0000000000001705 ) ) ;
#1155 = AXIS2_PLACEMENT_3D ( 'NONE', #6752, #2891, #5705 ) ;
#1156 = CARTESIAN_POINT ( 'NONE',  ( 58.01941254751481836, -2.024254279067401983E-17, 24.78679656440356638 ) ) ;
#1157 = EDGE_CURVE ( 'NONE', #6839, #3351, #1958, .T. ) ;
#1158 = ORIENTED_EDGE ( 'NONE', *, *, #932, .T. ) ;
#1159 = CIRCLE ( 'NONE', #4491, 4.000000000000003553 ) ;
#1160 = VERTEX_POINT ( 'NONE', #5139 ) ;
#1161 = EDGE_CURVE ( 'NONE', #6416, #2077, #1530, .T. ) ;
#1162 = CIRCLE ( 'NONE', #1174, 2.999999999999891642 ) ;
#1163 = EDGE_LOOP ( 'NONE', ( #3441, #6915, #1903, #503 ) ) ;
#1164 = CARTESIAN_POINT ( 'NONE',  ( 1050.000000000000000, 640.0000000000000000, 0.000000000000000000 ) ) ;
#1165 = CARTESIAN_POINT ( 'NONE',  ( 26.75735931288097902, 654.7573593128790890, 18.00000000000000000 ) ) ;
#1166 = DIRECTION ( 'NONE',  ( 4.318084277547222313E-78, 1.000000000000000000, -2.255519665188392192E-46 ) ) ;
#1167 = CARTESIAN_POINT ( 'NONE',  ( -266.5000000000000568, 0.000000000000000000, 8.999999999999904077 ) ) ;
#1168 = CYLINDRICAL_SURFACE ( 'NONE', #2057, 2.500000000000002220 ) ;
#1169 = EDGE_LOOP ( 'NONE', ( #5410, #3688 ) ) ;
#1170 = LINE ( 'NONE', #761, #816 ) ;
#1171 = DIRECTION ( 'NONE',  ( 1.000000000000000000, 0.000000000000000000, -0.000000000000000000 ) ) ;
#1172 = CIRCLE ( 'NONE', #3425, 3.000000000000002665 ) ;
#1173 = CARTESIAN_POINT ( 'NONE',  ( 70.00000000000133582, 298.0000000000000000, 18.00000000000000000 ) ) ;
#1174 = AXIS2_PLACEMENT_3D ( 'NONE', #4222, #6961, #946 ) ;
#1175 = VECTOR ( 'NONE', #3757, 1000.000000000000000 ) ;
#1176 = DIRECTION ( 'NONE',  ( -1.000000000000000000, -1.261617073437679231E-16, 1.629585978198312591E-46 ) ) ;
#1177 = DIRECTION ( 'NONE',  ( 0.000000000000000000, -0.000000000000000000, 1.000000000000000000 ) ) ;
#1178 = EDGE_CURVE ( 'NONE', #6321, #3082, #2469, .T. ) ;
#1179 = PRODUCT_DEFINITION_SHAPE ( 'NONE', 'NONE',  #7076 ) ;
#1180 = FACE_BOUND ( 'NONE', #1510, .T. ) ;
#1181 = LINE ( 'NONE', #6834, #3316 ) ;
#1182 = DIRECTION ( 'NONE',  ( -0.000000000000000000, -0.000000000000000000, 1.000000000000000000 ) ) ;
#1183 = EDGE_CURVE ( 'NONE', #4730, #6585, #7055, .T. ) ;
#1184 = ADVANCED_FACE ( 'NONE', ( #4168 ), #4256, .F. ) ;
#1185 =( GEOMETRIC_REPRESENTATION_CONTEXT ( 3 ) GLOBAL_UNCERTAINTY_ASSIGNED_CONTEXT ( ( #886 ) ) GLOBAL_UNIT_ASSIGNED_CONTEXT ( ( #4395, #6043, #68 ) ) REPRESENTATION_CONTEXT ( 'NONE', 'WORKASPACE' ) );
#1186 = VECTOR ( 'NONE', #3246, 1000.000000000000000 ) ;
#1187 = CIRCLE ( 'NONE', #5802, 4.000000000000017764 ) ;
#1188 = CARTESIAN_POINT ( 'NONE',  ( 1050.000000000000000, 576.0000000000002274, 0.000000000000000000 ) ) ;
#1189 = ADVANCED_FACE ( 'NONE', ( #5713 ), #5201, .F. ) ;
#1190 = CARTESIAN_POINT ( 'NONE',  ( 993.0000000000000000, 583.0000000000048885, 11.99999999999999822 ) ) ;
#1191 = DIRECTION ( 'NONE',  ( 1.000000000000000000, 0.000000000000000000, 0.000000000000000000 ) ) ;
#1192 = CARTESIAN_POINT ( 'NONE',  ( 49.99999999999999289, 103.9999999999998721, 0.000000000000000000 ) ) ;
#1193 = FACE_OUTER_BOUND ( 'NONE', #4880, .T. ) ;
#1194 = FACE_OUTER_BOUND ( 'NONE', #2511, .T. ) ;
#1195 = AXIS2_PLACEMENT_3D ( 'NONE', #6300, #282, #4587 ) ;
#1196 = DIRECTION ( 'NONE',  ( 1.000000000000000000, 0.000000000000000000, 0.000000000000000000 ) ) ;
#1197 = CARTESIAN_POINT ( 'NONE',  ( 70.00000000000133582, 382.0000000000000568, 18.00000000000000000 ) ) ;
#1198 = CIRCLE ( 'NONE', #4708, 2.500000000000002220 ) ;
#1199 = ORIENTED_EDGE ( 'NONE', *, *, #5573, .F. ) ;
#1200 = CARTESIAN_POINT ( 'NONE',  ( 1050.000000000000000, 103.9999999999998721, 18.00000000000000000 ) ) ;
#1201 = EDGE_CURVE ( 'NONE', #4793, #2484, #839, .T. ) ;
#1202 = UNCERTAINTY_MEASURE_WITH_UNIT (LENGTH_MEASURE( 1.000000000000000082E-05 ), #6610, 'distance_accuracy_value', 'NONE');
#1203 = CARTESIAN_POINT ( 'NONE',  ( 70.00000000000135003, 266.0000000000000000, 0.000000000000000000 ) ) ;
#1204 = ORIENTED_EDGE ( 'NONE', *, *, #6023, .T. ) ;
#1205 = ORIENTED_EDGE ( 'NONE', *, *, #6807, .F. ) ;
#1206 = DIRECTION ( 'NONE',  ( 0.000000000000000000, 0.000000000000000000, 1.000000000000000000 ) ) ;
#1207 = DIRECTION ( 'NONE',  ( 0.000000000000000000, 0.000000000000000000, 1.000000000000000000 ) ) ;
#1208 = CARTESIAN_POINT ( 'NONE',  ( 1069.000000000000000, 658.9999999999985221, 11.99999999999999822 ) ) ;
#1209 = CARTESIAN_POINT ( 'NONE',  ( 600.0000000000004547, 18.00000000000000000, -400.0000000000001137 ) ) ;
#1210 = DIRECTION ( 'NONE',  ( 0.000000000000000000, 1.000000000000000000, 0.000000000000000000 ) ) ;
#1211 = ORIENTED_EDGE ( 'NONE', *, *, #1007, .F. ) ;
#1212 = ORIENTED_EDGE ( 'NONE', *, *, #6553, .F. ) ;
#1213 = DIRECTION ( 'NONE',  ( -0.1713727001804919992, -0.9852062716166839484, 0.000000000000000000 ) ) ;
#1214 = ADVANCED_FACE ( 'NONE', ( #2811 ), #2718, .F. ) ;
#1215 = ORIENTED_EDGE ( 'NONE', *, *, #2725, .F. ) ;
#1216 = ORIENTED_EDGE ( 'NONE', *, *, #1468, .T. ) ;
#1217 = DIRECTION ( 'NONE',  ( -1.000000000000000000, 0.000000000000000000, 0.000000000000000000 ) ) ;
#1218 = ORIENTED_EDGE ( 'NONE', *, *, #2800, .F. ) ;
#1219 = LINE ( 'NONE', #5902, #1479 ) ;
#1220 = ADVANCED_FACE ( 'NONE', ( #6138 ), #484, .F. ) ;
#1221 = CARTESIAN_POINT ( 'NONE',  ( 823.9999999999987494, 59.99999999999972289, 0.000000000000000000 ) ) ;
#1222 = CARTESIAN_POINT ( 'NONE',  ( -1.110223024625156540E-13, 18.00000000000000000, -170.0000000000001421 ) ) ;
#1223 = ORIENTED_EDGE ( 'NONE', *, *, #4843, .F. ) ;
#1224 = AXIS2_PLACEMENT_3D ( 'NONE', #1167, #3917, #6629 ) ;
#1225 = EDGE_LOOP ( 'NONE', ( #4734, #3775, #6442, #6616 ) ) ;
#1226 = VERTEX_POINT ( 'NONE', #4010 ) ;
#1227 = PRODUCT_CONTEXT ( 'NONE', #4591, 'mechanical' ) ;
#1228 = EDGE_LOOP ( 'NONE', ( #2908, #7018, #5124, #3360 ) ) ;
#1229 = EDGE_LOOP ( 'NONE', ( #177, #2352 ) ) ;
#1230 = ORIENTED_EDGE ( 'NONE', *, *, #3479, .F. ) ;
#1231 = EDGE_CURVE ( 'NONE', #3884, #5753, #248, .T. ) ;
#1232 = ORIENTED_EDGE ( 'NONE', *, *, #4096, .T. ) ;
#1233 = PLANE ( 'NONE',  #4761 ) ;
#1234 = CARTESIAN_POINT ( 'NONE',  ( 1029.999999999998408, 265.9999999999998295, 0.000000000000000000 ) ) ;
#1235 = AXIS2_PLACEMENT_3D ( 'NONE', #2970, #1428, #4105 ) ;
#1236 = ORIENTED_EDGE ( 'NONE', *, *, #3276, .T. ) ;
#1237 = EDGE_LOOP ( 'NONE', ( #2244, #2590, #6509, #5972, #5863, #877 ) ) ;
#1238 = DIRECTION ( 'NONE',  ( 1.899384981211278352E-46, 0.000000000000000000, -1.000000000000000000 ) ) ;
#1239 = FACE_OUTER_BOUND ( 'NONE', #2844, .T. ) ;
#1240 = CARTESIAN_POINT ( 'NONE',  ( 54.00000000000002132, 640.0000000000000000, 11.99999999999999822 ) ) ;
#1241 = ORIENTED_EDGE ( 'NONE', *, *, #1971, .T. ) ;
#1242 = AXIS2_PLACEMENT_3D ( 'NONE', #3251, #2722, #6552 ) ;
#1243 = EDGE_LOOP ( 'NONE', ( #379, #2312 ) ) ;
#1244 = DIRECTION ( 'NONE',  ( 1.000000000000000000, 0.000000000000000000, 0.000000000000000000 ) ) ;
#1245 = LINE ( 'NONE', #4313, #7029 ) ;
#1246 = ORIENTED_EDGE ( 'NONE', *, *, #434, .F. ) ;
#1247 = FACE_OUTER_BOUND ( 'NONE', #4806, .T. ) ;
#1248 = EDGE_CURVE ( 'NONE', #1553, #814, #1707, .T. ) ;
#1249 = EDGE_CURVE ( 'NONE', #4568, #3534, #4768, .T. ) ;
#1250 = ORIENTED_EDGE ( 'NONE', *, *, #2564, .F. ) ;
#1251 = DIRECTION ( 'NONE',  ( 0.000000000000000000, 0.000000000000000000, 1.000000000000000000 ) ) ;
#1252 = DIRECTION ( 'NONE',  ( 1.261617073437679231E-16, -1.000000000000000000, 8.758115402030106693E-47 ) ) ;
#1253 = DIRECTION ( 'NONE',  ( 0.000000000000000000, 1.000000000000000000, 0.000000000000000000 ) ) ;
#1254 = LINE ( 'NONE', #4783, #5092 ) ;
#1255 = AXIS2_PLACEMENT_3D ( 'NONE', #1574, #1528, #2135 ) ;
#1256 = VERTEX_POINT ( 'NONE', #6739 ) ;
#1257 = FACE_OUTER_BOUND ( 'NONE', #1722, .T. ) ;
#1258 = DIRECTION ( 'NONE',  ( -0.7071067811865420216, -1.895603464402320368E-17, -0.7071067811865531239 ) ) ;
#1259 = ADVANCED_FACE ( 'NONE', ( #3232 ), #4606, .F. ) ;
#1260 = VECTOR ( 'NONE', #1083, 1000.000000000000000 ) ;
#1261 = AXIS2_PLACEMENT_3D ( 'NONE', #6682, #5043, #5650 ) ;
#1262 = DIRECTION ( 'NONE',  ( 0.000000000000000000, 0.000000000000000000, 1.000000000000000000 ) ) ;
#1263 = FACE_BOUND ( 'NONE', #109, .T. ) ;
#1264 = CARTESIAN_POINT ( 'NONE',  ( 997.2426406871200015, 101.2426406871217921, 18.00000000000000000 ) ) ;
#1265 = DIRECTION ( 'NONE',  ( 0.000000000000000000, 0.000000000000000000, 1.000000000000000000 ) ) ;
#1266 = ADVANCED_FACE ( 'NONE', ( #4086 ), #5032, .F. ) ;
#1267 = CARTESIAN_POINT ( 'NONE',  ( 412.5000000000000000, 20.00000000000000355, 9.000000000000007105 ) ) ;
#1268 = CARTESIAN_POINT ( 'NONE',  ( 0.000000000000000000, 0.000000000000000000, 0.000000000000000000 ) ) ;
#1269 = VECTOR ( 'NONE', #1375, 1000.000000000000000 ) ;
#1270 = FACE_BOUND ( 'NONE', #6675, .T. ) ;
#1271 = DIRECTION ( 'NONE',  ( -0.000000000000000000, -0.000000000000000000, -1.000000000000000000 ) ) ;
#1272 = DIRECTION ( 'NONE',  ( -0.000000000000000000, -0.000000000000000000, -1.000000000000000000 ) ) ;
#1273 = AXIS2_PLACEMENT_3D ( 'NONE', #4167, #6376, #3685 ) ;
#1274 = CARTESIAN_POINT ( 'NONE',  ( 73.00000000000135003, 510.0000000000001137, 18.00000000000000000 ) ) ;
#1275 = LINE ( 'NONE', #1277, #5448 ) ;
#1276 = COLOUR_RGB ( '',1.000000000000000000, 1.000000000000000000, 1.000000000000000000 ) ;
#1277 = CARTESIAN_POINT ( 'NONE',  ( -204.5000000000001990, 19.99999999999999645, -8.999999999999896971 ) ) ;
#1278 = EDGE_CURVE ( 'NONE', #3460, #3180, #4432, .T. ) ;
#1279 = ORIENTED_EDGE ( 'NONE', *, *, #4924, .T. ) ;
#1280 = APPLICATION_CONTEXT ( 'automotive_design' ) ;
#1281 = CIRCLE ( 'NONE', #4939, 2.500000000000002220 ) ;
#1282 = LINE ( 'NONE', #1601, #3997 ) ;
#1283 = EDGE_CURVE ( 'NONE', #3148, #4981, #1281, .T. ) ;
#1284 = CARTESIAN_POINT ( 'NONE',  ( -170.0000000000000853, 54.99999999999999289, -2.220446049250313081E-13 ) ) ;
#1285 = CIRCLE ( 'NONE', #2381, 3.000000000000002665 ) ;
#1286 = FACE_OUTER_BOUND ( 'NONE', #5725, .T. ) ;
#1287 = DIRECTION ( 'NONE',  ( 0.000000000000000000, 0.000000000000000000, -1.000000000000000000 ) ) ;
#1288 = CARTESIAN_POINT ( 'NONE',  ( 1073.242640687119774, 654.7573593128788616, 18.00000000000000000 ) ) ;
#1289 = EDGE_CURVE ( 'NONE', #3443, #6441, #419, .T. ) ;
#1290 = CARTESIAN_POINT ( 'NONE',  ( 182.5000000000015348, 652.0000000000002274, 18.00000000000000000 ) ) ;
#1291 = ADVANCED_FACE ( 'NONE', ( #1193 ), #2121, .F. ) ;
#1292 = ORIENTED_EDGE ( 'NONE', *, *, #2148, .F. ) ;
#1293 = AXIS2_PLACEMENT_3D ( 'NONE', #6832, #2489, #2536 ) ;
#1294 = EDGE_CURVE ( 'NONE', #515, #3277, #3743, .T. ) ;
#1295 = DIRECTION ( 'NONE',  ( -0.000000000000000000, -0.000000000000000000, -1.000000000000000000 ) ) ;
#1296 = PRODUCT_DEFINITION_SHAPE ( 'NONE', 'NONE',  #7068 ) ;
#1297 = CARTESIAN_POINT ( 'NONE',  ( 31.00000000000000000, 658.9999999999984084, 11.99999999999999822 ) ) ;
#1298 = ADVANCED_FACE ( 'NONE', ( #333 ), #3014, .F. ) ;
#1299 = DIRECTION ( 'NONE',  ( 0.000000000000000000, -2.255519665188392192E-46, -1.000000000000000000 ) ) ;
#1300 = EDGE_LOOP ( 'NONE', ( #3680, #965, #6097, #786 ) ) ;
#1301 = EDGE_CURVE ( 'NONE', #1803, #2781, #3582, .T. ) ;
#1302 = ORIENTED_EDGE ( 'NONE', *, *, #3819, .T. ) ;
#1303 = APPLICATION_CONTEXT ( 'automotive_design' ) ;
#1304 = ORIENTED_EDGE ( 'NONE', *, *, #2641, .F. ) ;
#1305 = ORIENTED_EDGE ( 'NONE', *, *, #2289, .T. ) ;
#1306 = DIRECTION ( 'NONE',  ( 0.000000000000000000, 0.000000000000000000, 1.000000000000000000 ) ) ;
#1307 = ORIENTED_EDGE ( 'NONE', *, *, #866, .F. ) ;
#1308 = ORIENTED_EDGE ( 'NONE', *, *, #3823, .T. ) ;
#1309 = EDGE_LOOP ( 'NONE', ( #1042, #5242 ) ) ;
#1310 = ORIENTED_EDGE ( 'NONE', *, *, #4067, .F. ) ;
#1311 = FACE_OUTER_BOUND ( 'NONE', #4275, .T. ) ;
#1312 = ORIENTED_EDGE ( 'NONE', *, *, #2004, .T. ) ;
#1313 = EDGE_CURVE ( 'NONE', #7036, #2501, #6896, .T. ) ;
#1314 = CARTESIAN_POINT ( 'NONE',  ( -370.0000000000000000, 55.00000000000000000, 2.999999999999994671 ) ) ;
#1315 = EDGE_LOOP ( 'NONE', ( #5905, #5830 ) ) ;
#1316 = EDGE_CURVE ( 'NONE', #374, #3279, #4852, .T. ) ;
#1317 = ORIENTED_EDGE ( 'NONE', *, *, #3342, .F. ) ;
#1318 = LINE ( 'NONE', #6822, #1658 ) ;
#1319 = CARTESIAN_POINT ( 'NONE',  ( 72.87005768508954873, 66.87005768508768710, 0.000000000000000000 ) ) ;
#1320 = ORIENTED_EDGE ( 'NONE', *, *, #2832, .T. ) ;
#1321 = AXIS2_PLACEMENT_3D ( 'NONE', #6519, #3728, #5361 ) ;
#1322 = ORIENTED_EDGE ( 'NONE', *, *, #6223, .F. ) ;
#1323 = PRODUCT_DEFINITION_SHAPE ( 'NONE', 'NONE',  #499 ) ;
#1324 = DIRECTION ( 'NONE',  ( 0.000000000000000000, 0.000000000000000000, 1.000000000000000000 ) ) ;
#1325 = ADVANCED_FACE ( 'NONE', ( #6477 ), #3608, .F. ) ;
#1326 = EDGE_LOOP ( 'NONE', ( #6786, #1724, #4550, #4560 ) ) ;
#1327 = FACE_BOUND ( 'NONE', #6, .T. ) ;
#1328 = ORIENTED_EDGE ( 'NONE', *, *, #189, .F. ) ;
#1329 = FACE_BOUND ( 'NONE', #2581, .T. ) ;
#1330 = VERTEX_POINT ( 'NONE', #361 ) ;
#1331 = DIRECTION ( 'NONE',  ( 0.000000000000000000, 2.255519665188391803E-46, 1.000000000000000000 ) ) ;
#1332 = ADVANCED_FACE ( 'NONE', ( #5955 ), #4104, .T. ) ;
#1333 = CARTESIAN_POINT ( 'NONE',  ( 170.0000000000000853, 80.00000000000000000, -2.999999999999994671 ) ) ;
#1334 = DIRECTION ( 'NONE',  ( 1.000000000000000000, 0.000000000000000000, 0.000000000000000000 ) ) ;
#1335 = FACE_OUTER_BOUND ( 'NONE', #1586, .T. ) ;
#1336 = LINE ( 'NONE', #6056, #6377 ) ;
#1337 = AXIS2_PLACEMENT_3D ( 'NONE', #4879, #1616, #2156 ) ;
#1338 = VERTEX_POINT ( 'NONE', #6355 ) ;
#1339 = DIRECTION ( 'NONE',  ( -0.000000000000000000, -0.000000000000000000, -1.000000000000000000 ) ) ;
#1340 = VECTOR ( 'NONE', #6730, 1000.000000000000000 ) ;
#1341 = ORIENTED_EDGE ( 'NONE', *, *, #6777, .F. ) ;
#1342 = EDGE_CURVE ( 'NONE', #2263, #1550, #3739, .T. ) ;
#1343 = CYLINDRICAL_SURFACE ( 'NONE', #1623, 2.999999999999996003 ) ;
#1344 = DIRECTION ( 'NONE',  ( 0.000000000000000000, 0.000000000000000000, 1.000000000000000000 ) ) ;
#1345 = DIRECTION ( 'NONE',  ( 0.000000000000000000, 0.000000000000000000, 1.000000000000000000 ) ) ;
#1346 = AXIS2_PLACEMENT_3D ( 'NONE', #6327, #5258, #4154 ) ;
#1347 = FACE_OUTER_BOUND ( 'NONE', #3934, .T. ) ;
#1348 = LINE ( 'NONE', #1890, #6212 ) ;
#1349 = PLANE ( 'NONE',  #5768 ) ;
#1350 =( GEOMETRIC_REPRESENTATION_CONTEXT ( 3 ) GLOBAL_UNCERTAINTY_ASSIGNED_CONTEXT ( ( #4232 ) ) GLOBAL_UNIT_ASSIGNED_CONTEXT ( ( #1654, #3371, #1705 ) ) REPRESENTATION_CONTEXT ( 'NONE', 'WORKASPACE' ) );
#1351 = CARTESIAN_POINT ( 'NONE',  ( 72.50000000000136424, 266.0000000000000000, 0.000000000000000000 ) ) ;
#1352 = CIRCLE ( 'NONE', #6228, 2.999999999998808953 ) ;
#1353 = DIRECTION ( 'NONE',  ( 0.000000000000000000, -0.000000000000000000, -1.000000000000000000 ) ) ;
#1354 = FACE_BOUND ( 'NONE', #2812, .T. ) ;
#1355 = DIRECTION ( 'NONE',  ( 0.000000000000000000, 0.000000000000000000, 1.000000000000000000 ) ) ;
#1356 = CARTESIAN_POINT ( 'NONE',  ( -1.110223024625156540E-13, 18.00000000000000000, -170.0000000000001421 ) ) ;
#1357 = LINE ( 'NONE', #4441, #3493 ) ;
#1358 = FACE_OUTER_BOUND ( 'NONE', #872, .T. ) ;
#1359 = DIRECTION ( 'NONE',  ( -0.000000000000000000, -0.000000000000000000, -1.000000000000000000 ) ) ;
#1360 = ADVANCED_FACE ( 'NONE', ( #659 ), #241, .F. ) ;
#1361 = CARTESIAN_POINT ( 'NONE',  ( 50.00000000000000000, 640.0000000000000000, 18.00000000000000000 ) ) ;
#1362 = CARTESIAN_POINT ( 'NONE',  ( 168.9050319128785134, 725.0000000000000000, 6.123233995736914194E-16 ) ) ;
#1363 = CIRCLE ( 'NONE', #6037, 6.000000000000768274 ) ;
#1364 = VERTEX_POINT ( 'NONE', #4699 ) ;
#1365 = DIRECTION ( 'NONE',  ( -0.000000000000000000, -0.000000000000000000, -1.000000000000000000 ) ) ;
#1366 = DIRECTION ( 'NONE',  ( -1.000000000000000000, 0.000000000000000000, 0.000000000000000000 ) ) ;
#1367 = EDGE_CURVE ( 'NONE', #2062, #5067, #6472, .T. ) ;
#1368 = PRODUCT_CONTEXT ( 'NONE', #6713, 'mechanical' ) ;
#1369 = EDGE_CURVE ( 'NONE', #4310, #6804, #5369, .T. ) ;
#1370 = CARTESIAN_POINT ( 'NONE',  ( 45.99999999999998579, 640.0000000000000000, 0.000000000000000000 ) ) ;
#1371 = ORIENTED_EDGE ( 'NONE', *, *, #6223, .T. ) ;
#1372 = DIRECTION ( 'NONE',  ( 0.000000000000000000, 0.000000000000000000, 1.000000000000000000 ) ) ;
#1373 = DIRECTION ( 'NONE',  ( 0.000000000000000000, 1.000000000000000000, 0.000000000000000000 ) ) ;
#1374 = AXIS2_PLACEMENT_3D ( 'NONE', #1203, #6088, #3865 ) ;
#1375 = DIRECTION ( 'NONE',  ( -0.000000000000000000, -0.000000000000000000, -1.000000000000000000 ) ) ;
#1376 = EDGE_LOOP ( 'NONE', ( #502, #5171, #4205, #5494 ) ) ;
#1377 = EDGE_CURVE ( 'NONE', #5132, #517, #2548, .T. ) ;
#1378 = ORIENTED_EDGE ( 'NONE', *, *, #1427, .F. ) ;
#1379 = CARTESIAN_POINT ( 'NONE',  ( 1032.999999999998636, 510.0000000000001137, 18.00000000000000000 ) ) ;
#1380 = CARTESIAN_POINT ( 'NONE',  ( 1027.499999999998636, 414.0000000000002274, 18.00000000000000000 ) ) ;
#1381 = AXIS2_PLACEMENT_3D ( 'NONE', #644, #4423, #6140 ) ;
#1382 = DIRECTION ( 'NONE',  ( -0.000000000000000000, -0.000000000000000000, -1.000000000000000000 ) ) ;
#1383 = ORIENTED_EDGE ( 'NONE', *, *, #4942, .F. ) ;
#1384 = PLANE ( 'NONE',  #5954 ) ;
#1385 = ORIENTED_EDGE ( 'NONE', *, *, #2047, .T. ) ;
#1386 = CARTESIAN_POINT ( 'NONE',  ( 170.0000000000000853, 80.00000000000000000, 0.000000000000000000 ) ) ;
#1387 = DIRECTION ( 'NONE',  ( 1.000000000000000000, 0.000000000000000000, 0.000000000000000000 ) ) ;
#1388 = EDGE_LOOP ( 'NONE', ( #1481, #4019 ) ) ;
#1389 = ORIENTED_EDGE ( 'NONE', *, *, #4924, .F. ) ;
#1390 = ORIENTED_EDGE ( 'NONE', *, *, #5977, .F. ) ;
#1391 = DIRECTION ( 'NONE',  ( -0.000000000000000000, -0.000000000000000000, -1.000000000000000000 ) ) ;
#1392 = ADVANCED_FACE ( 'NONE', ( #3576 ), #746, .F. ) ;
#1393 = LINE ( 'NONE', #2259, #954 ) ;
#1394 = ORIENTED_EDGE ( 'NONE', *, *, #1888, .F. ) ;
#1395 = CARTESIAN_POINT ( 'NONE',  ( 308.0000000000014211, 620.0000000000002274, 18.00000000000000000 ) ) ;
#1396 = ORIENTED_EDGE ( 'NONE', *, *, #1060, .F. ) ;
#1397 = CARTESIAN_POINT ( 'NONE',  ( 183.0000000000014495, 59.99999999999982947, 18.00000000000000000 ) ) ;
#1398 = ORIENTED_EDGE ( 'NONE', *, *, #3503, .F. ) ;
#1399 = ORIENTED_EDGE ( 'NONE', *, *, #5891, .F. ) ;
#1400 = FACE_OUTER_BOUND ( 'NONE', #1163, .T. ) ;
#1401 = DIRECTION ( 'NONE',  ( 0.7071067811865170416, -0.7071067811865779928, 0.000000000000000000 ) ) ;
#1402 = ORIENTED_EDGE ( 'NONE', *, *, #213, .F. ) ;
#1403 = EDGE_LOOP ( 'NONE', ( #3793, #3874 ) ) ;
#1404 = CARTESIAN_POINT ( 'NONE',  ( 102.7573593128809364, 578.7573593128854554, 11.99999999999999822 ) ) ;
#1405 = AXIS2_PLACEMENT_3D ( 'NONE', #6729, #5036, #730 ) ;
#1406 = DIRECTION ( 'NONE',  ( -0.000000000000000000, -0.000000000000000000, -1.000000000000000000 ) ) ;
#1407 = ORIENTED_EDGE ( 'NONE', *, *, #4991, .T. ) ;
#1408 = CARTESIAN_POINT ( 'NONE',  ( 70.00000000000133582, 382.0000000000000568, 18.00000000000000000 ) ) ;
#1409 = EDGE_LOOP ( 'NONE', ( #4143, #3588, #2672, #6673 ) ) ;
#1410 = LINE ( 'NONE', #3184, #1752 ) ;
#1411 = ORIENTED_EDGE ( 'NONE', *, *, #6860, .F. ) ;
#1412 = EDGE_CURVE ( 'NONE', #6452, #1, #2042, .T. ) ;
#1413 =( NAMED_UNIT ( * ) SI_UNIT ( $, .STERADIAN. ) SOLID_ANGLE_UNIT ( ) );
#1414 = DIRECTION ( 'NONE',  ( 1.000000000000000000, 0.000000000000000000, 0.000000000000000000 ) ) ;
#1415 = ORIENTED_EDGE ( 'NONE', *, *, #438, .T. ) ;
#1416 = EDGE_CURVE ( 'NONE', #2081, #6168, #5283, .T. ) ;
#1417 = CARTESIAN_POINT ( 'NONE',  ( 175.3632432006102420, 725.0000000000002274, 31.00000000000000000 ) ) ;
#1418 = VECTOR ( 'NONE', #382, 1000.000000000000000 ) ;
#1419 = EDGE_LOOP ( 'NONE', ( #6362, #2014 ) ) ;
#1420 = ORIENTED_EDGE ( 'NONE', *, *, #4094, .F. ) ;
#1421 =( REPRESENTATION_RELATIONSHIP ('NONE','NONE', #1817, #6471 ) REPRESENTATION_RELATIONSHIP_WITH_TRANSFORMATION ( #5885 )SHAPE_REPRESENTATION_RELATIONSHIP( ) );
#1422 = DIRECTION ( 'NONE',  ( -1.000000000000000000, 0.000000000000000000, 0.000000000000000000 ) ) ;
#1423 = SURFACE_STYLE_FILL_AREA ( #4186 ) ;
#1424 = VERTEX_POINT ( 'NONE', #3764 ) ;
#1425 = DIRECTION ( 'NONE',  ( 0.000000000000000000, 2.255519665188391803E-46, 1.000000000000000000 ) ) ;
#1426 = CIRCLE ( 'NONE', #1753, 2.500000000000002220 ) ;
#1427 = EDGE_CURVE ( 'NONE', #4138, #175, #6220, .T. ) ;
#1428 = DIRECTION ( 'NONE',  ( 0.000000000000000000, 0.000000000000000000, 1.000000000000000000 ) ) ;
#1429 =( BOUNDED_CURVE ( )  B_SPLINE_CURVE ( 3, ( #2712, #2786, #5478, #2 ),
 .UNSPECIFIED., .F., .T. ) 
 B_SPLINE_CURVE_WITH_KNOTS ( ( 4, 4 ),
 ( 0.000000000000000000, 0.3754236079810403526 ),
 .UNSPECIFIED. ) 
 CURVE ( )  GEOMETRIC_REPRESENTATION_ITEM ( )  RATIONAL_B_SPLINE_CURVE ( ( 1.000000000000000000, 0.9882892067347445186, 0.9882892067347445186, 1.000000000000000000 ) ) 
 REPRESENTATION_ITEM ( '' )  );
#1430 = AXIS2_PLACEMENT_3D ( 'NONE', #824, #1359, #307 ) ;
#1431 = FACE_OUTER_BOUND ( 'NONE', #3348, .T. ) ;
#1432 = AXIS2_PLACEMENT_3D ( 'NONE', #5253, #4126, #2036 ) ;
#1433 = CARTESIAN_POINT ( 'NONE',  ( -242.0000000000000000, 80.00000000000000000, 0.000000000000000000 ) ) ;
#1434 = LINE ( 'NONE', #6031, #3126 ) ;
#1435 = CARTESIAN_POINT ( 'NONE',  ( 110.0000000000000995, 0.000000000000000000, 30.00000000000000711 ) ) ;
#1436 = ADVANCED_FACE ( 'NONE', ( #2805 ), #4936, .F. ) ;
#1437 = EDGE_CURVE ( 'NONE', #4446, #6503, #4251, .T. ) ;
#1438 = DIRECTION ( 'NONE',  ( -0.000000000000000000, -0.000000000000000000, 1.000000000000000000 ) ) ;
#1439 = CYLINDRICAL_SURFACE ( 'NONE', #4192, 3.000000000000002665 ) ;
#1440 = CIRCLE ( 'NONE', #279, 2.999999999999891642 ) ;
#1441 =( REPRESENTATION_RELATIONSHIP ('NONE','NONE', #1817, #6549 ) REPRESENTATION_RELATIONSHIP_WITH_TRANSFORMATION ( #425 )SHAPE_REPRESENTATION_RELATIONSHIP( ) );
#1442 = VECTOR ( 'NONE', #5077, 1000.000000000000000 ) ;
#1443 = VECTOR ( 'NONE', #541, 1000.000000000000000 ) ;
#1444 = DIRECTION ( 'NONE',  ( -1.000000000000000000, 0.000000000000000000, 0.000000000000000000 ) ) ;
#1445 = DIRECTION ( 'NONE',  ( -1.000000000000000000, 0.000000000000000000, -0.000000000000000000 ) ) ;
#1446 = DIRECTION ( 'NONE',  ( 1.000000000000000000, 0.000000000000000000, 0.000000000000000000 ) ) ;
#1447 = DIRECTION ( 'NONE',  ( 0.000000000000000000, 0.000000000000000000, -1.000000000000000000 ) ) ;
#1448 = CYLINDRICAL_SURFACE ( 'NONE', #5539, 6.000000000000227374 ) ;
#1449 = VECTOR ( 'NONE', #3590, 1000.000000000000000 ) ;
#1450 = DIRECTION ( 'NONE',  ( 0.000000000000000000, -1.000000000000000000, 0.000000000000000000 ) ) ;
#1451 = DIRECTION ( 'NONE',  ( -1.000000000000000000, 0.000000000000000000, 1.899384981211278352E-46 ) ) ;
#1452 = FACE_OUTER_BOUND ( 'NONE', #1760, .T. ) ;
#1453 = EDGE_CURVE ( 'NONE', #4135, #6792, #832, .T. ) ;
#1454 = CARTESIAN_POINT ( 'NONE',  ( 0.000000000000000000, 18.00000000000000000, 167.0000000000000568 ) ) ;
#1455 = AXIS2_PLACEMENT_3D ( 'NONE', #5781, #4230, #5822 ) ;
#1456 = CARTESIAN_POINT ( 'NONE',  ( 1050.000000000000000, 40.00000000000003553, 11.99999999999999822 ) ) ;
#1457 = ORIENTED_EDGE ( 'NONE', *, *, #1283, .F. ) ;
#1458 = ITEM_DEFINED_TRANSFORMATION ( 'NONE', 'NONE', #876,  #1321 ) ;
#1459 = AXIS2_PLACEMENT_3D ( 'NONE', #4646, #5218, #3067 ) ;
#1460 = ADVANCED_FACE ( 'NONE', ( #569 ), #6976, .T. ) ;
#1461 = VERTEX_POINT ( 'NONE', #1000 ) ;
#1462 = CARTESIAN_POINT ( 'NONE',  ( 144.9999999999999147, 690.0000000000000000, 15.49999999999998934 ) ) ;
#1463 = AXIS2_PLACEMENT_3D ( 'NONE', #5223, #1344, #5678 ) ;
#1464 = DIRECTION ( 'NONE',  ( -1.000000000000000000, 0.000000000000000000, 0.000000000000000000 ) ) ;
#1465 = ORIENTED_EDGE ( 'NONE', *, *, #5565, .T. ) ;
#1466 = CLOSED_SHELL ( 'NONE', ( #3694, #5476, #4036, #3136, #6979, #2355, #4002, #2311, #5013, #1765, #1934, #3501 ) ) ;
#1467 = DIRECTION ( 'NONE',  ( 0.000000000000000000, 0.000000000000000000, 1.000000000000000000 ) ) ;
#1468 = EDGE_CURVE ( 'NONE', #5243, #6851, #3143, .T. ) ;
#1469 = EDGE_LOOP ( 'NONE', ( #2138, #4718, #5973, #3455 ) ) ;
#1470 = CARTESIAN_POINT ( 'NONE',  ( 370.0000000000000000, 55.00000000000000000, 2.999999999999994671 ) ) ;
#1471 = EDGE_CURVE ( 'NONE', #5661, #3942, #1526, .T. ) ;
#1472 = ORIENTED_EDGE ( 'NONE', *, *, #2365, .T. ) ;
#1473 = AXIS2_PLACEMENT_3D ( 'NONE', #3411, #139, #3954 ) ;
#1474 = AXIS2_PLACEMENT_3D ( 'NONE', #739, #2368, #717 ) ;
#1475 = EDGE_LOOP ( 'NONE', ( #6159, #4707, #1828, #3163 ) ) ;
#1476 = DIRECTION ( 'NONE',  ( -0.000000000000000000, -0.000000000000000000, -1.000000000000000000 ) ) ;
#1477 =( NAMED_UNIT ( * ) PLANE_ANGLE_UNIT ( ) SI_UNIT ( $, .RADIAN. ) );
#1478 = ORIENTED_EDGE ( 'NONE', *, *, #6045, .F. ) ;
#1479 = VECTOR ( 'NONE', #4908, 1000.000000000000000 ) ;
#1480 = CARTESIAN_POINT ( 'NONE',  ( 919.9999999999986358, 620.0000000000002274, 18.00000000000000000 ) ) ;
#1481 = ORIENTED_EDGE ( 'NONE', *, *, #546, .F. ) ;
#1482 =( GEOMETRIC_REPRESENTATION_CONTEXT ( 3 ) GLOBAL_UNCERTAINTY_ASSIGNED_CONTEXT ( ( #2096 ) ) GLOBAL_UNIT_ASSIGNED_CONTEXT ( ( #2989, #2721, #3816 ) ) REPRESENTATION_CONTEXT ( 'NONE', 'WORKASPACE' ) );
#1483 = ORIENTED_EDGE ( 'NONE', *, *, #4963, .F. ) ;
#1484 = DIRECTION ( 'NONE',  ( -0.000000000000000000, -0.000000000000000000, -1.000000000000000000 ) ) ;
#1485 = ORIENTED_EDGE ( 'NONE', *, *, #2465, .T. ) ;
#1486 = EDGE_LOOP ( 'NONE', ( #4905, #4860 ) ) ;
#1487 = VECTOR ( 'NONE', #4739, 1000.000000000000000 ) ;
#1488 = EDGE_LOOP ( 'NONE', ( #2157, #1199 ) ) ;
#1489 = CARTESIAN_POINT ( 'NONE',  ( 35.24264068711897835, 663.2426406871178415, 11.99999999999999822 ) ) ;
#1490 = DIRECTION ( 'NONE',  ( 0.000000000000000000, 0.000000000000000000, 1.000000000000000000 ) ) ;
#1491 = DIRECTION ( 'NONE',  ( -0.7071067811865477948, -4.599921266332735712E-32, 0.7071067811865473507 ) ) ;
#1492 = ORIENTED_EDGE ( 'NONE', *, *, #5891, .T. ) ;
#1493 = CARTESIAN_POINT ( 'NONE',  ( -370.0000000000000000, 55.00000000000000000, 0.000000000000000000 ) ) ;
#1494 = ORIENTED_EDGE ( 'NONE', *, *, #6539, .T. ) ;
#1495 = FACE_OUTER_BOUND ( 'NONE', #3210, .T. ) ;
#1496 = ORIENTED_EDGE ( 'NONE', *, *, #6920, .T. ) ;
#1497 = FACE_OUTER_BOUND ( 'NONE', #1841, .T. ) ;
#1498 = VERTEX_POINT ( 'NONE', #6983 ) ;
#1499 = ADVANCED_FACE ( 'NONE', ( #5869 ), #653, .F. ) ;
#1500 = LINE ( 'NONE', #5790, #4052 ) ;
#1501 = ORIENTED_EDGE ( 'NONE', *, *, #4094, .T. ) ;
#1502 = EDGE_CURVE ( 'NONE', #693, #3617, #3399, .T. ) ;
#1503 = DIRECTION ( 'NONE',  ( -0.000000000000000000, -0.000000000000000000, -1.000000000000000000 ) ) ;
#1504 = FACE_OUTER_BOUND ( 'NONE', #6325, .T. ) ;
#1505 = DIRECTION ( 'NONE',  ( 0.000000000000000000, 0.000000000000000000, 1.000000000000000000 ) ) ;
#1506 = CARTESIAN_POINT ( 'NONE',  ( 72.87005768508954873, 66.87005768508768710, 11.99999999999999822 ) ) ;
#1507 = ORIENTED_EDGE ( 'NONE', *, *, #3752, .T. ) ;
#1508 = AXIS2_PLACEMENT_3D ( 'NONE', #6575, #1689, #5474 ) ;
#1509 = DIRECTION ( 'NONE',  ( 0.000000000000000000, 0.000000000000000000, 1.000000000000000000 ) ) ;
#1510 = EDGE_LOOP ( 'NONE', ( #452, #589 ) ) ;
#1511 = FACE_OUTER_BOUND ( 'NONE', #2746, .T. ) ;
#1512 = AXIS2_PLACEMENT_3D ( 'NONE', #3729, #393, #4202 ) ;
#1513 = DIRECTION ( 'NONE',  ( -0.000000000000000000, -0.000000000000000000, 1.000000000000000000 ) ) ;
#1514 = EDGE_CURVE ( 'NONE', #3617, #6989, #2378, .T. ) ;
#1515 = FACE_BOUND ( 'NONE', #2669, .T. ) ;
#1516 = CYLINDRICAL_SURFACE ( 'NONE', #5180, 2.999999999999891642 ) ;
#1517 = DIRECTION ( 'NONE',  ( 0.000000000000000000, 0.000000000000000000, 1.000000000000000000 ) ) ;
#1518 = AXIS2_PLACEMENT_3D ( 'NONE', #4770, #4247, #6963 ) ;
#1519 = EDGE_CURVE ( 'NONE', #1049, #759, #6047, .T. ) ;
#1520 = PRODUCT_DEFINITION_SHAPE ( 'NONE', 'NONE',  #7065 ) ;
#1521 = LINE ( 'NONE', #5130, #2626 ) ;
#1522 = ADVANCED_FACE ( 'NONE', ( #2633 ), #3996, .F. ) ;
#1523 = CYLINDRICAL_SURFACE ( 'NONE', #5706, 4.000000000000003553 ) ;
#1524 = EDGE_CURVE ( 'NONE', #3682, #848, #6819, .T. ) ;
#1525 = DIRECTION ( 'NONE',  ( 0.000000000000000000, 1.000000000000000000, 0.000000000000000000 ) ) ;
#1526 = CIRCLE ( 'NONE', #6774, 3.000000000000002665 ) ;
#1527 = CIRCLE ( 'NONE', #6317, 2.499999999999946709 ) ;
#1528 = DIRECTION ( 'NONE',  ( 0.000000000000000000, -1.000000000000000000, 0.000000000000000000 ) ) ;
#1529 = DIRECTION ( 'NONE',  ( 1.000000000000000000, 0.000000000000000000, 0.000000000000000000 ) ) ;
#1530 = CIRCLE ( 'NONE', #6133, 2.999999999999891642 ) ;
#1531 = FACE_OUTER_BOUND ( 'NONE', #5995, .T. ) ;
#1532 = DIRECTION ( 'NONE',  ( 1.000000000000000000, 0.000000000000000000, 0.000000000000000000 ) ) ;
#1533 = DIRECTION ( 'NONE',  ( 0.7071067811865473507, 4.599921266332778408E-32, 0.7071067811865477948 ) ) ;
#1534 = AXIS2_PLACEMENT_3D ( 'NONE', #5624, #3902, #5104 ) ;
#1535 = SURFACE_STYLE_USAGE ( .BOTH. , #4866 ) ;
#1536 = ORIENTED_EDGE ( 'NONE', *, *, #1726, .F. ) ;
#1537 = SHAPE_DEFINITION_REPRESENTATION ( #1547, #6549 ) ;
#1538 = EDGE_CURVE ( 'NONE', #2055, #5807, #6131, .T. ) ;
#1539 = CARTESIAN_POINT ( 'NONE',  ( 1050.000000000000000, 103.9999999999998721, 0.000000000000000000 ) ) ;
#1540 = EDGE_CURVE ( 'NONE', #764, #2761, #2119, .T. ) ;
#1541 = ORIENTED_EDGE ( 'NONE', *, *, #2474, .F. ) ;
#1542 = DIRECTION ( 'NONE',  ( 0.000000000000000000, 0.000000000000000000, 1.000000000000000000 ) ) ;
#1543 = AXIS2_PLACEMENT_3D ( 'NONE', #5694, #6767, #4666 ) ;
#1544 = DIRECTION ( 'NONE',  ( -0.000000000000000000, -0.000000000000000000, -1.000000000000000000 ) ) ;
#1545 = DIRECTION ( 'NONE',  ( -0.000000000000000000, -0.000000000000000000, 1.000000000000000000 ) ) ;
#1546 = ORIENTED_EDGE ( 'NONE', *, *, #4890, .F. ) ;
#1547 = PRODUCT_DEFINITION_SHAPE ( 'NONE', 'NONE',  #2073 ) ;
#1548 = DIRECTION ( 'NONE',  ( -0.000000000000000000, -0.000000000000000000, -1.000000000000000000 ) ) ;
#1549 = CARTESIAN_POINT ( 'NONE',  ( 70.00000000000135003, 266.0000000000000000, 18.00000000000000000 ) ) ;
#1550 = VERTEX_POINT ( 'NONE', #3270 ) ;
#1551 = ADVANCED_FACE ( 'NONE', ( #3820 ), #6307, .T. ) ;
#1552 = VERTEX_POINT ( 'NONE', #5424 ) ;
#1553 = VERTEX_POINT ( 'NONE', #580 ) ;
#1554 = CARTESIAN_POINT ( 'NONE',  ( 370.0000000000000000, 55.00000000000000000, 0.000000000000000000 ) ) ;
#1555 = AXIS2_PLACEMENT_3D ( 'NONE', #5128, #5251, #2006 ) ;
#1556 = EDGE_LOOP ( 'NONE', ( #4038, #4547 ) ) ;
#1557 = VERTEX_POINT ( 'NONE', #2143 ) ;
#1558 = DIRECTION ( 'NONE',  ( 0.000000000000000000, 0.000000000000000000, 1.000000000000000000 ) ) ;
#1559 = CARTESIAN_POINT ( 'NONE',  ( 0.000000000000000000, 0.000000000000000000, 15.00000000000000000 ) ) ;
#1560 = VERTEX_POINT ( 'NONE', #6514 ) ;
#1561 = EDGE_CURVE ( 'NONE', #4440, #5721, #4846, .T. ) ;
#1562 = VERTEX_POINT ( 'NONE', #4955 ) ;
#1563 = CARTESIAN_POINT ( 'NONE',  ( 42.00000000000009237, 54.99999999999999289, 2.999999999999787725 ) ) ;
#1564 = ORIENTED_EDGE ( 'NONE', *, *, #4188, .F. ) ;
#1565 = ORIENTED_EDGE ( 'NONE', *, *, #1248, .T. ) ;
#1566 = FACE_OUTER_BOUND ( 'NONE', #31, .T. ) ;
#1567 = VERTEX_POINT ( 'NONE', #2188 ) ;
#1568 = CARTESIAN_POINT ( 'NONE',  ( 1023.129942314910522, 66.87005768508768710, 0.000000000000000000 ) ) ;
#1569 = DIRECTION ( 'NONE',  ( 0.000000000000000000, 1.000000000000000000, 0.000000000000000000 ) ) ;
#1570 = UNCERTAINTY_MEASURE_WITH_UNIT (LENGTH_MEASURE( 1.000000000000000082E-05 ), #162, 'distance_accuracy_value', 'NONE');
#1571 = DIRECTION ( 'NONE',  ( 0.000000000000000000, 0.000000000000000000, 1.000000000000000000 ) ) ;
#1572 = ORIENTED_EDGE ( 'NONE', *, *, #133, .F. ) ;
#1573 = ORIENTED_EDGE ( 'NONE', *, *, #896, .T. ) ;
#1574 = CARTESIAN_POINT ( 'NONE',  ( 0.000000000000000000, 0.000000000000000000, 0.000000000000000000 ) ) ;
#1575 = FACE_OUTER_BOUND ( 'NONE', #2510, .T. ) ;
#1576 = CIRCLE ( 'NONE', #1956, 3.000000000000002665 ) ;
#1577 = EDGE_LOOP ( 'NONE', ( #2829, #5923 ) ) ;
#1578 = CARTESIAN_POINT ( 'NONE',  ( 170.0000000000000853, 54.99999999999999289, 0.000000000000000000 ) ) ;
#1579 = CYLINDRICAL_SURFACE ( 'NONE', #5485, 4.000000000000017764 ) ;
#1580 = ORIENTED_EDGE ( 'NONE', *, *, #6266, .F. ) ;
#1581 = SURFACE_STYLE_USAGE ( .BOTH. , #1678 ) ;
#1582 = DIRECTION ( 'NONE',  ( 0.000000000000000000, 0.000000000000000000, 1.000000000000000000 ) ) ;
#1583 = ORIENTED_EDGE ( 'NONE', *, *, #2137, .T. ) ;
#1584 = DIRECTION ( 'NONE',  ( 0.000000000000000000, 0.000000000000000000, 1.000000000000000000 ) ) ;
#1585 = FACE_OUTER_BOUND ( 'NONE', #3458, .T. ) ;
#1586 = EDGE_LOOP ( 'NONE', ( #3451, #4632, #3876, #4399 ) ) ;
#1587 = AXIS2_PLACEMENT_3D ( 'NONE', #2661, #6480, #7039 ) ;
#1588 = VECTOR ( 'NONE', #784, 1000.000000000000000 ) ;
#1589 = PLANE ( 'NONE',  #2335 ) ;
#1590 = EDGE_CURVE ( 'NONE', #881, #5034, #5455, .T. ) ;
#1591 = DIRECTION ( 'NONE',  ( -0.000000000000000000, -0.000000000000000000, -1.000000000000000000 ) ) ;
#1592 = DIRECTION ( 'NONE',  ( 1.000000000000000000, 0.000000000000000000, 0.000000000000000000 ) ) ;
#1593 = CIRCLE ( 'NONE', #4166, 2.499999999999946709 ) ;
#1594 = CARTESIAN_POINT ( 'NONE',  ( 0.000000000000000000, 0.000000000000000000, 31.00000000000000000 ) ) ;
#1595 = DIRECTION ( 'NONE',  ( 1.000000000000000000, 0.000000000000000000, 0.000000000000000000 ) ) ;
#1596 = SURFACE_STYLE_FILL_AREA ( #5195 ) ;
#1597 = AXIS2_PLACEMENT_3D ( 'NONE', #1684, #609, #4993 ) ;
#1598 = DIRECTION ( 'NONE',  ( 0.000000000000000000, 0.000000000000000000, 1.000000000000000000 ) ) ;
#1599 = FACE_OUTER_BOUND ( 'NONE', #4528, .T. ) ;
#1600 = EDGE_CURVE ( 'NONE', #1330, #4271, #5022, .T. ) ;
#1601 = CARTESIAN_POINT ( 'NONE',  ( 59.99999999999994316, 70.00000000000005684, 12.00000000000000533 ) ) ;
#1602 = EDGE_CURVE ( 'NONE', #2218, #507, #6566, .T. ) ;
#1603 = CYLINDRICAL_SURFACE ( 'NONE', #4023, 14.99999999999999822 ) ;
#1604 = VECTOR ( 'NONE', #6527, 1000.000000000000000 ) ;
#1605 =( LENGTH_UNIT ( ) NAMED_UNIT ( * ) SI_UNIT ( .MILLI., .METRE. ) );
#1606 = DIRECTION ( 'NONE',  ( 0.000000000000000000, 1.000000000000000000, 0.000000000000000000 ) ) ;
#1607 = AXIS2_PLACEMENT_3D ( 'NONE', #1965, #5817, #1372 ) ;
#1608 = AXIS2_PLACEMENT_3D ( 'NONE', #3668, #4766, #4788 ) ;
#1609 = DIRECTION ( 'NONE',  ( -1.000000000000000000, 0.000000000000000000, 0.000000000000000000 ) ) ;
#1610 = FACE_BOUND ( 'NONE', #2827, .T. ) ;
#1611 = CIRCLE ( 'NONE', #4746, 4.000000000000017764 ) ;
#1612 = CARTESIAN_POINT ( 'NONE',  ( 170.0000000000000853, 54.99999999999999289, 2.999999999999996003 ) ) ;
#1613 = DIRECTION ( 'NONE',  ( -1.000000000000000000, 0.000000000000000000, 0.000000000000000000 ) ) ;
#1614 = DIRECTION ( 'NONE',  ( 1.000000000000000000, 0.000000000000000000, 0.000000000000000000 ) ) ;
#1615 = PRODUCT_DEFINITION_FORMATION_WITH_SPECIFIED_SOURCE ( 'ANY', '', #548, .NOT_KNOWN. ) ;
#1616 = DIRECTION ( 'NONE',  ( -0.000000000000000000, -0.000000000000000000, -1.000000000000000000 ) ) ;
#1617 = LINE ( 'NONE', #4999, #4433 ) ;
#1618 = DIRECTION ( 'NONE',  ( -1.000000000000000000, 0.000000000000000000, 0.000000000000000000 ) ) ;
#1619 = DIRECTION ( 'NONE',  ( 0.000000000000000000, 2.255519665188391803E-46, 1.000000000000000000 ) ) ;
#1620 = ORIENTED_EDGE ( 'NONE', *, *, #780, .F. ) ;
#1621 = DIRECTION ( 'NONE',  ( -1.000000000000000000, 0.000000000000000000, 0.000000000000000000 ) ) ;
#1622 = ITEM_DEFINED_TRANSFORMATION ( 'NONE', 'NONE', #4635,  #1321 ) ;
#1623 = AXIS2_PLACEMENT_3D ( 'NONE', #318, #5841, #2534 ) ;
#1624 = FILL_AREA_STYLE_COLOUR ( '', #4004 ) ;
#1625 = DIRECTION ( 'NONE',  ( -1.000000000000000000, 0.000000000000000000, 0.000000000000000000 ) ) ;
#1626 = ORIENTED_EDGE ( 'NONE', *, *, #25, .T. ) ;
#1627 = EDGE_CURVE ( 'NONE', #6425, #1557, #920, .T. ) ;
#1628 = SHAPE_DEFINITION_REPRESENTATION ( #53, #1817 ) ;
#1629 = ORIENTED_EDGE ( 'NONE', *, *, #2230, .T. ) ;
#1630 = DIRECTION ( 'NONE',  ( -0.000000000000000000, 1.000000000000000000, -0.000000000000000000 ) ) ;
#1631 = CARTESIAN_POINT ( 'NONE',  ( -1.106549084227714486E-13, 18.00000000000000000, -167.0000000000001421 ) ) ;
#1632 = EDGE_CURVE ( 'NONE', #4110, #3640, #2286, .T. ) ;
#1633 = EDGE_LOOP ( 'NONE', ( #2151, #2136, #354, #3696 ) ) ;
#1634 = ORIENTED_EDGE ( 'NONE', *, *, #3600, .T. ) ;
#1635 = DIRECTION ( 'NONE',  ( 0.000000000000000000, 0.000000000000000000, -1.000000000000000000 ) ) ;
#1636 = DIRECTION ( 'NONE',  ( 0.000000000000000000, -1.000000000000000000, 0.000000000000000000 ) ) ;
#1637 = EDGE_LOOP ( 'NONE', ( #4663, #5566, #2640, #260 ) ) ;
#1638 = AXIS2_PLACEMENT_3D ( 'NONE', #413, #955, #6385 ) ;
#1639 = DIRECTION ( 'NONE',  ( -0.7071067811865472397, 0.000000000000000000, 0.7071067811865479058 ) ) ;
#1640 = EDGE_LOOP ( 'NONE', ( #2494, #2586 ) ) ;
#1641 = ORIENTED_EDGE ( 'NONE', *, *, #5345, .F. ) ;
#1642 = EDGE_CURVE ( 'NONE', #4001, #1552, #6647, .T. ) ;
#1643 = ORIENTED_EDGE ( 'NONE', *, *, #6186, .T. ) ;
#1644 = DIRECTION ( 'NONE',  ( 0.000000000000000000, 0.000000000000000000, 1.000000000000000000 ) ) ;
#1645 = ORIENTED_EDGE ( 'NONE', *, *, #1157, .T. ) ;
#1646 = FACE_OUTER_BOUND ( 'NONE', #1419, .T. ) ;
#1647 = AXIS2_PLACEMENT_3D ( 'NONE', #466, #1018, #4225 ) ;
#1648 = CARTESIAN_POINT ( 'NONE',  ( 600.0000000000004547, 0.000000000000000000, 400.0000000000001705 ) ) ;
#1649 = FILL_AREA_STYLE_COLOUR ( '', #3409 ) ;
#1650 = AXIS2_PLACEMENT_3D ( 'NONE', #6356, #340, #299 ) ;
#1651 = DIRECTION ( 'NONE',  ( -0.000000000000000000, -0.000000000000000000, -1.000000000000000000 ) ) ;
#1652 = ORIENTED_EDGE ( 'NONE', *, *, #6312, .F. ) ;
#1653 = EDGE_CURVE ( 'NONE', #3607, #1803, #1700, .T. ) ;
#1654 =( LENGTH_UNIT ( ) NAMED_UNIT ( * ) SI_UNIT ( .MILLI., .METRE. ) );
#1655 = ORIENTED_EDGE ( 'NONE', *, *, #6136, .T. ) ;
#1656 = PLANE ( 'NONE',  #2605 ) ;
#1657 = ORIENTED_EDGE ( 'NONE', *, *, #6805, .T. ) ;
#1658 = VECTOR ( 'NONE', #3561, 1000.000000000000000 ) ;
#1659 = ORIENTED_EDGE ( 'NONE', *, *, #1131, .F. ) ;
#1660 = EDGE_CURVE ( 'NONE', #517, #3834, #3655, .T. ) ;
#1661 = EDGE_LOOP ( 'NONE', ( #3773, #1236, #4124, #6273, #5256, #4147, #5078, #355 ) ) ;
#1662 = DIRECTION ( 'NONE',  ( 0.000000000000000000, 0.000000000000000000, -1.000000000000000000 ) ) ;
#1663 = ORIENTED_EDGE ( 'NONE', *, *, #5303, .T. ) ;
#1664 = FACE_BOUND ( 'NONE', #4254, .T. ) ;
#1665 = CARTESIAN_POINT ( 'NONE',  ( 102.7573593128805669, 101.2426406871240374, 18.00000000000000000 ) ) ;
#1666 = FACE_BOUND ( 'NONE', #107, .T. ) ;
#1667 = DIRECTION ( 'NONE',  ( 0.1156569635167078447, 0.9932892160846682472, -0.000000000000000000 ) ) ;
#1668 = DIRECTION ( 'NONE',  ( 0.000000000000000000, -1.000000000000000000, 0.000000000000000000 ) ) ;
#1669 = EDGE_LOOP ( 'NONE', ( #2093, #4211 ) ) ;
#1670 = CARTESIAN_POINT ( 'NONE',  ( 70.00000000000133582, 298.0000000000000000, 0.000000000000000000 ) ) ;
#1671 = LINE ( 'NONE', #6462, #5512 ) ;
#1672 = ORIENTED_EDGE ( 'NONE', *, *, #803, .F. ) ;
#1673 = LINE ( 'NONE', #5487, #5684 ) ;
#1674 = VERTEX_POINT ( 'NONE', #6134 ) ;
#1675 = DIRECTION ( 'NONE',  ( 0.000000000000000000, 0.000000000000000000, 1.000000000000000000 ) ) ;
#1676 = DIRECTION ( 'NONE',  ( 0.000000000000000000, 0.000000000000000000, 1.000000000000000000 ) ) ;
#1677 = CARTESIAN_POINT ( 'NONE',  ( 180.0000000000015064, 652.0000000000002274, 0.000000000000000000 ) ) ;
#1678 = SURFACE_SIDE_STYLE ('',( #6904 ) ) ;
#1679 = CIRCLE ( 'NONE', #2700, 2.499999999999946709 ) ;
#1680 = DIRECTION ( 'NONE',  ( -0.000000000000000000, -0.000000000000000000, 1.000000000000000000 ) ) ;
#1681 = ORIENTED_EDGE ( 'NONE', *, *, #995, .F. ) ;
#1682 = EDGE_CURVE ( 'NONE', #288, #4017, #1357, .T. ) ;
#1683 = CIRCLE ( 'NONE', #5042, 2.500000000000015987 ) ;
#1684 = CARTESIAN_POINT ( 'NONE',  ( 40.00000000000003553, 49.99999999999993605, 15.00000000000000000 ) ) ;
#1685 = EDGE_CURVE ( 'NONE', #6077, #5246, #2199, .T. ) ;
#1686 =( GEOMETRIC_REPRESENTATION_CONTEXT ( 3 ) GLOBAL_UNCERTAINTY_ASSIGNED_CONTEXT ( ( #657 ) ) GLOBAL_UNIT_ASSIGNED_CONTEXT ( ( #453, #2680, #513 ) ) REPRESENTATION_CONTEXT ( 'NONE', 'WORKASPACE' ) );
#1687 = CIRCLE ( 'NONE', #762, 3.000000000000002665 ) ;
#1688 = VECTOR ( 'NONE', #3161, 1000.000000000000000 ) ;
#1689 = DIRECTION ( 'NONE',  ( -0.000000000000000000, -0.000000000000000000, -1.000000000000000000 ) ) ;
#1690 = ADVANCED_FACE ( 'NONE', ( #5708 ), #2463, .F. ) ;
#1691 = DIRECTION ( 'NONE',  ( 1.000000000000000000, 0.000000000000000000, 0.000000000000000000 ) ) ;
#1692 = DIRECTION ( 'NONE',  ( 0.000000000000000000, 2.255519665188392192E-46, 1.000000000000000000 ) ) ;
#1693 = LINE ( 'NONE', #5508, #5784 ) ;
#1694 = DIRECTION ( 'NONE',  ( 0.000000000000000000, 0.000000000000000000, 1.000000000000000000 ) ) ;
#1695 = CYLINDRICAL_SURFACE ( 'NONE', #1543, 6.000000000000768274 ) ;
#1696 = DIRECTION ( 'NONE',  ( 0.000000000000000000, 2.255519665188391803E-46, 1.000000000000000000 ) ) ;
#1697 = AXIS2_PLACEMENT_3D ( 'NONE', #3462, #157, #700 ) ;
#1698 = CARTESIAN_POINT ( 'NONE',  ( -212.5000000000002274, 19.99999999999999645, -8.999999999999896971 ) ) ;
#1699 = DIRECTION ( 'NONE',  ( 0.000000000000000000, 0.000000000000000000, 1.000000000000000000 ) ) ;
#1700 = CIRCLE ( 'NONE', #6638, 2.499999999999946709 ) ;
#1701 = CIRCLE ( 'NONE', #5896, 3.999999999998837819 ) ;
#1702 = CARTESIAN_POINT ( 'NONE',  ( 919.9999999999986358, 27.99999999999980105, 18.00000000000000000 ) ) ;
#1703 = DIRECTION ( 'NONE',  ( 0.000000000000000000, 0.000000000000000000, 1.000000000000000000 ) ) ;
#1704 = EDGE_CURVE ( 'NONE', #597, #6512, #1002, .T. ) ;
#1705 =( NAMED_UNIT ( * ) SI_UNIT ( $, .STERADIAN. ) SOLID_ANGLE_UNIT ( ) );
#1706 = CARTESIAN_POINT ( 'NONE',  ( 788.9999999999987494, 620.0000000000002274, 18.00000000000000000 ) ) ;
#1707 = LINE ( 'NONE', #6259, #4686 ) ;
#1708 = CIRCLE ( 'NONE', #3960, 5.999999999999339195 ) ;
#1709 = AXIS2_PLACEMENT_3D ( 'NONE', #406, #1484, #853 ) ;
#1710 = DIRECTION ( 'NONE',  ( 1.000000000000000000, 0.000000000000000000, 0.000000000000000000 ) ) ;
#1711 = ORIENTED_EDGE ( 'NONE', *, *, #3486, .F. ) ;
#1712 = CARTESIAN_POINT ( 'NONE',  ( 370.0000000000000000, 80.00000000000000000, 0.000000000000000000 ) ) ;
#1713 = CARTESIAN_POINT ( 'NONE',  ( 106.9999999999999005, 730.0000000000000000, 15.49999999999999112 ) ) ;
#1714 = AXIS2_PLACEMENT_3D ( 'NONE', #6211, #5065, #116 ) ;
#1715 = CARTESIAN_POINT ( 'NONE',  ( 916.9999999999986358, 620.0000000000002274, 18.00000000000000000 ) ) ;
#1716 = EDGE_LOOP ( 'NONE', ( #2027, #264, #5226, #879 ) ) ;
#1717 = ORIENTED_EDGE ( 'NONE', *, *, #6622, .T. ) ;
#1718 = CARTESIAN_POINT ( 'NONE',  ( 1052.500000000000000, 576.0000000000002274, 0.000000000000000000 ) ) ;
#1719 = ADVANCED_FACE ( 'NONE', ( #410 ), #3463, .F. ) ;
#1720 = DIRECTION ( 'NONE',  ( -1.000000000000000000, 0.000000000000000000, 0.000000000000000000 ) ) ;
#1721 = DIRECTION ( 'NONE',  ( -1.000000000000000000, 0.000000000000000000, 0.000000000000000000 ) ) ;
#1722 = EDGE_LOOP ( 'NONE', ( #203, #2487, #2158, #983 ) ) ;
#1723 = AXIS2_PLACEMENT_3D ( 'NONE', #1208, #2824, #6051 ) ;
#1724 = ORIENTED_EDGE ( 'NONE', *, *, #1249, .F. ) ;
#1725 = ORIENTED_EDGE ( 'NONE', *, *, #7037, .T. ) ;
#1726 = EDGE_CURVE ( 'NONE', #175, #4138, #478, .T. ) ;
#1727 = VERTEX_POINT ( 'NONE', #2839 ) ;
#1728 = CARTESIAN_POINT ( 'NONE',  ( 1032.499999999998408, 265.9999999999998295, 0.000000000000000000 ) ) ;
#1729 = DIRECTION ( 'NONE',  ( 1.000000000000000000, 0.000000000000000000, 0.000000000000000000 ) ) ;
#1730 = EDGE_CURVE ( 'NONE', #3338, #2927, #4349, .T. ) ;
#1731 = ORIENTED_EDGE ( 'NONE', *, *, #4583, .F. ) ;
#1732 = LINE ( 'NONE', #78, #6081 ) ;
#1733 = DIRECTION ( 'NONE',  ( -0.000000000000000000, -0.000000000000000000, -1.000000000000000000 ) ) ;
#1734 = DIRECTION ( 'NONE',  ( -1.000000000000000000, 0.000000000000000000, 0.000000000000000000 ) ) ;
#1735 = DIRECTION ( 'NONE',  ( -0.000000000000000000, -0.000000000000000000, -1.000000000000000000 ) ) ;
#1736 = ORIENTED_EDGE ( 'NONE', *, *, #1098, .F. ) ;
#1737 = ORIENTED_EDGE ( 'NONE', *, *, #2705, .F. ) ;
#1738 = CARTESIAN_POINT ( 'NONE',  ( 31.00000000000000000, 658.9999999999984084, 11.99999999999999822 ) ) ;
#1739 = ORIENTED_EDGE ( 'NONE', *, *, #3106, .F. ) ;
#1740 = DIRECTION ( 'NONE',  ( 0.000000000000000000, 1.000000000000000000, 0.000000000000000000 ) ) ;
#1741 = ORIENTED_EDGE ( 'NONE', *, *, #89, .T. ) ;
#1742 = LINE ( 'NONE', #2565, #1994 ) ;
#1743 = ORIENTED_EDGE ( 'NONE', *, *, #6365, .T. ) ;
#1744 = EDGE_CURVE ( 'NONE', #3091, #3949, #4594, .T. ) ;
#1745 = EDGE_LOOP ( 'NONE', ( #4956, #5220 ) ) ;
#1746 = DIRECTION ( 'NONE',  ( 1.000000000000000000, -0.000000000000000000, 0.000000000000000000 ) ) ;
#1747 = DIRECTION ( 'NONE',  ( 1.000000000000000000, 0.000000000000000000, 0.000000000000000000 ) ) ;
#1748 = ORIENTED_EDGE ( 'NONE', *, *, #4238, .T. ) ;
#1749 = FACE_BOUND ( 'NONE', #7005, .T. ) ;
#1750 = AXIS2_PLACEMENT_3D ( 'NONE', #6568, #3835, #6587 ) ;
#1751 = CARTESIAN_POINT ( 'NONE',  ( 183.0698683933170514, 725.0000000000000000, 9.500000000000000000 ) ) ;
#1752 = VECTOR ( 'NONE', #4277, 1000.000000000000000 ) ;
#1753 = AXIS2_PLACEMENT_3D ( 'NONE', #5113, #5653, #2943 ) ;
#1754 = EDGE_CURVE ( 'NONE', #6027, #5249, #58, .T. ) ;
#1755 = EDGE_LOOP ( 'NONE', ( #6875, #2415 ) ) ;
#1756 = FILL_AREA_STYLE ('',( #3346 ) ) ;
#1757 = CARTESIAN_POINT ( 'NONE',  ( -466.5000000000000000, 80.00000000000000000, -9.000000000000007105 ) ) ;
#1758 = ADVANCED_FACE ( 'NONE', ( #4163 ), #1603, .T. ) ;
#1759 = VECTOR ( 'NONE', #2715, 1000.000000000000000 ) ;
#1760 = EDGE_LOOP ( 'NONE', ( #3528, #6255, #4660, #6267 ) ) ;
#1761 = FACE_OUTER_BOUND ( 'NONE', #2602, .T. ) ;
#1762 = ORIENTED_EDGE ( 'NONE', *, *, #3491, .T. ) ;
#1763 = CARTESIAN_POINT ( 'NONE',  ( 144.9999999999999147, 690.0000000000000000, 18.49999999999998579 ) ) ;
#1764 = DIRECTION ( 'NONE',  ( 1.000000000000000000, 0.000000000000000000, 0.000000000000000000 ) ) ;
#1765 = ADVANCED_FACE ( 'NONE', ( #4511 ), #5014, .F. ) ;
#1766 = CARTESIAN_POINT ( 'NONE',  ( 1032.999999999998636, 169.9999999999999432, 18.00000000000000000 ) ) ;
#1767 = PLANE ( 'NONE',  #5471 ) ;
#1768 = LINE ( 'NONE', #1314, #5518 ) ;
#1769 = VERTEX_POINT ( 'NONE', #2890 ) ;
#1770 = FACE_OUTER_BOUND ( 'NONE', #1633, .T. ) ;
#1771 = CARTESIAN_POINT ( 'NONE',  ( 248.5000000000002274, 79.99999999999998579, -9.000000000000119016 ) ) ;
#1772 = SURFACE_STYLE_FILL_AREA ( #4387 ) ;
#1773 = CARTESIAN_POINT ( 'NONE',  ( -42.00000000000003553, 54.99999999999999289, 1.387778780781445676E-14 ) ) ;
#1774 = FACE_OUTER_BOUND ( 'NONE', #3391, .T. ) ;
#1775 = CARTESIAN_POINT ( 'NONE',  ( 102.7573593128805811, 101.2426406871240374, 11.99999999999999822 ) ) ;
#1776 = DIRECTION ( 'NONE',  ( 1.000000000000000000, 0.000000000000000000, 0.000000000000000000 ) ) ;
#1777 = ORIENTED_EDGE ( 'NONE', *, *, #2930, .T. ) ;
#1778 = CARTESIAN_POINT ( 'NONE',  ( -42.00000000000003553, 54.99999999999999289, 1.387778780781445676E-14 ) ) ;
#1779 = EDGE_CURVE ( 'NONE', #5166, #5685, #2542, .T. ) ;
#1780 = DIRECTION ( 'NONE',  ( 1.000000000000000000, 0.000000000000000000, 0.000000000000000000 ) ) ;
#1781 = CIRCLE ( 'NONE', #3512, 2.999999999999994671 ) ;
#1782 = EDGE_CURVE ( 'NONE', #3795, #6084, #6891, .T. ) ;
#1783 = CARTESIAN_POINT ( 'NONE',  ( 190.0750793453590006, 730.0000000000000000, 31.00000000000000000 ) ) ;
#1784 = CARTESIAN_POINT ( 'NONE',  ( 370.0000000000000000, 55.00000000000000000, 0.000000000000000000 ) ) ;
#1785 = CIRCLE ( 'NONE', #373, 3.999999999998837819 ) ;
#1786 = CARTESIAN_POINT ( 'NONE',  ( 1027.129942314910522, 613.1299423149123413, 18.00000000000000000 ) ) ;
#1787 = DIRECTION ( 'NONE',  ( 0.000000000000000000, 0.000000000000000000, 1.000000000000000000 ) ) ;
#1788 = DIRECTION ( 'NONE',  ( -0.000000000000000000, -0.000000000000000000, -1.000000000000000000 ) ) ;
#1789 = DIRECTION ( 'NONE',  ( 1.000000000000000000, 0.000000000000000000, 0.000000000000000000 ) ) ;
#1790 = EDGE_CURVE ( 'NONE', #6772, #1138, #7051, .T. ) ;
#1791 = CARTESIAN_POINT ( 'NONE',  ( 0.000000000000000000, 0.000000000000000000, 18.00000000000000000 ) ) ;
#1792 = DIRECTION ( 'NONE',  ( 0.000000000000000000, 0.000000000000000000, 1.000000000000000000 ) ) ;
#1793 = CIRCLE ( 'NONE', #1005, 3.000000000000002665 ) ;
#1794 = LINE ( 'NONE', #6516, #5956 ) ;
#1795 = ADVANCED_FACE ( 'NONE', ( #6561 ), #4418, .F. ) ;
#1796 =( GEOMETRIC_REPRESENTATION_CONTEXT ( 3 ) GLOBAL_UNCERTAINTY_ASSIGNED_CONTEXT ( ( #4777 ) ) GLOBAL_UNIT_ASSIGNED_CONTEXT ( ( #4711, #2430, #6320 ) ) REPRESENTATION_CONTEXT ( 'NONE', 'WORKASPACE' ) );
#1797 = AXIS2_PLACEMENT_3D ( 'NONE', #4196, #362, #4794 ) ;
#1798 = SHAPE_REPRESENTATION ( 'A000557-FAJASXXXCORT', ( #1321 ), #3008 ) ;
#1799 = DIRECTION ( 'NONE',  ( 0.000000000000000000, 0.000000000000000000, 1.000000000000000000 ) ) ;
#1800 = DIRECTION ( 'NONE',  ( 1.000000000000000000, 0.000000000000000000, 0.000000000000000000 ) ) ;
#1801 = ADVANCED_FACE ( 'NONE', ( #148, #5865, #5612 ), #5107, .T. ) ;
#1802 = VECTOR ( 'NONE', #2041, 1000.000000000000000 ) ;
#1803 = VERTEX_POINT ( 'NONE', #217 ) ;
#1804 = CARTESIAN_POINT ( 'NONE',  ( -408.5000000000000000, 20.00000000000000355, 9.000000000000007105 ) ) ;
#1805 = CARTESIAN_POINT ( 'NONE',  ( 102.7573593128809364, 578.7573593128854554, 11.99999999999999822 ) ) ;
#1806 = EDGE_CURVE ( 'NONE', #3009, #2323, #6814, .T. ) ;
#1807 = DIRECTION ( 'NONE',  ( 1.000000000000000000, -4.815513022993924426E-16, 1.054711873393898516E-15 ) ) ;
#1808 = ORIENTED_EDGE ( 'NONE', *, *, #911, .T. ) ;
#1809 = DIRECTION ( 'NONE',  ( 1.000000000000000000, 0.000000000000000000, 0.000000000000000000 ) ) ;
#1810 = EDGE_LOOP ( 'NONE', ( #4562, #3086, #7012, #5260 ) ) ;
#1811 = DIRECTION ( 'NONE',  ( 0.000000000000000000, 0.000000000000000000, 1.000000000000000000 ) ) ;
#1812 = ORIENTED_EDGE ( 'NONE', *, *, #2436, .F. ) ;
#1813 = EDGE_LOOP ( 'NONE', ( #4262, #358 ) ) ;
#1814 = EDGE_LOOP ( 'NONE', ( #6485, #2658, #3630, #3932 ) ) ;
#1815 = ORIENTED_EDGE ( 'NONE', *, *, #1960, .T. ) ;
#1816 = ORIENTED_EDGE ( 'NONE', *, *, #1744, .F. ) ;
#1817 = SHAPE_REPRESENTATION ( 'A000557-COMPLETO-IM00', ( #835, #1113, #5509, #2575, #4909, #6830, #876, #976, #1261, #101, #3, #4635, #3075, #1714, #5631 ), #2346 ) ;
#1818 = CARTESIAN_POINT ( 'NONE',  ( 1029.999999999998636, 510.0000000000001137, 18.00000000000000000 ) ) ;
#1819 = CARTESIAN_POINT ( 'NONE',  ( 1050.000000000000000, 103.9999999999998721, 0.000000000000000000 ) ) ;
#1820 = ORIENTED_EDGE ( 'NONE', *, *, #4485, .F. ) ;
#1821 = ORIENTED_EDGE ( 'NONE', *, *, #2114, .T. ) ;
#1822 = EDGE_CURVE ( 'NONE', #6411, #5413, #5105, .T. ) ;
#1823 = DIRECTION ( 'NONE',  ( -0.000000000000000000, -1.000000000000000000, -0.000000000000000000 ) ) ;
#1824 = ORIENTED_EDGE ( 'NONE', *, *, #4529, .T. ) ;
#1825 =( GEOMETRIC_REPRESENTATION_CONTEXT ( 3 ) GLOBAL_UNCERTAINTY_ASSIGNED_CONTEXT ( ( #4486 ) ) GLOBAL_UNIT_ASSIGNED_CONTEXT ( ( #4252, #2707, #6986 ) ) REPRESENTATION_CONTEXT ( 'NONE', 'WORKASPACE' ) );
#1826 = ORIENTED_EDGE ( 'NONE', *, *, #4005, .T. ) ;
#1827 = APPLICATION_CONTEXT ( 'automotive_design' ) ;
#1828 = ORIENTED_EDGE ( 'NONE', *, *, #4422, .T. ) ;
#1829 = SURFACE_SIDE_STYLE ('',( #7017 ) ) ;
#1830 = ADVANCED_FACE ( 'NONE', ( #1180, #2968, #5279, #6387, #5950 ), #778, .F. ) ;
#1831 = VECTOR ( 'NONE', #1544, 1000.000000000000000 ) ;
#1832 = ORIENTED_EDGE ( 'NONE', *, *, #3503, .T. ) ;
#1833 = CARTESIAN_POINT ( 'NONE',  ( 993.0000000000000000, 583.0000000000048885, 18.00000000000000000 ) ) ;
#1834 = DIRECTION ( 'NONE',  ( -0.000000000000000000, -0.000000000000000000, 1.000000000000000000 ) ) ;
#1835 = AXIS2_PLACEMENT_3D ( 'NONE', #3224, #5915, #3250 ) ;
#1836 = ADVANCED_FACE ( 'NONE', ( #3648 ), #5363, .F. ) ;
#1837 = ORIENTED_EDGE ( 'NONE', *, *, #1231, .F. ) ;
#1838 = ORIENTED_EDGE ( 'NONE', *, *, #3923, .T. ) ;
#1839 = VECTOR ( 'NONE', #2855, 1000.000000000000000 ) ;
#1840 = DIRECTION ( 'NONE',  ( 0.000000000000000000, 1.000000000000000000, -0.000000000000000000 ) ) ;
#1841 = EDGE_LOOP ( 'NONE', ( #4976, #4451 ) ) ;
#1842 = AXIS2_PLACEMENT_3D ( 'NONE', #6907, #3142, #350 ) ;
#1843 = EDGE_LOOP ( 'NONE', ( #6328, #4174, #2570, #5636 ) ) ;
#1844 = CARTESIAN_POINT ( 'NONE',  ( -1.110223024625156540E-13, 5.999999999999998224, -173.0000000000001421 ) ) ;
#1845 = FACE_OUTER_BOUND ( 'NONE', #5732, .T. ) ;
#1846 = ORIENTED_EDGE ( 'NONE', *, *, #4795, .T. ) ;
#1847 = FACE_BOUND ( 'NONE', #3241, .T. ) ;
#1848 = EDGE_CURVE ( 'NONE', #1147, #6252, #1521, .T. ) ;
#1849 = ORIENTED_EDGE ( 'NONE', *, *, #233, .F. ) ;
#1850 = EDGE_CURVE ( 'NONE', #4383, #4744, #2192, .T. ) ;
#1851 = DIRECTION ( 'NONE',  ( -0.000000000000000000, -0.000000000000000000, -1.000000000000000000 ) ) ;
#1852 = AXIS2_PLACEMENT_3D ( 'NONE', #6101, #4429, #3847 ) ;
#1853 = LINE ( 'NONE', #2663, #388 ) ;
#1854 = AXIS2_PLACEMENT_3D ( 'NONE', #1549, #1509, #1041 ) ;
#1855 = ORIENTED_EDGE ( 'NONE', *, *, #2566, .T. ) ;
#1856 = DIRECTION ( 'NONE',  ( 1.054711873393898516E-15, -2.940461388430579244E-31, -1.000000000000000000 ) ) ;
#1857 = DIRECTION ( 'NONE',  ( 0.000000000000000000, 0.000000000000000000, -1.000000000000000000 ) ) ;
#1858 = CIRCLE ( 'NONE', #3388, 3.000000000000002665 ) ;
#1859 = AXIS2_PLACEMENT_3D ( 'NONE', #5467, #3907, #2194 ) ;
#1860 = ORIENTED_EDGE ( 'NONE', *, *, #2819, .T. ) ;
#1861 = FACE_OUTER_BOUND ( 'NONE', #6583, .T. ) ;
#1862 = CARTESIAN_POINT ( 'NONE',  ( 553.0000000000000000, 169.9999999999999716, 0.000000000000000000 ) ) ;
#1863 = FACE_OUTER_BOUND ( 'NONE', #4370, .T. ) ;
#1864 = LINE ( 'NONE', #380, #4592 ) ;
#1865 = CARTESIAN_POINT ( 'NONE',  ( 916.9999999999986358, 59.99999999999982947, 0.000000000000000000 ) ) ;
#1866 = ADVANCED_FACE ( 'NONE', ( #5702 ), #4244, .F. ) ;
#1867 = SHAPE_REPRESENTATION ( 'Pata 720 - 30mm', ( #1321 ), #2175 ) ;
#1868 = CARTESIAN_POINT ( 'NONE',  ( 73.00000000000135003, 169.9999999999999716, 18.00000000000000000 ) ) ;
#1869 = PLANE ( 'NONE',  #821 ) ;
#1870 = CIRCLE ( 'NONE', #5391, 5.999999999999339195 ) ;
#1871 = ADVANCED_FACE ( 'NONE', ( #4680 ), #2369, .F. ) ;
#1872 = FACE_OUTER_BOUND ( 'NONE', #1475, .T. ) ;
#1873 = DIRECTION ( 'NONE',  ( 1.000000000000000000, 0.000000000000000000, 0.000000000000000000 ) ) ;
#1874 = EDGE_CURVE ( 'NONE', #7036, #3410, #1785, .T. ) ;
#1875 = VECTOR ( 'NONE', #3199, 1000.000000000000000 ) ;
#1876 = CYLINDRICAL_SURFACE ( 'NONE', #6349, 2.999999999999996003 ) ;
#1877 = PLANE ( 'NONE',  #6233 ) ;
#1878 = CARTESIAN_POINT ( 'NONE',  ( 70.00000000000133582, 414.0000000000000568, 18.00000000000000000 ) ) ;
#1879 = VECTOR ( 'NONE', #167, 999.9999999999998863 ) ;
#1880 = EDGE_LOOP ( 'NONE', ( #1053, #5400, #3554, #4043 ) ) ;
#1881 = CARTESIAN_POINT ( 'NONE',  ( 821.4999999999987494, 59.99999999999972289, 18.00000000000000000 ) ) ;
#1882 = DIRECTION ( 'NONE',  ( -1.000000000000000000, 0.000000000000000000, 0.000000000000000000 ) ) ;
#1883 = EDGE_CURVE ( 'NONE', #1138, #6772, #3226, .T. ) ;
#1884 = AXIS2_PLACEMENT_3D ( 'NONE', #6542, #4319, #2796 ) ;
#1885 = ORIENTED_EDGE ( 'NONE', *, *, #5035, .T. ) ;
#1886 = AXIS2_PLACEMENT_3D ( 'NONE', #6156, #636, #4460 ) ;
#1887 = CONTEXT_DEPENDENT_SHAPE_REPRESENTATION ( #2446, #3343 ) ;
#1888 = EDGE_CURVE ( 'NONE', #3781, #5685, #405, .T. ) ;
#1889 = DIRECTION ( 'NONE',  ( 1.000000000000000000, 0.000000000000000000, 0.000000000000000000 ) ) ;
#1890 = CARTESIAN_POINT ( 'NONE',  ( -266.5000000000000568, 80.00000000000000000, 8.999999999999904077 ) ) ;
#1891 = ORIENTED_EDGE ( 'NONE', *, *, #4214, .T. ) ;
#1892 = EDGE_CURVE ( 'NONE', #713, #6800, #2037, .T. ) ;
#1893 = ORIENTED_EDGE ( 'NONE', *, *, #3842, .F. ) ;
#1894 = DIRECTION ( 'NONE',  ( 1.000000000000000000, 0.000000000000000000, 0.000000000000000000 ) ) ;
#1895 = ADVANCED_FACE ( 'NONE', ( #2714 ), #2801, .F. ) ;
#1896 = ORIENTED_EDGE ( 'NONE', *, *, #2749, .F. ) ;
#1897 = ORIENTED_EDGE ( 'NONE', *, *, #1850, .F. ) ;
#1898 = DIRECTION ( 'NONE',  ( -1.000000000000000000, 0.000000000000000000, 0.000000000000000000 ) ) ;
#1899 = CARTESIAN_POINT ( 'NONE',  ( 59.99999999999994316, 70.00000000000005684, 15.00000000000001421 ) ) ;
#1900 = DIRECTION ( 'NONE',  ( 0.000000000000000000, 0.000000000000000000, 1.000000000000000000 ) ) ;
#1901 = ORIENTED_EDGE ( 'NONE', *, *, #2870, .F. ) ;
#1902 = CARTESIAN_POINT ( 'NONE',  ( 6.255180600960847492, 1.176131348680805580E-17, 1.614108343103369350E-15 ) ) ;
#1903 = ORIENTED_EDGE ( 'NONE', *, *, #2314, .T. ) ;
#1904 = ORIENTED_EDGE ( 'NONE', *, *, #757, .F. ) ;
#1905 = DIRECTION ( 'NONE',  ( -1.000000000000000000, -0.000000000000000000, -0.000000000000000000 ) ) ;
#1906 = VERTEX_POINT ( 'NONE', #2799 ) ;
#1907 = CIRCLE ( 'NONE', #115, 3.000000000000002665 ) ;
#1908 = EDGE_LOOP ( 'NONE', ( #6836, #1501 ) ) ;
#1909 = EDGE_CURVE ( 'NONE', #4184, #3180, #1275, .T. ) ;
#1910 = DIRECTION ( 'NONE',  ( 1.000000000000000000, 0.000000000000000000, 0.000000000000000000 ) ) ;
#1911 = CARTESIAN_POINT ( 'NONE',  ( 180.0000000000015064, 27.99999999999980105, 18.00000000000000000 ) ) ;
#1912 = EDGE_LOOP ( 'NONE', ( #3697, #1371, #463, #6018 ) ) ;
#1913 = EDGE_CURVE ( 'NONE', #4189, #1049, #1352, .T. ) ;
#1914 = ORIENTED_EDGE ( 'NONE', *, *, #6298, .T. ) ;
#1915 = CIRCLE ( 'NONE', #4049, 2.999999999998808953 ) ;
#1916 = ORIENTED_EDGE ( 'NONE', *, *, #2376, .F. ) ;
#1917 = STYLED_ITEM ( 'NONE', ( #857 ), #5224 ) ;
#1918 = EDGE_LOOP ( 'NONE', ( #5574, #1838 ) ) ;
#1919 = DIRECTION ( 'NONE',  ( 1.329538674056075510E-18, 1.000000000000000000, -0.000000000000000000 ) ) ;
#1920 = EDGE_LOOP ( 'NONE', ( #5293, #2422, #5735, #6776 ) ) ;
#1921 = FACE_BOUND ( 'NONE', #184, .T. ) ;
#1922 = ORIENTED_EDGE ( 'NONE', *, *, #5667, .T. ) ;
#1923 = CIRCLE ( 'NONE', #3758, 4.000000000000003553 ) ;
#1924 = VERTEX_POINT ( 'NONE', #30 ) ;
#1925 = CARTESIAN_POINT ( 'NONE',  ( -208.5000000000001990, 19.99999999999999645, 9.000000000000119016 ) ) ;
#1926 = DIRECTION ( 'NONE',  ( 0.000000000000000000, 0.000000000000000000, 1.000000000000000000 ) ) ;
#1927 = DIRECTION ( 'NONE',  ( -0.000000000000000000, -0.000000000000000000, -1.000000000000000000 ) ) ;
#1928 = LINE ( 'NONE', #2665, #3033 ) ;
#1929 = EDGE_LOOP ( 'NONE', ( #3442, #5463, #1415, #4307 ) ) ;
#1930 = VECTOR ( 'NONE', #5441, 1000.000000000000000 ) ;
#1931 = AXIS2_PLACEMENT_3D ( 'NONE', #313, #4626, #3031 ) ;
#1932 = ORIENTED_EDGE ( 'NONE', *, *, #1524, .F. ) ;
#1933 = CARTESIAN_POINT ( 'NONE',  ( 1075.000000000000227, 658.9999999999985221, 18.00000000000000000 ) ) ;
#1934 = ADVANCED_FACE ( 'NONE', ( #6971 ), #5993, .F. ) ;
#1935 = LINE ( 'NONE', #6036, #5688 ) ;
#1936 = VERTEX_POINT ( 'NONE', #57 ) ;
#1937 = EDGE_CURVE ( 'NONE', #631, #3093, #3989, .T. ) ;
#1938 = DIRECTION ( 'NONE',  ( 0.000000000000000000, -0.000000000000000000, -1.000000000000000000 ) ) ;
#1939 = VECTOR ( 'NONE', #1339, 1000.000000000000000 ) ;
#1940 = CARTESIAN_POINT ( 'NONE',  ( 67.50000000000133582, 414.0000000000000568, 18.00000000000000000 ) ) ;
#1941 = CARTESIAN_POINT ( 'NONE',  ( 1029.999999999998636, 169.9999999999999432, 0.000000000000000000 ) ) ;
#1942 = FACE_OUTER_BOUND ( 'NONE', #3887, .T. ) ;
#1943 = CYLINDRICAL_SURFACE ( 'NONE', #141, 4.000000000000003553 ) ;
#1944 = CARTESIAN_POINT ( 'NONE',  ( 1075.000000000000227, 658.9999999999985221, 11.99999999999999822 ) ) ;
#1945 = PRESENTATION_LAYER_ASSIGNMENT (  '', '', ( #5994 ) ) ;
#1946 = DIRECTION ( 'NONE',  ( 0.000000000000000000, 0.000000000000000000, 1.000000000000000000 ) ) ;
#1947 = LINE ( 'NONE', #6124, #6468 ) ;
#1948 = CARTESIAN_POINT ( 'NONE',  ( 273.5000000000014779, 59.99999999999982947, 18.00000000000000000 ) ) ;
#1949 = UNCERTAINTY_MEASURE_WITH_UNIT (LENGTH_MEASURE( 1.000000000000000082E-05 ), #2717, 'distance_accuracy_value', 'NONE');
#1950 = DIRECTION ( 'NONE',  ( 0.000000000000000000, 0.000000000000000000, 1.000000000000000000 ) ) ;
#1951 = DIRECTION ( 'NONE',  ( -1.261617073437679231E-16, -1.000000000000000000, 8.758115402030106693E-47 ) ) ;
#1952 = CARTESIAN_POINT ( 'NONE',  ( 1064.757359312880908, 16.75735931287974978, 11.99999999999999822 ) ) ;
#1953 = VECTOR ( 'NONE', #2211, 999.9999999999998863 ) ;
#1954 = LINE ( 'NONE', #1107, #1604 ) ;
#1955 = CARTESIAN_POINT ( 'NONE',  ( 76.87005768508983294, 613.1299423149124550, 18.00000000000000000 ) ) ;
#1956 = AXIS2_PLACEMENT_3D ( 'NONE', #6531, #1032, #5432 ) ;
#1957 = CARTESIAN_POINT ( 'NONE',  ( 111.2426406871190352, 587.2426406871243216, 11.99999999999999822 ) ) ;
#1958 = LINE ( 'NONE', #3988, #5620 ) ;
#1959 = CIRCLE ( 'NONE', #5615, 2.499999999999946709 ) ;
#1960 = EDGE_CURVE ( 'NONE', #628, #6321, #1089, .T. ) ;
#1961 = AXIS2_PLACEMENT_3D ( 'NONE', #982, #6451, #1464 ) ;
#1962 = ADVANCED_FACE ( 'NONE', ( #5533 ), #6042, .F. ) ;
#1963 = FACE_OUTER_BOUND ( 'NONE', #6080, .T. ) ;
#1964 = ORIENTED_EDGE ( 'NONE', *, *, #3735, .T. ) ;
#1965 = CARTESIAN_POINT ( 'NONE',  ( -242.0000000000000000, 55.00000000000000000, 0.000000000000000000 ) ) ;
#1966 = AXIS2_PLACEMENT_3D ( 'NONE', #4524, #2298, #1882 ) ;
#1967 = PLANE ( 'NONE',  #2141 ) ;
#1968 = DIRECTION ( 'NONE',  ( 0.000000000000000000, 1.000000000000000000, 0.000000000000000000 ) ) ;
#1969 = DIRECTION ( 'NONE',  ( 0.000000000000000000, 0.000000000000000000, 1.000000000000000000 ) ) ;
#1970 = VERTEX_POINT ( 'NONE', #6651 ) ;
#1971 = EDGE_CURVE ( 'NONE', #4713, #121, #4076, .T. ) ;
#1972 = CONTEXT_DEPENDENT_SHAPE_REPRESENTATION ( #3585, #6431 ) ;
#1973 = CARTESIAN_POINT ( 'NONE',  ( 144.9999999999999147, 690.0000000000000000, 15.49999999999998934 ) ) ;
#1974 = EDGE_CURVE ( 'NONE', #1140, #6698, #1693, .T. ) ;
#1975 = CARTESIAN_POINT ( 'NONE',  ( 0.000000000000000000, 0.000000000000000000, 30.00000000000002132 ) ) ;
#1976 = AXIS2_PLACEMENT_3D ( 'NONE', #2901, #1792, #3975 ) ;
#1977 = ORIENTED_EDGE ( 'NONE', *, *, #4933, .T. ) ;
#1978 = DIRECTION ( 'NONE',  ( 0.000000000000000000, 0.000000000000000000, -1.000000000000000000 ) ) ;
#1979 = PRESENTATION_STYLE_ASSIGNMENT (( #1126 ) ) ;
#1980 = ORIENTED_EDGE ( 'NONE', *, *, #5094, .T. ) ;
#1981 = ORIENTED_EDGE ( 'NONE', *, *, #3393, .T. ) ;
#1982 = ORIENTED_EDGE ( 'NONE', *, *, #1514, .T. ) ;
#1983 = ORIENTED_EDGE ( 'NONE', *, *, #1590, .F. ) ;
#1984 = PRODUCT_RELATED_PRODUCT_CATEGORY ( 'part', '', ( #961 ) ) ;
#1985 = ORIENTED_EDGE ( 'NONE', *, *, #1627, .F. ) ;
#1986 = ORIENTED_EDGE ( 'NONE', *, *, #5623, .T. ) ;
#1987 = DIRECTION ( 'NONE',  ( -0.000000000000000000, -0.000000000000000000, 1.000000000000000000 ) ) ;
#1988 = ORIENTED_EDGE ( 'NONE', *, *, #2961, .F. ) ;
#1989 = DIRECTION ( 'NONE',  ( -0.000000000000000000, -0.000000000000000000, -1.000000000000000000 ) ) ;
#1990 = CARTESIAN_POINT ( 'NONE',  ( -266.5000000000000568, -1.387778780781445676E-14, -9.000000000000119016 ) ) ;
#1991 = ORIENTED_EDGE ( 'NONE', *, *, #3153, .T. ) ;
#1992 = DIRECTION ( 'NONE',  ( 0.000000000000000000, 0.000000000000000000, 1.000000000000000000 ) ) ;
#1993 = EDGE_LOOP ( 'NONE', ( #6865, #1725, #5569, #2592 ) ) ;
#1994 = VECTOR ( 'NONE', #5269, 1000.000000000000000 ) ;
#1995 = CARTESIAN_POINT ( 'NONE',  ( 273.5000000000014779, 620.0000000000002274, 18.00000000000000000 ) ) ;
#1996 = ORIENTED_EDGE ( 'NONE', *, *, #613, .T. ) ;
#1997 = DIRECTION ( 'NONE',  ( 0.000000000000000000, 0.000000000000000000, 1.000000000000000000 ) ) ;
#1998 = AXIS2_PLACEMENT_3D ( 'NONE', #3761, #1016, #1529 ) ;
#1999 = CARTESIAN_POINT ( 'NONE',  ( 0.000000000000000000, 0.000000000000000000, 0.000000000000000000 ) ) ;
#2000 = ORIENTED_EDGE ( 'NONE', *, *, #1143, .T. ) ;
#2001 = ORIENTED_EDGE ( 'NONE', *, *, #4206, .F. ) ;
#2002 = LINE ( 'NONE', #2131, #3193 ) ;
#2003 = EDGE_LOOP ( 'NONE', ( #3101, #596 ) ) ;
#2004 = EDGE_CURVE ( 'NONE', #4191, #628, #236, .T. ) ;
#2005 = CARTESIAN_POINT ( 'NONE',  ( -370.0000000000000000, 80.00000000000000000, -2.999999999999994671 ) ) ;
#2006 = DIRECTION ( 'NONE',  ( 1.000000000000000000, 0.000000000000000000, 0.000000000000000000 ) ) ;
#2007 = ORIENTED_EDGE ( 'NONE', *, *, #6754, .T. ) ;
#2008 = EDGE_CURVE ( 'NONE', #224, #2421, #3814, .T. ) ;
#2009 = DIRECTION ( 'NONE',  ( 1.000000000000000000, 0.000000000000000000, 0.000000000000000000 ) ) ;
#2010 = LINE ( 'NONE', #2450, #209 ) ;
#2011 = EDGE_LOOP ( 'NONE', ( #4870, #2246 ) ) ;
#2012 = VERTEX_POINT ( 'NONE', #3330 ) ;
#2013 = FACE_BOUND ( 'NONE', #1488, .T. ) ;
#2014 = ORIENTED_EDGE ( 'NONE', *, *, #3417, .T. ) ;
#2015 = AXIS2_PLACEMENT_3D ( 'NONE', #5405, #1127, #4366 ) ;
#2016 = LINE ( 'NONE', #899, #4146 ) ;
#2017 = VERTEX_POINT ( 'NONE', #4975 ) ;
#2018 = DIRECTION ( 'NONE',  ( 0.000000000000000000, 0.000000000000000000, -1.000000000000000000 ) ) ;
#2019 = LINE ( 'NONE', #5795, #3468 ) ;
#2020 = DIRECTION ( 'NONE',  ( 0.000000000000000000, 0.000000000000000000, 1.000000000000000000 ) ) ;
#2021 = EDGE_CURVE ( 'NONE', #3915, #4446, #5825, .T. ) ;
#2022 = DIRECTION ( 'NONE',  ( 1.000000000000000000, 0.000000000000000000, 0.000000000000000000 ) ) ;
#2023 = AXIS2_PLACEMENT_3D ( 'NONE', #5334, #5357, #4294 ) ;
#2024 = FACE_OUTER_BOUND ( 'NONE', #2577, .T. ) ;
#2025 = AXIS2_PLACEMENT_3D ( 'NONE', #6913, #4248, #3169 ) ;
#2026 = EDGE_CURVE ( 'NONE', #3322, #3338, #4333, .T. ) ;
#2027 = ORIENTED_EDGE ( 'NONE', *, *, #4530, .T. ) ;
#2028 = LINE ( 'NONE', #6219, #3805 ) ;
#2029 = CARTESIAN_POINT ( 'NONE',  ( 35.24264068711897835, 663.2426406871178415, 18.00000000000000000 ) ) ;
#2030 = EDGE_CURVE ( 'NONE', #6761, #1674, #3488, .T. ) ;
#2031 = CARTESIAN_POINT ( 'NONE',  ( 1026.999999999998863, 510.0000000000001137, 18.00000000000000000 ) ) ;
#2032 = DIRECTION ( 'NONE',  ( 1.000000000000000000, 0.000000000000000000, 0.000000000000000000 ) ) ;
#2033 = VECTOR ( 'NONE', #1450, 1000.000000000000000 ) ;
#2034 = ORIENTED_EDGE ( 'NONE', *, *, #2241, .T. ) ;
#2035 = LINE ( 'NONE', #5747, #1688 ) ;
#2036 = DIRECTION ( 'NONE',  ( 1.000000000000000000, 0.000000000000000000, 0.000000000000000000 ) ) ;
#2037 = CIRCLE ( 'NONE', #5496, 4.000000000000003553 ) ;
#2038 = CYLINDRICAL_SURFACE ( 'NONE', #325, 2.500000000000015987 ) ;
#2039 = ADVANCED_FACE ( 'NONE', ( #913 ), #4756, .F. ) ;
#2040 = CIRCLE ( 'NONE', #4369, 3.000000000000002665 ) ;
#2041 = DIRECTION ( 'NONE',  ( -0.000000000000000000, -0.000000000000000000, -1.000000000000000000 ) ) ;
#2042 = LINE ( 'NONE', #1489, #6393 ) ;
#2043 = CIRCLE ( 'NONE', #7059, 2.999999999999994671 ) ;
#2044 = CARTESIAN_POINT ( 'NONE',  ( 919.9999999999986358, 59.99999999999982947, 18.00000000000000000 ) ) ;
#2045 = CARTESIAN_POINT ( 'NONE',  ( 1073.242640687120002, 25.24264068711528353, 18.00000000000000000 ) ) ;
#2046 = CARTESIAN_POINT ( 'NONE',  ( 70.00000000000135003, 169.9999999999999716, 0.000000000000000000 ) ) ;
#2047 = EDGE_CURVE ( 'NONE', #6175, #2130, #1870, .T. ) ;
#2048 = DIRECTION ( 'NONE',  ( 0.000000000000000000, 0.000000000000000000, 1.000000000000000000 ) ) ;
#2049 = VECTOR ( 'NONE', #6141, 1000.000000000000000 ) ;
#2050 = EDGE_CURVE ( 'NONE', #1970, #2956, #2888, .T. ) ;
#2051 =( GEOMETRIC_REPRESENTATION_CONTEXT ( 3 ) GLOBAL_UNCERTAINTY_ASSIGNED_CONTEXT ( ( #6487 ) ) GLOBAL_UNIT_ASSIGNED_CONTEXT ( ( #1605, #4269, #1082 ) ) REPRESENTATION_CONTEXT ( 'NONE', 'WORKASPACE' ) );
#2052 = CARTESIAN_POINT ( 'NONE',  ( -170.0000000000000853, 54.99999999999999289, 2.999999999999773959 ) ) ;
#2053 = VERTEX_POINT ( 'NONE', #4575 ) ;
#2054 = AXIS2_PLACEMENT_3D ( 'NONE', #3510, #3742, #1071 ) ;
#2055 = VERTEX_POINT ( 'NONE', #4598 ) ;
#2056 = DIRECTION ( 'NONE',  ( 0.000000000000000000, -1.000000000000000000, 0.000000000000000000 ) ) ;
#2057 = AXIS2_PLACEMENT_3D ( 'NONE', #2887, #6706, #3435 ) ;
#2058 = EDGE_LOOP ( 'NONE', ( #2426, #4873, #5052, #283 ) ) ;
#2059 = ORIENTED_EDGE ( 'NONE', *, *, #1519, .F. ) ;
#2060 = CARTESIAN_POINT ( 'NONE',  ( 184.9999999999999432, 730.0000000000000000, 13.11177352665370854 ) ) ;
#2061 = CARTESIAN_POINT ( 'NONE',  ( 1023.129942314910522, 66.87005768508768710, 11.99999999999999822 ) ) ;
#2062 = VERTEX_POINT ( 'NONE', #6695 ) ;
#2063 = EDGE_CURVE ( 'NONE', #801, #1039, #322, .T. ) ;
#2064 = ORIENTED_EDGE ( 'NONE', *, *, #3253, .F. ) ;
#2065 = AXIS2_PLACEMENT_3D ( 'NONE', #3291, #6053, #5968 ) ;
#2066 = ORIENTED_EDGE ( 'NONE', *, *, #6303, .T. ) ;
#2067 = DIRECTION ( 'NONE',  ( 0.000000000000000000, -1.000000000000000000, 0.000000000000000000 ) ) ;
#2068 = CARTESIAN_POINT ( 'NONE',  ( -1.110223024625156540E-13, 5.999999999999998224, -170.0000000000001421 ) ) ;
#2069 = EDGE_LOOP ( 'NONE', ( #4288, #5054 ) ) ;
#2070 = VERTEX_POINT ( 'NONE', #1862 ) ;
#2071 = VECTOR ( 'NONE', #2118, 1000.000000000000000 ) ;
#2072 = CARTESIAN_POINT ( 'NONE',  ( 63.09449189287384741, 0.000000000000000000, 0.000000000000000000 ) ) ;
#2073 = PRODUCT_DEFINITION ( 'UNKNOWN', '', #6236, #3380 ) ;
#2074 = EDGE_LOOP ( 'NONE', ( #1652, #3530, #4821, #6928 ) ) ;
#2075 = CARTESIAN_POINT ( 'NONE',  ( 791.9999999999987494, 620.0000000000002274, 18.00000000000000000 ) ) ;
#2076 = ORIENTED_EDGE ( 'NONE', *, *, #2361, .T. ) ;
#2077 = VERTEX_POINT ( 'NONE', #4014 ) ;
#2078 = VECTOR ( 'NONE', #5286, 1000.000000000000000 ) ;
#2079 = EDGE_LOOP ( 'NONE', ( #2763, #3172 ) ) ;
#2080 = CARTESIAN_POINT ( 'NONE',  ( 448.5000000000000000, 0.000000000000000000, -9.000000000000007105 ) ) ;
#2081 = VERTEX_POINT ( 'NONE', #1288 ) ;
#2082 = ORIENTED_EDGE ( 'NONE', *, *, #4235, .F. ) ;
#2083 = DIRECTION ( 'NONE',  ( 0.000000000000000000, 0.000000000000000000, 1.000000000000000000 ) ) ;
#2084 = FACE_BOUND ( 'NONE', #4780, .T. ) ;
#2085 = ORIENTED_EDGE ( 'NONE', *, *, #4338, .F. ) ;
#2086 = ORIENTED_EDGE ( 'NONE', *, *, #368, .F. ) ;
#2087 = FACE_BOUND ( 'NONE', #4210, .T. ) ;
#2088 = EDGE_LOOP ( 'NONE', ( #4555, #1777 ) ) ;
#2089 = AXIS2_PLACEMENT_3D ( 'NONE', #3185, #1034, #2662 ) ;
#2090 = ADVANCED_FACE ( 'NONE', ( #3808 ), #5277, .F. ) ;
#2091 = CARTESIAN_POINT ( 'NONE',  ( 248.0944918928738048, 730.0000000000000000, 31.00000000000000000 ) ) ;
#2092 = VECTOR ( 'NONE', #3881, 1000.000000000000000 ) ;
#2093 = ORIENTED_EDGE ( 'NONE', *, *, #6821, .F. ) ;
#2094 = EDGE_CURVE ( 'NONE', #2443, #2445, #6554, .T. ) ;
#2095 = CARTESIAN_POINT ( 'NONE',  ( -466.5000000000000000, 0.000000000000000000, 9.000000000000007105 ) ) ;
#2096 = UNCERTAINTY_MEASURE_WITH_UNIT (LENGTH_MEASURE( 1.000000000000000082E-05 ), #2989, 'distance_accuracy_value', 'NONE');
#2097 = CARTESIAN_POINT ( 'NONE',  ( 3.469446951953614189E-15, 2.007781800899081418E-17, 24.78679656440356283 ) ) ;
#2098 = ORIENTED_EDGE ( 'NONE', *, *, #3305, .T. ) ;
#2099 = EDGE_CURVE ( 'NONE', #6340, #5978, #1947, .T. ) ;
#2100 = CARTESIAN_POINT ( 'NONE',  ( 553.0000000000000000, 510.0000000000000000, 18.00000000000000000 ) ) ;
#2101 = PLANE ( 'NONE',  #1255 ) ;
#2102 = ORIENTED_EDGE ( 'NONE', *, *, #5723, .T. ) ;
#2103 = FACE_OUTER_BOUND ( 'NONE', #692, .T. ) ;
#2104 = AXIS2_PLACEMENT_3D ( 'NONE', #3770, #3818, #6619 ) ;
#2105 = CARTESIAN_POINT ( 'NONE',  ( 3.673940397442049514E-16, 18.00000000000000000, 173.0000000000000568 ) ) ;
#2106 = DIRECTION ( 'NONE',  ( -0.7071067811865779928, 0.7071067811865171526, -0.000000000000000000 ) ) ;
#2107 = CARTESIAN_POINT ( 'NONE',  ( -242.0000000000000000, 55.00000000000000000, 0.000000000000000000 ) ) ;
#2108 = EDGE_CURVE ( 'NONE', #1256, #4960, #3050, .T. ) ;
#2109 = LINE ( 'NONE', #1706, #1079 ) ;
#2110 = CYLINDRICAL_SURFACE ( 'NONE', #2569, 4.000000000000003553 ) ;
#2111 = CARTESIAN_POINT ( 'NONE',  ( 72.87005768509099823, 613.1299423149124550, 11.99999999999999822 ) ) ;
#2112 = AXIS2_PLACEMENT_3D ( 'NONE', #5611, #2990, #716 ) ;
#2113 = AXIS2_PLACEMENT_3D ( 'NONE', #2392, #3570, #1894 ) ;
#2114 = EDGE_CURVE ( 'NONE', #5331, #6908, #5016, .T. ) ;
#2115 = COLOUR_RGB ( '',1.000000000000000000, 1.000000000000000000, 1.000000000000000000 ) ;
#2116 = DIRECTION ( 'NONE',  ( -1.899384981211278352E-46, 0.000000000000000000, -1.000000000000000000 ) ) ;
#2117 = CARTESIAN_POINT ( 'NONE',  ( 63.09449189287384741, 0.000000000000000000, 31.00000000000000000 ) ) ;
#2118 = DIRECTION ( 'NONE',  ( 0.7071067811865522357, -3.304593912986794164E-33, -0.7071067811865429098 ) ) ;
#2119 = CIRCLE ( 'NONE', #1884, 4.000000000000003553 ) ;
#2120 = DIRECTION ( 'NONE',  ( 4.318084277547222313E-78, 1.000000000000000000, 2.255519665188393748E-46 ) ) ;
#2121 = CYLINDRICAL_SURFACE ( 'NONE', #2838, 3.000000000000002665 ) ;
#2122 = LINE ( 'NONE', #789, #3656 ) ;
#2123 = DIRECTION ( 'NONE',  ( 0.7071067811865501263, 0.000000000000000000, -0.7071067811865450192 ) ) ;
#2124 = AXIS2_PLACEMENT_3D ( 'NONE', #311, #5724, #6246 ) ;
#2125 = DIRECTION ( 'NONE',  ( 0.7071067811865778818, -0.7071067811865171526, 0.000000000000000000 ) ) ;
#2126 = CYLINDRICAL_SURFACE ( 'NONE', #6545, 4.000000000000003553 ) ;
#2127 = EDGE_LOOP ( 'NONE', ( #1901, #1896 ) ) ;
#2128 = EDGE_CURVE ( 'NONE', #4017, #2218, #4505, .T. ) ;
#2129 = EDGE_CURVE ( 'NONE', #6851, #5243, #142, .T. ) ;
#2130 = VERTEX_POINT ( 'NONE', #2952 ) ;
#2131 = CARTESIAN_POINT ( 'NONE',  ( 2.220446049250313081E-13, 64.99999999999994316, 30.00000000000002132 ) ) ;
#2132 = CARTESIAN_POINT ( 'NONE',  ( 70.00000000000135003, 510.0000000000001137, 18.00000000000000000 ) ) ;
#2133 = ITEM_DEFINED_TRANSFORMATION ( 'NONE', 'NONE', #6830,  #1321 ) ;
#2134 = DIRECTION ( 'NONE',  ( 0.000000000000000000, 1.000000000000000000, 0.000000000000000000 ) ) ;
#2135 = DIRECTION ( 'NONE',  ( 0.000000000000000000, 0.000000000000000000, -1.000000000000000000 ) ) ;
#2136 = ORIENTED_EDGE ( 'NONE', *, *, #5267, .F. ) ;
#2137 = EDGE_CURVE ( 'NONE', #5249, #6027, #555, .T. ) ;
#2138 = ORIENTED_EDGE ( 'NONE', *, *, #67, .F. ) ;
#2139 = DIRECTION ( 'NONE',  ( 1.000000000000000000, 0.000000000000000000, 0.000000000000000000 ) ) ;
#2140 = ORIENTED_EDGE ( 'NONE', *, *, #234, .F. ) ;
#2141 = AXIS2_PLACEMENT_3D ( 'NONE', #6313, #6261, #1353 ) ;
#2142 = EDGE_LOOP ( 'NONE', ( #1036, #1496, #2518, #3546 ) ) ;
#2143 = CARTESIAN_POINT ( 'NONE',  ( 113.0000000000007674, 97.00000000000497380, 18.00000000000000000 ) ) ;
#2144 = AXIS2_PLACEMENT_3D ( 'NONE', #3105, #6936, #1532 ) ;
#2145 = ORIENTED_EDGE ( 'NONE', *, *, #4836, .T. ) ;
#2146 = ORIENTED_EDGE ( 'NONE', *, *, #1892, .T. ) ;
#2147 = VERTEX_POINT ( 'NONE', #2919 ) ;
#2148 = EDGE_CURVE ( 'NONE', #4721, #3942, #828, .T. ) ;
#2149 = ORIENTED_EDGE ( 'NONE', *, *, #4947, .T. ) ;
#2150 = MANIFOLD_SOLID_BREP ( 'Cortar-Extruir3', #4302 ) ;
#2151 = ORIENTED_EDGE ( 'NONE', *, *, #3393, .F. ) ;
#2152 = LINE ( 'NONE', #2525, #4808 ) ;
#2153 = DIRECTION ( 'NONE',  ( 0.000000000000000000, 1.000000000000000000, 0.000000000000000000 ) ) ;
#2154 = CARTESIAN_POINT ( 'NONE',  ( 0.000000000000000000, 0.000000000000000000, 16.00000000000000000 ) ) ;
#2155 = ORIENTED_EDGE ( 'NONE', *, *, #546, .T. ) ;
#2156 = DIRECTION ( 'NONE',  ( -1.000000000000000000, 0.000000000000000000, 0.000000000000000000 ) ) ;
#2157 = ORIENTED_EDGE ( 'NONE', *, *, #5303, .F. ) ;
#2158 = ORIENTED_EDGE ( 'NONE', *, *, #4462, .T. ) ;
#2159 = FACE_OUTER_BOUND ( 'NONE', #5237, .T. ) ;
#2160 = EDGE_LOOP ( 'NONE', ( #2102, #2086, #1981, #2863 ) ) ;
#2161 = EDGE_LOOP ( 'NONE', ( #102, #5737 ) ) ;
#2162 = ORIENTED_EDGE ( 'NONE', *, *, #4661, .T. ) ;
#2163 = CARTESIAN_POINT ( 'NONE',  ( 42.00000000000009237, 54.99999999999999289, -3.000000000000230482 ) ) ;
#2164 = CIRCLE ( 'NONE', #1293, 3.000000000000002665 ) ;
#2165 = VERTEX_POINT ( 'NONE', #3941 ) ;
#2166 = CARTESIAN_POINT ( 'NONE',  ( 919.9999999999986358, 620.0000000000002274, 0.000000000000000000 ) ) ;
#2167 = FACE_BOUND ( 'NONE', #4950, .T. ) ;
#2168 = DIRECTION ( 'NONE',  ( -0.1156569635167078725, -0.9932892160846682472, 0.000000000000000000 ) ) ;
#2169 = ORIENTED_EDGE ( 'NONE', *, *, #4282, .F. ) ;
#2170 =( NAMED_UNIT ( * ) PLANE_ANGLE_UNIT ( ) SI_UNIT ( $, .RADIAN. ) );
#2171 = DIRECTION ( 'NONE',  ( 0.000000000000000000, 0.000000000000000000, 1.000000000000000000 ) ) ;
#2172 = EDGE_CURVE ( 'NONE', #6489, #3365, #1085, .T. ) ;
#2173 = FACE_OUTER_BOUND ( 'NONE', #3785, .T. ) ;
#2174 = ORIENTED_EDGE ( 'NONE', *, *, #321, .T. ) ;
#2175 =( GEOMETRIC_REPRESENTATION_CONTEXT ( 3 ) GLOBAL_UNCERTAINTY_ASSIGNED_CONTEXT ( ( #4694 ) ) GLOBAL_UNIT_ASSIGNED_CONTEXT ( ( #4298, #2170, #6618 ) ) REPRESENTATION_CONTEXT ( 'NONE', 'WORKASPACE' ) );
#2176 = CARTESIAN_POINT ( 'NONE',  ( -42.00000000000003553, 80.00000000000000000, 1.387778780781445676E-14 ) ) ;
#2177 = FACE_BOUND ( 'NONE', #6380, .T. ) ;
#2178 = ORIENTED_EDGE ( 'NONE', *, *, #6662, .T. ) ;
#2179 = FACE_OUTER_BOUND ( 'NONE', #7014, .T. ) ;
#2180 = AXIS2_PLACEMENT_3D ( 'NONE', #1052, #2743, #559 ) ;
#2181 = DIRECTION ( 'NONE',  ( 0.7071067811865479058, 0.000000000000000000, 0.7071067811865472397 ) ) ;
#2182 = CARTESIAN_POINT ( 'NONE',  ( 466.5000000000000000, 80.00000000000000000, 9.000000000000007105 ) ) ;
#2183 = VECTOR ( 'NONE', #3063, 1000.000000000000000 ) ;
#2184 = AXIS2_PLACEMENT_3D ( 'NONE', #1197, #5012, #5558 ) ;
#2185 = EDGE_LOOP ( 'NONE', ( #2059, #3690, #4388, #3283 ) ) ;
#2186 = CARTESIAN_POINT ( 'NONE',  ( -1.110223024625156540E-13, 18.00000000000000000, -170.0000000000001421 ) ) ;
#2187 = FACE_OUTER_BOUND ( 'NONE', #728, .T. ) ;
#2188 = CARTESIAN_POINT ( 'NONE',  ( 1046.000000000000000, 40.00000000000003553, 11.99999999999999822 ) ) ;
#2189 = CARTESIAN_POINT ( 'NONE',  ( 466.5000000000000000, 0.000000000000000000, 9.000000000000007105 ) ) ;
#2190 = EDGE_CURVE ( 'NONE', #2053, #2484, #6383, .T. ) ;
#2191 = EDGE_CURVE ( 'NONE', #3607, #6517, #7046, .T. ) ;
#2192 = CIRCLE ( 'NONE', #4895, 2.999999999999891642 ) ;
#2193 = VECTOR ( 'NONE', #2726, 1000.000000000000000 ) ;
#2194 = DIRECTION ( 'NONE',  ( 1.000000000000000000, 0.000000000000000000, 0.000000000000000000 ) ) ;
#2195 = FACE_OUTER_BOUND ( 'NONE', #5572, .T. ) ;
#2196 = CARTESIAN_POINT ( 'NONE',  ( 109.9999999999999858, 109.9999999999999858, 1.387778780781445676E-14 ) ) ;
#2197 = AXIS2_PLACEMENT_3D ( 'NONE', #1408, #4237, #169 ) ;
#2198 = AXIS2_PLACEMENT_3D ( 'NONE', #6688, #687, #4918 ) ;
#2199 = CIRCLE ( 'NONE', #6987, 2.999999999999891642 ) ;
#2200 = FACE_OUTER_BOUND ( 'NONE', #275, .T. ) ;
#2201 = DIRECTION ( 'NONE',  ( 0.000000000000000000, 0.000000000000000000, 1.000000000000000000 ) ) ;
#2202 = CARTESIAN_POINT ( 'NONE',  ( 70.00000000000135003, 510.0000000000001137, 18.00000000000000000 ) ) ;
#2203 = CARTESIAN_POINT ( 'NONE',  ( 208.5000000000001990, 19.99999999999999645, -8.999999999999896971 ) ) ;
#2204 = MECHANICAL_DESIGN_GEOMETRIC_PRESENTATION_REPRESENTATION (  '', ( #5994 ), #1350 ) ;
#2205 = DIRECTION ( 'NONE',  ( -0.000000000000000000, -0.000000000000000000, -1.000000000000000000 ) ) ;
#2206 = VECTOR ( 'NONE', #4889, 1000.000000000000000 ) ;
#2207 = LINE ( 'NONE', #5660, #4342 ) ;
#2208 = DIRECTION ( 'NONE',  ( 0.000000000000000000, 0.000000000000000000, 1.000000000000000000 ) ) ;
#2209 = ADVANCED_FACE ( 'NONE', ( #6125 ), #1439, .F. ) ;
#2210 = ORIENTED_EDGE ( 'NONE', *, *, #7027, .F. ) ;
#2211 = DIRECTION ( 'NONE',  ( 0.7071067811865489050, 0.7071067811865462405, -4.599921266332802492E-32 ) ) ;
#2212 = DIRECTION ( 'NONE',  ( 0.000000000000000000, 0.000000000000000000, 1.000000000000000000 ) ) ;
#2213 = CARTESIAN_POINT ( 'NONE',  ( 51.71291246261301211, -1.185780702985913237E-17, 30.99999999999999289 ) ) ;
#2214 = ITEM_DEFINED_TRANSFORMATION ( 'NONE', 'NONE', #4909,  #1321 ) ;
#2215 = AXIS2_PLACEMENT_3D ( 'NONE', #5991, #5384, #2642 ) ;
#2216 =( LENGTH_UNIT ( ) NAMED_UNIT ( * ) SI_UNIT ( .MILLI., .METRE. ) );
#2217 = CARTESIAN_POINT ( 'NONE',  ( 73.00000000000133582, 298.0000000000000000, 18.00000000000000000 ) ) ;
#2218 = VERTEX_POINT ( 'NONE', #2473 ) ;
#2219 = EDGE_CURVE ( 'NONE', #6242, #3198, #997, .T. ) ;
#2220 = SURFACE_STYLE_FILL_AREA ( #1756 ) ;
#2221 = ORIENTED_EDGE ( 'NONE', *, *, #6728, .T. ) ;
#2222 = CARTESIAN_POINT ( 'NONE',  ( 67.00000000000135003, 510.0000000000001137, 18.00000000000000000 ) ) ;
#2223 = DIRECTION ( 'NONE',  ( 0.000000000000000000, 0.000000000000000000, 1.000000000000000000 ) ) ;
#2224 = EDGE_CURVE ( 'NONE', #6686, #5807, #6722, .T. ) ;
#2225 = EDGE_LOOP ( 'NONE', ( #2850, #284, #3245, #3170 ) ) ;
#2226 = ORIENTED_EDGE ( 'NONE', *, *, #3230, .T. ) ;
#2227 = AXIS2_PLACEMENT_3D ( 'NONE', #4396, #514, #471 ) ;
#2228 = ORIENTED_EDGE ( 'NONE', *, *, #2108, .F. ) ;
#2229 = ORIENTED_EDGE ( 'NONE', *, *, #4160, .F. ) ;
#2230 = EDGE_CURVE ( 'NONE', #444, #4913, #648, .T. ) ;
#2231 = EDGE_LOOP ( 'NONE', ( #4454, #3329 ) ) ;
#2232 = CARTESIAN_POINT ( 'NONE',  ( 919.9999999999986358, 652.0000000000002274, 0.000000000000000000 ) ) ;
#2233 = DIRECTION ( 'NONE',  ( 1.000000000000000000, 0.000000000000000000, 0.000000000000000000 ) ) ;
#2234 = ORIENTED_EDGE ( 'NONE', *, *, #1301, .F. ) ;
#2235 = FACE_OUTER_BOUND ( 'NONE', #2599, .T. ) ;
#2236 = AXIS2_PLACEMENT_3D ( 'NONE', #245, #2897, #4542 ) ;
#2237 = CARTESIAN_POINT ( 'NONE',  ( 113.0000000000007674, 97.00000000000497380, 11.99999999999999822 ) ) ;
#2238 = DIRECTION ( 'NONE',  ( -0.000000000000000000, -0.000000000000000000, -1.000000000000000000 ) ) ;
#2239 = AXIS2_PLACEMENT_3D ( 'NONE', #3700, #3653, #2020 ) ;
#2240 = CLOSED_SHELL ( 'NONE', ( #3858, #1298, #26, #1325, #5008, #6962 ) ) ;
#2241 = EDGE_CURVE ( 'NONE', #6526, #693, #4749, .T. ) ;
#2242 = UNCERTAINTY_MEASURE_WITH_UNIT (LENGTH_MEASURE( 1.000000000000000082E-05 ), #66, 'distance_accuracy_value', 'NONE');
#2243 = DIRECTION ( 'NONE',  ( -0.7071067811865427988, 3.594642259891341568E-16, 0.7071067811865525687 ) ) ;
#2244 = ORIENTED_EDGE ( 'NONE', *, *, #6886, .F. ) ;
#2245 = DIRECTION ( 'NONE',  ( -0.000000000000000000, -0.000000000000000000, -1.000000000000000000 ) ) ;
#2246 = ORIENTED_EDGE ( 'NONE', *, *, #5879, .T. ) ;
#2247 = VECTOR ( 'NONE', #6024, 1000.000000000000000 ) ;
#2248 = ORIENTED_EDGE ( 'NONE', *, *, #6060, .T. ) ;
#2249 = EDGE_CURVE ( 'NONE', #5132, #5322, #3899, .T. ) ;
#2250 = ORIENTED_EDGE ( 'NONE', *, *, #4833, .F. ) ;
#2251 = DIRECTION ( 'NONE',  ( -0.000000000000000000, -0.000000000000000000, -1.000000000000000000 ) ) ;
#2252 = PLANE ( 'NONE',  #2598 ) ;
#2253 = ADVANCED_FACE ( 'NONE', ( #1863 ), #6301, .F. ) ;
#2254 = ORIENTED_EDGE ( 'NONE', *, *, #6642, .F. ) ;
#2255 = FACE_BOUND ( 'NONE', #2011, .T. ) ;
#2256 = ORIENTED_EDGE ( 'NONE', *, *, #3597, .F. ) ;
#2257 = DIRECTION ( 'NONE',  ( -1.000000000000000000, 0.000000000000000000, 0.000000000000000000 ) ) ;
#2258 = FACE_BOUND ( 'NONE', #6935, .T. ) ;
#2259 = CARTESIAN_POINT ( 'NONE',  ( 1032.999999999998636, 169.9999999999999432, 18.00000000000000000 ) ) ;
#2260 = CARTESIAN_POINT ( 'NONE',  ( 87.81832169016641387, 725.0000000000000000, 27.41952543903432016 ) ) ;
#2261 = ORIENTED_EDGE ( 'NONE', *, *, #4668, .F. ) ;
#2262 = CIRCLE ( 'NONE', #450, 6.000000000000768274 ) ;
#2263 = VERTEX_POINT ( 'NONE', #6835 ) ;
#2264 = CYLINDRICAL_SURFACE ( 'NONE', #6294, 2.500000000000002220 ) ;
#2265 = VERTEX_POINT ( 'NONE', #5266 ) ;
#2266 = AXIS2_PLACEMENT_3D ( 'NONE', #1173, #6584, #6034 ) ;
#2267 = DIRECTION ( 'NONE',  ( 0.000000000000000000, 0.000000000000000000, -1.000000000000000000 ) ) ;
#2268 = PLANE ( 'NONE',  #3485 ) ;
#2269 = VECTOR ( 'NONE', #108, 1000.000000000000000 ) ;
#2270 = ORIENTED_EDGE ( 'NONE', *, *, #7011, .T. ) ;
#2271 = EDGE_CURVE ( 'NONE', #809, #2323, #6888, .T. ) ;
#2272 = FACE_OUTER_BOUND ( 'NONE', #4877, .T. ) ;
#2273 = SURFACE_SIDE_STYLE ('',( #2220 ) ) ;
#2274 = DIRECTION ( 'NONE',  ( 0.000000000000000000, 0.000000000000000000, 1.000000000000000000 ) ) ;
#2275 = EDGE_CURVE ( 'NONE', #2341, #6084, #6643, .T. ) ;
#2276 = CYLINDRICAL_SURFACE ( 'NONE', #1242, 6.000000000000768274 ) ;
#2277 = LINE ( 'NONE', #5007, #2359 ) ;
#2278 = CARTESIAN_POINT ( 'NONE',  ( -370.0000000000000000, 55.00000000000000000, 0.000000000000000000 ) ) ;
#2279 = DIRECTION ( 'NONE',  ( -0.000000000000000000, -0.000000000000000000, -1.000000000000000000 ) ) ;
#2280 = CARTESIAN_POINT ( 'NONE',  ( -208.5000000000001990, 19.99999999999999645, -8.999999999999896971 ) ) ;
#2281 = LINE ( 'NONE', #5801, #908 ) ;
#2282 = LINE ( 'NONE', #1881, #564 ) ;
#2283 = DIRECTION ( 'NONE',  ( -0.000000000000000000, -0.000000000000000000, -1.000000000000000000 ) ) ;
#2284 = ADVANCED_FACE ( 'NONE', ( #3731, #4678 ), #4139, .F. ) ;
#2285 = PRESENTATION_LAYER_ASSIGNMENT (  '', '', ( #6937 ) ) ;
#2286 = CIRCLE ( 'NONE', #6272, 3.000000000000002665 ) ;
#2287 = ADVANCED_FACE ( 'NONE', ( #3394 ), #2973, .T. ) ;
#2288 = CARTESIAN_POINT ( 'NONE',  ( 26.75735931287998781, 25.24264068711814701, 18.00000000000000000 ) ) ;
#2289 = EDGE_CURVE ( 'NONE', #3762, #3795, #5439, .T. ) ;
#2290 = CARTESIAN_POINT ( 'NONE',  ( 79.00000000000140687, -75.00000000000000000, 178.9999999999998295 ) ) ;
#2291 = VECTOR ( 'NONE', #4998, 1000.000000000000000 ) ;
#2292 = VECTOR ( 'NONE', #1680, 1000.000000000000000 ) ;
#2293 = CARTESIAN_POINT ( 'NONE',  ( 58.01941254751481836, 5.421010862427522170E-17, 15.00000000000000000 ) ) ;
#2294 = VECTOR ( 'NONE', #4614, 1000.000000000000000 ) ;
#2295 = ORIENTED_EDGE ( 'NONE', *, *, #1001, .T. ) ;
#2296 = CARTESIAN_POINT ( 'NONE',  ( 1029.999999999998408, 265.9999999999998295, 18.00000000000000000 ) ) ;
#2297 = CARTESIAN_POINT ( 'NONE',  ( 922.4999999999985221, 652.0000000000002274, 18.00000000000000000 ) ) ;
#2298 = DIRECTION ( 'NONE',  ( -0.000000000000000000, -0.000000000000000000, -1.000000000000000000 ) ) ;
#2299 = DIRECTION ( 'NONE',  ( 1.000000000000000000, 0.000000000000000000, 0.000000000000000000 ) ) ;
#2300 = ORIENTED_EDGE ( 'NONE', *, *, #5587, .F. ) ;
#2301 = COLOUR_RGB ( '',1.000000000000000000, 1.000000000000000000, 1.000000000000000000 ) ;
#2302 = DIRECTION ( 'NONE',  ( -1.000000000000000000, 0.000000000000000000, 0.000000000000000000 ) ) ;
#2303 = DIRECTION ( 'NONE',  ( 0.000000000000000000, 0.000000000000000000, 1.000000000000000000 ) ) ;
#2304 = DIRECTION ( 'NONE',  ( -0.9852062716166839484, 0.1713727001804919714, 0.000000000000000000 ) ) ;
#2305 = DIRECTION ( 'NONE',  ( 0.000000000000000000, 0.000000000000000000, -1.000000000000000000 ) ) ;
#2306 = ORIENTED_EDGE ( 'NONE', *, *, #5793, .F. ) ;
#2307 = AXIS2_PLACEMENT_3D ( 'NONE', #4754, #912, #395 ) ;
#2308 = SURFACE_STYLE_FILL_AREA ( #5450 ) ;
#2309 = ORIENTED_EDGE ( 'NONE', *, *, #2021, .T. ) ;
#2310 = DIRECTION ( 'NONE',  ( -1.000000000000000000, 4.815513022993924426E-16, -8.881784197001251337E-16 ) ) ;
#2311 = ADVANCED_FACE ( 'NONE', ( #2458 ), #5308, .F. ) ;
#2312 = ORIENTED_EDGE ( 'NONE', *, *, #2408, .F. ) ;
#2313 = ORIENTED_EDGE ( 'NONE', *, *, #5452, .T. ) ;
#2314 = EDGE_CURVE ( 'NONE', #1330, #3705, #2281, .T. ) ;
#2315 = VERTEX_POINT ( 'NONE', #2045 ) ;
#2316 = CARTESIAN_POINT ( 'NONE',  ( 248.0944918928738048, 730.0000000000000000, 0.000000000000000000 ) ) ;
#2317 = AXIS2_PLACEMENT_3D ( 'NONE', #5779, #1926, #4064 ) ;
#2318 = ORIENTED_EDGE ( 'NONE', *, *, #2190, .T. ) ;
#2319 = FACE_OUTER_BOUND ( 'NONE', #1810, .T. ) ;
#2320 = ADVANCED_FACE ( 'NONE', ( #4844, #5947, #4156 ), #5849, .T. ) ;
#2321 = CARTESIAN_POINT ( 'NONE',  ( 0.000000000000000000, 0.000000000000000000, 31.00000000000000000 ) ) ;
#2322 = CARTESIAN_POINT ( 'NONE',  ( 248.0944918928738048, 730.0000000000000000, 31.00000000000000000 ) ) ;
#2323 = VERTEX_POINT ( 'NONE', #1559 ) ;
#2324 = AXIS2_PLACEMENT_3D ( 'NONE', #2613, #455, #5823 ) ;
#2325 = VERTEX_POINT ( 'NONE', #4231 ) ;
#2326 = ORIENTED_EDGE ( 'NONE', *, *, #1043, .T. ) ;
#2327 = CARTESIAN_POINT ( 'NONE',  ( 305.0000000000014211, 620.0000000000002274, 0.000000000000000000 ) ) ;
#2328 = EDGE_LOOP ( 'NONE', ( #6008, #538, #5420, #4986 ) ) ;
#2329 = FACE_OUTER_BOUND ( 'NONE', #3264, .T. ) ;
#2330 = EDGE_CURVE ( 'NONE', #2017, #4709, #1687, .T. ) ;
#2331 = EDGE_LOOP ( 'NONE', ( #1407, #767 ) ) ;
#2332 = EDGE_CURVE ( 'NONE', #4709, #2017, #1172, .T. ) ;
#2333 = DIRECTION ( 'NONE',  ( 0.000000000000000000, 0.000000000000000000, 1.000000000000000000 ) ) ;
#2334 = ORIENTED_EDGE ( 'NONE', *, *, #2465, .F. ) ;
#2335 = AXIS2_PLACEMENT_3D ( 'NONE', #5453, #2116, #3255 ) ;
#2336 = DIRECTION ( 'NONE',  ( 0.000000000000000000, 0.000000000000000000, 1.000000000000000000 ) ) ;
#2337 = LINE ( 'NONE', #992, #2856 ) ;
#2338 = DIRECTION ( 'NONE',  ( -0.000000000000000000, -0.000000000000000000, 1.000000000000000000 ) ) ;
#2339 = AXIS2_PLACEMENT_3D ( 'NONE', #1356, #5176, #6771 ) ;
#2340 = ORIENTED_EDGE ( 'NONE', *, *, #3862, .F. ) ;
#2341 = VERTEX_POINT ( 'NONE', #1995 ) ;
#2342 = DIRECTION ( 'NONE',  ( 0.7071067811865426878, -3.594642259891342061E-16, 0.7071067811865524577 ) ) ;
#2343 = FACE_OUTER_BOUND ( 'NONE', #1929, .T. ) ;
#2344 = ORIENTED_EDGE ( 'NONE', *, *, #1129, .T. ) ;
#2345 = FACE_BOUND ( 'NONE', #5190, .T. ) ;
#2346 =( GEOMETRIC_REPRESENTATION_CONTEXT ( 3 ) GLOBAL_UNCERTAINTY_ASSIGNED_CONTEXT ( ( #1570 ) ) GLOBAL_UNIT_ASSIGNED_CONTEXT ( ( #162, #3469, #4029 ) ) REPRESENTATION_CONTEXT ( 'NONE', 'WORKASPACE' ) );
#2347 = ORIENTED_EDGE ( 'NONE', *, *, #656, .F. ) ;
#2348 = DIRECTION ( 'NONE',  ( 0.000000000000000000, 0.000000000000000000, 1.000000000000000000 ) ) ;
#2349 = DIRECTION ( 'NONE',  ( -0.000000000000000000, 1.000000000000000000, -0.000000000000000000 ) ) ;
#2350 = DIRECTION ( 'NONE',  ( 0.000000000000000000, 0.000000000000000000, 1.000000000000000000 ) ) ;
#2351 = FACE_OUTER_BOUND ( 'NONE', #1880, .T. ) ;
#2352 = ORIENTED_EDGE ( 'NONE', *, *, #2480, .F. ) ;
#2353 = LINE ( 'NONE', #6740, #5095 ) ;
#2354 = CARTESIAN_POINT ( 'NONE',  ( 49.99999999999999289, 576.0000000000002274, 0.000000000000000000 ) ) ;
#2355 = ADVANCED_FACE ( 'NONE', ( #6810 ), #6941, .T. ) ;
#2356 = VECTOR ( 'NONE', #2503, 1000.000000000000000 ) ;
#2357 = ORIENTED_EDGE ( 'NONE', *, *, #566, .F. ) ;
#2358 = AXIS2_PLACEMENT_3D ( 'NONE', #3297, #4958, #2765 ) ;
#2359 = VECTOR ( 'NONE', #3483, 1000.000000000000000 ) ;
#2360 = ADVANCED_FACE ( 'NONE', ( #1347 ), #3217, .F. ) ;
#2361 = EDGE_CURVE ( 'NONE', #6779, #6185, #5603, .T. ) ;
#2362 = VECTOR ( 'NONE', #3523, 1000.000000000000000 ) ;
#2363 = PRODUCT_CONTEXT ( 'NONE', #6736, 'mechanical' ) ;
#2364 = CIRCLE ( 'NONE', #415, 2.999999999999994671 ) ;
#2365 = EDGE_CURVE ( 'NONE', #1461, #3258, #2453, .T. ) ;
#2366 = DIRECTION ( 'NONE',  ( 0.1156569635167078447, 0.9932892160846682472, 0.000000000000000000 ) ) ;
#2367 = DIRECTION ( 'NONE',  ( 1.000000000000000000, 0.000000000000000000, 0.000000000000000000 ) ) ;
#2368 = DIRECTION ( 'NONE',  ( -0.000000000000000000, -0.000000000000000000, -1.000000000000000000 ) ) ;
#2369 = CYLINDRICAL_SURFACE ( 'NONE', #5274, 2.499999999999946709 ) ;
#2370 = AXIS2_PLACEMENT_3D ( 'NONE', #1757, #2274, #3908 ) ;
#2371 = VECTOR ( 'NONE', #4208, 1000.000000000000000 ) ;
#2372 = CARTESIAN_POINT ( 'NONE',  ( 42.00000000000009237, 54.99999999999999289, -2.220446049250313081E-13 ) ) ;
#2373 = CIRCLE ( 'NONE', #3645, 2.999999999999891642 ) ;
#2374 = PLANE ( 'NONE',  #6666 ) ;
#2375 = CARTESIAN_POINT ( 'NONE',  ( 1050.000000000000000, 103.9999999999998721, 18.00000000000000000 ) ) ;
#2376 = EDGE_CURVE ( 'NONE', #5088, #4721, #5358, .T. ) ;
#2377 = DIRECTION ( 'NONE',  ( -0.000000000000000000, -0.000000000000000000, -1.000000000000000000 ) ) ;
#2378 = CIRCLE ( 'NONE', #414, 2.499999999999946709 ) ;
#2379 = CIRCLE ( 'NONE', #3289, 2.500000000000002220 ) ;
#2380 = AXIS2_PLACEMENT_3D ( 'NONE', #1833, #2348, #4062 ) ;
#2381 = AXIS2_PLACEMENT_3D ( 'NONE', #6039, #15, #3247 ) ;
#2382 = EDGE_CURVE ( 'NONE', #5475, #2218, #229, .T. ) ;
#2383 = DIRECTION ( 'NONE',  ( 0.000000000000000000, 0.000000000000000000, -1.000000000000000000 ) ) ;
#2384 = DIRECTION ( 'NONE',  ( -0.000000000000000000, -0.000000000000000000, 1.000000000000000000 ) ) ;
#2385 = VERTEX_POINT ( 'NONE', #6898 ) ;
#2386 = CIRCLE ( 'NONE', #6990, 2.500000000000002220 ) ;
#2387 = FACE_OUTER_BOUND ( 'NONE', #1912, .T. ) ;
#2388 = DIRECTION ( 'NONE',  ( 1.000000000000000000, 0.000000000000000000, 0.000000000000000000 ) ) ;
#2389 = DIRECTION ( 'NONE',  ( 0.000000000000000000, 0.000000000000000000, 1.000000000000000000 ) ) ;
#2390 = EDGE_CURVE ( 'NONE', #6084, #3795, #3803, .T. ) ;
#2391 = CARTESIAN_POINT ( 'NONE',  ( 79.00000000000140687, -45.00000000000000000, 501.0000000000005684 ) ) ;
#2392 = CARTESIAN_POINT ( 'NONE',  ( 823.9999999999987494, 59.99999999999972289, 18.00000000000000000 ) ) ;
#2393 = ADVANCED_FACE ( 'NONE', ( #1942 ), #5009, .F. ) ;
#2394 = ORIENTED_EDGE ( 'NONE', *, *, #3508, .F. ) ;
#2395 = ITEM_DEFINED_TRANSFORMATION ( 'NONE', 'NONE', #976,  #1321 ) ;
#2396 = DIRECTION ( 'NONE',  ( -0.000000000000000000, -0.000000000000000000, -1.000000000000000000 ) ) ;
#2397 = CARTESIAN_POINT ( 'NONE',  ( 106.9999999999999005, 690.0000000000000000, 18.49999999999998579 ) ) ;
#2398 = ADVANCED_FACE ( 'NONE', ( #2704 ), #1656, .F. ) ;
#2399 = DIRECTION ( 'NONE',  ( 0.000000000000000000, 1.000000000000000000, 0.000000000000000000 ) ) ;
#2400 = VERTEX_POINT ( 'NONE', #3205 ) ;
#2401 = VERTEX_POINT ( 'NONE', #4945 ) ;
#2402 = DIRECTION ( 'NONE',  ( -1.000000000000000000, 0.000000000000000000, 0.000000000000000000 ) ) ;
#2403 = ORIENTED_EDGE ( 'NONE', *, *, #2390, .T. ) ;
#2404 = ORIENTED_EDGE ( 'NONE', *, *, #1437, .T. ) ;
#2405 = EDGE_CURVE ( 'NONE', #5333, #4379, #2874, .T. ) ;
#2406 = CARTESIAN_POINT ( 'NONE',  ( 73.00000000000135003, 510.0000000000001137, 18.00000000000000000 ) ) ;
#2407 = ORIENTED_EDGE ( 'NONE', *, *, #5063, .F. ) ;
#2408 = EDGE_CURVE ( 'NONE', #4906, #4882, #4241, .T. ) ;
#2409 = DIRECTION ( 'NONE',  ( -0.000000000000000000, -0.000000000000000000, 1.000000000000000000 ) ) ;
#2410 = CARTESIAN_POINT ( 'NONE',  ( 180.0000000000015064, 652.0000000000002274, 18.00000000000000000 ) ) ;
#2411 = ORIENTED_EDGE ( 'NONE', *, *, #4197, .T. ) ;
#2412 = AXIS2_PLACEMENT_3D ( 'NONE', #5121, #269, #841 ) ;
#2413 = ORIENTED_EDGE ( 'NONE', *, *, #5704, .F. ) ;
#2414 =( REPRESENTATION_RELATIONSHIP ('NONE','NONE', #1817, #1867 ) REPRESENTATION_RELATIONSHIP_WITH_TRANSFORMATION ( #343 )SHAPE_REPRESENTATION_RELATIONSHIP( ) );
#2415 = ORIENTED_EDGE ( 'NONE', *, *, #1294, .T. ) ;
#2416 = DIRECTION ( 'NONE',  ( 1.000000000000000000, 0.000000000000000000, 0.000000000000000000 ) ) ;
#2417 = VECTOR ( 'NONE', #1569, 1000.000000000000000 ) ;
#2418 = ORIENTED_EDGE ( 'NONE', *, *, #1632, .F. ) ;
#2419 = DIRECTION ( 'NONE',  ( 1.000000000000000000, 0.000000000000000000, 0.000000000000000000 ) ) ;
#2420 = PLANE ( 'NONE',  #3055 ) ;
#2421 = VERTEX_POINT ( 'NONE', #2196 ) ;
#2422 = ORIENTED_EDGE ( 'NONE', *, *, #1001, .F. ) ;
#2423 = CYLINDRICAL_SURFACE ( 'NONE', #2958, 2.999999999999995559 ) ;
#2424 = DIRECTION ( 'NONE',  ( -0.7071067811865175967, 0.7071067811865774377, -0.000000000000000000 ) ) ;
#2425 = DIRECTION ( 'NONE',  ( -1.000000000000000000, 0.000000000000000000, 0.000000000000000000 ) ) ;
#2426 = ORIENTED_EDGE ( 'NONE', *, *, #5808, .T. ) ;
#2427 = AXIS2_PLACEMENT_3D ( 'NONE', #5152, #5701, #6226 ) ;
#2428 = EDGE_LOOP ( 'NONE', ( #1762, #3766, #1385, #4910, #5813 ) ) ;
#2429 = CARTESIAN_POINT ( 'NONE',  ( 76.87005768508983294, 613.1299423149124550, 18.00000000000000000 ) ) ;
#2430 =( NAMED_UNIT ( * ) PLANE_ANGLE_UNIT ( ) SI_UNIT ( $, .RADIAN. ) );
#2431 = ADVANCED_FACE ( 'NONE', ( #1431 ), #5772, .F. ) ;
#2432 = ORIENTED_EDGE ( 'NONE', *, *, #3830, .T. ) ;
#2433 = FACE_BOUND ( 'NONE', #3088, .T. ) ;
#2434 = FACE_BOUND ( 'NONE', #447, .T. ) ;
#2435 = ORIENTED_EDGE ( 'NONE', *, *, #991, .T. ) ;
#2436 = EDGE_CURVE ( 'NONE', #944, #4710, #3896, .T. ) ;
#2437 = PRODUCT_DEFINITION_SHAPE ( 'NONE', 'NONE',  #7073 ) ;
#2438 = DIRECTION ( 'NONE',  ( 0.000000000000000000, 1.000000000000000000, 0.000000000000000000 ) ) ;
#2439 = DIRECTION ( 'NONE',  ( 0.000000000000000000, 0.000000000000000000, 1.000000000000000000 ) ) ;
#2440 = CARTESIAN_POINT ( 'NONE',  ( 102.7573593128805811, 101.2426406871240374, 11.99999999999999822 ) ) ;
#2441 = LINE ( 'NONE', #477, #5681 ) ;
#2442 = AXIS2_PLACEMENT_3D ( 'NONE', #7, #4380, #3827 ) ;
#2443 = VERTEX_POINT ( 'NONE', #3308 ) ;
#2444 = CIRCLE ( 'NONE', #5427, 4.000000000000010658 ) ;
#2445 = VERTEX_POINT ( 'NONE', #7035 ) ;
#2446 =( REPRESENTATION_RELATIONSHIP ('NONE','NONE', #1817, #6549 ) REPRESENTATION_RELATIONSHIP_WITH_TRANSFORMATION ( #4355 )SHAPE_REPRESENTATION_RELATIONSHIP( ) );
#2447 = DIRECTION ( 'NONE',  ( 0.1156569635167078447, 0.9932892160846682472, 0.000000000000000000 ) ) ;
#2448 = ORIENTED_EDGE ( 'NONE', *, *, #5295, .T. ) ;
#2449 = CIRCLE ( 'NONE', #2709, 4.000000000000003553 ) ;
#2450 = CARTESIAN_POINT ( 'NONE',  ( 177.0000000000014211, 59.99999999999982947, 18.00000000000000000 ) ) ;
#2451 = CARTESIAN_POINT ( 'NONE',  ( 70.00000000000133582, 298.0000000000000000, 18.00000000000000000 ) ) ;
#2452 =( NAMED_UNIT ( * ) SI_UNIT ( $, .STERADIAN. ) SOLID_ANGLE_UNIT ( ) );
#2453 = CIRCLE ( 'NONE', #5167, 4.000000000000003553 ) ;
#2454 = FACE_OUTER_BOUND ( 'NONE', #6753, .T. ) ;
#2455 = CARTESIAN_POINT ( 'NONE',  ( 1032.499999999998408, 414.0000000000002274, 18.00000000000000000 ) ) ;
#2456 = DIRECTION ( 'NONE',  ( -1.000000000000000000, 0.000000000000000000, 0.000000000000000000 ) ) ;
#2457 = DIRECTION ( 'NONE',  ( -1.000000000000000000, 0.000000000000000000, 0.000000000000000000 ) ) ;
#2458 = FACE_OUTER_BOUND ( 'NONE', #1326, .T. ) ;
#2459 = CIRCLE ( 'NONE', #4610, 4.000000000000010658 ) ;
#2460 = CARTESIAN_POINT ( 'NONE',  ( 70.00000000000133582, 382.0000000000000568, 0.000000000000000000 ) ) ;
#2461 = DIRECTION ( 'NONE',  ( -0.000000000000000000, -0.000000000000000000, -1.000000000000000000 ) ) ;
#2462 = EDGE_CURVE ( 'NONE', #5734, #6761, #994, .T. ) ;
#2463 = CYLINDRICAL_SURFACE ( 'NONE', #4301, 4.000000000000003553 ) ;
#2464 = CYLINDRICAL_SURFACE ( 'NONE', #6483, 2.999999999999891642 ) ;
#2465 = EDGE_CURVE ( 'NONE', #444, #3929, #7040, .T. ) ;
#2466 = ADVANCED_FACE ( 'NONE', ( #3977 ), #2276, .F. ) ;
#2467 = AXIS2_PLACEMENT_3D ( 'NONE', #3337, #1676, #4359 ) ;
#2468 = CARTESIAN_POINT ( 'NONE',  ( 42.00000000000009237, 54.99999999999999289, -2.220446049250313081E-13 ) ) ;
#2469 = CIRCLE ( 'NONE', #2112, 2.500000000000015987 ) ;
#2470 = ORIENTED_EDGE ( 'NONE', *, *, #3001, .F. ) ;
#2471 = ORIENTED_EDGE ( 'NONE', *, *, #2703, .T. ) ;
#2472 = CARTESIAN_POINT ( 'NONE',  ( -42.00000000000003553, 80.00000000000000000, -2.999999999999994227 ) ) ;
#2473 = CARTESIAN_POINT ( 'NONE',  ( 35.24264068711946862, 16.75735931287708880, 18.00000000000000000 ) ) ;
#2474 = EDGE_CURVE ( 'NONE', #969, #2854, #5860, .T. ) ;
#2475 = CARTESIAN_POINT ( 'NONE',  ( 107.0000000000000000, 583.0000000000048885, 18.00000000000000000 ) ) ;
#2476 = LINE ( 'NONE', #1990, #2294 ) ;
#2477 = ORIENTED_EDGE ( 'NONE', *, *, #1627, .T. ) ;
#2478 = ORIENTED_EDGE ( 'NONE', *, *, #6923, .F. ) ;
#2479 = AXIS2_PLACEMENT_3D ( 'NONE', #4194, #6892, #1444 ) ;
#2480 = EDGE_CURVE ( 'NONE', #5473, #2948, #5696, .T. ) ;
#2481 = CARTESIAN_POINT ( 'NONE',  ( 823.9999999999987494, 59.99999999999972289, 18.00000000000000000 ) ) ;
#2482 = CARTESIAN_POINT ( 'NONE',  ( 308.0000000000014211, 59.99999999999982947, 0.000000000000000000 ) ) ;
#2483 = DIRECTION ( 'NONE',  ( 0.000000000000000000, 0.000000000000000000, 1.000000000000000000 ) ) ;
#2484 = VERTEX_POINT ( 'NONE', #2655 ) ;
#2485 = ORIENTED_EDGE ( 'NONE', *, *, #4933, .F. ) ;
#2486 = DIRECTION ( 'NONE',  ( 1.000000000000000000, 0.000000000000000000, 0.000000000000000000 ) ) ;
#2487 = ORIENTED_EDGE ( 'NONE', *, *, #5898, .F. ) ;
#2488 = DIRECTION ( 'NONE',  ( -1.000000000000000000, 0.000000000000000000, 0.000000000000000000 ) ) ;
#2489 = DIRECTION ( 'NONE',  ( 0.000000000000000000, 0.000000000000000000, 1.000000000000000000 ) ) ;
#2490 = ORIENTED_EDGE ( 'NONE', *, *, #2462, .T. ) ;
#2491 = ORIENTED_EDGE ( 'NONE', *, *, #1602, .F. ) ;
#2492 = DIRECTION ( 'NONE',  ( 1.000000000000000000, -1.261617073437679231E-16, -2.169183984224244502E-46 ) ) ;
#2493 = ORIENTED_EDGE ( 'NONE', *, *, #1313, .T. ) ;
#2494 = ORIENTED_EDGE ( 'NONE', *, *, #5199, .F. ) ;
#2495 = CARTESIAN_POINT ( 'NONE',  ( -170.0000000000000853, 80.00000000000000000, -2.220446049250313081E-13 ) ) ;
#2496 = AXIS2_PLACEMENT_3D ( 'NONE', #5183, #3505, #4676 ) ;
#2497 = ORIENTED_EDGE ( 'NONE', *, *, #6409, .T. ) ;
#2498 = SURFACE_SIDE_STYLE ('',( #3054 ) ) ;
#2499 = ADVANCED_FACE ( 'NONE', ( #51 ), #1102, .T. ) ;
#2500 = VECTOR ( 'NONE', #1287, 1000.000000000000000 ) ;
#2501 = VERTEX_POINT ( 'NONE', #4849 ) ;
#2502 = EDGE_CURVE ( 'NONE', #889, #4607, #5435, .T. ) ;
#2503 = DIRECTION ( 'NONE',  ( -0.000000000000000000, -0.000000000000000000, -1.000000000000000000 ) ) ;
#2504 = ORIENTED_EDGE ( 'NONE', *, *, #1294, .F. ) ;
#2505 = EDGE_CURVE ( 'NONE', #2956, #3592, #6965, .T. ) ;
#2506 = ORIENTED_EDGE ( 'NONE', *, *, #1822, .F. ) ;
#2507 = EDGE_LOOP ( 'NONE', ( #3160, #3237 ) ) ;
#2508 = ORIENTED_EDGE ( 'NONE', *, *, #189, .T. ) ;
#2509 = CARTESIAN_POINT ( 'NONE',  ( 42.00000000000009237, 80.00000000000000000, -2.220446049250313081E-13 ) ) ;
#2510 = EDGE_LOOP ( 'NONE', ( #198, #5486, #722, #5492 ) ) ;
#2511 = EDGE_LOOP ( 'NONE', ( #5146, #6270 ) ) ;
#2512 = FACE_OUTER_BOUND ( 'NONE', #1469, .T. ) ;
#2513 = EDGE_LOOP ( 'NONE', ( #614, #71 ) ) ;
#2514 = CARTESIAN_POINT ( 'NONE',  ( 204.5000000000001705, 19.99999999999999645, -8.999999999999896971 ) ) ;
#2515 = DIRECTION ( 'NONE',  ( -0.000000000000000000, -0.000000000000000000, -1.000000000000000000 ) ) ;
#2516 = EDGE_CURVE ( 'NONE', #5816, #1924, #6714, .T. ) ;
#2517 = DIRECTION ( 'NONE',  ( -0.000000000000000000, -0.000000000000000000, -1.000000000000000000 ) ) ;
#2518 = ORIENTED_EDGE ( 'NONE', *, *, #5399, .T. ) ;
#2519 = CARTESIAN_POINT ( 'NONE',  ( 40.00000000000003553, 49.99999999999993605, 15.00000000000000000 ) ) ;
#2520 = FACE_OUTER_BOUND ( 'NONE', #1843, .T. ) ;
#2521 = ORIENTED_EDGE ( 'NONE', *, *, #3064, .T. ) ;
#2522 = LINE ( 'NONE', #4021, #5674 ) ;
#2523 = AXIS2_PLACEMENT_3D ( 'NONE', #1480, #6826, #1387 ) ;
#2524 = ORIENTED_EDGE ( 'NONE', *, *, #3957, .F. ) ;
#2525 = CARTESIAN_POINT ( 'NONE',  ( 0.000000000000000000, 0.000000000000000000, 30.00000000000002132 ) ) ;
#2526 = LINE ( 'NONE', #5619, #1072 ) ;
#2527 = ORIENTED_EDGE ( 'NONE', *, *, #2249, .F. ) ;
#2528 = EDGE_CURVE ( 'NONE', #5324, #794, #2623, .T. ) ;
#2529 = CARTESIAN_POINT ( 'NONE',  ( -600.0000000000001137, 0.000000000000000000, 400.0000000000001705 ) ) ;
#2530 = DIRECTION ( 'NONE',  ( 0.000000000000000000, 0.000000000000000000, 1.000000000000000000 ) ) ;
#2531 = LINE ( 'NONE', #5515, #5268 ) ;
#2532 = ORIENTED_EDGE ( 'NONE', *, *, #3133, .F. ) ;
#2533 = LINE ( 'NONE', #7061, #4323 ) ;
#2534 = DIRECTION ( 'NONE',  ( 0.000000000000000000, 0.000000000000000000, 1.000000000000000000 ) ) ;
#2535 = ADVANCED_FACE ( 'NONE', ( #3567 ), #4152, .F. ) ;
#2536 = DIRECTION ( 'NONE',  ( 1.000000000000000000, 0.000000000000000000, 0.000000000000000000 ) ) ;
#2537 = CIRCLE ( 'NONE', #3710, 2.999999999999994671 ) ;
#2538 = CARTESIAN_POINT ( 'NONE',  ( 266.5000000000002274, 0.000000000000000000, 8.999999999999904077 ) ) ;
#2539 = CYLINDRICAL_SURFACE ( 'NONE', #2885, 4.000000000000010658 ) ;
#2540 = DIRECTION ( 'NONE',  ( 1.000000000000000000, 0.000000000000000000, 0.000000000000000000 ) ) ;
#2541 = DIRECTION ( 'NONE',  ( 1.000000000000000000, 0.000000000000000000, 0.000000000000000000 ) ) ;
#2542 = CIRCLE ( 'NONE', #6734, 3.000000000000002665 ) ;
#2543 = CYLINDRICAL_SURFACE ( 'NONE', #5840, 3.000000000000002665 ) ;
#2544 = EDGE_CURVE ( 'NONE', #5810, #3612, #6636, .T. ) ;
#2545 = CARTESIAN_POINT ( 'NONE',  ( 70.00000000000133582, 382.0000000000000568, 18.00000000000000000 ) ) ;
#2546 = MECHANICAL_DESIGN_GEOMETRIC_PRESENTATION_REPRESENTATION (  '', ( #6305 ), #3280 ) ;
#2547 = DIRECTION ( 'NONE',  ( 0.000000000000000000, 0.000000000000000000, 1.000000000000000000 ) ) ;
#2548 = LINE ( 'NONE', #3652, #1096 ) ;
#2549 = CYLINDRICAL_SURFACE ( 'NONE', #1048, 2.999999999999995559 ) ;
#2550 = CARTESIAN_POINT ( 'NONE',  ( 794.9999999999987494, 620.0000000000002274, 0.000000000000000000 ) ) ;
#2551 = CARTESIAN_POINT ( 'NONE',  ( 1026.999999999998863, 169.9999999999999432, 18.00000000000000000 ) ) ;
#2552 = AXIS2_PLACEMENT_3D ( 'NONE', #4091, #2978, #5245 ) ;
#2553 = UNCERTAINTY_MEASURE_WITH_UNIT (LENGTH_MEASURE( 1.000000000000000082E-05 ), #819, 'distance_accuracy_value', 'NONE');
#2554 = CARTESIAN_POINT ( 'NONE',  ( -170.0000000000000853, 54.99999999999999289, -2.220446049250313081E-13 ) ) ;
#2555 = CYLINDRICAL_SURFACE ( 'NONE', #6040, 2.999999999999994671 ) ;
#2556 = FACE_OUTER_BOUND ( 'NONE', #2695, .T. ) ;
#2557 = DIRECTION ( 'NONE',  ( -1.000000000000000000, 0.000000000000000000, 0.000000000000000000 ) ) ;
#2558 = DIRECTION ( 'NONE',  ( -0.000000000000000000, -0.000000000000000000, 1.000000000000000000 ) ) ;
#2559 = AXIS2_PLACEMENT_3D ( 'NONE', #4095, #6751, #4121 ) ;
#2560 = CARTESIAN_POINT ( 'NONE',  ( 917.4999999999986358, 27.99999999999980105, 18.00000000000000000 ) ) ;
#2561 = DIRECTION ( 'NONE',  ( 0.7071067811865779928, 0.7071067811865170416, 0.000000000000000000 ) ) ;
#2562 = CARTESIAN_POINT ( 'NONE',  ( -42.00000000000003553, 80.00000000000000000, 1.387778780781445676E-14 ) ) ;
#2563 = ORIENTED_EDGE ( 'NONE', *, *, #490, .F. ) ;
#2564 = EDGE_CURVE ( 'NONE', #6262, #3347, #6881, .T. ) ;
#2565 = CARTESIAN_POINT ( 'NONE',  ( 370.0000000000000000, 55.00000000000000000, 2.999999999999994671 ) ) ;
#2566 = EDGE_CURVE ( 'NONE', #9, #364, #3725, .T. ) ;
#2567 = CARTESIAN_POINT ( 'NONE',  ( 84.99999999999992895, 730.0000000000000000, 15.00000000000000000 ) ) ;
#2568 = AXIS2_PLACEMENT_3D ( 'NONE', #4377, #80, #4406 ) ;
#2569 = AXIS2_PLACEMENT_3D ( 'NONE', #3145, #6396, #5389 ) ;
#2570 = ORIENTED_EDGE ( 'NONE', *, *, #2832, .F. ) ;
#2571 = CARTESIAN_POINT ( 'NONE',  ( 1029.999999999998636, 382.0000000000000568, 18.00000000000000000 ) ) ;
#2572 = EDGE_LOOP ( 'NONE', ( #446, #3556 ) ) ;
#2573 = ORIENTED_EDGE ( 'NONE', *, *, #5562, .T. ) ;
#2574 = DIRECTION ( 'NONE',  ( -0.000000000000000000, 1.000000000000000000, -0.000000000000000000 ) ) ;
#2575 = AXIS2_PLACEMENT_3D ( 'NONE', #563, #2243, #6061 ) ;
#2576 = ORIENTED_EDGE ( 'NONE', *, *, #1960, .F. ) ;
#2577 = EDGE_LOOP ( 'NONE', ( #2684, #6006, #396, #963 ) ) ;
#2578 = CARTESIAN_POINT ( 'NONE',  ( 553.0000000000000000, 510.0000000000000000, 0.000000000000000000 ) ) ;
#2579 = ORIENTED_EDGE ( 'NONE', *, *, #4054, .T. ) ;
#2580 = DIRECTION ( 'NONE',  ( 0.000000000000000000, 0.000000000000000000, 1.000000000000000000 ) ) ;
#2581 = EDGE_LOOP ( 'NONE', ( #3034, #6548 ) ) ;
#2582 = DIRECTION ( 'NONE',  ( 1.000000000000000000, 0.000000000000000000, 0.000000000000000000 ) ) ;
#2583 = ORIENTED_EDGE ( 'NONE', *, *, #5827, .F. ) ;
#2584 = LINE ( 'NONE', #4240, #2071 ) ;
#2585 = CARTESIAN_POINT ( 'NONE',  ( 308.0000000000014211, 59.99999999999982947, 18.00000000000000000 ) ) ;
#2586 = ORIENTED_EDGE ( 'NONE', *, *, #4348, .F. ) ;
#2587 = CARTESIAN_POINT ( 'NONE',  ( 80.87005768508868186, 613.1299423149124550, 0.000000000000000000 ) ) ;
#2588 = AXIS2_PLACEMENT_3D ( 'NONE', #6504, #497, #3235 ) ;
#2589 = EDGE_LOOP ( 'NONE', ( #5744, #2448, #4899, #7024 ) ) ;
#2590 = ORIENTED_EDGE ( 'NONE', *, *, #3610, .F. ) ;
#2591 = CIRCLE ( 'NONE', #6247, 2.999999999999994671 ) ;
#2592 = ORIENTED_EDGE ( 'NONE', *, *, #5312, .F. ) ;
#2593 = EDGE_CURVE ( 'NONE', #5097, #3943, #820, .T. ) ;
#2594 = PLANE ( 'NONE',  #511 ) ;
#2595 = DIRECTION ( 'NONE',  ( 0.000000000000000000, 0.000000000000000000, 1.000000000000000000 ) ) ;
#2596 = CARTESIAN_POINT ( 'NONE',  ( 0.000000000000000000, 0.000000000000000000, 16.00000000000000000 ) ) ;
#2597 = ORIENTED_EDGE ( 'NONE', *, *, #4529, .F. ) ;
#2598 = AXIS2_PLACEMENT_3D ( 'NONE', #6066, #2807, #1207 ) ;
#2599 = EDGE_LOOP ( 'NONE', ( #1232, #3078, #2910, #6770 ) ) ;
#2600 = CARTESIAN_POINT ( 'NONE',  ( 1027.129942314910522, 66.87005768508768710, 0.000000000000000000 ) ) ;
#2601 = FACE_BOUND ( 'NONE', #2820, .T. ) ;
#2602 = EDGE_LOOP ( 'NONE', ( #6873, #7006, #4034, #5819 ) ) ;
#2603 = FACE_BOUND ( 'NONE', #2507, .T. ) ;
#2604 = ORIENTED_EDGE ( 'NONE', *, *, #1098, .T. ) ;
#2605 = AXIS2_PLACEMENT_3D ( 'NONE', #5468, #2125, #4300 ) ;
#2606 = DIRECTION ( 'NONE',  ( 0.000000000000000000, 2.255519665188392192E-46, 1.000000000000000000 ) ) ;
#2607 = ADVANCED_FACE ( 'NONE', ( #4412, #1515, #6463 ), #642, .F. ) ;
#2608 = VERTEX_POINT ( 'NONE', #4444 ) ;
#2609 = CIRCLE ( 'NONE', #2998, 4.000000000000003553 ) ;
#2610 = EDGE_CURVE ( 'NONE', #4960, #1039, #643, .T. ) ;
#2611 = ORIENTED_EDGE ( 'NONE', *, *, #1704, .T. ) ;
#2612 = SURFACE_STYLE_USAGE ( .BOTH. , #5871 ) ;
#2613 = CARTESIAN_POINT ( 'NONE',  ( 919.9999999999986358, 652.0000000000002274, 18.00000000000000000 ) ) ;
#2614 = AXIS2_PLACEMENT_3D ( 'NONE', #3872, #6046, #4500 ) ;
#2615 = VECTOR ( 'NONE', #2739, 1000.000000000000000 ) ;
#2616 = AXIS2_PLACEMENT_3D ( 'NONE', #7032, #3836, #4320 ) ;
#2617 = ORIENTED_EDGE ( 'NONE', *, *, #4926, .T. ) ;
#2618 = CYLINDRICAL_SURFACE ( 'NONE', #1346, 3.000000000000002665 ) ;
#2619 = DIRECTION ( 'NONE',  ( -1.899384981211278352E-46, 0.000000000000000000, -1.000000000000000000 ) ) ;
#2620 = EDGE_CURVE ( 'NONE', #210, #5482, #2109, .T. ) ;
#2621 = DIRECTION ( 'NONE',  ( -0.000000000000000000, -0.000000000000000000, -1.000000000000000000 ) ) ;
#2622 = CARTESIAN_POINT ( 'NONE',  ( -1.110223024625156540E-13, 18.00000000000000000, -170.0000000000001421 ) ) ;
#2623 = LINE ( 'NONE', #5542, #3129 ) ;
#2624 = LINE ( 'NONE', #7023, #1175 ) ;
#2625 = CARTESIAN_POINT ( 'NONE',  ( 1100.000000000000000, 0.000000000000000000, 0.000000000000000000 ) ) ;
#2626 = VECTOR ( 'NONE', #6231, 1000.000000000000000 ) ;
#2627 = ADVANCED_FACE ( 'NONE', ( #3387 ), #6117, .F. ) ;
#2628 = DIRECTION ( 'NONE',  ( 0.000000000000000000, 0.000000000000000000, 1.000000000000000000 ) ) ;
#2629 = LINE ( 'NONE', #7008, #6816 ) ;
#2630 = CARTESIAN_POINT ( 'NONE',  ( 76.87005768508956294, 66.87005768508768710, 0.000000000000000000 ) ) ;
#2631 = CARTESIAN_POINT ( 'NONE',  ( 823.9999999999987494, 620.0000000000003411, 0.000000000000000000 ) ) ;
#2632 = AXIS2_PLACEMENT_3D ( 'NONE', #2186, #4436, #3317 ) ;
#2633 = FACE_OUTER_BOUND ( 'NONE', #3948, .T. ) ;
#2634 = CIRCLE ( 'NONE', #5751, 3.000000000000002665 ) ;
#2635 = DIRECTION ( 'NONE',  ( 1.000000000000000000, 0.000000000000000000, 0.000000000000000000 ) ) ;
#2636 = DIRECTION ( 'NONE',  ( -0.000000000000000000, -0.000000000000000000, 1.000000000000000000 ) ) ;
#2637 = EDGE_CURVE ( 'NONE', #2945, #175, #2531, .T. ) ;
#2638 = DIRECTION ( 'NONE',  ( 1.000000000000000000, 0.000000000000000000, 0.000000000000000000 ) ) ;
#2639 = CIRCLE ( 'NONE', #5406, 3.000000000000002665 ) ;
#2640 = ORIENTED_EDGE ( 'NONE', *, *, #5946, .F. ) ;
#2641 = EDGE_CURVE ( 'NONE', #6432, #3091, #6292, .T. ) ;
#2642 = DIRECTION ( 'NONE',  ( 1.000000000000000000, 0.000000000000000000, 0.000000000000000000 ) ) ;
#2643 = MECHANICAL_DESIGN_GEOMETRIC_PRESENTATION_REPRESENTATION (  '', ( #3376 ), #1686 ) ;
#2644 = CARTESIAN_POINT ( 'NONE',  ( 794.9999999999987494, 59.99999999999982947, 18.00000000000000000 ) ) ;
#2645 = CARTESIAN_POINT ( 'NONE',  ( 208.5000000000001990, 19.99999999999999645, -8.999999999999896971 ) ) ;
#2646 = CIRCLE ( 'NONE', #2144, 2.499999999999946709 ) ;
#2647 = ORIENTED_EDGE ( 'NONE', *, *, #6136, .F. ) ;
#2648 = CARTESIAN_POINT ( 'NONE',  ( 63.09449189287384741, 0.000000000000000000, 0.000000000000000000 ) ) ;
#2649 = ORIENTED_EDGE ( 'NONE', *, *, #6642, .T. ) ;
#2650 = DIRECTION ( 'NONE',  ( 0.000000000000000000, 0.000000000000000000, 1.000000000000000000 ) ) ;
#2651 = CARTESIAN_POINT ( 'NONE',  ( 0.000000000000000000, 0.000000000000000000, 0.000000000000000000 ) ) ;
#2652 = AXIS2_PLACEMENT_3D ( 'NONE', #6004, #2766, #4985 ) ;
#2653 = CARTESIAN_POINT ( 'NONE',  ( 448.5000000000000000, 80.00000000000000000, -9.000000000000007105 ) ) ;
#2654 = ORIENTED_EDGE ( 'NONE', *, *, #2405, .T. ) ;
#2655 = CARTESIAN_POINT ( 'NONE',  ( 266.5000000000002274, 0.000000000000000000, 8.999999999999904077 ) ) ;
#2656 = ORIENTED_EDGE ( 'NONE', *, *, #3600, .F. ) ;
#2657 = EDGE_CURVE ( 'NONE', #6703, #5630, #468, .T. ) ;
#2658 = ORIENTED_EDGE ( 'NONE', *, *, #3684, .F. ) ;
#2659 = CARTESIAN_POINT ( 'NONE',  ( 1046.000000000000000, 640.0000000000000000, 0.000000000000000000 ) ) ;
#2660 = EDGE_LOOP ( 'NONE', ( #2656, #1312, #1815, #3281 ) ) ;
#2661 = CARTESIAN_POINT ( 'NONE',  ( -170.0000000000000853, 54.99999999999999289, -2.220446049250313081E-13 ) ) ;
#2662 = DIRECTION ( 'NONE',  ( 1.000000000000000000, 0.000000000000000000, 0.000000000000000000 ) ) ;
#2663 = CARTESIAN_POINT ( 'NONE',  ( 466.5000000000000000, 0.000000000000000000, 9.000000000000007105 ) ) ;
#2664 = ORIENTED_EDGE ( 'NONE', *, *, #4392, .T. ) ;
#2665 = CARTESIAN_POINT ( 'NONE',  ( 84.99999999999992895, 730.0000000000000000, 0.000000000000000000 ) ) ;
#2666 = ORIENTED_EDGE ( 'NONE', *, *, #1416, .T. ) ;
#2667 = FACE_OUTER_BOUND ( 'NONE', #297, .T. ) ;
#2668 = AXIS2_PLACEMENT_3D ( 'NONE', #3580, #6277, #4075 ) ;
#2669 = EDGE_LOOP ( 'NONE', ( #3254, #6956 ) ) ;
#2670 = EDGE_LOOP ( 'NONE', ( #1402, #4723, #6057, #1390 ) ) ;
#2671 = PLANE ( 'NONE',  #4688 ) ;
#2672 = ORIENTED_EDGE ( 'NONE', *, *, #5723, .F. ) ;
#2673 = VERTEX_POINT ( 'NONE', #578 ) ;
#2674 = PRESENTATION_STYLE_ASSIGNMENT (( #5232 ) ) ;
#2675 = EDGE_LOOP ( 'NONE', ( #3845, #2490, #454, #5423 ) ) ;
#2676 = DIRECTION ( 'NONE',  ( 1.000000000000000000, 0.000000000000000000, 0.000000000000000000 ) ) ;
#2677 = CARTESIAN_POINT ( 'NONE',  ( 1023.129942314910522, 613.1299423149123413, 11.99999999999999822 ) ) ;
#2678 = CARTESIAN_POINT ( 'NONE',  ( 1074.999999999999318, 20.99999999999849720, 11.99999999999999822 ) ) ;
#2679 = ORIENTED_EDGE ( 'NONE', *, *, #4675, .T. ) ;
#2680 =( NAMED_UNIT ( * ) PLANE_ANGLE_UNIT ( ) SI_UNIT ( $, .RADIAN. ) );
#2681 = ORIENTED_EDGE ( 'NONE', *, *, #7015, .T. ) ;
#2682 = EDGE_LOOP ( 'NONE', ( #4452, #5045, #2617, #2309 ) ) ;
#2683 = VECTOR ( 'NONE', #845, 1000.000000000000000 ) ;
#2684 = ORIENTED_EDGE ( 'NONE', *, *, #310, .F. ) ;
#2685 = AXIS2_PLACEMENT_3D ( 'NONE', #2068, #938, #6927 ) ;
#2686 = EDGE_LOOP ( 'NONE', ( #6609, #3454, #2521, #4234 ) ) ;
#2687 = MANIFOLD_SOLID_BREP ( 'Cortar-Extruir1', #6244 ) ;
#2688 = CYLINDRICAL_SURFACE ( 'NONE', #1337, 2.499999999999946709 ) ;
#2689 = ORIENTED_EDGE ( 'NONE', *, *, #2099, .F. ) ;
#2690 = EDGE_CURVE ( 'NONE', #3015, #6804, #6379, .T. ) ;
#2691 = CARTESIAN_POINT ( 'NONE',  ( -170.0000000000000853, 80.00000000000000000, 2.999999999999773959 ) ) ;
#2692 = CIRCLE ( 'NONE', #5057, 3.000000000000002665 ) ;
#2693 = CARTESIAN_POINT ( 'NONE',  ( 85.46958070007262620, 725.0000000000000000, 9.500000000000000000 ) ) ;
#2694 = CARTESIAN_POINT ( 'NONE',  ( 42.00000000000009237, 80.00000000000000000, -2.220446049250313081E-13 ) ) ;
#2695 = EDGE_LOOP ( 'NONE', ( #1383, #2654, #5144, #1983 ) ) ;
#2696 = DIRECTION ( 'NONE',  ( 1.000000000000000000, -1.329538674056075510E-18, 0.000000000000000000 ) ) ;
#2697 = FACE_OUTER_BOUND ( 'NONE', #3125, .T. ) ;
#2698 = ORIENTED_EDGE ( 'NONE', *, *, #1278, .T. ) ;
#2699 = CYLINDRICAL_SURFACE ( 'NONE', #1709, 3.000000000000002665 ) ;
#2700 = AXIS2_PLACEMENT_3D ( 'NONE', #5443, #1699, #5462 ) ;
#2701 = CARTESIAN_POINT ( 'NONE',  ( 1032.999999999998636, 298.0000000000000000, 0.000000000000000000 ) ) ;
#2702 = DIRECTION ( 'NONE',  ( -0.9932892160846683582, 0.1156569635167078586, 0.000000000000000000 ) ) ;
#2703 = EDGE_CURVE ( 'NONE', #6340, #4477, #5935, .T. ) ;
#2704 = FACE_OUTER_BOUND ( 'NONE', #1228, .T. ) ;
#2705 = EDGE_CURVE ( 'NONE', #4652, #1160, #1679, .T. ) ;
#2706 = FACE_OUTER_BOUND ( 'NONE', #3935, .T. ) ;
#2707 =( NAMED_UNIT ( * ) PLANE_ANGLE_UNIT ( ) SI_UNIT ( $, .RADIAN. ) );
#2708 = AXIS2_PLACEMENT_3D ( 'NONE', #1925, #1425, #3633 ) ;
#2709 = AXIS2_PLACEMENT_3D ( 'NONE', #665, #1331, #2419 ) ;
#2710 = VECTOR ( 'NONE', #691, 1000.000000000000000 ) ;
#2711 = FACE_BOUND ( 'NONE', #3850, .T. ) ;
#2712 = CARTESIAN_POINT ( 'NONE',  ( 84.99999999999992895, 730.0000000000000000, 16.00000000000000000 ) ) ;
#2713 = PRODUCT_DEFINITION_FORMATION_WITH_SPECIFIED_SOURCE ( 'ANY', '', #4759, .NOT_KNOWN. ) ;
#2714 = FACE_OUTER_BOUND ( 'NONE', #536, .T. ) ;
#2715 = DIRECTION ( 'NONE',  ( -1.261617073437677259E-16, 1.000000000000000000, 0.000000000000000000 ) ) ;
#2716 = DIRECTION ( 'NONE',  ( 1.000000000000000000, 0.000000000000000000, 0.000000000000000000 ) ) ;
#2717 =( LENGTH_UNIT ( ) NAMED_UNIT ( * ) SI_UNIT ( .MILLI., .METRE. ) );
#2718 = CYLINDRICAL_SURFACE ( 'NONE', #5672, 2.999999999999891642 ) ;
#2719 = LINE ( 'NONE', #3171, #570 ) ;
#2720 = CARTESIAN_POINT ( 'NONE',  ( 70.00000000000135003, 510.0000000000001137, 0.000000000000000000 ) ) ;
#2721 =( NAMED_UNIT ( * ) PLANE_ANGLE_UNIT ( ) SI_UNIT ( $, .RADIAN. ) );
#2722 = DIRECTION ( 'NONE',  ( -0.000000000000000000, -0.000000000000000000, 1.000000000000000000 ) ) ;
#2723 = VECTOR ( 'NONE', #3201, 1000.000000000000000 ) ;
#2724 = LINE ( 'NONE', #1786, #5120 ) ;
#2725 = EDGE_CURVE ( 'NONE', #94, #27, #6630, .T. ) ;
#2726 = DIRECTION ( 'NONE',  ( -0.000000000000000000, -0.000000000000000000, -1.000000000000000000 ) ) ;
#2727 = AXIS2_PLACEMENT_3D ( 'NONE', #2821, #4949, #76 ) ;
#2728 = ORIENTED_EDGE ( 'NONE', *, *, #4325, .F. ) ;
#2729 = DIRECTION ( 'NONE',  ( 1.899384981211278352E-46, 0.000000000000000000, -1.000000000000000000 ) ) ;
#2730 = CARTESIAN_POINT ( 'NONE',  ( 177.0000000000028137, 620.0000000000002274, 0.000000000000000000 ) ) ;
#2731 = DIRECTION ( 'NONE',  ( -0.000000000000000000, -0.000000000000000000, -1.000000000000000000 ) ) ;
#2732 = AXIS2_PLACEMENT_3D ( 'NONE', #1095, #4915, #2233 ) ;
#2733 = CARTESIAN_POINT ( 'NONE',  ( 1069.000000000000000, 20.99999999999849720, 11.99999999999999822 ) ) ;
#2734 = DIRECTION ( 'NONE',  ( 0.000000000000000000, 0.000000000000000000, 1.000000000000000000 ) ) ;
#2735 = EDGE_LOOP ( 'NONE', ( #5607, #5554 ) ) ;
#2736 = EDGE_CURVE ( 'NONE', #6203, #3015, #1935, .T. ) ;
#2737 = ORIENTED_EDGE ( 'NONE', *, *, #1514, .F. ) ;
#2738 = DIRECTION ( 'NONE',  ( 1.000000000000000000, 0.000000000000000000, 0.000000000000000000 ) ) ;
#2739 = DIRECTION ( 'NONE',  ( 0.7071067811865771047, -0.7071067811865179298, 0.000000000000000000 ) ) ;
#2740 = ORIENTED_EDGE ( 'NONE', *, *, #3597, .T. ) ;
#2741 = DIRECTION ( 'NONE',  ( 0.000000000000000000, 0.000000000000000000, 1.000000000000000000 ) ) ;
#2742 = ORIENTED_EDGE ( 'NONE', *, *, #6785, .T. ) ;
#2743 = DIRECTION ( 'NONE',  ( 0.000000000000000000, 1.000000000000000000, 0.000000000000000000 ) ) ;
#2744 = EDGE_CURVE ( 'NONE', #6187, #273, #6958, .T. ) ;
#2745 = ORIENTED_EDGE ( 'NONE', *, *, #4695, .F. ) ;
#2746 = EDGE_LOOP ( 'NONE', ( #3081, #4385, #7026, #1717 ) ) ;
#2747 = DIRECTION ( 'NONE',  ( 1.000000000000000000, 0.000000000000000000, 0.000000000000000000 ) ) ;
#2748 = VERTEX_POINT ( 'NONE', #4340 ) ;
#2749 = EDGE_CURVE ( 'NONE', #7044, #5563, #4060, .T. ) ;
#2750 = EDGE_LOOP ( 'NONE', ( #6420, #1641 ) ) ;
#2751 = DIRECTION ( 'NONE',  ( 0.000000000000000000, 1.000000000000000000, 0.000000000000000000 ) ) ;
#2752 = DIRECTION ( 'NONE',  ( 0.000000000000000000, 0.000000000000000000, 1.000000000000000000 ) ) ;
#2753 = ORIENTED_EDGE ( 'NONE', *, *, #4926, .F. ) ;
#2754 = VECTOR ( 'NONE', #1667, 1000.000000000000227 ) ;
#2755 = ADVANCED_FACE ( 'NONE', ( #3638, #2177, #551 ), #4437, .T. ) ;
#2756 = CARTESIAN_POINT ( 'NONE',  ( 177.0000000000014211, 59.99999999999982947, 18.00000000000000000 ) ) ;
#2757 = CARTESIAN_POINT ( 'NONE',  ( 144.9999999999999147, 690.0000000000000000, 15.49999999999998934 ) ) ;
#2758 = ORIENTED_EDGE ( 'NONE', *, *, #935, .T. ) ;
#2759 = EDGE_LOOP ( 'NONE', ( #500, #4028 ) ) ;
#2760 = DIRECTION ( 'NONE',  ( -0.000000000000000000, -0.000000000000000000, -1.000000000000000000 ) ) ;
#2761 = VERTEX_POINT ( 'NONE', #40 ) ;
#2762 = VECTOR ( 'NONE', #4715, 1000.000000000000000 ) ;
#2763 = ORIENTED_EDGE ( 'NONE', *, *, #2928, .T. ) ;
#2764 = ORIENTED_EDGE ( 'NONE', *, *, #5409, .T. ) ;
#2765 = DIRECTION ( 'NONE',  ( 0.000000000000000000, 0.000000000000000000, 1.000000000000000000 ) ) ;
#2766 = DIRECTION ( 'NONE',  ( 0.000000000000000000, 0.000000000000000000, 1.000000000000000000 ) ) ;
#2767 = EDGE_LOOP ( 'NONE', ( #5561, #5488 ) ) ;
#2768 = FACE_BOUND ( 'NONE', #3669, .T. ) ;
#2769 = CARTESIAN_POINT ( 'NONE',  ( -32.49999999999997158, 32.50000000000008527, 1.387778780781445676E-14 ) ) ;
#2770 = FACE_BOUND ( 'NONE', #6534, .T. ) ;
#2771 = DIRECTION ( 'NONE',  ( 1.000000000000000000, 0.000000000000000000, 0.000000000000000000 ) ) ;
#2772 = CARTESIAN_POINT ( 'NONE',  ( 42.79417451143778095, -5.689651003726128759E-17, 31.00000000000000000 ) ) ;
#2773 = EDGE_LOOP ( 'NONE', ( #4461, #5138, #773, #2929 ) ) ;
#2774 = EDGE_CURVE ( 'NONE', #3891, #4884, #727, .T. ) ;
#2775 = PRODUCT_DEFINITION_SHAPE ( 'NONE', 'NONE',  #7066 ) ;
#2776 =( BOUNDED_CURVE ( )  B_SPLINE_CURVE ( 3, ( #523, #6995, #2097, #2154 ),
 .UNSPECIFIED., .F., .F. ) 
 B_SPLINE_CURVE_WITH_KNOTS ( ( 4, 4 ),
 ( 4.712388980384689674, 6.283185307179586232 ),
 .UNSPECIFIED. ) 
 CURVE ( )  GEOMETRIC_REPRESENTATION_ITEM ( )  RATIONAL_B_SPLINE_CURVE ( ( 1.000000000000000000, 0.8047378541243649375, 0.8047378541243649375, 1.000000000000000000 ) ) 
 REPRESENTATION_ITEM ( '' )  );
#2777 = FILL_AREA_STYLE ('',( #3228 ) ) ;
#2778 = CARTESIAN_POINT ( 'NONE',  ( 1069.000000000000000, 658.9999999999985221, 11.99999999999999822 ) ) ;
#2779 = EDGE_CURVE ( 'NONE', #5685, #5166, #6285, .T. ) ;
#2780 = CYLINDRICAL_SURFACE ( 'NONE', #2793, 2.999999999999891642 ) ;
#2781 = VERTEX_POINT ( 'NONE', #1718 ) ;
#2782 = PRESENTATION_LAYER_ASSIGNMENT (  '', '', ( #1917 ) ) ;
#2783 = LINE ( 'NONE', #4358, #461 ) ;
#2784 = ORIENTED_EDGE ( 'NONE', *, *, #3479, .T. ) ;
#2785 = DIRECTION ( 'NONE',  ( 0.000000000000000000, 0.000000000000000000, 1.000000000000000000 ) ) ;
#2786 = CARTESIAN_POINT ( 'NONE',  ( 84.99999999999994316, 730.0000000000000000, 17.88822647334630034 ) ) ;
#2787 = DIRECTION ( 'NONE',  ( 1.899384981211278352E-46, 0.000000000000000000, -1.000000000000000000 ) ) ;
#2788 = CYLINDRICAL_SURFACE ( 'NONE', #5264, 5.999999999999880096 ) ;
#2789 = ORIENTED_EDGE ( 'NONE', *, *, #6664, .F. ) ;
#2790 = CIRCLE ( 'NONE', #2339, 3.000000000000002665 ) ;
#2791 = CARTESIAN_POINT ( 'NONE',  ( 111.2426406871194473, 92.75735931288359382, 11.99999999999999822 ) ) ;
#2792 = VECTOR ( 'NONE', #4466, 1000.000000000000000 ) ;
#2793 = AXIS2_PLACEMENT_3D ( 'NONE', #2571, #3122, #6887 ) ;
#2794 = VECTOR ( 'NONE', #1823, 1000.000000000000000 ) ;
#2795 = ADVANCED_FACE ( 'NONE', ( #43 ), #2788, .F. ) ;
#2796 = DIRECTION ( 'NONE',  ( 1.000000000000000000, 0.000000000000000000, 0.000000000000000000 ) ) ;
#2797 = ORIENTED_EDGE ( 'NONE', *, *, #6946, .F. ) ;
#2798 = DIRECTION ( 'NONE',  ( 1.000000000000000000, 0.000000000000000000, 0.000000000000000000 ) ) ;
#2799 = CARTESIAN_POINT ( 'NONE',  ( 922.9999999999986358, 59.99999999999982947, 0.000000000000000000 ) ) ;
#2800 = EDGE_CURVE ( 'NONE', #1152, #288, #4233, .T. ) ;
#2801 = CYLINDRICAL_SURFACE ( 'NONE', #2197, 3.000000000000002665 ) ;
#2802 = CARTESIAN_POINT ( 'NONE',  ( -36.62037280933050454, -725.0000000000001137, 704.7004783645691077 ) ) ;
#2803 = CIRCLE ( 'NONE', #5831, 2.999999999999994671 ) ;
#2804 = DIRECTION ( 'NONE',  ( 1.000000000000000000, 0.000000000000000000, 0.000000000000000000 ) ) ;
#2805 = FACE_OUTER_BOUND ( 'NONE', #601, .T. ) ;
#2806 = CYLINDRICAL_SURFACE ( 'NONE', #6541, 4.000000000000003553 ) ;
#2807 = DIRECTION ( 'NONE',  ( 0.000000000000000000, 1.000000000000000000, 0.000000000000000000 ) ) ;
#2808 = DIRECTION ( 'NONE',  ( 0.000000000000000000, 1.000000000000000000, 0.000000000000000000 ) ) ;
#2809 = CARTESIAN_POINT ( 'NONE',  ( 180.0000000000015064, 27.99999999999980105, 0.000000000000000000 ) ) ;
#2810 = CARTESIAN_POINT ( 'NONE',  ( 99.51915006111076423, 725.0000000000000000, 31.00000000000000000 ) ) ;
#2811 = FACE_OUTER_BOUND ( 'NONE', #5429, .T. ) ;
#2812 = EDGE_LOOP ( 'NONE', ( #4648, #5396 ) ) ;
#2813 = VERTEX_POINT ( 'NONE', #6179 ) ;
#2814 = CARTESIAN_POINT ( 'NONE',  ( 1050.000000000000000, 576.0000000000002274, 18.00000000000000000 ) ) ;
#2815 = CARTESIAN_POINT ( 'NONE',  ( 40.00000000000003553, 49.99999999999993605, 11.99999999999999289 ) ) ;
#2816 = AXIS2_PLACEMENT_3D ( 'NONE', #1066, #2153, #3260 ) ;
#2817 = ADVANCED_FACE ( 'NONE', ( #986 ), #4831, .F. ) ;
#2818 = EDGE_LOOP ( 'NONE', ( #5297, #4640, #6595, #1855 ) ) ;
#2819 = EDGE_CURVE ( 'NONE', #6441, #2748, #5002, .T. ) ;
#2820 = EDGE_LOOP ( 'NONE', ( #5579, #8 ) ) ;
#2821 = CARTESIAN_POINT ( 'NONE',  ( -408.5000000000000000, 20.00000000000000355, -9.000000000000007105 ) ) ;
#2822 = EDGE_CURVE ( 'NONE', #4468, #2070, #5179, .T. ) ;
#2823 = ADVANCED_FACE ( 'NONE', ( #3722 ), #902, .F. ) ;
#2824 = DIRECTION ( 'NONE',  ( 0.000000000000000000, 0.000000000000000000, 1.000000000000000000 ) ) ;
#2825 = DIRECTION ( 'NONE',  ( -1.000000000000000000, 0.000000000000000000, 0.000000000000000000 ) ) ;
#2826 = DIRECTION ( 'NONE',  ( 1.000000000000000000, 0.000000000000000000, 0.000000000000000000 ) ) ;
#2827 = EDGE_LOOP ( 'NONE', ( #4535, #1546 ) ) ;
#2828 = AXIS2_PLACEMENT_3D ( 'NONE', #2778, #1182, #6565 ) ;
#2829 = ORIENTED_EDGE ( 'NONE', *, *, #4238, .F. ) ;
#2830 = CARTESIAN_POINT ( 'NONE',  ( 997.2426406871200015, 101.2426406871217921, 11.99999999999999822 ) ) ;
#2831 = EDGE_LOOP ( 'NONE', ( #4048, #6857, #2306, #610 ) ) ;
#2832 = EDGE_CURVE ( 'NONE', #2385, #5591, #813, .T. ) ;
#2833 = VERTEX_POINT ( 'NONE', #5625 ) ;
#2834 = PLANE ( 'NONE',  #6518 ) ;
#2835 = CARTESIAN_POINT ( 'NONE',  ( 1029.999999999998636, 298.0000000000000000, 18.00000000000000000 ) ) ;
#2836 = ORIENTED_EDGE ( 'NONE', *, *, #434, .T. ) ;
#2837 = LINE ( 'NONE', #993, #2417 ) ;
#2838 = AXIS2_PLACEMENT_3D ( 'NONE', #815, #4637, #2488 ) ;
#2839 = CARTESIAN_POINT ( 'NONE',  ( 922.4999999999985221, 652.0000000000002274, 0.000000000000000000 ) ) ;
#2840 = CARTESIAN_POINT ( 'NONE',  ( 70.00000000000135003, 266.0000000000000000, 18.00000000000000000 ) ) ;
#2841 = AXIS2_PLACEMENT_3D ( 'NONE', #3920, #6701, #5553 ) ;
#2842 = VERTEX_POINT ( 'NONE', #3408 ) ;
#2843 = EDGE_CURVE ( 'NONE', #5482, #4221, #6110, .T. ) ;
#2844 = EDGE_LOOP ( 'NONE', ( #6353, #2604, #3939, #352 ) ) ;
#2845 = EDGE_LOOP ( 'NONE', ( #2248, #2920, #347, #1655, #854 ) ) ;
#2846 = APPLICATION_CONTEXT ( 'automotive_design' ) ;
#2847 = ORIENTED_EDGE ( 'NONE', *, *, #1848, .F. ) ;
#2848 = VERTEX_POINT ( 'NONE', #4000 ) ;
#2849 = COLOUR_RGB ( '',1.000000000000000000, 1.000000000000000000, 1.000000000000000000 ) ;
#2850 = ORIENTED_EDGE ( 'NONE', *, *, #4714, .F. ) ;
#2851 = VERTEX_POINT ( 'NONE', #5606 ) ;
#2852 = DIRECTION ( 'NONE',  ( 1.000000000000000000, 0.000000000000000000, 0.000000000000000000 ) ) ;
#2853 = CARTESIAN_POINT ( 'NONE',  ( 80.87005768508957715, 66.87005768508768710, 0.000000000000000000 ) ) ;
#2854 = VERTEX_POINT ( 'NONE', #3952 ) ;
#2855 = DIRECTION ( 'NONE',  ( -0.000000000000000000, -0.000000000000000000, -1.000000000000000000 ) ) ;
#2856 = VECTOR ( 'NONE', #2729, 1000.000000000000000 ) ;
#2857 = DIRECTION ( 'NONE',  ( -0.000000000000000000, -0.000000000000000000, -1.000000000000000000 ) ) ;
#2858 = ORIENTED_EDGE ( 'NONE', *, *, #3711, .T. ) ;
#2859 = EDGE_LOOP ( 'NONE', ( #3167, #5986, #1914, #3852 ) ) ;
#2860 = DIRECTION ( 'NONE',  ( -0.000000000000000000, -0.000000000000000000, 1.000000000000000000 ) ) ;
#2861 = ADVANCED_FACE ( 'NONE', ( #4662 ), #1168, .F. ) ;
#2862 = LINE ( 'NONE', #3332, #3284 ) ;
#2863 = ORIENTED_EDGE ( 'NONE', *, *, #173, .T. ) ;
#2864 = CARTESIAN_POINT ( 'NONE',  ( 99.31714646044805761, 723.2651455472496309, 0.000000000000000000 ) ) ;
#2865 = CARTESIAN_POINT ( 'NONE',  ( 919.9999999999986358, 27.99999999999980105, 18.00000000000000000 ) ) ;
#2866 = ADVANCED_FACE ( 'NONE', ( #6455 ), #308, .F. ) ;
#2867 = CARTESIAN_POINT ( 'NONE',  ( -466.5000000000000000, 80.00000000000000000, -9.000000000000007105 ) ) ;
#2868 = LINE ( 'NONE', #4716, #4315 ) ;
#2869 = EDGE_LOOP ( 'NONE', ( #6276, #6429 ) ) ;
#2870 = EDGE_CURVE ( 'NONE', #5563, #7044, #3207, .T. ) ;
#2871 = CYLINDRICAL_SURFACE ( 'NONE', #6135, 2.499999999999946709 ) ;
#2872 = DIRECTION ( 'NONE',  ( -0.7071067811865531239, 7.430363060362968065E-16, 0.7071067811865420216 ) ) ;
#2873 = EDGE_CURVE ( 'NONE', #5576, #6187, #6803, .T. ) ;
#2874 = LINE ( 'NONE', #3229, #4841 ) ;
#2875 = CARTESIAN_POINT ( 'NONE',  ( 183.0000000000004263, 620.0000000000002274, 18.00000000000000000 ) ) ;
#2876 = VECTOR ( 'NONE', #4599, 1000.000000000000000 ) ;
#2877 = CARTESIAN_POINT ( 'NONE',  ( 1050.000000000000000, 40.00000000000003553, 18.00000000000000000 ) ) ;
#2878 = CARTESIAN_POINT ( 'NONE',  ( 2.220446049250313081E-13, 109.9999999999999858, 30.00000000000002132 ) ) ;
#2879 = CARTESIAN_POINT ( 'NONE',  ( 547.0000000000000000, 169.9999999999999716, 18.00000000000000000 ) ) ;
#2880 = EDGE_CURVE ( 'NONE', #3355, #4863, #1768, .T. ) ;
#2881 = CARTESIAN_POINT ( 'NONE',  ( -242.0000000000000000, 55.00000000000000000, 2.999999999999994671 ) ) ;
#2882 = CIRCLE ( 'NONE', #1155, 3.000000000000006217 ) ;
#2883 = CARTESIAN_POINT ( 'NONE',  ( 1054.000000000000000, 40.00000000000003553, 18.00000000000000000 ) ) ;
#2884 = STYLED_ITEM ( 'NONE', ( #6820 ), #750 ) ;
#2885 = AXIS2_PLACEMENT_3D ( 'NONE', #3006, #5811, #3565 ) ;
#2886 = DIRECTION ( 'NONE',  ( -0.9852062716166839484, 0.1713727001804919992, 0.000000000000000000 ) ) ;
#2887 = CARTESIAN_POINT ( 'NONE',  ( 276.0000000000014779, 59.99999999999982947, 18.00000000000000000 ) ) ;
#2888 = LINE ( 'NONE', #5596, #1442 ) ;
#2889 = LINE ( 'NONE', #5147, #2977 ) ;
#2890 = CARTESIAN_POINT ( 'NONE',  ( 0.000000000000000000, 0.000000000000000000, 0.000000000000000000 ) ) ;
#2891 = DIRECTION ( 'NONE',  ( -1.000000000000000000, 0.000000000000000000, 1.899384981211278352E-46 ) ) ;
#2892 = EDGE_CURVE ( 'NONE', #2988, #6348, #4495, .T. ) ;
#2893 = CARTESIAN_POINT ( 'NONE',  ( 550.0000000000011369, -80.00000000000000000, 620.0000000000006821 ) ) ;
#2894 = LINE ( 'NONE', #3912, #1009 ) ;
#2895 = CIRCLE ( 'NONE', #124, 3.000000000000002665 ) ;
#2896 = ADVANCED_FACE ( 'NONE', ( #3559, #4917, #3124 ), #1869, .F. ) ;
#2897 = DIRECTION ( 'NONE',  ( 0.000000000000000000, 1.000000000000000000, 0.000000000000000000 ) ) ;
#2898 = CARTESIAN_POINT ( 'NONE',  ( 1052.500000000000000, 103.9999999999998721, 0.000000000000000000 ) ) ;
#2899 = ADVANCED_FACE ( 'NONE', ( #2024 ), #6202, .F. ) ;
#2900 = DIRECTION ( 'NONE',  ( -1.000000000000000000, 0.000000000000000000, 0.000000000000000000 ) ) ;
#2901 = CARTESIAN_POINT ( 'NONE',  ( 919.9999999999986358, 59.99999999999982947, 18.00000000000000000 ) ) ;
#2902 = ORIENTED_EDGE ( 'NONE', *, *, #161, .F. ) ;
#2903 = DIRECTION ( 'NONE',  ( 1.000000000000000000, 0.000000000000000000, 0.000000000000000000 ) ) ;
#2904 = DIRECTION ( 'NONE',  ( -0.000000000000000000, -0.000000000000000000, -1.000000000000000000 ) ) ;
#2905 = EDGE_CURVE ( 'NONE', #3762, #2341, #3472, .T. ) ;
#2906 = DIRECTION ( 'NONE',  ( -0.000000000000000000, -0.000000000000000000, 1.000000000000000000 ) ) ;
#2907 = CARTESIAN_POINT ( 'NONE',  ( 922.9999999999986358, 620.0000000000002274, 0.000000000000000000 ) ) ;
#2908 = ORIENTED_EDGE ( 'NONE', *, *, #1602, .T. ) ;
#2909 = AXIS2_PLACEMENT_3D ( 'NONE', #6335, #4177, #3062 ) ;
#2910 = ORIENTED_EDGE ( 'NONE', *, *, #6395, .F. ) ;
#2911 = DIRECTION ( 'NONE',  ( 1.000000000000000000, 0.000000000000000000, 0.000000000000000000 ) ) ;
#2912 = ORIENTED_EDGE ( 'NONE', *, *, #1519, .T. ) ;
#2913 = VERTEX_POINT ( 'NONE', #4605 ) ;
#2914 = DIRECTION ( 'NONE',  ( 0.000000000000000000, -1.000000000000000000, 0.000000000000000000 ) ) ;
#2915 = CARTESIAN_POINT ( 'NONE',  ( 1027.499999999998636, 265.9999999999998295, 0.000000000000000000 ) ) ;
#2916 = AXIS2_PLACEMENT_3D ( 'NONE', #884, #2517, #5193 ) ;
#2917 = VERTEX_POINT ( 'NONE', #775 ) ;
#2918 = DIRECTION ( 'NONE',  ( -1.000000000000000000, 0.000000000000000000, 0.000000000000000000 ) ) ;
#2919 = CARTESIAN_POINT ( 'NONE',  ( 47.49999999999997868, 576.0000000000002274, 18.00000000000000000 ) ) ;
#2920 = ORIENTED_EDGE ( 'NONE', *, *, #6670, .T. ) ;
#2921 = VERTEX_POINT ( 'NONE', #2932 ) ;
#2922 = CARTESIAN_POINT ( 'NONE',  ( 144.9999999999999147, 730.0000000000000000, 12.49999999999999289 ) ) ;
#2923 = CARTESIAN_POINT ( 'NONE',  ( 1054.000000000000000, 640.0000000000000000, 18.00000000000000000 ) ) ;
#2924 = EDGE_LOOP ( 'NONE', ( #6537, #5214, #2162, #23 ) ) ;
#2925 = ADVANCED_FACE ( 'NONE', ( #4743 ), #3487, .T. ) ;
#2926 = LINE ( 'NONE', #6461, #1831 ) ;
#2927 = VERTEX_POINT ( 'NONE', #1362 ) ;
#2928 = EDGE_CURVE ( 'NONE', #848, #3682, #3302, .T. ) ;
#2929 = ORIENTED_EDGE ( 'NONE', *, *, #6116, .F. ) ;
#2930 = EDGE_CURVE ( 'NONE', #3942, #5661, #1858, .T. ) ;
#2931 = DIRECTION ( 'NONE',  ( -1.000000000000000000, 0.000000000000000000, -0.000000000000000000 ) ) ;
#2932 = CARTESIAN_POINT ( 'NONE',  ( -412.5000000000000000, 20.00000000000000355, 9.000000000000007105 ) ) ;
#2933 = ADVANCED_FACE ( 'NONE', ( #223 ), #5851, .F. ) ;
#2934 = VERTEX_POINT ( 'NONE', #6841 ) ;
#2935 = AXIS2_PLACEMENT_3D ( 'NONE', #2757, #4954, #1112 ) ;
#2936 = ORIENTED_EDGE ( 'NONE', *, *, #582, .F. ) ;
#2937 = DIRECTION ( 'NONE',  ( 0.000000000000000000, 0.000000000000000000, 1.000000000000000000 ) ) ;
#2938 = DIRECTION ( 'NONE',  ( -0.000000000000000000, -0.000000000000000000, -1.000000000000000000 ) ) ;
#2939 = AXIS2_PLACEMENT_3D ( 'NONE', #5483, #2760, #60 ) ;
#2940 = VERTEX_POINT ( 'NONE', #1940 ) ;
#2941 = ORIENTED_EDGE ( 'NONE', *, *, #3470, .T. ) ;
#2942 = DIRECTION ( 'NONE',  ( -1.000000000000000222, 0.000000000000000000, 1.665334536937734811E-16 ) ) ;
#2943 = DIRECTION ( 'NONE',  ( 1.000000000000000000, 0.000000000000000000, 0.000000000000000000 ) ) ;
#2944 = CYLINDRICAL_SURFACE ( 'NONE', #7033, 2.999999999999996003 ) ;
#2945 = VERTEX_POINT ( 'NONE', #827 ) ;
#2946 = CYLINDRICAL_SURFACE ( 'NONE', #2496, 2.499999999999946709 ) ;
#2947 = PRODUCT_DEFINITION ( 'UNKNOWN', '', #3670, #5323 ) ;
#2948 = VERTEX_POINT ( 'NONE', #235 ) ;
#2949 = DIRECTION ( 'NONE',  ( -0.000000000000000000, -0.000000000000000000, -1.000000000000000000 ) ) ;
#2950 = CARTESIAN_POINT ( 'NONE',  ( 180.0000000000014495, 59.99999999999982947, 18.00000000000000000 ) ) ;
#2951 = DIRECTION ( 'NONE',  ( 0.000000000000000000, 0.000000000000000000, 1.000000000000000000 ) ) ;
#2952 = CARTESIAN_POINT ( 'NONE',  ( 1074.999999999999318, 20.99999999999849720, 11.99999999999999822 ) ) ;
#2953 = EDGE_LOOP ( 'NONE', ( #612, #5073, #3524, #443 ) ) ;
#2954 = FACE_OUTER_BOUND ( 'NONE', #4193, .T. ) ;
#2955 = DIRECTION ( 'NONE',  ( -1.000000000000000000, 0.000000000000000000, 0.000000000000000000 ) ) ;
#2956 = VERTEX_POINT ( 'NONE', #4654 ) ;
#2957 = DIRECTION ( 'NONE',  ( -0.000000000000000000, -0.000000000000000000, -1.000000000000000000 ) ) ;
#2958 = AXIS2_PLACEMENT_3D ( 'NONE', #1973, #5175, #1787 ) ;
#2959 = FACE_OUTER_BOUND ( 'NONE', #4229, .T. ) ;
#2960 = DIRECTION ( 'NONE',  ( -1.000000000000000000, 0.000000000000000000, 0.000000000000000000 ) ) ;
#2961 = EDGE_CURVE ( 'NONE', #4981, #3148, #3037, .T. ) ;
#2962 = VECTOR ( 'NONE', #6044, 1000.000000000000227 ) ;
#2963 = CYLINDRICAL_SURFACE ( 'NONE', #6775, 3.000000000000002665 ) ;
#2964 = AXIS2_PLACEMENT_3D ( 'NONE', #3844, #2785, #5528 ) ;
#2965 = ADVANCED_FACE ( 'NONE', ( #4581 ), #3883, .F. ) ;
#2966 = DIRECTION ( 'NONE',  ( 1.000000000000000000, 0.000000000000000000, 0.000000000000000000 ) ) ;
#2967 = CARTESIAN_POINT ( 'NONE',  ( 86.05177248089445641, 730.0000000000000000, 9.500000000000000000 ) ) ;
#2968 = FACE_BOUND ( 'NONE', #2003, .T. ) ;
#2969 = AXIS2_PLACEMENT_3D ( 'NONE', #3372, #5523, #49 ) ;
#2970 = CARTESIAN_POINT ( 'NONE',  ( 70.00000000000135003, 169.9999999999999716, 0.000000000000000000 ) ) ;
#2971 = CYLINDRICAL_SURFACE ( 'NONE', #1033, 3.000000000000002665 ) ;
#2972 = CARTESIAN_POINT ( 'NONE',  ( 70.00000000000133582, 298.0000000000000000, 18.00000000000000000 ) ) ;
#2973 = PLANE ( 'NONE',  #32 ) ;
#2974 = EDGE_CURVE ( 'NONE', #3949, #3091, #6544, .T. ) ;
#2975 = CARTESIAN_POINT ( 'NONE',  ( 0.000000000000000000, 680.0000000000000000, 18.00000000000000000 ) ) ;
#2976 = VECTOR ( 'NONE', #5797, 1000.000000000000000 ) ;
#2977 = VECTOR ( 'NONE', #3558, 1000.000000000000000 ) ;
#2978 = DIRECTION ( 'NONE',  ( 0.000000000000000000, 1.000000000000000000, 0.000000000000000000 ) ) ;
#2979 = AXIS2_PLACEMENT_3D ( 'NONE', #5889, #3168, #3128 ) ;
#2980 = STYLED_ITEM ( 'NONE', ( #6658 ), #3944 ) ;
#2981 = CARTESIAN_POINT ( 'NONE',  ( 311.0000000000014211, 620.0000000000002274, 18.00000000000000000 ) ) ;
#2982 = LINE ( 'NONE', #1763, #5791 ) ;
#2983 = VECTOR ( 'NONE', #3938, 1000.000000000000227 ) ;
#2984 = CARTESIAN_POINT ( 'NONE',  ( 1069.000000000000000, 658.9999999999985221, 11.99999999999999822 ) ) ;
#2985 = DIRECTION ( 'NONE',  ( 0.000000000000000000, 1.000000000000000000, 0.000000000000000000 ) ) ;
#2986 = EDGE_CURVE ( 'NONE', #5475, #4584, #3890, .T. ) ;
#2987 =( REPRESENTATION_RELATIONSHIP ('NONE','NONE', #1817, #4057 ) REPRESENTATION_RELATIONSHIP_WITH_TRANSFORMATION ( #931 )SHAPE_REPRESENTATION_RELATIONSHIP( ) );
#2988 = VERTEX_POINT ( 'NONE', #2406 ) ;
#2989 =( LENGTH_UNIT ( ) NAMED_UNIT ( * ) SI_UNIT ( .MILLI., .METRE. ) );
#2990 = DIRECTION ( 'NONE',  ( 0.000000000000000000, 0.000000000000000000, 1.000000000000000000 ) ) ;
#2991 = CARTESIAN_POINT ( 'NONE',  ( 916.9999999999986358, 620.0000000000002274, 0.000000000000000000 ) ) ;
#2992 = MANIFOLD_SOLID_BREP ( 'Cortar-Extruir3', #5673 ) ;
#2993 = DIRECTION ( 'NONE',  ( 1.000000000000000000, 0.000000000000000000, 0.000000000000000000 ) ) ;
#2994 = DIRECTION ( 'NONE',  ( -1.000000000000000000, 0.000000000000000000, 1.899384981211278352E-46 ) ) ;
#2995 = ORIENTED_EDGE ( 'NONE', *, *, #133, .T. ) ;
#2996 = ORIENTED_EDGE ( 'NONE', *, *, #2047, .F. ) ;
#2997 = CARTESIAN_POINT ( 'NONE',  ( 917.4999999999986358, 652.0000000000002274, 0.000000000000000000 ) ) ;
#2998 = AXIS2_PLACEMENT_3D ( 'NONE', #1045, #4862, #5887 ) ;
#2999 = DIRECTION ( 'NONE',  ( -1.000000000000000000, 0.000000000000000000, 0.000000000000000000 ) ) ;
#3000 = ORIENTED_EDGE ( 'NONE', *, *, #6539, .F. ) ;
#3001 = EDGE_CURVE ( 'NONE', #3410, #6354, #2868, .T. ) ;
#3002 = CARTESIAN_POINT ( 'NONE',  ( 547.0000000000000000, 510.0000000000000000, 0.000000000000000000 ) ) ;
#3003 = DIRECTION ( 'NONE',  ( 1.000000000000000000, 0.000000000000000000, 0.000000000000000000 ) ) ;
#3004 = ORIENTED_EDGE ( 'NONE', *, *, #5452, .F. ) ;
#3005 = EDGE_CURVE ( 'NONE', #6452, #1553, #218, .T. ) ;
#3006 = CARTESIAN_POINT ( 'NONE',  ( 50.00000000000000000, 40.00000000000014921, 18.00000000000000000 ) ) ;
#3007 = ORIENTED_EDGE ( 'NONE', *, *, #802, .F. ) ;
#3008 =( GEOMETRIC_REPRESENTATION_CONTEXT ( 3 ) GLOBAL_UNCERTAINTY_ASSIGNED_CONTEXT ( ( #6712 ) ) GLOBAL_UNIT_ASSIGNED_CONTEXT ( ( #2216, #641, #3840 ) ) REPRESENTATION_CONTEXT ( 'NONE', 'WORKASPACE' ) );
#3009 = VERTEX_POINT ( 'NONE', #2596 ) ;
#3010 = EDGE_LOOP ( 'NONE', ( #6258, #4527, #4217, #3677 ) ) ;
#3011 = ORIENTED_EDGE ( 'NONE', *, *, #5173, .F. ) ;
#3012 = DIRECTION ( 'NONE',  ( 0.000000000000000000, 0.000000000000000000, 1.000000000000000000 ) ) ;
#3013 = ORIENTED_EDGE ( 'NONE', *, *, #1453, .F. ) ;
#3014 = PLANE ( 'NONE',  #6864 ) ;
#3015 = VERTEX_POINT ( 'NONE', #6392 ) ;
#3016 = DIRECTION ( 'NONE',  ( 0.000000000000000000, 0.000000000000000000, 1.000000000000000000 ) ) ;
#3017 = ORIENTED_EDGE ( 'NONE', *, *, #6322, .F. ) ;
#3018 = EDGE_LOOP ( 'NONE', ( #844, #3117, #1378, #2485 ) ) ;
#3019 = CYLINDRICAL_SURFACE ( 'NONE', #4776, 2.500000000000002220 ) ;
#3020 = ORIENTED_EDGE ( 'NONE', *, *, #2593, .F. ) ;
#3021 = AXIS2_PLACEMENT_3D ( 'NONE', #6130, #6108, #731 ) ;
#3022 = VERTEX_POINT ( 'NONE', #5321 ) ;
#3023 = CARTESIAN_POINT ( 'NONE',  ( -248.4999999999997726, -1.387778780781445676E-14, -9.000000000000119016 ) ) ;
#3024 = DIRECTION ( 'NONE',  ( 1.000000000000000000, 0.000000000000000000, 0.000000000000000000 ) ) ;
#3025 = ORIENTED_EDGE ( 'NONE', *, *, #3661, .T. ) ;
#3026 = FACE_BOUND ( 'NONE', #6606, .T. ) ;
#3027 = LINE ( 'NONE', #3139, #5418 ) ;
#3028 = ORIENTED_EDGE ( 'NONE', *, *, #4991, .F. ) ;
#3029 = EDGE_CURVE ( 'NONE', #1065, #2842, #5259, .T. ) ;
#3030 = CARTESIAN_POINT ( 'NONE',  ( 917.4999999999986358, 27.99999999999980105, 18.00000000000000000 ) ) ;
#3031 = DIRECTION ( 'NONE',  ( 1.000000000000000000, 0.000000000000000000, 0.000000000000000000 ) ) ;
#3032 = CARTESIAN_POINT ( 'NONE',  ( 0.000000000000000000, 80.00000000000000000, 0.000000000000000000 ) ) ;
#3033 = VECTOR ( 'NONE', #3806, 1000.000000000000000 ) ;
#3034 = ORIENTED_EDGE ( 'NONE', *, *, #5035, .F. ) ;
#3035 = ORIENTED_EDGE ( 'NONE', *, *, #5926, .T. ) ;
#3036 = PRODUCT_CONTEXT ( 'NONE', #5110, 'mechanical' ) ;
#3037 = CIRCLE ( 'NONE', #5970, 2.500000000000002220 ) ;
#3038 = AXIS2_PLACEMENT_3D ( 'NONE', #1361, #2957, #281 ) ;
#3039 = EDGE_LOOP ( 'NONE', ( #6671, #6091 ) ) ;
#3040 = CARTESIAN_POINT ( 'NONE',  ( 144.9999999999999147, 730.0000000000000000, 15.49999999999998934 ) ) ;
#3041 = FACE_OUTER_BOUND ( 'NONE', #6330, .T. ) ;
#3042 = DIRECTION ( 'NONE',  ( -1.000000000000000000, 0.000000000000000000, -0.000000000000000000 ) ) ;
#3043 = CARTESIAN_POINT ( 'NONE',  ( 1100.000000000000000, 0.000000000000000000, 18.00000000000000000 ) ) ;
#3044 = CARTESIAN_POINT ( 'NONE',  ( -208.5000000000001990, 19.99999999999999645, 9.000000000000119016 ) ) ;
#3045 = DIRECTION ( 'NONE',  ( -0.000000000000000000, -0.000000000000000000, -1.000000000000000000 ) ) ;
#3046 = VECTOR ( 'NONE', #4421, 1000.000000000000000 ) ;
#3047 = DIRECTION ( 'NONE',  ( -1.000000000000000000, 0.000000000000000000, 0.000000000000000000 ) ) ;
#3048 = CYLINDRICAL_SURFACE ( 'NONE', #3310, 3.000000000000002665 ) ;
#3049 = PRESENTATION_LAYER_ASSIGNMENT (  '', '', ( #5380 ) ) ;
#3050 = LINE ( 'NONE', #1268, #3572 ) ;
#3051 = FACE_OUTER_BOUND ( 'NONE', #4891, .T. ) ;
#3052 = DIRECTION ( 'NONE',  ( -1.899384981211278352E-46, 0.000000000000000000, 1.000000000000000000 ) ) ;
#3053 = EDGE_CURVE ( 'NONE', #4896, #1567, #1159, .T. ) ;
#3054 = SURFACE_STYLE_FILL_AREA ( #5766 ) ;
#3055 = AXIS2_PLACEMENT_3D ( 'NONE', #3043, #6240, #3016 ) ;
#3056 = DIRECTION ( 'NONE',  ( 0.000000000000000000, 0.000000000000000000, 1.000000000000000000 ) ) ;
#3057 = CARTESIAN_POINT ( 'NONE',  ( 1027.499999999998636, 414.0000000000002274, 0.000000000000000000 ) ) ;
#3058 = AXIS2_PLACEMENT_3D ( 'NONE', #3423, #2350, #171 ) ;
#3059 = CARTESIAN_POINT ( 'NONE',  ( 67.50000000000133582, 414.0000000000000568, 0.000000000000000000 ) ) ;
#3060 = LINE ( 'NONE', #122, #2291 ) ;
#3061 = VECTOR ( 'NONE', #3079, 1000.000000000000000 ) ;
#3062 = DIRECTION ( 'NONE',  ( 0.000000000000000000, 0.000000000000000000, -1.000000000000000000 ) ) ;
#3063 = DIRECTION ( 'NONE',  ( -0.000000000000000000, -0.000000000000000000, -1.000000000000000000 ) ) ;
#3064 = EDGE_CURVE ( 'NONE', #2854, #4827, #2016, .T. ) ;
#3065 = CARTESIAN_POINT ( 'NONE',  ( 919.9999999999986358, 59.99999999999982947, 0.000000000000000000 ) ) ;
#3066 = EDGE_CURVE ( 'NONE', #5395, #6686, #1500, .T. ) ;
#3067 = DIRECTION ( 'NONE',  ( 0.000000000000000000, 0.000000000000000000, 1.000000000000000000 ) ) ;
#3068 = ADVANCED_FACE ( 'NONE', ( #2351 ), #6536, .F. ) ;
#3069 = AXIS2_PLACEMENT_3D ( 'NONE', #5646, #2409, #6208 ) ;
#3070 = CIRCLE ( 'NONE', #6254, 2.499999999999946709 ) ;
#3071 = CARTESIAN_POINT ( 'NONE',  ( 1029.999999999998636, 382.0000000000000568, 18.00000000000000000 ) ) ;
#3072 = CARTESIAN_POINT ( 'NONE',  ( 183.0000000000014495, 59.99999999999982947, 0.000000000000000000 ) ) ;
#3073 = CARTESIAN_POINT ( 'NONE',  ( 45.00000000000014921, 109.9999999999999858, 1.387778780781445676E-14 ) ) ;
#3074 = ORIENTED_EDGE ( 'NONE', *, *, #5524, .F. ) ;
#3075 = AXIS2_PLACEMENT_3D ( 'NONE', #2391, #5589, #1780 ) ;
#3076 = ITEM_DEFINED_TRANSFORMATION ( 'NONE', 'NONE', #3075,  #1321 ) ;
#3077 = CARTESIAN_POINT ( 'NONE',  ( 791.9999999999987494, 59.99999999999982947, 18.00000000000000000 ) ) ;
#3078 = ORIENTED_EDGE ( 'NONE', *, *, #408, .F. ) ;
#3079 = DIRECTION ( 'NONE',  ( 4.318084277547222313E-78, 1.000000000000000000, 2.255519665188393748E-46 ) ) ;
#3080 = ORIENTED_EDGE ( 'NONE', *, *, #1653, .F. ) ;
#3081 = ORIENTED_EDGE ( 'NONE', *, *, #3974, .T. ) ;
#3082 = VERTEX_POINT ( 'NONE', #5809 ) ;
#3083 = ORIENTED_EDGE ( 'NONE', *, *, #45, .F. ) ;
#3084 = PLANE ( 'NONE',  #5873 ) ;
#3085 = AXIS2_PLACEMENT_3D ( 'NONE', #4782, #1525, #377 ) ;
#3086 = ORIENTED_EDGE ( 'NONE', *, *, #2544, .T. ) ;
#3087 = CARTESIAN_POINT ( 'NONE',  ( 177.5000000000015064, 652.0000000000002274, 0.000000000000000000 ) ) ;
#3088 = EDGE_LOOP ( 'NONE', ( #2174, #2066 ) ) ;
#3089 = EDGE_CURVE ( 'NONE', #1557, #6102, #2262, .T. ) ;
#3090 = PLANE ( 'NONE',  #3085 ) ;
#3091 = VERTEX_POINT ( 'NONE', #968 ) ;
#3092 = EDGE_CURVE ( 'NONE', #4639, #2053, #4912, .T. ) ;
#3093 = VERTEX_POINT ( 'NONE', #3072 ) ;
#3094 = CIRCLE ( 'NONE', #5739, 2.999999999999993783 ) ;
#3095 = CARTESIAN_POINT ( 'NONE',  ( 45.99999999999998579, 640.0000000000000000, 18.00000000000000000 ) ) ;
#3096 = DIRECTION ( 'NONE',  ( 0.1713727001804919992, 0.9852062716166839484, 0.000000000000000000 ) ) ;
#3097 = ORIENTED_EDGE ( 'NONE', *, *, #1682, .T. ) ;
#3098 = DIRECTION ( 'NONE',  ( 0.000000000000000000, 0.000000000000000000, 1.000000000000000000 ) ) ;
#3099 = ADVANCED_FACE ( 'NONE', ( #1335 ), #2780, .F. ) ;
#3100 = VERTEX_POINT ( 'NONE', #1506 ) ;
#3101 = ORIENTED_EDGE ( 'NONE', *, *, #5106, .F. ) ;
#3102 = FACE_OUTER_BOUND ( 'NONE', #2670, .T. ) ;
#3103 = ORIENTED_EDGE ( 'NONE', *, *, #3334, .T. ) ;
#3104 = CARTESIAN_POINT ( 'NONE',  ( 1029.999999999998636, 382.0000000000000568, 18.00000000000000000 ) ) ;
#3105 = CARTESIAN_POINT ( 'NONE',  ( 1029.999999999998408, 414.0000000000002274, 0.000000000000000000 ) ) ;
#3106 = EDGE_CURVE ( 'NONE', #5670, #848, #6373, .T. ) ;
#3107 = ORIENTED_EDGE ( 'NONE', *, *, #6433, .F. ) ;
#3108 = CARTESIAN_POINT ( 'NONE',  ( 1064.757359312880908, 663.2426406871178415, 11.99999999999999822 ) ) ;
#3109 = ORIENTED_EDGE ( 'NONE', *, *, #6805, .F. ) ;
#3110 = LINE ( 'NONE', #817, #4822 ) ;
#3111 = LINE ( 'NONE', #4625, #4391 ) ;
#3112 = AXIS2_PLACEMENT_3D ( 'NONE', #4345, #6515, #2168 ) ;
#3113 = ORIENTED_EDGE ( 'NONE', *, *, #2129, .T. ) ;
#3114 = CARTESIAN_POINT ( 'NONE',  ( -266.5000000000000568, 79.99999999999998579, -9.000000000000119016 ) ) ;
#3115 = CARTESIAN_POINT ( 'NONE',  ( 0.000000000000000000, 50.00000000000004263, 15.00000000000000000 ) ) ;
#3116 = CIRCLE ( 'NONE', #4384, 3.000000000000002665 ) ;
#3117 = ORIENTED_EDGE ( 'NONE', *, *, #2637, .T. ) ;
#3118 = EDGE_CURVE ( 'NONE', #6489, #6452, #3292, .T. ) ;
#3119 = CARTESIAN_POINT ( 'NONE',  ( 1064.757359312880908, 663.2426406871178415, 11.99999999999999822 ) ) ;
#3120 = CIRCLE ( 'NONE', #2358, 2.999999999999995559 ) ;
#3121 = CARTESIAN_POINT ( 'NONE',  ( 794.9999999999987494, 59.99999999999982947, 0.000000000000000000 ) ) ;
#3122 = DIRECTION ( 'NONE',  ( -0.000000000000000000, -0.000000000000000000, -1.000000000000000000 ) ) ;
#3123 = CARTESIAN_POINT ( 'NONE',  ( 988.7573593128805669, 92.75735931288596703, 18.00000000000000000 ) ) ;
#3124 = FACE_OUTER_BOUND ( 'NONE', #5577, .T. ) ;
#3125 = EDGE_LOOP ( 'NONE', ( #4103, #1119, #5682, #2098 ) ) ;
#3126 = VECTOR ( 'NONE', #1093, 1000.000000000000000 ) ;
#3127 = DIRECTION ( 'NONE',  ( 0.000000000000000000, 0.000000000000000000, -1.000000000000000000 ) ) ;
#3128 = DIRECTION ( 'NONE',  ( 1.000000000000000000, 0.000000000000000000, 0.000000000000000000 ) ) ;
#3129 = VECTOR ( 'NONE', #6062, 1000.000000000000000 ) ;
#3130 = LINE ( 'NONE', #3123, #4414 ) ;
#3131 = CARTESIAN_POINT ( 'NONE',  ( 1019.129942314910522, 613.1299423149123413, 0.000000000000000000 ) ) ;
#3132 = DIRECTION ( 'NONE',  ( 0.000000000000000000, 0.000000000000000000, 1.000000000000000000 ) ) ;
#3133 = EDGE_CURVE ( 'NONE', #3347, #6340, #1254, .T. ) ;
#3134 = FACE_OUTER_BOUND ( 'NONE', #5912, .T. ) ;
#3135 = CARTESIAN_POINT ( 'NONE',  ( 85.35474517436360031, 730.0000000000000000, 11.25671599810842061 ) ) ;
#3136 = ADVANCED_FACE ( 'NONE', ( #544 ), #3631, .F. ) ;
#3137 = LINE ( 'NONE', #5169, #59 ) ;
#3138 = EDGE_CURVE ( 'NONE', #512, #3834, #1853, .T. ) ;
#3139 = CARTESIAN_POINT ( 'NONE',  ( 26.75735931288094349, 654.7573593128790890, 11.99999999999999822 ) ) ;
#3140 = STYLED_ITEM ( 'NONE', ( #1979 ), #3426 ) ;
#3141 = CARTESIAN_POINT ( 'NONE',  ( 111.2426406871190352, 587.2426406871243216, 11.99999999999999822 ) ) ;
#3142 = DIRECTION ( 'NONE',  ( 4.318084277547222313E-78, 1.000000000000000000, 2.255519665188393748E-46 ) ) ;
#3143 = CIRCLE ( 'NONE', #5309, 3.000000000000002665 ) ;
#3144 = CIRCLE ( 'NONE', #5257, 4.000000000000003553 ) ;
#3145 = CARTESIAN_POINT ( 'NONE',  ( 1023.129942314910522, 613.1299423149123413, 18.00000000000000000 ) ) ;
#3146 = FILL_AREA_STYLE_COLOUR ( '', #4226 ) ;
#3147 = CIRCLE ( 'NONE', #492, 4.000000000000003553 ) ;
#3148 = VERTEX_POINT ( 'NONE', #7020 ) ;
#3149 = DIRECTION ( 'NONE',  ( -0.1156569635167078447, -0.9932892160846682472, 0.000000000000000000 ) ) ;
#3150 = DIRECTION ( 'NONE',  ( 0.1713727001804919992, 0.9852062716166839484, -0.000000000000000000 ) ) ;
#3151 = DIRECTION ( 'NONE',  ( 0.000000000000000000, -0.000000000000000000, 1.000000000000000000 ) ) ;
#3152 = ORIENTED_EDGE ( 'NONE', *, *, #6171, .F. ) ;
#3153 = EDGE_CURVE ( 'NONE', #2854, #969, #1781, .T. ) ;
#3154 = EDGE_CURVE ( 'NONE', #1562, #3703, #6620, .T. ) ;
#3155 = ADVANCED_FACE ( 'NONE', ( #2697 ), #5842, .F. ) ;
#3156 = CARTESIAN_POINT ( 'NONE',  ( 184.6423443838057210, 730.0000000000000000, 19.74328400189157051 ) ) ;
#3157 = ORIENTED_EDGE ( 'NONE', *, *, #2749, .T. ) ;
#3158 = CARTESIAN_POINT ( 'NONE',  ( 919.9999999999986358, 27.99999999999980105, 0.000000000000000000 ) ) ;
#3159 = DIRECTION ( 'NONE',  ( 0.000000000000000000, -1.000000000000000000, 0.000000000000000000 ) ) ;
#3160 = ORIENTED_EDGE ( 'NONE', *, *, #4392, .F. ) ;
#3161 = DIRECTION ( 'NONE',  ( -4.318084277547222313E-78, -1.000000000000000000, -2.255519665188393748E-46 ) ) ;
#3162 = PRODUCT_DEFINITION_FORMATION_WITH_SPECIFIED_SOURCE ( 'ANY', '', #6950, .NOT_KNOWN. ) ;
#3163 = ORIENTED_EDGE ( 'NONE', *, *, #4497, .T. ) ;
#3164 = SURFACE_STYLE_FILL_AREA ( #4992 ) ;
#3165 = ORIENTED_EDGE ( 'NONE', *, *, #3842, .T. ) ;
#3166 = CARTESIAN_POINT ( 'NONE',  ( 1052.500000000000000, 103.9999999999998721, 18.00000000000000000 ) ) ;
#3167 = ORIENTED_EDGE ( 'NONE', *, *, #5438, .T. ) ;
#3168 = DIRECTION ( 'NONE',  ( 0.000000000000000000, 0.000000000000000000, 1.000000000000000000 ) ) ;
#3169 = DIRECTION ( 'NONE',  ( 1.000000000000000000, 0.000000000000000000, 0.000000000000000000 ) ) ;
#3170 = ORIENTED_EDGE ( 'NONE', *, *, #4435, .F. ) ;
#3171 = CARTESIAN_POINT ( 'NONE',  ( 305.0000000000014211, 620.0000000000002274, 18.00000000000000000 ) ) ;
#3172 = ORIENTED_EDGE ( 'NONE', *, *, #1524, .T. ) ;
#3173 = VECTOR ( 'NONE', #6146, 1000.000000000000000 ) ;
#3174 = DIRECTION ( 'NONE',  ( 0.000000000000000000, 0.000000000000000000, 1.000000000000000000 ) ) ;
#3175 = ORIENTED_EDGE ( 'NONE', *, *, #1161, .F. ) ;
#3176 = AXIS2_PLACEMENT_3D ( 'NONE', #401, #4855, #4762 ) ;
#3177 = ORIENTED_EDGE ( 'NONE', *, *, #1412, .F. ) ;
#3178 = CARTESIAN_POINT ( 'NONE',  ( 183.9395984443614793, 730.0000000000000000, 21.50000000000000000 ) ) ;
#3179 = EDGE_LOOP ( 'NONE', ( #4919, #4056, #2344, #1398 ) ) ;
#3180 = VERTEX_POINT ( 'NONE', #1035 ) ;
#3181 = CIRCLE ( 'NONE', #4869, 3.000000000000002665 ) ;
#3182 = EDGE_LOOP ( 'NONE', ( #6999, #1821 ) ) ;
#3183 = EDGE_CURVE ( 'NONE', #366, #5305, #6797, .T. ) ;
#3184 = CARTESIAN_POINT ( 'NONE',  ( 794.9999999999987494, 620.0000000000002274, 18.00000000000000000 ) ) ;
#3185 = CARTESIAN_POINT ( 'NONE',  ( -208.5000000000001990, 19.99999999999999645, -8.999999999999896971 ) ) ;
#3186 = DIRECTION ( 'NONE',  ( 0.000000000000000000, 1.000000000000000000, -0.000000000000000000 ) ) ;
#3187 = ORIENTED_EDGE ( 'NONE', *, *, #6479, .T. ) ;
#3188 = EDGE_CURVE ( 'NONE', #1, #4268, #6951, .T. ) ;
#3189 = EDGE_LOOP ( 'NONE', ( #6350, #4977, #2076, #3273 ) ) ;
#3190 = DIRECTION ( 'NONE',  ( 0.7071067811865164865, -0.7071067811865785480, 0.000000000000000000 ) ) ;
#3191 = FACE_BOUND ( 'NONE', #3345, .T. ) ;
#3192 = VERTEX_POINT ( 'NONE', #3261 ) ;
#3193 = VECTOR ( 'NONE', #5948, 1000.000000000000000 ) ;
#3194 = ORIENTED_EDGE ( 'NONE', *, *, #516, .T. ) ;
#3195 = MECHANICAL_DESIGN_GEOMETRIC_PRESENTATION_REPRESENTATION (  '', ( #5299 ), #3919 ) ;
#3196 = DIRECTION ( 'NONE',  ( -0.7071067811865179298, -0.7071067811865771047, 0.000000000000000000 ) ) ;
#3197 = LINE ( 'NONE', #2072, #627 ) ;
#3198 = VERTEX_POINT ( 'NONE', #4311 ) ;
#3199 = DIRECTION ( 'NONE',  ( -0.000000000000000000, -0.000000000000000000, -1.000000000000000000 ) ) ;
#3200 = CIRCLE ( 'NONE', #5557, 2.999999999999891642 ) ;
#3201 = DIRECTION ( 'NONE',  ( -1.000000000000000000, 0.000000000000000000, 0.000000000000000000 ) ) ;
#3202 = EDGE_CURVE ( 'NONE', #4379, #5034, #4576, .T. ) ;
#3203 = ORIENTED_EDGE ( 'NONE', *, *, #1161, .T. ) ;
#3204 = DIRECTION ( 'NONE',  ( 0.000000000000000000, 0.000000000000000000, 1.000000000000000000 ) ) ;
#3205 = CARTESIAN_POINT ( 'NONE',  ( 404.4999999999999432, 20.00000000000000355, 9.000000000000007105 ) ) ;
#3206 = AXIS2_PLACEMENT_3D ( 'NONE', #7003, #3222, #4747 ) ;
#3207 = CIRCLE ( 'NONE', #2184, 3.000000000000002665 ) ;
#3208 = AXIS2_PLACEMENT_3D ( 'NONE', #6174, #650, #2299 ) ;
#3209 = EDGE_CURVE ( 'NONE', #4268, #6249, #1671, .T. ) ;
#3210 = EDGE_LOOP ( 'NONE', ( #1144, #859, #6611, #2085 ) ) ;
#3211 = LINE ( 'NONE', #1264, #47 ) ;
#3212 = ADVANCED_BREP_SHAPE_REPRESENTATION ( '', ( #2687, #1321 ), #1825 ) ;
#3213 = CARTESIAN_POINT ( 'NONE',  ( 276.0000000000014779, 59.99999999999982947, 0.000000000000000000 ) ) ;
#3214 = DIRECTION ( 'NONE',  ( 0.000000000000000000, 0.000000000000000000, 1.000000000000000000 ) ) ;
#3215 = DIRECTION ( 'NONE',  ( -0.000000000000000000, -0.000000000000000000, -1.000000000000000000 ) ) ;
#3216 = DIRECTION ( 'NONE',  ( 0.000000000000000000, 0.000000000000000000, 1.000000000000000000 ) ) ;
#3217 = CYLINDRICAL_SURFACE ( 'NONE', #2324, 2.499999999999946709 ) ;
#3218 = VECTOR ( 'NONE', #5458, 999.9999999999998863 ) ;
#3219 = DIRECTION ( 'NONE',  ( 4.318084277547222313E-78, 1.000000000000000000, 2.255519665188393748E-46 ) ) ;
#3220 = CARTESIAN_POINT ( 'NONE',  ( -170.0000000000000853, 80.00000000000000000, -3.000000000000216716 ) ) ;
#3221 = VECTOR ( 'NONE', #412, 1000.000000000000000 ) ;
#3222 = DIRECTION ( 'NONE',  ( -0.000000000000000000, -0.000000000000000000, -1.000000000000000000 ) ) ;
#3223 = CARTESIAN_POINT ( 'NONE',  ( 1047.500000000000000, 103.9999999999998721, 0.000000000000000000 ) ) ;
#3224 = CARTESIAN_POINT ( 'NONE',  ( 1029.999999999998636, 169.9999999999999432, 18.00000000000000000 ) ) ;
#3225 = AXIS2_PLACEMENT_3D ( 'NONE', #3672, #359, #2486 ) ;
#3226 = CIRCLE ( 'NONE', #4165, 2.999999999999996003 ) ;
#3227 = VECTOR ( 'NONE', #4327, 1000.000000000000000 ) ;
#3228 = FILL_AREA_STYLE_COLOUR ( '', #4106 ) ;
#3229 = CARTESIAN_POINT ( 'NONE',  ( 42.00000000000009237, 54.99999999999999289, -3.000000000000231815 ) ) ;
#3230 = EDGE_CURVE ( 'NONE', #2673, #6512, #2441, .T. ) ;
#3231 = CARTESIAN_POINT ( 'NONE',  ( 0.000000000000000000, 5.999999999999998224, 170.0000000000000568 ) ) ;
#3232 = FACE_OUTER_BOUND ( 'NONE', #4053, .T. ) ;
#3233 = CIRCLE ( 'NONE', #6720, 3.000000000000002665 ) ;
#3234 = EDGE_CURVE ( 'NONE', #6503, #3009, #2776, .T. ) ;
#3235 = DIRECTION ( 'NONE',  ( 1.000000000000000000, 0.000000000000000000, 0.000000000000000000 ) ) ;
#3236 = DIRECTION ( 'NONE',  ( 0.000000000000000000, 0.000000000000000000, 1.000000000000000000 ) ) ;
#3237 = ORIENTED_EDGE ( 'NONE', *, *, #3819, .F. ) ;
#3238 = DIRECTION ( 'NONE',  ( 1.000000000000000000, 0.000000000000000000, 0.000000000000000000 ) ) ;
#3239 = CARTESIAN_POINT ( 'NONE',  ( 1023.129942314910522, 66.87005768508768710, 11.99999999999999822 ) ) ;
#3240 = LINE ( 'NONE', #5376, #5960 ) ;
#3241 = EDGE_LOOP ( 'NONE', ( #3436, #5908 ) ) ;
#3242 = EDGE_CURVE ( 'NONE', #3640, #4110, #3714, .T. ) ;
#3243 = SURFACE_STYLE_USAGE ( .BOTH. , #3786 ) ;
#3244 = AXIS2_PLACEMENT_3D ( 'NONE', #4727, #4267, #6358 ) ;
#3245 = ORIENTED_EDGE ( 'NONE', *, *, #2408, .T. ) ;
#3246 = DIRECTION ( 'NONE',  ( 0.7071067811865171526, 0.7071067811865778818, -0.000000000000000000 ) ) ;
#3247 = DIRECTION ( 'NONE',  ( 1.000000000000000000, 0.000000000000000000, 0.000000000000000000 ) ) ;
#3248 = AXIS2_PLACEMENT_3D ( 'NONE', #6984, #391, #5818 ) ;
#3249 = DIRECTION ( 'NONE',  ( -0.000000000000000000, -0.000000000000000000, -1.000000000000000000 ) ) ;
#3250 = DIRECTION ( 'NONE',  ( 1.000000000000000000, 0.000000000000000000, 0.000000000000000000 ) ) ;
#3251 = CARTESIAN_POINT ( 'NONE',  ( 107.0000000000000000, 97.00000000000497380, 11.99999999999999822 ) ) ;
#3252 = ORIENTED_EDGE ( 'NONE', *, *, #4786, .T. ) ;
#3253 = EDGE_CURVE ( 'NONE', #6064, #4291, #3116, .T. ) ;
#3254 = ORIENTED_EDGE ( 'NONE', *, *, #5126, .F. ) ;
#3255 = DIRECTION ( 'NONE',  ( -1.000000000000000000, 0.000000000000000000, 1.899384981211278352E-46 ) ) ;
#3256 = CARTESIAN_POINT ( 'NONE',  ( 826.4999999999986358, 620.0000000000003411, 18.00000000000000000 ) ) ;
#3257 = VERTEX_POINT ( 'NONE', #5434 ) ;
#3258 = VERTEX_POINT ( 'NONE', #5964 ) ;
#3259 = ORIENTED_EDGE ( 'NONE', *, *, #3188, .F. ) ;
#3260 = DIRECTION ( 'NONE',  ( 0.000000000000000000, 0.000000000000000000, 1.000000000000000000 ) ) ;
#3261 = CARTESIAN_POINT ( 'NONE',  ( 168.9050319128784849, 725.0000000000000000, 31.00000000000000000 ) ) ;
#3262 = ORIENTED_EDGE ( 'NONE', *, *, #3923, .F. ) ;
#3263 = ORIENTED_EDGE ( 'NONE', *, *, #7015, .F. ) ;
#3264 = EDGE_LOOP ( 'NONE', ( #4286, #172, #2737, #4101 ) ) ;
#3265 = CARTESIAN_POINT ( 'NONE',  ( -600.0000000000001137, 18.00000000000000000, 400.0000000000001705 ) ) ;
#3266 = EDGE_LOOP ( 'NONE', ( #1904, #1216, #4964, #2407 ) ) ;
#3267 = ORIENTED_EDGE ( 'NONE', *, *, #4305, .T. ) ;
#3268 = CARTESIAN_POINT ( 'NONE',  ( 1027.129942314910522, 613.1299423149123413, 0.000000000000000000 ) ) ;
#3269 = EDGE_LOOP ( 'NONE', ( #5583, #1507, #2221, #3676 ) ) ;
#3270 = CARTESIAN_POINT ( 'NONE',  ( 1032.999999999998636, 382.0000000000000568, 18.00000000000000000 ) ) ;
#3271 = CARTESIAN_POINT ( 'NONE',  ( 1032.499999999998408, 265.9999999999998295, 18.00000000000000000 ) ) ;
#3272 = CARTESIAN_POINT ( 'NONE',  ( 76.87005768508983294, 613.1299423149124550, 0.000000000000000000 ) ) ;
#3273 = ORIENTED_EDGE ( 'NONE', *, *, #4755, .F. ) ;
#3274 = EDGE_LOOP ( 'NONE', ( #6780, #5350 ) ) ;
#3275 = DIRECTION ( 'NONE',  ( 0.000000000000000000, 0.000000000000000000, 1.000000000000000000 ) ) ;
#3276 = EDGE_CURVE ( 'NONE', #2323, #944, #3521, .T. ) ;
#3277 = VERTEX_POINT ( 'NONE', #2881 ) ;
#3278 = CYLINDRICAL_SURFACE ( 'NONE', #749, 2.499999999999946709 ) ;
#3279 = VERTEX_POINT ( 'NONE', #2922 ) ;
#3280 =( GEOMETRIC_REPRESENTATION_CONTEXT ( 3 ) GLOBAL_UNCERTAINTY_ASSIGNED_CONTEXT ( ( #4450 ) ) GLOBAL_UNIT_ASSIGNED_CONTEXT ( ( #3307, #543, #607 ) ) REPRESENTATION_CONTEXT ( 'NONE', 'WORKASPACE' ) );
#3281 = ORIENTED_EDGE ( 'NONE', *, *, #4692, .F. ) ;
#3282 = DIRECTION ( 'NONE',  ( 0.000000000000000000, -1.000000000000000000, 0.000000000000000000 ) ) ;
#3283 = ORIENTED_EDGE ( 'NONE', *, *, #6368, .F. ) ;
#3284 = VECTOR ( 'NONE', #5030, 1000.000000000000000 ) ;
#3285 = ORIENTED_EDGE ( 'NONE', *, *, #2505, .F. ) ;
#3286 = DIRECTION ( 'NONE',  ( -0.000000000000000000, -0.000000000000000000, 1.000000000000000000 ) ) ;
#3287 = VECTOR ( 'NONE', #1746, 1000.000000000000000 ) ;
#3288 = EDGE_LOOP ( 'NONE', ( #2064, #4408 ) ) ;
#3289 = AXIS2_PLACEMENT_3D ( 'NONE', #3520, #6333, #5212 ) ;
#3290 = PLANE ( 'NONE',  #6450 ) ;
#3291 = CARTESIAN_POINT ( 'NONE',  ( 102.7573593128805811, 101.2426406871240374, 11.99999999999999822 ) ) ;
#3292 = CIRCLE ( 'NONE', #4845, 5.999999999999950262 ) ;
#3293 = ORIENTED_EDGE ( 'NONE', *, *, #6547, .T. ) ;
#3294 = FACE_OUTER_BOUND ( 'NONE', #4471, .T. ) ;
#3295 = AXIS2_PLACEMENT_3D ( 'NONE', #6482, #1545, #4840 ) ;
#3296 = DIRECTION ( 'NONE',  ( -1.000000000000000000, 0.000000000000000000, 0.000000000000000000 ) ) ;
#3297 = CARTESIAN_POINT ( 'NONE',  ( 144.9999999999999147, 730.0000000000000000, 15.49999999999998934 ) ) ;
#3298 = ADVANCED_FACE ( 'NONE', ( #1585 ), #4223, .F. ) ;
#3299 = DIRECTION ( 'NONE',  ( 1.000000000000000000, 0.000000000000000000, 0.000000000000000000 ) ) ;
#3300 = CARTESIAN_POINT ( 'NONE',  ( -242.0000000000000000, 55.00000000000000000, 2.999999999999994671 ) ) ;
#3301 = EDGE_CURVE ( 'NONE', #3258, #4374, #2526, .T. ) ;
#3302 = CIRCLE ( 'NONE', #1463, 2.500000000000002220 ) ;
#3303 = CARTESIAN_POINT ( 'NONE',  ( 50.00000000000000000, 640.0000000000000000, 18.00000000000000000 ) ) ;
#3304 = ORIENTED_EDGE ( 'NONE', *, *, #404, .F. ) ;
#3305 = EDGE_CURVE ( 'NONE', #27, #3365, #6708, .T. ) ;
#3306 = CIRCLE ( 'NONE', #1976, 3.000000000000002665 ) ;
#3307 =( LENGTH_UNIT ( ) NAMED_UNIT ( * ) SI_UNIT ( .MILLI., .METRE. ) );
#3308 = CARTESIAN_POINT ( 'NONE',  ( 1046.000000000000000, 40.00000000000003553, 0.000000000000000000 ) ) ;
#3309 = AXIS2_PLACEMENT_3D ( 'NONE', #186, #6843, #1873 ) ;
#3310 = AXIS2_PLACEMENT_3D ( 'NONE', #5103, #4526, #3386 ) ;
#3311 = DIRECTION ( 'NONE',  ( -0.000000000000000000, -0.000000000000000000, -1.000000000000000000 ) ) ;
#3312 = LINE ( 'NONE', #2440, #6035 ) ;
#3313 = ORIENTED_EDGE ( 'NONE', *, *, #2148, .T. ) ;
#3314 = PRODUCT_DEFINITION_FORMATION_WITH_SPECIFIED_SOURCE ( 'ANY', '', #4902, .NOT_KNOWN. ) ;
#3315 = FACE_OUTER_BOUND ( 'NONE', #88, .T. ) ;
#3316 = VECTOR ( 'NONE', #2424, 1000.000000000000227 ) ;
#3317 = DIRECTION ( 'NONE',  ( 0.000000000000000000, 0.000000000000000000, -1.000000000000000000 ) ) ;
#3318 = VECTOR ( 'NONE', #3149, 1000.000000000000227 ) ;
#3319 = LINE ( 'NONE', #1397, #4687 ) ;
#3320 =( NAMED_UNIT ( * ) PLANE_ANGLE_UNIT ( ) SI_UNIT ( $, .RADIAN. ) );
#3321 = AXIS2_PLACEMENT_3D ( 'NONE', #1190, #1355, #5050 ) ;
#3322 = VERTEX_POINT ( 'NONE', #6700 ) ;
#3323 = CIRCLE ( 'NONE', #3484, 4.000000000000003553 ) ;
#3324 = CYLINDRICAL_SURFACE ( 'NONE', #535, 3.000000000000009770 ) ;
#3325 = EDGE_CURVE ( 'NONE', #532, #3445, #5428, .T. ) ;
#3326 = CARTESIAN_POINT ( 'NONE',  ( 67.00000000000135003, 510.0000000000001137, 0.000000000000000000 ) ) ;
#3327 = AXIS2_PLACEMENT_3D ( 'NONE', #2278, #6667, #6764 ) ;
#3328 = ADVANCED_FACE ( 'NONE', ( #2173 ), #3962, .T. ) ;
#3329 = ORIENTED_EDGE ( 'NONE', *, *, #475, .T. ) ;
#3330 = CARTESIAN_POINT ( 'NONE',  ( 1064.757359312880681, 663.2426406871178415, 18.00000000000000000 ) ) ;
#3331 = CONTEXT_DEPENDENT_SHAPE_REPRESENTATION ( #810, #5521 ) ;
#3332 = CARTESIAN_POINT ( 'NONE',  ( 1047.500000000000000, 103.9999999999998721, 18.00000000000000000 ) ) ;
#3333 = ORIENTED_EDGE ( 'NONE', *, *, #2610, .F. ) ;
#3334 = EDGE_CURVE ( 'NONE', #2165, #3257, #117, .T. ) ;
#3335 = PRESENTATION_STYLE_ASSIGNMENT (( #4419 ) ) ;
#3336 = ORIENTED_EDGE ( 'NONE', *, *, #2382, .F. ) ;
#3337 = CARTESIAN_POINT ( 'NONE',  ( 50.00000000000000000, 640.0000000000000000, 11.99999999999999822 ) ) ;
#3338 = VERTEX_POINT ( 'NONE', #174 ) ;
#3339 = DIRECTION ( 'NONE',  ( 0.000000000000000000, 1.000000000000000000, 0.000000000000000000 ) ) ;
#3340 = AXIS2_PLACEMENT_3D ( 'NONE', #5490, #2212, #2771 ) ;
#3341 = VERTEX_POINT ( 'NONE', #1844 ) ;
#3342 = EDGE_CURVE ( 'NONE', #793, #3682, #805, .T. ) ;
#3343 = PRODUCT_DEFINITION_SHAPE ( 'NONE', 'NONE',  #7077 ) ;
#3344 = COLOUR_RGB ( '',1.000000000000000000, 1.000000000000000000, 1.000000000000000000 ) ;
#3345 = EDGE_LOOP ( 'NONE', ( #4397, #1465 ) ) ;
#3346 = FILL_AREA_STYLE_COLOUR ( '', #2301 ) ;
#3347 = VERTEX_POINT ( 'NONE', #1791 ) ;
#3348 = EDGE_LOOP ( 'NONE', ( #4725, #1986, #2858, #1737 ) ) ;
#3349 = DIRECTION ( 'NONE',  ( 1.000000000000000000, 0.000000000000000000, 0.000000000000000000 ) ) ;
#3350 = CARTESIAN_POINT ( 'NONE',  ( 917.4999999999986358, 27.99999999999980105, 0.000000000000000000 ) ) ;
#3351 = VERTEX_POINT ( 'NONE', #6508 ) ;
#3352 = FACE_OUTER_BOUND ( 'NONE', #1169, .T. ) ;
#3353 = DIRECTION ( 'NONE',  ( -0.000000000000000000, -0.000000000000000000, -1.000000000000000000 ) ) ;
#3354 = DIRECTION ( 'NONE',  ( 0.000000000000000000, 0.000000000000000000, 1.000000000000000000 ) ) ;
#3355 = VERTEX_POINT ( 'NONE', #1038 ) ;
#3356 = EDGE_LOOP ( 'NONE', ( #294, #974 ) ) ;
#3357 = ORIENTED_EDGE ( 'NONE', *, *, #3794, .F. ) ;
#3358 = ADVANCED_FACE ( 'NONE', ( #5927 ), #5084, .F. ) ;
#3359 = CIRCLE ( 'NONE', #988, 3.000000000000002665 ) ;
#3360 = ORIENTED_EDGE ( 'NONE', *, *, #2382, .T. ) ;
#3361 = ORIENTED_EDGE ( 'NONE', *, *, #4119, .T. ) ;
#3362 = ADVANCED_FACE ( 'NONE', ( #1845 ), #6191, .F. ) ;
#3363 = VERTEX_POINT ( 'NONE', #5 ) ;
#3364 = FACE_BOUND ( 'NONE', #3039, .T. ) ;
#3365 = VERTEX_POINT ( 'NONE', #5371 ) ;
#3366 = ORIENTED_EDGE ( 'NONE', *, *, #995, .T. ) ;
#3367 = LINE ( 'NONE', #2095, #375 ) ;
#3368 = CARTESIAN_POINT ( 'NONE',  ( 1023.129942314910522, 66.87005768508768710, 18.00000000000000000 ) ) ;
#3369 = ORIENTED_EDGE ( 'NONE', *, *, #1779, .T. ) ;
#3370 = EDGE_CURVE ( 'NONE', #693, #6526, #4309, .T. ) ;
#3371 =( NAMED_UNIT ( * ) PLANE_ANGLE_UNIT ( ) SI_UNIT ( $, .RADIAN. ) );
#3372 = CARTESIAN_POINT ( 'NONE',  ( 919.9999999999986358, 620.0000000000002274, 18.00000000000000000 ) ) ;
#3373 = EDGE_CURVE ( 'NONE', #512, #597, #1245, .T. ) ;
#3374 = FACE_BOUND ( 'NONE', #4957, .T. ) ;
#3375 = VERTEX_POINT ( 'NONE', #5437 ) ;
#3376 = STYLED_ITEM ( 'NONE', ( #3817 ), #3212 ) ;
#3377 = LINE ( 'NONE', #1145, #6623 ) ;
#3378 = ORIENTED_EDGE ( 'NONE', *, *, #6553, .T. ) ;
#3379 = DIRECTION ( 'NONE',  ( -0.000000000000000000, 1.000000000000000000, -0.000000000000000000 ) ) ;
#3380 = PRODUCT_DEFINITION_CONTEXT ( 'detailed design', #1827, 'design' ) ;
#3381 = CARTESIAN_POINT ( 'NONE',  ( 76.87005768508956294, 66.87005768508768710, 11.99999999999999822 ) ) ;
#3382 = DIRECTION ( 'NONE',  ( -0.000000000000000000, -0.000000000000000000, -1.000000000000000000 ) ) ;
#3383 = ORIENTED_EDGE ( 'NONE', *, *, #932, .F. ) ;
#3384 = LINE ( 'NONE', #2455, #1939 ) ;
#3385 = CARTESIAN_POINT ( 'NONE',  ( 49.99999999999999289, 576.0000000000002274, 18.00000000000000000 ) ) ;
#3386 = DIRECTION ( 'NONE',  ( -1.000000000000000000, 0.000000000000000000, 0.000000000000000000 ) ) ;
#3387 = FACE_OUTER_BOUND ( 'NONE', #77, .T. ) ;
#3388 = AXIS2_PLACEMENT_3D ( 'NONE', #2482, #6823, #3506 ) ;
#3389 = DIRECTION ( 'NONE',  ( 4.318084277547222313E-78, 1.000000000000000000, 2.255519665188393748E-46 ) ) ;
#3390 = FACE_OUTER_BOUND ( 'NONE', #6499, .T. ) ;
#3391 = EDGE_LOOP ( 'NONE', ( #4819, #2146, #6444, #1211 ) ) ;
#3392 = DIRECTION ( 'NONE',  ( -0.000000000000000000, -0.000000000000000000, -1.000000000000000000 ) ) ;
#3393 = EDGE_CURVE ( 'NONE', #5903, #1424, #4488, .T. ) ;
#3394 = FACE_OUTER_BOUND ( 'NONE', #292, .T. ) ;
#3395 = DIRECTION ( 'NONE',  ( 0.000000000000000000, 0.000000000000000000, 1.000000000000000000 ) ) ;
#3396 = COLOUR_RGB ( '',1.000000000000000000, 1.000000000000000000, 1.000000000000000000 ) ;
#3397 = ADVANCED_FACE ( 'NONE', ( #3553 ), #5933, .F. ) ;
#3398 = PLANE ( 'NONE',  #2614 ) ;
#3399 = LINE ( 'NONE', #5913, #1875 ) ;
#3400 = LINE ( 'NONE', #6493, #1443 ) ;
#3401 = DIRECTION ( 'NONE',  ( -1.000000000000000000, 0.000000000000000000, 0.000000000000000000 ) ) ;
#3402 = ADVANCED_FACE ( 'NONE', ( #6445 ), #1579, .F. ) ;
#3403 = DIRECTION ( 'NONE',  ( 0.000000000000000000, 0.000000000000000000, -1.000000000000000000 ) ) ;
#3404 = AXIS2_PLACEMENT_3D ( 'NONE', #1818, #651, #2903 ) ;
#3405 = DIRECTION ( 'NONE',  ( 0.000000000000000000, 0.000000000000000000, 1.000000000000000000 ) ) ;
#3406 = FACE_OUTER_BOUND ( 'NONE', #3269, .T. ) ;
#3407 = DIRECTION ( 'NONE',  ( -1.000000000000000000, 0.000000000000000000, 0.000000000000000000 ) ) ;
#3408 = CARTESIAN_POINT ( 'NONE',  ( -42.00000000000003553, 54.99999999999999289, -2.999999999999994227 ) ) ;
#3409 = COLOUR_RGB ( '',1.000000000000000000, 1.000000000000000000, 1.000000000000000000 ) ;
#3410 = VERTEX_POINT ( 'NONE', #4335 ) ;
#3411 = CARTESIAN_POINT ( 'NONE',  ( -600.0000000000001137, 18.00000000000000000, 400.0000000000001705 ) ) ;
#3412 = CARTESIAN_POINT ( 'NONE',  ( 190.0750793453590006, 730.0000000000000000, 0.000000000000000000 ) ) ;
#3413 = CONTEXT_DEPENDENT_SHAPE_REPRESENTATION ( #1441, #258 ) ;
#3414 = AXIS2_PLACEMENT_3D ( 'NONE', #593, #1166, #4973 ) ;
#3415 = DIRECTION ( 'NONE',  ( 1.000000000000000000, 0.000000000000000000, 0.000000000000000000 ) ) ;
#3416 = ORIENTED_EDGE ( 'NONE', *, *, #4394, .F. ) ;
#3417 = EDGE_CURVE ( 'NONE', #2842, #1065, #6007, .T. ) ;
#3418 = DIRECTION ( 'NONE',  ( 0.000000000000000000, 0.000000000000000000, 1.000000000000000000 ) ) ;
#3419 = CARTESIAN_POINT ( 'NONE',  ( 177.5000000000015064, 27.99999999999980105, 18.00000000000000000 ) ) ;
#3420 = DIRECTION ( 'NONE',  ( -0.000000000000000000, -0.000000000000000000, -1.000000000000000000 ) ) ;
#3421 = DIRECTION ( 'NONE',  ( 1.000000000000000000, 0.000000000000000000, 0.000000000000000000 ) ) ;
#3422 = CARTESIAN_POINT ( 'NONE',  ( 248.0944918928738048, 725.0000000000000000, 31.00000000000000000 ) ) ;
#3423 = CARTESIAN_POINT ( 'NONE',  ( 1050.000000000000000, 40.00000000000003553, 0.000000000000000000 ) ) ;
#3424 = ORIENTED_EDGE ( 'NONE', *, *, #2703, .F. ) ;
#3425 = AXIS2_PLACEMENT_3D ( 'NONE', #3679, #2083, #2022 ) ;
#3426 = ADVANCED_BREP_SHAPE_REPRESENTATION ( '', ( #5314, #6369, #1321 ), #2175 ) ;
#3427 = DIRECTION ( 'NONE',  ( 0.000000000000000000, 0.000000000000000000, 1.000000000000000000 ) ) ;
#3428 = VERTEX_POINT ( 'NONE', #4260 ) ;
#3429 = ADVANCED_FACE ( 'NONE', ( #1495 ), #2688, .F. ) ;
#3430 = VERTEX_POINT ( 'NONE', #5904 ) ;
#3431 = ORIENTED_EDGE ( 'NONE', *, *, #5924, .F. ) ;
#3432 = EDGE_CURVE ( 'NONE', #2130, #106, #5422, .T. ) ;
#3433 = VERTEX_POINT ( 'NONE', #996 ) ;
#3434 = EDGE_CURVE ( 'NONE', #1039, #4, #1928, .T. ) ;
#3435 = DIRECTION ( 'NONE',  ( -1.000000000000000000, 0.000000000000000000, 0.000000000000000000 ) ) ;
#3436 = ORIENTED_EDGE ( 'NONE', *, *, #216, .F. ) ;
#3437 = ADVANCED_FACE ( 'NONE', ( #4140 ), #4567, .F. ) ;
#3438 = AXIS2_PLACEMENT_3D ( 'NONE', #2280, #6025, #2826 ) ;
#3439 = CARTESIAN_POINT ( 'NONE',  ( 52.50000000000001421, 103.9999999999998721, 18.00000000000000000 ) ) ;
#3440 = AXIS2_PLACEMENT_3D ( 'NONE', #6634, #176, #3995 ) ;
#3441 = ORIENTED_EDGE ( 'NONE', *, *, #2528, .F. ) ;
#3442 = ORIENTED_EDGE ( 'NONE', *, *, #729, .F. ) ;
#3443 = VERTEX_POINT ( 'NONE', #2644 ) ;
#3444 = APPLICATION_CONTEXT ( 'automotive_design' ) ;
#3445 = VERTEX_POINT ( 'NONE', #3741 ) ;
#3446 = ORIENTED_EDGE ( 'NONE', *, *, #1183, .T. ) ;
#3447 = DIRECTION ( 'NONE',  ( -0.000000000000000000, -0.000000000000000000, 1.000000000000000000 ) ) ;
#3448 = DIRECTION ( 'NONE',  ( -0.000000000000000000, -0.000000000000000000, -1.000000000000000000 ) ) ;
#3449 = DIRECTION ( 'NONE',  ( 1.000000000000000000, 0.000000000000000000, 0.000000000000000000 ) ) ;
#3450 = ORIENTED_EDGE ( 'NONE', *, *, #560, .F. ) ;
#3451 = ORIENTED_EDGE ( 'NONE', *, *, #1342, .T. ) ;
#3452 = FACE_OUTER_BOUND ( 'NONE', #93, .T. ) ;
#3453 = CARTESIAN_POINT ( 'NONE',  ( -600.0000000000001137, 0.000000000000000000, 400.0000000000001705 ) ) ;
#3454 = ORIENTED_EDGE ( 'NONE', *, *, #3153, .F. ) ;
#3455 = ORIENTED_EDGE ( 'NONE', *, *, #6635, .T. ) ;
#3456 = CARTESIAN_POINT ( 'NONE',  ( 42.79417451143776674, -5.689651003726127526E-17, 0.000000000000000000 ) ) ;
#3457 = VECTOR ( 'NONE', #6879, 1000.000000000000000 ) ;
#3458 = EDGE_LOOP ( 'NONE', ( #1741, #3745, #4979, #3759 ) ) ;
#3459 = LINE ( 'NONE', #4493, #3877 ) ;
#3460 = VERTEX_POINT ( 'NONE', #6127 ) ;
#3461 = AXIS2_PLACEMENT_3D ( 'NONE', #4914, #1644, #4885 ) ;
#3462 = CARTESIAN_POINT ( 'NONE',  ( 106.9999999999999005, 690.0000000000000000, 15.49999999999999112 ) ) ;
#3463 = PLANE ( 'NONE',  #635 ) ;
#3464 = DIRECTION ( 'NONE',  ( 0.000000000000000000, 0.000000000000000000, 1.000000000000000000 ) ) ;
#3465 = VECTOR ( 'NONE', #3581, 1000.000000000000000 ) ;
#3466 = ORIENTED_EDGE ( 'NONE', *, *, #4253, .T. ) ;
#3467 = EDGE_CURVE ( 'NONE', #5154, #5166, #534, .T. ) ;
#3468 = VECTOR ( 'NONE', #5775, 1000.000000000000000 ) ;
#3469 =( NAMED_UNIT ( * ) PLANE_ANGLE_UNIT ( ) SI_UNIT ( $, .RADIAN. ) );
#3470 = EDGE_CURVE ( 'NONE', #6027, #3891, #2862, .T. ) ;
#3471 = ADVANCED_FACE ( 'NONE', ( #460, #5590, #6104 ), #3290, .T. ) ;
#3472 = CIRCLE ( 'NONE', #1931, 2.500000000000002220 ) ;
#3473 = EDGE_LOOP ( 'NONE', ( #1059, #5513, #3625, #6996 ) ) ;
#3474 = CIRCLE ( 'NONE', #6374, 2.999999999999993783 ) ;
#3475 = AXIS2_PLACEMENT_3D ( 'NONE', #62, #7049, #600 ) ;
#3476 = ADVANCED_FACE ( 'NONE', ( #4656 ), #888, .F. ) ;
#3477 = DIRECTION ( 'NONE',  ( 0.7071067811865779928, 0.7071067811865170416, -0.000000000000000000 ) ) ;
#3478 = DIRECTION ( 'NONE',  ( 0.000000000000000000, 0.000000000000000000, 1.000000000000000000 ) ) ;
#3479 = EDGE_CURVE ( 'NONE', #2813, #2421, #301, .T. ) ;
#3480 = VECTOR ( 'NONE', #2857, 1000.000000000000000 ) ;
#3481 = ORIENTED_EDGE ( 'NONE', *, *, #3434, .F. ) ;
#3482 = VECTOR ( 'NONE', #6871, 1000.000000000000000 ) ;
#3483 = DIRECTION ( 'NONE',  ( -1.000000000000000000, 0.000000000000000000, 0.000000000000000000 ) ) ;
#3484 = AXIS2_PLACEMENT_3D ( 'NONE', #1164, #5593, #5526 ) ;
#3485 = AXIS2_PLACEMENT_3D ( 'NONE', #1154, #3928, #1177 ) ;
#3486 = EDGE_CURVE ( 'NONE', #5246, #4383, #4994, .T. ) ;
#3487 = PLANE ( 'NONE',  #2559 ) ;
#3488 = LINE ( 'NONE', #5001, #6215 ) ;
#3489 = LINE ( 'NONE', #7054, #2193 ) ;
#3490 = DIRECTION ( 'NONE',  ( -0.000000000000000000, -0.000000000000000000, 1.000000000000000000 ) ) ;
#3491 = EDGE_CURVE ( 'NONE', #2934, #9, #1064, .T. ) ;
#3492 = DIRECTION ( 'NONE',  ( -4.815513022993924426E-16, -1.000000000000000000, -2.138517373404057871E-31 ) ) ;
#3493 = VECTOR ( 'NONE', #2906, 1000.000000000000000 ) ;
#3494 = LINE ( 'NONE', #1948, #1449 ) ;
#3495 = DIRECTION ( 'NONE',  ( 0.000000000000000000, 0.000000000000000000, -1.000000000000000000 ) ) ;
#3496 = DIRECTION ( 'NONE',  ( -1.000000000000000000, 0.000000000000000000, 0.000000000000000000 ) ) ;
#3497 = CARTESIAN_POINT ( 'NONE',  ( 106.9999999999999005, 730.0000000000000000, 18.49999999999998579 ) ) ;
#3498 = LINE ( 'NONE', #926, #1802 ) ;
#3499 = CYLINDRICAL_SURFACE ( 'NONE', #5481, 2.999999999999994671 ) ;
#3500 = PLANE ( 'NONE',  #7053 ) ;
#3501 = ADVANCED_FACE ( 'NONE', ( #6529 ), #4742, .F. ) ;
#3502 = ORIENTED_EDGE ( 'NONE', *, *, #6412, .T. ) ;
#3503 = EDGE_CURVE ( 'NONE', #5305, #1498, #829, .T. ) ;
#3504 = EDGE_CURVE ( 'NONE', #1256, #4, #3197, .T. ) ;
#3505 = DIRECTION ( 'NONE',  ( -0.000000000000000000, -0.000000000000000000, -1.000000000000000000 ) ) ;
#3506 = DIRECTION ( 'NONE',  ( 1.000000000000000000, 0.000000000000000000, 0.000000000000000000 ) ) ;
#3507 = ADVANCED_FACE ( 'NONE', ( #2520 ), #3787, .F. ) ;
#3508 = EDGE_CURVE ( 'NONE', #945, #4730, #6702, .T. ) ;
#3509 = DIRECTION ( 'NONE',  ( 1.000000000000000000, 0.000000000000000000, 0.000000000000000000 ) ) ;
#3510 = CARTESIAN_POINT ( 'NONE',  ( 919.9999999999986358, 27.99999999999980105, 0.000000000000000000 ) ) ;
#3511 = ORIENTED_EDGE ( 'NONE', *, *, #4352, .T. ) ;
#3512 = AXIS2_PLACEMENT_3D ( 'NONE', #491, #4324, #1584 ) ;
#3513 = ORIENTED_EDGE ( 'NONE', *, *, #6041, .T. ) ;
#3514 = APPLICATION_PROTOCOL_DEFINITION ( 'draft international standard', 'automotive_design', 1998, #2846 ) ;
#3515 = DIRECTION ( 'NONE',  ( 0.7071067811865171526, 0.7071067811865778818, 0.000000000000000000 ) ) ;
#3516 = ORIENTED_EDGE ( 'NONE', *, *, #5199, .T. ) ;
#3517 = VERTEX_POINT ( 'NONE', #3550 ) ;
#3518 = DIRECTION ( 'NONE',  ( -0.000000000000000000, -0.000000000000000000, -1.000000000000000000 ) ) ;
#3519 = PLANE ( 'NONE',  #540 ) ;
#3520 = CARTESIAN_POINT ( 'NONE',  ( 70.00000000000133582, 414.0000000000000568, 18.00000000000000000 ) ) ;
#3521 =( BOUNDED_CURVE ( )  B_SPLINE_CURVE ( 3, ( #4332, #100, #1902, #5285 ),
 .UNSPECIFIED., .F., .F. ) 
 B_SPLINE_CURVE_WITH_KNOTS ( ( 4, 4 ),
 ( 3.141592653589793116, 4.712388980384689674 ),
 .UNSPECIFIED. ) 
 CURVE ( )  GEOMETRIC_REPRESENTATION_ITEM ( )  RATIONAL_B_SPLINE_CURVE ( ( 1.000000000000000000, 0.8047378541243649375, 0.8047378541243649375, 1.000000000000000000 ) ) 
 REPRESENTATION_ITEM ( '' )  );
#3522 = ORIENTED_EDGE ( 'NONE', *, *, #2172, .T. ) ;
#3523 = DIRECTION ( 'NONE',  ( -0.000000000000000000, -0.000000000000000000, -1.000000000000000000 ) ) ;
#3524 = ORIENTED_EDGE ( 'NONE', *, *, #5094, .F. ) ;
#3525 = AXIS2_PLACEMENT_3D ( 'NONE', #6173, #4506, #3994 ) ;
#3526 = ORIENTED_EDGE ( 'NONE', *, *, #475, .F. ) ;
#3527 = CARTESIAN_POINT ( 'NONE',  ( 248.5000000000002274, -1.387778780781445676E-14, -9.000000000000119016 ) ) ;
#3528 = ORIENTED_EDGE ( 'NONE', *, *, #5203, .F. ) ;
#3529 = LINE ( 'NONE', #2297, #194 ) ;
#3530 = ORIENTED_EDGE ( 'NONE', *, *, #4185, .F. ) ;
#3531 = EDGE_CURVE ( 'NONE', #3355, #3884, #3627, .T. ) ;
#3532 = DIRECTION ( 'NONE',  ( -0.7071067811865172636, -0.7071067811865777708, 0.000000000000000000 ) ) ;
#3533 = DIRECTION ( 'NONE',  ( -0.000000000000000000, 2.255519665188392192E-46, 1.000000000000000000 ) ) ;
#3534 = VERTEX_POINT ( 'NONE', #5236 ) ;
#3535 = ORIENTED_EDGE ( 'NONE', *, *, #1201, .F. ) ;
#3536 = CARTESIAN_POINT ( 'NONE',  ( 170.0000000000000853, 80.00000000000000000, 0.000000000000000000 ) ) ;
#3537 = FACE_OUTER_BOUND ( 'NONE', #6524, .T. ) ;
#3538 = DIRECTION ( 'NONE',  ( 0.000000000000000000, 0.000000000000000000, -1.000000000000000000 ) ) ;
#3539 = ORIENTED_EDGE ( 'NONE', *, *, #4753, .F. ) ;
#3540 = ORIENTED_EDGE ( 'NONE', *, *, #2219, .F. ) ;
#3541 = APPLICATION_PROTOCOL_DEFINITION ( 'draft international standard', 'automotive_design', 1998, #4129 ) ;
#3542 = DIRECTION ( 'NONE',  ( 0.9932892160846683582, -0.1156569635167078586, 0.000000000000000000 ) ) ;
#3543 = ADVANCED_FACE ( 'NONE', ( #2343 ), #4904, .F. ) ;
#3544 = ORIENTED_EDGE ( 'NONE', *, *, #2657, .T. ) ;
#3545 = FACE_BOUND ( 'NONE', #4434, .T. ) ;
#3546 = ORIENTED_EDGE ( 'NONE', *, *, #6365, .F. ) ;
#3547 = FACE_BOUND ( 'NONE', #1315, .T. ) ;
#3548 = ORIENTED_EDGE ( 'NONE', *, *, #6985, .T. ) ;
#3549 = DIRECTION ( 'NONE',  ( -0.7071067811865779928, 0.7071067811865171526, -0.000000000000000000 ) ) ;
#3550 = CARTESIAN_POINT ( 'NONE',  ( -242.0000000000000000, 80.00000000000000000, 2.999999999999994671 ) ) ;
#3551 = CARTESIAN_POINT ( 'NONE',  ( 70.00000000000135003, 266.0000000000000000, 0.000000000000000000 ) ) ;
#3552 = DIRECTION ( 'NONE',  ( 0.000000000000000000, 0.000000000000000000, 1.000000000000000000 ) ) ;
#3553 = FACE_OUTER_BOUND ( 'NONE', #1716, .T. ) ;
#3554 = ORIENTED_EDGE ( 'NONE', *, *, #1590, .T. ) ;
#3555 = SURFACE_STYLE_FILL_AREA ( #5373 ) ;
#3556 = ORIENTED_EDGE ( 'NONE', *, *, #780, .T. ) ;
#3557 = DIRECTION ( 'NONE',  ( -0.000000000000000000, -0.000000000000000000, -1.000000000000000000 ) ) ;
#3558 = DIRECTION ( 'NONE',  ( -0.000000000000000000, -0.000000000000000000, -1.000000000000000000 ) ) ;
#3559 = FACE_BOUND ( 'NONE', #6345, .T. ) ;
#3560 = ORIENTED_EDGE ( 'NONE', *, *, #488, .F. ) ;
#3561 = DIRECTION ( 'NONE',  ( -1.261617073437677259E-16, 1.000000000000000000, 0.000000000000000000 ) ) ;
#3562 = AXIS2_PLACEMENT_3D ( 'NONE', #3916, #3286, #4480 ) ;
#3563 = FACE_OUTER_BOUND ( 'NONE', #1661, .T. ) ;
#3564 = DIRECTION ( 'NONE',  ( -0.000000000000000000, -0.000000000000000000, -1.000000000000000000 ) ) ;
#3565 = DIRECTION ( 'NONE',  ( -1.000000000000000000, 0.000000000000000000, 0.000000000000000000 ) ) ;
#3566 = EDGE_CURVE ( 'NONE', #1769, #4477, #6361, .T. ) ;
#3567 = FACE_OUTER_BOUND ( 'NONE', #4131, .T. ) ;
#3568 = VECTOR ( 'NONE', #2283, 1000.000000000000000 ) ;
#3569 = AXIS2_PLACEMENT_3D ( 'NONE', #1108, #54, #3822 ) ;
#3570 = DIRECTION ( 'NONE',  ( 0.000000000000000000, 0.000000000000000000, 1.000000000000000000 ) ) ;
#3571 = CARTESIAN_POINT ( 'NONE',  ( 988.7573593128806806, 587.2426406871244353, 11.99999999999999822 ) ) ;
#3572 = VECTOR ( 'NONE', #5618, 1000.000000000000000 ) ;
#3573 = PRESENTATION_LAYER_ASSIGNMENT (  '', '', ( #5299 ) ) ;
#3574 = SURFACE_STYLE_USAGE ( .BOTH. , #5761 ) ;
#3575 = EDGE_CURVE ( 'NONE', #6067, #631, #2010, .T. ) ;
#3576 = FACE_OUTER_BOUND ( 'NONE', #4299, .T. ) ;
#3577 = AXIS2_PLACEMENT_3D ( 'NONE', #65, #6613, #2702 ) ;
#3578 = AXIS2_PLACEMENT_3D ( 'NONE', #3882, #5511, #554 ) ;
#3579 = EDGE_CURVE ( 'NONE', #1100, #2988, #2164, .T. ) ;
#3580 = CARTESIAN_POINT ( 'NONE',  ( 106.9999999999999005, 690.0000000000000000, 15.49999999999999112 ) ) ;
#3581 = DIRECTION ( 'NONE',  ( 0.7071067811865171526, 0.7071067811865778818, -0.000000000000000000 ) ) ;
#3582 = LINE ( 'NONE', #5756, #6653 ) ;
#3583 = FACE_OUTER_BOUND ( 'NONE', #6351, .T. ) ;
#3584 = CARTESIAN_POINT ( 'NONE',  ( 0.000000000000000000, 680.0000000000000000, 0.000000000000000000 ) ) ;
#3585 =( REPRESENTATION_RELATIONSHIP ('NONE','NONE', #1817, #6549 ) REPRESENTATION_RELATIONSHIP_WITH_TRANSFORMATION ( #1622 )SHAPE_REPRESENTATION_RELATIONSHIP( ) );
#3586 = CARTESIAN_POINT ( 'NONE',  ( 1032.999999999998636, 382.0000000000000568, 18.00000000000000000 ) ) ;
#3587 = VECTOR ( 'NONE', #4227, 1000.000000000000000 ) ;
#3588 = ORIENTED_EDGE ( 'NONE', *, *, #4020, .T. ) ;
#3589 = DIRECTION ( 'NONE',  ( 0.000000000000000000, 0.000000000000000000, 1.000000000000000000 ) ) ;
#3590 = DIRECTION ( 'NONE',  ( -0.000000000000000000, -0.000000000000000000, -1.000000000000000000 ) ) ;
#3591 = CARTESIAN_POINT ( 'NONE',  ( 2.220446049250313081E-13, 109.9999999999999858, 0.000000000000000000 ) ) ;
#3592 = VERTEX_POINT ( 'NONE', #1351 ) ;
#3593 = SHAPE_DEFINITION_REPRESENTATION ( #290, #1798 ) ;
#3594 = DIRECTION ( 'NONE',  ( 0.000000000000000000, 0.000000000000000000, -1.000000000000000000 ) ) ;
#3595 = AXIS2_PLACEMENT_3D ( 'NONE', #3695, #4318, #2139 ) ;
#3596 = ORIENTED_EDGE ( 'NONE', *, *, #2892, .T. ) ;
#3597 = EDGE_CURVE ( 'NONE', #814, #94, #4731, .T. ) ;
#3598 = CARTESIAN_POINT ( 'NONE',  ( 42.00000000000009237, 54.99999999999999289, -2.220446049250313081E-13 ) ) ;
#3599 = ORIENTED_EDGE ( 'NONE', *, *, #5854, .T. ) ;
#3600 = EDGE_CURVE ( 'NONE', #4191, #3082, #3110, .T. ) ;
#3601 = ORIENTED_EDGE ( 'NONE', *, *, #2224, .F. ) ;
#3602 = CARTESIAN_POINT ( 'NONE',  ( 26.75735931288094349, 654.7573593128790890, 11.99999999999999822 ) ) ;
#3603 = ORIENTED_EDGE ( 'NONE', *, *, #4185, .T. ) ;
#3604 = ORIENTED_EDGE ( 'NONE', *, *, #6991, .F. ) ;
#3605 = ORIENTED_EDGE ( 'NONE', *, *, #5161, .F. ) ;
#3606 = ADVANCED_FACE ( 'NONE', ( #711 ), #2944, .F. ) ;
#3607 = VERTEX_POINT ( 'NONE', #5731 ) ;
#3608 = PLANE ( 'NONE',  #3707 ) ;
#3609 = DIRECTION ( 'NONE',  ( 0.1713727001804919992, 0.9852062716166839484, -0.000000000000000000 ) ) ;
#3610 = EDGE_CURVE ( 'NONE', #82, #6839, #5836, .T. ) ;
#3611 = ORIENTED_EDGE ( 'NONE', *, *, #3957, .T. ) ;
#3612 = VERTEX_POINT ( 'NONE', #5263 ) ;
#3613 = VECTOR ( 'NONE', #6268, 1000.000000000000000 ) ;
#3614 = DIRECTION ( 'NONE',  ( -1.000000000000000000, 1.261617073437679231E-16, 2.169183984224244502E-46 ) ) ;
#3615 = CARTESIAN_POINT ( 'NONE',  ( 1047.500000000000000, 576.0000000000002274, 18.00000000000000000 ) ) ;
#3616 = AXIS2_PLACEMENT_3D ( 'NONE', #3626, #4720, #2483 ) ;
#3617 = VERTEX_POINT ( 'NONE', #3057 ) ;
#3618 = ORIENTED_EDGE ( 'NONE', *, *, #3622, .T. ) ;
#3619 = ORIENTED_EDGE ( 'NONE', *, *, #6129, .F. ) ;
#3620 = CYLINDRICAL_SURFACE ( 'NONE', #1273, 2.999999999999993783 ) ;
#3621 = ORIENTED_EDGE ( 'NONE', *, *, #6525, .F. ) ;
#3622 = EDGE_CURVE ( 'NONE', #6748, #5715, #6281, .T. ) ;
#3623 = CARTESIAN_POINT ( 'NONE',  ( 1023.129942314910522, 613.1299423149123413, 0.000000000000000000 ) ) ;
#3624 = DIRECTION ( 'NONE',  ( -0.000000000000000000, -0.000000000000000000, -1.000000000000000000 ) ) ;
#3625 = ORIENTED_EDGE ( 'NONE', *, *, #6019, .F. ) ;
#3626 = CARTESIAN_POINT ( 'NONE',  ( 106.9999999999999005, 690.0000000000000000, 15.49999999999999112 ) ) ;
#3627 = CIRCLE ( 'NONE', #4582, 2.999999999999994671 ) ;
#3628 = ORIENTED_EDGE ( 'NONE', *, *, #766, .T. ) ;
#3629 = FACE_BOUND ( 'NONE', #4361, .T. ) ;
#3630 = ORIENTED_EDGE ( 'NONE', *, *, #1909, .T. ) ;
#3631 = CYLINDRICAL_SURFACE ( 'NONE', #4525, 3.000000000000002665 ) ;
#3632 = ORIENTED_EDGE ( 'NONE', *, *, #4348, .T. ) ;
#3633 = DIRECTION ( 'NONE',  ( 1.000000000000000000, 0.000000000000000000, 0.000000000000000000 ) ) ;
#3634 = FACE_OUTER_BOUND ( 'NONE', #1376, .T. ) ;
#3635 = CARTESIAN_POINT ( 'NONE',  ( 182.5000000000015348, 652.0000000000002274, 0.000000000000000000 ) ) ;
#3636 = CARTESIAN_POINT ( 'NONE',  ( -242.0000000000000000, 80.00000000000000000, -2.999999999999994671 ) ) ;
#3637 = CARTESIAN_POINT ( 'NONE',  ( 107.0000000000000000, 97.00000000000497380, 11.99999999999999822 ) ) ;
#3638 = FACE_BOUND ( 'NONE', #1125, .T. ) ;
#3639 = CARTESIAN_POINT ( 'NONE',  ( 1100.000000000000000, 0.000000000000000000, 18.00000000000000000 ) ) ;
#3640 = VERTEX_POINT ( 'NONE', #2991 ) ;
#3641 = CYLINDRICAL_SURFACE ( 'NONE', #2442, 2.999999999998808953 ) ;
#3642 = ADVANCED_FACE ( 'NONE', ( #1664, #3374, #4649, #6612, #799, #381, #6096, #6271, #110, #6789, #3191, #456, #4817, #5339, #2433, #3875, #973, #4987, #3545, #5164, #3706, #1575, #28, #620, #6440, #2255, #293, #1749, #5921, #4045, #2084, #3364, #3026, #5671, #4219, #1921, #1148, #2768, #4478, #1327, #6942, #5504, #2601 ), #3519, .T. ) ;
#3643 = EDGE_CURVE ( 'NONE', #3703, #1562, #4173, .T. ) ;
#3644 = CARTESIAN_POINT ( 'NONE',  ( 177.0000000000028137, 620.0000000000002274, 18.00000000000000000 ) ) ;
#3645 = AXIS2_PLACEMENT_3D ( 'NONE', #5213, #4013, #744 ) ;
#3646 = CARTESIAN_POINT ( 'NONE',  ( 107.0000000000000000, 97.00000000000497380, 18.00000000000000000 ) ) ;
#3647 = FACE_OUTER_BOUND ( 'NONE', #7058, .T. ) ;
#3648 = FACE_OUTER_BOUND ( 'NONE', #4008, .T. ) ;
#3649 = CYLINDRICAL_SURFACE ( 'NONE', #357, 4.000000000000010658 ) ;
#3650 = DIRECTION ( 'NONE',  ( -0.000000000000000000, -0.000000000000000000, -1.000000000000000000 ) ) ;
#3651 = CIRCLE ( 'NONE', #937, 4.000000000000003553 ) ;
#3652 = CARTESIAN_POINT ( 'NONE',  ( -466.5000000000000000, 80.00000000000000000, 9.000000000000007105 ) ) ;
#3653 = DIRECTION ( 'NONE',  ( 0.000000000000000000, 1.000000000000000000, 0.000000000000000000 ) ) ;
#3654 = AXIS2_PLACEMENT_3D ( 'NONE', #4876, #5457, #1614 ) ;
#3655 = LINE ( 'NONE', #1077, #3903 ) ;
#3656 = VECTOR ( 'NONE', #5759, 1000.000000000000000 ) ;
#3657 = DIRECTION ( 'NONE',  ( 0.000000000000000000, 0.000000000000000000, 1.000000000000000000 ) ) ;
#3658 = DIRECTION ( 'NONE',  ( 1.000000000000000000, 0.000000000000000000, 0.000000000000000000 ) ) ;
#3659 = EDGE_CURVE ( 'NONE', #4793, #6235, #2476, .T. ) ;
#3660 = CARTESIAN_POINT ( 'NONE',  ( 47.49999999999997868, 103.9999999999998721, 0.000000000000000000 ) ) ;
#3661 = EDGE_CURVE ( 'NONE', #3257, #2165, #5292, .T. ) ;
#3662 = CYLINDRICAL_SURFACE ( 'NONE', #6177, 3.000000000000002665 ) ;
#3663 = ORIENTED_EDGE ( 'NONE', *, *, #4850, .T. ) ;
#3664 = AXIS2_PLACEMENT_3D ( 'NONE', #2645, #5351, #1595 ) ;
#3665 = DIRECTION ( 'NONE',  ( -0.000000000000000000, -0.000000000000000000, -1.000000000000000000 ) ) ;
#3666 = CARTESIAN_POINT ( 'NONE',  ( 919.9999999999986358, 27.99999999999980105, 18.00000000000000000 ) ) ;
#3667 = SURFACE_SIDE_STYLE ('',( #1423 ) ) ;
#3668 = CARTESIAN_POINT ( 'NONE',  ( 550.0000000000000000, 169.9999999999999716, 0.000000000000000000 ) ) ;
#3669 = EDGE_LOOP ( 'NONE', ( #1132, #197 ) ) ;
#3670 = PRODUCT_DEFINITION_FORMATION_WITH_SPECIFIED_SOURCE ( 'ANY', '', #1062, .NOT_KNOWN. ) ;
#3671 = SHAPE_DEFINITION_REPRESENTATION ( #1323, #4057 ) ;
#3672 = CARTESIAN_POINT ( 'NONE',  ( 70.00000000000135003, 266.0000000000000000, 18.00000000000000000 ) ) ;
#3673 = ADVANCED_FACE ( 'NONE', ( #6399 ), #2555, .F. ) ;
#3674 = ORIENTED_EDGE ( 'NONE', *, *, #4467, .T. ) ;
#3675 = DIRECTION ( 'NONE',  ( 0.000000000000000000, 0.000000000000000000, 1.000000000000000000 ) ) ;
#3676 = ORIENTED_EDGE ( 'NONE', *, *, #4467, .F. ) ;
#3677 = ORIENTED_EDGE ( 'NONE', *, *, #1249, .T. ) ;
#3678 = DIRECTION ( 'NONE',  ( 0.000000000000000000, 0.000000000000000000, 1.000000000000000000 ) ) ;
#3679 = CARTESIAN_POINT ( 'NONE',  ( 308.0000000000014211, 620.0000000000002274, 0.000000000000000000 ) ) ;
#3680 = ORIENTED_EDGE ( 'NONE', *, *, #2289, .F. ) ;
#3681 = AXIS2_PLACEMENT_3D ( 'NONE', #2321, #4207, #5313 ) ;
#3682 = VERTEX_POINT ( 'NONE', #3635 ) ;
#3683 = ORIENTED_EDGE ( 'NONE', *, *, #6906, .T. ) ;
#3684 = EDGE_CURVE ( 'NONE', #4184, #5963, #5038, .T. ) ;
#3685 = DIRECTION ( 'NONE',  ( 0.000000000000000000, 0.000000000000000000, 1.000000000000000000 ) ) ;
#3686 = CARTESIAN_POINT ( 'NONE',  ( 1100.000000000000000, 680.0000000000000000, 18.00000000000000000 ) ) ;
#3687 =( LENGTH_UNIT ( ) NAMED_UNIT ( * ) SI_UNIT ( .MILLI., .METRE. ) );
#3688 = ORIENTED_EDGE ( 'NONE', *, *, #3154, .T. ) ;
#3689 = AXIS2_PLACEMENT_3D ( 'NONE', #227, #123, #4502 ) ;
#3690 = ORIENTED_EDGE ( 'NONE', *, *, #5491, .T. ) ;
#3691 = CIRCLE ( 'NONE', #1124, 2.499999999999946709 ) ;
#3692 = EDGE_LOOP ( 'NONE', ( #2508, #2394, #545, #2149 ) ) ;
#3693 = AXIS2_PLACEMENT_3D ( 'NONE', #6745, #5665, #1789 ) ;
#3694 = ADVANCED_FACE ( 'NONE', ( #3828 ), #1013, .F. ) ;
#3695 = CARTESIAN_POINT ( 'NONE',  ( 31.00000000000000000, 20.99999999999850075, 11.99999999999999822 ) ) ;
#3696 = ORIENTED_EDGE ( 'NONE', *, *, #4074, .F. ) ;
#3697 = ORIENTED_EDGE ( 'NONE', *, *, #5536, .T. ) ;
#3698 = CYLINDRICAL_SURFACE ( 'NONE', #2307, 3.000000000000002665 ) ;
#3699 = ORIENTED_EDGE ( 'NONE', *, *, #6547, .F. ) ;
#3700 = CARTESIAN_POINT ( 'NONE',  ( 60.00000000000005684, 109.9999999999998721, 15.00000000000001421 ) ) ;
#3701 = EDGE_CURVE ( 'NONE', #1116, #6092, #924, .T. ) ;
#3702 = CARTESIAN_POINT ( 'NONE',  ( 67.00000000000133582, 298.0000000000000000, 18.00000000000000000 ) ) ;
#3703 = VERTEX_POINT ( 'NONE', #6382 ) ;
#3704 =( LENGTH_UNIT ( ) NAMED_UNIT ( * ) SI_UNIT ( .MILLI., .METRE. ) );
#3705 = VERTEX_POINT ( 'NONE', #2651 ) ;
#3706 = FACE_BOUND ( 'NONE', #579, .T. ) ;
#3707 = AXIS2_PLACEMENT_3D ( 'NONE', #5776, #4136, #836 ) ;
#3708 = ORIENTED_EDGE ( 'NONE', *, *, #3610, .T. ) ;
#3709 = FACE_BOUND ( 'NONE', #1640, .T. ) ;
#3710 = AXIS2_PLACEMENT_3D ( 'NONE', #677, #1253, #113 ) ;
#3711 = EDGE_CURVE ( 'NONE', #5848, #1160, #3498, .T. ) ;
#3712 = ORIENTED_EDGE ( 'NONE', *, *, #3508, .T. ) ;
#3713 = ORIENTED_EDGE ( 'NONE', *, *, #5383, .T. ) ;
#3714 = CIRCLE ( 'NONE', #3654, 3.000000000000002665 ) ;
#3715 = VERTEX_POINT ( 'NONE', #4175 ) ;
#3716 = DIRECTION ( 'NONE',  ( -1.000000000000000000, 0.000000000000000000, 0.000000000000000000 ) ) ;
#3717 = FACE_OUTER_BOUND ( 'NONE', #2675, .T. ) ;
#3718 = DIRECTION ( 'NONE',  ( -1.000000000000000000, 0.000000000000000000, 0.000000000000000000 ) ) ;
#3719 = CARTESIAN_POINT ( 'NONE',  ( 1032.999999999998636, 298.0000000000000000, 18.00000000000000000 ) ) ;
#3720 = ORIENTED_EDGE ( 'NONE', *, *, #4608, .F. ) ;
#3721 = PRODUCT_DEFINITION_SHAPE ( 'NONE', 'NONE',  #2947 ) ;
#3722 = FACE_OUTER_BOUND ( 'NONE', #5726, .T. ) ;
#3723 = ORIENTED_EDGE ( 'NONE', *, *, #5126, .T. ) ;
#3724 = CIRCLE ( 'NONE', #2054, 2.499999999999946709 ) ;
#3725 = LINE ( 'NONE', #3895, #5525 ) ;
#3726 = DIRECTION ( 'NONE',  ( 0.000000000000000000, 0.000000000000000000, 1.000000000000000000 ) ) ;
#3727 = FACE_BOUND ( 'NONE', #2161, .T. ) ;
#3728 = DIRECTION ( 'NONE',  ( 0.000000000000000000, 0.000000000000000000, 1.000000000000000000 ) ) ;
#3729 = CARTESIAN_POINT ( 'NONE',  ( 1023.129942314910522, 66.87005768508768710, 18.00000000000000000 ) ) ;
#3730 = EDGE_CURVE ( 'NONE', #764, #6908, #5119, .T. ) ;
#3731 = FACE_BOUND ( 'NONE', #5834, .T. ) ;
#3732 = UNCERTAINTY_MEASURE_WITH_UNIT (LENGTH_MEASURE( 1.000000000000000082E-05 ), #7047, 'distance_accuracy_value', 'NONE');
#3733 = PLANE ( 'NONE',  #6672 ) ;
#3734 = LINE ( 'NONE', #3108, #3221 ) ;
#3735 = EDGE_CURVE ( 'NONE', #6989, #3617, #2646, .T. ) ;
#3736 = STYLED_ITEM ( 'NONE', ( #5971 ), #5440 ) ;
#3737 = CARTESIAN_POINT ( 'NONE',  ( 1032.999999999998636, 382.0000000000000568, 0.000000000000000000 ) ) ;
#3738 = DIRECTION ( 'NONE',  ( 0.000000000000000000, 0.000000000000000000, 1.000000000000000000 ) ) ;
#3739 = CIRCLE ( 'NONE', #3833, 2.999999999999891642 ) ;
#3740 = VECTOR ( 'NONE', #4689, 1000.000000000000000 ) ;
#3741 = CARTESIAN_POINT ( 'NONE',  ( 52.50000000000001421, 576.0000000000002274, 0.000000000000000000 ) ) ;
#3742 = DIRECTION ( 'NONE',  ( 0.000000000000000000, 0.000000000000000000, 1.000000000000000000 ) ) ;
#3743 = CIRCLE ( 'NONE', #1607, 2.999999999999994671 ) ;
#3744 = LINE ( 'NONE', #5377, #3061 ) ;
#3745 = ORIENTED_EDGE ( 'NONE', *, *, #2566, .F. ) ;
#3746 = DIRECTION ( 'NONE',  ( 1.000000000000000000, 0.000000000000000000, 0.000000000000000000 ) ) ;
#3747 = CARTESIAN_POINT ( 'NONE',  ( 922.9999999999986358, 620.0000000000002274, 18.00000000000000000 ) ) ;
#3748 = MECHANICAL_DESIGN_GEOMETRIC_PRESENTATION_REPRESENTATION (  '', ( #6937 ), #230 ) ;
#3749 = CARTESIAN_POINT ( 'NONE',  ( 47.49999999999997868, 576.0000000000002274, 0.000000000000000000 ) ) ;
#3750 = DIRECTION ( 'NONE',  ( 4.318084277547222313E-78, 1.000000000000000000, 2.255519665188393748E-46 ) ) ;
#3751 = ORIENTED_EDGE ( 'NONE', *, *, #6430, .F. ) ;
#3752 = EDGE_CURVE ( 'NONE', #4468, #1115, #337, .T. ) ;
#3753 = DIRECTION ( 'NONE',  ( -0.000000000000000000, 1.000000000000000000, -0.000000000000000000 ) ) ;
#3754 = EDGE_LOOP ( 'NONE', ( #2478, #271 ) ) ;
#3755 = DIRECTION ( 'NONE',  ( 0.000000000000000000, 0.000000000000000000, 1.000000000000000000 ) ) ;
#3756 = DIRECTION ( 'NONE',  ( 0.000000000000000000, 0.000000000000000000, 1.000000000000000000 ) ) ;
#3757 = DIRECTION ( 'NONE',  ( 0.000000000000000000, -0.000000000000000000, 1.000000000000000000 ) ) ;
#3758 = AXIS2_PLACEMENT_3D ( 'NONE', #3623, #6437, #400 ) ;
#3759 = ORIENTED_EDGE ( 'NONE', *, *, #233, .T. ) ;
#3760 = ORIENTED_EDGE ( 'NONE', *, *, #2800, .T. ) ;
#3761 = CARTESIAN_POINT ( 'NONE',  ( 49.99999999999999289, 576.0000000000002274, 0.000000000000000000 ) ) ;
#3762 = VERTEX_POINT ( 'NONE', #6964 ) ;
#3763 = ORIENTED_EDGE ( 'NONE', *, *, #6032, .T. ) ;
#3764 = CARTESIAN_POINT ( 'NONE',  ( 163.0944918928738616, -2.168404344971008868E-16, 31.00000000000000000 ) ) ;
#3765 = CARTESIAN_POINT ( 'NONE',  ( 248.0944918928738048, 730.0000000000000000, 9.500000000000000000 ) ) ;
#3766 = ORIENTED_EDGE ( 'NONE', *, *, #4892, .T. ) ;
#3767 = CARTESIAN_POINT ( 'NONE',  ( 47.49999999999997868, 103.9999999999998721, 18.00000000000000000 ) ) ;
#3768 = EDGE_LOOP ( 'NONE', ( #2413, #3605 ) ) ;
#3769 = DIRECTION ( 'NONE',  ( 1.000000000000000000, 0.000000000000000000, 0.000000000000000000 ) ) ;
#3770 = CARTESIAN_POINT ( 'NONE',  ( 180.0000000000016200, 620.0000000000002274, 18.00000000000000000 ) ) ;
#3771 = EDGE_LOOP ( 'NONE', ( #3603, #790 ) ) ;
#3772 = AXIS2_PLACEMENT_3D ( 'NONE', #2203, #573, #5992 ) ;
#3773 = ORIENTED_EDGE ( 'NONE', *, *, #1806, .T. ) ;
#3774 = CARTESIAN_POINT ( 'NONE',  ( 1050.000000000000000, 40.00000000000003553, 11.99999999999999822 ) ) ;
#3775 = ORIENTED_EDGE ( 'NONE', *, *, #1301, .T. ) ;
#3776 = FACE_OUTER_BOUND ( 'NONE', #971, .T. ) ;
#3777 = CARTESIAN_POINT ( 'NONE',  ( 182.5000000000015348, 27.99999999999980105, 18.00000000000000000 ) ) ;
#3778 = ORIENTED_EDGE ( 'NONE', *, *, #6063, .T. ) ;
#3779 = AXIS2_PLACEMENT_3D ( 'NONE', #5876, #5273, #4805 ) ;
#3780 = DIRECTION ( 'NONE',  ( -1.000000000000000000, 0.000000000000000000, 0.000000000000000000 ) ) ;
#3781 = VERTEX_POINT ( 'NONE', #4266 ) ;
#3782 = CYLINDRICAL_SURFACE ( 'NONE', #5287, 2.499999999999946709 ) ;
#3783 = EDGE_LOOP ( 'NONE', ( #4112, #185, #4357, #1230, #5069 ) ) ;
#3784 = AXIS2_PLACEMENT_3D ( 'NONE', #6206, #2303, #86 ) ;
#3785 = EDGE_LOOP ( 'NONE', ( #2001, #598, #5916, #2261, #3007, #3263 ) ) ;
#3786 = SURFACE_SIDE_STYLE ('',( #3555 ) ) ;
#3787 = CYLINDRICAL_SURFACE ( 'NONE', #772, 2.500000000000002220 ) ;
#3788 = ORIENTED_EDGE ( 'NONE', *, *, #3089, .F. ) ;
#3789 = CARTESIAN_POINT ( 'NONE',  ( 42.00000000000009237, 54.99999999999999289, 2.999999999999787725 ) ) ;
#3790 = FACE_BOUND ( 'NONE', #6522, .T. ) ;
#3791 = DIRECTION ( 'NONE',  ( 1.000000000000000000, 0.000000000000000000, 0.000000000000000000 ) ) ;
#3792 = EDGE_CURVE ( 'NONE', #2833, #4458, #2386, .T. ) ;
#3793 = ORIENTED_EDGE ( 'NONE', *, *, #6664, .T. ) ;
#3794 = EDGE_CURVE ( 'NONE', #106, #2315, #158, .T. ) ;
#3795 = VERTEX_POINT ( 'NONE', #5335 ) ;
#3796 = AXIS2_PLACEMENT_3D ( 'NONE', #1386, #753, #804 ) ;
#3797 = AXIS2_PLACEMENT_3D ( 'NONE', #5862, #6998, #5934 ) ;
#3798 = VECTOR ( 'NONE', #3448, 1000.000000000000000 ) ;
#3799 = DIRECTION ( 'NONE',  ( 1.000000000000000000, 0.000000000000000000, 0.000000000000000000 ) ) ;
#3800 = CARTESIAN_POINT ( 'NONE',  ( -212.5000000000002274, 19.99999999999999645, -8.999999999999896971 ) ) ;
#3801 = PLANE ( 'NONE',  #5015 ) ;
#3802 = DIRECTION ( 'NONE',  ( 1.000000000000000000, 0.000000000000000000, 0.000000000000000000 ) ) ;
#3803 = CIRCLE ( 'NONE', #5534, 2.500000000000002220 ) ;
#3804 = ORIENTED_EDGE ( 'NONE', *, *, #2610, .T. ) ;
#3805 = VECTOR ( 'NONE', #6201, 1000.000000000000000 ) ;
#3806 = DIRECTION ( 'NONE',  ( -1.000000000000000000, -0.000000000000000000, -0.000000000000000000 ) ) ;
#3807 = PLANE ( 'NONE',  #2065 ) ;
#3808 = FACE_OUTER_BOUND ( 'NONE', #5004, .T. ) ;
#3809 = CIRCLE ( 'NONE', #3978, 5.999999999999339195 ) ;
#3810 = CARTESIAN_POINT ( 'NONE',  ( 183.0000000000004263, 620.0000000000002274, 18.00000000000000000 ) ) ;
#3811 = CARTESIAN_POINT ( 'NONE',  ( 1073.242640687119774, 654.7573593128788616, 11.99999999999999822 ) ) ;
#3812 = DIRECTION ( 'NONE',  ( -1.000000000000000000, 0.000000000000000000, 0.000000000000000000 ) ) ;
#3813 = AXIS2_PLACEMENT_3D ( 'NONE', #1773, #3389, #6749 ) ;
#3814 = LINE ( 'NONE', #1135, #4929 ) ;
#3815 =( BOUNDED_CURVE ( )  B_SPLINE_CURVE ( 3, ( #934, #3135, #990, #4778 ),
 .UNSPECIFIED., .F., .F. ) 
 B_SPLINE_CURVE_WITH_KNOTS ( ( 4, 4 ),
 ( 2.766169045608753763, 3.141592653589793116 ),
 .UNSPECIFIED. ) 
 CURVE ( )  GEOMETRIC_REPRESENTATION_ITEM ( )  RATIONAL_B_SPLINE_CURVE ( ( 1.000000000000000000, 0.9882892067347445186, 0.9882892067347445186, 1.000000000000000000 ) ) 
 REPRESENTATION_ITEM ( '' )  );
#3816 =( NAMED_UNIT ( * ) SI_UNIT ( $, .STERADIAN. ) SOLID_ANGLE_UNIT ( ) );
#3817 = PRESENTATION_STYLE_ASSIGNMENT (( #1535 ) ) ;
#3818 = DIRECTION ( 'NONE',  ( -0.000000000000000000, -0.000000000000000000, -1.000000000000000000 ) ) ;
#3819 = EDGE_CURVE ( 'NONE', #793, #5670, #1198, .T. ) ;
#3820 = FACE_OUTER_BOUND ( 'NONE', #891, .T. ) ;
#3821 = CYLINDRICAL_SURFACE ( 'NONE', #2916, 3.000000000000002665 ) ;
#3822 = DIRECTION ( 'NONE',  ( -1.000000000000000000, 0.000000000000000000, -0.000000000000000000 ) ) ;
#3823 = EDGE_CURVE ( 'NONE', #5734, #5393, #3240, .T. ) ;
#3824 = DIRECTION ( 'NONE',  ( -1.000000000000000000, 0.000000000000000000, 0.000000000000000000 ) ) ;
#3825 = AXIS2_PLACEMENT_3D ( 'NONE', #1819, #183, #1800 ) ;
#3826 = CARTESIAN_POINT ( 'NONE',  ( 1029.999999999998408, 414.0000000000002274, 18.00000000000000000 ) ) ;
#3827 = DIRECTION ( 'NONE',  ( -1.000000000000000000, 0.000000000000000000, 0.000000000000000000 ) ) ;
#3828 = FACE_OUTER_BOUND ( 'NONE', #4995, .T. ) ;
#3829 = CIRCLE ( 'NONE', #6528, 6.000000000000768274 ) ;
#3830 = EDGE_CURVE ( 'NONE', #5154, #3781, #1285, .T. ) ;
#3831 = DIRECTION ( 'NONE',  ( -0.000000000000000000, -0.000000000000000000, -1.000000000000000000 ) ) ;
#3832 = DIRECTION ( 'NONE',  ( 1.000000000000000000, 0.000000000000000000, 0.000000000000000000 ) ) ;
#3833 = AXIS2_PLACEMENT_3D ( 'NONE', #3104, #6331, #882 ) ;
#3834 = VERTEX_POINT ( 'NONE', #2189 ) ;
#3835 = DIRECTION ( 'NONE',  ( 0.000000000000000000, 1.000000000000000000, 0.000000000000000000 ) ) ;
#3836 = DIRECTION ( 'NONE',  ( 0.000000000000000000, 0.000000000000000000, 1.000000000000000000 ) ) ;
#3837 = AXIS2_PLACEMENT_3D ( 'NONE', #5976, #1121, #4940 ) ;
#3838 = DIRECTION ( 'NONE',  ( -0.000000000000000000, -0.000000000000000000, -1.000000000000000000 ) ) ;
#3839 = CONTEXT_DEPENDENT_SHAPE_REPRESENTATION ( #6253, #4604 ) ;
#3840 =( NAMED_UNIT ( * ) SI_UNIT ( $, .STERADIAN. ) SOLID_ANGLE_UNIT ( ) );
#3841 = ORIENTED_EDGE ( 'NONE', *, *, #6860, .T. ) ;
#3842 = EDGE_CURVE ( 'NONE', #2761, #764, #6742, .T. ) ;
#3843 = ORIENTED_EDGE ( 'NONE', *, *, #5854, .F. ) ;
#3844 = CARTESIAN_POINT ( 'NONE',  ( 248.0944918928738048, 730.0000000000000000, 21.50000000000000000 ) ) ;
#3845 = ORIENTED_EDGE ( 'NONE', *, *, #3823, .F. ) ;
#3846 = DIRECTION ( 'NONE',  ( 0.000000000000000000, 0.000000000000000000, 1.000000000000000000 ) ) ;
#3847 = DIRECTION ( 'NONE',  ( 0.000000000000000000, 0.000000000000000000, -1.000000000000000000 ) ) ;
#3848 = EDGE_LOOP ( 'NONE', ( #5833, #2728, #14, #4791 ) ) ;
#3849 = CARTESIAN_POINT ( 'NONE',  ( 110.0000000000000995, 0.000000000000000000, 1.387778780781445676E-14 ) ) ;
#3850 = EDGE_LOOP ( 'NONE', ( #3416, #2797 ) ) ;
#3851 = CARTESIAN_POINT ( 'NONE',  ( 997.2426406871197742, 578.7573593128853418, 11.99999999999999822 ) ) ;
#3852 = ORIENTED_EDGE ( 'NONE', *, *, #4096, .F. ) ;
#3853 = ORIENTED_EDGE ( 'NONE', *, *, #3792, .F. ) ;
#3854 = CARTESIAN_POINT ( 'NONE',  ( -404.4999999999999432, 20.00000000000000355, -9.000000000000007105 ) ) ;
#3855 = DIRECTION ( 'NONE',  ( -0.000000000000000000, -0.000000000000000000, -1.000000000000000000 ) ) ;
#3856 = ORIENTED_EDGE ( 'NONE', *, *, #3892, .F. ) ;
#3857 = CIRCLE ( 'NONE', #5608, 4.000000000000003553 ) ;
#3858 = ADVANCED_FACE ( 'NONE', ( #6828 ), #508, .F. ) ;
#3859 = DIRECTION ( 'NONE',  ( 4.318084277547222313E-78, 1.000000000000000000, 2.255519665188393748E-46 ) ) ;
#3860 = PLANE ( 'NONE',  #719 ) ;
#3861 = EDGE_LOOP ( 'NONE', ( #3683, #3466, #5999, #1025 ) ) ;
#3862 = EDGE_CURVE ( 'NONE', #3277, #3517, #668, .T. ) ;
#3863 = CARTESIAN_POINT ( 'NONE',  ( 550.0000000000001137, 36.00000000000000000, 339.9999999999998863 ) ) ;
#3864 = VERTEX_POINT ( 'NONE', #6491 ) ;
#3865 = DIRECTION ( 'NONE',  ( 1.000000000000000000, 0.000000000000000000, 0.000000000000000000 ) ) ;
#3866 = EDGE_CURVE ( 'NONE', #5132, #6512, #576, .T. ) ;
#3867 = ORIENTED_EDGE ( 'NONE', *, *, #5181, .T. ) ;
#3868 = FACE_OUTER_BOUND ( 'NONE', #6929, .T. ) ;
#3869 = VERTEX_POINT ( 'NONE', #3811 ) ;
#3870 =( GEOMETRIC_REPRESENTATION_CONTEXT ( 3 ) GLOBAL_UNCERTAINTY_ASSIGNED_CONTEXT ( ( #143 ) ) GLOBAL_UNIT_ASSIGNED_CONTEXT ( ( #3704, #984, #6551 ) ) REPRESENTATION_CONTEXT ( 'NONE', 'WORKASPACE' ) );
#3871 = EDGE_LOOP ( 'NONE', ( #2784, #6150, #4093, #5347 ) ) ;
#3872 = CARTESIAN_POINT ( 'NONE',  ( -266.5000000000000568, 80.00000000000000000, 8.999999999999904077 ) ) ;
#3873 = DIRECTION ( 'NONE',  ( 1.000000000000000000, 0.000000000000000000, 0.000000000000000000 ) ) ;
#3874 = ORIENTED_EDGE ( 'NONE', *, *, #6402, .T. ) ;
#3875 = FACE_BOUND ( 'NONE', #1918, .T. ) ;
#3876 = ORIENTED_EDGE ( 'NONE', *, *, #5938, .F. ) ;
#3877 = VECTOR ( 'NONE', #6705, 1000.000000000000000 ) ;
#3878 = DIRECTION ( 'NONE',  ( 1.000000000000000000, 0.000000000000000000, 0.000000000000000000 ) ) ;
#3879 = DIRECTION ( 'NONE',  ( 0.000000000000000000, 0.000000000000000000, 1.000000000000000000 ) ) ;
#3880 = ORIENTED_EDGE ( 'NONE', *, *, #1850, .T. ) ;
#3881 = DIRECTION ( 'NONE',  ( -0.000000000000000000, -0.000000000000000000, -1.000000000000000000 ) ) ;
#3882 = CARTESIAN_POINT ( 'NONE',  ( 40.00000000000003553, 49.99999999999993605, 15.00000000000000000 ) ) ;
#3883 = CYLINDRICAL_SURFACE ( 'NONE', #1195, 3.000000000000002665 ) ;
#3884 = VERTEX_POINT ( 'NONE', #4864 ) ;
#3885 = LINE ( 'NONE', #2648, #4398 ) ;
#3886 = AXIS2_PLACEMENT_3D ( 'NONE', #5643, #676, #652 ) ;
#3887 = EDGE_LOOP ( 'NONE', ( #1472, #5207, #2210, #6089 ) ) ;
#3888 = CARTESIAN_POINT ( 'NONE',  ( 1100.000000000000000, 0.000000000000000000, 18.00000000000000000 ) ) ;
#3889 = DIRECTION ( 'NONE',  ( -1.000000000000000000, 0.000000000000000000, 0.000000000000000000 ) ) ;
#3890 = LINE ( 'NONE', #4050, #3465 ) ;
#3891 = VERTEX_POINT ( 'NONE', #3223 ) ;
#3892 = EDGE_CURVE ( 'NONE', #16, #6348, #4350, .T. ) ;
#3893 = LINE ( 'NONE', #2923, #3798 ) ;
#3894 =( LENGTH_UNIT ( ) NAMED_UNIT ( * ) SI_UNIT ( .MILLI., .METRE. ) );
#3895 = CARTESIAN_POINT ( 'NONE',  ( 988.7573593128805669, 92.75735931288596703, 11.99999999999999822 ) ) ;
#3896 = LINE ( 'NONE', #5920, #1260 ) ;
#3897 = LINE ( 'NONE', #4190, #6557 ) ;
#3898 = DIRECTION ( 'NONE',  ( 1.000000000000000000, 0.000000000000000000, 0.000000000000000000 ) ) ;
#3899 = LINE ( 'NONE', #6291, #6033 ) ;
#3900 = FACE_OUTER_BOUND ( 'NONE', #6282, .T. ) ;
#3901 = CARTESIAN_POINT ( 'NONE',  ( 106.9999999999999005, 690.0000000000000000, 15.49999999999999112 ) ) ;
#3902 = DIRECTION ( 'NONE',  ( 0.000000000000000000, 0.000000000000000000, 1.000000000000000000 ) ) ;
#3903 = VECTOR ( 'NONE', #6038, 1000.000000000000000 ) ;
#3904 = CIRCLE ( 'NONE', #2552, 2.999999999999994671 ) ;
#3905 = DIRECTION ( 'NONE',  ( 0.000000000000000000, 0.000000000000000000, 1.000000000000000000 ) ) ;
#3906 = AXIS2_PLACEMENT_3D ( 'NONE', #2495, #6145, #6319 ) ;
#3907 = DIRECTION ( 'NONE',  ( 0.000000000000000000, 0.000000000000000000, 1.000000000000000000 ) ) ;
#3908 = DIRECTION ( 'NONE',  ( 1.000000000000000000, 0.000000000000000000, 0.000000000000000000 ) ) ;
#3909 = FACE_OUTER_BOUND ( 'NONE', #5055, .T. ) ;
#3910 = EDGE_LOOP ( 'NONE', ( #188, #2996, #4722, #5056 ) ) ;
#3911 = EDGE_CURVE ( 'NONE', #5963, #4184, #3914, .T. ) ;
#3912 = CARTESIAN_POINT ( 'NONE',  ( 1026.999999999998863, 298.0000000000000000, 18.00000000000000000 ) ) ;
#3913 = EDGE_CURVE ( 'NONE', #3322, #4971, #5206, .T. ) ;
#3914 = CIRCLE ( 'NONE', #5804, 4.000000000000003553 ) ;
#3915 = VERTEX_POINT ( 'NONE', #5398 ) ;
#3916 = CARTESIAN_POINT ( 'NONE',  ( 1069.000000000000000, 20.99999999999849720, 11.99999999999999822 ) ) ;
#3917 = DIRECTION ( 'NONE',  ( 0.7071067811865429098, 4.599921266332877484E-32, 0.7071067811865522357 ) ) ;
#3918 = CARTESIAN_POINT ( 'NONE',  ( 242.0000000000000000, 55.00000000000000000, 0.000000000000000000 ) ) ;
#3919 =( GEOMETRIC_REPRESENTATION_CONTEXT ( 3 ) GLOBAL_UNCERTAINTY_ASSIGNED_CONTEXT ( ( #1949 ) ) GLOBAL_UNIT_ASSIGNED_CONTEXT ( ( #2717, #4935, #6540 ) ) REPRESENTATION_CONTEXT ( 'NONE', 'WORKASPACE' ) );
#3920 = CARTESIAN_POINT ( 'NONE',  ( 107.0000000000000000, 97.00000000000497380, 11.99999999999999822 ) ) ;
#3921 = ADVANCED_FACE ( 'NONE', ( #4521 ), #3662, .F. ) ;
#3922 = ORIENTED_EDGE ( 'NONE', *, *, #4803, .T. ) ;
#3923 = EDGE_CURVE ( 'NONE', #6348, #16, #4690, .T. ) ;
#3924 = ORIENTED_EDGE ( 'NONE', *, *, #1632, .T. ) ;
#3925 = ADVANCED_FACE ( 'NONE', ( #751 ), #843, .F. ) ;
#3926 = AXIS2_PLACEMENT_3D ( 'NONE', #4265, #4824, #2676 ) ;
#3927 = DIRECTION ( 'NONE',  ( 0.000000000000000000, 0.000000000000000000, 1.000000000000000000 ) ) ;
#3928 = DIRECTION ( 'NONE',  ( -1.000000000000000000, 0.000000000000000000, 0.000000000000000000 ) ) ;
#3929 = VERTEX_POINT ( 'NONE', #3271 ) ;
#3930 = EDGE_CURVE ( 'NONE', #5413, #6411, #6988, .T. ) ;
#3931 = SHAPE_REPRESENTATION_RELATIONSHIP ( 'NONE' , 'NONE' ,  #6471, #943 ) ;
#3932 = ORIENTED_EDGE ( 'NONE', *, *, #6923, .T. ) ;
#3933 = APPLICATION_CONTEXT ( 'automotive_design' ) ;
#3934 = EDGE_LOOP ( 'NONE', ( #506, #2178, #4280, #2847 ) ) ;
#3935 = EDGE_LOOP ( 'NONE', ( #3699, #674, #6418, #351 ) ) ;
#3936 = ORIENTED_EDGE ( 'NONE', *, *, #408, .T. ) ;
#3937 = CARTESIAN_POINT ( 'NONE',  ( 547.0000000000000000, 169.9999999999999716, 0.000000000000000000 ) ) ;
#3938 = DIRECTION ( 'NONE',  ( 0.1156569635167078725, 0.9932892160846682472, 0.000000000000000000 ) ) ;
#3939 = ORIENTED_EDGE ( 'NONE', *, *, #3930, .F. ) ;
#3940 = LINE ( 'NONE', #1267, #2500 ) ;
#3941 = CARTESIAN_POINT ( 'NONE',  ( 59.99999999999994316, 109.9999999999998721, 12.00000000000000533 ) ) ;
#3942 = VERTEX_POINT ( 'NONE', #4697 ) ;
#3943 = VERTEX_POINT ( 'NONE', #4916 ) ;
#3944 = MANIFOLD_SOLID_BREP ( 'Chaflán1', #4645 ) ;
#3945 = DIRECTION ( 'NONE',  ( 0.000000000000000000, 0.000000000000000000, 1.000000000000000000 ) ) ;
#3946 = ORIENTED_EDGE ( 'NONE', *, *, #2390, .F. ) ;
#3947 = LINE ( 'NONE', #4448, #4888 ) ;
#3948 = EDGE_LOOP ( 'NONE', ( #5828, #2145, #5225, #212 ) ) ;
#3949 = VERTEX_POINT ( 'NONE', #7004 ) ;
#3950 = CARTESIAN_POINT ( 'NONE',  ( 791.9999999999987494, 620.0000000000002274, 0.000000000000000000 ) ) ;
#3951 = AXIS2_PLACEMENT_3D ( 'NONE', #834, #923, #905 ) ;
#3952 = CARTESIAN_POINT ( 'NONE',  ( 242.0000000000000000, 55.00000000000000000, 2.999999999999994671 ) ) ;
#3953 = ORIENTED_EDGE ( 'NONE', *, *, #6727, .F. ) ;
#3954 = DIRECTION ( 'NONE',  ( -1.000000000000000000, 0.000000000000000000, 0.000000000000000000 ) ) ;
#3955 = VECTOR ( 'NONE', #3665, 1000.000000000000000 ) ;
#3956 = ORIENTED_EDGE ( 'NONE', *, *, #766, .F. ) ;
#3957 = EDGE_CURVE ( 'NONE', #889, #4110, #7062, .T. ) ;
#3958 = ORIENTED_EDGE ( 'NONE', *, *, #3467, .T. ) ;
#3959 = DIRECTION ( 'NONE',  ( 1.000000000000000000, 0.000000000000000000, 0.000000000000000000 ) ) ;
#3960 = AXIS2_PLACEMENT_3D ( 'NONE', #6597, #6558, #3873 ) ;
#3961 = ADVANCED_FACE ( 'NONE', ( #6484 ), #5459, .F. ) ;
#3962 = CYLINDRICAL_SURFACE ( 'NONE', #3525, 14.99999999999999822 ) ;
#3963 = ORIENTED_EDGE ( 'NONE', *, *, #4803, .F. ) ;
#3964 = FACE_BOUND ( 'NONE', #5051, .T. ) ;
#3965 = EDGE_LOOP ( 'NONE', ( #1241, #3035 ) ) ;
#3966 = CARTESIAN_POINT ( 'NONE',  ( 180.0000000000014495, 59.99999999999982947, 18.00000000000000000 ) ) ;
#3967 = DIRECTION ( 'NONE',  ( -0.7071067811865175967, 0.7071067811865774377, -0.000000000000000000 ) ) ;
#3968 = ADVANCED_FACE ( 'NONE', ( #1963 ), #2126, .F. ) ;
#3969 = PLANE ( 'NONE',  #567 ) ;
#3970 = CARTESIAN_POINT ( 'NONE',  ( 1069.000000000000000, 20.99999999999849720, 11.99999999999999822 ) ) ;
#3971 = LINE ( 'NONE', #3412, #6143 ) ;
#3972 = ORIENTED_EDGE ( 'NONE', *, *, #3005, .F. ) ;
#3973 = CIRCLE ( 'NONE', #2479, 4.000000000000003553 ) ;
#3974 = EDGE_CURVE ( 'NONE', #2608, #809, #4003, .T. ) ;
#3975 = DIRECTION ( 'NONE',  ( 1.000000000000000000, 0.000000000000000000, 0.000000000000000000 ) ) ;
#3976 = AXIS2_PLACEMENT_3D ( 'NONE', #3303, #3249, #5465 ) ;
#3977 = FACE_OUTER_BOUND ( 'NONE', #5730, .T. ) ;
#3978 = AXIS2_PLACEMENT_3D ( 'NONE', #5156, #5091, #4534 ) ;
#3979 = DIRECTION ( 'NONE',  ( -0.1713727001804919992, -0.9852062716166839484, 0.000000000000000000 ) ) ;
#3980 = CIRCLE ( 'NONE', #4898, 4.000000000000010658 ) ;
#3981 = DIRECTION ( 'NONE',  ( -1.000000000000000000, 0.000000000000000000, 0.000000000000000000 ) ) ;
#3982 = DIRECTION ( 'NONE',  ( 0.000000000000000000, 0.000000000000000000, 1.000000000000000000 ) ) ;
#3983 = CARTESIAN_POINT ( 'NONE',  ( 1029.999999999998636, 382.0000000000000568, 18.00000000000000000 ) ) ;
#3984 = EDGE_CURVE ( 'NONE', #5097, #5497, #5537, .T. ) ;
#3985 = VECTOR ( 'NONE', #4270, 1000.000000000000000 ) ;
#3986 = APPLICATION_PROTOCOL_DEFINITION ( 'draft international standard', 'automotive_design', 1998, #1303 ) ;
#3987 = LINE ( 'NONE', #847, #7048 ) ;
#3988 = CARTESIAN_POINT ( 'NONE',  ( 184.9999999999999432, 730.0000000000000000, 0.000000000000000000 ) ) ;
#3989 = CIRCLE ( 'NONE', #2568, 3.000000000000002665 ) ;
#3990 = CIRCLE ( 'NONE', #4343, 2.499999999999946709 ) ;
#3991 = CARTESIAN_POINT ( 'NONE',  ( 163.0944918928738616, -2.168404344971008868E-16, 31.00000000000000000 ) ) ;
#3992 = CARTESIAN_POINT ( 'NONE',  ( 67.00000000000135003, 169.9999999999999716, 18.00000000000000000 ) ) ;
#3993 = CARTESIAN_POINT ( 'NONE',  ( 31.00000000000000000, 20.99999999999850075, 18.00000000000000000 ) ) ;
#3994 = DIRECTION ( 'NONE',  ( 0.9852062716166839484, -0.1713727001804919992, 0.000000000000000000 ) ) ;
#3995 = DIRECTION ( 'NONE',  ( -1.000000000000000000, 0.000000000000000000, -0.000000000000000000 ) ) ;
#3996 = CYLINDRICAL_SURFACE ( 'NONE', #3206, 4.000000000000003553 ) ;
#3997 = VECTOR ( 'NONE', #6013, 1000.000000000000000 ) ;
#3998 = ADVANCED_FACE ( 'NONE', ( #3315 ), #4669, .F. ) ;
#3999 = CARTESIAN_POINT ( 'NONE',  ( 70.00000000000135003, 169.9999999999999716, 18.00000000000000000 ) ) ;
#4000 = CARTESIAN_POINT ( 'NONE',  ( 916.9999999999986358, 59.99999999999982947, 18.00000000000000000 ) ) ;
#4001 = VERTEX_POINT ( 'NONE', #6615 ) ;
#4002 = ADVANCED_FACE ( 'NONE', ( #5352 ), #2268, .F. ) ;
#4003 = LINE ( 'NONE', #5541, #1104 ) ;
#4004 = COLOUR_RGB ( '',1.000000000000000000, 1.000000000000000000, 1.000000000000000000 ) ;
#4005 = EDGE_CURVE ( 'NONE', #4863, #5753, #2537, .T. ) ;
#4006 = DIRECTION ( 'NONE',  ( 0.7071067811865522357, -3.304593912986794164E-33, -0.7071067811865429098 ) ) ;
#4007 = APPLICATION_PROTOCOL_DEFINITION ( 'draft international standard', 'automotive_design', 1998, #4591 ) ;
#4008 = EDGE_LOOP ( 'NONE', ( #4430, #5580, #3628, #6669 ) ) ;
#4009 = CONTEXT_DEPENDENT_SHAPE_REPRESENTATION ( #5160, #5288 ) ;
#4010 = CARTESIAN_POINT ( 'NONE',  ( 242.0000000000000000, 80.00000000000000000, -2.999999999999994671 ) ) ;
#4011 = DIRECTION ( 'NONE',  ( 4.318084277547222313E-78, 1.000000000000000000, 2.255519665188393748E-46 ) ) ;
#4012 = CARTESIAN_POINT ( 'NONE',  ( 305.0000000000014211, 59.99999999999982947, 18.00000000000000000 ) ) ;
#4013 = DIRECTION ( 'NONE',  ( 0.000000000000000000, 0.000000000000000000, 1.000000000000000000 ) ) ;
#4014 = CARTESIAN_POINT ( 'NONE',  ( 1026.999999999998863, 382.0000000000000568, 0.000000000000000000 ) ) ;
#4015 = EDGE_LOOP ( 'NONE', ( #221, #3431 ) ) ;
#4016 = AXIS2_PLACEMENT_3D ( 'NONE', #1911, #214, #2457 ) ;
#4017 = VERTEX_POINT ( 'NONE', #2288 ) ;
#4018 = EDGE_CURVE ( 'NONE', #5576, #2940, #4081, .T. ) ;
#4019 = ORIENTED_EDGE ( 'NONE', *, *, #2657, .F. ) ;
#4020 = EDGE_CURVE ( 'NONE', #4, #1061, #3971, .T. ) ;
#4021 = CARTESIAN_POINT ( 'NONE',  ( 1026.999999999998863, 382.0000000000000568, 18.00000000000000000 ) ) ;
#4022 = VERTEX_POINT ( 'NONE', #604 ) ;
#4023 = AXIS2_PLACEMENT_3D ( 'NONE', #6660, #5040, #2304 ) ;
#4024 = DIRECTION ( 'NONE',  ( 1.000000000000000000, 0.000000000000000000, 0.000000000000000000 ) ) ;
#4025 = PLANE ( 'NONE',  #6641 ) ;
#4026 = AXIS2_PLACEMENT_3D ( 'NONE', #5718, #768, #5145 ) ;
#4027 = ORIENTED_EDGE ( 'NONE', *, *, #3684, .T. ) ;
#4028 = ORIENTED_EDGE ( 'NONE', *, *, #5295, .F. ) ;
#4029 =( NAMED_UNIT ( * ) SI_UNIT ( $, .STERADIAN. ) SOLID_ANGLE_UNIT ( ) );
#4030 = ORIENTED_EDGE ( 'NONE', *, *, #2564, .T. ) ;
#4031 = CARTESIAN_POINT ( 'NONE',  ( 85.46958070007258357, 725.0000000000000000, 9.500000000000000000 ) ) ;
#4032 = ADVANCED_FACE ( 'NONE', ( #5626 ), #2038, .F. ) ;
#4033 = PRODUCT_RELATED_PRODUCT_CATEGORY ( 'part', '', ( #1062 ) ) ;
#4034 = ORIENTED_EDGE ( 'NONE', *, *, #3913, .F. ) ;
#4035 = UNCERTAINTY_MEASURE_WITH_UNIT (LENGTH_MEASURE( 1.000000000000000082E-05 ), #3687, 'distance_accuracy_value', 'NONE');
#4036 = ADVANCED_FACE ( 'NONE', ( #3134 ), #2963, .F. ) ;
#4037 = ORIENTED_EDGE ( 'NONE', *, *, #2502, .F. ) ;
#4038 = ORIENTED_EDGE ( 'NONE', *, *, #5383, .F. ) ;
#4039 = LINE ( 'NONE', #621, #2247 ) ;
#4040 = CARTESIAN_POINT ( 'NONE',  ( 1073.242640687119774, 654.7573593128788616, 11.99999999999999822 ) ) ;
#4041 = FILL_AREA_STYLE_COLOUR ( '', #2115 ) ;
#4042 = VERTEX_POINT ( 'NONE', #6588 ) ;
#4043 = ORIENTED_EDGE ( 'NONE', *, *, #5106, .T. ) ;
#4044 = ORIENTED_EDGE ( 'NONE', *, *, #6433, .T. ) ;
#4045 = FACE_BOUND ( 'NONE', #4577, .T. ) ;
#4046 = ORIENTED_EDGE ( 'NONE', *, *, #2880, .F. ) ;
#4047 = FACE_BOUND ( 'NONE', #524, .T. ) ;
#4048 = ORIENTED_EDGE ( 'NONE', *, *, #1540, .T. ) ;
#4049 = AXIS2_PLACEMENT_3D ( 'NONE', #6902, #6758, #5189 ) ;
#4050 = CARTESIAN_POINT ( 'NONE',  ( 111.2426406871194473, 92.75735931288359382, 11.99999999999999822 ) ) ;
#4051 = DIRECTION ( 'NONE',  ( 0.000000000000000000, 0.000000000000000000, 1.000000000000000000 ) ) ;
#4052 = VECTOR ( 'NONE', #1978, 1000.000000000000000 ) ;
#4053 = EDGE_LOOP ( 'NONE', ( #867, #5228, #1977, #1536 ) ) ;
#4054 = EDGE_CURVE ( 'NONE', #4832, #2315, #4328, .T. ) ;
#4055 = CIRCLE ( 'NONE', #4134, 2.999999999999996003 ) ;
#4056 = ORIENTED_EDGE ( 'NONE', *, *, #5573, .T. ) ;
#4057 = SHAPE_REPRESENTATION ( 'A000557-TAPASXXXTAPA', ( #1321 ), #2051 ) ;
#4058 = AXIS2_PLACEMENT_3D ( 'NONE', #1234, #1306, #3449 ) ;
#4059 = CARTESIAN_POINT ( 'NONE',  ( -404.4999999999999432, 20.00000000000000355, 9.000000000000007105 ) ) ;
#4060 = CIRCLE ( 'NONE', #2732, 3.000000000000002665 ) ;
#4061 = ORIENTED_EDGE ( 'NONE', *, *, #6045, .T. ) ;
#4062 = DIRECTION ( 'NONE',  ( 1.000000000000000000, 0.000000000000000000, 0.000000000000000000 ) ) ;
#4063 = CIRCLE ( 'NONE', #586, 3.000000000000002665 ) ;
#4064 = DIRECTION ( 'NONE',  ( 1.000000000000000000, 0.000000000000000000, 0.000000000000000000 ) ) ;
#4065 = DIRECTION ( 'NONE',  ( -0.000000000000000000, -0.000000000000000000, -1.000000000000000000 ) ) ;
#4066 = DIRECTION ( 'NONE',  ( 1.000000000000000000, 0.000000000000000000, 0.000000000000000000 ) ) ;
#4067 = EDGE_CURVE ( 'NONE', #6249, #27, #6889, .T. ) ;
#4068 = COLOUR_RGB ( '',1.000000000000000000, 1.000000000000000000, 1.000000000000000000 ) ;
#4069 = CIRCLE ( 'NONE', #4346, 2.499999999999946709 ) ;
#4070 = CARTESIAN_POINT ( 'NONE',  ( -248.4999999999997726, 79.99999999999998579, -8.999999999999896971 ) ) ;
#4071 = ADVANCED_FACE ( 'NONE', ( #3647 ), #5188, .F. ) ;
#4072 = AXIS2_PLACEMENT_3D ( 'NONE', #3213, #4353, #7013 ) ;
#4073 = AXIS2_PLACEMENT_3D ( 'NONE', #4609, #5185, #1345 ) ;
#4074 = EDGE_CURVE ( 'NONE', #1424, #4960, #6637, .T. ) ;
#4075 = DIRECTION ( 'NONE',  ( 0.000000000000000000, -0.000000000000000000, 1.000000000000000000 ) ) ;
#4076 = CIRCLE ( 'NONE', #2935, 2.999999999999995559 ) ;
#4077 = CIRCLE ( 'NONE', #708, 2.999999999999996003 ) ;
#4078 = CARTESIAN_POINT ( 'NONE',  ( 76.87005768508983294, 613.1299423149124550, 11.99999999999999822 ) ) ;
#4079 = DIRECTION ( 'NONE',  ( -0.000000000000000000, -0.000000000000000000, 1.000000000000000000 ) ) ;
#4080 =( REPRESENTATION_RELATIONSHIP ('NONE','NONE', #1817, #6549 ) REPRESENTATION_RELATIONSHIP_WITH_TRANSFORMATION ( #3076 )SHAPE_REPRESENTATION_RELATIONSHIP( ) );
#4081 = CIRCLE ( 'NONE', #1886, 2.500000000000002220 ) ;
#4082 = FACE_OUTER_BOUND ( 'NONE', #3783, .T. ) ;
#4083 = CARTESIAN_POINT ( 'NONE',  ( 40.00000000000003553, 49.99999999999993605, 11.99999999999999289 ) ) ;
#4084 = CARTESIAN_POINT ( 'NONE',  ( -370.0000000000000000, 55.00000000000000000, -2.999999999999994671 ) ) ;
#4085 = CARTESIAN_POINT ( 'NONE',  ( 1032.999999999998636, 298.0000000000000000, 18.00000000000000000 ) ) ;
#4086 = FACE_OUTER_BOUND ( 'NONE', #698, .T. ) ;
#4087 = ORIENTED_EDGE ( 'NONE', *, *, #2892, .F. ) ;
#4088 = CARTESIAN_POINT ( 'NONE',  ( 1064.757359312880908, 663.2426406871178415, 11.99999999999999822 ) ) ;
#4089 = CARTESIAN_POINT ( 'NONE',  ( 1029.999999999998408, 414.0000000000002274, 18.00000000000000000 ) ) ;
#4090 = AXIS2_PLACEMENT_3D ( 'NONE', #5814, #3650, #1422 ) ;
#4091 = CARTESIAN_POINT ( 'NONE',  ( -370.0000000000000000, 80.00000000000000000, 0.000000000000000000 ) ) ;
#4092 = VECTOR ( 'NONE', #2558, 1000.000000000000000 ) ;
#4093 = ORIENTED_EDGE ( 'NONE', *, *, #5699, .F. ) ;
#4094 = EDGE_CURVE ( 'NONE', #3715, #6334, #4158, .T. ) ;
#4095 = CARTESIAN_POINT ( 'NONE',  ( 170.0000000000000853, 54.99999999999999289, 0.000000000000000000 ) ) ;
#4096 = EDGE_CURVE ( 'NONE', #689, #709, #1348, .T. ) ;
#4097 = CARTESIAN_POINT ( 'NONE',  ( 1050.000000000000000, 576.0000000000002274, 18.00000000000000000 ) ) ;
#4098 = CARTESIAN_POINT ( 'NONE',  ( 183.0698683933170798, 725.0000000000000000, 21.50000000000000000 ) ) ;
#4099 = ORIENTED_EDGE ( 'NONE', *, *, #1029, .F. ) ;
#4100 = PRESENTATION_LAYER_ASSIGNMENT (  '', '', ( #3736 ) ) ;
#4101 = ORIENTED_EDGE ( 'NONE', *, *, #1502, .F. ) ;
#4102 = ADVANCED_FACE ( 'NONE', ( #2454 ), #1516, .F. ) ;
#4103 = ORIENTED_EDGE ( 'NONE', *, *, #2172, .F. ) ;
#4104 = PLANE ( 'NONE',  #1149 ) ;
#4105 = DIRECTION ( 'NONE',  ( 1.000000000000000000, 0.000000000000000000, 0.000000000000000000 ) ) ;
#4106 = COLOUR_RGB ( '',1.000000000000000000, 1.000000000000000000, 1.000000000000000000 ) ;
#4107 = EDGE_LOOP ( 'NONE', ( #1982, #1964 ) ) ;
#4108 = CARTESIAN_POINT ( 'NONE',  ( 204.5000000000001705, 19.99999999999999645, 8.999999999999896971 ) ) ;
#4109 = CARTESIAN_POINT ( 'NONE',  ( 1027.499999999998636, 265.9999999999998295, 18.00000000000000000 ) ) ;
#4110 = VERTEX_POINT ( 'NONE', #2907 ) ;
#4111 = AXIS2_PLACEMENT_3D ( 'NONE', #2835, #2904, #1217 ) ;
#4112 = ORIENTED_EDGE ( 'NONE', *, *, #2314, .F. ) ;
#4113 = DIRECTION ( 'NONE',  ( -0.000000000000000000, -0.000000000000000000, -1.000000000000000000 ) ) ;
#4114 = ORIENTED_EDGE ( 'NONE', *, *, #4276, .F. ) ;
#4115 = ORIENTED_EDGE ( 'NONE', *, *, #6409, .F. ) ;
#4116 = CARTESIAN_POINT ( 'NONE',  ( 0.000000000000000000, 0.000000000000000000, 18.00000000000000000 ) ) ;
#4117 = FACE_OUTER_BOUND ( 'NONE', #360, .T. ) ;
#4118 = ORIENTED_EDGE ( 'NONE', *, *, #2725, .T. ) ;
#4119 = EDGE_CURVE ( 'NONE', #3864, #5497, #2882, .T. ) ;
#4120 = DIRECTION ( 'NONE',  ( 0.000000000000000000, 0.000000000000000000, 1.000000000000000000 ) ) ;
#4121 = DIRECTION ( 'NONE',  ( 0.000000000000000000, 2.255519665188392192E-46, 1.000000000000000000 ) ) ;
#4122 = VERTEX_POINT ( 'NONE', #6783 ) ;
#4123 = ORIENTED_EDGE ( 'NONE', *, *, #4235, .T. ) ;
#4124 = ORIENTED_EDGE ( 'NONE', *, *, #2436, .T. ) ;
#4125 = DIRECTION ( 'NONE',  ( 4.318084277547222313E-78, 1.000000000000000000, 2.255519665188393748E-46 ) ) ;
#4126 = DIRECTION ( 'NONE',  ( 0.000000000000000000, 0.000000000000000000, 1.000000000000000000 ) ) ;
#4127 = ORIENTED_EDGE ( 'NONE', *, *, #4590, .T. ) ;
#4128 = ORIENTED_EDGE ( 'NONE', *, *, #7027, .T. ) ;
#4129 = APPLICATION_CONTEXT ( 'automotive_design' ) ;
#4130 = DIRECTION ( 'NONE',  ( 0.000000000000000000, 0.000000000000000000, 1.000000000000000000 ) ) ;
#4131 = EDGE_LOOP ( 'NONE', ( #5656, #2912, #2902, #5975 ) ) ;
#4132 = ORIENTED_EDGE ( 'NONE', *, *, #3862, .T. ) ;
#4133 = LINE ( 'NONE', #6650, #6000 ) ;
#4134 = AXIS2_PLACEMENT_3D ( 'NONE', #2554, #6381, #3098 ) ;
#4135 = VERTEX_POINT ( 'NONE', #6808 ) ;
#4136 = DIRECTION ( 'NONE',  ( 0.000000000000000000, -1.000000000000000000, 0.000000000000000000 ) ) ;
#4137 = CARTESIAN_POINT ( 'NONE',  ( -408.5000000000000000, 20.00000000000000355, 9.000000000000007105 ) ) ;
#4138 = VERTEX_POINT ( 'NONE', #1319 ) ;
#4139 = PLANE ( 'NONE',  #4930 ) ;
#4140 = FACE_OUTER_BOUND ( 'NONE', #6072, .T. ) ;
#4141 = ORIENTED_EDGE ( 'NONE', *, *, #6901, .F. ) ;
#4142 = CIRCLE ( 'NONE', #1534, 2.999999999999891642 ) ;
#4143 = ORIENTED_EDGE ( 'NONE', *, *, #3434, .T. ) ;
#4144 = CARTESIAN_POINT ( 'NONE',  ( 919.9999999999986358, 652.0000000000002274, 18.00000000000000000 ) ) ;
#4145 = ADVANCED_FACE ( 'NONE', ( #2711, #3727, #1270, #5102, #2187 ), #4025, .F. ) ;
#4146 = VECTOR ( 'NONE', #6343, 1000.000000000000000 ) ;
#4147 = ORIENTED_EDGE ( 'NONE', *, *, #661, .T. ) ;
#4148 = DIRECTION ( 'NONE',  ( -1.000000000000000000, 0.000000000000000000, 0.000000000000000000 ) ) ;
#4149 = AXIS2_PLACEMENT_3D ( 'NONE', #2132, #6414, #3718 ) ;
#4150 = LINE ( 'NONE', #2975, #465 ) ;
#4151 = SURFACE_STYLE_USAGE ( .BOTH. , #3667 ) ;
#4152 = CYLINDRICAL_SURFACE ( 'NONE', #2104, 2.999999999998808953 ) ;
#4153 = CIRCLE ( 'NONE', #1608, 3.000000000000002665 ) ;
#4154 = DIRECTION ( 'NONE',  ( -1.000000000000000000, 0.000000000000000000, 0.000000000000000000 ) ) ;
#4155 = CARTESIAN_POINT ( 'NONE',  ( 49.99999999999999289, 103.9999999999998721, 18.00000000000000000 ) ) ;
#4156 = FACE_OUTER_BOUND ( 'NONE', #873, .T. ) ;
#4157 = CARTESIAN_POINT ( 'NONE',  ( 70.00000000000135003, 169.9999999999999716, 18.00000000000000000 ) ) ;
#4158 = CIRCLE ( 'NONE', #179, 2.999999999999994671 ) ;
#4159 = DIRECTION ( 'NONE',  ( 0.000000000000000000, 0.000000000000000000, 1.000000000000000000 ) ) ;
#4160 = EDGE_CURVE ( 'NONE', #1152, #6102, #3312, .T. ) ;
#4161 = DIRECTION ( 'NONE',  ( 1.000000000000000000, 0.000000000000000000, 0.000000000000000000 ) ) ;
#4162 = EDGE_CURVE ( 'NONE', #4710, #82, #6278, .T. ) ;
#4163 = FACE_OUTER_BOUND ( 'NONE', #1237, .T. ) ;
#4164 = FACE_OUTER_BOUND ( 'NONE', #6933, .T. ) ;
#4165 = AXIS2_PLACEMENT_3D ( 'NONE', #3536, #4125, #7045 ) ;
#4166 = AXIS2_PLACEMENT_3D ( 'NONE', #131, #672, #694 ) ;
#4167 = CARTESIAN_POINT ( 'NONE',  ( 106.9999999999999005, 690.0000000000000000, 15.49999999999999112 ) ) ;
#4168 = FACE_OUTER_BOUND ( 'NONE', #384, .T. ) ;
#4169 = VECTOR ( 'NONE', #5426, 1000.000000000000000 ) ;
#4170 = ORIENTED_EDGE ( 'NONE', *, *, #4843, .T. ) ;
#4171 = DIRECTION ( 'NONE',  ( 1.000000000000000000, 0.000000000000000000, 0.000000000000000000 ) ) ;
#4172 = ADVANCED_FACE ( 'NONE', ( #3051 ), #6725, .F. ) ;
#4173 = CIRCLE ( 'NONE', #5942, 3.000000000000009770 ) ;
#4174 = ORIENTED_EDGE ( 'NONE', *, *, #4583, .T. ) ;
#4175 = CARTESIAN_POINT ( 'NONE',  ( 370.0000000000000000, 55.00000000000000000, -2.999999999999994671 ) ) ;
#4176 = CARTESIAN_POINT ( 'NONE',  ( -242.0000000000000000, 55.00000000000000000, -2.999999999999994671 ) ) ;
#4177 = DIRECTION ( 'NONE',  ( 0.000000000000000000, -1.000000000000000000, 0.000000000000000000 ) ) ;
#4178 = EDGE_LOOP ( 'NONE', ( #5341, #5157, #5074, #3511 ) ) ;
#4179 = CONTEXT_DEPENDENT_SHAPE_REPRESENTATION ( #6234, #1520 ) ;
#4180 = CARTESIAN_POINT ( 'NONE',  ( 73.00000000000135003, 510.0000000000001137, 0.000000000000000000 ) ) ;
#4181 = AXIS2_PLACEMENT_3D ( 'NONE', #483, #3196, #998 ) ;
#4182 = CARTESIAN_POINT ( 'NONE',  ( 50.00000000000000000, 640.0000000000000000, 0.000000000000000000 ) ) ;
#4183 = ORIENTED_EDGE ( 'NONE', *, *, #1682, .F. ) ;
#4184 = VERTEX_POINT ( 'NONE', #706 ) ;
#4185 = EDGE_CURVE ( 'NONE', #5899, #2913, #5609, .T. ) ;
#4186 = FILL_AREA_STYLE ('',( #4693 ) ) ;
#4187 = ORIENTED_EDGE ( 'NONE', *, *, #1367, .T. ) ;
#4188 = EDGE_CURVE ( 'NONE', #3375, #4832, #3809, .T. ) ;
#4189 = VERTEX_POINT ( 'NONE', #6184 ) ;
#4190 = CARTESIAN_POINT ( 'NONE',  ( 86.05177248089447062, 730.0000000000000000, 21.50000000000000000 ) ) ;
#4191 = VERTEX_POINT ( 'NONE', #3439 ) ;
#4192 = AXIS2_PLACEMENT_3D ( 'NONE', #300, #3045, #2425 ) ;
#4193 = EDGE_LOOP ( 'NONE', ( #4118, #1310, #4629, #4983 ) ) ;
#4194 = CARTESIAN_POINT ( 'NONE',  ( 408.5000000000000000, 20.00000000000000355, -9.000000000000007105 ) ) ;
#4195 = CLOSED_SHELL ( 'NONE', ( #557, #2866, #5687, #5089, #5582, #6256, #4712, #5044, #5355, #2287, #92, #6690, #5787, #5645, #6190, #1332, #1551, #1758, #3328, #1460 ) ) ;
#4196 = CARTESIAN_POINT ( 'NONE',  ( -208.5000000000001990, 19.99999999999999645, -8.999999999999896971 ) ) ;
#4197 = EDGE_CURVE ( 'NONE', #180, #1769, #6966, .T. ) ;
#4198 = ORIENTED_EDGE ( 'NONE', *, *, #3866, .F. ) ;
#4199 = CARTESIAN_POINT ( 'NONE',  ( 144.9999999999999147, 730.0000000000000000, 18.49999999999998579 ) ) ;
#4200 = ORIENTED_EDGE ( 'NONE', *, *, #2544, .F. ) ;
#4201 = CYLINDRICAL_SURFACE ( 'NONE', #472, 5.999999999999339195 ) ;
#4202 = DIRECTION ( 'NONE',  ( -1.000000000000000000, 0.000000000000000000, 0.000000000000000000 ) ) ;
#4203 = AXIS2_PLACEMENT_3D ( 'NONE', #1554, #5301, #6447 ) ;
#4204 = PRESENTATION_LAYER_ASSIGNMENT (  '', '', ( #2980 ) ) ;
#4205 = ORIENTED_EDGE ( 'NONE', *, *, #2774, .F. ) ;
#4206 = EDGE_CURVE ( 'NONE', #3192, #3022, #5006, .T. ) ;
#4207 = DIRECTION ( 'NONE',  ( 0.000000000000000000, 0.000000000000000000, -1.000000000000000000 ) ) ;
#4208 = DIRECTION ( 'NONE',  ( 0.1713727001804919992, 0.9852062716166839484, -0.000000000000000000 ) ) ;
#4209 = ADVANCED_FACE ( 'NONE', ( #5527 ), #5278, .F. ) ;
#4210 = EDGE_LOOP ( 'NONE', ( #2334, #1572 ) ) ;
#4211 = ORIENTED_EDGE ( 'NONE', *, *, #1892, .F. ) ;
#4212 = FACE_OUTER_BOUND ( 'NONE', #5062, .T. ) ;
#4213 = ORIENTED_EDGE ( 'NONE', *, *, #1561, .T. ) ;
#4214 = EDGE_CURVE ( 'NONE', #2917, #180, #5442, .T. ) ;
#4215 = CARTESIAN_POINT ( 'NONE',  ( 73.00000000000133582, 382.0000000000000568, 0.000000000000000000 ) ) ;
#4216 = ORIENTED_EDGE ( 'NONE', *, *, #3133, .T. ) ;
#4217 = ORIENTED_EDGE ( 'NONE', *, *, #4422, .F. ) ;
#4218 = CARTESIAN_POINT ( 'NONE',  ( 182.5000000000015348, 27.99999999999980105, 0.000000000000000000 ) ) ;
#4219 = FACE_BOUND ( 'NONE', #458, .T. ) ;
#4220 = CYLINDRICAL_SURFACE ( 'NONE', #1405, 2.500000000000015987 ) ;
#4221 = VERTEX_POINT ( 'NONE', #2550 ) ;
#4222 = CARTESIAN_POINT ( 'NONE',  ( 1029.999999999998636, 510.0000000000001137, 0.000000000000000000 ) ) ;
#4223 = CYLINDRICAL_SURFACE ( 'NONE', #4619, 5.999999999999339195 ) ;
#4224 = ORIENTED_EDGE ( 'NONE', *, *, #2021, .F. ) ;
#4225 = DIRECTION ( 'NONE',  ( -1.000000000000000000, 0.000000000000000000, 0.000000000000000000 ) ) ;
#4226 = COLOUR_RGB ( '',1.000000000000000000, 1.000000000000000000, 1.000000000000000000 ) ;
#4227 = DIRECTION ( 'NONE',  ( -1.000000000000000000, 0.000000000000000000, 0.000000000000000000 ) ) ;
#4228 = CARTESIAN_POINT ( 'NONE',  ( 788.9999999999987494, 59.99999999999982947, 18.00000000000000000 ) ) ;
#4229 = EDGE_LOOP ( 'NONE', ( #1812, #4818, #6181, #1122 ) ) ;
#4230 = DIRECTION ( 'NONE',  ( 0.9852062716166839484, -0.1713727001804919992, 0.000000000000000000 ) ) ;
#4231 = CARTESIAN_POINT ( 'NONE',  ( 794.9999999999987494, 620.0000000000002274, 18.00000000000000000 ) ) ;
#4232 = UNCERTAINTY_MEASURE_WITH_UNIT (LENGTH_MEASURE( 1.000000000000000082E-05 ), #1654, 'distance_accuracy_value', 'NONE');
#4233 = LINE ( 'NONE', #1775, #2269 ) ;
#4234 = ORIENTED_EDGE ( 'NONE', *, *, #4394, .T. ) ;
#4235 = EDGE_CURVE ( 'NONE', #5235, #3433, #1440, .T. ) ;
#4236 = LINE ( 'NONE', #1944, #5930 ) ;
#4237 = DIRECTION ( 'NONE',  ( -0.000000000000000000, -0.000000000000000000, -1.000000000000000000 ) ) ;
#4238 = EDGE_CURVE ( 'NONE', #628, #4191, #5780, .T. ) ;
#4239 = CARTESIAN_POINT ( 'NONE',  ( 922.9999999999986358, 59.99999999999982947, 18.00000000000000000 ) ) ;
#4240 = CARTESIAN_POINT ( 'NONE',  ( -266.5000000000000568, 0.000000000000000000, 8.999999999999904077 ) ) ;
#4241 = CIRCLE ( 'NONE', #482, 2.999999999999993783 ) ;
#4242 = LINE ( 'NONE', #6957, #6811 ) ;
#4243 = CARTESIAN_POINT ( 'NONE',  ( 922.4999999999985221, 27.99999999999980105, 18.00000000000000000 ) ) ;
#4244 = CYLINDRICAL_SURFACE ( 'NONE', #5129, 3.000000000000002665 ) ;
#4245 = PLANE ( 'NONE',  #4181 ) ;
#4246 = FACE_OUTER_BOUND ( 'NONE', #2328, .T. ) ;
#4247 = DIRECTION ( 'NONE',  ( 0.000000000000000000, 1.000000000000000000, 0.000000000000000000 ) ) ;
#4248 = DIRECTION ( 'NONE',  ( 0.000000000000000000, 0.000000000000000000, 1.000000000000000000 ) ) ;
#4249 = AXIS2_PLACEMENT_3D ( 'NONE', #81, #5575, #6030 ) ;
#4250 = DIRECTION ( 'NONE',  ( 1.000000000000000000, 0.000000000000000000, 0.000000000000000000 ) ) ;
#4251 = LINE ( 'NONE', #6421, #3318 ) ;
#4252 =( LENGTH_UNIT ( ) NAMED_UNIT ( * ) SI_UNIT ( .MILLI., .METRE. ) );
#4253 = EDGE_CURVE ( 'NONE', #4271, #5932, #3987, .T. ) ;
#4254 = EDGE_LOOP ( 'NONE', ( #1320, #309 ) ) ;
#4255 = DIRECTION ( 'NONE',  ( 1.000000000000000000, 0.000000000000000000, 0.000000000000000000 ) ) ;
#4256 = CYLINDRICAL_SURFACE ( 'NONE', #6498, 2.499999999999946709 ) ;
#4257 = CIRCLE ( 'NONE', #4564, 4.000000000000017764 ) ;
#4258 = CARTESIAN_POINT ( 'NONE',  ( 1029.999999999998636, 382.0000000000000568, 0.000000000000000000 ) ) ;
#4259 = CARTESIAN_POINT ( 'NONE',  ( 112.9999999999999432, 583.0000000000048885, 11.99999999999999822 ) ) ;
#4260 = CARTESIAN_POINT ( 'NONE',  ( 52.50000000000001421, 576.0000000000002274, 18.00000000000000000 ) ) ;
#4261 = DIRECTION ( 'NONE',  ( -1.000000000000000000, 0.000000000000000000, 0.000000000000000000 ) ) ;
#4262 = ORIENTED_EDGE ( 'NONE', *, *, #4119, .F. ) ;
#4263 = ADVANCED_FACE ( 'NONE', ( #1599 ), #2539, .F. ) ;
#4264 = EDGE_LOOP ( 'NONE', ( #6338, #3522, #6178, #3972 ) ) ;
#4265 = CARTESIAN_POINT ( 'NONE',  ( 50.00000000000000000, 640.0000000000000000, 0.000000000000000000 ) ) ;
#4266 = CARTESIAN_POINT ( 'NONE',  ( 547.0000000000000000, 510.0000000000000000, 18.00000000000000000 ) ) ;
#4267 = DIRECTION ( 'NONE',  ( 0.000000000000000000, 0.000000000000000000, 1.000000000000000000 ) ) ;
#4268 = VERTEX_POINT ( 'NONE', #3602 ) ;
#4269 =( NAMED_UNIT ( * ) PLANE_ANGLE_UNIT ( ) SI_UNIT ( $, .RADIAN. ) );
#4270 = DIRECTION ( 'NONE',  ( -0.000000000000000000, -0.000000000000000000, -1.000000000000000000 ) ) ;
#4271 = VERTEX_POINT ( 'NONE', #3073 ) ;
#4272 = ORIENTED_EDGE ( 'NONE', *, *, #1416, .F. ) ;
#4273 = AXIS2_PLACEMENT_3D ( 'NONE', #5433, #3846, #3878 ) ;
#4274 = EDGE_LOOP ( 'NONE', ( #356, #5919 ) ) ;
#4275 = EDGE_LOOP ( 'NONE', ( #1748, #1634, #6715, #2576 ) ) ;
#4276 = EDGE_CURVE ( 'NONE', #5630, #5067, #6384, .T. ) ;
#4277 = DIRECTION ( 'NONE',  ( -0.000000000000000000, -0.000000000000000000, -1.000000000000000000 ) ) ;
#4278 = CARTESIAN_POINT ( 'NONE',  ( -448.4999999999998863, 80.00000000000000000, -9.000000000000007105 ) ) ;
#4279 = CARTESIAN_POINT ( 'NONE',  ( 59.99999999999994316, 70.00000000000005684, 15.00000000000001421 ) ) ;
#4280 = ORIENTED_EDGE ( 'NONE', *, *, #5430, .F. ) ;
#4281 = PRODUCT_DEFINITION_CONTEXT ( 'detailed design', #5727, 'design' ) ;
#4282 = EDGE_CURVE ( 'NONE', #6092, #3915, #3897, .T. ) ;
#4283 = ORIENTED_EDGE ( 'NONE', *, *, #2365, .F. ) ;
#4284 = FACE_OUTER_BOUND ( 'NONE', #6337, .T. ) ;
#4285 = DIRECTION ( 'NONE',  ( 1.000000000000000000, 0.000000000000000000, 0.000000000000000000 ) ) ;
#4286 = ORIENTED_EDGE ( 'NONE', *, *, #3370, .T. ) ;
#4287 = AXIS2_PLACEMENT_3D ( 'NONE', #4886, #1619, #3832 ) ;
#4288 = ORIENTED_EDGE ( 'NONE', *, *, #1754, .F. ) ;
#4289 =( NAMED_UNIT ( * ) PLANE_ANGLE_UNIT ( ) SI_UNIT ( $, .RADIAN. ) );
#4290 = EDGE_LOOP ( 'NONE', ( #386, #3539, #4644, #6953 ) ) ;
#4291 = VERTEX_POINT ( 'NONE', #335 ) ;
#4292 = FACE_OUTER_BOUND ( 'NONE', #6001, .T. ) ;
#4293 = EDGE_LOOP ( 'NONE', ( #1988, #1457 ) ) ;
#4294 = DIRECTION ( 'NONE',  ( 1.000000000000000000, 0.000000000000000000, 0.000000000000000000 ) ) ;
#4295 = CARTESIAN_POINT ( 'NONE',  ( 919.9999999999986358, 59.99999999999982947, 18.00000000000000000 ) ) ;
#4296 = EDGE_CURVE ( 'NONE', #2940, #273, #1864, .T. ) ;
#4297 = ORIENTED_EDGE ( 'NONE', *, *, #1313, .F. ) ;
#4298 =( LENGTH_UNIT ( ) NAMED_UNIT ( * ) SI_UNIT ( .MILLI., .METRE. ) );
#4299 = EDGE_LOOP ( 'NONE', ( #1304, #219, #4703, #1816 ) ) ;
#4300 = DIRECTION ( 'NONE',  ( 0.7071067811865171526, 0.7071067811865778818, 0.000000000000000000 ) ) ;
#4301 = AXIS2_PLACEMENT_3D ( 'NONE', #1804, #2267, #1720 ) ;
#4302 = CLOSED_SHELL ( 'NONE', ( #4469, #6398, #5616, #215, #3606, #164, #2896, #1109, #1830, #2499, #6655, #435, #5148, #5329, #387, #2925, #3068, #6122, #3998, #6627, #1962, #4508 ) ) ;
#4303 = LINE ( 'NONE', #4653, #2683 ) ;
#4304 = AXIS2_PLACEMENT_3D ( 'NONE', #6466, #972, #4261 ) ;
#4305 = EDGE_CURVE ( 'NONE', #4607, #889, #4925, .T. ) ;
#4306 = ORIENTED_EDGE ( 'NONE', *, *, #2271, .F. ) ;
#4307 = ORIENTED_EDGE ( 'NONE', *, *, #2330, .F. ) ;
#4308 = CARTESIAN_POINT ( 'NONE',  ( 144.9999999999999147, 690.0000000000000000, 12.49999999999999467 ) ) ;
#4309 = CIRCLE ( 'NONE', #4883, 2.499999999999946709 ) ;
#4310 = VERTEX_POINT ( 'NONE', #6347 ) ;
#4311 = CARTESIAN_POINT ( 'NONE',  ( 278.5000000000014779, 59.99999999999982947, 18.00000000000000000 ) ) ;
#4312 = ORIENTED_EDGE ( 'NONE', *, *, #2880, .T. ) ;
#4313 = CARTESIAN_POINT ( 'NONE',  ( 448.5000000000000000, 0.000000000000000000, -9.000000000000007105 ) ) ;
#4314 = CARTESIAN_POINT ( 'NONE',  ( 553.0000000000000000, 169.9999999999999716, 18.00000000000000000 ) ) ;
#4315 = VECTOR ( 'NONE', #3624, 1000.000000000000000 ) ;
#4316 = ORIENTED_EDGE ( 'NONE', *, *, #3913, .T. ) ;
#4317 = LINE ( 'NONE', #5692, #6632 ) ;
#4318 = DIRECTION ( 'NONE',  ( 0.000000000000000000, 0.000000000000000000, 1.000000000000000000 ) ) ;
#4319 = DIRECTION ( 'NONE',  ( 0.000000000000000000, 0.000000000000000000, 1.000000000000000000 ) ) ;
#4320 = DIRECTION ( 'NONE',  ( 1.000000000000000000, 0.000000000000000000, 0.000000000000000000 ) ) ;
#4321 = CARTESIAN_POINT ( 'NONE',  ( 144.9999999999999147, 690.0000000000000000, 15.49999999999998934 ) ) ;
#4322 =( GEOMETRIC_REPRESENTATION_CONTEXT ( 3 ) GLOBAL_UNCERTAINTY_ASSIGNED_CONTEXT ( ( #3732 ) ) GLOBAL_UNIT_ASSIGNED_CONTEXT ( ( #7047, #4289, #6980 ) ) REPRESENTATION_CONTEXT ( 'NONE', 'WORKASPACE' ) );
#4323 = VECTOR ( 'NONE', #4881, 1000.000000000000000 ) ;
#4324 = DIRECTION ( 'NONE',  ( 0.000000000000000000, 1.000000000000000000, 0.000000000000000000 ) ) ;
#4325 = EDGE_CURVE ( 'NONE', #6334, #3715, #2364, .T. ) ;
#4326 = VECTOR ( 'NONE', #842, 1000.000000000000000 ) ;
#4327 = DIRECTION ( 'NONE',  ( 0.000000000000000000, -1.000000000000000000, 0.000000000000000000 ) ) ;
#4328 = CIRCLE ( 'NONE', #5675, 5.999999999999339195 ) ;
#4329 = CARTESIAN_POINT ( 'NONE',  ( 190.0750793453590006, 730.0000000000000000, 0.000000000000000000 ) ) ;
#4330 = EDGE_CURVE ( 'NONE', #154, #4022, #556, .T. ) ;
#4331 = DIRECTION ( 'NONE',  ( 4.318084277547222313E-78, 1.000000000000000000, 2.255519665188393748E-46 ) ) ;
#4332 = CARTESIAN_POINT ( 'NONE',  ( 0.000000000000000000, 0.000000000000000000, 15.00000000000000000 ) ) ;
#4333 = LINE ( 'NONE', #4483, #561 ) ;
#4334 = CYLINDRICAL_SURFACE ( 'NONE', #7030, 3.999999999998837819 ) ;
#4335 = CARTESIAN_POINT ( 'NONE',  ( 80.87005768508868186, 613.1299423149124550, 11.99999999999999822 ) ) ;
#4336 = DIRECTION ( 'NONE',  ( -0.000000000000000000, -0.000000000000000000, -1.000000000000000000 ) ) ;
#4337 = CARTESIAN_POINT ( 'NONE',  ( 276.0000000000014779, 59.99999999999982947, 18.00000000000000000 ) ) ;
#4338 = EDGE_CURVE ( 'NONE', #1727, #6252, #4069, .T. ) ;
#4339 = CARTESIAN_POINT ( 'NONE',  ( 248.0944918928738048, 730.0000000000000000, 9.500000000000000000 ) ) ;
#4340 = CARTESIAN_POINT ( 'NONE',  ( 788.9999999999987494, 59.99999999999982947, 0.000000000000000000 ) ) ;
#4341 = VECTOR ( 'NONE', #75, 1000.000000000000000 ) ;
#4342 = VECTOR ( 'NONE', #818, 1000.000000000000000 ) ;
#4343 = AXIS2_PLACEMENT_3D ( 'NONE', #1539, #5290, #371 ) ;
#4344 = DIRECTION ( 'NONE',  ( 1.000000000000000000, 0.000000000000000000, 0.000000000000000000 ) ) ;
#4345 = CARTESIAN_POINT ( 'NONE',  ( 163.0944918928738616, -2.168404344971008868E-16, 31.00000000000000000 ) ) ;
#4346 = AXIS2_PLACEMENT_3D ( 'NONE', #5326, #4816, #4285 ) ;
#4347 = DIRECTION ( 'NONE',  ( 0.000000000000000000, 0.000000000000000000, 1.000000000000000000 ) ) ;
#4348 = EDGE_CURVE ( 'NONE', #29, #1970, #4751, .T. ) ;
#4349 =( BOUNDED_CURVE ( )  B_SPLINE_CURVE ( 3, ( #1751, #6639, #603, #6155 ),
 .UNSPECIFIED., .F., .F. ) 
 B_SPLINE_CURVE_WITH_KNOTS ( ( 4, 4 ),
 ( 0.3754236079810392424, 1.570796326794894782 ),
 .UNSPECIFIED. ) 
 CURVE ( )  GEOMETRIC_REPRESENTATION_ITEM ( )  RATIONAL_B_SPLINE_CURVE ( ( 1.000000000000000000, 0.8844265230061001404, 0.8844265230061001404, 1.000000000000000000 ) ) 
 REPRESENTATION_ITEM ( '' )  );
#4350 = CIRCLE ( 'NONE', #2616, 3.000000000000002665 ) ;
#4351 = CIRCLE ( 'NONE', #3689, 2.499999999999946709 ) ;
#4352 = EDGE_CURVE ( 'NONE', #689, #770, #2035, .T. ) ;
#4353 = DIRECTION ( 'NONE',  ( 0.000000000000000000, 0.000000000000000000, 1.000000000000000000 ) ) ;
#4354 = ORIENTED_EDGE ( 'NONE', *, *, #3373, .F. ) ;
#4355 = ITEM_DEFINED_TRANSFORMATION ( 'NONE', 'NONE', #1714,  #1321 ) ;
#4356 = EDGE_LOOP ( 'NONE', ( #4087, #862, #858, #3262 ) ) ;
#4357 = ORIENTED_EDGE ( 'NONE', *, *, #6906, .F. ) ;
#4358 = CARTESIAN_POINT ( 'NONE',  ( 0.000000000000000000, 0.000000000000000000, 31.00000000000000000 ) ) ;
#4359 = DIRECTION ( 'NONE',  ( 1.000000000000000000, 0.000000000000000000, 0.000000000000000000 ) ) ;
#4360 = DIRECTION ( 'NONE',  ( 4.318084277547222313E-78, 1.000000000000000000, 2.255519665188393748E-46 ) ) ;
#4361 = EDGE_LOOP ( 'NONE', ( #1110, #3013 ) ) ;
#4362 = DIRECTION ( 'NONE',  ( -0.000000000000000000, -0.000000000000000000, -1.000000000000000000 ) ) ;
#4363 = PRODUCT_DEFINITION_SHAPE ( 'NONE', 'NONE',  #7074 ) ;
#4364 = EDGE_LOOP ( 'NONE', ( #1014, #702 ) ) ;
#4365 = FILL_AREA_STYLE_COLOUR ( '', #5472 ) ;
#4366 = DIRECTION ( 'NONE',  ( 0.000000000000000000, 0.000000000000000000, 1.000000000000000000 ) ) ;
#4367 = EDGE_CURVE ( 'NONE', #364, #3375, #3130, .T. ) ;
#4368 = EDGE_LOOP ( 'NONE', ( #4785, #685 ) ) ;
#4369 = AXIS2_PLACEMENT_3D ( 'NONE', #2044, #4159, #2540 ) ;
#4370 = EDGE_LOOP ( 'NONE', ( #3020, #433, #6438, #1396 ) ) ;
#4371 = CARTESIAN_POINT ( 'NONE',  ( 988.7573593128805669, 92.75735931288596703, 11.99999999999999822 ) ) ;
#4372 = ORIENTED_EDGE ( 'NONE', *, *, #421, .T. ) ;
#4373 = VECTOR ( 'NONE', #1591, 1000.000000000000000 ) ;
#4374 = VERTEX_POINT ( 'NONE', #2600 ) ;
#4375 = CARTESIAN_POINT ( 'NONE',  ( 86.05177248089448483, 730.0000000000000000, 21.50000000000000000 ) ) ;
#4376 = CARTESIAN_POINT ( 'NONE',  ( -42.00000000000003553, 54.99999999999999289, 1.387778780781445676E-14 ) ) ;
#4377 = CARTESIAN_POINT ( 'NONE',  ( 180.0000000000014495, 59.99999999999982947, 0.000000000000000000 ) ) ;
#4378 = ORIENTED_EDGE ( 'NONE', *, *, #1143, .F. ) ;
#4379 = VERTEX_POINT ( 'NONE', #4858 ) ;
#4380 = DIRECTION ( 'NONE',  ( -0.000000000000000000, -0.000000000000000000, -1.000000000000000000 ) ) ;
#4381 = ORIENTED_EDGE ( 'NONE', *, *, #5020, .F. ) ;
#4382 = LINE ( 'NONE', #3777, #1839 ) ;
#4383 = VERTEX_POINT ( 'NONE', #6417 ) ;
#4384 = AXIS2_PLACEMENT_3D ( 'NONE', #2622, #3186, #3738 ) ;
#4385 = ORIENTED_EDGE ( 'NONE', *, *, #2271, .T. ) ;
#4386 = DIRECTION ( 'NONE',  ( -0.000000000000000000, -0.000000000000000000, -1.000000000000000000 ) ) ;
#4387 = FILL_AREA_STYLE ('',( #6079 ) ) ;
#4388 = ORIENTED_EDGE ( 'NONE', *, *, #5788, .T. ) ;
#4389 = VECTOR ( 'NONE', #3609, 1000.000000000000000 ) ;
#4390 = DIRECTION ( 'NONE',  ( 0.000000000000000000, 0.000000000000000000, 1.000000000000000000 ) ) ;
#4391 = VECTOR ( 'NONE', #3532, 1000.000000000000000 ) ;
#4392 = EDGE_CURVE ( 'NONE', #5670, #793, #735, .T. ) ;
#4393 = ORIENTED_EDGE ( 'NONE', *, *, #3794, .T. ) ;
#4394 = EDGE_CURVE ( 'NONE', #4827, #1226, #5697, .T. ) ;
#4395 =( LENGTH_UNIT ( ) NAMED_UNIT ( * ) SI_UNIT ( .MILLI., .METRE. ) );
#4396 = CARTESIAN_POINT ( 'NONE',  ( 0.000000000000000000, 0.000000000000000000, 0.000000000000000000 ) ) ;
#4397 = ORIENTED_EDGE ( 'NONE', *, *, #2843, .T. ) ;
#4398 = VECTOR ( 'NONE', #1513, 1000.000000000000000 ) ;
#4399 = ORIENTED_EDGE ( 'NONE', *, *, #5651, .F. ) ;
#4400 = CARTESIAN_POINT ( 'NONE',  ( 922.9999999999986358, 620.0000000000002274, 18.00000000000000000 ) ) ;
#4401 = PRODUCT_DEFINITION_CONTEXT ( 'detailed design', #3444, 'design' ) ;
#4402 = PLANE ( 'NONE',  #3569 ) ;
#4403 = ADVANCED_FACE ( 'NONE', ( #231 ), #2101, .T. ) ;
#4404 = DIRECTION ( 'NONE',  ( -1.000000000000000000, 0.000000000000000000, 0.000000000000000000 ) ) ;
#4405 = CARTESIAN_POINT ( 'NONE',  ( 1069.000000000000000, 20.99999999999849720, 11.99999999999999822 ) ) ;
#4406 = DIRECTION ( 'NONE',  ( 1.000000000000000000, 0.000000000000000000, 0.000000000000000000 ) ) ;
#4407 = PRODUCT_RELATED_PRODUCT_CATEGORY ( 'part', '', ( #548 ) ) ;
#4408 = ORIENTED_EDGE ( 'NONE', *, *, #4795, .F. ) ;
#4409 = LINE ( 'NONE', #501, #7041 ) ;
#4410 = DIRECTION ( 'NONE',  ( -1.000000000000000000, 0.000000000000000000, 0.000000000000000000 ) ) ;
#4411 = DIRECTION ( 'NONE',  ( 0.000000000000000000, 0.000000000000000000, 1.000000000000000000 ) ) ;
#4412 = FACE_BOUND ( 'NONE', #1229, .T. ) ;
#4413 = CARTESIAN_POINT ( 'NONE',  ( 788.9999999999987494, 620.0000000000002274, 0.000000000000000000 ) ) ;
#4414 = VECTOR ( 'NONE', #3190, 1000.000000000000114 ) ;
#4415 = CARTESIAN_POINT ( 'NONE',  ( 26.75735931288094349, 654.7573593128790890, 18.00000000000000000 ) ) ;
#4416 = DIRECTION ( 'NONE',  ( -0.000000000000000000, -0.000000000000000000, -1.000000000000000000 ) ) ;
#4417 = AXIS2_PLACEMENT_3D ( 'NONE', #55, #3353, #4927 ) ;
#4418 = CYLINDRICAL_SURFACE ( 'NONE', #6372, 5.999999999999950262 ) ;
#4419 = SURFACE_STYLE_USAGE ( .BOTH. , #2273 ) ;
#4420 = VECTOR ( 'NONE', #3614, 1000.000000000000000 ) ;
#4421 = DIRECTION ( 'NONE',  ( -0.000000000000000000, -1.000000000000000000, -0.000000000000000000 ) ) ;
#4422 = EDGE_CURVE ( 'NONE', #4568, #1140, #2624, .T. ) ;
#4423 = DIRECTION ( 'NONE',  ( 0.000000000000000000, 0.000000000000000000, 1.000000000000000000 ) ) ;
#4424 = VECTOR ( 'NONE', #4360, 1000.000000000000000 ) ;
#4425 = LINE ( 'NONE', #5238, #6478 ) ;
#4426 = CARTESIAN_POINT ( 'NONE',  ( 144.9999999999999147, 690.0000000000000000, 12.49999999999999289 ) ) ;
#4427 = AXIS2_PLACEMENT_3D ( 'NONE', #2877, #763, #742 ) ;
#4428 = CARTESIAN_POINT ( 'NONE',  ( 922.4999999999985221, 652.0000000000002274, 18.00000000000000000 ) ) ;
#4429 = DIRECTION ( 'NONE',  ( 0.000000000000000000, -1.000000000000000000, 0.000000000000000000 ) ) ;
#4430 = ORIENTED_EDGE ( 'NONE', *, *, #6670, .F. ) ;
#4431 = CARTESIAN_POINT ( 'NONE',  ( 0.000000000000000000, 0.000000000000000000, 0.000000000000000000 ) ) ;
#4432 = CIRCLE ( 'NONE', #2708, 4.000000000000003553 ) ;
#4433 = VECTOR ( 'NONE', #6049, 1000.000000000000000 ) ;
#4434 = EDGE_LOOP ( 'NONE', ( #4128, #1492 ) ) ;
#4435 = EDGE_CURVE ( 'NONE', #154, #4882, #4242, .T. ) ;
#4436 = DIRECTION ( 'NONE',  ( 0.000000000000000000, -1.000000000000000000, 0.000000000000000000 ) ) ;
#4437 = PLANE ( 'NONE',  #2652 ) ;
#4438 = ADVANCED_FACE ( 'NONE', ( #5861 ), #2110, .F. ) ;
#4439 = AXIS2_PLACEMENT_3D ( 'NONE', #4155, #1989, #2557 ) ;
#4440 = VERTEX_POINT ( 'NONE', #4243 ) ;
#4441 = CARTESIAN_POINT ( 'NONE',  ( 26.75735931287998781, 25.24264068711814701, 11.99999999999999822 ) ) ;
#4442 = CONTEXT_DEPENDENT_SHAPE_REPRESENTATION ( #5230, #2437 ) ;
#4443 =( NAMED_UNIT ( * ) SI_UNIT ( $, .STERADIAN. ) SOLID_ANGLE_UNIT ( ) );
#4444 = CARTESIAN_POINT ( 'NONE',  ( 84.99999999999992895, 730.0000000000000000, 16.00000000000000000 ) ) ;
#4445 = ORIENTED_EDGE ( 'NONE', *, *, #2462, .F. ) ;
#4446 = VERTEX_POINT ( 'NONE', #481 ) ;
#4447 = DIRECTION ( 'NONE',  ( -0.000000000000000000, -0.000000000000000000, -1.000000000000000000 ) ) ;
#4448 = CARTESIAN_POINT ( 'NONE',  ( -600.0000000000002274, 0.000000000000000000, -400.0000000000002274 ) ) ;
#4449 = CARTESIAN_POINT ( 'NONE',  ( 59.99999999999994316, 70.00000000000005684, 15.00000000000001421 ) ) ;
#4450 = UNCERTAINTY_MEASURE_WITH_UNIT (LENGTH_MEASURE( 1.000000000000000082E-05 ), #3307, 'distance_accuracy_value', 'NONE');
#4451 = ORIENTED_EDGE ( 'NONE', *, *, #4714, .T. ) ;
#4452 = ORIENTED_EDGE ( 'NONE', *, *, #5587, .T. ) ;
#4453 = ORIENTED_EDGE ( 'NONE', *, *, #2593, .T. ) ;
#4454 = ORIENTED_EDGE ( 'NONE', *, *, #2094, .T. ) ;
#4455 = CARTESIAN_POINT ( 'NONE',  ( 70.00000000000133582, 414.0000000000000568, 18.00000000000000000 ) ) ;
#4456 = MECHANICAL_DESIGN_GEOMETRIC_PRESENTATION_REPRESENTATION (  '', ( #6696 ), #4322 ) ;
#4457 = CARTESIAN_POINT ( 'NONE',  ( 553.0000000000000000, 169.9999999999999716, 18.00000000000000000 ) ) ;
#4458 = VERTEX_POINT ( 'NONE', #4218 ) ;
#4459 = LINE ( 'NONE', #2879, #96 ) ;
#4460 = DIRECTION ( 'NONE',  ( 1.000000000000000000, 0.000000000000000000, 0.000000000000000000 ) ) ;
#4461 = ORIENTED_EDGE ( 'NONE', *, *, #1538, .F. ) ;
#4462 = EDGE_CURVE ( 'NONE', #5387, #5989, #5605, .T. ) ;
#4463 = ORIENTED_EDGE ( 'NONE', *, *, #5025, .F. ) ;
#4464 = DIRECTION ( 'NONE',  ( 0.000000000000000000, -1.000000000000000000, 0.000000000000000000 ) ) ;
#4465 = ORIENTED_EDGE ( 'NONE', *, *, #5271, .T. ) ;
#4466 = DIRECTION ( 'NONE',  ( -0.000000000000000000, -0.000000000000000000, -1.000000000000000000 ) ) ;
#4467 = EDGE_CURVE ( 'NONE', #2070, #1136, #4153, .T. ) ;
#4468 = VERTEX_POINT ( 'NONE', #4314 ) ;
#4469 = ADVANCED_FACE ( 'NONE', ( #2706 ), #6464, .F. ) ;
#4470 = VECTOR ( 'NONE', #5717, 1000.000000000000000 ) ;
#4471 = EDGE_LOOP ( 'NONE', ( #1021, #1626, #2789, #1223 ) ) ;
#4472 = AXIS2_PLACEMENT_3D ( 'NONE', #5551, #1788, #1734 ) ;
#4473 = ORIENTED_EDGE ( 'NONE', *, *, #5850, .F. ) ;
#4474 = CARTESIAN_POINT ( 'NONE',  ( 1050.000000000000000, 576.0000000000002274, 0.000000000000000000 ) ) ;
#4475 = PLANE ( 'NONE',  #2964 ) ;
#4476 = ADVANCED_FACE ( 'NONE', ( #4671, #1263, #6884 ), #5417, .F. ) ;
#4477 = VERTEX_POINT ( 'NONE', #2625 ) ;
#4478 = FACE_BOUND ( 'NONE', #4368, .T. ) ;
#4479 = ORIENTED_EDGE ( 'NONE', *, *, #5066, .T. ) ;
#4480 = DIRECTION ( 'NONE',  ( 1.000000000000000000, 0.000000000000000000, 0.000000000000000000 ) ) ;
#4481 = CIRCLE ( 'NONE', #2588, 4.000000000000017764 ) ;
#4482 = DIRECTION ( 'NONE',  ( 0.000000000000000000, 0.000000000000000000, -1.000000000000000000 ) ) ;
#4483 = CARTESIAN_POINT ( 'NONE',  ( 183.9395984443614793, 730.0000000000000000, 9.500000000000000000 ) ) ;
#4484 = ORIENTED_EDGE ( 'NONE', *, *, #1289, .F. ) ;
#4485 = EDGE_CURVE ( 'NONE', #3258, #1461, #4921, .T. ) ;
#4486 = UNCERTAINTY_MEASURE_WITH_UNIT (LENGTH_MEASURE( 1.000000000000000082E-05 ), #4252, 'distance_accuracy_value', 'NONE');
#4487 = CARTESIAN_POINT ( 'NONE',  ( 177.5000000000015064, 27.99999999999980105, 18.00000000000000000 ) ) ;
#4488 = LINE ( 'NONE', #1594, #6872 ) ;
#4489 = VERTEX_POINT ( 'NONE', #4978 ) ;
#4490 = CIRCLE ( 'NONE', #6329, 3.000000000000002665 ) ;
#4491 = AXIS2_PLACEMENT_3D ( 'NONE', #1456, #2547, #6378 ) ;
#4492 = ORIENTED_EDGE ( 'NONE', *, *, #5749, .F. ) ;
#4493 = CARTESIAN_POINT ( 'NONE',  ( -466.5000000000000000, 0.000000000000000000, -9.000000000000007105 ) ) ;
#4494 = DIRECTION ( 'NONE',  ( 1.000000000000000000, 0.000000000000000000, 0.000000000000000000 ) ) ;
#4495 = LINE ( 'NONE', #1274, #2356 ) ;
#4496 = ORIENTED_EDGE ( 'NONE', *, *, #3432, .F. ) ;
#4497 = EDGE_CURVE ( 'NONE', #1140, #5395, #5011, .T. ) ;
#4498 = LINE ( 'NONE', #4059, #1588 ) ;
#4499 = APPLICATION_PROTOCOL_DEFINITION ( 'draft international standard', 'automotive_design', 1998, #6736 ) ;
#4500 = DIRECTION ( 'NONE',  ( -1.000000000000000000, 0.000000000000000000, 0.000000000000000000 ) ) ;
#4501 = VECTOR ( 'NONE', #1213, 1000.000000000000000 ) ;
#4502 = DIRECTION ( 'NONE',  ( 1.000000000000000000, 0.000000000000000000, 0.000000000000000000 ) ) ;
#4503 = DIRECTION ( 'NONE',  ( 0.000000000000000000, 1.000000000000000000, 0.000000000000000000 ) ) ;
#4504 = AXIS2_PLACEMENT_3D ( 'NONE', #4874, #3755, #1088 ) ;
#4505 = CIRCLE ( 'NONE', #5758, 6.000000000000768274 ) ;
#4506 = DIRECTION ( 'NONE',  ( -0.1713727001804919992, -0.9852062716166839484, 0.000000000000000000 ) ) ;
#4507 = DIRECTION ( 'NONE',  ( 1.000000000000000000, 0.000000000000000000, 0.000000000000000000 ) ) ;
#4508 = ADVANCED_FACE ( 'NONE', ( #225 ), #1943, .F. ) ;
#4509 = CARTESIAN_POINT ( 'NONE',  ( 412.5000000000000000, 20.00000000000000355, -9.000000000000007105 ) ) ;
#4510 = DIRECTION ( 'NONE',  ( -0.000000000000000000, -0.000000000000000000, -1.000000000000000000 ) ) ;
#4511 = FACE_OUTER_BOUND ( 'NONE', #2058, .T. ) ;
#4512 = CIRCLE ( 'NONE', #6848, 3.000000000000006217 ) ;
#4513 = DIRECTION ( 'NONE',  ( 1.000000000000000000, 0.000000000000000000, 0.000000000000000000 ) ) ;
#4514 =( GEOMETRIC_REPRESENTATION_CONTEXT ( 3 ) GLOBAL_UNCERTAINTY_ASSIGNED_CONTEXT ( ( #1202 ) ) GLOBAL_UNIT_ASSIGNED_CONTEXT ( ( #6610, #4984, #1413 ) ) REPRESENTATION_CONTEXT ( 'NONE', 'WORKASPACE' ) );
#4515 = APPLICATION_PROTOCOL_DEFINITION ( 'draft international standard', 'automotive_design', 1998, #3933 ) ;
#4516 = LINE ( 'NONE', #6596, #4341 ) ;
#4517 = FACE_OUTER_BOUND ( 'NONE', #430, .T. ) ;
#4518 = DIRECTION ( 'NONE',  ( 0.000000000000000000, 1.000000000000000000, 0.000000000000000000 ) ) ;
#4519 = DIRECTION ( 'NONE',  ( -0.000000000000000000, -0.000000000000000000, -1.000000000000000000 ) ) ;
#4520 = CARTESIAN_POINT ( 'NONE',  ( 1064.757359312880908, 663.2426406871178415, 18.00000000000000000 ) ) ;
#4521 = FACE_OUTER_BOUND ( 'NONE', #2142, .T. ) ;
#4522 = EDGE_LOOP ( 'NONE', ( #4657, #4183, #1218, #369 ) ) ;
#4523 = CARTESIAN_POINT ( 'NONE',  ( 0.000000000000000000, 0.000000000000000000, 18.00000000000000000 ) ) ;
#4524 = CARTESIAN_POINT ( 'NONE',  ( 1029.999999999998636, 169.9999999999999432, 18.00000000000000000 ) ) ;
#4525 = AXIS2_PLACEMENT_3D ( 'NONE', #332, #3159, #6975 ) ;
#4526 = DIRECTION ( 'NONE',  ( -0.000000000000000000, -0.000000000000000000, -1.000000000000000000 ) ) ;
#4527 = ORIENTED_EDGE ( 'NONE', *, *, #1974, .F. ) ;
#4528 = EDGE_LOOP ( 'NONE', ( #3713, #1130, #4738, #5969 ) ) ;
#4529 = EDGE_CURVE ( 'NONE', #6703, #2062, #2533, .T. ) ;
#4530 = EDGE_CURVE ( 'NONE', #597, #5322, #4586, .T. ) ;
#4531 = DIRECTION ( 'NONE',  ( -0.000000000000000000, -0.000000000000000000, -1.000000000000000000 ) ) ;
#4532 = AXIS2_PLACEMENT_3D ( 'NONE', #2984, #4051, #238 ) ;
#4533 = DIRECTION ( 'NONE',  ( 1.000000000000000000, 0.000000000000000000, 0.000000000000000000 ) ) ;
#4534 = DIRECTION ( 'NONE',  ( 1.000000000000000000, 0.000000000000000000, 0.000000000000000000 ) ) ;
#4535 = ORIENTED_EDGE ( 'NONE', *, *, #2690, .F. ) ;
#4536 = EDGE_LOOP ( 'NONE', ( #2563, #6511 ) ) ;
#4537 = CARTESIAN_POINT ( 'NONE',  ( 1136.620372809352148, -725.0000000000003411, -24.70047836460180335 ) ) ;
#4538 = CARTESIAN_POINT ( 'NONE',  ( 0.000000000000000000, 0.000000000000000000, 31.00000000000000000 ) ) ;
#4539 = ADVANCED_FACE ( 'NONE', ( #317 ), #3807, .F. ) ;
#4540 = ORIENTED_EDGE ( 'NONE', *, *, #4675, .F. ) ;
#4541 = EDGE_LOOP ( 'NONE', ( #5588, #870, #1389, #6842, #1564 ) ) ;
#4542 = DIRECTION ( 'NONE',  ( 0.000000000000000000, 0.000000000000000000, 1.000000000000000000 ) ) ;
#4543 = DIRECTION ( 'NONE',  ( -0.000000000000000000, -0.000000000000000000, 1.000000000000000000 ) ) ;
#4544 = VERTEX_POINT ( 'NONE', #6580 ) ;
#4545 = ADVANCED_FACE ( 'NONE', ( #1861 ), #6563, .T. ) ;
#4546 = CARTESIAN_POINT ( 'NONE',  ( 170.0000000000000853, 54.99999999999999289, 2.999999999999996003 ) ) ;
#4547 = ORIENTED_EDGE ( 'NONE', *, *, #4590, .F. ) ;
#4548 = ORIENTED_EDGE ( 'NONE', *, *, #3106, .T. ) ;
#4549 = CARTESIAN_POINT ( 'NONE',  ( 144.9999999999999147, 690.0000000000000000, 18.49999999999998579 ) ) ;
#4550 = ORIENTED_EDGE ( 'NONE', *, *, #917, .F. ) ;
#4551 = CIRCLE ( 'NONE', #6840, 2.499999999999946709 ) ;
#4552 = VERTEX_POINT ( 'NONE', #3851 ) ;
#4553 = PLANE ( 'NONE',  #306 ) ;
#4554 = AXIS2_PLACEMENT_3D ( 'NONE', #6599, #6123, #1691 ) ;
#4555 = ORIENTED_EDGE ( 'NONE', *, *, #1471, .T. ) ;
#4556 = EDGE_LOOP ( 'NONE', ( #4698, #4473 ) ) ;
#4557 = CARTESIAN_POINT ( 'NONE',  ( 107.0000000000000000, 583.0000000000048885, 11.99999999999999822 ) ) ;
#4558 = CIRCLE ( 'NONE', #4554, 5.999999999999950262 ) ;
#4559 = DIRECTION ( 'NONE',  ( -1.000000000000000000, 0.000000000000000000, 0.000000000000000000 ) ) ;
#4560 = ORIENTED_EDGE ( 'NONE', *, *, #2224, .T. ) ;
#4561 = EDGE_CURVE ( 'NONE', #3715, #1552, #1434, .T. ) ;
#4562 = ORIENTED_EDGE ( 'NONE', *, *, #6858, .T. ) ;
#4563 = DIRECTION ( 'NONE',  ( 0.000000000000000000, 0.000000000000000000, 1.000000000000000000 ) ) ;
#4564 = AXIS2_PLACEMENT_3D ( 'NONE', #3381, #2201, #5024 ) ;
#4565 = DIRECTION ( 'NONE',  ( -0.000000000000000000, -0.000000000000000000, -1.000000000000000000 ) ) ;
#4566 = ORIENTED_EDGE ( 'NONE', *, *, #4850, .F. ) ;
#4567 = CYLINDRICAL_SURFACE ( 'NONE', #4982, 2.999999999999994671 ) ;
#4568 = VERTEX_POINT ( 'NONE', #5998 ) ;
#4569 = FACE_BOUND ( 'NONE', #4536, .T. ) ;
#4570 = ORIENTED_EDGE ( 'NONE', *, *, #72, .T. ) ;
#4571 = CARTESIAN_POINT ( 'NONE',  ( 106.9999999999999005, 730.0000000000000000, 12.49999999999999645 ) ) ;
#4572 = AXIS2_PLACEMENT_3D ( 'NONE', #3918, #1210, #5028 ) ;
#4573 = DIRECTION ( 'NONE',  ( 0.000000000000000000, 0.000000000000000000, 1.000000000000000000 ) ) ;
#4574 = DIRECTION ( 'NONE',  ( -1.899384981211278352E-46, 0.000000000000000000, 1.000000000000000000 ) ) ;
#4575 = CARTESIAN_POINT ( 'NONE',  ( 266.5000000000002274, 80.00000000000000000, 8.999999999999904077 ) ) ;
#4576 = CIRCLE ( 'NONE', #6582, 3.000000000000009770 ) ;
#4577 = EDGE_LOOP ( 'NONE', ( #4893, #3366 ) ) ;
#4578 = EDGE_CURVE ( 'NONE', #2265, #3612, #6205, .T. ) ;
#4579 = ADVANCED_FACE ( 'NONE', ( #398 ), #3641, .F. ) ;
#4580 = AXIS2_PLACEMENT_3D ( 'NONE', #5844, #6401, #979 ) ;
#4581 = FACE_OUTER_BOUND ( 'NONE', #429, .T. ) ;
#4582 = AXIS2_PLACEMENT_3D ( 'NONE', #4638, #1373, #1946 ) ;
#4583 = EDGE_CURVE ( 'NONE', #3198, #5591, #4409, .T. ) ;
#4584 = VERTEX_POINT ( 'NONE', #2791 ) ;
#4585 = CARTESIAN_POINT ( 'NONE',  ( 1073.242640687119774, 654.7573593128788616, 11.99999999999999822 ) ) ;
#4586 = LINE ( 'NONE', #2182, #3218 ) ;
#4587 = DIRECTION ( 'NONE',  ( -1.000000000000000000, 0.000000000000000000, 0.000000000000000000 ) ) ;
#4588 = ADVANCED_FACE ( 'NONE', ( #1774 ), #5944, .F. ) ;
#4589 = CARTESIAN_POINT ( 'NONE',  ( 58.01941254751481125, -2.024254279067401983E-17, 6.213203435596425628 ) ) ;
#4590 = EDGE_CURVE ( 'NONE', #5816, #2851, #3980, .T. ) ;
#4591 = APPLICATION_CONTEXT ( 'automotive_design' ) ;
#4592 = VECTOR ( 'NONE', #922, 1000.000000000000000 ) ;
#4593 = CARTESIAN_POINT ( 'NONE',  ( 42.00000000000009237, 80.00000000000000000, 2.999999999999787725 ) ) ;
#4594 = CIRCLE ( 'NONE', #4673, 2.499999999999946709 ) ;
#4595 = DIRECTION ( 'NONE',  ( -0.000000000000000000, -0.000000000000000000, -1.000000000000000000 ) ) ;
#4596 = FACE_BOUND ( 'NONE', #3288, .T. ) ;
#4597 = CARTESIAN_POINT ( 'NONE',  ( 1026.999999999998863, 510.0000000000001137, 18.00000000000000000 ) ) ;
#4598 = CARTESIAN_POINT ( 'NONE',  ( 600.0000000000004547, 0.000000000000000000, 400.0000000000001705 ) ) ;
#4599 = DIRECTION ( 'NONE',  ( 1.000000000000000000, 0.000000000000000000, 0.000000000000000000 ) ) ;
#4600 = VECTOR ( 'NONE', #6640, 1000.000000000000000 ) ;
#4601 = VECTOR ( 'NONE', #1651, 1000.000000000000000 ) ;
#4602 = EDGE_CURVE ( 'NONE', #3705, #2813, #6028, .T. ) ;
#4603 = PLANE ( 'NONE',  #2668 ) ;
#4604 = PRODUCT_DEFINITION_SHAPE ( 'NONE', 'NONE',  #7070 ) ;
#4605 = CARTESIAN_POINT ( 'NONE',  ( 170.0000000000000853, 54.99999999999999289, -2.999999999999994671 ) ) ;
#4606 = CYLINDRICAL_SURFACE ( 'NONE', #869, 4.000000000000017764 ) ;
#4607 = VERTEX_POINT ( 'NONE', #1715 ) ;
#4608 = EDGE_CURVE ( 'NONE', #3869, #2081, #6119, .T. ) ;
#4609 = CARTESIAN_POINT ( 'NONE',  ( 170.0000000000000853, 54.99999999999999289, 0.000000000000000000 ) ) ;
#4610 = AXIS2_PLACEMENT_3D ( 'NONE', #5337, #3678, #5265 ) ;
#4611 = CARTESIAN_POINT ( 'NONE',  ( 0.000000000000000000, 5.999999999999998224, 170.0000000000000568 ) ) ;
#4612 = ADVANCED_FACE ( 'NONE', ( #3390 ), #3048, .F. ) ;
#4613 = ORIENTED_EDGE ( 'NONE', *, *, #1412, .T. ) ;
#4614 = DIRECTION ( 'NONE',  ( -1.000000000000000000, 0.000000000000000000, 0.000000000000000000 ) ) ;
#4615 = DIRECTION ( 'NONE',  ( 1.000000000000000000, 0.000000000000000000, 0.000000000000000000 ) ) ;
#4616 = CARTESIAN_POINT ( 'NONE',  ( 184.9999999999999432, 730.0000000000000000, 15.00000000000000000 ) ) ;
#4617 = DIRECTION ( 'NONE',  ( 0.000000000000000000, 0.000000000000000000, 1.000000000000000000 ) ) ;
#4618 = EDGE_LOOP ( 'NONE', ( #639, #3004 ) ) ;
#4619 = AXIS2_PLACEMENT_3D ( 'NONE', #6200, #5081, #1244 ) ;
#4620 = ORIENTED_EDGE ( 'NONE', *, *, #37, .T. ) ;
#4621 = CARTESIAN_POINT ( 'NONE',  ( -42.00000000000003553, 80.00000000000000000, 3.000000000000023537 ) ) ;
#4622 = PLANE ( 'NONE',  #5117 ) ;
#4623 = ORIENTED_EDGE ( 'NONE', *, *, #1289, .T. ) ;
#4624 = EDGE_CURVE ( 'NONE', #2851, #1560, #6717, .T. ) ;
#4625 = CARTESIAN_POINT ( 'NONE',  ( 102.7573593128805811, 101.2426406871240374, 18.00000000000000000 ) ) ;
#4626 = DIRECTION ( 'NONE',  ( 0.000000000000000000, 0.000000000000000000, 1.000000000000000000 ) ) ;
#4627 = ORIENTED_EDGE ( 'NONE', *, *, #4018, .T. ) ;
#4628 = CARTESIAN_POINT ( 'NONE',  ( 0.000000000000000000, 0.000000000000000000, 31.00000000000000000 ) ) ;
#4629 = ORIENTED_EDGE ( 'NONE', *, *, #3209, .F. ) ;
#4630 = ORIENTED_EDGE ( 'NONE', *, *, #2873, .F. ) ;
#4631 = PRODUCT_DEFINITION_CONTEXT ( 'detailed design', #1303, 'design' ) ;
#4632 = ORIENTED_EDGE ( 'NONE', *, *, #5125, .T. ) ;
#4633 = CARTESIAN_POINT ( 'NONE',  ( 1050.000000000000000, 103.9999999999998721, 18.00000000000000000 ) ) ;
#4634 = LINE ( 'NONE', #3686, #4373 ) ;
#4635 = AXIS2_PLACEMENT_3D ( 'NONE', #2290, #756, #3959 ) ;
#4636 = ORIENTED_EDGE ( 'NONE', *, *, #3370, .F. ) ;
#4637 = DIRECTION ( 'NONE',  ( -0.000000000000000000, -0.000000000000000000, -1.000000000000000000 ) ) ;
#4638 = CARTESIAN_POINT ( 'NONE',  ( -370.0000000000000000, 55.00000000000000000, 0.000000000000000000 ) ) ;
#4639 = VERTEX_POINT ( 'NONE', #1771 ) ;
#4640 = ORIENTED_EDGE ( 'NONE', *, *, #4966, .F. ) ;
#4641 = EDGE_LOOP ( 'NONE', ( #930, #948 ) ) ;
#4642 = CIRCLE ( 'NONE', #6750, 2.999999999999994671 ) ;
#4643 = DIRECTION ( 'NONE',  ( -0.000000000000000000, -0.000000000000000000, 1.000000000000000000 ) ) ;
#4644 = ORIENTED_EDGE ( 'NONE', *, *, #6395, .T. ) ;
#4645 = CLOSED_SHELL ( 'NONE', ( #2253, #3362, #6371, #696, #1719, #2284, #916, #777, #1220, #6759, #667, #4545, #5693 ) ) ;
#4646 = CARTESIAN_POINT ( 'NONE',  ( 40.00000000000003553, 49.99999999999993605, 15.00000000000000000 ) ) ;
#4647 = ADVANCED_FACE ( 'NONE', ( #4745 ), #5855, .F. ) ;
#4648 = ORIENTED_EDGE ( 'NONE', *, *, #2129, .F. ) ;
#4649 = FACE_BOUND ( 'NONE', #2331, .T. ) ;
#4650 = VECTOR ( 'NONE', #1503, 1000.000000000000000 ) ;
#4651 = EDGE_LOOP ( 'NONE', ( #2524, #595, #190, #2418 ) ) ;
#4652 = VERTEX_POINT ( 'NONE', #5082 ) ;
#4653 = CARTESIAN_POINT ( 'NONE',  ( 84.99999999999992895, 730.0000000000000000, 31.00000000000000000 ) ) ;
#4654 = CARTESIAN_POINT ( 'NONE',  ( 67.50000000000133582, 266.0000000000000000, 0.000000000000000000 ) ) ;
#4655 = CARTESIAN_POINT ( 'NONE',  ( 547.0000000000000000, 510.0000000000000000, 18.00000000000000000 ) ) ;
#4656 = FACE_OUTER_BOUND ( 'NONE', #1993, .T. ) ;
#4657 = ORIENTED_EDGE ( 'NONE', *, *, #5648, .T. ) ;
#4658 = EDGE_CURVE ( 'NONE', #2748, #6441, #553, .T. ) ;
#4659 = CIRCLE ( 'NONE', #5783, 2.499999999999946709 ) ;
#4660 = ORIENTED_EDGE ( 'NONE', *, *, #6991, .T. ) ;
#4661 = EDGE_CURVE ( 'NONE', #4981, #2833, #1081, .T. ) ;
#4662 = FACE_OUTER_BOUND ( 'NONE', #302, .T. ) ;
#4663 = ORIENTED_EDGE ( 'NONE', *, *, #490, .T. ) ;
#4664 = LINE ( 'NONE', #147, #5431 ) ;
#4665 = AXIS2_PLACEMENT_3D ( 'NONE', #6668, #1840, #6198 ) ;
#4666 = DIRECTION ( 'NONE',  ( 1.000000000000000000, 0.000000000000000000, 0.000000000000000000 ) ) ;
#4667 = CARTESIAN_POINT ( 'NONE',  ( 276.0000000000014779, 59.99999999999982947, 18.00000000000000000 ) ) ;
#4668 = EDGE_CURVE ( 'NONE', #3351, #4122, #4842, .T. ) ;
#4669 = CYLINDRICAL_SURFACE ( 'NONE', #6674, 3.000000000000009770 ) ;
#4670 = CARTESIAN_POINT ( 'NONE',  ( 72.50000000000133582, 414.0000000000000568, 0.000000000000000000 ) ) ;
#4671 = FACE_BOUND ( 'NONE', #5182, .T. ) ;
#4672 = FILL_AREA_STYLE_COLOUR ( '', #1276 ) ;
#4673 = AXIS2_PLACEMENT_3D ( 'NONE', #1221, #3927, #6182 ) ;
#4674 = AXIS2_PLACEMENT_3D ( 'NONE', #6801, #5669, #2402 ) ;
#4675 = EDGE_CURVE ( 'NONE', #4896, #2445, #6550, .T. ) ;
#4676 = DIRECTION ( 'NONE',  ( -1.000000000000000000, 0.000000000000000000, 0.000000000000000000 ) ) ;
#4677 = CARTESIAN_POINT ( 'NONE',  ( 180.0000000000015064, 27.99999999999980105, 18.00000000000000000 ) ) ;
#4678 = FACE_OUTER_BOUND ( 'NONE', #3861, .T. ) ;
#4679 = CIRCLE ( 'NONE', #6926, 6.000000000000768274 ) ;
#4680 = FACE_OUTER_BOUND ( 'NONE', #1225, .T. ) ;
#4681 = LINE ( 'NONE', #1028, #3227 ) ;
#4682 = DIRECTION ( 'NONE',  ( -1.000000000000000000, 0.000000000000000000, 0.000000000000000000 ) ) ;
#4683 = ADVANCED_FACE ( 'NONE', ( #2179 ), #6148, .F. ) ;
#4684 = CARTESIAN_POINT ( 'NONE',  ( 184.1302699489555437, 725.0000000000001137, 15.00000000000000000 ) ) ;
#4685 = CARTESIAN_POINT ( 'NONE',  ( 988.7573593128804532, 92.75735931288592440, 18.00000000000000000 ) ) ;
#4686 = VECTOR ( 'NONE', #3549, 1000.000000000000114 ) ;
#4687 = VECTOR ( 'NONE', #5712, 1000.000000000000000 ) ;
#4688 = AXIS2_PLACEMENT_3D ( 'NONE', #5328, #5866, #2606 ) ;
#4689 = DIRECTION ( 'NONE',  ( 0.000000000000000000, -1.000000000000000000, 0.000000000000000000 ) ) ;
#4690 = CIRCLE ( 'NONE', #638, 3.000000000000002665 ) ;
#4691 = EDGE_LOOP ( 'NONE', ( #5484, #4213, #5741, #5419 ) ) ;
#4692 = EDGE_CURVE ( 'NONE', #3082, #6321, #1683, .T. ) ;
#4693 = FILL_AREA_STYLE_COLOUR ( '', #394 ) ;
#4694 = UNCERTAINTY_MEASURE_WITH_UNIT (LENGTH_MEASURE( 1.000000000000000082E-05 ), #4298, 'distance_accuracy_value', 'NONE');
#4695 = EDGE_CURVE ( 'NONE', #2848, #5843, #3306, .T. ) ;
#4696 = EDGE_LOOP ( 'NONE', ( #1328, #3956, #4272, #3109, #6439 ) ) ;
#4697 = CARTESIAN_POINT ( 'NONE',  ( 311.0000000000014211, 59.99999999999982947, 0.000000000000000000 ) ) ;
#4698 = ORIENTED_EDGE ( 'NONE', *, *, #1342, .F. ) ;
#4699 = CARTESIAN_POINT ( 'NONE',  ( 997.2426406871200015, 101.2426406871217921, 18.00000000000000000 ) ) ;
#4700 = EDGE_CURVE ( 'NONE', #1803, #3607, #1593, .T. ) ;
#4701 = CARTESIAN_POINT ( 'NONE',  ( 26.75735931287998781, 25.24264068711814701, 11.99999999999999822 ) ) ;
#4702 = EDGE_LOOP ( 'NONE', ( #6500, #1055, #3963, #940 ) ) ;
#4703 = ORIENTED_EDGE ( 'NONE', *, *, #6777, .T. ) ;
#4704 = DIRECTION ( 'NONE',  ( 1.000000000000000000, 0.000000000000000000, 0.000000000000000000 ) ) ;
#4705 = PRESENTATION_LAYER_ASSIGNMENT (  '', '', ( #2884 ) ) ;
#4706 = ORIENTED_EDGE ( 'NONE', *, *, #5469, .T. ) ;
#4707 = ORIENTED_EDGE ( 'NONE', *, *, #917, .T. ) ;
#4708 = AXIS2_PLACEMENT_3D ( 'NONE', #5890, #1490, #4748 ) ;
#4709 = VERTEX_POINT ( 'NONE', #2327 ) ;
#4710 = VERTEX_POINT ( 'NONE', #3456 ) ;
#4711 =( LENGTH_UNIT ( ) NAMED_UNIT ( * ) SI_UNIT ( .MILLI., .METRE. ) );
#4712 = ADVANCED_FACE ( 'NONE', ( #2959 ), #5053, .T. ) ;
#4713 = VERTEX_POINT ( 'NONE', #4549 ) ;
#4714 = EDGE_CURVE ( 'NONE', #4022, #154, #3474, .T. ) ;
#4715 = DIRECTION ( 'NONE',  ( 1.000000000000000000, 0.000000000000000000, 0.000000000000000000 ) ) ;
#4716 = CARTESIAN_POINT ( 'NONE',  ( 80.87005768508868186, 613.1299423149124550, 18.00000000000000000 ) ) ;
#4717 = ORIENTED_EDGE ( 'NONE', *, *, #3467, .F. ) ;
#4718 = ORIENTED_EDGE ( 'NONE', *, *, #4330, .F. ) ;
#4719 = LINE ( 'NONE', #4546, #3173 ) ;
#4720 = DIRECTION ( 'NONE',  ( 0.000000000000000000, 1.000000000000000000, 0.000000000000000000 ) ) ;
#4721 = VERTEX_POINT ( 'NONE', #725 ) ;
#4722 = ORIENTED_EDGE ( 'NONE', *, *, #4966, .T. ) ;
#4723 = ORIENTED_EDGE ( 'NONE', *, *, #4253, .F. ) ;
#4724 = CIRCLE ( 'NONE', #17, 2.999999999999891642 ) ;
#4725 = ORIENTED_EDGE ( 'NONE', *, *, #6063, .F. ) ;
#4726 = CARTESIAN_POINT ( 'NONE',  ( 1073.242640687120002, 25.24264068711528353, 11.99999999999999822 ) ) ;
#4727 = CARTESIAN_POINT ( 'NONE',  ( 1050.000000000000000, 40.00000000000003553, 0.000000000000000000 ) ) ;
#4728 = EDGE_LOOP ( 'NONE', ( #6107, #6434, #2936, #6798 ) ) ;
#4729 = CARTESIAN_POINT ( 'NONE',  ( 242.0000000000000000, 80.00000000000000000, 0.000000000000000000 ) ) ;
#4730 = VERTEX_POINT ( 'NONE', #6073 ) ;
#4731 = CIRCLE ( 'NONE', #5446, 5.999999999999880096 ) ;
#4732 = ORIENTED_EDGE ( 'NONE', *, *, #1007, .T. ) ;
#4733 = LINE ( 'NONE', #4585, #5086 ) ;
#4734 = ORIENTED_EDGE ( 'NONE', *, *, #1653, .T. ) ;
#4735 = CARTESIAN_POINT ( 'NONE',  ( 1069.000000000000000, 658.9999999999985221, 18.00000000000000000 ) ) ;
#4736 = EDGE_CURVE ( 'NONE', #3338, #951, #2277, .T. ) ;
#4737 = VECTOR ( 'NONE', #4763, 1000.000000000000000 ) ;
#4738 = ORIENTED_EDGE ( 'NONE', *, *, #6948, .F. ) ;
#4739 = DIRECTION ( 'NONE',  ( -0.000000000000000000, -0.000000000000000000, -1.000000000000000000 ) ) ;
#4740 = AXIS2_PLACEMENT_3D ( 'NONE', #6427, #431, #6967 ) ;
#4741 = CIRCLE ( 'NONE', #1998, 2.500000000000015987 ) ;
#4742 = PLANE ( 'NONE',  #5087 ) ;
#4743 = FACE_OUTER_BOUND ( 'NONE', #3771, .T. ) ;
#4744 = VERTEX_POINT ( 'NONE', #5602 ) ;
#4745 = FACE_OUTER_BOUND ( 'NONE', #6105, .T. ) ;
#4746 = AXIS2_PLACEMENT_3D ( 'NONE', #5958, #1582, #6546 ) ;
#4747 = DIRECTION ( 'NONE',  ( -1.000000000000000000, 0.000000000000000000, 0.000000000000000000 ) ) ;
#4748 = DIRECTION ( 'NONE',  ( 1.000000000000000000, 0.000000000000000000, 0.000000000000000000 ) ) ;
#4749 = CIRCLE ( 'NONE', #266, 2.499999999999946709 ) ;
#4750 = DIRECTION ( 'NONE',  ( 0.000000000000000000, 0.000000000000000000, -1.000000000000000000 ) ) ;
#4751 = CIRCLE ( 'NONE', #1854, 2.500000000000015987 ) ;
#4752 = DIRECTION ( 'NONE',  ( 0.000000000000000000, 0.000000000000000000, 1.000000000000000000 ) ) ;
#4753 = EDGE_CURVE ( 'NONE', #770, #2484, #5774, .T. ) ;
#4754 = CARTESIAN_POINT ( 'NONE',  ( 919.9999999999986358, 620.0000000000002274, 18.00000000000000000 ) ) ;
#4755 = EDGE_CURVE ( 'NONE', #1065, #6185, #904, .T. ) ;
#4756 = CYLINDRICAL_SURFACE ( 'NONE', #4572, 2.999999999999994671 ) ;
#4757 = CARTESIAN_POINT ( 'NONE',  ( 1029.999999999998636, 298.0000000000000000, 18.00000000000000000 ) ) ;
#4758 = LINE ( 'NONE', #3591, #4420 ) ;
#4759 = PRODUCT ( 'A000557-PATASXXXBASE', 'A000557-PATASXXXBASE', '', ( #1368 ) ) ;
#4760 = AXIS2_PLACEMENT_3D ( 'NONE', #2460, #2937, #2388 ) ;
#4761 = AXIS2_PLACEMENT_3D ( 'NONE', #1784, #5048, #5594 ) ;
#4762 = DIRECTION ( 'NONE',  ( 0.000000000000000000, 0.000000000000000000, 1.000000000000000000 ) ) ;
#4763 = DIRECTION ( 'NONE',  ( -0.000000000000000000, -0.000000000000000000, -1.000000000000000000 ) ) ;
#4764 = VECTOR ( 'NONE', #5060, 1000.000000000000000 ) ;
#4765 = FACE_OUTER_BOUND ( 'NONE', #6283, .T. ) ;
#4766 = DIRECTION ( 'NONE',  ( 0.000000000000000000, 0.000000000000000000, 1.000000000000000000 ) ) ;
#4767 = PRODUCT_DEFINITION ( 'UNKNOWN', '', #3162, #5547 ) ;
#4768 = LINE ( 'NONE', #265, #5543 ) ;
#4769 = CIRCLE ( 'NONE', #2317, 2.499999999999946709 ) ;
#4770 = CARTESIAN_POINT ( 'NONE',  ( 370.0000000000000000, 55.00000000000000000, 0.000000000000000000 ) ) ;
#4771 = CARTESIAN_POINT ( 'NONE',  ( 248.0944918928738048, 730.0000000000000000, 21.50000000000000000 ) ) ;
#4772 = CARTESIAN_POINT ( 'NONE',  ( -412.5000000000000000, 20.00000000000000355, 9.000000000000007105 ) ) ;
#4773 = DIRECTION ( 'NONE',  ( 0.000000000000000000, 2.255519665188391803E-46, 1.000000000000000000 ) ) ;
#4774 = DIRECTION ( 'NONE',  ( 0.000000000000000000, 0.000000000000000000, 1.000000000000000000 ) ) ;
#4775 = ORIENTED_EDGE ( 'NONE', *, *, #1540, .F. ) ;
#4776 = AXIS2_PLACEMENT_3D ( 'NONE', #822, #3557, #6838 ) ;
#4777 = UNCERTAINTY_MEASURE_WITH_UNIT (LENGTH_MEASURE( 1.000000000000000082E-05 ), #4711, 'distance_accuracy_value', 'NONE');
#4778 = CARTESIAN_POINT ( 'NONE',  ( 84.99999999999992895, 730.0000000000000000, 15.00000000000000000 ) ) ;
#4779 = ADVANCED_FACE ( 'NONE', ( #645 ), #5354, .F. ) ;
#4780 = EDGE_LOOP ( 'NONE', ( #4796, #1832 ) ) ;
#4781 = EDGE_CURVE ( 'NONE', #4440, #6161, #2028, .T. ) ;
#4782 = CARTESIAN_POINT ( 'NONE',  ( 242.0000000000000000, 55.00000000000000000, 0.000000000000000000 ) ) ;
#4783 = CARTESIAN_POINT ( 'NONE',  ( 0.000000000000000000, 0.000000000000000000, 18.00000000000000000 ) ) ;
#4784 = SURFACE_STYLE_FILL_AREA ( #91 ) ;
#4785 = ORIENTED_EDGE ( 'NONE', *, *, #22, .T. ) ;
#4786 = EDGE_CURVE ( 'NONE', #5978, #6262, #4150, .T. ) ;
#4787 = ORIENTED_EDGE ( 'NONE', *, *, #5125, .F. ) ;
#4788 = DIRECTION ( 'NONE',  ( 1.000000000000000000, 0.000000000000000000, 0.000000000000000000 ) ) ;
#4789 = ORIENTED_EDGE ( 'NONE', *, *, #2241, .F. ) ;
#4790 = AXIS2_PLACEMENT_3D ( 'NONE', #2562, #6917, #4774 ) ;
#4791 = ORIENTED_EDGE ( 'NONE', *, *, #1642, .T. ) ;
#4792 = CARTESIAN_POINT ( 'NONE',  ( 1029.999999999998636, 298.0000000000000000, 18.00000000000000000 ) ) ;
#4793 = VERTEX_POINT ( 'NONE', #3527 ) ;
#4794 = DIRECTION ( 'NONE',  ( 1.000000000000000000, 0.000000000000000000, 0.000000000000000000 ) ) ;
#4795 = EDGE_CURVE ( 'NONE', #4291, #6064, #2790, .T. ) ;
#4796 = ORIENTED_EDGE ( 'NONE', *, *, #6589, .T. ) ;
#4797 = ORIENTED_EDGE ( 'NONE', *, *, #2332, .F. ) ;
#4798 = CIRCLE ( 'NONE', #4920, 6.000000000000227374 ) ;
#4799 = CARTESIAN_POINT ( 'NONE',  ( 73.00000000000133582, 382.0000000000000568, 18.00000000000000000 ) ) ;
#4800 = AXIS2_PLACEMENT_3D ( 'NONE', #1702, #1120, #1151 ) ;
#4801 = AXIS2_PLACEMENT_3D ( 'NONE', #140, #3339, #2389 ) ;
#4802 = EDGE_LOOP ( 'NONE', ( #1991, #941 ) ) ;
#4803 = EDGE_CURVE ( 'NONE', #4868, #1906, #4834, .T. ) ;
#4804 = ADVANCED_FACE ( 'NONE', ( #6806 ), #5262, .F. ) ;
#4805 = DIRECTION ( 'NONE',  ( 0.7071067811865501263, 0.000000000000000000, -0.7071067811865450192 ) ) ;
#4806 = EDGE_LOOP ( 'NONE', ( #4030, #4216, #5353, #3252 ) ) ;
#4807 = EDGE_LOOP ( 'NONE', ( #2504, #4061, #4372, #2340 ) ) ;
#4808 = VECTOR ( 'NONE', #274, 1000.000000000000000 ) ;
#4809 = ORIENTED_EDGE ( 'NONE', *, *, #1883, .F. ) ;
#4810 = DIRECTION ( 'NONE',  ( 1.000000000000000000, 0.000000000000000000, 0.000000000000000000 ) ) ;
#4811 = CARTESIAN_POINT ( 'NONE',  ( 826.4999999999986358, 59.99999999999972289, 18.00000000000000000 ) ) ;
#4812 = DIRECTION ( 'NONE',  ( 0.000000000000000000, 1.000000000000000000, 0.000000000000000000 ) ) ;
#4813 = ORIENTED_EDGE ( 'NONE', *, *, #4658, .F. ) ;
#4814 = CARTESIAN_POINT ( 'NONE',  ( 59.99999999999994316, 70.00000000000005684, 15.00000000000001421 ) ) ;
#4815 = EDGE_LOOP ( 'NONE', ( #6765, #3778, #3304, #6419 ) ) ;
#4816 = DIRECTION ( 'NONE',  ( 0.000000000000000000, 0.000000000000000000, 1.000000000000000000 ) ) ;
#4817 = FACE_BOUND ( 'NONE', #6837, .T. ) ;
#4818 = ORIENTED_EDGE ( 'NONE', *, *, #5524, .T. ) ;
#4819 = ORIENTED_EDGE ( 'NONE', *, *, #4836, .F. ) ;
#4820 = CIRCLE ( 'NONE', #4504, 4.000000000000010658 ) ;
#4821 = ORIENTED_EDGE ( 'NONE', *, *, #6727, .T. ) ;
#4822 = VECTOR ( 'NONE', #2515, 1000.000000000000000 ) ;
#4823 = ORIENTED_EDGE ( 'NONE', *, *, #5683, .T. ) ;
#4824 = DIRECTION ( 'NONE',  ( 0.000000000000000000, 0.000000000000000000, 1.000000000000000000 ) ) ;
#4825 = FACE_OUTER_BOUND ( 'NONE', #2513, .T. ) ;
#4826 = CARTESIAN_POINT ( 'NONE',  ( 180.0000000000015064, 27.99999999999980105, 0.000000000000000000 ) ) ;
#4827 = VERTEX_POINT ( 'NONE', #6747 ) ;
#4828 = AXIS2_PLACEMENT_3D ( 'NONE', #504, #1799, #6151 ) ;
#4829 = CARTESIAN_POINT ( 'NONE',  ( 791.9999999999987494, 620.0000000000002274, 18.00000000000000000 ) ) ;
#4830 = DIRECTION ( 'NONE',  ( 0.000000000000000000, -1.000000000000000000, 0.000000000000000000 ) ) ;
#4831 = CYLINDRICAL_SURFACE ( 'NONE', #4111, 2.999999999999891642 ) ;
#4832 = VERTEX_POINT ( 'NONE', #5123 ) ;
#4833 = EDGE_CURVE ( 'NONE', #6526, #6989, #3384, .T. ) ;
#4834 = CIRCLE ( 'NONE', #4026, 3.000000000000002665 ) ;
#4835 = PLANE ( 'NONE',  #910 ) ;
#4836 = EDGE_CURVE ( 'NONE', #713, #5666, #3893, .T. ) ;
#4837 = CARTESIAN_POINT ( 'NONE',  ( 45.00000000000014921, 109.9999999999999858, 30.00000000000000711 ) ) ;
#4838 = MECHANICAL_DESIGN_GEOMETRIC_PRESENTATION_REPRESENTATION (  '', ( #3736 ), #5204 ) ;
#4839 = CARTESIAN_POINT ( 'NONE',  ( 93.11349281540014999, 724.9999999999998863, -6.040787608888356665E-15 ) ) ;
#4840 = DIRECTION ( 'NONE',  ( 1.000000000000000000, 0.000000000000000000, 0.000000000000000000 ) ) ;
#4841 = VECTOR ( 'NONE', #5959, 1000.000000000000000 ) ;
#4842 = LINE ( 'NONE', #6652, #4501 ) ;
#4843 = EDGE_CURVE ( 'NONE', #6064, #3341, #4664, .T. ) ;
#4844 = FACE_BOUND ( 'NONE', #104, .T. ) ;
#4845 = AXIS2_PLACEMENT_3D ( 'NONE', #4856, #3216, #3802 ) ;
#4846 = CIRCLE ( 'NONE', #4800, 2.499999999999946709 ) ;
#4847 = CIRCLE ( 'NONE', #4878, 4.000000000000003553 ) ;
#4848 = DIRECTION ( 'NONE',  ( 1.000000000000000000, 0.000000000000000000, 0.000000000000000000 ) ) ;
#4849 = CARTESIAN_POINT ( 'NONE',  ( 72.87005768509099823, 613.1299423149124550, 0.000000000000000000 ) ) ;
#4850 = EDGE_CURVE ( 'NONE', #4721, #5088, #640, .T. ) ;
#4851 = DIRECTION ( 'NONE',  ( 0.000000000000000000, 0.000000000000000000, 1.000000000000000000 ) ) ;
#4852 = CIRCLE ( 'NONE', #138, 2.999999999999995559 ) ;
#4853 = CYLINDRICAL_SURFACE ( 'NONE', #1961, 2.500000000000002220 ) ;
#4854 = CARTESIAN_POINT ( 'NONE',  ( 1100.000000000000000, 680.0000000000000000, 18.00000000000000000 ) ) ;
#4855 = DIRECTION ( 'NONE',  ( -1.000000000000000000, 0.000000000000000000, 1.899384981211278352E-46 ) ) ;
#4856 = CARTESIAN_POINT ( 'NONE',  ( 107.0000000000000000, 583.0000000000048885, 11.99999999999999822 ) ) ;
#4857 = CARTESIAN_POINT ( 'NONE',  ( 180.0000000000015064, 27.99999999999980105, 18.00000000000000000 ) ) ;
#4858 = CARTESIAN_POINT ( 'NONE',  ( 42.00000000000009237, 80.00000000000000000, -3.000000000000230482 ) ) ;
#4859 = VECTOR ( 'NONE', #5560, 1000.000000000000000 ) ;
#4860 = ORIENTED_EDGE ( 'NONE', *, *, #2705, .T. ) ;
#4861 = AXIS2_PLACEMENT_3D ( 'NONE', #1568, #3214, #5928 ) ;
#4862 = DIRECTION ( 'NONE',  ( 0.000000000000000000, 0.000000000000000000, -1.000000000000000000 ) ) ;
#4863 = VERTEX_POINT ( 'NONE', #5100 ) ;
#4864 = CARTESIAN_POINT ( 'NONE',  ( -370.0000000000000000, 55.00000000000000000, -2.999999999999994671 ) ) ;
#4865 = CARTESIAN_POINT ( 'NONE',  ( 50.00000000000000000, 40.00000000000014921, 18.00000000000000000 ) ) ;
#4866 = SURFACE_SIDE_STYLE ('',( #474 ) ) ;
#4867 = CARTESIAN_POINT ( 'NONE',  ( 106.9999999999999005, 730.0000000000000000, 15.49999999999999112 ) ) ;
#4868 = VERTEX_POINT ( 'NONE', #1865 ) ;
#4869 = AXIS2_PLACEMENT_3D ( 'NONE', #2046, #1997, #4161 ) ;
#4870 = ORIENTED_EDGE ( 'NONE', *, *, #6948, .T. ) ;
#4871 = CARTESIAN_POINT ( 'NONE',  ( -600.0000000000002274, 18.00000000000000000, -400.0000000000002274 ) ) ;
#4872 = CARTESIAN_POINT ( 'NONE',  ( 988.7573593128805669, 92.75735931288596703, 11.99999999999999822 ) ) ;
#4873 = ORIENTED_EDGE ( 'NONE', *, *, #896, .F. ) ;
#4874 = CARTESIAN_POINT ( 'NONE',  ( 50.00000000000000000, 40.00000000000014921, 0.000000000000000000 ) ) ;
#4875 = DIRECTION ( 'NONE',  ( 0.000000000000000000, 0.000000000000000000, -1.000000000000000000 ) ) ;
#4876 = CARTESIAN_POINT ( 'NONE',  ( 919.9999999999986358, 620.0000000000002274, 0.000000000000000000 ) ) ;
#4877 = EDGE_LOOP ( 'NONE', ( #4200, #4706, #3194, #1681 ) ) ;
#4878 = AXIS2_PLACEMENT_3D ( 'NONE', #3774, #4851, #3799 ) ;
#4879 = CARTESIAN_POINT ( 'NONE',  ( 919.9999999999986358, 652.0000000000002274, 18.00000000000000000 ) ) ;
#4880 = EDGE_LOOP ( 'NONE', ( #1142, #4623, #4813, #6095 ) ) ;
#4881 = DIRECTION ( 'NONE',  ( -0.000000000000000000, -0.000000000000000000, -1.000000000000000000 ) ) ;
#4882 = VERTEX_POINT ( 'NONE', #3497 ) ;
#4883 = AXIS2_PLACEMENT_3D ( 'NONE', #3826, #6997, #3238 ) ;
#4884 = VERTEX_POINT ( 'NONE', #2898 ) ;
#4885 = DIRECTION ( 'NONE',  ( 1.000000000000000000, 0.000000000000000000, 0.000000000000000000 ) ) ;
#4886 = CARTESIAN_POINT ( 'NONE',  ( 208.5000000000001990, 19.99999999999999645, 8.999999999999896971 ) ) ;
#4887 = ORIENTED_EDGE ( 'NONE', *, *, #5648, .F. ) ;
#4888 = VECTOR ( 'NONE', #4404, 1000.000000000000000 ) ;
#4889 = DIRECTION ( 'NONE',  ( 0.000000000000000000, 1.000000000000000000, 0.000000000000000000 ) ) ;
#4890 = EDGE_CURVE ( 'NONE', #6804, #3015, #2449, .T. ) ;
#4891 = EDGE_LOOP ( 'NONE', ( #1317, #1302, #4548, #1932 ) ) ;
#4892 = EDGE_CURVE ( 'NONE', #9, #6175, #5937, .T. ) ;
#4893 = ORIENTED_EDGE ( 'NONE', *, *, #4578, .T. ) ;
#4894 = CARTESIAN_POINT ( 'NONE',  ( -408.5000000000000000, 20.00000000000000355, -9.000000000000007105 ) ) ;
#4895 = AXIS2_PLACEMENT_3D ( 'NONE', #1941, #6279, #1889 ) ;
#4896 = VERTEX_POINT ( 'NONE', #6763 ) ;
#4897 = CIRCLE ( 'NONE', #4861, 4.000000000000003553 ) ;
#4898 = AXIS2_PLACEMENT_3D ( 'NONE', #4911, #4411, #1139 ) ;
#4899 = ORIENTED_EDGE ( 'NONE', *, *, #2620, .T. ) ;
#4900 = ORIENTED_EDGE ( 'NONE', *, *, #2986, .T. ) ;
#4901 = DIRECTION ( 'NONE',  ( 0.000000000000000000, 0.000000000000000000, 1.000000000000000000 ) ) ;
#4902 = PRODUCT ( 'A000557-COMPLETO-IM00', 'A000557-COMPLETO-IM00', '', ( #6114 ) ) ;
#4903 = CARTESIAN_POINT ( 'NONE',  ( 102.7573593128809364, 578.7573593128854554, 18.00000000000000000 ) ) ;
#4904 = CYLINDRICAL_SURFACE ( 'NONE', #1650, 3.000000000000002665 ) ;
#4905 = ORIENTED_EDGE ( 'NONE', *, *, #404, .T. ) ;
#4906 = VERTEX_POINT ( 'NONE', #4571 ) ;
#4907 = FACE_BOUND ( 'NONE', #5550, .T. ) ;
#4908 = DIRECTION ( 'NONE',  ( -0.000000000000000000, -0.000000000000000000, -1.000000000000000000 ) ) ;
#4909 = AXIS2_PLACEMENT_3D ( 'NONE', #2802, #2342, #6756 ) ;
#4910 = ORIENTED_EDGE ( 'NONE', *, *, #3432, .T. ) ;
#4911 = CARTESIAN_POINT ( 'NONE',  ( 50.00000000000000000, 40.00000000000014921, 11.99999999999999822 ) ) ;
#4912 = LINE ( 'NONE', #919, #34 ) ;
#4913 = VERTEX_POINT ( 'NONE', #2915 ) ;
#4914 = CARTESIAN_POINT ( 'NONE',  ( 308.0000000000014211, 620.0000000000002274, 18.00000000000000000 ) ) ;
#4915 = DIRECTION ( 'NONE',  ( 0.000000000000000000, 0.000000000000000000, 1.000000000000000000 ) ) ;
#4916 = CARTESIAN_POINT ( 'NONE',  ( 40.00000000000003553, 49.99999999999993605, 18.00000000000000711 ) ) ;
#4917 = FACE_BOUND ( 'NONE', #5141, .T. ) ;
#4918 = DIRECTION ( 'NONE',  ( -1.000000000000000000, 1.329538674056075510E-18, 0.000000000000000000 ) ) ;
#4919 = ORIENTED_EDGE ( 'NONE', *, *, #3183, .F. ) ;
#4920 = AXIS2_PLACEMENT_3D ( 'NONE', #5027, #6100, #6169 ) ;
#4921 = CIRCLE ( 'NONE', #5985, 4.000000000000003553 ) ;
#4922 = SURFACE_STYLE_USAGE ( .BOTH. , #4965 ) ;
#4923 = DIRECTION ( 'NONE',  ( -1.000000000000000000, 0.000000000000000000, 0.000000000000000000 ) ) ;
#4924 = EDGE_CURVE ( 'NONE', #2315, #1364, #3211, .T. ) ;
#4925 = CIRCLE ( 'NONE', #2523, 3.000000000000002665 ) ;
#4926 = EDGE_CURVE ( 'NONE', #3022, #3915, #989, .T. ) ;
#4927 = DIRECTION ( 'NONE',  ( -1.000000000000000000, 0.000000000000000000, 0.000000000000000000 ) ) ;
#4928 = DIRECTION ( 'NONE',  ( -0.000000000000000000, -0.000000000000000000, 1.000000000000000000 ) ) ;
#4929 = VECTOR ( 'NONE', #2787, 1000.000000000000000 ) ;
#4930 = AXIS2_PLACEMENT_3D ( 'NONE', #270, #1951, #2492 ) ;
#4931 = FACE_OUTER_BOUND ( 'NONE', #2818, .T. ) ;
#4932 = CARTESIAN_POINT ( 'NONE',  ( 208.5000000000001990, 19.99999999999999645, -8.999999999999896971 ) ) ;
#4933 = EDGE_CURVE ( 'NONE', #3100, #4138, #2353, .T. ) ;
#4934 = DIRECTION ( 'NONE',  ( 1.000000000000000000, 0.000000000000000000, 0.000000000000000000 ) ) ;
#4935 =( NAMED_UNIT ( * ) PLANE_ANGLE_UNIT ( ) SI_UNIT ( $, .RADIAN. ) );
#4936 = CYLINDRICAL_SURFACE ( 'NONE', #4203, 2.999999999999994671 ) ;
#4937 = LINE ( 'NONE', #4772, #747 ) ;
#4938 = ADVANCED_FACE ( 'NONE', ( #2272 ), #5184, .F. ) ;
#4939 = AXIS2_PLACEMENT_3D ( 'NONE', #6831, #3589, #320 ) ;
#4940 = DIRECTION ( 'NONE',  ( -1.000000000000000000, 0.000000000000000000, 0.000000000000000000 ) ) ;
#4941 = AXIS2_PLACEMENT_3D ( 'NONE', #1395, #5210, #5757 ) ;
#4942 = EDGE_CURVE ( 'NONE', #5333, #881, #5520, .T. ) ;
#4943 = PRODUCT_DEFINITION_SHAPE ( 'NONE', 'NONE',  #7072 ) ;
#4944 = FILL_AREA_STYLE_COLOUR ( '', #3344 ) ;
#4945 = CARTESIAN_POINT ( 'NONE',  ( 42.79417451143778095, -5.689651003726128759E-17, 31.00000000000000000 ) ) ;
#4946 = FACE_OUTER_BOUND ( 'NONE', #552, .T. ) ;
#4947 = EDGE_CURVE ( 'NONE', #6853, #2012, #1170, .T. ) ;
#4948 = CARTESIAN_POINT ( 'NONE',  ( 70.00000000000133582, 298.0000000000000000, 0.000000000000000000 ) ) ;
#4949 = DIRECTION ( 'NONE',  ( 0.000000000000000000, 0.000000000000000000, -1.000000000000000000 ) ) ;
#4950 = EDGE_LOOP ( 'NONE', ( #6213, #4381 ) ) ;
#4951 = DIRECTION ( 'NONE',  ( -0.000000000000000000, -0.000000000000000000, -1.000000000000000000 ) ) ;
#4952 = CARTESIAN_POINT ( 'NONE',  ( 0.000000000000000000, 0.000000000000000000, 16.00000000000000000 ) ) ;
#4953 = ORIENTED_EDGE ( 'NONE', *, *, #6412, .F. ) ;
#4954 = DIRECTION ( 'NONE',  ( 0.000000000000000000, 1.000000000000000000, 0.000000000000000000 ) ) ;
#4955 = CARTESIAN_POINT ( 'NONE',  ( 59.99999999999994316, 70.00000000000005684, 12.00000000000000533 ) ) ;
#4956 = ORIENTED_EDGE ( 'NONE', *, *, #1913, .F. ) ;
#4957 = EDGE_LOOP ( 'NONE', ( #2403, #1069 ) ) ;
#4958 = DIRECTION ( 'NONE',  ( 0.000000000000000000, 1.000000000000000000, 0.000000000000000000 ) ) ;
#4959 = DIRECTION ( 'NONE',  ( -0.000000000000000000, -0.000000000000000000, -1.000000000000000000 ) ) ;
#4960 = VERTEX_POINT ( 'NONE', #5658 ) ;
#4961 = CARTESIAN_POINT ( 'NONE',  ( 1069.000000000000000, 20.99999999999849720, 18.00000000000000000 ) ) ;
#4962 = EDGE_LOOP ( 'NONE', ( #779, #4115, #6407, #3361 ) ) ;
#4963 = EDGE_CURVE ( 'NONE', #1, #814, #4317, .T. ) ;
#4964 = ORIENTED_EDGE ( 'NONE', *, *, #5827, .T. ) ;
#4965 = SURFACE_SIDE_STYLE ('',( #4784 ) ) ;
#4966 = EDGE_CURVE ( 'NONE', #6175, #3375, #6960, .T. ) ;
#4967 = ORIENTED_EDGE ( 'NONE', *, *, #4485, .T. ) ;
#4968 = PRESENTATION_LAYER_ASSIGNMENT (  '', '', ( #3140 ) ) ;
#4969 = EDGE_LOOP ( 'NONE', ( #5769, #2742 ) ) ;
#4970 = CARTESIAN_POINT ( 'NONE',  ( 1050.000000000000000, 640.0000000000000000, 0.000000000000000000 ) ) ;
#4971 = VERTEX_POINT ( 'NONE', #2967 ) ;
#4972 = ADVANCED_FACE ( 'NONE', ( #5005 ), #1233, .T. ) ;
#4973 = DIRECTION ( 'NONE',  ( 0.000000000000000000, 2.255519665188392192E-46, 1.000000000000000000 ) ) ;
#4974 = DIRECTION ( 'NONE',  ( 1.000000000000000000, 0.000000000000000000, 0.000000000000000000 ) ) ;
#4975 = CARTESIAN_POINT ( 'NONE',  ( 311.0000000000014211, 620.0000000000002274, 0.000000000000000000 ) ) ;
#4976 = ORIENTED_EDGE ( 'NONE', *, *, #4330, .T. ) ;
#4977 = ORIENTED_EDGE ( 'NONE', *, *, #488, .T. ) ;
#4978 = CARTESIAN_POINT ( 'NONE',  ( 1075.000000000000227, 658.9999999999985221, 11.99999999999999822 ) ) ;
#4979 = ORIENTED_EDGE ( 'NONE', *, *, #3491, .F. ) ;
#4980 = CYLINDRICAL_SURFACE ( 'NONE', #6617, 3.000000000000002665 ) ;
#4981 = VERTEX_POINT ( 'NONE', #3419 ) ;
#4982 = AXIS2_PLACEMENT_3D ( 'NONE', #5996, #5967, #6535 ) ;
#4983 = ORIENTED_EDGE ( 'NONE', *, *, #5749, .T. ) ;
#4984 =( NAMED_UNIT ( * ) PLANE_ANGLE_UNIT ( ) SI_UNIT ( $, .RADIAN. ) );
#4985 = DIRECTION ( 'NONE',  ( 1.000000000000000000, 0.000000000000000000, -0.000000000000000000 ) ) ;
#4986 = ORIENTED_EDGE ( 'NONE', *, *, #5267, .T. ) ;
#4987 = FACE_BOUND ( 'NONE', #3274, .T. ) ;
#4988 = ORIENTED_EDGE ( 'NONE', *, *, #5409, .F. ) ;
#4989 = FACE_BOUND ( 'NONE', #442, .T. ) ;
#4990 = ORIENTED_EDGE ( 'NONE', *, *, #6858, .F. ) ;
#4991 = EDGE_CURVE ( 'NONE', #35, #6161, #3724, .T. ) ;
#4992 = FILL_AREA_STYLE ('',( #4944 ) ) ;
#4993 = DIRECTION ( 'NONE',  ( 0.000000000000000000, 0.000000000000000000, 1.000000000000000000 ) ) ;
#4994 = LINE ( 'NONE', #2551, #1418 ) ;
#4995 = EDGE_LOOP ( 'NONE', ( #3113, #1031, #1307, #2583 ) ) ;
#4996 = CIRCLE ( 'NONE', #3225, 2.500000000000015987 ) ;
#4997 = ORIENTED_EDGE ( 'NONE', *, *, #958, .F. ) ;
#4998 = DIRECTION ( 'NONE',  ( -0.000000000000000000, -0.000000000000000000, -1.000000000000000000 ) ) ;
#4999 = CARTESIAN_POINT ( 'NONE',  ( 106.9999999999999005, 690.0000000000000000, 12.49999999999999645 ) ) ;
#5000 = DIRECTION ( 'NONE',  ( 0.000000000000000000, 1.000000000000000000, 0.000000000000000000 ) ) ;
#5001 = CARTESIAN_POINT ( 'NONE',  ( 67.00000000000135003, 169.9999999999999716, 18.00000000000000000 ) ) ;
#5002 = CIRCLE ( 'NONE', #3886, 3.000000000000002665 ) ;
#5003 = PRODUCT_DEFINITION ( 'UNKNOWN', '', #3314, #4401 ) ;
#5004 = EDGE_LOOP ( 'NONE', ( #1212, #5306, #509, #1411 ) ) ;
#5005 = FACE_OUTER_BOUND ( 'NONE', #1908, .T. ) ;
#5006 =( BOUNDED_CURVE ( )  B_SPLINE_CURVE ( 3, ( #5628, #1417, #5227, #4098 ),
 .UNSPECIFIED., .F., .F. ) 
 B_SPLINE_CURVE_WITH_KNOTS ( ( 4, 4 ),
 ( 1.570796326794896558, 2.766169045608754651 ),
 .UNSPECIFIED. ) 
 CURVE ( )  GEOMETRIC_REPRESENTATION_ITEM ( )  RATIONAL_B_SPLINE_CURVE ( ( 1.000000000000000000, 0.8844265230060994742, 0.8844265230060994742, 1.000000000000000000 ) ) 
 REPRESENTATION_ITEM ( '' )  );
#5007 = CARTESIAN_POINT ( 'NONE',  ( 248.0944918928738048, 725.0000000000000000, 9.500000000000000000 ) ) ;
#5008 = ADVANCED_FACE ( 'NONE', ( #1770 ), #575, .F. ) ;
#5009 = CYLINDRICAL_SURFACE ( 'NONE', #1512, 4.000000000000003553 ) ;
#5010 = CARTESIAN_POINT ( 'NONE',  ( 0.000000000000000000, 0.000000000000000000, 18.00000000000000000 ) ) ;
#5011 = LINE ( 'NONE', #3265, #470 ) ;
#5012 = DIRECTION ( 'NONE',  ( 0.000000000000000000, 0.000000000000000000, 1.000000000000000000 ) ) ;
#5013 = ADVANCED_FACE ( 'NONE', ( #6288 ), #758, .F. ) ;
#5014 = PLANE ( 'NONE',  #1473 ) ;
#5015 = AXIS2_PLACEMENT_3D ( 'NONE', #4376, #522, #1692 ) ;
#5016 = CIRCLE ( 'NONE', #3693, 4.000000000000003553 ) ;
#5017 = DIRECTION ( 'NONE',  ( 1.000000000000000222, 0.000000000000000000, -1.110223024625156540E-16 ) ) ;
#5018 = CIRCLE ( 'NONE', #6809, 3.000000000000002665 ) ;
#5019 = CARTESIAN_POINT ( 'NONE',  ( 163.0944918928738616, -2.168404344971008868E-16, 0.000000000000000000 ) ) ;
#5020 = EDGE_CURVE ( 'NONE', #6555, #1147, #6711, .T. ) ;
#5021 = DIRECTION ( 'NONE',  ( 0.000000000000000000, 2.255519665188391803E-46, 1.000000000000000000 ) ) ;
#5022 = LINE ( 'NONE', #2769, #1953 ) ;
#5023 = CYLINDRICAL_SURFACE ( 'NONE', #1459, 3.000000000000006217 ) ;
#5024 = DIRECTION ( 'NONE',  ( 1.000000000000000000, 0.000000000000000000, 0.000000000000000000 ) ) ;
#5025 = EDGE_CURVE ( 'NONE', #951, #4971, #1074, .T. ) ;
#5026 = DIRECTION ( 'NONE',  ( 0.000000000000000000, 1.000000000000000000, 0.000000000000000000 ) ) ;
#5027 = CARTESIAN_POINT ( 'NONE',  ( 1069.000000000000000, 658.9999999999985221, 11.99999999999999822 ) ) ;
#5028 = DIRECTION ( 'NONE',  ( 0.000000000000000000, 0.000000000000000000, 1.000000000000000000 ) ) ;
#5029 = AXIS2_PLACEMENT_3D ( 'NONE', #4667, #3552, #4704 ) ;
#5030 = DIRECTION ( 'NONE',  ( -0.000000000000000000, -0.000000000000000000, -1.000000000000000000 ) ) ;
#5031 = DIRECTION ( 'NONE',  ( -0.7071067811865175967, 0.7071067811865774377, 0.000000000000000000 ) ) ;
#5032 = CYLINDRICAL_SURFACE ( 'NONE', #41, 2.999999999999891642 ) ;
#5033 = CIRCLE ( 'NONE', #5966, 3.000000000000009770 ) ;
#5034 = VERTEX_POINT ( 'NONE', #4593 ) ;
#5035 = EDGE_CURVE ( 'NONE', #2147, #3428, #898, .T. ) ;
#5036 = DIRECTION ( 'NONE',  ( -0.000000000000000000, -0.000000000000000000, -1.000000000000000000 ) ) ;
#5037 = ORIENTED_EDGE ( 'NONE', *, *, #1909, .F. ) ;
#5038 = CIRCLE ( 'NONE', #1797, 4.000000000000003553 ) ;
#5039 = ORIENTED_EDGE ( 'NONE', *, *, #25, .F. ) ;
#5040 = DIRECTION ( 'NONE',  ( 0.1713727001804919992, 0.9852062716166839484, 0.000000000000000000 ) ) ;
#5041 =( NAMED_UNIT ( * ) SI_UNIT ( $, .STERADIAN. ) SOLID_ANGLE_UNIT ( ) );
#5042 = AXIS2_PLACEMENT_3D ( 'NONE', #1192, #3405, #4507 ) ;
#5043 = DIRECTION ( 'NONE',  ( 0.000000000000000000, 0.000000000000000000, -1.000000000000000000 ) ) ;
#5044 = ADVANCED_FACE ( 'NONE', ( #3563 ), #1877, .F. ) ;
#5045 = ORIENTED_EDGE ( 'NONE', *, *, #4206, .T. ) ;
#5046 = ORIENTED_EDGE ( 'NONE', *, *, #1231, .T. ) ;
#5047 = CARTESIAN_POINT ( 'NONE',  ( 993.0000000000000000, 583.0000000000048885, 11.99999999999999822 ) ) ;
#5048 = DIRECTION ( 'NONE',  ( 0.000000000000000000, 1.000000000000000000, 0.000000000000000000 ) ) ;
#5049 = ADVANCED_FACE ( 'NONE', ( #3041 ), #6787, .F. ) ;
#5050 = DIRECTION ( 'NONE',  ( 1.000000000000000000, 0.000000000000000000, 0.000000000000000000 ) ) ;
#5051 = EDGE_LOOP ( 'NONE', ( #3540, #3011 ) ) ;
#5052 = ORIENTED_EDGE ( 'NONE', *, *, #4497, .F. ) ;
#5053 = PLANE ( 'NONE',  #3440 ) ;
#5054 = ORIENTED_EDGE ( 'NONE', *, *, #2137, .F. ) ;
#5055 = EDGE_LOOP ( 'NONE', ( #3446, #6691, #2647, #3712 ) ) ;
#5056 = ORIENTED_EDGE ( 'NONE', *, *, #4188, .T. ) ;
#5057 = AXIS2_PLACEMENT_3D ( 'NONE', #3950, #2333, #1196 ) ;
#5058 = ORIENTED_EDGE ( 'NONE', *, *, #1744, .T. ) ;
#5059 = ORIENTED_EDGE ( 'NONE', *, *, #5362, .T. ) ;
#5060 = DIRECTION ( 'NONE',  ( -1.000000000000000000, 0.000000000000000000, 0.000000000000000000 ) ) ;
#5061 = DIRECTION ( 'NONE',  ( -0.000000000000000000, -0.000000000000000000, 1.000000000000000000 ) ) ;
#5062 = EDGE_LOOP ( 'NONE', ( #4717, #2432, #6863, #376 ) ) ;
#5063 = EDGE_CURVE ( 'NONE', #6854, #3430, #4063, .T. ) ;
#5064 = ORIENTED_EDGE ( 'NONE', *, *, #4700, .T. ) ;
#5065 = DIRECTION ( 'NONE',  ( 4.815513022993924426E-16, 1.000000000000000000, 2.138517373404057871E-31 ) ) ;
#5066 = EDGE_CURVE ( 'NONE', #1936, #5473, #4498, .T. ) ;
#5067 = VERTEX_POINT ( 'NONE', #1370 ) ;
#5068 = CYLINDRICAL_SURFACE ( 'NONE', #3562, 5.999999999999339195 ) ;
#5069 = ORIENTED_EDGE ( 'NONE', *, *, #4602, .F. ) ;
#5070 = DIRECTION ( 'NONE',  ( -1.000000000000000000, 0.000000000000000000, 0.000000000000000000 ) ) ;
#5071 = DIRECTION ( 'NONE',  ( 0.000000000000000000, 0.000000000000000000, 1.000000000000000000 ) ) ;
#5072 = DIRECTION ( 'NONE',  ( 4.318084277547222313E-78, 1.000000000000000000, 2.255519665188393748E-46 ) ) ;
#5073 = ORIENTED_EDGE ( 'NONE', *, *, #2873, .T. ) ;
#5074 = ORIENTED_EDGE ( 'NONE', *, *, #5438, .F. ) ;
#5075 = FACE_OUTER_BOUND ( 'NONE', #4802, .T. ) ;
#5076 = DIRECTION ( 'NONE',  ( 0.000000000000000000, -0.000000000000000000, 1.000000000000000000 ) ) ;
#5077 = DIRECTION ( 'NONE',  ( -0.000000000000000000, -0.000000000000000000, -1.000000000000000000 ) ) ;
#5078 = ORIENTED_EDGE ( 'NONE', *, *, #5342, .F. ) ;
#5079 = EDGE_CURVE ( 'NONE', #6432, #4042, #5771, .T. ) ;
#5080 = ORIENTED_EDGE ( 'NONE', *, *, #5079, .F. ) ;
#5081 = DIRECTION ( 'NONE',  ( -0.000000000000000000, -0.000000000000000000, 1.000000000000000000 ) ) ;
#5082 = CARTESIAN_POINT ( 'NONE',  ( 826.4999999999986358, 620.0000000000003411, 0.000000000000000000 ) ) ;
#5083 = ADVANCED_FACE ( 'NONE', ( #3634 ), #2871, .F. ) ;
#5084 = CYLINDRICAL_SURFACE ( 'NONE', #5359, 2.500000000000002220 ) ;
#5085 = DIRECTION ( 'NONE',  ( 0.000000000000000000, 2.255519665188391803E-46, 1.000000000000000000 ) ) ;
#5086 = VECTOR ( 'NONE', #6778, 1000.000000000000000 ) ;
#5087 = AXIS2_PLACEMENT_3D ( 'NONE', #462, #1636, #745 ) ;
#5088 = VERTEX_POINT ( 'NONE', #5709 ) ;
#5089 = ADVANCED_FACE ( 'NONE', ( #1511 ), #1349, .F. ) ;
#5090 = CARTESIAN_POINT ( 'NONE',  ( 76.87005768508956294, 66.87005768508768710, 0.000000000000000000 ) ) ;
#5091 = DIRECTION ( 'NONE',  ( 0.000000000000000000, 0.000000000000000000, 1.000000000000000000 ) ) ;
#5092 = VECTOR ( 'NONE', #2032, 1000.000000000000000 ) ;
#5093 = ORIENTED_EDGE ( 'NONE', *, *, #3661, .F. ) ;
#5094 = EDGE_CURVE ( 'NONE', #273, #6187, #1426, .T. ) ;
#5095 = VECTOR ( 'NONE', #4519, 1000.000000000000000 ) ;
#5096 = PRODUCT_CONTEXT ( 'NONE', #1280, 'mechanical' ) ;
#5097 = VERTEX_POINT ( 'NONE', #4083 ) ;
#5098 = CARTESIAN_POINT ( 'NONE',  ( 102.7573593128805811, 101.2426406871240374, 11.99999999999999822 ) ) ;
#5099 = VECTOR ( 'NONE', #942, 1000.000000000000000 ) ;
#5100 = CARTESIAN_POINT ( 'NONE',  ( -370.0000000000000000, 80.00000000000000000, 2.999999999999994671 ) ) ;
#5101 = CARTESIAN_POINT ( 'NONE',  ( 0.000000000000000000, 680.0000000000000000, 0.000000000000000000 ) ) ;
#5102 = FACE_BOUND ( 'NONE', #4274, .T. ) ;
#5103 = CARTESIAN_POINT ( 'NONE',  ( 308.0000000000014211, 620.0000000000002274, 18.00000000000000000 ) ) ;
#5104 = DIRECTION ( 'NONE',  ( 1.000000000000000000, 0.000000000000000000, 0.000000000000000000 ) ) ;
#5105 = CIRCLE ( 'NONE', #4760, 3.000000000000002665 ) ;
#5106 = EDGE_CURVE ( 'NONE', #5034, #4379, #6538, .T. ) ;
#5107 = PLANE ( 'NONE',  #4532 ) ;
#5108 = CARTESIAN_POINT ( 'NONE',  ( 0.000000000000000000, 80.00000000000000000, 0.000000000000000000 ) ) ;
#5109 = AXIS2_PLACEMENT_3D ( 'NONE', #5918, #3204, #5404 ) ;
#5110 = APPLICATION_CONTEXT ( 'automotive_design' ) ;
#5111 = VECTOR ( 'NONE', #6009, 1000.000000000000000 ) ;
#5112 = VECTOR ( 'NONE', #3838, 1000.000000000000000 ) ;
#5113 = CARTESIAN_POINT ( 'NONE',  ( 70.00000000000133582, 414.0000000000000568, 0.000000000000000000 ) ) ;
#5114 = ADVANCED_FACE ( 'NONE', ( #2103 ), #2699, .F. ) ;
#5115 = CARTESIAN_POINT ( 'NONE',  ( 308.0000000000014211, 59.99999999999982947, 18.00000000000000000 ) ) ;
#5116 = DIRECTION ( 'NONE',  ( 4.318084277547222313E-78, 1.000000000000000000, 2.255519665188393748E-46 ) ) ;
#5117 = AXIS2_PLACEMENT_3D ( 'NONE', #1975, #6885, #5198 ) ;
#5118 = ADVANCED_FACE ( 'NONE', ( #130 ), #2618, .F. ) ;
#5119 = LINE ( 'NONE', #5846, #493 ) ;
#5120 = VECTOR ( 'NONE', #688, 1000.000000000000000 ) ;
#5121 = CARTESIAN_POINT ( 'NONE',  ( 1050.000000000000000, 640.0000000000000000, 11.99999999999999822 ) ) ;
#5122 = AXIS2_PLACEMENT_3D ( 'NONE', #6465, #1639, #2181 ) ;
#5123 = CARTESIAN_POINT ( 'NONE',  ( 1074.999999999999318, 20.99999999999849720, 18.00000000000000000 ) ) ;
#5124 = ORIENTED_EDGE ( 'NONE', *, *, #2986, .F. ) ;
#5125 = EDGE_CURVE ( 'NONE', #1550, #6416, #7038, .T. ) ;
#5126 = EDGE_CURVE ( 'NONE', #885, #5510, #3973, .T. ) ;
#5127 = DIRECTION ( 'NONE',  ( 0.7071067811865462405, -0.7071067811865487940, 1.343068000298375621E-46 ) ) ;
#5128 = CARTESIAN_POINT ( 'NONE',  ( 823.9999999999987494, 59.99999999999972289, 0.000000000000000000 ) ) ;
#5129 = AXIS2_PLACEMENT_3D ( 'NONE', #259, #1365, #5745 ) ;
#5130 = CARTESIAN_POINT ( 'NONE',  ( 917.4999999999986358, 652.0000000000002274, 18.00000000000000000 ) ) ;
#5131 = CARTESIAN_POINT ( 'NONE',  ( 58.01941254751481836, 5.421010862427522170E-17, 15.00000000000000000 ) ) ;
#5132 = VERTEX_POINT ( 'NONE', #6876 ) ;
#5133 = ORIENTED_EDGE ( 'NONE', *, *, #5173, .T. ) ;
#5134 = CARTESIAN_POINT ( 'NONE',  ( 1021.000000000000114, -45.00000000000022737, 179.0000000000002558 ) ) ;
#5135 = CARTESIAN_POINT ( 'NONE',  ( -600.0000000000001137, 18.00000000000000000, 400.0000000000001705 ) ) ;
#5136 = ORIENTED_EDGE ( 'NONE', *, *, #5066, .F. ) ;
#5137 = PRODUCT_DEFINITION ( 'UNKNOWN', '', #2713, #616 ) ;
#5138 = ORIENTED_EDGE ( 'NONE', *, *, #5808, .F. ) ;
#5139 = CARTESIAN_POINT ( 'NONE',  ( 821.4999999999987494, 620.0000000000003411, 0.000000000000000000 ) ) ;
#5140 = CARTESIAN_POINT ( 'NONE',  ( 1064.757359312880908, 16.75735931287974978, 11.99999999999999822 ) ) ;
#5141 = EDGE_LOOP ( 'NONE', ( #4027, #6947 ) ) ;
#5142 = DIRECTION ( 'NONE',  ( 0.000000000000000000, 0.000000000000000000, -1.000000000000000000 ) ) ;
#5143 = EDGE_LOOP ( 'NONE', ( #103, #3369 ) ) ;
#5144 = ORIENTED_EDGE ( 'NONE', *, *, #3202, .T. ) ;
#5145 = DIRECTION ( 'NONE',  ( 1.000000000000000000, 0.000000000000000000, 0.000000000000000000 ) ) ;
#5146 = ORIENTED_EDGE ( 'NONE', *, *, #3531, .T. ) ;
#5147 = CARTESIAN_POINT ( 'NONE',  ( 1046.000000000000000, 640.0000000000000000, 18.00000000000000000 ) ) ;
#5148 = ADVANCED_FACE ( 'NONE', ( #1257 ), #1343, .F. ) ;
#5149 = ORIENTED_EDGE ( 'NONE', *, *, #863, .T. ) ;
#5150 = PLANE ( 'NONE',  #5234 ) ;
#5151 = AXIS2_PLACEMENT_3D ( 'NONE', #4089, #6293, #5196 ) ;
#5152 = CARTESIAN_POINT ( 'NONE',  ( 180.0000000000014495, 59.99999999999982947, 18.00000000000000000 ) ) ;
#5153 = ORIENTED_EDGE ( 'NONE', *, *, #5469, .F. ) ;
#5154 = VERTEX_POINT ( 'NONE', #336 ) ;
#5155 = CIRCLE ( 'NONE', #3906, 2.999999999999996003 ) ;
#5156 = CARTESIAN_POINT ( 'NONE',  ( 1069.000000000000000, 20.99999999999849720, 18.00000000000000000 ) ) ;
#5157 = ORIENTED_EDGE ( 'NONE', *, *, #2190, .F. ) ;
#5158 = EDGE_CURVE ( 'NONE', #4489, #6168, #4236, .T. ) ;
#5159 = ORIENTED_EDGE ( 'NONE', *, *, #1822, .T. ) ;
#5160 =( REPRESENTATION_RELATIONSHIP ('NONE','NONE', #1817, #1867 ) REPRESENTATION_RELATIONSHIP_WITH_TRANSFORMATION ( #2133 )SHAPE_REPRESENTATION_RELATIONSHIP( ) );
#5161 = EDGE_CURVE ( 'NONE', #3443, #436, #220, .T. ) ;
#5162 = DIRECTION ( 'NONE',  ( 1.000000000000000000, 0.000000000000000000, 0.000000000000000000 ) ) ;
#5163 = ORIENTED_EDGE ( 'NONE', *, *, #2050, .F. ) ;
#5164 = FACE_BOUND ( 'NONE', #3182, .T. ) ;
#5165 = FACE_BOUND ( 'NONE', #878, .T. ) ;
#5166 = VERTEX_POINT ( 'NONE', #2578 ) ;
#5167 = AXIS2_PLACEMENT_3D ( 'NONE', #2061, #5872, #6360 ) ;
#5168 = DIRECTION ( 'NONE',  ( 0.000000000000000000, 0.000000000000000000, -1.000000000000000000 ) ) ;
#5169 = CARTESIAN_POINT ( 'NONE',  ( 58.01941254751481836, 5.421010862427522170E-17, 0.000000000000000000 ) ) ;
#5170 = CARTESIAN_POINT ( 'NONE',  ( 248.0944918928738048, 725.0000000000000000, 6.123233995736914194E-16 ) ) ;
#5171 = ORIENTED_EDGE ( 'NONE', *, *, #1029, .T. ) ;
#5172 = CIRCLE ( 'NONE', #4828, 2.999999999998808953 ) ;
#5173 = EDGE_CURVE ( 'NONE', #3198, #6242, #6106, .T. ) ;
#5174 = ORIENTED_EDGE ( 'NONE', *, *, #3974, .F. ) ;
#5175 = DIRECTION ( 'NONE',  ( -0.000000000000000000, 1.000000000000000000, -0.000000000000000000 ) ) ;
#5176 = DIRECTION ( 'NONE',  ( 0.000000000000000000, 1.000000000000000000, -0.000000000000000000 ) ) ;
#5177 = CARTESIAN_POINT ( 'NONE',  ( -266.5000000000000568, 80.00000000000000000, 8.999999999999904077 ) ) ;
#5178 = AXIS2_PLACEMENT_3D ( 'NONE', #1878, #5690, #6793 ) ;
#5179 = LINE ( 'NONE', #4457, #1340 ) ;
#5180 = AXIS2_PLACEMENT_3D ( 'NONE', #3983, #2938, #4559 ) ;
#5181 = EDGE_CURVE ( 'NONE', #4477, #2917, #2019, .T. ) ;
#5182 = EDGE_LOOP ( 'NONE', ( #6788, #6502 ) ) ;
#5183 = CARTESIAN_POINT ( 'NONE',  ( 1029.999999999998408, 414.0000000000002274, 18.00000000000000000 ) ) ;
#5184 = CYLINDRICAL_SURFACE ( 'NONE', #1474, 3.000000000000002665 ) ;
#5185 = DIRECTION ( 'NONE',  ( 4.318084277547222313E-78, 1.000000000000000000, 2.255519665188393748E-46 ) ) ;
#5186 = VECTOR ( 'NONE', #5495, 1000.000000000000000 ) ;
#5187 =( REPRESENTATION_RELATIONSHIP ('NONE','NONE', #1817, #1867 ) REPRESENTATION_RELATIONSHIP_WITH_TRANSFORMATION ( #2214 )SHAPE_REPRESENTATION_RELATIONSHIP( ) );
#5188 = CYLINDRICAL_SURFACE ( 'NONE', #4801, 2.999999999999994671 ) ;
#5189 = DIRECTION ( 'NONE',  ( 1.000000000000000000, 0.000000000000000000, 0.000000000000000000 ) ) ;
#5190 = EDGE_LOOP ( 'NONE', ( #4990, #5153 ) ) ;
#5191 = DIRECTION ( 'NONE',  ( -0.000000000000000000, -0.000000000000000000, -1.000000000000000000 ) ) ;
#5192 = DIRECTION ( 'NONE',  ( -0.000000000000000000, -0.000000000000000000, -1.000000000000000000 ) ) ;
#5193 = DIRECTION ( 'NONE',  ( -1.000000000000000000, 0.000000000000000000, 0.000000000000000000 ) ) ;
#5194 = DIRECTION ( 'NONE',  ( 1.000000000000000000, 0.000000000000000000, 0.000000000000000000 ) ) ;
#5195 = FILL_AREA_STYLE ('',( #4041 ) ) ;
#5196 = DIRECTION ( 'NONE',  ( -1.000000000000000000, 0.000000000000000000, 0.000000000000000000 ) ) ;
#5197 = AXIS2_PLACEMENT_3D ( 'NONE', #3077, #6911, #4171 ) ;
#5198 = DIRECTION ( 'NONE',  ( -1.899384981211278352E-46, 0.000000000000000000, 1.000000000000000000 ) ) ;
#5199 = EDGE_CURVE ( 'NONE', #1970, #29, #4996, .T. ) ;
#5200 = CARTESIAN_POINT ( 'NONE',  ( 84.99999999999992895, 730.0000000000000000, 31.00000000000000000 ) ) ;
#5201 = CYLINDRICAL_SURFACE ( 'NONE', #5178, 2.500000000000002220 ) ;
#5202 = LINE ( 'NONE', #4520, #2049 ) ;
#5203 = EDGE_CURVE ( 'NONE', #6010, #5387, #4055, .T. ) ;
#5204 =( GEOMETRIC_REPRESENTATION_CONTEXT ( 3 ) GLOBAL_UNCERTAINTY_ASSIGNED_CONTEXT ( ( #329 ) ) GLOBAL_UNIT_ASSIGNED_CONTEXT ( ( #3894, #6593, #4443 ) ) REPRESENTATION_CONTEXT ( 'NONE', 'WORKASPACE' ) );
#5205 = CARTESIAN_POINT ( 'NONE',  ( 408.5000000000000000, 20.00000000000000355, 9.000000000000007105 ) ) ;
#5206 = LINE ( 'NONE', #3765, #2723 ) ;
#5207 = ORIENTED_EDGE ( 'NONE', *, *, #3301, .T. ) ;
#5208 = EDGE_LOOP ( 'NONE', ( #2745, #526 ) ) ;
#5209 = CARTESIAN_POINT ( 'NONE',  ( 794.9999999999987494, 59.99999999999982947, 18.00000000000000000 ) ) ;
#5210 = DIRECTION ( 'NONE',  ( 0.000000000000000000, 0.000000000000000000, 1.000000000000000000 ) ) ;
#5211 = EDGE_CURVE ( 'NONE', #2400, #1338, #629, .T. ) ;
#5212 = DIRECTION ( 'NONE',  ( 1.000000000000000000, 0.000000000000000000, 0.000000000000000000 ) ) ;
#5213 = CARTESIAN_POINT ( 'NONE',  ( 1029.999999999998636, 169.9999999999999432, 0.000000000000000000 ) ) ;
#5214 = ORIENTED_EDGE ( 'NONE', *, *, #1283, .T. ) ;
#5215 = AXIS2_PLACEMENT_3D ( 'NONE', #633, #1251, #4494 ) ;
#5216 = PRESENTATION_STYLE_ASSIGNMENT (( #4922 ) ) ;
#5217 = DIRECTION ( 'NONE',  ( -1.000000000000000000, 0.000000000000000000, 0.000000000000000000 ) ) ;
#5218 = DIRECTION ( 'NONE',  ( -1.000000000000000000, 0.000000000000000000, 1.899384981211278352E-46 ) ) ;
#5219 = ADVANCED_FACE ( 'NONE', ( #1504 ), #36, .F. ) ;
#5220 = ORIENTED_EDGE ( 'NONE', *, *, #5491, .F. ) ;
#5221 = EDGE_CURVE ( 'NONE', #5510, #885, #2609, .T. ) ;
#5222 = CARTESIAN_POINT ( 'NONE',  ( 177.5000000000015064, 652.0000000000002274, 18.00000000000000000 ) ) ;
#5223 = CARTESIAN_POINT ( 'NONE',  ( 180.0000000000015064, 652.0000000000002274, 0.000000000000000000 ) ) ;
#5224 = ADVANCED_BREP_SHAPE_REPRESENTATION ( '', ( #750, #1321 ), #2051 ) ;
#5225 = ORIENTED_EDGE ( 'NONE', *, *, #72, .F. ) ;
#5226 = ORIENTED_EDGE ( 'NONE', *, *, #3138, .F. ) ;
#5227 = CARTESIAN_POINT ( 'NONE',  ( 180.7018575878153968, 725.0000000000002274, 27.41952543903432016 ) ) ;
#5228 = ORIENTED_EDGE ( 'NONE', *, *, #50, .T. ) ;
#5229 = ORIENTED_EDGE ( 'NONE', *, *, #2114, .F. ) ;
#5230 =( REPRESENTATION_RELATIONSHIP ('NONE','NONE', #1817, #6471 ) REPRESENTATION_RELATIONSHIP_WITH_TRANSFORMATION ( #6408 )SHAPE_REPRESENTATION_RELATIONSHIP( ) );
#5231 = ORIENTED_EDGE ( 'NONE', *, *, #399, .F. ) ;
#5232 = SURFACE_STYLE_USAGE ( .BOTH. , #1829 ) ;
#5233 = LINE ( 'NONE', #5733, #5867 ) ;
#5234 = AXIS2_PLACEMENT_3D ( 'NONE', #5700, #5127, #6299 ) ;
#5235 = VERTEX_POINT ( 'NONE', #6309 ) ;
#5236 = CARTESIAN_POINT ( 'NONE',  ( -600.0000000000002274, 0.000000000000000000, -400.0000000000002274 ) ) ;
#5237 = EDGE_LOOP ( 'NONE', ( #4316, #5149, #5174, #1494, #5649, #304, #204, #957 ) ) ;
#5238 = CARTESIAN_POINT ( 'NONE',  ( 404.4999999999999432, 20.00000000000000355, 9.000000000000007105 ) ) ;
#5239 = ORIENTED_EDGE ( 'NONE', *, *, #4296, .T. ) ;
#5240 = CIRCLE ( 'NONE', #6476, 3.000000000000002665 ) ;
#5241 = DIRECTION ( 'NONE',  ( 1.000000000000000000, 0.000000000000000000, 0.000000000000000000 ) ) ;
#5242 = ORIENTED_EDGE ( 'NONE', *, *, #6757, .T. ) ;
#5243 = VERTEX_POINT ( 'NONE', #2105 ) ;
#5244 = DIRECTION ( 'NONE',  ( 0.000000000000000000, 0.000000000000000000, 1.000000000000000000 ) ) ;
#5245 = DIRECTION ( 'NONE',  ( 0.000000000000000000, 0.000000000000000000, 1.000000000000000000 ) ) ;
#5246 = VERTEX_POINT ( 'NONE', #5394 ) ;
#5247 = EDGE_LOOP ( 'NONE', ( #1485, #2764, #6194, #6592 ) ) ;
#5248 = VECTOR ( 'NONE', #1476, 1000.000000000000000 ) ;
#5249 = VERTEX_POINT ( 'NONE', #3166 ) ;
#5250 = CARTESIAN_POINT ( 'NONE',  ( 73.00000000000133582, 298.0000000000000000, 18.00000000000000000 ) ) ;
#5251 = DIRECTION ( 'NONE',  ( 0.000000000000000000, 0.000000000000000000, 1.000000000000000000 ) ) ;
#5252 = ORIENTED_EDGE ( 'NONE', *, *, #438, .F. ) ;
#5253 = CARTESIAN_POINT ( 'NONE',  ( 49.99999999999999289, 103.9999999999998721, 18.00000000000000000 ) ) ;
#5254 = VECTOR ( 'NONE', #855, 1000.000000000000000 ) ;
#5255 = CYLINDRICAL_SURFACE ( 'NONE', #5917, 3.000000000000002665 ) ;
#5256 = ORIENTED_EDGE ( 'NONE', *, *, #6846, .T. ) ;
#5257 = AXIS2_PLACEMENT_3D ( 'NONE', #4137, #1447, #6289 ) ;
#5258 = DIRECTION ( 'NONE',  ( -0.000000000000000000, -0.000000000000000000, -1.000000000000000000 ) ) ;
#5259 = CIRCLE ( 'NONE', #1842, 3.000000000000009770 ) ;
#5260 = ORIENTED_EDGE ( 'NONE', *, *, #516, .F. ) ;
#5261 = DIRECTION ( 'NONE',  ( 0.000000000000000000, 1.000000000000000000, 0.000000000000000000 ) ) ;
#5262 = CYLINDRICAL_SURFACE ( 'NONE', #5407, 3.999999999998837819 ) ;
#5263 = CARTESIAN_POINT ( 'NONE',  ( 73.00000000000133582, 298.0000000000000000, 0.000000000000000000 ) ) ;
#5264 = AXIS2_PLACEMENT_3D ( 'NONE', #1297, #2384, #1747 ) ;
#5265 = DIRECTION ( 'NONE',  ( 1.000000000000000000, 0.000000000000000000, 0.000000000000000000 ) ) ;
#5266 = CARTESIAN_POINT ( 'NONE',  ( 67.00000000000133582, 298.0000000000000000, 0.000000000000000000 ) ) ;
#5267 = EDGE_CURVE ( 'NONE', #1256, #5903, #3885, .T. ) ;
#5268 = VECTOR ( 'NONE', #3855, 1000.000000000000000 ) ;
#5269 = DIRECTION ( 'NONE',  ( 0.000000000000000000, 1.000000000000000000, 0.000000000000000000 ) ) ;
#5270 = EDGE_LOOP ( 'NONE', ( #1017, #681, #3513, #960, #4613 ) ) ;
#5271 = EDGE_CURVE ( 'NONE', #288, #5475, #5845, .T. ) ;
#5272 = VECTOR ( 'NONE', #6128, 1000.000000000000000 ) ;
#5273 = DIRECTION ( 'NONE',  ( 0.7071067811865450192, 0.000000000000000000, 0.7071067811865501263 ) ) ;
#5274 = AXIS2_PLACEMENT_3D ( 'NONE', #4097, #6781, #2960 ) ;
#5275 = AXIS2_PLACEMENT_3D ( 'NONE', #2830, #625, #5031 ) ;
#5276 = DIRECTION ( 'NONE',  ( 0.000000000000000000, 0.000000000000000000, 1.000000000000000000 ) ) ;
#5277 = CYLINDRICAL_SURFACE ( 'NONE', #1966, 2.999999999999891642 ) ;
#5278 = CYLINDRICAL_SURFACE ( 'NONE', #1051, 2.999999999999994671 ) ;
#5279 = FACE_BOUND ( 'NONE', #5584, .T. ) ;
#5280 = FACE_OUTER_BOUND ( 'NONE', #6847, .T. ) ;
#5281 = DIRECTION ( 'NONE',  ( 4.318084277547222313E-78, 1.000000000000000000, 2.255519665188393748E-46 ) ) ;
#5282 = CARTESIAN_POINT ( 'NONE',  ( 0.000000000000000000, 0.000000000000000000, 31.00000000000000000 ) ) ;
#5283 = CIRCLE ( 'NONE', #2023, 6.000000000000227374 ) ;
#5284 = CIRCLE ( 'NONE', #6121, 3.999999999998837819 ) ;
#5285 = CARTESIAN_POINT ( 'NONE',  ( 15.10134184193276496, -2.007781800899082034E-17, 0.000000000000000000 ) ) ;
#5286 = DIRECTION ( 'NONE',  ( -1.000000000000000000, 0.000000000000000000, 0.000000000000000000 ) ) ;
#5287 = AXIS2_PLACEMENT_3D ( 'NONE', #5859, #2621, #4148 ) ;
#5288 = PRODUCT_DEFINITION_SHAPE ( 'NONE', 'NONE',  #7069 ) ;
#5289 = EDGE_LOOP ( 'NONE', ( #6087, #4037 ) ) ;
#5290 = DIRECTION ( 'NONE',  ( 0.000000000000000000, 0.000000000000000000, 1.000000000000000000 ) ) ;
#5291 = ADVANCED_FACE ( 'NONE', ( #2954 ), #4245, .F. ) ;
#5292 = CIRCLE ( 'NONE', #2239, 3.000000000000009770 ) ;
#5293 = ORIENTED_EDGE ( 'NONE', *, *, #1369, .F. ) ;
#5294 = EDGE_CURVE ( 'NONE', #2913, #5899, #6955, .T. ) ;
#5295 = EDGE_CURVE ( 'NONE', #2325, #210, #4490, .T. ) ;
#5296 = CARTESIAN_POINT ( 'NONE',  ( -370.0000000000000000, 55.00000000000000000, 0.000000000000000000 ) ) ;
#5297 = ORIENTED_EDGE ( 'NONE', *, *, #4367, .T. ) ;
#5298 = ITEM_DEFINED_TRANSFORMATION ( 'NONE', 'NONE', #1113,  #1321 ) ;
#5299 = STYLED_ITEM ( 'NONE', ( #316 ), #2687 ) ;
#5300 = EDGE_LOOP ( 'NONE', ( #6784, #3601, #6111, #1573 ) ) ;
#5301 = DIRECTION ( 'NONE',  ( 0.000000000000000000, 1.000000000000000000, 0.000000000000000000 ) ) ;
#5302 = DIRECTION ( 'NONE',  ( 0.000000000000000000, 0.000000000000000000, 1.000000000000000000 ) ) ;
#5303 = EDGE_CURVE ( 'NONE', #3363, #366, #3200, .T. ) ;
#5304 = DIRECTION ( 'NONE',  ( 1.000000000000000000, 0.000000000000000000, 0.000000000000000000 ) ) ;
#5305 = VERTEX_POINT ( 'NONE', #2701 ) ;
#5306 = ORIENTED_EDGE ( 'NONE', *, *, #1685, .T. ) ;
#5307 = PLANE ( 'NONE',  #1455 ) ;
#5308 = PLANE ( 'NONE',  #5886 ) ;
#5309 = AXIS2_PLACEMENT_3D ( 'NONE', #5940, #6490, #2650 ) ;
#5310 = AXIS2_PLACEMENT_3D ( 'NONE', #6083, #4416, #3889 ) ;
#5311 = ORIENTED_EDGE ( 'NONE', *, *, #5562, .F. ) ;
#5312 = EDGE_CURVE ( 'NONE', #3445, #532, #4741, .T. ) ;
#5313 = DIRECTION ( 'NONE',  ( -1.000000000000000000, 0.000000000000000000, -0.000000000000000000 ) ) ;
#5314 = MANIFOLD_SOLID_BREP ( 'Cortar-Extruir1[2]', #2240 ) ;
#5315 = ORIENTED_EDGE ( 'NONE', *, *, #2961, .T. ) ;
#5316 = CARTESIAN_POINT ( 'NONE',  ( 1019.129942314910522, 66.87005768508768710, 0.000000000000000000 ) ) ;
#5317 = ORIENTED_EDGE ( 'NONE', *, *, #3029, .F. ) ;
#5318 = EDGE_CURVE ( 'NONE', #3433, #5235, #1162, .T. ) ;
#5319 = DIRECTION ( 'NONE',  ( 1.000000000000000000, 0.000000000000000000, 0.000000000000000000 ) ) ;
#5320 = DIRECTION ( 'NONE',  ( 1.000000000000000000, 0.000000000000000000, 0.000000000000000000 ) ) ;
#5321 = CARTESIAN_POINT ( 'NONE',  ( 183.0698683933170798, 725.0000000000000000, 21.50000000000000000 ) ) ;
#5322 = VERTEX_POINT ( 'NONE', #978 ) ;
#5323 = PRODUCT_DEFINITION_CONTEXT ( 'detailed design', #4129, 'design' ) ;
#5324 = VERTEX_POINT ( 'NONE', #5356 ) ;
#5325 = CYLINDRICAL_SURFACE ( 'NONE', #2089, 4.000000000000003553 ) ;
#5326 = CARTESIAN_POINT ( 'NONE',  ( 919.9999999999986358, 652.0000000000002274, 0.000000000000000000 ) ) ;
#5327 = ORIENTED_EDGE ( 'NONE', *, *, #6974, .F. ) ;
#5328 = CARTESIAN_POINT ( 'NONE',  ( -170.0000000000000853, 54.99999999999999289, -2.220446049250313081E-13 ) ) ;
#5329 = ADVANCED_FACE ( 'NONE', ( #4825 ), #2671, .T. ) ;
#5330 = VERTEX_POINT ( 'NONE', #3220 ) ;
#5331 = VERTEX_POINT ( 'NONE', #3268 ) ;
#5332 = CYLINDRICAL_SURFACE ( 'NONE', #6970, 4.000000000000003553 ) ;
#5333 = VERTEX_POINT ( 'NONE', #2163 ) ;
#5334 = CARTESIAN_POINT ( 'NONE',  ( 1069.000000000000000, 658.9999999999985221, 18.00000000000000000 ) ) ;
#5335 = CARTESIAN_POINT ( 'NONE',  ( 278.5000000000014779, 620.0000000000002274, 0.000000000000000000 ) ) ;
#5336 = ORIENTED_EDGE ( 'NONE', *, *, #671, .T. ) ;
#5337 = CARTESIAN_POINT ( 'NONE',  ( 50.00000000000000000, 40.00000000000014921, 0.000000000000000000 ) ) ;
#5338 = ORIENTED_EDGE ( 'NONE', *, *, #4608, .T. ) ;
#5339 = FACE_BOUND ( 'NONE', #1128, .T. ) ;
#5340 = FACE_BOUND ( 'NONE', #3768, .T. ) ;
#5341 = ORIENTED_EDGE ( 'NONE', *, *, #4753, .T. ) ;
#5342 = EDGE_CURVE ( 'NONE', #6503, #2401, #2783, .T. ) ;
#5343 = CARTESIAN_POINT ( 'NONE',  ( 0.000000000000000000, 0.000000000000000000, 30.00000000000002132 ) ) ;
#5344 = DIRECTION ( 'NONE',  ( 0.000000000000000000, 0.000000000000000000, 1.000000000000000000 ) ) ;
#5345 = EDGE_CURVE ( 'NONE', #5715, #6748, #980, .T. ) ;
#5346 = VECTOR ( 'NONE', #441, 1000.000000000000000 ) ;
#5347 = ORIENTED_EDGE ( 'NONE', *, *, #5882, .T. ) ;
#5348 = LINE ( 'NONE', #2864, #547 ) ;
#5349 = CARTESIAN_POINT ( 'NONE',  ( 177.5000000000015064, 652.0000000000002274, 18.00000000000000000 ) ) ;
#5350 = ORIENTED_EDGE ( 'NONE', *, *, #1726, .T. ) ;
#5351 = DIRECTION ( 'NONE',  ( 0.000000000000000000, 2.255519665188391803E-46, 1.000000000000000000 ) ) ;
#5352 = FACE_OUTER_BOUND ( 'NONE', #5300, .T. ) ;
#5353 = ORIENTED_EDGE ( 'NONE', *, *, #2099, .T. ) ;
#5354 = CYLINDRICAL_SURFACE ( 'NONE', #4674, 3.000000000000002665 ) ;
#5355 = ADVANCED_FACE ( 'NONE', ( #1761 ), #39, .T. ) ;
#5356 = CARTESIAN_POINT ( 'NONE',  ( 2.220446049250313081E-13, 64.99999999999994316, 30.00000000000002132 ) ) ;
#5357 = DIRECTION ( 'NONE',  ( 0.000000000000000000, 0.000000000000000000, 1.000000000000000000 ) ) ;
#5358 = CIRCLE ( 'NONE', #1137, 3.000000000000002665 ) ;
#5359 = AXIS2_PLACEMENT_3D ( 'NONE', #4857, #1092, #5388 ) ;
#5360 = DIRECTION ( 'NONE',  ( 4.318084277547222313E-78, 1.000000000000000000, 2.255519665188393748E-46 ) ) ;
#5361 = DIRECTION ( 'NONE',  ( 1.000000000000000000, 0.000000000000000000, 0.000000000000000000 ) ) ;
#5362 = EDGE_CURVE ( 'NONE', #5963, #3460, #390, .T. ) ;
#5363 = CYLINDRICAL_SURFACE ( 'NONE', #3069, 6.000000000000227374 ) ;
#5364 = CARTESIAN_POINT ( 'NONE',  ( 183.0000000000004263, 620.0000000000002274, 0.000000000000000000 ) ) ;
#5365 = CIRCLE ( 'NONE', #4740, 4.000000000000003553 ) ;
#5366 = CARTESIAN_POINT ( 'NONE',  ( -170.0000000000000853, 54.99999999999999289, -3.000000000000216716 ) ) ;
#5367 = CARTESIAN_POINT ( 'NONE',  ( 99.51915006111077844, 725.0000000000000000, 6.123233995736914194E-16 ) ) ;
#5368 = DIRECTION ( 'NONE',  ( 0.000000000000000000, 1.000000000000000000, 0.000000000000000000 ) ) ;
#5369 = LINE ( 'NONE', #2514, #2976 ) ;
#5370 = FACE_OUTER_BOUND ( 'NONE', #5676, .T. ) ;
#5371 = CARTESIAN_POINT ( 'NONE',  ( 112.9999999999999432, 583.0000000000048885, 18.00000000000000000 ) ) ;
#5372 = PRODUCT_RELATED_PRODUCT_CATEGORY ( 'part', '', ( #5454 ) ) ;
#5373 = FILL_AREA_STYLE ('',( #3146 ) ) ;
#5374 = CIRCLE ( 'NONE', #1381, 3.000000000000002665 ) ;
#5375 = VECTOR ( 'NONE', #617, 1000.000000000000000 ) ;
#5376 = CARTESIAN_POINT ( 'NONE',  ( 73.00000000000135003, 169.9999999999999716, 18.00000000000000000 ) ) ;
#5377 = CARTESIAN_POINT ( 'NONE',  ( -248.4999999999997726, -1.387778780781445676E-14, -9.000000000000119016 ) ) ;
#5378 = VECTOR ( 'NONE', #2123, 1000.000000000000114 ) ;
#5379 = ORIENTED_EDGE ( 'NONE', *, *, #6591, .T. ) ;
#5380 = STYLED_ITEM ( 'NONE', ( #2674 ), #6369 ) ;
#5381 = CARTESIAN_POINT ( 'NONE',  ( 76.87005768508983294, 613.1299423149124550, 11.99999999999999822 ) ) ;
#5382 = ORIENTED_EDGE ( 'NONE', *, *, #163, .T. ) ;
#5383 = EDGE_CURVE ( 'NONE', #2851, #5816, #2444, .T. ) ;
#5384 = DIRECTION ( 'NONE',  ( 0.000000000000000000, 0.000000000000000000, 1.000000000000000000 ) ) ;
#5385 = CARTESIAN_POINT ( 'NONE',  ( 43.24131847326456324, 2.570590502707379432, 0.000000000000000000 ) ) ;
#5386 = DIRECTION ( 'NONE',  ( 0.7071067811865771047, -0.7071067811865179298, 0.000000000000000000 ) ) ;
#5387 = VERTEX_POINT ( 'NONE', #10 ) ;
#5388 = DIRECTION ( 'NONE',  ( -1.000000000000000000, 0.000000000000000000, 0.000000000000000000 ) ) ;
#5389 = DIRECTION ( 'NONE',  ( -1.000000000000000000, 0.000000000000000000, 0.000000000000000000 ) ) ;
#5390 = ORIENTED_EDGE ( 'NONE', *, *, #582, .T. ) ;
#5391 = AXIS2_PLACEMENT_3D ( 'NONE', #3970, #721, #670 ) ;
#5392 = SHAPE_REPRESENTATION_RELATIONSHIP ( 'NONE' , 'NONE' ,  #1867, #3426 ) ;
#5393 = VERTEX_POINT ( 'NONE', #599 ) ;
#5394 = CARTESIAN_POINT ( 'NONE',  ( 1026.999999999998863, 169.9999999999999432, 18.00000000000000000 ) ) ;
#5395 = VERTEX_POINT ( 'NONE', #6564 ) ;
#5396 = ORIENTED_EDGE ( 'NONE', *, *, #1468, .F. ) ;
#5397 = DIRECTION ( 'NONE',  ( 1.000000000000000000, 0.000000000000000000, 0.000000000000000000 ) ) ;
#5398 = CARTESIAN_POINT ( 'NONE',  ( 85.46958070007251251, 725.0000000000000000, 21.50000000000000000 ) ) ;
#5399 = EDGE_CURVE ( 'NONE', #2848, #4868, #3377, .T. ) ;
#5400 = ORIENTED_EDGE ( 'NONE', *, *, #261, .F. ) ;
#5401 = DIRECTION ( 'NONE',  ( -0.000000000000000000, 1.000000000000000000, -0.000000000000000000 ) ) ;
#5402 = ORIENTED_EDGE ( 'NONE', *, *, #3334, .F. ) ;
#5403 = CYLINDRICAL_SURFACE ( 'NONE', #4149, 3.000000000000002665 ) ;
#5404 = DIRECTION ( 'NONE',  ( 1.000000000000000000, 0.000000000000000000, 0.000000000000000000 ) ) ;
#5405 = CARTESIAN_POINT ( 'NONE',  ( 242.0000000000000000, 55.00000000000000000, 0.000000000000000000 ) ) ;
#5406 = AXIS2_PLACEMENT_3D ( 'NONE', #4948, #3418, #2804 ) ;
#5407 = AXIS2_PLACEMENT_3D ( 'NONE', #2429, #5638, #2955 ) ;
#5408 = ORIENTED_EDGE ( 'NONE', *, *, #5161, .T. ) ;
#5409 = EDGE_CURVE ( 'NONE', #3929, #1027, #6799, .T. ) ;
#5410 = ORIENTED_EDGE ( 'NONE', *, *, #3643, .T. ) ;
#5411 = EDGE_LOOP ( 'NONE', ( #378, #2347, #2527, #530 ) ) ;
#5412 = LINE ( 'NONE', #572, #6607 ) ;
#5413 = VERTEX_POINT ( 'NONE', #1117 ) ;
#5414 = CARTESIAN_POINT ( 'NONE',  ( 1029.999999999998408, 265.9999999999998295, 18.00000000000000000 ) ) ;
#5415 = EDGE_LOOP ( 'NONE', ( #3867, #3751, #2689, #2471 ) ) ;
#5416 = ORIENTED_EDGE ( 'NONE', *, *, #3325, .F. ) ;
#5417 = PLANE ( 'NONE',  #4304 ) ;
#5418 = VECTOR ( 'NONE', #6413, 1000.000000000000000 ) ;
#5419 = ORIENTED_EDGE ( 'NONE', *, *, #6457, .F. ) ;
#5420 = ORIENTED_EDGE ( 'NONE', *, *, #3504, .F. ) ;
#5421 = DIRECTION ( 'NONE',  ( 1.000000000000000000, 0.000000000000000000, 0.000000000000000000 ) ) ;
#5422 = CIRCLE ( 'NONE', #1094, 5.999999999999339195 ) ;
#5423 = ORIENTED_EDGE ( 'NONE', *, *, #6303, .F. ) ;
#5424 = CARTESIAN_POINT ( 'NONE',  ( 370.0000000000000000, 80.00000000000000000, -2.999999999999994671 ) ) ;
#5425 = FACE_BOUND ( 'NONE', #5208, .T. ) ;
#5426 = DIRECTION ( 'NONE',  ( 1.000000000000000000, 0.000000000000000000, -1.899384981211278352E-46 ) ) ;
#5427 = AXIS2_PLACEMENT_3D ( 'NONE', #6078, #2208, #2738 ) ;
#5428 = CIRCLE ( 'NONE', #6076, 2.500000000000015987 ) ;
#5429 = EDGE_LOOP ( 'NONE', ( #1073, #3378, #1897, #1711 ) ) ;
#5430 = EDGE_CURVE ( 'NONE', #6252, #1727, #4659, .T. ) ;
#5431 = VECTOR ( 'NONE', #6166, 1000.000000000000000 ) ;
#5432 = DIRECTION ( 'NONE',  ( 1.000000000000000000, 0.000000000000000000, 0.000000000000000000 ) ) ;
#5433 = CARTESIAN_POINT ( 'NONE',  ( 1029.999999999998636, 298.0000000000000000, 0.000000000000000000 ) ) ;
#5434 = CARTESIAN_POINT ( 'NONE',  ( 60.00000000000005684, 109.9999999999998721, 18.00000000000002132 ) ) ;
#5435 = CIRCLE ( 'NONE', #2969, 3.000000000000002665 ) ;
#5436 = VECTOR ( 'NONE', #5953, 1000.000000000000000 ) ;
#5437 = CARTESIAN_POINT ( 'NONE',  ( 1064.757359312880908, 16.75735931287974978, 18.00000000000000000 ) ) ;
#5438 = EDGE_CURVE ( 'NONE', #689, #2053, #1336, .T. ) ;
#5439 = LINE ( 'NONE', #5895, #3985 ) ;
#5440 = ADVANCED_BREP_SHAPE_REPRESENTATION ( '', ( #2150, #1321 ), #3008 ) ;
#5441 = DIRECTION ( 'NONE',  ( 0.000000000000000000, 2.255519665188391803E-46, 1.000000000000000000 ) ) ;
#5442 = LINE ( 'NONE', #3584, #145 ) ;
#5443 = CARTESIAN_POINT ( 'NONE',  ( 823.9999999999987494, 620.0000000000003411, 0.000000000000000000 ) ) ;
#5444 = AXIS2_PLACEMENT_3D ( 'NONE', #4735, #5900, #4255 ) ;
#5445 = DIRECTION ( 'NONE',  ( 0.000000000000000000, 0.000000000000000000, 1.000000000000000000 ) ) ;
#5446 = AXIS2_PLACEMENT_3D ( 'NONE', #5711, #883, #1446 ) ;
#5447 = CARTESIAN_POINT ( 'NONE',  ( 1029.999999999998408, 265.9999999999998295, 0.000000000000000000 ) ) ;
#5448 = VECTOR ( 'NONE', #5085, 1000.000000000000000 ) ;
#5449 = VECTOR ( 'NONE', #3311, 1000.000000000000000 ) ;
#5450 = FILL_AREA_STYLE ('',( #1624 ) ) ;
#5451 = DIRECTION ( 'NONE',  ( 0.000000000000000000, 0.000000000000000000, 1.000000000000000000 ) ) ;
#5452 = EDGE_CURVE ( 'NONE', #3279, #374, #3120, .T. ) ;
#5453 = CARTESIAN_POINT ( 'NONE',  ( 0.000000000000000000, 0.000000000000000000, 30.00000000000002132 ) ) ;
#5454 = PRODUCT ( 'A000557-FAJASXXXCORT', 'A000557-FAJASXXXCORT', '', ( #1227 ) ) ;
#5455 = LINE ( 'NONE', #3789, #4424 ) ;
#5456 = VECTOR ( 'NONE', #6403, 1000.000000000000000 ) ;
#5457 = DIRECTION ( 'NONE',  ( 0.000000000000000000, 0.000000000000000000, 1.000000000000000000 ) ) ;
#5458 = DIRECTION ( 'NONE',  ( 0.7071067811865479058, 0.000000000000000000, 0.7071067811865472397 ) ) ;
#5459 = CYLINDRICAL_SURFACE ( 'NONE', #5310, 2.500000000000002220 ) ;
#5460 = FACE_OUTER_BOUND ( 'NONE', #2686, .T. ) ;
#5461 = DIRECTION ( 'NONE',  ( 1.000000000000000000, 0.000000000000000000, 0.000000000000000000 ) ) ;
#5462 = DIRECTION ( 'NONE',  ( 1.000000000000000000, 0.000000000000000000, 0.000000000000000000 ) ) ;
#5463 = ORIENTED_EDGE ( 'NONE', *, *, #5345, .T. ) ;
#5464 = CARTESIAN_POINT ( 'NONE',  ( 111.2426406871194473, 92.75735931288359382, 18.00000000000000000 ) ) ;
#5465 = DIRECTION ( 'NONE',  ( -1.000000000000000000, 0.000000000000000000, 0.000000000000000000 ) ) ;
#5466 = SHAPE_DEFINITION_REPRESENTATION ( #585, #5875 ) ;
#5467 = CARTESIAN_POINT ( 'NONE',  ( 0.000000000000000000, 0.000000000000000000, 0.000000000000000000 ) ) ;
#5468 = CARTESIAN_POINT ( 'NONE',  ( 111.2426406871194473, 92.75735931288359382, 11.99999999999999822 ) ) ;
#5469 = EDGE_CURVE ( 'NONE', #5810, #4544, #303, .T. ) ;
#5470 = ORIENTED_EDGE ( 'NONE', *, *, #803, .T. ) ;
#5471 = AXIS2_PLACEMENT_3D ( 'NONE', #3422, #5617, #126 ) ;
#5472 = COLOUR_RGB ( '',1.000000000000000000, 1.000000000000000000, 1.000000000000000000 ) ;
#5473 = VERTEX_POINT ( 'NONE', #3854 ) ;
#5474 = DIRECTION ( 'NONE',  ( -1.000000000000000000, 0.000000000000000000, 0.000000000000000000 ) ) ;
#5475 = VERTEX_POINT ( 'NONE', #6003 ) ;
#5476 = ADVANCED_FACE ( 'NONE', ( #3294 ), #6020, .F. ) ;
#5477 = DIRECTION ( 'NONE',  ( -1.000000000000000000, 0.000000000000000000, 0.000000000000000000 ) ) ;
#5478 = CARTESIAN_POINT ( 'NONE',  ( 85.35474517436360031, 730.0000000000000000, 19.74328400189158828 ) ) ;
#5479 = CARTESIAN_POINT ( 'NONE',  ( 180.0000000000016200, 620.0000000000002274, 18.00000000000000000 ) ) ;
#5480 = ORIENTED_EDGE ( 'NONE', *, *, #370, .T. ) ;
#5481 = AXIS2_PLACEMENT_3D ( 'NONE', #666, #6689, #5635 ) ;
#5482 = VERTEX_POINT ( 'NONE', #4413 ) ;
#5483 = CARTESIAN_POINT ( 'NONE',  ( 1050.000000000000000, 640.0000000000000000, 18.00000000000000000 ) ) ;
#5484 = ORIENTED_EDGE ( 'NONE', *, *, #4781, .F. ) ;
#5485 = AXIS2_PLACEMENT_3D ( 'NONE', #5952, #7042, #3780 ) ;
#5486 = ORIENTED_EDGE ( 'NONE', *, *, #4214, .F. ) ;
#5487 = CARTESIAN_POINT ( 'NONE',  ( 997.2426406871197742, 578.7573593128853418, 11.99999999999999822 ) ) ;
#5488 = ORIENTED_EDGE ( 'NONE', *, *, #4942, .T. ) ;
#5489 = FACE_OUTER_BOUND ( 'NONE', #2682, .T. ) ;
#5490 = CARTESIAN_POINT ( 'NONE',  ( 70.00000000000133582, 382.0000000000000568, 0.000000000000000000 ) ) ;
#5491 = EDGE_CURVE ( 'NONE', #1049, #4189, #5172, .T. ) ;
#5492 = ORIENTED_EDGE ( 'NONE', *, *, #3566, .F. ) ;
#5493 = EDGE_CURVE ( 'NONE', #4552, #6585, #1673, .T. ) ;
#5494 = ORIENTED_EDGE ( 'NONE', *, *, #3470, .F. ) ;
#5495 = DIRECTION ( 'NONE',  ( -0.000000000000000000, -0.000000000000000000, -1.000000000000000000 ) ) ;
#5496 = AXIS2_PLACEMENT_3D ( 'NONE', #962, #5344, #1729 ) ;
#5497 = VERTEX_POINT ( 'NONE', #5581 ) ;
#5498 = FACE_OUTER_BOUND ( 'NONE', #2767, .T. ) ;
#5499 = AXIS2_PLACEMENT_3D ( 'NONE', #5883, #1012, #423 ) ;
#5500 = ORIENTED_EDGE ( 'NONE', *, *, #4736, .F. ) ;
#5501 = ORIENTED_EDGE ( 'NONE', *, *, #991, .F. ) ;
#5502 = DIRECTION ( 'NONE',  ( 1.000000000000000000, 0.000000000000000000, 0.000000000000000000 ) ) ;
#5503 = ORIENTED_EDGE ( 'NONE', *, *, #849, .T. ) ;
#5504 = FACE_BOUND ( 'NONE', #1486, .T. ) ;
#5505 = ORIENTED_EDGE ( 'NONE', *, *, #310, .T. ) ;
#5506 = FACE_BOUND ( 'NONE', #2069, .T. ) ;
#5507 = DIRECTION ( 'NONE',  ( 0.000000000000000000, 0.000000000000000000, 1.000000000000000000 ) ) ;
#5508 = CARTESIAN_POINT ( 'NONE',  ( -600.0000000000001137, 18.00000000000000000, 400.0000000000001705 ) ) ;
#5509 = AXIS2_PLACEMENT_3D ( 'NONE', #3863, #5522, #5017 ) ;
#5510 = VERTEX_POINT ( 'NONE', #4509 ) ;
#5511 = DIRECTION ( 'NONE',  ( -1.000000000000000000, 0.000000000000000000, -1.899384981211278352E-46 ) ) ;
#5512 = VECTOR ( 'NONE', #5386, 1000.000000000000000 ) ;
#5513 = ORIENTED_EDGE ( 'NONE', *, *, #3230, .F. ) ;
#5514 = FACE_OUTER_BOUND ( 'NONE', #2953, .T. ) ;
#5515 = CARTESIAN_POINT ( 'NONE',  ( 80.87005768508957715, 66.87005768508768710, 18.00000000000000000 ) ) ;
#5516 = ADVANCED_FACE ( 'NONE', ( #5514 ), #2264, .F. ) ;
#5517 = DIRECTION ( 'NONE',  ( -0.000000000000000000, -0.000000000000000000, -1.000000000000000000 ) ) ;
#5518 = VECTOR ( 'NONE', #2438, 1000.000000000000000 ) ;
#5519 = ORIENTED_EDGE ( 'NONE', *, *, #3005, .T. ) ;
#5520 = CIRCLE ( 'NONE', #239, 3.000000000000009770 ) ;
#5521 = PRODUCT_DEFINITION_SHAPE ( 'NONE', 'NONE',  #7071 ) ;
#5522 = DIRECTION ( 'NONE',  ( -1.110223024625156540E-16, 0.000000000000000000, -1.000000000000000222 ) ) ;
#5523 = DIRECTION ( 'NONE',  ( 0.000000000000000000, 0.000000000000000000, 1.000000000000000000 ) ) ;
#5524 = EDGE_CURVE ( 'NONE', #944, #6859, #5348, .T. ) ;
#5525 = VECTOR ( 'NONE', #6646, 1000.000000000000000 ) ;
#5526 = DIRECTION ( 'NONE',  ( 1.000000000000000000, 0.000000000000000000, 0.000000000000000000 ) ) ;
#5527 = FACE_OUTER_BOUND ( 'NONE', #712, .T. ) ;
#5528 = DIRECTION ( 'NONE',  ( 1.000000000000000000, 0.000000000000000000, -0.000000000000000000 ) ) ;
#5529 = AXIS2_PLACEMENT_3D ( 'NONE', #2950, #3420, #3401 ) ;
#5530 = ORIENTED_EDGE ( 'NONE', *, *, #6298, .F. ) ;
#5531 = DIRECTION ( 'NONE',  ( 0.000000000000000000, 1.000000000000000000, 0.000000000000000000 ) ) ;
#5532 = CARTESIAN_POINT ( 'NONE',  ( 85.46958070007251251, 725.0000000000000000, 21.50000000000000000 ) ) ;
#5533 = FACE_OUTER_BOUND ( 'NONE', #1814, .T. ) ;
#5534 = AXIS2_PLACEMENT_3D ( 'NONE', #929, #4752, #6497 ) ;
#5535 = SHAPE_REPRESENTATION_RELATIONSHIP ( 'NONE' , 'NONE' ,  #5875, #3212 ) ;
#5536 = EDGE_CURVE ( 'NONE', #6792, #4135, #808, .T. ) ;
#5537 = LINE ( 'NONE', #2815, #4600 ) ;
#5538 = FACE_OUTER_BOUND ( 'NONE', #850, .T. ) ;
#5539 = AXIS2_PLACEMENT_3D ( 'NONE', #5047, #5546, #5502 ) ;
#5540 = CARTESIAN_POINT ( 'NONE',  ( 550.0000000000000000, 510.0000000000000000, 0.000000000000000000 ) ) ;
#5541 = CARTESIAN_POINT ( 'NONE',  ( 84.99999999999992895, 730.0000000000000000, 31.00000000000000000 ) ) ;
#5542 = CARTESIAN_POINT ( 'NONE',  ( 0.000000000000000000, 0.000000000000000000, 30.00000000000002132 ) ) ;
#5543 = VECTOR ( 'NONE', #2914, 1000.000000000000000 ) ;
#5544 = FACE_OUTER_BOUND ( 'NONE', #1755, .T. ) ;
#5545 = ADVANCED_FACE ( 'NONE', ( #3717 ), #5255, .F. ) ;
#5546 = DIRECTION ( 'NONE',  ( -0.000000000000000000, -0.000000000000000000, 1.000000000000000000 ) ) ;
#5547 = PRODUCT_DEFINITION_CONTEXT ( 'detailed design', #191, 'design' ) ;
#5548 = PLANE ( 'NONE',  #3327 ) ;
#5549 = ADVANCED_FACE ( 'NONE', ( #6448 ), #6704, .F. ) ;
#5550 = EDGE_LOOP ( 'NONE', ( #2140, #4445 ) ) ;
#5551 = CARTESIAN_POINT ( 'NONE',  ( 49.99999999999999289, 576.0000000000002274, 18.00000000000000000 ) ) ;
#5552 = DIRECTION ( 'NONE',  ( 0.000000000000000000, 0.000000000000000000, 1.000000000000000000 ) ) ;
#5553 = DIRECTION ( 'NONE',  ( 1.000000000000000000, 0.000000000000000000, 0.000000000000000000 ) ) ;
#5554 = ORIENTED_EDGE ( 'NONE', *, *, #956, .F. ) ;
#5555 = ORIENTED_EDGE ( 'NONE', *, *, #163, .F. ) ;
#5556 = CARTESIAN_POINT ( 'NONE',  ( 67.00000000000133582, 382.0000000000000568, 18.00000000000000000 ) ) ;
#5557 = AXIS2_PLACEMENT_3D ( 'NONE', #4792, #1598, #5421 ) ;
#5558 = DIRECTION ( 'NONE',  ( 1.000000000000000000, 0.000000000000000000, 0.000000000000000000 ) ) ;
#5559 = CARTESIAN_POINT ( 'NONE',  ( 1029.999999999998636, 169.9999999999999432, 18.00000000000000000 ) ) ;
#5560 = DIRECTION ( 'NONE',  ( -0.000000000000000000, -0.000000000000000000, -1.000000000000000000 ) ) ;
#5561 = ORIENTED_EDGE ( 'NONE', *, *, #261, .T. ) ;
#5562 = EDGE_CURVE ( 'NONE', #512, #2673, #3459, .T. ) ;
#5563 = VERTEX_POINT ( 'NONE', #5556 ) ;
#5564 = CARTESIAN_POINT ( 'NONE',  ( 70.00000000000132161, -80.00000000000000000, 339.9999999999999432 ) ) ;
#5565 = EDGE_CURVE ( 'NONE', #4221, #5482, #2692, .T. ) ;
#5566 = ORIENTED_EDGE ( 'NONE', *, *, #2822, .T. ) ;
#5567 =( GEOMETRIC_REPRESENTATION_CONTEXT ( 3 ) GLOBAL_UNCERTAINTY_ASSIGNED_CONTEXT ( ( #6142 ) ) GLOBAL_UNIT_ASSIGNED_CONTEXT ( ( #5982, #6570, #48 ) ) REPRESENTATION_CONTEXT ( 'NONE', 'WORKASPACE' ) );
#5568 = ORIENTED_EDGE ( 'NONE', *, *, #4338, .T. ) ;
#5569 = ORIENTED_EDGE ( 'NONE', *, *, #6322, .T. ) ;
#5570 = CYLINDRICAL_SURFACE ( 'NONE', #4472, 2.500000000000015987 ) ;
#5571 = DIRECTION ( 'NONE',  ( 0.000000000000000000, -0.000000000000000000, 1.000000000000000000 ) ) ;
#5572 = EDGE_LOOP ( 'NONE', ( #202, #5907, #6943, #3723 ) ) ;
#5573 = EDGE_CURVE ( 'NONE', #366, #3363, #4142, .T. ) ;
#5574 = ORIENTED_EDGE ( 'NONE', *, *, #3892, .T. ) ;
#5575 = DIRECTION ( 'NONE',  ( 0.000000000000000000, 0.000000000000000000, 1.000000000000000000 ) ) ;
#5576 = VERTEX_POINT ( 'NONE', #675 ) ;
#5577 = EDGE_LOOP ( 'NONE', ( #5530, #5231, #6877, #3936 ) ) ;
#5578 = ADVANCED_FACE ( 'NONE', ( #5592 ), #4220, .F. ) ;
#5579 = ORIENTED_EDGE ( 'NONE', *, *, #630, .T. ) ;
#5580 = ORIENTED_EDGE ( 'NONE', *, *, #5158, .T. ) ;
#5581 = CARTESIAN_POINT ( 'NONE',  ( -5.698154943633848668E-46, 49.99999999999993605, 11.99999999999999289 ) ) ;
#5582 = ADVANCED_FACE ( 'NONE', ( #714 ), #2834, .F. ) ;
#5583 = ORIENTED_EDGE ( 'NONE', *, *, #2822, .F. ) ;
#5584 = EDGE_LOOP ( 'NONE', ( #4809, #6065 ) ) ;
#5585 = DIRECTION ( 'NONE',  ( 0.000000000000000000, -1.000000000000000000, 0.000000000000000000 ) ) ;
#5586 = ORIENTED_EDGE ( 'NONE', *, *, #6129, .T. ) ;
#5587 = EDGE_CURVE ( 'NONE', #4446, #3192, #6614, .T. ) ;
#5588 = ORIENTED_EDGE ( 'NONE', *, *, #4367, .F. ) ;
#5589 = DIRECTION ( 'NONE',  ( 0.000000000000000000, -1.000000000000000000, 0.000000000000000000 ) ) ;
#5590 = FACE_BOUND ( 'NONE', #2735, .T. ) ;
#5591 = VERTEX_POINT ( 'NONE', #155 ) ;
#5592 = FACE_OUTER_BOUND ( 'NONE', #695, .T. ) ;
#5593 = DIRECTION ( 'NONE',  ( 0.000000000000000000, 0.000000000000000000, 1.000000000000000000 ) ) ;
#5594 = DIRECTION ( 'NONE',  ( 0.000000000000000000, 0.000000000000000000, 1.000000000000000000 ) ) ;
#5595 = CARTESIAN_POINT ( 'NONE',  ( 791.9999999999987494, 59.99999999999982947, 18.00000000000000000 ) ) ;
#5596 = CARTESIAN_POINT ( 'NONE',  ( 67.50000000000133582, 266.0000000000000000, 18.00000000000000000 ) ) ;
#5597 = VECTOR ( 'NONE', #1438, 1000.000000000000000 ) ;
#5598 = PRESENTATION_LAYER_ASSIGNMENT (  '', '', ( #6696 ) ) ;
#5599 = ORIENTED_EDGE ( 'NONE', *, *, #4963, .T. ) ;
#5600 = VECTOR ( 'NONE', #1391, 1000.000000000000000 ) ;
#5601 = CARTESIAN_POINT ( 'NONE',  ( 60.00000000000005684, 109.9999999999998721, 15.00000000000001421 ) ) ;
#5602 = CARTESIAN_POINT ( 'NONE',  ( 1032.999999999998636, 169.9999999999999432, 0.000000000000000000 ) ) ;
#5603 = CIRCLE ( 'NONE', #4790, 3.000000000000009770 ) ;
#5604 = CARTESIAN_POINT ( 'NONE',  ( 58.01941254751481836, 5.421010862427522170E-17, 0.000000000000000000 ) ) ;
#5605 = LINE ( 'NONE', #2052, #5099 ) ;
#5606 = CARTESIAN_POINT ( 'NONE',  ( 45.99999999999999289, 40.00000000000014921, 11.99999999999999822 ) ) ;
#5607 = ORIENTED_EDGE ( 'NONE', *, *, #1874, .F. ) ;
#5608 = AXIS2_PLACEMENT_3D ( 'NONE', #6068, #1635, #498 ) ;
#5609 = CIRCLE ( 'NONE', #4073, 2.999999999999996003 ) ;
#5610 = ADVANCED_FACE ( 'NONE', ( #2434, #6791, #800, #3790, #1247, #6364, #6945, #2770, #3629, #4907, #5165, #6874, #2345, #211, #2013, #622, #5838, #539, #890, #5425, #5340, #4047, #975, #3709, #2258, #6193, #4569, #1329, #6443, #5506, #1666, #2603, #2167, #4989, #1153, #3547, #1847, #3964, #2087 ), #4553, .F. ) ;
#5611 = CARTESIAN_POINT ( 'NONE',  ( 49.99999999999999289, 103.9999999999998721, 0.000000000000000000 ) ) ;
#5612 = FACE_OUTER_BOUND ( 'NONE', #2845, .T. ) ;
#5613 = FACE_OUTER_BOUND ( 'NONE', #4962, .T. ) ;
#5614 = CARTESIAN_POINT ( 'NONE',  ( 2.220446049250313081E-13, 64.99999999999994316, 30.00000000000002132 ) ) ;
#5615 = AXIS2_PLACEMENT_3D ( 'NONE', #2631, #3726, #5304 ) ;
#5616 = ADVANCED_FACE ( 'NONE', ( #6532 ), #1067, .F. ) ;
#5617 = DIRECTION ( 'NONE',  ( 0.000000000000000000, 1.000000000000000000, 0.000000000000000000 ) ) ;
#5618 = DIRECTION ( 'NONE',  ( 1.000000000000000000, -1.329538674056075510E-18, 0.000000000000000000 ) ) ;
#5619 = CARTESIAN_POINT ( 'NONE',  ( 1027.129942314910522, 66.87005768508768710, 18.00000000000000000 ) ) ;
#5620 = VECTOR ( 'NONE', #3447, 1000.000000000000000 ) ;
#5621 = CIRCLE ( 'NONE', #1235, 3.000000000000002665 ) ;
#5622 = EDGE_CURVE ( 'NONE', #4552, #3869, #4733, .T. ) ;
#5623 = EDGE_CURVE ( 'NONE', #19, #5848, #385, .T. ) ;
#5624 = CARTESIAN_POINT ( 'NONE',  ( 1029.999999999998636, 298.0000000000000000, 18.00000000000000000 ) ) ;
#5625 = CARTESIAN_POINT ( 'NONE',  ( 177.5000000000015064, 27.99999999999980105, 0.000000000000000000 ) ) ;
#5626 = FACE_OUTER_BOUND ( 'NONE', #6760, .T. ) ;
#5627 = CIRCLE ( 'NONE', #2727, 4.000000000000003553 ) ;
#5628 = CARTESIAN_POINT ( 'NONE',  ( 168.9050319128784849, 725.0000000000000000, 31.00000000000000000 ) ) ;
#5629 = APPLICATION_PROTOCOL_DEFINITION ( 'draft international standard', 'automotive_design', 1998, #1827 ) ;
#5630 = VERTEX_POINT ( 'NONE', #632 ) ;
#5631 = AXIS2_PLACEMENT_3D ( 'NONE', #5134, #3492, #2310 ) ;
#5632 = SHAPE_DEFINITION_REPRESENTATION ( #970, #6471 ) ;
#5633 = CARTESIAN_POINT ( 'NONE',  ( 76.87005768508956294, 66.87005768508768710, 18.00000000000000000 ) ) ;
#5634 = CARTESIAN_POINT ( 'NONE',  ( 248.0944918928738048, 725.0000000000000000, 21.50000000000000000 ) ) ;
#5635 = DIRECTION ( 'NONE',  ( 0.000000000000000000, 0.000000000000000000, 1.000000000000000000 ) ) ;
#5636 = ORIENTED_EDGE ( 'NONE', *, *, #370, .F. ) ;
#5637 = ORIENTED_EDGE ( 'NONE', *, *, #135, .F. ) ;
#5638 = DIRECTION ( 'NONE',  ( -0.000000000000000000, -0.000000000000000000, -1.000000000000000000 ) ) ;
#5639 = ADVANCED_FACE ( 'NONE', ( #6011 ), #2946, .F. ) ;
#5640 = ORIENTED_EDGE ( 'NONE', *, *, #1316, .T. ) ;
#5641 = ORIENTED_EDGE ( 'NONE', *, *, #5158, .F. ) ;
#5642 = AXIS2_PLACEMENT_3D ( 'NONE', #99, #4482, #2825 ) ;
#5643 = CARTESIAN_POINT ( 'NONE',  ( 791.9999999999987494, 59.99999999999982947, 0.000000000000000000 ) ) ;
#5644 = EDGE_LOOP ( 'NONE', ( #6940, #684 ) ) ;
#5645 = ADVANCED_FACE ( 'NONE', ( #1497 ), #4603, .T. ) ;
#5646 = CARTESIAN_POINT ( 'NONE',  ( 1069.000000000000000, 658.9999999999985221, 11.99999999999999822 ) ) ;
#5647 = ORIENTED_EDGE ( 'NONE', *, *, #1129, .F. ) ;
#5648 = EDGE_CURVE ( 'NONE', #6102, #4017, #3111, .T. ) ;
#5649 = ORIENTED_EDGE ( 'NONE', *, *, #3701, .F. ) ;
#5650 = DIRECTION ( 'NONE',  ( -1.000000000000000000, 0.000000000000000000, 0.000000000000000000 ) ) ;
#5651 = EDGE_CURVE ( 'NONE', #2263, #2077, #2522, .T. ) ;
#5652 = ORIENTED_EDGE ( 'NONE', *, *, #4561, .T. ) ;
#5653 = DIRECTION ( 'NONE',  ( 0.000000000000000000, 0.000000000000000000, 1.000000000000000000 ) ) ;
#5654 = VECTOR ( 'NONE', #6994, 1000.000000000000000 ) ;
#5655 = ORIENTED_EDGE ( 'NONE', *, *, #1704, .F. ) ;
#5656 = ORIENTED_EDGE ( 'NONE', *, *, #1913, .T. ) ;
#5657 = CARTESIAN_POINT ( 'NONE',  ( 266.5000000000002274, 0.000000000000000000, 8.999999999999904077 ) ) ;
#5658 = CARTESIAN_POINT ( 'NONE',  ( 163.0944918928738616, -2.168404344971008868E-16, 0.000000000000000000 ) ) ;
#5659 = MECHANICAL_DESIGN_GEOMETRIC_PRESENTATION_REPRESENTATION (  '', ( #6029 ), #6978 ) ;
#5660 = CARTESIAN_POINT ( 'NONE',  ( 997.2426406871200015, 101.2426406871217921, 11.99999999999999822 ) ) ;
#5661 = VERTEX_POINT ( 'NONE', #256 ) ;
#5662 = ORIENTED_EDGE ( 'NONE', *, *, #5946, .T. ) ;
#5663 = CIRCLE ( 'NONE', #893, 2.999999999999891642 ) ;
#5664 = CARTESIAN_POINT ( 'NONE',  ( 3.673940397442048035E-16, 5.999999999999998224, 173.0000000000000568 ) ) ;
#5665 = DIRECTION ( 'NONE',  ( 0.000000000000000000, 0.000000000000000000, 1.000000000000000000 ) ) ;
#5666 = VERTEX_POINT ( 'NONE', #5677 ) ;
#5667 = EDGE_CURVE ( 'NONE', #2341, #3762, #6099, .T. ) ;
#5668 = EDGE_LOOP ( 'NONE', ( #3267, #3611, #496, #262 ) ) ;
#5669 = DIRECTION ( 'NONE',  ( -0.000000000000000000, -0.000000000000000000, -1.000000000000000000 ) ) ;
#5670 = VERTEX_POINT ( 'NONE', #5222 ) ;
#5671 = FACE_BOUND ( 'NONE', #7021, .T. ) ;
#5672 = AXIS2_PLACEMENT_3D ( 'NONE', #5710, #3518, #1898 ) ;
#5673 = CLOSED_SHELL ( 'NONE', ( #6657, #6154, #2039, #3673, #1436, #4071, #2607, #4476, #4145, #4403, #769, #3397, #4209, #132, #1499, #4972, #3437, #97, #207, #5815, #6802, #1690 ) ) ;
#5674 = VECTOR ( 'NONE', #6869, 1000.000000000000000 ) ;
#5675 = AXIS2_PLACEMENT_3D ( 'NONE', #4961, #1703, #2798 ) ;
#5676 = EDGE_LOOP ( 'NONE', ( #5637, #3165, #6250, #5229 ) ) ;
#5677 = CARTESIAN_POINT ( 'NONE',  ( 1054.000000000000000, 640.0000000000000000, 0.000000000000000000 ) ) ;
#5678 = DIRECTION ( 'NONE',  ( 1.000000000000000000, 0.000000000000000000, 0.000000000000000000 ) ) ;
#5679 = DIRECTION ( 'NONE',  ( -4.318084277547222313E-78, -1.000000000000000000, 2.255519665188392192E-46 ) ) ;
#5680 = CARTESIAN_POINT ( 'NONE',  ( 51.71291246261299790, -1.185780702985911850E-17, -1.614108343103369350E-15 ) ) ;
#5681 = VECTOR ( 'NONE', #5368, 1000.000000000000000 ) ;
#5682 = ORIENTED_EDGE ( 'NONE', *, *, #4067, .T. ) ;
#5683 = EDGE_CURVE ( 'NONE', #4042, #6432, #6866, .T. ) ;
#5684 = VECTOR ( 'NONE', #85, 1000.000000000000000 ) ;
#5685 = VERTEX_POINT ( 'NONE', #3002 ) ;
#5686 = DIRECTION ( 'NONE',  ( -1.000000000000000000, 1.329538674056075510E-18, 0.000000000000000000 ) ) ;
#5687 = ADVANCED_FACE ( 'NONE', ( #5754, #6523, #2159 ), #1384, .F. ) ;
#5688 = VECTOR ( 'NONE', #6237, 1000.000000000000000 ) ;
#5689 = ORIENTED_EDGE ( 'NONE', *, *, #1685, .F. ) ;
#5690 = DIRECTION ( 'NONE',  ( -0.000000000000000000, -0.000000000000000000, -1.000000000000000000 ) ) ;
#5691 = VECTOR ( 'NONE', #6214, 1000.000000000000000 ) ;
#5692 = CARTESIAN_POINT ( 'NONE',  ( 35.24264068711897835, 663.2426406871178415, 11.99999999999999822 ) ) ;
#5693 = ADVANCED_FACE ( 'NONE', ( #3102 ), #5150, .F. ) ;
#5694 = CARTESIAN_POINT ( 'NONE',  ( 31.00000000000000000, 20.99999999999850075, 11.99999999999999822 ) ) ;
#5695 = CARTESIAN_POINT ( 'NONE',  ( 600.0000000000004547, 18.00000000000000000, -400.0000000000001137 ) ) ;
#5696 = CIRCLE ( 'NONE', #856, 4.000000000000003553 ) ;
#5697 = CIRCLE ( 'NONE', #3797, 2.999999999999994671 ) ;
#5698 = CARTESIAN_POINT ( 'NONE',  ( 311.0000000000014211, 620.0000000000002274, 18.00000000000000000 ) ) ;
#5699 = EDGE_CURVE ( 'NONE', #703, #224, #1318, .T. ) ;
#5700 = CARTESIAN_POINT ( 'NONE',  ( 2.220446049250313081E-13, 64.99999999999994316, 30.00000000000002132 ) ) ;
#5701 = DIRECTION ( 'NONE',  ( -0.000000000000000000, -0.000000000000000000, -1.000000000000000000 ) ) ;
#5702 = FACE_OUTER_BOUND ( 'NONE', #5668, .T. ) ;
#5703 = CIRCLE ( 'NONE', #2412, 4.000000000000003553 ) ;
#5704 = EDGE_CURVE ( 'NONE', #436, #3443, #6934, .T. ) ;
#5705 = DIRECTION ( 'NONE',  ( -1.899384981211278741E-46, 0.000000000000000000, 1.000000000000000000 ) ) ;
#5706 = AXIS2_PLACEMENT_3D ( 'NONE', #6290, #5142, #2918 ) ;
#5707 =( REPRESENTATION_RELATIONSHIP ('NONE','NONE', #1817, #1798 ) REPRESENTATION_RELATIONSHIP_WITH_TRANSFORMATION ( #6326 )SHAPE_REPRESENTATION_RELATIONSHIP( ) );
#5708 = FACE_OUTER_BOUND ( 'NONE', #5987, .T. ) ;
#5709 = CARTESIAN_POINT ( 'NONE',  ( 305.0000000000014211, 59.99999999999982947, 18.00000000000000000 ) ) ;
#5710 = CARTESIAN_POINT ( 'NONE',  ( 1029.999999999998636, 169.9999999999999432, 18.00000000000000000 ) ) ;
#5711 = CARTESIAN_POINT ( 'NONE',  ( 31.00000000000000000, 658.9999999999984084, 18.00000000000000000 ) ) ;
#5712 = DIRECTION ( 'NONE',  ( -0.000000000000000000, -0.000000000000000000, -1.000000000000000000 ) ) ;
#5713 = FACE_OUTER_BOUND ( 'NONE', #6144, .T. ) ;
#5714 = LINE ( 'NONE', #1631, #6743 ) ;
#5715 = VERTEX_POINT ( 'NONE', #2981 ) ;
#5716 = AXIS2_PLACEMENT_3D ( 'NONE', #2865, #4510, #3981 ) ;
#5717 = DIRECTION ( 'NONE',  ( -0.000000000000000000, -0.000000000000000000, -1.000000000000000000 ) ) ;
#5718 = CARTESIAN_POINT ( 'NONE',  ( 919.9999999999986358, 59.99999999999982947, 0.000000000000000000 ) ) ;
#5719 = DIRECTION ( 'NONE',  ( 0.000000000000000000, 0.000000000000000000, -1.000000000000000000 ) ) ;
#5720 = ADVANCED_FACE ( 'NONE', ( #3452 ), #199, .F. ) ;
#5721 = VERTEX_POINT ( 'NONE', #3030 ) ;
#5722 = ORIENTED_EDGE ( 'NONE', *, *, #213, .T. ) ;
#5723 = EDGE_CURVE ( 'NONE', #801, #1061, #4303, .T. ) ;
#5724 = DIRECTION ( 'NONE',  ( 0.000000000000000000, 0.000000000000000000, 1.000000000000000000 ) ) ;
#5725 = EDGE_LOOP ( 'NONE', ( #2326, #5505, #21, #6520 ) ) ;
#5726 = EDGE_LOOP ( 'NONE', ( #3502, #6571, #3028, #6679 ) ) ;
#5727 = APPLICATION_CONTEXT ( 'automotive_design' ) ;
#5728 = DIRECTION ( 'NONE',  ( -0.000000000000000000, 1.000000000000000000, -0.000000000000000000 ) ) ;
#5729 = PRODUCT_RELATED_PRODUCT_CATEGORY ( 'part', '', ( #6950 ) ) ;
#5730 = EDGE_LOOP ( 'NONE', ( #3083, #2477, #5893, #2229 ) ) ;
#5731 = CARTESIAN_POINT ( 'NONE',  ( 1047.500000000000000, 576.0000000000002274, 18.00000000000000000 ) ) ;
#5732 = EDGE_LOOP ( 'NONE', ( #5826, #5755, #3103, #608 ) ) ;
#5733 = CARTESIAN_POINT ( 'NONE',  ( 916.9999999999986358, 620.0000000000002274, 18.00000000000000000 ) ) ;
#5734 = VERTEX_POINT ( 'NONE', #1868 ) ;
#5735 = ORIENTED_EDGE ( 'NONE', *, *, #2736, .T. ) ;
#5736 = ORIENTED_EDGE ( 'NONE', *, *, #2128, .T. ) ;
#5737 = ORIENTED_EDGE ( 'NONE', *, *, #421, .F. ) ;
#5738 = DIRECTION ( 'NONE',  ( 0.000000000000000000, -1.000000000000000000, 0.000000000000000000 ) ) ;
#5739 = AXIS2_PLACEMENT_3D ( 'NONE', #1713, #5531, #5507 ) ;
#5740 = DIRECTION ( 'NONE',  ( 0.000000000000000000, 0.000000000000000000, 1.000000000000000000 ) ) ;
#5741 = ORIENTED_EDGE ( 'NONE', *, *, #459, .T. ) ;
#5742 =( BOUNDED_CURVE ( )  B_SPLINE_CURVE ( 3, ( #323, #2060, #6404, #928 ),
 .UNSPECIFIED., .F., .T. ) 
 B_SPLINE_CURVE_WITH_KNOTS ( ( 4, 4 ),
 ( 0.000000000000000000, 0.3754236079810386872 ),
 .UNSPECIFIED. ) 
 CURVE ( )  GEOMETRIC_REPRESENTATION_ITEM ( )  RATIONAL_B_SPLINE_CURVE ( ( 1.000000000000000000, 0.9882892067347445186, 0.9882892067347445186, 1.000000000000000000 ) ) 
 REPRESENTATION_ITEM ( '' )  );
#5743 = ORIENTED_EDGE ( 'NONE', *, *, #6402, .F. ) ;
#5744 = ORIENTED_EDGE ( 'NONE', *, *, #6023, .F. ) ;
#5745 = DIRECTION ( 'NONE',  ( -1.000000000000000000, 0.000000000000000000, 0.000000000000000000 ) ) ;
#5746 = VECTOR ( 'NONE', #6386, 1000.000000000000000 ) ;
#5747 = CARTESIAN_POINT ( 'NONE',  ( -266.5000000000000568, 80.00000000000000000, 8.999999999999904077 ) ) ;
#5748 = ORIENTED_EDGE ( 'NONE', *, *, #45, .T. ) ;
#5749 = EDGE_CURVE ( 'NONE', #4268, #94, #3027, .T. ) ;
#5750 = ORIENTED_EDGE ( 'NONE', *, *, #3183, .T. ) ;
#5751 = AXIS2_PLACEMENT_3D ( 'NONE', #3231, #3753, #1662 ) ;
#5752 = ADVANCED_FACE ( 'NONE', ( #1058 ), #2594, .F. ) ;
#5753 = VERTEX_POINT ( 'NONE', #2005 ) ;
#5754 = FACE_BOUND ( 'NONE', #4618, .T. ) ;
#5755 = ORIENTED_EDGE ( 'NONE', *, *, #560, .T. ) ;
#5756 = CARTESIAN_POINT ( 'NONE',  ( 1052.500000000000000, 576.0000000000002274, 18.00000000000000000 ) ) ;
#5757 = DIRECTION ( 'NONE',  ( 1.000000000000000000, 0.000000000000000000, 0.000000000000000000 ) ) ;
#5758 = AXIS2_PLACEMENT_3D ( 'NONE', #3993, #3478, #201 ) ;
#5759 = DIRECTION ( 'NONE',  ( 0.1713727001804919992, 0.9852062716166839484, 0.000000000000000000 ) ) ;
#5760 = DIRECTION ( 'NONE',  ( -0.000000000000000000, -0.000000000000000000, -1.000000000000000000 ) ) ;
#5761 = SURFACE_SIDE_STYLE ('',( #1596 ) ) ;
#5762 = VECTOR ( 'NONE', #1548, 1000.000000000000000 ) ;
#5763 = ORIENTED_EDGE ( 'NONE', *, *, #1248, .F. ) ;
#5764 = EDGE_CURVE ( 'NONE', #6792, #3433, #112, .T. ) ;
#5765 = CARTESIAN_POINT ( 'NONE',  ( 180.0000000000014495, 59.99999999999982947, 0.000000000000000000 ) ) ;
#5766 = FILL_AREA_STYLE ('',( #4672 ) ) ;
#5767 = AXIS2_PLACEMENT_3D ( 'NONE', #4474, #1206, #2852 ) ;
#5768 = AXIS2_PLACEMENT_3D ( 'NONE', #4538, #3542, #2447 ) ;
#5769 = ORIENTED_EDGE ( 'NONE', *, *, #2505, .T. ) ;
#5770 = DIRECTION ( 'NONE',  ( 1.000000000000000000, 0.000000000000000000, 0.000000000000000000 ) ) ;
#5771 = CIRCLE ( 'NONE', #2113, 2.499999999999946709 ) ;
#5772 = CYLINDRICAL_SURFACE ( 'NONE', #6260, 2.499999999999946709 ) ;
#5773 = APPLICATION_PROTOCOL_DEFINITION ( 'draft international standard', 'automotive_design', 1998, #5727 ) ;
#5774 = LINE ( 'NONE', #6243, #2876 ) ;
#5775 = DIRECTION ( 'NONE',  ( 0.000000000000000000, 1.000000000000000000, 0.000000000000000000 ) ) ;
#5776 = CARTESIAN_POINT ( 'NONE',  ( 84.99999999999992895, 730.0000000000000000, 31.00000000000000000 ) ) ;
#5777 = CARTESIAN_POINT ( 'NONE',  ( 0.000000000000000000, 0.000000000000000000, 0.000000000000000000 ) ) ;
#5778 = VECTOR ( 'NONE', #4643, 1000.000000000000000 ) ;
#5779 = CARTESIAN_POINT ( 'NONE',  ( 823.9999999999987494, 620.0000000000003411, 18.00000000000000000 ) ) ;
#5780 = CIRCLE ( 'NONE', #1432, 2.500000000000015987 ) ;
#5781 = CARTESIAN_POINT ( 'NONE',  ( 63.09449189287384741, 0.000000000000000000, 0.000000000000000000 ) ) ;
#5782 = DIRECTION ( 'NONE',  ( 0.000000000000000000, 0.000000000000000000, 1.000000000000000000 ) ) ;
#5783 = AXIS2_PLACEMENT_3D ( 'NONE', #2232, #1675, #5461 ) ;
#5784 = VECTOR ( 'NONE', #1668, 1000.000000000000000 ) ;
#5785 = VECTOR ( 'NONE', #1609, 1000.000000000000000 ) ;
#5786 = DIRECTION ( 'NONE',  ( 0.000000000000000000, 0.000000000000000000, 1.000000000000000000 ) ) ;
#5787 = ADVANCED_FACE ( 'NONE', ( #2512 ), #3620, .F. ) ;
#5788 = EDGE_CURVE ( 'NONE', #4189, #6604, #6693, .T. ) ;
#5789 = CARTESIAN_POINT ( 'NONE',  ( 0.000000000000000000, 0.000000000000000000, 30.00000000000002132 ) ) ;
#5790 = CARTESIAN_POINT ( 'NONE',  ( 600.0000000000004547, 18.00000000000000000, 400.0000000000001705 ) ) ;
#5791 = VECTOR ( 'NONE', #3379, 1000.000000000000000 ) ;
#5792 = CIRCLE ( 'NONE', #178, 3.999999999998837819 ) ;
#5793 = EDGE_CURVE ( 'NONE', #6908, #5331, #1923, .T. ) ;
#5794 = DIRECTION ( 'NONE',  ( 0.000000000000000000, 1.000000000000000000, 0.000000000000000000 ) ) ;
#5795 = CARTESIAN_POINT ( 'NONE',  ( 1100.000000000000000, 0.000000000000000000, 0.000000000000000000 ) ) ;
#5796 = LINE ( 'NONE', #4012, #925 ) ;
#5797 = DIRECTION ( 'NONE',  ( 0.000000000000000000, 2.255519665188391803E-46, 1.000000000000000000 ) ) ;
#5798 = EDGE_CURVE ( 'NONE', #5843, #1906, #7025, .T. ) ;
#5799 = PLANE ( 'NONE',  #6899 ) ;
#5800 = DIRECTION ( 'NONE',  ( 1.000000000000000000, 0.000000000000000000, 0.000000000000000000 ) ) ;
#5801 = CARTESIAN_POINT ( 'NONE',  ( 0.000000000000000000, 0.000000000000000000, 0.000000000000000000 ) ) ;
#5802 = AXIS2_PLACEMENT_3D ( 'NONE', #4182, #1008, #915 ) ;
#5803 = ORIENTED_EDGE ( 'NONE', *, *, #4661, .F. ) ;
#5804 = AXIS2_PLACEMENT_3D ( 'NONE', #467, #558, #6569 ) ;
#5805 = CONTEXT_DEPENDENT_SHAPE_REPRESENTATION ( #4080, #1179 ) ;
#5806 = DIRECTION ( 'NONE',  ( 1.000000000000000000, 0.000000000000000000, 0.000000000000000000 ) ) ;
#5807 = VERTEX_POINT ( 'NONE', #348 ) ;
#5808 = EDGE_CURVE ( 'NONE', #6698, #2055, #6274, .T. ) ;
#5809 = CARTESIAN_POINT ( 'NONE',  ( 52.50000000000001421, 103.9999999999998721, 0.000000000000000000 ) ) ;
#5810 = VERTEX_POINT ( 'NONE', #5250 ) ;
#5811 = DIRECTION ( 'NONE',  ( -0.000000000000000000, -0.000000000000000000, -1.000000000000000000 ) ) ;
#5812 = ORIENTED_EDGE ( 'NONE', *, *, #2843, .F. ) ;
#5813 = ORIENTED_EDGE ( 'NONE', *, *, #6807, .T. ) ;
#5814 = CARTESIAN_POINT ( 'NONE',  ( 791.9999999999987494, 620.0000000000002274, 18.00000000000000000 ) ) ;
#5815 = ADVANCED_FACE ( 'NONE', ( #5075 ), #3090, .T. ) ;
#5816 = VERTEX_POINT ( 'NONE', #897 ) ;
#5817 = DIRECTION ( 'NONE',  ( 0.000000000000000000, 1.000000000000000000, 0.000000000000000000 ) ) ;
#5818 = DIRECTION ( 'NONE',  ( 0.000000000000000000, 0.000000000000000000, -1.000000000000000000 ) ) ;
#5819 = ORIENTED_EDGE ( 'NONE', *, *, #2026, .T. ) ;
#5820 = DIRECTION ( 'NONE',  ( 4.318084277547222313E-78, 1.000000000000000000, 2.255519665188393748E-46 ) ) ;
#5821 = CIRCLE ( 'NONE', #3176, 3.000000000000006217 ) ;
#5822 = DIRECTION ( 'NONE',  ( 0.1713727001804919992, 0.9852062716166839484, 0.000000000000000000 ) ) ;
#5823 = DIRECTION ( 'NONE',  ( -1.000000000000000000, 0.000000000000000000, 0.000000000000000000 ) ) ;
#5824 = ORIENTED_EDGE ( 'NONE', *, *, #1471, .F. ) ;
#5825 =( BOUNDED_CURVE ( )  B_SPLINE_CURVE ( 3, ( #5532, #2260, #6069, #2810 ),
 .UNSPECIFIED., .F., .F. ) 
 B_SPLINE_CURVE_WITH_KNOTS ( ( 4, 4 ),
 ( 0.3754236079810392979, 1.570796326794896558 ),
 .UNSPECIFIED. ) 
 CURVE ( )  GEOMETRIC_REPRESENTATION_ITEM ( )  RATIONAL_B_SPLINE_CURVE ( ( 1.000000000000000000, 0.8844265230060998073, 0.8844265230060998073, 1.000000000000000000 ) ) 
 REPRESENTATION_ITEM ( '' )  );
#5826 = ORIENTED_EDGE ( 'NONE', *, *, #3154, .F. ) ;
#5827 = EDGE_CURVE ( 'NONE', #6851, #3430, #6183, .T. ) ;
#5828 = ORIENTED_EDGE ( 'NONE', *, *, #6821, .T. ) ;
#5829 = LINE ( 'NONE', #6391, #4650 ) ;
#5830 = ORIENTED_EDGE ( 'NONE', *, *, #2905, .F. ) ;
#5831 = AXIS2_PLACEMENT_3D ( 'NONE', #4729, #860, #1467 ) ;
#5832 = DIRECTION ( 'NONE',  ( 0.7071067811865472397, 4.599921266332778408E-32, 0.7071067811865477948 ) ) ;
#5833 = ORIENTED_EDGE ( 'NONE', *, *, #4561, .F. ) ;
#5834 = EDGE_LOOP ( 'NONE', ( #5093, #5402 ) ) ;
#5835 = DIRECTION ( 'NONE',  ( 0.000000000000000000, 1.000000000000000000, 0.000000000000000000 ) ) ;
#5836 = LINE ( 'NONE', #4684, #4389 ) ;
#5837 = ORIENTED_EDGE ( 'NONE', *, *, #3531, .F. ) ;
#5838 = FACE_BOUND ( 'NONE', #2750, .T. ) ;
#5839 = ORIENTED_EDGE ( 'NONE', *, *, #584, .F. ) ;
#5840 = AXIS2_PLACEMENT_3D ( 'NONE', #6296, #253, #2456 ) ;
#5841 = DIRECTION ( 'NONE',  ( 4.318084277547222313E-78, 1.000000000000000000, 2.255519665188393748E-46 ) ) ;
#5842 = CYLINDRICAL_SURFACE ( 'NONE', #3295, 5.999999999999950262 ) ;
#5843 = VERTEX_POINT ( 'NONE', #918 ) ;
#5844 = CARTESIAN_POINT ( 'NONE',  ( 14.89933824127002637, -1.734854452750618004, 16.00000000000000000 ) ) ;
#5845 = CIRCLE ( 'NONE', #3595, 6.000000000000768274 ) ;
#5846 = CARTESIAN_POINT ( 'NONE',  ( 1019.129942314910522, 613.1299423149123413, 18.00000000000000000 ) ) ;
#5847 = AXIS2_PLACEMENT_3D ( 'NONE', #7060, #3219, #1070 ) ;
#5848 = VERTEX_POINT ( 'NONE', #966 ) ;
#5849 = PLANE ( 'NONE',  #6852 ) ;
#5850 = EDGE_CURVE ( 'NONE', #1550, #2263, #5663, .T. ) ;
#5851 = CYLINDRICAL_SURFACE ( 'NONE', #4016, 2.500000000000002220 ) ;
#5852 = FILL_AREA_STYLE ('',( #892 ) ) ;
#5853 = ORIENTED_EDGE ( 'NONE', *, *, #3701, .T. ) ;
#5854 = EDGE_CURVE ( 'NONE', #29, #3592, #5829, .T. ) ;
#5855 = CYLINDRICAL_SURFACE ( 'NONE', #2841, 6.000000000000768274 ) ;
#5856 = CARTESIAN_POINT ( 'NONE',  ( 182.5000000000015348, 652.0000000000002274, 18.00000000000000000 ) ) ;
#5857 = ADVANCED_FACE ( 'NONE', ( #1239 ), #705, .F. ) ;
#5858 = AXIS2_PLACEMENT_3D ( 'NONE', #3032, #5679, #1299 ) ;
#5859 = CARTESIAN_POINT ( 'NONE',  ( 823.9999999999987494, 59.99999999999972289, 18.00000000000000000 ) ) ;
#5860 = CIRCLE ( 'NONE', #2015, 2.999999999999994671 ) ;
#5861 = FACE_OUTER_BOUND ( 'NONE', #2831, .T. ) ;
#5862 = CARTESIAN_POINT ( 'NONE',  ( 242.0000000000000000, 80.00000000000000000, 0.000000000000000000 ) ) ;
#5863 = ORIENTED_EDGE ( 'NONE', *, *, #1730, .F. ) ;
#5864 = PRODUCT_RELATED_PRODUCT_CATEGORY ( 'part', '', ( #4902 ) ) ;
#5865 = FACE_BOUND ( 'NONE', #1669, .T. ) ;
#5866 = DIRECTION ( 'NONE',  ( 4.318084277547222313E-78, 1.000000000000000000, -2.255519665188392192E-46 ) ) ;
#5867 = VECTOR ( 'NONE', #1927, 1000.000000000000000 ) ;
#5868 = CARTESIAN_POINT ( 'NONE',  ( 550.0000000000000000, 169.9999999999999716, 18.00000000000000000 ) ) ;
#5869 = FACE_OUTER_BOUND ( 'NONE', #3848, .T. ) ;
#5870 = CIRCLE ( 'NONE', #852, 2.499999999999946709 ) ;
#5871 = SURFACE_SIDE_STYLE ('',( #2308 ) ) ;
#5872 = DIRECTION ( 'NONE',  ( 0.000000000000000000, 0.000000000000000000, 1.000000000000000000 ) ) ;
#5873 = AXIS2_PLACEMENT_3D ( 'NONE', #5789, #6098, #1238 ) ;
#5874 = ADVANCED_FACE ( 'NONE', ( #6352 ), #3782, .F. ) ;
#5875 = SHAPE_REPRESENTATION ( 'A000557-PATASXXXBASE', ( #1321 ), #1825 ) ;
#5876 = CARTESIAN_POINT ( 'NONE',  ( -466.5000000000000000, 0.000000000000000000, 9.000000000000007105 ) ) ;
#5877 = FACE_OUTER_BOUND ( 'NONE', #4178, .T. ) ;
#5878 = CIRCLE ( 'NONE', #6890, 2.999999999998808953 ) ;
#5879 = EDGE_CURVE ( 'NONE', #1924, #1560, #4820, .T. ) ;
#5880 = DIRECTION ( 'NONE',  ( -0.000000000000000000, -0.000000000000000000, -1.000000000000000000 ) ) ;
#5881 = CARTESIAN_POINT ( 'NONE',  ( 87.81832169016642808, 724.9999999999998863, 3.580474560965657638 ) ) ;
#5882 = EDGE_CURVE ( 'NONE', #703, #2813, #2337, .T. ) ;
#5883 = CARTESIAN_POINT ( 'NONE',  ( 180.0000000000015064, 652.0000000000002274, 18.00000000000000000 ) ) ;
#5884 = VERTEX_POINT ( 'NONE', #521 ) ;
#5885 = ITEM_DEFINED_TRANSFORMATION ( 'NONE', 'NONE', #1261,  #1321 ) ;
#5886 = AXIS2_PLACEMENT_3D ( 'NONE', #6428, #3151, #6968 ) ;
#5887 = DIRECTION ( 'NONE',  ( -1.000000000000000000, 0.000000000000000000, 0.000000000000000000 ) ) ;
#5888 = ORIENTED_EDGE ( 'NONE', *, *, #2480, .T. ) ;
#5889 = CARTESIAN_POINT ( 'NONE',  ( 1029.999999999998636, 510.0000000000001137, 18.00000000000000000 ) ) ;
#5890 = CARTESIAN_POINT ( 'NONE',  ( 180.0000000000015064, 652.0000000000002274, 18.00000000000000000 ) ) ;
#5891 = EDGE_CURVE ( 'NONE', #4374, #765, #4897, .T. ) ;
#5892 = CARTESIAN_POINT ( 'NONE',  ( 248.5000000000002274, -1.387778780781445676E-14, -9.000000000000119016 ) ) ;
#5893 = ORIENTED_EDGE ( 'NONE', *, *, #3089, .T. ) ;
#5894 = DIRECTION ( 'NONE',  ( 0.000000000000000000, 0.000000000000000000, 1.000000000000000000 ) ) ;
#5895 = CARTESIAN_POINT ( 'NONE',  ( 278.5000000000014779, 620.0000000000002274, 18.00000000000000000 ) ) ;
#5896 = AXIS2_PLACEMENT_3D ( 'NONE', #5381, #4901, #6556 ) ;
#5897 = ORIENTED_EDGE ( 'NONE', *, *, #314, .F. ) ;
#5898 = EDGE_CURVE ( 'NONE', #5387, #6010, #5922, .T. ) ;
#5899 = VERTEX_POINT ( 'NONE', #1612 ) ;
#5900 = DIRECTION ( 'NONE',  ( 0.000000000000000000, 0.000000000000000000, 1.000000000000000000 ) ) ;
#5901 = ORIENTED_EDGE ( 'NONE', *, *, #5938, .T. ) ;
#5902 = CARTESIAN_POINT ( 'NONE',  ( 67.00000000000135003, 510.0000000000001137, 18.00000000000000000 ) ) ;
#5903 = VERTEX_POINT ( 'NONE', #2117 ) ;
#5904 = CARTESIAN_POINT ( 'NONE',  ( 0.000000000000000000, 5.999999999999998224, 167.0000000000000568 ) ) ;
#5905 = ORIENTED_EDGE ( 'NONE', *, *, #5667, .F. ) ;
#5906 = CYLINDRICAL_SURFACE ( 'NONE', #1084, 2.500000000000015987 ) ;
#5907 = ORIENTED_EDGE ( 'NONE', *, *, #5211, .F. ) ;
#5908 = ORIENTED_EDGE ( 'NONE', *, *, #5623, .F. ) ;
#5909 = ORIENTED_EDGE ( 'NONE', *, *, #907, .T. ) ;
#5910 = ORIENTED_EDGE ( 'NONE', *, *, #900, .F. ) ;
#5911 = CYLINDRICAL_SURFACE ( 'NONE', #606, 3.000000000000002665 ) ;
#5912 = EDGE_LOOP ( 'NONE', ( #5039, #1846, #4170, #5743 ) ) ;
#5913 = CARTESIAN_POINT ( 'NONE',  ( 1027.499999999998636, 414.0000000000002274, 18.00000000000000000 ) ) ;
#5914 = DIRECTION ( 'NONE',  ( 0.000000000000000000, 0.000000000000000000, 1.000000000000000000 ) ) ;
#5915 = DIRECTION ( 'NONE',  ( 0.000000000000000000, 0.000000000000000000, 1.000000000000000000 ) ) ;
#5916 = ORIENTED_EDGE ( 'NONE', *, *, #661, .F. ) ;
#5917 = AXIS2_PLACEMENT_3D ( 'NONE', #3999, #1851, #3407 ) ;
#5918 = CARTESIAN_POINT ( 'NONE',  ( 1029.999999999998636, 298.0000000000000000, 0.000000000000000000 ) ) ;
#5919 = ORIENTED_EDGE ( 'NONE', *, *, #671, .F. ) ;
#5920 = CARTESIAN_POINT ( 'NONE',  ( 0.000000000000000000, 0.000000000000000000, 0.000000000000000000 ) ) ;
#5921 = FACE_BOUND ( 'NONE', #542, .T. ) ;
#5922 = CIRCLE ( 'NONE', #1587, 2.999999999999996003 ) ;
#5923 = ORIENTED_EDGE ( 'NONE', *, *, #2004, .F. ) ;
#5924 = EDGE_CURVE ( 'NONE', #1015, #6067, #1576, .T. ) ;
#5925 = DIRECTION ( 'NONE',  ( -0.7071067811865785480, -0.7071067811865164865, 0.000000000000000000 ) ) ;
#5926 = EDGE_CURVE ( 'NONE', #121, #4713, #529, .T. ) ;
#5927 = FACE_OUTER_BOUND ( 'NONE', #2924, .T. ) ;
#5928 = DIRECTION ( 'NONE',  ( 1.000000000000000000, 0.000000000000000000, 0.000000000000000000 ) ) ;
#5929 = AXIS2_PLACEMENT_3D ( 'NONE', #1023, #1004, #3769 ) ;
#5930 = VECTOR ( 'NONE', #1987, 1000.000000000000000 ) ;
#5931 = DIRECTION ( 'NONE',  ( 0.7071067811865479058, 0.000000000000000000, 0.7071067811865472397 ) ) ;
#5932 = VERTEX_POINT ( 'NONE', #4837 ) ;
#5933 = PLANE ( 'NONE',  #5122 ) ;
#5934 = DIRECTION ( 'NONE',  ( 0.000000000000000000, 0.000000000000000000, 1.000000000000000000 ) ) ;
#5935 = LINE ( 'NONE', #3888, #637 ) ;
#5936 = ORIENTED_EDGE ( 'NONE', *, *, #399, .T. ) ;
#5937 = LINE ( 'NONE', #6196, #6113 ) ;
#5938 = EDGE_CURVE ( 'NONE', #2077, #6416, #4724, .T. ) ;
#5939 = DIRECTION ( 'NONE',  ( 0.000000000000000000, 0.000000000000000000, 1.000000000000000000 ) ) ;
#5940 = CARTESIAN_POINT ( 'NONE',  ( 0.000000000000000000, 18.00000000000000000, 170.0000000000000568 ) ) ;
#5941 = VECTOR ( 'NONE', #1076, 1000.000000000000000 ) ;
#5942 = AXIS2_PLACEMENT_3D ( 'NONE', #1899, #6813, #5302 ) ;
#5943 = CARTESIAN_POINT ( 'NONE',  ( 1050.000000000000000, 40.00000000000003553, 18.00000000000000000 ) ) ;
#5944 = CYLINDRICAL_SURFACE ( 'NONE', #2939, 4.000000000000003553 ) ;
#5945 = FILL_AREA_STYLE_COLOUR ( '', #3396 ) ;
#5946 = EDGE_CURVE ( 'NONE', #1136, #2070, #457, .T. ) ;
#5947 = FACE_BOUND ( 'NONE', #1556, .T. ) ;
#5948 = DIRECTION ( 'NONE',  ( 1.899384981211278352E-46, 0.000000000000000000, -1.000000000000000000 ) ) ;
#5949 = DIRECTION ( 'NONE',  ( 1.000000000000000000, 0.000000000000000000, 0.000000000000000000 ) ) ;
#5950 = FACE_OUTER_BOUND ( 'NONE', #2859, .T. ) ;
#5951 = VECTOR ( 'NONE', #1630, 1000.000000000000000 ) ;
#5952 = CARTESIAN_POINT ( 'NONE',  ( 76.87005768508956294, 66.87005768508768710, 18.00000000000000000 ) ) ;
#5953 = DIRECTION ( 'NONE',  ( 1.000000000000000000, 0.000000000000000000, -1.899384981211278352E-46 ) ) ;
#5954 = AXIS2_PLACEMENT_3D ( 'NONE', #5200, #5738, #1938 ) ;
#5955 = FACE_OUTER_BOUND ( 'NONE', #3965, .T. ) ;
#5956 = VECTOR ( 'NONE', #1020, 1000.000000000000000 ) ;
#5957 = DIRECTION ( 'NONE',  ( 0.000000000000000000, 0.000000000000000000, -1.000000000000000000 ) ) ;
#5958 = CARTESIAN_POINT ( 'NONE',  ( 50.00000000000000000, 640.0000000000000000, 11.99999999999999822 ) ) ;
#5959 = DIRECTION ( 'NONE',  ( 4.318084277547222313E-78, 1.000000000000000000, 2.255519665188393748E-46 ) ) ;
#5960 = VECTOR ( 'NONE', #949, 1000.000000000000000 ) ;
#5961 = ORIENTED_EDGE ( 'NONE', *, *, #531, .T. ) ;
#5962 = AXIS2_PLACEMENT_3D ( 'NONE', #2176, #4331, #1068 ) ;
#5963 = VERTEX_POINT ( 'NONE', #3800 ) ;
#5964 = CARTESIAN_POINT ( 'NONE',  ( 1027.129942314910522, 66.87005768508768710, 11.99999999999999822 ) ) ;
#5965 = CONTEXT_DEPENDENT_SHAPE_REPRESENTATION ( #2414, #933 ) ;
#5966 = AXIS2_PLACEMENT_3D ( 'NONE', #2468, #6815, #1900 ) ;
#5967 = DIRECTION ( 'NONE',  ( 0.000000000000000000, 1.000000000000000000, 0.000000000000000000 ) ) ;
#5968 = DIRECTION ( 'NONE',  ( -0.7071067811865172636, -0.7071067811865777708, 0.000000000000000000 ) ) ;
#5969 = ORIENTED_EDGE ( 'NONE', *, *, #4624, .F. ) ;
#5970 = AXIS2_PLACEMENT_3D ( 'NONE', #4677, #5740, #1414 ) ;
#5971 = PRESENTATION_STYLE_ASSIGNMENT (( #6644 ) ) ;
#5972 = ORIENTED_EDGE ( 'NONE', *, *, #6495, .F. ) ;
#5973 = ORIENTED_EDGE ( 'NONE', *, *, #4435, .T. ) ;
#5974 = ORIENTED_EDGE ( 'NONE', *, *, #6680, .T. ) ;
#5975 = ORIENTED_EDGE ( 'NONE', *, *, #5788, .F. ) ;
#5976 = CARTESIAN_POINT ( 'NONE',  ( 919.9999999999986358, 27.99999999999980105, 18.00000000000000000 ) ) ;
#5977 = EDGE_CURVE ( 'NONE', #5324, #1330, #2002, .T. ) ;
#5978 = VERTEX_POINT ( 'NONE', #4854 ) ;
#5979 = DIRECTION ( 'NONE',  ( 0.000000000000000000, 0.000000000000000000, 1.000000000000000000 ) ) ;
#5980 = EDGE_CURVE ( 'NONE', #3100, #2945, #4481, .T. ) ;
#5981 = ORIENTED_EDGE ( 'NONE', *, *, #2191, .T. ) ;
#5982 =( LENGTH_UNIT ( ) NAMED_UNIT ( * ) SI_UNIT ( .MILLI., .METRE. ) );
#5983 = DIRECTION ( 'NONE',  ( 1.000000000000000000, 0.000000000000000000, 0.000000000000000000 ) ) ;
#5984 = AXIS2_PLACEMENT_3D ( 'NONE', #6052, #3879, #3898 ) ;
#5985 = AXIS2_PLACEMENT_3D ( 'NONE', #3239, #7043, #6605 ) ;
#5986 = ORIENTED_EDGE ( 'NONE', *, *, #3092, .F. ) ;
#5987 = EDGE_LOOP ( 'NONE', ( #5136, #5897, #2836, #4620 ) ) ;
#5988 = CARTESIAN_POINT ( 'NONE',  ( 0.000000000000000000, 0.000000000000000000, 18.00000000000000000 ) ) ;
#5989 = VERTEX_POINT ( 'NONE', #2691 ) ;
#5990 = LINE ( 'NONE', #4952, #2754 ) ;
#5991 = CARTESIAN_POINT ( 'NONE',  ( 550.0000000000000000, 169.9999999999999716, 0.000000000000000000 ) ) ;
#5992 = DIRECTION ( 'NONE',  ( 1.000000000000000000, 0.000000000000000000, 0.000000000000000000 ) ) ;
#5993 = PLANE ( 'NONE',  #1852 ) ;
#5994 = STYLED_ITEM ( 'NONE', ( #5216 ), #6467 ) ;
#5995 = EDGE_LOOP ( 'NONE', ( #1891, #3383, #6932, #6944 ) ) ;
#5996 = CARTESIAN_POINT ( 'NONE',  ( -242.0000000000000000, 55.00000000000000000, 0.000000000000000000 ) ) ;
#5997 = ORIENTED_EDGE ( 'NONE', *, *, #1874, .T. ) ;
#5998 = CARTESIAN_POINT ( 'NONE',  ( -600.0000000000002274, 18.00000000000000000, -400.0000000000002274 ) ) ;
#5999 = ORIENTED_EDGE ( 'NONE', *, *, #6158, .F. ) ;
#6000 = VECTOR ( 'NONE', #5026, 1000.000000000000000 ) ;
#6001 = EDGE_LOOP ( 'NONE', ( #1922, #1305, #3946, #6683 ) ) ;
#6002 = ORIENTED_EDGE ( 'NONE', *, *, #5221, .T. ) ;
#6003 = CARTESIAN_POINT ( 'NONE',  ( 35.24264068711946862, 16.75735931287708880, 11.99999999999999822 ) ) ;
#6004 = CARTESIAN_POINT ( 'NONE',  ( 993.0000000000000000, 97.00000000000497380, 11.99999999999999822 ) ) ;
#6005 = ADVANCED_FACE ( 'NONE', ( #880 ), #3278, .F. ) ;
#6006 = ORIENTED_EDGE ( 'NONE', *, *, #5924, .T. ) ;
#6007 = CIRCLE ( 'NONE', #5847, 3.000000000000009770 ) ;
#6008 = ORIENTED_EDGE ( 'NONE', *, *, #368, .T. ) ;
#6009 = DIRECTION ( 'NONE',  ( -0.000000000000000000, -0.000000000000000000, 1.000000000000000000 ) ) ;
#6010 = VERTEX_POINT ( 'NONE', #5366 ) ;
#6011 = FACE_OUTER_BOUND ( 'NONE', #715, .T. ) ;
#6012 = CARTESIAN_POINT ( 'NONE',  ( -466.5000000000000000, 80.00000000000000000, 9.000000000000007105 ) ) ;
#6013 = DIRECTION ( 'NONE',  ( 0.000000000000000000, 1.000000000000000000, 0.000000000000000000 ) ) ;
#6014 = ORIENTED_EDGE ( 'NONE', *, *, #5699, .T. ) ;
#6015 = AXIS2_PLACEMENT_3D ( 'NONE', #2296, #549, #5477 ) ;
#6016 = CARTESIAN_POINT ( 'NONE',  ( 0.000000000000000000, 18.00000000000000000, 0.000000000000000000 ) ) ;
#6017 = CARTESIAN_POINT ( 'NONE',  ( 1029.999999999998408, 265.9999999999998295, 18.00000000000000000 ) ) ;
#6018 = ORIENTED_EDGE ( 'NONE', *, *, #5764, .F. ) ;
#6019 = EDGE_CURVE ( 'NONE', #517, #2673, #3367, .T. ) ;
#6020 = CYLINDRICAL_SURFACE ( 'NONE', #2632, 3.000000000000002665 ) ;
#6021 = CARTESIAN_POINT ( 'NONE',  ( 988.7573593128806806, 587.2426406871244353, 11.99999999999999822 ) ) ;
#6022 = DIRECTION ( 'NONE',  ( 1.000000000000000000, 0.000000000000000000, 0.000000000000000000 ) ) ;
#6023 = EDGE_CURVE ( 'NONE', #2325, #4221, #1410, .T. ) ;
#6024 = DIRECTION ( 'NONE',  ( -0.000000000000000000, -0.000000000000000000, -1.000000000000000000 ) ) ;
#6025 = DIRECTION ( 'NONE',  ( 0.000000000000000000, 2.255519665188391803E-46, 1.000000000000000000 ) ) ;
#6026 = VECTOR ( 'NONE', #4531, 1000.000000000000000 ) ;
#6027 = VERTEX_POINT ( 'NONE', #6993 ) ;
#6028 = LINE ( 'NONE', #4431, #5436 ) ;
#6029 = STYLED_ITEM ( 'NONE', ( #6210 ), #2150 ) ;
#6030 = DIRECTION ( 'NONE',  ( 1.000000000000000000, 0.000000000000000000, 0.000000000000000000 ) ) ;
#6031 = CARTESIAN_POINT ( 'NONE',  ( 370.0000000000000000, 55.00000000000000000, -2.999999999999994671 ) ) ;
#6032 = EDGE_CURVE ( 'NONE', #3148, #4458, #4382, .T. ) ;
#6033 = VECTOR ( 'NONE', #4066, 1000.000000000000000 ) ;
#6034 = DIRECTION ( 'NONE',  ( 1.000000000000000000, 0.000000000000000000, 0.000000000000000000 ) ) ;
#6035 = VECTOR ( 'NONE', #4079, 1000.000000000000000 ) ;
#6036 = CARTESIAN_POINT ( 'NONE',  ( 212.5000000000001990, 19.99999999999999645, -8.999999999999896971 ) ) ;
#6037 = AXIS2_PLACEMENT_3D ( 'NONE', #6716, #1262, #2966 ) ;
#6038 = DIRECTION ( 'NONE',  ( 1.000000000000000000, 0.000000000000000000, 0.000000000000000000 ) ) ;
#6039 = CARTESIAN_POINT ( 'NONE',  ( 550.0000000000000000, 510.0000000000000000, 18.00000000000000000 ) ) ;
#6040 = AXIS2_PLACEMENT_3D ( 'NONE', #2107, #981, #5914 ) ;
#6041 = EDGE_CURVE ( 'NONE', #6249, #6489, #4558, .T. ) ;
#6042 = CYLINDRICAL_SURFACE ( 'NONE', #3438, 4.000000000000003553 ) ;
#6043 =( NAMED_UNIT ( * ) PLANE_ANGLE_UNIT ( ) SI_UNIT ( $, .RADIAN. ) );
#6044 = DIRECTION ( 'NONE',  ( 0.1156569635167078725, 0.9932892160846682472, 0.000000000000000000 ) ) ;
#6045 = EDGE_CURVE ( 'NONE', #515, #6931, #4133, .T. ) ;
#6046 = DIRECTION ( 'NONE',  ( -0.000000000000000000, -2.255519665188392192E-46, -1.000000000000000000 ) ) ;
#6047 = LINE ( 'NONE', #3810, #63 ) ;
#6048 = CYLINDRICAL_SURFACE ( 'NONE', #3976, 4.000000000000017764 ) ;
#6049 = DIRECTION ( 'NONE',  ( -0.000000000000000000, 1.000000000000000000, -0.000000000000000000 ) ) ;
#6050 = ADVANCED_FACE ( 'NONE', ( #4212 ), #6176, .F. ) ;
#6051 = DIRECTION ( 'NONE',  ( 1.000000000000000000, 0.000000000000000000, 0.000000000000000000 ) ) ;
#6052 = CARTESIAN_POINT ( 'NONE',  ( 49.99999999999999289, 103.9999999999998721, 18.00000000000000000 ) ) ;
#6053 = DIRECTION ( 'NONE',  ( -0.7071067811865777708, 0.7071067811865172636, 0.000000000000000000 ) ) ;
#6054 = VECTOR ( 'NONE', #4447, 1000.000000000000000 ) ;
#6055 = LINE ( 'NONE', #5614, #7063 ) ;
#6056 = CARTESIAN_POINT ( 'NONE',  ( -266.5000000000000568, 80.00000000000000000, 8.999999999999904077 ) ) ;
#6057 = ORIENTED_EDGE ( 'NONE', *, *, #1600, .F. ) ;
#6058 = ORIENTED_EDGE ( 'NONE', *, *, #6589, .F. ) ;
#6059 = CONTEXT_DEPENDENT_SHAPE_REPRESENTATION ( #5707, #4363 ) ;
#6060 = EDGE_CURVE ( 'NONE', #3869, #4489, #20, .T. ) ;
#6061 = DIRECTION ( 'NONE',  ( 0.7071067811865525687, 4.025281146911808244E-16, 0.7071067811865427988 ) ) ;
#6062 = DIRECTION ( 'NONE',  ( 0.000000000000000000, -1.000000000000000000, 0.000000000000000000 ) ) ;
#6063 = EDGE_CURVE ( 'NONE', #19, #4652, #4039, .T. ) ;
#6064 = VERTEX_POINT ( 'NONE', #646 ) ;
#6065 = ORIENTED_EDGE ( 'NONE', *, *, #1790, .F. ) ;
#6066 = CARTESIAN_POINT ( 'NONE',  ( -242.0000000000000000, 55.00000000000000000, 0.000000000000000000 ) ) ;
#6067 = VERTEX_POINT ( 'NONE', #2756 ) ;
#6068 = CARTESIAN_POINT ( 'NONE',  ( -408.5000000000000000, 20.00000000000000355, 9.000000000000007105 ) ) ;
#6069 = CARTESIAN_POINT ( 'NONE',  ( 93.11349281540012157, 725.0000000000000000, 31.00000000000000000 ) ) ;
#6070 = ORIENTED_EDGE ( 'NONE', *, *, #1561, .F. ) ;
#6071 = SHAPE_REPRESENTATION_RELATIONSHIP ( 'NONE' , 'NONE' ,  #1798, #5440 ) ;
#6072 = EDGE_LOOP ( 'NONE', ( #1478, #6921, #4132, #798 ) ) ;
#6073 = CARTESIAN_POINT ( 'NONE',  ( 988.7573593128806806, 587.2426406871244353, 18.00000000000000000 ) ) ;
#6074 = ADVANCED_FACE ( 'NONE', ( #3776 ), #5068, .F. ) ;
#6075 = EDGE_LOOP ( 'NONE', ( #1541, #2758, #1080, #6163 ) ) ;
#6076 = AXIS2_PLACEMENT_3D ( 'NONE', #2354, #3427, #205 ) ;
#6077 = VERTEX_POINT ( 'NONE', #1766 ) ;
#6078 = CARTESIAN_POINT ( 'NONE',  ( 50.00000000000000000, 40.00000000000014921, 11.99999999999999822 ) ) ;
#6079 = FILL_AREA_STYLE_COLOUR ( '', #4068 ) ;
#6080 = EDGE_LOOP ( 'NONE', ( #6199, #4967, #6507, #1399 ) ) ;
#6081 = VECTOR ( 'NONE', #3382, 1000.000000000000000 ) ;
#6082 = ADVANCED_FACE ( 'NONE', ( #1566 ), #6090, .F. ) ;
#6083 = CARTESIAN_POINT ( 'NONE',  ( 276.0000000000014779, 620.0000000000002274, 18.00000000000000000 ) ) ;
#6084 = VERTEX_POINT ( 'NONE', #1111 ) ;
#6085 = EDGE_CURVE ( 'NONE', #3534, #6698, #5412, .T. ) ;
#6086 = SURFACE_SIDE_STYLE ('',( #267 ) ) ;
#6087 = ORIENTED_EDGE ( 'NONE', *, *, #4305, .F. ) ;
#6088 = DIRECTION ( 'NONE',  ( 0.000000000000000000, 0.000000000000000000, 1.000000000000000000 ) ) ;
#6089 = ORIENTED_EDGE ( 'NONE', *, *, #6390, .F. ) ;
#6090 = CYLINDRICAL_SURFACE ( 'NONE', #6015, 2.499999999999946709 ) ;
#6091 = ORIENTED_EDGE ( 'NONE', *, *, #2330, .T. ) ;
#6092 = VERTEX_POINT ( 'NONE', #4375 ) ;
#6093 = DIRECTION ( 'NONE',  ( 0.000000000000000000, 0.000000000000000000, 1.000000000000000000 ) ) ;
#6094 = CARTESIAN_POINT ( 'NONE',  ( 72.50000000000136424, 266.0000000000000000, 18.00000000000000000 ) ) ;
#6095 = ORIENTED_EDGE ( 'NONE', *, *, #6492, .F. ) ;
#6096 = FACE_BOUND ( 'NONE', #5143, .T. ) ;
#6097 = ORIENTED_EDGE ( 'NONE', *, *, #2275, .T. ) ;
#6098 = DIRECTION ( 'NONE',  ( 1.000000000000000000, -0.000000000000000000, 1.899384981211278352E-46 ) ) ;
#6099 = CIRCLE ( 'NONE', #1022, 2.500000000000002220 ) ;
#6100 = DIRECTION ( 'NONE',  ( 0.000000000000000000, 0.000000000000000000, 1.000000000000000000 ) ) ;
#6101 = CARTESIAN_POINT ( 'NONE',  ( 0.000000000000000000, 5.999999999999998224, 0.000000000000000000 ) ) ;
#6102 = VERTEX_POINT ( 'NONE', #1665 ) ;
#6103 = CARTESIAN_POINT ( 'NONE',  ( 45.99999999999999289, 40.00000000000014921, 18.00000000000000000 ) ) ;
#6104 = FACE_OUTER_BOUND ( 'NONE', #5270, .T. ) ;
#6105 = EDGE_LOOP ( 'NONE', ( #1985, #4378, #6912, #6909 ) ) ;
#6106 = CIRCLE ( 'NONE', #3951, 2.500000000000002220 ) ;
#6107 = ORIENTED_EDGE ( 'NONE', *, *, #4602, .T. ) ;
#6108 = DIRECTION ( 'NONE',  ( 0.000000000000000000, 0.000000000000000000, 1.000000000000000000 ) ) ;
#6109 = CARTESIAN_POINT ( 'NONE',  ( 110.0000000000000995, 0.000000000000000000, 30.00000000000000711 ) ) ;
#6110 = CIRCLE ( 'NONE', #5215, 3.000000000000002665 ) ;
#6111 = ORIENTED_EDGE ( 'NONE', *, *, #3066, .F. ) ;
#6112 = AXIS2_PLACEMENT_3D ( 'NONE', #2545, #5880, #871 ) ;
#6113 = VECTOR ( 'NONE', #168, 1000.000000000000114 ) ;
#6114 = PRODUCT_CONTEXT ( 'NONE', #3933, 'mechanical' ) ;
#6115 = ADVANCED_FACE ( 'NONE', ( #1047 ), #448, .F. ) ;
#6116 = EDGE_CURVE ( 'NONE', #5807, #3534, #3947, .T. ) ;
#6117 = CYLINDRICAL_SURFACE ( 'NONE', #2828, 6.000000000000227374 ) ;
#6118 = CARTESIAN_POINT ( 'NONE',  ( 547.0000000000000000, 169.9999999999999716, 18.00000000000000000 ) ) ;
#6119 = LINE ( 'NONE', #33, #823 ) ;
#6120 = DIRECTION ( 'NONE',  ( 1.000000000000000000, 0.000000000000000000, 0.000000000000000000 ) ) ;
#6121 = AXIS2_PLACEMENT_3D ( 'NONE', #365, #6895, #2582 ) ;
#6122 = ADVANCED_FACE ( 'NONE', ( #5498 ), #1134, .T. ) ;
#6123 = DIRECTION ( 'NONE',  ( 0.000000000000000000, 0.000000000000000000, 1.000000000000000000 ) ) ;
#6124 = CARTESIAN_POINT ( 'NONE',  ( 1100.000000000000000, 0.000000000000000000, 18.00000000000000000 ) ) ;
#6125 = FACE_OUTER_BOUND ( 'NONE', #4702, .T. ) ;
#6126 = AXIS2_PLACEMENT_3D ( 'NONE', #2375, #127, #1334 ) ;
#6127 = CARTESIAN_POINT ( 'NONE',  ( -212.5000000000002274, 19.99999999999999645, 9.000000000000119016 ) ) ;
#6128 = DIRECTION ( 'NONE',  ( -0.000000000000000000, -0.000000000000000000, -1.000000000000000000 ) ) ;
#6129 = EDGE_CURVE ( 'NONE', #1552, #4001, #2591, .T. ) ;
#6130 = CARTESIAN_POINT ( 'NONE',  ( 550.0000000000000000, 510.0000000000000000, 0.000000000000000000 ) ) ;
#6131 = LINE ( 'NONE', #1648, #6737 ) ;
#6132 = LINE ( 'NONE', #4308, #5951 ) ;
#6133 = AXIS2_PLACEMENT_3D ( 'NONE', #738, #6238, #2367 ) ;
#6134 = CARTESIAN_POINT ( 'NONE',  ( 67.00000000000135003, 169.9999999999999716, 0.000000000000000000 ) ) ;
#6135 = AXIS2_PLACEMENT_3D ( 'NONE', #4633, #4565, #811 ) ;
#6136 = EDGE_CURVE ( 'NONE', #945, #4552, #1141, .T. ) ;
#6137 = DIRECTION ( 'NONE',  ( -0.7071067811865517916, 7.430363060362964121E-16, -0.7071067811865433539 ) ) ;
#6138 = FACE_OUTER_BOUND ( 'NONE', #6624, .T. ) ;
#6139 = CIRCLE ( 'NONE', #3244, 4.000000000000003553 ) ;
#6140 = DIRECTION ( 'NONE',  ( 1.000000000000000000, 0.000000000000000000, 0.000000000000000000 ) ) ;
#6141 = DIRECTION ( 'NONE',  ( -0.7071067811865774377, -0.7071067811865175967, 0.000000000000000000 ) ) ;
#6142 = UNCERTAINTY_MEASURE_WITH_UNIT (LENGTH_MEASURE( 1.000000000000000082E-05 ), #5982, 'distance_accuracy_value', 'NONE');
#6143 = VECTOR ( 'NONE', #5061, 1000.000000000000000 ) ;
#6144 = EDGE_LOOP ( 'NONE', ( #4630, #4627, #5239, #623 ) ) ;
#6145 = DIRECTION ( 'NONE',  ( 4.318084277547222313E-78, 1.000000000000000000, 2.255519665188393748E-46 ) ) ;
#6146 = DIRECTION ( 'NONE',  ( 4.318084277547222313E-78, 1.000000000000000000, 2.255519665188393748E-46 ) ) ;
#6147 = CARTESIAN_POINT ( 'NONE',  ( 266.5000000000002274, 80.00000000000000000, 8.999999999999904077 ) ) ;
#6148 = PLANE ( 'NONE',  #5275 ) ;
#6149 = ADVANCED_FACE ( 'NONE', ( #6264 ), #4980, .F. ) ;
#6150 = ORIENTED_EDGE ( 'NONE', *, *, #2008, .F. ) ;
#6151 = DIRECTION ( 'NONE',  ( 1.000000000000000000, 0.000000000000000000, 0.000000000000000000 ) ) ;
#6152 = AXIS2_PLACEMENT_3D ( 'NONE', #4339, #61, #1618 ) ;
#6153 = CARTESIAN_POINT ( 'NONE',  ( 72.50000000000133582, 414.0000000000000568, 18.00000000000000000 ) ) ;
#6154 = ADVANCED_FACE ( 'NONE', ( #792 ), #5332, .F. ) ;
#6155 = CARTESIAN_POINT ( 'NONE',  ( 168.9050319128785134, 725.0000000000000000, 6.123233995736914194E-16 ) ) ;
#6156 = CARTESIAN_POINT ( 'NONE',  ( 70.00000000000133582, 414.0000000000000568, 18.00000000000000000 ) ) ;
#6157 = ORIENTED_EDGE ( 'NONE', *, *, #2528, .T. ) ;
#6158 = EDGE_CURVE ( 'NONE', #224, #5932, #697, .T. ) ;
#6159 = ORIENTED_EDGE ( 'NONE', *, *, #3066, .T. ) ;
#6160 = CARTESIAN_POINT ( 'NONE',  ( 0.000000000000000000, 0.000000000000000000, 0.000000000000000000 ) ) ;
#6161 = VERTEX_POINT ( 'NONE', #326 ) ;
#6162 = ORIENTED_EDGE ( 'NONE', *, *, #1730, .T. ) ;
#6163 = ORIENTED_EDGE ( 'NONE', *, *, #3064, .F. ) ;
#6164 = ORIENTED_EDGE ( 'NONE', *, *, #6572, .F. ) ;
#6165 = CARTESIAN_POINT ( 'NONE',  ( 1050.000000000000000, 103.9999999999998721, 18.00000000000000000 ) ) ;
#6166 = DIRECTION ( 'NONE',  ( 0.000000000000000000, -1.000000000000000000, 0.000000000000000000 ) ) ;
#6167 = DIRECTION ( 'NONE',  ( 0.000000000000000000, 0.000000000000000000, 1.000000000000000000 ) ) ;
#6168 = VERTEX_POINT ( 'NONE', #1933 ) ;
#6169 = DIRECTION ( 'NONE',  ( 1.000000000000000000, 0.000000000000000000, 0.000000000000000000 ) ) ;
#6170 = EDGE_LOOP ( 'NONE', ( #6768, #2679, #864, #254 ) ) ;
#6171 = EDGE_CURVE ( 'NONE', #5989, #5330, #5155, .T. ) ;
#6172 = ORIENTED_EDGE ( 'NONE', *, *, #679, .F. ) ;
#6173 = CARTESIAN_POINT ( 'NONE',  ( 43.24131847326456324, 2.570590502707379876, 16.00000000000000000 ) ) ;
#6174 = CARTESIAN_POINT ( 'NONE',  ( 791.9999999999987494, 59.99999999999982947, 0.000000000000000000 ) ) ;
#6175 = VERTEX_POINT ( 'NONE', #1952 ) ;
#6176 = CYLINDRICAL_SURFACE ( 'NONE', #257, 3.000000000000002665 ) ;
#6177 = AXIS2_PLACEMENT_3D ( 'NONE', #4295, #487, #1078 ) ;
#6178 = ORIENTED_EDGE ( 'NONE', *, *, #679, .T. ) ;
#6179 = CARTESIAN_POINT ( 'NONE',  ( 110.0000000000000995, 0.000000000000000000, 1.387778780781445676E-14 ) ) ;
#6180 = ORIENTED_EDGE ( 'NONE', *, *, #5879, .F. ) ;
#6181 = ORIENTED_EDGE ( 'NONE', *, *, #911, .F. ) ;
#6182 = DIRECTION ( 'NONE',  ( 1.000000000000000000, 0.000000000000000000, 0.000000000000000000 ) ) ;
#6183 = LINE ( 'NONE', #1454, #295 ) ;
#6184 = CARTESIAN_POINT ( 'NONE',  ( 177.0000000000028137, 620.0000000000002274, 18.00000000000000000 ) ) ;
#6185 = VERTEX_POINT ( 'NONE', #4621 ) ;
#6186 = EDGE_CURVE ( 'NONE', #3428, #3445, #287, .T. ) ;
#6187 = VERTEX_POINT ( 'NONE', #4670 ) ;
#6188 = CARTESIAN_POINT ( 'NONE',  ( 1029.999999999999773, -80.00000000000024158, 340.0000000000008527 ) ) ;
#6189 = CARTESIAN_POINT ( 'NONE',  ( 0.000000000000000000, 0.000000000000000000, 31.00000000000000000 ) ) ;
#6190 = ADVANCED_FACE ( 'NONE', ( #3868 ), #2423, .F. ) ;
#6191 = CYLINDRICAL_SURFACE ( 'NONE', #6723, 3.000000000000009770 ) ;
#6192 = ORIENTED_EDGE ( 'NONE', *, *, #2063, .F. ) ;
#6193 = FACE_BOUND ( 'NONE', #5644, .T. ) ;
#6194 = ORIENTED_EDGE ( 'NONE', *, *, #630, .F. ) ;
#6195 = CARTESIAN_POINT ( 'NONE',  ( 1029.999999999998636, 510.0000000000001137, 18.00000000000000000 ) ) ;
#6196 = CARTESIAN_POINT ( 'NONE',  ( 988.7573593128805669, 92.75735931288596703, 11.99999999999999822 ) ) ;
#6197 = ADVANCED_FACE ( 'NONE', ( #6685 ), #5911, .F. ) ;
#6198 = DIRECTION ( 'NONE',  ( 0.000000000000000000, 0.000000000000000000, 1.000000000000000000 ) ) ;
#6199 = ORIENTED_EDGE ( 'NONE', *, *, #3301, .F. ) ;
#6200 = CARTESIAN_POINT ( 'NONE',  ( 993.0000000000000000, 97.00000000000497380, 11.99999999999999822 ) ) ;
#6201 = DIRECTION ( 'NONE',  ( -0.000000000000000000, -0.000000000000000000, -1.000000000000000000 ) ) ;
#6202 = CYLINDRICAL_SURFACE ( 'NONE', #2427, 3.000000000000002665 ) ;
#6203 = VERTEX_POINT ( 'NONE', #150 ) ;
#6204 = DIRECTION ( 'NONE',  ( -1.000000000000000000, 0.000000000000000000, 0.000000000000000000 ) ) ;
#6205 = CIRCLE ( 'NONE', #6735, 3.000000000000002665 ) ;
#6206 = CARTESIAN_POINT ( 'NONE',  ( 276.0000000000014779, 59.99999999999982947, 0.000000000000000000 ) ) ;
#6207 = EDGE_CURVE ( 'NONE', #3093, #631, #5240, .T. ) ;
#6208 = DIRECTION ( 'NONE',  ( 1.000000000000000000, 0.000000000000000000, 0.000000000000000000 ) ) ;
#6209 = AXIS2_PLACEMENT_3D ( 'NONE', #1493, #1968, #1517 ) ;
#6210 = PRESENTATION_STYLE_ASSIGNMENT (( #3574 ) ) ;
#6211 = CARTESIAN_POINT ( 'NONE',  ( 1020.999999999999886, -75.00000000000022737, 501.0000000000010232 ) ) ;
#6212 = VECTOR ( 'NONE', #4006, 1000.000000000000000 ) ;
#6213 = ORIENTED_EDGE ( 'NONE', *, *, #755, .F. ) ;
#6214 = DIRECTION ( 'NONE',  ( -1.000000000000000000, 0.000000000000000000, 0.000000000000000000 ) ) ;
#6215 = VECTOR ( 'NONE', #1735, 1000.000000000000000 ) ;
#6216 = FACE_OUTER_BOUND ( 'NONE', #6366, .T. ) ;
#6217 = DIRECTION ( 'NONE',  ( -1.000000000000000000, 0.000000000000000000, 0.000000000000000000 ) ) ;
#6218 = AXIS2_PLACEMENT_3D ( 'NONE', #3598, #939, #5276 ) ;
#6219 = CARTESIAN_POINT ( 'NONE',  ( 922.4999999999985221, 27.99999999999980105, 18.00000000000000000 ) ) ;
#6220 = CIRCLE ( 'NONE', #6406, 4.000000000000017764 ) ;
#6221 = LINE ( 'NONE', #469, #4169 ) ;
#6222 = ADVANCED_FACE ( 'NONE', ( #4292 ), #3019, .F. ) ;
#6223 = EDGE_CURVE ( 'NONE', #4135, #5235, #874, .T. ) ;
#6224 = EDGE_CURVE ( 'NONE', #794, #3705, #2152, .T. ) ;
#6225 = DIRECTION ( 'NONE',  ( 0.000000000000000000, 0.000000000000000000, 1.000000000000000000 ) ) ;
#6226 = DIRECTION ( 'NONE',  ( -1.000000000000000000, 0.000000000000000000, 0.000000000000000000 ) ) ;
#6227 = ADVANCED_FACE ( 'NONE', ( #2329 ), #6435, .F. ) ;
#6228 = AXIS2_PLACEMENT_3D ( 'NONE', #5479, #5552, #574 ) ;
#6229 = VECTOR ( 'NONE', #4518, 1000.000000000000000 ) ;
#6230 = FACE_OUTER_BOUND ( 'NONE', #6659, .T. ) ;
#6231 = DIRECTION ( 'NONE',  ( -0.000000000000000000, -0.000000000000000000, -1.000000000000000000 ) ) ;
#6232 = DIRECTION ( 'NONE',  ( -0.000000000000000000, -0.000000000000000000, -1.000000000000000000 ) ) ;
#6233 = AXIS2_PLACEMENT_3D ( 'NONE', #6189, #1919, #5686 ) ;
#6234 =( REPRESENTATION_RELATIONSHIP ('NONE','NONE', #1817, #5875 ) REPRESENTATION_RELATIONSHIP_WITH_TRANSFORMATION ( #5298 )SHAPE_REPRESENTATION_RELATIONSHIP( ) );
#6235 = VERTEX_POINT ( 'NONE', #3023 ) ;
#6236 = PRODUCT_DEFINITION_FORMATION_WITH_SPECIFIED_SOURCE ( 'ANY', '', #961, .NOT_KNOWN. ) ;
#6237 = DIRECTION ( 'NONE',  ( 0.000000000000000000, 2.255519665188391803E-46, 1.000000000000000000 ) ) ;
#6238 = DIRECTION ( 'NONE',  ( 0.000000000000000000, 0.000000000000000000, 1.000000000000000000 ) ) ;
#6239 = DIRECTION ( 'NONE',  ( -0.000000000000000000, -0.000000000000000000, 1.000000000000000000 ) ) ;
#6240 = DIRECTION ( 'NONE',  ( -1.000000000000000000, 0.000000000000000000, 0.000000000000000000 ) ) ;
#6241 = ORIENTED_EDGE ( 'NONE', *, *, #2744, .T. ) ;
#6242 = VERTEX_POINT ( 'NONE', #305 ) ;
#6243 = CARTESIAN_POINT ( 'NONE',  ( -266.5000000000000568, 0.000000000000000000, 8.999999999999904077 ) ) ;
#6244 = CLOSED_SHELL ( 'NONE', ( #2466, #6074, #1836, #1795, #6005, #3507, #6115, #6222, #2933, #2823, #2360, #418, #1871, #5083, #6684, #6726, #5118, #346, #5874, #4032, #170, #2965, #1291, #2209, #1866, #5219, #4612, #2535, #812, #3099, #6766, #5857, #1214, #5114, #64, #6459, #6227, #5516, #4804, #592, #1522, #4438, #626, #2393, #4263, #3402, #1259, #634, #3968, #137, #701, #4588, #5720, #743, #5610, #3642, #662, #6733, #319, #244, #1189, #5639, #6149, #1266, #5545, #2090, #1895, #4938, #4102, #2817, #4579, #3543, #4779, #6297, #3921, #6197, #736, #2899, #5578, #1392, #6050, #276, #3476, #1360, #1184, #5549, #4172, #3429, #3925, #3358, #3961, #2431, #2861, #6082, #2795, #5049, #3155, #5291, #3471, #2627, #6862, #1146, #5752, #1801, #3298, #4683, #6586, #947, #2755, #4647, #2398, #6827, #4539, #2320 ) ) ;
#6245 = EDGE_LOOP ( 'NONE', ( #4484, #5408, #953, #6699 ) ) ;
#6246 = DIRECTION ( 'NONE',  ( 1.000000000000000000, 0.000000000000000000, 0.000000000000000000 ) ) ;
#6247 = AXIS2_PLACEMENT_3D ( 'NONE', #1712, #2808, #6628 ) ;
#6248 = CARTESIAN_POINT ( 'NONE',  ( -266.5000000000000568, 79.99999999999998579, -9.000000000000119016 ) ) ;
#6249 = VERTEX_POINT ( 'NONE', #1404 ) ;
#6250 = ORIENTED_EDGE ( 'NONE', *, *, #3730, .T. ) ;
#6251 = EDGE_CURVE ( 'NONE', #3517, #6931, #4642, .T. ) ;
#6252 = VERTEX_POINT ( 'NONE', #2997 ) ;
#6253 =( REPRESENTATION_RELATIONSHIP ('NONE','NONE', #1817, #1867 ) REPRESENTATION_RELATIONSHIP_WITH_TRANSFORMATION ( #1458 )SHAPE_REPRESENTATION_RELATIONSHIP( ) );
#6254 = AXIS2_PLACEMENT_3D ( 'NONE', #1188, #2223, #591 ) ;
#6255 = ORIENTED_EDGE ( 'NONE', *, *, #518, .T. ) ;
#6256 = ADVANCED_FACE ( 'NONE', ( #3537 ), #865, .F. ) ;
#6257 = CIRCLE ( 'NONE', #846, 4.000000000000003553 ) ;
#6258 = ORIENTED_EDGE ( 'NONE', *, *, #6085, .T. ) ;
#6259 = CARTESIAN_POINT ( 'NONE',  ( 35.24264068711897835, 663.2426406871178415, 18.00000000000000000 ) ) ;
#6260 = AXIS2_PLACEMENT_3D ( 'NONE', #1024, #6475, #4923 ) ;
#6261 = DIRECTION ( 'NONE',  ( 0.000000000000000000, -1.000000000000000000, 0.000000000000000000 ) ) ;
#6262 = VERTEX_POINT ( 'NONE', #125 ) ;
#6263 = EDGE_LOOP ( 'NONE', ( #1057, #439 ) ) ;
#6264 = FACE_OUTER_BOUND ( 'NONE', #4356, .T. ) ;
#6265 = ORIENTED_EDGE ( 'NONE', *, *, #5980, .F. ) ;
#6266 = EDGE_CURVE ( 'NONE', #6334, #4001, #1742, .T. ) ;
#6267 = ORIENTED_EDGE ( 'NONE', *, *, #4462, .F. ) ;
#6268 = DIRECTION ( 'NONE',  ( -1.000000000000000000, 1.261617073437679231E-16, 2.169183984224244502E-46 ) ) ;
#6269 = DIRECTION ( 'NONE',  ( -0.000000000000000000, -0.000000000000000000, -1.000000000000000000 ) ) ;
#6270 = ORIENTED_EDGE ( 'NONE', *, *, #6974, .T. ) ;
#6271 = FACE_BOUND ( 'NONE', #4969, .T. ) ;
#6272 = AXIS2_PLACEMENT_3D ( 'NONE', #2166, #537, #3299 ) ;
#6273 = ORIENTED_EDGE ( 'NONE', *, *, #4162, .T. ) ;
#6274 = LINE ( 'NONE', #2529, #2762 ) ;
#6275 =( GEOMETRIC_REPRESENTATION_CONTEXT ( 3 ) GLOBAL_UNCERTAINTY_ASSIGNED_CONTEXT ( ( #2242 ) ) GLOBAL_UNIT_ASSIGNED_CONTEXT ( ( #66, #3320, #5041 ) ) REPRESENTATION_CONTEXT ( 'NONE', 'WORKASPACE' ) );
#6276 = ORIENTED_EDGE ( 'NONE', *, *, #330, .F. ) ;
#6277 = DIRECTION ( 'NONE',  ( 0.000000000000000000, 1.000000000000000000, 0.000000000000000000 ) ) ;
#6278 =( BOUNDED_CURVE ( )  B_SPLINE_CURVE ( 3, ( #160, #5680, #4589, #5131 ),
 .UNSPECIFIED., .F., .T. ) 
 B_SPLINE_CURVE_WITH_KNOTS ( ( 4, 4 ),
 ( 4.712388980384689674, 6.283185307179586232 ),
 .UNSPECIFIED. ) 
 CURVE ( )  GEOMETRIC_REPRESENTATION_ITEM ( )  RATIONAL_B_SPLINE_CURVE ( ( 1.000000000000000000, 0.8047378541243649375, 0.8047378541243649375, 1.000000000000000000 ) ) 
 REPRESENTATION_ITEM ( '' )  );
#6279 = DIRECTION ( 'NONE',  ( 0.000000000000000000, 0.000000000000000000, 1.000000000000000000 ) ) ;
#6280 = DIRECTION ( 'NONE',  ( 0.000000000000000000, 0.000000000000000000, 1.000000000000000000 ) ) ;
#6281 = CIRCLE ( 'NONE', #4941, 3.000000000000002665 ) ;
#6282 = EDGE_LOOP ( 'NONE', ( #1657, #3720, #6709, #6969 ) ) ;
#6283 = EDGE_LOOP ( 'NONE', ( #2155, #1824, #1672, #4114 ) ) ;
#6284 = DIRECTION ( 'NONE',  ( 1.000000000000000000, 0.000000000000000000, 0.000000000000000000 ) ) ;
#6285 = CIRCLE ( 'NONE', #3021, 3.000000000000002665 ) ;
#6286 = ORIENTED_EDGE ( 'NONE', *, *, #4624, .T. ) ;
#6287 = CARTESIAN_POINT ( 'NONE',  ( 72.87005768509099823, 613.1299423149124550, 18.00000000000000000 ) ) ;
#6288 = FACE_OUTER_BOUND ( 'NONE', #3010, .T. ) ;
#6289 = DIRECTION ( 'NONE',  ( -1.000000000000000000, 0.000000000000000000, 0.000000000000000000 ) ) ;
#6290 = CARTESIAN_POINT ( 'NONE',  ( 408.5000000000000000, 20.00000000000000355, 9.000000000000007105 ) ) ;
#6291 = CARTESIAN_POINT ( 'NONE',  ( -466.5000000000000000, 80.00000000000000000, 9.000000000000007105 ) ) ;
#6292 = LINE ( 'NONE', #1118, #5941 ) ;
#6293 = DIRECTION ( 'NONE',  ( -0.000000000000000000, -0.000000000000000000, -1.000000000000000000 ) ) ;
#6294 = AXIS2_PLACEMENT_3D ( 'NONE', #4455, #1295, #6204 ) ;
#6295 = VECTOR ( 'NONE', #1271, 1000.000000000000000 ) ;
#6296 = CARTESIAN_POINT ( 'NONE',  ( 308.0000000000014211, 59.99999999999982947, 18.00000000000000000 ) ) ;
#6297 = ADVANCED_FACE ( 'NONE', ( #6513 ), #3698, .F. ) ;
#6298 = EDGE_CURVE ( 'NONE', #4639, #709, #964, .T. ) ;
#6299 = DIRECTION ( 'NONE',  ( 1.899384981211278352E-46, 0.000000000000000000, -1.000000000000000000 ) ) ;
#6300 = CARTESIAN_POINT ( 'NONE',  ( 308.0000000000014211, 59.99999999999982947, 18.00000000000000000 ) ) ;
#6301 = CYLINDRICAL_SURFACE ( 'NONE', #6397, 3.000000000000006217 ) ;
#6302 = VECTOR ( 'NONE', #3477, 1000.000000000000000 ) ;
#6303 = EDGE_CURVE ( 'NONE', #5393, #1674, #3181, .T. ) ;
#6304 = DIRECTION ( 'NONE',  ( -0.000000000000000000, -0.000000000000000000, -1.000000000000000000 ) ) ;
#6305 = STYLED_ITEM ( 'NONE', ( #3335 ), #943 ) ;
#6306 = APPLICATION_PROTOCOL_DEFINITION ( 'draft international standard', 'automotive_design', 1998, #851 ) ;
#6307 = CYLINDRICAL_SURFACE ( 'NONE', #3577, 15.00000000000000178 ) ;
#6308 = FACE_OUTER_BOUND ( 'NONE', #6603, .T. ) ;
#6309 = CARTESIAN_POINT ( 'NONE',  ( 1032.999999999998636, 510.0000000000001137, 0.000000000000000000 ) ) ;
#6310 = DIRECTION ( 'NONE',  ( -0.000000000000000000, -0.000000000000000000, -1.000000000000000000 ) ) ;
#6311 = DIRECTION ( 'NONE',  ( 0.000000000000000000, 0.000000000000000000, -1.000000000000000000 ) ) ;
#6312 = EDGE_CURVE ( 'NONE', #2913, #6772, #105, .T. ) ;
#6313 = CARTESIAN_POINT ( 'NONE',  ( 0.000000000000000000, 680.0000000000000000, 18.00000000000000000 ) ) ;
#6314 = VECTOR ( 'NONE', #298, 1000.000000000000000 ) ;
#6315 = LINE ( 'NONE', #3702, #4601 ) ;
#6316 = CARTESIAN_POINT ( 'NONE',  ( 107.0000000000000000, 97.00000000000497380, 18.00000000000000000 ) ) ;
#6317 = AXIS2_PLACEMENT_3D ( 'NONE', #4144, #2048, #2638 ) ;
#6318 = AXIS2_PLACEMENT_3D ( 'NONE', #2677, #2741, #3791 ) ;
#6319 = DIRECTION ( 'NONE',  ( 0.000000000000000000, 0.000000000000000000, 1.000000000000000000 ) ) ;
#6320 =( NAMED_UNIT ( * ) SI_UNIT ( $, .STERADIAN. ) SOLID_ANGLE_UNIT ( ) );
#6321 = VERTEX_POINT ( 'NONE', #3660 ) ;
#6322 = EDGE_CURVE ( 'NONE', #2147, #532, #6346, .T. ) ;
#6323 = DIRECTION ( 'NONE',  ( 1.000000000000000000, 0.000000000000000000, 0.000000000000000000 ) ) ;
#6324 =( NAMED_UNIT ( * ) SI_UNIT ( $, .STERADIAN. ) SOLID_ANGLE_UNIT ( ) );
#6325 = EDGE_LOOP ( 'NONE', ( #2270, #1204, #5812, #84 ) ) ;
#6326 = ITEM_DEFINED_TRANSFORMATION ( 'NONE', 'NONE', #3,  #1321 ) ;
#6327 = CARTESIAN_POINT ( 'NONE',  ( 550.0000000000000000, 169.9999999999999716, 18.00000000000000000 ) ) ;
#6328 = ORIENTED_EDGE ( 'NONE', *, *, #2219, .T. ) ;
#6329 = AXIS2_PLACEMENT_3D ( 'NONE', #2075, #2628, #6488 ) ;
#6330 = EDGE_LOOP ( 'NONE', ( #1565, #1483, #3177, #5519 ) ) ;
#6331 = DIRECTION ( 'NONE',  ( 0.000000000000000000, 0.000000000000000000, 1.000000000000000000 ) ) ;
#6332 = DIRECTION ( 'NONE',  ( 4.318084277547222313E-78, 1.000000000000000000, 2.255519665188393748E-46 ) ) ;
#6333 = DIRECTION ( 'NONE',  ( 0.000000000000000000, 0.000000000000000000, 1.000000000000000000 ) ) ;
#6334 = VERTEX_POINT ( 'NONE', #1470 ) ;
#6335 = CARTESIAN_POINT ( 'NONE',  ( 0.000000000000000000, 18.00000000000000000, 0.000000000000000000 ) ) ;
#6336 = CARTESIAN_POINT ( 'NONE',  ( 112.9999999999999432, 583.0000000000048885, 11.99999999999999822 ) ) ;
#6337 = EDGE_LOOP ( 'NONE', ( #6681, #5059, #2698, #5037 ) ) ;
#6338 = ORIENTED_EDGE ( 'NONE', *, *, #3118, .F. ) ;
#6339 = CARTESIAN_POINT ( 'NONE',  ( 408.5000000000000000, 20.00000000000000355, 9.000000000000007105 ) ) ;
#6340 = VERTEX_POINT ( 'NONE', #3639 ) ;
#6341 = CARTESIAN_POINT ( 'NONE',  ( 1054.000000000000000, 640.0000000000000000, 11.99999999999999822 ) ) ;
#6342 = ORIENTED_EDGE ( 'NONE', *, *, #321, .F. ) ;
#6343 = DIRECTION ( 'NONE',  ( 0.000000000000000000, 1.000000000000000000, 0.000000000000000000 ) ) ;
#6344 = EDGE_LOOP ( 'NONE', ( #5997, #449, #5839, #4297 ) ) ;
#6345 = EDGE_LOOP ( 'NONE', ( #2295, #3293 ) ) ;
#6346 = LINE ( 'NONE', #344, #611 ) ;
#6347 = CARTESIAN_POINT ( 'NONE',  ( 204.5000000000001705, 19.99999999999999645, -8.999999999999896971 ) ) ;
#6348 = VERTEX_POINT ( 'NONE', #4180 ) ;
#6349 = AXIS2_PLACEMENT_3D ( 'NONE', #838, #5360, #3675 ) ;
#6350 = ORIENTED_EDGE ( 'NONE', *, *, #3417, .F. ) ;
#6351 = EDGE_LOOP ( 'NONE', ( #3548, #3958, #783, #1394 ) ) ;
#6352 = FACE_OUTER_BOUND ( 'NONE', #895, .T. ) ;
#6353 = ORIENTED_EDGE ( 'NONE', *, *, #2870, .T. ) ;
#6354 = VERTEX_POINT ( 'NONE', #2587 ) ;
#6355 = CARTESIAN_POINT ( 'NONE',  ( 412.5000000000000000, 20.00000000000000355, 9.000000000000007105 ) ) ;
#6356 = CARTESIAN_POINT ( 'NONE',  ( 308.0000000000014211, 620.0000000000002274, 18.00000000000000000 ) ) ;
#6357 = AXIS2_PLACEMENT_3D ( 'NONE', #6533, #1571, #1592 ) ;
#6358 = DIRECTION ( 'NONE',  ( 1.000000000000000000, 0.000000000000000000, 0.000000000000000000 ) ) ;
#6359 = ORIENTED_EDGE ( 'NONE', *, *, #2249, .T. ) ;
#6360 = DIRECTION ( 'NONE',  ( 1.000000000000000000, 0.000000000000000000, 0.000000000000000000 ) ) ;
#6361 = LINE ( 'NONE', #5777, #3457 ) ;
#6362 = ORIENTED_EDGE ( 'NONE', *, *, #3029, .T. ) ;
#6363 = EDGE_LOOP ( 'NONE', ( #2740, #4492, #3259, #5599 ) ) ;
#6364 = FACE_BOUND ( 'NONE', #2869, .T. ) ;
#6365 = EDGE_CURVE ( 'NONE', #1906, #4868, #3359, .T. ) ;
#6366 = EDGE_LOOP ( 'NONE', ( #5736, #3336, #6594, #3097 ) ) ;
#6367 = CARTESIAN_POINT ( 'NONE',  ( 170.0000000000000853, 54.99999999999999289, -2.999999999999996003 ) ) ;
#6368 = EDGE_CURVE ( 'NONE', #759, #6604, #1915, .T. ) ;
#6369 = MANIFOLD_SOLID_BREP ( 'Redondeo1', #4195 ) ;
#6370 = CARTESIAN_POINT ( 'NONE',  ( 1019.129942314910522, 613.1299423149123413, 11.99999999999999822 ) ) ;
#6371 = ADVANCED_FACE ( 'NONE', ( #520, #1400 ), #3084, .F. ) ;
#6372 = AXIS2_PLACEMENT_3D ( 'NONE', #4557, #3490, #3509 ) ;
#6373 = LINE ( 'NONE', #5349, #4737 ) ;
#6374 = AXIS2_PLACEMENT_3D ( 'NONE', #3901, #1740, #797 ) ;
#6375 = ORIENTED_EDGE ( 'NONE', *, *, #2376, .T. ) ;
#6376 = DIRECTION ( 'NONE',  ( -0.000000000000000000, 1.000000000000000000, -0.000000000000000000 ) ) ;
#6377 = VECTOR ( 'NONE', #4934, 1000.000000000000000 ) ;
#6378 = DIRECTION ( 'NONE',  ( 1.000000000000000000, 0.000000000000000000, 0.000000000000000000 ) ) ;
#6379 = CIRCLE ( 'NONE', #4287, 4.000000000000003553 ) ;
#6380 = EDGE_LOOP ( 'NONE', ( #5910, #389 ) ) ;
#6381 = DIRECTION ( 'NONE',  ( 4.318084277547222313E-78, 1.000000000000000000, 2.255519665188393748E-46 ) ) ;
#6382 = CARTESIAN_POINT ( 'NONE',  ( 59.99999999999994316, 70.00000000000005684, 18.00000000000002132 ) ) ;
#6383 = LINE ( 'NONE', #6147, #4326 ) ;
#6384 = LINE ( 'NONE', #3095, #3482 ) ;
#6385 = DIRECTION ( 'NONE',  ( 0.000000000000000000, 0.000000000000000000, -1.000000000000000000 ) ) ;
#6386 = DIRECTION ( 'NONE',  ( 4.318084277547222313E-78, 1.000000000000000000, 2.255519665188393748E-46 ) ) ;
#6387 = FACE_BOUND ( 'NONE', #6992, .T. ) ;
#6388 = VECTOR ( 'NONE', #2751, 1000.000000000000000 ) ;
#6389 = DIRECTION ( 'NONE',  ( -1.000000000000000000, 0.000000000000000000, 0.000000000000000000 ) ) ;
#6390 = EDGE_CURVE ( 'NONE', #1461, #765, #602, .T. ) ;
#6391 = CARTESIAN_POINT ( 'NONE',  ( 72.50000000000136424, 266.0000000000000000, 18.00000000000000000 ) ) ;
#6392 = CARTESIAN_POINT ( 'NONE',  ( 212.5000000000001990, 19.99999999999999645, 8.999999999999896971 ) ) ;
#6393 = VECTOR ( 'NONE', #2106, 1000.000000000000114 ) ;
#6394 = LINE ( 'NONE', #2678, #2292 ) ;
#6395 = EDGE_CURVE ( 'NONE', #770, #6235, #2584, .T. ) ;
#6396 = DIRECTION ( 'NONE',  ( -0.000000000000000000, -0.000000000000000000, -1.000000000000000000 ) ) ;
#6397 = AXIS2_PLACEMENT_3D ( 'NONE', #2519, #2994, #4617 ) ;
#6398 = ADVANCED_FACE ( 'NONE', ( #4284 ), #5325, .F. ) ;
#6399 = FACE_OUTER_BOUND ( 'NONE', #4807, .T. ) ;
#6400 = CYLINDRICAL_SURFACE ( 'NONE', #5529, 3.000000000000002665 ) ;
#6401 = DIRECTION ( 'NONE',  ( -0.1156569635167078725, -0.9932892160846684693, 0.000000000000000000 ) ) ;
#6402 = EDGE_CURVE ( 'NONE', #5884, #3341, #6773, .T. ) ;
#6403 = DIRECTION ( 'NONE',  ( 4.318084277547222313E-78, 1.000000000000000000, 2.255519665188393748E-46 ) ) ;
#6404 = CARTESIAN_POINT ( 'NONE',  ( 184.6423443838056926, 730.0000000000000000, 11.25671599810843126 ) ) ;
#6405 = DIRECTION ( 'NONE',  ( 1.000000000000000000, 0.000000000000000000, -0.000000000000000000 ) ) ;
#6406 = AXIS2_PLACEMENT_3D ( 'NONE', #2630, #2580, #3746 ) ;
#6407 = ORIENTED_EDGE ( 'NONE', *, *, #1060, .T. ) ;
#6408 = ITEM_DEFINED_TRANSFORMATION ( 'NONE', 'NONE', #101,  #1321 ) ;
#6409 = EDGE_CURVE ( 'NONE', #3943, #5097, #5821, .T. ) ;
#6410 = PLANE ( 'NONE',  #3779 ) ;
#6411 = VERTEX_POINT ( 'NONE', #4215 ) ;
#6412 = EDGE_CURVE ( 'NONE', #5721, #4440, #3691, .T. ) ;
#6413 = DIRECTION ( 'NONE',  ( -0.000000000000000000, -0.000000000000000000, 1.000000000000000000 ) ) ;
#6414 = DIRECTION ( 'NONE',  ( -0.000000000000000000, -0.000000000000000000, -1.000000000000000000 ) ) ;
#6415 = ORIENTED_EDGE ( 'NONE', *, *, #3234, .F. ) ;
#6416 = VERTEX_POINT ( 'NONE', #3737 ) ;
#6417 = CARTESIAN_POINT ( 'NONE',  ( 1026.999999999998863, 169.9999999999999432, 0.000000000000000000 ) ) ;
#6418 = ORIENTED_EDGE ( 'NONE', *, *, #4890, .T. ) ;
#6419 = ORIENTED_EDGE ( 'NONE', *, *, #3711, .F. ) ;
#6420 = ORIENTED_EDGE ( 'NONE', *, *, #3622, .F. ) ;
#6421 = CARTESIAN_POINT ( 'NONE',  ( 14.89933824127002637, -1.734854452750618004, 31.00000000000000000 ) ) ;
#6422 = DIRECTION ( 'NONE',  ( 0.000000000000000000, 0.000000000000000000, 1.000000000000000000 ) ) ;
#6423 = ORIENTED_EDGE ( 'NONE', *, *, #4700, .F. ) ;
#6424 = DIRECTION ( 'NONE',  ( -0.000000000000000000, -0.000000000000000000, -1.000000000000000000 ) ) ;
#6425 = VERTEX_POINT ( 'NONE', #967 ) ;
#6426 = CIRCLE ( 'NONE', #5962, 3.000000000000009770 ) ;
#6427 = CARTESIAN_POINT ( 'NONE',  ( 1023.129942314910522, 66.87005768508768710, 0.000000000000000000 ) ) ;
#6428 = CARTESIAN_POINT ( 'NONE',  ( -600.0000000000002274, 18.00000000000000000, -400.0000000000002274 ) ) ;
#6429 = ORIENTED_EDGE ( 'NONE', *, *, #4018, .F. ) ;
#6430 = EDGE_CURVE ( 'NONE', #5978, #2917, #4634, .T. ) ;
#6431 = PRODUCT_DEFINITION_SHAPE ( 'NONE', 'NONE',  #7075 ) ;
#6432 = VERTEX_POINT ( 'NONE', #4811 ) ;
#6433 = EDGE_CURVE ( 'NONE', #6859, #951, #7000, .T. ) ;
#6434 = ORIENTED_EDGE ( 'NONE', *, *, #5882, .F. ) ;
#6435 = CYLINDRICAL_SURFACE ( 'NONE', #5151, 2.499999999999946709 ) ;
#6436 = ORIENTED_EDGE ( 'NONE', *, *, #729, .T. ) ;
#6437 = DIRECTION ( 'NONE',  ( 0.000000000000000000, 0.000000000000000000, 1.000000000000000000 ) ) ;
#6438 = ORIENTED_EDGE ( 'NONE', *, *, #825, .T. ) ;
#6439 = ORIENTED_EDGE ( 'NONE', *, *, #1183, .F. ) ;
#6440 = FACE_BOUND ( 'NONE', #2231, .T. ) ;
#6441 = VERTEX_POINT ( 'NONE', #3121 ) ;
#6442 = ORIENTED_EDGE ( 'NONE', *, *, #22, .F. ) ;
#6443 = FACE_BOUND ( 'NONE', #1577, .T. ) ;
#6444 = ORIENTED_EDGE ( 'NONE', *, *, #726, .T. ) ;
#6445 = FACE_OUTER_BOUND ( 'NONE', #3018, .T. ) ;
#6446 = ORIENTED_EDGE ( 'NONE', *, *, #2128, .F. ) ;
#6447 = DIRECTION ( 'NONE',  ( 0.000000000000000000, 0.000000000000000000, 1.000000000000000000 ) ) ;
#6448 = FACE_OUTER_BOUND ( 'NONE', #383, .T. ) ;
#6449 = DIRECTION ( 'NONE',  ( -0.000000000000000000, -0.000000000000000000, -1.000000000000000000 ) ) ;
#6450 = AXIS2_PLACEMENT_3D ( 'NONE', #1738, #1694, #1171 ) ;
#6451 = DIRECTION ( 'NONE',  ( -0.000000000000000000, -0.000000000000000000, -1.000000000000000000 ) ) ;
#6452 = VERTEX_POINT ( 'NONE', #3141 ) ;
#6453 = CARTESIAN_POINT ( 'NONE',  ( 49.99999999999999289, 576.0000000000002274, 18.00000000000000000 ) ) ;
#6454 = DIRECTION ( 'NONE',  ( 0.000000000000000000, 0.000000000000000000, 1.000000000000000000 ) ) ;
#6455 = FACE_OUTER_BOUND ( 'NONE', #2225, .T. ) ;
#6456 = ORIENTED_EDGE ( 'NONE', *, *, #956, .T. ) ;
#6457 = EDGE_CURVE ( 'NONE', #6161, #35, #4551, .T. ) ;
#6458 = VECTOR ( 'NONE', #4543, 1000.000000000000000 ) ;
#6459 = ADVANCED_FACE ( 'NONE', ( #4117 ), #5403, .F. ) ;
#6460 = DIRECTION ( 'NONE',  ( 0.7071067811865501263, 0.000000000000000000, -0.7071067811865450192 ) ) ;
#6461 = CARTESIAN_POINT ( 'NONE',  ( 788.9999999999987494, 59.99999999999982947, 18.00000000000000000 ) ) ;
#6462 = CARTESIAN_POINT ( 'NONE',  ( 26.75735931288094349, 654.7573593128790890, 11.99999999999999822 ) ) ;
#6463 = FACE_OUTER_BOUND ( 'NONE', #6845, .T. ) ;
#6464 = CYLINDRICAL_SURFACE ( 'NONE', #3664, 4.000000000000003553 ) ;
#6465 = CARTESIAN_POINT ( 'NONE',  ( 466.5000000000000000, 0.000000000000000000, 9.000000000000007105 ) ) ;
#6466 = CARTESIAN_POINT ( 'NONE',  ( -466.5000000000000000, 80.00000000000000000, 9.000000000000007105 ) ) ;
#6467 = ADVANCED_BREP_SHAPE_REPRESENTATION ( '', ( #3944, #1321 ), #1482 ) ;
#6468 = VECTOR ( 'NONE', #2399, 1000.000000000000000 ) ;
#6469 = CARTESIAN_POINT ( 'NONE',  ( 308.0000000000014211, 59.99999999999982947, 0.000000000000000000 ) ) ;
#6470 = DIRECTION ( 'NONE',  ( 0.000000000000000000, 0.000000000000000000, 1.000000000000000000 ) ) ;
#6471 = SHAPE_REPRESENTATION ( 'A000557-FAJASXXXLARG', ( #1321 ), #5567 ) ;
#6472 = CIRCLE ( 'NONE', #3926, 4.000000000000017764 ) ;
#6473 = FACE_OUTER_BOUND ( 'NONE', #6608, .T. ) ;
#6474 = CARTESIAN_POINT ( 'NONE',  ( -170.0000000000000853, 80.00000000000000000, -2.220446049250313081E-13 ) ) ;
#6475 = DIRECTION ( 'NONE',  ( -0.000000000000000000, -0.000000000000000000, -1.000000000000000000 ) ) ;
#6476 = AXIS2_PLACEMENT_3D ( 'NONE', #5765, #5244, #3421 ) ;
#6477 = FACE_OUTER_BOUND ( 'NONE', #1409, .T. ) ;
#6478 = VECTOR ( 'NONE', #5168, 1000.000000000000000 ) ;
#6479 = EDGE_CURVE ( 'NONE', #3703, #3257, #2837, .T. ) ;
#6480 = DIRECTION ( 'NONE',  ( 4.318084277547222313E-78, 1.000000000000000000, 2.255519665188393748E-46 ) ) ;
#6481 = CARTESIAN_POINT ( 'NONE',  ( 1019.129942314910522, 66.87005768508768710, 18.00000000000000000 ) ) ;
#6482 = CARTESIAN_POINT ( 'NONE',  ( 107.0000000000000000, 583.0000000000048885, 11.99999999999999822 ) ) ;
#6483 = AXIS2_PLACEMENT_3D ( 'NONE', #4757, #437, #6389 ) ;
#6484 = FACE_OUTER_BOUND ( 'NONE', #1300, .T. ) ;
#6485 = ORIENTED_EDGE ( 'NONE', *, *, #5362, .F. ) ;
#6486 = PRESENTATION_LAYER_ASSIGNMENT (  '', '', ( #6029 ) ) ;
#6487 = UNCERTAINTY_MEASURE_WITH_UNIT (LENGTH_MEASURE( 1.000000000000000082E-05 ), #1605, 'distance_accuracy_value', 'NONE');
#6488 = DIRECTION ( 'NONE',  ( 1.000000000000000000, 0.000000000000000000, 0.000000000000000000 ) ) ;
#6489 = VERTEX_POINT ( 'NONE', #4259 ) ;
#6490 = DIRECTION ( 'NONE',  ( 0.000000000000000000, 1.000000000000000000, -0.000000000000000000 ) ) ;
#6491 = CARTESIAN_POINT ( 'NONE',  ( -5.698154943633847890E-46, 50.00000000000004263, 18.00000000000000711 ) ) ;
#6492 = EDGE_CURVE ( 'NONE', #436, #2748, #2926, .T. ) ;
#6493 = CARTESIAN_POINT ( 'NONE',  ( 466.5000000000000000, 80.00000000000000000, 9.000000000000007105 ) ) ;
#6494 = SHAPE_DEFINITION_REPRESENTATION ( #3721, #1867 ) ;
#6495 = EDGE_CURVE ( 'NONE', #2927, #4710, #367, .T. ) ;
#6496 = DIRECTION ( 'NONE',  ( 0.000000000000000000, 0.000000000000000000, 1.000000000000000000 ) ) ;
#6497 = DIRECTION ( 'NONE',  ( 1.000000000000000000, 0.000000000000000000, 0.000000000000000000 ) ) ;
#6498 = AXIS2_PLACEMENT_3D ( 'NONE', #6165, #787, #6762 ) ;
#6499 = EDGE_LOOP ( 'NONE', ( #3618, #6436, #4797, #5252 ) ) ;
#6500 = ORIENTED_EDGE ( 'NONE', *, *, #4695, .T. ) ;
#6501 = DIRECTION ( 'NONE',  ( 0.7071067811865164865, -0.7071067811865785480, 0.000000000000000000 ) ) ;
#6502 = ORIENTED_EDGE ( 'NONE', *, *, #6572, .T. ) ;
#6503 = VERTEX_POINT ( 'NONE', #6577 ) ;
#6504 = CARTESIAN_POINT ( 'NONE',  ( 76.87005768508956294, 66.87005768508768710, 11.99999999999999822 ) ) ;
#6505 = CARTESIAN_POINT ( 'NONE',  ( 408.5000000000000000, 20.00000000000000355, 9.000000000000007105 ) ) ;
#6506 = DIRECTION ( 'NONE',  ( 4.318084277547222313E-78, 1.000000000000000000, 2.255519665188393748E-46 ) ) ;
#6507 = ORIENTED_EDGE ( 'NONE', *, *, #6390, .T. ) ;
#6508 = CARTESIAN_POINT ( 'NONE',  ( 184.9999999999999432, 730.0000000000000000, 16.00000000000000000 ) ) ;
#6509 = ORIENTED_EDGE ( 'NONE', *, *, #4162, .F. ) ;
#6510 = ORIENTED_EDGE ( 'NONE', *, *, #6846, .F. ) ;
#6511 = ORIENTED_EDGE ( 'NONE', *, *, #3752, .F. ) ;
#6512 = VERTEX_POINT ( 'NONE', #4278 ) ;
#6513 = FACE_OUTER_BOUND ( 'NONE', #4651, .T. ) ;
#6514 = CARTESIAN_POINT ( 'NONE',  ( 45.99999999999999289, 40.00000000000014921, 0.000000000000000000 ) ) ;
#6515 = DIRECTION ( 'NONE',  ( -0.9932892160846683582, 0.1156569635167078863, 0.000000000000000000 ) ) ;
#6516 = CARTESIAN_POINT ( 'NONE',  ( -170.0000000000000853, 54.99999999999999289, -3.000000000000218048 ) ) ;
#6517 = VERTEX_POINT ( 'NONE', #594 ) ;
#6518 = AXIS2_PLACEMENT_3D ( 'NONE', #5604, #2886, #3979 ) ;
#6519 = CARTESIAN_POINT ( 'NONE',  ( 0.000000000000000000, 0.000000000000000000, 0.000000000000000000 ) ) ;
#6520 = ORIENTED_EDGE ( 'NONE', *, *, #3575, .F. ) ;
#6521 = DIRECTION ( 'NONE',  ( 1.000000000000000000, 0.000000000000000000, 0.000000000000000000 ) ) ;
#6522 = EDGE_LOOP ( 'NONE', ( #1215, #2256, #5763, #6172, #6868 ) ) ;
#6523 = FACE_BOUND ( 'NONE', #1243, .T. ) ;
#6524 = EDGE_LOOP ( 'NONE', ( #6918, #5503, #2300, #2404 ) ) ;
#6525 = EDGE_CURVE ( 'NONE', #1100, #16, #1219, .T. ) ;
#6526 = VERTEX_POINT ( 'NONE', #476 ) ;
#6527 = DIRECTION ( 'NONE',  ( -1.000000000000000000, 0.000000000000000000, 0.000000000000000000 ) ) ;
#6528 = AXIS2_PLACEMENT_3D ( 'NONE', #6649, #2752, #6022 ) ;
#6529 = FACE_OUTER_BOUND ( 'NONE', #1403, .T. ) ;
#6530 = EDGE_LOOP ( 'NONE', ( #208, #6916, #38, #5311 ) ) ;
#6531 = CARTESIAN_POINT ( 'NONE',  ( 180.0000000000014495, 59.99999999999982947, 18.00000000000000000 ) ) ;
#6532 = FACE_OUTER_BOUND ( 'NONE', #3189, .T. ) ;
#6533 = CARTESIAN_POINT ( 'NONE',  ( 31.00000000000000000, 658.9999999999984084, 11.99999999999999822 ) ) ;
#6534 = EDGE_LOOP ( 'NONE', ( #6870, #6598 ) ) ;
#6535 = DIRECTION ( 'NONE',  ( 0.000000000000000000, 0.000000000000000000, 1.000000000000000000 ) ) ;
#6536 = CYLINDRICAL_SURFACE ( 'NONE', #6218, 3.000000000000009770 ) ;
#6537 = ORIENTED_EDGE ( 'NONE', *, *, #6032, .F. ) ;
#6538 = CIRCLE ( 'NONE', #495, 3.000000000000009770 ) ;
#6539 = EDGE_CURVE ( 'NONE', #2608, #6092, #1429, .T. ) ;
#6540 =( NAMED_UNIT ( * ) SI_UNIT ( $, .STERADIAN. ) SOLID_ANGLE_UNIT ( ) );
#6541 = AXIS2_PLACEMENT_3D ( 'NONE', #5943, #7034, #3812 ) ;
#6542 = CARTESIAN_POINT ( 'NONE',  ( 1023.129942314910522, 613.1299423149123413, 11.99999999999999822 ) ) ;
#6543 = DIRECTION ( 'NONE',  ( 0.000000000000000000, 0.000000000000000000, 1.000000000000000000 ) ) ;
#6544 = CIRCLE ( 'NONE', #1555, 2.499999999999946709 ) ;
#6545 = AXIS2_PLACEMENT_3D ( 'NONE', #3368, #2238, #1721 ) ;
#6546 = DIRECTION ( 'NONE',  ( 1.000000000000000000, 0.000000000000000000, 0.000000000000000000 ) ) ;
#6547 = EDGE_CURVE ( 'NONE', #4310, #6203, #6850, .T. ) ;
#6548 = ORIENTED_EDGE ( 'NONE', *, *, #7037, .F. ) ;
#6549 = SHAPE_REPRESENTATION ( 'A000557-REFUERZOREFU', ( #1321 ), #1482 ) ;
#6550 = LINE ( 'NONE', #2883, #5272 ) ;
#6551 =( NAMED_UNIT ( * ) SI_UNIT ( $, .STERADIAN. ) SOLID_ANGLE_UNIT ( ) );
#6552 = DIRECTION ( 'NONE',  ( 1.000000000000000000, 0.000000000000000000, 0.000000000000000000 ) ) ;
#6553 = EDGE_CURVE ( 'NONE', #6077, #4744, #1393, .T. ) ;
#6554 = CIRCLE ( 'NONE', #3058, 4.000000000000003553 ) ;
#6555 = VERTEX_POINT ( 'NONE', #4428 ) ;
#6556 = DIRECTION ( 'NONE',  ( 1.000000000000000000, 0.000000000000000000, 0.000000000000000000 ) ) ;
#6557 = VECTOR ( 'NONE', #875, 1000.000000000000227 ) ;
#6558 = DIRECTION ( 'NONE',  ( 0.000000000000000000, 0.000000000000000000, 1.000000000000000000 ) ) ;
#6559 = DIRECTION ( 'NONE',  ( -0.000000000000000000, -0.000000000000000000, -1.000000000000000000 ) ) ;
#6560 = DIRECTION ( 'NONE',  ( -0.000000000000000000, -0.000000000000000000, -1.000000000000000000 ) ) ;
#6561 = FACE_OUTER_BOUND ( 'NONE', #4264, .T. ) ;
#6562 = DIRECTION ( 'NONE',  ( 1.000000000000000000, 0.000000000000000000, 0.000000000000000000 ) ) ;
#6563 = PLANE ( 'NONE',  #3578 ) ;
#6564 = CARTESIAN_POINT ( 'NONE',  ( 600.0000000000004547, 18.00000000000000000, 400.0000000000001705 ) ) ;
#6565 = DIRECTION ( 'NONE',  ( 1.000000000000000000, 0.000000000000000000, 0.000000000000000000 ) ) ;
#6566 = LINE ( 'NONE', #5464, #1186 ) ;
#6567 = CYLINDRICAL_SURFACE ( 'NONE', #480, 3.000000000000002665 ) ;
#6568 = CARTESIAN_POINT ( 'NONE',  ( 370.0000000000000000, 80.00000000000000000, 0.000000000000000000 ) ) ;
#6569 = DIRECTION ( 'NONE',  ( 1.000000000000000000, 0.000000000000000000, 0.000000000000000000 ) ) ;
#6570 =( NAMED_UNIT ( * ) PLANE_ANGLE_UNIT ( ) SI_UNIT ( $, .RADIAN. ) );
#6571 = ORIENTED_EDGE ( 'NONE', *, *, #4781, .T. ) ;
#6572 = EDGE_CURVE ( 'NONE', #1936, #2921, #3857, .T. ) ;
#6573 = AXIS2_PLACEMENT_3D ( 'NONE', #2809, #3354, #1191 ) ;
#6574 = CARTESIAN_POINT ( 'NONE',  ( 15.10134184193276496, -2.007781800899082034E-17, 0.000000000000000000 ) ) ;
#6575 = CARTESIAN_POINT ( 'NONE',  ( 1029.999999999998636, 510.0000000000001137, 18.00000000000000000 ) ) ;
#6576 = ORIENTED_EDGE ( 'NONE', *, *, #5294, .F. ) ;
#6577 = CARTESIAN_POINT ( 'NONE',  ( 15.10134184193276852, -2.007781800899082650E-17, 31.00000000000000000 ) ) ;
#6578 = ORIENTED_EDGE ( 'NONE', *, *, #6158, .T. ) ;
#6579 = CARTESIAN_POINT ( 'NONE',  ( 1032.499999999998408, 265.9999999999998295, 18.00000000000000000 ) ) ;
#6580 = CARTESIAN_POINT ( 'NONE',  ( 67.00000000000133582, 298.0000000000000000, 18.00000000000000000 ) ) ;
#6581 = ORIENTED_EDGE ( 'NONE', *, *, #4755, .T. ) ;
#6582 = AXIS2_PLACEMENT_3D ( 'NONE', #2694, #6506, #3236 ) ;
#6583 = EDGE_LOOP ( 'NONE', ( #2497, #4453 ) ) ;
#6584 = DIRECTION ( 'NONE',  ( 0.000000000000000000, 0.000000000000000000, 1.000000000000000000 ) ) ;
#6585 = VERTEX_POINT ( 'NONE', #6600 ) ;
#6586 = ADVANCED_FACE ( 'NONE', ( #13 ), #4201, .F. ) ;
#6587 = DIRECTION ( 'NONE',  ( 0.000000000000000000, 0.000000000000000000, 1.000000000000000000 ) ) ;
#6588 = CARTESIAN_POINT ( 'NONE',  ( 821.4999999999987494, 59.99999999999972289, 18.00000000000000000 ) ) ;
#6589 = EDGE_CURVE ( 'NONE', #1498, #5305, #785, .T. ) ;
#6590 = ORIENTED_EDGE ( 'NONE', *, *, #2050, .T. ) ;
#6591 = EDGE_CURVE ( 'NONE', #6185, #6779, #6426, .T. ) ;
#6592 = ORIENTED_EDGE ( 'NONE', *, *, #2230, .F. ) ;
#6593 =( NAMED_UNIT ( * ) PLANE_ANGLE_UNIT ( ) SI_UNIT ( $, .RADIAN. ) );
#6594 = ORIENTED_EDGE ( 'NONE', *, *, #5271, .F. ) ;
#6595 = ORIENTED_EDGE ( 'NONE', *, *, #4892, .F. ) ;
#6596 = CARTESIAN_POINT ( 'NONE',  ( 40.00000000000003553, 49.99999999999993605, 18.00000000000000711 ) ) ;
#6597 = CARTESIAN_POINT ( 'NONE',  ( 993.0000000000000000, 97.00000000000497380, 18.00000000000000000 ) ) ;
#6598 = ORIENTED_EDGE ( 'NONE', *, *, #1099, .F. ) ;
#6599 = CARTESIAN_POINT ( 'NONE',  ( 107.0000000000000000, 583.0000000000048885, 11.99999999999999822 ) ) ;
#6600 = CARTESIAN_POINT ( 'NONE',  ( 997.2426406871197742, 578.7573593128853418, 18.00000000000000000 ) ) ;
#6601 = DIRECTION ( 'NONE',  ( -0.1713727001804919992, -0.9852062716166839484, -0.000000000000000000 ) ) ;
#6602 = PRODUCT_RELATED_PRODUCT_CATEGORY ( 'part', '', ( #4759 ) ) ;
#6603 = EDGE_LOOP ( 'NONE', ( #6578, #5722, #6157, #5390, #6014 ) ) ;
#6604 = VERTEX_POINT ( 'NONE', #2730 ) ;
#6605 = DIRECTION ( 'NONE',  ( 1.000000000000000000, 0.000000000000000000, 0.000000000000000000 ) ) ;
#6606 = EDGE_LOOP ( 'NONE', ( #250, #3924 ) ) ;
#6607 = VECTOR ( 'NONE', #5571, 1000.000000000000000 ) ;
#6608 = EDGE_LOOP ( 'NONE', ( #1663, #5750, #6058, #5647 ) ) ;
#6609 = ORIENTED_EDGE ( 'NONE', *, *, #935, .F. ) ;
#6610 =( LENGTH_UNIT ( ) NAMED_UNIT ( * ) SI_UNIT ( .MILLI., .METRE. ) );
#6611 = ORIENTED_EDGE ( 'NONE', *, *, #1848, .T. ) ;
#6612 = FACE_BOUND ( 'NONE', #2079, .T. ) ;
#6613 = DIRECTION ( 'NONE',  ( 0.1156569635167078725, 0.9932892160846684693, 0.000000000000000000 ) ) ;
#6614 = LINE ( 'NONE', #699, #3287 ) ;
#6615 = CARTESIAN_POINT ( 'NONE',  ( 370.0000000000000000, 80.00000000000000000, 2.999999999999994671 ) ) ;
#6616 = ORIENTED_EDGE ( 'NONE', *, *, #2191, .F. ) ;
#6617 = AXIS2_PLACEMENT_3D ( 'NONE', #2202, #4951, #2257 ) ;
#6618 =( NAMED_UNIT ( * ) SI_UNIT ( $, .STERADIAN. ) SOLID_ANGLE_UNIT ( ) );
#6619 = DIRECTION ( 'NONE',  ( -1.000000000000000000, 0.000000000000000000, 0.000000000000000000 ) ) ;
#6620 = CIRCLE ( 'NONE', #6661, 3.000000000000009770 ) ;
#6621 = ORIENTED_EDGE ( 'NONE', *, *, #5318, .T. ) ;
#6622 = EDGE_CURVE ( 'NONE', #3009, #2608, #5990, .T. ) ;
#6623 = VECTOR ( 'NONE', #3831, 1000.000000000000000 ) ;
#6624 = EDGE_LOOP ( 'NONE', ( #3450, #781, #3187, #3025 ) ) ;
#6625 = CARTESIAN_POINT ( 'NONE',  ( 111.2426406871194473, 92.75735931288359382, 11.99999999999999822 ) ) ;
#6626 = AXIS2_PLACEMENT_3D ( 'NONE', #4970, #571, #1764 ) ;
#6627 = ADVANCED_FACE ( 'NONE', ( #1646 ), #3801, .T. ) ;
#6628 = DIRECTION ( 'NONE',  ( 0.000000000000000000, 0.000000000000000000, 1.000000000000000000 ) ) ;
#6629 = DIRECTION ( 'NONE',  ( 0.7071067811865522357, -3.304593912986816060E-33, -0.7071067811865429098 ) ) ;
#6630 = LINE ( 'NONE', #4415, #2615 ) ;
#6631 = ORIENTED_EDGE ( 'NONE', *, *, #3735, .F. ) ;
#6632 = VECTOR ( 'NONE', #6239, 1000.000000000000000 ) ;
#6633 = AXIS2_PLACEMENT_3D ( 'NONE', #1056, #3275, #6521 ) ;
#6634 = CARTESIAN_POINT ( 'NONE',  ( 0.000000000000000000, 0.000000000000000000, 0.000000000000000000 ) ) ;
#6635 = EDGE_CURVE ( 'NONE', #4882, #4906, #3094, .T. ) ;
#6636 = LINE ( 'NONE', #2217, #2792 ) ;
#6637 = LINE ( 'NONE', #187, #1087 ) ;
#6638 = AXIS2_PLACEMENT_3D ( 'NONE', #2814, #3905, #4513 ) ;
#6639 = CARTESIAN_POINT ( 'NONE',  ( 180.7018575878153968, 724.9999999999998863, 3.580474560965690500 ) ) ;
#6640 = DIRECTION ( 'NONE',  ( -1.000000000000000000, 0.000000000000000000, 1.899384981211278352E-46 ) ) ;
#6641 = AXIS2_PLACEMENT_3D ( 'NONE', #5108, #754, #3538 ) ;
#6642 = EDGE_CURVE ( 'NONE', #1338, #2400, #6257, .T. ) ;
#6643 = LINE ( 'NONE', #6818, #1269 ) ;
#6644 = SURFACE_STYLE_USAGE ( .BOTH. , #1101 ) ;
#6645 = CIRCLE ( 'NONE', #5929, 3.000000000000002665 ) ;
#6646 = DIRECTION ( 'NONE',  ( -0.000000000000000000, -0.000000000000000000, 1.000000000000000000 ) ) ;
#6647 = CIRCLE ( 'NONE', #1750, 2.999999999999994671 ) ;
#6648 = FACE_OUTER_BOUND ( 'NONE', #3473, .T. ) ;
#6649 = CARTESIAN_POINT ( 'NONE',  ( 107.0000000000000000, 97.00000000000497380, 11.99999999999999822 ) ) ;
#6650 = CARTESIAN_POINT ( 'NONE',  ( -242.0000000000000000, 55.00000000000000000, -2.999999999999994671 ) ) ;
#6651 = CARTESIAN_POINT ( 'NONE',  ( 67.50000000000133582, 266.0000000000000000, 18.00000000000000000 ) ) ;
#6652 = CARTESIAN_POINT ( 'NONE',  ( 58.01941254751481836, 5.421010862427522170E-17, 16.00000000000000000 ) ) ;
#6653 = VECTOR ( 'NONE', #5191, 1000.000000000000000 ) ;
#6654 = CYLINDRICAL_SURFACE ( 'NONE', #1508, 2.999999999999891642 ) ;
#6655 = ADVANCED_FACE ( 'NONE', ( #2235 ), #56, .F. ) ;
#6656 = AXIS2_PLACEMENT_3D ( 'NONE', #1578, #2120, #5939 ) ;
#6657 = ADVANCED_FACE ( 'NONE', ( #277 ), #6930, .F. ) ;
#6658 = PRESENTATION_STYLE_ASSIGNMENT (( #1581 ) ) ;
#6659 = EDGE_LOOP ( 'NONE', ( #4540, #18, #1996, #3526 ) ) ;
#6660 = CARTESIAN_POINT ( 'NONE',  ( 41.53736941658080184, -7.225259684586740505, 15.00000000000000000 ) ) ;
#6661 = AXIS2_PLACEMENT_3D ( 'NONE', #4279, #4812, #7057 ) ;
#6662 = EDGE_CURVE ( 'NONE', #6555, #1727, #3529, .T. ) ;
#6663 = DIRECTION ( 'NONE',  ( 1.665334536937734811E-16, 0.000000000000000000, 1.000000000000000222 ) ) ;
#6664 = EDGE_CURVE ( 'NONE', #3341, #5884, #1907, .T. ) ;
#6665 = ORIENTED_EDGE ( 'NONE', *, *, #1642, .F. ) ;
#6666 = AXIS2_PLACEMENT_3D ( 'NONE', #4449, #5000, #4574 ) ;
#6667 = DIRECTION ( 'NONE',  ( 0.000000000000000000, 1.000000000000000000, 0.000000000000000000 ) ) ;
#6668 = CARTESIAN_POINT ( 'NONE',  ( 0.000000000000000000, 18.00000000000000000, 170.0000000000000568 ) ) ;
#6669 = ORIENTED_EDGE ( 'NONE', *, *, #4947, .F. ) ;
#6670 = EDGE_CURVE ( 'NONE', #4489, #6853, #4798, .T. ) ;
#6671 = ORIENTED_EDGE ( 'NONE', *, *, #2332, .T. ) ;
#6672 = AXIS2_PLACEMENT_3D ( 'NONE', #1999, #2619, #1451 ) ;
#6673 = ORIENTED_EDGE ( 'NONE', *, *, #2063, .T. ) ;
#6674 = AXIS2_PLACEMENT_3D ( 'NONE', #1778, #3859, #581 ) ;
#6675 = EDGE_LOOP ( 'NONE', ( #6665, #3619 ) ) ;
#6676 = CARTESIAN_POINT ( 'NONE',  ( 1050.000000000000000, 576.0000000000002274, 18.00000000000000000 ) ) ;
#6677 = ORIENTED_EDGE ( 'NONE', *, *, #272, .F. ) ;
#6678 = CIRCLE ( 'NONE', #349, 2.500000000000015987 ) ;
#6679 = ORIENTED_EDGE ( 'NONE', *, *, #459, .F. ) ;
#6680 = EDGE_CURVE ( 'NONE', #5563, #5413, #1732, .T. ) ;
#6681 = ORIENTED_EDGE ( 'NONE', *, *, #3911, .F. ) ;
#6682 = CARTESIAN_POINT ( 'NONE',  ( 550.0000000000013642, -80.00000000000000000, 59.99999999999982947 ) ) ;
#6683 = ORIENTED_EDGE ( 'NONE', *, *, #2275, .F. ) ;
#6684 = ADVANCED_FACE ( 'NONE', ( #1311 ), #5906, .F. ) ;
#6685 = FACE_OUTER_BOUND ( 'NONE', #6245, .T. ) ;
#6686 = VERTEX_POINT ( 'NONE', #1209 ) ;
#6687 = ORIENTED_EDGE ( 'NONE', *, *, #3566, .T. ) ;
#6688 = CARTESIAN_POINT ( 'NONE',  ( 0.000000000000000000, 0.000000000000000000, 31.00000000000000000 ) ) ;
#6689 = DIRECTION ( 'NONE',  ( 0.000000000000000000, 1.000000000000000000, 0.000000000000000000 ) ) ;
#6690 = ADVANCED_FACE ( 'NONE', ( #5489 ), #1767, .T. ) ;
#6691 = ORIENTED_EDGE ( 'NONE', *, *, #5493, .F. ) ;
#6692 = DIRECTION ( 'NONE',  ( -0.000000000000000000, -0.000000000000000000, -1.000000000000000000 ) ) ;
#6693 = LINE ( 'NONE', #3644, #5248 ) ;
#6694 = DIRECTION ( 'NONE',  ( -0.000000000000000000, -0.000000000000000000, -1.000000000000000000 ) ) ;
#6695 = CARTESIAN_POINT ( 'NONE',  ( 54.00000000000002132, 640.0000000000000000, 0.000000000000000000 ) ) ;
#6696 = STYLED_ITEM ( 'NONE', ( #120 ), #5314 ) ;
#6697 = ORIENTED_EDGE ( 'NONE', *, *, #4668, .T. ) ;
#6698 = VERTEX_POINT ( 'NONE', #3453 ) ;
#6699 = ORIENTED_EDGE ( 'NONE', *, *, #2819, .F. ) ;
#6700 = CARTESIAN_POINT ( 'NONE',  ( 183.9395984443614793, 730.0000000000000000, 9.500000000000000000 ) ) ;
#6701 = DIRECTION ( 'NONE',  ( -0.000000000000000000, -0.000000000000000000, 1.000000000000000000 ) ) ;
#6702 = LINE ( 'NONE', #3571, #5254 ) ;
#6703 = VERTEX_POINT ( 'NONE', #1240 ) ;
#6704 = CYLINDRICAL_SURFACE ( 'NONE', #339, 2.499999999999946709 ) ;
#6705 = DIRECTION ( 'NONE',  ( -1.000000000000000000, 0.000000000000000000, 0.000000000000000000 ) ) ;
#6706 = DIRECTION ( 'NONE',  ( -0.000000000000000000, -0.000000000000000000, -1.000000000000000000 ) ) ;
#6707 = CARTESIAN_POINT ( 'NONE',  ( 0.000000000000000000, 0.000000000000000000, 0.000000000000000000 ) ) ;
#6708 = CIRCLE ( 'NONE', #363, 5.999999999999950262 ) ;
#6709 = ORIENTED_EDGE ( 'NONE', *, *, #5622, .F. ) ;
#6710 = AXIS2_PLACEMENT_3D ( 'NONE', #2451, #1950, #2993 ) ;
#6711 = CIRCLE ( 'NONE', #733, 2.499999999999946709 ) ;
#6712 = UNCERTAINTY_MEASURE_WITH_UNIT (LENGTH_MEASURE( 1.000000000000000082E-05 ), #2216, 'distance_accuracy_value', 'NONE');
#6713 = APPLICATION_CONTEXT ( 'automotive_design' ) ;
#6714 = LINE ( 'NONE', #7009, #5186 ) ;
#6715 = ORIENTED_EDGE ( 'NONE', *, *, #1178, .F. ) ;
#6716 = CARTESIAN_POINT ( 'NONE',  ( 107.0000000000000000, 97.00000000000497380, 11.99999999999999822 ) ) ;
#6717 = LINE ( 'NONE', #6103, #6295 ) ;
#6718 = DIRECTION ( 'NONE',  ( 0.000000000000000000, 0.000000000000000000, 1.000000000000000000 ) ) ;
#6719 = DIRECTION ( 'NONE',  ( -0.7071067811865489050, -0.7071067811865462405, 4.599921266332802492E-32 ) ) ;
#6720 = AXIS2_PLACEMENT_3D ( 'NONE', #5868, #428, #4250 ) ;
#6721 = DIRECTION ( 'NONE',  ( 0.000000000000000000, 1.000000000000000000, 0.000000000000000000 ) ) ;
#6722 = LINE ( 'NONE', #5695, #2033 ) ;
#6723 = AXIS2_PLACEMENT_3D ( 'NONE', #4814, #525, #3756 ) ;
#6724 = DIRECTION ( 'NONE',  ( 1.000000000000000000, 0.000000000000000000, 0.000000000000000000 ) ) ;
#6725 = CYLINDRICAL_SURFACE ( 'NONE', #44, 2.500000000000002220 ) ;
#6726 = ADVANCED_FACE ( 'NONE', ( #7007 ), #5570, .F. ) ;
#6727 = EDGE_CURVE ( 'NONE', #5899, #1138, #4719, .T. ) ;
#6728 = EDGE_CURVE ( 'NONE', #1115, #1136, #4459, .T. ) ;
#6729 = CARTESIAN_POINT ( 'NONE',  ( 70.00000000000135003, 266.0000000000000000, 18.00000000000000000 ) ) ;
#6730 = DIRECTION ( 'NONE',  ( -0.000000000000000000, -0.000000000000000000, -1.000000000000000000 ) ) ;
#6731 = VECTOR ( 'NONE', #2731, 1000.000000000000000 ) ;
#6732 = VECTOR ( 'NONE', #1406, 1000.000000000000000 ) ;
#6733 = ADVANCED_FACE ( 'NONE', ( #2667 ), #3969, .F. ) ;
#6734 = AXIS2_PLACEMENT_3D ( 'NONE', #5540, #2439, #4024 ) ;
#6735 = AXIS2_PLACEMENT_3D ( 'NONE', #1670, #2734, #1114 ) ;
#6736 = APPLICATION_CONTEXT ( 'automotive_design' ) ;
#6737 = VECTOR ( 'NONE', #5957, 1000.000000000000000 ) ;
#6738 = FACE_OUTER_BOUND ( 'NONE', #6170, .T. ) ;
#6739 = CARTESIAN_POINT ( 'NONE',  ( 63.09449189287384741, 0.000000000000000000, 0.000000000000000000 ) ) ;
#6740 = CARTESIAN_POINT ( 'NONE',  ( 72.87005768508954873, 66.87005768508768710, 18.00000000000000000 ) ) ;
#6741 = CARTESIAN_POINT ( 'NONE',  ( 109.9999999999999858, 109.9999999999999858, 30.00000000000000711 ) ) ;
#6742 = CIRCLE ( 'NONE', #6318, 4.000000000000003553 ) ;
#6743 = VECTOR ( 'NONE', #3282, 1000.000000000000000 ) ;
#6744 = CARTESIAN_POINT ( 'NONE',  ( 1046.000000000000000, 640.0000000000000000, 11.99999999999999822 ) ) ;
#6745 = CARTESIAN_POINT ( 'NONE',  ( 1023.129942314910522, 613.1299423149123413, 0.000000000000000000 ) ) ;
#6746 = CARTESIAN_POINT ( 'NONE',  ( 107.0000000000000000, 583.0000000000048885, 18.00000000000000000 ) ) ;
#6747 = CARTESIAN_POINT ( 'NONE',  ( 242.0000000000000000, 80.00000000000000000, 2.999999999999994671 ) ) ;
#6748 = VERTEX_POINT ( 'NONE', #151 ) ;
#6749 = DIRECTION ( 'NONE',  ( 0.000000000000000000, 0.000000000000000000, 1.000000000000000000 ) ) ;
#6750 = AXIS2_PLACEMENT_3D ( 'NONE', #1433, #4503, #5782 ) ;
#6751 = DIRECTION ( 'NONE',  ( 4.318084277547222313E-78, 1.000000000000000000, -2.255519665188392192E-46 ) ) ;
#6752 = CARTESIAN_POINT ( 'NONE',  ( 0.000000000000000000, 50.00000000000004263, 15.00000000000000000 ) ) ;
#6753 = EDGE_LOOP ( 'NONE', ( #4787, #90, #280, #3175 ) ) ;
#6754 = EDGE_CURVE ( 'NONE', #1338, #5510, #3940, .T. ) ;
#6755 = EDGE_LOOP ( 'NONE', ( #4636, #4789 ) ) ;
#6756 = DIRECTION ( 'NONE',  ( 0.7071067811865524577, 4.025281146911807258E-16, -0.7071067811865426878 ) ) ;
#6757 = EDGE_CURVE ( 'NONE', #4458, #2833, #1040, .T. ) ;
#6758 = DIRECTION ( 'NONE',  ( 0.000000000000000000, 0.000000000000000000, 1.000000000000000000 ) ) ;
#6759 = ADVANCED_FACE ( 'NONE', ( #3352 ), #2374, .T. ) ;
#6760 = EDGE_LOOP ( 'NONE', ( #3516, #3599, #3285, #5163 ) ) ;
#6761 = VERTEX_POINT ( 'NONE', #3992 ) ;
#6762 = DIRECTION ( 'NONE',  ( -1.000000000000000000, 0.000000000000000000, 0.000000000000000000 ) ) ;
#6763 = CARTESIAN_POINT ( 'NONE',  ( 1054.000000000000000, 40.00000000000003553, 11.99999999999999822 ) ) ;
#6764 = DIRECTION ( 'NONE',  ( 0.000000000000000000, 0.000000000000000000, 1.000000000000000000 ) ) ;
#6765 = ORIENTED_EDGE ( 'NONE', *, *, #216, .T. ) ;
#6766 = ADVANCED_FACE ( 'NONE', ( #2319 ), #2971, .F. ) ;
#6767 = DIRECTION ( 'NONE',  ( -0.000000000000000000, -0.000000000000000000, 1.000000000000000000 ) ) ;
#6768 = ORIENTED_EDGE ( 'NONE', *, *, #900, .T. ) ;
#6769 = EDGE_CURVE ( 'NONE', #4607, #3640, #5233, .T. ) ;
#6770 = ORIENTED_EDGE ( 'NONE', *, *, #4352, .F. ) ;
#6771 = DIRECTION ( 'NONE',  ( 0.000000000000000000, 0.000000000000000000, 1.000000000000000000 ) ) ;
#6772 = VERTEX_POINT ( 'NONE', #1333 ) ;
#6773 = CIRCLE ( 'NONE', #2685, 3.000000000000002665 ) ;
#6774 = AXIS2_PLACEMENT_3D ( 'NONE', #6469, #427, #5397 ) ;
#6775 = AXIS2_PLACEMENT_3D ( 'NONE', #1222, #5585, #2305 ) ;
#6776 = ORIENTED_EDGE ( 'NONE', *, *, #2690, .T. ) ;
#6777 = EDGE_CURVE ( 'NONE', #4042, #3949, #2282, .T. ) ;
#6778 = DIRECTION ( 'NONE',  ( 0.7071067811865779928, 0.7071067811865170416, -0.000000000000000000 ) ) ;
#6779 = VERTEX_POINT ( 'NONE', #2472 ) ;
#6780 = ORIENTED_EDGE ( 'NONE', *, *, #1427, .T. ) ;
#6781 = DIRECTION ( 'NONE',  ( -0.000000000000000000, -0.000000000000000000, -1.000000000000000000 ) ) ;
#6782 = VECTOR ( 'NONE', #6692, 1000.000000000000000 ) ;
#6783 = CARTESIAN_POINT ( 'NONE',  ( 58.01941254751481836, 5.421010862427522170E-17, 16.00000000000000000 ) ) ;
#6784 = ORIENTED_EDGE ( 'NONE', *, *, #1538, .T. ) ;
#6785 = EDGE_CURVE ( 'NONE', #3592, #2956, #6678, .T. ) ;
#6786 = ORIENTED_EDGE ( 'NONE', *, *, #6116, .T. ) ;
#6787 = PLANE ( 'NONE',  #6952 ) ;
#6788 = ORIENTED_EDGE ( 'NONE', *, *, #314, .T. ) ;
#6789 = FACE_BOUND ( 'NONE', #285, .T. ) ;
#6790 = ORIENTED_EDGE ( 'NONE', *, *, #5211, .T. ) ;
#6791 = FACE_BOUND ( 'NONE', #4541, .T. ) ;
#6792 = VERTEX_POINT ( 'NONE', #4597 ) ;
#6793 = DIRECTION ( 'NONE',  ( -1.000000000000000000, 0.000000000000000000, 0.000000000000000000 ) ) ;
#6794 = CARTESIAN_POINT ( 'NONE',  ( 550.0000000000000000, 510.0000000000000000, 18.00000000000000000 ) ) ;
#6795 = CARTESIAN_POINT ( 'NONE',  ( 1073.242640687119774, 654.7573593128788616, 18.00000000000000000 ) ) ;
#6796 = CARTESIAN_POINT ( 'NONE',  ( 1029.999999999998408, 414.0000000000002274, 18.00000000000000000 ) ) ;
#6797 = LINE ( 'NONE', #3719, #5346 ) ;
#6798 = ORIENTED_EDGE ( 'NONE', *, *, #6224, .T. ) ;
#6799 = LINE ( 'NONE', #6579, #723 ) ;
#6800 = VERTEX_POINT ( 'NONE', #6744 ) ;
#6801 = CARTESIAN_POINT ( 'NONE',  ( 791.9999999999987494, 620.0000000000002274, 18.00000000000000000 ) ) ;
#6802 = ADVANCED_FACE ( 'NONE', ( #2195 ), #1523, .F. ) ;
#6803 = LINE ( 'NONE', #6153, #6026 ) ;
#6804 = VERTEX_POINT ( 'NONE', #4108 ) ;
#6805 = EDGE_CURVE ( 'NONE', #6585, #2081, #649, .T. ) ;
#6806 = FACE_OUTER_BOUND ( 'NONE', #6344, .T. ) ;
#6807 = EDGE_CURVE ( 'NONE', #106, #2934, #1181, .T. ) ;
#6808 = CARTESIAN_POINT ( 'NONE',  ( 1032.999999999998636, 510.0000000000001137, 18.00000000000000000 ) ) ;
#6809 = AXIS2_PLACEMENT_3D ( 'NONE', #4829, #1558, #2635 ) ;
#6810 = FACE_OUTER_BOUND ( 'NONE', #2773, .T. ) ;
#6811 = VECTOR ( 'NONE', #2574, 1000.000000000000000 ) ;
#6812 = CARTESIAN_POINT ( 'NONE',  ( 917.4999999999986358, 652.0000000000002274, 18.00000000000000000 ) ) ;
#6813 = DIRECTION ( 'NONE',  ( 0.000000000000000000, 1.000000000000000000, 0.000000000000000000 ) ) ;
#6814 = LINE ( 'NONE', #4628, #327 ) ;
#6815 = DIRECTION ( 'NONE',  ( 4.318084277547222313E-78, 1.000000000000000000, 2.255519665188393748E-46 ) ) ;
#6816 = VECTOR ( 'NONE', #3150, 1000.000000000000000 ) ;
#6817 = CARTESIAN_POINT ( 'NONE',  ( 99.51915006111077844, 725.0000000000000000, 6.123233995736914194E-16 ) ) ;
#6818 = CARTESIAN_POINT ( 'NONE',  ( 273.5000000000014779, 620.0000000000002274, 18.00000000000000000 ) ) ;
#6819 = CIRCLE ( 'NONE', #771, 2.500000000000002220 ) ;
#6820 = PRESENTATION_STYLE_ASSIGNMENT (( #345 ) ) ;
#6821 = EDGE_CURVE ( 'NONE', #6800, #713, #5703, .T. ) ;
#6822 = CARTESIAN_POINT ( 'NONE',  ( 110.0000000000000995, 0.000000000000000000, 30.00000000000000711 ) ) ;
#6823 = DIRECTION ( 'NONE',  ( 0.000000000000000000, 0.000000000000000000, 1.000000000000000000 ) ) ;
#6824 = LINE ( 'NONE', #473, #6054 ) ;
#6825 = ORIENTED_EDGE ( 'NONE', *, *, #4276, .T. ) ;
#6826 = DIRECTION ( 'NONE',  ( 0.000000000000000000, 0.000000000000000000, 1.000000000000000000 ) ) ;
#6827 = ADVANCED_FACE ( 'NONE', ( #6216 ), #1695, .F. ) ;
#6828 = FACE_OUTER_BOUND ( 'NONE', #6939, .T. ) ;
#6829 = ORIENTED_EDGE ( 'NONE', *, *, #3092, .T. ) ;
#6830 = AXIS2_PLACEMENT_3D ( 'NONE', #144, #734, #6137 ) ;
#6831 = CARTESIAN_POINT ( 'NONE',  ( 180.0000000000015064, 27.99999999999980105, 18.00000000000000000 ) ) ;
#6832 = CARTESIAN_POINT ( 'NONE',  ( 70.00000000000135003, 510.0000000000001137, 18.00000000000000000 ) ) ;
#6833 = DIRECTION ( 'NONE',  ( -1.000000000000000000, 0.000000000000000000, 0.000000000000000000 ) ) ;
#6834 = CARTESIAN_POINT ( 'NONE',  ( 997.2426406871200015, 101.2426406871217921, 11.99999999999999822 ) ) ;
#6835 = CARTESIAN_POINT ( 'NONE',  ( 1026.999999999998863, 382.0000000000000568, 18.00000000000000000 ) ) ;
#6836 = ORIENTED_EDGE ( 'NONE', *, *, #4325, .T. ) ;
#6837 = EDGE_LOOP ( 'NONE', ( #5901, #3203 ) ) ;
#6838 = DIRECTION ( 'NONE',  ( -1.000000000000000000, 0.000000000000000000, 0.000000000000000000 ) ) ;
#6839 = VERTEX_POINT ( 'NONE', #4616 ) ;
#6840 = AXIS2_PLACEMENT_3D ( 'NONE', #3158, #2595, #5949 ) ;
#6841 = CARTESIAN_POINT ( 'NONE',  ( 997.2426406871200015, 101.2426406871217921, 11.99999999999999822 ) ) ;
#6842 = ORIENTED_EDGE ( 'NONE', *, *, #4054, .F. ) ;
#6843 = DIRECTION ( 'NONE',  ( 0.000000000000000000, 0.000000000000000000, 1.000000000000000000 ) ) ;
#6844 = DIRECTION ( 'NONE',  ( -1.000000000000000000, -0.000000000000000000, -0.000000000000000000 ) ) ;
#6845 = EDGE_LOOP ( 'NONE', ( #5655, #4354, #2573, #2226 ) ) ;
#6846 = EDGE_CURVE ( 'NONE', #82, #4122, #3137, .T. ) ;
#6847 = EDGE_LOOP ( 'NONE', ( #1292, #3663, #5382, #268 ) ) ;
#6848 = AXIS2_PLACEMENT_3D ( 'NONE', #3115, #6922, #6949 ) ;
#6849 = ORIENTED_EDGE ( 'NONE', *, *, #863, .F. ) ;
#6850 = CIRCLE ( 'NONE', #3772, 4.000000000000003553 ) ;
#6851 = VERTEX_POINT ( 'NONE', #251 ) ;
#6852 = AXIS2_PLACEMENT_3D ( 'NONE', #3637, #6454, #6405 ) ;
#6853 = VERTEX_POINT ( 'NONE', #4088 ) ;
#6854 = VERTEX_POINT ( 'NONE', #5664 ) ;
#6855 = PLANE ( 'NONE',  #2909 ) ;
#6856 = CARTESIAN_POINT ( 'NONE',  ( -2.149836661387515751E-17, -1.846330309191697333E-16, 15.00000000000000000 ) ) ;
#6857 = ORIENTED_EDGE ( 'NONE', *, *, #135, .T. ) ;
#6858 = EDGE_CURVE ( 'NONE', #4544, #5810, #999, .T. ) ;
#6859 = VERTEX_POINT ( 'NONE', #6817 ) ;
#6860 = EDGE_CURVE ( 'NONE', #4744, #4383, #2373, .T. ) ;
#6861 = CARTESIAN_POINT ( 'NONE',  ( 3.673940397442056910E-16, 18.00000000000000000, 173.0000000000000568 ) ) ;
#6862 = ADVANCED_FACE ( 'NONE', ( #3900 ), #3500, .F. ) ;
#6863 = ORIENTED_EDGE ( 'NONE', *, *, #1888, .T. ) ;
#6864 = AXIS2_PLACEMENT_3D ( 'NONE', #5282, #2018, #1445 ) ;
#6865 = ORIENTED_EDGE ( 'NONE', *, *, #6186, .F. ) ;
#6866 = CIRCLE ( 'NONE', #156, 2.499999999999946709 ) ;
#6867 = AXIS2_PLACEMENT_3D ( 'NONE', #5115, #5071, #1809 ) ;
#6868 = ORIENTED_EDGE ( 'NONE', *, *, #3305, .F. ) ;
#6869 = DIRECTION ( 'NONE',  ( -0.000000000000000000, -0.000000000000000000, -1.000000000000000000 ) ) ;
#6870 = ORIENTED_EDGE ( 'NONE', *, *, #3579, .F. ) ;
#6871 = DIRECTION ( 'NONE',  ( -0.000000000000000000, -0.000000000000000000, -1.000000000000000000 ) ) ;
#6872 = VECTOR ( 'NONE', #2696, 1000.000000000000000 ) ;
#6873 = ORIENTED_EDGE ( 'NONE', *, *, #4736, .T. ) ;
#6874 = FACE_BOUND ( 'NONE', #2127, .T. ) ;
#6875 = ORIENTED_EDGE ( 'NONE', *, *, #618, .T. ) ;
#6876 = CARTESIAN_POINT ( 'NONE',  ( -466.5000000000000000, 80.00000000000000000, 9.000000000000007105 ) ) ;
#6877 = ORIENTED_EDGE ( 'NONE', *, *, #3659, .T. ) ;
#6878 = DIRECTION ( 'NONE',  ( 0.000000000000000000, 1.000000000000000000, 0.000000000000000000 ) ) ;
#6879 = DIRECTION ( 'NONE',  ( 1.000000000000000000, 0.000000000000000000, 0.000000000000000000 ) ) ;
#6880 = DIRECTION ( 'NONE',  ( 1.000000000000000000, 0.000000000000000000, 0.000000000000000000 ) ) ;
#6881 = LINE ( 'NONE', #69, #3046 ) ;
#6882 = DIRECTION ( 'NONE',  ( 0.000000000000000000, 0.000000000000000000, 1.000000000000000000 ) ) ;
#6883 = AXIS2_PLACEMENT_3D ( 'NONE', #774, #6225, #6323 ) ;
#6884 = FACE_OUTER_BOUND ( 'NONE', #5411, .T. ) ;
#6885 = DIRECTION ( 'NONE',  ( 0.000000000000000000, 1.000000000000000000, 0.000000000000000000 ) ) ;
#6886 = EDGE_CURVE ( 'NONE', #6839, #3322, #5742, .T. ) ;
#6887 = DIRECTION ( 'NONE',  ( -1.000000000000000000, 0.000000000000000000, 0.000000000000000000 ) ) ;
#6888 = LINE ( 'NONE', #6856, #402 ) ;
#6889 = LINE ( 'NONE', #1805, #403 ) ;
#6890 = AXIS2_PLACEMENT_3D ( 'NONE', #196, #1265, #6120 ) ;
#6891 = CIRCLE ( 'NONE', #3309, 2.500000000000002220 ) ;
#6892 = DIRECTION ( 'NONE',  ( 0.000000000000000000, 0.000000000000000000, -1.000000000000000000 ) ) ;
#6893 = DIRECTION ( 'NONE',  ( 0.000000000000000000, -0.000000000000000000, 1.000000000000000000 ) ) ;
#6894 = EDGE_CURVE ( 'NONE', #6853, #945, #3734, .T. ) ;
#6895 = DIRECTION ( 'NONE',  ( 0.000000000000000000, 0.000000000000000000, 1.000000000000000000 ) ) ;
#6896 = LINE ( 'NONE', #6287, #6314 ) ;
#6897 = LINE ( 'NONE', #952, #334 ) ;
#6898 = CARTESIAN_POINT ( 'NONE',  ( 273.5000000000014779, 59.99999999999982947, 0.000000000000000000 ) ) ;
#6899 = AXIS2_PLACEMENT_3D ( 'NONE', #2538, #1491, #1533 ) ;
#6900 = MECHANICAL_DESIGN_GEOMETRIC_PRESENTATION_REPRESENTATION (  '', ( #2980 ), #6275 ) ;
#6901 = EDGE_CURVE ( 'NONE', #507, #1557, #4679, .T. ) ;
#6902 = CARTESIAN_POINT ( 'NONE',  ( 180.0000000000016200, 620.0000000000002274, 0.000000000000000000 ) ) ;
#6903 = CARTESIAN_POINT ( 'NONE',  ( 184.9999999999999432, 730.0000000000000000, 16.00000000000000000 ) ) ;
#6904 = SURFACE_STYLE_FILL_AREA ( #1019 ) ;
#6905 = LINE ( 'NONE', #3991, #2983 ) ;
#6906 = EDGE_CURVE ( 'NONE', #2421, #4271, #4758, .T. ) ;
#6907 = CARTESIAN_POINT ( 'NONE',  ( -42.00000000000003553, 54.99999999999999289, 1.387778780781445676E-14 ) ) ;
#6908 = VERTEX_POINT ( 'NONE', #3131 ) ;
#6909 = ORIENTED_EDGE ( 'NONE', *, *, #6901, .T. ) ;
#6910 = CONTEXT_DEPENDENT_SHAPE_REPRESENTATION ( #5187, #1296 ) ;
#6911 = DIRECTION ( 'NONE',  ( 0.000000000000000000, 0.000000000000000000, 1.000000000000000000 ) ) ;
#6912 = ORIENTED_EDGE ( 'NONE', *, *, #119, .T. ) ;
#6913 = CARTESIAN_POINT ( 'NONE',  ( 550.0000000000000000, 169.9999999999999716, 18.00000000000000000 ) ) ;
#6914 = CARTESIAN_POINT ( 'NONE',  ( -466.5000000000000000, 0.000000000000000000, 9.000000000000007105 ) ) ;
#6915 = ORIENTED_EDGE ( 'NONE', *, *, #5977, .T. ) ;
#6916 = ORIENTED_EDGE ( 'NONE', *, *, #1660, .F. ) ;
#6917 = DIRECTION ( 'NONE',  ( 4.318084277547222313E-78, 1.000000000000000000, 2.255519665188393748E-46 ) ) ;
#6918 = ORIENTED_EDGE ( 'NONE', *, *, #5342, .T. ) ;
#6919 = DIRECTION ( 'NONE',  ( -0.000000000000000000, -0.000000000000000000, -1.000000000000000000 ) ) ;
#6920 = EDGE_CURVE ( 'NONE', #5843, #2848, #2040, .T. ) ;
#6921 = ORIENTED_EDGE ( 'NONE', *, *, #618, .F. ) ;
#6922 = DIRECTION ( 'NONE',  ( -1.000000000000000000, 0.000000000000000000, 1.899384981211278352E-46 ) ) ;
#6923 = EDGE_CURVE ( 'NONE', #3180, #3460, #3651, .T. ) ;
#6924 = ORIENTED_EDGE ( 'NONE', *, *, #50, .F. ) ;
#6925 = DIRECTION ( 'NONE',  ( 0.000000000000000000, 0.000000000000000000, 1.000000000000000000 ) ) ;
#6926 = AXIS2_PLACEMENT_3D ( 'NONE', #6316, #3657, #5800 ) ;
#6927 = DIRECTION ( 'NONE',  ( 0.000000000000000000, 0.000000000000000000, -1.000000000000000000 ) ) ;
#6928 = ORIENTED_EDGE ( 'NONE', *, *, #1883, .T. ) ;
#6929 = EDGE_LOOP ( 'NONE', ( #5501, #342, #6959, #5640 ) ) ;
#6930 = CYLINDRICAL_SURFACE ( 'NONE', #5642, 4.000000000000003553 ) ;
#6931 = VERTEX_POINT ( 'NONE', #3636 ) ;
#6932 = ORIENTED_EDGE ( 'NONE', *, *, #4786, .F. ) ;
#6933 = EDGE_LOOP ( 'NONE', ( #2470, #6456, #2493, #519 ) ) ;
#6934 = CIRCLE ( 'NONE', #2124, 3.000000000000002665 ) ;
#6935 = EDGE_LOOP ( 'NONE', ( #7016, #5080 ) ) ;
#6936 = DIRECTION ( 'NONE',  ( 0.000000000000000000, 0.000000000000000000, 1.000000000000000000 ) ) ;
#6937 = STYLED_ITEM ( 'NONE', ( #128 ), #2992 ) ;
#6938 = DIRECTION ( 'NONE',  ( 0.000000000000000000, 1.000000000000000000, 0.000000000000000000 ) ) ;
#6939 = EDGE_LOOP ( 'NONE', ( #3804, #6192, #464, #73 ) ) ;
#6940 = ORIENTED_EDGE ( 'NONE', *, *, #6985, .F. ) ;
#6941 = PLANE ( 'NONE',  #1638 ) ;
#6942 = FACE_BOUND ( 'NONE', #1309, .T. ) ;
#6943 = ORIENTED_EDGE ( 'NONE', *, *, #272, .T. ) ;
#6944 = ORIENTED_EDGE ( 'NONE', *, *, #6430, .T. ) ;
#6945 = FACE_BOUND ( 'NONE', #6755, .T. ) ;
#6946 = EDGE_CURVE ( 'NONE', #1226, #4827, #2803, .T. ) ;
#6947 = ORIENTED_EDGE ( 'NONE', *, *, #3911, .T. ) ;
#6948 = EDGE_CURVE ( 'NONE', #1560, #1924, #2459, .T. ) ;
#6949 = DIRECTION ( 'NONE',  ( -1.899384981211278741E-46, 0.000000000000000000, 1.000000000000000000 ) ) ;
#6950 = PRODUCT ( 'A000557-FAJASXXXLARG', 'A000557-FAJASXXXLARG', '', ( #2363 ) ) ;
#6951 = CIRCLE ( 'NONE', #6357, 5.999999999999880096 ) ;
#6952 = AXIS2_PLACEMENT_3D ( 'NONE', #291, #3515, #243 ) ;
#6953 = ORIENTED_EDGE ( 'NONE', *, *, #3659, .F. ) ;
#6954 = DIRECTION ( 'NONE',  ( -0.7071067811865774377, -0.7071067811865175967, 0.000000000000000000 ) ) ;
#6955 = CIRCLE ( 'NONE', #6656, 2.999999999999996003 ) ;
#6956 = ORIENTED_EDGE ( 'NONE', *, *, #5221, .F. ) ;
#6957 = CARTESIAN_POINT ( 'NONE',  ( 106.9999999999999005, 690.0000000000000000, 18.49999999999998579 ) ) ;
#6958 = CIRCLE ( 'NONE', #3475, 2.500000000000002220 ) ;
#6959 = ORIENTED_EDGE ( 'NONE', *, *, #1026, .T. ) ;
#6960 = LINE ( 'NONE', #5140, #6458 ) ;
#6961 = DIRECTION ( 'NONE',  ( 0.000000000000000000, 0.000000000000000000, 1.000000000000000000 ) ) ;
#6962 = ADVANCED_FACE ( 'NONE', ( #4246 ), #5307, .F. ) ;
#6963 = DIRECTION ( 'NONE',  ( 0.000000000000000000, 0.000000000000000000, 1.000000000000000000 ) ) ;
#6964 = CARTESIAN_POINT ( 'NONE',  ( 278.5000000000014779, 620.0000000000002274, 18.00000000000000000 ) ) ;
#6965 = CIRCLE ( 'NONE', #1374, 2.500000000000015987 ) ;
#6966 = LINE ( 'NONE', #6707, #2794 ) ;
#6967 = DIRECTION ( 'NONE',  ( 1.000000000000000000, 0.000000000000000000, 0.000000000000000000 ) ) ;
#6968 = DIRECTION ( 'NONE',  ( 1.000000000000000000, 0.000000000000000000, 0.000000000000000000 ) ) ;
#6969 = ORIENTED_EDGE ( 'NONE', *, *, #5493, .T. ) ;
#6970 = AXIS2_PLACEMENT_3D ( 'NONE', #6339, #3594, #5217 ) ;
#6971 = FACE_OUTER_BOUND ( 'NONE', #3356, .T. ) ;
#6972 = CARTESIAN_POINT ( 'NONE',  ( 184.9999999999999716, 730.0000000000000000, 17.88822647334629323 ) ) ;
#6973 = CIRCLE ( 'NONE', #6209, 2.999999999999994671 ) ;
#6974 = EDGE_CURVE ( 'NONE', #3884, #3355, #6973, .T. ) ;
#6975 = DIRECTION ( 'NONE',  ( 0.000000000000000000, 0.000000000000000000, -1.000000000000000000 ) ) ;
#6976 = CYLINDRICAL_SURFACE ( 'NONE', #4580, 15.00000000000000178 ) ;
#6977 = AXIS2_PLACEMENT_3D ( 'NONE', #1284, #5072, #4573 ) ;
#6978 =( GEOMETRIC_REPRESENTATION_CONTEXT ( 3 ) GLOBAL_UNCERTAINTY_ASSIGNED_CONTEXT ( ( #2553 ) ) GLOBAL_UNIT_ASSIGNED_CONTEXT ( ( #819, #861, #2452 ) ) REPRESENTATION_CONTEXT ( 'NONE', 'WORKASPACE' ) );
#6979 = ADVANCED_FACE ( 'NONE', ( #1354, #1872, #4596 ), #6855, .F. ) ;
#6980 =( NAMED_UNIT ( * ) SI_UNIT ( $, .STERADIAN. ) SOLID_ANGLE_UNIT ( ) );
#6981 = CIRCLE ( 'NONE', #5767, 2.499999999999946709 ) ;
#6982 = LINE ( 'NONE', #6625, #5375 ) ;
#6983 = CARTESIAN_POINT ( 'NONE',  ( 1026.999999999998863, 298.0000000000000000, 0.000000000000000000 ) ) ;
#6984 = CARTESIAN_POINT ( 'NONE',  ( 0.000000000000000000, 18.00000000000000000, 170.0000000000000568 ) ) ;
#6985 = EDGE_CURVE ( 'NONE', #3781, #5154, #6645, .T. ) ;
#6986 =( NAMED_UNIT ( * ) SI_UNIT ( $, .STERADIAN. ) SOLID_ANGLE_UNIT ( ) );
#6987 = AXIS2_PLACEMENT_3D ( 'NONE', #5559, #111, #1776 ) ;
#6988 = CIRCLE ( 'NONE', #3340, 3.000000000000002665 ) ;
#6989 = VERTEX_POINT ( 'NONE', #341 ) ;
#6990 = AXIS2_PLACEMENT_3D ( 'NONE', #4826, #6422, #906 ) ;
#6991 = EDGE_CURVE ( 'NONE', #5330, #5989, #4077, .T. ) ;
#6992 = EDGE_LOOP ( 'NONE', ( #3152, #3604 ) ) ;
#6993 = CARTESIAN_POINT ( 'NONE',  ( 1047.500000000000000, 103.9999999999998721, 18.00000000000000000 ) ) ;
#6994 = DIRECTION ( 'NONE',  ( -0.1713727001804919992, -0.9852062716166839484, 0.000000000000000000 ) ) ;
#6995 = CARTESIAN_POINT ( 'NONE',  ( 6.255180600960854598, 1.176131348680804810E-17, 30.99999999999999645 ) ) ;
#6996 = ORIENTED_EDGE ( 'NONE', *, *, #1377, .F. ) ;
#6997 = DIRECTION ( 'NONE',  ( 0.000000000000000000, 0.000000000000000000, 1.000000000000000000 ) ) ;
#6998 = DIRECTION ( 'NONE',  ( 0.000000000000000000, 1.000000000000000000, 0.000000000000000000 ) ) ;
#6999 = ORIENTED_EDGE ( 'NONE', *, *, #5793, .T. ) ;
#7000 =( BOUNDED_CURVE ( )  B_SPLINE_CURVE ( 3, ( #5367, #4839, #5881, #2693 ),
 .UNSPECIFIED., .F., .T. ) 
 B_SPLINE_CURVE_WITH_KNOTS ( ( 4, 4 ),
 ( 1.570796326794895670, 2.766169045608751098 ),
 .UNSPECIFIED. ) 
 CURVE ( )  GEOMETRIC_REPRESENTATION_ITEM ( )  RATIONAL_B_SPLINE_CURVE ( ( 1.000000000000000000, 0.8844265230061001404, 0.8844265230061001404, 1.000000000000000000 ) ) 
 REPRESENTATION_ITEM ( '' )  );
#7001 = ORIENTED_EDGE ( 'NONE', *, *, #2516, .F. ) ;
#7002 = ORIENTED_EDGE ( 'NONE', *, *, #4658, .T. ) ;
#7003 = CARTESIAN_POINT ( 'NONE',  ( 1050.000000000000000, 640.0000000000000000, 18.00000000000000000 ) ) ;
#7004 = CARTESIAN_POINT ( 'NONE',  ( 821.4999999999987494, 59.99999999999972289, 0.000000000000000000 ) ) ;
#7005 = EDGE_LOOP ( 'NONE', ( #6621, #4123 ) ) ;
#7006 = ORIENTED_EDGE ( 'NONE', *, *, #5025, .T. ) ;
#7007 = FACE_OUTER_BOUND ( 'NONE', #707, .T. ) ;
#7008 = CARTESIAN_POINT ( 'NONE',  ( 183.0698683933170798, 725.0000000000000000, 21.50000000000000000 ) ) ;
#7009 = CARTESIAN_POINT ( 'NONE',  ( 54.00000000000001421, 40.00000000000014921, 18.00000000000000000 ) ) ;
#7010 = ORIENTED_EDGE ( 'NONE', *, *, #6785, .F. ) ;
#7011 = EDGE_CURVE ( 'NONE', #210, #2325, #5018, .T. ) ;
#7012 = ORIENTED_EDGE ( 'NONE', *, *, #4578, .F. ) ;
#7013 = DIRECTION ( 'NONE',  ( 1.000000000000000000, 0.000000000000000000, 0.000000000000000000 ) ) ;
#7014 = EDGE_LOOP ( 'NONE', ( #1279, #1849, #1205, #4393 ) ) ;
#7015 = EDGE_CURVE ( 'NONE', #3022, #1116, #2629, .T. ) ;
#7016 = ORIENTED_EDGE ( 'NONE', *, *, #5683, .F. ) ;
#7017 = SURFACE_STYLE_FILL_AREA ( #5852 ) ;
#7018 = ORIENTED_EDGE ( 'NONE', *, *, #119, .F. ) ;
#7019 = PRESENTATION_LAYER_ASSIGNMENT (  '', '', ( #6305 ) ) ;
#7020 = CARTESIAN_POINT ( 'NONE',  ( 182.5000000000015348, 27.99999999999980105, 18.00000000000000000 ) ) ;
#7021 = EDGE_LOOP ( 'NONE', ( #7002, #1860 ) ) ;
#7022 = ORIENTED_EDGE ( 'NONE', *, *, #6060, .F. ) ;
#7023 = CARTESIAN_POINT ( 'NONE',  ( -600.0000000000001137, 18.00000000000000000, 400.0000000000001705 ) ) ;
#7024 = ORIENTED_EDGE ( 'NONE', *, *, #5565, .F. ) ;
#7025 = LINE ( 'NONE', #4239, #1487 ) ;
#7026 = ORIENTED_EDGE ( 'NONE', *, *, #1806, .F. ) ;
#7027 = EDGE_CURVE ( 'NONE', #765, #4374, #5365, .T. ) ;
#7028 = ORIENTED_EDGE ( 'NONE', *, *, #2928, .F. ) ;
#7029 = VECTOR ( 'NONE', #2134, 1000.000000000000000 ) ;
#7030 = AXIS2_PLACEMENT_3D ( 'NONE', #1955, #6269, #2999 ) ;
#7031 = ORIENTED_EDGE ( 'NONE', *, *, #2641, .T. ) ;
#7032 = CARTESIAN_POINT ( 'NONE',  ( 70.00000000000135003, 510.0000000000001137, 0.000000000000000000 ) ) ;
#7033 = AXIS2_PLACEMENT_3D ( 'NONE', #246, #6332, #837 ) ;
#7034 = DIRECTION ( 'NONE',  ( -0.000000000000000000, -0.000000000000000000, -1.000000000000000000 ) ) ;
#7035 = CARTESIAN_POINT ( 'NONE',  ( 1054.000000000000000, 40.00000000000003553, 0.000000000000000000 ) ) ;
#7036 = VERTEX_POINT ( 'NONE', #2111 ) ;
#7037 = EDGE_CURVE ( 'NONE', #3428, #2147, #407, .T. ) ;
#7038 = LINE ( 'NONE', #3586, #5600 ) ;
#7039 = DIRECTION ( 'NONE',  ( 0.000000000000000000, 0.000000000000000000, 1.000000000000000000 ) ) ;
#7040 = CIRCLE ( 'NONE', #624, 2.499999999999946709 ) ;
#7041 = VECTOR ( 'NONE', #4336, 1000.000000000000000 ) ;
#7042 = DIRECTION ( 'NONE',  ( -0.000000000000000000, -0.000000000000000000, -1.000000000000000000 ) ) ;
#7043 = DIRECTION ( 'NONE',  ( 0.000000000000000000, 0.000000000000000000, 1.000000000000000000 ) ) ;
#7044 = VERTEX_POINT ( 'NONE', #4799 ) ;
#7045 = DIRECTION ( 'NONE',  ( 0.000000000000000000, 0.000000000000000000, 1.000000000000000000 ) ) ;
#7046 = LINE ( 'NONE', #3615, #2183 ) ;
#7047 =( LENGTH_UNIT ( ) NAMED_UNIT ( * ) SI_UNIT ( .MILLI., .METRE. ) );
#7048 = VECTOR ( 'NONE', #3052, 1000.000000000000000 ) ;
#7049 = DIRECTION ( 'NONE',  ( 0.000000000000000000, 0.000000000000000000, 1.000000000000000000 ) ) ;
#7050 = CARTESIAN_POINT ( 'NONE',  ( 177.0000000000014211, 59.99999999999982947, 0.000000000000000000 ) ) ;
#7051 = CIRCLE ( 'NONE', #3796, 2.999999999999996003 ) ;
#7052 = LINE ( 'NONE', #5698, #6732 ) ;
#7053 = AXIS2_PLACEMENT_3D ( 'NONE', #4040, #1401, #2561 ) ;
#7054 = CARTESIAN_POINT ( 'NONE',  ( 0.000000000000000000, 680.0000000000000000, 18.00000000000000000 ) ) ;
#7055 = CIRCLE ( 'NONE', #2380, 6.000000000000227374 ) ;
#7056 = LINE ( 'NONE', #5892, #5456 ) ;
#7057 = DIRECTION ( 'NONE',  ( 0.000000000000000000, 0.000000000000000000, 1.000000000000000000 ) ) ;
#7058 = EDGE_LOOP ( 'NONE', ( #5327, #5046, #5336, #4046 ) ) ;
#7059 = AXIS2_PLACEMENT_3D ( 'NONE', #392, #6938, #409 ) ;
#7060 = CARTESIAN_POINT ( 'NONE',  ( -42.00000000000003553, 54.99999999999999289, 1.387778780781445676E-14 ) ) ;
#7061 = CARTESIAN_POINT ( 'NONE',  ( 54.00000000000002132, 640.0000000000000000, 18.00000000000000000 ) ) ;
#7062 = LINE ( 'NONE', #3747, #4859 ) ;
#7063 = VECTOR ( 'NONE', #6719, 999.9999999999998863 ) ;
#7064 = CARTESIAN_POINT ( 'NONE',  ( 1073.242640687120002, 25.24264068711528353, 11.99999999999999822 ) ) ;
#7065 = NEXT_ASSEMBLY_USAGE_OCCURRENCE ( 'NAUO1', ' ', ' ', #5003, #5137, $ ) ;
#7066 = NEXT_ASSEMBLY_USAGE_OCCURRENCE ( 'NAUO2', ' ', ' ', #5003, #499, $ ) ;
#7067 = NEXT_ASSEMBLY_USAGE_OCCURRENCE ( 'NAUO3', ' ', ' ', #5003, #2947, $ ) ;
#7068 = NEXT_ASSEMBLY_USAGE_OCCURRENCE ( 'NAUO4', ' ', ' ', #5003, #2947, $ ) ;
#7069 = NEXT_ASSEMBLY_USAGE_OCCURRENCE ( 'NAUO5', ' ', ' ', #5003, #2947, $ ) ;
#7070 = NEXT_ASSEMBLY_USAGE_OCCURRENCE ( 'NAUO6', ' ', ' ', #5003, #2947, $ ) ;
#7071 = NEXT_ASSEMBLY_USAGE_OCCURRENCE ( 'NAUO7', ' ', ' ', #5003, #737, $ ) ;
#7072 = NEXT_ASSEMBLY_USAGE_OCCURRENCE ( 'NAUO8', ' ', ' ', #5003, #4767, $ ) ;
#7073 = NEXT_ASSEMBLY_USAGE_OCCURRENCE ( 'NAUO9', ' ', ' ', #5003, #4767, $ ) ;
#7074 = NEXT_ASSEMBLY_USAGE_OCCURRENCE ( 'NAUO10', ' ', ' ', #5003, #737, $ ) ;
#7075 = NEXT_ASSEMBLY_USAGE_OCCURRENCE ( 'NAUO11', ' ', ' ', #5003, #2073, $ ) ;
#7076 = NEXT_ASSEMBLY_USAGE_OCCURRENCE ( 'NAUO12', ' ', ' ', #5003, #2073, $ ) ;
#7077 = NEXT_ASSEMBLY_USAGE_OCCURRENCE ( 'NAUO13', ' ', ' ', #5003, #2073, $ ) ;
#7078 = NEXT_ASSEMBLY_USAGE_OCCURRENCE ( 'NAUO14', ' ', ' ', #5003, #2073, $ ) ;
ENDSEC;
END-ISO-10303-21;
