ISO-10303-21;
HEADER;
FILE_DESCRIPTION (( 'STEP AP214' ),
    '1' );
FILE_NAME ('A353250-COMPLETO-IM00.STEP',
    '2026-05-29T12:28:09',
    ( '' ),
    ( '' ),
    'SwSTEP 2.0',
    'SolidWorks 2018',
    '' );
FILE_SCHEMA (( 'AUTOMOTIVE_DESIGN' ));
ENDSEC;

DATA;
#1 = EDGE_LOOP ( 'NONE', ( #7433, #3051, #1096, #8490 ) ) ;
#2 = DIRECTION ( 'NONE',  ( -1.000000000000000000, 0.000000000000000000, 0.000000000000000000 ) ) ;
#3 = DIRECTION ( 'NONE',  ( 0.000000000000000000, -1.000000000000000000, 0.000000000000000000 ) ) ;
#4 = EDGE_LOOP ( 'NONE', ( #7644, #8645 ) ) ;
#5 = ORIENTED_EDGE ( 'NONE', *, *, #8224, .T. ) ;
#6 = AXIS2_PLACEMENT_3D ( 'NONE', #3120, #2264, #3085 ) ;
#7 = EDGE_CURVE ( 'NONE', #4172, #2818, #2184, .T. ) ;
#8 = CARTESIAN_POINT ( 'NONE',  ( 0.000000000000000000, 147.5000000000000284, 7.500000000000007105 ) ) ;
#10 = ORIENTED_EDGE ( 'NONE', *, *, #194, .T. ) ;
#9 = FACE_OUTER_BOUND ( 'NONE', #9756, .T. ) ;
#11 = EDGE_CURVE ( 'NONE', #8783, #8167, #5165, .T. ) ;
#12 = CARTESIAN_POINT ( 'NONE',  ( 333.9999999999999432, 51.50000000000002132, 7.500000000000007105 ) ) ;
#13 = VERTEX_POINT ( 'NONE', #8540 ) ;
#14 = FACE_OUTER_BOUND ( 'NONE', #7067, .T. ) ;
#15 = ORIENTED_EDGE ( 'NONE', *, *, #8641, .F. ) ;
#16 = EDGE_LOOP ( 'NONE', ( #3933, #8915, #8904, #1836 ) ) ;
#17 = AXIS2_PLACEMENT_3D ( 'NONE', #6435, #4789, #6294 ) ;
#18 = PLANE ( 'NONE',  #2905 ) ;
#19 = EDGE_CURVE ( 'NONE', #6268, #7880, #8731, .T. ) ;
#20 = VECTOR ( 'NONE', #8772, 1000.000000000000000 ) ;
#21 = LINE ( 'NONE', #3347, #5600 ) ;
#22 = AXIS2_PLACEMENT_3D ( 'NONE', #6188, #4634, #2243 ) ;
#23 = CARTESIAN_POINT ( 'NONE',  ( 261.4999999999999432, 51.49999999999999289, -15.00000000000001599 ) ) ;
#24 = ORIENTED_EDGE ( 'NONE', *, *, #3990, .T. ) ;
#25 = CARTESIAN_POINT ( 'NONE',  ( 0.000000000000000000, 0.000000000000000000, 0.000000000000000000 ) ) ;
#26 = LINE ( 'NONE', #3940, #5606 ) ;
#27 = DIRECTION ( 'NONE',  ( 2.033782021272921061E-31, 5.176899690512889973E-31, -1.000000000000000000 ) ) ;
#28 = COLOUR_RGB ( '',1.000000000000000000, 1.000000000000000000, 1.000000000000000000 ) ;
#29 = DIRECTION ( 'NONE',  ( 2.033782021272921061E-31, 5.176899690512889973E-31, -1.000000000000000000 ) ) ;
#30 = EDGE_LOOP ( 'NONE', ( #256, #9169, #10013, #1130, #10024 ) ) ;
#31 = DIRECTION ( 'NONE',  ( 2.609204460588636195E-49, 0.000000000000000000, -1.000000000000000000 ) ) ;
#32 = DIRECTION ( 'NONE',  ( -1.000000000000000000, 0.000000000000000000, -0.000000000000000000 ) ) ;
#33 = DIRECTION ( 'NONE',  ( 1.000000000000000000, 0.000000000000000000, 0.000000000000000000 ) ) ;
#34 = ADVANCED_FACE ( 'NONE', ( #1936 ), #7009, .F. ) ;
#35 = VECTOR ( 'NONE', #2644, 1000.000000000000000 ) ;
#36 = CIRCLE ( 'NONE', #4432, 2.500000000000000444 ) ;
#37 = VERTEX_POINT ( 'NONE', #5412 ) ;
#38 = CONTEXT_DEPENDENT_SHAPE_REPRESENTATION ( #9733, #7583 ) ;
#39 = CARTESIAN_POINT ( 'NONE',  ( 284.0000000000000568, 336.0000000000001705, 15.00000000000001421 ) ) ;
#40 = DIRECTION ( 'NONE',  ( 2.609204460588635816E-49, 0.000000000000000000, 1.000000000000000000 ) ) ;
#41 = CARTESIAN_POINT ( 'NONE',  ( 30.00000000000004263, 241.0000000000002558, 9.000000000000007105 ) ) ;
#42 = FACE_OUTER_BOUND ( 'NONE', #9968, .T. ) ;
#43 = VECTOR ( 'NONE', #460, 1000.000000000000000 ) ;
#44 = ORIENTED_EDGE ( 'NONE', *, *, #459, .T. ) ;
#45 = AXIS2_PLACEMENT_3D ( 'NONE', #6997, #3813, #702 ) ;
#46 = DIRECTION ( 'NONE',  ( 0.000000000000000000, 0.000000000000000000, 1.000000000000000000 ) ) ;
#47 = ORIENTED_EDGE ( 'NONE', *, *, #5878, .T. ) ;
#48 = CARTESIAN_POINT ( 'NONE',  ( 26.56142591339494885, 50.52466544028707318, -10.34382157471887353 ) ) ;
#49 = VECTOR ( 'NONE', #1810, 1000.000000000000000 ) ;
#50 = CARTESIAN_POINT ( 'NONE',  ( 40.00000000000003553, 51.49999999999999289, 7.499999999999949374 ) ) ;
#51 = CIRCLE ( 'NONE', #2634, 7.500000000000000000 ) ;
#52 = EDGE_LOOP ( 'NONE', ( #1079, #3860 ) ) ;
#53 = EDGE_CURVE ( 'NONE', #2571, #1526, #1690, .T. ) ;
#54 = CARTESIAN_POINT ( 'NONE',  ( 0.000000000000000000, 3.000000000000002665, 0.000000000000000000 ) ) ;
#55 = DIRECTION ( 'NONE',  ( 1.000000000000000000, 0.000000000000000000, 0.000000000000000000 ) ) ;
#56 = AXIS2_PLACEMENT_3D ( 'NONE', #1677, #8793, #8718 ) ;
#57 = DIRECTION ( 'NONE',  ( 2.033782021272921061E-31, 5.176899690512889973E-31, -1.000000000000000000 ) ) ;
#58 = EDGE_CURVE ( 'NONE', #4354, #10214, #1202, .T. ) ;
#59 = VECTOR ( 'NONE', #9037, 1000.000000000000000 ) ;
#60 = CARTESIAN_POINT ( 'NONE',  ( 26.61781228715060976, 52.83679842235238766, -4.807115163844065009 ) ) ;
#61 = LINE ( 'NONE', #6439, #6645 ) ;
#62 = ORIENTED_EDGE ( 'NONE', *, *, #8834, .F. ) ;
#63 = CARTESIAN_POINT ( 'NONE',  ( 793.9999999999997726, 237.9999999999999432, -15.00000000000001599 ) ) ;
#64 = ORIENTED_EDGE ( 'NONE', *, *, #7706, .F. ) ;
#65 = DIRECTION ( 'NONE',  ( 1.000000000000000000, 0.000000000000000000, 0.000000000000000000 ) ) ;
#66 = AXIS2_PLACEMENT_3D ( 'NONE', #5762, #8825, #6445 ) ;
#67 = PLANE ( 'NONE',  #5499 ) ;
#68 = DIRECTION ( 'NONE',  ( 2.033782021272921061E-31, -5.176899690512889973E-31, -1.000000000000000000 ) ) ;
#69 = DIRECTION ( 'NONE',  ( 1.000000000000000000, -7.590943252506637819E-32, -2.033782021272921061E-31 ) ) ;
#70 = EDGE_CURVE ( 'NONE', #6858, #6914, #197, .T. ) ;
#71 = DIRECTION ( 'NONE',  ( 1.000000000000000000, 0.000000000000000000, 0.000000000000000000 ) ) ;
#72 = LINE ( 'NONE', #2897, #5910 ) ;
#73 = AXIS2_PLACEMENT_3D ( 'NONE', #2516, #4887, #3216 ) ;
#74 = VERTEX_POINT ( 'NONE', #3768 ) ;
#75 = EDGE_CURVE ( 'NONE', #9280, #6358, #4035, .T. ) ;
#76 = CARTESIAN_POINT ( 'NONE',  ( 0.000000000000000000, 3.000000000000002665, 0.000000000000000000 ) ) ;
#77 = ADVANCED_FACE ( 'NONE', ( #9348 ), #7264, .F. ) ;
#78 = DIRECTION ( 'NONE',  ( -1.000000000000000000, 0.000000000000000000, 0.000000000000000000 ) ) ;
#79 = ORIENTED_EDGE ( 'NONE', *, *, #2021, .F. ) ;
#81 = ORIENTED_EDGE ( 'NONE', *, *, #4929, .F. ) ;
#80 = CIRCLE ( 'NONE', #9139, 7.500000000000000000 ) ;
#82 = CARTESIAN_POINT ( 'NONE',  ( 26.61801411673119233, 50.16211122865070138, -10.19233212804520328 ) ) ;
#83 = ORIENTED_EDGE ( 'NONE', *, *, #3717, .F. ) ;
#84 = EDGE_CURVE ( 'NONE', #5816, #3234, #3913, .T. ) ;
#85 = VERTEX_POINT ( 'NONE', #2967 ) ;
#86 = VERTEX_POINT ( 'NONE', #3739 ) ;
#87 = CARTESIAN_POINT ( 'NONE',  ( 385.0000000000000000, 0.000000000000000000, 0.000000000000000000 ) ) ;
#88 = CARTESIAN_POINT ( 'NONE',  ( 34.00000000000002842, 51.49999999999999289, -15.00000000000001421 ) ) ;
#89 = CARTESIAN_POINT ( 'NONE',  ( 362.4999999999998863, 243.5000000000000000, 15.00000000000001599 ) ) ;
#90 = CIRCLE ( 'NONE', #4956, 3.000000000000002665 ) ;
#91 = DIRECTION ( 'NONE',  ( -2.033782021272921061E-31, -5.176899690512889973E-31, 1.000000000000000000 ) ) ;
#92 = CARTESIAN_POINT ( 'NONE',  ( 27.08425194072763986, 246.4024537195848836, 8.284503191285626400 ) ) ;
#93 = CYLINDRICAL_SURFACE ( 'NONE', #8991, 6.000000000000032863 ) ;
#95 = ORIENTED_EDGE ( 'NONE', *, *, #7057, .T. ) ;
#94 = VECTOR ( 'NONE', #3523, 1000.000000000000000 ) ;
#96 = DIRECTION ( 'NONE',  ( -2.609204460588635816E-49, 0.000000000000000000, 1.000000000000000000 ) ) ;
#97 = VERTEX_POINT ( 'NONE', #8503 ) ;
#98 = EDGE_LOOP ( 'NONE', ( #4273, #1713 ) ) ;
#99 = DIRECTION ( 'NONE',  ( 0.000000000000000000, 0.000000000000000000, -1.000000000000000000 ) ) ;
#101 = VERTEX_POINT ( 'NONE', #6066 ) ;
#100 = APPLICATION_CONTEXT ( 'automotive_design' ) ;
#102 = CIRCLE ( 'NONE', #6740, 2.499999999999946709 ) ;
#103 = DIRECTION ( 'NONE',  ( -0.000000000000000000, 0.000000000000000000, 1.000000000000000000 ) ) ;
#105 = VERTEX_POINT ( 'NONE', #1326 ) ;
#104 = VECTOR ( 'NONE', #9589, 1000.000000000000000 ) ;
#106 = DIRECTION ( 'NONE',  ( 0.000000000000000000, 0.000000000000000000, -1.000000000000000000 ) ) ;
#107 = PLANE ( 'NONE',  #2856 ) ;
#108 = ORIENTED_EDGE ( 'NONE', *, *, #3114, .F. ) ;
#109 = AXIS2_PLACEMENT_3D ( 'NONE', #7692, #2950, #5425 ) ;
#110 = DIRECTION ( 'NONE',  ( -1.000000000000000000, 0.000000000000000000, 0.000000000000000000 ) ) ;
#111 = CARTESIAN_POINT ( 'NONE',  ( 0.000000000000000000, 51.50000000000000000, 7.500000000000007105 ) ) ;
#112 = DIRECTION ( 'NONE',  ( 1.000000000000000000, 0.000000000000000000, 1.941925118803054280E-33 ) ) ;
#113 = ORIENTED_EDGE ( 'NONE', *, *, #8269, .T. ) ;
#114 = VERTEX_POINT ( 'NONE', #6888 ) ;
#115 = DIRECTION ( 'NONE',  ( 0.000000000000000000, -1.000000000000000000, 0.000000000000000000 ) ) ;
#116 = EDGE_CURVE ( 'NONE', #4669, #8398, #72, .T. ) ;
#117 = DIRECTION ( 'NONE',  ( 1.000000000000000000, -7.590943252506637819E-32, -2.033782021272921061E-31 ) ) ;
#118 = AXIS2_PLACEMENT_3D ( 'NONE', #5065, #3364, #245 ) ;
#119 = ORIENTED_EDGE ( 'NONE', *, *, #3063, .F. ) ;
#120 = CARTESIAN_POINT ( 'NONE',  ( 359.9999999999998863, 243.5000000000000000, -3.000000000000002665 ) ) ;
#121 = AXIS2_PLACEMENT_3D ( 'NONE', #622, #6123, #3000 ) ;
#123 = ORIENTED_EDGE ( 'NONE', *, *, #8969, .F. ) ;
#122 = FACE_OUTER_BOUND ( 'NONE', #4309, .T. ) ;
#124 = EDGE_CURVE ( 'NONE', #6649, #9825, #6145, .T. ) ;
#125 = PLANE ( 'NONE',  #5113 ) ;
#126 = ORIENTED_EDGE ( 'NONE', *, *, #8086, .T. ) ;
#127 = ORIENTED_EDGE ( 'NONE', *, *, #4708, .T. ) ;
#128 = ORIENTED_EDGE ( 'NONE', *, *, #3126, .T. ) ;
#129 = ORIENTED_EDGE ( 'NONE', *, *, #2011, .T. ) ;
#130 = DIRECTION ( 'NONE',  ( -7.590943252506637819E-32, 1.000000000000000000, -5.176899690512889973E-31 ) ) ;
#131 = AXIS2_PLACEMENT_3D ( 'NONE', #6680, #9046, #7395 ) ;
#132 = ADVANCED_FACE ( 'NONE', ( #3553 ), #3042, .F. ) ;
#134 = EDGE_LOOP ( 'NONE', ( #212, #4469 ) ) ;
#133 = CYLINDRICAL_SURFACE ( 'NONE', #1541, 4.000000000000017764 ) ;
#135 = APPLICATION_CONTEXT ( 'automotive_design' ) ;
#136 = FACE_OUTER_BOUND ( 'NONE', #4145, .T. ) ;
#137 = EDGE_CURVE ( 'NONE', #2848, #3786, #7203, .T. ) ;
#138 = ORIENTED_EDGE ( 'NONE', *, *, #6116, .T. ) ;
#139 = ADVANCED_FACE ( 'NONE', ( #3793 ), #9831, .F. ) ;
#140 = DIRECTION ( 'NONE',  ( 1.000000000000000000, 0.000000000000000000, 0.000000000000000000 ) ) ;
#141 = EDGE_LOOP ( 'NONE', ( #9465, #598 ) ) ;
#142 = AXIS2_PLACEMENT_3D ( 'NONE', #4233, #5798, #4125 ) ;
#143 = DIRECTION ( 'NONE',  ( -0.000000000000000000, 0.000000000000000000, 1.000000000000000000 ) ) ;
#144 = EDGE_CURVE ( 'NONE', #7987, #7373, #4912, .T. ) ;
#145 = ORIENTED_EDGE ( 'NONE', *, *, #3513, .T. ) ;
#146 = CARTESIAN_POINT ( 'NONE',  ( 26.65158639948029062, 241.9905181379987766, 10.09993640703177320 ) ) ;
#147 = CARTESIAN_POINT ( 'NONE',  ( 27.12934488674056865, 150.5136666936379299, 4.857400577701842082 ) ) ;
#148 = DIRECTION ( 'NONE',  ( -1.000000000000000000, 0.000000000000000000, 0.000000000000000000 ) ) ;
#149 = DIRECTION ( 'NONE',  ( -0.000000000000000000, 0.000000000000000000, 1.000000000000000000 ) ) ;
#150 = FACE_OUTER_BOUND ( 'NONE', #373, .T. ) ;
#151 = VECTOR ( 'NONE', #478, 1000.000000000000000 ) ;
#152 = ORIENTED_EDGE ( 'NONE', *, *, #5399, .T. ) ;
#153 = MECHANICAL_DESIGN_GEOMETRIC_PRESENTATION_REPRESENTATION (  '', ( #7639 ), #541 ) ;
#154 = CARTESIAN_POINT ( 'NONE',  ( 821.0000000000000000, 237.9999999999999716, -15.00000000000001421 ) ) ;
#155 = CARTESIAN_POINT ( 'NONE',  ( 263.9999999999998863, 243.5000000000000000, -3.000000000000002665 ) ) ;
#156 = EDGE_CURVE ( 'NONE', #4600, #9178, #2433, .T. ) ;
#157 = CARTESIAN_POINT ( 'NONE',  ( 390.0000000000000000, 294.9999999999998863, 15.00000000000001421 ) ) ;
#158 = DIRECTION ( 'NONE',  ( 2.033782021272921061E-31, -5.176899690512889973E-31, 1.000000000000000000 ) ) ;
#159 =( NAMED_UNIT ( * ) PLANE_ANGLE_UNIT ( ) SI_UNIT ( $, .RADIAN. ) );
#160 = VECTOR ( 'NONE', #8305, 1000.000000000000000 ) ;
#161 = VERTEX_POINT ( 'NONE', #8782 ) ;
#162 = ITEM_DEFINED_TRANSFORMATION ( 'NONE', 'NONE', #894,  #3788 ) ;
#163 = DIRECTION ( 'NONE',  ( 0.000000000000000000, 0.000000000000000000, 1.000000000000000000 ) ) ;
#164 = CARTESIAN_POINT ( 'NONE',  ( 272.0000000000003411, 209.0000000000003695, 15.00000000000001421 ) ) ;
#165 = EDGE_CURVE ( 'NONE', #6830, #8636, #5779, .T. ) ;
#166 = DIRECTION ( 'NONE',  ( 1.000000000000000000, 0.000000000000000000, 0.000000000000000000 ) ) ;
#167 = CIRCLE ( 'NONE', #580, 3.000000000000002665 ) ;
#168 = FACE_BOUND ( 'NONE', #1627, .T. ) ;
#169 = ORIENTED_EDGE ( 'NONE', *, *, #1853, .F. ) ;
#170 = SHAPE_DEFINITION_REPRESENTATION ( #8573, #8040 ) ;
#171 = CARTESIAN_POINT ( 'NONE',  ( 1095.000000000000000, 295.0000000000000000, -2.524894157091666203E-28 ) ) ;
#172 = ORIENTED_EDGE ( 'NONE', *, *, #10009, .T. ) ;
#173 = AXIS2_PLACEMENT_3D ( 'NONE', #4325, #2619, #6575 ) ;
#174 = CARTESIAN_POINT ( 'NONE',  ( 80.84317321985052729, 84.99999999999998579, 10.50000000000000000 ) ) ;
#175 = CARTESIAN_POINT ( 'NONE',  ( 26.97004698846619775, 240.8816237276264474, 9.015356963772580556 ) ) ;
#176 = CYLINDRICAL_SURFACE ( 'NONE', #3236, 3.000000000000002665 ) ;
#177 = DIRECTION ( 'NONE',  ( -2.609204460588635816E-49, 0.000000000000000000, 1.000000000000000000 ) ) ;
#178 = DIRECTION ( 'NONE',  ( 1.000000000000000000, 0.000000000000000000, 0.000000000000000000 ) ) ;
#179 = LINE ( 'NONE', #9782, #5016 ) ;
#180 = ORIENTED_EDGE ( 'NONE', *, *, #2474, .F. ) ;
#181 = AXIS2_PLACEMENT_3D ( 'NONE', #7158, #5639, #2448 ) ;
#182 = CARTESIAN_POINT ( 'NONE',  ( 0.000000000000000000, 0.000000000000000000, 0.000000000000000000 ) ) ;
#183 = DIRECTION ( 'NONE',  ( -1.000000000000000000, 0.000000000000000000, 0.000000000000000000 ) ) ;
#184 = EDGE_CURVE ( 'NONE', #5764, #6753, #6777, .T. ) ;
#185 = ADVANCED_FACE ( 'NONE', ( #4417 ), #4664, .F. ) ;
#186 = LINE ( 'NONE', #4276, #10199 ) ;
#187 = AXIS2_PLACEMENT_3D ( 'NONE', #8225, #3505, #1156 ) ;
#188 = CARTESIAN_POINT ( 'NONE',  ( 376.0000000000000000, 133.8750000000001990, 3.999999999999996447 ) ) ;
#189 = CYLINDRICAL_SURFACE ( 'NONE', #6155, 2.500000000000002220 ) ;
#190 = ORIENTED_EDGE ( 'NONE', *, *, #11, .F. ) ;
#191 = ADVANCED_FACE ( 'NONE', ( #10078 ), #8819, .T. ) ;
#192 = DIRECTION ( 'NONE',  ( 2.609204460588635816E-49, 0.000000000000000000, -1.000000000000000000 ) ) ;
#193 = CARTESIAN_POINT ( 'NONE',  ( 272.0000000000003411, 209.0000000000003695, 15.00000000000001421 ) ) ;
#194 = EDGE_CURVE ( 'NONE', #8420, #6893, #5659, .T. ) ;
#195 = VECTOR ( 'NONE', #1889, 1000.000000000000000 ) ;
#196 = CARTESIAN_POINT ( 'NONE',  ( -6.101346063818772816E-31, 51.49999999999999289, -10.49999999999995381 ) ) ;
#197 = CIRCLE ( 'NONE', #4261, 4.000000000000027534 ) ;
#198 = ORIENTED_EDGE ( 'NONE', *, *, #4116, .F. ) ;
#199 = CARTESIAN_POINT ( 'NONE',  ( 26.71245557576877161, 145.7105979152318582, 3.913091347931434871 ) ) ;
#200 = ORIENTED_EDGE ( 'NONE', *, *, #4517, .F. ) ;
#201 = AXIS2_PLACEMENT_3D ( 'NONE', #7757, #9388, #3868 ) ;
#202 = CARTESIAN_POINT ( 'NONE',  ( 793.9999999999997726, 237.9999999999999432, 15.00000000000001599 ) ) ;
#203 = EDGE_CURVE ( 'NONE', #9034, #8483, #2551, .T. ) ;
#204 = CARTESIAN_POINT ( 'NONE',  ( 26.49999999999996803, 51.49999999999999289, -10.49999999999995381 ) ) ;
#205 = APPLICATION_CONTEXT ( 'automotive_design' ) ;
#206 = EDGE_CURVE ( 'NONE', #9195, #8214, #443, .T. ) ;
#207 = DIRECTION ( 'NONE',  ( -0.000000000000000000, 0.000000000000000000, 1.000000000000000000 ) ) ;
#208 = EDGE_LOOP ( 'NONE', ( #2333, #9027, #10159, #1962 ) ) ;
#209 = LINE ( 'NONE', #3954, #6657 ) ;
#210 = CARTESIAN_POINT ( 'NONE',  ( 983.4999999999998863, 237.9999999999999432, 15.00000000000001599 ) ) ;
#211 = CARTESIAN_POINT ( 'NONE',  ( 0.000000000000000000, -1.553069907153868393E-30, -3.000000000000002665 ) ) ;
#212 = ORIENTED_EDGE ( 'NONE', *, *, #2997, .F. ) ;
#213 = CARTESIAN_POINT ( 'NONE',  ( 26.72580766288685084, 241.6659215451081195, 9.882091734929970173 ) ) ;
#214 = ORIENTED_EDGE ( 'NONE', *, *, #6782, .F. ) ;
#215 = DIRECTION ( 'NONE',  ( 0.000000000000000000, 0.000000000000000000, -1.000000000000000000 ) ) ;
#216 = CARTESIAN_POINT ( 'NONE',  ( 0.000000000000000000, 267.7500000000000568, 3.999999999999996447 ) ) ;
#217 = AXIS2_PLACEMENT_3D ( 'NONE', #7527, #2783, #3587 ) ;
#218 = VERTEX_POINT ( 'NONE', #915 ) ;
#220 = ORIENTED_EDGE ( 'NONE', *, *, #6447, .F. ) ;
#219 = FACE_OUTER_BOUND ( 'NONE', #8360, .T. ) ;
#221 = CARTESIAN_POINT ( 'NONE',  ( 788.9999999999998863, 237.9999999999999432, -15.00000000000001599 ) ) ;
#222 = DIRECTION ( 'NONE',  ( 0.000000000000000000, 0.000000000000000000, 1.000000000000000000 ) ) ;
#223 = ORIENTED_EDGE ( 'NONE', *, *, #1337, .T. ) ;
#224 = ORIENTED_EDGE ( 'NONE', *, *, #7156, .F. ) ;
#225 = DIRECTION ( 'NONE',  ( 0.000000000000000000, 0.000000000000000000, -1.000000000000000000 ) ) ;
#226 = CARTESIAN_POINT ( 'NONE',  ( 34.00000000000007105, 241.0000000000002558, 15.00000000000001421 ) ) ;
#227 = CARTESIAN_POINT ( 'NONE',  ( 382.0000000000000000, 243.5000000000000000, 15.00000000000001421 ) ) ;
#229 = EDGE_LOOP ( 'NONE', ( #3006, #1253, #2237, #6034 ) ) ;
#228 = CIRCLE ( 'NONE', #5286, 3.000000000000000888 ) ;
#230 = FILL_AREA_STYLE_COLOUR ( '', #9185 ) ;
#231 = CARTESIAN_POINT ( 'NONE',  ( 0.000000000000000000, 178.5000000000001137, 3.999999999999996447 ) ) ;
#232 = ORIENTED_EDGE ( 'NONE', *, *, #7106, .F. ) ;
#233 = ORIENTED_EDGE ( 'NONE', *, *, #3246, .F. ) ;
#234 = DIRECTION ( 'NONE',  ( 0.000000000000000000, -0.000000000000000000, 1.000000000000000000 ) ) ;
#235 = CARTESIAN_POINT ( 'NONE',  ( 24.99999999999991118, 246.5000000000001137, 7.499999999999951150 ) ) ;
#236 = FACE_OUTER_BOUND ( 'NONE', #9861, .T. ) ;
#237 = EDGE_LOOP ( 'NONE', ( #3181, #4883, #5037, #5152 ) ) ;
#238 = ADVANCED_FACE ( 'NONE', ( #950 ), #575, .F. ) ;
#239 = DIRECTION ( 'NONE',  ( 3.652049423109066841E-16, -1.000000000000000000, 0.000000000000000000 ) ) ;
#240 = APPLICATION_PROTOCOL_DEFINITION ( 'draft international standard', 'automotive_design', 1998, #4892 ) ;
#241 = ADVANCED_FACE ( 'NONE', ( #8369 ), #3783, .F. ) ;
#242 = CARTESIAN_POINT ( 'NONE',  ( 0.000000000000000000, 243.5000000000000000, 7.499999999999951150 ) ) ;
#243 = EDGE_LOOP ( 'NONE', ( #4820, #2074, #6520, #9268 ) ) ;
#244 = CARTESIAN_POINT ( 'NONE',  ( 359.0000000000000000, -2.465190328815661892E-29, 15.00000000000001421 ) ) ;
#245 = DIRECTION ( 'NONE',  ( -2.041077998578925915E-17, -1.000000000000000000, 0.000000000000000000 ) ) ;
#246 = CARTESIAN_POINT ( 'NONE',  ( 0.000000000000000000, 120.0000000000000000, 0.000000000000000000 ) ) ;
#247 = ORIENTED_EDGE ( 'NONE', *, *, #1764, .T. ) ;
#248 = CARTESIAN_POINT ( 'NONE',  ( 27.63887837679420656, 151.4736517227243837, 8.029613711124934383 ) ) ;
#249 = DIRECTION ( 'NONE',  ( -0.000000000000000000, 0.000000000000000000, 1.000000000000000000 ) ) ;
#250 = ORIENTED_EDGE ( 'NONE', *, *, #9473, .F. ) ;
#251 = CARTESIAN_POINT ( 'NONE',  ( 1055.000000000000000, 243.5000000000000000, 7.499999999999949374 ) ) ;
#252 = ORIENTED_EDGE ( 'NONE', *, *, #313, .T. ) ;
#253 = ORIENTED_EDGE ( 'NONE', *, *, #9583, .T. ) ;
#254 = ORIENTED_EDGE ( 'NONE', *, *, #7217, .F. ) ;
#255 = EDGE_CURVE ( 'NONE', #2894, #7705, #1564, .T. ) ;
#256 = ORIENTED_EDGE ( 'NONE', *, *, #1161, .F. ) ;
#257 = VECTOR ( 'NONE', #9233, 1000.000000000000000 ) ;
#258 = ORIENTED_EDGE ( 'NONE', *, *, #2832, .T. ) ;
#259 = DIRECTION ( 'NONE',  ( -1.000000000000000000, 0.000000000000000000, 0.000000000000000000 ) ) ;
#260 = ORIENTED_EDGE ( 'NONE', *, *, #4209, .T. ) ;
#261 = CARTESIAN_POINT ( 'NONE',  ( 458.4999999999998295, 243.5000000000000000, 15.00000000000001599 ) ) ;
#262 = CARTESIAN_POINT ( 'NONE',  ( 1055.000000000000000, 51.49999999999999289, -4.499999999999946709 ) ) ;
#263 = AXIS2_PLACEMENT_3D ( 'NONE', #7632, #2883, #5320 ) ;
#264 = UNCERTAINTY_MEASURE_WITH_UNIT (LENGTH_MEASURE( 1.000000000000000082E-05 ), #1706, 'distance_accuracy_value', 'NONE');
#265 =( NAMED_UNIT ( * ) SI_UNIT ( $, .STERADIAN. ) SOLID_ANGLE_UNIT ( ) );
#266 = EDGE_CURVE ( 'NONE', #6172, #7056, #9340, .T. ) ;
#267 = DIRECTION ( 'NONE',  ( -0.000000000000000000, 0.000000000000000000, 1.000000000000000000 ) ) ;
#268 = FACE_OUTER_BOUND ( 'NONE', #2817, .T. ) ;
#269 = LINE ( 'NONE', #9621, #8186 ) ;
#270 = DIRECTION ( 'NONE',  ( -0.000000000000000000, 1.000000000000000000, -0.000000000000000000 ) ) ;
#271 = ORIENTED_EDGE ( 'NONE', *, *, #6058, .T. ) ;
#272 = DIRECTION ( 'NONE',  ( 0.000000000000000000, -1.000000000000000000, 0.000000000000000000 ) ) ;
#273 = AXIS2_PLACEMENT_3D ( 'NONE', #9721, #1579, #964 ) ;
#274 = PLANE ( 'NONE',  #1617 ) ;
#275 = EDGE_CURVE ( 'NONE', #5819, #1879, #9463, .T. ) ;
#276 = LINE ( 'NONE', #1779, #4244 ) ;
#277 = DIRECTION ( 'NONE',  ( 2.609204460588635816E-49, 0.000000000000000000, -1.000000000000000000 ) ) ;
#278 = VECTOR ( 'NONE', #6732, 1000.000000000000000 ) ;
#279 = EDGE_CURVE ( 'NONE', #8250, #86, #61, .T. ) ;
#280 = EDGE_LOOP ( 'NONE', ( #4010, #7948, #4839, #8638, #2210, #6706, #5693, #3711, #253, #7599, #6415, #8281, #3349, #2929, #8543, #8002, #2733, #4064, #6701, #3956, #2346, #9011, #9841, #5594, #6665, #7355, #6658, #2946, #5096, #9854, #6815, #2751 ) ) ;
#281 = CARTESIAN_POINT ( 'NONE',  ( 34.40944629105651131, 120.0000000000000000, 21.00000000000000000 ) ) ;
#282 =( NAMED_UNIT ( * ) SI_UNIT ( $, .STERADIAN. ) SOLID_ANGLE_UNIT ( ) );
#283 = DIRECTION ( 'NONE',  ( -1.000000000000000000, 0.000000000000000000, 8.441837551339287274E-51 ) ) ;
#284 = CIRCLE ( 'NONE', #1787, 2.500000000000002220 ) ;
#285 = CARTESIAN_POINT ( 'NONE',  ( 823.4999999999998863, 237.9999999999999716, 13.00000000000001066 ) ) ;
#286 = VECTOR ( 'NONE', #8959, 1000.000000000000000 ) ;
#287 = ORIENTED_EDGE ( 'NONE', *, *, #4373, .F. ) ;
#288 = ADVANCED_FACE ( 'NONE', ( #8977 ), #6137, .F. ) ;
#289 = EDGE_CURVE ( 'NONE', #7809, #4392, #2423, .T. ) ;
#290 = CARTESIAN_POINT ( 'NONE',  ( 1055.000000000000000, 51.49999999999999289, -7.499999999999949374 ) ) ;
#291 = CARTESIAN_POINT ( 'NONE',  ( 26.50000000000003197, 147.5000000000000853, 3.500000000000002665 ) ) ;
#292 = DIRECTION ( 'NONE',  ( 0.2756373558169957771, 0.9612616959383197823, 0.000000000000000000 ) ) ;
#293 = CARTESIAN_POINT ( 'NONE',  ( 362.4999999999998863, 243.5000000000000000, 15.00000000000001599 ) ) ;
#294 = CARTESIAN_POINT ( 'NONE',  ( 357.4999999999998863, 243.5000000000000000, 15.00000000000001599 ) ) ;
#295 = FACE_OUTER_BOUND ( 'NONE', #9936, .T. ) ;
#296 = ORIENTED_EDGE ( 'NONE', *, *, #58, .T. ) ;
#297 = DIRECTION ( 'NONE',  ( -0.000000000000000000, 0.000000000000000000, 1.000000000000000000 ) ) ;
#298 = ORIENTED_EDGE ( 'NONE', *, *, #1890, .T. ) ;
#299 = CARTESIAN_POINT ( 'NONE',  ( 26.50000000000008171, 147.2300486290637593, 11.50000000000001243 ) ) ;
#300 = DIRECTION ( 'NONE',  ( -0.000000000000000000, -0.000000000000000000, -1.000000000000000000 ) ) ;
#301 = VECTOR ( 'NONE', #8741, 1000.000000000000000 ) ;
#302 = FACE_OUTER_BOUND ( 'NONE', #758, .T. ) ;
#303 = VERTEX_POINT ( 'NONE', #4797 ) ;
#304 = AXIS2_PLACEMENT_3D ( 'NONE', #663, #9296, #3039 ) ;
#305 = DIRECTION ( 'NONE',  ( 1.000000000000000000, -7.590943252506637819E-32, 2.033782021272921061E-31 ) ) ;
#306 = CARTESIAN_POINT ( 'NONE',  ( 1055.000000000000000, 243.5000000000000000, 10.49999999999995204 ) ) ;
#307 = CARTESIAN_POINT ( 'NONE',  ( 0.000000000000000000, -1.553069907153868393E-30, 3.000000000000002665 ) ) ;
#308 = CARTESIAN_POINT ( 'NONE',  ( 26.51478355840204770, 148.0392082597682588, 11.47247188742279178 ) ) ;
#309 =( NAMED_UNIT ( * ) PLANE_ANGLE_UNIT ( ) SI_UNIT ( $, .RADIAN. ) );
#310 = VECTOR ( 'NONE', #6208, 1000.000000000000000 ) ;
#311 = CARTESIAN_POINT ( 'NONE',  ( 455.9999999999999432, 51.49999999999999289, -15.00000000000001599 ) ) ;
#312 = CIRCLE ( 'NONE', #8668, 3.000000000000004441 ) ;
#313 = EDGE_CURVE ( 'NONE', #105, #2727, #3290, .T. ) ;
#314 = ORIENTED_EDGE ( 'NONE', *, *, #2413, .F. ) ;
#315 = ORIENTED_EDGE ( 'NONE', *, *, #1602, .T. ) ;
#316 = AXIS2_PLACEMENT_3D ( 'NONE', #4625, #1638, #7142 ) ;
#317 = PRODUCT ( 'A353250-PISOSXXXPI', 'A353250-PISOSXXXPI', '', ( #4118 ) ) ;
#318 = VERTEX_POINT ( 'NONE', #4122 ) ;
#319 = DIRECTION ( 'NONE',  ( -2.609204460588635816E-49, 0.000000000000000000, 1.000000000000000000 ) ) ;
#320 = AXIS2_PLACEMENT_3D ( 'NONE', #5813, #3385, #7330 ) ;
#321 = DIRECTION ( 'NONE',  ( 1.000000000000000000, 1.497502434588342893E-18, 0.000000000000000000 ) ) ;
#322 = DIRECTION ( 'NONE',  ( 1.000000000000000000, 0.000000000000000000, 0.000000000000000000 ) ) ;
#323 = ORIENTED_EDGE ( 'NONE', *, *, #470, .F. ) ;
#324 = ORIENTED_EDGE ( 'NONE', *, *, #5413, .F. ) ;
#325 = CARTESIAN_POINT ( 'NONE',  ( 376.0000000000000000, 178.5000000000002274, 0.000000000000000000 ) ) ;
#326 = DIRECTION ( 'NONE',  ( -0.000000000000000000, 0.000000000000000000, 1.000000000000000000 ) ) ;
#327 = DIRECTION ( 'NONE',  ( 0.000000000000000000, 0.000000000000000000, -1.000000000000000000 ) ) ;
#328 = ORIENTED_EDGE ( 'NONE', *, *, #184, .T. ) ;
#330 = ORIENTED_EDGE ( 'NONE', *, *, #8625, .F. ) ;
#329 = LINE ( 'NONE', #4843, #3184 ) ;
#331 = SURFACE_SIDE_STYLE ('',( #6681 ) ) ;
#332 = EDGE_CURVE ( 'NONE', #10212, #3088, #3165, .T. ) ;
#333 = ADVANCED_FACE ( 'NONE', ( #6882 ), #5035, .F. ) ;
#334 = ORIENTED_EDGE ( 'NONE', *, *, #2049, .T. ) ;
#335 = EDGE_LOOP ( 'NONE', ( #2744, #254 ) ) ;
#336 = EDGE_CURVE ( 'NONE', #515, #3615, #567, .T. ) ;
#337 = CARTESIAN_POINT ( 'NONE',  ( 376.0000000000000000, 312.3750000000000568, 4.000000000000052403 ) ) ;
#338 = VECTOR ( 'NONE', #2418, 1000.000000000000000 ) ;
#339 =( GEOMETRIC_REPRESENTATION_CONTEXT ( 3 ) GLOBAL_UNCERTAINTY_ASSIGNED_CONTEXT ( ( #6292 ) ) GLOBAL_UNIT_ASSIGNED_CONTEXT ( ( #4648, #630, #3846 ) ) REPRESENTATION_CONTEXT ( 'NONE', 'WORKASPACE' ) );
#340 = PLANE ( 'NONE',  #4774 ) ;
#342 = ORIENTED_EDGE ( 'NONE', *, *, #8096, .T. ) ;
#341 = LINE ( 'NONE', #1760, #5185 ) ;
#343 = CARTESIAN_POINT ( 'NONE',  ( 26.00000000000002842, 49.00000000000004263, 15.00000000000001421 ) ) ;
#344 = ORIENTED_EDGE ( 'NONE', *, *, #393, .F. ) ;
#345 = EDGE_CURVE ( 'NONE', #8871, #5176, #312, .T. ) ;
#346 = CARTESIAN_POINT ( 'NONE',  ( 25.00000000000002132, 51.50000000000000000, 7.500000000000007105 ) ) ;
#347 = ORIENTED_EDGE ( 'NONE', *, *, #3103, .F. ) ;
#348 = AXIS2_PLACEMENT_3D ( 'NONE', #41, #5732, #6402 ) ;
#349 = DIRECTION ( 'NONE',  ( 0.000000000000000000, -1.000000000000000000, 0.000000000000000000 ) ) ;
#350 = LINE ( 'NONE', #8657, #9019 ) ;
#351 = DIRECTION ( 'NONE',  ( 1.000000000000000000, -7.590943252506637819E-32, 2.033782021272921061E-31 ) ) ;
#353 = ORIENTED_EDGE ( 'NONE', *, *, #9790, .F. ) ;
#352 = VECTOR ( 'NONE', #3352, 1000.000000000000000 ) ;
#354 = CARTESIAN_POINT ( 'NONE',  ( 107.4964237680542141, 120.0000000000000000, -7.257106052804482386E-17 ) ) ;
#355 = CARTESIAN_POINT ( 'NONE',  ( 359.0000000000000000, 147.5000000000000284, 7.500000000000007105 ) ) ;
#356 = EDGE_CURVE ( 'NONE', #2236, #610, #8723, .T. ) ;
#357 = DIRECTION ( 'NONE',  ( 2.033782021272921061E-31, -5.176899690512889973E-31, 1.000000000000000000 ) ) ;
#358 = LINE ( 'NONE', #2546, #3478 ) ;
#359 = VERTEX_POINT ( 'NONE', #3325 ) ;
#360 = PLANE ( 'NONE',  #6102 ) ;
#361 = ORIENTED_EDGE ( 'NONE', *, *, #6784, .F. ) ;
#362 = VERTEX_POINT ( 'NONE', #1812 ) ;
#363 = DIRECTION ( 'NONE',  ( 0.000000000000000000, 0.000000000000000000, 1.000000000000000000 ) ) ;
#364 = DIRECTION ( 'NONE',  ( 5.600273556634000138E-19, 1.000000000000000000, 1.387778780781445676E-17 ) ) ;
#365 = CARTESIAN_POINT ( 'NONE',  ( 26.65178594637492537, 245.0103191529037474, 10.09934173816033720 ) ) ;
#366 = DIRECTION ( 'NONE',  ( 0.000000000000000000, -0.000000000000000000, 1.000000000000000000 ) ) ;
#368 = ORIENTED_EDGE ( 'NONE', *, *, #5908, .F. ) ;
#367 = CIRCLE ( 'NONE', #7969, 6.000000000000005329 ) ;
#369 = DIRECTION ( 'NONE',  ( 1.000000000000000000, 0.000000000000000000, 0.000000000000000000 ) ) ;
#370 = ORIENTED_EDGE ( 'NONE', *, *, #4734, .F. ) ;
#371 = EDGE_LOOP ( 'NONE', ( #3561, #8725 ) ) ;
#372 = CARTESIAN_POINT ( 'NONE',  ( 382.0000000000000000, 51.49999999999999289, 15.00000000000001421 ) ) ;
#373 = EDGE_LOOP ( 'NONE', ( #1393, #843, #1704, #2222 ) ) ;
#374 = CARTESIAN_POINT ( 'NONE',  ( 375.9999999999999432, 89.25000000000015632, 0.000000000000000000 ) ) ;
#375 = DIRECTION ( 'NONE',  ( 2.609204460588636195E-49, 0.000000000000000000, -1.000000000000000000 ) ) ;
#376 = VERTEX_POINT ( 'NONE', #5029 ) ;
#377 = CARTESIAN_POINT ( 'NONE',  ( 8.000000000000007105, 51.50000000000000000, 14.99999999999990230 ) ) ;
#378 = CARTESIAN_POINT ( 'NONE',  ( 26.50000000000008527, 147.7693569123289308, 11.50000000000000888 ) ) ;
#379 = FILL_AREA_STYLE ('',( #9838 ) ) ;
#380 = EDGE_CURVE ( 'NONE', #8294, #2932, #3427, .T. ) ;
#381 = AXIS2_PLACEMENT_3D ( 'NONE', #10218, #3937, #7155 ) ;
#382 = CARTESIAN_POINT ( 'NONE',  ( 359.9999999999998863, 243.5000000000000000, -15.00000000000001599 ) ) ;
#384 = EDGE_LOOP ( 'NONE', ( #2121, #9425, #6158, #4966 ) ) ;
#383 = VECTOR ( 'NONE', #8601, 1000.000000000000000 ) ;
#385 = VECTOR ( 'NONE', #7229, 1000.000000000000000 ) ;
#386 = ORIENTED_EDGE ( 'NONE', *, *, #690, .T. ) ;
#387 = ORIENTED_EDGE ( 'NONE', *, *, #1138, .F. ) ;
#388 = CARTESIAN_POINT ( 'NONE',  ( 107.4964237680542141, 120.0000000000000000, 16.50000000000000000 ) ) ;
#389 = CARTESIAN_POINT ( 'NONE',  ( -6.123233995736783292E-17, 48.49999999999999289, 7.500000000000007105 ) ) ;
#390 = ADVANCED_FACE ( 'NONE', ( #8480 ), #4906, .F. ) ;
#391 = DIRECTION ( 'NONE',  ( -5.600273556634000138E-19, -1.000000000000000000, -1.387778780781445676E-17 ) ) ;
#392 = DIRECTION ( 'NONE',  ( 2.033782021272921061E-31, -5.176899690512889973E-31, 1.000000000000000000 ) ) ;
#393 = EDGE_CURVE ( 'NONE', #2236, #5052, #5900, .T. ) ;
#394 = CYLINDRICAL_SURFACE ( 'NONE', #2735, 4.000000000000003553 ) ;
#395 = FACE_BOUND ( 'NONE', #5565, .T. ) ;
#396 = CARTESIAN_POINT ( 'NONE',  ( 0.000000000000000000, 0.000000000000000000, 15.00000000000001421 ) ) ;
#397 = ORIENTED_EDGE ( 'NONE', *, *, #2859, .F. ) ;
#398 = AXIS2_PLACEMENT_3D ( 'NONE', #88, #904, #934 ) ;
#399 = EDGE_CURVE ( 'NONE', #7729, #10219, #7502, .T. ) ;
#400 = DIRECTION ( 'NONE',  ( 3.136292949173481922E-19, 1.387778780781445676E-17, -1.000000000000000000 ) ) ;
#401 = EDGE_CURVE ( 'NONE', #4454, #4600, #6377, .T. ) ;
#402 = CYLINDRICAL_SURFACE ( 'NONE', #2268, 4.000000000000003553 ) ;
#403 = CARTESIAN_POINT ( 'NONE',  ( 0.000000000000000000, 40.62500000000002132, 0.000000000000000000 ) ) ;
#404 = VECTOR ( 'NONE', #5824, 1000.000000000000000 ) ;
#405 = CARTESIAN_POINT ( 'NONE',  ( 26.49999999999996803, 51.49999999999999289, 10.49999999999995381 ) ) ;
#406 = CIRCLE ( 'NONE', #3368, 7.500000000000000000 ) ;
#407 = ORIENTED_EDGE ( 'NONE', *, *, #3350, .F. ) ;
#408 = STYLED_ITEM ( 'NONE', ( #4665 ), #4903 ) ;
#409 = ITEM_DEFINED_TRANSFORMATION ( 'NONE', 'NONE', #1225,  #3788 ) ;
#410 = CARTESIAN_POINT ( 'NONE',  ( 306.0000000000003411, 49.00000000000004263, 9.000000000000007105 ) ) ;
#411 = EDGE_CURVE ( 'NONE', #2595, #6076, #692, .T. ) ;
#412 = AXIS2_PLACEMENT_3D ( 'NONE', #3422, #4211, #9720 ) ;
#413 = DIRECTION ( 'NONE',  ( 0.2756373558169957771, 0.9612616959383197823, 0.000000000000000000 ) ) ;
#414 = CARTESIAN_POINT ( 'NONE',  ( 310.0000000000003411, 49.00000000000004263, 0.000000000000000000 ) ) ;
#415 = EDGE_CURVE ( 'NONE', #10075, #8250, #5281, .T. ) ;
#416 = DIRECTION ( 'NONE',  ( 0.000000000000000000, 1.000000000000000000, 0.000000000000000000 ) ) ;
#417 = LINE ( 'NONE', #3210, #6232 ) ;
#418 = CARTESIAN_POINT ( 'NONE',  ( 26.61168822410679269, 148.8126606079631529, 11.28745264298620476 ) ) ;
#419 = FACE_OUTER_BOUND ( 'NONE', #6281, .T. ) ;
#420 = ORIENTED_EDGE ( 'NONE', *, *, #5260, .F. ) ;
#421 = ITEM_DEFINED_TRANSFORMATION ( 'NONE', 'NONE', #8692,  #3788 ) ;
#422 = DIRECTION ( 'NONE',  ( 1.000000000000000000, 5.600273556634003027E-19, -3.136292949173481922E-19 ) ) ;
#423 = ORIENTED_EDGE ( 'NONE', *, *, #4511, .T. ) ;
#424 = PRODUCT_RELATED_PRODUCT_CATEGORY ( 'part', '', ( #5903 ) ) ;
#425 = CARTESIAN_POINT ( 'NONE',  ( 26.50000000000003197, 51.49999999999999289, 15.00000000000001421 ) ) ;
#426 = CYLINDRICAL_SURFACE ( 'NONE', #7092, 3.000000000000002665 ) ;
#427 = EDGE_CURVE ( 'NONE', #9780, #10212, #4286, .T. ) ;
#428 = DIRECTION ( 'NONE',  ( 2.033782021272921061E-31, 5.176899690512889973E-31, 1.000000000000000000 ) ) ;
#429 = VECTOR ( 'NONE', #1269, 1000.000000000000000 ) ;
#430 = ORIENTED_EDGE ( 'NONE', *, *, #10217, .T. ) ;
#431 = SHAPE_REPRESENTATION_RELATIONSHIP ( 'NONE' , 'NONE' ,  #1063, #10143 ) ;
#432 = DIRECTION ( 'NONE',  ( 2.033782021272921061E-31, 5.176899690512889973E-31, 1.000000000000000000 ) ) ;
#433 = PLANE ( 'NONE',  #9745 ) ;
#434 = ADVANCED_FACE ( 'NONE', ( #7984 ), #9631, .F. ) ;
#435 = CIRCLE ( 'NONE', #7864, 3.000000000000004441 ) ;
#436 = DIRECTION ( 'NONE',  ( 0.000000000000000000, -1.000000000000000000, 0.000000000000000000 ) ) ;
#437 = FACE_OUTER_BOUND ( 'NONE', #1177, .T. ) ;
#438 = DIRECTION ( 'NONE',  ( 2.033782021272921061E-31, 5.176899690512889973E-31, 1.000000000000000000 ) ) ;
#439 = CARTESIAN_POINT ( 'NONE',  ( 26.84650438807687323, 241.2421252435723886, -5.515134118303095967 ) ) ;
#440 = CARTESIAN_POINT ( 'NONE',  ( 1055.000000000000000, 243.5000000000000000, -7.499999999999949374 ) ) ;
#441 = ADVANCED_FACE ( 'NONE', ( #2172, #9579, #1077 ), #7307, .T. ) ;
#442 = VECTOR ( 'NONE', #4164, 1000.000000000000000 ) ;
#443 = LINE ( 'NONE', #5555, #6264 ) ;
#444 = COLOUR_RGB ( '',1.000000000000000000, 1.000000000000000000, 1.000000000000000000 ) ;
#445 = DIRECTION ( 'NONE',  ( 1.000000000000000000, 0.000000000000000000, -2.609204460588635816E-49 ) ) ;
#446 = EDGE_LOOP ( 'NONE', ( #2977, #1626, #4361, #2842 ) ) ;
#447 = PRODUCT_DEFINITION_CONTEXT ( 'detailed design', #1771, 'design' ) ;
#448 = EDGE_LOOP ( 'NONE', ( #7069, #9163, #4095, #9728 ) ) ;
#449 = PLANE ( 'NONE',  #679 ) ;
#450 = EDGE_CURVE ( 'NONE', #7327, #4777, #7255, .T. ) ;
#451 = ORIENTED_EDGE ( 'NONE', *, *, #10105, .F. ) ;
#453 = ORIENTED_EDGE ( 'NONE', *, *, #1423, .F. ) ;
#452 = LINE ( 'NONE', #5630, #2686 ) ;
#454 = ORIENTED_EDGE ( 'NONE', *, *, #10116, .F. ) ;
#455 = CARTESIAN_POINT ( 'NONE',  ( 730.5000000000000000, 147.5000000000000000, 3.000000000000002665 ) ) ;
#456 = AXIS2_PLACEMENT_3D ( 'NONE', #6329, #8956, #1055 ) ;
#457 = ORIENTED_EDGE ( 'NONE', *, *, #4921, .F. ) ;
#458 = DIRECTION ( 'NONE',  ( 1.000000000000000000, 0.000000000000000000, 0.000000000000000000 ) ) ;
#459 = EDGE_CURVE ( 'NONE', #506, #5713, #10070, .T. ) ;
#460 = DIRECTION ( 'NONE',  ( 0.000000000000000000, 0.000000000000000000, -1.000000000000000000 ) ) ;
#461 = UNCERTAINTY_MEASURE_WITH_UNIT (LENGTH_MEASURE( 1.000000000000000082E-05 ), #8584, 'distance_accuracy_value', 'NONE');
#462 = DIRECTION ( 'NONE',  ( -0.000000000000000000, -1.000000000000000000, -0.000000000000000000 ) ) ;
#463 = EDGE_LOOP ( 'NONE', ( #714, #1888, #8315, #3736 ) ) ;
#465 = ORIENTED_EDGE ( 'NONE', *, *, #9731, .T. ) ;
#464 = CIRCLE ( 'NONE', #5985, 6.000000000000019540 ) ;
#466 = AXIS2_PLACEMENT_3D ( 'NONE', #8240, #7390, #6564 ) ;
#467 = ORIENTED_EDGE ( 'NONE', *, *, #8798, .T. ) ;
#468 = CARTESIAN_POINT ( 'NONE',  ( 730.5000000000000000, 147.5000000000000000, 15.00000000000001599 ) ) ;
#469 = ORIENTED_EDGE ( 'NONE', *, *, #8439, .F. ) ;
#470 = EDGE_CURVE ( 'NONE', #10215, #10134, #2543, .T. ) ;
#471 = DIRECTION ( 'NONE',  ( 1.000000000000000000, 0.000000000000000000, 0.000000000000000000 ) ) ;
#472 = VECTOR ( 'NONE', #5242, 1000.000000000000000 ) ;
#473 = EDGE_CURVE ( 'NONE', #1834, #9438, #4025, .T. ) ;
#474 = ORIENTED_EDGE ( 'NONE', *, *, #9849, .T. ) ;
#475 = CARTESIAN_POINT ( 'NONE',  ( 297.0000000000000568, 336.0000000000001705, 3.000000000000058176 ) ) ;
#476 = VERTEX_POINT ( 'NONE', #2736 ) ;
#477 = ORIENTED_EDGE ( 'NONE', *, *, #2592, .F. ) ;
#478 = DIRECTION ( 'NONE',  ( -1.000000000000000000, 0.000000000000000000, 8.441837551339287274E-51 ) ) ;
#479 = DIRECTION ( 'NONE',  ( 1.000000000000000000, 0.000000000000000000, 0.000000000000000000 ) ) ;
#480 = ADVANCED_FACE ( 'NONE', ( #7726 ), #5647, .F. ) ;
#481 = FACE_OUTER_BOUND ( 'NONE', #7431, .T. ) ;
#482 = DIRECTION ( 'NONE',  ( 0.000000000000000000, 0.000000000000000000, -1.000000000000000000 ) ) ;
#483 = ORIENTED_EDGE ( 'NONE', *, *, #2534, .T. ) ;
#484 = EDGE_CURVE ( 'NONE', #3667, #7121, #9212, .T. ) ;
#485 = DIRECTION ( 'NONE',  ( 1.000000000000000000, 5.600273556634003027E-19, -3.136292949173481922E-19 ) ) ;
#486 = EDGE_LOOP ( 'NONE', ( #5393, #2473, #4890, #123 ) ) ;
#487 = ADVANCED_FACE ( 'NONE', ( #437 ), #8227, .F. ) ;
#489 = ORIENTED_EDGE ( 'NONE', *, *, #3393, .T. ) ;
#488 = FACE_OUTER_BOUND ( 'NONE', #9647, .T. ) ;
#490 = DIRECTION ( 'NONE',  ( -3.136292949173481922E-19, -1.387778780781445676E-17, 1.000000000000000000 ) ) ;
#491 = CARTESIAN_POINT ( 'NONE',  ( 8.000000000000007105, 243.5000000000000284, 2.999999999999891642 ) ) ;
#492 = ORIENTED_EDGE ( 'NONE', *, *, #8845, .F. ) ;
#493 = ORIENTED_EDGE ( 'NONE', *, *, #8411, .F. ) ;
#494 = ORIENTED_EDGE ( 'NONE', *, *, #6049, .F. ) ;
#495 = EDGE_CURVE ( 'NONE', #4552, #2211, #9098, .T. ) ;
#496 = DIRECTION ( 'NONE',  ( 1.000000000000000000, 0.000000000000000000, 0.000000000000000000 ) ) ;
#497 = PLANE ( 'NONE',  #3977 ) ;
#499 = EDGE_LOOP ( 'NONE', ( #8866, #992, #9639, #5199 ) ) ;
#498 = LINE ( 'NONE', #2691, #7441 ) ;
#500 = ORIENTED_EDGE ( 'NONE', *, *, #4048, .F. ) ;
#501 = LINE ( 'NONE', #9954, #5591 ) ;
#502 = AXIS2_PLACEMENT_3D ( 'NONE', #9705, #1885, #1166 ) ;
#503 = ORIENTED_EDGE ( 'NONE', *, *, #8613, .T. ) ;
#504 = DIRECTION ( 'NONE',  ( 2.033782021272921061E-31, 5.176899690512889973E-31, 1.000000000000000000 ) ) ;
#505 = CARTESIAN_POINT ( 'NONE',  ( 26.61801411673118523, 242.1621112286506730, -10.19233212804520505 ) ) ;
#506 = VERTEX_POINT ( 'NONE', #6659 ) ;
#507 = CARTESIAN_POINT ( 'NONE',  ( 26.65178594637492182, 53.01031915290372609, 10.09934173816034075 ) ) ;
#508 = CARTESIAN_POINT ( 'NONE',  ( 320.0000000000003411, 49.00000000000004263, 9.000000000000007105 ) ) ;
#509 = AXIS2_PLACEMENT_3D ( 'NONE', #3489, #4278, #3552 ) ;
#510 = VECTOR ( 'NONE', #3028, 1000.000000000000000 ) ;
#511 = DIRECTION ( 'NONE',  ( 3.136292949173481922E-19, 1.387778780781445676E-17, -1.000000000000000000 ) ) ;
#512 = DIRECTION ( 'NONE',  ( 1.000000000000000000, 5.600273556634003027E-19, -3.136292949173481922E-19 ) ) ;
#513 = FACE_OUTER_BOUND ( 'NONE', #7720, .T. ) ;
#514 = DIRECTION ( 'NONE',  ( 2.033782021272921061E-31, 5.176899690512889973E-31, 1.000000000000000000 ) ) ;
#515 = VERTEX_POINT ( 'NONE', #5168 ) ;
#516 = AXIS2_PLACEMENT_3D ( 'NONE', #7170, #2392, #65 ) ;
#517 = CARTESIAN_POINT ( 'NONE',  ( 0.000000000000000000, -6.729969597666759768E-30, 13.00000000000001421 ) ) ;
#518 = CARTESIAN_POINT ( 'NONE',  ( 5.500000000000006217, 51.50000000000000000, 14.99999999999990230 ) ) ;
#519 = DIRECTION ( 'NONE',  ( -5.600273556634000138E-19, -1.000000000000000000, 6.938893903907225296E-18 ) ) ;
#520 =( GEOMETRIC_REPRESENTATION_CONTEXT ( 3 ) GLOBAL_UNCERTAINTY_ASSIGNED_CONTEXT ( ( #1658 ) ) GLOBAL_UNIT_ASSIGNED_CONTEXT ( ( #8195, #9830, #6761 ) ) REPRESENTATION_CONTEXT ( 'NONE', 'WORKASPACE' ) );
#521 = CARTESIAN_POINT ( 'NONE',  ( 34.00000000000002842, 243.5000000000000000, -1.500000000000001332 ) ) ;
#522 = VECTOR ( 'NONE', #5895, 1000.000000000000000 ) ;
#523 = FACE_OUTER_BOUND ( 'NONE', #1874, .T. ) ;
#524 = FACE_OUTER_BOUND ( 'NONE', #6068, .T. ) ;
#525 = ORIENTED_EDGE ( 'NONE', *, *, #7156, .T. ) ;
#526 = CARTESIAN_POINT ( 'NONE',  ( 0.000000000000000000, 274.9999999999998863, 0.000000000000000000 ) ) ;
#527 = CARTESIAN_POINT ( 'NONE',  ( 24.99999999999991118, 243.5000000000001137, 7.499999999999951150 ) ) ;
#528 = CARTESIAN_POINT ( 'NONE',  ( 306.0000000000003979, 241.0000000000003126, 15.00000000000001421 ) ) ;
#529 = DIRECTION ( 'NONE',  ( 1.000000000000000000, 0.000000000000000000, 0.000000000000000000 ) ) ;
#530 = VECTOR ( 'NONE', #7126, 1000.000000000000000 ) ;
#531 = STYLED_ITEM ( 'NONE', ( #4733 ), #5796 ) ;
#532 = EDGE_CURVE ( 'NONE', #6437, #8500, #8852, .T. ) ;
#533 = CIRCLE ( 'NONE', #3900, 2.499999999999946709 ) ;
#534 = ORIENTED_EDGE ( 'NONE', *, *, #6220, .T. ) ;
#535 = DIRECTION ( 'NONE',  ( -1.941925118803053938E-33, 0.000000000000000000, 1.000000000000000000 ) ) ;
#536 = EDGE_CURVE ( 'NONE', #4519, #6893, #7002, .T. ) ;
#537 = VERTEX_POINT ( 'NONE', #1688 ) ;
#538 = DIRECTION ( 'NONE',  ( 1.000000000000000000, 0.000000000000000000, 0.000000000000000000 ) ) ;
#539 = DIRECTION ( 'NONE',  ( -1.000000000000000000, 0.000000000000000000, 0.000000000000000000 ) ) ;
#540 = CARTESIAN_POINT ( 'NONE',  ( 26.84751091455459004, 53.76112384590958015, 5.518685501409448690 ) ) ;
#541 =( GEOMETRIC_REPRESENTATION_CONTEXT ( 3 ) GLOBAL_UNCERTAINTY_ASSIGNED_CONTEXT ( ( #2614 ) ) GLOBAL_UNIT_ASSIGNED_CONTEXT ( ( #3882, #9401, #737 ) ) REPRESENTATION_CONTEXT ( 'NONE', 'WORKASPACE' ) );
#542 = ADVANCED_FACE ( 'NONE', ( #5537 ), #2786, .F. ) ;
#543 = FACE_OUTER_BOUND ( 'NONE', #3614, .T. ) ;
#544 = CARTESIAN_POINT ( 'NONE',  ( 728.0000000000001137, 147.5000000000000000, -3.000000000000002665 ) ) ;
#545 = CIRCLE ( 'NONE', #10243, 6.000000000000005329 ) ;
#546 = VERTEX_POINT ( 'NONE', #5676 ) ;
#547 = PRESENTATION_STYLE_ASSIGNMENT (( #10157 ) ) ;
#548 = EDGE_CURVE ( 'NONE', #9764, #9973, #4657, .T. ) ;
#549 = PLANE ( 'NONE',  #10106 ) ;
#550 = VERTEX_POINT ( 'NONE', #5638 ) ;
#551 = CARTESIAN_POINT ( 'NONE',  ( 728.0000000000001137, 51.49999999999999289, 15.00000000000001599 ) ) ;
#552 = AXIS2_PLACEMENT_3D ( 'NONE', #1050, #4891, #2655 ) ;
#553 = DIRECTION ( 'NONE',  ( 2.609204460588635816E-49, 0.000000000000000000, -1.000000000000000000 ) ) ;
#554 = DIRECTION ( 'NONE',  ( 2.033782021272921061E-31, 5.176899690512889973E-31, 1.000000000000000000 ) ) ;
#555 = DIRECTION ( 'NONE',  ( 0.000000000000000000, 1.000000000000000000, 0.000000000000000000 ) ) ;
#556 = CIRCLE ( 'NONE', #3633, 2.499999999999891198 ) ;
#557 = DIRECTION ( 'NONE',  ( -1.000000000000000000, -5.600273556634003027E-19, 3.136292949173481922E-19 ) ) ;
#558 = CYLINDRICAL_SURFACE ( 'NONE', #2112, 4.000000000000003553 ) ;
#559 = ORIENTED_EDGE ( 'NONE', *, *, #10035, .F. ) ;
#560 = CARTESIAN_POINT ( 'NONE',  ( 92.00000000000000000, 336.0000000000002842, 15.00000000000000711 ) ) ;
#561 =( NAMED_UNIT ( * ) PLANE_ANGLE_UNIT ( ) SI_UNIT ( $, .RADIAN. ) );
#562 = EDGE_CURVE ( 'NONE', #5563, #8398, #2910, .T. ) ;
#563 = ADVANCED_FACE ( 'NONE', ( #3546 ), #5919, .F. ) ;
#564 = DIRECTION ( 'NONE',  ( 2.033782021272921061E-31, -5.176899690512889973E-31, -1.000000000000000000 ) ) ;
#565 = LINE ( 'NONE', #746, #6374 ) ;
#566 = DIRECTION ( 'NONE',  ( 1.000000000000000000, 0.000000000000000000, 0.000000000000000000 ) ) ;
#567 = CIRCLE ( 'NONE', #8270, 4.000000000000003553 ) ;
#568 = CIRCLE ( 'NONE', #9929, 2.499999999999946709 ) ;
#569 = VERTEX_POINT ( 'NONE', #1178 ) ;
#570 = CARTESIAN_POINT ( 'NONE',  ( 0.000000000000000000, -7.765349535769339163E-30, 15.00000000000001599 ) ) ;
#571 = ORIENTED_EDGE ( 'NONE', *, *, #3409, .F. ) ;
#572 = ORIENTED_EDGE ( 'NONE', *, *, #10203, .F. ) ;
#573 = CARTESIAN_POINT ( 'NONE',  ( 331.5875855895268955, 151.0870984897869107, 9.289245272046631641 ) ) ;
#574 = CARTESIAN_POINT ( 'NONE',  ( 78.99999999999995737, 336.0000000000002842, 15.00000000000000711 ) ) ;
#575 = CYLINDRICAL_SURFACE ( 'NONE', #4908, 3.000000000000002665 ) ;
#576 = FACE_BOUND ( 'NONE', #8346, .T. ) ;
#577 = VERTEX_POINT ( 'NONE', #2683 ) ;
#578 = CARTESIAN_POINT ( 'NONE',  ( 4.000000000000003553, 51.49999999999999289, 15.00000000000001421 ) ) ;
#579 = UNCERTAINTY_MEASURE_WITH_UNIT (LENGTH_MEASURE( 1.000000000000000082E-05 ), #5886, 'distance_accuracy_value', 'NONE');
#580 = AXIS2_PLACEMENT_3D ( 'NONE', #4072, #6494, #4005 ) ;
#581 = DIRECTION ( 'NONE',  ( -5.600273556634000138E-19, -1.000000000000000000, -1.387778780781445676E-17 ) ) ;
#582 = ORIENTED_EDGE ( 'NONE', *, *, #5413, .T. ) ;
#583 = CARTESIAN_POINT ( 'NONE',  ( 390.0000000000000000, -6.162975822039154730E-30, 0.000000000000000000 ) ) ;
#585 = ORIENTED_EDGE ( 'NONE', *, *, #3545, .T. ) ;
#584 = CIRCLE ( 'NONE', #3653, 4.000000000000003553 ) ;
#586 = DIRECTION ( 'NONE',  ( 1.000000000000000000, -7.590943252506637819E-32, -2.033782021272921061E-31 ) ) ;
#587 = ORIENTED_EDGE ( 'NONE', *, *, #9418, .T. ) ;
#588 = EDGE_CURVE ( 'NONE', #767, #3612, #4782, .T. ) ;
#589 = CARTESIAN_POINT ( 'NONE',  ( 26.00000000000003908, 235.0000000000003126, 9.000000000000007105 ) ) ;
#590 =( NAMED_UNIT ( * ) PLANE_ANGLE_UNIT ( ) SI_UNIT ( $, .RADIAN. ) );
#591 = VECTOR ( 'NONE', #2402, 1000.000000000000000 ) ;
#592 = CARTESIAN_POINT ( 'NONE',  ( 0.000000000000000000, 353.0000000000001705, -6.938893903907228378E-15 ) ) ;
#594 = ORIENTED_EDGE ( 'NONE', *, *, #3773, .T. ) ;
#593 = VECTOR ( 'NONE', #2166, 1000.000000000000000 ) ;
#595 = ADVANCED_FACE ( 'NONE', ( #4279 ), #7228, .F. ) ;
#596 = DIRECTION ( 'NONE',  ( -1.941925118803053938E-33, 0.000000000000000000, -1.000000000000000000 ) ) ;
#597 = EDGE_CURVE ( 'NONE', #7932, #3816, #1431, .T. ) ;
#598 = ORIENTED_EDGE ( 'NONE', *, *, #6848, .T. ) ;
#599 = PLANE ( 'NONE',  #3565 ) ;
#600 = ORIENTED_EDGE ( 'NONE', *, *, #8035, .T. ) ;
#601 = CARTESIAN_POINT ( 'NONE',  ( 823.4999999999998863, 237.9999999999999716, 15.00000000000001421 ) ) ;
#602 = PLANE ( 'NONE',  #3466 ) ;
#603 = FACE_OUTER_BOUND ( 'NONE', #4445, .T. ) ;
#604 = AXIS2_PLACEMENT_3D ( 'NONE', #5799, #7380, #9775 ) ;
#606 = ORIENTED_EDGE ( 'NONE', *, *, #7300, .T. ) ;
#605 = LINE ( 'NONE', #5576, #6421 ) ;
#607 = DIRECTION ( 'NONE',  ( 1.000000000000000000, 2.107444935536021046E-17, 2.033782021272921061E-31 ) ) ;
#608 = EDGE_CURVE ( 'NONE', #3612, #8572, #5275, .T. ) ;
#609 = CARTESIAN_POINT ( 'NONE',  ( 331.6533211089977726, 150.9654076906635112, 5.485656285389976183 ) ) ;
#610 = VERTEX_POINT ( 'NONE', #7467 ) ;
#611 = AXIS2_PLACEMENT_3D ( 'NONE', #5640, #7913, #8703 ) ;
#612 = DIRECTION ( 'NONE',  ( 1.000000000000000000, -7.590943252506637819E-32, 2.033782021272921061E-31 ) ) ;
#613 = ADVANCED_FACE ( 'NONE', ( #7974 ), #4323, .F. ) ;
#614 = EDGE_CURVE ( 'NONE', #8658, #9321, #9573, .T. ) ;
#615 = PRODUCT_DEFINITION_SHAPE ( 'NONE', 'NONE',  #8304 ) ;
#616 = FACE_OUTER_BOUND ( 'NONE', #6508, .T. ) ;
#617 = CARTESIAN_POINT ( 'NONE',  ( 340.0000000000003979, 5.551115123125782702E-14, 15.00000000000001421 ) ) ;
#618 = VERTEX_POINT ( 'NONE', #8248 ) ;
#619 = VERTEX_POINT ( 'NONE', #8009 ) ;
#620 = DIRECTION ( 'NONE',  ( 2.033782021272921061E-31, 5.176899690512889973E-31, -1.000000000000000000 ) ) ;
#621 = VERTEX_POINT ( 'NONE', #1966 ) ;
#622 = CARTESIAN_POINT ( 'NONE',  ( 324.9999999999999432, 147.5000000000000853, 15.00000000000001421 ) ) ;
#623 = CARTESIAN_POINT ( 'NONE',  ( 34.00000000000002842, 51.49999999999999289, 1.500000000000001332 ) ) ;
#624 = EDGE_CURVE ( 'NONE', #6138, #9640, #8606, .T. ) ;
#625 = CARTESIAN_POINT ( 'NONE',  ( 27.05956139897391921, 48.65626206597508485, 8.475297298485665820 ) ) ;
#627 = VERTEX_POINT ( 'NONE', #6723 ) ;
#626 = CYLINDRICAL_SURFACE ( 'NONE', #7457, 2.500000000000002220 ) ;
#628 = EDGE_LOOP ( 'NONE', ( #3227, #2077, #4212, #9606 ) ) ;
#629 = CARTESIAN_POINT ( 'NONE',  ( 263.9999999999998863, 51.49999999999999289, 15.00000000000001599 ) ) ;
#630 =( NAMED_UNIT ( * ) PLANE_ANGLE_UNIT ( ) SI_UNIT ( $, .RADIAN. ) );
#631 = ORIENTED_EDGE ( 'NONE', *, *, #5458, .F. ) ;
#632 = VERTEX_POINT ( 'NONE', #2649 ) ;
#633 = CARTESIAN_POINT ( 'NONE',  ( 27.17443692494286722, 4.069378545366930699E-17, 0.000000000000000000 ) ) ;
#634 = DIRECTION ( 'NONE',  ( 0.000000000000000000, -0.000000000000000000, -1.000000000000000000 ) ) ;
#635 = CYLINDRICAL_SURFACE ( 'NONE', #3323, 3.000000000000058176 ) ;
#636 = CARTESIAN_POINT ( 'NONE',  ( 390.0000000000000000, 294.9999999999998295, 14.99999999999990230 ) ) ;
#637 = PLANE ( 'NONE',  #1477 ) ;
#638 = FACE_OUTER_BOUND ( 'NONE', #6191, .T. ) ;
#639 = CARTESIAN_POINT ( 'NONE',  ( 1055.000000000000000, 243.5000000000000000, 7.499999999999949374 ) ) ;
#640 = ORIENTED_EDGE ( 'NONE', *, *, #4910, .F. ) ;
#641 = ORIENTED_EDGE ( 'NONE', *, *, #9646, .F. ) ;
#642 = DIRECTION ( 'NONE',  ( 1.000000000000000000, 0.000000000000000000, 0.000000000000000000 ) ) ;
#643 = AXIS2_PLACEMENT_3D ( 'NONE', #3047, #10230, #3928 ) ;
#644 = LINE ( 'NONE', #7733, #9419 ) ;
#645 = CARTESIAN_POINT ( 'NONE',  ( 332.4999999999998863, 147.5000000000000853, 11.50000000000001066 ) ) ;
#646 = DIRECTION ( 'NONE',  ( 1.000000000000000000, 0.000000000000000000, 0.000000000000000000 ) ) ;
#647 = CIRCLE ( 'NONE', #7629, 2.499999999999891198 ) ;
#648 = CARTESIAN_POINT ( 'NONE',  ( 272.0000000000003411, 49.00000000000004263, 15.00000000000001421 ) ) ;
#649 = ORIENTED_EDGE ( 'NONE', *, *, #8110, .T. ) ;
#650 = CARTESIAN_POINT ( 'NONE',  ( 1017.999999999999545, 237.9999999999999432, 15.00000000000001421 ) ) ;
#651 = CARTESIAN_POINT ( 'NONE',  ( 1055.000000000000000, 51.49999999999999289, -10.49999999999995204 ) ) ;
#652 = EDGE_CURVE ( 'NONE', #9734, #8710, #9695, .T. ) ;
#653 = CARTESIAN_POINT ( 'NONE',  ( 0.000000000000000000, 0.000000000000000000, 15.00000000000001421 ) ) ;
#654 = CIRCLE ( 'NONE', #8682, 2.499999999999891198 ) ;
#655 = AXIS2_PLACEMENT_3D ( 'NONE', #8745, #1703, #5584 ) ;
#656 = DIRECTION ( 'NONE',  ( -1.000000000000000000, 7.590943252506637819E-32, -2.033782021272921061E-31 ) ) ;
#657 = VECTOR ( 'NONE', #1824, 1000.000000000000000 ) ;
#658 = CARTESIAN_POINT ( 'NONE',  ( -2.775557561562891351E-14, 290.0000000000002842, 15.00000000000001421 ) ) ;
#659 = FACE_OUTER_BOUND ( 'NONE', #1830, .T. ) ;
#660 = ORIENTED_EDGE ( 'NONE', *, *, #3871, .T. ) ;
#661 = ITEM_DEFINED_TRANSFORMATION ( 'NONE', 'NONE', #4056,  #3788 ) ;
#662 = AXIS2_PLACEMENT_3D ( 'NONE', #211, #8128, #9699 ) ;
#663 = CARTESIAN_POINT ( 'NONE',  ( 1015.499999999999659, 237.9999999999999432, 15.00000000000001421 ) ) ;
#664 = EDGE_CURVE ( 'NONE', #2356, #2760, #7372, .T. ) ;
#665 = CARTESIAN_POINT ( 'NONE',  ( 68.00000000000008527, 49.00000000000009948, 9.000000000000007105 ) ) ;
#666 =( NAMED_UNIT ( * ) PLANE_ANGLE_UNIT ( ) SI_UNIT ( $, .RADIAN. ) );
#667 = ADVANCED_FACE ( 'NONE', ( #3156 ), #125, .T. ) ;
#668 = DIRECTION ( 'NONE',  ( -2.609204460588635816E-49, 0.000000000000000000, 1.000000000000000000 ) ) ;
#669 = VECTOR ( 'NONE', #6881, 1000.000000000000000 ) ;
#670 = FACE_BOUND ( 'NONE', #2453, .T. ) ;
#671 = ORIENTED_EDGE ( 'NONE', *, *, #1995, .F. ) ;
#672 = AXIS2_PLACEMENT_3D ( 'NONE', #5011, #1104, #8279 ) ;
#673 = CARTESIAN_POINT ( 'NONE',  ( 6.938893903907228378E-15, 133.8750000000001990, -3.469446951953614189E-15 ) ) ;
#674 = SHAPE_DEFINITION_REPRESENTATION ( #9549, #7935 ) ;
#675 = CARTESIAN_POINT ( 'NONE',  ( 0.000000000000000000, 0.000000000000000000, 3.000000000000002665 ) ) ;
#676 = ORIENTED_EDGE ( 'NONE', *, *, #116, .T. ) ;
#677 = EDGE_CURVE ( 'NONE', #2059, #5816, #1071, .T. ) ;
#678 = CARTESIAN_POINT ( 'NONE',  ( 34.00000000000002842, 147.5000000000000853, 15.00000000000001421 ) ) ;
#679 = AXIS2_PLACEMENT_3D ( 'NONE', #5867, #8263, #6737 ) ;
#680 = EDGE_CURVE ( 'NONE', #5848, #5884, #10059, .T. ) ;
#681 = VECTOR ( 'NONE', #6964, 1000.000000000000000 ) ;
#682 = VECTOR ( 'NONE', #7524, 1000.000000000000000 ) ;
#683 = ORIENTED_EDGE ( 'NONE', *, *, #9279, .F. ) ;
#684 = CARTESIAN_POINT ( 'NONE',  ( 332.2271227098323152, 149.5174353519653039, 10.96380621849315062 ) ) ;
#685 = DIRECTION ( 'NONE',  ( -5.600273556634000138E-19, -1.000000000000000000, 6.938893903907225296E-18 ) ) ;
#686 = ORIENTED_EDGE ( 'NONE', *, *, #6792, .T. ) ;
#687 = CARTESIAN_POINT ( 'NONE',  ( 102.0000000000001279, 247.0000000000003411, 9.000000000000007105 ) ) ;
#688 = PRODUCT_DEFINITION_FORMATION_WITH_SPECIFIED_SOURCE ( 'ANY', '', #5822, .NOT_KNOWN. ) ;
#689 = VECTOR ( 'NONE', #3516, 1000.000000000000000 ) ;
#690 = EDGE_CURVE ( 'NONE', #7875, #97, #7620, .T. ) ;
#691 = DIRECTION ( 'NONE',  ( 0.000000000000000000, -1.000000000000000000, 0.000000000000000000 ) ) ;
#692 = LINE ( 'NONE', #306, #1318 ) ;
#693 = AXIS2_PLACEMENT_3D ( 'NONE', #6939, #8520, #529 ) ;
#694 = DIRECTION ( 'NONE',  ( -0.000000000000000000, 0.000000000000000000, 1.000000000000000000 ) ) ;
#695 = CARTESIAN_POINT ( 'NONE',  ( 0.000000000000000000, -1.553069907153868393E-30, -3.000000000000002665 ) ) ;
#696 = CARTESIAN_POINT ( 'NONE',  ( 34.00000000000002842, 51.49999999999999289, -15.00000000000001421 ) ) ;
#697 = DIRECTION ( 'NONE',  ( 2.033782021272921061E-31, -5.176899690512889973E-31, 1.000000000000000000 ) ) ;
#698 = FACE_OUTER_BOUND ( 'NONE', #9070, .T. ) ;
#699 = FILL_AREA_STYLE ('',( #2257 ) ) ;
#700 = VERTEX_POINT ( 'NONE', #5159 ) ;
#701 = EDGE_CURVE ( 'NONE', #6649, #9321, #9943, .T. ) ;
#702 = DIRECTION ( 'NONE',  ( 1.000000000000000000, 0.000000000000000000, 0.000000000000000000 ) ) ;
#703 = VERTEX_POINT ( 'NONE', #2096 ) ;
#704 = CARTESIAN_POINT ( 'NONE',  ( 269.5000000000004547, 209.0000000000003695, 0.000000000000000000 ) ) ;
#705 = CARTESIAN_POINT ( 'NONE',  ( 332.4299434818551617, 146.4445303763658046, 11.36730770653026745 ) ) ;
#706 = CARTESIAN_POINT ( 'NONE',  ( 0.000000000000000000, 294.9999999999998863, 15.00000000000001421 ) ) ;
#707 = AXIS2_PLACEMENT_3D ( 'NONE', #5342, #697, #586 ) ;
#708 = CARTESIAN_POINT ( 'NONE',  ( 390.0000000000000000, -6.162975822039154730E-30, 14.99999999999990230 ) ) ;
#709 = ORIENTED_EDGE ( 'NONE', *, *, #6708, .T. ) ;
#711 = ORIENTED_EDGE ( 'NONE', *, *, #2603, .T. ) ;
#710 = CIRCLE ( 'NONE', #5124, 2.499999999999891198 ) ;
#712 = ORIENTED_EDGE ( 'NONE', *, *, #8077, .F. ) ;
#713 = PLANE ( 'NONE',  #8552 ) ;
#714 = ORIENTED_EDGE ( 'NONE', *, *, #4872, .F. ) ;
#715 = CARTESIAN_POINT ( 'NONE',  ( 68.00000000000009948, 81.00000000000001421, 15.00000000000001421 ) ) ;
#716 = AXIS2_PLACEMENT_3D ( 'NONE', #7389, #9102, #2638 ) ;
#717 = AXIS2_PLACEMENT_3D ( 'NONE', #7582, #2830, #4475 ) ;
#718 = CARTESIAN_POINT ( 'NONE',  ( 331.3484004815983326, 151.4935019837913046, 7.764350776979301649 ) ) ;
#719 = DIRECTION ( 'NONE',  ( -5.600273556634000138E-19, -1.000000000000000000, 6.938893903907225296E-18 ) ) ;
#720 = ADVANCED_FACE ( 'NONE', ( #2658 ), #8425, .T. ) ;
#721 = ORIENTED_EDGE ( 'NONE', *, *, #4910, .T. ) ;
#723 = VERTEX_POINT ( 'NONE', #403 ) ;
#722 = VECTOR ( 'NONE', #8282, 1000.000000000000000 ) ;
#724 = DIRECTION ( 'NONE',  ( 1.000000000000000000, 0.000000000000000000, 0.000000000000000000 ) ) ;
#725 = ORIENTED_EDGE ( 'NONE', *, *, #2657, .F. ) ;
#726 = AXIS2_PLACEMENT_3D ( 'NONE', #3800, #3664, #9246 ) ;
#727 = EDGE_LOOP ( 'NONE', ( #4330, #7690, #4101, #3261 ) ) ;
#728 = ORIENTED_EDGE ( 'NONE', *, *, #4734, .T. ) ;
#729 = CARTESIAN_POINT ( 'NONE',  ( 362.4999999999998863, 243.5000000000000000, -3.000000000000002665 ) ) ;
#730 = DIRECTION ( 'NONE',  ( -1.000000000000000000, 0.000000000000000000, 0.000000000000000000 ) ) ;
#731 = LINE ( 'NONE', #6007, #848 ) ;
#733 = ORIENTED_EDGE ( 'NONE', *, *, #6576, .F. ) ;
#732 = CIRCLE ( 'NONE', #3504, 3.000000000000002665 ) ;
#734 = DIRECTION ( 'NONE',  ( 2.033782021272921061E-31, 5.176899690512889973E-31, 1.000000000000000000 ) ) ;
#735 = EDGE_CURVE ( 'NONE', #5770, #2571, #2163, .T. ) ;
#736 = CARTESIAN_POINT ( 'NONE',  ( 34.00000000000006395, 241.0000000000002558, 0.000000000000000000 ) ) ;
#738 = ORIENTED_EDGE ( 'NONE', *, *, #857, .F. ) ;
#737 =( NAMED_UNIT ( * ) SI_UNIT ( $, .STERADIAN. ) SOLID_ANGLE_UNIT ( ) );
#739 = AXIS2_PLACEMENT_3D ( 'NONE', #7891, #1570, #7140 ) ;
#740 = VECTOR ( 'NONE', #292, 1000.000000000000227 ) ;
#741 = CARTESIAN_POINT ( 'NONE',  ( 26.61816012722153957, 244.8388876532380891, -10.19194513396329071 ) ) ;
#742 = EDGE_CURVE ( 'NONE', #3861, #2468, #8222, .T. ) ;
#743 = CARTESIAN_POINT ( 'NONE',  ( 263.9999999999998863, 243.5000000000000000, 3.000000000000002665 ) ) ;
#744 = ORIENTED_EDGE ( 'NONE', *, *, #9045, .F. ) ;
#745 = STYLED_ITEM ( 'NONE', ( #971 ), #2420 ) ;
#746 = CARTESIAN_POINT ( 'NONE',  ( 0.000000000000000000, 294.9999999999998295, 0.000000000000000000 ) ) ;
#747 = CARTESIAN_POINT ( 'NONE',  ( 359.9999999999998863, 243.5000000000000000, -15.00000000000001599 ) ) ;
#748 = DIRECTION ( 'NONE',  ( 0.000000000000000000, -1.000000000000000000, 0.000000000000000000 ) ) ;
#749 = ORIENTED_EDGE ( 'NONE', *, *, #9391, .T. ) ;
#750 = MECHANICAL_DESIGN_GEOMETRIC_PRESENTATION_REPRESENTATION (  '', ( #408 ), #3054 ) ;
#751 = CARTESIAN_POINT ( 'NONE',  ( 314.0000000000003979, 241.0000000000003695, 9.000000000000007105 ) ) ;
#752 = ORIENTED_EDGE ( 'NONE', *, *, #6006, .T. ) ;
#753 = ORIENTED_EDGE ( 'NONE', *, *, #6489, .T. ) ;
#754 = EDGE_CURVE ( 'NONE', #1212, #6141, #9453, .T. ) ;
#755 = ORIENTED_EDGE ( 'NONE', *, *, #8168, .F. ) ;
#756 = DIRECTION ( 'NONE',  ( 2.609204460588635816E-49, 0.000000000000000000, -1.000000000000000000 ) ) ;
#757 = CARTESIAN_POINT ( 'NONE',  ( 788.9999999999998863, 237.9999999999999432, -15.00000000000001599 ) ) ;
#758 = EDGE_LOOP ( 'NONE', ( #4093, #7458, #3315, #8126 ) ) ;
#759 = DIRECTION ( 'NONE',  ( -0.000000000000000000, 0.000000000000000000, 1.000000000000000000 ) ) ;
#760 = DIRECTION ( 'NONE',  ( 3.136292949173481922E-19, 1.387778780781445676E-17, -1.000000000000000000 ) ) ;
#762 = ORIENTED_EDGE ( 'NONE', *, *, #2917, .T. ) ;
#761 = LINE ( 'NONE', #3287, #2970 ) ;
#763 = DIRECTION ( 'NONE',  ( 1.000000000000000000, 0.000000000000000000, -2.609204460588635816E-49 ) ) ;
#764 = ORIENTED_EDGE ( 'NONE', *, *, #3409, .T. ) ;
#765 = VECTOR ( 'NONE', #7789, 1000.000000000000000 ) ;
#766 = CARTESIAN_POINT ( 'NONE',  ( 359.9999999999998863, 243.5000000000000000, -15.00000000000001599 ) ) ;
#767 = VERTEX_POINT ( 'NONE', #6811 ) ;
#768 = CARTESIAN_POINT ( 'NONE',  ( 376.0000000000000000, 133.8750000000001990, 3.999999999999996447 ) ) ;
#769 =( NAMED_UNIT ( * ) SI_UNIT ( $, .STERADIAN. ) SOLID_ANGLE_UNIT ( ) );
#770 = CARTESIAN_POINT ( 'NONE',  ( 362.4999999999998863, 51.49999999999999289, 3.000000000000002665 ) ) ;
#771 = CARTESIAN_POINT ( 'NONE',  ( 1055.000000000000000, 243.5000000000000000, 4.499999999999946709 ) ) ;
#772 = LINE ( 'NONE', #2887, #4858 ) ;
#773 = CARTESIAN_POINT ( 'NONE',  ( 26.88802458327935341, 53.88388493458258921, -5.668421089429837245 ) ) ;
#774 = DIRECTION ( 'NONE',  ( 0.000000000000000000, 0.000000000000000000, 1.000000000000000000 ) ) ;
#775 = B_SPLINE_CURVE_WITH_KNOTS ( 'NONE', 3,
 ( #1813, #8893, #4231, #8029, #3292, #3365, #146, #213, #8823, #4088, #175, #2593, #946, #4155, #6477, #1739, #3327, #9632, #5730, #1026, #8131, #3403, #8927, #1122, #2698, #5206, #9119, #8990, #5139, #7543, #5068, #6765 ),
 .UNSPECIFIED., .F., .F.,
 ( 4, 2, 2, 2, 2, 2, 2, 2, 2, 2, 2, 2, 2, 2, 2, 4 ),
 ( 0.000000000000000000, 0.0005924794743698161368, 0.001184958948739632274, 0.001777438423109448410, 0.002369917897479264547, 0.003554876846218838708, 0.004147356320588625571, 0.004739835794958412001, 0.005332315269328198430, 0.005924794743697985727, 0.006517274218067772157, 0.007109753692437558587, 0.007702233166807345016, 0.008294712641177131446, 0.008887192115546917875, 0.009479671589916704305 ),
 .UNSPECIFIED. ) ;
#776 = LINE ( 'NONE', #2753, #8059 ) ;
#777 = ADVANCED_FACE ( 'NONE', ( #8359 ), #558, .F. ) ;
#778 = ORIENTED_EDGE ( 'NONE', *, *, #3844, .F. ) ;
#779 = CARTESIAN_POINT ( 'NONE',  ( 272.0000000000003411, 81.00000000000001421, 0.000000000000000000 ) ) ;
#780 = CARTESIAN_POINT ( 'NONE',  ( 0.000000000000000000, 0.000000000000000000, 0.000000000000000000 ) ) ;
#781 = DIRECTION ( 'NONE',  ( 1.000000000000000000, 0.000000000000000000, 0.000000000000000000 ) ) ;
#782 = VECTOR ( 'NONE', #4578, 1000.000000000000000 ) ;
#783 = FACE_OUTER_BOUND ( 'NONE', #3320, .T. ) ;
#784 = VECTOR ( 'NONE', #6194, 1000.000000000000000 ) ;
#785 = ORIENTED_EDGE ( 'NONE', *, *, #4197, .T. ) ;
#786 = CARTESIAN_POINT ( 'NONE',  ( -6.101346063818773692E-31, 51.49999999999999289, -4.499999999999944045 ) ) ;
#787 = DIRECTION ( 'NONE',  ( 1.000000000000000000, 0.000000000000000000, -2.609204460588635816E-49 ) ) ;
#788 = AXIS2_PLACEMENT_3D ( 'NONE', #7820, #7028, #8619 ) ;
#789 = CARTESIAN_POINT ( 'NONE',  ( 1015.499999999999659, 237.9999999999999432, -13.00000000000001066 ) ) ;
#790 = CYLINDRICAL_SURFACE ( 'NONE', #1128, 7.500000000000000000 ) ;
#791 = CARTESIAN_POINT ( 'NONE',  ( 26.96410053811198537, 48.90013533092261611, -5.990531972677505479 ) ) ;
#792 = CIRCLE ( 'NONE', #5294, 4.000000000000003553 ) ;
#793 = VERTEX_POINT ( 'NONE', #5287 ) ;
#794 = DIRECTION ( 'NONE',  ( 0.000000000000000000, 0.000000000000000000, -1.000000000000000000 ) ) ;
#795 = ORIENTED_EDGE ( 'NONE', *, *, #3661, .T. ) ;
#796 = EDGE_CURVE ( 'NONE', #3199, #218, #1671, .T. ) ;
#797 = DIRECTION ( 'NONE',  ( 2.033782021272921061E-31, 5.176899690512889973E-31, 1.000000000000000000 ) ) ;
#798 = DIRECTION ( 'NONE',  ( 1.941925118803054280E-33, 0.000000000000000000, 1.000000000000000000 ) ) ;
#799 = CARTESIAN_POINT ( 'NONE',  ( 26.50000000000003197, 243.5000000000000000, 4.499999999999944045 ) ) ;
#800 = CIRCLE ( 'NONE', #726, 13.00000000000001066 ) ;
#801 = DIRECTION ( 'NONE',  ( -2.609204460588636195E-49, 0.000000000000000000, 1.000000000000000000 ) ) ;
#802 = EDGE_CURVE ( 'NONE', #1263, #9780, #2415, .T. ) ;
#803 = CIRCLE ( 'NONE', #7610, 2.499999999999946709 ) ;
#804 = ORIENTED_EDGE ( 'NONE', *, *, #6903, .F. ) ;
#805 = DIRECTION ( 'NONE',  ( -1.000000000000000000, 0.000000000000000000, 0.000000000000000000 ) ) ;
#806 = DIRECTION ( 'NONE',  ( -1.000000000000000222, 0.000000000000000000, -1.665334536937734811E-15 ) ) ;
#807 = CLOSED_SHELL ( 'NONE', ( #8025, #879, #2050, #3304, #6266, #10031, #2876, #8274, #2623, #5701, #7819, #6069, #2004, #3984, #9423, #6585, #4292, #8696 ) ) ;
#808 = ADVANCED_FACE ( 'NONE', ( #10201 ), #4151, .F. ) ;
#809 = DIRECTION ( 'NONE',  ( -1.000000000000000000, 0.000000000000000000, 0.000000000000000000 ) ) ;
#810 = AXIS2_PLACEMENT_3D ( 'NONE', #999, #2375, #3167 ) ;
#811 = CIRCLE ( 'NONE', #4365, 2.500000000000000444 ) ;
#812 = SURFACE_STYLE_USAGE ( .BOTH. , #4833 ) ;
#813 = VECTOR ( 'NONE', #5050, 1000.000000000000000 ) ;
#814 = ORIENTED_EDGE ( 'NONE', *, *, #9934, .F. ) ;
#815 = EDGE_CURVE ( 'NONE', #2573, #1826, #8715, .T. ) ;
#816 = DIRECTION ( 'NONE',  ( 1.000000000000000000, 0.000000000000000000, 0.000000000000000000 ) ) ;
#817 = AXIS2_PLACEMENT_3D ( 'NONE', #9421, #10174, #6248 ) ;
#818 = EDGE_CURVE ( 'NONE', #5292, #1854, #6636, .T. ) ;
#819 = CARTESIAN_POINT ( 'NONE',  ( 376.0000000000000000, 174.5000000000001137, 3.999999999999996447 ) ) ;
#820 = CIRCLE ( 'NONE', #3532, 13.00000000000001066 ) ;
#821 = CARTESIAN_POINT ( 'NONE',  ( 1055.000000000000000, 51.49999999999999289, 7.499999999999949374 ) ) ;
#822 = VECTOR ( 'NONE', #9595, 1000.000000000000000 ) ;
#823 = ADVANCED_FACE ( 'NONE', ( #3771 ), #5769, .F. ) ;
#824 = ORIENTED_EDGE ( 'NONE', *, *, #2269, .F. ) ;
#825 = ORIENTED_EDGE ( 'NONE', *, *, #680, .F. ) ;
#826 = DIRECTION ( 'NONE',  ( 2.033782021272921061E-31, 5.176899690512889973E-31, -1.000000000000000000 ) ) ;
#827 = EDGE_CURVE ( 'NONE', #4248, #2117, #6263, .T. ) ;
#828 = DIRECTION ( 'NONE',  ( 1.000000000000000000, 0.000000000000000000, -1.084202172485504434E-17 ) ) ;
#829 = DIRECTION ( 'NONE',  ( 1.000000000000000000, 0.000000000000000000, 0.000000000000000000 ) ) ;
#830 = EDGE_LOOP ( 'NONE', ( #8062, #4438, #9796, #5812 ) ) ;
#831 = LINE ( 'NONE', #6748, #9586 ) ;
#832 = ORIENTED_EDGE ( 'NONE', *, *, #6317, .F. ) ;
#833 = DIRECTION ( 'NONE',  ( -1.000000000000000000, 0.000000000000000000, 0.000000000000000000 ) ) ;
#834 = CARTESIAN_POINT ( 'NONE',  ( 266.4999999999998295, 51.49999999999999289, -15.00000000000001599 ) ) ;
#835 = CARTESIAN_POINT ( 'NONE',  ( 357.4999999999998863, 51.49999999999999289, -15.00000000000001599 ) ) ;
#836 = DIRECTION ( 'NONE',  ( 0.000000000000000000, 0.000000000000000000, 1.000000000000000000 ) ) ;
#837 = CARTESIAN_POINT ( 'NONE',  ( 96.00000000000002842, 147.5000000000000000, 15.00000000000001421 ) ) ;
#838 = ORIENTED_EDGE ( 'NONE', *, *, #5082, .T. ) ;
#840 = ORIENTED_EDGE ( 'NONE', *, *, #7966, .F. ) ;
#839 = LINE ( 'NONE', #8908, #8997 ) ;
#841 = DIRECTION ( 'NONE',  ( 2.033782021272921061E-31, 5.176899690512889973E-31, -1.000000000000000000 ) ) ;
#842 = DIRECTION ( 'NONE',  ( 1.000000000000000000, 0.000000000000000000, -0.000000000000000000 ) ) ;
#843 = ORIENTED_EDGE ( 'NONE', *, *, #7179, .T. ) ;
#844 = PLANE ( 'NONE',  #2844 ) ;
#845 = AXIS2_PLACEMENT_3D ( 'NONE', #4256, #3533, #1082 ) ;
#846 = CARTESIAN_POINT ( 'NONE',  ( 26.00000000000003908, 247.0000000000003695, 9.000000000000007105 ) ) ;
#847 = EDGE_LOOP ( 'NONE', ( #8803, #1505 ) ) ;
#848 = VECTOR ( 'NONE', #4344, 1000.000000000000000 ) ;
#849 = FACE_OUTER_BOUND ( 'NONE', #5974, .T. ) ;
#851 = VERTEX_POINT ( 'NONE', #1444 ) ;
#850 = CYLINDRICAL_SURFACE ( 'NONE', #9660, 4.000000000000003553 ) ;
#852 = DIRECTION ( 'NONE',  ( 1.000000000000000000, 0.000000000000000000, 0.000000000000000000 ) ) ;
#853 = ORIENTED_EDGE ( 'NONE', *, *, #10068, .T. ) ;
#854 = ORIENTED_EDGE ( 'NONE', *, *, #5736, .F. ) ;
#855 = VERTEX_POINT ( 'NONE', #1481 ) ;
#856 = DIRECTION ( 'NONE',  ( 1.000000000000000000, -7.590943252506637819E-32, -2.033782021272921061E-31 ) ) ;
#857 = EDGE_CURVE ( 'NONE', #7150, #4351, #9818, .T. ) ;
#858 = AXIS2_PLACEMENT_3D ( 'NONE', #9773, #5727, #3476 ) ;
#859 = ADVANCED_FACE ( 'NONE', ( #6128 ), #6872, .F. ) ;
#860 = LINE ( 'NONE', #846, #9986 ) ;
#861 = CARTESIAN_POINT ( 'NONE',  ( 26.97004698846619064, 48.88162372762641183, -9.015356963772580556 ) ) ;
#863 = EDGE_LOOP ( 'NONE', ( #4468, #2129 ) ) ;
#862 = CIRCLE ( 'NONE', #5689, 2.499999999999891198 ) ;
#864 = AXIS2_PLACEMENT_3D ( 'NONE', #4969, #8141, #3271 ) ;
#865 = DIRECTION ( 'NONE',  ( 0.000000000000000000, -1.000000000000000000, 0.000000000000000000 ) ) ;
#866 = EDGE_LOOP ( 'NONE', ( #7752, #1474, #4003, #5783 ) ) ;
#867 = EDGE_LOOP ( 'NONE', ( #5417, #3968 ) ) ;
#868 = CARTESIAN_POINT ( 'NONE',  ( 25.00000000000002132, 48.49999999999999289, 7.500000000000007105 ) ) ;
#869 = ORIENTED_EDGE ( 'NONE', *, *, #4662, .T. ) ;
#870 = DIRECTION ( 'NONE',  ( 1.000000000000000000, 0.000000000000000000, 0.000000000000000000 ) ) ;
#871 = CARTESIAN_POINT ( 'NONE',  ( 0.000000000000000000, 0.000000000000000000, 2.999999999999891642 ) ) ;
#872 = VECTOR ( 'NONE', #7563, 1000.000000000000000 ) ;
#873 = AXIS2_PLACEMENT_3D ( 'NONE', #9441, #1327, #366 ) ;
#874 = ORIENTED_EDGE ( 'NONE', *, *, #1232, .F. ) ;
#875 = CARTESIAN_POINT ( 'NONE',  ( 332.4999999999998863, 147.5000000000000853, 1.500000000000001332 ) ) ;
#876 = DIRECTION ( 'NONE',  ( 1.000000000000000000, 0.000000000000000000, 0.000000000000000000 ) ) ;
#877 = ORIENTED_EDGE ( 'NONE', *, *, #2049, .F. ) ;
#878 = ORIENTED_EDGE ( 'NONE', *, *, #9045, .T. ) ;
#879 = ADVANCED_FACE ( 'NONE', ( #9203 ), #5888, .F. ) ;
#880 = DIRECTION ( 'NONE',  ( 1.000000000000000000, -7.590943252506637819E-32, 2.033782021272921061E-31 ) ) ;
#881 = AXIS2_PLACEMENT_3D ( 'NONE', #6823, #7648, #10074 ) ;
#882 = CARTESIAN_POINT ( 'NONE',  ( 376.0000000000000000, 174.5000000000001137, -3.469446951953614189E-15 ) ) ;
#883 = EDGE_CURVE ( 'NONE', #5724, #2720, #51, .T. ) ;
#884 = CARTESIAN_POINT ( 'NONE',  ( 376.0000000000000000, 308.3750000000000568, 4.000000000000003553 ) ) ;
#886 = EDGE_LOOP ( 'NONE', ( #8654, #8557 ) ) ;
#885 = CIRCLE ( 'NONE', #1097, 3.000000000000007994 ) ;
#887 = DIRECTION ( 'NONE',  ( 1.000000000000000000, 0.000000000000000000, 0.000000000000000000 ) ) ;
#888 = PLANE ( 'NONE',  #8563 ) ;
#889 = ORIENTED_EDGE ( 'NONE', *, *, #9459, .T. ) ;
#890 = VECTOR ( 'NONE', #7244, 1000.000000000000000 ) ;
#891 = CARTESIAN_POINT ( 'NONE',  ( 455.9999999999999432, 51.49999999999999289, -15.00000000000001599 ) ) ;
#892 = ORIENTED_EDGE ( 'NONE', *, *, #4109, .F. ) ;
#893 = VERTEX_POINT ( 'NONE', #6143 ) ;
#894 = AXIS2_PLACEMENT_3D ( 'NONE', #8709, #3, #1633 ) ;
#895 = DIRECTION ( 'NONE',  ( 0.000000000000000000, 0.000000000000000000, 1.000000000000000000 ) ) ;
#896 = EDGE_CURVE ( 'NONE', #960, #5554, #4018, .T. ) ;
#897 = LINE ( 'NONE', #4181, #2491 ) ;
#898 = LINE ( 'NONE', #6286, #7688 ) ;
#899 = AXIS2_PLACEMENT_3D ( 'NONE', #1377, #2843, #6869 ) ;
#900 = CARTESIAN_POINT ( 'NONE',  ( 0.000000000000000000, 0.000000000000000000, 21.00000000000000000 ) ) ;
#901 = VERTEX_POINT ( 'NONE', #8488 ) ;
#902 = CARTESIAN_POINT ( 'NONE',  ( 27.08424823709572493, 48.59755971479609826, -6.715947819066721003 ) ) ;
#903 = CARTESIAN_POINT ( 'NONE',  ( 26.00000000000003908, 247.0000000000003695, 9.000000000000007105 ) ) ;
#904 = DIRECTION ( 'NONE',  ( 2.033782021272921061E-31, 5.176899690512889973E-31, 1.000000000000000000 ) ) ;
#905 = VECTOR ( 'NONE', #9532, 1000.000000000000000 ) ;
#906 = EDGE_CURVE ( 'NONE', #6200, #962, #7719, .T. ) ;
#907 = FACE_OUTER_BOUND ( 'NONE', #1861, .T. ) ;
#908 = ORIENTED_EDGE ( 'NONE', *, *, #2256, .F. ) ;
#909 = UNCERTAINTY_MEASURE_WITH_UNIT (LENGTH_MEASURE( 1.000000000000000082E-05 ), #2740, 'distance_accuracy_value', 'NONE');
#910 = CARTESIAN_POINT ( 'NONE',  ( 70.50000000000008527, 209.0000000000003411, 15.00000000000001421 ) ) ;
#911 = APPLICATION_CONTEXT ( 'automotive_design' ) ;
#912 = VECTOR ( 'NONE', #215, 1000.000000000000000 ) ;
#913 = CARTESIAN_POINT ( 'NONE',  ( 359.9999999999998863, 51.49999999999999289, -3.000000000000002665 ) ) ;
#914 = VECTOR ( 'NONE', #9723, 1000.000000000000000 ) ;
#915 = CARTESIAN_POINT ( 'NONE',  ( -6.101346063818773692E-31, 243.5000000000000000, -4.499999999999944045 ) ) ;
#916 = VECTOR ( 'NONE', #1603, 1000.000000000000000 ) ;
#917 = EDGE_LOOP ( 'NONE', ( #5578, #594 ) ) ;
#918 = DIRECTION ( 'NONE',  ( 1.941925118803054280E-33, 0.000000000000000000, 1.000000000000000000 ) ) ;
#919 = AXIS2_PLACEMENT_3D ( 'NONE', #2944, #2126, #4516 ) ;
#920 = CARTESIAN_POINT ( 'NONE',  ( 1012.999999999999659, 237.9999999999999432, 15.00000000000001421 ) ) ;
#921 = CARTESIAN_POINT ( 'NONE',  ( 357.4999999999998863, 243.5000000000000000, 15.00000000000001599 ) ) ;
#922 = CYLINDRICAL_SURFACE ( 'NONE', #1443, 4.000000000000003553 ) ;
#923 = ORIENTED_EDGE ( 'NONE', *, *, #3477, .T. ) ;
#924 = ADVANCED_FACE ( 'NONE', ( #5025 ), #189, .F. ) ;
#925 = AXIS2_PLACEMENT_3D ( 'NONE', #7944, #7973, #4885 ) ;
#926 = ORIENTED_EDGE ( 'NONE', *, *, #7493, .T. ) ;
#927 = ADVANCED_FACE ( 'NONE', ( #7127 ), #1807, .F. ) ;
#928 = CARTESIAN_POINT ( 'NONE',  ( 0.000000000000000000, 15.00000000000001421, 0.000000000000000000 ) ) ;
#929 = CARTESIAN_POINT ( 'NONE',  ( 27.05956139897391921, 48.65626206597508485, -8.475297298485665820 ) ) ;
#930 = CIRCLE ( 'NONE', #1846, 3.000000000000058176 ) ;
#931 = FACE_OUTER_BOUND ( 'NONE', #6219, .T. ) ;
#932 = VERTEX_POINT ( 'NONE', #6313 ) ;
#933 = EDGE_CURVE ( 'NONE', #8783, #218, #4526, .T. ) ;
#934 = DIRECTION ( 'NONE',  ( -1.000000000000000000, 0.000000000000000000, 0.000000000000000000 ) ) ;
#935 = VERTEX_POINT ( 'NONE', #8664 ) ;
#936 = DIRECTION ( 'NONE',  ( 1.000000000000000000, 0.000000000000000000, 0.000000000000000000 ) ) ;
#937 = DIRECTION ( 'NONE',  ( -1.000000000000000000, 0.000000000000000000, 0.000000000000000000 ) ) ;
#938 = EDGE_CURVE ( 'NONE', #2587, #1127, #2047, .T. ) ;
#939 = CYLINDRICAL_SURFACE ( 'NONE', #8599, 4.000000000000023981 ) ;
#940 = CARTESIAN_POINT ( 'NONE',  ( 261.4999999999999432, 243.5000000000000000, 3.000000000000002665 ) ) ;
#941 = APPLICATION_PROTOCOL_DEFINITION ( 'draft international standard', 'automotive_design', 1998, #7100 ) ;
#942 = AXIS2_PLACEMENT_3D ( 'NONE', #9492, #27, #5572 ) ;
#943 = VECTOR ( 'NONE', #1056, 1000.000000000000227 ) ;
#944 = CARTESIAN_POINT ( 'NONE',  ( 314.0000000000003979, 241.0000000000003695, 15.00000000000001421 ) ) ;
#945 = AXIS2_PLACEMENT_3D ( 'NONE', #4234, #3367, #6593 ) ;
#946 = CARTESIAN_POINT ( 'NONE',  ( 27.08425309768054845, 240.5975464230874081, 8.284191778965498187 ) ) ;
#947 = CARTESIAN_POINT ( 'NONE',  ( 26.51467108525209326, 148.0365885835696815, 3.527323608021204926 ) ) ;
#948 = CARTESIAN_POINT ( 'NONE',  ( 4.000000000000003553, 51.49999999999999289, -1.043681784235455238E-48 ) ) ;
#949 = EDGE_CURVE ( 'NONE', #6562, #1702, #3655, .T. ) ;
#950 = FACE_OUTER_BOUND ( 'NONE', #6388, .T. ) ;
#952 = CARTESIAN_POINT ( 'NONE',  ( -6.101346063818772816E-31, 243.5000000000000000, 10.49999999999995381 ) ) ;
#951 = FACE_OUTER_BOUND ( 'NONE', #8129, .T. ) ;
#953 = AXIS2_PLACEMENT_3D ( 'NONE', #5959, #3470, #9732 ) ;
#954 = ORIENTED_EDGE ( 'NONE', *, *, #4141, .T. ) ;
#955 = EDGE_CURVE ( 'NONE', #9280, #4718, #3905, .T. ) ;
#956 = PRODUCT_DEFINITION_SHAPE ( 'NONE', 'NONE',  #10246 ) ;
#957 = DIRECTION ( 'NONE',  ( 2.033782021272921061E-31, 5.176899690512889973E-31, 1.000000000000000000 ) ) ;
#958 = CARTESIAN_POINT ( 'NONE',  ( 68.00000000000008527, 49.00000000000009948, 15.00000000000001421 ) ) ;
#959 = DIRECTION ( 'NONE',  ( 0.000000000000000000, -1.000000000000000000, 0.000000000000000000 ) ) ;
#960 = VERTEX_POINT ( 'NONE', #8761 ) ;
#962 = VERTEX_POINT ( 'NONE', #4741 ) ;
#961 = CYLINDRICAL_SURFACE ( 'NONE', #1924, 3.000000000000002665 ) ;
#963 = ORIENTED_EDGE ( 'NONE', *, *, #7254, .F. ) ;
#964 = DIRECTION ( 'NONE',  ( -1.000000000000000000, 0.000000000000000000, 0.000000000000000000 ) ) ;
#965 = EDGE_CURVE ( 'NONE', #2251, #318, #3536, .T. ) ;
#966 = EDGE_LOOP ( 'NONE', ( #5289, #2560 ) ) ;
#967 = CARTESIAN_POINT ( 'NONE',  ( 26.49999999999996803, 243.5000000000000000, 10.49999999999995381 ) ) ;
#968 = DIRECTION ( 'NONE',  ( 1.000000000000000000, -7.590943252506637819E-32, -2.033782021272921061E-31 ) ) ;
#969 = CARTESIAN_POINT ( 'NONE',  ( 269.5000000000004547, 209.0000000000003695, 15.00000000000001421 ) ) ;
#970 = CARTESIAN_POINT ( 'NONE',  ( 27.11724640868084890, 246.4798481276206985, 7.100776920094535427 ) ) ;
#971 = PRESENTATION_STYLE_ASSIGNMENT (( #2734 ) ) ;
#973 = EDGE_LOOP ( 'NONE', ( #5431, #2239, #1472, #5348 ) ) ;
#972 = CIRCLE ( 'NONE', #7233, 2.499999999999946709 ) ;
#974 = VERTEX_POINT ( 'NONE', #7148 ) ;
#975 = ADVANCED_FACE ( 'NONE', ( #302 ), #4143, .F. ) ;
#976 = VERTEX_POINT ( 'NONE', #7865 ) ;
#977 = CARTESIAN_POINT ( 'NONE',  ( 26.76595102001876469, 53.48471790149908145, -9.758046611778851798 ) ) ;
#979 = ORIENTED_EDGE ( 'NONE', *, *, #8293, .T. ) ;
#978 = APPLICATION_PROTOCOL_DEFINITION ( 'draft international standard', 'automotive_design', 1998, #2358 ) ;
#980 = ADVANCED_FACE ( 'NONE', ( #1312 ), #8963, .F. ) ;
#981 = DIRECTION ( 'NONE',  ( 2.033782021272921061E-31, 5.176899690512889973E-31, 1.000000000000000000 ) ) ;
#982 = VECTOR ( 'NONE', #3609, 1000.000000000000000 ) ;
#983 = DIRECTION ( 'NONE',  ( 5.600273556634000138E-19, 1.000000000000000000, 1.387778780781445676E-17 ) ) ;
#985 = EDGE_LOOP ( 'NONE', ( #2271, #7532, #3961, #6519 ) ) ;
#984 = CIRCLE ( 'NONE', #7211, 6.000000000000005329 ) ;
#986 = CARTESIAN_POINT ( 'NONE',  ( 26.77447434610711952, 149.5228954292485355, 4.039565024086961387 ) ) ;
#987 = DIRECTION ( 'NONE',  ( -5.600273556634000138E-19, -1.000000000000000000, 6.938893903907225296E-18 ) ) ;
#988 = AXIS2_PLACEMENT_3D ( 'NONE', #4434, #2110, #4541 ) ;
#989 = DIRECTION ( 'NONE',  ( -2.033782021272921061E-31, -5.176899690512889973E-31, 1.000000000000000000 ) ) ;
#990 = FACE_OUTER_BOUND ( 'NONE', #2687, .T. ) ;
#991 = DIRECTION ( 'NONE',  ( 1.000000000000000000, 0.000000000000000000, 0.000000000000000000 ) ) ;
#992 = ORIENTED_EDGE ( 'NONE', *, *, #3863, .T. ) ;
#993 = DIRECTION ( 'NONE',  ( 2.033782021272921061E-31, 5.176899690512889973E-31, 1.000000000000000000 ) ) ;
#994 = DIRECTION ( 'NONE',  ( 3.136292949173481922E-19, 1.387778780781445676E-17, -1.000000000000000000 ) ) ;
#995 = EDGE_CURVE ( 'NONE', #2444, #1661, #8971, .T. ) ;
#996 = PLANE ( 'NONE',  #2980 ) ;
#997 = EDGE_LOOP ( 'NONE', ( #1432, #2335, #6311, #3681 ) ) ;
#998 = CARTESIAN_POINT ( 'NONE',  ( 24.99999999999991118, 243.5000000000001137, 7.499999999999951150 ) ) ;
#999 = CARTESIAN_POINT ( 'NONE',  ( 272.0000000000003411, 209.0000000000003695, 0.000000000000000000 ) ) ;
#1000 = AXIS2_PLACEMENT_3D ( 'NONE', #3414, #5006, #3335 ) ;
#1002 = ORIENTED_EDGE ( 'NONE', *, *, #10079, .T. ) ;
#1001 = LINE ( 'NONE', #3031, #5460 ) ;
#1003 = DIRECTION ( 'NONE',  ( -0.000000000000000000, 0.000000000000000000, 1.000000000000000000 ) ) ;
#1004 = EDGE_CURVE ( 'NONE', #8214, #6586, #9329, .T. ) ;
#1005 = ORIENTED_EDGE ( 'NONE', *, *, #5860, .F. ) ;
#1006 = DIRECTION ( 'NONE',  ( 0.000000000000000000, 0.000000000000000000, 1.000000000000000000 ) ) ;
#1007 = EDGE_LOOP ( 'NONE', ( #9433, #2292, #2782, #3656 ) ) ;
#1008 = ORIENTED_EDGE ( 'NONE', *, *, #2021, .T. ) ;
#1009 = EDGE_LOOP ( 'NONE', ( #8934, #5935, #3243, #2768 ) ) ;
#1010 = CARTESIAN_POINT ( 'NONE',  ( 26.51418749337322112, 146.9692869455294328, 3.526411588674242203 ) ) ;
#1011 = CARTESIAN_POINT ( 'NONE',  ( 26.76590427536936545, 245.4846007686276721, 5.241759982192173872 ) ) ;
#1012 = AXIS2_PLACEMENT_3D ( 'NONE', #6604, #7427, #9074 ) ;
#1014 = ORIENTED_EDGE ( 'NONE', *, *, #2589, .F. ) ;
#1013 = FACE_OUTER_BOUND ( 'NONE', #5801, .T. ) ;
#1015 = CARTESIAN_POINT ( 'NONE',  ( 26.96410222240950105, 54.09988226352270146, -9.009496562591372992 ) ) ;
#1016 = APPLICATION_PROTOCOL_DEFINITION ( 'draft international standard', 'automotive_design', 1998, #1771 ) ;
#1017 = VERTEX_POINT ( 'NONE', #4024 ) ;
#1018 = VECTOR ( 'NONE', #607, 1000.000000000000000 ) ;
#1019 = EDGE_CURVE ( 'NONE', #4948, #4353, #1306, .T. ) ;
#1020 = ORIENTED_EDGE ( 'NONE', *, *, #8895, .T. ) ;
#1021 = EDGE_LOOP ( 'NONE', ( #5495, #1914, #926, #7662 ) ) ;
#1022 = AXIS2_PLACEMENT_3D ( 'NONE', #696, #6224, #7230 ) ;
#1023 = PLANE ( 'NONE',  #3310 ) ;
#1024 = DIRECTION ( 'NONE',  ( 0.000000000000000000, -1.000000000000000000, 0.000000000000000000 ) ) ;
#1025 = EDGE_CURVE ( 'NONE', #1375, #1195, #9932, .T. ) ;
#1026 = CARTESIAN_POINT ( 'NONE',  ( 26.99947405728767436, 240.8075355141822627, 6.162153199821121419 ) ) ;
#1027 = DIRECTION ( 'NONE',  ( 1.000000000000000000, 0.000000000000000000, -2.609204460588635816E-49 ) ) ;
#1028 = CARTESIAN_POINT ( 'NONE',  ( 375.9999999999999432, 263.7500000000001705, 4.000000000000003553 ) ) ;
#1029 = CYLINDRICAL_SURFACE ( 'NONE', #4396, 2.499999999999891198 ) ;
#1030 = LINE ( 'NONE', #7293, #385 ) ;
#1031 = ORIENTED_EDGE ( 'NONE', *, *, #1045, .F. ) ;
#1032 = DIRECTION ( 'NONE',  ( 2.033782021272921061E-31, 5.176899690512889973E-31, 1.000000000000000000 ) ) ;
#1033 = CARTESIAN_POINT ( 'NONE',  ( 0.000000000000000000, 353.0000000000001705, 15.00000000000005507 ) ) ;
#1034 = ADVANCED_FACE ( 'NONE', ( #8705 ), #2645, .F. ) ;
#1035 = EDGE_CURVE ( 'NONE', #4288, #2573, #803, .T. ) ;
#1036 = FACE_BOUND ( 'NONE', #9225, .T. ) ;
#1037 = ADVANCED_FACE ( 'NONE', ( #295 ), #9645, .F. ) ;
#1038 = DIRECTION ( 'NONE',  ( -1.000000000000000000, 0.000000000000000000, -1.941925118803054280E-33 ) ) ;
#1039 = CIRCLE ( 'NONE', #8805, 2.499999999999946709 ) ;
#1040 = CARTESIAN_POINT ( 'NONE',  ( 108.1911413296065092, 1.620164975419772189E-16, 21.00000000000000000 ) ) ;
#1041 = FACE_OUTER_BOUND ( 'NONE', #2882, .T. ) ;
#1042 = ORIENTED_EDGE ( 'NONE', *, *, #2220, .F. ) ;
#1043 = UNCERTAINTY_MEASURE_WITH_UNIT (LENGTH_MEASURE( 1.000000000000000082E-05 ), #5032, 'distance_accuracy_value', 'NONE');
#1044 =( LENGTH_UNIT ( ) NAMED_UNIT ( * ) SI_UNIT ( .MILLI., .METRE. ) );
#1045 = EDGE_CURVE ( 'NONE', #2342, #1650, #1545, .T. ) ;
#1046 = CARTESIAN_POINT ( 'NONE',  ( 26.50000000000007816, 147.5000000000001421, 11.50000000000001066 ) ) ;
#1047 = VECTOR ( 'NONE', #4108, 1000.000000000000000 ) ;
#1048 = LINE ( 'NONE', #2765, #160 ) ;
#1049 = VERTEX_POINT ( 'NONE', #9612 ) ;
#1050 = CARTESIAN_POINT ( 'NONE',  ( 263.9999999999998863, 51.49999999999999289, -15.00000000000001599 ) ) ;
#1051 = PRODUCT_CONTEXT ( 'NONE', #1663, 'mechanical' ) ;
#1052 = ORIENTED_EDGE ( 'NONE', *, *, #2220, .T. ) ;
#1053 = AXIS2_PLACEMENT_3D ( 'NONE', #8202, #8994, #283 ) ;
#1054 = DIRECTION ( 'NONE',  ( -1.000000000000000000, 0.000000000000000000, 0.000000000000000000 ) ) ;
#1055 = DIRECTION ( 'NONE',  ( 1.000000000000000000, 0.000000000000000000, 0.000000000000000000 ) ) ;
#1056 = DIRECTION ( 'NONE',  ( -0.2756373558169958327, -0.9612616959383197823, -0.000000000000000000 ) ) ;
#1057 = CARTESIAN_POINT ( 'NONE',  ( 314.0000000000003411, 49.00000000000004263, 0.000000000000000000 ) ) ;
#1058 = PRESENTATION_STYLE_ASSIGNMENT (( #5409 ) ) ;
#1059 = AXIS2_PLACEMENT_3D ( 'NONE', #210, #8063, #3475 ) ;
#1060 = DIRECTION ( 'NONE',  ( 1.084202172485504434E-17, 0.000000000000000000, 1.000000000000000000 ) ) ;
#1061 = CYLINDRICAL_SURFACE ( 'NONE', #2306, 2.500000000000002220 ) ;
#1062 = ORIENTED_EDGE ( 'NONE', *, *, #10079, .F. ) ;
#1063 = SHAPE_REPRESENTATION ( 'SimetríaA353250-COSTADOSCO', ( #3788 ), #6735 ) ;
#1064 = AXIS2_PLACEMENT_3D ( 'NONE', #3678, #5216, #2159 ) ;
#1065 = ORIENTED_EDGE ( 'NONE', *, *, #4838, .F. ) ;
#1066 = DIRECTION ( 'NONE',  ( 2.033782021272921061E-31, 5.176899690512889973E-31, -1.000000000000000000 ) ) ;
#1067 = CARTESIAN_POINT ( 'NONE',  ( 379.5000000000000000, 51.49999999999999289, 14.99999999999990230 ) ) ;
#1068 = FACE_OUTER_BOUND ( 'NONE', #2055, .T. ) ;
#1069 = AXIS2_PLACEMENT_3D ( 'NONE', #2349, #7872, #691 ) ;
#1070 = DIRECTION ( 'NONE',  ( -1.000000000000000000, -5.600273556634003027E-19, 3.136292949173481922E-19 ) ) ;
#1071 = LINE ( 'NONE', #6785, #5528 ) ;
#1072 = EDGE_LOOP ( 'NONE', ( #6457, #9495, #641, #2475 ) ) ;
#1073 = CARTESIAN_POINT ( 'NONE',  ( 30.00000000000006395, 49.00000000000004263, 15.00000000000001421 ) ) ;
#1074 = CARTESIAN_POINT ( 'NONE',  ( 0.000000000000000000, 353.0000000000001705, -6.938893903907228378E-15 ) ) ;
#1075 = VECTOR ( 'NONE', #7386, 1000.000000000000000 ) ;
#1076 = DIRECTION ( 'NONE',  ( -0.000000000000000000, 0.000000000000000000, 1.000000000000000000 ) ) ;
#1077 = FACE_OUTER_BOUND ( 'NONE', #8162, .T. ) ;
#1078 = CARTESIAN_POINT ( 'NONE',  ( 93.00000000000002842, 147.5000000000000000, 5.000000000000004441 ) ) ;
#1079 = ORIENTED_EDGE ( 'NONE', *, *, #4382, .T. ) ;
#1080 = DIRECTION ( 'NONE',  ( 0.000000000000000000, 1.000000000000000000, 0.000000000000000000 ) ) ;
#1081 = CARTESIAN_POINT ( 'NONE',  ( 26.61119170556953151, 146.1898712204561264, 11.28843103784111968 ) ) ;
#1082 = DIRECTION ( 'NONE',  ( 2.033782021272921061E-31, 5.176899690512889973E-31, 1.000000000000000000 ) ) ;
#1083 = ADVANCED_FACE ( 'NONE', ( #6496 ), #8076, .T. ) ;
#1084 = APPLICATION_PROTOCOL_DEFINITION ( 'draft international standard', 'automotive_design', 1998, #7202 ) ;
#1085 = EDGE_CURVE ( 'NONE', #8207, #7551, #8841, .T. ) ;
#1086 = SURFACE_STYLE_USAGE ( .BOTH. , #4228 ) ;
#1087 = ORIENTED_EDGE ( 'NONE', *, *, #5399, .F. ) ;
#1088 = CYLINDRICAL_SURFACE ( 'NONE', #3402, 3.000000000000004441 ) ;
#1089 = DIRECTION ( 'NONE',  ( -2.033782021272921061E-31, -5.176899690512889973E-31, 1.000000000000000000 ) ) ;
#1090 = ORIENTED_EDGE ( 'NONE', *, *, #450, .T. ) ;
#1091 = MECHANICAL_DESIGN_GEOMETRIC_PRESENTATION_REPRESENTATION (  '', ( #5999 ), #4933 ) ;
#1092 = DIRECTION ( 'NONE',  ( 0.000000000000000000, 0.000000000000000000, -1.000000000000000000 ) ) ;
#1093 =( NAMED_UNIT ( * ) PLANE_ANGLE_UNIT ( ) SI_UNIT ( $, .RADIAN. ) );
#1094 = EDGE_CURVE ( 'NONE', #318, #2251, #4775, .T. ) ;
#1095 = CARTESIAN_POINT ( 'NONE',  ( 985.9999999999998863, 237.9999999999999432, 13.00000000000001421 ) ) ;
#1096 = ORIENTED_EDGE ( 'NONE', *, *, #3643, .F. ) ;
#1097 = AXIS2_PLACEMENT_3D ( 'NONE', #6728, #5820, #4293 ) ;
#1098 = VERTEX_POINT ( 'NONE', #2542 ) ;
#1100 = VERTEX_POINT ( 'NONE', #3338 ) ;
#1099 = CIRCLE ( 'NONE', #672, 7.500000000000000000 ) ;
#1101 = CARTESIAN_POINT ( 'NONE',  ( 10.50000000000000711, 243.5000000000000284, 14.99999999999990230 ) ) ;
#1102 = DIRECTION ( 'NONE',  ( -1.000000000000000000, 0.000000000000000000, 0.000000000000000000 ) ) ;
#1103 = ORIENTED_EDGE ( 'NONE', *, *, #1540, .F. ) ;
#1104 = DIRECTION ( 'NONE',  ( 2.033782021272921061E-31, 5.176899690512889973E-31, 1.000000000000000000 ) ) ;
#1105 = EDGE_CURVE ( 'NONE', #7542, #537, #9687, .T. ) ;
#1106 = LINE ( 'NONE', #3576, #982 ) ;
#1107 = LINE ( 'NONE', #5237, #9737 ) ;
#1109 = ORIENTED_EDGE ( 'NONE', *, *, #8486, .F. ) ;
#1108 = FACE_OUTER_BOUND ( 'NONE', #8545, .T. ) ;
#1110 = DIRECTION ( 'NONE',  ( 2.033782021272921061E-31, 5.176899690512889973E-31, 1.000000000000000000 ) ) ;
#1111 = EDGE_LOOP ( 'NONE', ( #1228, #3581, #4455, #6460 ) ) ;
#1112 = ORIENTED_EDGE ( 'NONE', *, *, #9888, .F. ) ;
#1113 = CARTESIAN_POINT ( 'NONE',  ( 27.41267223290221722, 143.9124605812059201, 9.288007029495711109 ) ) ;
#1114 = CARTESIAN_POINT ( 'NONE',  ( 42.84317321985053439, 84.99999999999998579, 10.50000000000000000 ) ) ;
#1115 = CYLINDRICAL_SURFACE ( 'NONE', #4066, 2.500000000000002220 ) ;
#1117 = ORIENTED_EDGE ( 'NONE', *, *, #9399, .F. ) ;
#1116 = CYLINDRICAL_SURFACE ( 'NONE', #4425, 2.499999999999946709 ) ;
#1118 = CARTESIAN_POINT ( 'NONE',  ( 725.0000000000001137, 51.49999999999999289, 15.00000000000001599 ) ) ;
#1119 = DIRECTION ( 'NONE',  ( 1.000000000000000000, 0.000000000000000000, 0.000000000000000000 ) ) ;
#1120 = ORIENTED_EDGE ( 'NONE', *, *, #9888, .T. ) ;
#1121 = CARTESIAN_POINT ( 'NONE',  ( 728.0000000000001137, 147.5000000000000000, 15.00000000000001599 ) ) ;
#1122 = CARTESIAN_POINT ( 'NONE',  ( 26.76554431089669706, 241.5167832271994257, 5.240676602139428653 ) ) ;
#1123 = PRODUCT_DEFINITION_SHAPE ( 'NONE', 'NONE',  #10253 ) ;
#1124 = COLOUR_RGB ( '',1.000000000000000000, 1.000000000000000000, 1.000000000000000000 ) ;
#1125 = CARTESIAN_POINT ( 'NONE',  ( 35.84317321985053439, 125.0000000000000000, 4.500000000000000888 ) ) ;
#1126 = SURFACE_STYLE_USAGE ( .BOTH. , #8200 ) ;
#1127 = VERTEX_POINT ( 'NONE', #5666 ) ;
#1128 = AXIS2_PLACEMENT_3D ( 'NONE', #7700, #10069, #5372 ) ;
#1129 = CARTESIAN_POINT ( 'NONE',  ( 825.9999999999998863, 237.9999999999999716, 15.00000000000001421 ) ) ;
#1130 = ORIENTED_EDGE ( 'NONE', *, *, #289, .F. ) ;
#1131 = ORIENTED_EDGE ( 'NONE', *, *, #3883, .T. ) ;
#1132 = ORIENTED_EDGE ( 'NONE', *, *, #2832, .F. ) ;
#1133 = CARTESIAN_POINT ( 'NONE',  ( 0.000000000000000000, 0.000000000000000000, 0.000000000000000000 ) ) ;
#1134 = ADVANCED_FACE ( 'NONE', ( #931 ), #8111, .F. ) ;
#1136 = EDGE_LOOP ( 'NONE', ( #4479, #9413, #4176, #979 ) ) ;
#1135 = LINE ( 'NONE', #3866, #4728 ) ;
#1137 = CARTESIAN_POINT ( 'NONE',  ( 359.0000000000000000, 54.50000000000002132, 7.500000000000007105 ) ) ;
#1138 = EDGE_CURVE ( 'NONE', #6184, #6358, #10189, .T. ) ;
#1139 = VERTEX_POINT ( 'NONE', #4974 ) ;
#1140 = VECTOR ( 'NONE', #5190, 1000.000000000000000 ) ;
#1141 = ORIENTED_EDGE ( 'NONE', *, *, #9783, .T. ) ;
#1142 = ORIENTED_EDGE ( 'NONE', *, *, #2800, .F. ) ;
#1143 = CARTESIAN_POINT ( 'NONE',  ( 340.0000000000003979, 5.551115123125782702E-14, 0.000000000000000000 ) ) ;
#1144 = PLANE ( 'NONE',  #131 ) ;
#1145 = EDGE_CURVE ( 'NONE', #8268, #1240, #9194, .T. ) ;
#1146 = CARTESIAN_POINT ( 'NONE',  ( 359.0000000000000000, 15.00000000000001421, 0.000000000000000000 ) ) ;
#1147 = FACE_OUTER_BOUND ( 'NONE', #5179, .T. ) ;
#1148 = LINE ( 'NONE', #9757, #4743 ) ;
#1149 = CARTESIAN_POINT ( 'NONE',  ( -2.775557561562891351E-14, 290.0000000000002842, 15.00000000000001421 ) ) ;
#1150 = CARTESIAN_POINT ( 'NONE',  ( 26.51451955810054884, 146.9655450815179734, 11.47296040593611544 ) ) ;
#1151 = EDGE_LOOP ( 'NONE', ( #7367, #8607, #9089, #7920 ) ) ;
#1152 = MECHANICAL_DESIGN_GEOMETRIC_PRESENTATION_REPRESENTATION (  '', ( #4865 ), #2915 ) ;
#1153 = EDGE_LOOP ( 'NONE', ( #5424, #1090, #9499, #1266 ) ) ;
#1154 = DIRECTION ( 'NONE',  ( 0.000000000000000000, 0.000000000000000000, -1.000000000000000000 ) ) ;
#1155 = CYLINDRICAL_SURFACE ( 'NONE', #2790, 4.000000000000003553 ) ;
#1156 = DIRECTION ( 'NONE',  ( 1.000000000000000000, 0.000000000000000000, 0.000000000000000000 ) ) ;
#1157 = FACE_BOUND ( 'NONE', #1324, .T. ) ;
#1158 = AXIS2_PLACEMENT_3D ( 'NONE', #4824, #2324, #2 ) ;
#1159 = DIRECTION ( 'NONE',  ( 1.941925118803054280E-33, 0.000000000000000000, 1.000000000000000000 ) ) ;
#1160 = CARTESIAN_POINT ( 'NONE',  ( 40.00000000000003553, 51.49999999999999289, 7.499999999999949374 ) ) ;
#1161 = EDGE_CURVE ( 'NONE', #8150, #9031, #545, .T. ) ;
#1162 = ORIENTED_EDGE ( 'NONE', *, *, #5110, .T. ) ;
#1163 = PLANE ( 'NONE',  #4963 ) ;
#1164 = CARTESIAN_POINT ( 'NONE',  ( 27.34660588758175948, 150.9652414593567755, 9.514520276629673035 ) ) ;
#1165 = SURFACE_SIDE_STYLE ('',( #7265 ) ) ;
#1166 = DIRECTION ( 'NONE',  ( 1.000000000000000000, 0.000000000000000000, 0.000000000000000000 ) ) ;
#1167 = FACE_OUTER_BOUND ( 'NONE', #6531, .T. ) ;
#1168 = FACE_OUTER_BOUND ( 'NONE', #4379, .T. ) ;
#1169 = CARTESIAN_POINT ( 'NONE',  ( 269.5000000000004547, 81.00000000000001421, 15.00000000000001421 ) ) ;
#1170 = VECTOR ( 'NONE', #553, 1000.000000000000000 ) ;
#1171 = ORIENTED_EDGE ( 'NONE', *, *, #6190, .T. ) ;
#1172 = EDGE_CURVE ( 'NONE', #5846, #3925, #5397, .T. ) ;
#1173 = DIRECTION ( 'NONE',  ( -1.000000000000000000, -9.130123557772665869E-17, 0.000000000000000000 ) ) ;
#1174 = LINE ( 'NONE', #1221, #6625 ) ;
#1175 = FACE_BOUND ( 'NONE', #1448, .T. ) ;
#1176 = ORIENTED_EDGE ( 'NONE', *, *, #70, .T. ) ;
#1177 = EDGE_LOOP ( 'NONE', ( #8267, #2360, #4580, #2219 ) ) ;
#1178 = CARTESIAN_POINT ( 'NONE',  ( 274.5000000000002274, 81.00000000000001421, 0.000000000000000000 ) ) ;
#1179 = CARTESIAN_POINT ( 'NONE',  ( 26.50000000000003197, 243.5000000000000000, 15.00000000000001421 ) ) ;
#1180 = SURFACE_STYLE_USAGE ( .BOTH. , #331 ) ;
#1181 = ADVANCED_FACE ( 'NONE', ( #6627 ), #2777, .T. ) ;
#1182 = LINE ( 'NONE', #7986, #6757 ) ;
#1183 = CARTESIAN_POINT ( 'NONE',  ( 8.000000000000007105, 51.49999999999999289, 15.00000000000001421 ) ) ;
#1184 = FACE_OUTER_BOUND ( 'NONE', #7957, .T. ) ;
#1185 = ORIENTED_EDGE ( 'NONE', *, *, #1145, .F. ) ;
#1186 = COLOUR_RGB ( '',1.000000000000000000, 1.000000000000000000, 1.000000000000000000 ) ;
#1187 = AXIS2_PLACEMENT_3D ( 'NONE', #551, #9937, #1359 ) ;
#1188 = DIRECTION ( 'NONE',  ( -0.000000000000000000, 0.000000000000000000, 1.000000000000000000 ) ) ;
#1189 = PLANE ( 'NONE',  #3702 ) ;
#1190 = DIRECTION ( 'NONE',  ( 3.136292949173481922E-19, 1.387778780781445676E-17, -1.000000000000000000 ) ) ;
#1191 = FACE_BOUND ( 'NONE', #863, .T. ) ;
#1192 = DIRECTION ( 'NONE',  ( 1.000000000000000000, 0.000000000000000000, 0.000000000000000000 ) ) ;
#1193 = VECTOR ( 'NONE', #4846, 1000.000000000000000 ) ;
#1194 = EDGE_CURVE ( 'NONE', #9152, #9649, #7117, .T. ) ;
#1195 = VERTEX_POINT ( 'NONE', #2606 ) ;
#1196 = AXIS2_PLACEMENT_3D ( 'NONE', #1568, #7923, #1024 ) ;
#1197 = DIRECTION ( 'NONE',  ( -0.000000000000000000, -0.000000000000000000, -1.000000000000000000 ) ) ;
#1198 = AXIS2_PLACEMENT_3D ( 'NONE', #7387, #112, #4206 ) ;
#1199 = CARTESIAN_POINT ( 'NONE',  ( 26.00000000000003908, 247.0000000000003695, 9.000000000000007105 ) ) ;
#1200 = EDGE_CURVE ( 'NONE', #7097, #8438, #8103, .T. ) ;
#1201 = DIRECTION ( 'NONE',  ( 5.600273556634000138E-19, 1.000000000000000000, 1.387778780781445676E-17 ) ) ;
#1202 = CIRCLE ( 'NONE', #8487, 4.000000000000003553 ) ;
#1203 = VECTOR ( 'NONE', #3194, 1000.000000000000000 ) ;
#1204 = EDGE_LOOP ( 'NONE', ( #4270, #4492 ) ) ;
#1205 = CARTESIAN_POINT ( 'NONE',  ( 1055.000000000000000, 51.49999999999999289, 4.499999999999946709 ) ) ;
#1206 = ORIENTED_EDGE ( 'NONE', *, *, #2080, .T. ) ;
#1207 = AXIS2_PLACEMENT_3D ( 'NONE', #8826, #9811, #5969 ) ;
#1208 = CARTESIAN_POINT ( 'NONE',  ( 34.00000000000002842, 147.5000000000000853, 1.500000000000001332 ) ) ;
#1209 = EDGE_CURVE ( 'NONE', #9828, #9752, #3898, .T. ) ;
#1210 = CARTESIAN_POINT ( 'NONE',  ( 730.5000000000000000, 147.5000000000000000, -15.00000000000001599 ) ) ;
#1211 = CARTESIAN_POINT ( 'NONE',  ( 27.12618889575102799, 240.4998798489978640, -7.303754431328350449 ) ) ;
#1212 = VERTEX_POINT ( 'NONE', #1242 ) ;
#1214 = ORIENTED_EDGE ( 'NONE', *, *, #3995, .T. ) ;
#1213 = LINE ( 'NONE', #3379, #2441 ) ;
#1215 = AXIS2_PLACEMENT_3D ( 'NONE', #6921, #3637, #6856 ) ;
#1216 = CARTESIAN_POINT ( 'NONE',  ( 26.76590427536936900, 53.48460076862765078, 5.241759982192176537 ) ) ;
#1217 = EDGE_CURVE ( 'NONE', #7562, #2599, #2291, .T. ) ;
#1218 = ORIENTED_EDGE ( 'NONE', *, *, #9295, .F. ) ;
#1219 = EDGE_LOOP ( 'NONE', ( #6715, #3329 ) ) ;
#1220 = DIRECTION ( 'NONE',  ( -1.000000000000000000, 0.000000000000000000, 0.000000000000000000 ) ) ;
#1221 = CARTESIAN_POINT ( 'NONE',  ( 24.99999999999991118, 240.5000000000001137, 7.499999999999951150 ) ) ;
#1222 = PLANE ( 'NONE',  #1397 ) ;
#1223 = CARTESIAN_POINT ( 'NONE',  ( 0.000000000000000000, 294.9999999999998295, 14.99999999999990230 ) ) ;
#1224 = FACE_OUTER_BOUND ( 'NONE', #9240, .T. ) ;
#1225 = AXIS2_PLACEMENT_3D ( 'NONE', #7919, #6360, #2458 ) ;
#1226 = DIRECTION ( 'NONE',  ( -0.000000000000000000, 0.000000000000000000, 1.000000000000000000 ) ) ;
#1228 = ORIENTED_EDGE ( 'NONE', *, *, #8486, .T. ) ;
#1227 = CYLINDRICAL_SURFACE ( 'NONE', #8284, 2.499999999999891198 ) ;
#1229 = ADVANCED_FACE ( 'NONE', ( #9088 ), #8276, .F. ) ;
#1230 = CARTESIAN_POINT ( 'NONE',  ( 268.0000000000003411, 241.0000000000003411, 15.00000000000001421 ) ) ;
#1231 = ORIENTED_EDGE ( 'NONE', *, *, #5066, .T. ) ;
#1232 = EDGE_CURVE ( 'NONE', #8998, #5191, #2779, .T. ) ;
#1233 = CARTESIAN_POINT ( 'NONE',  ( 0.000000000000000000, 312.3750000000001705, -6.938893903907228378E-15 ) ) ;
#1234 = VERTEX_POINT ( 'NONE', #9817 ) ;
#1235 = VERTEX_POINT ( 'NONE', #1137 ) ;
#1236 = AXIS2_PLACEMENT_3D ( 'NONE', #4834, #4094, #7961 ) ;
#1237 = PRESENTATION_STYLE_ASSIGNMENT (( #3443 ) ) ;
#1238 = DIRECTION ( 'NONE',  ( -0.8310197183900910334, 0.5562429573907915481, 0.000000000000000000 ) ) ;
#1240 = VERTEX_POINT ( 'NONE', #6747 ) ;
#1239 = FACE_OUTER_BOUND ( 'NONE', #2339, .T. ) ;
#1241 = ADVANCED_FACE ( 'NONE', ( #4518 ), #1061, .F. ) ;
#1242 = CARTESIAN_POINT ( 'NONE',  ( 359.0000000000000000, 0.000000000000000000, 0.000000000000000000 ) ) ;
#1243 = CARTESIAN_POINT ( 'NONE',  ( 0.000000000000000000, 0.000000000000000000, 0.000000000000000000 ) ) ;
#1244 = LINE ( 'NONE', #7394, #6431 ) ;
#1245 = SHAPE_REPRESENTATION ( 'A353250-COSTADOSCO', ( #3788 ), #5728 ) ;
#1246 = ORIENTED_EDGE ( 'NONE', *, *, #938, .T. ) ;
#1247 = AXIS2_PLACEMENT_3D ( 'NONE', #251, #8931, #8965 ) ;
#1248 = CARTESIAN_POINT ( 'NONE',  ( 26.97004698846619775, 240.8816237276264474, -9.015356963772580556 ) ) ;
#1249 = CARTESIAN_POINT ( 'NONE',  ( 26.76595102001876469, 53.48471790149908145, 9.758046611778851798 ) ) ;
#1251 = ORIENTED_EDGE ( 'NONE', *, *, #7616, .F. ) ;
#1250 = VECTOR ( 'NONE', #9931, 1000.000000000000000 ) ;
#1252 = DIRECTION ( 'NONE',  ( 2.033782021272921061E-31, 5.176899690512889973E-31, 1.000000000000000000 ) ) ;
#1253 = ORIENTED_EDGE ( 'NONE', *, *, #9742, .T. ) ;
#1254 = AXIS2_PLACEMENT_3D ( 'NONE', #5117, #2748, #8208 ) ;
#1255 = AXIS2_PLACEMENT_3D ( 'NONE', #3838, #8610, #9357 ) ;
#1256 = ORIENTED_EDGE ( 'NONE', *, *, #7881, .F. ) ;
#1257 = DIRECTION ( 'NONE',  ( 1.000000000000000000, 0.000000000000000000, 0.000000000000000000 ) ) ;
#1258 = EDGE_LOOP ( 'NONE', ( #8517, #5807 ) ) ;
#1259 = DIRECTION ( 'NONE',  ( 1.000000000000000000, 0.000000000000000000, 0.000000000000000000 ) ) ;
#1260 = AXIS2_PLACEMENT_3D ( 'NONE', #1973, #9023, #1257 ) ;
#1261 = PLANE ( 'NONE',  #4226 ) ;
#1263 = VERTEX_POINT ( 'NONE', #354 ) ;
#1262 = LINE ( 'NONE', #7404, #9410 ) ;
#1264 = ORIENTED_EDGE ( 'NONE', *, *, #3809, .T. ) ;
#1265 = LINE ( 'NONE', #5459, #765 ) ;
#1266 = ORIENTED_EDGE ( 'NONE', *, *, #6105, .F. ) ;
#1267 = ORIENTED_EDGE ( 'NONE', *, *, #9020, .F. ) ;
#1268 = CARTESIAN_POINT ( 'NONE',  ( 80.84317321985052729, 84.99999999999998579, 13.50000000000000888 ) ) ;
#1269 = DIRECTION ( 'NONE',  ( 5.600273556634000138E-19, 1.000000000000000000, -6.938893903907225296E-18 ) ) ;
#1270 = DIRECTION ( 'NONE',  ( 1.000000000000000000, 0.000000000000000000, 0.000000000000000000 ) ) ;
#1271 = EDGE_CURVE ( 'NONE', #7118, #1098, #6992, .T. ) ;
#1272 = FACE_OUTER_BOUND ( 'NONE', #5192, .T. ) ;
#1273 = CARTESIAN_POINT ( 'NONE',  ( 320.0000000000003979, 241.0000000000003695, 9.000000000000007105 ) ) ;
#1274 = CYLINDRICAL_SURFACE ( 'NONE', #121, 7.499999999999951150 ) ;
#1275 = CARTESIAN_POINT ( 'NONE',  ( 314.0000000000003411, 55.00000000000007816, 9.000000000000007105 ) ) ;
#1276 = ORIENTED_EDGE ( 'NONE', *, *, #10055, .T. ) ;
#1277 = AXIS2_PLACEMENT_3D ( 'NONE', #2505, #4097, #3413 ) ;
#1278 = ADVANCED_FACE ( 'NONE', ( #7491 ), #8317, .F. ) ;
#1279 = EDGE_CURVE ( 'NONE', #619, #7097, #5150, .T. ) ;
#1280 = CARTESIAN_POINT ( 'NONE',  ( 376.0000000000000000, 312.3750000000000568, 4.000000000000052403 ) ) ;
#1281 = CARTESIAN_POINT ( 'NONE',  ( 376.0000000000000000, 223.1250000000002274, 3.999999999999996447 ) ) ;
#1282 = CIRCLE ( 'NONE', #3391, 2.499999999999946709 ) ;
#1283 = DIRECTION ( 'NONE',  ( -3.136292949173481922E-19, -1.387778780781445676E-17, 1.000000000000000000 ) ) ;
#1284 = DIRECTION ( 'NONE',  ( 1.000000000000000000, 0.000000000000000000, 0.000000000000000000 ) ) ;
#1285 = FACE_BOUND ( 'NONE', #8171, .T. ) ;
#1286 = CARTESIAN_POINT ( 'NONE',  ( 26.65201703918304332, 53.01146836980292676, 4.901301321440113767 ) ) ;
#1287 = LINE ( 'NONE', #5442, #7589 ) ;
#1288 = ORIENTED_EDGE ( 'NONE', *, *, #2181, .F. ) ;
#1289 =( GEOMETRIC_REPRESENTATION_CONTEXT ( 3 ) GLOBAL_UNCERTAINTY_ASSIGNED_CONTEXT ( ( #6103 ) ) GLOBAL_UNIT_ASSIGNED_CONTEXT ( ( #1912, #3511, #3703 ) ) REPRESENTATION_CONTEXT ( 'NONE', 'WORKASPACE' ) );
#1290 = ITEM_DEFINED_TRANSFORMATION ( 'NONE', 'NONE', #17,  #3788 ) ;
#1291 = ADVANCED_FACE ( 'NONE', ( #7849, #2036, #7608, #7364, #3024, #5517, #3281 ), #5945, .T. ) ;
#1292 = EDGE_CURVE ( 'NONE', #9644, #5724, #179, .T. ) ;
#1293 =( NAMED_UNIT ( * ) PLANE_ANGLE_UNIT ( ) SI_UNIT ( $, .RADIAN. ) );
#1294 = AXIS2_PLACEMENT_3D ( 'NONE', #8192, #9765, #369 ) ;
#1295 = DIRECTION ( 'NONE',  ( 2.033782021272921061E-31, 5.176899690512889973E-31, 1.000000000000000000 ) ) ;
#1296 = FACE_OUTER_BOUND ( 'NONE', #7810, .T. ) ;
#1297 = DIRECTION ( 'NONE',  ( 1.000000000000000000, -7.590943252506637819E-32, 2.033782021272921061E-31 ) ) ;
#1298 = FACE_BOUND ( 'NONE', #867, .T. ) ;
#1299 = VERTEX_POINT ( 'NONE', #2677 ) ;
#1300 = CARTESIAN_POINT ( 'NONE',  ( 0.000000000000000000, 0.000000000000000000, 3.000000000000002665 ) ) ;
#1301 = ORIENTED_EDGE ( 'NONE', *, *, #10226, .T. ) ;
#1302 = ADVANCED_FACE ( 'NONE', ( #2406 ), #4899, .F. ) ;
#1303 = DIRECTION ( 'NONE',  ( 1.000000000000000000, -7.590943252506637819E-32, 2.033782021272921061E-31 ) ) ;
#1304 = LINE ( 'NONE', #3634, #4514 ) ;
#1305 = PLANE ( 'NONE',  #3163 ) ;
#1306 = LINE ( 'NONE', #7185, #7246 ) ;
#1307 = ORIENTED_EDGE ( 'NONE', *, *, #6447, .T. ) ;
#1308 = CARTESIAN_POINT ( 'NONE',  ( 1095.000000000000000, 2.307652204411941523E-14, -15.00000000000001599 ) ) ;
#1309 = ORIENTED_EDGE ( 'NONE', *, *, #7110, .T. ) ;
#1310 = FACE_BOUND ( 'NONE', #917, .T. ) ;
#1311 = DIRECTION ( 'NONE',  ( -1.000000000000000000, 7.590943252506637819E-32, 2.033782021272921061E-31 ) ) ;
#1312 = FACE_OUTER_BOUND ( 'NONE', #2759, .T. ) ;
#1313 = ORIENTED_EDGE ( 'NONE', *, *, #8944, .T. ) ;
#1314 = DIRECTION ( 'NONE',  ( 1.000000000000000000, 0.000000000000000000, 1.941925118803053938E-33 ) ) ;
#1315 = CARTESIAN_POINT ( 'NONE',  ( 26.99947405728767436, 240.8075355141822627, -6.162153199821121419 ) ) ;
#1316 = CARTESIAN_POINT ( 'NONE',  ( 26.61816012722154312, 52.83888765323811754, 10.19194513396328361 ) ) ;
#1317 = LINE ( 'NONE', #3333, #1075 ) ;
#1318 = VECTOR ( 'NONE', #5825, 1000.000000000000000 ) ;
#1319 = CIRCLE ( 'NONE', #1870, 2.499999999999891198 ) ;
#1320 = DIRECTION ( 'NONE',  ( 1.000000000000000000, 0.000000000000000000, 1.941925118803053938E-33 ) ) ;
#1321 = CARTESIAN_POINT ( 'NONE',  ( 376.0000000000000000, 129.8750000000000853, -3.469446951953614189E-15 ) ) ;
#1322 = ORIENTED_EDGE ( 'NONE', *, *, #6095, .F. ) ;
#1323 = ORIENTED_EDGE ( 'NONE', *, *, #965, .F. ) ;
#1324 = EDGE_LOOP ( 'NONE', ( #2971, #1042 ) ) ;
#1325 = CARTESIAN_POINT ( 'NONE',  ( 34.00000000000002842, 51.49999999999999289, -1.500000000000001332 ) ) ;
#1326 = CARTESIAN_POINT ( 'NONE',  ( 6.123233995736784525E-17, 54.50000000000000711, 7.500000000000007105 ) ) ;
#1327 = DIRECTION ( 'NONE',  ( 0.000000000000000000, 1.000000000000000000, 0.000000000000000000 ) ) ;
#1328 = EDGE_CURVE ( 'NONE', #5054, #2601, #3407, .T. ) ;
#1329 = VERTEX_POINT ( 'NONE', #8349 ) ;
#1330 = CIRCLE ( 'NONE', #5784, 3.000000000000002665 ) ;
#1331 = EDGE_LOOP ( 'NONE', ( #1014, #4073 ) ) ;
#1332 = DIRECTION ( 'NONE',  ( 2.609204460588636195E-49, 0.000000000000000000, -1.000000000000000000 ) ) ;
#1333 = ADVANCED_FACE ( 'NONE', ( #9443 ), #1305, .F. ) ;
#1334 = DIRECTION ( 'NONE',  ( -8.906522175617107959E-18, -1.000000000000000000, 0.000000000000000000 ) ) ;
#1335 = AXIS2_PLACEMENT_3D ( 'NONE', #5048, #297, #9823 ) ;
#1336 = CARTESIAN_POINT ( 'NONE',  ( 26.50799768601818585, 243.8973874120402172, -4.519833657968260532 ) ) ;
#1337 = EDGE_CURVE ( 'NONE', #8580, #7768, #8597, .T. ) ;
#1338 = CARTESIAN_POINT ( 'NONE',  ( 276.0000000000003411, 49.00000000000004263, 15.00000000000001421 ) ) ;
#1339 = CARTESIAN_POINT ( 'NONE',  ( 0.000000000000000000, 295.0000000000000000, -1.001483571081362644E-28 ) ) ;
#1340 = ORIENTED_EDGE ( 'NONE', *, *, #4141, .F. ) ;
#1342 = ORIENTED_EDGE ( 'NONE', *, *, #4981, .F. ) ;
#1341 = LINE ( 'NONE', #2755, #6157 ) ;
#1343 = AXIS2_PLACEMENT_3D ( 'NONE', #2152, #10156, #7680 ) ;
#1344 = DIRECTION ( 'NONE',  ( -1.000000000000000000, 2.041077998578924066E-17, -2.259514891400699764E-33 ) ) ;
#1345 = ORIENTED_EDGE ( 'NONE', *, *, #6721, .T. ) ;
#1346 = EDGE_CURVE ( 'NONE', #8778, #9708, #2890, .T. ) ;
#1347 = CARTESIAN_POINT ( 'NONE',  ( 10.50000000000000711, 243.5000000000000284, 2.999999999999891642 ) ) ;
#1348 = AXIS2_PLACEMENT_3D ( 'NONE', #5465, #6277, #10209 ) ;
#1349 = CARTESIAN_POINT ( 'NONE',  ( 26.50000000000003553, 51.69733394091515777, 4.499999999999944045 ) ) ;
#1350 = COLOUR_RGB ( '',1.000000000000000000, 1.000000000000000000, 1.000000000000000000 ) ;
#1351 = ADVANCED_FACE ( 'NONE', ( #8460 ), #8446, .F. ) ;
#1352 = EDGE_CURVE ( 'NONE', #4305, #8031, #2532, .T. ) ;
#1353 = FACE_OUTER_BOUND ( 'NONE', #2386, .T. ) ;
#1355 = ORIENTED_EDGE ( 'NONE', *, *, #3246, .T. ) ;
#1354 = LINE ( 'NONE', #4605, #4944 ) ;
#1356 = VERTEX_POINT ( 'NONE', #3619 ) ;
#1357 = ORIENTED_EDGE ( 'NONE', *, *, #8625, .T. ) ;
#1358 = CARTESIAN_POINT ( 'NONE',  ( 376.0000000000000000, 353.0000000000001705, -6.938893903907228378E-15 ) ) ;
#1359 = DIRECTION ( 'NONE',  ( -1.000000000000000000, 0.000000000000000000, 0.000000000000000000 ) ) ;
#1360 = DIRECTION ( 'NONE',  ( -0.000000000000000000, -0.000000000000000000, 1.000000000000000000 ) ) ;
#1361 = DIRECTION ( 'NONE',  ( 2.609204460588636195E-49, 0.000000000000000000, -1.000000000000000000 ) ) ;
#1362 = CIRCLE ( 'NONE', #1425, 4.000000000000003553 ) ;
#1363 = DIRECTION ( 'NONE',  ( 1.000000000000000000, 2.041077998578924066E-17, 1.624335346205397848E-33 ) ) ;
#1365 = EDGE_LOOP ( 'NONE', ( #6515, #5435, #6668, #9949 ) ) ;
#1364 = FACE_OUTER_BOUND ( 'NONE', #3959, .T. ) ;
#1366 = EDGE_CURVE ( 'NONE', #1234, #9178, #4402, .T. ) ;
#1367 = PLANE ( 'NONE',  #9987 ) ;
#1368 = SURFACE_STYLE_USAGE ( .BOTH. , #5896 ) ;
#1369 = VERTEX_POINT ( 'NONE', #6133 ) ;
#1370 = VERTEX_POINT ( 'NONE', #9132 ) ;
#1371 = LINE ( 'NONE', #1275, #7182 ) ;
#1372 = CARTESIAN_POINT ( 'NONE',  ( 26.65201703918303267, 245.0114683698029694, -4.901301321440112879 ) ) ;
#1373 = CARTESIAN_POINT ( 'NONE',  ( 1012.999999999999659, 237.9999999999999432, -15.00000000000001421 ) ) ;
#1374 = EDGE_LOOP ( 'NONE', ( #298, #8173 ) ) ;
#1375 = VERTEX_POINT ( 'NONE', #4415 ) ;
#1376 = ORIENTED_EDGE ( 'NONE', *, *, #5571, .F. ) ;
#1377 = CARTESIAN_POINT ( 'NONE',  ( 40.00000000000003553, 243.5000000000000000, 7.499999999999949374 ) ) ;
#1378 = CARTESIAN_POINT ( 'NONE',  ( 0.000000000000000000, 0.000000000000000000, 0.000000000000000000 ) ) ;
#1379 = VERTEX_POINT ( 'NONE', #2087 ) ;
#1380 = VERTEX_POINT ( 'NONE', #3677 ) ;
#1381 = LINE ( 'NONE', #5851, #8312 ) ;
#1382 = ORIENTED_EDGE ( 'NONE', *, *, #7175, .F. ) ;
#1383 = CARTESIAN_POINT ( 'NONE',  ( 332.4267950260535827, 148.5531383164632757, 11.36113985367842893 ) ) ;
#1384 = VERTEX_POINT ( 'NONE', #5279 ) ;
#1385 = CARTESIAN_POINT ( 'NONE',  ( 0.000000000000000000, 44.62500000000013500, 4.000000000000003553 ) ) ;
#1386 = ADVANCED_FACE ( 'NONE', ( #1184 ), #9437, .F. ) ;
#1387 = DIRECTION ( 'NONE',  ( -1.000000000000000000, 0.000000000000000000, 0.000000000000000000 ) ) ;
#1388 = LINE ( 'NONE', #1179, #10020 ) ;
#1389 = CARTESIAN_POINT ( 'NONE',  ( 40.00000000000003553, 147.5000000000000853, 3.500000000000003109 ) ) ;
#1390 = EDGE_CURVE ( 'NONE', #8783, #3869, #3289, .T. ) ;
#1391 =( NAMED_UNIT ( * ) SI_UNIT ( $, .STERADIAN. ) SOLID_ANGLE_UNIT ( ) );
#1392 = CIRCLE ( 'NONE', #6833, 2.499999999999891198 ) ;
#1393 = ORIENTED_EDGE ( 'NONE', *, *, #8890, .F. ) ;
#1394 = AXIS2_PLACEMENT_3D ( 'NONE', #9670, #4995, #2660 ) ;
#1395 = CARTESIAN_POINT ( 'NONE',  ( 266.4999999999998295, 243.5000000000000000, -3.000000000000002665 ) ) ;
#1396 = DIRECTION ( 'NONE',  ( -1.000000000000000000, 0.000000000000000000, 0.000000000000000000 ) ) ;
#1397 = AXIS2_PLACEMENT_3D ( 'NONE', #10148, #8499, #3802 ) ;
#1398 = CARTESIAN_POINT ( 'NONE',  ( 26.97004698846619064, 48.88162372762641183, 9.015356963772580556 ) ) ;
#1399 = FACE_OUTER_BOUND ( 'NONE', #10145, .T. ) ;
#1400 =( NAMED_UNIT ( * ) PLANE_ANGLE_UNIT ( ) SI_UNIT ( $, .RADIAN. ) );
#1401 = LINE ( 'NONE', #4335, #8810 ) ;
#1402 = ADVANCED_FACE ( 'NONE', ( #9679 ), #2837, .F. ) ;
#1403 = DIRECTION ( 'NONE',  ( -3.136292949173481922E-19, -1.387778780781445676E-17, 1.000000000000000000 ) ) ;
#1404 = VERTEX_POINT ( 'NONE', #704 ) ;
#1405 = DIRECTION ( 'NONE',  ( 0.000000000000000000, -1.000000000000000000, 0.000000000000000000 ) ) ;
#1406 = CARTESIAN_POINT ( 'NONE',  ( 68.00000000000008527, 49.00000000000009948, 15.00000000000001421 ) ) ;
#1407 = DIRECTION ( 'NONE',  ( 2.033782021272921061E-31, -5.176899690512889973E-31, -1.000000000000000000 ) ) ;
#1408 = FACE_OUTER_BOUND ( 'NONE', #4684, .T. ) ;
#1409 = AXIS2_PLACEMENT_3D ( 'NONE', #8466, #10038, #6957 ) ;
#1410 = EDGE_CURVE ( 'NONE', #6549, #9150, #2027, .T. ) ;
#1411 = LINE ( 'NONE', #8719, #9307 ) ;
#1412 = VERTEX_POINT ( 'NONE', #7783 ) ;
#10245 = ORIENTED_EDGE ( 'NONE', *, *, #9210, .T. ) ;
#1414 = EDGE_CURVE ( 'NONE', #7177, #2048, #4269, .T. ) ;
#1415 = CARTESIAN_POINT ( 'NONE',  ( 331.8720355837428428, 150.5105300456164059, 10.14617222310629430 ) ) ;
#1416 = CARTESIAN_POINT ( 'NONE',  ( 455.9999999999999432, 51.49999999999999289, 15.00000000000001599 ) ) ;
#1417 =( GEOMETRIC_REPRESENTATION_CONTEXT ( 3 ) GLOBAL_UNCERTAINTY_ASSIGNED_CONTEXT ( ( #8325 ) ) GLOBAL_UNIT_ASSIGNED_CONTEXT ( ( #4617, #10118, #10192 ) ) REPRESENTATION_CONTEXT ( 'NONE', 'WORKASPACE' ) );
#1418 = CIRCLE ( 'NONE', #1260, 6.000000000000015987 ) ;
#1419 = DIRECTION ( 'NONE',  ( -0.000000000000000000, 1.000000000000000000, -0.000000000000000000 ) ) ;
#1420 = FACE_BOUND ( 'NONE', #1517, .T. ) ;
#1421 = EDGE_LOOP ( 'NONE', ( #5333, #1580, #8387, #3345 ) ) ;
#1422 = COLOUR_RGB ( '',1.000000000000000000, 1.000000000000000000, 1.000000000000000000 ) ;
#1423 = EDGE_CURVE ( 'NONE', #1950, #577, #5141, .T. ) ;
#1424 = ORIENTED_EDGE ( 'NONE', *, *, #4382, .F. ) ;
#1425 = AXIS2_PLACEMENT_3D ( 'NONE', #4626, #5422, #10236 ) ;
#1426 = CARTESIAN_POINT ( 'NONE',  ( 0.000000000000000000, 178.5000000000001137, 3.999999999999996447 ) ) ;
#1427 = DIRECTION ( 'NONE',  ( 0.000000000000000000, -1.000000000000000000, -0.000000000000000000 ) ) ;
#1428 = DIRECTION ( 'NONE',  ( 0.2756373558169958882, 0.9612616959383197823, 0.000000000000000000 ) ) ;
#1429 = CIRCLE ( 'NONE', #8397, 13.00000000000003908 ) ;
#1430 = CARTESIAN_POINT ( 'NONE',  ( 26.53877007360071261, 50.71355636493060359, 4.598059989243556522 ) ) ;
#1431 = LINE ( 'NONE', #87, #3418 ) ;
#1432 = ORIENTED_EDGE ( 'NONE', *, *, #3798, .T. ) ;
#1433 = CARTESIAN_POINT ( 'NONE',  ( 34.00000000000002842, 243.5000000000000000, 1.500000000000001332 ) ) ;
#1434 =( LENGTH_UNIT ( ) NAMED_UNIT ( * ) SI_UNIT ( .MILLI., .METRE. ) );
#1435 = CARTESIAN_POINT ( 'NONE',  ( 26.00000000000003908, 235.0000000000003126, 9.000000000000007105 ) ) ;
#1436 = DIRECTION ( 'NONE',  ( 1.000000000000000000, -7.590943252506637819E-32, 2.033782021272921061E-31 ) ) ;
#1437 = CARTESIAN_POINT ( 'NONE',  ( 453.5000000000000568, 243.5000000000000000, -3.000000000000002665 ) ) ;
#1438 = DIRECTION ( 'NONE',  ( 0.000000000000000000, 0.000000000000000000, -1.000000000000000000 ) ) ;
#1439 = VECTOR ( 'NONE', #327, 1000.000000000000000 ) ;
#1440 = DIRECTION ( 'NONE',  ( 2.609204460588635816E-49, 0.000000000000000000, -1.000000000000000000 ) ) ;
#1441 = EDGE_LOOP ( 'NONE', ( #7301, #7108 ) ) ;
#1442 = DIRECTION ( 'NONE',  ( -0.000000000000000000, 0.000000000000000000, 1.000000000000000000 ) ) ;
#1443 = AXIS2_PLACEMENT_3D ( 'NONE', #9164, #3710, #5181 ) ;
#1444 = CARTESIAN_POINT ( 'NONE',  ( 116.8598776245141835, 125.0000000000000000, 21.00000000000000000 ) ) ;
#1445 = CARTESIAN_POINT ( 'NONE',  ( 26.00000000000006040, 42.99999999999998579, 9.000000000000007105 ) ) ;
#1446 = EDGE_LOOP ( 'NONE', ( #8800, #7518 ) ) ;
#1447 = VECTOR ( 'NONE', #3822, 1000.000000000000000 ) ;
#1448 = EDGE_LOOP ( 'NONE', ( #6449, #6722 ) ) ;
#1449 = CARTESIAN_POINT ( 'NONE',  ( 1055.000000000000000, 51.49999999999999289, -7.499999999999949374 ) ) ;
#1450 = ADVANCED_FACE ( 'NONE', ( #4387 ), #5626, .F. ) ;
#1451 = VERTEX_POINT ( 'NONE', #6967 ) ;
#1452 = PRODUCT_DEFINITION_SHAPE ( 'NONE', 'NONE',  #10249 ) ;
#1453 = CARTESIAN_POINT ( 'NONE',  ( 823.4999999999998863, 237.9999999999999716, 15.00000000000001421 ) ) ;
#1454 = AXIS2_PLACEMENT_3D ( 'NONE', #4759, #2426, #7137 ) ;
#1455 = DIRECTION ( 'NONE',  ( 1.000000000000000000, 0.000000000000000000, 0.000000000000000000 ) ) ;
#1456 = ORIENTED_EDGE ( 'NONE', *, *, #4271, .F. ) ;
#1457 = PLANE ( 'NONE',  #1576 ) ;
#1459 = EDGE_LOOP ( 'NONE', ( #5815, #9091, #6813, #324 ) ) ;
#1458 = FACE_OUTER_BOUND ( 'NONE', #6173, .T. ) ;
#1460 = DIRECTION ( 'NONE',  ( 1.000000000000000000, 0.000000000000000000, 0.000000000000000000 ) ) ;
#1461 = DIRECTION ( 'NONE',  ( 0.000000000000000000, 0.000000000000000000, -1.000000000000000000 ) ) ;
#1462 = CARTESIAN_POINT ( 'NONE',  ( 26.50000000000003197, 51.49999999999999289, 4.499999999999944045 ) ) ;
#1463 = EDGE_LOOP ( 'NONE', ( #7539, #6019, #7730, #572 ) ) ;
#1464 = EDGE_CURVE ( 'NONE', #6673, #10244, #5388, .T. ) ;
#1465 = DIRECTION ( 'NONE',  ( -0.000000000000000000, 0.000000000000000000, 1.000000000000000000 ) ) ;
#1466 = VECTOR ( 'NONE', #4988, 1000.000000000000000 ) ;
#1468 = ORIENTED_EDGE ( 'NONE', *, *, #5917, .F. ) ;
#1467 = LINE ( 'NONE', #8615, #7529 ) ;
#1469 = AXIS2_PLACEMENT_3D ( 'NONE', #8702, #7844, #8643 ) ;
#1470 = CARTESIAN_POINT ( 'NONE',  ( 297.0000000000000000, 147.5000000000000000, 15.00000000000001421 ) ) ;
#1471 = EDGE_CURVE ( 'NONE', #8710, #9734, #7352, .T. ) ;
#1472 = ORIENTED_EDGE ( 'NONE', *, *, #1217, .T. ) ;
#1473 = CARTESIAN_POINT ( 'NONE',  ( 332.4999999999998863, 147.5000000000000853, 11.50000000000001066 ) ) ;
#1474 = ORIENTED_EDGE ( 'NONE', *, *, #6509, .F. ) ;
#1475 = ORIENTED_EDGE ( 'NONE', *, *, #5648, .T. ) ;
#1476 = CARTESIAN_POINT ( 'NONE',  ( 1095.000000000000000, 243.5000000000000000, 7.499999999999949374 ) ) ;
#1477 = AXIS2_PLACEMENT_3D ( 'NONE', #7687, #7745, #9378 ) ;
#1478 = VERTEX_POINT ( 'NONE', #3917 ) ;
#1479 = CARTESIAN_POINT ( 'NONE',  ( 26.00000000000003908, 247.0000000000003695, 15.00000000000001421 ) ) ;
#1480 = EDGE_CURVE ( 'NONE', #7492, #1370, #9318, .T. ) ;
#1481 = CARTESIAN_POINT ( 'NONE',  ( 357.4999999999998863, 243.5000000000000000, -15.00000000000001599 ) ) ;
#1482 = AXIS2_PLACEMENT_3D ( 'NONE', #9616, #5849, #1789 ) ;
#1483 = DIRECTION ( 'NONE',  ( 1.000000000000000000, 0.000000000000000000, 1.941925118803053938E-33 ) ) ;
#1484 = EDGE_CURVE ( 'NONE', #8506, #8294, #10047, .T. ) ;
#1485 = LINE ( 'NONE', #8698, #2831 ) ;
#1486 = DIRECTION ( 'NONE',  ( 2.033782021272921061E-31, 5.176899690512889973E-31, -1.000000000000000000 ) ) ;
#1487 = EDGE_LOOP ( 'NONE', ( #6041, #804, #7495, #6934 ) ) ;
#1488 = CARTESIAN_POINT ( 'NONE',  ( 0.000000000000000000, 0.000000000000000000, 0.000000000000000000 ) ) ;
#1489 = CARTESIAN_POINT ( 'NONE',  ( 0.000000000000000000, 0.000000000000000000, 15.00000000000001421 ) ) ;
#1490 = DIRECTION ( 'NONE',  ( 0.000000000000000000, -1.000000000000000000, 0.000000000000000000 ) ) ;
#1491 = CARTESIAN_POINT ( 'NONE',  ( 0.000000000000000000, 3.000000000000002665, -385.0000000000000000 ) ) ;
#1492 = EDGE_CURVE ( 'NONE', #4873, #4061, #7596, .T. ) ;
#1493 = DIRECTION ( 'NONE',  ( 0.000000000000000000, 0.000000000000000000, -1.000000000000000000 ) ) ;
#1495 = ORIENTED_EDGE ( 'NONE', *, *, #6561, .T. ) ;
#1494 = COLOUR_RGB ( '',1.000000000000000000, 1.000000000000000000, 1.000000000000000000 ) ;
#1496 = ORIENTED_EDGE ( 'NONE', *, *, #5448, .T. ) ;
#1497 = DIRECTION ( 'NONE',  ( -0.000000000000000000, 0.000000000000000000, 1.000000000000000000 ) ) ;
#1498 =( LENGTH_UNIT ( ) NAMED_UNIT ( * ) SI_UNIT ( .MILLI., .METRE. ) );
#1499 = VERTEX_POINT ( 'NONE', #1891 ) ;
#1500 = ORIENTED_EDGE ( 'NONE', *, *, #393, .T. ) ;
#1501 = ADVANCED_FACE ( 'NONE', ( #419 ), #922, .F. ) ;
#1502 = ORIENTED_EDGE ( 'NONE', *, *, #6111, .F. ) ;
#1503 = CARTESIAN_POINT ( 'NONE',  ( 331.4269269584412427, 143.6336671407933636, 8.559794278224700292 ) ) ;
#1505 = ORIENTED_EDGE ( 'NONE', *, *, #3858, .F. ) ;
#1504 = LINE ( 'NONE', #2389, #9891 ) ;
#1506 = CARTESIAN_POINT ( 'NONE',  ( 376.0000000000000000, 129.8750000000000853, 3.999999999999996447 ) ) ;
#1507 = DIRECTION ( 'NONE',  ( 3.136292949173481922E-19, 1.387778780781445676E-17, -1.000000000000000000 ) ) ;
#1508 = EDGE_LOOP ( 'NONE', ( #3069, #824 ) ) ;
#1509 = CIRCLE ( 'NONE', #263, 2.499999999999946709 ) ;
#1510 = PLANE ( 'NONE',  #7769 ) ;
#1511 = ORIENTED_EDGE ( 'NONE', *, *, #5201, .F. ) ;
#1512 = DIRECTION ( 'NONE',  ( -2.033782021272921061E-31, 0.000000000000000000, -1.000000000000000000 ) ) ;
#1513 = AXIS2_PLACEMENT_3D ( 'NONE', #9881, #8238, #8205 ) ;
#1514 = LINE ( 'NONE', #2147, #9902 ) ;
#1515 = CARTESIAN_POINT ( 'NONE',  ( 331.6540158402142424, 150.9640945432925321, 9.516660286410690617 ) ) ;
#1516 = FACE_BOUND ( 'NONE', #8291, .T. ) ;
#1517 = EDGE_LOOP ( 'NONE', ( #2012, #3395 ) ) ;
#1518 = DIRECTION ( 'NONE',  ( -2.033782021272921061E-31, -5.176899690512889973E-31, 1.000000000000000000 ) ) ;
#1519 = PLANE ( 'NONE',  #7618 ) ;
#1520 = EDGE_CURVE ( 'NONE', #5925, #793, #3761, .T. ) ;
#1521 = CARTESIAN_POINT ( 'NONE',  ( 362.4999999999998863, 51.49999999999999289, -15.00000000000001599 ) ) ;
#1522 = LINE ( 'NONE', #5107, #522 ) ;
#1523 = CARTESIAN_POINT ( 'NONE',  ( 34.00000000000002842, 147.5000000000000853, 15.00000000000001421 ) ) ;
#1524 = CARTESIAN_POINT ( 'NONE',  ( 324.9999999999999432, 147.5000000000000853, 15.00000000000001421 ) ) ;
#1525 = LINE ( 'NONE', #1655, #9672 ) ;
#1526 = VERTEX_POINT ( 'NONE', #4520 ) ;
#1527 = AXIS2_PLACEMENT_3D ( 'NONE', #2073, #6062, #1974 ) ;
#1528 = DIRECTION ( 'NONE',  ( -1.000000000000000000, 0.000000000000000000, 0.000000000000000000 ) ) ;
#1529 = EDGE_CURVE ( 'NONE', #8789, #7530, #6982, .T. ) ;
#1530 = CARTESIAN_POINT ( 'NONE',  ( 0.000000000000000000, 0.000000000000000000, 21.00000000000000000 ) ) ;
#1531 = SURFACE_STYLE_USAGE ( .BOTH. , #8616 ) ;
#1532 = CARTESIAN_POINT ( 'NONE',  ( 68.00000000000008527, 241.0000000000002842, 0.000000000000000000 ) ) ;
#1533 = CARTESIAN_POINT ( 'NONE',  ( 26.99998542046674288, 246.1937680713590737, -6.165050894881426657 ) ) ;
#1534 = CIRCLE ( 'NONE', #8526, 2.500000000000002220 ) ;
#1535 = ORIENTED_EDGE ( 'NONE', *, *, #2284, .T. ) ;
#1536 = AXIS2_PLACEMENT_3D ( 'NONE', #6978, #7012, #3030 ) ;
#1537 = CARTESIAN_POINT ( 'NONE',  ( 332.2248997586822270, 145.4748454526787782, 4.040859796849402663 ) ) ;
#1538 = CARTESIAN_POINT ( 'NONE',  ( 266.4999999999998295, 51.49999999999999289, 3.000000000000002665 ) ) ;
#1539 = VERTEX_POINT ( 'NONE', #1373 ) ;
#1540 = EDGE_CURVE ( 'NONE', #7660, #8950, #4132, .T. ) ;
#1541 = AXIS2_PLACEMENT_3D ( 'NONE', #3060, #5501, #1578 ) ;
#1542 = EDGE_CURVE ( 'NONE', #6725, #10134, #2281, .T. ) ;
#1543 = VECTOR ( 'NONE', #7669, 1000.000000000000000 ) ;
#1544 = CARTESIAN_POINT ( 'NONE',  ( -6.101346063818772816E-31, 51.49999999999999289, 10.49999999999995381 ) ) ;
#1545 = CIRCLE ( 'NONE', #3691, 3.000000000000002665 ) ;
#1546 = VERTEX_POINT ( 'NONE', #6806 ) ;
#1547 = DIRECTION ( 'NONE',  ( -0.000000000000000000, 0.000000000000000000, 1.000000000000000000 ) ) ;
#1548 = CARTESIAN_POINT ( 'NONE',  ( 263.9999999999998863, 51.49999999999999289, 15.00000000000001599 ) ) ;
#1549 = DIRECTION ( 'NONE',  ( 1.000000000000000000, 0.000000000000000000, 0.000000000000000000 ) ) ;
#1550 = ORIENTED_EDGE ( 'NONE', *, *, #1540, .T. ) ;
#1551 = ADVANCED_FACE ( 'NONE', ( #2157 ), #2781, .F. ) ;
#1552 = CARTESIAN_POINT ( 'NONE',  ( 731.0000000000001137, 243.5000000000000000, 15.00000000000001599 ) ) ;
#1553 = FACE_BOUND ( 'NONE', #4813, .T. ) ;
#1554 = EDGE_CURVE ( 'NONE', #8410, #3714, #1534, .T. ) ;
#1555 = DIRECTION ( 'NONE',  ( 2.033782021272921061E-31, 5.176899690512889973E-31, -1.000000000000000000 ) ) ;
#1556 = VECTOR ( 'NONE', #787, 1000.000000000000000 ) ;
#1557 = ORIENTED_EDGE ( 'NONE', *, *, #4815, .F. ) ;
#1558 = CARTESIAN_POINT ( 'NONE',  ( 68.00000000000008527, 209.0000000000003411, 15.00000000000001421 ) ) ;
#1559 = CARTESIAN_POINT ( 'NONE',  ( 376.0000000000000000, 353.0000000000001705, 15.00000000000005507 ) ) ;
#1560 = DIRECTION ( 'NONE',  ( 2.609204460588635816E-49, 0.000000000000000000, -1.000000000000000000 ) ) ;
#1561 = CIRCLE ( 'NONE', #7879, 4.000000000000003553 ) ;
#1562 = DIRECTION ( 'NONE',  ( 1.000000000000000000, 0.000000000000000000, 0.000000000000000000 ) ) ;
#1563 = CARTESIAN_POINT ( 'NONE',  ( 12.15682678015030049, -135.0000000000000000, 233.0000000000008811 ) ) ;
#1564 = LINE ( 'NONE', #6335, #822 ) ;
#1565 = EDGE_CURVE ( 'NONE', #9291, #1369, #6357, .T. ) ;
#1566 = ORIENTED_EDGE ( 'NONE', *, *, #1932, .T. ) ;
#1567 = ORIENTED_EDGE ( 'NONE', *, *, #3266, .T. ) ;
#1568 = CARTESIAN_POINT ( 'NONE',  ( 25.00000000000002132, 51.50000000000000000, 7.500000000000007105 ) ) ;
#1569 = CARTESIAN_POINT ( 'NONE',  ( 238.0000000000003126, 43.00000000000000711, 9.000000000000007105 ) ) ;
#1570 = DIRECTION ( 'NONE',  ( 0.000000000000000000, -1.000000000000000000, 0.000000000000000000 ) ) ;
#1571 = STYLED_ITEM ( 'NONE', ( #1237 ), #8245 ) ;
#1572 = DIRECTION ( 'NONE',  ( -3.136292949173481922E-19, 1.387778780781445676E-17, -1.000000000000000000 ) ) ;
#1573 = ORIENTED_EDGE ( 'NONE', *, *, #8752, .T. ) ;
#1574 = LINE ( 'NONE', #1338, #4297 ) ;
#1575 = ORIENTED_EDGE ( 'NONE', *, *, #5806, .T. ) ;
#1576 = AXIS2_PLACEMENT_3D ( 'NONE', #2253, #7770, #5543 ) ;
#1577 = DIRECTION ( 'NONE',  ( 2.033782021272921061E-31, 5.176899690512889973E-31, 1.000000000000000000 ) ) ;
#1578 = DIRECTION ( 'NONE',  ( -1.000000000000000000, 0.000000000000000000, 0.000000000000000000 ) ) ;
#1579 = DIRECTION ( 'NONE',  ( 2.609204460588635816E-49, 0.000000000000000000, -1.000000000000000000 ) ) ;
#1580 = ORIENTED_EDGE ( 'NONE', *, *, #206, .T. ) ;
#1581 = AXIS2_PLACEMENT_3D ( 'NONE', #7634, #2886, #4394 ) ;
#1583 = VERTEX_POINT ( 'NONE', #9103 ) ;
#1582 = LINE ( 'NONE', #5880, #94 ) ;
#1584 = CARTESIAN_POINT ( 'NONE',  ( 26.65158639948028707, 49.99051813799869848, -10.09993640703177498 ) ) ;
#1585 = ORIENTED_EDGE ( 'NONE', *, *, #165, .T. ) ;
#1586 = CARTESIAN_POINT ( 'NONE',  ( 0.000000000000000000, 3.000000000000002665, 0.000000000000000000 ) ) ;
#1587 = DIRECTION ( 'NONE',  ( -2.033782021272921061E-31, -5.176899690512889973E-31, 1.000000000000000000 ) ) ;
#1588 = CYLINDRICAL_SURFACE ( 'NONE', #9895, 3.000000000000004441 ) ;
#1589 = DIRECTION ( 'NONE',  ( -0.000000000000000000, -0.000000000000000000, 1.000000000000000000 ) ) ;
#1590 = FACE_BOUND ( 'NONE', #8147, .T. ) ;
#1592 = ORIENTED_EDGE ( 'NONE', *, *, #7908, .T. ) ;
#1591 = LINE ( 'NONE', #7536, #2085 ) ;
#1593 = CARTESIAN_POINT ( 'NONE',  ( 359.0000000000000000, -2.465190328815661892E-29, 15.00000000000001421 ) ) ;
#1594 = EDGE_LOOP ( 'NONE', ( #4940, #9411, #3751, #7037 ) ) ;
#1595 = DIRECTION ( 'NONE',  ( 1.000000000000000000, 0.000000000000000000, 0.000000000000000000 ) ) ;
#1597 = ORIENTED_EDGE ( 'NONE', *, *, #1529, .T. ) ;
#1596 = DIRECTION ( 'NONE',  ( 0.000000000000000000, -1.000000000000000000, 0.000000000000000000 ) ) ;
#1598 = ADVANCED_FACE ( 'NONE', ( #4009 ), #9946, .T. ) ;
#1599 = DIRECTION ( 'NONE',  ( 0.000000000000000000, 1.000000000000000000, 0.000000000000000000 ) ) ;
#1600 = AXIS2_PLACEMENT_3D ( 'NONE', #9508, #6401, #106 ) ;
#1601 = VECTOR ( 'NONE', #8482, 1000.000000000000000 ) ;
#1602 = EDGE_CURVE ( 'NONE', #2117, #4248, #7068, .T. ) ;
#1603 = DIRECTION ( 'NONE',  ( 3.136292949173481922E-19, 1.387778780781445676E-17, -1.000000000000000000 ) ) ;
#1604 = ORIENTED_EDGE ( 'NONE', *, *, #1876, .T. ) ;
#1605 = EDGE_CURVE ( 'NONE', #7162, #9836, #5881, .T. ) ;
#1606 = CARTESIAN_POINT ( 'NONE',  ( 68.00000000000008527, 241.0000000000002842, 9.000000000000007105 ) ) ;
#1607 = CARTESIAN_POINT ( 'NONE',  ( 68.00000000000009948, 81.00000000000001421, 15.00000000000001421 ) ) ;
#1608 = ORIENTED_EDGE ( 'NONE', *, *, #8954, .F. ) ;
#1609 = ORIENTED_EDGE ( 'NONE', *, *, #7164, .T. ) ;
#1610 = PRESENTATION_LAYER_ASSIGNMENT (  '', '', ( #9548 ) ) ;
#1611 = DIRECTION ( 'NONE',  ( 2.033782021272921061E-31, -5.176899690512889973E-31, 1.000000000000000000 ) ) ;
#1612 = ORIENTED_EDGE ( 'NONE', *, *, #2657, .T. ) ;
#1613 = EDGE_CURVE ( 'NONE', #376, #6925, #9808, .T. ) ;
#1614 = EDGE_LOOP ( 'NONE', ( #8781, #220, #2629, #9220 ) ) ;
#1615 = DIRECTION ( 'NONE',  ( 0.000000000000000000, 0.000000000000000000, -1.000000000000000000 ) ) ;
#1616 = ORIENTED_EDGE ( 'NONE', *, *, #137, .T. ) ;
#1617 = AXIS2_PLACEMENT_3D ( 'NONE', #3503, #6694, #7540 ) ;
#1618 = EDGE_LOOP ( 'NONE', ( #3461, #9040 ) ) ;
#1619 = DIRECTION ( 'NONE',  ( -1.000000000000000000, 0.000000000000000000, 0.000000000000000000 ) ) ;
#1621 = ORIENTED_EDGE ( 'NONE', *, *, #3927, .T. ) ;
#1620 = FACE_BOUND ( 'NONE', #886, .T. ) ;
#1622 = CARTESIAN_POINT ( 'NONE',  ( 306.0000000000003979, 241.0000000000003126, 0.000000000000000000 ) ) ;
#1623 = ORIENTED_EDGE ( 'NONE', *, *, #4373, .T. ) ;
#1624 = FACE_OUTER_BOUND ( 'NONE', #5672, .T. ) ;
#1625 = DIRECTION ( 'NONE',  ( 3.136292949173481922E-19, -1.387778780781445676E-17, 1.000000000000000000 ) ) ;
#1626 = ORIENTED_EDGE ( 'NONE', *, *, #9922, .T. ) ;
#1627 = EDGE_LOOP ( 'NONE', ( #6036, #6484 ) ) ;
#1628 = EDGE_CURVE ( 'NONE', #6909, #85, #4889, .T. ) ;
#1629 = CARTESIAN_POINT ( 'NONE',  ( 0.000000000000000000, 0.000000000000000000, 15.00000000000000711 ) ) ;
#1630 = CARTESIAN_POINT ( 'NONE',  ( 455.9999999999999432, 51.49999999999999289, 3.000000000000002665 ) ) ;
#1631 = FACE_OUTER_BOUND ( 'NONE', #5674, .T. ) ;
#1632 = CARTESIAN_POINT ( 'NONE',  ( 26.65201703918304332, 53.01146836980292676, -4.901301321440113767 ) ) ;
#1633 = DIRECTION ( 'NONE',  ( 1.000000000000000000, 0.000000000000000000, 0.000000000000000000 ) ) ;
#1634 = VECTOR ( 'NONE', #4034, 1000.000000000000000 ) ;
#1635 = ORIENTED_EDGE ( 'NONE', *, *, #2737, .T. ) ;
#1636 = CARTESIAN_POINT ( 'NONE',  ( 359.9999999999998863, 243.5000000000000000, 3.000000000000002665 ) ) ;
#1637 = CARTESIAN_POINT ( 'NONE',  ( 26.00000000000006040, 49.00000000000004263, 9.000000000000007105 ) ) ;
#1638 = DIRECTION ( 'NONE',  ( 2.033782021272921061E-31, 5.176899690512889973E-31, 1.000000000000000000 ) ) ;
#1639 = CARTESIAN_POINT ( 'NONE',  ( 314.0000000000003411, 43.00000000000003553, 15.00000000000001421 ) ) ;
#1640 = FACE_OUTER_BOUND ( 'NONE', #830, .T. ) ;
#1641 = CIRCLE ( 'NONE', #4175, 4.000000000000027534 ) ;
#1642 = ORIENTED_EDGE ( 'NONE', *, *, #3790, .F. ) ;
#1643 = CARTESIAN_POINT ( 'NONE',  ( 269.0000000000002842, 145.0000000000001705, 15.00000000000001421 ) ) ;
#1644 = DIRECTION ( 'NONE',  ( 1.000000000000000000, 0.000000000000000000, 0.000000000000000000 ) ) ;
#1645 = ADVANCED_FACE ( 'NONE', ( #2767, #168, #6118 ), #599, .F. ) ;
#1646 = CARTESIAN_POINT ( 'NONE',  ( 269.5000000000004547, 209.0000000000003695, 15.00000000000001421 ) ) ;
#1647 = VECTOR ( 'NONE', #1831, 1000.000000000000000 ) ;
#1648 = CARTESIAN_POINT ( 'NONE',  ( 263.9999999999998863, 243.5000000000000000, 15.00000000000001599 ) ) ;
#1649 = FACE_OUTER_BOUND ( 'NONE', #2828, .T. ) ;
#1650 = VERTEX_POINT ( 'NONE', #9267 ) ;
#1651 = ITEM_DEFINED_TRANSFORMATION ( 'NONE', 'NONE', #3197,  #3788 ) ;
#1652 = CARTESIAN_POINT ( 'NONE',  ( 385.0000000000000000, 0.000000000000000000, -385.0000000000000000 ) ) ;
#1653 = EDGE_CURVE ( 'NONE', #6437, #2194, #3394, .T. ) ;
#1654 = DIRECTION ( 'NONE',  ( 1.000000000000000000, 0.000000000000000000, 0.000000000000000000 ) ) ;
#1655 = CARTESIAN_POINT ( 'NONE',  ( 0.000000000000000000, 312.3750000000000568, 4.000000000000058620 ) ) ;
#1656 = CARTESIAN_POINT ( 'NONE',  ( 27.05993492224975583, 246.3446594264592022, 6.527175101579313576 ) ) ;
#1657 = AXIS2_PLACEMENT_3D ( 'NONE', #7216, #9442, #10240 ) ;
#1658 = UNCERTAINTY_MEASURE_WITH_UNIT (LENGTH_MEASURE( 1.000000000000000082E-05 ), #8195, 'distance_accuracy_value', 'NONE');
#1659 = EDGE_CURVE ( 'NONE', #3283, #569, #5507, .T. ) ;
#1660 = VECTOR ( 'NONE', #5390, 1000.000000000000000 ) ;
#1661 = VERTEX_POINT ( 'NONE', #673 ) ;
#1662 = CARTESIAN_POINT ( 'NONE',  ( 310.0000000000003979, 241.0000000000003126, 0.000000000000000000 ) ) ;
#1663 = APPLICATION_CONTEXT ( 'automotive_design' ) ;
#1664 = ORIENTED_EDGE ( 'NONE', *, *, #124, .F. ) ;
#1665 = CARTESIAN_POINT ( 'NONE',  ( 108.1911413296065092, 1.620164975419772189E-16, 0.000000000000000000 ) ) ;
#1666 = DIRECTION ( 'NONE',  ( 0.000000000000000000, 0.000000000000000000, -1.000000000000000000 ) ) ;
#1667 = PRESENTATION_LAYER_ASSIGNMENT (  '', '', ( #8028 ) ) ;
#1668 = CARTESIAN_POINT ( 'NONE',  ( 0.000000000000000000, -6.729969597666759768E-30, -13.00000000000001421 ) ) ;
#1669 = LINE ( 'NONE', #4262, #4277 ) ;
#1670 = DIRECTION ( 'NONE',  ( 0.000000000000000000, 0.000000000000000000, 1.000000000000000000 ) ) ;
#1671 = CIRCLE ( 'NONE', #2440, 3.000000000000004441 ) ;
#1672 = EDGE_LOOP ( 'NONE', ( #4902, #534, #4030, #2037, #233, #10052 ) ) ;
#1673 = EDGE_CURVE ( 'NONE', #10244, #5686, #1784, .T. ) ;
#1674 = CARTESIAN_POINT ( 'NONE',  ( 26.00000000000003908, 241.0000000000003126, 15.00000000000001421 ) ) ;
#1675 = AXIS2_PLACEMENT_3D ( 'NONE', #8846, #29, #833 ) ;
#1676 = EDGE_CURVE ( 'NONE', #2470, #9150, #7714, .T. ) ;
#1677 = CARTESIAN_POINT ( 'NONE',  ( 728.0000000000001137, 147.5000000000000000, -3.000000000000002665 ) ) ;
#1678 = CYLINDRICAL_SURFACE ( 'NONE', #5236, 3.000000000000002665 ) ;
#1679 = DIRECTION ( 'NONE',  ( 3.136292949173481922E-19, 1.387778780781445676E-17, -1.000000000000000000 ) ) ;
#1680 = VECTOR ( 'NONE', #8856, 1000.000000000000000 ) ;
#1681 = ORIENTED_EDGE ( 'NONE', *, *, #1471, .T. ) ;
#1682 = CARTESIAN_POINT ( 'NONE',  ( 728.0000000000001137, 243.5000000000000000, 15.00000000000001599 ) ) ;
#1683 = EDGE_LOOP ( 'NONE', ( #5683, #3650, #1948, #6683 ) ) ;
#1684 = ORIENTED_EDGE ( 'NONE', *, *, #6848, .F. ) ;
#1685 = DIRECTION ( 'NONE',  ( 2.033782021272921061E-31, 5.176899690512889973E-31, 1.000000000000000000 ) ) ;
#1686 = EDGE_CURVE ( 'NONE', #2558, #9507, #3525, .T. ) ;
#1687 = DIRECTION ( 'NONE',  ( 1.000000000000000000, 0.000000000000000000, 0.000000000000000000 ) ) ;
#1688 = CARTESIAN_POINT ( 'NONE',  ( 0.000000000000000000, 308.3750000000001705, 3.999999999999996447 ) ) ;
#1689 = DIRECTION ( 'NONE',  ( 2.033782021272921061E-31, 5.176899690512889973E-31, -1.000000000000000000 ) ) ;
#1690 = LINE ( 'NONE', #3699, #8241 ) ;
#1691 = VECTOR ( 'NONE', #4560, 1000.000000000000000 ) ;
#1692 = ORIENTED_EDGE ( 'NONE', *, *, #6860, .F. ) ;
#1693 = CARTESIAN_POINT ( 'NONE',  ( 8.000000000000007105, 51.49999999999999289, 15.00000000000001421 ) ) ;
#1694 = CARTESIAN_POINT ( 'NONE',  ( 26.76595102001876469, 245.4847179014990957, 9.758046611778850021 ) ) ;
#1695 = ORIENTED_EDGE ( 'NONE', *, *, #9799, .T. ) ;
#1696 = DIRECTION ( 'NONE',  ( 1.000000000000000000, -7.590943252506637819E-32, -2.033782021272921061E-31 ) ) ;
#1697 = APPLICATION_PROTOCOL_DEFINITION ( 'draft international standard', 'automotive_design', 1998, #911 ) ;
#1698 = ADVANCED_FACE ( 'NONE', ( #1175, #1420, #6004, #9562, #3888, #6752, #7480, #9923, #1298, #3272, #670, #8831, #4635, #7840, #7231, #2522 ), #67, .T. ) ;
#1699 = DIRECTION ( 'NONE',  ( -1.941925118803053938E-33, 0.000000000000000000, -1.000000000000000000 ) ) ;
#1700 = VERTEX_POINT ( 'NONE', #9374 ) ;
#1702 = VERTEX_POINT ( 'NONE', #6364 ) ;
#1701 = LINE ( 'NONE', #3305, #3307 ) ;
#1703 = DIRECTION ( 'NONE',  ( 0.000000000000000000, 0.000000000000000000, -1.000000000000000000 ) ) ;
#1704 = ORIENTED_EDGE ( 'NONE', *, *, #4652, .T. ) ;
#1705 = EDGE_LOOP ( 'NONE', ( #5227, #8113 ) ) ;
#1706 =( LENGTH_UNIT ( ) NAMED_UNIT ( * ) SI_UNIT ( .MILLI., .METRE. ) );
#1707 = DIRECTION ( 'NONE',  ( -0.000000000000000000, 0.000000000000000000, 1.000000000000000000 ) ) ;
#1708 = AXIS2_PLACEMENT_3D ( 'NONE', #5739, #993, #8795 ) ;
#1709 = ORIENTED_EDGE ( 'NONE', *, *, #5860, .T. ) ;
#1710 = LINE ( 'NONE', #3978, #6922 ) ;
#1711 = LINE ( 'NONE', #425, #6406 ) ;
#1713 = ORIENTED_EDGE ( 'NONE', *, *, #680, .T. ) ;
#1712 = LINE ( 'NONE', #7497, #8881 ) ;
#1714 = CARTESIAN_POINT ( 'NONE',  ( 390.0000000000000000, 294.9999999999998863, 15.00000000000001421 ) ) ;
#1715 = ORIENTED_EDGE ( 'NONE', *, *, #6234, .F. ) ;
#1716 = ORIENTED_EDGE ( 'NONE', *, *, #5387, .T. ) ;
#1717 = EDGE_CURVE ( 'NONE', #1702, #6562, #3517, .T. ) ;
#1718 = CARTESIAN_POINT ( 'NONE',  ( -2.775557561562891351E-14, 290.0000000000002842, 15.00000000000001421 ) ) ;
#1719 = AXIS2_PLACEMENT_3D ( 'NONE', #2217, #9658, #1549 ) ;
#1720 = FACE_OUTER_BOUND ( 'NONE', #2710, .T. ) ;
#1721 = CARTESIAN_POINT ( 'NONE',  ( 27.08425309768055556, 48.59754642308745787, -8.284191778965498187 ) ) ;
#1723 = EDGE_LOOP ( 'NONE', ( #6147, #2875 ) ) ;
#1722 = CYLINDRICAL_SURFACE ( 'NONE', #3359, 3.000000000000004441 ) ;
#1724 = AXIS2_PLACEMENT_3D ( 'NONE', #4215, #1862, #8148 ) ;
#1725 = EDGE_CURVE ( 'NONE', #10001, #1356, #406, .T. ) ;
#1726 = DIRECTION ( 'NONE',  ( -2.033782021272921061E-31, -5.176899690512889973E-31, 1.000000000000000000 ) ) ;
#1727 = EDGE_LOOP ( 'NONE', ( #9082, #8691, #4051, #2099 ) ) ;
#1728 = DIRECTION ( 'NONE',  ( 1.000000000000000000, 0.000000000000000000, 0.000000000000000000 ) ) ;
#1729 = DIRECTION ( 'NONE',  ( 2.033782021272921061E-31, 5.176899690512889973E-31, 1.000000000000000000 ) ) ;
#1730 = CYLINDRICAL_SURFACE ( 'NONE', #7317, 2.499999999999946709 ) ;
#1731 = AXIS2_PLACEMENT_3D ( 'NONE', #3062, #7051, #5774 ) ;
#1732 = ORIENTED_EDGE ( 'NONE', *, *, #2323, .T. ) ;
#1733 = CARTESIAN_POINT ( 'NONE',  ( 27.00000231661813999, 54.19380657022864511, -8.834800294472039184 ) ) ;
#1734 = APPLICATION_PROTOCOL_DEFINITION ( 'draft international standard', 'automotive_design', 1998, #8888 ) ;
#1735 = EDGE_CURVE ( 'NONE', #7542, #9649, #4258, .T. ) ;
#1736 = AXIS2_PLACEMENT_3D ( 'NONE', #7452, #1943, #3608 ) ;
#1737 = CARTESIAN_POINT ( 'NONE',  ( 0.000000000000000000, 0.000000000000000000, 0.000000000000000000 ) ) ;
#1738 = EDGE_CURVE ( 'NONE', #5202, #8789, #533, .T. ) ;
#1739 = CARTESIAN_POINT ( 'NONE',  ( 27.12618889575102799, 240.4998798489978640, 7.303754431328350449 ) ) ;
#1741 = ORIENTED_EDGE ( 'NONE', *, *, #5126, .T. ) ;
#1740 = LINE ( 'NONE', #650, #7062 ) ;
#1742 = CARTESIAN_POINT ( 'NONE',  ( 65.50000000000009948, 81.00000000000001421, 15.00000000000001421 ) ) ;
#1743 = ORIENTED_EDGE ( 'NONE', *, *, #6016, .T. ) ;
#1744 = ORIENTED_EDGE ( 'NONE', *, *, #3574, .T. ) ;
#1745 = ORIENTED_EDGE ( 'NONE', *, *, #7835, .F. ) ;
#1746 = PRODUCT_RELATED_PRODUCT_CATEGORY ( 'part', '', ( #5822 ) ) ;
#1747 = DIRECTION ( 'NONE',  ( -9.069527945153567696E-19, -1.000000000000000000, 6.938893903907225296E-18 ) ) ;
#1748 = ADVANCED_FACE ( 'NONE', ( #9554 ), #5524, .T. ) ;
#1749 = EDGE_CURVE ( 'NONE', #9893, #2416, #1901, .T. ) ;
#1751 = ORIENTED_EDGE ( 'NONE', *, *, #1676, .T. ) ;
#1750 = CIRCLE ( 'NONE', #4871, 2.499999999999946709 ) ;
#1752 = VERTEX_POINT ( 'NONE', #3263 ) ;
#1753 = CIRCLE ( 'NONE', #7822, 3.000000000000002665 ) ;
#1754 = AXIS2_PLACEMENT_3D ( 'NONE', #10053, #7689, #10087 ) ;
#1755 = ORIENTED_EDGE ( 'NONE', *, *, #3076, .F. ) ;
#1756 = ADVANCED_FACE ( 'NONE', ( #8949 ), #2334, .T. ) ;
#1757 = CARTESIAN_POINT ( 'NONE',  ( 0.000000000000000000, 0.000000000000000000, 0.000000000000000000 ) ) ;
#1758 = ORIENTED_EDGE ( 'NONE', *, *, #9459, .F. ) ;
#1759 = FILL_AREA_STYLE_COLOUR ( '', #1124 ) ;
#1760 = CARTESIAN_POINT ( 'NONE',  ( 0.000000000000000000, 3.000000000000002665, 0.000000000000000000 ) ) ;
#1761 = DIRECTION ( 'NONE',  ( -1.000000000000000000, 7.590943252506637819E-32, 2.033782021272921061E-31 ) ) ;
#1762 = DIRECTION ( 'NONE',  ( 2.033782021272921061E-31, 5.176899690512889973E-31, 1.000000000000000000 ) ) ;
#1763 = VECTOR ( 'NONE', #7060, 1000.000000000000000 ) ;
#1764 = EDGE_CURVE ( 'NONE', #4777, #6778, #4882, .T. ) ;
#1765 = LINE ( 'NONE', #3604, #2258 ) ;
#1766 = DIRECTION ( 'NONE',  ( -0.000000000000000000, 0.000000000000000000, 1.000000000000000000 ) ) ;
#1767 = CARTESIAN_POINT ( 'NONE',  ( 26.84711922206388479, 245.7598376866338015, 9.482678309652488480 ) ) ;
#1768 = EDGE_LOOP ( 'NONE', ( #1953, #709, #9022, #7434 ) ) ;
#1769 = CARTESIAN_POINT ( 'NONE',  ( 26.00000000000003197, 49.00000000000004263, 9.000000000000007105 ) ) ;
#1770 = CARTESIAN_POINT ( 'NONE',  ( 27.08404912996186553, 54.40196750941833415, -6.714214720490424781 ) ) ;
#1771 = APPLICATION_CONTEXT ( 'automotive_design' ) ;
#1772 = PRESENTATION_LAYER_ASSIGNMENT (  '', '', ( #1571 ) ) ;
#1773 = FACE_OUTER_BOUND ( 'NONE', #6522, .T. ) ;
#1774 = DIRECTION ( 'NONE',  ( 1.000000000000000000, 0.000000000000000000, -2.609204460588635816E-49 ) ) ;
#1775 = CYLINDRICAL_SURFACE ( 'NONE', #8468, 4.000000000000017764 ) ;
#1776 = VECTOR ( 'NONE', #7811, 1000.000000000000000 ) ;
#1777 = ORIENTED_EDGE ( 'NONE', *, *, #8160, .F. ) ;
#1778 = ITEM_DEFINED_TRANSFORMATION ( 'NONE', 'NONE', #4606,  #3788 ) ;
#1779 = CARTESIAN_POINT ( 'NONE',  ( 40.00000000000003553, 243.5000000000000000, 4.499999999999944933 ) ) ;
#1780 = CARTESIAN_POINT ( 'NONE',  ( 5.500000000000006217, 243.5000000000000284, 14.99999999999990230 ) ) ;
#1781 = DIRECTION ( 'NONE',  ( 3.136292949173481922E-19, 1.387778780781445676E-17, -1.000000000000000000 ) ) ;
#1782 = AXIS2_PLACEMENT_3D ( 'NONE', #10109, #656, #6987 ) ;
#1783 = PRODUCT_DEFINITION_SHAPE ( 'NONE', 'NONE',  #8494 ) ;
#1784 = LINE ( 'NONE', #2430, #10178 ) ;
#1785 = VERTEX_POINT ( 'NONE', #3952 ) ;
#1786 = DIRECTION ( 'NONE',  ( -2.609204460588636195E-49, 0.000000000000000000, 1.000000000000000000 ) ) ;
#1787 = AXIS2_PLACEMENT_3D ( 'NONE', #6320, #2246, #5510 ) ;
#1788 = ORIENTED_EDGE ( 'NONE', *, *, #9418, .F. ) ;
#1789 = DIRECTION ( 'NONE',  ( -1.000000000000000000, 0.000000000000000000, 0.000000000000000000 ) ) ;
#1790 = CARTESIAN_POINT ( 'NONE',  ( 25.00000000000002132, 51.50000000000000000, 7.500000000000007105 ) ) ;
#1791 = FACE_OUTER_BOUND ( 'NONE', #3889, .T. ) ;
#1792 = PLANE ( 'NONE',  #1724 ) ;
#1793 = VECTOR ( 'NONE', #321, 1000.000000000000000 ) ;
#1794 = ORIENTED_EDGE ( 'NONE', *, *, #84, .F. ) ;
#1795 = EDGE_CURVE ( 'NONE', #3899, #3241, #2758, .T. ) ;
#1796 = DIRECTION ( 'NONE',  ( 2.033782021272921061E-31, 5.176899690512889973E-31, 1.000000000000000000 ) ) ;
#1797 = ORIENTED_EDGE ( 'NONE', *, *, #3589, .T. ) ;
#1798 = CARTESIAN_POINT ( 'NONE',  ( 26.63639359088190872, 146.0708860994926397, 3.761738126590023157 ) ) ;
#1799 = MECHANICAL_DESIGN_GEOMETRIC_PRESENTATION_REPRESENTATION (  '', ( #531 ), #7438 ) ;
#1800 = CARTESIAN_POINT ( 'NONE',  ( 40.00000000000003553, 147.5000000000000853, 7.500000000000007105 ) ) ;
#1801 = EDGE_CURVE ( 'NONE', #6810, #8525, #7704, .T. ) ;
#1802 = ADVANCED_FACE ( 'NONE', ( #2636 ), #6624, .T. ) ;
#1803 = LINE ( 'NONE', #9099, #7617 ) ;
#1804 = CARTESIAN_POINT ( 'NONE',  ( 791.4999999999998863, 237.9999999999999432, -13.00000000000001421 ) ) ;
#1805 = APPLICATION_PROTOCOL_DEFINITION ( 'draft international standard', 'automotive_design', 1998, #4860 ) ;
#1806 = EDGE_CURVE ( 'NONE', #3435, #6923, #8451, .T. ) ;
#1807 = CYLINDRICAL_SURFACE ( 'NONE', #4239, 2.500000000000002220 ) ;
#1808 = EDGE_LOOP ( 'NONE', ( #430, #9593 ) ) ;
#1809 = ADVANCED_FACE ( 'NONE', ( #5133 ), #6973, .F. ) ;
#1810 = DIRECTION ( 'NONE',  ( 1.000000000000000000, 0.000000000000000000, -0.000000000000000000 ) ) ;
#1811 = DIRECTION ( 'NONE',  ( 1.000000000000000000, 0.000000000000000000, 0.000000000000000000 ) ) ;
#1812 = CARTESIAN_POINT ( 'NONE',  ( 376.0000000000000000, 133.8750000000001990, 3.999999999999996447 ) ) ;
#1813 = CARTESIAN_POINT ( 'NONE',  ( 26.49999999999996803, 243.5000000000000000, 10.49999999999995381 ) ) ;
#1814 = CARTESIAN_POINT ( 'NONE',  ( 26.98190766780995276, 150.1522572730704894, 4.494829455003002572 ) ) ;
#1815 = CARTESIAN_POINT ( 'NONE',  ( 0.000000000000000000, 0.000000000000000000, 0.000000000000000000 ) ) ;
#1816 = CYLINDRICAL_SURFACE ( 'NONE', #4255, 6.000000000000019540 ) ;
#1817 = EDGE_CURVE ( 'NONE', #3869, #3199, #2148, .T. ) ;
#1818 = CARTESIAN_POINT ( 'NONE',  ( 64.00000000000008527, 49.00000000000009948, 9.000000000000007105 ) ) ;
#1819 = VERTEX_POINT ( 'NONE', #7242 ) ;
#1820 = AXIS2_PLACEMENT_3D ( 'NONE', #5235, #5200, #1387 ) ;
#1821 = ORIENTED_EDGE ( 'NONE', *, *, #2712, .F. ) ;
#1822 = VERTEX_POINT ( 'NONE', #7345 ) ;
#1823 = DIRECTION ( 'NONE',  ( 1.000000000000000000, 0.000000000000000000, 0.000000000000000000 ) ) ;
#1824 = DIRECTION ( 'NONE',  ( 2.033782021272921061E-31, 5.176899690512889973E-31, 1.000000000000000000 ) ) ;
#1825 = CARTESIAN_POINT ( 'NONE',  ( 1095.000000000000000, 243.5000000000000000, -4.499999999999946709 ) ) ;
#1826 = VERTEX_POINT ( 'NONE', #5030 ) ;
#1827 = LINE ( 'NONE', #9271, #1691 ) ;
#1828 = ORIENTED_EDGE ( 'NONE', *, *, #5929, .F. ) ;
#1829 = CARTESIAN_POINT ( 'NONE',  ( 793.9999999999997726, 237.9999999999999432, 13.00000000000001421 ) ) ;
#1830 = EDGE_LOOP ( 'NONE', ( #7670, #1732 ) ) ;
#1831 = DIRECTION ( 'NONE',  ( 2.033782021272921061E-31, 5.176899690512889973E-31, -1.000000000000000000 ) ) ;
#1832 = CARTESIAN_POINT ( 'NONE',  ( 30.00000000000006395, 49.00000000000004263, 9.000000000000007105 ) ) ;
#1833 = CARTESIAN_POINT ( 'NONE',  ( 27.57435476166000754, 143.6315561556964724, 6.448754892257458238 ) ) ;
#1834 = VERTEX_POINT ( 'NONE', #1057 ) ;
#1836 = ORIENTED_EDGE ( 'NONE', *, *, #1484, .T. ) ;
#1835 = CIRCLE ( 'NONE', #4042, 7.500000000000000000 ) ;
#1837 = CARTESIAN_POINT ( 'NONE',  ( 27.11724640868084890, 54.47984812762067008, -7.100776920094537203 ) ) ;
#1838 = ORIENTED_EDGE ( 'NONE', *, *, #9073, .T. ) ;
#1839 = CARTESIAN_POINT ( 'NONE',  ( 0.000000000000000000, -1.553069907153868393E-30, -3.000000000000002665 ) ) ;
#1840 = FACE_OUTER_BOUND ( 'NONE', #9035, .T. ) ;
#1841 = DIRECTION ( 'NONE',  ( 5.600273556634000138E-19, 1.000000000000000000, -6.938893903907225296E-18 ) ) ;
#1842 = FACE_OUTER_BOUND ( 'NONE', #1463, .T. ) ;
#1844 = ORIENTED_EDGE ( 'NONE', *, *, #1945, .T. ) ;
#1843 = CIRCLE ( 'NONE', #4566, 3.000000000000000888 ) ;
#1845 = CARTESIAN_POINT ( 'NONE',  ( 8.000000000000007105, 51.49999999999999289, 0.000000000000000000 ) ) ;
#1846 = AXIS2_PLACEMENT_3D ( 'NONE', #3885, #7711, #8510 ) ;
#1847 = CARTESIAN_POINT ( 'NONE',  ( 27.17443692494286722, 0.000000000000000000, 21.00000000000000000 ) ) ;
#1848 = ORIENTED_EDGE ( 'NONE', *, *, #5243, .T. ) ;
#1849 = CIRCLE ( 'NONE', #693, 2.499999999999946709 ) ;
#1850 = ORIENTED_EDGE ( 'NONE', *, *, #7106, .T. ) ;
#1851 = ADVANCED_FACE ( 'NONE', ( #3004 ), #2393, .F. ) ;
#1852 = DIRECTION ( 'NONE',  ( -1.000000000000000000, -5.600273556634003027E-19, 3.136292949173481922E-19 ) ) ;
#1853 = EDGE_CURVE ( 'NONE', #960, #1139, #5007, .T. ) ;
#1854 = VERTEX_POINT ( 'NONE', #8101 ) ;
#1855 = CARTESIAN_POINT ( 'NONE',  ( 455.9999999999999432, 243.5000000000000000, 3.000000000000002665 ) ) ;
#1856 = ORIENTED_EDGE ( 'NONE', *, *, #8156, .T. ) ;
#1857 = CARTESIAN_POINT ( 'NONE',  ( 821.0000000000000000, 237.9999999999999716, -15.00000000000001421 ) ) ;
#1858 = CARTESIAN_POINT ( 'NONE',  ( 1015.499999999999659, 237.9999999999999432, 13.00000000000001066 ) ) ;
#1859 = AXIS2_PLACEMENT_3D ( 'NONE', #111, #2371, #6373 ) ;
#1861 = EDGE_LOOP ( 'NONE', ( #1309, #752, #315, #1355, #6642, #3025 ) ) ;
#1860 = CIRCLE ( 'NONE', #9601, 4.000000000000003553 ) ;
#1862 = DIRECTION ( 'NONE',  ( -1.000000000000000000, 0.000000000000000000, -8.441837551339287274E-51 ) ) ;
#1863 = EDGE_CURVE ( 'NONE', #7917, #4794, #36, .T. ) ;
#1864 = ORIENTED_EDGE ( 'NONE', *, *, #2849, .T. ) ;
#1865 = EDGE_LOOP ( 'NONE', ( #7637, #223 ) ) ;
#1866 = ORIENTED_EDGE ( 'NONE', *, *, #5456, .F. ) ;
#1867 = DIRECTION ( 'NONE',  ( -0.000000000000000000, 0.000000000000000000, 1.000000000000000000 ) ) ;
#1868 = CARTESIAN_POINT ( 'NONE',  ( 27.41241441047304050, 143.9129015102132030, 5.710754727953385235 ) ) ;
#1869 = DIRECTION ( 'NONE',  ( 0.000000000000000000, 0.000000000000000000, -1.000000000000000000 ) ) ;
#1870 = AXIS2_PLACEMENT_3D ( 'NONE', #8929, #8068, #8962 ) ;
#1872 = ORIENTED_EDGE ( 'NONE', *, *, #1209, .T. ) ;
#1871 = CIRCLE ( 'NONE', #8370, 2.500000000000002220 ) ;
#1873 = APPLICATION_PROTOCOL_DEFINITION ( 'draft international standard', 'automotive_design', 1998, #5646 ) ;
#1874 = EDGE_LOOP ( 'NONE', ( #3850, #2150, #2192, #3796 ) ) ;
#1875 = FACE_OUTER_BOUND ( 'NONE', #9933, .T. ) ;
#1876 = EDGE_CURVE ( 'NONE', #3786, #2848, #775, .T. ) ;
#1877 = ORIENTED_EDGE ( 'NONE', *, *, #2792, .F. ) ;
#1878 = CARTESIAN_POINT ( 'NONE',  ( 34.00000000000002842, 51.49999999999999289, 15.00000000000001421 ) ) ;
#1879 = VERTEX_POINT ( 'NONE', #2013 ) ;
#1880 = AXIS2_PLACEMENT_3D ( 'NONE', #1548, #3131, #9447 ) ;
#1881 = CARTESIAN_POINT ( 'NONE',  ( 70.50000000000009948, 81.00000000000001421, 15.00000000000001421 ) ) ;
#1882 = EDGE_CURVE ( 'NONE', #9780, #7729, #4002, .T. ) ;
#1883 = CARTESIAN_POINT ( 'NONE',  ( 297.0000000000000000, 147.5000000000000000, 5.000000000000004441 ) ) ;
#1884 = FILL_AREA_STYLE ('',( #7479 ) ) ;
#1885 = DIRECTION ( 'NONE',  ( 2.033782021272921061E-31, 5.176899690512889973E-31, 1.000000000000000000 ) ) ;
#1886 = CIRCLE ( 'NONE', #6846, 3.000000000000002665 ) ;
#1887 = FACE_OUTER_BOUND ( 'NONE', #5539, .T. ) ;
#1888 = ORIENTED_EDGE ( 'NONE', *, *, #1795, .T. ) ;
#1889 = DIRECTION ( 'NONE',  ( 2.609204460588636195E-49, 0.000000000000000000, -1.000000000000000000 ) ) ;
#1890 = EDGE_CURVE ( 'NONE', #1370, #577, #9069, .T. ) ;
#1891 = CARTESIAN_POINT ( 'NONE',  ( 314.0000000000003979, 247.0000000000003411, 15.00000000000001421 ) ) ;
#1892 = FACE_OUTER_BOUND ( 'NONE', #8642, .T. ) ;
#1893 = VECTOR ( 'NONE', #10006, 1000.000000000000000 ) ;
#1894 = SURFACE_SIDE_STYLE ('',( #9754 ) ) ;
#1895 = ORIENTED_EDGE ( 'NONE', *, *, #3871, .F. ) ;
#1896 = DIRECTION ( 'NONE',  ( 2.033782021272921061E-31, 5.176899690512889973E-31, 1.000000000000000000 ) ) ;
#1897 = DIRECTION ( 'NONE',  ( -1.000000000000000000, 0.000000000000000000, 0.000000000000000000 ) ) ;
#1898 = CARTESIAN_POINT ( 'NONE',  ( 0.000000000000000000, 0.000000000000000000, 0.000000000000000000 ) ) ;
#1899 = FACE_OUTER_BOUND ( 'NONE', #9191, .T. ) ;
#1900 = DIRECTION ( 'NONE',  ( 1.000000000000000000, 0.000000000000000000, 0.000000000000000000 ) ) ;
#1901 = CIRCLE ( 'NONE', #7934, 2.499999999999946709 ) ;
#1902 = ORIENTED_EDGE ( 'NONE', *, *, #53, .F. ) ;
#1903 = SURFACE_STYLE_FILL_AREA ( #2293 ) ;
#1904 = ADVANCED_FACE ( 'NONE', ( #6108 ), #1163, .T. ) ;
#1905 = CARTESIAN_POINT ( 'NONE',  ( 263.9999999999998863, 243.5000000000000000, -15.00000000000001599 ) ) ;
#1906 = B_SPLINE_CURVE_WITH_KNOTS ( 'NONE', 3,
 ( #4719, #4788, #7099, #7918, #4756, #60, #1632, #7166, #5611, #7950, #773, #4149, #4954, #9662, #1770, #1837, #2621, #8022, #9628, #6580, #7370, #1733, #1015, #4082, #5720, #977, #8921, #4990, #5645, #8850, #6505, #8158, #4919, #204 ),
 .UNSPECIFIED., .F., .F.,
 ( 4, 2, 2, 2, 2, 2, 2, 2, 2, 2, 2, 2, 2, 2, 2, 2, 4 ),
 ( 0.009479671589916699101, 0.01007176223270102831, 0.01066385287548535926, 0.01125594351826968847, 0.01184803416105401942, 0.01244012480383834864, 0.01303221544662267958, 0.01362430608940700880, 0.01421639673219133801, 0.01480848737497566896, 0.01540057801775999990, 0.01599266866054432912, 0.01658475930332865833, 0.01717684994611298754, 0.01776894058889731676, 0.01836103123168164944, 0.01895312187446597865 ),
 .UNSPECIFIED. ) ;
#1907 = AXIS2_PLACEMENT_3D ( 'NONE', #9396, #7098, #6290 ) ;
#1908 = DIRECTION ( 'NONE',  ( 2.609204460588635816E-49, 0.000000000000000000, -1.000000000000000000 ) ) ;
#1909 = FILL_AREA_STYLE ('',( #3011 ) ) ;
#1910 = DIRECTION ( 'NONE',  ( -2.609204460588635816E-49, 0.000000000000000000, 1.000000000000000000 ) ) ;
#1911 = CARTESIAN_POINT ( 'NONE',  ( 27.57462002238795762, 151.3688846534924153, 8.549823906420970232 ) ) ;
#1912 =( LENGTH_UNIT ( ) NAMED_UNIT ( * ) SI_UNIT ( .MILLI., .METRE. ) );
#1913 = VECTOR ( 'NONE', #4651, 1000.000000000000000 ) ;
#1914 = ORIENTED_EDGE ( 'NONE', *, *, #9200, .T. ) ;
#1915 = CARTESIAN_POINT ( 'NONE',  ( 359.0000000000000000, 0.000000000000000000, 0.000000000000000000 ) ) ;
#1916 = ORIENTED_EDGE ( 'NONE', *, *, #1200, .F. ) ;
#1917 = EDGE_CURVE ( 'NONE', #6909, #1235, #2881, .T. ) ;
#1918 = DIRECTION ( 'NONE',  ( 1.000000000000000000, 0.000000000000000000, 0.000000000000000000 ) ) ;
#1919 = VECTOR ( 'NONE', #7238, 1000.000000000000114 ) ;
#1920 = VECTOR ( 'NONE', #6687, 1000.000000000000000 ) ;
#1921 = EDGE_LOOP ( 'NONE', ( #4586, #4080, #3692, #3704 ) ) ;
#1922 = CARTESIAN_POINT ( 'NONE',  ( 453.5000000000000568, 51.49999999999999289, 15.00000000000001599 ) ) ;
#1923 = DIRECTION ( 'NONE',  ( 2.033782021272921061E-31, 5.176899690512889973E-31, 1.000000000000000000 ) ) ;
#1924 = AXIS2_PLACEMENT_3D ( 'NONE', #9751, #5847, #4245 ) ;
#1925 = FACE_OUTER_BOUND ( 'NONE', #1009, .T. ) ;
#1926 = VECTOR ( 'NONE', #375, 1000.000000000000000 ) ;
#1927 = VERTEX_POINT ( 'NONE', #4371 ) ;
#1928 = CARTESIAN_POINT ( 'NONE',  ( 34.00000000000002842, 243.5000000000000000, 15.00000000000001421 ) ) ;
#1929 = VERTEX_POINT ( 'NONE', #9774 ) ;
#1930 = AXIS2_PLACEMENT_3D ( 'NONE', #8375, #1297, #8404 ) ;
#1931 =( NAMED_UNIT ( * ) SI_UNIT ( $, .STERADIAN. ) SOLID_ANGLE_UNIT ( ) );
#1932 = EDGE_CURVE ( 'NONE', #1950, #7492, #6475, .T. ) ;
#1933 = DIRECTION ( 'NONE',  ( 2.033782021272921061E-31, 5.176899690512889973E-31, 1.000000000000000000 ) ) ;
#1934 = AXIS2_PLACEMENT_3D ( 'NONE', #4506, #555, #7773 ) ;
#1935 = DIRECTION ( 'NONE',  ( 1.000000000000000000, 0.000000000000000000, 0.000000000000000000 ) ) ;
#1936 = FACE_OUTER_BOUND ( 'NONE', #243, .T. ) ;
#1937 = LINE ( 'NONE', #7210, #10080 ) ;
#1938 = EDGE_LOOP ( 'NONE', ( #353, #2976, #1345, #5581 ) ) ;
#1939 = DIRECTION ( 'NONE',  ( 0.000000000000000000, 0.000000000000000000, 1.000000000000000000 ) ) ;
#1940 = PRESENTATION_LAYER_ASSIGNMENT (  '', '', ( #7581 ) ) ;
#1941 = CARTESIAN_POINT ( 'NONE',  ( 272.0000000000003411, 241.0000000000003411, 15.00000000000001421 ) ) ;
#1942 = PRODUCT_DEFINITION_SHAPE ( 'NONE', 'NONE',  #10258 ) ;
#1943 = DIRECTION ( 'NONE',  ( -0.000000000000000000, 0.000000000000000000, 1.000000000000000000 ) ) ;
#1944 =( NAMED_UNIT ( * ) PLANE_ANGLE_UNIT ( ) SI_UNIT ( $, .RADIAN. ) );
#1945 = EDGE_CURVE ( 'NONE', #1329, #8151, #792, .T. ) ;
#1946 = DIRECTION ( 'NONE',  ( 2.033782021272921061E-31, 5.176899690512889973E-31, 1.000000000000000000 ) ) ;
#1947 = AXIS2_PLACEMENT_3D ( 'NONE', #3123, #6210, #3823 ) ;
#1948 = ORIENTED_EDGE ( 'NONE', *, *, #677, .F. ) ;
#1950 = VERTEX_POINT ( 'NONE', #4408 ) ;
#1949 = VECTOR ( 'NONE', #9650, 1000.000000000000000 ) ;
#1951 = CARTESIAN_POINT ( 'NONE',  ( 0.000000000000000000, 243.5000000000000000, 7.499999999999949374 ) ) ;
#1952 = DIRECTION ( 'NONE',  ( -2.033782021272921061E-31, 0.000000000000000000, -1.000000000000000000 ) ) ;
#1953 = ORIENTED_EDGE ( 'NONE', *, *, #7377, .T. ) ;
#1954 = ADVANCED_FACE ( 'NONE', ( #659 ), #340, .T. ) ;
#1955 = ORIENTED_EDGE ( 'NONE', *, *, #9142, .F. ) ;
#1956 = VERTEX_POINT ( 'NONE', #7451 ) ;
#1957 = CARTESIAN_POINT ( 'NONE',  ( 34.40944629105651131, 120.0000000000000000, -1.657392255747245619E-15 ) ) ;
#1958 = VECTOR ( 'NONE', #557, 1000.000000000000000 ) ;
#1959 = CIRCLE ( 'NONE', #1059, 2.499999999999946709 ) ;
#1960 = DIRECTION ( 'NONE',  ( 1.000000000000000000, 0.000000000000000000, 0.000000000000000000 ) ) ;
#1962 = ORIENTED_EDGE ( 'NONE', *, *, #332, .F. ) ;
#1961 = CYLINDRICAL_SURFACE ( 'NONE', #4917, 4.000000000000003553 ) ;
#1963 = VERTEX_POINT ( 'NONE', #5894 ) ;
#1964 = ORIENTED_EDGE ( 'NONE', *, *, #2189, .T. ) ;
#1965 = ORIENTED_EDGE ( 'NONE', *, *, #3214, .T. ) ;
#1966 = CARTESIAN_POINT ( 'NONE',  ( 238.0000000000003126, 235.0000000000002558, 9.000000000000007105 ) ) ;
#1967 = DIRECTION ( 'NONE',  ( 2.033782021272921061E-31, 5.176899690512889973E-31, -1.000000000000000000 ) ) ;
#1968 = CARTESIAN_POINT ( 'NONE',  ( 314.0000000000003411, 49.00000000000004263, 9.000000000000007105 ) ) ;
#1969 = CYLINDRICAL_SURFACE ( 'NONE', #1754, 2.500000000000000444 ) ;
#1971 = ORIENTED_EDGE ( 'NONE', *, *, #1806, .F. ) ;
#1970 = CYLINDRICAL_SURFACE ( 'NONE', #6021, 4.000000000000003553 ) ;
#1972 = AXIS2_PLACEMENT_3D ( 'NONE', #2263, #6237, #5355 ) ;
#1973 = CARTESIAN_POINT ( 'NONE',  ( 26.00000000000006040, 49.00000000000004263, 9.000000000000007105 ) ) ;
#1974 = DIRECTION ( 'NONE',  ( -1.000000000000000000, 0.000000000000000000, 0.000000000000000000 ) ) ;
#1975 = CIRCLE ( 'NONE', #6249, 3.000000000000002665 ) ;
#1976 = EDGE_CURVE ( 'NONE', #2600, #8700, #4763, .T. ) ;
#1977 = ORIENTED_EDGE ( 'NONE', *, *, #3599, .F. ) ;
#1978 = AXIS2_PLACEMENT_3D ( 'NONE', #5862, #6587, #8925 ) ;
#1979 = CARTESIAN_POINT ( 'NONE',  ( 333.9999999999999432, 48.50000000000001421, 7.500000000000007105 ) ) ;
#1980 = EDGE_LOOP ( 'NONE', ( #2232, #4124 ) ) ;
#1981 = ORIENTED_EDGE ( 'NONE', *, *, #4350, .T. ) ;
#1982 = CARTESIAN_POINT ( 'NONE',  ( 0.000000000000000000, 0.000000000000000000, 21.00000000000000000 ) ) ;
#1983 = CARTESIAN_POINT ( 'NONE',  ( 26.50000000000003197, 243.5000000000000000, 4.499999999999944045 ) ) ;
#1985 = ORIENTED_EDGE ( 'NONE', *, *, #1882, .T. ) ;
#1984 = FACE_OUTER_BOUND ( 'NONE', #8562, .T. ) ;
#1986 = DIRECTION ( 'NONE',  ( 1.000000000000000000, -7.590943252506637819E-32, -2.033782021272921061E-31 ) ) ;
#1987 = EDGE_CURVE ( 'NONE', #2309, #6428, #5616, .T. ) ;
#1988 = EDGE_LOOP ( 'NONE', ( #3833, #1132 ) ) ;
#1989 = CARTESIAN_POINT ( 'NONE',  ( 306.0000000000003411, 49.00000000000004263, 15.00000000000001421 ) ) ;
#1990 = ORIENTED_EDGE ( 'NONE', *, *, #9859, .T. ) ;
#1991 = CARTESIAN_POINT ( 'NONE',  ( 0.000000000000000000, -6.729969597666759768E-30, 13.00000000000001421 ) ) ;
#1992 = ORIENTED_EDGE ( 'NONE', *, *, #4178, .T. ) ;
#1993 = AXIS2_PLACEMENT_3D ( 'NONE', #7501, #1076, #4285 ) ;
#1994 = ADVANCED_FACE ( 'NONE', ( #3136 ), #2512, .F. ) ;
#1995 = EDGE_CURVE ( 'NONE', #1583, #1017, #1048, .T. ) ;
#1997 = ORIENTED_EDGE ( 'NONE', *, *, #6352, .T. ) ;
#1996 = CYLINDRICAL_SURFACE ( 'NONE', #8955, 3.000000000000002665 ) ;
#1998 = FACE_OUTER_BOUND ( 'NONE', #7533, .T. ) ;
#1999 = ORIENTED_EDGE ( 'NONE', *, *, #8877, .T. ) ;
#2000 = DIRECTION ( 'NONE',  ( -1.000000000000000000, 0.000000000000000000, 0.000000000000000000 ) ) ;
#2001 = CARTESIAN_POINT ( 'NONE',  ( 26.88782898822998035, 241.1166827666775987, -5.667627497375476331 ) ) ;
#2002 = EDGE_LOOP ( 'NONE', ( #6570, #2721 ) ) ;
#2003 = CARTESIAN_POINT ( 'NONE',  ( 26.50799768601818585, 51.89738741204022432, 4.519833657968258755 ) ) ;
#2004 = ADVANCED_FACE ( 'NONE', ( #2270 ), #6615, .F. ) ;
#2005 = EDGE_CURVE ( 'NONE', #1356, #10001, #7956, .T. ) ;
#2006 = CIRCLE ( 'NONE', #5790, 4.000000000000003553 ) ;
#2007 = CARTESIAN_POINT ( 'NONE',  ( 0.000000000000000000, -1.553069907153868393E-30, 3.000000000000002665 ) ) ;
#2008 = VECTOR ( 'NONE', #2865, 1000.000000000000000 ) ;
#2009 = PRESENTATION_LAYER_ASSIGNMENT (  '', '', ( #4127 ) ) ;
#2010 = DIRECTION ( 'NONE',  ( 5.600273556634000138E-19, 1.000000000000000000, -6.938893903907225296E-18 ) ) ;
#2011 = EDGE_CURVE ( 'NONE', #7705, #9402, #10039, .T. ) ;
#2012 = ORIENTED_EDGE ( 'NONE', *, *, #7500, .F. ) ;
#2013 = CARTESIAN_POINT ( 'NONE',  ( 359.0000000000000000, -2.465190328815661892E-29, 15.00000000000001421 ) ) ;
#2014 = CARTESIAN_POINT ( 'NONE',  ( 26.50000000000007816, 147.5000000000001421, 11.50000000000001066 ) ) ;
#2015 = CARTESIAN_POINT ( 'NONE',  ( 34.00000000000002842, 51.49999999999999289, -15.00000000000001421 ) ) ;
#2016 = VECTOR ( 'NONE', #4767, 1000.000000000000000 ) ;
#2017 = LINE ( 'NONE', #244, #2383 ) ;
#2018 = LINE ( 'NONE', #3908, #5744 ) ;
#2019 = ORIENTED_EDGE ( 'NONE', *, *, #4981, .T. ) ;
#2020 = CONTEXT_DEPENDENT_SHAPE_REPRESENTATION ( #7371, #9711 ) ;
#2021 = EDGE_CURVE ( 'NONE', #303, #8091, #4505, .T. ) ;
#2022 = DIRECTION ( 'NONE',  ( 1.000000000000000000, 0.000000000000000000, 0.000000000000000000 ) ) ;
#2023 = CARTESIAN_POINT ( 'NONE',  ( 359.9999999999998863, 243.5000000000000000, -3.000000000000002665 ) ) ;
#2024 = CARTESIAN_POINT ( 'NONE',  ( 458.4999999999998295, 51.49999999999999289, 15.00000000000001599 ) ) ;
#2025 = DIRECTION ( 'NONE',  ( 2.033782021272921061E-31, -5.176899690512889973E-31, -1.000000000000000000 ) ) ;
#2026 = FACE_OUTER_BOUND ( 'NONE', #8780, .T. ) ;
#2027 = LINE ( 'NONE', #5215, #1913 ) ;
#2028 = ORIENTED_EDGE ( 'NONE', *, *, #3779, .T. ) ;
#2029 = CARTESIAN_POINT ( 'NONE',  ( 1095.000000000000000, 295.0000000000000000, 2.524894157091666203E-28 ) ) ;
#2030 = ORIENTED_EDGE ( 'NONE', *, *, #1520, .F. ) ;
#2031 = DIRECTION ( 'NONE',  ( -1.941925118803053938E-33, 0.000000000000000000, 1.000000000000000000 ) ) ;
#2032 = CARTESIAN_POINT ( 'NONE',  ( 26.96410053811197116, 240.9001353309225522, -5.990531972677505479 ) ) ;
#2033 = PLANE ( 'NONE',  #201 ) ;
#2034 = LINE ( 'NONE', #3399, #3895 ) ;
#2035 = CARTESIAN_POINT ( 'NONE',  ( 821.0000000000000000, 237.9999999999999716, 15.00000000000001421 ) ) ;
#2036 = FACE_BOUND ( 'NONE', #1980, .T. ) ;
#2037 = ORIENTED_EDGE ( 'NONE', *, *, #165, .F. ) ;
#2038 = AXIS2_PLACEMENT_3D ( 'NONE', #2124, #7652, #8444 ) ;
#2039 = DIRECTION ( 'NONE',  ( 0.000000000000000000, 1.000000000000000000, 0.000000000000000000 ) ) ;
#2040 = ORIENTED_EDGE ( 'NONE', *, *, #9671, .F. ) ;
#2041 = CARTESIAN_POINT ( 'NONE',  ( 6.938893903907228378E-15, 133.8750000000001990, 4.000000000000003553 ) ) ;
#2042 = CARTESIAN_POINT ( 'NONE',  ( 26.50000000000003197, 147.5000000000000853, 15.00000000000001421 ) ) ;
#2043 = CARTESIAN_POINT ( 'NONE',  ( 731.0000000000001137, 51.49999999999999289, 15.00000000000001599 ) ) ;
#2044 = ADVANCED_FACE ( 'NONE', ( #4629 ), #5338, .T. ) ;
#2045 = CARTESIAN_POINT ( 'NONE',  ( 27.12915640321214639, 150.5132678517662157, 10.14310854013204377 ) ) ;
#2046 = CIRCLE ( 'NONE', #6276, 13.00000000000001066 ) ;
#2047 = LINE ( 'NONE', #5535, #2900 ) ;
#2048 = VERTEX_POINT ( 'NONE', #583 ) ;
#2049 = EDGE_CURVE ( 'NONE', #2194, #7177, #6225, .T. ) ;
#2050 = ADVANCED_FACE ( 'NONE', ( #9187 ), #5874, .F. ) ;
#2051 = AXIS2_PLACEMENT_3D ( 'NONE', #7728, #2288, #7808 ) ;
#2052 = CARTESIAN_POINT ( 'NONE',  ( 728.0000000000001137, 51.49999999999999289, -3.000000000000002665 ) ) ;
#2053 = EDGE_CURVE ( 'NONE', #101, #6370, #9795, .T. ) ;
#2054 = CIRCLE ( 'NONE', #6, 13.00000000000003908 ) ;
#2055 = EDGE_LOOP ( 'NONE', ( #7765, #2158, #7682, #8742 ) ) ;
#2056 = FACE_OUTER_BOUND ( 'NONE', #16, .T. ) ;
#2057 = ORIENTED_EDGE ( 'NONE', *, *, #4209, .F. ) ;
#2058 = CARTESIAN_POINT ( 'NONE',  ( 0.000000000000000000, 0.000000000000000000, 0.000000000000000000 ) ) ;
#2059 = VERTEX_POINT ( 'NONE', #5298 ) ;
#2060 = ORIENTED_EDGE ( 'NONE', *, *, #7175, .T. ) ;
#2061 = AXIS2_PLACEMENT_3D ( 'NONE', #9850, #3492, #3522 ) ;
#2062 = EDGE_CURVE ( 'NONE', #7270, #3215, #4377, .T. ) ;
#2063 = DIRECTION ( 'NONE',  ( 1.000000000000000000, -7.590943252506637819E-32, 2.033782021272921061E-31 ) ) ;
#2064 = CARTESIAN_POINT ( 'NONE',  ( 26.56142591339494885, 242.5246654402871513, -10.34382157471887531 ) ) ;
#2065 = ORIENTED_EDGE ( 'NONE', *, *, #735, .T. ) ;
#2066 = FACE_OUTER_BOUND ( 'NONE', #1151, .T. ) ;
#2067 = AXIS2_PLACEMENT_3D ( 'NONE', #8735, #1766, #166 ) ;
#2068 = ORIENTED_EDGE ( 'NONE', *, *, #6527, .T. ) ;
#2069 = CARTESIAN_POINT ( 'NONE',  ( 26.56123273441702892, 52.47389271392675170, 4.655673762635023749 ) ) ;
#2070 = EDGE_CURVE ( 'NONE', #4709, #5766, #5375, .T. ) ;
#2071 = ORIENTED_EDGE ( 'NONE', *, *, #6979, .T. ) ;
#2072 = DIRECTION ( 'NONE',  ( -0.000000000000000000, 0.000000000000000000, 1.000000000000000000 ) ) ;
#2073 = CARTESIAN_POINT ( 'NONE',  ( 791.4999999999998863, 237.9999999999999432, -15.00000000000001599 ) ) ;
#2074 = ORIENTED_EDGE ( 'NONE', *, *, #7313, .T. ) ;
#2075 = DIRECTION ( 'NONE',  ( 1.000000000000000000, 0.000000000000000000, 0.000000000000000000 ) ) ;
#2077 = ORIENTED_EDGE ( 'NONE', *, *, #6727, .T. ) ;
#2076 = FACE_OUTER_BOUND ( 'NONE', #2729, .T. ) ;
#2078 = CARTESIAN_POINT ( 'NONE',  ( 0.000000000000000000, 0.000000000000000000, 16.50000000000000000 ) ) ;
#2079 = VERTEX_POINT ( 'NONE', #6156 ) ;
#2080 = EDGE_CURVE ( 'NONE', #5226, #5905, #3260, .T. ) ;
#2081 = CARTESIAN_POINT ( 'NONE',  ( 455.9999999999999432, 51.49999999999999289, -3.000000000000002665 ) ) ;
#2082 = ORIENTED_EDGE ( 'NONE', *, *, #5317, .T. ) ;
#2083 = FACE_OUTER_BOUND ( 'NONE', #1021, .T. ) ;
#2084 = DIRECTION ( 'NONE',  ( -9.069527945153567696E-19, -1.000000000000000000, 6.938893903907225296E-18 ) ) ;
#2086 = VERTEX_POINT ( 'NONE', #6821 ) ;
#2085 = VECTOR ( 'NONE', #2791, 1000.000000000000000 ) ;
#2087 = CARTESIAN_POINT ( 'NONE',  ( 34.00000000000009948, 49.00000000000004263, 9.000000000000007105 ) ) ;
#2088 = CARTESIAN_POINT ( 'NONE',  ( 0.000000000000000000, 295.0000000000000000, 1.001483571081362644E-28 ) ) ;
#2089 = ORIENTED_EDGE ( 'NONE', *, *, #144, .T. ) ;
#2090 = ORIENTED_EDGE ( 'NONE', *, *, #4546, .F. ) ;
#2091 = CARTESIAN_POINT ( 'NONE',  ( 455.9999999999999432, 243.5000000000000000, -15.00000000000001599 ) ) ;
#2092 = DIRECTION ( 'NONE',  ( 0.000000000000000000, 0.000000000000000000, -1.000000000000000000 ) ) ;
#2093 = VECTOR ( 'NONE', #3232, 1000.000000000000000 ) ;
#2094 = ORIENTED_EDGE ( 'NONE', *, *, #2653, .F. ) ;
#2095 = MECHANICAL_DESIGN_GEOMETRIC_PRESENTATION_REPRESENTATION (  '', ( #1571 ), #10026 ) ;
#2096 = CARTESIAN_POINT ( 'NONE',  ( 314.0000000000003411, 43.00000000000003553, 9.000000000000007105 ) ) ;
#2097 = ORIENTED_EDGE ( 'NONE', *, *, #427, .T. ) ;
#2098 = CARTESIAN_POINT ( 'NONE',  ( 26.49999999999997513, 51.70035001406873931, 10.49999999999995381 ) ) ;
#2099 = ORIENTED_EDGE ( 'NONE', *, *, #6016, .F. ) ;
#2100 = ADVANCED_FACE ( 'NONE', ( #3750 ), #6092, .T. ) ;
#2102 = VERTEX_POINT ( 'NONE', #8465 ) ;
#2101 = LINE ( 'NONE', #7723, #4089 ) ;
#2103 = CARTESIAN_POINT ( 'NONE',  ( 68.00000000000005684, 145.0000000000001705, 15.00000000000001421 ) ) ;
#2104 = EDGE_LOOP ( 'NONE', ( #2442, #5377 ) ) ;
#2105 = AXIS2_PLACEMENT_3D ( 'NONE', #2052, #9265, #5354 ) ;
#2106 = AXIS2_PLACEMENT_3D ( 'NONE', #7094, #1427, #2351 ) ;
#2107 = ORIENTED_EDGE ( 'NONE', *, *, #9681, .F. ) ;
#2108 = DIRECTION ( 'NONE',  ( -0.000000000000000000, 0.000000000000000000, 1.000000000000000000 ) ) ;
#2109 = ORIENTED_EDGE ( 'NONE', *, *, #5273, .T. ) ;
#2110 = DIRECTION ( 'NONE',  ( -3.136292949173481922E-19, 1.387778780781445676E-17, -1.000000000000000000 ) ) ;
#2111 = PLANE ( 'NONE',  #10041 ) ;
#2112 = AXIS2_PLACEMENT_3D ( 'NONE', #9956, #6843, #5231 ) ;
#2113 = CARTESIAN_POINT ( 'NONE',  ( 314.0000000000003979, 235.0000000000003695, 9.000000000000007105 ) ) ;
#2114 = AXIS2_PLACEMENT_3D ( 'NONE', #9592, #9467, #140 ) ;
#2115 = CARTESIAN_POINT ( 'NONE',  ( 27.06003642541279675, 48.65506870638665760, 6.527598332602252640 ) ) ;
#2117 = VERTEX_POINT ( 'NONE', #2867 ) ;
#2116 = VECTOR ( 'NONE', #8337, 1000.000000000000000 ) ;
#2118 = ORIENTED_EDGE ( 'NONE', *, *, #3486, .T. ) ;
#2119 = CYLINDRICAL_SURFACE ( 'NONE', #8942, 6.000000000000005329 ) ;
#2120 = SURFACE_SIDE_STYLE ('',( #7003 ) ) ;
#2121 = ORIENTED_EDGE ( 'NONE', *, *, #815, .F. ) ;
#2122 = VERTEX_POINT ( 'NONE', #2930 ) ;
#2123 = ADVANCED_FACE ( 'NONE', ( #1649 ), #10167, .F. ) ;
#2124 = CARTESIAN_POINT ( 'NONE',  ( 333.9999999999999432, 243.5000000000001137, 7.499999999999951150 ) ) ;
#2125 = DIRECTION ( 'NONE',  ( 1.000000000000000000, 0.000000000000000000, 0.000000000000000000 ) ) ;
#2126 = DIRECTION ( 'NONE',  ( 1.000000000000000000, -7.590943252506637819E-32, -2.033782021272921061E-31 ) ) ;
#2127 = VECTOR ( 'NONE', #7008, 1000.000000000000000 ) ;
#2128 = LINE ( 'NONE', #6535, #6459 ) ;
#2129 = ORIENTED_EDGE ( 'NONE', *, *, #9681, .T. ) ;
#2130 = AXIS2_PLACEMENT_3D ( 'NONE', #5172, #8229, #5933 ) ;
#2131 = EDGE_CURVE ( 'NONE', #7754, #9719, #7223, .T. ) ;
#2132 = CARTESIAN_POINT ( 'NONE',  ( 0.000000000000000000, -1.553069907153868393E-30, 3.000000000000002665 ) ) ;
#2133 = AXIS2_PLACEMENT_3D ( 'NONE', #4614, #1461, #1396 ) ;
#2134 = FACE_BOUND ( 'NONE', #3102, .T. ) ;
#2135 = CARTESIAN_POINT ( 'NONE',  ( 359.0000000000000000, 0.000000000000000000, 0.000000000000000000 ) ) ;
#2136 = CIRCLE ( 'NONE', #7426, 2.499999999999891198 ) ;
#2137 = CARTESIAN_POINT ( 'NONE',  ( 27.12614733316574345, 54.50002491912912461, 7.697327767396858533 ) ) ;
#2138 = VERTEX_POINT ( 'NONE', #1395 ) ;
#2139 = AXIS2_PLACEMENT_3D ( 'NONE', #5549, #2494, #1596 ) ;
#2140 = DIRECTION ( 'NONE',  ( -0.000000000000000000, 0.000000000000000000, 1.000000000000000000 ) ) ;
#2141 = EDGE_CURVE ( 'NONE', #3667, #974, #9915, .T. ) ;
#2142 = DIRECTION ( 'NONE',  ( 1.000000000000000000, -7.590943252506637819E-32, 2.033782021272921061E-31 ) ) ;
#2143 = DIRECTION ( 'NONE',  ( 1.000000000000000000, 0.000000000000000000, 0.000000000000000000 ) ) ;
#2144 = CARTESIAN_POINT ( 'NONE',  ( 359.0000000000000000, 246.5000000000000000, 7.499999999999951150 ) ) ;
#2145 = CARTESIAN_POINT ( 'NONE',  ( 381.9999999999998863, 243.5000000000000000, 14.99999999999990230 ) ) ;
#2146 = CYLINDRICAL_SURFACE ( 'NONE', #381, 2.499999999999946709 ) ;
#2147 = CARTESIAN_POINT ( 'NONE',  ( 359.0000000000000000, 274.9999999999999432, 14.99999999999995737 ) ) ;
#2148 = LINE ( 'NONE', #9700, #8578 ) ;
#2149 = DIRECTION ( 'NONE',  ( -1.000000000000000000, 0.000000000000000000, 2.609204460588635816E-49 ) ) ;
#2150 = ORIENTED_EDGE ( 'NONE', *, *, #2269, .T. ) ;
#2151 = CARTESIAN_POINT ( 'NONE',  ( 26.72573274957602507, 49.66623695023255181, 5.117685287329546640 ) ) ;
#2152 = CARTESIAN_POINT ( 'NONE',  ( 728.0000000000001137, 243.5000000000000000, -3.000000000000002665 ) ) ;
#2153 =( LENGTH_UNIT ( ) NAMED_UNIT ( * ) SI_UNIT ( .MILLI., .METRE. ) );
#2154 = EDGE_CURVE ( 'NONE', #476, #9080, #1287, .T. ) ;
#2155 = ADVANCED_FACE ( 'NONE', ( #3878 ), #10220, .T. ) ;
#2156 = CIRCLE ( 'NONE', #187, 3.000000000000002665 ) ;
#2157 = FACE_OUTER_BOUND ( 'NONE', #3075, .T. ) ;
#2158 = ORIENTED_EDGE ( 'NONE', *, *, #5772, .F. ) ;
#2159 = DIRECTION ( 'NONE',  ( 1.000000000000000000, 0.000000000000000000, 0.000000000000000000 ) ) ;
#2160 = CARTESIAN_POINT ( 'NONE',  ( 0.000000000000000000, -6.729969597666759768E-30, -13.00000000000001421 ) ) ;
#2161 = ORIENTED_EDGE ( 'NONE', *, *, #356, .T. ) ;
#2162 = CYLINDRICAL_SURFACE ( 'NONE', #5173, 2.500000000000000444 ) ;
#2163 = LINE ( 'NONE', #3627, #6507 ) ;
#2164 = VERTEX_POINT ( 'NONE', #3938 ) ;
#2165 = AXIS2_PLACEMENT_3D ( 'NONE', #743, #7685, #4557 ) ;
#2166 = DIRECTION ( 'NONE',  ( 5.600273556634000138E-19, 1.000000000000000000, -6.938893903907225296E-18 ) ) ;
#2167 = ADVANCED_FACE ( 'NONE', ( #8081 ), #4996, .F. ) ;
#2168 = CARTESIAN_POINT ( 'NONE',  ( 983.4999999999998863, 237.9999999999999432, 15.00000000000001599 ) ) ;
#2169 = CYLINDRICAL_SURFACE ( 'NONE', #5856, 4.000000000000017764 ) ;
#2170 = AXIS2_PLACEMENT_3D ( 'NONE', #242, #3473, #5725 ) ;
#2171 = UNCERTAINTY_MEASURE_WITH_UNIT (LENGTH_MEASURE( 1.000000000000000082E-05 ), #6962, 'distance_accuracy_value', 'NONE');
#2172 = FACE_BOUND ( 'NONE', #1204, .T. ) ;
#2173 = FACE_OUTER_BOUND ( 'NONE', #4591, .T. ) ;
#2174 = DIRECTION ( 'NONE',  ( 3.136292949173481922E-19, 1.387778780781445676E-17, -1.000000000000000000 ) ) ;
#2175 = DIRECTION ( 'NONE',  ( 3.136292949173481922E-19, 1.387778780781445676E-17, -1.000000000000000000 ) ) ;
#2176 = ORIENTED_EDGE ( 'NONE', *, *, #2902, .F. ) ;
#2177 = ORIENTED_EDGE ( 'NONE', *, *, #2141, .F. ) ;
#2178 = DIRECTION ( 'NONE',  ( -2.033782021272921061E-31, -5.176899690512889973E-31, 1.000000000000000000 ) ) ;
#2179 = DIRECTION ( 'NONE',  ( 1.000000000000000000, 0.000000000000000000, 0.000000000000000000 ) ) ;
#2180 = CARTESIAN_POINT ( 'NONE',  ( 26.88736900188100520, 49.10379084304578612, 9.346081811335345435 ) ) ;
#2181 = EDGE_CURVE ( 'NONE', #6283, #1235, #6607, .T. ) ;
#2182 = CARTESIAN_POINT ( 'NONE',  ( 310.0000000000003979, 241.0000000000003126, 15.00000000000001421 ) ) ;
#2183 =( NAMED_UNIT ( * ) SI_UNIT ( $, .STERADIAN. ) SOLID_ANGLE_UNIT ( ) );
#2184 = LINE ( 'NONE', #6196, #7994 ) ;
#2185 = CIRCLE ( 'NONE', #4659, 4.000000000000017764 ) ;
#2186 = EDGE_LOOP ( 'NONE', ( #9216, #1495, #2561, #9061 ) ) ;
#2187 = AXIS2_PLACEMENT_3D ( 'NONE', #1832, #2613, #6499 ) ;
#2188 = CARTESIAN_POINT ( 'NONE',  ( 27.05981641823492012, 246.3443651763718947, -8.473587390721931456 ) ) ;
#2189 = EDGE_CURVE ( 'NONE', #550, #8913, #2874, .T. ) ;
#2190 = DIRECTION ( 'NONE',  ( 0.000000000000000000, 0.000000000000000000, 1.000000000000000000 ) ) ;
#2191 = SURFACE_STYLE_USAGE ( .BOTH. , #6898 ) ;
#2192 = ORIENTED_EDGE ( 'NONE', *, *, #4257, .T. ) ;
#2194 = VERTEX_POINT ( 'NONE', #6259 ) ;
#2193 = FACE_OUTER_BOUND ( 'NONE', #10227, .T. ) ;
#2195 = VERTEX_POINT ( 'NONE', #9456 ) ;
#2196 = CARTESIAN_POINT ( 'NONE',  ( 102.0000000000001847, 49.00000000000004263, 15.00000000000001421 ) ) ;
#2197 = ORIENTED_EDGE ( 'NONE', *, *, #624, .T. ) ;
#2198 = ORIENTED_EDGE ( 'NONE', *, *, #2574, .F. ) ;
#2199 = EDGE_CURVE ( 'NONE', #5466, #2444, #3631, .T. ) ;
#2200 = CARTESIAN_POINT ( 'NONE',  ( 331.3615938947221480, 151.4728971859553042, 6.965220143283952225 ) ) ;
#2201 = DIRECTION ( 'NONE',  ( -1.000000000000000000, 0.000000000000000000, 0.000000000000000000 ) ) ;
#2202 = DIRECTION ( 'NONE',  ( -1.000000000000000000, 0.000000000000000000, 0.000000000000000000 ) ) ;
#2203 = FACE_OUTER_BOUND ( 'NONE', #8311, .T. ) ;
#2204 = EDGE_CURVE ( 'NONE', #86, #7875, #4123, .T. ) ;
#2205 = FACE_BOUND ( 'NONE', #5685, .T. ) ;
#2207 = VERTEX_POINT ( 'NONE', #5513 ) ;
#2206 = FACE_OUTER_BOUND ( 'NONE', #6583, .T. ) ;
#2208 = ADVANCED_FACE ( 'NONE', ( #4753 ), #1457, .T. ) ;
#2209 = DIRECTION ( 'NONE',  ( -5.600273556634000138E-19, -1.000000000000000000, -1.387778780781445676E-17 ) ) ;
#2210 = ORIENTED_EDGE ( 'NONE', *, *, #4128, .T. ) ;
#2211 = VERTEX_POINT ( 'NONE', #3875 ) ;
#2212 = VERTEX_POINT ( 'NONE', #2215 ) ;
#2213 = DIRECTION ( 'NONE',  ( -1.000000000000000000, 0.000000000000000000, -1.941925118803053938E-33 ) ) ;
#2214 = ORIENTED_EDGE ( 'NONE', *, *, #1025, .T. ) ;
#2215 = CARTESIAN_POINT ( 'NONE',  ( 26.50000000000003197, 147.5000000000000853, 15.00000000000001421 ) ) ;
#2216 = CARTESIAN_POINT ( 'NONE',  ( 261.4999999999999432, 243.5000000000000000, -3.000000000000002665 ) ) ;
#2217 = CARTESIAN_POINT ( 'NONE',  ( 381.9999999999998863, 243.5000000000000000, 3.000000000000113687 ) ) ;
#2219 = ORIENTED_EDGE ( 'NONE', *, *, #7693, .T. ) ;
#2218 = CIRCLE ( 'NONE', #173, 2.500000000000002220 ) ;
#2220 = EDGE_CURVE ( 'NONE', #4800, #2212, #8939, .T. ) ;
#2221 = CARTESIAN_POINT ( 'NONE',  ( 26.76554431089670061, 49.51678322719949676, 5.240676602139431317 ) ) ;
#2222 = ORIENTED_EDGE ( 'NONE', *, *, #7041, .F. ) ;
#2223 = DIRECTION ( 'NONE',  ( 1.000000000000000000, 0.000000000000000000, 0.000000000000000000 ) ) ;
#2224 =( NAMED_UNIT ( * ) SI_UNIT ( $, .STERADIAN. ) SOLID_ANGLE_UNIT ( ) );
#2225 = ADVANCED_FACE ( 'NONE', ( #2628 ), #7831, .F. ) ;
#2226 = CARTESIAN_POINT ( 'NONE',  ( 6.938893903907228378E-15, 89.25000000000005684, 3.999999999999996447 ) ) ;
#2227 = ORIENTED_EDGE ( 'NONE', *, *, #9256, .T. ) ;
#2228 = FACE_OUTER_BOUND ( 'NONE', #7047, .T. ) ;
#2229 = CARTESIAN_POINT ( 'NONE',  ( 376.0000000000000000, 353.0000000000001705, 15.00000000000005507 ) ) ;
#2230 = DIRECTION ( 'NONE',  ( -1.630885567871804709E-19, -1.000000000000000000, 2.736911063134408342E-48 ) ) ;
#2231 = ORIENTED_EDGE ( 'NONE', *, *, #7835, .T. ) ;
#2232 = ORIENTED_EDGE ( 'NONE', *, *, #7026, .F. ) ;
#2233 = ORIENTED_EDGE ( 'NONE', *, *, #7570, .T. ) ;
#2234 = DIRECTION ( 'NONE',  ( -1.000000000000000000, -2.107444935536021046E-17, -2.033782021272921061E-31 ) ) ;
#2236 = VERTEX_POINT ( 'NONE', #5479 ) ;
#2235 = CIRCLE ( 'NONE', #8498, 4.000000000000034639 ) ;
#2237 = ORIENTED_EDGE ( 'NONE', *, *, #9142, .T. ) ;
#2238 = AXIS2_PLACEMENT_3D ( 'NONE', #2676, #6671, #4555 ) ;
#2239 = ORIENTED_EDGE ( 'NONE', *, *, #2247, .F. ) ;
#2240 = CARTESIAN_POINT ( 'NONE',  ( 331.7954076220174784, 150.6777613964188447, 5.056956085018383007 ) ) ;
#2241 = ORIENTED_EDGE ( 'NONE', *, *, #3139, .T. ) ;
#2242 = CARTESIAN_POINT ( 'NONE',  ( 332.4999999999998863, 147.5000000000000853, 15.00000000000001421 ) ) ;
#2243 = DIRECTION ( 'NONE',  ( 1.000000000000000000, 0.000000000000000000, -2.609204460588628979E-49 ) ) ;
#2245 = ORIENTED_EDGE ( 'NONE', *, *, #9590, .T. ) ;
#2244 = VECTOR ( 'NONE', #6905, 1000.000000000000000 ) ;
#2246 = DIRECTION ( 'NONE',  ( -2.033782021272921061E-31, -5.176899690512889973E-31, 1.000000000000000000 ) ) ;
#2247 = EDGE_CURVE ( 'NONE', #7562, #851, #2018, .T. ) ;
#2248 = LINE ( 'NONE', #3460, #3239 ) ;
#2249 = DIRECTION ( 'NONE',  ( -1.941925118803053938E-33, 0.000000000000000000, 1.000000000000000000 ) ) ;
#2250 = ORIENTED_EDGE ( 'NONE', *, *, #6660, .F. ) ;
#2251 = VERTEX_POINT ( 'NONE', #7732 ) ;
#2252 = AXIS2_PLACEMENT_3D ( 'NONE', #4762, #7954, #8683 ) ;
#2253 = CARTESIAN_POINT ( 'NONE',  ( 0.000000000000000000, 0.000000000000000000, 4.000000000000058620 ) ) ;
#2254 = AXIS2_PLACEMENT_3D ( 'NONE', #8943, #1003, #3458 ) ;
#2255 = CARTESIAN_POINT ( 'NONE',  ( 359.0000000000000000, 147.5000000000000284, 7.500000000000007105 ) ) ;
#2256 = EDGE_CURVE ( 'NONE', #362, #8889, #3127, .T. ) ;
#2257 = FILL_AREA_STYLE_COLOUR ( '', #1422 ) ;
#2258 = VECTOR ( 'NONE', #413, 1000.000000000000227 ) ;
#2259 = ORIENTED_EDGE ( 'NONE', *, *, #2730, .F. ) ;
#2260 = ADVANCED_FACE ( 'NONE', ( #7096 ), #3109, .F. ) ;
#2261 = CARTESIAN_POINT ( 'NONE',  ( 26.76595102001876469, 245.4847179014990957, -9.758046611778850021 ) ) ;
#2262 = AXIS2_PLACEMENT_3D ( 'NONE', #8875, #9684, #3929 ) ;
#2263 = CARTESIAN_POINT ( 'NONE',  ( 333.9999999999999432, 51.50000000000002132, 7.500000000000007105 ) ) ;
#2264 = DIRECTION ( 'NONE',  ( -3.136292949173481922E-19, -1.387778780781445676E-17, 1.000000000000000000 ) ) ;
#2265 = CARTESIAN_POINT ( 'NONE',  ( 34.00000000000002842, 243.5000000000000000, 15.00000000000001421 ) ) ;
#2266 = EDGE_CURVE ( 'NONE', #5688, #2648, #7343, .T. ) ;
#2267 = LINE ( 'NONE', #1714, #3629 ) ;
#2268 = AXIS2_PLACEMENT_3D ( 'NONE', #2869, #3670, #5301 ) ;
#2269 = EDGE_CURVE ( 'NONE', #9651, #9827, #5994, .T. ) ;
#2270 = FACE_OUTER_BOUND ( 'NONE', #499, .T. ) ;
#2271 = ORIENTED_EDGE ( 'NONE', *, *, #6834, .F. ) ;
#2272 = ITEM_DEFINED_TRANSFORMATION ( 'NONE', 'NONE', #2471,  #3788 ) ;
#2273 = DIRECTION ( 'NONE',  ( -2.107444935536021046E-17, 1.000000000000000000, 5.176899690512889973E-31 ) ) ;
#2274 = DIRECTION ( 'NONE',  ( 2.033782021272921061E-31, 5.176899690512889973E-31, -1.000000000000000000 ) ) ;
#2275 = DIRECTION ( 'NONE',  ( -1.000000000000000000, 0.000000000000000000, 0.000000000000000000 ) ) ;
#2276 = ADVANCED_FACE ( 'NONE', ( #524 ), #8770, .F. ) ;
#2277 = PRODUCT_DEFINITION ( 'UNKNOWN', '', #3485, #5597 ) ;
#2278 = LINE ( 'NONE', #6916, #8450 ) ;
#2279 = PRODUCT_DEFINITION_SHAPE ( 'NONE', 'NONE',  #2797 ) ;
#2280 = DIRECTION ( 'NONE',  ( 1.000000000000000000, 0.000000000000000000, 0.000000000000000000 ) ) ;
#2281 = CIRCLE ( 'NONE', #4235, 2.500000000000000444 ) ;
#2282 = EDGE_LOOP ( 'NONE', ( #489, #7657 ) ) ;
#2283 = ITEM_DEFINED_TRANSFORMATION ( 'NONE', 'NONE', #7115,  #3788 ) ;
#2284 = EDGE_CURVE ( 'NONE', #3816, #476, #5247, .T. ) ;
#2285 = CARTESIAN_POINT ( 'NONE',  ( 80.84317321985052729, 125.0000000000000000, 13.50000000000000888 ) ) ;
#2286 = ORIENTED_EDGE ( 'NONE', *, *, #8890, .T. ) ;
#2287 = AXIS2_PLACEMENT_3D ( 'NONE', #5623, #149, #71 ) ;
#2288 = DIRECTION ( 'NONE',  ( -1.000000000000000000, 2.041077998578924066E-17, -2.259514891400699764E-33 ) ) ;
#2289 = DIRECTION ( 'NONE',  ( 3.136292949173481922E-19, 1.387778780781445676E-17, -1.000000000000000000 ) ) ;
#2290 = LINE ( 'NONE', #63, #4781 ) ;
#2291 = LINE ( 'NONE', #2711, #1793 ) ;
#2292 = ORIENTED_EDGE ( 'NONE', *, *, #5747, .T. ) ;
#2293 = FILL_AREA_STYLE ('',( #3480 ) ) ;
#2294 = UNCERTAINTY_MEASURE_WITH_UNIT (LENGTH_MEASURE( 1.000000000000000082E-05 ), #6201, 'distance_accuracy_value', 'NONE');
#2295 = DIRECTION ( 'NONE',  ( -3.136292949173481922E-19, -1.387778780781445676E-17, 1.000000000000000000 ) ) ;
#2296 = CARTESIAN_POINT ( 'NONE',  ( 331.7949956088452268, 144.3213861098619759, 5.058155604053019339 ) ) ;
#2297 = CIRCLE ( 'NONE', #6479, 13.00000000000001066 ) ;
#2298 = DIRECTION ( 'NONE',  ( 1.000000000000000000, -7.590943252506637819E-32, 2.033782021272921061E-31 ) ) ;
#2299 =( NAMED_UNIT ( * ) PLANE_ANGLE_UNIT ( ) SI_UNIT ( $, .RADIAN. ) );
#2300 = VECTOR ( 'NONE', #7534, 1000.000000000000000 ) ;
#2301 = ORIENTED_EDGE ( 'NONE', *, *, #7045, .F. ) ;
#2302 = AXIS2_PLACEMENT_3D ( 'NONE', #10187, #1560, #8737 ) ;
#2303 = DIRECTION ( 'NONE',  ( 0.000000000000000000, 1.000000000000000000, 0.000000000000000000 ) ) ;
#2304 = VERTEX_POINT ( 'NONE', #7130 ) ;
#2305 = CYLINDRICAL_SURFACE ( 'NONE', #7239, 3.000000000000004441 ) ;
#2306 = AXIS2_PLACEMENT_3D ( 'NONE', #5180, #6635, #4243 ) ;
#2307 = AXIS2_PLACEMENT_3D ( 'NONE', #695, #3143, #4672 ) ;
#2308 = DIRECTION ( 'NONE',  ( 2.609204460588636195E-49, 0.000000000000000000, -1.000000000000000000 ) ) ;
#2309 = VERTEX_POINT ( 'NONE', #9531 ) ;
#2310 = ORIENTED_EDGE ( 'NONE', *, *, #9473, .T. ) ;
#2311 = DIRECTION ( 'NONE',  ( -1.000000000000000000, -2.041077998578924066E-17, -1.624335346205397848E-33 ) ) ;
#2312 = ADVANCED_FACE ( 'NONE', ( #4496 ), #9558, .T. ) ;
#2313 = DIRECTION ( 'NONE',  ( -2.609204460588635816E-49, 0.000000000000000000, 1.000000000000000000 ) ) ;
#2314 = EDGE_LOOP ( 'NONE', ( #1357, #5950, #8285, #4722 ) ) ;
#2315 = DIRECTION ( 'NONE',  ( 1.000000000000000000, 0.000000000000000000, -8.441837551339287274E-51 ) ) ;
#2316 = ORIENTED_EDGE ( 'NONE', *, *, #1932, .F. ) ;
#2317 = DIRECTION ( 'NONE',  ( 1.000000000000000000, 0.000000000000000000, 0.000000000000000000 ) ) ;
#2318 = FACE_OUTER_BOUND ( 'NONE', #9819, .T. ) ;
#2319 = ORIENTED_EDGE ( 'NONE', *, *, #4546, .T. ) ;
#2320 = CARTESIAN_POINT ( 'NONE',  ( 314.0000000000003979, 241.0000000000003695, 9.000000000000007105 ) ) ;
#2321 = CARTESIAN_POINT ( 'NONE',  ( 0.000000000000000000, 0.000000000000000000, 21.00000000000000000 ) ) ;
#2322 = EDGE_LOOP ( 'NONE', ( #3093, #6762 ) ) ;
#2323 = EDGE_CURVE ( 'NONE', #974, #1700, #9177, .T. ) ;
#2324 = DIRECTION ( 'NONE',  ( 2.033782021272921061E-31, 5.176899690512889973E-31, -1.000000000000000000 ) ) ;
#2325 =( NAMED_UNIT ( * ) PLANE_ANGLE_UNIT ( ) SI_UNIT ( $, .RADIAN. ) );
#2326 = ADVANCED_FACE ( 'NONE', ( #9432 ), #2451, .F. ) ;
#2327 = CARTESIAN_POINT ( 'NONE',  ( 272.0000000000003411, 81.00000000000001421, 0.000000000000000000 ) ) ;
#2328 = ORIENTED_EDGE ( 'NONE', *, *, #9158, .T. ) ;
#2330 = EDGE_LOOP ( 'NONE', ( #8533, #5036, #8589, #8757 ) ) ;
#2329 = LINE ( 'NONE', #293, #722 ) ;
#2331 = AXIS2_PLACEMENT_3D ( 'NONE', #5039, #8867, #9641 ) ;
#2332 = EDGE_CURVE ( 'NONE', #537, #4706, #1525, .T. ) ;
#2333 = ORIENTED_EDGE ( 'NONE', *, *, #427, .F. ) ;
#2334 = PLANE ( 'NONE',  #7415 ) ;
#2335 = ORIENTED_EDGE ( 'NONE', *, *, #7045, .T. ) ;
#2336 = AXIS2_PLACEMENT_3D ( 'NONE', #7734, #8437, #3808 ) ;
#2337 = DIRECTION ( 'NONE',  ( -2.033782021272921061E-31, -5.176899690512889973E-31, -1.000000000000000000 ) ) ;
#2338 = AXIS2_PLACEMENT_3D ( 'NONE', #4898, #1707, #7245 ) ;
#2339 = EDGE_LOOP ( 'NONE', ( #8021, #1342 ) ) ;
#2340 = DIRECTION ( 'NONE',  ( 2.033782021272921061E-31, 5.176899690512889973E-31, -1.000000000000000000 ) ) ;
#2341 = EDGE_CURVE ( 'NONE', #8523, #2251, #9604, .T. ) ;
#2342 = VERTEX_POINT ( 'NONE', #868 ) ;
#2343 = ORIENTED_EDGE ( 'NONE', *, *, #3386, .F. ) ;
#2344 = STYLED_ITEM ( 'NONE', ( #9149 ), #7499 ) ;
#2345 = CARTESIAN_POINT ( 'NONE',  ( 376.0000000000000000, 267.7500000000001705, -6.938893903907228378E-15 ) ) ;
#2346 = ORIENTED_EDGE ( 'NONE', *, *, #7522, .T. ) ;
#2347 = CIRCLE ( 'NONE', #6192, 6.000000000000032863 ) ;
#2348 = EDGE_LOOP ( 'NONE', ( #2107, #4698, #6383, #9618, #5637, #287 ) ) ;
#2349 = CARTESIAN_POINT ( 'NONE',  ( 359.0000000000000000, 51.50000000000002132, 7.500000000000007105 ) ) ;
#2350 = DIRECTION ( 'NONE',  ( 0.000000000000000000, 0.000000000000000000, -1.000000000000000000 ) ) ;
#2351 = DIRECTION ( 'NONE',  ( -1.941925118803053938E-33, 0.000000000000000000, -1.000000000000000000 ) ) ;
#2352 = ORIENTED_EDGE ( 'NONE', *, *, #8554, .F. ) ;
#2353 = CARTESIAN_POINT ( 'NONE',  ( 64.00000000000008527, 49.00000000000009948, 0.000000000000000000 ) ) ;
#2355 = VERTEX_POINT ( 'NONE', #89 ) ;
#2354 = VECTOR ( 'NONE', #1419, 1000.000000000000000 ) ;
#2356 = VERTEX_POINT ( 'NONE', #3213 ) ;
#2357 = DIRECTION ( 'NONE',  ( 2.033782021272921061E-31, 5.176899690512889973E-31, 1.000000000000000000 ) ) ;
#2358 = APPLICATION_CONTEXT ( 'automotive_design' ) ;
#2359 = ORIENTED_EDGE ( 'NONE', *, *, #9603, .F. ) ;
#2360 = ORIENTED_EDGE ( 'NONE', *, *, #1484, .F. ) ;
#2361 = CARTESIAN_POINT ( 'NONE',  ( 0.000000000000000000, 295.0000000000000000, -15.00000000000001599 ) ) ;
#2362 = ADVANCED_FACE ( 'NONE', ( #5067 ), #7411, .F. ) ;
#2363 = DIRECTION ( 'NONE',  ( -1.000000000000000000, -9.130123557772665869E-17, 0.000000000000000000 ) ) ;
#2365 = ORIENTED_EDGE ( 'NONE', *, *, #484, .T. ) ;
#2364 = CIRCLE ( 'NONE', #4927, 3.000000000000007994 ) ;
#2366 = DIRECTION ( 'NONE',  ( 1.000000000000000000, 0.000000000000000000, 0.000000000000000000 ) ) ;
#2367 = VERTEX_POINT ( 'NONE', #3420 ) ;
#2368 = LINE ( 'NONE', #2846, #257 ) ;
#2369 = ORIENTED_EDGE ( 'NONE', *, *, #6058, .F. ) ;
#2370 = ORIENTED_EDGE ( 'NONE', *, *, #10142, .T. ) ;
#2371 = DIRECTION ( 'NONE',  ( -1.000000000000000000, 2.041077998578924066E-17, -2.259514891400699764E-33 ) ) ;
#2372 = FACE_OUTER_BOUND ( 'NONE', #2719, .T. ) ;
#2373 = CARTESIAN_POINT ( 'NONE',  ( 359.9999999999998863, 51.49999999999999289, 15.00000000000001599 ) ) ;
#2374 = LINE ( 'NONE', #7195, #2982 ) ;
#2375 = DIRECTION ( 'NONE',  ( -0.000000000000000000, 0.000000000000000000, 1.000000000000000000 ) ) ;
#2376 = ADVANCED_FACE ( 'NONE', ( #7160, #4818, #8260, #2205, #1590, #5184, #3569, #8511, #6166, #9852, #7528 ), #7525, .T. ) ;
#2377 = EDGE_LOOP ( 'NONE', ( #7145, #1848 ) ) ;
#2378 = SURFACE_SIDE_STYLE ('',( #9998 ) ) ;
#2379 = EDGE_CURVE ( 'NONE', #2086, #1356, #1711, .T. ) ;
#2380 = CARTESIAN_POINT ( 'NONE',  ( 333.9999999999999432, 51.50000000000002132, 7.500000000000007105 ) ) ;
#2381 = FACE_OUTER_BOUND ( 'NONE', #7609, .T. ) ;
#2382 = CARTESIAN_POINT ( 'NONE',  ( 0.000000000000000000, -1.553069907153868393E-30, 3.000000000000002665 ) ) ;
#2383 = VECTOR ( 'NONE', #2626, 1000.000000000000000 ) ;
#2384 = DIRECTION ( 'NONE',  ( -1.000000000000000000, 2.041077998578924066E-17, -2.259514891400699764E-33 ) ) ;
#2385 = CARTESIAN_POINT ( 'NONE',  ( 1055.000000000000000, 51.49999999999999289, 4.499999999999946709 ) ) ;
#2386 = EDGE_LOOP ( 'NONE', ( #9260, #9993, #3590, #9501 ) ) ;
#2387 = AXIS2_PLACEMENT_3D ( 'NONE', #5625, #3129, #8758 ) ;
#2388 = EDGE_CURVE ( 'NONE', #2195, #4354, #2697, .T. ) ;
#2389 = CARTESIAN_POINT ( 'NONE',  ( 274.5000000000002274, 81.00000000000001421, 15.00000000000001421 ) ) ;
#2390 = DIRECTION ( 'NONE',  ( 1.000000000000000000, 0.000000000000000000, 0.000000000000000000 ) ) ;
#2391 = VECTOR ( 'NONE', #3070, 1000.000000000000000 ) ;
#2392 = DIRECTION ( 'NONE',  ( 1.941925118803054280E-33, 0.000000000000000000, 1.000000000000000000 ) ) ;
#2393 = CYLINDRICAL_SURFACE ( 'NONE', #8133, 2.499999999999946709 ) ;
#2394 = ORIENTED_EDGE ( 'NONE', *, *, #8684, .F. ) ;
#2395 = AXIS2_PLACEMENT_3D ( 'NONE', #1606, #3229, #3155 ) ;
#2396 = DIRECTION ( 'NONE',  ( -0.000000000000000000, 0.000000000000000000, 1.000000000000000000 ) ) ;
#2397 = DIRECTION ( 'NONE',  ( -1.000000000000000000, 0.000000000000000000, 0.000000000000000000 ) ) ;
#2398 = CARTESIAN_POINT ( 'NONE',  ( 333.9999999999999432, 246.5000000000001137, 7.499999999999951150 ) ) ;
#2399 = DIRECTION ( 'NONE',  ( 0.000000000000000000, 0.000000000000000000, -1.000000000000000000 ) ) ;
#2400 = ORIENTED_EDGE ( 'NONE', *, *, #5677, .F. ) ;
#2401 = EDGE_CURVE ( 'NONE', #8438, #4968, #7029, .T. ) ;
#2402 = DIRECTION ( 'NONE',  ( 0.000000000000000000, 0.000000000000000000, -1.000000000000000000 ) ) ;
#2403 = AXIS2_PLACEMENT_3D ( 'NONE', #4640, #5514, #10152 ) ;
#2404 = EDGE_CURVE ( 'NONE', #1139, #5960, #4314, .T. ) ;
#2405 = PLANE ( 'NONE',  #9458 ) ;
#2406 = FACE_OUTER_BOUND ( 'NONE', #2569, .T. ) ;
#2407 = EDGE_LOOP ( 'NONE', ( #4045, #6685, #5312, #3632 ) ) ;
#2408 = COLOUR_RGB ( '',1.000000000000000000, 1.000000000000000000, 1.000000000000000000 ) ;
#2409 = DIRECTION ( 'NONE',  ( 2.033782021272921061E-31, 5.176899690512889973E-31, 1.000000000000000000 ) ) ;
#2410 = ADVANCED_FACE ( 'NONE', ( #2941 ), #93, .F. ) ;
#2411 = CARTESIAN_POINT ( 'NONE',  ( 4.000000000000003553, 243.5000000000000000, 15.00000000000001421 ) ) ;
#2412 = FACE_OUTER_BOUND ( 'NONE', #5971, .T. ) ;
#2413 = EDGE_CURVE ( 'NONE', #8247, #9195, #1959, .T. ) ;
#2414 = DIRECTION ( 'NONE',  ( 2.033782021272921061E-31, 5.176899690512889973E-31, 1.000000000000000000 ) ) ;
#2415 = LINE ( 'NONE', #6082, #6257 ) ;
#2416 = VERTEX_POINT ( 'NONE', #9301 ) ;
#2417 = CARTESIAN_POINT ( 'NONE',  ( 263.9999999999998863, 51.49999999999999289, -3.000000000000002665 ) ) ;
#2418 = DIRECTION ( 'NONE',  ( 2.033782021272921061E-31, 5.176899690512889973E-31, 1.000000000000000000 ) ) ;
#2419 = CARTESIAN_POINT ( 'NONE',  ( 64.00000000000007105, 49.00000000000009948, 15.00000000000001421 ) ) ;
#2420 = MANIFOLD_SOLID_BREP ( 'Saliente-Extruir4', #10190 ) ;
#2421 = VECTOR ( 'NONE', #1032, 1000.000000000000000 ) ;
#2422 = DIRECTION ( 'NONE',  ( 0.000000000000000000, 1.000000000000000000, 0.000000000000000000 ) ) ;
#2423 = LINE ( 'NONE', #7105, #7383 ) ;
#2424 = EDGE_LOOP ( 'NONE', ( #3803, #7597, #1456, #7353 ) ) ;
#2425 = ADVANCED_FACE ( 'NONE', ( #9118 ), #3886, .F. ) ;
#2426 = DIRECTION ( 'NONE',  ( 2.033782021272921061E-31, -5.176899690512889973E-31, 1.000000000000000000 ) ) ;
#2427 = ORIENTED_EDGE ( 'NONE', *, *, #2845, .F. ) ;
#2428 = ORIENTED_EDGE ( 'NONE', *, *, #9353, .T. ) ;
#2429 = CARTESIAN_POINT ( 'NONE',  ( 24.99999999999991118, 243.5000000000001137, 7.499999999999951150 ) ) ;
#2430 = CARTESIAN_POINT ( 'NONE',  ( 26.00000000000006040, 42.99999999999998579, 15.00000000000001421 ) ) ;
#2431 = CARTESIAN_POINT ( 'NONE',  ( 793.9999999999997726, 237.9999999999999432, -15.00000000000001599 ) ) ;
#2432 = CARTESIAN_POINT ( 'NONE',  ( 5.500000000000006217, 243.5000000000000284, 2.999999999999891642 ) ) ;
#2433 = LINE ( 'NONE', #8711, #9105 ) ;
#2434 = CIRCLE ( 'NONE', #5056, 3.000000000000002665 ) ;
#2435 = ORIENTED_EDGE ( 'NONE', *, *, #8239, .F. ) ;
#2436 = PRODUCT_DEFINITION_SHAPE ( 'NONE', 'NONE',  #10257 ) ;
#2437 = EDGE_CURVE ( 'NONE', #5602, #8031, #5311, .T. ) ;
#2438 = DIRECTION ( 'NONE',  ( 1.000000000000000000, -7.590943252506637819E-32, 2.033782021272921061E-31 ) ) ;
#2439 = EDGE_LOOP ( 'NONE', ( #8832, #1276, #1856, #8561 ) ) ;
#2440 = AXIS2_PLACEMENT_3D ( 'NONE', #5954, #2063, #4362 ) ;
#2442 = ORIENTED_EDGE ( 'NONE', *, *, #8010, .F. ) ;
#2441 = VECTOR ( 'NONE', #9683, 1000.000000000000000 ) ;
#2443 = STYLED_ITEM ( 'NONE', ( #6107 ), #3944 ) ;
#2444 = VERTEX_POINT ( 'NONE', #2041 ) ;
#2445 = ORIENTED_EDGE ( 'NONE', *, *, #9919, .T. ) ;
#2446 = CARTESIAN_POINT ( 'NONE',  ( 8.000000000000007105, 51.50000000000000000, 14.99999999999990230 ) ) ;
#2447 = DIRECTION ( 'NONE',  ( 0.000000000000000000, 0.000000000000000000, -1.000000000000000000 ) ) ;
#2448 = DIRECTION ( 'NONE',  ( 1.000000000000000000, 0.000000000000000000, 0.000000000000000000 ) ) ;
#2449 = LINE ( 'NONE', #4888, #352 ) ;
#2450 = CARTESIAN_POINT ( 'NONE',  ( 26.53876507417225383, 244.2861226428269390, 4.598049040410638888 ) ) ;
#2451 = CYLINDRICAL_SURFACE ( 'NONE', #942, 7.500000000000000000 ) ;
#2453 = EDGE_LOOP ( 'NONE', ( #9515, #7867 ) ) ;
#2452 = CYLINDRICAL_SURFACE ( 'NONE', #273, 4.000000000000003553 ) ;
#2454 = CARTESIAN_POINT ( 'NONE',  ( 1095.000000000000000, 2.307652204411941523E-14, 15.00000000000001599 ) ) ;
#2455 = AXIS2_PLACEMENT_3D ( 'NONE', #2091, #432, #6867 ) ;
#2456 = ORIENTED_EDGE ( 'NONE', *, *, #9550, .F. ) ;
#2457 = DIRECTION ( 'NONE',  ( 1.000000000000000000, 0.000000000000000000, 0.000000000000000000 ) ) ;
#2458 = DIRECTION ( 'NONE',  ( 1.000000000000000000, 0.000000000000000000, 0.000000000000000000 ) ) ;
#2459 = DIRECTION ( 'NONE',  ( 1.000000000000000000, 2.041077998578924066E-17, 1.624335346205397848E-33 ) ) ;
#2460 = AXIS2_PLACEMENT_3D ( 'NONE', #182, #5767, #2539 ) ;
#2461 = CYLINDRICAL_SURFACE ( 'NONE', #8837, 6.000000000000015987 ) ;
#2462 = EDGE_CURVE ( 'NONE', #1661, #8889, #3814, .T. ) ;
#2464 = VERTEX_POINT ( 'NONE', #9966 ) ;
#2463 = LINE ( 'NONE', #3392, #1466 ) ;
#2465 = AXIS2_PLACEMENT_3D ( 'NONE', #2320, #4817, #7846 ) ;
#2466 = DIRECTION ( 'NONE',  ( 1.000000000000000000, 0.000000000000000000, 0.000000000000000000 ) ) ;
#2467 = DIRECTION ( 'NONE',  ( 2.033782021272921061E-31, 5.176899690512889973E-31, 1.000000000000000000 ) ) ;
#2468 = VERTEX_POINT ( 'NONE', #7671 ) ;
#2469 = DIRECTION ( 'NONE',  ( -1.000000000000000000, 0.000000000000000000, 0.000000000000000000 ) ) ;
#2470 = VERTEX_POINT ( 'NONE', #7642 ) ;
#2471 = AXIS2_PLACEMENT_3D ( 'NONE', #9536, #5612, #3147 ) ;
#2472 = DIRECTION ( 'NONE',  ( 0.000000000000000000, 0.000000000000000000, -1.000000000000000000 ) ) ;
#2473 = ORIENTED_EDGE ( 'NONE', *, *, #2388, .T. ) ;
#2474 = EDGE_CURVE ( 'NONE', #9828, #8471, #9369, .T. ) ;
#2475 = ORIENTED_EDGE ( 'NONE', *, *, #9073, .F. ) ;
#2476 = CARTESIAN_POINT ( 'NONE',  ( 0.000000000000000000, 0.000000000000000000, 4.000000000000058620 ) ) ;
#2477 = EDGE_LOOP ( 'NONE', ( #2806, #3721 ) ) ;
#2478 = AXIS2_PLACEMENT_3D ( 'NONE', #3859, #3955, #9380 ) ;
#2479 = ADVANCED_FACE ( 'NONE', ( #1224 ), #6122, .T. ) ;
#2480 = DIRECTION ( 'NONE',  ( 2.033782021272921061E-31, -5.176899690512889973E-31, -1.000000000000000000 ) ) ;
#2481 = ORIENTED_EDGE ( 'NONE', *, *, #597, .T. ) ;
#2483 = ORIENTED_EDGE ( 'NONE', *, *, #5330, .T. ) ;
#2482 = FACE_OUTER_BOUND ( 'NONE', #9884, .T. ) ;
#2484 = ORIENTED_EDGE ( 'NONE', *, *, #1390, .F. ) ;
#2485 = CARTESIAN_POINT ( 'NONE',  ( 1055.000000000000000, 51.49999999999999289, -10.49999999999995204 ) ) ;
#2486 = VERTEX_POINT ( 'NONE', #8400 ) ;
#2487 = ORIENTED_EDGE ( 'NONE', *, *, #6643, .F. ) ;
#2488 = CARTESIAN_POINT ( 'NONE',  ( 379.5000000000000000, 243.5000000000000000, 14.99999999999990230 ) ) ;
#2489 = DIRECTION ( 'NONE',  ( 1.000000000000000000, 0.000000000000000000, -2.609204460588635816E-49 ) ) ;
#2490 = UNCERTAINTY_MEASURE_WITH_UNIT (LENGTH_MEASURE( 1.000000000000000082E-05 ), #7709, 'distance_accuracy_value', 'NONE');
#2492 = VERTEX_POINT ( 'NONE', #9214 ) ;
#2491 = VECTOR ( 'NONE', #4253, 1000.000000000000000 ) ;
#2493 = CARTESIAN_POINT ( 'NONE',  ( 1095.000000000000000, 2.307652204411941523E-14, 15.00000000000001599 ) ) ;
#2494 = DIRECTION ( 'NONE',  ( -1.000000000000000000, 0.000000000000000000, 0.000000000000000000 ) ) ;
#2495 = FACE_OUTER_BOUND ( 'NONE', #6043, .T. ) ;
#2496 = ORIENTED_EDGE ( 'NONE', *, *, #7041, .T. ) ;
#2497 = DIRECTION ( 'NONE',  ( -7.590943252506637819E-32, 1.000000000000000000, 5.176899690512889973E-31 ) ) ;
#2498 = EDGE_LOOP ( 'NONE', ( #1535, #6899, #3642, #6692 ) ) ;
#2499 = DIRECTION ( 'NONE',  ( 1.000000000000000000, 0.000000000000000000, -0.000000000000000000 ) ) ;
#2500 = CARTESIAN_POINT ( 'NONE',  ( 0.000000000000000000, -6.729969597666759768E-30, -13.00000000000001421 ) ) ;
#2501 = DIRECTION ( 'NONE',  ( 0.000000000000000000, 1.000000000000000000, 0.000000000000000000 ) ) ;
#2502 = FACE_OUTER_BOUND ( 'NONE', #5402, .T. ) ;
#2503 = FACE_OUTER_BOUND ( 'NONE', #3892, .T. ) ;
#2504 = ORIENTED_EDGE ( 'NONE', *, *, #5944, .F. ) ;
#2505 = CARTESIAN_POINT ( 'NONE',  ( 382.0000000000000000, 243.5000000000000000, 15.00000000000001421 ) ) ;
#2506 = CARTESIAN_POINT ( 'NONE',  ( 390.0000000000000000, -6.162975822039154730E-30, 0.000000000000000000 ) ) ;
#2507 = DIRECTION ( 'NONE',  ( -1.000000000000000000, -5.600273556634003027E-19, 3.136292949173481922E-19 ) ) ;
#2508 = CIRCLE ( 'NONE', #6178, 7.500000000000000000 ) ;
#2509 = CARTESIAN_POINT ( 'NONE',  ( 71.00000000000004263, 145.0000000000001705, 15.00000000000001421 ) ) ;
#2510 = FACE_OUTER_BOUND ( 'NONE', #1723, .T. ) ;
#2511 = CARTESIAN_POINT ( 'NONE',  ( 26.56128046199838622, 50.52595713829756363, -4.655811018096311038 ) ) ;
#2512 = CYLINDRICAL_SURFACE ( 'NONE', #5498, 4.000000000000003553 ) ;
#2513 = ORIENTED_EDGE ( 'NONE', *, *, #1414, .T. ) ;
#2514 = EDGE_CURVE ( 'NONE', #5722, #2304, #3064, .T. ) ;
#2515 = CARTESIAN_POINT ( 'NONE',  ( 26.50000000000003197, 243.5000000000000000, -15.00000000000001421 ) ) ;
#2516 = CARTESIAN_POINT ( 'NONE',  ( 0.000000000000000000, 0.000000000000000000, 4.000000000000058620 ) ) ;
#2517 = CARTESIAN_POINT ( 'NONE',  ( 27.00000231661813999, 246.1938065702286735, 8.834800294472035631 ) ) ;
#2518 = CIRCLE ( 'NONE', #5899, 2.499999999999891198 ) ;
#2519 = AXIS2_PLACEMENT_3D ( 'NONE', #4597, #4660, #1512 ) ;
#2520 = CARTESIAN_POINT ( 'NONE',  ( 385.0000000000000000, 3.000000000000002665, -385.0000000000000000 ) ) ;
#2521 = EDGE_CURVE ( 'NONE', #2117, #627, #1107, .T. ) ;
#2522 = FACE_BOUND ( 'NONE', #9563, .T. ) ;
#2523 = ORIENTED_EDGE ( 'NONE', *, *, #4989, .T. ) ;
#2524 = ADVANCED_FACE ( 'NONE', ( #849 ), #7897, .F. ) ;
#2525 = PLANE ( 'NONE',  #8754 ) ;
#2526 = PRODUCT_CONTEXT ( 'NONE', #7100, 'mechanical' ) ;
#2527 = EDGE_LOOP ( 'NONE', ( #9009, #7943, #2958, #420 ) ) ;
#2528 = ADVANCED_FACE ( 'NONE', ( #3941 ), #4932, .F. ) ;
#2529 = CARTESIAN_POINT ( 'NONE',  ( 0.000000000000000000, 0.000000000000000000, 0.000000000000000000 ) ) ;
#2530 = PRESENTATION_LAYER_ASSIGNMENT (  '', '', ( #408 ) ) ;
#2531 = CIRCLE ( 'NONE', #2114, 2.499999999999891198 ) ;
#2532 = LINE ( 'NONE', #6011, #429 ) ;
#2533 = ORIENTED_EDGE ( 'NONE', *, *, #7641, .F. ) ;
#2534 = EDGE_CURVE ( 'NONE', #37, #3837, #3453, .T. ) ;
#2535 = CARTESIAN_POINT ( 'NONE',  ( 26.00000000000006040, 49.00000000000004263, 9.000000000000007105 ) ) ;
#2536 = ORIENTED_EDGE ( 'NONE', *, *, #8845, .T. ) ;
#2537 = AXIS2_PLACEMENT_3D ( 'NONE', #4909, #7328, #4247 ) ;
#2538 = EDGE_CURVE ( 'NONE', #8894, #2923, #5810, .T. ) ;
#2539 = DIRECTION ( 'NONE',  ( 0.000000000000000000, -0.000000000000000000, -1.000000000000000000 ) ) ;
#2540 = CARTESIAN_POINT ( 'NONE',  ( 6.938893903907228378E-15, 219.1250000000001137, -5.898059818321144121E-14 ) ) ;
#2541 = CIRCLE ( 'NONE', #7541, 3.000000000000004441 ) ;
#2542 = CARTESIAN_POINT ( 'NONE',  ( 102.0000000000001847, 55.00000000000004974, 9.000000000000007105 ) ) ;
#2543 = LINE ( 'NONE', #7449, #1926 ) ;
#2544 = SURFACE_STYLE_FILL_AREA ( #1884 ) ;
#2545 = DIRECTION ( 'NONE',  ( 0.000000000000000000, 0.000000000000000000, -1.000000000000000000 ) ) ;
#2546 = CARTESIAN_POINT ( 'NONE',  ( 362.4999999999998863, 51.49999999999999289, 15.00000000000001599 ) ) ;
#2547 = DIRECTION ( 'NONE',  ( 1.000000000000000000, 0.000000000000000000, 0.000000000000000000 ) ) ;
#2548 = EDGE_CURVE ( 'NONE', #5411, #5905, #3687, .T. ) ;
#2549 = DIRECTION ( 'NONE',  ( -2.609204460588636195E-49, 0.000000000000000000, 1.000000000000000000 ) ) ;
#2550 = FACE_OUTER_BOUND ( 'NONE', #3974, .T. ) ;
#2551 = LINE ( 'NONE', #882, #7739 ) ;
#2552 = ORIENTED_EDGE ( 'NONE', *, *, #3990, .F. ) ;
#2553 = CARTESIAN_POINT ( 'NONE',  ( 27.62253141289329150, 143.5529963203907471, 6.837689297669851562 ) ) ;
#2554 = EDGE_LOOP ( 'NONE', ( #6121, #10179 ) ) ;
#2555 = CARTESIAN_POINT ( 'NONE',  ( 0.000000000000000000, 147.5000000000000284, 7.500000000000007105 ) ) ;
#2556 = APPLICATION_PROTOCOL_DEFINITION ( 'draft international standard', 'automotive_design', 1998, #9663 ) ;
#2557 = DIRECTION ( 'NONE',  ( -2.033782021272921061E-31, -5.176899690512889973E-31, 1.000000000000000000 ) ) ;
#2558 = VERTEX_POINT ( 'NONE', #4180 ) ;
#2560 = ORIENTED_EDGE ( 'NONE', *, *, #1542, .T. ) ;
#2559 = LINE ( 'NONE', #4312, #7020 ) ;
#2561 = ORIENTED_EDGE ( 'NONE', *, *, #3048, .T. ) ;
#2562 = DIRECTION ( 'NONE',  ( 0.000000000000000000, 1.000000000000000000, 0.000000000000000000 ) ) ;
#2563 = ORIENTED_EDGE ( 'NONE', *, *, #7241, .T. ) ;
#2564 = DIRECTION ( 'NONE',  ( 1.000000000000000000, -7.590943252506637819E-32, -2.033782021272921061E-31 ) ) ;
#2565 = CARTESIAN_POINT ( 'NONE',  ( 791.4999999999998863, 237.9999999999999432, 13.00000000000001421 ) ) ;
#2566 = AXIS2_PLACEMENT_3D ( 'NONE', #8187, #3388, #9015 ) ;
#2567 = ORIENTED_EDGE ( 'NONE', *, *, #9982, .T. ) ;
#2569 = EDGE_LOOP ( 'NONE', ( #2435, #7224, #6942, #6637 ) ) ;
#2568 = FACE_OUTER_BOUND ( 'NONE', #1768, .T. ) ;
#2570 = DIRECTION ( 'NONE',  ( 2.033782021272921061E-31, 5.176899690512889973E-31, -1.000000000000000000 ) ) ;
#2571 = VERTEX_POINT ( 'NONE', #9116 ) ;
#2572 = ADVANCED_FACE ( 'NONE', ( #1842 ), #8617, .F. ) ;
#2573 = VERTEX_POINT ( 'NONE', #6686 ) ;
#2574 = EDGE_CURVE ( 'NONE', #5176, #8871, #9978, .T. ) ;
#2575 = ADVANCED_FACE ( 'NONE', ( #1353 ), #9955, .F. ) ;
#2576 = DIRECTION ( 'NONE',  ( -1.497502434588343278E-18, 1.000000000000000000, 0.000000000000000000 ) ) ;
#2577 = VECTOR ( 'NONE', #4304, 1000.000000000000000 ) ;
#2578 = EDGE_LOOP ( 'NONE', ( #1744, #1635 ) ) ;
#2579 = FILL_AREA_STYLE ('',( #230 ) ) ;
#2580 = EDGE_CURVE ( 'NONE', #7795, #3490, #5410, .T. ) ;
#2581 = CARTESIAN_POINT ( 'NONE',  ( 455.9999999999999432, 243.5000000000000000, 15.00000000000001599 ) ) ;
#2582 = CLOSED_SHELL ( 'NONE', ( #5550, #3256, #777, #333, #1386, #8854, #3607, #4498, #4399, #241, #4450, #5704, #6056, #1229, #2260, #2868, #4977, #667, #8650, #238, #7544, #6417, #9192, #4081, #1809, #5956, #10141, #1904 ) ) ;
#2583 = EDGE_LOOP ( 'NONE', ( #3676, #1741, #5323, #7208 ) ) ;
#2584 = PLANE ( 'NONE',  #7574 ) ;
#2585 = CARTESIAN_POINT ( 'NONE',  ( 27.12614733316573634, 246.5000249191291459, 7.697327767396861198 ) ) ;
#2586 = CIRCLE ( 'NONE', #2287, 4.000000000000027534 ) ;
#2587 = VERTEX_POINT ( 'NONE', #2988 ) ;
#2588 = APPLICATION_PROTOCOL_DEFINITION ( 'draft international standard', 'automotive_design', 1998, #7339 ) ;
#2589 = EDGE_CURVE ( 'NONE', #1819, #4224, #7653, .T. ) ;
#2590 = AXIS2_PLACEMENT_3D ( 'NONE', #6216, #5367, #6186 ) ;
#2591 = DIRECTION ( 'NONE',  ( 2.033782021272921061E-31, 5.176899690512889973E-31, 1.000000000000000000 ) ) ;
#2592 = EDGE_CURVE ( 'NONE', #7792, #7291, #3665, .T. ) ;
#2593 = CARTESIAN_POINT ( 'NONE',  ( 27.05956139897391211, 240.6562620659750564, 8.475297298485658715 ) ) ;
#2595 = VERTEX_POINT ( 'NONE', #3200 ) ;
#2594 = FACE_OUTER_BOUND ( 'NONE', #2972, .T. ) ;
#2596 = CARTESIAN_POINT ( 'NONE',  ( 728.0000000000001137, 147.5000000000000000, -15.00000000000001599 ) ) ;
#2597 = CARTESIAN_POINT ( 'NONE',  ( 80.84317321985052729, 84.99999999999998579, 7.499999999999992895 ) ) ;
#2598 = ORIENTED_EDGE ( 'NONE', *, *, #7363, .T. ) ;
#2599 = VERTEX_POINT ( 'NONE', #7862 ) ;
#2600 = VERTEX_POINT ( 'NONE', #7936 ) ;
#2601 = VERTEX_POINT ( 'NONE', #4804 ) ;
#2602 = PRODUCT_DEFINITION_SHAPE ( 'NONE', 'NONE',  #2277 ) ;
#2603 = EDGE_CURVE ( 'NONE', #6656, #5267, #1411, .T. ) ;
#2605 = ORIENTED_EDGE ( 'NONE', *, *, #1628, .T. ) ;
#2604 = CIRCLE ( 'NONE', #3994, 3.000000000000058176 ) ;
#2606 = CARTESIAN_POINT ( 'NONE',  ( 1095.000000000000000, 295.0000000000000000, 2.524894157091666203E-28 ) ) ;
#2607 = ORIENTED_EDGE ( 'NONE', *, *, #949, .F. ) ;
#2608 = FACE_OUTER_BOUND ( 'NONE', #985, .T. ) ;
#2609 = ORIENTED_EDGE ( 'NONE', *, *, #8936, .T. ) ;
#2610 = ORIENTED_EDGE ( 'NONE', *, *, #3700, .F. ) ;
#2611 = DIRECTION ( 'NONE',  ( 3.136292949173481922E-19, 1.387778780781445676E-17, -1.000000000000000000 ) ) ;
#2612 = DIRECTION ( 'NONE',  ( 2.033782021272921061E-31, 5.176899690512889973E-31, 1.000000000000000000 ) ) ;
#2613 = DIRECTION ( 'NONE',  ( -0.000000000000000000, 0.000000000000000000, 1.000000000000000000 ) ) ;
#2614 = UNCERTAINTY_MEASURE_WITH_UNIT (LENGTH_MEASURE( 1.000000000000000082E-05 ), #3882, 'distance_accuracy_value', 'NONE');
#2615 = FACE_OUTER_BOUND ( 'NONE', #8183, .T. ) ;
#2616 = CIRCLE ( 'NONE', #5305, 3.000000000000002665 ) ;
#2617 = CARTESIAN_POINT ( 'NONE',  ( 27.57405441965399007, 143.6320532152099929, 8.553038088272307604 ) ) ;
#2618 = VERTEX_POINT ( 'NONE', #7793 ) ;
#2619 = DIRECTION ( 'NONE',  ( 2.033782021272921061E-31, 5.176899690512889973E-31, 1.000000000000000000 ) ) ;
#2620 = ADVANCED_FACE ( 'NONE', ( #8690 ), #3638, .F. ) ;
#2621 = CARTESIAN_POINT ( 'NONE',  ( 27.12612556112676998, 54.49997503312035718, -7.301915260971086674 ) ) ;
#2622 = FACE_OUTER_BOUND ( 'NONE', #2186, .T. ) ;
#2623 = ADVANCED_FACE ( 'NONE', ( #1041 ), #6485, .F. ) ;
#2624 = DIRECTION ( 'NONE',  ( 1.000000000000000000, 0.000000000000000000, 0.000000000000000000 ) ) ;
#2625 = VECTOR ( 'NONE', #2591, 1000.000000000000000 ) ;
#2626 = DIRECTION ( 'NONE',  ( 0.000000000000000000, 1.000000000000000000, 0.000000000000000000 ) ) ;
#2627 = CARTESIAN_POINT ( 'NONE',  ( 376.0000000000000000, 267.7500000000001705, 3.999999999999996447 ) ) ;
#2628 = FACE_OUTER_BOUND ( 'NONE', #6240, .T. ) ;
#2629 = ORIENTED_EDGE ( 'NONE', *, *, #9840, .F. ) ;
#2630 = CARTESIAN_POINT ( 'NONE',  ( 983.4999999999998863, 237.9999999999999432, 15.00000000000001599 ) ) ;
#2631 = AXIS2_PLACEMENT_3D ( 'NONE', #9095, #1910, #3541 ) ;
#2632 = CARTESIAN_POINT ( 'NONE',  ( 1055.000000000000000, 51.49999999999999289, 7.499999999999949374 ) ) ;
#2633 = DIRECTION ( 'NONE',  ( 2.033782021272921061E-31, 5.176899690512889973E-31, 1.000000000000000000 ) ) ;
#2634 = AXIS2_PLACEMENT_3D ( 'NONE', #9312, #7967, #4806 ) ;
#2635 = FACE_OUTER_BOUND ( 'NONE', #3291, .T. ) ;
#2636 = FACE_OUTER_BOUND ( 'NONE', #4832, .T. ) ;
#2637 = EDGE_LOOP ( 'NONE', ( #4359, #493 ) ) ;
#2638 = DIRECTION ( 'NONE',  ( 1.000000000000000000, 0.000000000000000000, -2.609204460588635816E-49 ) ) ;
#2639 = ORIENTED_EDGE ( 'NONE', *, *, #2778, .T. ) ;
#2640 = CARTESIAN_POINT ( 'NONE',  ( 1055.000000000000000, 51.49999999999999289, 10.49999999999995204 ) ) ;
#2641 = DIRECTION ( 'NONE',  ( -1.000000000000000000, -0.000000000000000000, -0.000000000000000000 ) ) ;
#2642 = DIRECTION ( 'NONE',  ( 1.000000000000000000, 1.826024711554533913E-16, -0.000000000000000000 ) ) ;
#2643 = FACE_OUTER_BOUND ( 'NONE', #6945, .T. ) ;
#2644 = DIRECTION ( 'NONE',  ( 7.590943252506637819E-32, -1.000000000000000000, 5.176899690512889973E-31 ) ) ;
#2645 = CYLINDRICAL_SURFACE ( 'NONE', #8135, 4.000000000000017764 ) ;
#2646 = ORIENTED_EDGE ( 'NONE', *, *, #6841, .F. ) ;
#2647 = CARTESIAN_POINT ( 'NONE',  ( 376.0000000000000000, 353.0000000000001705, 15.00000000000005507 ) ) ;
#2648 = VERTEX_POINT ( 'NONE', #1643 ) ;
#2649 = CARTESIAN_POINT ( 'NONE',  ( 0.000000000000000000, 178.5000000000002274, 0.000000000000000000 ) ) ;
#2650 = CARTESIAN_POINT ( 'NONE',  ( 27.63492636096582800, 143.5331266293244710, 6.969099737372116188 ) ) ;
#2651 = AXIS2_PLACEMENT_3D ( 'NONE', #601, #4559, #6970 ) ;
#2652 = CARTESIAN_POINT ( 'NONE',  ( 108.1911413296065092, 1.620164975419772189E-16, 21.00000000000000000 ) ) ;
#2653 = EDGE_CURVE ( 'NONE', #5686, #2680, #8588, .T. ) ;
#2654 = CIRCLE ( 'NONE', #3716, 2.500000000000002220 ) ;
#2655 = DIRECTION ( 'NONE',  ( 1.000000000000000000, 0.000000000000000000, 0.000000000000000000 ) ) ;
#2656 = PRODUCT_CONTEXT ( 'NONE', #8739, 'mechanical' ) ;
#2657 = EDGE_CURVE ( 'NONE', #4948, #4162, #4644, .T. ) ;
#2658 = FACE_OUTER_BOUND ( 'NONE', #4096, .T. ) ;
#2659 = ORIENTED_EDGE ( 'NONE', *, *, #5534, .F. ) ;
#2660 = DIRECTION ( 'NONE',  ( 1.000000000000000000, 0.000000000000000000, 0.000000000000000000 ) ) ;
#2661 = PRODUCT_DEFINITION ( 'UNKNOWN', '', #3730, #6766 ) ;
#2662 = DIRECTION ( 'NONE',  ( -2.609204460588635816E-49, 0.000000000000000000, 1.000000000000000000 ) ) ;
#2663 = VERTEX_POINT ( 'NONE', #3375 ) ;
#2664 = DIRECTION ( 'NONE',  ( -2.609204460588635816E-49, 0.000000000000000000, 1.000000000000000000 ) ) ;
#2665 = DIRECTION ( 'NONE',  ( 0.000000000000000000, 0.000000000000000000, 1.000000000000000000 ) ) ;
#2666 = VECTOR ( 'NONE', #5940, 1000.000000000000000 ) ;
#2667 = EDGE_CURVE ( 'NONE', #8371, #10215, #811, .T. ) ;
#2668 = CARTESIAN_POINT ( 'NONE',  ( 0.000000000000000000, 44.62500000000002842, 0.000000000000000000 ) ) ;
#2669 = VECTOR ( 'NONE', #7273, 1000.000000000000000 ) ;
#2670 = CYLINDRICAL_SURFACE ( 'NONE', #3262, 3.000000000000002665 ) ;
#2671 = AXIS2_PLACEMENT_3D ( 'NONE', #7472, #6758, #8983 ) ;
#2672 = ORIENTED_EDGE ( 'NONE', *, *, #9200, .F. ) ;
#2673 = ORIENTED_EDGE ( 'NONE', *, *, #6638, .F. ) ;
#2674 = DIRECTION ( 'NONE',  ( 1.000000000000000000, 2.041077998578924066E-17, 1.624335346205397848E-33 ) ) ;
#2675 = ADVANCED_FACE ( 'NONE', ( #6768 ), #9452, .F. ) ;
#2676 = CARTESIAN_POINT ( 'NONE',  ( 102.0000000000001847, 49.00000000000004263, 15.00000000000001421 ) ) ;
#2677 = CARTESIAN_POINT ( 'NONE',  ( 320.0000000000003979, 241.0000000000003695, 15.00000000000001421 ) ) ;
#2678 = ORIENTED_EDGE ( 'NONE', *, *, #2053, .F. ) ;
#2679 = EDGE_CURVE ( 'NONE', #2573, #4288, #5898, .T. ) ;
#2680 = VERTEX_POINT ( 'NONE', #5697 ) ;
#2681 = DIRECTION ( 'NONE',  ( -1.000000000000000000, 0.000000000000000000, 0.000000000000000000 ) ) ;
#2682 = CARTESIAN_POINT ( 'NONE',  ( 30.00000000000006395, 49.00000000000004263, 0.000000000000000000 ) ) ;
#2683 = CARTESIAN_POINT ( 'NONE',  ( 12.00000000000001066, 243.5000000000000000, 1.043681784235455238E-48 ) ) ;
#2684 = CARTESIAN_POINT ( 'NONE',  ( 27.12796441625710742, 144.4894699543838499, 4.853827776893697710 ) ) ;
#2685 = EDGE_LOOP ( 'NONE', ( #9106, #1612, #4842, #9769 ) ) ;
#2687 = EDGE_LOOP ( 'NONE', ( #3500, #10002 ) ) ;
#2686 = VECTOR ( 'NONE', #7219, 1000.000000000000000 ) ;
#2688 = CARTESIAN_POINT ( 'NONE',  ( 266.4999999999998295, 243.5000000000000000, 15.00000000000001599 ) ) ;
#2689 = ADVANCED_FACE ( 'NONE', ( #2785 ), #8751, .T. ) ;
#2690 = ORIENTED_EDGE ( 'NONE', *, *, #9399, .T. ) ;
#2691 = CARTESIAN_POINT ( 'NONE',  ( 274.5000000000002274, 209.0000000000003695, 15.00000000000001421 ) ) ;
#2693 = VERTEX_POINT ( 'NONE', #771 ) ;
#2692 =( REPRESENTATION_RELATIONSHIP ('NONE','NONE', #4500, #4486 ) REPRESENTATION_RELATIONSHIP_WITH_TRANSFORMATION ( #661 )SHAPE_REPRESENTATION_RELATIONSHIP( ) );
#2694 = FILL_AREA_STYLE_COLOUR ( '', #3144 ) ;
#2695 = CARTESIAN_POINT ( 'NONE',  ( 0.000000000000000000, 353.0000000000001705, -6.938893903907228378E-15 ) ) ;
#2696 = DIRECTION ( 'NONE',  ( 1.000000000000000000, 0.000000000000000000, 0.000000000000000000 ) ) ;
#2697 = LINE ( 'NONE', #4484, #4055 ) ;
#2698 = CARTESIAN_POINT ( 'NONE',  ( 26.72573274957601797, 241.6662369502325021, 5.117685287329552857 ) ) ;
#2700 = VERTEX_POINT ( 'NONE', #952 ) ;
#2699 = VECTOR ( 'NONE', #2202, 1000.000000000000000 ) ;
#2701 =( NAMED_UNIT ( * ) PLANE_ANGLE_UNIT ( ) SI_UNIT ( $, .RADIAN. ) );
#2702 = ORIENTED_EDGE ( 'NONE', *, *, #548, .F. ) ;
#2703 = AXIS2_PLACEMENT_3D ( 'NONE', #5891, #2039, #2732 ) ;
#2704 = ORIENTED_EDGE ( 'NONE', *, *, #8224, .F. ) ;
#2705 = PRODUCT ( 'A353250-TAPASXXXTA', 'A353250-TAPASXXXTA', '', ( #4150 ) ) ;
#2706 = CARTESIAN_POINT ( 'NONE',  ( 314.0000000000003411, 49.00000000000004263, 9.000000000000007105 ) ) ;
#2707 = CYLINDRICAL_SURFACE ( 'NONE', #7788, 2.499999999999946709 ) ;
#2708 = CARTESIAN_POINT ( 'NONE',  ( 359.0000000000000000, 240.5000000000000000, 7.499999999999951150 ) ) ;
#2710 = EDGE_LOOP ( 'NONE', ( #10040, #3762, #4736, #8744 ) ) ;
#2709 = FACE_OUTER_BOUND ( 'NONE', #866, .T. ) ;
#2711 = CARTESIAN_POINT ( 'NONE',  ( 0.000000000000000000, 0.000000000000000000, 21.00000000000000000 ) ) ;
#2712 = EDGE_CURVE ( 'NONE', #8143, #10119, #5644, .T. ) ;
#2713 = DIRECTION ( 'NONE',  ( 2.033782021272921061E-31, 5.176899690512889973E-31, -1.000000000000000000 ) ) ;
#2714 = EDGE_LOOP ( 'NONE', ( #5329, #4826, #9517, #7236 ) ) ;
#2715 = DIRECTION ( 'NONE',  ( -0.000000000000000000, -0.000000000000000000, 1.000000000000000000 ) ) ;
#2716 = CARTESIAN_POINT ( 'NONE',  ( 33.19114132960651631, 0.000000000000000000, 0.000000000000000000 ) ) ;
#2717 = AXIS2_PLACEMENT_3D ( 'NONE', #9654, #9584, #7263 ) ;
#2718 = LINE ( 'NONE', #8909, #7782 ) ;
#2719 = EDGE_LOOP ( 'NONE', ( #8529, #6140, #6631, #6993, #7775 ) ) ;
#2720 = VERTEX_POINT ( 'NONE', #9747 ) ;
#2721 = ORIENTED_EDGE ( 'NONE', *, *, #4921, .T. ) ;
#2722 = ORIENTED_EDGE ( 'NONE', *, *, #4453, .F. ) ;
#2723 = DIRECTION ( 'NONE',  ( -1.000000000000000000, -5.600273556634003027E-19, 3.136292949173481922E-19 ) ) ;
#2724 = AXIS2_PLACEMENT_3D ( 'NONE', #8788, #7927, #69 ) ;
#2725 = ADVANCED_FACE ( 'NONE', ( #3781 ), #4376, .F. ) ;
#2727 = VERTEX_POINT ( 'NONE', #389 ) ;
#2726 = VECTOR ( 'NONE', #8184, 1000.000000000000000 ) ;
#2728 = CARTESIAN_POINT ( 'NONE',  ( 0.000000000000000000, 274.9999999999998863, 15.00000000000001421 ) ) ;
#2729 = EDGE_LOOP ( 'NONE', ( #8972, #2089 ) ) ;
#2730 = EDGE_CURVE ( 'NONE', #10215, #8371, #5155, .T. ) ;
#2731 = ORIENTED_EDGE ( 'NONE', *, *, #8018, .T. ) ;
#2732 = DIRECTION ( 'NONE',  ( -0.000000000000000000, 0.000000000000000000, 1.000000000000000000 ) ) ;
#2733 = ORIENTED_EDGE ( 'NONE', *, *, #2845, .T. ) ;
#2734 = SURFACE_STYLE_USAGE ( .BOTH. , #9833 ) ;
#2735 = AXIS2_PLACEMENT_3D ( 'NONE', #4752, #6195, #2397 ) ;
#2736 = CARTESIAN_POINT ( 'NONE',  ( 0.000000000000000000, 0.000000000000000000, -385.0000000000000000 ) ) ;
#2737 = EDGE_CURVE ( 'NONE', #7232, #4050, #2297, .T. ) ;
#2738 = UNCERTAINTY_MEASURE_WITH_UNIT (LENGTH_MEASURE( 1.000000000000000082E-05 ), #9259, 'distance_accuracy_value', 'NONE');
#2739 = CARTESIAN_POINT ( 'NONE',  ( 27.52801888904756922, 151.2917074619547009, 8.800811200941405232 ) ) ;
#2740 =( LENGTH_UNIT ( ) NAMED_UNIT ( * ) SI_UNIT ( .MILLI., .METRE. ) );
#2741 = DIRECTION ( 'NONE',  ( -0.000000000000000000, -1.000000000000000000, -0.000000000000000000 ) ) ;
#2742 = VECTOR ( 'NONE', #6083, 1000.000000000000000 ) ;
#2743 = CIRCLE ( 'NONE', #8016, 3.000000000000002665 ) ;
#2744 = ORIENTED_EDGE ( 'NONE', *, *, #5250, .F. ) ;
#2745 = DIRECTION ( 'NONE',  ( 2.033782021272921061E-31, 5.176899690512889973E-31, 1.000000000000000000 ) ) ;
#2746 = DIRECTION ( 'NONE',  ( -0.5562429573907914371, -0.8310197183900909224, 0.000000000000000000 ) ) ;
#2747 = EDGE_CURVE ( 'NONE', #2367, #8170, #5525, .T. ) ;
#2748 = DIRECTION ( 'NONE',  ( -0.000000000000000000, 0.000000000000000000, 1.000000000000000000 ) ) ;
#2749 = CIRCLE ( 'NONE', #9326, 2.500000000000002220 ) ;
#2750 = CARTESIAN_POINT ( 'NONE',  ( 33.19114132960651631, 0.000000000000000000, 0.000000000000000000 ) ) ;
#2751 = ORIENTED_EDGE ( 'NONE', *, *, #9488, .T. ) ;
#2752 = CARTESIAN_POINT ( 'NONE',  ( 96.00000000000002842, 147.5000000000000000, 15.00000000000001421 ) ) ;
#2753 = CARTESIAN_POINT ( 'NONE',  ( 0.000000000000000000, 294.9999999999998863, 0.000000000000000000 ) ) ;
#2754 = CIRCLE ( 'NONE', #6902, 3.000000000000002665 ) ;
#2755 = CARTESIAN_POINT ( 'NONE',  ( 0.000000000000000000, 0.000000000000000000, 0.000000000000000000 ) ) ;
#2756 = LINE ( 'NONE', #5028, #2625 ) ;
#2757 = PLANE ( 'NONE',  #845 ) ;
#2758 = LINE ( 'NONE', #4999, #8699 ) ;
#2759 = EDGE_LOOP ( 'NONE', ( #2484, #5975, #2780, #10081 ) ) ;
#2760 = VERTEX_POINT ( 'NONE', #2597 ) ;
#2761 = CARTESIAN_POINT ( 'NONE',  ( 297.0000000000000000, 147.5000000000000000, 15.00000000000001421 ) ) ;
#2762 = AXIS2_PLACEMENT_3D ( 'NONE', #9282, #6455, #7882 ) ;
#2763 = DIRECTION ( 'NONE',  ( -1.000000000000000000, 2.041077998578924066E-17, -2.259514891400699422E-33 ) ) ;
#2764 = DIRECTION ( 'NONE',  ( -3.136292949173481922E-19, -1.387778780781445676E-17, 1.000000000000000000 ) ) ;
#2765 = CARTESIAN_POINT ( 'NONE',  ( 376.0000000000000000, 44.62500000000013500, 3.999999999999996447 ) ) ;
#2766 = CARTESIAN_POINT ( 'NONE',  ( 26.98140344304546190, 150.1509577983653969, 10.50636469056771993 ) ) ;
#2767 = FACE_BOUND ( 'NONE', #6324, .T. ) ;
#2768 = ORIENTED_EDGE ( 'NONE', *, *, #5857, .F. ) ;
#2769 = DIRECTION ( 'NONE',  ( 2.033782021272921061E-31, 5.176899690512889973E-31, -1.000000000000000000 ) ) ;
#2770 = ORIENTED_EDGE ( 'NONE', *, *, #8038, .T. ) ;
#2771 = EDGE_CURVE ( 'NONE', #5349, #3283, #4654, .T. ) ;
#2772 = AXIS2_PLACEMENT_3D ( 'NONE', #4864, #1666, #9469 ) ;
#2773 = CARTESIAN_POINT ( 'NONE',  ( 0.000000000000000000, 308.3750000000001705, 3.999999999999996447 ) ) ;
#2774 = ADVANCED_FACE ( 'NONE', ( #3903 ), #1678, .F. ) ;
#2775 = LINE ( 'NONE', #2226, #3769 ) ;
#2776 = AXIS2_PLACEMENT_3D ( 'NONE', #5269, #514, #5138 ) ;
#2777 = PLANE ( 'NONE',  #9056 ) ;
#2778 = EDGE_CURVE ( 'NONE', #5960, #7729, #186, .T. ) ;
#2779 = LINE ( 'NONE', #1199, #6759 ) ;
#2780 = ORIENTED_EDGE ( 'NONE', *, *, #796, .F. ) ;
#2781 = PLANE ( 'NONE',  #7794 ) ;
#2782 = ORIENTED_EDGE ( 'NONE', *, *, #3910, .T. ) ;
#2783 = DIRECTION ( 'NONE',  ( -2.033782021272921061E-31, -5.176899690512889973E-31, 1.000000000000000000 ) ) ;
#2784 = AXIS2_PLACEMENT_3D ( 'NONE', #8667, #759, #5707 ) ;
#2785 = FACE_OUTER_BOUND ( 'NONE', #6109, .T. ) ;
#2786 = CYLINDRICAL_SURFACE ( 'NONE', #5441, 3.000000000000002665 ) ;
#2787 = EDGE_CURVE ( 'NONE', #5284, #2122, #2898, .T. ) ;
#2788 = CARTESIAN_POINT ( 'NONE',  ( 825.9999999999998863, 237.9999999999999716, -15.00000000000001421 ) ) ;
#2789 = CARTESIAN_POINT ( 'NONE',  ( 26.50786973465682550, 243.1044880622961841, -4.519510153631784100 ) ) ;
#2790 = AXIS2_PLACEMENT_3D ( 'NONE', #7845, #8539, #9360 ) ;
#2791 = DIRECTION ( 'NONE',  ( 2.033782021272921061E-31, 5.176899690512889973E-31, -1.000000000000000000 ) ) ;
#2792 = EDGE_CURVE ( 'NONE', #8700, #3816, #1803, .T. ) ;
#2793 = FACE_OUTER_BOUND ( 'NONE', #463, .T. ) ;
#2794 = VECTOR ( 'NONE', #10153, 1000.000000000000000 ) ;
#2795 = VECTOR ( 'NONE', #3121, 1000.000000000000000 ) ;
#2796 = CARTESIAN_POINT ( 'NONE',  ( 26.50000000000003197, 51.49999999999999289, -15.00000000000001421 ) ) ;
#2797 = PRODUCT_DEFINITION ( 'UNKNOWN', '', #3133, #4266 ) ;
#2798 = DIRECTION ( 'NONE',  ( 0.000000000000000000, 0.000000000000000000, 1.000000000000000000 ) ) ;
#2799 = DIRECTION ( 'NONE',  ( 2.033782021272921061E-31, 5.176899690512889973E-31, 1.000000000000000000 ) ) ;
#2800 = EDGE_CURVE ( 'NONE', #2587, #4967, #3032, .T. ) ;
#2801 = CARTESIAN_POINT ( 'NONE',  ( 359.0000000000000000, 15.00000000000001421, 0.000000000000000000 ) ) ;
#2802 = ORIENTED_EDGE ( 'NONE', *, *, #7570, .F. ) ;
#2804 = EDGE_LOOP ( 'NONE', ( #8676, #1916, #6193, #138 ) ) ;
#2803 = CIRCLE ( 'NONE', #466, 2.500000000000002220 ) ;
#2805 = CARTESIAN_POINT ( 'NONE',  ( 0.000000000000000000, -1.553069907153868393E-30, -3.000000000000002665 ) ) ;
#2806 = ORIENTED_EDGE ( 'NONE', *, *, #955, .F. ) ;
#2807 = CARTESIAN_POINT ( 'NONE',  ( 68.00000000000008527, 241.0000000000002842, 9.000000000000007105 ) ) ;
#2808 = VERTEX_POINT ( 'NONE', #6711 ) ;
#2809 = CARTESIAN_POINT ( 'NONE',  ( 0.000000000000000000, 85.25000000000015632, 0.000000000000000000 ) ) ;
#2810 = EDGE_CURVE ( 'NONE', #5267, #4802, #435, .T. ) ;
#2811 = CARTESIAN_POINT ( 'NONE',  ( 41.50000000000002842, 51.49999999999999289, 15.00000000000001421 ) ) ;
#2812 = ORIENTED_EDGE ( 'NONE', *, *, #4738, .T. ) ;
#2814 = ORIENTED_EDGE ( 'NONE', *, *, #7958, .F. ) ;
#2813 = CIRCLE ( 'NONE', #3851, 4.000000000000003553 ) ;
#2815 = ADVANCED_FACE ( 'NONE', ( #5272 ), #8174, .F. ) ;
#2816 = ORIENTED_EDGE ( 'NONE', *, *, #1995, .T. ) ;
#2817 = EDGE_LOOP ( 'NONE', ( #3784, #1031, #660, #2109 ) ) ;
#2818 = VERTEX_POINT ( 'NONE', #2708 ) ;
#2819 = PRESENTATION_LAYER_ASSIGNMENT (  '', '', ( #5100 ) ) ;
#2820 = CARTESIAN_POINT ( 'NONE',  ( 314.0000000000003979, 235.0000000000003695, 9.000000000000007105 ) ) ;
#2821 = DIRECTION ( 'NONE',  ( -0.000000000000000000, 0.000000000000000000, 1.000000000000000000 ) ) ;
#2822 = DIRECTION ( 'NONE',  ( 0.000000000000000000, 0.000000000000000000, 1.000000000000000000 ) ) ;
#2823 = VECTOR ( 'NONE', #7517, 1000.000000000000000 ) ;
#2825 = ORIENTED_EDGE ( 'NONE', *, *, #3321, .F. ) ;
#2824 = VECTOR ( 'NONE', #9482, 1000.000000000000000 ) ;
#2826 = ADVANCED_FACE ( 'NONE', ( #6504 ), #3551, .F. ) ;
#2827 = AXIS2_PLACEMENT_3D ( 'NONE', #7172, #2396, #6336 ) ;
#2828 = EDGE_LOOP ( 'NONE', ( #6936, #4478, #8485, #3029, #2952, #9740 ) ) ;
#2829 = DIRECTION ( 'NONE',  ( -1.000000000000000000, 0.000000000000000000, 0.000000000000000000 ) ) ;
#2830 = DIRECTION ( 'NONE',  ( 1.000000000000000000, -7.590943252506637819E-32, -2.033782021272921061E-31 ) ) ;
#2831 = VECTOR ( 'NONE', #4780, 1000.000000000000000 ) ;
#2832 = EDGE_CURVE ( 'NONE', #8786, #3141, #2046, .T. ) ;
#2833 = ORIENTED_EDGE ( 'NONE', *, *, #8018, .F. ) ;
#2834 = AXIS2_PLACEMENT_3D ( 'NONE', #2960, #620, #9320 ) ;
#2835 = EDGE_LOOP ( 'NONE', ( #7832, #4674, #6804, #5339 ) ) ;
#2836 = EDGE_LOOP ( 'NONE', ( #9308, #4321, #2936, #2598 ) ) ;
#2837 = PLANE ( 'NONE',  #5696 ) ;
#2838 = DIRECTION ( 'NONE',  ( 7.590943252506637819E-32, -1.000000000000000000, -5.176899690512889973E-31 ) ) ;
#2839 = EDGE_CURVE ( 'NONE', #3906, #4172, #9942, .T. ) ;
#2840 = EDGE_LOOP ( 'NONE', ( #113, #8518 ) ) ;
#2841 = ORIENTED_EDGE ( 'NONE', *, *, #3554, .T. ) ;
#2842 = ORIENTED_EDGE ( 'NONE', *, *, #9133, .F. ) ;
#2843 = DIRECTION ( 'NONE',  ( -1.000000000000000000, 7.590943252506637819E-32, 2.033782021272921061E-31 ) ) ;
#2844 = AXIS2_PLACEMENT_3D ( 'NONE', #2500, #68, #8787 ) ;
#2845 = EDGE_CURVE ( 'NONE', #8483, #1661, #8968, .T. ) ;
#2846 = CARTESIAN_POINT ( 'NONE',  ( 821.0000000000000000, 237.9999999999999716, 15.00000000000001421 ) ) ;
#2848 = VERTEX_POINT ( 'NONE', #1983 ) ;
#2847 = CIRCLE ( 'NONE', #9146, 4.000000000000003553 ) ;
#2849 = EDGE_CURVE ( 'NONE', #218, #3199, #2541, .T. ) ;
#2850 = ORIENTED_EDGE ( 'NONE', *, *, #203, .T. ) ;
#2851 = LINE ( 'NONE', #1479, #5845 ) ;
#2852 = DIRECTION ( 'NONE',  ( 2.609204460588635816E-49, 0.000000000000000000, -1.000000000000000000 ) ) ;
#2853 = CARTESIAN_POINT ( 'NONE',  ( 26.76629254899664190, 241.5140969250448393, -9.756911179330455042 ) ) ;
#2854 = ORIENTED_EDGE ( 'NONE', *, *, #7016, .F. ) ;
#2855 = CARTESIAN_POINT ( 'NONE',  ( 27.05981641823492012, 54.34436517637187336, 8.473587390721931456 ) ) ;
#2856 = AXIS2_PLACEMENT_3D ( 'NONE', #1028, #6553, #3294 ) ;
#2857 = UNCERTAINTY_MEASURE_WITH_UNIT (LENGTH_MEASURE( 1.000000000000000082E-05 ), #3694, 'distance_accuracy_value', 'NONE');
#2858 = DIRECTION ( 'NONE',  ( 2.033782021272921061E-31, 5.176899690512889973E-31, 1.000000000000000000 ) ) ;
#2859 = EDGE_CURVE ( 'NONE', #2356, #3719, #5022, .T. ) ;
#2860 = FACE_OUTER_BOUND ( 'NONE', #4238, .T. ) ;
#2861 = DIRECTION ( 'NONE',  ( -0.000000000000000000, 0.000000000000000000, 1.000000000000000000 ) ) ;
#2862 = DIRECTION ( 'NONE',  ( 3.136292949173481922E-19, 1.387778780781445676E-17, -1.000000000000000000 ) ) ;
#2863 = CIRCLE ( 'NONE', #9131, 2.499999999999946709 ) ;
#2864 = AXIS2_PLACEMENT_3D ( 'NONE', #1453, #1486, #7091 ) ;
#2865 = DIRECTION ( 'NONE',  ( -1.941925118803053938E-33, 0.000000000000000000, -1.000000000000000000 ) ) ;
#2866 = VERTEX_POINT ( 'NONE', #2873 ) ;
#2867 = CARTESIAN_POINT ( 'NONE',  ( 332.4999999999998863, 147.5000000000000853, 11.50000000000001066 ) ) ;
#2868 = ADVANCED_FACE ( 'NONE', ( #7253 ), #8109, .F. ) ;
#2869 = CARTESIAN_POINT ( 'NONE',  ( 310.0000000000003411, 49.00000000000004263, 15.00000000000001421 ) ) ;
#2870 = DIRECTION ( 'NONE',  ( 1.000000000000000000, 2.041077998578924066E-17, 1.624335346205397848E-33 ) ) ;
#2871 = LINE ( 'NONE', #1230, #3001 ) ;
#2872 = VECTOR ( 'NONE', #8830, 1000.000000000000000 ) ;
#2873 = CARTESIAN_POINT ( 'NONE',  ( 6.938893903907228378E-15, 129.8750000000000853, -3.469446951953614189E-15 ) ) ;
#2874 = CIRCLE ( 'NONE', #1782, 3.000000000000002665 ) ;
#2875 = ORIENTED_EDGE ( 'NONE', *, *, #3743, .F. ) ;
#2876 = ADVANCED_FACE ( 'NONE', ( #4148 ), #4483, .F. ) ;
#2877 = CARTESIAN_POINT ( 'NONE',  ( 26.53876507417225383, 244.2861226428269390, -4.598049040410638888 ) ) ;
#2878 = CARTESIAN_POINT ( 'NONE',  ( 793.9999999999997726, 237.9999999999999432, 15.00000000000001599 ) ) ;
#2879 = CARTESIAN_POINT ( 'NONE',  ( 357.4999999999998863, 51.49999999999999289, 3.000000000000002665 ) ) ;
#2880 = CYLINDRICAL_SURFACE ( 'NONE', #3575, 2.499999999999946709 ) ;
#2881 = LINE ( 'NONE', #9062, #8821 ) ;
#2882 = EDGE_LOOP ( 'NONE', ( #7567, #8353, #2833, #2513 ) ) ;
#2883 = DIRECTION ( 'NONE',  ( 2.033782021272921061E-31, 5.176899690512889973E-31, 1.000000000000000000 ) ) ;
#2884 = ORIENTED_EDGE ( 'NONE', *, *, #7838, .T. ) ;
#2885 = DIRECTION ( 'NONE',  ( 5.600273556634000138E-19, 1.000000000000000000, 1.387778780781445676E-17 ) ) ;
#2886 = DIRECTION ( 'NONE',  ( 2.033782021272921061E-31, -5.176899690512889973E-31, -1.000000000000000000 ) ) ;
#2887 = CARTESIAN_POINT ( 'NONE',  ( 376.0000000000000000, 178.5000000000002274, 4.000000000000003553 ) ) ;
#2888 = ADVANCED_FACE ( 'NONE', ( #3654 ), #939, .F. ) ;
#2889 = CARTESIAN_POINT ( 'NONE',  ( 107.4964237680542141, 120.0000000000000000, 0.000000000000000000 ) ) ;
#2890 = CIRCLE ( 'NONE', #6214, 3.000000000000002665 ) ;
#2891 = ORIENTED_EDGE ( 'NONE', *, *, #6913, .F. ) ;
#2892 = AXIS2_PLACEMENT_3D ( 'NONE', #4650, #5486, #4725 ) ;
#2893 = DIRECTION ( 'NONE',  ( 1.000000000000000000, 0.000000000000000000, 0.000000000000000000 ) ) ;
#2894 = VERTEX_POINT ( 'NONE', #3745 ) ;
#2895 = CARTESIAN_POINT ( 'NONE',  ( 0.000000000000000000, 0.000000000000000000, 2.999999999999891642 ) ) ;
#2896 = DIRECTION ( 'NONE',  ( 1.000000000000000000, 3.652049423109067334E-16, -0.000000000000000000 ) ) ;
#2897 = CARTESIAN_POINT ( 'NONE',  ( 376.0000000000000000, 0.000000000000000000, 15.00000000000001421 ) ) ;
#2898 = LINE ( 'NONE', #6773, #7369 ) ;
#2899 = PLANE ( 'NONE',  #4020 ) ;
#2900 = VECTOR ( 'NONE', #756, 1000.000000000000000 ) ;
#2901 = ORIENTED_EDGE ( 'NONE', *, *, #8765, .F. ) ;
#2902 = EDGE_CURVE ( 'NONE', #8389, #1451, #7855, .T. ) ;
#2903 = FILL_AREA_STYLE_COLOUR ( '', #7010 ) ;
#2904 = DIRECTION ( 'NONE',  ( 1.000000000000000000, -7.590943252506637819E-32, 2.033782021272921061E-31 ) ) ;
#2905 = AXIS2_PLACEMENT_3D ( 'NONE', #819, #6343, #6523 ) ;
#2906 = CARTESIAN_POINT ( 'NONE',  ( 26.72584321241367888, 245.3341301085208954, -5.118039001183991132 ) ) ;
#2907 = EDGE_CURVE ( 'NONE', #2194, #3915, #5408, .T. ) ;
#2908 = FACE_OUTER_BOUND ( 'NONE', #10242, .T. ) ;
#2909 = CARTESIAN_POINT ( 'NONE',  ( 0.000000000000000000, 353.0000000000001705, 15.00000000000005507 ) ) ;
#2910 = LINE ( 'NONE', #4252, #1193 ) ;
#2911 = PRESENTATION_STYLE_ASSIGNMENT (( #9063 ) ) ;
#2912 = EDGE_LOOP ( 'NONE', ( #5651, #744, #7681, #9403 ) ) ;
#2913 = ORIENTED_EDGE ( 'NONE', *, *, #4410, .T. ) ;
#2914 = ORIENTED_EDGE ( 'NONE', *, *, #3657, .T. ) ;
#2915 =( GEOMETRIC_REPRESENTATION_CONTEXT ( 3 ) GLOBAL_UNCERTAINTY_ASSIGNED_CONTEXT ( ( #2738 ) ) GLOBAL_UNIT_ASSIGNED_CONTEXT ( ( #9259, #309, #4268 ) ) REPRESENTATION_CONTEXT ( 'NONE', 'WORKASPACE' ) );
#2916 = DIRECTION ( 'NONE',  ( 0.000000000000000000, 1.000000000000000000, 0.000000000000000000 ) ) ;
#2917 = EDGE_CURVE ( 'NONE', #6404, #4669, #8604, .T. ) ;
#2918 = CARTESIAN_POINT ( 'NONE',  ( 332.4441901530433370, 148.4226560968037631, 11.39441536424055990 ) ) ;
#2919 = CARTESIAN_POINT ( 'NONE',  ( 26.50000000000003197, 51.49999999999999289, -4.499999999999944045 ) ) ;
#2920 = ORIENTED_EDGE ( 'NONE', *, *, #2987, .T. ) ;
#2921 = CIRCLE ( 'NONE', #2455, 2.499999999999891198 ) ;
#2922 = PRESENTATION_LAYER_ASSIGNMENT (  '', '', ( #4194 ) ) ;
#2923 = VERTEX_POINT ( 'NONE', #455 ) ;
#2924 = DIRECTION ( 'NONE',  ( -0.000000000000000000, 0.000000000000000000, 1.000000000000000000 ) ) ;
#2925 = EDGE_CURVE ( 'NONE', #4967, #2587, #4905, .T. ) ;
#2926 = ADVANCED_FACE ( 'NONE', ( #4409, #1553, #9097, #1310, #9693, #3153, #8849, #1068, #6255, #7125, #6870, #9822, #7724, #3544, #7000, #1191 ), #4414, .T. ) ;
#2927 = DIRECTION ( 'NONE',  ( -1.000000000000000000, 0.000000000000000000, 0.000000000000000000 ) ) ;
#2928 = ORIENTED_EDGE ( 'NONE', *, *, #10188, .F. ) ;
#2929 = ORIENTED_EDGE ( 'NONE', *, *, #3513, .F. ) ;
#2930 = CARTESIAN_POINT ( 'NONE',  ( 453.5000000000000568, 243.5000000000000000, 3.000000000000002665 ) ) ;
#2932 = VERTEX_POINT ( 'NONE', #8347 ) ;
#2931 = CIRCLE ( 'NONE', #5257, 2.499999999999946709 ) ;
#2933 = CARTESIAN_POINT ( 'NONE',  ( 359.0000000000000000, 0.000000000000000000, -275.0000000000000000 ) ) ;
#2934 = EDGE_CURVE ( 'NONE', #1583, #4948, #6492, .T. ) ;
#2935 = CARTESIAN_POINT ( 'NONE',  ( 27.12608353313106591, 48.50012126514193511, 7.699902025549362428 ) ) ;
#2936 = ORIENTED_EDGE ( 'NONE', *, *, #2011, .F. ) ;
#2937 = DIRECTION ( 'NONE',  ( 1.000000000000000000, 0.000000000000000000, -0.000000000000000000 ) ) ;
#2938 = VECTOR ( 'NONE', #2769, 1000.000000000000000 ) ;
#2939 = ADVANCED_FACE ( 'NONE', ( #2412 ), #4447, .T. ) ;
#2940 = DIRECTION ( 'NONE',  ( 1.000000000000000000, 0.000000000000000000, 0.000000000000000000 ) ) ;
#2941 = FACE_OUTER_BOUND ( 'NONE', #8759, .T. ) ;
#2943 = VERTEX_POINT ( 'NONE', #7622 ) ;
#2942 = FACE_OUTER_BOUND ( 'NONE', #4463, .T. ) ;
#2944 = CARTESIAN_POINT ( 'NONE',  ( 1055.000000000000000, 243.5000000000000000, 7.499999999999949374 ) ) ;
#2945 = EDGE_LOOP ( 'NONE', ( #3308, #6273 ) ) ;
#2946 = ORIENTED_EDGE ( 'NONE', *, *, #8439, .T. ) ;
#2947 = CIRCLE ( 'NONE', #2999, 3.000000000000002665 ) ;
#2949 = ORIENTED_EDGE ( 'NONE', *, *, #4717, .T. ) ;
#2948 = LINE ( 'NONE', #7848, #5079 ) ;
#2950 = DIRECTION ( 'NONE',  ( -1.000000000000000000, 7.590943252506637819E-32, 2.033782021272921061E-31 ) ) ;
#2951 = AXIS2_PLACEMENT_3D ( 'NONE', #4856, #1729, #937 ) ;
#2952 = ORIENTED_EDGE ( 'NONE', *, *, #8423, .F. ) ;
#2953 = DIRECTION ( 'NONE',  ( 1.000000000000000000, 0.000000000000000000, 0.000000000000000000 ) ) ;
#2954 = ORIENTED_EDGE ( 'NONE', *, *, #2859, .T. ) ;
#2955 = PLANE ( 'NONE',  #7565 ) ;
#2956 = EDGE_LOOP ( 'NONE', ( #4084, #2233, #8911, #2456 ) ) ;
#2957 = LINE ( 'NONE', #8874, #4952 ) ;
#2958 = ORIENTED_EDGE ( 'NONE', *, *, #9286, .F. ) ;
#2959 = ORIENTED_EDGE ( 'NONE', *, *, #5350, .T. ) ;
#2960 = CARTESIAN_POINT ( 'NONE',  ( 455.9999999999999432, 243.5000000000000000, 15.00000000000001599 ) ) ;
#2961 = ORIENTED_EDGE ( 'NONE', *, *, #1605, .T. ) ;
#2962 = EDGE_CURVE ( 'NONE', #569, #3283, #556, .T. ) ;
#2963 = PLANE ( 'NONE',  #3520 ) ;
#2964 = AXIS2_PLACEMENT_3D ( 'NONE', #7398, #1867, #9556 ) ;
#2965 = ORIENTED_EDGE ( 'NONE', *, *, #5534, .T. ) ;
#2966 = CARTESIAN_POINT ( 'NONE',  ( 34.00000000000009948, 49.00000000000004263, 0.000000000000000000 ) ) ;
#2967 = CARTESIAN_POINT ( 'NONE',  ( 333.9999999999999432, 48.50000000000001421, 7.500000000000007105 ) ) ;
#2968 = AXIS2_PLACEMENT_3D ( 'NONE', #3036, #8609, #9355 ) ;
#2969 = CARTESIAN_POINT ( 'NONE',  ( 458.4999999999998295, 51.49999999999999289, 3.000000000000002665 ) ) ;
#2971 = ORIENTED_EDGE ( 'NONE', *, *, #7908, .F. ) ;
#2970 = VECTOR ( 'NONE', #7234, 1000.000000000000000 ) ;
#2972 = EDGE_LOOP ( 'NONE', ( #7763, #5189, #4809, #5283 ) ) ;
#2973 = CIRCLE ( 'NONE', #7683, 2.499999999999891198 ) ;
#2974 = DIRECTION ( 'NONE',  ( 2.033782021272921061E-31, 5.176899690512889973E-31, 1.000000000000000000 ) ) ;
#2975 =( NAMED_UNIT ( * ) SI_UNIT ( $, .STERADIAN. ) SOLID_ANGLE_UNIT ( ) );
#2976 = ORIENTED_EDGE ( 'NONE', *, *, #5592, .T. ) ;
#2977 = ORIENTED_EDGE ( 'NONE', *, *, #6990, .F. ) ;
#2978 = ADVANCED_FACE ( 'NONE', ( #10185 ), #5887, .F. ) ;
#2979 = CARTESIAN_POINT ( 'NONE',  ( 390.0000000000000000, -6.162975822039154730E-30, 14.99999999999990230 ) ) ;
#2980 = AXIS2_PLACEMENT_3D ( 'NONE', #5741, #2480, #2438 ) ;
#2981 = CYLINDRICAL_SURFACE ( 'NONE', #7894, 2.499999999999946709 ) ;
#2982 = VECTOR ( 'NONE', #7129, 1000.000000000000000 ) ;
#2983 = DIRECTION ( 'NONE',  ( -0.000000000000000000, 0.000000000000000000, 1.000000000000000000 ) ) ;
#2984 = ORIENTED_EDGE ( 'NONE', *, *, #5908, .T. ) ;
#2985 = EDGE_CURVE ( 'NONE', #7492, #1950, #4897, .T. ) ;
#2986 = DIRECTION ( 'NONE',  ( -2.609204460588635816E-49, 0.000000000000000000, 1.000000000000000000 ) ) ;
#2987 = EDGE_CURVE ( 'NONE', #9300, #5226, #8102, .T. ) ;
#2988 = CARTESIAN_POINT ( 'NONE',  ( 378.0000000000000000, 51.49999999999999289, 15.00000000000001421 ) ) ;
#2989 = LINE ( 'NONE', #3037, #8566 ) ;
#2990 = CARTESIAN_POINT ( 'NONE',  ( 332.0194444435503556, 150.1486909830507841, 10.50831425655692719 ) ) ;
#2991 = CARTESIAN_POINT ( 'NONE',  ( 983.4999999999998863, 237.9999999999999432, 13.00000000000001421 ) ) ;
#2992 = FACE_BOUND ( 'NONE', #8502, .T. ) ;
#2993 = ADVANCED_FACE ( 'NONE', ( #7717 ), #3535, .F. ) ;
#2994 = ORIENTED_EDGE ( 'NONE', *, *, #5273, .F. ) ;
#2995 = PRESENTATION_LAYER_ASSIGNMENT (  '', '', ( #5999 ) ) ;
#2996 = DIRECTION ( 'NONE',  ( 2.033782021272921061E-31, 5.176899690512889973E-31, 1.000000000000000000 ) ) ;
#2997 = EDGE_CURVE ( 'NONE', #8920, #7656, #1429, .T. ) ;
#2998 = CARTESIAN_POINT ( 'NONE',  ( 268.0000000000003411, 49.00000000000004263, 9.000000000000007105 ) ) ;
#2999 = AXIS2_PLACEMENT_3D ( 'NONE', #346, #5108, #5833 ) ;
#3000 = DIRECTION ( 'NONE',  ( -1.000000000000000000, 0.000000000000000000, 0.000000000000000000 ) ) ;
#3001 = VECTOR ( 'NONE', #7584, 1000.000000000000000 ) ;
#3002 = LINE ( 'NONE', #9686, #914 ) ;
#3003 = DIRECTION ( 'NONE',  ( -0.5562429573907914371, -0.8310197183900909224, -0.000000000000000000 ) ) ;
#3004 = FACE_OUTER_BOUND ( 'NONE', #1421, .T. ) ;
#3005 = CARTESIAN_POINT ( 'NONE',  ( 375.9999999999999432, 89.25000000000005684, 3.999999999999996447 ) ) ;
#3006 = ORIENTED_EDGE ( 'NONE', *, *, #3883, .F. ) ;
#3007 = CARTESIAN_POINT ( 'NONE',  ( 6.938893903907228378E-15, 133.8750000000001990, 4.000000000000003553 ) ) ;
#3008 = CARTESIAN_POINT ( 'NONE',  ( 26.61746128433162184, 50.16529779608406869, 4.806166210012619899 ) ) ;
#3009 =( NAMED_UNIT ( * ) SI_UNIT ( $, .STERADIAN. ) SOLID_ANGLE_UNIT ( ) );
#3010 = EDGE_CURVE ( 'NONE', #901, #1963, #8348, .T. ) ;
#3011 = FILL_AREA_STYLE_COLOUR ( '', #6679 ) ;
#3012 = FACE_OUTER_BOUND ( 'NONE', #3673, .T. ) ;
#3013 = CARTESIAN_POINT ( 'NONE',  ( 92.00000000000000000, 336.0000000000000568, 3.000000000000051070 ) ) ;
#3014 = VECTOR ( 'NONE', #8653, 1000.000000000000000 ) ;
#3015 = ORIENTED_EDGE ( 'NONE', *, *, #3835, .F. ) ;
#3016 = CARTESIAN_POINT ( 'NONE',  ( 331.5870743129737548, 143.9120080300468203, 9.286974481717443552 ) ) ;
#3017 = PRESENTATION_STYLE_ASSIGNMENT (( #7738 ) ) ;
#3018 = DIRECTION ( 'NONE',  ( 2.033782021272921061E-31, 5.176899690512889973E-31, 1.000000000000000000 ) ) ;
#3019 = CARTESIAN_POINT ( 'NONE',  ( 0.000000000000000000, 0.000000000000000000, 0.000000000000000000 ) ) ;
#3020 = ORIENTED_EDGE ( 'NONE', *, *, #5523, .F. ) ;
#3021 = CARTESIAN_POINT ( 'NONE',  ( 384.4999999999997726, 243.5000000000000000, 3.000000000000113687 ) ) ;
#3022 = VECTOR ( 'NONE', #10045, 1000.000000000000000 ) ;
#3023 = DIRECTION ( 'NONE',  ( -2.033782021272921061E-31, -5.176899690512889973E-31, 1.000000000000000000 ) ) ;
#3024 = FACE_BOUND ( 'NONE', #3282, .T. ) ;
#3025 = ORIENTED_EDGE ( 'NONE', *, *, #9341, .F. ) ;
#3026 = AXIS2_PLACEMENT_3D ( 'NONE', #8, #5586, #918 ) ;
#3027 = CARTESIAN_POINT ( 'NONE',  ( 332.4999999999998295, 147.7667202123573986, 11.50000000000001776 ) ) ;
#3028 = DIRECTION ( 'NONE',  ( -0.000000000000000000, 0.000000000000000000, 1.000000000000000000 ) ) ;
#3029 = ORIENTED_EDGE ( 'NONE', *, *, #2379, .F. ) ;
#3030 = DIRECTION ( 'NONE',  ( 1.000000000000000000, 0.000000000000000000, 0.000000000000000000 ) ) ;
#3031 = CARTESIAN_POINT ( 'NONE',  ( 261.4999999999999432, 243.5000000000000000, 15.00000000000001599 ) ) ;
#3032 = CIRCLE ( 'NONE', #6087, 4.000000000000003553 ) ;
#3033 = AXIS2_PLACEMENT_3D ( 'NONE', #6819, #6120, #9288 ) ;
#3034 = DIRECTION ( 'NONE',  ( 1.000000000000000000, 0.000000000000000000, 0.000000000000000000 ) ) ;
#3035 = VECTOR ( 'NONE', #4196, 1000.000000000000000 ) ;
#3036 = CARTESIAN_POINT ( 'NONE',  ( 263.9999999999998863, 243.5000000000000000, 3.000000000000002665 ) ) ;
#3037 = CARTESIAN_POINT ( 'NONE',  ( 375.9999999999999432, 89.25000000000005684, 3.999999999999996447 ) ) ;
#3038 = DIRECTION ( 'NONE',  ( -0.000000000000000000, 0.000000000000000000, 1.000000000000000000 ) ) ;
#3039 = DIRECTION ( 'NONE',  ( -1.000000000000000000, 0.000000000000000000, 0.000000000000000000 ) ) ;
#3040 = EDGE_CURVE ( 'NONE', #9827, #9651, #7972, .T. ) ;
#3041 = CARTESIAN_POINT ( 'NONE',  ( 376.0000000000000000, 353.0000000000001705, -6.938893903907228378E-15 ) ) ;
#3042 = CYLINDRICAL_SURFACE ( 'NONE', #2336, 13.00000000000001066 ) ;
#3043 = ADVANCED_FACE ( 'NONE', ( #1791 ), #5520, .F. ) ;
#3044 = CARTESIAN_POINT ( 'NONE',  ( 284.0000000000000568, 336.0000000000001705, 15.00000000000001421 ) ) ;
#3045 = ORIENTED_EDGE ( 'NONE', *, *, #2580, .F. ) ;
#3046 = UNCERTAINTY_MEASURE_WITH_UNIT (LENGTH_MEASURE( 1.000000000000000082E-05 ), #5934, 'distance_accuracy_value', 'NONE');
#3047 = CARTESIAN_POINT ( 'NONE',  ( 728.0000000000001137, 147.5000000000000000, -15.00000000000001599 ) ) ;
#3048 = EDGE_CURVE ( 'NONE', #4090, #2059, #2775, .T. ) ;
#3049 = CARTESIAN_POINT ( 'NONE',  ( 332.0180923321900082, 144.8477427269296811, 10.50517054499701430 ) ) ;
#3050 = DIRECTION ( 'NONE',  ( 0.000000000000000000, -1.000000000000000000, 0.000000000000000000 ) ) ;
#3051 = ORIENTED_EDGE ( 'NONE', *, *, #8293, .F. ) ;
#3053 = EDGE_LOOP ( 'NONE', ( #2177, #2365, #4848, #4071 ) ) ;
#3052 = LINE ( 'NONE', #4978, #4562 ) ;
#3054 =( GEOMETRIC_REPRESENTATION_CONTEXT ( 3 ) GLOBAL_UNCERTAINTY_ASSIGNED_CONTEXT ( ( #3177 ) ) GLOBAL_UNIT_ASSIGNED_CONTEXT ( ( #9807, #8264, #3543 ) ) REPRESENTATION_CONTEXT ( 'NONE', 'WORKASPACE' ) );
#3055 = VERTEX_POINT ( 'NONE', #5383 ) ;
#3056 = DIRECTION ( 'NONE',  ( -0.000000000000000000, 0.000000000000000000, 1.000000000000000000 ) ) ;
#3057 = EDGE_LOOP ( 'NONE', ( #3684, #9124, #1758, #10224 ) ) ;
#3058 = EDGE_CURVE ( 'NONE', #5248, #8630, #9570, .T. ) ;
#3059 = CARTESIAN_POINT ( 'NONE',  ( 332.0183263918111720, 150.1516362545231686, 4.494287997055458561 ) ) ;
#3060 = CARTESIAN_POINT ( 'NONE',  ( 68.00000000000008527, 241.0000000000002842, 15.00000000000001421 ) ) ;
#3061 = MECHANICAL_DESIGN_GEOMETRIC_PRESENTATION_REPRESENTATION (  '', ( #4127 ), #4666 ) ;
#3062 = CARTESIAN_POINT ( 'NONE',  ( 35.84317321985053439, 125.0000000000000000, 21.00000000000000000 ) ) ;
#3063 = EDGE_CURVE ( 'NONE', #5052, #2236, #930, .T. ) ;
#3064 = CIRCLE ( 'NONE', #5564, 2.499999999999946709 ) ;
#3066 = EDGE_LOOP ( 'NONE', ( #47, #296 ) ) ;
#3065 = LINE ( 'NONE', #3741, #8138 ) ;
#3067 = ORIENTED_EDGE ( 'NONE', *, *, #8807, .F. ) ;
#3068 = ORIENTED_EDGE ( 'NONE', *, *, #7893, .F. ) ;
#3069 = ORIENTED_EDGE ( 'NONE', *, *, #3040, .F. ) ;
#3070 = DIRECTION ( 'NONE',  ( 3.136292949173481922E-19, 1.387778780781445676E-17, -1.000000000000000000 ) ) ;
#3071 = DIRECTION ( 'NONE',  ( 1.000000000000000000, 0.000000000000000000, 1.941925118803053938E-33 ) ) ;
#3072 = LINE ( 'NONE', #1129, #2823 ) ;
#3073 = FILL_AREA_STYLE ('',( #7812 ) ) ;
#3074 = CARTESIAN_POINT ( 'NONE',  ( 26.50000000000003553, 243.6973339409151720, 4.499999999999944045 ) ) ;
#3075 = EDGE_LOOP ( 'NONE', ( #6798, #2487, #3845, #4510 ) ) ;
#3076 = EDGE_CURVE ( 'NONE', #9898, #1375, #6989, .T. ) ;
#3077 = ORIENTED_EDGE ( 'NONE', *, *, #5786, .F. ) ;
#3078 = DIRECTION ( 'NONE',  ( -1.000000000000000000, 0.000000000000000000, 0.000000000000000000 ) ) ;
#3079 = SURFACE_STYLE_USAGE ( .BOTH. , #7779 ) ;
#3080 = CARTESIAN_POINT ( 'NONE',  ( 8.000000000000007105, 243.5000000000000000, 15.00000000000001421 ) ) ;
#3081 = LINE ( 'NONE', #5879, #4588 ) ;
#3082 = CARTESIAN_POINT ( 'NONE',  ( 26.00000000000006040, 49.00000000000004263, 15.00000000000001421 ) ) ;
#3083 = CARTESIAN_POINT ( 'NONE',  ( 332.2866928170454912, 145.7071429059971592, 3.914816764090801815 ) ) ;
#3084 = EDGE_LOOP ( 'NONE', ( #755, #2914, #252, #1895 ) ) ;
#3085 = DIRECTION ( 'NONE',  ( 1.000000000000000000, 0.000000000000000000, 0.000000000000000000 ) ) ;
#3086 = DIRECTION ( 'NONE',  ( 3.136292949173481922E-19, -1.387778780781445676E-17, 1.000000000000000000 ) ) ;
#3087 = DIRECTION ( 'NONE',  ( 2.033782021272921061E-31, 5.176899690512889973E-31, 1.000000000000000000 ) ) ;
#3088 = VERTEX_POINT ( 'NONE', #633 ) ;
#3089 = CARTESIAN_POINT ( 'NONE',  ( 1095.000000000000000, 2.307652204411941523E-14, 15.00000000000001599 ) ) ;
#3091 = EDGE_LOOP ( 'NONE', ( #2802, #649, #8594, #10108 ) ) ;
#3090 = CIRCLE ( 'NONE', #22, 4.000000000000003553 ) ;
#3092 = ORIENTED_EDGE ( 'NONE', *, *, #1366, .F. ) ;
#3093 = ORIENTED_EDGE ( 'NONE', *, *, #1628, .F. ) ;
#3094 = CARTESIAN_POINT ( 'NONE',  ( 379.5000000000000000, 51.49999999999999289, 14.99999999999990230 ) ) ;
#3095 = ORIENTED_EDGE ( 'NONE', *, *, #10206, .F. ) ;
#3096 = DIRECTION ( 'NONE',  ( 0.000000000000000000, 0.000000000000000000, 1.000000000000000000 ) ) ;
#3097 = ORIENTED_EDGE ( 'NONE', *, *, #6738, .F. ) ;
#3098 = ADVANCED_FACE ( 'NONE', ( #5396 ), #9435, .F. ) ;
#3099 = PRODUCT_DEFINITION_SHAPE ( 'NONE', 'NONE',  #10248 ) ;
#3100 = CARTESIAN_POINT ( 'NONE',  ( 26.53853299045595904, 50.71637337832065384, -10.40254392629214664 ) ) ;
#3102 = EDGE_LOOP ( 'NONE', ( #5436, #7272 ) ) ;
#3101 = CYLINDRICAL_SURFACE ( 'NONE', #953, 4.000000000000023981 ) ;
#3103 = EDGE_CURVE ( 'NONE', #10219, #1929, #7847, .T. ) ;
#3104 = ORIENTED_EDGE ( 'NONE', *, *, #4717, .F. ) ;
#3105 = LINE ( 'NONE', #468, #4103 ) ;
#3106 = CARTESIAN_POINT ( 'NONE',  ( 266.4999999999998295, 51.49999999999999289, 15.00000000000001599 ) ) ;
#3107 = ORIENTED_EDGE ( 'NONE', *, *, #4646, .F. ) ;
#3108 = ORIENTED_EDGE ( 'NONE', *, *, #4857, .T. ) ;
#3109 = PLANE ( 'NONE',  #2106 ) ;
#3110 = CARTESIAN_POINT ( 'NONE',  ( 42.84317321985053439, 125.0000000000000000, 7.499999999999999112 ) ) ;
#3111 = CARTESIAN_POINT ( 'NONE',  ( 458.4999999999998295, 51.49999999999999289, 15.00000000000001599 ) ) ;
#3112 = AXIS2_PLACEMENT_3D ( 'NONE', #5757, #1159, #7476 ) ;
#3113 = CARTESIAN_POINT ( 'NONE',  ( 268.0000000000003411, 49.00000000000004263, 0.000000000000000000 ) ) ;
#3114 = EDGE_CURVE ( 'NONE', #9300, #5411, #3279, .T. ) ;
#3115 = DIRECTION ( 'NONE',  ( -0.000000000000000000, 0.000000000000000000, 1.000000000000000000 ) ) ;
#3116 = SURFACE_STYLE_USAGE ( .BOTH. , #4549 ) ;
#3117 = VECTOR ( 'NONE', #2350, 1000.000000000000000 ) ;
#3118 = ORIENTED_EDGE ( 'NONE', *, *, #9664, .T. ) ;
#3119 = CARTESIAN_POINT ( 'NONE',  ( 4.000000000000003553, 243.5000000000000000, 15.00000000000001421 ) ) ;
#3120 = CARTESIAN_POINT ( 'NONE',  ( 92.00000000000000000, 336.0000000000002842, 15.00000000000000711 ) ) ;
#3121 = DIRECTION ( 'NONE',  ( -0.000000000000000000, -0.000000000000000000, -1.000000000000000000 ) ) ;
#3122 = EDGE_CURVE ( 'NONE', #9321, #1299, #6365, .T. ) ;
#3123 = CARTESIAN_POINT ( 'NONE',  ( 93.00000000000002842, 147.5000000000000000, 5.000000000000004441 ) ) ;
#3124 = VECTOR ( 'NONE', #6545, 1000.000000000000000 ) ;
#3125 = AXIS2_PLACEMENT_3D ( 'NONE', #3829, #5401, #6947 ) ;
#3126 = EDGE_CURVE ( 'NONE', #9898, #2079, #4524, .T. ) ;
#3127 = LINE ( 'NONE', #768, #3382 ) ;
#3128 = VERTEX_POINT ( 'NONE', #1665 ) ;
#3129 = DIRECTION ( 'NONE',  ( 0.000000000000000000, 0.000000000000000000, -1.000000000000000000 ) ) ;
#3130 = DIRECTION ( 'NONE',  ( -1.000000000000000000, 0.000000000000000000, 0.000000000000000000 ) ) ;
#3131 = DIRECTION ( 'NONE',  ( 2.033782021272921061E-31, 5.176899690512889973E-31, -1.000000000000000000 ) ) ;
#3132 = DIRECTION ( 'NONE',  ( 2.609204460588635816E-49, 0.000000000000000000, -1.000000000000000000 ) ) ;
#3133 = PRODUCT_DEFINITION_FORMATION_WITH_SPECIFIED_SOURCE ( 'ANY', '', #5038, .NOT_KNOWN. ) ;
#3134 = ADVANCED_FACE ( 'NONE', ( #4400 ), #3985, .F. ) ;
#3135 = LINE ( 'NONE', #8806, #3636 ) ;
#3136 = FACE_OUTER_BOUND ( 'NONE', #9834, .T. ) ;
#3137 = ORIENTED_EDGE ( 'NONE', *, *, #7814, .F. ) ;
#3138 = SHAPE_REPRESENTATION_RELATIONSHIP ( 'NONE' , 'NONE' ,  #4486, #6486 ) ;
#3139 = EDGE_CURVE ( 'NONE', #1098, #4160, #4642, .T. ) ;
#3140 = CARTESIAN_POINT ( 'NONE',  ( 731.0000000000001137, 51.49999999999999289, 15.00000000000001599 ) ) ;
#3141 = VERTEX_POINT ( 'NONE', #7168 ) ;
#3142 = DIRECTION ( 'NONE',  ( 2.033782021272921061E-31, 5.176899690512889973E-31, 1.000000000000000000 ) ) ;
#3143 = DIRECTION ( 'NONE',  ( 2.033782021272921061E-31, -5.176899690512889973E-31, -1.000000000000000000 ) ) ;
#3144 = COLOUR_RGB ( '',1.000000000000000000, 1.000000000000000000, 1.000000000000000000 ) ;
#3145 = VECTOR ( 'NONE', #8970, 1000.000000000000000 ) ;
#3146 = ORIENTED_EDGE ( 'NONE', *, *, #3386, .T. ) ;
#3147 = DIRECTION ( 'NONE',  ( 1.000000000000000000, 0.000000000000000000, 3.885780586188047891E-16 ) ) ;
#3148 = ORIENTED_EDGE ( 'NONE', *, *, #2341, .T. ) ;
#3149 = ADVANCED_FACE ( 'NONE', ( #5760 ), #176, .F. ) ;
#3150 = DIRECTION ( 'NONE',  ( -0.000000000000000000, 0.000000000000000000, 1.000000000000000000 ) ) ;
#3151 = CARTESIAN_POINT ( 'NONE',  ( 0.000000000000000000, 0.000000000000000000, 0.000000000000000000 ) ) ;
#3152 = DIRECTION ( 'NONE',  ( -2.033782021272921061E-31, -5.176899690512889973E-31, 1.000000000000000000 ) ) ;
#3153 = FACE_BOUND ( 'NONE', #2840, .T. ) ;
#3154 = CARTESIAN_POINT ( 'NONE',  ( 268.0000000000003411, 241.0000000000003411, 9.000000000000007105 ) ) ;
#3155 = DIRECTION ( 'NONE',  ( 1.000000000000000000, 0.000000000000000000, 0.000000000000000000 ) ) ;
#3156 = FACE_OUTER_BOUND ( 'NONE', #5582, .T. ) ;
#3157 = VERTEX_POINT ( 'NONE', #9500 ) ;
#3158 = SHAPE_REPRESENTATION_RELATIONSHIP ( 'NONE' , 'NONE' ,  #4607, #9514 ) ;
#3159 = AXIS2_PLACEMENT_3D ( 'NONE', #4185, #96, #8847 ) ;
#3160 = DIRECTION ( 'NONE',  ( 0.000000000000000000, 0.000000000000000000, -1.000000000000000000 ) ) ;
#3161 = DIRECTION ( 'NONE',  ( -0.000000000000000000, 0.000000000000000000, 1.000000000000000000 ) ) ;
#3162 = LINE ( 'NONE', #5114, #3663 ) ;
#3163 = AXIS2_PLACEMENT_3D ( 'NONE', #6864, #6104, #10046 ) ;
#3164 = CARTESIAN_POINT ( 'NONE',  ( 40.00000000000003553, 243.5000000000000000, -4.499999999999944933 ) ) ;
#3165 = LINE ( 'NONE', #3151, #2669 ) ;
#3166 = VERTEX_POINT ( 'NONE', #8817 ) ;
#3167 = DIRECTION ( 'NONE',  ( 1.000000000000000000, 0.000000000000000000, 0.000000000000000000 ) ) ;
#3168 = ORIENTED_EDGE ( 'NONE', *, *, #3731, .F. ) ;
#3169 = CARTESIAN_POINT ( 'NONE',  ( 823.4999999999998863, 237.9999999999999716, 15.00000000000001421 ) ) ;
#3170 = PRESENTATION_LAYER_ASSIGNMENT (  '', '', ( #9910 ) ) ;
#3171 = DIRECTION ( 'NONE',  ( -1.000000000000000000, 0.000000000000000000, 0.000000000000000000 ) ) ;
#3172 = EDGE_LOOP ( 'NONE', ( #9050, #8380 ) ) ;
#3173 = DIRECTION ( 'NONE',  ( 0.000000000000000000, -1.000000000000000000, 0.000000000000000000 ) ) ;
#3174 = FACE_OUTER_BOUND ( 'NONE', #4423, .T. ) ;
#3175 = EDGE_LOOP ( 'NONE', ( #7531, #6868, #3550, #5018 ) ) ;
#3176 = CARTESIAN_POINT ( 'NONE',  ( 261.4999999999999432, 243.5000000000000000, -15.00000000000001599 ) ) ;
#3177 = UNCERTAINTY_MEASURE_WITH_UNIT (LENGTH_MEASURE( 1.000000000000000082E-05 ), #9807, 'distance_accuracy_value', 'NONE');
#3178 = ORIENTED_EDGE ( 'NONE', *, *, #7881, .T. ) ;
#3179 = DIRECTION ( 'NONE',  ( -0.000000000000000000, 0.000000000000000000, 1.000000000000000000 ) ) ;
#3180 = DIRECTION ( 'NONE',  ( 9.832463480890426176E-18, -1.000000000000000000, -3.885780586188047891E-16 ) ) ;
#3181 = ORIENTED_EDGE ( 'NONE', *, *, #8729, .F. ) ;
#3182 = CARTESIAN_POINT ( 'NONE',  ( 1055.000000000000000, 51.49999999999999289, -7.499999999999949374 ) ) ;
#3183 = ORIENTED_EDGE ( 'NONE', *, *, #5577, .T. ) ;
#3185 = VERTEX_POINT ( 'NONE', #2361 ) ;
#3184 = VECTOR ( 'NONE', #8114, 1000.000000000000000 ) ;
#3186 = AXIS2_PLACEMENT_3D ( 'NONE', #5071, #7546, #6003 ) ;
#3187 = CARTESIAN_POINT ( 'NONE',  ( 376.0000000000000000, 312.3750000000000568, -3.469446951953614189E-15 ) ) ;
#3188 = EDGE_CURVE ( 'NONE', #3185, #4527, #1182, .T. ) ;
#3189 = EDGE_LOOP ( 'NONE', ( #9024, #6646, #5932, #4322 ) ) ;
#3190 = DIRECTION ( 'NONE',  ( 1.000000000000000000, 0.000000000000000000, 0.000000000000000000 ) ) ;
#3191 = ORIENTED_EDGE ( 'NONE', *, *, #5794, .T. ) ;
#3192 = EDGE_CURVE ( 'NONE', #5764, #3157, #2290, .T. ) ;
#3193 = CARTESIAN_POINT ( 'NONE',  ( 359.9999999999998863, 243.5000000000000000, 15.00000000000001599 ) ) ;
#3194 = DIRECTION ( 'NONE',  ( 3.136292949173481922E-19, 1.387778780781445676E-17, -1.000000000000000000 ) ) ;
#3195 = FACE_OUTER_BOUND ( 'NONE', #6015, .T. ) ;
#3196 = VECTOR ( 'NONE', #1197, 1000.000000000000000 ) ;
#3197 = AXIS2_PLACEMENT_3D ( 'NONE', #8023, #8814, #9462 ) ;
#3199 = VERTEX_POINT ( 'NONE', #3257 ) ;
#3198 = FACE_BOUND ( 'NONE', #6938, .T. ) ;
#3200 = CARTESIAN_POINT ( 'NONE',  ( 1055.000000000000000, 243.5000000000000000, 10.49999999999995381 ) ) ;
#3201 = EDGE_CURVE ( 'NONE', #10088, #2808, #2531, .T. ) ;
#3202 = ORIENTED_EDGE ( 'NONE', *, *, #2005, .T. ) ;
#3203 = AXIS2_PLACEMENT_3D ( 'NONE', #1183, #9054, #9798 ) ;
#3204 = ADVANCED_FACE ( 'NONE', ( #6243 ), #5650, .T. ) ;
#3205 = ORIENTED_EDGE ( 'NONE', *, *, #4119, .T. ) ;
#3206 = CIRCLE ( 'NONE', #1236, 2.500000000000002220 ) ;
#3207 = CARTESIAN_POINT ( 'NONE',  ( 68.00000000000009948, 81.00000000000001421, 0.000000000000000000 ) ) ;
#3209 = ORIENTED_EDGE ( 'NONE', *, *, #9799, .F. ) ;
#3208 = FACE_OUTER_BOUND ( 'NONE', #1705, .T. ) ;
#3210 = CARTESIAN_POINT ( 'NONE',  ( 314.0000000000003979, 247.0000000000003411, 9.000000000000007105 ) ) ;
#3211 = DIRECTION ( 'NONE',  ( 1.000000000000000000, 1.826024711554533913E-16, -0.000000000000000000 ) ) ;
#3212 = EDGE_LOOP ( 'NONE', ( #453, #1566, #9767, #83 ) ) ;
#3213 = CARTESIAN_POINT ( 'NONE',  ( 80.84317321985052729, 84.99999999999998579, 13.50000000000000888 ) ) ;
#3214 = EDGE_CURVE ( 'NONE', #3548, #10032, #5148, .T. ) ;
#3215 = VERTEX_POINT ( 'NONE', #4828 ) ;
#3216 = DIRECTION ( 'NONE',  ( -1.000000000000000000, -5.600273556634003027E-19, 3.136292949173481922E-19 ) ) ;
#3217 = CARTESIAN_POINT ( 'NONE',  ( 317.5000000000000000, 147.5000000000000853, 1.500000000000001332 ) ) ;
#3218 = CIRCLE ( 'NONE', #7836, 6.000000000000015987 ) ;
#3219 = ORIENTED_EDGE ( 'NONE', *, *, #2712, .T. ) ;
#3220 = ORIENTED_EDGE ( 'NONE', *, *, #5182, .T. ) ;
#3221 = VERTEX_POINT ( 'NONE', #4894 ) ;
#3222 = DIRECTION ( 'NONE',  ( 1.000000000000000000, 0.000000000000000000, -0.000000000000000000 ) ) ;
#3223 = ORIENTED_EDGE ( 'NONE', *, *, #6594, .F. ) ;
#3224 = ORIENTED_EDGE ( 'NONE', *, *, #3280, .T. ) ;
#3225 = DIRECTION ( 'NONE',  ( -2.033782021272921061E-31, -5.176899690512889973E-31, 1.000000000000000000 ) ) ;
#3227 = ORIENTED_EDGE ( 'NONE', *, *, #6660, .T. ) ;
#3226 = LINE ( 'NONE', #3946, #10144 ) ;
#3228 = DIRECTION ( 'NONE',  ( 1.000000000000000000, 2.041077998578924066E-17, 1.624335346205397848E-33 ) ) ;
#3229 = DIRECTION ( 'NONE',  ( -0.000000000000000000, 0.000000000000000000, 1.000000000000000000 ) ) ;
#3230 = EDGE_LOOP ( 'NONE', ( #7076, #5628, #8296, #8424 ) ) ;
#3231 = CIRCLE ( 'NONE', #6966, 3.000000000000002665 ) ;
#3232 = DIRECTION ( 'NONE',  ( -0.000000000000000000, 0.000000000000000000, 1.000000000000000000 ) ) ;
#3233 = ORIENTED_EDGE ( 'NONE', *, *, #3605, .T. ) ;
#3234 = VERTEX_POINT ( 'NONE', #4086 ) ;
#3235 = DIRECTION ( 'NONE',  ( -1.000000000000000000, 0.000000000000000000, 0.000000000000000000 ) ) ;
#3236 = AXIS2_PLACEMENT_3D ( 'NONE', #3182, #880, #7952 ) ;
#3237 = CIRCLE ( 'NONE', #5403, 3.000000000000004441 ) ;
#3238 = DIRECTION ( 'NONE',  ( -1.000000000000000000, 0.000000000000000000, 0.000000000000000000 ) ) ;
#3239 = VECTOR ( 'NONE', #6754, 1000.000000000000000 ) ;
#3240 = DIRECTION ( 'NONE',  ( 0.000000000000000000, 0.000000000000000000, -1.000000000000000000 ) ) ;
#3241 = VERTEX_POINT ( 'NONE', #4793 ) ;
#3242 = CARTESIAN_POINT ( 'NONE',  ( 26.88736900188100520, 49.10379084304578612, -9.346081811335345435 ) ) ;
#3243 = ORIENTED_EDGE ( 'NONE', *, *, #8277, .F. ) ;
#3244 = PLANE ( 'NONE',  #4712 ) ;
#3245 = CARTESIAN_POINT ( 'NONE',  ( 92.00000000000000000, 336.0000000000000568, 3.000000000000051070 ) ) ;
#3246 = EDGE_CURVE ( 'NONE', #4248, #6830, #9325, .T. ) ;
#3247 = DIRECTION ( 'NONE',  ( 1.000000000000000000, 5.600273556634003027E-19, -3.136292949173481922E-19 ) ) ;
#3248 = VECTOR ( 'NONE', #10223, 1000.000000000000000 ) ;
#3249 = DIRECTION ( 'NONE',  ( -2.033782021272921061E-31, -5.176899690512889973E-31, 1.000000000000000000 ) ) ;
#3250 = LINE ( 'NONE', #3836, #5863 ) ;
#3251 = ORIENTED_EDGE ( 'NONE', *, *, #8038, .F. ) ;
#3252 = AXIS2_PLACEMENT_3D ( 'NONE', #7397, #8976, #8945 ) ;
#3253 = CARTESIAN_POINT ( 'NONE',  ( 78.99999999999995737, 336.0000000000002842, 3.000000000000051070 ) ) ;
#3254 = EDGE_CURVE ( 'NONE', #9471, #9944, #6010, .T. ) ;
#3255 = CARTESIAN_POINT ( 'NONE',  ( 823.4999999999998863, 237.9999999999999716, 15.00000000000001421 ) ) ;
#3256 = ADVANCED_FACE ( 'NONE', ( #9086 ), #426, .F. ) ;
#3257 = CARTESIAN_POINT ( 'NONE',  ( -6.101346063818772816E-31, 243.5000000000000000, -10.49999999999995381 ) ) ;
#3258 = VECTOR ( 'NONE', #9117, 1000.000000000000000 ) ;
#3259 = DIRECTION ( 'NONE',  ( 1.000000000000000000, 0.000000000000000000, 0.000000000000000000 ) ) ;
#3260 = LINE ( 'NONE', #4576, #1170 ) ;
#3261 = ORIENTED_EDGE ( 'NONE', *, *, #7955, .F. ) ;
#3262 = AXIS2_PLACEMENT_3D ( 'NONE', #12, #7991, #2501 ) ;
#3263 = CARTESIAN_POINT ( 'NONE',  ( 359.0000000000000000, 0.000000000000000000, 0.000000000000000000 ) ) ;
#3264 =( NAMED_UNIT ( * ) SI_UNIT ( $, .STERADIAN. ) SOLID_ANGLE_UNIT ( ) );
#3265 = PLANE ( 'NONE',  #2724 ) ;
#3266 = EDGE_CURVE ( 'NONE', #7021, #7336, #4140, .T. ) ;
#3267 = MECHANICAL_DESIGN_GEOMETRIC_PRESENTATION_REPRESENTATION (  '', ( #4194 ), #7178 ) ;
#3268 = EDGE_CURVE ( 'NONE', #3915, #2048, #2034, .T. ) ;
#3269 = DIRECTION ( 'NONE',  ( 1.000000000000000000, 0.000000000000000000, 0.000000000000000000 ) ) ;
#3270 = PRODUCT_DEFINITION_SHAPE ( 'NONE', 'NONE',  #3332 ) ;
#3271 = DIRECTION ( 'NONE',  ( 1.000000000000000000, 0.000000000000000000, 0.000000000000000000 ) ) ;
#3272 = FACE_BOUND ( 'NONE', #9858, .T. ) ;
#3273 = ORIENTED_EDGE ( 'NONE', *, *, #6246, .T. ) ;
#3274 = DIRECTION ( 'NONE',  ( -0.000000000000000000, 0.000000000000000000, 1.000000000000000000 ) ) ;
#3275 = EDGE_LOOP ( 'NONE', ( #7138, #1664, #6305, #3316 ) ) ;
#3276 = CARTESIAN_POINT ( 'NONE',  ( 33.19114132960651631, 0.000000000000000000, 0.000000000000000000 ) ) ;
#3277 = PRODUCT_DEFINITION_FORMATION_WITH_SPECIFIED_SOURCE ( 'ANY', '', #2705, .NOT_KNOWN. ) ;
#3278 = CARTESIAN_POINT ( 'NONE',  ( 26.50000000000003197, 51.49999999999999289, -4.499999999999944045 ) ) ;
#3279 = LINE ( 'NONE', #837, #6125 ) ;
#3280 = EDGE_CURVE ( 'NONE', #3837, #37, #6634, .T. ) ;
#3281 = FACE_BOUND ( 'NONE', #8384, .T. ) ;
#3282 = EDGE_LOOP ( 'NONE', ( #8706, #1866 ) ) ;
#3283 = VERTEX_POINT ( 'NONE', #5787 ) ;
#3284 = CARTESIAN_POINT ( 'NONE',  ( 1095.000000000000000, 51.49999999999999289, -4.499999999999946709 ) ) ;
#3285 = DIRECTION ( 'NONE',  ( 0.000000000000000000, 0.000000000000000000, -1.000000000000000000 ) ) ;
#3286 = VECTOR ( 'NONE', #1332, 1000.000000000000000 ) ;
#3287 = CARTESIAN_POINT ( 'NONE',  ( 65.00000000000005684, 145.0000000000001705, 15.00000000000001421 ) ) ;
#3288 = CARTESIAN_POINT ( 'NONE',  ( 2.499999999999891198, 387.0000000000000000, -2.999999999999984901 ) ) ;
#3289 = B_SPLINE_CURVE_WITH_KNOTS ( 'NONE', 3,
 ( #7591, #3647, #1336, #2877, #4451, #6038, #1372, #2906, #7624, #3709, #8553, #3817, #1533, #10196, #5452, #4726, #8514, #4622, #10083, #5418, #2188, #8587, #7853, #5488, #9407, #2261, #9302, #9372, #741, #6269, #10122, #6233, #7713, #3849 ),
 .UNSPECIFIED., .F., .F.,
 ( 4, 2, 2, 2, 2, 2, 2, 2, 2, 2, 2, 2, 2, 2, 2, 2, 4 ),
 ( 0.009479671589916704305, 0.01007176223270103352, 0.01066385287548536273, 0.01125594351826969368, 0.01184803416105402289, 0.01244012480383835210, 0.01303221544662268305, 0.01362430608940701227, 0.01421639673219134148, 0.01480848737497567069, 0.01540057801775999990, 0.01599266866054432912, 0.01658475930332865833, 0.01717684994611298754, 0.01776894058889732023, 0.01836103123168164944, 0.01895312187446597865 ),
 .UNSPECIFIED. ) ;
#3290 = CIRCLE ( 'NONE', #118, 3.000000000000002665 ) ;
#3291 = EDGE_LOOP ( 'NONE', ( #10107, #7406 ) ) ;
#3292 = CARTESIAN_POINT ( 'NONE',  ( 26.56142591339494885, 242.5246654402871513, 10.34382157471887531 ) ) ;
#3293 = CARTESIAN_POINT ( 'NONE',  ( 40.00000000000003553, 51.49999999999999289, 4.499999999999944933 ) ) ;
#3294 = DIRECTION ( 'NONE',  ( 3.136292949173481922E-19, 1.387778780781445676E-17, -1.000000000000000000 ) ) ;
#3295 = AXIS2_PLACEMENT_3D ( 'NONE', #1281, #2885, #3724 ) ;
#3296 = CARTESIAN_POINT ( 'NONE',  ( 314.0000000000003979, 241.0000000000003126, 15.00000000000001421 ) ) ;
#3297 = EDGE_LOOP ( 'NONE', ( #4338, #328 ) ) ;
#3298 = ORIENTED_EDGE ( 'NONE', *, *, #8738, .T. ) ;
#3299 = ORIENTED_EDGE ( 'NONE', *, *, #1105, .T. ) ;
#3300 = DIRECTION ( 'NONE',  ( -1.000000000000000000, 0.000000000000000000, 2.609204460588635816E-49 ) ) ;
#3301 = ADVANCED_FACE ( 'NONE', ( #9930 ), #9735, .T. ) ;
#3302 = DIRECTION ( 'NONE',  ( 1.000000000000000000, 0.000000000000000000, 0.000000000000000000 ) ) ;
#3303 = EDGE_CURVE ( 'NONE', #3518, #5770, #4015, .T. ) ;
#3304 = ADVANCED_FACE ( 'NONE', ( #8596 ), #2162, .F. ) ;
#3305 = CARTESIAN_POINT ( 'NONE',  ( 271.0000000000000000, 336.0000000000001705, 15.00000000000001421 ) ) ;
#3306 = ORIENTED_EDGE ( 'NONE', *, *, #3312, .T. ) ;
#3308 = ORIENTED_EDGE ( 'NONE', *, *, #9166, .T. ) ;
#3307 = VECTOR ( 'NONE', #4029, 1000.000000000000000 ) ;
#3309 = ORIENTED_EDGE ( 'NONE', *, *, #289, .T. ) ;
#3310 = AXIS2_PLACEMENT_3D ( 'NONE', #9772, #305, #5791 ) ;
#3311 = ORIENTED_EDGE ( 'NONE', *, *, #2266, .T. ) ;
#3312 = EDGE_CURVE ( 'NONE', #3234, #7162, #1669, .T. ) ;
#3313 = DIRECTION ( 'NONE',  ( 2.033782021272921061E-31, 5.176899690512889973E-31, 1.000000000000000000 ) ) ;
#3315 = ORIENTED_EDGE ( 'NONE', *, *, #6366, .T. ) ;
#3314 = VECTOR ( 'NONE', #5746, 1000.000000000000000 ) ;
#3316 = ORIENTED_EDGE ( 'NONE', *, *, #3122, .T. ) ;
#3317 = EDGE_LOOP ( 'NONE', ( #6084, #582 ) ) ;
#3318 = CARTESIAN_POINT ( 'NONE',  ( 314.0000000000003979, 235.0000000000003695, 9.000000000000007105 ) ) ;
#3320 = EDGE_LOOP ( 'NONE', ( #8452, #8121, #5075, #6816 ) ) ;
#3319 = PRODUCT_CONTEXT ( 'NONE', #7983, 'mechanical' ) ;
#3321 = EDGE_CURVE ( 'NONE', #7806, #7647, #8220, .T. ) ;
#3322 = DIRECTION ( 'NONE',  ( 1.000000000000000000, -7.590943252506637819E-32, -2.033782021272921061E-31 ) ) ;
#3323 = AXIS2_PLACEMENT_3D ( 'NONE', #8426, #7695, #2201 ) ;
#3324 = CIRCLE ( 'NONE', #502, 2.499999999999891198 ) ;
#3325 = CARTESIAN_POINT ( 'NONE',  ( 274.5000000000002274, 209.0000000000003695, 15.00000000000001421 ) ) ;
#3326 = EDGE_CURVE ( 'NONE', #3518, #7291, #9815, .T. ) ;
#3327 = CARTESIAN_POINT ( 'NONE',  ( 27.11735865457623973, 240.5198942694005098, 7.102674861040630283 ) ) ;
#3329 = ORIENTED_EDGE ( 'NONE', *, *, #2679, .T. ) ;
#3328 = LINE ( 'NONE', #7439, #3688 ) ;
#3330 = CARTESIAN_POINT ( 'NONE',  ( 27.34612219056629812, 150.9643557269571943, 5.483799214867367766 ) ) ;
#3331 = CARTESIAN_POINT ( 'NONE',  ( 0.000000000000000000, 295.0000000000000000, 15.00000000000001599 ) ) ;
#3332 = PRODUCT_DEFINITION ( 'UNKNOWN', '', #3870, #4098 ) ;
#3333 = CARTESIAN_POINT ( 'NONE',  ( 376.0000000000000000, 353.0000000000001705, 15.00000000000005507 ) ) ;
#3334 = VECTOR ( 'NONE', #5773, 1000.000000000000000 ) ;
#3335 = DIRECTION ( 'NONE',  ( 1.000000000000000000, 0.000000000000000000, 0.000000000000000000 ) ) ;
#3336 = ORIENTED_EDGE ( 'NONE', *, *, #7641, .T. ) ;
#3337 = EDGE_CURVE ( 'NONE', #2663, #2207, #4772, .T. ) ;
#3338 = CARTESIAN_POINT ( 'NONE',  ( 788.9999999999998863, 237.9999999999999432, -13.00000000000001421 ) ) ;
#3339 = AXIS2_PLACEMENT_3D ( 'NONE', #6272, #1572, #8688 ) ;
#3340 = PLANE ( 'NONE',  #10197 ) ;
#3341 = ORIENTED_EDGE ( 'NONE', *, *, #3790, .T. ) ;
#3342 = DIRECTION ( 'NONE',  ( 1.000000000000000000, 0.000000000000000000, 0.000000000000000000 ) ) ;
#3343 = PLANE ( 'NONE',  #6169 ) ;
#3345 = ORIENTED_EDGE ( 'NONE', *, *, #4197, .F. ) ;
#3344 = CYLINDRICAL_SURFACE ( 'NONE', #7122, 2.499999999999946709 ) ;
#3346 = ORIENTED_EDGE ( 'NONE', *, *, #8900, .F. ) ;
#3347 = CARTESIAN_POINT ( 'NONE',  ( 261.4999999999999432, 243.5000000000000000, -15.00000000000001599 ) ) ;
#3348 = ORIENTED_EDGE ( 'NONE', *, *, #1172, .T. ) ;
#3349 = ORIENTED_EDGE ( 'NONE', *, *, #4398, .T. ) ;
#3350 = EDGE_CURVE ( 'NONE', #8950, #7660, #6117, .T. ) ;
#3351 = CARTESIAN_POINT ( 'NONE',  ( 26.90869102767622678, 145.0475824163679022, 10.67068954323497820 ) ) ;
#3352 = DIRECTION ( 'NONE',  ( 0.000000000000000000, 0.000000000000000000, -1.000000000000000000 ) ) ;
#3353 = ADVANCED_FACE ( 'NONE', ( #9316 ), #5515, .F. ) ;
#3355 = ORIENTED_EDGE ( 'NONE', *, *, #3863, .F. ) ;
#3354 = FACE_OUTER_BOUND ( 'NONE', #5370, .T. ) ;
#3356 = APPLICATION_PROTOCOL_DEFINITION ( 'draft international standard', 'automotive_design', 1998, #4955 ) ;
#3357 = ORIENTED_EDGE ( 'NONE', *, *, #9919, .F. ) ;
#3358 = VECTOR ( 'NONE', #4803, 1000.000000000000000 ) ;
#3359 = AXIS2_PLACEMENT_3D ( 'NONE', #5055, #8154, #1869 ) ;
#3360 = EDGE_LOOP ( 'NONE', ( #7519, #631, #3233, #5313 ) ) ;
#3361 = ADVANCED_FACE ( 'NONE', ( #4007 ), #8891, .F. ) ;
#3362 = DIRECTION ( 'NONE',  ( -0.000000000000000000, 0.000000000000000000, 1.000000000000000000 ) ) ;
#3363 = VERTEX_POINT ( 'NONE', #6510 ) ;
#3364 = DIRECTION ( 'NONE',  ( -1.000000000000000000, 2.041077998578924066E-17, -2.259514891400699764E-33 ) ) ;
#3365 = CARTESIAN_POINT ( 'NONE',  ( 26.61801411673118523, 242.1621112286506730, 10.19233212804520505 ) ) ;
#3366 = CARTESIAN_POINT ( 'NONE',  ( 0.000000000000000000, 295.0000000000000000, 1.001483571081362644E-28 ) ) ;
#3367 = DIRECTION ( 'NONE',  ( -2.609204460588635816E-49, 0.000000000000000000, 1.000000000000000000 ) ) ;
#3368 = AXIS2_PLACEMENT_3D ( 'NONE', #5618, #3225, #10232 ) ;
#3369 = LINE ( 'NONE', #6260, #1763 ) ;
#3370 = CIRCLE ( 'NONE', #4581, 2.500000000000002220 ) ;
#3371 = ORIENTED_EDGE ( 'NONE', *, *, #7557, .T. ) ;
#3372 = CARTESIAN_POINT ( 'NONE',  ( 272.0000000000003411, 49.00000000000004263, 9.000000000000007105 ) ) ;
#3373 = MANIFOLD_SOLID_BREP ( '<A353250-COSTADOSCO>-<Saliente-Extruir4>', #10073 ) ;
#3374 = CARTESIAN_POINT ( 'NONE',  ( 453.5000000000000568, 51.49999999999999289, -15.00000000000001599 ) ) ;
#3375 = CARTESIAN_POINT ( 'NONE',  ( 65.50000000000008527, 209.0000000000003411, 0.000000000000000000 ) ) ;
#3376 = AXIS2_PLACEMENT_3D ( 'NONE', #4154, #4993, #4923 ) ;
#3377 = DIRECTION ( 'NONE',  ( 2.609204460588635816E-49, 0.000000000000000000, -1.000000000000000000 ) ) ;
#3378 = VECTOR ( 'NONE', #6552, 1000.000000000000000 ) ;
#3379 = CARTESIAN_POINT ( 'NONE',  ( 0.000000000000000000, 353.0000000000001705, 15.00000000000005507 ) ) ;
#3380 = FACE_OUTER_BOUND ( 'NONE', #7907, .T. ) ;
#3381 = CARTESIAN_POINT ( 'NONE',  ( 1055.000000000000000, 51.49999999999999289, 10.49999999999995204 ) ) ;
#3382 = VECTOR ( 'NONE', #9395, 1000.000000000000000 ) ;
#3383 = ORIENTED_EDGE ( 'NONE', *, *, #9126, .T. ) ;
#3384 = ORIENTED_EDGE ( 'NONE', *, *, #7824, .T. ) ;
#3385 = DIRECTION ( 'NONE',  ( -2.033782021272921061E-31, -5.176899690512889973E-31, 1.000000000000000000 ) ) ;
#3386 = EDGE_CURVE ( 'NONE', #9627, #3548, #1418, .T. ) ;
#3387 = CARTESIAN_POINT ( 'NONE',  ( 362.4999999999998863, 243.5000000000000000, -15.00000000000001599 ) ) ;
#3388 = DIRECTION ( 'NONE',  ( -2.033782021272921061E-31, -5.176899690512889973E-31, 1.000000000000000000 ) ) ;
#3389 = DIRECTION ( 'NONE',  ( 0.000000000000000000, 1.000000000000000000, 0.000000000000000000 ) ) ;
#3390 = CIRCLE ( 'NONE', #6033, 2.499999999999891198 ) ;
#3391 = AXIS2_PLACEMENT_3D ( 'NONE', #4091, #9675, #4964 ) ;
#3392 = CARTESIAN_POINT ( 'NONE',  ( 266.4999999999998295, 243.5000000000000000, 15.00000000000001599 ) ) ;
#3393 = EDGE_CURVE ( 'NONE', #9438, #1834, #3404, .T. ) ;
#3394 = LINE ( 'NONE', #6171, #6235 ) ;
#3395 = ORIENTED_EDGE ( 'NONE', *, *, #5596, .F. ) ;
#3396 =( REPRESENTATION_RELATIONSHIP ('NONE','NONE', #4500, #6359 ) REPRESENTATION_RELATIONSHIP_WITH_TRANSFORMATION ( #8833 )SHAPE_REPRESENTATION_RELATIONSHIP( ) );
#3397 = EDGE_CURVE ( 'NONE', #7573, #5292, #3524, .T. ) ;
#3398 = ORIENTED_EDGE ( 'NONE', *, *, #6180, .F. ) ;
#3399 = CARTESIAN_POINT ( 'NONE',  ( 0.000000000000000000, 0.000000000000000000, 0.000000000000000000 ) ) ;
#3400 = CARTESIAN_POINT ( 'NONE',  ( 333.9999999999999432, 240.5000000000001137, 7.499999999999951150 ) ) ;
#3401 = CARTESIAN_POINT ( 'NONE',  ( 0.000000000000000000, 51.49999999999999289, 7.499999999999949374 ) ) ;
#3402 = AXIS2_PLACEMENT_3D ( 'NONE', #6039, #4488, #3622 ) ;
#3403 = CARTESIAN_POINT ( 'NONE',  ( 26.88782898822998035, 241.1166827666775987, 5.667627497375476331 ) ) ;
#3404 = CIRCLE ( 'NONE', #5702, 4.000000000000003553 ) ;
#3405 = CARTESIAN_POINT ( 'NONE',  ( 26.90829981377599012, 149.9511457242378185, 4.328470277807926259 ) ) ;
#3406 = DIRECTION ( 'NONE',  ( 1.000000000000000000, 0.000000000000000000, 0.000000000000000000 ) ) ;
#3407 = CIRCLE ( 'NONE', #6403, 4.000000000000017764 ) ;
#3408 = VERTEX_POINT ( 'NONE', #5963 ) ;
#3409 = EDGE_CURVE ( 'NONE', #3573, #37, #1174, .T. ) ;
#3410 = PLANE ( 'NONE',  #8853 ) ;
#3411 = ORIENTED_EDGE ( 'NONE', *, *, #7706, .T. ) ;
#3412 = AXIS2_PLACEMENT_3D ( 'NONE', #3169, #3966, #9487 ) ;
#3413 = DIRECTION ( 'NONE',  ( 1.000000000000000000, 0.000000000000000000, 0.000000000000000000 ) ) ;
#3414 = CARTESIAN_POINT ( 'NONE',  ( 8.000000000000007105, 243.5000000000000284, 2.999999999999891642 ) ) ;
#3415 = ADVANCED_FACE ( 'NONE', ( #42 ), #7360, .F. ) ;
#3416 = VECTOR ( 'NONE', #5906, 1000.000000000000000 ) ;
#3417 = CARTESIAN_POINT ( 'NONE',  ( 376.0000000000000000, 353.0000000000001705, -6.938893903907228378E-15 ) ) ;
#3418 = VECTOR ( 'NONE', #9016, 1000.000000000000000 ) ;
#3419 = ORIENTED_EDGE ( 'NONE', *, *, #8868, .F. ) ;
#3420 = CARTESIAN_POINT ( 'NONE',  ( 1095.000000000000000, 295.0000000000000000, 15.00000000000001599 ) ) ;
#3421 = ADVANCED_FACE ( 'NONE', ( #9805 ), #6793, .F. ) ;
#3422 = CARTESIAN_POINT ( 'NONE',  ( 1055.000000000000000, 51.49999999999999289, -7.499999999999949374 ) ) ;
#3423 = DIRECTION ( 'NONE',  ( -0.000000000000000000, 0.000000000000000000, 1.000000000000000000 ) ) ;
#3424 = CARTESIAN_POINT ( 'NONE',  ( 0.000000000000000000, 295.0000000000000000, 15.00000000000001599 ) ) ;
#3425 = VECTOR ( 'NONE', #5738, 1000.000000000000000 ) ;
#3426 = CARTESIAN_POINT ( 'NONE',  ( 6.938893903907228378E-15, 174.5000000000001137, 3.999999999999996447 ) ) ;
#3427 = LINE ( 'NONE', #5758, #3035 ) ;
#3428 = SHAPE_REPRESENTATION_RELATIONSHIP ( 'NONE' , 'NONE' ,  #7777, #5353 ) ;
#3429 = ORIENTED_EDGE ( 'NONE', *, *, #6774, .T. ) ;
#3430 = CARTESIAN_POINT ( 'NONE',  ( 27.34598415978569008, 144.0359054567075816, 5.483339713589311160 ) ) ;
#3431 = CARTESIAN_POINT ( 'NONE',  ( 359.0000000000000000, 243.5000000000000000, 7.499999999999951150 ) ) ;
#3432 = DIRECTION ( 'NONE',  ( 2.033782021272921061E-31, 5.176899690512889973E-31, 1.000000000000000000 ) ) ;
#3433 =( REPRESENTATION_RELATIONSHIP ('NONE','NONE', #4500, #4486 ) REPRESENTATION_RELATIONSHIP_WITH_TRANSFORMATION ( #1651 )SHAPE_REPRESENTATION_RELATIONSHIP( ) );
#3434 = FILL_AREA_STYLE ('',( #8161 ) ) ;
#3435 = VERTEX_POINT ( 'NONE', #9935 ) ;
#3436 = CIRCLE ( 'NONE', #5585, 7.500000000000000000 ) ;
#3437 = CARTESIAN_POINT ( 'NONE',  ( 102.0000000000001847, 55.00000000000004974, 15.00000000000001421 ) ) ;
#3438 = ORIENTED_EDGE ( 'NONE', *, *, #8277, .T. ) ;
#3439 = DIRECTION ( 'NONE',  ( -1.000000000000000000, 7.590943252506637819E-32, 2.033782021272921061E-31 ) ) ;
#3440 = DIRECTION ( 'NONE',  ( -1.000000000000000000, 7.590943252506637819E-32, -2.033782021272921061E-31 ) ) ;
#3441 = CARTESIAN_POINT ( 'NONE',  ( 90.00000000000002842, 147.5000000000000000, 5.000000000000004441 ) ) ;
#3442 = DIRECTION ( 'NONE',  ( -2.033782021272921061E-31, -5.176899690512889973E-31, 1.000000000000000000 ) ) ;
#3443 = SURFACE_STYLE_USAGE ( .BOTH. , #9677 ) ;
#3444 = ORIENTED_EDGE ( 'NONE', *, *, #7955, .T. ) ;
#3445 = PRODUCT ( 'A353250-PATASXXXBA', 'A353250-PATASXXXBA', '', ( #2656 ) ) ;
#3447 = EDGE_LOOP ( 'NONE', ( #6915, #4975, #2214, #2523 ) ) ;
#3446 = CYLINDRICAL_SURFACE ( 'NONE', #2262, 3.000000000000002665 ) ;
#3448 = ORIENTED_EDGE ( 'NONE', *, *, #3809, .F. ) ;
#3449 = DIRECTION ( 'NONE',  ( 1.000000000000000000, 0.000000000000000000, 0.000000000000000000 ) ) ;
#3450 = EDGE_CURVE ( 'NONE', #4709, #3869, #5624, .T. ) ;
#3451 = CARTESIAN_POINT ( 'NONE',  ( 340.0000000000003979, 290.0000000000002842, 15.00000000000001421 ) ) ;
#3452 = LINE ( 'NONE', #3770, #5928 ) ;
#3453 = CIRCLE ( 'NONE', #7147, 3.000000000000002665 ) ;
#3454 = DIRECTION ( 'NONE',  ( -1.941925118803053938E-33, 0.000000000000000000, -1.000000000000000000 ) ) ;
#3456 = ORIENTED_EDGE ( 'NONE', *, *, #7493, .F. ) ;
#3455 = LINE ( 'NONE', #8292, #4694 ) ;
#3457 = AXIS2_PLACEMENT_3D ( 'NONE', #7282, #989, #8039 ) ;
#3458 = DIRECTION ( 'NONE',  ( 1.000000000000000000, 0.000000000000000000, 0.000000000000000000 ) ) ;
#3459 = EDGE_CURVE ( 'NONE', #855, #4682, #3759, .T. ) ;
#3460 = CARTESIAN_POINT ( 'NONE',  ( 297.0000000000000568, 336.0000000000001705, 15.00000000000001421 ) ) ;
#3461 = ORIENTED_EDGE ( 'NONE', *, *, #9816, .T. ) ;
#3462 = ORIENTED_EDGE ( 'NONE', *, *, #4331, .T. ) ;
#3463 = CARTESIAN_POINT ( 'NONE',  ( -6.101346063818773692E-31, 243.5000000000000000, 4.499999999999944045 ) ) ;
#3464 = DIRECTION ( 'NONE',  ( 0.000000000000000000, 0.000000000000000000, 1.000000000000000000 ) ) ;
#3465 = CIRCLE ( 'NONE', #10071, 3.000000000000002665 ) ;
#3466 = AXIS2_PLACEMENT_3D ( 'NONE', #675, #6175, #4690 ) ;
#3468 = EDGE_LOOP ( 'NONE', ( #8252, #5008, #4764, #3668 ) ) ;
#3467 = CYLINDRICAL_SURFACE ( 'NONE', #304, 2.499999999999946709 ) ;
#3469 = ADVANCED_FACE ( 'NONE', ( #3012 ), #7447, .T. ) ;
#3470 = DIRECTION ( 'NONE',  ( 0.000000000000000000, 0.000000000000000000, -1.000000000000000000 ) ) ;
#3471 = APPLICATION_PROTOCOL_DEFINITION ( 'draft international standard', 'automotive_design', 1998, #5687 ) ;
#3472 = EDGE_CURVE ( 'NONE', #3786, #2700, #1304, .T. ) ;
#3473 = DIRECTION ( 'NONE',  ( -1.000000000000000000, 2.041077998578924066E-17, -2.259514891400699764E-33 ) ) ;
#3474 = ORIENTED_EDGE ( 'NONE', *, *, #7482, .T. ) ;
#3475 = DIRECTION ( 'NONE',  ( 1.000000000000000000, 0.000000000000000000, 0.000000000000000000 ) ) ;
#3476 = DIRECTION ( 'NONE',  ( 1.000000000000000000, 0.000000000000000000, 0.000000000000000000 ) ) ;
#3477 = EDGE_CURVE ( 'NONE', #5713, #8106, #5266, .T. ) ;
#3478 = VECTOR ( 'NONE', #5809, 1000.000000000000000 ) ;
#3479 = DIRECTION ( 'NONE',  ( -1.000000000000000000, 0.000000000000000000, 0.000000000000000000 ) ) ;
#3480 = FILL_AREA_STYLE_COLOUR ( '', #2408 ) ;
#3481 = ORIENTED_EDGE ( 'NONE', *, *, #275, .F. ) ;
#3482 = CARTESIAN_POINT ( 'NONE',  ( 102.0000000000001279, 247.0000000000003411, 15.00000000000001421 ) ) ;
#3483 = EDGE_LOOP ( 'NONE', ( #4187, #9511, #954, #6189 ) ) ;
#3484 = ORIENTED_EDGE ( 'NONE', *, *, #3397, .F. ) ;
#3485 = PRODUCT_DEFINITION_FORMATION_WITH_SPECIFIED_SOURCE ( 'ANY', '', #3445, .NOT_KNOWN. ) ;
#3486 = EDGE_CURVE ( 'NONE', #6778, #4777, #2156, .T. ) ;
#3488 = ORIENTED_EDGE ( 'NONE', *, *, #5193, .F. ) ;
#3487 = VECTOR ( 'NONE', #9114, 1000.000000000000000 ) ;
#3489 = CARTESIAN_POINT ( 'NONE',  ( 0.000000000000000000, 0.000000000000000000, 15.00000000000001421 ) ) ;
#3490 = VERTEX_POINT ( 'NONE', #8368 ) ;
#3491 = ORIENTED_EDGE ( 'NONE', *, *, #8686, .F. ) ;
#3492 = DIRECTION ( 'NONE',  ( 5.600273556634000138E-19, 1.000000000000000000, 1.387778780781445676E-17 ) ) ;
#3493 = ORIENTED_EDGE ( 'NONE', *, *, #2462, .F. ) ;
#3494 = DIRECTION ( 'NONE',  ( 3.136292949173481922E-19, -1.387778780781445676E-17, 1.000000000000000000 ) ) ;
#3495 = DIRECTION ( 'NONE',  ( -1.000000000000000000, 0.000000000000000000, 0.000000000000000000 ) ) ;
#3496 = DIRECTION ( 'NONE',  ( -1.000000000000000000, -5.600273556634003027E-19, -3.136292949173481922E-19 ) ) ;
#3497 = FACE_OUTER_BOUND ( 'NONE', #4583, .T. ) ;
#3498 = LINE ( 'NONE', #8117, #6090 ) ;
#3499 = CARTESIAN_POINT ( 'NONE',  ( 27.52620452530443984, 143.7114252885299948, 8.809240189780794594 ) ) ;
#3500 = ORIENTED_EDGE ( 'NONE', *, *, #4470, .T. ) ;
#3501 = DIRECTION ( 'NONE',  ( 0.000000000000000000, 1.000000000000000000, 0.000000000000000000 ) ) ;
#3502 = ORIENTED_EDGE ( 'NONE', *, *, #3312, .F. ) ;
#3503 = CARTESIAN_POINT ( 'NONE',  ( 0.000000000000000000, 0.000000000000000000, 0.000000000000000000 ) ) ;
#3504 = AXIS2_PLACEMENT_3D ( 'NONE', #3431, #4221, #272 ) ;
#3505 = DIRECTION ( 'NONE',  ( -2.033782021272921061E-31, -5.176899690512889973E-31, 1.000000000000000000 ) ) ;
#3506 = VECTOR ( 'NONE', #1360, 1000.000000000000000 ) ;
#3507 = ORIENTED_EDGE ( 'NONE', *, *, #9671, .T. ) ;
#3508 = CARTESIAN_POINT ( 'NONE',  ( 0.000000000000000000, 263.7500000000001705, 3.999999999999996447 ) ) ;
#3509 = MANIFOLD_SOLID_BREP ( 'Saliente-Extruir1', #5256 ) ;
#3510 = CARTESIAN_POINT ( 'NONE',  ( 41.50000000000002842, 51.49999999999999289, -1.500000000000001332 ) ) ;
#3511 =( NAMED_UNIT ( * ) PLANE_ANGLE_UNIT ( ) SI_UNIT ( $, .RADIAN. ) );
#3512 = CARTESIAN_POINT ( 'NONE',  ( 0.000000000000000000, 0.000000000000000000, 14.99999999999990230 ) ) ;
#3513 = EDGE_CURVE ( 'NONE', #4497, #632, #7116, .T. ) ;
#3514 = AXIS2_PLACEMENT_3D ( 'NONE', #414, #9835, #2696 ) ;
#3515 = LINE ( 'NONE', #7842, #9678 ) ;
#3516 = DIRECTION ( 'NONE',  ( -1.000000000000000000, 7.590943252506637819E-32, 2.033782021272921061E-31 ) ) ;
#3517 = CIRCLE ( 'NONE', #2827, 3.000000000000058176 ) ;
#3518 = VERTEX_POINT ( 'NONE', #3538 ) ;
#3519 = ADVANCED_FACE ( 'NONE', ( #2643 ), #549, .T. ) ;
#3520 = AXIS2_PLACEMENT_3D ( 'NONE', #1489, #2249, #3071 ) ;
#3521 = CARTESIAN_POINT ( 'NONE',  ( 376.0000000000000000, 129.8750000000000853, 3.999999999999996447 ) ) ;
#3522 = DIRECTION ( 'NONE',  ( -3.136292949173481922E-19, -1.387778780781445676E-17, 1.000000000000000000 ) ) ;
#3523 = DIRECTION ( 'NONE',  ( -1.000000000000000000, 7.590943252506637819E-32, -2.033782021272921061E-31 ) ) ;
#3524 = CIRCLE ( 'NONE', #7484, 2.499999999999946709 ) ;
#3525 = CIRCLE ( 'NONE', #9901, 2.500000000000002220 ) ;
#3526 = ORIENTED_EDGE ( 'NONE', *, *, #664, .F. ) ;
#3527 = AXIS2_PLACEMENT_3D ( 'NONE', #4584, #8546, #8583 ) ;
#3528 = DIRECTION ( 'NONE',  ( 1.000000000000000000, 0.000000000000000000, -2.609204460588635816E-49 ) ) ;
#3529 = VERTEX_POINT ( 'NONE', #4404 ) ;
#3530 = DIRECTION ( 'NONE',  ( 1.000000000000000000, 5.600273556634003027E-19, -3.136292949173481922E-19 ) ) ;
#3531 = CARTESIAN_POINT ( 'NONE',  ( 26.56128046199837200, 242.5259571382974855, -4.655811018096308374 ) ) ;
#3532 = AXIS2_PLACEMENT_3D ( 'NONE', #39, #3920, #6367 ) ;
#3533 = DIRECTION ( 'NONE',  ( 7.590943252506637819E-32, -1.000000000000000000, 5.176899690512889973E-31 ) ) ;
#3534 = EDGE_CURVE ( 'NONE', #6893, #8207, #7712, .T. ) ;
#3535 = CYLINDRICAL_SURFACE ( 'NONE', #9115, 13.00000000000001066 ) ;
#3536 = CIRCLE ( 'NONE', #5836, 2.499999999999946709 ) ;
#3537 = ORIENTED_EDGE ( 'NONE', *, *, #1917, .F. ) ;
#3538 = CARTESIAN_POINT ( 'NONE',  ( 390.0000000000000000, 0.000000000000000000, 15.00000000000001421 ) ) ;
#3539 = DIRECTION ( 'NONE',  ( -1.000000000000000000, 0.000000000000000000, 0.000000000000000000 ) ) ;
#3540 =( GEOMETRIC_REPRESENTATION_CONTEXT ( 3 ) GLOBAL_UNCERTAINTY_ASSIGNED_CONTEXT ( ( #5984 ) ) GLOBAL_UNIT_ASSIGNED_CONTEXT ( ( #1434, #590, #7066 ) ) REPRESENTATION_CONTEXT ( 'NONE', 'WORKASPACE' ) );
#3541 = DIRECTION ( 'NONE',  ( 1.000000000000000000, 0.000000000000000000, -2.609204460588635816E-49 ) ) ;
#3542 = CARTESIAN_POINT ( 'NONE',  ( 26.57096212608835728, 148.5623591638222649, 11.36557517722908095 ) ) ;
#3543 =( NAMED_UNIT ( * ) SI_UNIT ( $, .STERADIAN. ) SOLID_ANGLE_UNIT ( ) );
#3544 = FACE_BOUND ( 'NONE', #1618, .T. ) ;
#3545 = EDGE_CURVE ( 'NONE', #4061, #8506, #3645, .T. ) ;
#3546 = FACE_OUTER_BOUND ( 'NONE', #5151, .T. ) ;
#3547 = AXIS2_PLACEMENT_3D ( 'NONE', #678, #6339, #8560 ) ;
#3548 = VERTEX_POINT ( 'NONE', #9211 ) ;
#3549 = DIRECTION ( 'NONE',  ( -1.000000000000000000, 7.590943252506637819E-32, 2.033782021272921061E-31 ) ) ;
#3550 = ORIENTED_EDGE ( 'NONE', *, *, #1471, .F. ) ;
#3551 = PLANE ( 'NONE',  #8201 ) ;
#3552 = DIRECTION ( 'NONE',  ( 1.941925118803053938E-33, 0.000000000000000000, 1.000000000000000000 ) ) ;
#3553 = FACE_OUTER_BOUND ( 'NONE', #9983, .T. ) ;
#3554 = EDGE_CURVE ( 'NONE', #4718, #6184, #9685, .T. ) ;
#3555 = VECTOR ( 'NONE', #9304, 1000.000000000000000 ) ;
#3556 = ORIENTED_EDGE ( 'NONE', *, *, #8958, .T. ) ;
#3557 = CARTESIAN_POINT ( 'NONE',  ( 981.0000000000000000, 237.9999999999999432, -15.00000000000001599 ) ) ;
#3558 = CARTESIAN_POINT ( 'NONE',  ( 297.0000000000000000, 147.5000000000000000, 5.000000000000004441 ) ) ;
#3559 = ORIENTED_EDGE ( 'NONE', *, *, #1659, .T. ) ;
#3561 = ORIENTED_EDGE ( 'NONE', *, *, #4062, .F. ) ;
#3560 = VECTOR ( 'NONE', #3240, 1000.000000000000000 ) ;
#3562 = ADVANCED_FACE ( 'NONE', ( #543 ), #8462, .F. ) ;
#3563 = ORIENTED_EDGE ( 'NONE', *, *, #9322, .T. ) ;
#3564 = CARTESIAN_POINT ( 'NONE',  ( 108.0000000000001990, 49.00000000000004263, 9.000000000000007105 ) ) ;
#3565 = AXIS2_PLACEMENT_3D ( 'NONE', #4623, #1405, #634 ) ;
#3566 = DIRECTION ( 'NONE',  ( 2.033782021272921061E-31, 5.176899690512889973E-31, 1.000000000000000000 ) ) ;
#3567 = CARTESIAN_POINT ( 'NONE',  ( 376.0000000000000000, 40.62500000000002132, 0.000000000000000000 ) ) ;
#3568 = VECTOR ( 'NONE', #8812, 1000.000000000000000 ) ;
#3569 = FACE_BOUND ( 'NONE', #6444, .T. ) ;
#3570 = DIRECTION ( 'NONE',  ( -1.000000000000000000, 0.000000000000000000, 0.000000000000000000 ) ) ;
#3572 = VERTEX_POINT ( 'NONE', #10034 ) ;
#3571 = CIRCLE ( 'NONE', #810, 2.499999999999891198 ) ;
#3573 = VERTEX_POINT ( 'NONE', #7612 ) ;
#3574 = EDGE_CURVE ( 'NONE', #4050, #7232, #800, .T. ) ;
#3575 = AXIS2_PLACEMENT_3D ( 'NONE', #3834, #7093, #8673 ) ;
#3576 = CARTESIAN_POINT ( 'NONE',  ( 0.000000000000000000, 15.00000000000001421, 0.000000000000000000 ) ) ;
#3577 = VERTEX_POINT ( 'NONE', #9182 ) ;
#3578 = LINE ( 'NONE', #1915, #2577 ) ;
#3579 = DIRECTION ( 'NONE',  ( -2.609204460588636195E-49, 0.000000000000000000, 1.000000000000000000 ) ) ;
#3581 = ORIENTED_EDGE ( 'NONE', *, *, #8209, .F. ) ;
#3580 = FACE_OUTER_BOUND ( 'NONE', #7418, .T. ) ;
#3582 = DIRECTION ( 'NONE',  ( 3.136292949173481922E-19, 1.387778780781445676E-17, -1.000000000000000000 ) ) ;
#3583 = CARTESIAN_POINT ( 'NONE',  ( 0.000000000000000000, 0.000000000000000000, 0.000000000000000000 ) ) ;
#3584 = EDGE_CURVE ( 'NONE', #8151, #1329, #8828, .T. ) ;
#3585 = ORIENTED_EDGE ( 'NONE', *, *, #6176, .T. ) ;
#3586 = DIRECTION ( 'NONE',  ( 1.000000000000000000, -7.590943252506637819E-32, -2.033782021272921061E-31 ) ) ;
#3587 = DIRECTION ( 'NONE',  ( 1.000000000000000000, 0.000000000000000000, 0.000000000000000000 ) ) ;
#3588 = AXIS2_PLACEMENT_3D ( 'NONE', #2196, #7718, #3789 ) ;
#3589 = EDGE_CURVE ( 'NONE', #9644, #2470, #8960, .T. ) ;
#3590 = ORIENTED_EDGE ( 'NONE', *, *, #5439, .F. ) ;
#3591 = DIRECTION ( 'NONE',  ( -1.000000000000000000, 0.000000000000000000, 0.000000000000000000 ) ) ;
#3592 = CARTESIAN_POINT ( 'NONE',  ( 1015.499999999999659, 237.9999999999999432, 15.00000000000001421 ) ) ;
#3593 = DIRECTION ( 'NONE',  ( -1.000000000000000000, -5.600273556634003027E-19, 3.136292949173481922E-19 ) ) ;
#3594 = STYLED_ITEM ( 'NONE', ( #9697 ), #7181 ) ;
#3596 = ORIENTED_EDGE ( 'NONE', *, *, #2925, .F. ) ;
#3595 = CIRCLE ( 'NONE', #6451, 2.500000000000002220 ) ;
#3597 = CARTESIAN_POINT ( 'NONE',  ( 26.50000000000003197, 51.49999999999999289, -15.00000000000001421 ) ) ;
#3598 = ORIENTED_EDGE ( 'NONE', *, *, #1328, .F. ) ;
#3599 = EDGE_CURVE ( 'NONE', #5884, #5848, #8204, .T. ) ;
#3600 = VERTEX_POINT ( 'NONE', #5332 ) ;
#3601 = DIRECTION ( 'NONE',  ( 2.033782021272921061E-31, 5.176899690512889973E-31, 1.000000000000000000 ) ) ;
#3602 = ORIENTED_EDGE ( 'NONE', *, *, #1194, .T. ) ;
#3603 =( GEOMETRIC_REPRESENTATION_CONTEXT ( 3 ) GLOBAL_UNCERTAINTY_ASSIGNED_CONTEXT ( ( #4713 ) ) GLOBAL_UNIT_ASSIGNED_CONTEXT ( ( #9553, #6384, #7906 ) ) REPRESENTATION_CONTEXT ( 'NONE', 'WORKASPACE' ) );
#3604 = CARTESIAN_POINT ( 'NONE',  ( 108.1911413296065092, 1.620164975419772189E-16, 0.000000000000000000 ) ) ;
#3605 = EDGE_CURVE ( 'NONE', #703, #8150, #2278, .T. ) ;
#3606 = PRODUCT_DEFINITION_CONTEXT ( 'detailed design', #4955, 'design' ) ;
#3607 = ADVANCED_FACE ( 'NONE', ( #2026 ), #790, .F. ) ;
#3608 = DIRECTION ( 'NONE',  ( 1.000000000000000000, 0.000000000000000000, 0.000000000000000000 ) ) ;
#3609 = DIRECTION ( 'NONE',  ( -0.000000000000000000, -1.000000000000000000, -0.000000000000000000 ) ) ;
#3611 = ORIENTED_EDGE ( 'NONE', *, *, #5205, .F. ) ;
#3610 = CIRCLE ( 'NONE', #7043, 2.499999999999946709 ) ;
#3612 = VERTEX_POINT ( 'NONE', #2998 ) ;
#3613 = CYLINDRICAL_SURFACE ( 'NONE', #1657, 2.499999999999891198 ) ;
#3614 = EDGE_LOOP ( 'NONE', ( #7654, #9230, #738, #2028 ) ) ;
#3615 = VERTEX_POINT ( 'NONE', #6151 ) ;
#3616 = ORIENTED_EDGE ( 'NONE', *, *, #1801, .F. ) ;
#3617 = ADVANCED_FACE ( 'NONE', ( #1899 ), #7953, .F. ) ;
#3618 = EDGE_CURVE ( 'NONE', #8143, #10212, #4761, .T. ) ;
#3619 = CARTESIAN_POINT ( 'NONE',  ( 26.50000000000003197, 51.49999999999999289, 1.500000000000001332 ) ) ;
#3620 = DIRECTION ( 'NONE',  ( 1.000000000000000000, 5.600273556634003027E-19, -3.136292949173481922E-19 ) ) ;
#3621 = FACE_BOUND ( 'NONE', #3172, .T. ) ;
#3622 = DIRECTION ( 'NONE',  ( 0.000000000000000000, 0.000000000000000000, -1.000000000000000000 ) ) ;
#3623 = FACE_BOUND ( 'NONE', #9524, .T. ) ;
#3624 = ORIENTED_EDGE ( 'NONE', *, *, #4511, .F. ) ;
#3625 = DIRECTION ( 'NONE',  ( 1.000000000000000000, 0.000000000000000000, 0.000000000000000000 ) ) ;
#3626 = CYLINDRICAL_SURFACE ( 'NONE', #2130, 3.000000000000002665 ) ;
#3627 = CARTESIAN_POINT ( 'NONE',  ( 390.0000000000000000, 294.9999999999998863, 15.00000000000001421 ) ) ;
#3628 = CARTESIAN_POINT ( 'NONE',  ( 375.9999999999999432, 85.25000000000015632, 3.999999999999996447 ) ) ;
#3629 = VECTOR ( 'NONE', #3300, 1000.000000000000000 ) ;
#3630 = DIRECTION ( 'NONE',  ( 2.033782021272921061E-31, -5.176899690512889973E-31, -1.000000000000000000 ) ) ;
#3631 = LINE ( 'NONE', #3007, #784 ) ;
#3632 = ORIENTED_EDGE ( 'NONE', *, *, #9328, .F. ) ;
#3633 = AXIS2_PLACEMENT_3D ( 'NONE', #2327, #6267, #6204 ) ;
#3634 = CARTESIAN_POINT ( 'NONE',  ( 40.00000000000003553, 243.5000000000000000, 10.49999999999995381 ) ) ;
#3635 = CARTESIAN_POINT ( 'NONE',  ( 376.0000000000000000, 44.62500000000013500, 3.999999999999996447 ) ) ;
#3636 = VECTOR ( 'NONE', #828, 1000.000000000000000 ) ;
#3637 = DIRECTION ( 'NONE',  ( -1.000000000000000000, 0.000000000000000000, -2.609204460588635816E-49 ) ) ;
#3638 = CYLINDRICAL_SURFACE ( 'NONE', #1708, 2.499999999999946709 ) ;
#3639 = ORIENTED_EDGE ( 'NONE', *, *, #7766, .F. ) ;
#3640 = PRESENTATION_STYLE_ASSIGNMENT (( #1531 ) ) ;
#3641 = DIRECTION ( 'NONE',  ( 1.000000000000000000, 0.000000000000000000, 0.000000000000000000 ) ) ;
#3642 = ORIENTED_EDGE ( 'NONE', *, *, #4350, .F. ) ;
#3643 = EDGE_CURVE ( 'NONE', #9581, #4873, #4385, .T. ) ;
#3644 = CARTESIAN_POINT ( 'NONE',  ( 376.0000000000000000, 44.62500000000013500, 3.999999999999996447 ) ) ;
#3645 = LINE ( 'NONE', #8433, #1543 ) ;
#3646 = PRESENTATION_LAYER_ASSIGNMENT (  '', '', ( #2443 ) ) ;
#3647 = CARTESIAN_POINT ( 'NONE',  ( 26.50000000000003553, 243.6973339409151720, -4.499999999999944045 ) ) ;
#3648 = EDGE_CURVE ( 'NONE', #2059, #10138, #5505, .T. ) ;
#3649 = VECTOR ( 'NONE', #3274, 1000.000000000000000 ) ;
#3650 = ORIENTED_EDGE ( 'NONE', *, *, #6246, .F. ) ;
#3651 = CARTESIAN_POINT ( 'NONE',  ( 42.84317321985053439, 125.0000000000000000, 13.50000000000000178 ) ) ;
#3652 = ADVANCED_FACE ( 'NONE', ( #6348 ), #6060, .T. ) ;
#3653 = AXIS2_PLACEMENT_3D ( 'NONE', #4067, #8044, #4105 ) ;
#3654 = FACE_OUTER_BOUND ( 'NONE', #2956, .T. ) ;
#3655 = CIRCLE ( 'NONE', #3696, 3.000000000000058176 ) ;
#3656 = ORIENTED_EDGE ( 'NONE', *, *, #1686, .F. ) ;
#3657 = EDGE_CURVE ( 'NONE', #1650, #105, #6001, .T. ) ;
#3658 = CARTESIAN_POINT ( 'NONE',  ( 27.08424823709571072, 240.5975597147960343, -6.715947819066721891 ) ) ;
#3659 = AXIS2_PLACEMENT_3D ( 'NONE', #8879, #9657, #9691 ) ;
#3660 = CARTESIAN_POINT ( 'NONE',  ( 26.88764279194252538, 53.88277574812985193, 9.333125034136863007 ) ) ;
#3661 = EDGE_CURVE ( 'NONE', #3973, #2355, #284, .T. ) ;
#3662 = ADVANCED_FACE ( 'NONE', ( #5004 ), #5474, .F. ) ;
#3663 = VECTOR ( 'NONE', #349, 1000.000000000000000 ) ;
#3664 = DIRECTION ( 'NONE',  ( -3.136292949173481922E-19, -1.387778780781445676E-17, 1.000000000000000000 ) ) ;
#3665 = LINE ( 'NONE', #5532, #1556 ) ;
#3666 = CARTESIAN_POINT ( 'NONE',  ( 376.0000000000000000, 133.8750000000000853, -3.469446951953614189E-15 ) ) ;
#3667 = VERTEX_POINT ( 'NONE', #3140 ) ;
#3668 = ORIENTED_EDGE ( 'NONE', *, *, #7697, .F. ) ;
#3669 = DIRECTION ( 'NONE',  ( 2.033782021272921061E-31, 5.176899690512889973E-31, -1.000000000000000000 ) ) ;
#3670 = DIRECTION ( 'NONE',  ( 0.000000000000000000, 0.000000000000000000, -1.000000000000000000 ) ) ;
#3671 = EDGE_CURVE ( 'NONE', #4835, #618, #3390, .T. ) ;
#3672 = CARTESIAN_POINT ( 'NONE',  ( 357.4999999999998863, 243.5000000000000000, -3.000000000000002665 ) ) ;
#3673 = EDGE_LOOP ( 'NONE', ( #8898, #6682 ) ) ;
#3674 = EDGE_LOOP ( 'NONE', ( #2913, #8395, #6573, #585 ) ) ;
#3675 = CARTESIAN_POINT ( 'NONE',  ( 34.00000000000002842, 147.5000000000000853, 15.00000000000001421 ) ) ;
#3676 = ORIENTED_EDGE ( 'NONE', *, *, #3040, .T. ) ;
#3677 = CARTESIAN_POINT ( 'NONE',  ( 314.0000000000003411, 55.00000000000007816, 9.000000000000007105 ) ) ;
#3678 = CARTESIAN_POINT ( 'NONE',  ( 34.00000000000002842, 51.49999999999999289, 15.00000000000001421 ) ) ;
#3679 = CARTESIAN_POINT ( 'NONE',  ( 376.0000000000000000, 312.3750000000000568, 4.000000000000052403 ) ) ;
#3680 = CARTESIAN_POINT ( 'NONE',  ( 1095.000000000000000, 295.0000000000000000, -15.00000000000001599 ) ) ;
#3681 = ORIENTED_EDGE ( 'NONE', *, *, #9559, .F. ) ;
#3683 = EDGE_LOOP ( 'NONE', ( #6070, #1977, #600, #6788 ) ) ;
#3682 = VECTOR ( 'NONE', #3454, 1000.000000000000000 ) ;
#3684 = ORIENTED_EDGE ( 'NONE', *, *, #6582, .T. ) ;
#3685 = DIRECTION ( 'NONE',  ( -2.033782021272921061E-31, -5.176899690512889973E-31, 1.000000000000000000 ) ) ;
#3686 = DIRECTION ( 'NONE',  ( 1.000000000000000000, -7.590943252506637819E-32, 2.033782021272921061E-31 ) ) ;
#3687 = CIRCLE ( 'NONE', #6629, 3.000000000000002665 ) ;
#3689 = ORIENTED_EDGE ( 'NONE', *, *, #75, .F. ) ;
#3688 = VECTOR ( 'NONE', #2723, 1000.000000000000000 ) ;
#3690 = AXIS2_PLACEMENT_3D ( 'NONE', #6031, #9156, #2075 ) ;
#3691 = AXIS2_PLACEMENT_3D ( 'NONE', #4065, #5009, #115 ) ;
#3692 = ORIENTED_EDGE ( 'NONE', *, *, #9133, .T. ) ;
#3693 = AXIS2_PLACEMENT_3D ( 'NONE', #1523, #7059, #2317 ) ;
#3694 =( LENGTH_UNIT ( ) NAMED_UNIT ( * ) SI_UNIT ( .MILLI., .METRE. ) );
#3695 = CARTESIAN_POINT ( 'NONE',  ( 263.9999999999998863, 51.49999999999999289, 3.000000000000002665 ) ) ;
#3696 = AXIS2_PLACEMENT_3D ( 'NONE', #3998, #1547, #6345 ) ;
#3697 = DIRECTION ( 'NONE',  ( 2.033782021272921061E-31, 5.176899690512889973E-31, 1.000000000000000000 ) ) ;
#3698 = CIRCLE ( 'NONE', #9354, 4.000000000000034639 ) ;
#3699 = CARTESIAN_POINT ( 'NONE',  ( 390.0000000000000000, 294.9999999999998863, 0.000000000000000000 ) ) ;
#3700 = EDGE_CURVE ( 'NONE', #2486, #9152, #3515, .T. ) ;
#3701 = ORIENTED_EDGE ( 'NONE', *, *, #2962, .T. ) ;
#3702 = AXIS2_PLACEMENT_3D ( 'NONE', #3635, #4474, #2764 ) ;
#3703 =( NAMED_UNIT ( * ) SI_UNIT ( $, .STERADIAN. ) SOLID_ANGLE_UNIT ( ) );
#3704 = ORIENTED_EDGE ( 'NONE', *, *, #9279, .T. ) ;
#3705 = DIRECTION ( 'NONE',  ( -2.033782021272921061E-31, 0.000000000000000000, -1.000000000000000000 ) ) ;
#3706 = ADVANCED_FACE ( 'NONE', ( #7103 ), #1519, .F. ) ;
#3707 = CARTESIAN_POINT ( 'NONE',  ( 35.84317321985053439, 125.0000000000000000, 21.00000000000000000 ) ) ;
#3708 = CYLINDRICAL_SURFACE ( 'NONE', #8570, 2.499999999999946709 ) ;
#3709 = CARTESIAN_POINT ( 'NONE',  ( 26.84751091455459004, 245.7611238459095659, -5.518685501409445138 ) ) ;
#3710 = DIRECTION ( 'NONE',  ( 2.609204460588635816E-49, 0.000000000000000000, -1.000000000000000000 ) ) ;
#3711 = ORIENTED_EDGE ( 'NONE', *, *, #1987, .T. ) ;
#3712 = ORIENTED_EDGE ( 'NONE', *, *, #1673, .F. ) ;
#3713 = DIRECTION ( 'NONE',  ( 3.136292949173481922E-19, 1.387778780781445676E-17, -1.000000000000000000 ) ) ;
#3714 = VERTEX_POINT ( 'NONE', #729 ) ;
#3715 = CARTESIAN_POINT ( 'NONE',  ( 1095.000000000000000, 2.307652204411941523E-14, -15.00000000000001599 ) ) ;
#3716 = AXIS2_PLACEMENT_3D ( 'NONE', #8749, #9543, #2366 ) ;
#3717 = EDGE_CURVE ( 'NONE', #577, #1370, #7702, .T. ) ;
#3719 = VERTEX_POINT ( 'NONE', #2285 ) ;
#3718 = FACE_OUTER_BOUND ( 'NONE', #2836, .T. ) ;
#3720 = EDGE_CURVE ( 'NONE', #1235, #6283, #9436, .T. ) ;
#3721 = ORIENTED_EDGE ( 'NONE', *, *, #9090, .F. ) ;
#3723 = ORIENTED_EDGE ( 'NONE', *, *, #9412, .F. ) ;
#3722 = CIRCLE ( 'NONE', #56, 2.499999999999946709 ) ;
#3724 = DIRECTION ( 'NONE',  ( -3.136292949173481922E-19, -1.387778780781445676E-17, 1.000000000000000000 ) ) ;
#3725 = EDGE_LOOP ( 'NONE', ( #4851, #1597, #8198, #6408 ) ) ;
#3726 = CARTESIAN_POINT ( 'NONE',  ( 384.4999999999997726, 51.49999999999999289, 14.99999999999990230 ) ) ;
#3727 = ORIENTED_EDGE ( 'NONE', *, *, #8110, .F. ) ;
#3728 = DIRECTION ( 'NONE',  ( 1.000000000000000000, 0.000000000000000000, 0.000000000000000000 ) ) ;
#3729 = ADVANCED_FACE ( 'NONE', ( #8342 ), #2880, .F. ) ;
#3730 = PRODUCT_DEFINITION_FORMATION_WITH_SPECIFIED_SOURCE ( 'ANY', '', #9766, .NOT_KNOWN. ) ;
#3731 = EDGE_CURVE ( 'NONE', #2648, #1702, #8697, .T. ) ;
#3732 = LINE ( 'NONE', #7334, #5852 ) ;
#3733 = CARTESIAN_POINT ( 'NONE',  ( 382.0000000000000000, 51.49999999999999289, 15.00000000000001421 ) ) ;
#3734 = VECTOR ( 'NONE', #8149, 1000.000000000000000 ) ;
#3735 = AXIS2_PLACEMENT_3D ( 'NONE', #4499, #2858, #8396 ) ;
#3736 = ORIENTED_EDGE ( 'NONE', *, *, #5577, .F. ) ;
#3737 = CARTESIAN_POINT ( 'NONE',  ( 0.000000000000000000, -1.553069907153868393E-30, 3.000000000000002665 ) ) ;
#3738 = CARTESIAN_POINT ( 'NONE',  ( 1095.000000000000000, 243.5000000000000000, 10.49999999999995381 ) ) ;
#3739 = CARTESIAN_POINT ( 'NONE',  ( 0.000000000000000000, 223.1250000000002274, -3.469446951953614189E-15 ) ) ;
#3740 = CARTESIAN_POINT ( 'NONE',  ( 27.08425309768055556, 48.59754642308745787, 8.284191778965498187 ) ) ;
#3741 = CARTESIAN_POINT ( 'NONE',  ( 266.4999999999998295, 243.5000000000000000, -15.00000000000001599 ) ) ;
#3742 = SURFACE_STYLE_USAGE ( .BOTH. , #8473 ) ;
#3743 = EDGE_CURVE ( 'NONE', #4200, #3572, #167, .T. ) ;
#3744 = FACE_BOUND ( 'NONE', #5920, .T. ) ;
#3745 = CARTESIAN_POINT ( 'NONE',  ( 0.000000000000000000, 0.000000000000000000, 15.00000000000001421 ) ) ;
#3746 = ORIENTED_EDGE ( 'NONE', *, *, #9078, .F. ) ;
#3747 = CARTESIAN_POINT ( 'NONE',  ( 331.8706551132592608, 144.4863333063622974, 10.14259942229817213 ) ) ;
#3748 = CARTESIAN_POINT ( 'NONE',  ( 266.4999999999998295, 51.49999999999999289, -15.00000000000001599 ) ) ;
#3749 = CIRCLE ( 'NONE', #2254, 6.000000000000005329 ) ;
#3750 = FACE_OUTER_BOUND ( 'NONE', #1865, .T. ) ;
#3751 = ORIENTED_EDGE ( 'NONE', *, *, #1105, .F. ) ;
#3752 = DIRECTION ( 'NONE',  ( 3.136292949173481922E-19, -1.387778780781445676E-17, 1.000000000000000000 ) ) ;
#3753 = CARTESIAN_POINT ( 'NONE',  ( 238.0000000000003126, 55.00000000000002132, 9.000000000000007105 ) ) ;
#3754 = AXIS2_PLACEMENT_3D ( 'NONE', #9749, #7462, #9072 ) ;
#3755 = CARTESIAN_POINT ( 'NONE',  ( 27.17443692494286722, 0.000000000000000000, 16.50000000000000000 ) ) ;
#3756 = CARTESIAN_POINT ( 'NONE',  ( 314.0000000000003979, 235.0000000000003695, 9.000000000000007105 ) ) ;
#3757 = CARTESIAN_POINT ( 'NONE',  ( 320.0000000000003411, 49.00000000000004263, 15.00000000000001421 ) ) ;
#3758 = ADVANCED_FACE ( 'NONE', ( #4254 ), #2146, .F. ) ;
#3759 = CIRCLE ( 'NONE', #4303, 2.500000000000002220 ) ;
#3760 = PRODUCT_DEFINITION_CONTEXT ( 'detailed design', #5821, 'design' ) ;
#3761 = LINE ( 'NONE', #2088, #9079 ) ;
#3762 = ORIENTED_EDGE ( 'NONE', *, *, #2667, .T. ) ;
#3763 = AXIS2_PLACEMENT_3D ( 'NONE', #4013, #9569, #5551 ) ;
#3764 = DIRECTION ( 'NONE',  ( 0.000000000000000000, 1.000000000000000000, 0.000000000000000000 ) ) ;
#3765 = ORIENTED_EDGE ( 'NONE', *, *, #8269, .F. ) ;
#3766 = DIRECTION ( 'NONE',  ( 0.000000000000000000, 0.000000000000000000, 1.000000000000000000 ) ) ;
#3767 = DIRECTION ( 'NONE',  ( 8.906522175617107959E-18, 1.000000000000000000, 0.000000000000000000 ) ) ;
#3768 = CARTESIAN_POINT ( 'NONE',  ( 261.4999999999999432, 51.49999999999999289, -15.00000000000001599 ) ) ;
#3769 = VECTOR ( 'NONE', #6165, 1000.000000000000000 ) ;
#3770 = CARTESIAN_POINT ( 'NONE',  ( 0.000000000000000000, 40.62499999999991473, 4.000000000000003553 ) ) ;
#3771 = FACE_OUTER_BOUND ( 'NONE', #5580, .T. ) ;
#3772 = ORIENTED_EDGE ( 'NONE', *, *, #818, .F. ) ;
#3773 = EDGE_CURVE ( 'NONE', #4600, #4454, #6482, .T. ) ;
#3774 = DIRECTION ( 'NONE',  ( 3.136292949173481922E-19, 1.387778780781445676E-17, -1.000000000000000000 ) ) ;
#3775 = ADVANCED_FACE ( 'NONE', ( #6855 ), #5254, .F. ) ;
#3776 = CARTESIAN_POINT ( 'NONE',  ( 0.000000000000000000, 0.000000000000000000, 15.00000000000001421 ) ) ;
#3777 = AXIS2_PLACEMENT_3D ( 'NONE', #164, #9689, #7331 ) ;
#3778 = DIRECTION ( 'NONE',  ( 2.609204460588635816E-49, 0.000000000000000000, -1.000000000000000000 ) ) ;
#3779 = EDGE_CURVE ( 'NONE', #7150, #1499, #417, .T. ) ;
#3780 = CARTESIAN_POINT ( 'NONE',  ( 331.8708435967878358, 144.4867321482339833, 4.856891459867914485 ) ) ;
#3781 = FACE_OUTER_BOUND ( 'NONE', #1136, .T. ) ;
#3782 = CARTESIAN_POINT ( 'NONE',  ( 376.0000000000000000, 353.0000000000001705, -6.938893903907228378E-15 ) ) ;
#3783 = CYLINDRICAL_SURFACE ( 'NONE', #7550, 7.499999999999951150 ) ;
#3784 = ORIENTED_EDGE ( 'NONE', *, *, #3657, .F. ) ;
#3785 = CARTESIAN_POINT ( 'NONE',  ( 357.4999999999998863, 51.49999999999999289, -3.000000000000002665 ) ) ;
#3786 = VERTEX_POINT ( 'NONE', #967 ) ;
#3787 = VERTEX_POINT ( 'NONE', #1622 ) ;
#3788 = AXIS2_PLACEMENT_3D ( 'NONE', #5308, #2665, #4512 ) ;
#3789 = DIRECTION ( 'NONE',  ( 1.000000000000000000, 0.000000000000000000, 0.000000000000000000 ) ) ;
#3790 = EDGE_CURVE ( 'NONE', #8106, #5713, #2518, .T. ) ;
#3791 = CARTESIAN_POINT ( 'NONE',  ( 332.0921438139468478, 149.9500702407539166, 10.67256280221578635 ) ) ;
#3792 = CARTESIAN_POINT ( 'NONE',  ( 1095.000000000000000, 243.5000000000000000, -7.499999999999949374 ) ) ;
#3793 = FACE_OUTER_BOUND ( 'NONE', #446, .T. ) ;
#3794 = CIRCLE ( 'NONE', #6110, 2.499999999999891198 ) ;
#3795 = AXIS2_PLACEMENT_3D ( 'NONE', #7979, #9560, #4853 ) ;
#3796 = ORIENTED_EDGE ( 'NONE', *, *, #5380, .F. ) ;
#3797 = DIRECTION ( 'NONE',  ( 0.000000000000000000, 0.000000000000000000, -1.000000000000000000 ) ) ;
#3798 = EDGE_CURVE ( 'NONE', #6319, #359, #5614, .T. ) ;
#3799 = DIRECTION ( 'NONE',  ( -1.000000000000000000, 0.000000000000000000, 0.000000000000000000 ) ) ;
#3800 = CARTESIAN_POINT ( 'NONE',  ( 284.0000000000000568, 336.0000000000000568, 3.000000000000058176 ) ) ;
#3801 = ORIENTED_EDGE ( 'NONE', *, *, #8834, .T. ) ;
#3802 = DIRECTION ( 'NONE',  ( 1.941925118803053938E-33, 0.000000000000000000, 1.000000000000000000 ) ) ;
#3803 = ORIENTED_EDGE ( 'NONE', *, *, #7780, .T. ) ;
#3804 = PRODUCT_DEFINITION_FORMATION_WITH_SPECIFIED_SOURCE ( 'ANY', '', #7420, .NOT_KNOWN. ) ;
#3806 = ORIENTED_EDGE ( 'NONE', *, *, #9488, .F. ) ;
#3805 = VECTOR ( 'NONE', #3713, 1000.000000000000000 ) ;
#3807 = DIRECTION ( 'NONE',  ( 0.000000000000000000, -1.000000000000000000, 0.000000000000000000 ) ) ;
#3808 = DIRECTION ( 'NONE',  ( -1.000000000000000000, 0.000000000000000000, 0.000000000000000000 ) ) ;
#3809 = EDGE_CURVE ( 'NONE', #3925, #5846, #5871, .T. ) ;
#3810 = CARTESIAN_POINT ( 'NONE',  ( 791.4999999999998863, 237.9999999999999432, 15.00000000000001599 ) ) ;
#3811 = CARTESIAN_POINT ( 'NONE',  ( 306.0000000000003411, 49.00000000000004263, 0.000000000000000000 ) ) ;
#3812 = VECTOR ( 'NONE', #4786, 1000.000000000000000 ) ;
#3813 = DIRECTION ( 'NONE',  ( -0.000000000000000000, 0.000000000000000000, 1.000000000000000000 ) ) ;
#3814 = LINE ( 'NONE', #3666, #5681 ) ;
#3816 = VERTEX_POINT ( 'NONE', #1652 ) ;
#3815 = FACE_OUTER_BOUND ( 'NONE', #4507, .T. ) ;
#3817 = CARTESIAN_POINT ( 'NONE',  ( 26.96408414062871728, 246.0998057098976801, -5.990497115683851348 ) ) ;
#3818 = EDGE_LOOP ( 'NONE', ( #4491, #2161, #1828, #1788 ) ) ;
#3819 = CARTESIAN_POINT ( 'NONE',  ( 331.3440433568521826, 143.4996107560718883, 7.240669793945587962 ) ) ;
#3820 = ORIENTED_EDGE ( 'NONE', *, *, #8086, .F. ) ;
#3821 = DIRECTION ( 'NONE',  ( -1.630885567871804709E-19, -1.000000000000000000, 2.736911063134408342E-48 ) ) ;
#3822 = DIRECTION ( 'NONE',  ( 2.033782021272921061E-31, 5.176899690512889973E-31, 1.000000000000000000 ) ) ;
#3823 = DIRECTION ( 'NONE',  ( 1.000000000000000000, 0.000000000000000000, 0.000000000000000000 ) ) ;
#3824 = CIRCLE ( 'NONE', #5145, 3.000000000000002665 ) ;
#3826 = ORIENTED_EDGE ( 'NONE', *, *, #3798, .F. ) ;
#3825 = LINE ( 'NONE', #910, #6405 ) ;
#3827 = DIRECTION ( 'NONE',  ( 1.000000000000000000, -7.590943252506637819E-32, -2.033782021272921061E-31 ) ) ;
#3828 = AXIS2_PLACEMENT_3D ( 'NONE', #9038, #3579, #5838 ) ;
#3829 = CARTESIAN_POINT ( 'NONE',  ( 0.000000000000000000, 0.000000000000000000, 2.999999999999891642 ) ) ;
#3830 = ADVANCED_FACE ( 'NONE', ( #1296 ), #10037, .F. ) ;
#3831 = VECTOR ( 'NONE', #2715, 1000.000000000000000 ) ;
#3832 = DIRECTION ( 'NONE',  ( 2.033782021272921061E-31, 5.176899690512889973E-31, 1.000000000000000000 ) ) ;
#3833 = ORIENTED_EDGE ( 'NONE', *, *, #5777, .F. ) ;
#3834 = CARTESIAN_POINT ( 'NONE',  ( 263.9999999999998863, 243.5000000000000000, -15.00000000000001599 ) ) ;
#3835 = EDGE_CURVE ( 'NONE', #4800, #2720, #4129, .T. ) ;
#3836 = CARTESIAN_POINT ( 'NONE',  ( 359.0000000000000000, 274.9999999999999432, 0.000000000000000000 ) ) ;
#3837 = VERTEX_POINT ( 'NONE', #5675 ) ;
#3838 = CARTESIAN_POINT ( 'NONE',  ( 102.0000000000001847, 49.00000000000004263, 9.000000000000007105 ) ) ;
#3839 = DIRECTION ( 'NONE',  ( 2.033782021272921061E-31, 5.176899690512889973E-31, 1.000000000000000000 ) ) ;
#3840 = CARTESIAN_POINT ( 'NONE',  ( 30.00000000000004263, 241.0000000000002558, 0.000000000000000000 ) ) ;
#3841 = CARTESIAN_POINT ( 'NONE',  ( 26.88782898822999101, 49.11668276667764133, 5.667627497375474555 ) ) ;
#3843 = ORIENTED_EDGE ( 'NONE', *, *, #1464, .T. ) ;
#3842 = CIRCLE ( 'NONE', #8695, 2.499999999999946709 ) ;
#3844 = EDGE_CURVE ( 'NONE', #5960, #1929, #3135, .T. ) ;
#3845 = ORIENTED_EDGE ( 'NONE', *, *, #5665, .F. ) ;
#3846 =( NAMED_UNIT ( * ) SI_UNIT ( $, .STERADIAN. ) SOLID_ANGLE_UNIT ( ) );
#3847 = ORIENTED_EDGE ( 'NONE', *, *, #8288, .F. ) ;
#3848 = ORIENTED_EDGE ( 'NONE', *, *, #9865, .F. ) ;
#3849 = CARTESIAN_POINT ( 'NONE',  ( 26.49999999999996803, 243.5000000000000000, -10.49999999999995381 ) ) ;
#3850 = ORIENTED_EDGE ( 'NONE', *, *, #5126, .F. ) ;
#3851 = AXIS2_PLACEMENT_3D ( 'NONE', #6278, #8146, #7123 ) ;
#3852 = CARTESIAN_POINT ( 'NONE',  ( 332.4852164415979701, 146.9607917402319970, 3.527528112577215769 ) ) ;
#3854 = EDGE_LOOP ( 'NONE', ( #3926, #4461 ) ) ;
#3853 = CIRCLE ( 'NONE', #1294, 7.499999999999951150 ) ;
#3855 =( NAMED_UNIT ( * ) SI_UNIT ( $, .STERADIAN. ) SOLID_ANGLE_UNIT ( ) );
#3856 = ORIENTED_EDGE ( 'NONE', *, *, #906, .F. ) ;
#3857 = VECTOR ( 'NONE', #3591, 1000.000000000000000 ) ;
#3858 = EDGE_CURVE ( 'NONE', #7327, #6760, #8947, .T. ) ;
#3859 = CARTESIAN_POINT ( 'NONE',  ( 728.0000000000001137, 51.49999999999999289, 15.00000000000001599 ) ) ;
#3860 = ORIENTED_EDGE ( 'NONE', *, *, #2053, .T. ) ;
#3861 = VERTEX_POINT ( 'NONE', #4142 ) ;
#3862 = AXIS2_PLACEMENT_3D ( 'NONE', #6355, #5574, #870 ) ;
#3863 = EDGE_CURVE ( 'NONE', #6488, #6081, #7349, .T. ) ;
#3864 = VECTOR ( 'NONE', #7878, 1000.000000000000000 ) ;
#3865 = CARTESIAN_POINT ( 'NONE',  ( 331.4259455803459105, 151.3679467847901776, 6.446961911727664862 ) ) ;
#3866 = CARTESIAN_POINT ( 'NONE',  ( 34.00000000000009948, 49.00000000000004263, 15.00000000000001421 ) ) ;
#3867 = VECTOR ( 'NONE', #1295, 1000.000000000000000 ) ;
#3868 = DIRECTION ( 'NONE',  ( 0.000000000000000000, 0.000000000000000000, -1.000000000000000000 ) ) ;
#3869 = VERTEX_POINT ( 'NONE', #8008 ) ;
#3870 = PRODUCT_DEFINITION_FORMATION_WITH_SPECIFIED_SOURCE ( 'ANY', '', #8984, .NOT_KNOWN. ) ;
#3871 = EDGE_CURVE ( 'NONE', #2342, #2727, #10176, .T. ) ;
#3872 = AXIS2_PLACEMENT_3D ( 'NONE', #7176, #8717, #9510 ) ;
#3873 = DIRECTION ( 'NONE',  ( 0.000000000000000000, -1.000000000000000000, 0.000000000000000000 ) ) ;
#3874 = FACE_OUTER_BOUND ( 'NONE', #1365, .T. ) ;
#3875 = CARTESIAN_POINT ( 'NONE',  ( 985.9999999999998863, 237.9999999999999432, -15.00000000000001599 ) ) ;
#3876 = CIRCLE ( 'NONE', #6889, 7.500000000000000000 ) ;
#3877 = SURFACE_SIDE_STYLE ('',( #6466 ) ) ;
#3878 = FACE_OUTER_BOUND ( 'NONE', #8104, .T. ) ;
#3879 = ORIENTED_EDGE ( 'NONE', *, *, #3720, .T. ) ;
#3880 = CONTEXT_DEPENDENT_SHAPE_REPRESENTATION ( #5024, #6411 ) ;
#3881 = DIRECTION ( 'NONE',  ( -2.033782021272921061E-31, -5.176899690512889973E-31, 1.000000000000000000 ) ) ;
#3882 =( LENGTH_UNIT ( ) NAMED_UNIT ( * ) SI_UNIT ( .MILLI., .METRE. ) );
#3883 = EDGE_CURVE ( 'NONE', #9825, #7150, #3749, .T. ) ;
#3884 = ADVANCED_FACE ( 'NONE', ( #2635 ), #3244, .T. ) ;
#3885 = CARTESIAN_POINT ( 'NONE',  ( 297.0000000000000000, 147.5000000000000000, 15.00000000000001421 ) ) ;
#3886 = PLANE ( 'NONE',  #5034 ) ;
#3887 = FACE_OUTER_BOUND ( 'NONE', #6207, .T. ) ;
#3888 = FACE_BOUND ( 'NONE', #5423, .T. ) ;
#3889 = EDGE_LOOP ( 'NONE', ( #8234, #5781, #5240, #7385 ) ) ;
#3890 = CARTESIAN_POINT ( 'NONE',  ( 1095.000000000000000, 51.49999999999999289, -7.499999999999949374 ) ) ;
#3891 = DIRECTION ( 'NONE',  ( 1.000000000000000000, 5.600273556634003027E-19, -3.136292949173481922E-19 ) ) ;
#3892 = EDGE_LOOP ( 'NONE', ( #6831, #671, #5076, #172 ) ) ;
#3893 = AXIS2_PLACEMENT_3D ( 'NONE', #311, #2633, #4202 ) ;
#3894 = CARTESIAN_POINT ( 'NONE',  ( 376.0000000000000000, 129.8750000000000853, -3.469446951953614189E-15 ) ) ;
#3895 = VECTOR ( 'NONE', #1774, 1000.000000000000000 ) ;
#3896 = CARTESIAN_POINT ( 'NONE',  ( 26.00000000000003908, 247.0000000000003695, 9.000000000000007105 ) ) ;
#3897 = AXIS2_PLACEMENT_3D ( 'NONE', #6514, #7309, #2562 ) ;
#3898 = CIRCLE ( 'NONE', #5364, 2.499999999999891198 ) ;
#3899 = VERTEX_POINT ( 'NONE', #5046 ) ;
#3900 = AXIS2_PLACEMENT_3D ( 'NONE', #8784, #3152, #3190 ) ;
#3901 = DIRECTION ( 'NONE',  ( 2.609204460588635816E-49, 0.000000000000000000, -1.000000000000000000 ) ) ;
#3902 = CARTESIAN_POINT ( 'NONE',  ( 310.0000000000003411, 49.00000000000004263, 9.000000000000007105 ) ) ;
#3903 = FACE_OUTER_BOUND ( 'NONE', #448, .T. ) ;
#3904 = CARTESIAN_POINT ( 'NONE',  ( 0.000000000000000000, 0.000000000000000000, 21.00000000000000000 ) ) ;
#3905 = CIRCLE ( 'NONE', #5297, 3.000000000000002665 ) ;
#3906 = VERTEX_POINT ( 'NONE', #5776 ) ;
#3907 = CARTESIAN_POINT ( 'NONE',  ( 42.84317321985053439, 84.99999999999998579, 10.50000000000000000 ) ) ;
#3908 = CARTESIAN_POINT ( 'NONE',  ( 33.19114132960651631, 0.000000000000000000, 21.00000000000000000 ) ) ;
#3909 =( LENGTH_UNIT ( ) NAMED_UNIT ( * ) SI_UNIT ( .MILLI., .METRE. ) );
#3910 = EDGE_CURVE ( 'NONE', #3973, #9507, #9920, .T. ) ;
#3911 = LINE ( 'NONE', #3782, #8231 ) ;
#3912 = FILL_AREA_STYLE ('',( #4585 ) ) ;
#3913 = LINE ( 'NONE', #3005, #8864 ) ;
#3914 = DIRECTION ( 'NONE',  ( 1.000000000000000000, 0.000000000000000000, 0.000000000000000000 ) ) ;
#3915 = VERTEX_POINT ( 'NONE', #7362 ) ;
#3916 = AXIS2_PLACEMENT_3D ( 'NONE', #1883, #2664, #8134 ) ;
#3917 = CARTESIAN_POINT ( 'NONE',  ( 359.0000000000000000, 274.9999999999999432, 0.000000000000000000 ) ) ;
#3918 = EDGE_CURVE ( 'NONE', #1700, #974, #4503, .T. ) ;
#3919 = CARTESIAN_POINT ( 'NONE',  ( 728.0000000000001137, 243.5000000000000000, 3.000000000000002665 ) ) ;
#3920 = DIRECTION ( 'NONE',  ( -3.136292949173481922E-19, -1.387778780781445676E-17, 1.000000000000000000 ) ) ;
#3921 = DIRECTION ( 'NONE',  ( 1.000000000000000000, 0.000000000000000000, -0.000000000000000000 ) ) ;
#3922 = DIRECTION ( 'NONE',  ( -1.000000000000000000, 0.000000000000000000, 0.000000000000000000 ) ) ;
#3923 = ORIENTED_EDGE ( 'NONE', *, *, #6727, .F. ) ;
#3924 = FACE_OUTER_BOUND ( 'NONE', #4165, .T. ) ;
#3925 = VERTEX_POINT ( 'NONE', #6569 ) ;
#3926 = ORIENTED_EDGE ( 'NONE', *, *, #6960, .F. ) ;
#3927 = EDGE_CURVE ( 'NONE', #8170, #7795, #6614, .T. ) ;
#3928 = DIRECTION ( 'NONE',  ( 1.000000000000000000, 0.000000000000000000, 0.000000000000000000 ) ) ;
#3929 = DIRECTION ( 'NONE',  ( -1.000000000000000000, 0.000000000000000000, 0.000000000000000000 ) ) ;
#3930 = ADVANCED_FACE ( 'NONE', ( #3887 ), #1792, .F. ) ;
#3931 = ORIENTED_EDGE ( 'NONE', *, *, #8367, .T. ) ;
#3933 = ORIENTED_EDGE ( 'NONE', *, *, #380, .T. ) ;
#3932 = FACE_OUTER_BOUND ( 'NONE', #8979, .T. ) ;
#3934 = CARTESIAN_POINT ( 'NONE',  ( 26.50000000000002132, 51.30253646799929612, -4.499999999999941380 ) ) ;
#3935 = ORIENTED_EDGE ( 'NONE', *, *, #6976, .T. ) ;
#3936 = ORIENTED_EDGE ( 'NONE', *, *, #9090, .T. ) ;
#3937 = DIRECTION ( 'NONE',  ( 2.033782021272921061E-31, 5.176899690512889973E-31, -1.000000000000000000 ) ) ;
#3938 = CARTESIAN_POINT ( 'NONE',  ( 70.50000000000009948, 81.00000000000001421, 0.000000000000000000 ) ) ;
#3939 = VECTOR ( 'NONE', #6595, 1000.000000000000114 ) ;
#3940 = CARTESIAN_POINT ( 'NONE',  ( 0.000000000000000000, 0.000000000000000000, 0.000000000000000000 ) ) ;
#3941 = FACE_OUTER_BOUND ( 'NONE', #6436, .T. ) ;
#3943 = ORIENTED_EDGE ( 'NONE', *, *, #4004, .F. ) ;
#3942 = CIRCLE ( 'NONE', #1536, 2.500000000000000444 ) ;
#3944 = MANIFOLD_SOLID_BREP ( 'Saliente-Extruir2', #5230 ) ;
#3945 = CARTESIAN_POINT ( 'NONE',  ( 238.0000000000003126, 43.00000000000000711, 15.00000000000001421 ) ) ;
#3946 = CARTESIAN_POINT ( 'NONE',  ( 238.0000000000003126, 235.0000000000002558, 9.000000000000007105 ) ) ;
#3948 = ORIENTED_EDGE ( 'NONE', *, *, #3844, .T. ) ;
#3947 =( LENGTH_UNIT ( ) NAMED_UNIT ( * ) SI_UNIT ( .MILLI., .METRE. ) );
#3949 = DIRECTION ( 'NONE',  ( 2.033782021272921061E-31, 5.176899690512889973E-31, 1.000000000000000000 ) ) ;
#3950 = FACE_OUTER_BOUND ( 'NONE', #9722, .T. ) ;
#3951 = DIRECTION ( 'NONE',  ( -1.000000000000000000, -5.600273556634003027E-19, 3.136292949173481922E-19 ) ) ;
#3952 = CARTESIAN_POINT ( 'NONE',  ( 376.0000000000000000, 219.1250000000002274, 4.000000000000052403 ) ) ;
#3953 = ORIENTED_EDGE ( 'NONE', *, *, #1554, .F. ) ;
#3954 = CARTESIAN_POINT ( 'NONE',  ( 72.00000000000009948, 241.0000000000002842, 15.00000000000001421 ) ) ;
#3955 = DIRECTION ( 'NONE',  ( -2.033782021272921061E-31, -5.176899690512889973E-31, 1.000000000000000000 ) ) ;
#3956 = ORIENTED_EDGE ( 'NONE', *, *, #9990, .T. ) ;
#3957 = DIRECTION ( 'NONE',  ( 0.000000000000000000, 0.000000000000000000, -1.000000000000000000 ) ) ;
#3959 = EDGE_LOOP ( 'NONE', ( #4229, #1745, #8414, #6800 ) ) ;
#3958 = FACE_OUTER_BOUND ( 'NONE', #9272, .T. ) ;
#3960 = ORIENTED_EDGE ( 'NONE', *, *, #6203, .F. ) ;
#3961 = ORIENTED_EDGE ( 'NONE', *, *, #2771, .T. ) ;
#3962 = DIRECTION ( 'NONE',  ( 1.000000000000000000, 0.000000000000000000, 0.000000000000000000 ) ) ;
#3963 = ORIENTED_EDGE ( 'NONE', *, *, #3459, .T. ) ;
#3964 = ORIENTED_EDGE ( 'NONE', *, *, #754, .F. ) ;
#3965 = ADVANCED_FACE ( 'NONE', ( #7469 ), #9067, .F. ) ;
#3966 = DIRECTION ( 'NONE',  ( -2.033782021272921061E-31, -5.176899690512889973E-31, 1.000000000000000000 ) ) ;
#3968 = ORIENTED_EDGE ( 'NONE', *, *, #6307, .F. ) ;
#3967 = VECTOR ( 'NONE', #7725, 1000.000000000000000 ) ;
#3969 = EDGE_CURVE ( 'NONE', #8091, #5554, #3002, .T. ) ;
#3970 = EDGE_LOOP ( 'NONE', ( #832, #3148, #6289, #4405 ) ) ;
#3971 = CIRCLE ( 'NONE', #5187, 4.000000000000003553 ) ;
#3972 = CARTESIAN_POINT ( 'NONE',  ( 276.0000000000003411, 241.0000000000003411, 15.00000000000001421 ) ) ;
#3973 = VERTEX_POINT ( 'NONE', #921 ) ;
#3974 = EDGE_LOOP ( 'NONE', ( #6826, #1557, #3964, #5962 ) ) ;
#3975 = DIRECTION ( 'NONE',  ( -1.000000000000000000, 0.000000000000000000, 8.441837551339287274E-51 ) ) ;
#3976 = DIRECTION ( 'NONE',  ( 1.000000000000000000, -7.590943252506637819E-32, -2.033782021272921061E-31 ) ) ;
#3977 = AXIS2_PLACEMENT_3D ( 'NONE', #5285, #2916, #9108 ) ;
#3978 = CARTESIAN_POINT ( 'NONE',  ( 376.0000000000000000, 223.1250000000002274, 3.999999999999996447 ) ) ;
#3979 = EDGE_CURVE ( 'NONE', #1451, #6404, #4994, .T. ) ;
#3980 = FACE_OUTER_BOUND ( 'NONE', #8886, .T. ) ;
#3981 = DIRECTION ( 'NONE',  ( 2.033782021272921061E-31, 5.176899690512889973E-31, -1.000000000000000000 ) ) ;
#3982 = DIRECTION ( 'NONE',  ( 4.153328129396235614E-21, 1.000000000000000000, 4.847850589925337920E-21 ) ) ;
#3983 = CIRCLE ( 'NONE', #1469, 6.000000000000005329 ) ;
#3984 = ADVANCED_FACE ( 'NONE', ( #783 ), #6845, .F. ) ;
#3985 = PLANE ( 'NONE',  #3763 ) ;
#3986 = ORIENTED_EDGE ( 'NONE', *, *, #5665, .T. ) ;
#3987 = DIRECTION ( 'NONE',  ( 2.033782021272921061E-31, 5.176899690512889973E-31, 1.000000000000000000 ) ) ;
#3988 = AXIS2_PLACEMENT_3D ( 'NONE', #1637, #1670, #3921 ) ;
#3989 = DIRECTION ( 'NONE',  ( 2.033782021272921061E-31, -5.176899690512889973E-31, -1.000000000000000000 ) ) ;
#3990 = EDGE_CURVE ( 'NONE', #618, #5751, #10166, .T. ) ;
#3991 = CARTESIAN_POINT ( 'NONE',  ( 458.4999999999998295, 243.5000000000000000, -3.000000000000002665 ) ) ;
#3992 = CIRCLE ( 'NONE', #3862, 4.000000000000017764 ) ;
#3993 = FACE_BOUND ( 'NONE', #8052, .T. ) ;
#3994 = AXIS2_PLACEMENT_3D ( 'NONE', #3558, #10028, #2624 ) ;
#3995 = EDGE_CURVE ( 'NONE', #1384, #4218, #1039, .T. ) ;
#3996 = VERTEX_POINT ( 'NONE', #1067 ) ;
#3997 = CARTESIAN_POINT ( 'NONE',  ( 26.00000000000003908, 235.0000000000003126, 9.000000000000007105 ) ) ;
#3998 = CARTESIAN_POINT ( 'NONE',  ( 272.0000000000003411, 145.0000000000001705, 0.000000000000000000 ) ) ;
#3999 = PRODUCT_RELATED_PRODUCT_CATEGORY ( 'part', '', ( #5837 ) ) ;
#4000 = VECTOR ( 'NONE', #5438, 1000.000000000000000 ) ;
#4001 = CARTESIAN_POINT ( 'NONE',  ( 26.53877007360071261, 50.71355636493060359, -4.598059989243556522 ) ) ;
#4002 = LINE ( 'NONE', #281, #8206 ) ;
#4003 = ORIENTED_EDGE ( 'NONE', *, *, #1817, .T. ) ;
#4004 = EDGE_CURVE ( 'NONE', #7698, #6059, #5990, .T. ) ;
#4005 = DIRECTION ( 'NONE',  ( 1.000000000000000000, 0.000000000000000000, 0.000000000000000000 ) ) ;
#4006 = DIRECTION ( 'NONE',  ( 1.000000000000000000, 5.600273556634003027E-19, -3.136292949173481922E-19 ) ) ;
#4007 = FACE_OUTER_BOUND ( 'NONE', #6005, .T. ) ;
#4008 = CARTESIAN_POINT ( 'NONE',  ( 455.9999999999999432, 243.5000000000000000, 15.00000000000001599 ) ) ;
#4009 = FACE_OUTER_BOUND ( 'NONE', #9343, .T. ) ;
#4010 = ORIENTED_EDGE ( 'NONE', *, *, #8868, .T. ) ;
#4011 = CARTESIAN_POINT ( 'NONE',  ( 18.52355956266570658, 18.50000000000003908, 294.0782957456584086 ) ) ;
#4012 = ORIENTED_EDGE ( 'NONE', *, *, #7482, .F. ) ;
#4013 = CARTESIAN_POINT ( 'NONE',  ( 0.000000000000000000, 0.000000000000000000, 21.00000000000000000 ) ) ;
#4014 = DIRECTION ( 'NONE',  ( 0.000000000000000000, -1.000000000000000000, 0.000000000000000000 ) ) ;
#4015 = LINE ( 'NONE', #9770, #8467 ) ;
#4016 = CARTESIAN_POINT ( 'NONE',  ( 1095.000000000000000, 295.0000000000000000, -15.00000000000001599 ) ) ;
#4017 = DIRECTION ( 'NONE',  ( 1.000000000000000000, 0.000000000000000000, -2.609204460588635816E-49 ) ) ;
#4018 = LINE ( 'NONE', #3755, #7858 ) ;
#4019 = ORIENTED_EDGE ( 'NONE', *, *, #1194, .F. ) ;
#4020 = AXIS2_PLACEMENT_3D ( 'NONE', #6094, #6924, #8504 ) ;
#4021 = DIRECTION ( 'NONE',  ( -0.000000000000000000, 0.000000000000000000, 1.000000000000000000 ) ) ;
#4022 = CARTESIAN_POINT ( 'NONE',  ( 825.9999999999998863, 237.9999999999999716, -15.00000000000001421 ) ) ;
#4023 = LINE ( 'NONE', #7520, #59 ) ;
#4024 = CARTESIAN_POINT ( 'NONE',  ( 376.0000000000000000, 44.62500000000002842, 0.000000000000000000 ) ) ;
#4025 = CIRCLE ( 'NONE', #3514, 4.000000000000003553 ) ;
#4026 = EDGE_CURVE ( 'NONE', #6091, #2138, #9306, .T. ) ;
#4027 = ORIENTED_EDGE ( 'NONE', *, *, #5188, .T. ) ;
#4028 = ADVANCED_FACE ( 'NONE', ( #7221 ), #7830, .F. ) ;
#4029 = DIRECTION ( 'NONE',  ( 3.136292949173481922E-19, 1.387778780781445676E-17, -1.000000000000000000 ) ) ;
#4030 = ORIENTED_EDGE ( 'NONE', *, *, #9341, .T. ) ;
#4031 = AXIS2_PLACEMENT_3D ( 'NONE', #9760, #7503, #9826 ) ;
#4032 = ORIENTED_EDGE ( 'NONE', *, *, #4128, .F. ) ;
#4033 = DIRECTION ( 'NONE',  ( 3.136292949173481922E-19, -1.387778780781445676E-17, 1.000000000000000000 ) ) ;
#4034 = DIRECTION ( 'NONE',  ( 5.600273556634000138E-19, 1.000000000000000000, -6.938893903907225296E-18 ) ) ;
#4035 = LINE ( 'NONE', #5302, #5414 ) ;
#4036 = DIRECTION ( 'NONE',  ( 1.000000000000000000, 0.000000000000000000, 0.000000000000000000 ) ) ;
#4037 = LINE ( 'NONE', #6271, #2795 ) ;
#4038 = VERTEX_POINT ( 'NONE', #2540 ) ;
#4039 = CARTESIAN_POINT ( 'NONE',  ( 1015.499999999999659, 237.9999999999999432, -15.00000000000001421 ) ) ;
#4040 = CARTESIAN_POINT ( 'NONE',  ( 26.96408414062871728, 246.0998057098976801, 5.990497115683851348 ) ) ;
#4041 = CARTESIAN_POINT ( 'NONE',  ( 24.99999999999991118, 246.5000000000001137, 7.499999999999951150 ) ) ;
#4042 = AXIS2_PLACEMENT_3D ( 'NONE', #1433, #5567, #3342 ) ;
#4043 = CARTESIAN_POINT ( 'NONE',  ( 41.50000000000002842, 243.5000000000000000, 15.00000000000001421 ) ) ;
#4044 = DIRECTION ( 'NONE',  ( -0.01155324573840933386, 4.895511460182202489E-21, -0.9999332590292754341 ) ) ;
#4045 = ORIENTED_EDGE ( 'NONE', *, *, #8077, .T. ) ;
#4047 = ORIENTED_EDGE ( 'NONE', *, *, #5917, .T. ) ;
#4046 = FACE_OUTER_BOUND ( 'NONE', #335, .T. ) ;
#4048 = EDGE_CURVE ( 'NONE', #10134, #6725, #6972, .T. ) ;
#4049 = DIRECTION ( 'NONE',  ( 1.000000000000000000, -7.590943252506637819E-32, 2.033782021272921061E-31 ) ) ;
#4050 = VERTEX_POINT ( 'NONE', #7998 ) ;
#4051 = ORIENTED_EDGE ( 'NONE', *, *, #7826, .F. ) ;
#4052 = DIRECTION ( 'NONE',  ( 1.000000000000000000, 0.000000000000000000, 0.000000000000000000 ) ) ;
#4053 = DIRECTION ( 'NONE',  ( -0.000000000000000000, 0.000000000000000000, 1.000000000000000000 ) ) ;
#4054 = LINE ( 'NONE', #9363, #1958 ) ;
#4055 = VECTOR ( 'NONE', #9224, 1000.000000000000000 ) ;
#4056 = AXIS2_PLACEMENT_3D ( 'NONE', #4720, #5519, #4825 ) ;
#4058 = ORIENTED_EDGE ( 'NONE', *, *, #7727, .T. ) ;
#4057 = VECTOR ( 'NONE', #4744, 1000.000000000000000 ) ;
#4059 = DIRECTION ( 'NONE',  ( 0.000000000000000000, 0.000000000000000000, -1.000000000000000000 ) ) ;
#4060 = DIRECTION ( 'NONE',  ( -1.000000000000000000, 0.000000000000000000, 0.000000000000000000 ) ) ;
#4061 = VERTEX_POINT ( 'NONE', #4904 ) ;
#4062 = EDGE_CURVE ( 'NONE', #9752, #9828, #8576, .T. ) ;
#4063 = EDGE_LOOP ( 'NONE', ( #7928, #7087, #877, #7747 ) ) ;
#4064 = ORIENTED_EDGE ( 'NONE', *, *, #995, .F. ) ;
#4065 = CARTESIAN_POINT ( 'NONE',  ( 25.00000000000002132, 51.50000000000000000, 7.500000000000007105 ) ) ;
#4066 = AXIS2_PLACEMENT_3D ( 'NONE', #1607, #3160, #6304 ) ;
#4067 = CARTESIAN_POINT ( 'NONE',  ( 272.0000000000003411, 49.00000000000004263, 0.000000000000000000 ) ) ;
#4068 = FACE_OUTER_BOUND ( 'NONE', #4436, .T. ) ;
#4069 = CARTESIAN_POINT ( 'NONE',  ( 26.76554431089670061, 49.51678322719949676, -5.240676602139431317 ) ) ;
#4071 = ORIENTED_EDGE ( 'NONE', *, *, #2323, .F. ) ;
#4070 = CIRCLE ( 'NONE', #5490, 3.000000000000002665 ) ;
#4072 = CARTESIAN_POINT ( 'NONE',  ( 728.0000000000001137, 243.5000000000000000, -3.000000000000002665 ) ) ;
#4073 = ORIENTED_EDGE ( 'NONE', *, *, #6126, .F. ) ;
#4074 = CARTESIAN_POINT ( 'NONE',  ( 376.0000000000000000, 0.000000000000000000, 15.00000000000001421 ) ) ;
#4075 = EDGE_CURVE ( 'NONE', #2618, #2486, #7095, .T. ) ;
#4076 = ORIENTED_EDGE ( 'NONE', *, *, #8100, .T. ) ;
#4077 = CARTESIAN_POINT ( 'NONE',  ( 0.000000000000000000, 294.9999999999998295, 14.99999999999990230 ) ) ;
#4078 = CARTESIAN_POINT ( 'NONE',  ( 34.00000000000002842, 243.5000000000000000, -1.500000000000001332 ) ) ;
#4079 = LINE ( 'NONE', #3557, #8531 ) ;
#4080 = ORIENTED_EDGE ( 'NONE', *, *, #10217, .F. ) ;
#4081 = ADVANCED_FACE ( 'NONE', ( #1168 ), #4880, .F. ) ;
#4082 = CARTESIAN_POINT ( 'NONE',  ( 26.88764279194252538, 53.88277574812985193, -9.333125034136863007 ) ) ;
#4083 = APPLICATION_PROTOCOL_DEFINITION ( 'draft international standard', 'automotive_design', 1998, #8739 ) ;
#4084 = ORIENTED_EDGE ( 'NONE', *, *, #4418, .T. ) ;
#4085 = ADVANCED_FACE ( 'NONE', ( #4121, #1285, #9430 ), #5664, .T. ) ;
#4086 = CARTESIAN_POINT ( 'NONE',  ( 375.9999999999999432, 85.25000000000015632, 3.999999999999996447 ) ) ;
#4087 = DIRECTION ( 'NONE',  ( -1.941925118803054280E-33, 0.000000000000000000, -1.000000000000000000 ) ) ;
#4088 = CARTESIAN_POINT ( 'NONE',  ( 26.88736900188100165, 241.1037908430458003, 9.346081811335354317 ) ) ;
#4090 = VERTEX_POINT ( 'NONE', #7251 ) ;
#4089 = VECTOR ( 'NONE', #2996, 1000.000000000000000 ) ;
#4091 = CARTESIAN_POINT ( 'NONE',  ( 263.9999999999998863, 51.49999999999999289, 3.000000000000002665 ) ) ;
#4092 = CARTESIAN_POINT ( 'NONE',  ( 263.9999999999998863, 51.49999999999999289, -15.00000000000001599 ) ) ;
#4093 = ORIENTED_EDGE ( 'NONE', *, *, #7508, .F. ) ;
#4094 = DIRECTION ( 'NONE',  ( -0.000000000000000000, 0.000000000000000000, 1.000000000000000000 ) ) ;
#4095 = ORIENTED_EDGE ( 'NONE', *, *, #8508, .T. ) ;
#4096 = EDGE_LOOP ( 'NONE', ( #683, #5719 ) ) ;
#4097 = DIRECTION ( 'NONE',  ( -2.609204460588635816E-49, 0.000000000000000000, 1.000000000000000000 ) ) ;
#4098 = PRODUCT_DEFINITION_CONTEXT ( 'detailed design', #135, 'design' ) ;
#4099 = EDGE_CURVE ( 'NONE', #2048, #8378, #8818, .T. ) ;
#4101 = ORIENTED_EDGE ( 'NONE', *, *, #5786, .T. ) ;
#4100 = LINE ( 'NONE', #5019, #6088 ) ;
#4102 = DIRECTION ( 'NONE',  ( 1.000000000000000000, 0.000000000000000000, 0.000000000000000000 ) ) ;
#4103 = VECTOR ( 'NONE', #5362, 1000.000000000000000 ) ;
#4104 = ORIENTED_EDGE ( 'NONE', *, *, #2810, .T. ) ;
#4105 = DIRECTION ( 'NONE',  ( 1.000000000000000000, 0.000000000000000000, 0.000000000000000000 ) ) ;
#4106 = ORIENTED_EDGE ( 'NONE', *, *, #6738, .T. ) ;
#4107 = DIRECTION ( 'NONE',  ( 0.000000000000000000, 0.000000000000000000, -1.000000000000000000 ) ) ;
#4108 = DIRECTION ( 'NONE',  ( -1.000000000000000000, 2.041077998578924066E-17, -2.259514891400699422E-33 ) ) ;
#4109 = EDGE_CURVE ( 'NONE', #5770, #6710, #2267, .T. ) ;
#4110 = CARTESIAN_POINT ( 'NONE',  ( 41.50000000000002842, 147.5000000000000853, 15.00000000000001421 ) ) ;
#4111 = CIRCLE ( 'NONE', #611, 2.499999999999946709 ) ;
#4112 = VECTOR ( 'NONE', #2010, 1000.000000000000000 ) ;
#4113 = CARTESIAN_POINT ( 'NONE',  ( 0.000000000000000000, 263.7500000000001705, -3.469446951953614189E-15 ) ) ;
#4114 = ORIENTED_EDGE ( 'NONE', *, *, #7374, .F. ) ;
#4115 = DIRECTION ( 'NONE',  ( -2.033782021272921061E-31, -5.176899690512889973E-31, 1.000000000000000000 ) ) ;
#4116 = EDGE_CURVE ( 'NONE', #8268, #3899, #9667, .T. ) ;
#4117 = DIRECTION ( 'NONE',  ( 1.000000000000000000, 3.652049423109066841E-16, -0.000000000000000000 ) ) ;
#4118 = PRODUCT_CONTEXT ( 'NONE', #5646, 'mechanical' ) ;
#4119 = EDGE_CURVE ( 'NONE', #161, #3166, #6742, .T. ) ;
#4120 = CIRCLE ( 'NONE', #3916, 3.000000000000058176 ) ;
#4121 = FACE_BOUND ( 'NONE', #4343, .T. ) ;
#4122 = CARTESIAN_POINT ( 'NONE',  ( 1012.999999999999659, 237.9999999999999432, -13.00000000000001066 ) ) ;
#4123 = LINE ( 'NONE', #8538, #1776 ) ;
#4124 = ORIENTED_EDGE ( 'NONE', *, *, #6352, .F. ) ;
#4125 = DIRECTION ( 'NONE',  ( -1.000000000000000000, -5.600273556634003027E-19, 3.136292949173481922E-19 ) ) ;
#4126 = EDGE_CURVE ( 'NONE', #6488, #7917, #8689, .T. ) ;
#4127 = STYLED_ITEM ( 'NONE', ( #8774 ), #7623 ) ;
#4128 = EDGE_CURVE ( 'NONE', #700, #2486, #5742, .T. ) ;
#4129 = LINE ( 'NONE', #7227, #7839 ) ;
#4130 = ADVANCED_BREP_SHAPE_REPRESENTATION ( '', ( #3509, #3788 ), #10064 ) ;
#4131 = CARTESIAN_POINT ( 'NONE',  ( 0.000000000000000000, 267.7500000000000568, 3.999999999999996447 ) ) ;
#4132 = CIRCLE ( 'NONE', #1064, 7.500000000000000000 ) ;
#4133 = ORIENTED_EDGE ( 'NONE', *, *, #2653, .T. ) ;
#4134 = AXIS2_PLACEMENT_3D ( 'NONE', #7306, #3362, #4193 ) ;
#4135 = ADVANCED_FACE ( 'NONE', ( #4751 ), #5103, .T. ) ;
#4136 = CARTESIAN_POINT ( 'NONE',  ( 1095.000000000000000, 2.307652204411942469E-14, 1.492595706900107786E-28 ) ) ;
#4137 = ORIENTED_EDGE ( 'NONE', *, *, #6860, .T. ) ;
#4138 = ADVANCED_FACE ( 'NONE', ( #2510 ), #8257, .T. ) ;
#4139 = PLANE ( 'NONE',  #7034 ) ;
#4140 = CIRCLE ( 'NONE', #8534, 4.000000000000003553 ) ;
#4141 = EDGE_CURVE ( 'NONE', #1879, #619, #2017, .T. ) ;
#4142 = CARTESIAN_POINT ( 'NONE',  ( 1017.999999999999545, 237.9999999999999432, 15.00000000000001421 ) ) ;
#4143 = CYLINDRICAL_SURFACE ( 'NONE', #7731, 3.000000000000002665 ) ;
#4144 = ORIENTED_EDGE ( 'NONE', *, *, #9783, .F. ) ;
#4145 = EDGE_LOOP ( 'NONE', ( #825, #3585, #5218, #4945 ) ) ;
#4146 = CARTESIAN_POINT ( 'NONE',  ( 0.000000000000000000, 120.0000000000000000, 0.000000000000000000 ) ) ;
#4147 = PLANE ( 'NONE',  #10235 ) ;
#4148 = FACE_OUTER_BOUND ( 'NONE', #6071, .T. ) ;
#4149 = CARTESIAN_POINT ( 'NONE',  ( 26.96408414062871728, 54.09980570989764459, -5.990497115683835361 ) ) ;
#4150 = PRODUCT_CONTEXT ( 'NONE', #2358, 'mechanical' ) ;
#4151 = CYLINDRICAL_SURFACE ( 'NONE', #7220, 4.000000000000034639 ) ;
#4152 = ORIENTED_EDGE ( 'NONE', *, *, #1659, .F. ) ;
#4153 = COLOUR_RGB ( '',1.000000000000000000, 1.000000000000000000, 1.000000000000000000 ) ;
#4154 = CARTESIAN_POINT ( 'NONE',  ( 68.00000000000008527, 209.0000000000003411, 0.000000000000000000 ) ) ;
#4155 = CARTESIAN_POINT ( 'NONE',  ( 27.11745698183213094, 240.5196655244516251, 7.895979704261918641 ) ) ;
#4156 = CARTESIAN_POINT ( 'NONE',  ( 107.4964237680542141, 120.0000000000000000, 4.500000000000000888 ) ) ;
#4157 = FACE_OUTER_BOUND ( 'NONE', #4710, .T. ) ;
#4158 = AXIS2_PLACEMENT_3D ( 'NONE', #3080, #8585, #8651 ) ;
#4159 =( LENGTH_UNIT ( ) NAMED_UNIT ( * ) SI_UNIT ( .MILLI., .METRE. ) );
#4160 = VERTEX_POINT ( 'NONE', #3437 ) ;
#4161 = LINE ( 'NONE', #6517, #5538 ) ;
#4162 = VERTEX_POINT ( 'NONE', #4230 ) ;
#4163 = EDGE_LOOP ( 'NONE', ( #5276, #474, #9885, #7804 ) ) ;
#4164 = DIRECTION ( 'NONE',  ( 3.136292949173481922E-19, 1.387778780781445676E-17, -1.000000000000000000 ) ) ;
#4165 = EDGE_LOOP ( 'NONE', ( #1681, #4678 ) ) ;
#4166 = DIRECTION ( 'NONE',  ( 3.136292949173481922E-19, 1.387778780781445676E-17, -1.000000000000000000 ) ) ;
#4167 = DIRECTION ( 'NONE',  ( 0.000000000000000000, 0.000000000000000000, 1.000000000000000000 ) ) ;
#4168 = EDGE_CURVE ( 'NONE', #6948, #5454, #3876, .T. ) ;
#4169 = DIRECTION ( 'NONE',  ( 0.000000000000000000, 0.000000000000000000, -1.000000000000000000 ) ) ;
#4170 = ORIENTED_EDGE ( 'NONE', *, *, #6968, .F. ) ;
#4171 = CIRCLE ( 'NONE', #8746, 2.500000000000002220 ) ;
#4172 = VERTEX_POINT ( 'NONE', #3400 ) ;
#4173 = CARTESIAN_POINT ( 'NONE',  ( 376.0000000000000000, 308.3750000000000568, 4.000000000000003553 ) ) ;
#4174 = DIRECTION ( 'NONE',  ( 1.000000000000000000, 1.826024711554532927E-16, -0.000000000000000000 ) ) ;
#4175 = AXIS2_PLACEMENT_3D ( 'NONE', #5295, #694, #6221 ) ;
#4176 = ORIENTED_EDGE ( 'NONE', *, *, #1492, .F. ) ;
#4177 = DIRECTION ( 'NONE',  ( -1.000000000000000000, 0.000000000000000000, 0.000000000000000000 ) ) ;
#4178 = EDGE_CURVE ( 'NONE', #8636, #6830, #8331, .T. ) ;
#4179 = DIRECTION ( 'NONE',  ( 3.136292949173481922E-19, 1.387778780781445676E-17, -1.000000000000000000 ) ) ;
#4180 = CARTESIAN_POINT ( 'NONE',  ( 362.4999999999998863, 243.5000000000000000, 3.000000000000002665 ) ) ;
#4181 = CARTESIAN_POINT ( 'NONE',  ( 725.0000000000001137, 51.49999999999999289, 15.00000000000001599 ) ) ;
#4182 = ORIENTED_EDGE ( 'NONE', *, *, #3303, .T. ) ;
#4184 = ORIENTED_EDGE ( 'NONE', *, *, #9600, .F. ) ;
#4183 = VECTOR ( 'NONE', #10015, 1000.000000000000000 ) ;
#4185 = CARTESIAN_POINT ( 'NONE',  ( 382.0000000000000000, 51.49999999999999289, 0.000000000000000000 ) ) ;
#4186 = AXIS2_PLACEMENT_3D ( 'NONE', #5119, #7494, #7358 ) ;
#4187 = ORIENTED_EDGE ( 'NONE', *, *, #9840, .T. ) ;
#4188 = ADVANCED_FACE ( 'NONE', ( #9913 ), #1775, .F. ) ;
#4190 = ORIENTED_EDGE ( 'NONE', *, *, #53, .T. ) ;
#4189 =( REPRESENTATION_RELATIONSHIP ('NONE','NONE', #4500, #8040 ) REPRESENTATION_RELATIONSHIP_WITH_TRANSFORMATION ( #2272 )SHAPE_REPRESENTATION_RELATIONSHIP( ) );
#4191 = EDGE_CURVE ( 'NONE', #2464, #8106, #2756, .T. ) ;
#4192 = ADVANCED_FACE ( 'NONE', ( #5493, #7587, #3380 ), #1023, .F. ) ;
#4193 = DIRECTION ( 'NONE',  ( 1.000000000000000000, 0.000000000000000000, 0.000000000000000000 ) ) ;
#4194 = STYLED_ITEM ( 'NONE', ( #6096 ), #6282 ) ;
#4195 = DIRECTION ( 'NONE',  ( -0.000000000000000000, 0.000000000000000000, 1.000000000000000000 ) ) ;
#4196 = DIRECTION ( 'NONE',  ( -0.000000000000000000, -0.000000000000000000, 1.000000000000000000 ) ) ;
#4197 = EDGE_CURVE ( 'NONE', #8247, #6586, #8080, .T. ) ;
#4198 = DIRECTION ( 'NONE',  ( -7.590943252506637819E-32, 1.000000000000000000, -5.176899690512889973E-31 ) ) ;
#4200 = VERTEX_POINT ( 'NONE', #5864 ) ;
#4199 = FACE_OUTER_BOUND ( 'NONE', #3447, .T. ) ;
#4201 = CARTESIAN_POINT ( 'NONE',  ( 27.63851566136116134, 151.4730890899367921, 6.964970305716054355 ) ) ;
#4202 = DIRECTION ( 'NONE',  ( 1.000000000000000000, 0.000000000000000000, 0.000000000000000000 ) ) ;
#4203 = EDGE_LOOP ( 'NONE', ( #3598, #5090 ) ) ;
#4204 = CARTESIAN_POINT ( 'NONE',  ( 6.938893903907228378E-15, 129.8750000000000853, 4.000000000000003553 ) ) ;
#4205 = LINE ( 'NONE', #5593, #2093 ) ;
#4206 = DIRECTION ( 'NONE',  ( 0.000000000000000000, 0.000000000000000000, -1.000000000000000000 ) ) ;
#4207 = ORIENTED_EDGE ( 'NONE', *, *, #5188, .F. ) ;
#4208 = CARTESIAN_POINT ( 'NONE',  ( 376.0000000000000000, 40.62499999999991473, 4.000000000000003553 ) ) ;
#4209 = EDGE_CURVE ( 'NONE', #2164, #9867, #5245, .T. ) ;
#4210 = ORIENTED_EDGE ( 'NONE', *, *, #3459, .F. ) ;
#4211 = DIRECTION ( 'NONE',  ( 1.000000000000000000, -7.590943252506637819E-32, 2.033782021272921061E-31 ) ) ;
#4212 = ORIENTED_EDGE ( 'NONE', *, *, #4805, .T. ) ;
#4213 = DIRECTION ( 'NONE',  ( -2.033782021272921061E-31, -5.176899690512889973E-31, 1.000000000000000000 ) ) ;
#4214 = ORIENTED_EDGE ( 'NONE', *, *, #6426, .T. ) ;
#4215 = CARTESIAN_POINT ( 'NONE',  ( 385.0000000000000000, 3.000000000000002665, 0.000000000000000000 ) ) ;
#4216 = ORIENTED_EDGE ( 'NONE', *, *, #8807, .T. ) ;
#4217 = DIRECTION ( 'NONE',  ( 0.000000000000000000, -1.000000000000000000, 0.000000000000000000 ) ) ;
#4218 = VERTEX_POINT ( 'NONE', #8226 ) ;
#4219 = ORIENTED_EDGE ( 'NONE', *, *, #5604, .T. ) ;
#4220 = CARTESIAN_POINT ( 'NONE',  ( 10.50000000000000711, 51.50000000000000000, 14.99999999999990230 ) ) ;
#4221 = DIRECTION ( 'NONE',  ( -1.000000000000000000, -2.041077998578924066E-17, -1.624335346205397848E-33 ) ) ;
#4223 = EDGE_LOOP ( 'NONE', ( #2678, #9857, #1850, #4227 ) ) ;
#4222 = FACE_OUTER_BOUND ( 'NONE', #8842, .T. ) ;
#4224 = VERTEX_POINT ( 'NONE', #1881 ) ;
#4225 = LINE ( 'NONE', #3753, #6080 ) ;
#4226 = AXIS2_PLACEMENT_3D ( 'NONE', #1300, #9878, #422 ) ;
#4227 = ORIENTED_EDGE ( 'NONE', *, *, #4738, .F. ) ;
#4228 = SURFACE_SIDE_STYLE ('',( #7963 ) ) ;
#4229 = ORIENTED_EDGE ( 'NONE', *, *, #411, .F. ) ;
#4230 = CARTESIAN_POINT ( 'NONE',  ( 0.000000000000000000, 40.62499999999991473, 4.000000000000003553 ) ) ;
#4231 = CARTESIAN_POINT ( 'NONE',  ( 26.50801907271200974, 243.1027816697689445, 10.48010897860940815 ) ) ;
#4232 = AXIS2_PLACEMENT_3D ( 'NONE', #5930, #2662, #8341 ) ;
#4233 = CARTESIAN_POINT ( 'NONE',  ( 0.000000000000000000, 0.000000000000000000, 4.000000000000058620 ) ) ;
#4234 = CARTESIAN_POINT ( 'NONE',  ( 382.0000000000000000, 243.5000000000000000, 15.00000000000001421 ) ) ;
#4235 = AXIS2_PLACEMENT_3D ( 'NONE', #491, #6897, #1270 ) ;
#4236 = CYLINDRICAL_SURFACE ( 'NONE', #1675, 2.500000000000002220 ) ;
#4237 = VECTOR ( 'NONE', #6323, 1000.000000000000000 ) ;
#4238 = EDGE_LOOP ( 'NONE', ( #3309, #4207, #9759, #2496 ) ) ;
#4239 = AXIS2_PLACEMENT_3D ( 'NONE', #4700, #8633, #3238 ) ;
#4240 = DIRECTION ( 'NONE',  ( 1.000000000000000000, 0.000000000000000000, 0.000000000000000000 ) ) ;
#4241 = DIRECTION ( 'NONE',  ( 2.033782021272921061E-31, 5.176899690512889973E-31, 1.000000000000000000 ) ) ;
#4242 = ADVANCED_FACE ( 'NONE', ( #523 ), #9175, .F. ) ;
#4243 = DIRECTION ( 'NONE',  ( -1.000000000000000000, 0.000000000000000000, 0.000000000000000000 ) ) ;
#4244 = VECTOR ( 'NONE', #7346, 1000.000000000000000 ) ;
#4245 = DIRECTION ( 'NONE',  ( -1.000000000000000000, 0.000000000000000000, 0.000000000000000000 ) ) ;
#4246 = LINE ( 'NONE', #2796, #3867 ) ;
#4247 = DIRECTION ( 'NONE',  ( -1.000000000000000000, 0.000000000000000000, 0.000000000000000000 ) ) ;
#4248 = VERTEX_POINT ( 'NONE', #9906 ) ;
#4249 = DIRECTION ( 'NONE',  ( 5.600273556634000138E-19, 1.000000000000000000, -6.938893903907225296E-18 ) ) ;
#4250 = CARTESIAN_POINT ( 'NONE',  ( 0.000000000000000000, 44.62500000000013500, 4.000000000000003553 ) ) ;
#4251 = CARTESIAN_POINT ( 'NONE',  ( 791.4999999999998863, 237.9999999999999432, 15.00000000000001599 ) ) ;
#4252 = CARTESIAN_POINT ( 'NONE',  ( 0.000000000000000000, 0.000000000000000000, 0.000000000000000000 ) ) ;
#4253 = DIRECTION ( 'NONE',  ( 2.033782021272921061E-31, 5.176899690512889973E-31, -1.000000000000000000 ) ) ;
#4254 = FACE_OUTER_BOUND ( 'NONE', #8322, .T. ) ;
#4255 = AXIS2_PLACEMENT_3D ( 'NONE', #8215, #1442, #1918 ) ;
#4256 = CARTESIAN_POINT ( 'NONE',  ( 1095.000000000000000, 295.0000000000000000, -15.00000000000001599 ) ) ;
#4257 = EDGE_CURVE ( 'NONE', #9827, #8894, #5373, .T. ) ;
#4258 = LINE ( 'NONE', #884, #916 ) ;
#4259 = EDGE_LOOP ( 'NONE', ( #5044, #5017, #9245, #9630 ) ) ;
#4260 = ITEM_DEFINED_TRANSFORMATION ( 'NONE', 'NONE', #2139,  #3788 ) ;
#4261 = AXIS2_PLACEMENT_3D ( 'NONE', #3840, #3038, #6958 ) ;
#4262 = CARTESIAN_POINT ( 'NONE',  ( 375.9999999999999432, 85.25000000000015632, 3.999999999999996447 ) ) ;
#4263 = CARTESIAN_POINT ( 'NONE',  ( 68.00000000000008527, 241.0000000000002842, 15.00000000000001421 ) ) ;
#4264 = AXIS2_PLACEMENT_3D ( 'NONE', #1563, #7133, #33 ) ;
#4265 = PRESENTATION_STYLE_ASSIGNMENT (( #1086 ) ) ;
#4266 = PRODUCT_DEFINITION_CONTEXT ( 'detailed design', #8888, 'design' ) ;
#4267 = CARTESIAN_POINT ( 'NONE',  ( 332.4999999999998863, 147.5000000000000853, 15.00000000000001421 ) ) ;
#4268 =( NAMED_UNIT ( * ) SI_UNIT ( $, .STERADIAN. ) SOLID_ANGLE_UNIT ( ) );
#4269 = LINE ( 'NONE', #2979, #3014 ) ;
#4270 = ORIENTED_EDGE ( 'NONE', *, *, #3266, .F. ) ;
#4271 = EDGE_CURVE ( 'NONE', #3128, #1546, #1765, .T. ) ;
#4272 = FILL_AREA_STYLE_COLOUR ( '', #1350 ) ;
#4273 = ORIENTED_EDGE ( 'NONE', *, *, #3599, .T. ) ;
#4274 = AXIS2_PLACEMENT_3D ( 'NONE', #5434, #9426, #6981 ) ;
#4275 = DIRECTION ( 'NONE',  ( -0.000000000000000000, 0.000000000000000000, 1.000000000000000000 ) ) ;
#4276 = CARTESIAN_POINT ( 'NONE',  ( -1.359159320149187673E-17, -4.739951844569326740E-17, 4.500000000000000888 ) ) ;
#4277 = VECTOR ( 'NONE', #5756, 1000.000000000000000 ) ;
#4278 = DIRECTION ( 'NONE',  ( -0.000000000000000000, 1.000000000000000000, 0.000000000000000000 ) ) ;
#4279 = FACE_OUTER_BOUND ( 'NONE', #7136, .T. ) ;
#4280 = ORIENTED_EDGE ( 'NONE', *, *, #6792, .F. ) ;
#4281 = EDGE_CURVE ( 'NONE', #1017, #7162, #8442, .T. ) ;
#4282 = CARTESIAN_POINT ( 'NONE',  ( 116.8598776245141835, 125.0000000000000000, 0.000000000000000000 ) ) ;
#4283 = CARTESIAN_POINT ( 'NONE',  ( 72.00000000000008527, 49.00000000000009948, 9.000000000000007105 ) ) ;
#4284 = LINE ( 'NONE', #5420, #10067 ) ;
#4285 = DIRECTION ( 'NONE',  ( 1.000000000000000000, 0.000000000000000000, 0.000000000000000000 ) ) ;
#4286 = LINE ( 'NONE', #1737, #943 ) ;
#4287 = CIRCLE ( 'NONE', #2338, 6.000000000000019540 ) ;
#4288 = VERTEX_POINT ( 'NONE', #5927 ) ;
#4289 = CARTESIAN_POINT ( 'NONE',  ( 26.50000000000003197, 147.5000000000000853, 3.500000000000002665 ) ) ;
#4290 = ORIENTED_EDGE ( 'NONE', *, *, #6366, .F. ) ;
#4291 = CARTESIAN_POINT ( 'NONE',  ( 26.50000000000003197, 51.49999999999999289, 4.499999999999944045 ) ) ;
#4292 = ADVANCED_FACE ( 'NONE', ( #9786 ), #2111, .T. ) ;
#4293 = DIRECTION ( 'NONE',  ( 0.000000000000000000, 0.000000000000000000, 1.000000000000000000 ) ) ;
#4294 = AXIS2_PLACEMENT_3D ( 'NONE', #2476, #6487, #2507 ) ;
#4295 = CARTESIAN_POINT ( 'NONE',  ( 823.4999999999998863, 237.9999999999999716, -15.00000000000001421 ) ) ;
#4296 = ORIENTED_EDGE ( 'NONE', *, *, #5060, .F. ) ;
#4297 = VECTOR ( 'NONE', #7561, 1000.000000000000000 ) ;
#4298 = DIRECTION ( 'NONE',  ( 2.033782021272921061E-31, 5.176899690512889973E-31, -1.000000000000000000 ) ) ;
#4299 = ORIENTED_EDGE ( 'NONE', *, *, #4884, .F. ) ;
#4300 = CARTESIAN_POINT ( 'NONE',  ( 983.4999999999998863, 237.9999999999999432, -15.00000000000001599 ) ) ;
#4301 = DIRECTION ( 'NONE',  ( 1.000000000000000000, 2.041077998578924066E-17, 1.624335346205397848E-33 ) ) ;
#4302 =( NAMED_UNIT ( * ) SI_UNIT ( $, .STERADIAN. ) SOLID_ANGLE_UNIT ( ) );
#4303 = AXIS2_PLACEMENT_3D ( 'NONE', #8339, #3601, #5164 ) ;
#4304 = DIRECTION ( 'NONE',  ( 0.000000000000000000, 1.000000000000000000, 0.000000000000000000 ) ) ;
#4305 = VERTEX_POINT ( 'NONE', #374 ) ;
#4307 = ORIENTED_EDGE ( 'NONE', *, *, #9328, .T. ) ;
#4306 = VECTOR ( 'NONE', #2713, 1000.000000000000000 ) ;
#4308 = DIRECTION ( 'NONE',  ( 0.000000000000000000, 0.000000000000000000, -1.000000000000000000 ) ) ;
#4309 = EDGE_LOOP ( 'NONE', ( #2673, #6674, #8051, #4604 ) ) ;
#4310 = CARTESIAN_POINT ( 'NONE',  ( 455.9999999999999432, 51.49999999999999289, 15.00000000000001599 ) ) ;
#4311 = EDGE_CURVE ( 'NONE', #2212, #6549, #6341, .T. ) ;
#4312 = CARTESIAN_POINT ( 'NONE',  ( 320.0000000000003979, 241.0000000000003695, 9.000000000000007105 ) ) ;
#4313 = VECTOR ( 'NONE', #300, 1000.000000000000000 ) ;
#4314 = LINE ( 'NONE', #3707, #3196 ) ;
#4315 = CARTESIAN_POINT ( 'NONE',  ( 65.50000000000008527, 209.0000000000003411, 15.00000000000001421 ) ) ;
#4317 = ORIENTED_EDGE ( 'NONE', *, *, #802, .T. ) ;
#4316 = LINE ( 'NONE', #6640, #3682 ) ;
#4318 = AXIS2_PLACEMENT_3D ( 'NONE', #2682, #267, #6611 ) ;
#4319 = EDGE_CURVE ( 'NONE', #5202, #976, #5734, .T. ) ;
#4320 = ORIENTED_EDGE ( 'NONE', *, *, #796, .T. ) ;
#4321 = ORIENTED_EDGE ( 'NONE', *, *, #9731, .F. ) ;
#4322 = ORIENTED_EDGE ( 'NONE', *, *, #5972, .T. ) ;
#4323 = PLANE ( 'NONE',  #6490 ) ;
#4324 = CARTESIAN_POINT ( 'NONE',  ( 26.65160653322065443, 241.9904423129015356, -4.900125791077464044 ) ) ;
#4325 = CARTESIAN_POINT ( 'NONE',  ( 359.9999999999998863, 51.49999999999999289, -15.00000000000001599 ) ) ;
#4326 = CYLINDRICAL_SURFACE ( 'NONE', #7257, 2.499999999999891198 ) ;
#4328 = ORIENTED_EDGE ( 'NONE', *, *, #5110, .F. ) ;
#4327 = FACE_OUTER_BOUND ( 'NONE', #9486, .T. ) ;
#4329 = CARTESIAN_POINT ( 'NONE',  ( 102.0000000000001279, 241.0000000000002558, 9.000000000000007105 ) ) ;
#4330 = ORIENTED_EDGE ( 'NONE', *, *, #7, .F. ) ;
#4331 = EDGE_CURVE ( 'NONE', #2207, #2663, #2749, .T. ) ;
#4332 = ORIENTED_EDGE ( 'NONE', *, *, #137, .F. ) ;
#4333 = DIRECTION ( 'NONE',  ( 2.033782021272921061E-31, -5.176899690512889973E-31, 1.000000000000000000 ) ) ;
#4334 = AXIS2_PLACEMENT_3D ( 'NONE', #1662, #8776, #2457 ) ;
#4335 = CARTESIAN_POINT ( 'NONE',  ( 26.00000000000006040, 55.00000000000004974, 15.00000000000001421 ) ) ;
#4336 = CARTESIAN_POINT ( 'NONE',  ( 728.0000000000001137, 51.49999999999999289, 15.00000000000001599 ) ) ;
#4337 = EDGE_CURVE ( 'NONE', #4160, #6673, #1401, .T. ) ;
#4338 = ORIENTED_EDGE ( 'NONE', *, *, #10035, .T. ) ;
#4339 = DIRECTION ( 'NONE',  ( 0.000000000000000000, 0.000000000000000000, -1.000000000000000000 ) ) ;
#4340 = LINE ( 'NONE', #325, #872 ) ;
#4341 = CARTESIAN_POINT ( 'NONE',  ( 376.0000000000000000, 267.7500000000001705, 3.999999999999996447 ) ) ;
#4342 =( NAMED_UNIT ( * ) SI_UNIT ( $, .STERADIAN. ) SOLID_ANGLE_UNIT ( ) );
#4343 = EDGE_LOOP ( 'NONE', ( #6599, #8985 ) ) ;
#4344 = DIRECTION ( 'NONE',  ( 2.609204460588635816E-49, 0.000000000000000000, -1.000000000000000000 ) ) ;
#4345 = ORIENTED_EDGE ( 'NONE', *, *, #3969, .T. ) ;
#4346 = PRODUCT_DEFINITION_FORMATION_WITH_SPECIFIED_SOURCE ( 'ANY', '', #8203, .NOT_KNOWN. ) ;
#4347 = ORIENTED_EDGE ( 'NONE', *, *, #1890, .F. ) ;
#4348 = DIRECTION ( 'NONE',  ( -5.600273556634000138E-19, -1.000000000000000000, -1.387778780781445676E-17 ) ) ;
#4349 = ADVANCED_FACE ( 'NONE', ( #2503 ), #1189, .F. ) ;
#4350 = EDGE_CURVE ( 'NONE', #8700, #6275, #6217, .T. ) ;
#4351 = VERTEX_POINT ( 'NONE', #6029 ) ;
#4352 = CARTESIAN_POINT ( 'NONE',  ( 314.0000000000003411, 49.00000000000004263, 15.00000000000001421 ) ) ;
#4353 = VERTEX_POINT ( 'NONE', #3567 ) ;
#4354 = VERTEX_POINT ( 'NONE', #4406 ) ;
#4355 = DIRECTION ( 'NONE',  ( -2.033782021272921061E-31, -5.176899690512889973E-31, 1.000000000000000000 ) ) ;
#4356 = ORIENTED_EDGE ( 'NONE', *, *, #7356, .T. ) ;
#4357 = CARTESIAN_POINT ( 'NONE',  ( 105.0000000000000426, 336.0000000000002842, 15.00000000000000711 ) ) ;
#4359 = ORIENTED_EDGE ( 'NONE', *, *, #8752, .F. ) ;
#4358 = LINE ( 'NONE', #574, #2244 ) ;
#4360 = FACE_OUTER_BOUND ( 'NONE', #9042, .T. ) ;
#4361 = ORIENTED_EDGE ( 'NONE', *, *, #4535, .T. ) ;
#4362 = DIRECTION ( 'NONE',  ( -2.033782021272921061E-31, 0.000000000000000000, -1.000000000000000000 ) ) ;
#4363 = ORIENTED_EDGE ( 'NONE', *, *, #883, .F. ) ;
#4364 = DIRECTION ( 'NONE',  ( 1.000000000000000000, 5.600273556634003027E-19, -3.136292949173481922E-19 ) ) ;
#4365 = AXIS2_PLACEMENT_3D ( 'NONE', #4755, #7278, #8865 ) ;
#4366 = DIRECTION ( 'NONE',  ( -1.000000000000000000, 0.000000000000000000, 0.000000000000000000 ) ) ;
#4367 =( NAMED_UNIT ( * ) PLANE_ANGLE_UNIT ( ) SI_UNIT ( $, .RADIAN. ) );
#4368 = LINE ( 'NONE', #653, #3117 ) ;
#4369 = DIRECTION ( 'NONE',  ( -1.000000000000000000, 7.590943252506637819E-32, 2.033782021272921061E-31 ) ) ;
#4370 = ORIENTED_EDGE ( 'NONE', *, *, #3605, .F. ) ;
#4371 = CARTESIAN_POINT ( 'NONE',  ( 293.9999999999999432, 147.5000000000000000, 5.000000000000004441 ) ) ;
#4372 = DIRECTION ( 'NONE',  ( 2.033782021272921061E-31, 5.176899690512889973E-31, 1.000000000000000000 ) ) ;
#4373 = EDGE_CURVE ( 'NONE', #2492, #1956, #4246, .T. ) ;
#4374 = LINE ( 'NONE', #8655, #4877 ) ;
#4375 = AXIS2_PLACEMENT_3D ( 'NONE', #6733, #9026, #5893 ) ;
#4376 = PLANE ( 'NONE',  #1513 ) ;
#4377 = CIRCLE ( 'NONE', #3690, 4.000000000000003553 ) ;
#4378 = ORIENTED_EDGE ( 'NONE', *, *, #2266, .F. ) ;
#4379 = EDGE_LOOP ( 'NONE', ( #7975, #8924, #1838, #8421 ) ) ;
#4380 = DIRECTION ( 'NONE',  ( 2.033782021272921061E-31, 5.176899690512889973E-31, -1.000000000000000000 ) ) ;
#4381 = DIRECTION ( 'NONE',  ( -2.033782021272921061E-31, -5.176899690512889973E-31, 1.000000000000000000 ) ) ;
#4382 = EDGE_CURVE ( 'NONE', #6370, #101, #6731, .T. ) ;
#4383 = DIRECTION ( 'NONE',  ( 2.033782021272921061E-31, -5.176899690512889973E-31, -1.000000000000000000 ) ) ;
#4384 = DIRECTION ( 'NONE',  ( 0.000000000000000000, 0.000000000000000000, -1.000000000000000000 ) ) ;
#4385 = LINE ( 'NONE', #4638, #4000 ) ;
#4386 = ADVANCED_FACE ( 'NONE', ( #9298 ), #9905, .F. ) ;
#4387 = FACE_OUTER_BOUND ( 'NONE', #3818, .T. ) ;
#4388 = ORIENTED_EDGE ( 'NONE', *, *, #4026, .T. ) ;
#4389 = AXIS2_PLACEMENT_3D ( 'NONE', #1682, #6381, #78 ) ;
#4390 = SHAPE_DEFINITION_REPRESENTATION ( #615, #7777 ) ;
#4391 = CARTESIAN_POINT ( 'NONE',  ( 376.0000000000000000, 178.5000000000002274, 4.000000000000003553 ) ) ;
#4392 = VERTEX_POINT ( 'NONE', #6853 ) ;
#4393 = EDGE_CURVE ( 'NONE', #8031, #2866, #8071, .T. ) ;
#4394 = DIRECTION ( 'NONE',  ( 1.000000000000000000, -7.590943252506637819E-32, 2.033782021272921061E-31 ) ) ;
#4395 = CARTESIAN_POINT ( 'NONE',  ( 26.65158639948029062, 241.9905181379987766, -10.09993640703177320 ) ) ;
#4396 = AXIS2_PLACEMENT_3D ( 'NONE', #1416, #4632, #539 ) ;
#4397 = DIRECTION ( 'NONE',  ( 1.000000000000000000, 0.000000000000000000, -2.609204460588635816E-49 ) ) ;
#4398 = EDGE_CURVE ( 'NONE', #4038, #632, #7464, .T. ) ;
#4399 = ADVANCED_FACE ( 'NONE', ( #10029, #7696, #7579, #7214 ), #1222, .F. ) ;
#4400 = FACE_OUTER_BOUND ( 'NONE', #6450, .T. ) ;
#4401 = CARTESIAN_POINT ( 'NONE',  ( 453.5000000000000568, 51.49999999999999289, 3.000000000000002665 ) ) ;
#4402 = CIRCLE ( 'NONE', #2105, 3.000000000000002665 ) ;
#4403 = ORIENTED_EDGE ( 'NONE', *, *, #10203, .T. ) ;
#4404 = CARTESIAN_POINT ( 'NONE',  ( 41.50000000000002842, 243.5000000000000000, 1.500000000000001332 ) ) ;
#4405 = ORIENTED_EDGE ( 'NONE', *, *, #8565, .F. ) ;
#4406 = CARTESIAN_POINT ( 'NONE',  ( 12.00000000000001066, 51.49999999999999289, 1.043681784235455238E-48 ) ) ;
#4407 = PRODUCT_DEFINITION ( 'UNKNOWN', '', #3277, #3760 ) ;
#4408 = CARTESIAN_POINT ( 'NONE',  ( 12.00000000000001066, 243.5000000000000000, 15.00000000000001421 ) ) ;
#4409 = FACE_BOUND ( 'NONE', #6901, .T. ) ;
#4410 = EDGE_CURVE ( 'NONE', #8506, #9581, #5981, .T. ) ;
#4411 = CARTESIAN_POINT ( 'NONE',  ( 10.50000000000000711, 243.5000000000000284, 14.99999999999990230 ) ) ;
#4412 = VECTOR ( 'NONE', #4494, 1000.000000000000000 ) ;
#4413 = ORIENTED_EDGE ( 'NONE', *, *, #2747, .T. ) ;
#4414 = PLANE ( 'NONE',  #9637 ) ;
#4415 = CARTESIAN_POINT ( 'NONE',  ( 1095.000000000000000, 2.307652204411942469E-14, 1.492595706900107786E-28 ) ) ;
#4416 = LINE ( 'NONE', #8829, #3425 ) ;
#4417 = FACE_OUTER_BOUND ( 'NONE', #9013, .T. ) ;
#4418 = EDGE_CURVE ( 'NONE', #7064, #5569, #1641, .T. ) ;
#4419 = LINE ( 'NONE', #5694, #6378 ) ;
#4420 = ORIENTED_EDGE ( 'NONE', *, *, #2199, .T. ) ;
#4421 = CARTESIAN_POINT ( 'NONE',  ( 263.9999999999998863, 51.49999999999999289, -15.00000000000001599 ) ) ;
#4422 = VERTEX_POINT ( 'NONE', #2144 ) ;
#4423 = EDGE_LOOP ( 'NONE', ( #7391, #7286 ) ) ;
#4424 = CARTESIAN_POINT ( 'NONE',  ( 238.0000000000003126, 247.0000000000003126, 15.00000000000001421 ) ) ;
#4425 = AXIS2_PLACEMENT_3D ( 'NONE', #3810, #10010, #5447 ) ;
#4426 = CARTESIAN_POINT ( 'NONE',  ( 275.0000000000003979, 145.0000000000001705, 0.000000000000000000 ) ) ;
#4427 = EDGE_LOOP ( 'NONE', ( #7038, #1716, #500, #323 ) ) ;
#4428 = VECTOR ( 'NONE', #4249, 1000.000000000000000 ) ;
#4429 = ORIENTED_EDGE ( 'NONE', *, *, #5066, .F. ) ;
#4430 = CARTESIAN_POINT ( 'NONE',  ( 26.96408414062871728, 54.09980570989764459, 5.990497115683835361 ) ) ;
#4431 = ORIENTED_EDGE ( 'NONE', *, *, #2667, .F. ) ;
#4432 = AXIS2_PLACEMENT_3D ( 'NONE', #5759, #5826, #8066 ) ;
#4433 = AXIS2_PLACEMENT_3D ( 'NONE', #8694, #2409, #4807 ) ;
#4434 = CARTESIAN_POINT ( 'NONE',  ( 0.000000000000000000, 0.000000000000000000, 4.000000000000058620 ) ) ;
#4435 = DIRECTION ( 'NONE',  ( 2.033782021272921061E-31, 5.176899690512889973E-31, -1.000000000000000000 ) ) ;
#4436 = EDGE_LOOP ( 'NONE', ( #8811, #7885, #1709, #2057 ) ) ;
#4438 = ORIENTED_EDGE ( 'NONE', *, *, #735, .F. ) ;
#4437 = LINE ( 'NONE', #9332, #6042 ) ;
#4439 = PRODUCT_DEFINITION_SHAPE ( 'NONE', 'NONE',  #10251 ) ;
#4440 = ADVANCED_FACE ( 'NONE', ( #7818, #5368, #8320, #3623, #395, #1516, #4619, #5120, #9059, #3744, #8196, #9656, #5485, #3993, #5608 ), #7672, .F. ) ;
#4441 = CARTESIAN_POINT ( 'NONE',  ( 725.0000000000001137, 243.5000000000000000, 15.00000000000001599 ) ) ;
#4442 = ORIENTED_EDGE ( 'NONE', *, *, #4989, .F. ) ;
#4443 = AXIS2_PLACEMENT_3D ( 'NONE', #372, #1908, #4366 ) ;
#4444 = DIRECTION ( 'NONE',  ( 1.000000000000000000, 0.000000000000000000, 0.000000000000000000 ) ) ;
#4445 = EDGE_LOOP ( 'NONE', ( #525, #3020, #7556, #7821 ) ) ;
#4446 = ORIENTED_EDGE ( 'NONE', *, *, #7374, .T. ) ;
#4447 = PLANE ( 'NONE',  #10172 ) ;
#4449 = ORIENTED_EDGE ( 'NONE', *, *, #8239, .T. ) ;
#4448 = FACE_BOUND ( 'NONE', #1374, .T. ) ;
#4450 = ADVANCED_FACE ( 'NONE', ( #1157, #7947, #2992 ), #2963, .T. ) ;
#4451 = CARTESIAN_POINT ( 'NONE',  ( 26.56123273441702892, 244.4738927139267446, -4.655673762635026414 ) ) ;
#4452 = DIRECTION ( 'NONE',  ( 2.033782021272921061E-31, 5.176899690512889973E-31, -1.000000000000000000 ) ) ;
#4453 = EDGE_CURVE ( 'NONE', #5349, #1822, #2136, .T. ) ;
#4454 = VERTEX_POINT ( 'NONE', #9290 ) ;
#4455 = ORIENTED_EDGE ( 'NONE', *, *, #5654, .F. ) ;
#4456 = CARTESIAN_POINT ( 'NONE',  ( 1095.000000000000000, 51.49999999999999289, 7.499999999999949374 ) ) ;
#4457 = PLANE ( 'NONE',  #9879 ) ;
#4458 = PRESENTATION_LAYER_ASSIGNMENT (  '', '', ( #531 ) ) ;
#4459 = VECTOR ( 'NONE', #5314, 1000.000000000000000 ) ;
#4460 = EDGE_CURVE ( 'NONE', #7580, #8836, #8569, .T. ) ;
#4461 = ORIENTED_EDGE ( 'NONE', *, *, #6375, .F. ) ;
#4462 = EDGE_CURVE ( 'NONE', #1478, #8438, #3250, .T. ) ;
#4463 = EDGE_LOOP ( 'NONE', ( #6744, #1902, #963, #477 ) ) ;
#4464 = CARTESIAN_POINT ( 'NONE',  ( 27.12612556112676998, 54.49997503312035718, 7.301915260971086674 ) ) ;
#4465 = ORIENTED_EDGE ( 'NONE', *, *, #9996, .T. ) ;
#4466 =( GEOMETRIC_REPRESENTATION_CONTEXT ( 3 ) GLOBAL_UNCERTAINTY_ASSIGNED_CONTEXT ( ( #9624 ) ) GLOBAL_UNIT_ASSIGNED_CONTEXT ( ( #5455, #2299, #3855 ) ) REPRESENTATION_CONTEXT ( 'NONE', 'WORKASPACE' ) );
#4468 = ORIENTED_EDGE ( 'NONE', *, *, #8288, .T. ) ;
#4467 = VECTOR ( 'NONE', #2072, 1000.000000000000000 ) ;
#4469 = ORIENTED_EDGE ( 'NONE', *, *, #5592, .F. ) ;
#4470 = EDGE_CURVE ( 'NONE', #3573, #8648, #6467, .T. ) ;
#4471 = ORIENTED_EDGE ( 'NONE', *, *, #1653, .T. ) ;
#4472 =( NAMED_UNIT ( * ) SI_UNIT ( $, .STERADIAN. ) SOLID_ANGLE_UNIT ( ) );
#4473 = VERTEX_POINT ( 'NONE', #4542 ) ;
#4474 = DIRECTION ( 'NONE',  ( 5.600273556634000138E-19, 1.000000000000000000, 1.387778780781445676E-17 ) ) ;
#4475 = DIRECTION ( 'NONE',  ( 0.000000000000000000, 0.000000000000000000, -1.000000000000000000 ) ) ;
#4476 = DIRECTION ( 'NONE',  ( 2.033782021272921061E-31, 5.176899690512889973E-31, 1.000000000000000000 ) ) ;
#4478 = ORIENTED_EDGE ( 'NONE', *, *, #9101, .T. ) ;
#4477 = LINE ( 'NONE', #8221, #2116 ) ;
#4479 = ORIENTED_EDGE ( 'NONE', *, *, #754, .T. ) ;
#4480 = CIRCLE ( 'NONE', #5385, 7.500000000000000000 ) ;
#4481 = ORIENTED_EDGE ( 'NONE', *, *, #5060, .T. ) ;
#4482 = ORIENTED_EDGE ( 'NONE', *, *, #6285, .F. ) ;
#4483 = PLANE ( 'NONE',  #7347 ) ;
#4484 = CARTESIAN_POINT ( 'NONE',  ( 12.00000000000001066, 51.49999999999999289, 15.00000000000001421 ) ) ;
#4485 = CARTESIAN_POINT ( 'NONE',  ( 359.9999999999998863, 51.49999999999999289, 3.000000000000002665 ) ) ;
#4486 = SHAPE_REPRESENTATION ( 'Pata 120', ( #3788 ), #4998 ) ;
#4487 = CIRCLE ( 'NONE', #3659, 4.000000000000003553 ) ;
#4488 = DIRECTION ( 'NONE',  ( -1.000000000000000000, 7.590943252506637819E-32, -2.033782021272921061E-31 ) ) ;
#4489 = FACE_BOUND ( 'NONE', #5112, .T. ) ;
#4490 = CARTESIAN_POINT ( 'NONE',  ( 30.00000000000006395, 49.00000000000004263, 0.000000000000000000 ) ) ;
#4491 = ORIENTED_EDGE ( 'NONE', *, *, #3063, .T. ) ;
#4492 = ORIENTED_EDGE ( 'NONE', *, *, #7313, .F. ) ;
#4493 = CARTESIAN_POINT ( 'NONE',  ( 68.00000000000005684, 145.0000000000001705, 0.000000000000000000 ) ) ;
#4494 = DIRECTION ( 'NONE',  ( 0.000000000000000000, 0.000000000000000000, -1.000000000000000000 ) ) ;
#4495 = CARTESIAN_POINT ( 'NONE',  ( 26.84711922206388124, 53.75983768663381568, 9.482678309652493809 ) ) ;
#4496 = FACE_OUTER_BOUND ( 'NONE', #6790, .T. ) ;
#4497 = VERTEX_POINT ( 'NONE', #1426 ) ;
#4498 = ADVANCED_FACE ( 'NONE', ( #907 ), #1274, .F. ) ;
#4499 = CARTESIAN_POINT ( 'NONE',  ( 455.9999999999999432, 51.49999999999999289, -3.000000000000002665 ) ) ;
#4500 = SHAPE_REPRESENTATION ( 'A353250-COMPLETO-IM00', ( #5662, #6590, #2139, #8692, #7115, #1225, #894, #9207, #2471, #17, #3197, #4264, #4056, #4606 ), #9873 ) ;
#4501 = CARTESIAN_POINT ( 'NONE',  ( 310.0000000000003979, 241.0000000000003126, 9.000000000000007105 ) ) ;
#4502 = CARTESIAN_POINT ( 'NONE',  ( 263.9999999999998863, 243.5000000000000000, -15.00000000000001599 ) ) ;
#4503 = CIRCLE ( 'NONE', #320, 3.000000000000002665 ) ;
#4504 = PLANE ( 'NONE',  #8484 ) ;
#4505 = LINE ( 'NONE', #7645, #6743 ) ;
#4506 = CARTESIAN_POINT ( 'NONE',  ( 42.84317321985053439, 125.0000000000000000, 10.50000000000000000 ) ) ;
#4507 = EDGE_LOOP ( 'NONE', ( #6616, #2854, #10090, #2609 ) ) ;
#4508 = SHAPE_DEFINITION_REPRESENTATION ( #1783, #6359 ) ;
#4509 = CARTESIAN_POINT ( 'NONE',  ( 26.76629254899664190, 49.51409692504475402, 9.756911179330449713 ) ) ;
#4510 = ORIENTED_EDGE ( 'NONE', *, *, #562, .F. ) ;
#4511 = EDGE_CURVE ( 'NONE', #6925, #376, #6963, .T. ) ;
#4512 = DIRECTION ( 'NONE',  ( 1.000000000000000000, 0.000000000000000000, 0.000000000000000000 ) ) ;
#4513 = ADVANCED_FACE ( 'NONE', ( #4870 ), #8463, .F. ) ;
#4514 = VECTOR ( 'NONE', #7475, 1000.000000000000000 ) ;
#4515 = AXIS2_PLACEMENT_3D ( 'NONE', #4773, #7146, #895 ) ;
#4516 = DIRECTION ( 'NONE',  ( 0.000000000000000000, 0.000000000000000000, -1.000000000000000000 ) ) ;
#4517 = EDGE_CURVE ( 'NONE', #7446, #5259, #3370, .T. ) ;
#4518 = FACE_OUTER_BOUND ( 'NONE', #7154, .T. ) ;
#4519 = VERTEX_POINT ( 'NONE', #9248 ) ;
#4520 = CARTESIAN_POINT ( 'NONE',  ( 0.000000000000000000, 294.9999999999998863, 0.000000000000000000 ) ) ;
#4521 = SURFACE_STYLE_FILL_AREA ( #3912 ) ;
#4522 = CARTESIAN_POINT ( 'NONE',  ( 0.000000000000000000, 0.000000000000000000, 0.000000000000000000 ) ) ;
#4523 =( GEOMETRIC_REPRESENTATION_CONTEXT ( 3 ) GLOBAL_UNCERTAINTY_ASSIGNED_CONTEXT ( ( #6410 ) ) GLOBAL_UNIT_ASSIGNED_CONTEXT ( ( #9219, #1944, #4302 ) ) REPRESENTATION_CONTEXT ( 'NONE', 'WORKASPACE' ) );
#4524 = LINE ( 'NONE', #7102, #5633 ) ;
#4525 = DIRECTION ( 'NONE',  ( 2.033782021272921061E-31, -5.176899690512889973E-31, -1.000000000000000000 ) ) ;
#4526 = LINE ( 'NONE', #3164, #6018 ) ;
#4527 = VERTEX_POINT ( 'NONE', #4612 ) ;
#4528 = COLOUR_RGB ( '',1.000000000000000000, 1.000000000000000000, 1.000000000000000000 ) ;
#4529 = DIRECTION ( 'NONE',  ( -1.000000000000000000, -5.600273556634003027E-19, 3.136292949173481922E-19 ) ) ;
#4530 = EDGE_CURVE ( 'NONE', #2894, #7806, #4368, .T. ) ;
#4531 = CARTESIAN_POINT ( 'NONE',  ( 331.4730504942252765, 151.2898782004155862, 8.805946953359093499 ) ) ;
#4532 = DIRECTION ( 'NONE',  ( 2.033782021272921061E-31, 5.176899690512889973E-31, -1.000000000000000000 ) ) ;
#4533 = AXIS2_PLACEMENT_3D ( 'NONE', #3255, #3981, #805 ) ;
#4534 = DIRECTION ( 'NONE',  ( 0.000000000000000000, 1.000000000000000000, 0.000000000000000000 ) ) ;
#4535 = EDGE_CURVE ( 'NONE', #4599, #7868, #2863, .T. ) ;
#4536 = DIRECTION ( 'NONE',  ( -1.000000000000000000, 0.000000000000000000, 0.000000000000000000 ) ) ;
#4537 = SHAPE_REPRESENTATION ( 'A353250-PATASXXXBA', ( #3788 ), #9028 ) ;
#4538 = CIRCLE ( 'NONE', #2651, 2.499999999999946709 ) ;
#4539 = DIRECTION ( 'NONE',  ( -0.000000000000000000, 0.000000000000000000, 1.000000000000000000 ) ) ;
#4540 = VECTOR ( 'NONE', #9540, 1000.000000000000000 ) ;
#4541 = DIRECTION ( 'NONE',  ( -1.000000000000000000, -5.600273556634003027E-19, 3.136292949173481922E-19 ) ) ;
#4542 = CARTESIAN_POINT ( 'NONE',  ( 1095.000000000000000, 51.49999999999999289, 10.49999999999995204 ) ) ;
#4543 = ORIENTED_EDGE ( 'NONE', *, *, #548, .T. ) ;
#4544 = ORIENTED_EDGE ( 'NONE', *, *, #5047, .F. ) ;
#4545 = ORIENTED_EDGE ( 'NONE', *, *, #3477, .F. ) ;
#4546 = EDGE_CURVE ( 'NONE', #3925, #7270, #4984, .T. ) ;
#4547 = CARTESIAN_POINT ( 'NONE',  ( 26.99947405728769212, 48.80753551418230529, 6.162153199821129412 ) ) ;
#4548 = DIRECTION ( 'NONE',  ( 7.590943252506637819E-32, -1.000000000000000000, -5.176899690512889973E-31 ) ) ;
#4549 = SURFACE_SIDE_STYLE ('',( #9331 ) ) ;
#4550 = VERTEX_POINT ( 'NONE', #3106 ) ;
#4551 = FACE_OUTER_BOUND ( 'NONE', #10124, .T. ) ;
#4552 = VERTEX_POINT ( 'NONE', #5512 ) ;
#4553 = CARTESIAN_POINT ( 'NONE',  ( 0.000000000000000000, 0.000000000000000000, 14.99999999999990230 ) ) ;
#4554 = ADVANCED_FACE ( 'NONE', ( #9779 ), #4784, .F. ) ;
#4555 = DIRECTION ( 'NONE',  ( 1.000000000000000000, 0.000000000000000000, 0.000000000000000000 ) ) ;
#4556 = DIRECTION ( 'NONE',  ( -1.000000000000000000, 2.041077998578924066E-17, -2.259514891400699764E-33 ) ) ;
#4557 = DIRECTION ( 'NONE',  ( 1.000000000000000000, 0.000000000000000000, 0.000000000000000000 ) ) ;
#4558 = ORIENTED_EDGE ( 'NONE', *, *, #2256, .T. ) ;
#4559 = DIRECTION ( 'NONE',  ( -2.033782021272921061E-31, -5.176899690512889973E-31, 1.000000000000000000 ) ) ;
#4560 = DIRECTION ( 'NONE',  ( 1.000000000000000000, 5.600273556634003027E-19, -3.136292949173481922E-19 ) ) ;
#4561 = ORIENTED_EDGE ( 'NONE', *, *, #9391, .F. ) ;
#4563 = ORIENTED_EDGE ( 'NONE', *, *, #2603, .F. ) ;
#4562 = VECTOR ( 'NONE', #7259, 1000.000000000000000 ) ;
#4564 = CARTESIAN_POINT ( 'NONE',  ( 788.9999999999998863, 237.9999999999999432, 15.00000000000001599 ) ) ;
#4565 = ORIENTED_EDGE ( 'NONE', *, *, #9925, .F. ) ;
#4566 = AXIS2_PLACEMENT_3D ( 'NONE', #1114, #3501, #9018 ) ;
#4567 = DIRECTION ( 'NONE',  ( 2.033782021272921061E-31, -5.176899690512889973E-31, -1.000000000000000000 ) ) ;
#4568 = CIRCLE ( 'NONE', #3159, 4.000000000000003553 ) ;
#4569 = ADVANCED_FACE ( 'NONE', ( #136 ), #9289, .F. ) ;
#4570 = ORIENTED_EDGE ( 'NONE', *, *, #7677, .T. ) ;
#4571 = EDGE_LOOP ( 'NONE', ( #6079, #5478, #8536, #3220 ) ) ;
#4572 = ORIENTED_EDGE ( 'NONE', *, *, #7300, .F. ) ;
#4573 = EDGE_CURVE ( 'NONE', #4682, #855, #5111, .T. ) ;
#4574 = DIRECTION ( 'NONE',  ( 1.000000000000000000, 0.000000000000000000, 0.000000000000000000 ) ) ;
#4575 = AXIS2_PLACEMENT_3D ( 'NONE', #1898, #4033, #3530 ) ;
#4576 = CARTESIAN_POINT ( 'NONE',  ( 90.00000000000002842, 147.5000000000000000, 15.00000000000001421 ) ) ;
#4577 = LINE ( 'NONE', #6971, #6064 ) ;
#4578 = DIRECTION ( 'NONE',  ( 2.033782021272921061E-31, 5.176899690512889973E-31, -1.000000000000000000 ) ) ;
#4580 = ORIENTED_EDGE ( 'NONE', *, *, #3545, .F. ) ;
#4579 = CIRCLE ( 'NONE', #4770, 2.499999999999891198 ) ;
#4581 = AXIS2_PLACEMENT_3D ( 'NONE', #1558, #7874, #9428 ) ;
#4582 = CARTESIAN_POINT ( 'NONE',  ( 27.12618889575103864, 48.49987984899787818, 7.303754431328357555 ) ) ;
#4583 = EDGE_LOOP ( 'NONE', ( #889, #9771 ) ) ;
#4584 = CARTESIAN_POINT ( 'NONE',  ( 0.000000000000000000, 0.000000000000000000, 2.999999999999891642 ) ) ;
#4585 = FILL_AREA_STYLE_COLOUR ( '', #4528 ) ;
#4586 = ORIENTED_EDGE ( 'NONE', *, *, #9922, .F. ) ;
#4587 = UNCERTAINTY_MEASURE_WITH_UNIT (LENGTH_MEASURE( 1.000000000000000082E-05 ), #4159, 'distance_accuracy_value', 'NONE');
#4588 = VECTOR ( 'NONE', #462, 1000.000000000000000 ) ;
#4589 = CARTESIAN_POINT ( 'NONE',  ( 332.2862821281612469, 145.7050343148270599, 11.08437474064890260 ) ) ;
#4590 = ORIENTED_EDGE ( 'NONE', *, *, #8815, .F. ) ;
#4591 = EDGE_LOOP ( 'NONE', ( #6462, #4737, #4012, #1005 ) ) ;
#4592 = DIRECTION ( 'NONE',  ( -1.000000000000000000, 7.590943252506637819E-32, -2.033782021272921061E-31 ) ) ;
#4593 = VERTEX_POINT ( 'NONE', #1521 ) ;
#4594 = EDGE_CURVE ( 'NONE', #9764, #2894, #898, .T. ) ;
#4595 = CARTESIAN_POINT ( 'NONE',  ( 314.0000000000003411, 55.00000000000007816, 15.00000000000001421 ) ) ;
#4596 = EDGE_CURVE ( 'NONE', #7056, #932, #8799, .T. ) ;
#4597 = CARTESIAN_POINT ( 'NONE',  ( 0.000000000000000000, 51.49999999999999289, -7.499999999999949374 ) ) ;
#4599 = VERTEX_POINT ( 'NONE', #9528 ) ;
#4598 = LINE ( 'NONE', #4705, #2354 ) ;
#4600 = VERTEX_POINT ( 'NONE', #6387 ) ;
#4601 = ORIENTED_EDGE ( 'NONE', *, *, #1554, .T. ) ;
#4602 = CARTESIAN_POINT ( 'NONE',  ( 331.5873277670977473, 151.0875394187942220, 5.711992970504264022 ) ) ;
#4603 = DIRECTION ( 'NONE',  ( -1.000000000000000000, 0.000000000000000000, 0.000000000000000000 ) ) ;
#4604 = ORIENTED_EDGE ( 'NONE', *, *, #5471, .F. ) ;
#4605 = CARTESIAN_POINT ( 'NONE',  ( 0.000000000000000000, 0.000000000000000000, 15.00000000000001421 ) ) ;
#4606 = AXIS2_PLACEMENT_3D ( 'NONE', #10225, #8679, #806 ) ;
#4607 = SHAPE_REPRESENTATION ( 'A353250-PUERTASXPU', ( #3788 ), #6187 ) ;
#4608 = EDGE_CURVE ( 'NONE', #9627, #6673, #2374, .T. ) ;
#4609 = LINE ( 'NONE', #8457, #8556 ) ;
#4610 = SURFACE_SIDE_STYLE ('',( #8211 ) ) ;
#4611 = VECTOR ( 'NONE', #2315, 1000.000000000000000 ) ;
#4612 = CARTESIAN_POINT ( 'NONE',  ( 0.000000000000000000, -7.765349535769339163E-30, -15.00000000000001599 ) ) ;
#4613 = ORIENTED_EDGE ( 'NONE', *, *, #614, .F. ) ;
#4614 = CARTESIAN_POINT ( 'NONE',  ( 310.0000000000003411, 49.00000000000004263, 15.00000000000001421 ) ) ;
#4615 = EDGE_LOOP ( 'NONE', ( #6807, #7481, #4822, #6734 ) ) ;
#4616 = LINE ( 'NONE', #4675, #7578 ) ;
#4617 =( LENGTH_UNIT ( ) NAMED_UNIT ( * ) SI_UNIT ( .MILLI., .METRE. ) );
#4618 = EDGE_CURVE ( 'NONE', #85, #6909, #2616, .T. ) ;
#4619 = FACE_BOUND ( 'NONE', #9924, .T. ) ;
#4620 = ADVANCED_FACE ( 'NONE', ( #513 ), #6354, .F. ) ;
#4621 = ORIENTED_EDGE ( 'NONE', *, *, #5330, .F. ) ;
#4622 = CARTESIAN_POINT ( 'NONE',  ( 27.12614733316573634, 246.5000249191291459, -7.697327767396861198 ) ) ;
#4623 = CARTESIAN_POINT ( 'NONE',  ( 35.84317321985053439, 125.0000000000000000, 21.00000000000000000 ) ) ;
#4624 = DIRECTION ( 'NONE',  ( 5.600273556634000138E-19, 1.000000000000000000, -6.938893903907225296E-18 ) ) ;
#4625 = CARTESIAN_POINT ( 'NONE',  ( 263.9999999999998863, 51.49999999999999289, -15.00000000000001599 ) ) ;
#4626 = CARTESIAN_POINT ( 'NONE',  ( 382.0000000000000000, 243.5000000000000000, 0.000000000000000000 ) ) ;
#4627 = FACE_OUTER_BOUND ( 'NONE', #8627, .T. ) ;
#4628 = VECTOR ( 'NONE', #9802, 1000.000000000000000 ) ;
#4629 = FACE_OUTER_BOUND ( 'NONE', #6284, .T. ) ;
#4630 = ORIENTED_EDGE ( 'NONE', *, *, #5978, .F. ) ;
#4631 = CARTESIAN_POINT ( 'NONE',  ( 0.000000000000000000, -7.765349535769300803E-31, -1.500000000000001332 ) ) ;
#4632 = DIRECTION ( 'NONE',  ( 2.033782021272921061E-31, 5.176899690512889973E-31, -1.000000000000000000 ) ) ;
#4633 = CARTESIAN_POINT ( 'NONE',  ( 0.000000000000000000, -6.729969597666759768E-30, -13.00000000000001421 ) ) ;
#4634 = DIRECTION ( 'NONE',  ( -2.609204460588635816E-49, 0.000000000000000000, 1.000000000000000000 ) ) ;
#4635 = FACE_BOUND ( 'NONE', #1508, .T. ) ;
#4636 = ORIENTED_EDGE ( 'NONE', *, *, #5243, .F. ) ;
#4637 = AXIS2_PLACEMENT_3D ( 'NONE', #5605, #6423, #1687 ) ;
#4638 = CARTESIAN_POINT ( 'NONE',  ( 0.000000000000000000, 15.00000000000001421, 0.000000000000000000 ) ) ;
#4639 = ORIENTED_EDGE ( 'NONE', *, *, #8048, .F. ) ;
#4640 = CARTESIAN_POINT ( 'NONE',  ( 0.000000000000000000, 0.000000000000000000, 14.99999999999990230 ) ) ;
#4641 = DIRECTION ( 'NONE',  ( -1.000000000000000000, 0.000000000000000000, 0.000000000000000000 ) ) ;
#4642 = LINE ( 'NONE', #4862, #301 ) ;
#4643 = CARTESIAN_POINT ( 'NONE',  ( 26.61801411673119233, 50.16211122865070138, 10.19233212804520328 ) ) ;
#4644 = LINE ( 'NONE', #4208, #8343 ) ;
#4645 = ORIENTED_EDGE ( 'NONE', *, *, #8641, .T. ) ;
#4646 = EDGE_CURVE ( 'NONE', #6810, #703, #7085, .T. ) ;
#4647 = CARTESIAN_POINT ( 'NONE',  ( 376.0000000000000000, 267.7500000000001705, 3.999999999999996447 ) ) ;
#4648 =( LENGTH_UNIT ( ) NAMED_UNIT ( * ) SI_UNIT ( .MILLI., .METRE. ) );
#4649 = ORIENTED_EDGE ( 'NONE', *, *, #4398, .F. ) ;
#4650 = CARTESIAN_POINT ( 'NONE',  ( 108.1911413296065092, 1.620164975419772189E-16, 21.00000000000000000 ) ) ;
#4651 = DIRECTION ( 'NONE',  ( -1.000000000000000000, 0.000000000000000000, -1.941925118803053938E-33 ) ) ;
#4652 = EDGE_CURVE ( 'NONE', #9031, #7809, #3983, .T. ) ;
#4653 = CARTESIAN_POINT ( 'NONE',  ( 331.3611216232057473, 143.5263482772757584, 6.970386288875024761 ) ) ;
#4654 = LINE ( 'NONE', #1169, #3416 ) ;
#4655 = PLANE ( 'NONE',  #1600 ) ;
#4656 = CARTESIAN_POINT ( 'NONE',  ( 6.938893903907228378E-15, 129.8750000000000853, 4.000000000000003553 ) ) ;
#4657 = LINE ( 'NONE', #1149, #1439 ) ;
#4658 = CARTESIAN_POINT ( 'NONE',  ( 725.0000000000001137, 243.5000000000000000, -15.00000000000001599 ) ) ;
#4659 = AXIS2_PLACEMENT_3D ( 'NONE', #5527, #5589, #781 ) ;
#4660 = DIRECTION ( 'NONE',  ( 1.000000000000000000, -7.590943252506637819E-32, 2.033782021272921061E-31 ) ) ;
#4661 = FACE_OUTER_BOUND ( 'NONE', #6100, .T. ) ;
#4662 = EDGE_CURVE ( 'NONE', #5268, #2600, #6333, .T. ) ;
#4663 = DIRECTION ( 'NONE',  ( -1.000000000000000000, 0.000000000000000000, 0.000000000000000000 ) ) ;
#4664 = CYLINDRICAL_SURFACE ( 'NONE', #655, 2.500000000000002220 ) ;
#4665 = PRESENTATION_STYLE_ASSIGNMENT (( #3742 ) ) ;
#4666 =( GEOMETRIC_REPRESENTATION_CONTEXT ( 3 ) GLOBAL_UNCERTAINTY_ASSIGNED_CONTEXT ( ( #7933 ) ) GLOBAL_UNIT_ASSIGNED_CONTEXT ( ( #5743, #159, #5706 ) ) REPRESENTATION_CONTEXT ( 'NONE', 'WORKASPACE' ) );
#4667 = ADVANCED_FACE ( 'NONE', ( #2495 ), #7939, .F. ) ;
#4668 = EDGE_CURVE ( 'NONE', #1379, #8764, #9422, .T. ) ;
#4669 = VERTEX_POINT ( 'NONE', #4074 ) ;
#4670 = DIRECTION ( 'NONE',  ( -1.000000000000000000, -2.107444935536021046E-17, 2.033782021272921061E-31 ) ) ;
#4671 = ORIENTED_EDGE ( 'NONE', *, *, #5458, .T. ) ;
#4672 = DIRECTION ( 'NONE',  ( 1.000000000000000000, -7.590943252506637819E-32, 2.033782021272921061E-31 ) ) ;
#4674 = ORIENTED_EDGE ( 'NONE', *, *, #9974, .F. ) ;
#4673 = LINE ( 'NONE', #9948, #9843 ) ;
#4675 = CARTESIAN_POINT ( 'NONE',  ( 725.5000000000001137, 147.5000000000000000, -15.00000000000001599 ) ) ;
#4676 = EDGE_CURVE ( 'NONE', #5284, #7523, #1392, .T. ) ;
#4677 = DIRECTION ( 'NONE',  ( 1.000000000000000000, -7.590943252506637819E-32, -2.033782021272921061E-31 ) ) ;
#4678 = ORIENTED_EDGE ( 'NONE', *, *, #652, .T. ) ;
#4679 = DIRECTION ( 'NONE',  ( 0.000000000000000000, 0.000000000000000000, 1.000000000000000000 ) ) ;
#4680 =( NAMED_UNIT ( * ) PLANE_ANGLE_UNIT ( ) SI_UNIT ( $, .RADIAN. ) );
#4681 = DIRECTION ( 'NONE',  ( -3.136292949173481922E-19, -1.387778780781445676E-17, 1.000000000000000000 ) ) ;
#4682 = VERTEX_POINT ( 'NONE', #3387 ) ;
#4684 = EDGE_LOOP ( 'NONE', ( #5823, #4639, #9876, #9121 ) ) ;
#4683 = LINE ( 'NONE', #589, #10101 ) ;
#4685 = CARTESIAN_POINT ( 'NONE',  ( 359.0000000000000000, 15.00000000000001421, 0.000000000000000000 ) ) ;
#4686 = ORIENTED_EDGE ( 'NONE', *, *, #2404, .F. ) ;
#4687 = SHAPE_REPRESENTATION ( 'A353250-ESTANTESFI', ( #3788 ), #1289 ) ;
#4688 = ORIENTED_EDGE ( 'NONE', *, *, #9664, .F. ) ;
#4689 = CARTESIAN_POINT ( 'NONE',  ( 34.00000000000002842, 51.49999999999999289, -1.500000000000001332 ) ) ;
#4690 = DIRECTION ( 'NONE',  ( 1.000000000000000000, 5.600273556634003027E-19, -3.136292949173481922E-19 ) ) ;
#4691 = CARTESIAN_POINT ( 'NONE',  ( 110.8431732198505273, 125.0000000000000000, 0.000000000000000000 ) ) ;
#4692 = ORIENTED_EDGE ( 'NONE', *, *, #19, .T. ) ;
#4693 = LINE ( 'NONE', #9033, #5443 ) ;
#4695 = EDGE_LOOP ( 'NONE', ( #9269, #5889, #492, #3077 ) ) ;
#4694 = VECTOR ( 'NONE', #4364, 1000.000000000000000 ) ;
#4696 = DIRECTION ( 'NONE',  ( 2.033782021272921061E-31, -5.176899690512889973E-31, 1.000000000000000000 ) ) ;
#4697 = AXIS2_PLACEMENT_3D ( 'NONE', #8075, #6526, #1786 ) ;
#4698 = ORIENTED_EDGE ( 'NONE', *, *, #7585, .T. ) ;
#4699 = ORIENTED_EDGE ( 'NONE', *, *, #6561, .F. ) ;
#4700 = CARTESIAN_POINT ( 'NONE',  ( 359.9999999999998863, 243.5000000000000000, 15.00000000000001599 ) ) ;
#4701 = CARTESIAN_POINT ( 'NONE',  ( 68.00000000000005684, 145.0000000000001705, 15.00000000000001421 ) ) ;
#4702 = DIRECTION ( 'NONE',  ( 1.000000000000000000, -7.590943252506637819E-32, -2.033782021272921061E-31 ) ) ;
#4703 = ADVANCED_FACE ( 'NONE', ( #6720 ), #6953, .F. ) ;
#4704 = FACE_BOUND ( 'NONE', #7890, .T. ) ;
#4705 = CARTESIAN_POINT ( 'NONE',  ( 42.84317321985053439, 84.99999999999998579, 13.50000000000000178 ) ) ;
#4706 = VERTEX_POINT ( 'NONE', #7366 ) ;
#4707 = DIRECTION ( 'NONE',  ( 1.000000000000000000, 5.600273556634003027E-19, -3.136292949173481922E-19 ) ) ;
#4708 = EDGE_CURVE ( 'NONE', #7523, #3221, #5853, .T. ) ;
#4709 = VERTEX_POINT ( 'NONE', #2515 ) ;
#4710 = EDGE_LOOP ( 'NONE', ( #7996, #2428, #5705, #1062 ) ) ;
#4711 = CARTESIAN_POINT ( 'NONE',  ( 384.4999999999997726, 51.49999999999999289, 14.99999999999990230 ) ) ;
#4712 = AXIS2_PLACEMENT_3D ( 'NONE', #5850, #8974, #2612 ) ;
#4713 = UNCERTAINTY_MEASURE_WITH_UNIT (LENGTH_MEASURE( 1.000000000000000082E-05 ), #9553, 'distance_accuracy_value', 'NONE');
#4714 = CARTESIAN_POINT ( 'NONE',  ( 1095.000000000000000, 243.5000000000000000, 7.499999999999949374 ) ) ;
#4716 = ORIENTED_EDGE ( 'NONE', *, *, #1423, .T. ) ;
#4715 = CYLINDRICAL_SURFACE ( 'NONE', #6794, 2.499999999999946709 ) ;
#4717 = EDGE_CURVE ( 'NONE', #114, #2309, #1030, .T. ) ;
#4718 = VERTEX_POINT ( 'NONE', #2485 ) ;
#4719 = CARTESIAN_POINT ( 'NONE',  ( 26.50000000000003197, 51.49999999999999289, -4.499999999999944045 ) ) ;
#4720 = CARTESIAN_POINT ( 'NONE',  ( 12.15682678015030049, -135.0000000000000000, 41.00000000000086686 ) ) ;
#4721 = ORIENTED_EDGE ( 'NONE', *, *, #7549, .F. ) ;
#4722 = ORIENTED_EDGE ( 'NONE', *, *, #5439, .T. ) ;
#4723 = ORIENTED_EDGE ( 'NONE', *, *, #3450, .T. ) ;
#4724 = ADVANCED_FACE ( 'NONE', ( #638 ), #9537, .F. ) ;
#4725 = DIRECTION ( 'NONE',  ( -0.2756373558169958327, -0.9612616959383197823, 0.000000000000000000 ) ) ;
#4726 = CARTESIAN_POINT ( 'NONE',  ( 27.11724640868084890, 246.4798481276206985, -7.100776920094535427 ) ) ;
#4727 = AXIS2_PLACEMENT_3D ( 'NONE', #3679, #1201, #9227 ) ;
#4729 = ORIENTED_EDGE ( 'NONE', *, *, #614, .T. ) ;
#4728 = VECTOR ( 'NONE', #9071, 1000.000000000000000 ) ;
#4730 =( NAMED_UNIT ( * ) PLANE_ANGLE_UNIT ( ) SI_UNIT ( $, .RADIAN. ) );
#4731 = DIRECTION ( 'NONE',  ( -2.033782021272921061E-31, -5.176899690512889973E-31, 1.000000000000000000 ) ) ;
#4732 = ORIENTED_EDGE ( 'NONE', *, *, #7978, .F. ) ;
#4733 = PRESENTATION_STYLE_ASSIGNMENT (( #812 ) ) ;
#4734 = EDGE_CURVE ( 'NONE', #8024, #515, #8559, .T. ) ;
#4735 = CARTESIAN_POINT ( 'NONE',  ( 385.0000000000000000, 0.000000000000000000, 0.000000000000000000 ) ) ;
#4736 = ORIENTED_EDGE ( 'NONE', *, *, #470, .T. ) ;
#4737 = ORIENTED_EDGE ( 'NONE', *, *, #4950, .T. ) ;
#4738 = EDGE_CURVE ( 'NONE', #6370, #6091, #21, .T. ) ;
#4739 = DIRECTION ( 'NONE',  ( -2.033782021272921061E-31, -5.176899690512889973E-31, 1.000000000000000000 ) ) ;
#4740 = LINE ( 'NONE', #3094, #2127 ) ;
#4741 = CARTESIAN_POINT ( 'NONE',  ( 357.4999999999998863, 51.49999999999999289, 15.00000000000001599 ) ) ;
#4742 = DIRECTION ( 'NONE',  ( 1.000000000000000000, 0.000000000000000000, 0.000000000000000000 ) ) ;
#4743 = VECTOR ( 'NONE', #8246, 1000.000000000000000 ) ;
#4744 = DIRECTION ( 'NONE',  ( 2.033782021272921061E-31, 5.176899690512889973E-31, 1.000000000000000000 ) ) ;
#4745 = VERTEX_POINT ( 'NONE', #8011 ) ;
#4746 = CARTESIAN_POINT ( 'NONE',  ( 26.72573274957602507, 49.66623695023255181, -5.117685287329546640 ) ) ;
#4747 = EDGE_CURVE ( 'NONE', #5462, #7875, #2128, .T. ) ;
#4748 = CARTESIAN_POINT ( 'NONE',  ( 376.0000000000000000, 353.0000000000001705, -6.938893903907228378E-15 ) ) ;
#4749 = LINE ( 'NONE', #2078, #8574 ) ;
#4750 = DIRECTION ( 'NONE',  ( 0.5562429573907914371, 0.8310197183900909224, 0.000000000000000000 ) ) ;
#4751 = FACE_OUTER_BOUND ( 'NONE', #9758, .T. ) ;
#4752 = CARTESIAN_POINT ( 'NONE',  ( 8.000000000000007105, 51.49999999999999289, 15.00000000000001421 ) ) ;
#4753 = FACE_OUTER_BOUND ( 'NONE', #2685, .T. ) ;
#4754 = ORIENTED_EDGE ( 'NONE', *, *, #3450, .F. ) ;
#4755 = CARTESIAN_POINT ( 'NONE',  ( 8.000000000000007105, 243.5000000000000284, 14.99999999999990230 ) ) ;
#4756 = CARTESIAN_POINT ( 'NONE',  ( 26.56123273441702892, 52.47389271392675170, -4.655673762635023749 ) ) ;
#4757 = DIRECTION ( 'NONE',  ( 0.000000000000000000, -1.000000000000000000, 0.000000000000000000 ) ) ;
#4758 = B_SPLINE_CURVE_WITH_KNOTS ( 'NONE', 3,
 ( #5731, #5830, #947, #6478, #9598, #5761, #986, #3405, #1814, #147, #8067, #3330, #8858, #9635, #8928, #4201, #9702, #5000, #248, #1911, #2739, #8992, #1164, #5968, #2045, #2766, #9837, #9122, #6767, #418, #3542, #308, #378, #2014 ),
 .UNSPECIFIED., .F., .F.,
 ( 4, 2, 2, 2, 2, 2, 2, 2, 2, 2, 2, 2, 2, 2, 2, 2, 4 ),
 ( 0.01275821409129084504, 0.01355384654690234073, 0.01434947900251383641, 0.01514511145812533210, 0.01594074391373682953, 0.01673637636934832695, 0.01753200882495982091, 0.01832764128057131833, 0.01912327373618281229, 0.01991890619179430971, 0.02071453864740580714, 0.02151017110301730109, 0.02230580355862879505, 0.02310143601424029247, 0.02389706846985178990, 0.02469270092546328732, 0.02548833338107478128 ),
 .UNSPECIFIED. ) ;
#4759 = CARTESIAN_POINT ( 'NONE',  ( 0.000000000000000000, -1.553069907153868393E-30, 3.000000000000002665 ) ) ;
#4760 = ADVANCED_FACE ( 'NONE', ( #6597 ), #8878, .F. ) ;
#4761 = LINE ( 'NONE', #3904, #530 ) ;
#4762 = CARTESIAN_POINT ( 'NONE',  ( 791.4999999999998863, 237.9999999999999432, -15.00000000000001599 ) ) ;
#4763 = LINE ( 'NONE', #9874, #8333 ) ;
#4764 = ORIENTED_EDGE ( 'NONE', *, *, #9094, .F. ) ;
#4765 = CARTESIAN_POINT ( 'NONE',  ( 0.000000000000000000, -7.765349535769339163E-30, 15.00000000000001599 ) ) ;
#4766 = SHAPE_DEFINITION_REPRESENTATION ( #7090, #1063 ) ;
#4767 = DIRECTION ( 'NONE',  ( 1.000000000000000000, 0.000000000000000000, 1.941925118803053938E-33 ) ) ;
#4768 = DIRECTION ( 'NONE',  ( 1.000000000000000000, 0.000000000000000000, 0.000000000000000000 ) ) ;
#4769 = ORIENTED_EDGE ( 'NONE', *, *, #5897, .F. ) ;
#4770 = AXIS2_PLACEMENT_3D ( 'NONE', #1630, #3881, #5547 ) ;
#4771 = DIRECTION ( 'NONE',  ( 0.000000000000000000, 1.000000000000000000, 0.000000000000000000 ) ) ;
#4772 = CIRCLE ( 'NONE', #3376, 2.500000000000002220 ) ;
#4773 = CARTESIAN_POINT ( 'NONE',  ( 80.84317321985052729, 125.0000000000000000, 10.50000000000000000 ) ) ;
#4774 = AXIS2_PLACEMENT_3D ( 'NONE', #307, #6661, #5105 ) ;
#4775 = CIRCLE ( 'NONE', #8862, 2.499999999999946709 ) ;
#4776 = ORIENTED_EDGE ( 'NONE', *, *, #1725, .F. ) ;
#4777 = VERTEX_POINT ( 'NONE', #8768 ) ;
#4778 = ADVANCED_FACE ( 'NONE', ( #9048, #4489, #4360 ), #8914, .F. ) ;
#4779 = AXIS2_PLACEMENT_3D ( 'NONE', #8099, #1939, #8259 ) ;
#4780 = DIRECTION ( 'NONE',  ( 0.000000000000000000, 1.000000000000000000, 0.000000000000000000 ) ) ;
#4781 = VECTOR ( 'NONE', #3949, 1000.000000000000000 ) ;
#4782 = CIRCLE ( 'NONE', #4031, 4.000000000000003553 ) ;
#4783 = VERTEX_POINT ( 'NONE', #4947 ) ;
#4784 = PLANE ( 'NONE',  #5775 ) ;
#4785 = CARTESIAN_POINT ( 'NONE',  ( 26.50799768601818585, 243.8973874120402172, 4.519833657968260532 ) ) ;
#4786 = DIRECTION ( 'NONE',  ( -1.941925118803053938E-33, 0.000000000000000000, -1.000000000000000000 ) ) ;
#4787 = LINE ( 'NONE', #1101, #195 ) ;
#4788 = CARTESIAN_POINT ( 'NONE',  ( 26.50000000000003553, 51.69733394091515777, -4.499999999999944045 ) ) ;
#4789 = DIRECTION ( 'NONE',  ( -1.000000000000000000, 0.000000000000000000, 0.000000000000000000 ) ) ;
#4790 = VECTOR ( 'NONE', #4895, 1000.000000000000000 ) ;
#4791 = SHAPE_REPRESENTATION_RELATIONSHIP ( 'NONE' , 'NONE' ,  #6359, #5031 ) ;
#4792 = ORIENTED_EDGE ( 'NONE', *, *, #5205, .T. ) ;
#4793 = CARTESIAN_POINT ( 'NONE',  ( 108.0000000000001421, 241.0000000000002558, 15.00000000000001421 ) ) ;
#4794 = VERTEX_POINT ( 'NONE', #8843 ) ;
#4795 = AXIS2_PLACEMENT_3D ( 'NONE', #3193, #5620, #887 ) ;
#4796 = ORIENTED_EDGE ( 'NONE', *, *, #7824, .F. ) ;
#4797 = CARTESIAN_POINT ( 'NONE',  ( 34.40944629105651131, 120.0000000000000000, 21.00000000000000000 ) ) ;
#4798 = EDGE_CURVE ( 'NONE', #2211, #4218, #269, .T. ) ;
#4799 = CARTESIAN_POINT ( 'NONE',  ( 41.50000000000002842, 243.5000000000000000, -15.00000000000001421 ) ) ;
#4800 = VERTEX_POINT ( 'NONE', #4110 ) ;
#4801 = VECTOR ( 'NONE', #6836, 1000.000000000000000 ) ;
#4802 = VERTEX_POINT ( 'NONE', #196 ) ;
#4803 = DIRECTION ( 'NONE',  ( 2.033782021272921061E-31, 5.176899690512889973E-31, -1.000000000000000000 ) ) ;
#4804 = CARTESIAN_POINT ( 'NONE',  ( 72.00000000000008527, 241.0000000000002842, 9.000000000000007105 ) ) ;
#4805 = EDGE_CURVE ( 'NONE', #5902, #4497, #5359, .T. ) ;
#4806 = DIRECTION ( 'NONE',  ( 1.000000000000000000, 0.000000000000000000, 0.000000000000000000 ) ) ;
#4807 = DIRECTION ( 'NONE',  ( -1.000000000000000000, 0.000000000000000000, 0.000000000000000000 ) ) ;
#4808 = AXIS2_PLACEMENT_3D ( 'NONE', #998, #7359, #8838 ) ;
#4809 = ORIENTED_EDGE ( 'NONE', *, *, #6929, .T. ) ;
#4811 = ORIENTED_EDGE ( 'NONE', *, *, #5794, .F. ) ;
#4810 = VECTOR ( 'NONE', #7287, 1000.000000000000000 ) ;
#4812 = CARTESIAN_POINT ( 'NONE',  ( 26.61746128433162184, 50.16529779608406869, -4.806166210012619899 ) ) ;
#4813 = EDGE_LOOP ( 'NONE', ( #6325, #6883 ) ) ;
#4814 = DIRECTION ( 'NONE',  ( 1.000000000000000000, 0.000000000000000000, 0.000000000000000000 ) ) ;
#4815 = EDGE_CURVE ( 'NONE', #6141, #8294, #3498, .T. ) ;
#4816 = CIRCLE ( 'NONE', #1247, 3.000000000000002665 ) ;
#4817 = DIRECTION ( 'NONE',  ( -0.000000000000000000, 0.000000000000000000, 1.000000000000000000 ) ) ;
#4818 = FACE_BOUND ( 'NONE', #30, .T. ) ;
#4820 = ORIENTED_EDGE ( 'NONE', *, *, #9996, .F. ) ;
#4819 = LINE ( 'NONE', #8948, #8394 ) ;
#4821 = DIRECTION ( 'NONE',  ( 2.033782021272921061E-31, 5.176899690512889973E-31, 1.000000000000000000 ) ) ;
#4822 = ORIENTED_EDGE ( 'NONE', *, *, #7119, .F. ) ;
#4823 = ORIENTED_EDGE ( 'NONE', *, *, #701, .F. ) ;
#4824 = CARTESIAN_POINT ( 'NONE',  ( 263.9999999999998863, 243.5000000000000000, 15.00000000000001599 ) ) ;
#4826 = ORIENTED_EDGE ( 'NONE', *, *, #7727, .F. ) ;
#4825 = DIRECTION ( 'NONE',  ( 1.000000000000000000, 0.000000000000000000, 0.000000000000000000 ) ) ;
#4827 = ADVANCED_FACE ( 'NONE', ( #1887 ), #360, .T. ) ;
#4828 = CARTESIAN_POINT ( 'NONE',  ( 268.0000000000003411, 241.0000000000003411, 0.000000000000000000 ) ) ;
#4829 = CIRCLE ( 'NONE', #348, 4.000000000000027534 ) ;
#4830 = CARTESIAN_POINT ( 'NONE',  ( 314.0000000000003979, 241.0000000000003695, 9.000000000000007105 ) ) ;
#4832 = EDGE_LOOP ( 'NONE', ( #1985, #9513, #1609, #4317 ) ) ;
#4831 = LINE ( 'NONE', #2454, #10099 ) ;
#4833 = SURFACE_SIDE_STYLE ('',( #9546 ) ) ;
#4834 = CARTESIAN_POINT ( 'NONE',  ( 68.00000000000008527, 209.0000000000003411, 15.00000000000001421 ) ) ;
#4835 = VERTEX_POINT ( 'NONE', #9081 ) ;
#4836 = CARTESIAN_POINT ( 'NONE',  ( 310.0000000000003979, 241.0000000000003126, 0.000000000000000000 ) ) ;
#4837 = FACE_OUTER_BOUND ( 'NONE', #7444, .T. ) ;
#4838 = EDGE_CURVE ( 'NONE', #6055, #935, #4861, .T. ) ;
#4839 = ORIENTED_EDGE ( 'NONE', *, *, #2332, .F. ) ;
#4840 = AXIS2_PLACEMENT_3D ( 'NONE', #5635, #9525, #9620 ) ;
#4841 = EDGE_LOOP ( 'NONE', ( #1692, #7197, #10125, #7191 ) ) ;
#4842 = ORIENTED_EDGE ( 'NONE', *, *, #9032, .T. ) ;
#4843 = CARTESIAN_POINT ( 'NONE',  ( 376.0000000000000000, 44.62500000000013500, 3.999999999999996447 ) ) ;
#4844 = ORIENTED_EDGE ( 'NONE', *, *, #6432, .T. ) ;
#4845 = DIRECTION ( 'NONE',  ( -0.000000000000000000, 0.000000000000000000, 1.000000000000000000 ) ) ;
#4846 = DIRECTION ( 'NONE',  ( 1.000000000000000000, 5.600273556634003027E-19, -3.136292949173481922E-19 ) ) ;
#4847 = EDGE_CURVE ( 'NONE', #8786, #7232, #2248, .T. ) ;
#4848 = ORIENTED_EDGE ( 'NONE', *, *, #6452, .T. ) ;
#4849 = FACE_OUTER_BOUND ( 'NONE', #2424, .T. ) ;
#4850 = ORIENTED_EDGE ( 'NONE', *, *, #1464, .F. ) ;
#4851 = ORIENTED_EDGE ( 'NONE', *, *, #1738, .T. ) ;
#4852 = CARTESIAN_POINT ( 'NONE',  ( 1017.999999999999545, 237.9999999999999432, -15.00000000000001421 ) ) ;
#4853 = DIRECTION ( 'NONE',  ( 0.000000000000000000, -1.000000000000000000, 0.000000000000000000 ) ) ;
#4854 = CARTESIAN_POINT ( 'NONE',  ( 27.11761345425389536, 246.4806986175382804, 7.893850990699347925 ) ) ;
#4855 = AXIS2_PLACEMENT_3D ( 'NONE', #6047, #4525, #6871 ) ;
#4856 = CARTESIAN_POINT ( 'NONE',  ( 728.0000000000001137, 51.49999999999999289, -15.00000000000001599 ) ) ;
#4857 = EDGE_CURVE ( 'NONE', #4473, #2102, #2743, .T. ) ;
#4858 = VECTOR ( 'NONE', #685, 1000.000000000000000 ) ;
#4859 = CARTESIAN_POINT ( 'NONE',  ( 823.4999999999998863, 237.9999999999999716, -13.00000000000001066 ) ) ;
#4860 = APPLICATION_CONTEXT ( 'automotive_design' ) ;
#4861 = CIRCLE ( 'NONE', #4318, 4.000000000000034639 ) ;
#4862 = CARTESIAN_POINT ( 'NONE',  ( 102.0000000000001847, 55.00000000000004974, 9.000000000000007105 ) ) ;
#4863 = EDGE_LOOP ( 'NONE', ( #6236, #7791 ) ) ;
#4864 = CARTESIAN_POINT ( 'NONE',  ( 0.000000000000000000, 0.000000000000000000, 0.000000000000000000 ) ) ;
#4865 = STYLED_ITEM ( 'NONE', ( #2911 ), #5031 ) ;
#4866 = CARTESIAN_POINT ( 'NONE',  ( 823.4999999999998863, 237.9999999999999716, 13.00000000000001066 ) ) ;
#4867 = DIRECTION ( 'NONE',  ( 1.000000000000000000, 0.000000000000000000, 0.000000000000000000 ) ) ;
#4868 = EDGE_CURVE ( 'NONE', #5902, #8483, #8434, .T. ) ;
#4869 = VECTOR ( 'NONE', #8577, 1000.000000000000000 ) ;
#4870 = FACE_OUTER_BOUND ( 'NONE', #1594, .T. ) ;
#4871 = AXIS2_PLACEMENT_3D ( 'NONE', #7201, #2357, #1562 ) ;
#4872 = EDGE_CURVE ( 'NONE', #3899, #8998, #5238, .T. ) ;
#4873 = VERTEX_POINT ( 'NONE', #1146 ) ;
#4874 = CARTESIAN_POINT ( 'NONE',  ( 455.9999999999999432, 243.5000000000000000, 3.000000000000002665 ) ) ;
#4875 = ADVANCED_FACE ( 'NONE', ( #8933 ), #6837, .F. ) ;
#4876 = DIRECTION ( 'NONE',  ( 2.033782021272921061E-31, 5.176899690512889973E-31, 1.000000000000000000 ) ) ;
#4877 = VECTOR ( 'NONE', #6301, 1000.000000000000227 ) ;
#4878 = ADVANCED_FACE ( 'NONE', ( #7456 ), #7679, .F. ) ;
#4879 = PRODUCT_DEFINITION_FORMATION_WITH_SPECIFIED_SOURCE ( 'ANY', '', #317, .NOT_KNOWN. ) ;
#4880 = CYLINDRICAL_SURFACE ( 'NONE', #1198, 4.000000000000003553 ) ;
#4881 = DIRECTION ( 'NONE',  ( -1.000000000000000000, 0.000000000000000000, 0.000000000000000000 ) ) ;
#4882 = CIRCLE ( 'NONE', #8459, 3.000000000000002665 ) ;
#4883 = ORIENTED_EDGE ( 'NONE', *, *, #6307, .T. ) ;
#4884 = EDGE_CURVE ( 'NONE', #6948, #3529, #1148, .T. ) ;
#4885 = DIRECTION ( 'NONE',  ( -1.000000000000000000, 0.000000000000000000, 0.000000000000000000 ) ) ;
#4886 = DIRECTION ( 'NONE',  ( 1.000000000000000000, 0.000000000000000000, 0.000000000000000000 ) ) ;
#4887 = DIRECTION ( 'NONE',  ( -3.136292949173481922E-19, 1.387778780781445676E-17, -1.000000000000000000 ) ) ;
#4888 = CARTESIAN_POINT ( 'NONE',  ( 71.00000000000005684, 145.0000000000001705, 15.00000000000001421 ) ) ;
#4889 = CIRCLE ( 'NONE', #1972, 3.000000000000002665 ) ;
#4890 = ORIENTED_EDGE ( 'NONE', *, *, #5878, .F. ) ;
#4891 = DIRECTION ( 'NONE',  ( 2.033782021272921061E-31, 5.176899690512889973E-31, 1.000000000000000000 ) ) ;
#4892 = APPLICATION_CONTEXT ( 'automotive_design' ) ;
#4893 = VERTEX_POINT ( 'NONE', #4250 ) ;
#4894 = CARTESIAN_POINT ( 'NONE',  ( 458.4999999999998295, 243.5000000000000000, 3.000000000000002665 ) ) ;
#4895 = DIRECTION ( 'NONE',  ( 1.000000000000000000, 0.000000000000000000, 1.941925118803053938E-33 ) ) ;
#4896 = CARTESIAN_POINT ( 'NONE',  ( 1095.000000000000000, 2.307652204411942469E-14, -1.492595706900107786E-28 ) ) ;
#4897 = CIRCLE ( 'NONE', #4158, 4.000000000000003553 ) ;
#4898 = CARTESIAN_POINT ( 'NONE',  ( 102.0000000000001279, 241.0000000000002558, 15.00000000000001421 ) ) ;
#4899 = CYLINDRICAL_SURFACE ( 'NONE', #919, 3.000000000000002665 ) ;
#4900 = ORIENTED_EDGE ( 'NONE', *, *, #3671, .F. ) ;
#4901 = DIRECTION ( 'NONE',  ( -0.000000000000000000, -0.000000000000000000, 1.000000000000000000 ) ) ;
#4902 = ORIENTED_EDGE ( 'NONE', *, *, #6006, .F. ) ;
#4903 = ADVANCED_BREP_SHAPE_REPRESENTATION ( '', ( #2420, #3788 ), #5728 ) ;
#4904 = CARTESIAN_POINT ( 'NONE',  ( 359.0000000000000000, 15.00000000000001421, -275.0000000000000000 ) ) ;
#4905 = CIRCLE ( 'NONE', #7721, 4.000000000000003553 ) ;
#4906 = CYLINDRICAL_SURFACE ( 'NONE', #9183, 3.000000000000007994 ) ;
#4907 = EDGE_CURVE ( 'NONE', #1526, #7792, #776, .T. ) ;
#4908 = AXIS2_PLACEMENT_3D ( 'NONE', #2429, #5615, #4014 ) ;
#4909 = CARTESIAN_POINT ( 'NONE',  ( 68.00000000000005684, 145.0000000000001705, 15.00000000000001421 ) ) ;
#4910 = EDGE_CURVE ( 'NONE', #10032, #7118, #7445, .T. ) ;
#4911 = CIRCLE ( 'NONE', #1277, 4.000000000000003553 ) ;
#4912 = CIRCLE ( 'NONE', #1719, 2.499999999999891198 ) ;
#4913 = SURFACE_STYLE_FILL_AREA ( #6703 ) ;
#4914 = ORIENTED_EDGE ( 'NONE', *, *, #3969, .F. ) ;
#4915 = CARTESIAN_POINT ( 'NONE',  ( 26.50000000000003197, 243.5000000000000000, 1.500000000000001332 ) ) ;
#4916 = DIRECTION ( 'NONE',  ( 2.033782021272921061E-31, 5.176899690512889973E-31, 1.000000000000000000 ) ) ;
#4917 = AXIS2_PLACEMENT_3D ( 'NONE', #2182, #7737, #3078 ) ;
#4918 = ADVANCED_FACE ( 'NONE', ( #9167 ), #5951, .F. ) ;
#4919 = CARTESIAN_POINT ( 'NONE',  ( 26.49999999999997513, 51.70035001406873931, -10.49999999999995381 ) ) ;
#4920 =( REPRESENTATION_RELATIONSHIP ('NONE','NONE', #4500, #7777 ) REPRESENTATION_RELATIONSHIP_WITH_TRANSFORMATION ( #2283 )SHAPE_REPRESENTATION_RELATIONSHIP( ) );
#4921 = EDGE_CURVE ( 'NONE', #2720, #5724, #4480, .T. ) ;
#4922 = ADVANCED_FACE ( 'NONE', ( #7077 ), #5228, .F. ) ;
#4923 = DIRECTION ( 'NONE',  ( 1.000000000000000000, 0.000000000000000000, 0.000000000000000000 ) ) ;
#4924 = VERTEX_POINT ( 'NONE', #4424 ) ;
#4926 = EDGE_LOOP ( 'NONE', ( #8007, #9359, #8376, #9375 ) ) ;
#4925 = LINE ( 'NONE', #3041, #4428 ) ;
#4927 = AXIS2_PLACEMENT_3D ( 'NONE', #9535, #2422, #4679 ) ;
#4928 = DIRECTION ( 'NONE',  ( -2.033782021272921061E-31, 0.000000000000000000, 1.000000000000000000 ) ) ;
#4929 = EDGE_CURVE ( 'NONE', #6923, #6078, #1381, .T. ) ;
#4930 = ORIENTED_EDGE ( 'NONE', *, *, #336, .T. ) ;
#4931 = DIRECTION ( 'NONE',  ( 5.600273556634000138E-19, 1.000000000000000000, -6.938893903907225296E-18 ) ) ;
#4932 = CYLINDRICAL_SURFACE ( 'NONE', #8721, 4.000000000000003553 ) ;
#4933 =( GEOMETRIC_REPRESENTATION_CONTEXT ( 3 ) GLOBAL_UNCERTAINTY_ASSIGNED_CONTEXT ( ( #3046 ) ) GLOBAL_UNIT_ASSIGNED_CONTEXT ( ( #5934, #4680, #10044 ) ) REPRESENTATION_CONTEXT ( 'NONE', 'WORKASPACE' ) );
#4935 = ORIENTED_EDGE ( 'NONE', *, *, #1346, .T. ) ;
#4934 = LINE ( 'NONE', #5503, #4057 ) ;
#4936 = PLANE ( 'NONE',  #2460 ) ;
#4937 = DIRECTION ( 'NONE',  ( 1.000000000000000000, 0.000000000000000000, 0.000000000000000000 ) ) ;
#4938 = EDGE_CURVE ( 'NONE', #1499, #4924, #8180, .T. ) ;
#4939 = ORIENTED_EDGE ( 'NONE', *, *, #5944, .T. ) ;
#4940 = ORIENTED_EDGE ( 'NONE', *, *, #8544, .T. ) ;
#4941 = CARTESIAN_POINT ( 'NONE',  ( 276.0000000000003411, 49.00000000000004263, 0.000000000000000000 ) ) ;
#4942 = LINE ( 'NONE', #7619, #6546 ) ;
#4943 = DIRECTION ( 'NONE',  ( -9.069527945153567696E-19, -1.000000000000000000, 6.938893903907225296E-18 ) ) ;
#4945 = ORIENTED_EDGE ( 'NONE', *, *, #8035, .F. ) ;
#4944 = VECTOR ( 'NONE', #6250, 1000.000000000000000 ) ;
#4946 = DIRECTION ( 'NONE',  ( 1.000000000000000000, 0.000000000000000000, 0.000000000000000000 ) ) ;
#4947 = CARTESIAN_POINT ( 'NONE',  ( 340.0000000000003979, 290.0000000000002842, 0.000000000000000000 ) ) ;
#4948 = VERTEX_POINT ( 'NONE', #6840 ) ;
#4949 = ORIENTED_EDGE ( 'NONE', *, *, #938, .F. ) ;
#4950 = EDGE_CURVE ( 'NONE', #4224, #2164, #501, .T. ) ;
#4951 = CARTESIAN_POINT ( 'NONE',  ( 27.12906144722885671, 144.4869809870601500, 10.14333045580932868 ) ) ;
#4952 = VECTOR ( 'NONE', #192, 1000.000000000000000 ) ;
#4953 = ORIENTED_EDGE ( 'NONE', *, *, #9600, .T. ) ;
#4954 = CARTESIAN_POINT ( 'NONE',  ( 26.99998542046674288, 54.19376807135903817, -6.165050894881423993 ) ) ;
#4955 = APPLICATION_CONTEXT ( 'automotive_design' ) ;
#4956 = AXIS2_PLACEMENT_3D ( 'NONE', #5162, #5094, #1900 ) ;
#4957 = CARTESIAN_POINT ( 'NONE',  ( 0.000000000000000000, 0.000000000000000000, 0.000000000000000000 ) ) ;
#4958 = DIRECTION ( 'NONE',  ( 0.000000000000000000, 1.000000000000000000, 0.000000000000000000 ) ) ;
#4959 = DIRECTION ( 'NONE',  ( -2.609204460588635816E-49, 0.000000000000000000, 1.000000000000000000 ) ) ;
#4960 = DIRECTION ( 'NONE',  ( 2.033782021272921061E-31, 5.176899690512889973E-31, -1.000000000000000000 ) ) ;
#4962 = ORIENTED_EDGE ( 'NONE', *, *, #1390, .T. ) ;
#4961 = CIRCLE ( 'NONE', #4274, 2.500000000000000444 ) ;
#4963 = AXIS2_PLACEMENT_3D ( 'NONE', #6736, #5967, #9908 ) ;
#4964 = DIRECTION ( 'NONE',  ( 1.000000000000000000, 0.000000000000000000, 0.000000000000000000 ) ) ;
#4965 = CARTESIAN_POINT ( 'NONE',  ( 26.00000000000006040, 42.99999999999998579, 15.00000000000001421 ) ) ;
#4966 = ORIENTED_EDGE ( 'NONE', *, *, #5250, .T. ) ;
#4967 = VERTEX_POINT ( 'NONE', #8357 ) ;
#4968 = VERTEX_POINT ( 'NONE', #1378 ) ;
#4969 = CARTESIAN_POINT ( 'NONE',  ( 1015.499999999999659, 237.9999999999999432, 13.00000000000001066 ) ) ;
#4970 = ADVANCED_FACE ( 'NONE', ( #8675 ), #497, .T. ) ;
#4971 = AXIS2_PLACEMENT_3D ( 'NONE', #913, #981, #1119 ) ;
#4973 = ORIENTED_EDGE ( 'NONE', *, *, #6432, .F. ) ;
#4972 = CYLINDRICAL_SURFACE ( 'NONE', #1880, 2.499999999999946709 ) ;
#4974 = CARTESIAN_POINT ( 'NONE',  ( 35.84317321985053439, 125.0000000000000000, 16.50000000000000000 ) ) ;
#4975 = ORIENTED_EDGE ( 'NONE', *, *, #6795, .T. ) ;
#4976 = VECTOR ( 'NONE', #10025, 1000.000000000000000 ) ;
#4977 = ADVANCED_FACE ( 'NONE', ( #7929 ), #5224, .T. ) ;
#4978 = CARTESIAN_POINT ( 'NONE',  ( 376.0000000000000000, 312.3750000000000568, 4.000000000000052403 ) ) ;
#4979 = ORIENTED_EDGE ( 'NONE', *, *, #3927, .F. ) ;
#4980 = CARTESIAN_POINT ( 'NONE',  ( 314.0000000000003979, 241.0000000000003695, 15.00000000000001421 ) ) ;
#4981 = EDGE_CURVE ( 'NONE', #4218, #1384, #1509, .T. ) ;
#4982 = DIRECTION ( 'NONE',  ( 2.033782021272921061E-31, 5.176899690512889973E-31, 1.000000000000000000 ) ) ;
#4983 = VECTOR ( 'NONE', #5322, 1000.000000000000000 ) ;
#4984 = LINE ( 'NONE', #3972, #7333 ) ;
#4985 = CARTESIAN_POINT ( 'NONE',  ( 26.56974806919931709, 146.4467119336186443, 11.36789874431119962 ) ) ;
#4986 = VERTEX_POINT ( 'NONE', #8388 ) ;
#4987 = AXIS2_PLACEMENT_3D ( 'NONE', #5146, #4275, #9781 ) ;
#4988 = DIRECTION ( 'NONE',  ( 2.033782021272921061E-31, 5.176899690512889973E-31, -1.000000000000000000 ) ) ;
#4989 = EDGE_CURVE ( 'NONE', #1195, #5925, #9414, .T. ) ;
#4990 = CARTESIAN_POINT ( 'NONE',  ( 26.65178594637492182, 53.01031915290372609, -10.09934173816034075 ) ) ;
#4991 = EDGE_CURVE ( 'NONE', #4497, #6172, #6209, .T. ) ;
#4992 = LINE ( 'NONE', #4267, #6472 ) ;
#4993 = DIRECTION ( 'NONE',  ( -0.000000000000000000, 0.000000000000000000, 1.000000000000000000 ) ) ;
#4994 = LINE ( 'NONE', #1033, #6605 ) ;
#4995 = DIRECTION ( 'NONE',  ( 2.033782021272921061E-31, 5.176899690512889973E-31, 1.000000000000000000 ) ) ;
#4996 = CYLINDRICAL_SURFACE ( 'NONE', #8662, 3.000000000000058176 ) ;
#4997 = ORIENTED_EDGE ( 'NONE', *, *, #3337, .T. ) ;
#4998 =( GEOMETRIC_REPRESENTATION_CONTEXT ( 3 ) GLOBAL_UNCERTAINTY_ASSIGNED_CONTEXT ( ( #8447 ) ) GLOBAL_UNIT_ASSIGNED_CONTEXT ( ( #1498, #2325, #7027 ) ) REPRESENTATION_CONTEXT ( 'NONE', 'WORKASPACE' ) );
#4999 = CARTESIAN_POINT ( 'NONE',  ( 108.0000000000001563, 241.0000000000002558, 9.000000000000007105 ) ) ;
#5000 = CARTESIAN_POINT ( 'NONE',  ( 27.65595664314776769, 151.5003892439282538, 7.759330206054395163 ) ) ;
#5001 = EDGE_CURVE ( 'NONE', #7184, #9893, #2368, .T. ) ;
#5002 = PLANE ( 'NONE',  #1053 ) ;
#5003 = AXIS2_PLACEMENT_3D ( 'NONE', #1991, #357, #9075 ) ;
#5004 = FACE_OUTER_BOUND ( 'NONE', #3189, .T. ) ;
#5005 = CARTESIAN_POINT ( 'NONE',  ( 0.000000000000000000, 312.3750000000000568, 4.000000000000058620 ) ) ;
#5006 = DIRECTION ( 'NONE',  ( -2.609204460588636195E-49, 0.000000000000000000, 1.000000000000000000 ) ) ;
#5007 = LINE ( 'NONE', #8857, #286 ) ;
#5008 = ORIENTED_EDGE ( 'NONE', *, *, #4126, .T. ) ;
#5009 = DIRECTION ( 'NONE',  ( -1.000000000000000000, 2.041077998578924066E-17, -2.259514891400699764E-33 ) ) ;
#5010 = ORIENTED_EDGE ( 'NONE', *, *, #1801, .T. ) ;
#5011 = CARTESIAN_POINT ( 'NONE',  ( 34.00000000000002842, 243.5000000000000000, -15.00000000000001421 ) ) ;
#5012 = CARTESIAN_POINT ( 'NONE',  ( 41.50000000000002842, 51.49999999999999289, -15.00000000000001421 ) ) ;
#5013 = DIRECTION ( 'NONE',  ( 2.033782021272921061E-31, 5.176899690512889973E-31, 1.000000000000000000 ) ) ;
#5014 = VECTOR ( 'NONE', #2142, 1000.000000000000000 ) ;
#5015 = SURFACE_SIDE_STYLE ('',( #8089 ) ) ;
#5016 = VECTOR ( 'NONE', #596, 1000.000000000000000 ) ;
#5017 = ORIENTED_EDGE ( 'NONE', *, *, #116, .F. ) ;
#5018 = ORIENTED_EDGE ( 'NONE', *, *, #6721, .F. ) ;
#5019 = CARTESIAN_POINT ( 'NONE',  ( 80.84317321985052729, 84.99999999999998579, 7.499999999999992895 ) ) ;
#5020 = DIRECTION ( 'NONE',  ( -1.000000000000000000, 0.000000000000000000, 0.000000000000000000 ) ) ;
#5021 = ADVANCED_FACE ( 'NONE', ( #14 ), #8418, .T. ) ;
#5022 = LINE ( 'NONE', #1268, #9338 ) ;
#5023 = DIRECTION ( 'NONE',  ( -2.033782021272921061E-31, -5.176899690512889973E-31, 1.000000000000000000 ) ) ;
#5024 =( REPRESENTATION_RELATIONSHIP ('NONE','NONE', #4500, #4486 ) REPRESENTATION_RELATIONSHIP_WITH_TRANSFORMATION ( #9309 )SHAPE_REPRESENTATION_RELATIONSHIP( ) );
#5025 = FACE_OUTER_BOUND ( 'NONE', #4615, .T. ) ;
#5026 = ORIENTED_EDGE ( 'NONE', *, *, #4798, .F. ) ;
#5027 = SHAPE_REPRESENTATION_RELATIONSHIP ( 'NONE' , 'NONE' ,  #8040, #8896 ) ;
#5028 = CARTESIAN_POINT ( 'NONE',  ( 458.4999999999998295, 243.5000000000000000, -15.00000000000001599 ) ) ;
#5029 = CARTESIAN_POINT ( 'NONE',  ( 266.4999999999998295, 243.5000000000000000, 3.000000000000002665 ) ) ;
#5030 = CARTESIAN_POINT ( 'NONE',  ( 730.5000000000000000, 147.5000000000000000, -3.000000000000002665 ) ) ;
#5031 = ADVANCED_BREP_SHAPE_REPRESENTATION ( '', ( #3944, #3788 ), #7308 ) ;
#5032 =( LENGTH_UNIT ( ) NAMED_UNIT ( * ) SI_UNIT ( .MILLI., .METRE. ) );
#5033 = LINE ( 'NONE', #154, #9460 ) ;
#5034 = AXIS2_PLACEMENT_3D ( 'NONE', #9155, #581, #2862 ) ;
#5035 = CYLINDRICAL_SURFACE ( 'NONE', #1196, 3.000000000000002665 ) ;
#5036 = ORIENTED_EDGE ( 'NONE', *, *, #2474, .T. ) ;
#5037 = ORIENTED_EDGE ( 'NONE', *, *, #7388, .T. ) ;
#5038 = PRODUCT ( 'A353250-PUERTASXPU', 'A353250-PUERTASXPU', '', ( #2526 ) ) ;
#5039 = CARTESIAN_POINT ( 'NONE',  ( 1015.499999999999659, 237.9999999999999432, -15.00000000000001421 ) ) ;
#5040 = DIRECTION ( 'NONE',  ( 1.000000000000000000, 0.000000000000000000, 0.000000000000000000 ) ) ;
#5041 = EDGE_CURVE ( 'NONE', #7911, #546, #5346, .T. ) ;
#5042 = CARTESIAN_POINT ( 'NONE',  ( 730.5000000000000000, 147.5000000000000000, 15.00000000000001599 ) ) ;
#5043 = ORIENTED_EDGE ( 'NONE', *, *, #9603, .T. ) ;
#5044 = ORIENTED_EDGE ( 'NONE', *, *, #562, .T. ) ;
#5045 = FILL_AREA_STYLE ('',( #1759 ) ) ;
#5046 = CARTESIAN_POINT ( 'NONE',  ( 108.0000000000001421, 241.0000000000002558, 9.000000000000007105 ) ) ;
#5047 = EDGE_CURVE ( 'NONE', #8648, #3573, #3231, .T. ) ;
#5048 = CARTESIAN_POINT ( 'NONE',  ( 102.0000000000001847, 49.00000000000004263, 9.000000000000007105 ) ) ;
#5049 = ORIENTED_EDGE ( 'NONE', *, *, #144, .F. ) ;
#5050 = DIRECTION ( 'NONE',  ( 1.000000000000000000, 3.652049423109067334E-16, -0.000000000000000000 ) ) ;
#5051 = CARTESIAN_POINT ( 'NONE',  ( 27.65159951840158215, 143.5064980162088375, 7.235649223020684140 ) ) ;
#5052 = VERTEX_POINT ( 'NONE', #8324 ) ;
#5054 = VERTEX_POINT ( 'NONE', #9890 ) ;
#5053 = VECTOR ( 'NONE', #6676, 1000.000000000000000 ) ;
#5055 = CARTESIAN_POINT ( 'NONE',  ( 40.00000000000003553, 243.5000000000000000, -7.499999999999949374 ) ) ;
#5056 = AXIS2_PLACEMENT_3D ( 'NONE', #1476, #7001, #1438 ) ;
#5057 = ORIENTED_EDGE ( 'NONE', *, *, #2141, .T. ) ;
#5058 = DIRECTION ( 'NONE',  ( -0.000000000000000000, 0.000000000000000000, 1.000000000000000000 ) ) ;
#5059 = ORIENTED_EDGE ( 'NONE', *, *, #6251, .T. ) ;
#5060 = EDGE_CURVE ( 'NONE', #4706, #4519, #7325, .T. ) ;
#5061 = DIRECTION ( 'NONE',  ( 0.000000000000000000, 1.000000000000000000, 0.000000000000000000 ) ) ;
#5062 = ORIENTED_EDGE ( 'NONE', *, *, #3910, .F. ) ;
#5063 = AXIS2_PLACEMENT_3D ( 'NONE', #9497, #32, #3115 ) ;
#5064 = FACE_BOUND ( 'NONE', #134, .T. ) ;
#5065 = CARTESIAN_POINT ( 'NONE',  ( 0.000000000000000000, 51.50000000000000000, 7.500000000000007105 ) ) ;
#5066 = EDGE_CURVE ( 'NONE', #5226, #9300, #1753, .T. ) ;
#5067 = FACE_OUTER_BOUND ( 'NONE', #6524, .T. ) ;
#5068 = CARTESIAN_POINT ( 'NONE',  ( 26.50000000000003553, 243.3025364679994027, 4.499999999999944933 ) ) ;
#5070 = ORIENTED_EDGE ( 'NONE', *, *, #8160, .T. ) ;
#5069 = PRESENTATION_STYLE_ASSIGNMENT (( #1180 ) ) ;
#5071 = CARTESIAN_POINT ( 'NONE',  ( 110.8431732198505273, 120.0000000000000000, 16.50000000000000000 ) ) ;
#5072 =( NAMED_UNIT ( * ) SI_UNIT ( $, .STERADIAN. ) SOLID_ANGLE_UNIT ( ) );
#5073 = ORIENTED_EDGE ( 'NONE', *, *, #7826, .T. ) ;
#5074 = DIRECTION ( 'NONE',  ( -2.609204460588636195E-49, 0.000000000000000000, 1.000000000000000000 ) ) ;
#5075 = ORIENTED_EDGE ( 'NONE', *, *, #6749, .T. ) ;
#5076 = ORIENTED_EDGE ( 'NONE', *, *, #9541, .F. ) ;
#5077 = CYLINDRICAL_SURFACE ( 'NONE', #8313, 2.499999999999891198 ) ;
#5078 = DIRECTION ( 'NONE',  ( 0.000000000000000000, -1.000000000000000000, 0.000000000000000000 ) ) ;
#5080 = ORIENTED_EDGE ( 'NONE', *, *, #3321, .T. ) ;
#5079 = VECTOR ( 'NONE', #734, 1000.000000000000000 ) ;
#5081 = ADVANCED_FACE ( 'NONE', ( #1624 ), #9989, .T. ) ;
#5082 = EDGE_CURVE ( 'NONE', #5602, #5466, #8422, .T. ) ;
#5083 = DIRECTION ( 'NONE',  ( 0.000000000000000000, 0.000000000000000000, 1.000000000000000000 ) ) ;
#5084 = ORIENTED_EDGE ( 'NONE', *, *, #7304, .T. ) ;
#5085 = DIRECTION ( 'NONE',  ( 1.000000000000000000, 0.000000000000000000, 0.000000000000000000 ) ) ;
#5086 = DIRECTION ( 'NONE',  ( 1.000000000000000000, 0.000000000000000000, 0.000000000000000000 ) ) ;
#5087 = CYLINDRICAL_SURFACE ( 'NONE', #1482, 3.000000000000002665 ) ;
#5088 = ORIENTED_EDGE ( 'NONE', *, *, #8308, .T. ) ;
#5089 = CARTESIAN_POINT ( 'NONE',  ( 8.000000000000007105, 243.5000000000000000, 15.00000000000001421 ) ) ;
#5090 = ORIENTED_EDGE ( 'NONE', *, *, #10055, .F. ) ;
#5091 = ORIENTED_EDGE ( 'NONE', *, *, #255, .F. ) ;
#5092 = ORIENTED_EDGE ( 'NONE', *, *, #3773, .F. ) ;
#5093 = CARTESIAN_POINT ( 'NONE',  ( 26.00000000000003908, 241.0000000000003126, 9.000000000000007105 ) ) ;
#5094 = DIRECTION ( 'NONE',  ( -2.033782021272921061E-31, -5.176899690512889973E-31, 1.000000000000000000 ) ) ;
#5096 = ORIENTED_EDGE ( 'NONE', *, *, #6363, .T. ) ;
#5095 = VECTOR ( 'NONE', #3432, 1000.000000000000000 ) ;
#5097 = CARTESIAN_POINT ( 'NONE',  ( 1095.000000000000000, 243.5000000000000000, 4.499999999999946709 ) ) ;
#5098 = ORIENTED_EDGE ( 'NONE', *, *, #9804, .T. ) ;
#5099 = CIRCLE ( 'NONE', #1859, 3.000000000000002665 ) ;
#5100 = STYLED_ITEM ( 'NONE', ( #5069 ), #8883 ) ;
#5101 = ORIENTED_EDGE ( 'NONE', *, *, #4530, .T. ) ;
#5102 = ORIENTED_EDGE ( 'NONE', *, *, #1480, .F. ) ;
#5103 = PLANE ( 'NONE',  #662 ) ;
#5104 = DIRECTION ( 'NONE',  ( 1.000000000000000000, 0.000000000000000000, 0.000000000000000000 ) ) ;
#5105 = DIRECTION ( 'NONE',  ( 1.000000000000000000, -7.590943252506637819E-32, -2.033782021272921061E-31 ) ) ;
#5106 = PRODUCT_DEFINITION_CONTEXT ( 'detailed design', #4892, 'design' ) ;
#5107 = CARTESIAN_POINT ( 'NONE',  ( 376.0000000000000000, 219.1250000000002274, 4.000000000000052403 ) ) ;
#5108 = DIRECTION ( 'NONE',  ( -1.000000000000000000, 2.041077998578924066E-17, -2.259514891400699764E-33 ) ) ;
#5109 = CIRCLE ( 'NONE', #5991, 2.499999999999946709 ) ;
#5110 = EDGE_CURVE ( 'NONE', #8287, #5134, #2851, .T. ) ;
#5111 = CIRCLE ( 'NONE', #10186, 2.500000000000002220 ) ;
#5112 = EDGE_LOOP ( 'NONE', ( #6497, #4104 ) ) ;
#5113 = AXIS2_PLACEMENT_3D ( 'NONE', #8361, #2031, #1314 ) ;
#5114 = CARTESIAN_POINT ( 'NONE',  ( 385.0000000000000000, 3.000000000000002665, 0.000000000000000000 ) ) ;
#5115 = CARTESIAN_POINT ( 'NONE',  ( 0.000000000000000000, 51.49999999999999289, -7.499999999999949374 ) ) ;
#5116 = AXIS2_PLACEMENT_3D ( 'NONE', #8903, #8794, #4937 ) ;
#5117 = CARTESIAN_POINT ( 'NONE',  ( 272.0000000000003411, 241.0000000000003411, 9.000000000000007105 ) ) ;
#5118 = VECTOR ( 'NONE', #2896, 1000.000000000000000 ) ;
#5119 = CARTESIAN_POINT ( 'NONE',  ( 0.000000000000000000, 0.000000000000000000, 0.000000000000000000 ) ) ;
#5120 = FACE_BOUND ( 'NONE', #8314, .T. ) ;
#5121 = CARTESIAN_POINT ( 'NONE',  ( 26.00000000000003908, 241.0000000000003126, 9.000000000000007105 ) ) ;
#5122 = EDGE_LOOP ( 'NONE', ( #4429, #7590 ) ) ;
#5123 = CARTESIAN_POINT ( 'NONE',  ( 314.0000000000003979, 235.0000000000003695, 15.00000000000001421 ) ) ;
#5124 = AXIS2_PLACEMENT_3D ( 'NONE', #1855, #4355, #8182 ) ;
#5125 = DIRECTION ( 'NONE',  ( -3.136292949173481922E-19, -1.387778780781445676E-17, 1.000000000000000000 ) ) ;
#5126 = EDGE_CURVE ( 'NONE', #9651, #2923, #3105, .T. ) ;
#5127 = FACE_OUTER_BOUND ( 'NONE', #3683, .T. ) ;
#5128 = DIRECTION ( 'NONE',  ( 1.000000000000000000, -7.590943252506637819E-32, 2.033782021272921061E-31 ) ) ;
#5129 = CARTESIAN_POINT ( 'NONE',  ( 26.53853299045596970, 242.7163733783206396, -10.40254392629214841 ) ) ;
#5130 = CARTESIAN_POINT ( 'NONE',  ( 26.72544866460922464, 245.3325437485324301, 9.883154385491009108 ) ) ;
#5131 = CARTESIAN_POINT ( 'NONE',  ( 376.0000000000000000, 133.8750000000000853, -3.469446951953614189E-15 ) ) ;
#5132 = EDGE_CURVE ( 'NONE', #2693, #7113, #1265, .T. ) ;
#5133 = FACE_OUTER_BOUND ( 'NONE', #727, .T. ) ;
#5134 = VERTEX_POINT ( 'NONE', #6183 ) ;
#5135 = ADVANCED_FACE ( 'NONE', ( #1998 ), #713, .F. ) ;
#5136 = DIRECTION ( 'NONE',  ( 1.000000000000000000, 0.000000000000000000, 0.000000000000000000 ) ) ;
#5137 = CARTESIAN_POINT ( 'NONE',  ( 310.0000000000003411, 49.00000000000004263, 0.000000000000000000 ) ) ;
#5138 = DIRECTION ( 'NONE',  ( 1.000000000000000000, 0.000000000000000000, 0.000000000000000000 ) ) ;
#5139 = CARTESIAN_POINT ( 'NONE',  ( 26.53877007360070195, 242.7135563649305539, 4.598059989243553858 ) ) ;
#5140 = PLANE ( 'NONE',  #3186 ) ;
#5141 = LINE ( 'NONE', #7071, #5750 ) ;
#5142 = ORIENTED_EDGE ( 'NONE', *, *, #3472, .F. ) ;
#5143 = EDGE_CURVE ( 'NONE', #9836, #8236, #9648, .T. ) ;
#5144 = ORIENTED_EDGE ( 'NONE', *, *, #2778, .F. ) ;
#5145 = AXIS2_PLACEMENT_3D ( 'NONE', #9474, #9342, #748 ) ;
#5146 = CARTESIAN_POINT ( 'NONE',  ( 238.0000000000003126, 241.0000000000002558, 15.00000000000001421 ) ) ;
#5147 = DIRECTION ( 'NONE',  ( 3.136292949173481922E-19, 1.387778780781445676E-17, -1.000000000000000000 ) ) ;
#5148 = LINE ( 'NONE', #7884, #8713 ) ;
#5149 = CARTESIAN_POINT ( 'NONE',  ( 376.0000000000000000, 353.0000000000001705, -6.938893903907228378E-15 ) ) ;
#5150 = LINE ( 'NONE', #9848, #3145 ) ;
#5151 = EDGE_LOOP ( 'NONE', ( #4032, #7435, #4019, #2610 ) ) ;
#5152 = ORIENTED_EDGE ( 'NONE', *, *, #1613, .F. ) ;
#5153 = EDGE_CURVE ( 'NONE', #976, #7530, #9894, .T. ) ;
#5154 = PLANE ( 'NONE',  #7643 ) ;
#5155 = CIRCLE ( 'NONE', #3828, 2.500000000000000444 ) ;
#5156 = CARTESIAN_POINT ( 'NONE',  ( 0.000000000000000000, 0.000000000000000000, 5.000000000000004441 ) ) ;
#5157 = VECTOR ( 'NONE', #6547, 1000.000000000000000 ) ;
#5158 = AXIS2_PLACEMENT_3D ( 'NONE', #4008, #57, #1528 ) ;
#5159 = CARTESIAN_POINT ( 'NONE',  ( 0.000000000000000000, 308.3750000000000568, 0.000000000000000000 ) ) ;
#5160 = DIRECTION ( 'NONE',  ( -1.000000000000000000, 7.590943252506637819E-32, 2.033782021272921061E-31 ) ) ;
#5161 = ORIENTED_EDGE ( 'NONE', *, *, #7814, .T. ) ;
#5162 = CARTESIAN_POINT ( 'NONE',  ( 728.0000000000001137, 243.5000000000000000, 15.00000000000001599 ) ) ;
#5163 = DIRECTION ( 'NONE',  ( 1.000000000000000000, 0.000000000000000000, -8.441837551339287274E-51 ) ) ;
#5164 = DIRECTION ( 'NONE',  ( 1.000000000000000000, 0.000000000000000000, 0.000000000000000000 ) ) ;
#5165 = LINE ( 'NONE', #5341, #2794 ) ;
#5166 = DIRECTION ( 'NONE',  ( -0.000000000000000000, 0.000000000000000000, 1.000000000000000000 ) ) ;
#5167 = EDGE_LOOP ( 'NONE', ( #6983, #1218, #5415, #4590 ) ) ;
#5168 = CARTESIAN_POINT ( 'NONE',  ( 378.0000000000000000, 243.5000000000000000, -1.043681784235452655E-48 ) ) ;
#5169 = ORIENTED_EDGE ( 'NONE', *, *, #2839, .F. ) ;
#5170 = CARTESIAN_POINT ( 'NONE',  ( 340.0000000000003979, 5.551115123125782702E-14, 15.00000000000001421 ) ) ;
#5171 = ADVANCED_FACE ( 'NONE', ( #1875 ), #9345, .T. ) ;
#5172 = CARTESIAN_POINT ( 'NONE',  ( 728.0000000000001137, 243.5000000000000000, -15.00000000000001599 ) ) ;
#5173 = AXIS2_PLACEMENT_3D ( 'NONE', #6622, #8097, #1054 ) ;
#5174 = EDGE_LOOP ( 'NONE', ( #2770, #5337, #4914, #8760, #3960, #1715, #5214, #5832 ) ) ;
#5176 = VERTEX_POINT ( 'NONE', #1544 ) ;
#5175 = FACE_OUTER_BOUND ( 'NONE', #10017, .T. ) ;
#5177 = CARTESIAN_POINT ( 'NONE',  ( 284.0000000000000568, 336.0000000000000568, 3.000000000000058176 ) ) ;
#5178 = ADVANCED_FACE ( 'NONE', ( #5723 ), #2119, .F. ) ;
#5179 = EDGE_LOOP ( 'NONE', ( #3137, #1964, #6572, #7324 ) ) ;
#5180 = CARTESIAN_POINT ( 'NONE',  ( 359.9999999999998863, 243.5000000000000000, 15.00000000000001599 ) ) ;
#5181 = DIRECTION ( 'NONE',  ( -1.000000000000000000, 0.000000000000000000, 0.000000000000000000 ) ) ;
#5182 = EDGE_CURVE ( 'NONE', #3490, #3435, #6322, .T. ) ;
#5183 = DIRECTION ( 'NONE',  ( 1.000000000000000000, 0.000000000000000000, 0.000000000000000000 ) ) ;
#5184 = FACE_BOUND ( 'NONE', #7442, .T. ) ;
#5186 = ORIENTED_EDGE ( 'NONE', *, *, #4109, .T. ) ;
#5185 = VECTOR ( 'NONE', #7329, 1000.000000000000000 ) ;
#5187 = AXIS2_PLACEMENT_3D ( 'NONE', #4836, #3161, #9512 ) ;
#5188 = EDGE_CURVE ( 'NONE', #10239, #4392, #4225, .T. ) ;
#5189 = ORIENTED_EDGE ( 'NONE', *, *, #8798, .F. ) ;
#5190 = DIRECTION ( 'NONE',  ( -1.000000000000000000, 7.590943252506637819E-32, -2.033782021272921061E-31 ) ) ;
#5191 = VERTEX_POINT ( 'NONE', #3896 ) ;
#5192 = EDGE_LOOP ( 'NONE', ( #4471, #334, #2731, #8004 ) ) ;
#5193 = EDGE_CURVE ( 'NONE', #4802, #5267, #9162, .T. ) ;
#5194 = DIRECTION ( 'NONE',  ( 0.000000000000000000, 0.000000000000000000, 1.000000000000000000 ) ) ;
#5195 = CARTESIAN_POINT ( 'NONE',  ( 26.49999999999996447, 243.2995184141616392, -10.49999999999995381 ) ) ;
#5196 = LINE ( 'NONE', #1847, #3939 ) ;
#5197 = PRESENTATION_LAYER_ASSIGNMENT (  '', '', ( #3594 ) ) ;
#5199 = ORIENTED_EDGE ( 'NONE', *, *, #1863, .F. ) ;
#5198 = VECTOR ( 'NONE', #719, 1000.000000000000000 ) ;
#5200 = DIRECTION ( 'NONE',  ( 2.033782021272921061E-31, 5.176899690512889973E-31, 1.000000000000000000 ) ) ;
#5201 = EDGE_CURVE ( 'NONE', #2680, #4160, #6829, .T. ) ;
#5202 = VERTEX_POINT ( 'NONE', #4564 ) ;
#5203 = MECHANICAL_DESIGN_GEOMETRIC_PRESENTATION_REPRESENTATION (  '', ( #2344 ), #3603 ) ;
#5204 = CARTESIAN_POINT ( 'NONE',  ( 725.5000000000001137, 147.5000000000000000, 15.00000000000001599 ) ) ;
#5205 = EDGE_CURVE ( 'NONE', #3221, #2122, #9278, .T. ) ;
#5206 = CARTESIAN_POINT ( 'NONE',  ( 26.65160653322065443, 241.9904423129015356, 4.900125791077464044 ) ) ;
#5207 = VECTOR ( 'NONE', #6678, 1000.000000000000000 ) ;
#5208 = DIRECTION ( 'NONE',  ( 1.000000000000000000, 0.000000000000000000, 0.000000000000000000 ) ) ;
#5209 = ORIENTED_EDGE ( 'NONE', *, *, #345, .F. ) ;
#5210 = DIRECTION ( 'NONE',  ( 3.136292949173481922E-19, -1.387778780781445676E-17, 1.000000000000000000 ) ) ;
#5211 = ORIENTED_EDGE ( 'NONE', *, *, #8884, .F. ) ;
#5212 = EDGE_CURVE ( 'NONE', #4527, #9898, #9527, .T. ) ;
#5214 = ORIENTED_EDGE ( 'NONE', *, *, #7164, .F. ) ;
#5213 = LINE ( 'NONE', #9179, #9633 ) ;
#5215 = CARTESIAN_POINT ( 'NONE',  ( 40.00000000000003553, 147.5000000000000853, 11.50000000000001066 ) ) ;
#5216 = DIRECTION ( 'NONE',  ( -2.033782021272921061E-31, -5.176899690512889973E-31, 1.000000000000000000 ) ) ;
#5217 = ORIENTED_EDGE ( 'NONE', *, *, #6116, .F. ) ;
#5218 = ORIENTED_EDGE ( 'NONE', *, *, #3743, .T. ) ;
#5219 = DIRECTION ( 'NONE',  ( 2.033782021272921061E-31, 5.176899690512889973E-31, 1.000000000000000000 ) ) ;
#5220 = ORIENTED_EDGE ( 'NONE', *, *, #7751, .T. ) ;
#5221 = DIRECTION ( 'NONE',  ( -0.000000000000000000, 0.000000000000000000, 1.000000000000000000 ) ) ;
#5222 = UNCERTAINTY_MEASURE_WITH_UNIT (LENGTH_MEASURE( 1.000000000000000082E-05 ), #3909, 'distance_accuracy_value', 'NONE');
#5223 = ADVANCED_FACE ( 'NONE', ( #8923 ), #2405, .T. ) ;
#5224 = PLANE ( 'NONE',  #9980 ) ;
#5226 = VERTEX_POINT ( 'NONE', #7180 ) ;
#5225 = CIRCLE ( 'NONE', #2671, 2.499999999999946709 ) ;
#5227 = ORIENTED_EDGE ( 'NONE', *, *, #7958, .T. ) ;
#5228 = CYLINDRICAL_SURFACE ( 'NONE', #9789, 7.500000000000000000 ) ;
#5229 = DIRECTION ( 'NONE',  ( -1.000000000000000000, 0.000000000000000000, 0.000000000000000000 ) ) ;
#5230 = CLOSED_SHELL ( 'NONE', ( #1450, #8530, #2528, #6218, #9241, #1501, #1291, #8907, #613, #3098, #6149, #1134, #4878, #9148, #6252, #3415, #9661, #7101, #4827, #8475 ) ) ;
#5231 = DIRECTION ( 'NONE',  ( 0.000000000000000000, 0.000000000000000000, -1.000000000000000000 ) ) ;
#5232 = ORIENTED_EDGE ( 'NONE', *, *, #4099, .F. ) ;
#5233 = CARTESIAN_POINT ( 'NONE',  ( 26.53876507417225383, 52.28612264282694611, 4.598049040410638000 ) ) ;
#5234 = ADVANCED_FACE ( 'NONE', ( #2608 ), #3613, .F. ) ;
#5235 = CARTESIAN_POINT ( 'NONE',  ( 359.9999999999998863, 51.49999999999999289, -15.00000000000001599 ) ) ;
#5236 = AXIS2_PLACEMENT_3D ( 'NONE', #9000, #4241, #1102 ) ;
#5237 = CARTESIAN_POINT ( 'NONE',  ( 319.0000000000000000, 147.5000000000000853, 11.50000000000001066 ) ) ;
#5238 = CIRCLE ( 'NONE', #1993, 6.000000000000019540 ) ;
#5239 = CARTESIAN_POINT ( 'NONE',  ( 68.00000000000008527, 209.0000000000003411, 0.000000000000000000 ) ) ;
#5240 = ORIENTED_EDGE ( 'NONE', *, *, #7576, .F. ) ;
#5241 = DIRECTION ( 'NONE',  ( 1.000000000000000000, 0.000000000000000000, -2.609204460588635816E-49 ) ) ;
#5242 = DIRECTION ( 'NONE',  ( 2.033782021272921061E-31, 5.176899690512889973E-31, 1.000000000000000000 ) ) ;
#5243 = EDGE_CURVE ( 'NONE', #8243, #3787, #3971, .T. ) ;
#5244 = LINE ( 'NONE', #6887, #9172 ) ;
#5245 = CIRCLE ( 'NONE', #8085, 2.500000000000002220 ) ;
#5246 = CARTESIAN_POINT ( 'NONE',  ( 376.0000000000000000, 353.0000000000001705, 15.00000000000005507 ) ) ;
#5247 = LINE ( 'NONE', #5607, #5494 ) ;
#5248 = VERTEX_POINT ( 'NONE', #3997 ) ;
#5249 = AXIS2_PLACEMENT_3D ( 'NONE', #9642, #222, #6454 ) ;
#5250 = EDGE_CURVE ( 'NONE', #7926, #1826, #3722, .T. ) ;
#5251 = DIRECTION ( 'NONE',  ( 1.000000000000000000, 0.000000000000000000, 0.000000000000000000 ) ) ;
#5252 = DIRECTION ( 'NONE',  ( 1.000000000000000000, 0.000000000000000000, 0.000000000000000000 ) ) ;
#5253 = CARTESIAN_POINT ( 'NONE',  ( 1055.000000000000000, 243.5000000000000000, -10.49999999999995204 ) ) ;
#5254 = CYLINDRICAL_SURFACE ( 'NONE', #925, 2.499999999999946709 ) ;
#5255 = VECTOR ( 'NONE', #5241, 1000.000000000000000 ) ;
#5256 = CLOSED_SHELL ( 'NONE', ( #8345, #1333, #2725, #487, #5755, #5405 ) ) ;
#5257 = AXIS2_PLACEMENT_3D ( 'NONE', #8448, #5219, #5252 ) ;
#5258 = CARTESIAN_POINT ( 'NONE',  ( 0.000000000000000000, -2.465190328815661892E-29, 1.500000000000001332 ) ) ;
#5259 = VERTEX_POINT ( 'NONE', #9576 ) ;
#5260 = EDGE_CURVE ( 'NONE', #2468, #6059, #5476, .T. ) ;
#5261 = DIRECTION ( 'NONE',  ( 1.000000000000000000, 5.600273556634003027E-19, -3.136292949173481922E-19 ) ) ;
#5262 = DIRECTION ( 'NONE',  ( -2.033782021272921061E-31, 0.000000000000000000, 1.000000000000000000 ) ) ;
#5263 = AXIS2_PLACEMENT_3D ( 'NONE', #5989, #364, #8362 ) ;
#5264 = CARTESIAN_POINT ( 'NONE',  ( 26.72544866460922819, 53.33254374853241586, 9.883154385491016214 ) ) ;
#5265 = EDGE_CURVE ( 'NONE', #5688, #6562, #10014, .T. ) ;
#5266 = CIRCLE ( 'NONE', #9393, 2.499999999999891198 ) ;
#5267 = VERTEX_POINT ( 'NONE', #786 ) ;
#5268 = VERTEX_POINT ( 'NONE', #76 ) ;
#5269 = CARTESIAN_POINT ( 'NONE',  ( 263.9999999999998863, 243.5000000000000000, -15.00000000000001599 ) ) ;
#5270 = CARTESIAN_POINT ( 'NONE',  ( 34.00000000000002842, 243.5000000000000000, -15.00000000000001421 ) ) ;
#5271 = PRODUCT_DEFINITION_SHAPE ( 'NONE', 'NONE',  #9350 ) ;
#5272 = FACE_OUTER_BOUND ( 'NONE', #5174, .T. ) ;
#5273 = EDGE_CURVE ( 'NONE', #2727, #105, #5099, .T. ) ;
#5274 = DIRECTION ( 'NONE',  ( -1.000000000000000000, 7.590943252506637819E-32, 2.033782021272921061E-31 ) ) ;
#5275 = LINE ( 'NONE', #6425, #1920 ) ;
#5276 = ORIENTED_EDGE ( 'NONE', *, *, #3201, .T. ) ;
#5277 = DIRECTION ( 'NONE',  ( 1.000000000000000000, 5.600273556634003027E-19, -3.136292949173481922E-19 ) ) ;
#5278 = ADVANCED_FACE ( 'NONE', ( #7569 ), #6943, .F. ) ;
#5279 = CARTESIAN_POINT ( 'NONE',  ( 981.0000000000000000, 237.9999999999999432, -13.00000000000001421 ) ) ;
#5280 = LINE ( 'NONE', #9845, #2666 ) ;
#5281 = LINE ( 'NONE', #6589, #9707 ) ;
#5282 = CIRCLE ( 'NONE', #6441, 4.000000000000017764 ) ;
#5283 = ORIENTED_EDGE ( 'NONE', *, *, #3254, .T. ) ;
#5284 = VERTEX_POINT ( 'NONE', #9480 ) ;
#5285 = CARTESIAN_POINT ( 'NONE',  ( 42.84317321985053439, 84.99999999999998579, 10.50000000000000000 ) ) ;
#5286 = AXIS2_PLACEMENT_3D ( 'NONE', #6814, #4534, #9176 ) ;
#5287 = CARTESIAN_POINT ( 'NONE',  ( 0.000000000000000000, 0.000000000000000000, 0.000000000000000000 ) ) ;
#5288 = ORIENTED_EDGE ( 'NONE', *, *, #7896, .T. ) ;
#5289 = ORIENTED_EDGE ( 'NONE', *, *, #4048, .T. ) ;
#5290 = CARTESIAN_POINT ( 'NONE',  ( 0.000000000000000000, 0.000000000000000000, 0.000000000000000000 ) ) ;
#5291 = ADVANCED_FACE ( 'NONE', ( #4849 ), #5663, .T. ) ;
#5292 = VERTEX_POINT ( 'NONE', #4022 ) ;
#5293 = CARTESIAN_POINT ( 'NONE',  ( 30.00000000000006395, 49.00000000000004263, 9.000000000000007105 ) ) ;
#5294 = AXIS2_PLACEMENT_3D ( 'NONE', #6000, #1226, #1259 ) ;
#5295 = CARTESIAN_POINT ( 'NONE',  ( 30.00000000000004263, 241.0000000000002558, 9.000000000000007105 ) ) ;
#5296 = ORIENTED_EDGE ( 'NONE', *, *, #7500, .T. ) ;
#5297 = AXIS2_PLACEMENT_3D ( 'NONE', #7903, #9481, #46 ) ;
#5298 = CARTESIAN_POINT ( 'NONE',  ( 6.938893903907228378E-15, 89.25000000000005684, 3.999999999999996447 ) ) ;
#5300 = ORIENTED_EDGE ( 'NONE', *, *, #532, .F. ) ;
#5299 = CYLINDRICAL_SURFACE ( 'NONE', #9470, 4.000000000000034639 ) ;
#5301 = DIRECTION ( 'NONE',  ( -1.000000000000000000, 0.000000000000000000, 0.000000000000000000 ) ) ;
#5302 = CARTESIAN_POINT ( 'NONE',  ( 1055.000000000000000, 51.49999999999999289, -4.499999999999946709 ) ) ;
#5303 = ORIENTED_EDGE ( 'NONE', *, *, #8693, .F. ) ;
#5304 = EDGE_CURVE ( 'NONE', #9283, #3577, #2973, .T. ) ;
#5305 = AXIS2_PLACEMENT_3D ( 'NONE', #2380, #9491, #3873 ) ;
#5306 = DIRECTION ( 'NONE',  ( -1.000000000000000000, 0.000000000000000000, -1.941925118803054280E-33 ) ) ;
#5307 = ORIENTED_EDGE ( 'NONE', *, *, #7585, .F. ) ;
#5308 = CARTESIAN_POINT ( 'NONE',  ( 0.000000000000000000, 0.000000000000000000, 0.000000000000000000 ) ) ;
#5309 = CIRCLE ( 'NONE', #3893, 2.499999999999891198 ) ;
#5310 = DIRECTION ( 'NONE',  ( -1.000000000000000000, 0.000000000000000000, 0.000000000000000000 ) ) ;
#5311 = LINE ( 'NONE', #9247, #7760 ) ;
#5312 = ORIENTED_EDGE ( 'NONE', *, *, #3337, .F. ) ;
#5313 = ORIENTED_EDGE ( 'NONE', *, *, #1161, .T. ) ;
#5314 = DIRECTION ( 'NONE',  ( 1.000000000000000000, -7.590943252506637819E-32, 2.033782021272921061E-31 ) ) ;
#5315 = AXIS2_PLACEMENT_3D ( 'NONE', #1951, #3549, #7487 ) ;
#5316 = FACE_OUTER_BOUND ( 'NONE', #2407, .T. ) ;
#5317 = EDGE_CURVE ( 'NONE', #6170, #3719, #7194, .T. ) ;
#5319 = ORIENTED_EDGE ( 'NONE', *, *, #8168, .T. ) ;
#5318 = FACE_OUTER_BOUND ( 'NONE', #5983, .T. ) ;
#5320 = DIRECTION ( 'NONE',  ( 1.000000000000000000, 0.000000000000000000, 0.000000000000000000 ) ) ;
#5321 = CARTESIAN_POINT ( 'NONE',  ( 331.4256452383399392, 151.3684438443036981, 8.551245107742545315 ) ) ;
#5322 = DIRECTION ( 'NONE',  ( -1.000000000000000000, -5.600273556634003027E-19, 3.136292949173481922E-19 ) ) ;
#5323 = ORIENTED_EDGE ( 'NONE', *, *, #2538, .F. ) ;
#5324 = DIRECTION ( 'NONE',  ( 0.000000000000000000, 0.000000000000000000, -1.000000000000000000 ) ) ;
#5325 = PRODUCT_DEFINITION ( 'UNKNOWN', '', #4346, #3606 ) ;
#5326 = ADVANCED_FACE ( 'NONE', ( #8614 ), #18, .F. ) ;
#5327 = FACE_OUTER_BOUND ( 'NONE', #1921, .T. ) ;
#5328 = DIRECTION ( 'NONE',  ( -1.000000000000000000, 0.000000000000000000, 0.000000000000000000 ) ) ;
#5329 = ORIENTED_EDGE ( 'NONE', *, *, #2247, .T. ) ;
#5330 = EDGE_CURVE ( 'NONE', #3612, #767, #1561, .T. ) ;
#5331 = ORIENTED_EDGE ( 'NONE', *, *, #1094, .F. ) ;
#5332 = CARTESIAN_POINT ( 'NONE',  ( 376.0000000000000000, 174.5000000000001137, 3.999999999999996447 ) ) ;
#5333 = ORIENTED_EDGE ( 'NONE', *, *, #2413, .T. ) ;
#5334 = DIRECTION ( 'NONE',  ( -1.000000000000000000, 0.000000000000000000, 0.000000000000000000 ) ) ;
#5335 = AXIS2_PLACEMENT_3D ( 'NONE', #8123, #99, #9694 ) ;
#5336 = DIRECTION ( 'NONE',  ( -5.600273556634000138E-19, -1.000000000000000000, -1.387778780781445676E-17 ) ) ;
#5337 = ORIENTED_EDGE ( 'NONE', *, *, #896, .T. ) ;
#5338 = PLANE ( 'NONE',  #6551 ) ;
#5339 = ORIENTED_EDGE ( 'NONE', *, *, #1605, .F. ) ;
#5340 = PLANE ( 'NONE',  #1215 ) ;
#5341 = CARTESIAN_POINT ( 'NONE',  ( 26.50000000000003197, 243.5000000000000000, -15.00000000000001421 ) ) ;
#5342 = CARTESIAN_POINT ( 'NONE',  ( 0.000000000000000000, -6.729969597666759768E-30, 13.00000000000001421 ) ) ;
#5344 = ORIENTED_EDGE ( 'NONE', *, *, #3010, .T. ) ;
#5343 = CIRCLE ( 'NONE', #3203, 4.000000000000003553 ) ;
#5345 = EDGE_LOOP ( 'NONE', ( #2722, #5712 ) ) ;
#5346 = CIRCLE ( 'NONE', #7361, 3.000000000000002665 ) ;
#5347 = DIRECTION ( 'NONE',  ( 1.000000000000000000, 0.000000000000000000, 0.000000000000000000 ) ) ;
#5348 = ORIENTED_EDGE ( 'NONE', *, *, #7576, .T. ) ;
#5349 = VERTEX_POINT ( 'NONE', #7319 ) ;
#5350 = EDGE_CURVE ( 'NONE', #9752, #7215, #5533, .T. ) ;
#5351 = ADVANCED_FACE ( 'NONE', ( #4661 ), #6775, .F. ) ;
#5352 = DIRECTION ( 'NONE',  ( 1.000000000000000000, -7.590943252506637819E-32, 2.033782021272921061E-31 ) ) ;
#5353 = ADVANCED_BREP_SHAPE_REPRESENTATION ( '', ( #6282, #3788 ), #6652 ) ;
#5354 = DIRECTION ( 'NONE',  ( 1.000000000000000000, 0.000000000000000000, 0.000000000000000000 ) ) ;
#5355 = DIRECTION ( 'NONE',  ( 0.000000000000000000, -1.000000000000000000, 0.000000000000000000 ) ) ;
#5356 = VECTOR ( 'NONE', #8013, 1000.000000000000000 ) ;
#5357 = DIRECTION ( 'NONE',  ( -1.000000000000000000, -5.600273556634003027E-19, 3.136292949173481922E-19 ) ) ;
#5358 = FILL_AREA_STYLE ('',( #8624 ) ) ;
#5359 = LINE ( 'NONE', #231, #1634 ) ;
#5360 = CARTESIAN_POINT ( 'NONE',  ( 261.4999999999999432, 51.49999999999999289, -3.000000000000002665 ) ) ;
#5361 = ORIENTED_EDGE ( 'NONE', *, *, #8358, .T. ) ;
#5362 = DIRECTION ( 'NONE',  ( 2.033782021272921061E-31, 5.176899690512889973E-31, -1.000000000000000000 ) ) ;
#5363 = CARTESIAN_POINT ( 'NONE',  ( 0.000000000000000000, -7.765349535769339163E-30, 15.00000000000001599 ) ) ;
#5364 = AXIS2_PLACEMENT_3D ( 'NONE', #4310, #4381, #3449 ) ;
#5365 = LINE ( 'NONE', #10111, #3248 ) ;
#5366 = CARTESIAN_POINT ( 'NONE',  ( 332.2875444242312710, 149.2894020847683123, 11.08690865206857445 ) ) ;
#5367 = DIRECTION ( 'NONE',  ( -2.609204460588636195E-49, 0.000000000000000000, 1.000000000000000000 ) ) ;
#5368 = FACE_BOUND ( 'NONE', #8416, .T. ) ;
#5369 = CARTESIAN_POINT ( 'NONE',  ( 26.50000000000003197, 243.5000000000000000, 15.00000000000001421 ) ) ;
#5370 = EDGE_LOOP ( 'NONE', ( #6755, #198, #9608, #9257 ) ) ;
#5371 = CARTESIAN_POINT ( 'NONE',  ( 823.4999999999998863, 237.9999999999999716, -15.00000000000001421 ) ) ;
#5372 = DIRECTION ( 'NONE',  ( -1.000000000000000000, 0.000000000000000000, 0.000000000000000000 ) ) ;
#5373 = LINE ( 'NONE', #5204, #3258 ) ;
#5374 = PLANE ( 'NONE',  #1930 ) ;
#5375 = CIRCLE ( 'NONE', #9701, 7.500000000000000000 ) ;
#5376 = DIRECTION ( 'NONE',  ( 3.136292949173481922E-19, 1.387778780781445676E-17, -1.000000000000000000 ) ) ;
#5377 = ORIENTED_EDGE ( 'NONE', *, *, #484, .F. ) ;
#5378 = DIRECTION ( 'NONE',  ( -0.000000000000000000, 0.000000000000000000, 1.000000000000000000 ) ) ;
#5379 = CARTESIAN_POINT ( 'NONE',  ( 26.56142591339494885, 50.52466544028707318, 10.34382157471887353 ) ) ;
#5380 = EDGE_CURVE ( 'NONE', #2923, #8894, #10207, .T. ) ;
#5381 = CARTESIAN_POINT ( 'NONE',  ( 340.0000000000003979, 290.0000000000002842, 15.00000000000001421 ) ) ;
#5382 = SURFACE_SIDE_STYLE ('',( #8707 ) ) ;
#5383 = CARTESIAN_POINT ( 'NONE',  ( 317.5000000000000000, 147.5000000000000853, 15.00000000000001421 ) ) ;
#5384 = COLOUR_RGB ( '',1.000000000000000000, 1.000000000000000000, 1.000000000000000000 ) ;
#5385 = AXIS2_PLACEMENT_3D ( 'NONE', #1208, #9724, #7432 ) ;
#5386 = DIRECTION ( 'NONE',  ( -1.000000000000000000, 0.000000000000000000, 0.000000000000000000 ) ) ;
#5387 = EDGE_CURVE ( 'NONE', #8371, #6725, #4787, .T. ) ;
#5388 = CIRCLE ( 'NONE', #7277, 6.000000000000015987 ) ;
#5389 = EDGE_LOOP ( 'NONE', ( #4621, #5667 ) ) ;
#5390 = DIRECTION ( 'NONE',  ( -1.000000000000000000, -5.600273556634003027E-19, 3.136292949173481922E-19 ) ) ;
#5391 = CARTESIAN_POINT ( 'NONE',  ( 102.0000000000001847, 43.00000000000003553, 15.00000000000001421 ) ) ;
#5392 = DIRECTION ( 'NONE',  ( 1.000000000000000000, 0.000000000000000000, 0.000000000000000000 ) ) ;
#5393 = ORIENTED_EDGE ( 'NONE', *, *, #7026, .T. ) ;
#5394 = CARTESIAN_POINT ( 'NONE',  ( 0.000000000000000000, 0.000000000000000000, 0.000000000000000000 ) ) ;
#5395 = AXIS2_PLACEMENT_3D ( 'NONE', #5489, #4731, #4768 ) ;
#5396 = FACE_OUTER_BOUND ( 'NONE', #9415, .T. ) ;
#5397 = CIRCLE ( 'NONE', #1254, 4.000000000000003553 ) ;
#5398 = ORIENTED_EDGE ( 'NONE', *, *, #8358, .F. ) ;
#5399 = EDGE_CURVE ( 'NONE', #8389, #8207, #1317, .T. ) ;
#5400 = CARTESIAN_POINT ( 'NONE',  ( 332.2260347795407256, 149.5212462270429512, 4.038470298588669571 ) ) ;
#5401 = DIRECTION ( 'NONE',  ( 2.609204460588635816E-49, 0.000000000000000000, 1.000000000000000000 ) ) ;
#5402 = EDGE_LOOP ( 'NONE', ( #8301, #6182, #4152, #9880 ) ) ;
#5403 = AXIS2_PLACEMENT_3D ( 'NONE', #6022, #5160, #5262 ) ;
#5404 = DIRECTION ( 'NONE',  ( -1.000000000000000000, 7.590943252506637819E-32, -2.033782021272921061E-31 ) ) ;
#5405 = ADVANCED_FACE ( 'NONE', ( #2550 ), #4936, .T. ) ;
#5406 = EDGE_CURVE ( 'NONE', #4706, #8420, #6880, .T. ) ;
#5407 = CARTESIAN_POINT ( 'NONE',  ( 26.49999999999996803, 51.49999999999999289, -10.49999999999995381 ) ) ;
#5408 = LINE ( 'NONE', #4553, #3286 ) ;
#5409 = SURFACE_STYLE_USAGE ( .BOTH. , #4610 ) ;
#5410 = LINE ( 'NONE', #5363, #6771 ) ;
#5411 = VERTEX_POINT ( 'NONE', #6600 ) ;
#5412 = CARTESIAN_POINT ( 'NONE',  ( -6.123233995736783292E-17, 240.5000000000000000, 7.499999999999951150 ) ) ;
#5413 = EDGE_CURVE ( 'NONE', #2416, #9893, #6518, .T. ) ;
#5414 = VECTOR ( 'NONE', #6093, 1000.000000000000000 ) ;
#5415 = ORIENTED_EDGE ( 'NONE', *, *, #9479, .T. ) ;
#5416 = DIRECTION ( 'NONE',  ( 0.000000000000000000, 1.000000000000000000, 0.000000000000000000 ) ) ;
#5417 = ORIENTED_EDGE ( 'NONE', *, *, #4460, .F. ) ;
#5418 = CARTESIAN_POINT ( 'NONE',  ( 27.08425194072763986, 246.4024537195848836, -8.284503191285626400 ) ) ;
#5419 = CARTESIAN_POINT ( 'NONE',  ( 332.4290378739115113, 146.4376408361779625, 3.634424822770915942 ) ) ;
#5420 = CARTESIAN_POINT ( 'NONE',  ( 376.0000000000000000, 219.1250000000002274, 4.000000000000052403 ) ) ;
#5421 = PLANE ( 'NONE',  #8892 ) ;
#5422 = DIRECTION ( 'NONE',  ( -2.609204460588635816E-49, 0.000000000000000000, 1.000000000000000000 ) ) ;
#5423 = EDGE_LOOP ( 'NONE', ( #7560, #3856 ) ) ;
#5424 = ORIENTED_EDGE ( 'NONE', *, *, #8820, .T. ) ;
#5425 = DIRECTION ( 'NONE',  ( -2.033782021272921061E-31, 0.000000000000000000, 1.000000000000000000 ) ) ;
#5426 = CARTESIAN_POINT ( 'NONE',  ( 332.3865322955415422, 148.8059576254762817, 11.28311722838815001 ) ) ;
#5427 = CARTESIAN_POINT ( 'NONE',  ( 823.4999999999998863, 237.9999999999999716, -15.00000000000001421 ) ) ;
#5428 = CARTESIAN_POINT ( 'NONE',  ( 0.000000000000000000, 0.000000000000000000, 0.000000000000000000 ) ) ;
#5429 = VECTOR ( 'NONE', #1334, 1000.000000000000000 ) ;
#5431 = ORIENTED_EDGE ( 'NONE', *, *, #7616, .T. ) ;
#5430 = LINE ( 'NONE', #4647, #4183 ) ;
#5432 = ADVANCED_FACE ( 'NONE', ( #9704 ), #5778, .F. ) ;
#5433 = PRODUCT_DEFINITION_CONTEXT ( 'detailed design', #205, 'design' ) ;
#5434 = CARTESIAN_POINT ( 'NONE',  ( 8.000000000000007105, 51.50000000000000000, 14.99999999999990230 ) ) ;
#5435 = ORIENTED_EDGE ( 'NONE', *, *, #815, .T. ) ;
#5436 = ORIENTED_EDGE ( 'NONE', *, *, #3201, .F. ) ;
#5437 = ORIENTED_EDGE ( 'NONE', *, *, #3731, .T. ) ;
#5438 = DIRECTION ( 'NONE',  ( 1.000000000000000000, 0.000000000000000000, 0.000000000000000000 ) ) ;
#5439 = EDGE_CURVE ( 'NONE', #8250, #5462, #4416, .T. ) ;
#5440 = CARTESIAN_POINT ( 'NONE',  ( 376.0000000000000000, 308.3750000000000568, 4.000000000000003553 ) ) ;
#5441 = AXIS2_PLACEMENT_3D ( 'NONE', #6700, #5128, #363 ) ;
#5442 = CARTESIAN_POINT ( 'NONE',  ( 0.000000000000000000, 0.000000000000000000, 0.000000000000000000 ) ) ;
#5443 = VECTOR ( 'NONE', #1781, 1000.000000000000000 ) ;
#5445 = ORIENTED_EDGE ( 'NONE', *, *, #459, .F. ) ;
#5444 = CYLINDRICAL_SURFACE ( 'NONE', #6696, 4.000000000000003553 ) ;
#5446 = AXIS2_PLACEMENT_3D ( 'NONE', #5440, #5336, #2175 ) ;
#5447 = DIRECTION ( 'NONE',  ( -1.000000000000000000, 0.000000000000000000, 0.000000000000000000 ) ) ;
#5448 = EDGE_CURVE ( 'NONE', #6753, #1100, #8366, .T. ) ;
#5449 = ADVANCED_FACE ( 'NONE', ( #9209 ), #7381, .F. ) ;
#5450 = ORIENTED_EDGE ( 'NONE', *, *, #2070, .T. ) ;
#5451 = CYLINDRICAL_SURFACE ( 'NONE', #412, 3.000000000000002665 ) ;
#5452 = CARTESIAN_POINT ( 'NONE',  ( 27.08404912996185843, 246.4019675094183697, -6.714214720490424781 ) ) ;
#5453 = AXIS2_PLACEMENT_3D ( 'NONE', #665, #1465, #2223 ) ;
#5454 = VERTEX_POINT ( 'NONE', #8935 ) ;
#5455 =( LENGTH_UNIT ( ) NAMED_UNIT ( * ) SI_UNIT ( .MILLI., .METRE. ) );
#5456 = EDGE_CURVE ( 'NONE', #8157, #8024, #4911, .T. ) ;
#5457 = AXIS2_PLACEMENT_3D ( 'NONE', #4859, #8057, #6470 ) ;
#5458 = EDGE_CURVE ( 'NONE', #703, #3363, #7132, .T. ) ;
#5459 = CARTESIAN_POINT ( 'NONE',  ( 1055.000000000000000, 243.5000000000000000, 4.499999999999946709 ) ) ;
#5461 = ORIENTED_EDGE ( 'NONE', *, *, #2062, .F. ) ;
#5460 = VECTOR ( 'NONE', #7800, 1000.000000000000000 ) ;
#5462 = VERTEX_POINT ( 'NONE', #7350 ) ;
#5463 = EDGE_LOOP ( 'NONE', ( #3963, #8940 ) ) ;
#5464 = CARTESIAN_POINT ( 'NONE',  ( 8.000000000000007105, 51.50000000000000000, 14.99999999999990230 ) ) ;
#5465 = CARTESIAN_POINT ( 'NONE',  ( 314.0000000000003411, 55.00000000000007816, 9.000000000000007105 ) ) ;
#5466 = VERTEX_POINT ( 'NONE', #4204 ) ;
#5467 = CARTESIAN_POINT ( 'NONE',  ( 376.0000000000000000, 174.5000000000001137, -3.469446951953614189E-15 ) ) ;
#5468 = VERTEX_POINT ( 'NONE', #7421 ) ;
#5469 = AXIS2_PLACEMENT_3D ( 'NONE', #6230, #836, #2390 ) ;
#5470 = CARTESIAN_POINT ( 'NONE',  ( 70.50000000000008527, 209.0000000000003411, 15.00000000000001421 ) ) ;
#5471 = EDGE_CURVE ( 'NONE', #7573, #5468, #5033, .T. ) ;
#5473 = EDGE_LOOP ( 'NONE', ( #2891, #711, #3488, #9526 ) ) ;
#5472 = CIRCLE ( 'NONE', #552, 2.499999999999946709 ) ;
#5474 = PLANE ( 'NONE',  #5509 ) ;
#5475 = EDGE_LOOP ( 'NONE', ( #8300, #5737, #4692, #9371 ) ) ;
#5476 = LINE ( 'NONE', #920, #3358 ) ;
#5477 = EDGE_LOOP ( 'NONE', ( #3068, #8876 ) ) ;
#5478 = ORIENTED_EDGE ( 'NONE', *, *, #8936, .F. ) ;
#5479 = CARTESIAN_POINT ( 'NONE',  ( 300.0000000000000568, 147.5000000000000000, 15.00000000000001421 ) ) ;
#5480 = CARTESIAN_POINT ( 'NONE',  ( 1095.000000000000000, 51.49999999999999289, -10.49999999999995204 ) ) ;
#5481 = DIRECTION ( 'NONE',  ( -1.000000000000000000, 0.000000000000000000, -0.000000000000000000 ) ) ;
#5482 = FACE_OUTER_BOUND ( 'NONE', #4863, .T. ) ;
#5483 = DIRECTION ( 'NONE',  ( 0.000000000000000000, 0.000000000000000000, -1.000000000000000000 ) ) ;
#5484 = EDGE_CURVE ( 'NONE', #7715, #3518, #4023, .T. ) ;
#5485 = FACE_BOUND ( 'NONE', #8681, .T. ) ;
#5486 = DIRECTION ( 'NONE',  ( -0.9612616959383198934, 0.2756373558169958882, 0.000000000000000000 ) ) ;
#5487 = ORIENTED_EDGE ( 'NONE', *, *, #3326, .F. ) ;
#5488 = CARTESIAN_POINT ( 'NONE',  ( 26.88764279194252538, 245.8827757481298022, -9.333125034136864784 ) ) ;
#5489 = CARTESIAN_POINT ( 'NONE',  ( 263.9999999999998863, 51.49999999999999289, 15.00000000000001599 ) ) ;
#5490 = AXIS2_PLACEMENT_3D ( 'NONE', #4714, #4677, #8612 ) ;
#5491 = DIRECTION ( 'NONE',  ( -0.000000000000000000, 0.000000000000000000, 1.000000000000000000 ) ) ;
#5492 = VECTOR ( 'NONE', #6592, 1000.000000000000000 ) ;
#5493 = FACE_BOUND ( 'NONE', #5901, .T. ) ;
#5494 = VECTOR ( 'NONE', #3975, 1000.000000000000000 ) ;
#5495 = ORIENTED_EDGE ( 'NONE', *, *, #4573, .F. ) ;
#5496 = CONTEXT_DEPENDENT_SHAPE_REPRESENTATION ( #6581, #8901 ) ;
#5497 = DIRECTION ( 'NONE',  ( -1.000000000000000000, -5.600273556634003027E-19, 3.136292949173481922E-19 ) ) ;
#5498 = AXIS2_PLACEMENT_3D ( 'NONE', #1941, #4339, #8199 ) ;
#5499 = AXIS2_PLACEMENT_3D ( 'NONE', #4765, #9505, #9542 ) ;
#5500 = CARTESIAN_POINT ( 'NONE',  ( 359.9999999999998863, 51.49999999999999289, 15.00000000000001599 ) ) ;
#5501 = DIRECTION ( 'NONE',  ( 0.000000000000000000, 0.000000000000000000, -1.000000000000000000 ) ) ;
#5502 = CARTESIAN_POINT ( 'NONE',  ( 26.49999999999996803, 243.5000000000000000, 10.49999999999995381 ) ) ;
#5503 = CARTESIAN_POINT ( 'NONE',  ( 362.4999999999998863, 243.5000000000000000, -15.00000000000001599 ) ) ;
#5504 = ADVANCED_FACE ( 'NONE', ( #7625 ), #8999, .F. ) ;
#5505 = LINE ( 'NONE', #7058, #2391 ) ;
#5506 = DIRECTION ( 'NONE',  ( -0.000000000000000000, 0.000000000000000000, 1.000000000000000000 ) ) ;
#5507 = CIRCLE ( 'NONE', #9385, 2.499999999999891198 ) ;
#5508 = ORIENTED_EDGE ( 'NONE', *, *, #4530, .F. ) ;
#5509 = AXIS2_PLACEMENT_3D ( 'NONE', #1586, #6984, #10146 ) ;
#5510 = DIRECTION ( 'NONE',  ( 1.000000000000000000, 0.000000000000000000, 0.000000000000000000 ) ) ;
#5511 = ORIENTED_EDGE ( 'NONE', *, *, #2437, .F. ) ;
#5512 = CARTESIAN_POINT ( 'NONE',  ( 981.0000000000000000, 237.9999999999999432, -15.00000000000001599 ) ) ;
#5513 = CARTESIAN_POINT ( 'NONE',  ( 70.50000000000008527, 209.0000000000003411, 0.000000000000000000 ) ) ;
#5514 = DIRECTION ( 'NONE',  ( 2.609204460588635816E-49, 0.000000000000000000, 1.000000000000000000 ) ) ;
#5515 = CYLINDRICAL_SURFACE ( 'NONE', #4134, 6.000000000000019540 ) ;
#5516 = CARTESIAN_POINT ( 'NONE',  ( 390.0000000000000000, 294.9999999999998295, 14.99999999999990230 ) ) ;
#5517 = FACE_BOUND ( 'NONE', #8082, .T. ) ;
#5518 = ORIENTED_EDGE ( 'NONE', *, *, #9646, .T. ) ;
#5519 = DIRECTION ( 'NONE',  ( 0.000000000000000000, 0.000000000000000000, 1.000000000000000000 ) ) ;
#5520 = PLANE ( 'NONE',  #2892 ) ;
#5521 = AXIS2_PLACEMENT_3D ( 'NONE', #6669, #2674, #9813 ) ;
#5522 = DIRECTION ( 'NONE',  ( 3.136292949173481922E-19, 1.387778780781445676E-17, -1.000000000000000000 ) ) ;
#5523 = EDGE_CURVE ( 'NONE', #2600, #7932, #3162, .T. ) ;
#5524 = PLANE ( 'NONE',  #10241 ) ;
#5525 = LINE ( 'NONE', #7488, #689 ) ;
#5526 = EDGE_CURVE ( 'NONE', #537, #700, #8720, .T. ) ;
#5527 = CARTESIAN_POINT ( 'NONE',  ( 68.00000000000008527, 49.00000000000009948, 0.000000000000000000 ) ) ;
#5528 = VECTOR ( 'NONE', #5261, 1000.000000000000000 ) ;
#5529 = ORIENTED_EDGE ( 'NONE', *, *, #3268, .F. ) ;
#5530 = PRESENTATION_LAYER_ASSIGNMENT (  '', '', ( #7639 ) ) ;
#5531 = CARTESIAN_POINT ( 'NONE',  ( 381.9999999999998863, 51.49999999999999289, 3.000000000000113687 ) ) ;
#5532 = CARTESIAN_POINT ( 'NONE',  ( 0.000000000000000000, 0.000000000000000000, 0.000000000000000000 ) ) ;
#5533 = LINE ( 'NONE', #8140, #6261 ) ;
#5534 = EDGE_CURVE ( 'NONE', #2700, #6468, #7863, .T. ) ;
#5535 = CARTESIAN_POINT ( 'NONE',  ( 378.0000000000000000, 51.49999999999999289, 15.00000000000001421 ) ) ;
#5536 = DIRECTION ( 'NONE',  ( -0.000000000000000000, 0.000000000000000000, 1.000000000000000000 ) ) ;
#5537 = FACE_OUTER_BOUND ( 'NONE', #7916, .T. ) ;
#5538 = VECTOR ( 'NONE', #987, 1000.000000000000000 ) ;
#5539 = EDGE_LOOP ( 'NONE', ( #9376, #686 ) ) ;
#5540 = CARTESIAN_POINT ( 'NONE',  ( 41.50000000000002842, 51.49999999999999289, 15.00000000000001421 ) ) ;
#5541 = CARTESIAN_POINT ( 'NONE',  ( 269.0000000000002842, 145.0000000000001705, 15.00000000000001421 ) ) ;
#5542 = EDGE_LOOP ( 'NONE', ( #7676, #6579, #6226, #7128 ) ) ;
#5543 = DIRECTION ( 'NONE',  ( -1.000000000000000000, -5.600273556634003027E-19, 3.136292949173481922E-19 ) ) ;
#5544 = FACE_BOUND ( 'NONE', #9634, .T. ) ;
#5545 = ORIENTED_EDGE ( 'NONE', *, *, #3393, .F. ) ;
#5546 = CARTESIAN_POINT ( 'NONE',  ( 359.0000000000000000, 48.50000000000001421, 7.500000000000007105 ) ) ;
#5547 = DIRECTION ( 'NONE',  ( 1.000000000000000000, 0.000000000000000000, 0.000000000000000000 ) ) ;
#5548 = CARTESIAN_POINT ( 'NONE',  ( 333.9999999999999432, 54.50000000000002132, 7.500000000000007105 ) ) ;
#5549 = CARTESIAN_POINT ( 'NONE',  ( 389.4999999999999432, 1109.999999999999773, 0.000000000000000000 ) ) ;
#5550 = ADVANCED_FACE ( 'NONE', ( #6644 ), #8478, .F. ) ;
#5551 = DIRECTION ( 'NONE',  ( -1.000000000000000000, -1.497502434588343278E-18, 0.000000000000000000 ) ) ;
#5552 = ORIENTED_EDGE ( 'NONE', *, *, #8156, .F. ) ;
#5554 = VERTEX_POINT ( 'NONE', #388 ) ;
#5553 = VECTOR ( 'NONE', #8244, 1000.000000000000000 ) ;
#5555 = CARTESIAN_POINT ( 'NONE',  ( 985.9999999999998863, 237.9999999999999432, 15.00000000000001599 ) ) ;
#5556 = ORIENTED_EDGE ( 'NONE', *, *, #10188, .T. ) ;
#5557 = DIRECTION ( 'NONE',  ( -2.033782021272921061E-31, -5.176899690512889973E-31, 1.000000000000000000 ) ) ;
#5558 = FILL_AREA_STYLE ('',( #10233 ) ) ;
#5559 = CARTESIAN_POINT ( 'NONE',  ( 102.0000000000001847, 43.00000000000003553, 9.000000000000007105 ) ) ;
#5560 = DIRECTION ( 'NONE',  ( -1.000000000000000000, 7.590943252506637819E-32, 2.033782021272921061E-31 ) ) ;
#5561 = LINE ( 'NONE', #6739, #2938 ) ;
#5563 = VERTEX_POINT ( 'NONE', #1133 ) ;
#5562 = LINE ( 'NONE', #1385, #593 ) ;
#5564 = AXIS2_PLACEMENT_3D ( 'NONE', #3695, #10005, #2143 ) ;
#5565 = EDGE_LOOP ( 'NONE', ( #3474, #260 ) ) ;
#5566 = LINE ( 'NONE', #6139, #6809 ) ;
#5567 = DIRECTION ( 'NONE',  ( -2.033782021272921061E-31, -5.176899690512889973E-31, 1.000000000000000000 ) ) ;
#5569 = VERTEX_POINT ( 'NONE', #9068 ) ;
#5568 = FACE_OUTER_BOUND ( 'NONE', #8351, .T. ) ;
#5570 = CARTESIAN_POINT ( 'NONE',  ( 25.00000000000002132, 54.50000000000000000, 7.500000000000007105 ) ) ;
#5571 = EDGE_CURVE ( 'NONE', #4924, #8658, #6026, .T. ) ;
#5572 = DIRECTION ( 'NONE',  ( -1.000000000000000000, 0.000000000000000000, 0.000000000000000000 ) ) ;
#5573 = ORIENTED_EDGE ( 'NONE', *, *, #5153, .T. ) ;
#5574 = DIRECTION ( 'NONE',  ( -0.000000000000000000, 0.000000000000000000, 1.000000000000000000 ) ) ;
#5575 = AXIS2_PLACEMENT_3D ( 'NONE', #6309, #3957, #5698 ) ;
#5576 = CARTESIAN_POINT ( 'NONE',  ( 42.84317321985053439, 84.99999999999998579, 7.500000000000000000 ) ) ;
#5577 = EDGE_CURVE ( 'NONE', #8998, #8287, #5280, .T. ) ;
#5578 = ORIENTED_EDGE ( 'NONE', *, *, #401, .T. ) ;
#5579 = CARTESIAN_POINT ( 'NONE',  ( 26.00000000000002132, 241.0000000000002558, 0.000000000000000000 ) ) ;
#5580 = EDGE_LOOP ( 'NONE', ( #8118, #9364, #10210, #5855 ) ) ;
#5581 = ORIENTED_EDGE ( 'NONE', *, *, #652, .F. ) ;
#5582 = EDGE_LOOP ( 'NONE', ( #1992, #1585 ) ) ;
#5583 = ADVANCED_FACE ( 'NONE', ( #2793 ), #1816, .F. ) ;
#5584 = DIRECTION ( 'NONE',  ( -1.000000000000000000, 0.000000000000000000, 0.000000000000000000 ) ) ;
#5585 = AXIS2_PLACEMENT_3D ( 'NONE', #2265, #8593, #5392 ) ;
#5586 = DIRECTION ( 'NONE',  ( -1.000000000000000000, 0.000000000000000000, -1.941925118803054280E-33 ) ) ;
#5588 = EDGE_LOOP ( 'NONE', ( #1120, #5 ) ) ;
#5587 = CIRCLE ( 'NONE', #8037, 2.499999999999946709 ) ;
#5589 = DIRECTION ( 'NONE',  ( -0.000000000000000000, 0.000000000000000000, 1.000000000000000000 ) ) ;
#5590 = ORIENTED_EDGE ( 'NONE', *, *, #9353, .F. ) ;
#5591 = VECTOR ( 'NONE', #9141, 1000.000000000000000 ) ;
#5592 = EDGE_CURVE ( 'NONE', #7656, #8920, #2054, .T. ) ;
#5593 = CARTESIAN_POINT ( 'NONE',  ( 102.0000000000001847, 43.00000000000003553, 9.000000000000007105 ) ) ;
#5594 = ORIENTED_EDGE ( 'NONE', *, *, #5677, .T. ) ;
#5595 = AXIS2_PLACEMENT_3D ( 'NONE', #6262, #9461, #1595 ) ;
#5596 = EDGE_CURVE ( 'NONE', #6391, #7184, #4538, .T. ) ;
#5597 = PRODUCT_DEFINITION_CONTEXT ( 'detailed design', #8124, 'design' ) ;
#5598 = LINE ( 'NONE', #2488, #5356 ) ;
#5599 = CARTESIAN_POINT ( 'NONE',  ( 40.00000000000003553, 243.5000000000000000, -7.499999999999949374 ) ) ;
#5600 = VECTOR ( 'NONE', #1762, 1000.000000000000000 ) ;
#5601 = ADVANCED_FACE ( 'NONE', ( #2908 ), #2305, .F. ) ;
#5602 = VERTEX_POINT ( 'NONE', #1506 ) ;
#5603 = CARTESIAN_POINT ( 'NONE',  ( 26.88782898822999101, 49.11668276667764133, -5.667627497375474555 ) ) ;
#5604 = EDGE_CURVE ( 'NONE', #1049, #6013, #9947, .T. ) ;
#5605 = CARTESIAN_POINT ( 'NONE',  ( 272.0000000000003411, 241.0000000000003411, 9.000000000000007105 ) ) ;
#5606 = VECTOR ( 'NONE', #3807, 1000.000000000000000 ) ;
#5607 = CARTESIAN_POINT ( 'NONE',  ( 0.000000000000000000, 0.000000000000000000, -385.0000000000000000 ) ) ;
#5608 = FACE_OUTER_BOUND ( 'NONE', #9997, .T. ) ;
#5609 = DIRECTION ( 'NONE',  ( 1.000000000000000000, 0.000000000000000000, 0.000000000000000000 ) ) ;
#5610 = ORIENTED_EDGE ( 'NONE', *, *, #2379, .T. ) ;
#5611 = CARTESIAN_POINT ( 'NONE',  ( 26.76590427536936900, 53.48460076862765078, -5.241759982192176537 ) ) ;
#5612 = DIRECTION ( 'NONE',  ( 0.000000000000000000, -0.9999999999999998890, 0.000000000000000000 ) ) ;
#5613 = CARTESIAN_POINT ( 'NONE',  ( 333.9999999999999432, 243.5000000000001137, 7.499999999999951150 ) ) ;
#5614 = CIRCLE ( 'NONE', #6951, 2.499999999999891198 ) ;
#5615 = DIRECTION ( 'NONE',  ( -1.000000000000000000, 2.041077998578924066E-17, -2.259514891400699764E-33 ) ) ;
#5616 = LINE ( 'NONE', #3508, #7107 ) ;
#5617 = EDGE_LOOP ( 'NONE', ( #6265, #4935 ) ) ;
#5618 = CARTESIAN_POINT ( 'NONE',  ( 34.00000000000002842, 51.49999999999999289, 1.500000000000001332 ) ) ;
#5619 = CONTEXT_DEPENDENT_SHAPE_REPRESENTATION ( #6506, #4439 ) ;
#5620 = DIRECTION ( 'NONE',  ( -2.033782021272921061E-31, -5.176899690512889973E-31, 1.000000000000000000 ) ) ;
#5621 = DIRECTION ( 'NONE',  ( 2.033782021272921061E-31, 5.176899690512889973E-31, 1.000000000000000000 ) ) ;
#5622 = AXIS2_PLACEMENT_3D ( 'NONE', #2015, #4372, #3641 ) ;
#5623 = CARTESIAN_POINT ( 'NONE',  ( 30.00000000000004263, 241.0000000000002558, 0.000000000000000000 ) ) ;
#5624 = LINE ( 'NONE', #9058, #7478 ) ;
#5625 = CARTESIAN_POINT ( 'NONE',  ( 0.000000000000000000, 0.000000000000000000, 0.000000000000000000 ) ) ;
#5626 = CYLINDRICAL_SURFACE ( 'NONE', #6555, 3.000000000000058176 ) ;
#5627 = ORIENTED_EDGE ( 'NONE', *, *, #6527, .F. ) ;
#5628 = ORIENTED_EDGE ( 'NONE', *, *, #9990, .F. ) ;
#5629 = EDGE_CURVE ( 'NONE', #6358, #6184, #8975, .T. ) ;
#5630 = CARTESIAN_POINT ( 'NONE',  ( 41.50000000000002842, 243.5000000000000000, -15.00000000000001421 ) ) ;
#5631 = AXIS2_PLACEMENT_3D ( 'NONE', #4336, #5966, #6764 ) ;
#5632 = CARTESIAN_POINT ( 'NONE',  ( 26.99947405728769212, 48.80753551418230529, -6.162153199821129412 ) ) ;
#5633 = VECTOR ( 'NONE', #2497, 1000.000000000000000 ) ;
#5634 = AXIS2_PLACEMENT_3D ( 'NONE', #2446, #2549, #4946 ) ;
#5635 = CARTESIAN_POINT ( 'NONE',  ( 728.0000000000001137, 51.49999999999999289, -15.00000000000001599 ) ) ;
#5636 = VECTOR ( 'NONE', #7049, 1000.000000000000000 ) ;
#5637 = ORIENTED_EDGE ( 'NONE', *, *, #6913, .T. ) ;
#5638 = CARTESIAN_POINT ( 'NONE',  ( 1055.000000000000000, 243.5000000000000000, -10.49999999999995381 ) ) ;
#5639 = DIRECTION ( 'NONE',  ( -0.000000000000000000, 0.000000000000000000, 1.000000000000000000 ) ) ;
#5640 = CARTESIAN_POINT ( 'NONE',  ( 823.4999999999998863, 237.9999999999999716, -13.00000000000001066 ) ) ;
#5641 = CARTESIAN_POINT ( 'NONE',  ( 27.05981641823492012, 246.3443651763718947, 8.473587390721931456 ) ) ;
#5642 = CARTESIAN_POINT ( 'NONE',  ( 26.50000000000003197, 243.5000000000000000, -4.499999999999944045 ) ) ;
#5643 = AXIS2_PLACEMENT_3D ( 'NONE', #1790, #9449, #7086 ) ;
#5644 = LINE ( 'NONE', #6675, #6017 ) ;
#5645 = CARTESIAN_POINT ( 'NONE',  ( 26.61816012722154312, 52.83888765323811754, -10.19194513396328361 ) ) ;
#5646 = APPLICATION_CONTEXT ( 'automotive_design' ) ;
#5647 = CYLINDRICAL_SURFACE ( 'NONE', #6557, 3.000000000000004441 ) ;
#5648 = EDGE_CURVE ( 'NONE', #8500, #3915, #565, .T. ) ;
#5649 = ADVANCED_FACE ( 'NONE', ( #4157 ), #2169, .F. ) ;
#5650 = PLANE ( 'NONE',  #1454 ) ;
#5651 = ORIENTED_EDGE ( 'NONE', *, *, #4907, .T. ) ;
#5652 = AXIS2_PLACEMENT_3D ( 'NONE', #6032, #4476, #9972 ) ;
#5653 = ORIENTED_EDGE ( 'NONE', *, *, #5260, .T. ) ;
#5654 = EDGE_CURVE ( 'NONE', #1785, #10075, #4284, .T. ) ;
#5655 = DIRECTION ( 'NONE',  ( -2.033782021272921061E-31, -5.176899690512889973E-31, 1.000000000000000000 ) ) ;
#5656 = PLANE ( 'NONE',  #739 ) ;
#5657 = CARTESIAN_POINT ( 'NONE',  ( 68.00000000000008527, 49.00000000000009948, 9.000000000000007105 ) ) ;
#5658 = DIRECTION ( 'NONE',  ( 2.033782021272921061E-31, 5.176899690512889973E-31, -1.000000000000000000 ) ) ;
#5659 = LINE ( 'NONE', #3187, #9585 ) ;
#5660 = LINE ( 'NONE', #4656, #5911 ) ;
#5661 = EDGE_LOOP ( 'NONE', ( #9979, #3384, #10228, #370 ) ) ;
#5662 = AXIS2_PLACEMENT_3D ( 'NONE', #1815, #774, #876 ) ;
#5663 = PLANE ( 'NONE',  #2387 ) ;
#5664 = PLANE ( 'NONE',  #5249 ) ;
#5665 = EDGE_CURVE ( 'NONE', #8398, #4353, #3911, .T. ) ;
#5666 = CARTESIAN_POINT ( 'NONE',  ( 378.0000000000000000, 51.49999999999999289, -1.043681784235452655E-48 ) ) ;
#5667 = ORIENTED_EDGE ( 'NONE', *, *, #588, .F. ) ;
#5668 = AXIS2_PLACEMENT_3D ( 'NONE', #9314, #4702, #5324 ) ;
#5669 = PLANE ( 'NONE',  #6299 ) ;
#5670 = EDGE_LOOP ( 'NONE', ( #467, #4137 ) ) ;
#5672 = EDGE_LOOP ( 'NONE', ( #9123, #8015 ) ) ;
#5671 = VECTOR ( 'NONE', #6776, 1000.000000000000000 ) ;
#5673 = CARTESIAN_POINT ( 'NONE',  ( 27.12618889575103864, 48.49987984899787818, -7.303754431328357555 ) ) ;
#5674 = EDGE_LOOP ( 'NONE', ( #749, #1008, #4345, #6295 ) ) ;
#5675 = CARTESIAN_POINT ( 'NONE',  ( 6.123233995736783292E-17, 246.5000000000000000, 7.499999999999951150 ) ) ;
#5676 = CARTESIAN_POINT ( 'NONE',  ( 65.00000000000007105, 145.0000000000001705, 0.000000000000000000 ) ) ;
#5677 = EDGE_CURVE ( 'NONE', #4090, #9836, #7981, .T. ) ;
#5678 = FACE_OUTER_BOUND ( 'NONE', #966, .T. ) ;
#5679 = CARTESIAN_POINT ( 'NONE',  ( 0.000000000000000000, 353.0000000000001705, -6.938893903907228378E-15 ) ) ;
#5680 = CARTESIAN_POINT ( 'NONE',  ( 26.56123273441702892, 244.4738927139267446, 4.655673762635026414 ) ) ;
#5681 = VECTOR ( 'NONE', #512, 1000.000000000000000 ) ;
#5683 = ORIENTED_EDGE ( 'NONE', *, *, #5869, .T. ) ;
#5682 = LINE ( 'NONE', #23, #3314 ) ;
#5684 = DIRECTION ( 'NONE',  ( 0.000000000000000000, 0.000000000000000000, 1.000000000000000000 ) ) ;
#5685 = EDGE_LOOP ( 'NONE', ( #3820, #4328, #7322, #3723, #3491 ) ) ;
#5686 = VERTEX_POINT ( 'NONE', #5391 ) ;
#5688 = VERTEX_POINT ( 'NONE', #6174 ) ;
#5687 = APPLICATION_CONTEXT ( 'automotive_design' ) ;
#5689 = AXIS2_PLACEMENT_3D ( 'NONE', #7813, #801, #7131 ) ;
#5690 = CARTESIAN_POINT ( 'NONE',  ( 332.4999999999998863, 147.5000000000000853, 15.00000000000001421 ) ) ;
#5691 = DIRECTION ( 'NONE',  ( -1.000000000000000000, 0.000000000000000000, 0.000000000000000000 ) ) ;
#5693 = ORIENTED_EDGE ( 'NONE', *, *, #10226, .F. ) ;
#5692 = CYLINDRICAL_SURFACE ( 'NONE', #2302, 3.000000000000002665 ) ;
#5694 = CARTESIAN_POINT ( 'NONE',  ( 26.50000000000003197, 51.49999999999999289, 15.00000000000001421 ) ) ;
#5695 = DIRECTION ( 'NONE',  ( 1.000000000000000000, 0.000000000000000000, 0.000000000000000000 ) ) ;
#5696 = AXIS2_PLACEMENT_3D ( 'NONE', #2229, #10160, #5522 ) ;
#5697 = CARTESIAN_POINT ( 'NONE',  ( 108.0000000000001990, 49.00000000000004263, 15.00000000000001421 ) ) ;
#5698 = DIRECTION ( 'NONE',  ( -1.000000000000000000, 0.000000000000000000, 0.000000000000000000 ) ) ;
#5699 = DIRECTION ( 'NONE',  ( 2.033782021272921061E-31, 5.176899690512889973E-31, 1.000000000000000000 ) ) ;
#5700 = ORIENTED_EDGE ( 'NONE', *, *, #1019, .F. ) ;
#5701 = ADVANCED_FACE ( 'NONE', ( #698 ), #7039, .F. ) ;
#5702 = AXIS2_PLACEMENT_3D ( 'NONE', #5137, #1188, #7509 ) ;
#5703 = DIRECTION ( 'NONE',  ( 0.000000000000000000, -1.000000000000000000, 0.000000000000000000 ) ) ;
#5704 = ADVANCED_FACE ( 'NONE', ( #1925 ), #10162, .F. ) ;
#5705 = ORIENTED_EDGE ( 'NONE', *, *, #6303, .T. ) ;
#5706 =( NAMED_UNIT ( * ) SI_UNIT ( $, .STERADIAN. ) SOLID_ANGLE_UNIT ( ) );
#5707 = DIRECTION ( 'NONE',  ( 1.000000000000000000, 0.000000000000000000, 0.000000000000000000 ) ) ;
#5709 = ORIENTED_EDGE ( 'NONE', *, *, #6452, .F. ) ;
#5708 = LINE ( 'NONE', #617, #9397 ) ;
#5710 = DIRECTION ( 'NONE',  ( -1.941925118803053938E-33, 0.000000000000000000, -1.000000000000000000 ) ) ;
#5711 = EDGE_CURVE ( 'NONE', #8913, #9708, #7006, .T. ) ;
#5712 = ORIENTED_EDGE ( 'NONE', *, *, #10154, .F. ) ;
#5713 = VERTEX_POINT ( 'NONE', #1437 ) ;
#5714 = ORIENTED_EDGE ( 'NONE', *, *, #7016, .T. ) ;
#5715 = AXIS2_PLACEMENT_3D ( 'NONE', #2647, #3496, #5125 ) ;
#5716 = CARTESIAN_POINT ( 'NONE',  ( 26.00000000000003908, 235.0000000000003126, 15.00000000000001421 ) ) ;
#5717 = ORIENTED_EDGE ( 'NONE', *, *, #2080, .F. ) ;
#5719 = ORIENTED_EDGE ( 'NONE', *, *, #4535, .F. ) ;
#5718 = CYLINDRICAL_SURFACE ( 'NONE', #1158, 2.499999999999946709 ) ;
#5720 = CARTESIAN_POINT ( 'NONE',  ( 26.84711922206388124, 53.75983768663381568, -9.482678309652493809 ) ) ;
#5721 = EDGE_CURVE ( 'NONE', #6710, #7715, #6135, .T. ) ;
#5722 = VERTEX_POINT ( 'NONE', #1538 ) ;
#5723 = FACE_OUTER_BOUND ( 'NONE', #3275, .T. ) ;
#5724 = VERTEX_POINT ( 'NONE', #7827 ) ;
#5725 = DIRECTION ( 'NONE',  ( -2.041077998578925915E-17, -1.000000000000000000, 0.000000000000000000 ) ) ;
#5726 = EDGE_LOOP ( 'NONE', ( #5952, #6941, #9276, #9330 ) ) ;
#5727 = DIRECTION ( 'NONE',  ( -2.609204460588635816E-49, 0.000000000000000000, 1.000000000000000000 ) ) ;
#5728 =( GEOMETRIC_REPRESENTATION_CONTEXT ( 3 ) GLOBAL_UNCERTAINTY_ASSIGNED_CONTEXT ( ( #1043 ) ) GLOBAL_UNIT_ASSIGNED_CONTEXT ( ( #5032, #561, #5868 ) ) REPRESENTATION_CONTEXT ( 'NONE', 'WORKASPACE' ) );
#5729 = ORIENTED_EDGE ( 'NONE', *, *, #2514, .T. ) ;
#5730 = CARTESIAN_POINT ( 'NONE',  ( 27.06003642541278253, 240.6550687063866576, 6.527598332602247311 ) ) ;
#5731 = CARTESIAN_POINT ( 'NONE',  ( 26.50000000000003197, 147.5000000000000853, 3.500000000000002665 ) ) ;
#5732 = DIRECTION ( 'NONE',  ( -0.000000000000000000, 0.000000000000000000, 1.000000000000000000 ) ) ;
#5733 = LINE ( 'NONE', #658, #4869 ) ;
#5734 = LINE ( 'NONE', #9967, #6099 ) ;
#5735 = AXIS2_PLACEMENT_3D ( 'NONE', #8365, #7640, #2927 ) ;
#5736 = EDGE_CURVE ( 'NONE', #9944, #9471, #2654, .T. ) ;
#5737 = ORIENTED_EDGE ( 'NONE', *, *, #8631, .T. ) ;
#5738 = DIRECTION ( 'NONE',  ( 1.000000000000000000, 5.600273556634003027E-19, -3.136292949173481922E-19 ) ) ;
#5739 = CARTESIAN_POINT ( 'NONE',  ( 983.4999999999998863, 237.9999999999999432, -15.00000000000001599 ) ) ;
#5740 = FACE_BOUND ( 'NONE', #9204, .T. ) ;
#5741 = CARTESIAN_POINT ( 'NONE',  ( 0.000000000000000000, -1.553069907153868393E-30, -3.000000000000002665 ) ) ;
#5742 = LINE ( 'NONE', #2695, #404 ) ;
#5743 =( LENGTH_UNIT ( ) NAMED_UNIT ( * ) SI_UNIT ( .MILLI., .METRE. ) );
#5744 = VECTOR ( 'NONE', #4750, 1000.000000000000114 ) ;
#5745 = ORIENTED_EDGE ( 'NONE', *, *, #1004, .F. ) ;
#5746 = DIRECTION ( 'NONE',  ( 2.033782021272921061E-31, 5.176899690512889973E-31, 1.000000000000000000 ) ) ;
#5747 = EDGE_CURVE ( 'NONE', #2355, #3973, #7605, .T. ) ;
#5748 = CARTESIAN_POINT ( 'NONE',  ( 458.4999999999998295, 243.5000000000000000, 15.00000000000001599 ) ) ;
#5749 = DIRECTION ( 'NONE',  ( 0.000000000000000000, 0.000000000000000000, -1.000000000000000000 ) ) ;
#5750 = VECTOR ( 'NONE', #6998, 1000.000000000000000 ) ;
#5751 = VERTEX_POINT ( 'NONE', #9439 ) ;
#5752 = ADVANCED_FACE ( 'NONE', ( #1408 ), #4655, .F. ) ;
#5753 = APPLICATION_PROTOCOL_DEFINITION ( 'draft international standard', 'automotive_design', 1998, #100 ) ;
#5754 = ORIENTED_EDGE ( 'NONE', *, *, #5317, .F. ) ;
#5755 = ADVANCED_FACE ( 'NONE', ( #8938 ), #5656, .F. ) ;
#5756 = DIRECTION ( 'NONE',  ( 3.136292949173481922E-19, 1.387778780781445676E-17, -1.000000000000000000 ) ) ;
#5757 = CARTESIAN_POINT ( 'NONE',  ( 324.9999999999999432, 147.5000000000000853, 1.500000000000001332 ) ) ;
#5758 = CARTESIAN_POINT ( 'NONE',  ( 0.000000000000000000, 0.000000000000000000, 0.000000000000000000 ) ) ;
#5759 = CARTESIAN_POINT ( 'NONE',  ( 8.000000000000007105, 51.50000000000000000, 2.999999999999891642 ) ) ;
#5760 = FACE_OUTER_BOUND ( 'NONE', #10012, .T. ) ;
#5761 = CARTESIAN_POINT ( 'NONE',  ( 26.71371787183863589, 149.2949656851730253, 3.915625259351100507 ) ) ;
#5762 = CARTESIAN_POINT ( 'NONE',  ( 68.00000000000009948, 81.00000000000001421, 15.00000000000001421 ) ) ;
#5763 = VECTOR ( 'NONE', #1852, 1000.000000000000000 ) ;
#5764 = VERTEX_POINT ( 'NONE', #2431 ) ;
#5765 = AXIS2_PLACEMENT_3D ( 'NONE', #9299, #6231, #3914 ) ;
#5766 = VERTEX_POINT ( 'NONE', #4799 ) ;
#5767 = DIRECTION ( 'NONE',  ( 0.000000000000000000, -1.000000000000000000, 0.000000000000000000 ) ) ;
#5768 = VECTOR ( 'NONE', #5277, 1000.000000000000000 ) ;
#5769 = CYLINDRICAL_SURFACE ( 'NONE', #7614, 2.499999999999946709 ) ;
#5770 = VERTEX_POINT ( 'NONE', #7959 ) ;
#5772 = EDGE_CURVE ( 'NONE', #2079, #3185, #10158, .T. ) ;
#5771 = SHAPE_REPRESENTATION_RELATIONSHIP ( 'NONE' , 'NONE' ,  #7935, #4130 ) ;
#5773 = DIRECTION ( 'NONE',  ( 2.033782021272921061E-31, 5.176899690512889973E-31, 1.000000000000000000 ) ) ;
#5774 = DIRECTION ( 'NONE',  ( 0.000000000000000000, -0.000000000000000000, -1.000000000000000000 ) ) ;
#5775 = AXIS2_PLACEMENT_3D ( 'NONE', #25, #3752, #4006 ) ;
#5776 = CARTESIAN_POINT ( 'NONE',  ( 333.9999999999999432, 246.5000000000001137, 7.499999999999951150 ) ) ;
#5777 = EDGE_CURVE ( 'NONE', #3141, #8786, #820, .T. ) ;
#5778 = CYLINDRICAL_SURFACE ( 'NONE', #2331, 2.499999999999946709 ) ;
#5779 = CIRCLE ( 'NONE', #516, 7.499999999999951150 ) ;
#5780 = FACE_OUTER_BOUND ( 'NONE', #2583, .T. ) ;
#5781 = ORIENTED_EDGE ( 'NONE', *, *, #10123, .F. ) ;
#5782 = DIRECTION ( 'NONE',  ( 0.000000000000000000, 0.000000000000000000, 1.000000000000000000 ) ) ;
#5783 = ORIENTED_EDGE ( 'NONE', *, *, #2849, .F. ) ;
#5784 = AXIS2_PLACEMENT_3D ( 'NONE', #4456, #3586, #6808 ) ;
#5785 = PRODUCT_CONTEXT ( 'NONE', #7951, 'mechanical' ) ;
#5786 = EDGE_CURVE ( 'NONE', #3906, #4422, #10056, .T. ) ;
#5787 = CARTESIAN_POINT ( 'NONE',  ( 269.5000000000004547, 81.00000000000001421, 0.000000000000000000 ) ) ;
#5788 = ORIENTED_EDGE ( 'NONE', *, *, #664, .T. ) ;
#5789 = FACE_OUTER_BOUND ( 'NONE', #6884, .T. ) ;
#5790 = AXIS2_PLACEMENT_3D ( 'NONE', #1693, #7266, #5609 ) ;
#5791 = DIRECTION ( 'NONE',  ( 2.033782021272921061E-31, 5.176899690512889973E-31, -1.000000000000000000 ) ) ;
#5792 = ORIENTED_EDGE ( 'NONE', *, *, #6291, .T. ) ;
#5793 = CARTESIAN_POINT ( 'NONE',  ( 382.0000000000000000, 243.5000000000000000, 0.000000000000000000 ) ) ;
#5794 = EDGE_CURVE ( 'NONE', #359, #6319, #647, .T. ) ;
#5795 = DIRECTION ( 'NONE',  ( -2.033782021272921061E-31, -5.176899690512889973E-31, 1.000000000000000000 ) ) ;
#5796 = MANIFOLD_SOLID_BREP ( 'Simetría1', #2582 ) ;
#5797 = ORIENTED_EDGE ( 'NONE', *, *, #1735, .F. ) ;
#5798 = DIRECTION ( 'NONE',  ( -3.136292949173481922E-19, 1.387778780781445676E-17, -1.000000000000000000 ) ) ;
#5799 = CARTESIAN_POINT ( 'NONE',  ( 0.000000000000000000, 15.00000000000001421, 0.000000000000000000 ) ) ;
#5800 =( NAMED_UNIT ( * ) PLANE_ANGLE_UNIT ( ) SI_UNIT ( $, .RADIAN. ) );
#5801 = EDGE_LOOP ( 'NONE', ( #4729, #4823, #1502, #7716 ) ) ;
#5803 = ORIENTED_EDGE ( 'NONE', *, *, #7631, .T. ) ;
#5802 = CYLINDRICAL_SURFACE ( 'NONE', #8621, 2.499999999999946709 ) ;
#5804 = CARTESIAN_POINT ( 'NONE',  ( 26.00000000000003908, 241.0000000000003126, 9.000000000000007105 ) ) ;
#5805 = ADVANCED_FACE ( 'NONE', ( #8328 ), #844, .T. ) ;
#5806 = EDGE_CURVE ( 'NONE', #303, #8143, #4374, .T. ) ;
#5807 = ORIENTED_EDGE ( 'NONE', *, *, #9147, .F. ) ;
#5808 = LINE ( 'NONE', #2801, #9615 ) ;
#5809 = DIRECTION ( 'NONE',  ( 2.033782021272921061E-31, 5.176899690512889973E-31, -1.000000000000000000 ) ) ;
#5810 = CIRCLE ( 'NONE', #2566, 2.499999999999946709 ) ;
#5812 = ORIENTED_EDGE ( 'NONE', *, *, #3326, .T. ) ;
#5811 = LINE ( 'NONE', #578, #9129 ) ;
#5813 = CARTESIAN_POINT ( 'NONE',  ( 728.0000000000001137, 51.49999999999999289, 3.000000000000002665 ) ) ;
#5814 = DIRECTION ( 'NONE',  ( 1.000000000000000000, -7.590943252506637819E-32, -2.033782021272921061E-31 ) ) ;
#5815 = ORIENTED_EDGE ( 'NONE', *, *, #8298, .F. ) ;
#5816 = VERTEX_POINT ( 'NONE', #7990 ) ;
#5817 = CARTESIAN_POINT ( 'NONE',  ( 27.34667889100230553, 144.0345923093366878, 9.514343714610012270 ) ) ;
#5818 = CYLINDRICAL_SURFACE ( 'NONE', #899, 3.000000000000004441 ) ;
#5819 = VERTEX_POINT ( 'NONE', #7111 ) ;
#5820 = DIRECTION ( 'NONE',  ( 0.000000000000000000, 1.000000000000000000, 0.000000000000000000 ) ) ;
#5821 = APPLICATION_CONTEXT ( 'automotive_design' ) ;
#5822 = PRODUCT ( 'A353250-COMPLETO-IM00', 'A353250-COMPLETO-IM00', '', ( #7235 ) ) ;
#5823 = ORIENTED_EDGE ( 'NONE', *, *, #1673, .T. ) ;
#5824 = DIRECTION ( 'NONE',  ( -9.069527945153567696E-19, -1.000000000000000000, 6.938893903907225296E-18 ) ) ;
#5825 = DIRECTION ( 'NONE',  ( 1.000000000000000000, -7.590943252506637819E-32, -2.033782021272921061E-31 ) ) ;
#5826 = DIRECTION ( 'NONE',  ( -2.609204460588636195E-49, 0.000000000000000000, 1.000000000000000000 ) ) ;
#5828 = CLOSED_SHELL ( 'NONE', ( #859, #2675, #8550, #191, #3134, #1645, #6894, #2815, #4667, #4970, #390, #9466, #5858, #1802, #6009, #6469 ) ) ;
#5827 = FACE_OUTER_BOUND ( 'NONE', #6818, .T. ) ;
#5829 = AXIS2_PLACEMENT_3D ( 'NONE', #246, #7274, #6591 ) ;
#5830 = CARTESIAN_POINT ( 'NONE',  ( 26.50000000000002487, 147.7661328690685707, 3.499999999999994671 ) ) ;
#5831 =( NAMED_UNIT ( * ) PLANE_ANGLE_UNIT ( ) SI_UNIT ( $, .RADIAN. ) );
#5832 = ORIENTED_EDGE ( 'NONE', *, *, #3103, .T. ) ;
#5833 = DIRECTION ( 'NONE',  ( 0.000000000000000000, -1.000000000000000000, 0.000000000000000000 ) ) ;
#5834 = ORIENTED_EDGE ( 'NONE', *, *, #1917, .T. ) ;
#5835 = ORIENTED_EDGE ( 'NONE', *, *, #4418, .F. ) ;
#5836 = AXIS2_PLACEMENT_3D ( 'NONE', #789, #1577, #3962 ) ;
#5837 = PRODUCT ( 'A353250-COSTADOSCO', 'A353250-COSTADOSCO', '', ( #8851 ) ) ;
#5838 = DIRECTION ( 'NONE',  ( 1.000000000000000000, 0.000000000000000000, 0.000000000000000000 ) ) ;
#5839 =( GEOMETRIC_REPRESENTATION_CONTEXT ( 3 ) GLOBAL_UNCERTAINTY_ASSIGNED_CONTEXT ( ( #7054 ) ) GLOBAL_UNIT_ASSIGNED_CONTEXT ( ( #1044, #9755, #265 ) ) REPRESENTATION_CONTEXT ( 'NONE', 'WORKASPACE' ) );
#5841 = ORIENTED_EDGE ( 'NONE', *, *, #2810, .F. ) ;
#5840 = CYLINDRICAL_SURFACE ( 'NONE', #4533, 2.499999999999946709 ) ;
#5842 = DIRECTION ( 'NONE',  ( -1.941925118803053938E-33, 0.000000000000000000, -1.000000000000000000 ) ) ;
#5843 = CARTESIAN_POINT ( 'NONE',  ( 0.000000000000000000, 0.000000000000000000, 15.00000000000001421 ) ) ;
#5844 = EDGE_LOOP ( 'NONE', ( #126, #6608, #7393, #342 ) ) ;
#5845 = VECTOR ( 'NONE', #6213, 1000.000000000000000 ) ;
#5846 = VERTEX_POINT ( 'NONE', #3154 ) ;
#5847 = DIRECTION ( 'NONE',  ( 2.609204460588635816E-49, 0.000000000000000000, -1.000000000000000000 ) ) ;
#5848 = VERTEX_POINT ( 'NONE', #6337 ) ;
#5849 = DIRECTION ( 'NONE',  ( 2.033782021272921061E-31, 5.176899690512889973E-31, -1.000000000000000000 ) ) ;
#5850 = CARTESIAN_POINT ( 'NONE',  ( 1055.000000000000000, 243.5000000000000000, -7.499999999999949374 ) ) ;
#5851 = CARTESIAN_POINT ( 'NONE',  ( 1095.000000000000000, 295.0000000000000000, -2.524894157091666203E-28 ) ) ;
#5852 = VECTOR ( 'NONE', #8087, 1000.000000000000000 ) ;
#5853 = LINE ( 'NONE', #5748, #8680 ) ;
#5854 = CARTESIAN_POINT ( 'NONE',  ( 26.90785618605310248, 145.0499297592463108, 4.327437197784205658 ) ) ;
#5855 = ORIENTED_EDGE ( 'NONE', *, *, #1094, .T. ) ;
#5856 = AXIS2_PLACEMENT_3D ( 'NONE', #1406, #9303, #10050 ) ;
#5857 = EDGE_CURVE ( 'NONE', #4968, #1752, #10165, .T. ) ;
#5858 = ADVANCED_FACE ( 'NONE', ( #5988 ), #8032, .F. ) ;
#5859 = CARTESIAN_POINT ( 'NONE',  ( 359.9999999999998863, 51.49999999999999289, 3.000000000000002665 ) ) ;
#5860 = EDGE_CURVE ( 'NONE', #1819, #9867, #7586, .T. ) ;
#5861 = LINE ( 'NONE', #9457, #7213 ) ;
#5862 = CARTESIAN_POINT ( 'NONE',  ( 0.000000000000000000, -7.765349535769300803E-31, -1.500000000000001332 ) ) ;
#5863 = VECTOR ( 'NONE', #2213, 1000.000000000000000 ) ;
#5864 = CARTESIAN_POINT ( 'NONE',  ( 731.0000000000001137, 243.5000000000000000, -3.000000000000002665 ) ) ;
#5865 = ORIENTED_EDGE ( 'NONE', *, *, #2462, .T. ) ;
#5866 = STYLED_ITEM ( 'NONE', ( #7483 ), #10143 ) ;
#5867 = CARTESIAN_POINT ( 'NONE',  ( 333.9999999999999432, 243.5000000000001137, 7.499999999999951150 ) ) ;
#5868 =( NAMED_UNIT ( * ) SI_UNIT ( $, .STERADIAN. ) SOLID_ANGLE_UNIT ( ) );
#5869 = EDGE_CURVE ( 'NONE', #10138, #4305, #6222, .T. ) ;
#5870 = AXIS2_PLACEMENT_3D ( 'NONE', #2761, #6653, #1220 ) ;
#5871 = CIRCLE ( 'NONE', #4637, 4.000000000000003553 ) ;
#5872 = DIRECTION ( 'NONE',  ( -1.000000000000000000, 0.000000000000000000, -0.000000000000000000 ) ) ;
#5873 = DIRECTION ( 'NONE',  ( 1.000000000000000000, 0.000000000000000000, 0.000000000000000000 ) ) ;
#5874 = CYLINDRICAL_SURFACE ( 'NONE', #9180, 2.499999999999891198 ) ;
#5875 = ORIENTED_EDGE ( 'NONE', *, *, #6960, .T. ) ;
#5876 = CARTESIAN_POINT ( 'NONE',  ( 0.000000000000000000, 274.9999999999998863, 15.00000000000001421 ) ) ;
#5877 = DIRECTION ( 'NONE',  ( 2.033782021272921061E-31, 5.176899690512889973E-31, 1.000000000000000000 ) ) ;
#5878 = EDGE_CURVE ( 'NONE', #10214, #4354, #8816, .T. ) ;
#5879 = CARTESIAN_POINT ( 'NONE',  ( 359.0000000000000000, 15.00000000000001421, -275.0000000000000000 ) ) ;
#5880 = CARTESIAN_POINT ( 'NONE',  ( 40.00000000000003553, 51.49999999999999289, -10.49999999999995381 ) ) ;
#5881 = LINE ( 'NONE', #6134, #1660 ) ;
#5882 = ORIENTED_EDGE ( 'NONE', *, *, #3554, .F. ) ;
#5883 = DIRECTION ( 'NONE',  ( 0.000000000000000000, 0.000000000000000000, -1.000000000000000000 ) ) ;
#5884 = VERTEX_POINT ( 'NONE', #7379 ) ;
#5885 = CARTESIAN_POINT ( 'NONE',  ( 0.000000000000000000, 294.9999999999998863, 15.00000000000001421 ) ) ;
#5886 =( LENGTH_UNIT ( ) NAMED_UNIT ( * ) SI_UNIT ( .MILLI., .METRE. ) );
#5887 = CYLINDRICAL_SURFACE ( 'NONE', #45, 6.000000000000005329 ) ;
#5888 = CYLINDRICAL_SURFACE ( 'NONE', #6346, 2.500000000000000444 ) ;
#5889 = ORIENTED_EDGE ( 'NONE', *, *, #7, .T. ) ;
#5890 = AXIS2_PLACEMENT_3D ( 'NONE', #188, #9715, #8797 ) ;
#5891 = CARTESIAN_POINT ( 'NONE',  ( 0.000000000000000000, 0.000000000000000000, 15.00000000000001421 ) ) ;
#5892 = CARTESIAN_POINT ( 'NONE',  ( 68.00000000000009948, 81.00000000000001421, 0.000000000000000000 ) ) ;
#5893 = DIRECTION ( 'NONE',  ( 1.000000000000000000, 0.000000000000000000, -0.000000000000000000 ) ) ;
#5894 = CARTESIAN_POINT ( 'NONE',  ( 72.00000000000008527, 241.0000000000002842, 0.000000000000000000 ) ) ;
#5895 = DIRECTION ( 'NONE',  ( 3.136292949173481922E-19, 1.387778780781445676E-17, -1.000000000000000000 ) ) ;
#5896 = SURFACE_SIDE_STYLE ('',( #2544 ) ) ;
#5897 = EDGE_CURVE ( 'NONE', #9719, #7754, #2754, .T. ) ;
#5898 = CIRCLE ( 'NONE', #643, 2.499999999999946709 ) ;
#5899 = AXIS2_PLACEMENT_3D ( 'NONE', #7192, #2414, #4814 ) ;
#5900 = CIRCLE ( 'NONE', #858, 3.000000000000058176 ) ;
#5901 = EDGE_LOOP ( 'NONE', ( #2659, #8505 ) ) ;
#5902 = VERTEX_POINT ( 'NONE', #7275 ) ;
#5903 = PRODUCT ( 'A353250-ESTANTESMO', 'A353250-ESTANTESMO', '', ( #1051 ) ) ;
#5904 = DIRECTION ( 'NONE',  ( 3.136292949173481922E-19, 1.387778780781445676E-17, -1.000000000000000000 ) ) ;
#5905 = VERTEX_POINT ( 'NONE', #3441 ) ;
#5906 = DIRECTION ( 'NONE',  ( 0.000000000000000000, 0.000000000000000000, -1.000000000000000000 ) ) ;
#5907 = ADVANCED_FACE ( 'NONE', ( #2622 ), #8961, .T. ) ;
#5908 = EDGE_CURVE ( 'NONE', #2086, #8871, #8078, .T. ) ;
#5909 = PLANE ( 'NONE',  #2061 ) ;
#5910 = VECTOR ( 'NONE', #5376, 1000.000000000000000 ) ;
#5911 = VECTOR ( 'NONE', #1507, 1000.000000000000000 ) ;
#5912 = ORIENTED_EDGE ( 'NONE', *, *, #4838, .T. ) ;
#5913 = DIRECTION ( 'NONE',  ( 1.000000000000000000, -7.590943252506637819E-32, 2.033782021272921061E-31 ) ) ;
#5914 = ORIENTED_EDGE ( 'NONE', *, *, #690, .F. ) ;
#5915 = AXIS2_PLACEMENT_3D ( 'NONE', #8730, #9394, #3171 ) ;
#5916 = ORIENTED_EDGE ( 'NONE', *, *, #8367, .F. ) ;
#5917 = EDGE_CURVE ( 'NONE', #2848, #6468, #276, .T. ) ;
#5918 = DIRECTION ( 'NONE',  ( 2.609204460588635816E-49, 0.000000000000000000, 1.000000000000000000 ) ) ;
#5919 = PLANE ( 'NONE',  #4575 ) ;
#5920 = EDGE_LOOP ( 'NONE', ( #5344, #5792 ) ) ;
#5922 = ORIENTED_EDGE ( 'NONE', *, *, #608, .T. ) ;
#5921 = LINE ( 'NONE', #1757, #1949 ) ;
#5923 = AXIS2_PLACEMENT_3D ( 'NONE', #747, #5621, #8750 ) ;
#5924 = ORIENTED_EDGE ( 'NONE', *, *, #7318, .F. ) ;
#5925 = VERTEX_POINT ( 'NONE', #3366 ) ;
#5926 = EDGE_CURVE ( 'NONE', #2304, #5722, #1282, .T. ) ;
#5927 = CARTESIAN_POINT ( 'NONE',  ( 725.5000000000001137, 147.5000000000000000, -15.00000000000001599 ) ) ;
#5928 = VECTOR ( 'NONE', #9327, 1000.000000000000000 ) ;
#5929 = EDGE_CURVE ( 'NONE', #1927, #610, #4120, .T. ) ;
#5930 = CARTESIAN_POINT ( 'NONE',  ( 8.000000000000007105, 243.5000000000000000, 15.00000000000001421 ) ) ;
#5932 = ORIENTED_EDGE ( 'NONE', *, *, #6251, .F. ) ;
#5931 = CYLINDRICAL_SURFACE ( 'NONE', #8813, 13.00000000000003908 ) ;
#5933 = DIRECTION ( 'NONE',  ( -1.000000000000000000, 0.000000000000000000, 0.000000000000000000 ) ) ;
#5934 =( LENGTH_UNIT ( ) NAMED_UNIT ( * ) SI_UNIT ( .MILLI., .METRE. ) );
#5935 = ORIENTED_EDGE ( 'NONE', *, *, #4462, .F. ) ;
#5936 = CARTESIAN_POINT ( 'NONE',  ( 390.0000000000000000, 294.9999999999998295, 0.000000000000000000 ) ) ;
#5937 = EDGE_LOOP ( 'NONE', ( #180, #1872, #2959, #6995 ) ) ;
#5938 = ORIENTED_EDGE ( 'NONE', *, *, #4608, .F. ) ;
#5939 = PRODUCT_RELATED_PRODUCT_CATEGORY ( 'part', '', ( #2705 ) ) ;
#5940 = DIRECTION ( 'NONE',  ( -0.000000000000000000, 0.000000000000000000, 1.000000000000000000 ) ) ;
#5941 = LINE ( 'NONE', #4691, #7422 ) ;
#5943 = ORIENTED_EDGE ( 'NONE', *, *, #194, .F. ) ;
#5942 = VECTOR ( 'NONE', #5020, 1000.000000000000000 ) ;
#5944 = EDGE_CURVE ( 'NONE', #9644, #6549, #4758, .T. ) ;
#5945 = PLANE ( 'NONE',  #716 ) ;
#5946 = DIRECTION ( 'NONE',  ( -1.000000000000000000, 0.000000000000000000, 2.609204460588635816E-49 ) ) ;
#5947 = PLANE ( 'NONE',  #8172 ) ;
#5948 = ADVANCED_FACE ( 'NONE', ( #3874 ), #7829, .F. ) ;
#5949 = CIRCLE ( 'NONE', #217, 7.500000000000000000 ) ;
#5950 = ORIENTED_EDGE ( 'NONE', *, *, #5654, .T. ) ;
#5951 = PLANE ( 'NONE',  #5715 ) ;
#5952 = ORIENTED_EDGE ( 'NONE', *, *, #7633, .F. ) ;
#5953 = ORIENTED_EDGE ( 'NONE', *, *, #7377, .F. ) ;
#5954 = CARTESIAN_POINT ( 'NONE',  ( 0.000000000000000000, 243.5000000000000000, -7.499999999999949374 ) ) ;
#5955 = CARTESIAN_POINT ( 'NONE',  ( 27.11745698183213094, 240.5196655244516251, -7.895979704261918641 ) ) ;
#5956 = ADVANCED_FACE ( 'NONE', ( #1773 ), #449, .T. ) ;
#5958 = ORIENTED_EDGE ( 'NONE', *, *, #1328, .T. ) ;
#5957 = LINE ( 'NONE', #6911, #1250 ) ;
#5959 = CARTESIAN_POINT ( 'NONE',  ( 30.00000000000004263, 241.0000000000002558, 15.00000000000001421 ) ) ;
#5960 = VERTEX_POINT ( 'NONE', #1125 ) ;
#5961 = AXIS2_PLACEMENT_3D ( 'NONE', #3737, #392, #8318 ) ;
#5962 = ORIENTED_EDGE ( 'NONE', *, *, #9518, .F. ) ;
#5963 = CARTESIAN_POINT ( 'NONE',  ( 116.8598776245141977, 125.0000000000000284, 0.000000000000000000 ) ) ;
#5964 = ORIENTED_EDGE ( 'NONE', *, *, #1863, .T. ) ;
#5965 = DIRECTION ( 'NONE',  ( -1.000000000000000000, 0.000000000000000000, 0.000000000000000000 ) ) ;
#5966 = DIRECTION ( 'NONE',  ( -2.033782021272921061E-31, -5.176899690512889973E-31, 1.000000000000000000 ) ) ;
#5967 = DIRECTION ( 'NONE',  ( 1.000000000000000000, 2.041077998578924066E-17, 1.624335346205397848E-33 ) ) ;
#5968 = CARTESIAN_POINT ( 'NONE',  ( 27.20500439115468794, 150.6786138901382230, 9.941844395946958457 ) ) ;
#5969 = DIRECTION ( 'NONE',  ( 1.000000000000000000, 0.000000000000000000, 0.000000000000000000 ) ) ;
#5971 = EDGE_LOOP ( 'NONE', ( #7312, #854 ) ) ;
#5970 = VECTOR ( 'NONE', #5163, 1000.000000000000000 ) ;
#5972 = EDGE_CURVE ( 'NONE', #6275, #476, #6842, .T. ) ;
#5973 = VECTOR ( 'NONE', #7598, 1000.000000000000000 ) ;
#5974 = EDGE_LOOP ( 'NONE', ( #6314, #5057, #9587, #5709 ) ) ;
#5975 = ORIENTED_EDGE ( 'NONE', *, *, #933, .T. ) ;
#5976 = CARTESIAN_POINT ( 'NONE',  ( 27.17443692494286722, 0.000000000000000000, 0.000000000000000000 ) ) ;
#5977 = AXIS2_PLACEMENT_3D ( 'NONE', #9607, #6560, #183 ) ;
#5978 = EDGE_CURVE ( 'NONE', #2618, #7193, #9429, .T. ) ;
#5979 = DIRECTION ( 'NONE',  ( 2.033782021272921061E-31, 5.176899690512889973E-31, 1.000000000000000000 ) ) ;
#5980 = CARTESIAN_POINT ( 'NONE',  ( 0.000000000000000000, 274.9999999999998863, 15.00000000000001421 ) ) ;
#5981 = LINE ( 'NONE', #6986, #3506 ) ;
#5982 = CARTESIAN_POINT ( 'NONE',  ( 381.9999999999998863, 243.5000000000000000, 14.99999999999990230 ) ) ;
#5983 = EDGE_LOOP ( 'NONE', ( #79, #1575, #3219, #7448 ) ) ;
#5984 = UNCERTAINTY_MEASURE_WITH_UNIT (LENGTH_MEASURE( 1.000000000000000082E-05 ), #1434, 'distance_accuracy_value', 'NONE');
#5985 = AXIS2_PLACEMENT_3D ( 'NONE', #8472, #9258, #5347 ) ;
#5986 = CARTESIAN_POINT ( 'NONE',  ( 314.0000000000003979, 247.0000000000003411, 15.00000000000001421 ) ) ;
#5987 = EDGE_CURVE ( 'NONE', #6245, #3996, #654, .T. ) ;
#5988 = FACE_OUTER_BOUND ( 'NONE', #8885, .T. ) ;
#5989 = CARTESIAN_POINT ( 'NONE',  ( 375.9999999999999432, 89.25000000000005684, 3.999999999999996447 ) ) ;
#5990 = CIRCLE ( 'NONE', #864, 2.499999999999946709 ) ;
#5991 = AXIS2_PLACEMENT_3D ( 'NONE', #2991, #8528, #2953 ) ;
#5992 = DIRECTION ( 'NONE',  ( -1.000000000000000000, 7.590943252506637819E-32, -2.033782021272921061E-31 ) ) ;
#5993 = EDGE_CURVE ( 'NONE', #5846, #3215, #2871, .T. ) ;
#5994 = CIRCLE ( 'NONE', #9917, 2.499999999999946709 ) ;
#5995 = ORIENTED_EDGE ( 'NONE', *, *, #7110, .F. ) ;
#5996 = DIRECTION ( 'NONE',  ( 1.000000000000000000, 0.000000000000000000, 0.000000000000000000 ) ) ;
#5997 = DIRECTION ( 'NONE',  ( 1.000000000000000000, 0.000000000000000000, 0.000000000000000000 ) ) ;
#5998 = CARTESIAN_POINT ( 'NONE',  ( 376.0000000000000000, 353.0000000000001705, -6.938893903907228378E-15 ) ) ;
#5999 = STYLED_ITEM ( 'NONE', ( #6371 ), #4130 ) ;
#6000 = CARTESIAN_POINT ( 'NONE',  ( 310.0000000000003979, 241.0000000000003126, 9.000000000000007105 ) ) ;
#6001 = LINE ( 'NONE', #5570, #9793 ) ;
#6002 = ADVANCED_FACE ( 'NONE', ( #5127 ), #3626, .F. ) ;
#6003 = DIRECTION ( 'NONE',  ( -1.000000000000000000, 0.000000000000000000, 0.000000000000000000 ) ) ;
#6004 = FACE_BOUND ( 'NONE', #8273, .T. ) ;
#6005 = EDGE_LOOP ( 'NONE', ( #1256, #81, #1971, #9988 ) ) ;
#6006 = EDGE_CURVE ( 'NONE', #9112, #2117, #4992, .T. ) ;
#6007 = CARTESIAN_POINT ( 'NONE',  ( 386.0000000000000000, 51.49999999999999289, 15.00000000000001421 ) ) ;
#6008 = ORIENTED_EDGE ( 'NONE', *, *, #9408, .F. ) ;
#6009 = ADVANCED_FACE ( 'NONE', ( #1167 ), #5140, .F. ) ;
#6010 = CIRCLE ( 'NONE', #4971, 2.500000000000002220 ) ;
#6011 = CARTESIAN_POINT ( 'NONE',  ( 376.0000000000000000, 353.0000000000001705, -6.938893903907228378E-15 ) ) ;
#6012 = VECTOR ( 'NONE', #1679, 1000.000000000000000 ) ;
#6013 = VERTEX_POINT ( 'NONE', #3510 ) ;
#6014 = DIRECTION ( 'NONE',  ( 2.609204460588636195E-49, 0.000000000000000000, -1.000000000000000000 ) ) ;
#6015 = EDGE_LOOP ( 'NONE', ( #9416, #762, #1171, #7504 ) ) ;
#6016 = EDGE_CURVE ( 'NONE', #8764, #935, #6741, .T. ) ;
#6017 = VECTOR ( 'NONE', #6481, 1000.000000000000000 ) ;
#6018 = VECTOR ( 'NONE', #8722, 1000.000000000000000 ) ;
#6019 = ORIENTED_EDGE ( 'NONE', *, *, #9147, .T. ) ;
#6020 = COLOUR_RGB ( '',1.000000000000000000, 1.000000000000000000, 1.000000000000000000 ) ;
#6021 = AXIS2_PLACEMENT_3D ( 'NONE', #1800, #7980, #5684 ) ;
#6022 = CARTESIAN_POINT ( 'NONE',  ( 0.000000000000000000, 243.5000000000000000, 7.499999999999949374 ) ) ;
#6023 = CARTESIAN_POINT ( 'NONE',  ( 26.99998542046674288, 54.19376807135903817, 6.165050894881423993 ) ) ;
#6024 = DIRECTION ( 'NONE',  ( 2.033782021272921061E-31, 5.176899690512889973E-31, 1.000000000000000000 ) ) ;
#6025 = AXIS2_PLACEMENT_3D ( 'NONE', #623, #2178, #9249 ) ;
#6026 = CIRCLE ( 'NONE', #4987, 6.000000000000005329 ) ;
#6027 = AXIS2_PLACEMENT_3D ( 'NONE', #8401, #3669, #9184 ) ;
#6028 = ORIENTED_EDGE ( 'NONE', *, *, #3122, .F. ) ;
#6029 = CARTESIAN_POINT ( 'NONE',  ( 238.0000000000003126, 247.0000000000003126, 9.000000000000007105 ) ) ;
#6030 = AXIS2_PLACEMENT_3D ( 'NONE', #3592, #3685, #471 ) ;
#6031 = CARTESIAN_POINT ( 'NONE',  ( 272.0000000000003411, 241.0000000000003411, 0.000000000000000000 ) ) ;
#6032 = CARTESIAN_POINT ( 'NONE',  ( 728.0000000000001137, 51.49999999999999289, -3.000000000000002665 ) ) ;
#6033 = AXIS2_PLACEMENT_3D ( 'NONE', #7909, #9427, #3034 ) ;
#6034 = ORIENTED_EDGE ( 'NONE', *, *, #3779, .F. ) ;
#6035 = PRESENTATION_STYLE_ASSIGNMENT (( #2191 ) ) ;
#6036 = ORIENTED_EDGE ( 'NONE', *, *, #8895, .F. ) ;
#6037 = DIRECTION ( 'NONE',  ( 0.000000000000000000, 0.000000000000000000, -1.000000000000000000 ) ) ;
#6038 = CARTESIAN_POINT ( 'NONE',  ( 26.61781228715060266, 244.8367984223523592, -4.807115163844065009 ) ) ;
#6039 = CARTESIAN_POINT ( 'NONE',  ( 40.00000000000003553, 51.49999999999999289, -7.499999999999949374 ) ) ;
#6040 = DIRECTION ( 'NONE',  ( 2.033782021272921061E-31, 5.176899690512889973E-31, 1.000000000000000000 ) ) ;
#6041 = ORIENTED_EDGE ( 'NONE', *, *, #5571, .T. ) ;
#6043 = EDGE_LOOP ( 'NONE', ( #8995, #8792, #4356, #1020 ) ) ;
#6042 = VECTOR ( 'NONE', #3774, 1000.000000000000000 ) ;
#6044 = AXIS2_PLACEMENT_3D ( 'NONE', #10200, #7786, #9377 ) ;
#6045 = ADVANCED_FACE ( 'NONE', ( #8441 ), #7340, .F. ) ;
#6046 = EDGE_CURVE ( 'NONE', #6013, #1049, #2508, .T. ) ;
#6047 = CARTESIAN_POINT ( 'NONE',  ( 0.000000000000000000, -1.553069907153868393E-30, -3.000000000000002665 ) ) ;
#6048 = EDGE_LOOP ( 'NONE', ( #3118, #4792 ) ) ;
#6049 = EDGE_CURVE ( 'NONE', #1785, #932, #1522, .T. ) ;
#6050 = DIRECTION ( 'NONE',  ( 0.000000000000000000, 1.000000000000000000, 0.000000000000000000 ) ) ;
#6051 = CARTESIAN_POINT ( 'NONE',  ( 26.72584321241367888, 53.33413010852093095, 5.118039001183994685 ) ) ;
#6052 = LINE ( 'NONE', #1979, #8393 ) ;
#6053 = STYLED_ITEM ( 'NONE', ( #547 ), #8896 ) ;
#6055 = VERTEX_POINT ( 'NONE', #2966 ) ;
#6054 = CYLINDRICAL_SURFACE ( 'NONE', #5668, 3.000000000000002665 ) ;
#6056 = ADVANCED_FACE ( 'NONE', ( #1036, #5740, #9665, #6340 ), #4504, .F. ) ;
#6057 = CARTESIAN_POINT ( 'NONE',  ( 376.0000000000000000, 267.7500000000000568, 4.000000000000003553 ) ) ;
#6058 = EDGE_CURVE ( 'NONE', #3600, #9034, #5244, .T. ) ;
#6059 = VERTEX_POINT ( 'NONE', #9293 ) ;
#6060 = PLANE ( 'NONE',  #9189 ) ;
#6061 = AXIS2_PLACEMENT_3D ( 'NONE', #10098, #2311, #10063 ) ;
#6062 = DIRECTION ( 'NONE',  ( 2.033782021272921061E-31, 5.176899690512889973E-31, 1.000000000000000000 ) ) ;
#6063 = DIRECTION ( 'NONE',  ( 1.000000000000000000, -7.590943252506637819E-32, -2.033782021272921061E-31 ) ) ;
#6064 = VECTOR ( 'NONE', #7593, 1000.000000000000000 ) ;
#6065 = CARTESIAN_POINT ( 'NONE',  ( 0.000000000000000000, 295.0000000000000000, -1.001483571081362644E-28 ) ) ;
#6066 = CARTESIAN_POINT ( 'NONE',  ( 266.4999999999998295, 243.5000000000000000, -15.00000000000001599 ) ) ;
#6067 = ORIENTED_EDGE ( 'NONE', *, *, #8884, .T. ) ;
#6068 = EDGE_LOOP ( 'NONE', ( #8042, #1185, #6433, #8873 ) ) ;
#6069 = ADVANCED_FACE ( 'NONE', ( #4627 ), #6603, .F. ) ;
#6070 = ORIENTED_EDGE ( 'NONE', *, *, #6176, .F. ) ;
#6071 = EDGE_LOOP ( 'NONE', ( #1475, #9140, #10140, #6873 ) ) ;
#6072 = DIRECTION ( 'NONE',  ( 0.000000000000000000, 0.000000000000000000, 1.000000000000000000 ) ) ;
#6073 = ORIENTED_EDGE ( 'NONE', *, *, #5993, .F. ) ;
#6074 = VERTEX_POINT ( 'NONE', #8436 ) ;
#6075 = CARTESIAN_POINT ( 'NONE',  ( 725.5000000000001137, 147.5000000000000000, 15.00000000000001599 ) ) ;
#6076 = VERTEX_POINT ( 'NONE', #3738 ) ;
#6078 = VERTEX_POINT ( 'NONE', #6065 ) ;
#6077 = CYLINDRICAL_SURFACE ( 'NONE', #9938, 6.000000000000019540 ) ;
#6079 = ORIENTED_EDGE ( 'NONE', *, *, #1806, .T. ) ;
#6080 = VECTOR ( 'NONE', #3056, 1000.000000000000000 ) ;
#6081 = VERTEX_POINT ( 'NONE', #518 ) ;
#6082 = CARTESIAN_POINT ( 'NONE',  ( 30.84317321985052729, 120.0000000000000000, -1.734723475976807094E-15 ) ) ;
#6083 = DIRECTION ( 'NONE',  ( 2.609204460588636195E-49, 0.000000000000000000, -1.000000000000000000 ) ) ;
#6084 = ORIENTED_EDGE ( 'NONE', *, *, #1749, .T. ) ;
#6085 = CARTESIAN_POINT ( 'NONE',  ( 78.99999999999995737, 336.0000000000002842, 15.00000000000000711 ) ) ;
#6086 = CARTESIAN_POINT ( 'NONE',  ( 359.9999999999998863, 51.49999999999999289, -15.00000000000001599 ) ) ;
#6087 = AXIS2_PLACEMENT_3D ( 'NONE', #7423, #319, #5873 ) ;
#6088 = VECTOR ( 'NONE', #270, 1000.000000000000000 ) ;
#6089 = DIRECTION ( 'NONE',  ( 1.000000000000000000, -7.590943252506637819E-32, -2.033782021272921061E-31 ) ) ;
#6090 = VECTOR ( 'NONE', #6571, 1000.000000000000000 ) ;
#6091 = VERTEX_POINT ( 'NONE', #2216 ) ;
#6092 = PLANE ( 'NONE',  #6879 ) ;
#6093 = DIRECTION ( 'NONE',  ( 1.000000000000000000, -7.590943252506637819E-32, 2.033782021272921061E-31 ) ) ;
#6094 = CARTESIAN_POINT ( 'NONE',  ( 0.000000000000000000, 0.000000000000000000, 5.000000000000004441 ) ) ;
#6095 = EDGE_CURVE ( 'NONE', #8988, #1139, #4749, .T. ) ;
#6096 = PRESENTATION_STYLE_ASSIGNMENT (( #10184 ) ) ;
#6097 = DIRECTION ( 'NONE',  ( -1.000000000000000000, 0.000000000000000000, 0.000000000000000000 ) ) ;
#6098 =( LENGTH_UNIT ( ) NAMED_UNIT ( * ) SI_UNIT ( .MILLI., .METRE. ) );
#6099 = VECTOR ( 'NONE', #4435, 1000.000000000000000 ) ;
#6100 = EDGE_LOOP ( 'NONE', ( #1777, #1844, #1141, #4636 ) ) ;
#6101 = ADVANCED_FACE ( 'NONE', ( #2381 ), #402, .F. ) ;
#6102 = AXIS2_PLACEMENT_3D ( 'NONE', #5156, #5918, #3528 ) ;
#6103 = UNCERTAINTY_MEASURE_WITH_UNIT (LENGTH_MEASURE( 1.000000000000000082E-05 ), #1912, 'distance_accuracy_value', 'NONE');
#6104 = DIRECTION ( 'NONE',  ( 0.000000000000000000, 0.000000000000000000, -1.000000000000000000 ) ) ;
#6105 = EDGE_CURVE ( 'NONE', #6760, #6778, #9305, .T. ) ;
#6106 = CARTESIAN_POINT ( 'NONE',  ( -2.775557561562891351E-14, 290.0000000000002842, 0.000000000000000000 ) ) ;
#6107 = PRESENTATION_STYLE_ASSIGNMENT (( #8912 ) ) ;
#6108 = FACE_OUTER_BOUND ( 'NONE', #2322, .T. ) ;
#6109 = EDGE_LOOP ( 'NONE', ( #9373, #5729 ) ) ;
#6110 = AXIS2_PLACEMENT_3D ( 'NONE', #7787, #6136, #566 ) ;
#6111 = EDGE_CURVE ( 'NONE', #621, #6649, #7218, .T. ) ;
#6112 = CARTESIAN_POINT ( 'NONE',  ( 332.4302519308005799, 148.5532880663814694, 3.632101255688794605 ) ) ;
#6113 = CARTESIAN_POINT ( 'NONE',  ( 0.000000000000000000, 294.9999999999998863, 15.00000000000001421 ) ) ;
#6114 = CARTESIAN_POINT ( 'NONE',  ( 458.4999999999998295, 51.49999999999999289, -3.000000000000002665 ) ) ;
#6115 = ADVANCED_FACE ( 'NONE', ( #5482 ), #5374, .T. ) ;
#6116 = EDGE_CURVE ( 'NONE', #619, #1478, #1514, .T. ) ;
#6117 = CIRCLE ( 'NONE', #9064, 7.500000000000000000 ) ;
#6118 = FACE_OUTER_BOUND ( 'NONE', #9744, .T. ) ;
#6119 = ORIENTED_EDGE ( 'NONE', *, *, #7557, .F. ) ;
#6120 = DIRECTION ( 'NONE',  ( 2.033782021272921061E-31, 5.176899690512889973E-31, 1.000000000000000000 ) ) ;
#6121 = ORIENTED_EDGE ( 'NONE', *, *, #8581, .T. ) ;
#6122 = PLANE ( 'NONE',  #988 ) ;
#6123 = DIRECTION ( 'NONE',  ( -1.941925118803054280E-33, 0.000000000000000000, -1.000000000000000000 ) ) ;
#6124 = CARTESIAN_POINT ( 'NONE',  ( 0.000000000000000000, -1.553069907153868393E-30, 3.000000000000002665 ) ) ;
#6125 = VECTOR ( 'NONE', #8026, 1000.000000000000000 ) ;
#6126 = EDGE_CURVE ( 'NONE', #4224, #1819, #6961, .T. ) ;
#6127 = CARTESIAN_POINT ( 'NONE',  ( 27.11745698183214515, 48.51966552445163217, 7.895979704261918641 ) ) ;
#6128 = FACE_OUTER_BOUND ( 'NONE', #6621, .T. ) ;
#6129 = ORIENTED_EDGE ( 'NONE', *, *, #1271, .F. ) ;
#6130 = CARTESIAN_POINT ( 'NONE',  ( 293.9999999999999432, 147.5000000000000000, 15.00000000000001421 ) ) ;
#6131 =( NAMED_UNIT ( * ) PLANE_ANGLE_UNIT ( ) SI_UNIT ( $, .RADIAN. ) );
#6132 = CARTESIAN_POINT ( 'NONE',  ( 0.000000000000000000, 243.5000000000000000, -7.499999999999949374 ) ) ;
#6133 = CARTESIAN_POINT ( 'NONE',  ( 72.00000000000008527, 49.00000000000009948, 0.000000000000000000 ) ) ;
#6134 = CARTESIAN_POINT ( 'NONE',  ( 375.9999999999999432, 85.25000000000015632, 0.000000000000000000 ) ) ;
#6135 = LINE ( 'NONE', #706, #9577 ) ;
#6136 = DIRECTION ( 'NONE',  ( -0.000000000000000000, 0.000000000000000000, 1.000000000000000000 ) ) ;
#6137 = CYLINDRICAL_SURFACE ( 'NONE', #7419, 6.000000000000005329 ) ;
#6138 = VERTEX_POINT ( 'NONE', #9251 ) ;
#6139 = CARTESIAN_POINT ( 'NONE',  ( 386.0000000000000000, 243.5000000000000000, 15.00000000000001421 ) ) ;
#6140 = ORIENTED_EDGE ( 'NONE', *, *, #9366, .T. ) ;
#6141 = VERTEX_POINT ( 'NONE', #2933 ) ;
#6142 = AXIS2_PLACEMENT_3D ( 'NONE', #9625, #4115, #7267 ) ;
#6143 = CARTESIAN_POINT ( 'NONE',  ( 4.000000000000003553, 51.49999999999999289, 15.00000000000001421 ) ) ;
#6144 = CARTESIAN_POINT ( 'NONE',  ( 26.50813697960615656, 243.8992186818968264, 10.47981272496309657 ) ) ;
#6145 = CIRCLE ( 'NONE', #2465, 6.000000000000005329 ) ;
#6146 = CIRCLE ( 'NONE', #5395, 2.499999999999946709 ) ;
#6147 = ORIENTED_EDGE ( 'NONE', *, *, #9344, .F. ) ;
#6148 = CARTESIAN_POINT ( 'NONE',  ( 319.0000000000000000, 147.5000000000000853, 3.500000000000003109 ) ) ;
#6149 = ADVANCED_FACE ( 'NONE', ( #1640 ), #5340, .F. ) ;
#6150 = CARTESIAN_POINT ( 'NONE',  ( 263.9999999999998863, 51.49999999999999289, 15.00000000000001599 ) ) ;
#6151 = CARTESIAN_POINT ( 'NONE',  ( 386.0000000000000000, 243.5000000000000000, 1.043681784235452503E-48 ) ) ;
#6152 = EDGE_CURVE ( 'NONE', #9178, #1234, #8070, .T. ) ;
#6153 = CARTESIAN_POINT ( 'NONE',  ( 272.0000000000003411, 81.00000000000001421, 15.00000000000001421 ) ) ;
#6154 = ORIENTED_EDGE ( 'NONE', *, *, #206, .F. ) ;
#6155 = AXIS2_PLACEMENT_3D ( 'NONE', #5500, #10208, #3130 ) ;
#6156 = CARTESIAN_POINT ( 'NONE',  ( 1095.000000000000000, 295.0000000000000000, -15.00000000000001599 ) ) ;
#6158 = ORIENTED_EDGE ( 'NONE', *, *, #6228, .T. ) ;
#6157 = VECTOR ( 'NONE', #7120, 1000.000000000000000 ) ;
#6159 = AXIS2_PLACEMENT_3D ( 'NONE', #6610, #7396, #4177 ) ;
#6160 = CARTESIAN_POINT ( 'NONE',  ( 26.56128046199838622, 50.52595713829756363, 4.655811018096311038 ) ) ;
#6161 = ORIENTED_EDGE ( 'NONE', *, *, #6180, .T. ) ;
#6162 = EDGE_LOOP ( 'NONE', ( #2605, #5361, #7740, #3537 ) ) ;
#6163 = LINE ( 'NONE', #6394, #8763 ) ;
#6164 = ADVANCED_FACE ( 'NONE', ( #2502 ), #8809, .F. ) ;
#6165 = DIRECTION ( 'NONE',  ( 5.600273556634000138E-19, 1.000000000000000000, -6.938893903907225296E-18 ) ) ;
#6166 = FACE_BOUND ( 'NONE', #1331, .T. ) ;
#6168 = ORIENTED_EDGE ( 'NONE', *, *, #1138, .T. ) ;
#6167 = CIRCLE ( 'NONE', #7889, 6.000000000000005329 ) ;
#6169 = AXIS2_PLACEMENT_3D ( 'NONE', #8115, #8910, #4174 ) ;
#6170 = VERTEX_POINT ( 'NONE', #6327 ) ;
#6171 = CARTESIAN_POINT ( 'NONE',  ( 0.000000000000000000, 294.9999999999998295, 14.99999999999990230 ) ) ;
#6172 = VERTEX_POINT ( 'NONE', #7022 ) ;
#6173 = EDGE_LOOP ( 'NONE', ( #10, #9153, #4296, #10092 ) ) ;
#6174 = CARTESIAN_POINT ( 'NONE',  ( 275.0000000000003979, 145.0000000000001705, 15.00000000000001421 ) ) ;
#6175 = DIRECTION ( 'NONE',  ( 3.136292949173481922E-19, -1.387778780781445676E-17, 1.000000000000000000 ) ) ;
#6176 = EDGE_CURVE ( 'NONE', #5848, #4200, #3369, .T. ) ;
#6177 = DIRECTION ( 'NONE',  ( 0.5562429573907914371, 0.8310197183900909224, 0.000000000000000000 ) ) ;
#6178 = AXIS2_PLACEMENT_3D ( 'NONE', #1325, #554, #2179 ) ;
#6179 = LINE ( 'NONE', #1339, #1601 ) ;
#6180 = EDGE_CURVE ( 'NONE', #9402, #9764, #5733, .T. ) ;
#6182 = ORIENTED_EDGE ( 'NONE', *, *, #6834, .T. ) ;
#6181 = CIRCLE ( 'NONE', #1907, 2.499999999999891198 ) ;
#6183 = CARTESIAN_POINT ( 'NONE',  ( 26.00000000000003908, 247.0000000000003695, 15.00000000000001421 ) ) ;
#6184 = VERTEX_POINT ( 'NONE', #5480 ) ;
#6185 = CARTESIAN_POINT ( 'NONE',  ( 332.4999999999998863, 147.7699513709364112, 3.500000000000003109 ) ) ;
#6186 = DIRECTION ( 'NONE',  ( 1.000000000000000000, 0.000000000000000000, 0.000000000000000000 ) ) ;
#6187 =( GEOMETRIC_REPRESENTATION_CONTEXT ( 3 ) GLOBAL_UNCERTAINTY_ASSIGNED_CONTEXT ( ( #461 ) ) GLOBAL_UNIT_ASSIGNED_CONTEXT ( ( #8584, #1400, #2183 ) ) REPRESENTATION_CONTEXT ( 'NONE', 'WORKASPACE' ) );
#6188 = CARTESIAN_POINT ( 'NONE',  ( 382.0000000000000000, 51.49999999999999289, 0.000000000000000000 ) ) ;
#6189 = ORIENTED_EDGE ( 'NONE', *, *, #1279, .T. ) ;
#6190 = EDGE_CURVE ( 'NONE', #4669, #8389, #8319, .T. ) ;
#6191 = EDGE_LOOP ( 'NONE', ( #2301, #3191, #8779, #4565 ) ) ;
#6192 = AXIS2_PLACEMENT_3D ( 'NONE', #10164, #5491, #816 ) ;
#6193 = ORIENTED_EDGE ( 'NONE', *, *, #1279, .F. ) ;
#6194 = DIRECTION ( 'NONE',  ( 5.600273556634000138E-19, 1.000000000000000000, -6.938893903907225296E-18 ) ) ;
#6195 = DIRECTION ( 'NONE',  ( 2.609204460588635816E-49, 0.000000000000000000, -1.000000000000000000 ) ) ;
#6196 = CARTESIAN_POINT ( 'NONE',  ( 333.9999999999999432, 240.5000000000001137, 7.499999999999951150 ) ) ;
#6197 = DIRECTION ( 'NONE',  ( 0.000000000000000000, 0.000000000000000000, 1.000000000000000000 ) ) ;
#6199 = ORIENTED_EDGE ( 'NONE', *, *, #6827, .F. ) ;
#6198 = FACE_OUTER_BOUND ( 'NONE', #4841, .T. ) ;
#6200 = VERTEX_POINT ( 'NONE', #6988 ) ;
#6201 =( LENGTH_UNIT ( ) NAMED_UNIT ( * ) SI_UNIT ( .MILLI., .METRE. ) );
#6202 = ORIENTED_EDGE ( 'NONE', *, *, #2787, .T. ) ;
#6203 = EDGE_CURVE ( 'NONE', #3088, #10119, #5861, .T. ) ;
#6204 = DIRECTION ( 'NONE',  ( 1.000000000000000000, 0.000000000000000000, 0.000000000000000000 ) ) ;
#6205 = CARTESIAN_POINT ( 'NONE',  ( 331.4739305752833616, 143.7116682711911437, 8.809773601527286502 ) ) ;
#6207 = EDGE_LOOP ( 'NONE', ( #2481, #1877, #7326, #7931 ) ) ;
#6206 = LINE ( 'NONE', #2385, #8185 ) ;
#6208 = DIRECTION ( 'NONE',  ( 3.136292949173481922E-19, 1.387778780781445676E-17, -1.000000000000000000 ) ) ;
#6209 = LINE ( 'NONE', #4391, #4976 ) ;
#6210 = DIRECTION ( 'NONE',  ( -2.609204460588635816E-49, 0.000000000000000000, 1.000000000000000000 ) ) ;
#6211 = ORIENTED_EDGE ( 'NONE', *, *, #6509, .T. ) ;
#6212 = EDGE_LOOP ( 'NONE', ( #4320, #1864 ) ) ;
#6213 = DIRECTION ( 'NONE',  ( -1.000000000000000000, 0.000000000000000000, 0.000000000000000000 ) ) ;
#6214 = AXIS2_PLACEMENT_3D ( 'NONE', #6896, #8381, #6072 ) ;
#6215 = CIRCLE ( 'NONE', #9994, 2.499999999999946709 ) ;
#6216 = CARTESIAN_POINT ( 'NONE',  ( 381.9999999999998863, 51.49999999999999289, 14.99999999999990230 ) ) ;
#6217 = LINE ( 'NONE', #9939, #151 ) ;
#6218 = ADVANCED_FACE ( 'NONE', ( #9655 ), #394, .F. ) ;
#6219 = EDGE_LOOP ( 'NONE', ( #4190, #4721, #892, #2065 ) ) ;
#6220 = EDGE_CURVE ( 'NONE', #9112, #3055, #7946, .T. ) ;
#6221 = DIRECTION ( 'NONE',  ( 1.000000000000000000, 0.000000000000000000, 0.000000000000000000 ) ) ;
#6222 = LINE ( 'NONE', #8824, #5492 ) ;
#6223 = DIRECTION ( 'NONE',  ( -1.000000000000000000, -2.041077998578924066E-17, -1.624335346205397848E-33 ) ) ;
#6224 = DIRECTION ( 'NONE',  ( 2.033782021272921061E-31, 5.176899690512889973E-31, 1.000000000000000000 ) ) ;
#6225 = LINE ( 'NONE', #9940, #5255 ) ;
#6226 = ORIENTED_EDGE ( 'NONE', *, *, #7873, .T. ) ;
#6227 = ITEM_DEFINED_TRANSFORMATION ( 'NONE', 'NONE', #9207,  #3788 ) ;
#6228 = EDGE_CURVE ( 'NONE', #4288, #7926, #4616, .T. ) ;
#6229 = PLANE ( 'NONE',  #873 ) ;
#6230 = CARTESIAN_POINT ( 'NONE',  ( 0.000000000000000000, 0.000000000000000000, 0.000000000000000000 ) ) ;
#6231 = DIRECTION ( 'NONE',  ( -2.609204460588635816E-49, 0.000000000000000000, 1.000000000000000000 ) ) ;
#6232 = VECTOR ( 'NONE', #4845, 1000.000000000000000 ) ;
#6233 = CARTESIAN_POINT ( 'NONE',  ( 26.50813697960615656, 243.8992186818968264, -10.47981272496309657 ) ) ;
#6234 = EDGE_CURVE ( 'NONE', #1263, #3088, #644, .T. ) ;
#6235 = VECTOR ( 'NONE', #2230, 1000.000000000000000 ) ;
#6236 = ORIENTED_EDGE ( 'NONE', *, *, #2131, .T. ) ;
#6237 = DIRECTION ( 'NONE',  ( -1.000000000000000000, -2.041077998578924066E-17, -1.624335346205397848E-33 ) ) ;
#6238 = SHAPE_DEFINITION_REPRESENTATION ( #2279, #4607 ) ;
#6239 = CARTESIAN_POINT ( 'NONE',  ( 1055.000000000000000, 243.5000000000000000, -4.499999999999946709 ) ) ;
#6240 = EDGE_LOOP ( 'NONE', ( #3357, #640, #8513, #4133 ) ) ;
#6241 = CARTESIAN_POINT ( 'NONE',  ( 725.5000000000001137, 147.5000000000000000, -3.000000000000002665 ) ) ;
#6242 = MECHANICAL_DESIGN_GEOMETRIC_PRESENTATION_REPRESENTATION (  '', ( #3594 ), #4523 ) ;
#6243 = FACE_OUTER_BOUND ( 'NONE', #2554, .T. ) ;
#6244 = VECTOR ( 'NONE', #5842, 1000.000000000000000 ) ;
#6245 = VERTEX_POINT ( 'NONE', #4711 ) ;
#6246 = EDGE_CURVE ( 'NONE', #5816, #4305, #2989, .T. ) ;
#6247 = CARTESIAN_POINT ( 'NONE',  ( 332.2866783060231910, 149.2931103411012543, 3.914835784499777649 ) ) ;
#6248 = DIRECTION ( 'NONE',  ( 1.000000000000000000, 0.000000000000000000, 0.000000000000000000 ) ) ;
#6249 = AXIS2_PLACEMENT_3D ( 'NONE', #9006, #5221, #5085 ) ;
#6250 = DIRECTION ( 'NONE',  ( 2.609204460588635816E-49, 0.000000000000000000, -1.000000000000000000 ) ) ;
#6251 = EDGE_CURVE ( 'NONE', #6275, #5268, #5365, .T. ) ;
#6252 = ADVANCED_FACE ( 'NONE', ( #8194 ), #1155, .F. ) ;
#6253 = PRODUCT_DEFINITION_CONTEXT ( 'detailed design', #7339, 'design' ) ;
#6254 = CARTESIAN_POINT ( 'NONE',  ( 379.5000000000000000, 243.5000000000000000, 3.000000000000113687 ) ) ;
#6255 = FACE_BOUND ( 'NONE', #52, .T. ) ;
#6256 = DIRECTION ( 'NONE',  ( 3.136292949173481922E-19, -1.387778780781445676E-17, 1.000000000000000000 ) ) ;
#6257 = VECTOR ( 'NONE', #9173, 1000.000000000000000 ) ;
#6258 = EDGE_LOOP ( 'NONE', ( #2850, #8427, #3923, #271 ) ) ;
#6259 = CARTESIAN_POINT ( 'NONE',  ( 0.000000000000000000, 0.000000000000000000, 14.99999999999990230 ) ) ;
#6260 = CARTESIAN_POINT ( 'NONE',  ( 731.0000000000001137, 243.5000000000000000, -15.00000000000001599 ) ) ;
#6261 = VECTOR ( 'NONE', #1066, 1000.000000000000000 ) ;
#6262 = CARTESIAN_POINT ( 'NONE',  ( 359.9999999999998863, 51.49999999999999289, -15.00000000000001599 ) ) ;
#6263 = B_SPLINE_CURVE_WITH_KNOTS ( 'NONE', 3,
 ( #10027, #6185, #8600, #6112, #7796, #6247, #5400, #10137, #3059, #8456, #2240, #609, #4602, #6946, #3865, #2200, #7755, #7007, #718, #9387, #9346, #5321, #4531, #573, #1515, #10061, #1415, #2990, #3791, #684, #5366, #10095, #5426, #1383, #2918, #9235, #3027, #645 ),
 .UNSPECIFIED., .F., .F.,
 ( 4, 2, 2, 2, 2, 2, 2, 2, 2, 2, 2, 2, 2, 2, 2, 2, 2, 2, 4 ),
 ( 0.000000000000000000, 0.0007973883807056810673, 0.001594776761411362135, 0.002392165142117042443, 0.003189553522822722968, 0.003986941903528403060, 0.004784330284234083151, 0.005581718664939764110, 0.006379107045645444202, 0.006777801235998285982, 0.007176495426351126895, 0.007973883807056807854, 0.008771272187762486211, 0.009568660568468166303, 0.01036604894917384639, 0.01116343732987952649, 0.01156213152023232577, 0.01196082571058512678, 0.01275821409129079473 ),
 .UNSPECIFIED. ) ;
#6264 = VECTOR ( 'NONE', #841, 1000.000000000000000 ) ;
#6265 = ORIENTED_EDGE ( 'NONE', *, *, #6576, .T. ) ;
#6266 = ADVANCED_FACE ( 'NONE', ( #9784, #7332, #1272, #2134, #3621 ), #7772, .T. ) ;
#6267 = DIRECTION ( 'NONE',  ( -0.000000000000000000, 0.000000000000000000, 1.000000000000000000 ) ) ;
#6268 = VERTEX_POINT ( 'NONE', #3110 ) ;
#6269 = CARTESIAN_POINT ( 'NONE',  ( 26.56115744048527461, 244.4735509386199794, -10.34453639846182504 ) ) ;
#6270 = CARTESIAN_POINT ( 'NONE',  ( 332.3891574431507365, 146.1915041679693559, 11.28912691129613322 ) ) ;
#6271 = CARTESIAN_POINT ( 'NONE',  ( 144.0343145494570365, 125.0000000000000000, 21.00000000000000000 ) ) ;
#6272 = CARTESIAN_POINT ( 'NONE',  ( 0.000000000000000000, 0.000000000000000000, 4.000000000000058620 ) ) ;
#6273 = ORIENTED_EDGE ( 'NONE', *, *, #9925, .T. ) ;
#6274 = ORIENTED_EDGE ( 'NONE', *, *, #6046, .F. ) ;
#6275 = VERTEX_POINT ( 'NONE', #1491 ) ;
#6276 = AXIS2_PLACEMENT_3D ( 'NONE', #8408, #1403, #2940 ) ;
#6277 = DIRECTION ( 'NONE',  ( -9.130123557772660939E-17, 1.000000000000000000, 0.000000000000000000 ) ) ;
#6278 = CARTESIAN_POINT ( 'NONE',  ( 272.0000000000003411, 241.0000000000003411, 0.000000000000000000 ) ) ;
#6279 = EDGE_LOOP ( 'NONE', ( #1999, #3205 ) ) ;
#6281 = EDGE_LOOP ( 'NONE', ( #6396, #4716, #4347, #5102 ) ) ;
#6280 = LINE ( 'NONE', #2716, #5553 ) ;
#6282 = MANIFOLD_SOLID_BREP ( 'Saliente-Extruir1', #6707 ) ;
#6283 = VERTEX_POINT ( 'NONE', #5546 ) ;
#6284 = EDGE_LOOP ( 'NONE', ( #5573, #4403 ) ) ;
#6285 = EDGE_CURVE ( 'NONE', #9973, #7806, #26, .T. ) ;
#6286 = CARTESIAN_POINT ( 'NONE',  ( 0.000000000000000000, 0.000000000000000000, 15.00000000000001421 ) ) ;
#6287 = CARTESIAN_POINT ( 'NONE',  ( 272.0000000000003411, 145.0000000000001705, 15.00000000000001421 ) ) ;
#6288 = FACE_OUTER_BOUND ( 'NONE', #2578, .T. ) ;
#6289 = ORIENTED_EDGE ( 'NONE', *, *, #965, .T. ) ;
#6290 = DIRECTION ( 'NONE',  ( 1.000000000000000000, 0.000000000000000000, 0.000000000000000000 ) ) ;
#6291 = EDGE_CURVE ( 'NONE', #1963, #901, #3992, .T. ) ;
#6292 = UNCERTAINTY_MEASURE_WITH_UNIT (LENGTH_MEASURE( 1.000000000000000082E-05 ), #4648, 'distance_accuracy_value', 'NONE');
#6293 = ORIENTED_EDGE ( 'NONE', *, *, #4798, .T. ) ;
#6295 = ORIENTED_EDGE ( 'NONE', *, *, #9078, .T. ) ;
#6294 = DIRECTION ( 'NONE',  ( 0.000000000000000000, -1.000000000000000000, 0.000000000000000000 ) ) ;
#6296 = ADVANCED_FACE ( 'NONE', ( #1892 ), #9057, .F. ) ;
#6297 = LINE ( 'NONE', #4658, #8403 ) ;
#6298 = DIRECTION ( 'NONE',  ( 2.609204460588635816E-49, 0.000000000000000000, -1.000000000000000000 ) ) ;
#6299 = AXIS2_PLACEMENT_3D ( 'NONE', #900, #2576, #9580 ) ;
#6300 = ORIENTED_EDGE ( 'NONE', *, *, #7057, .F. ) ;
#6301 = DIRECTION ( 'NONE',  ( -0.2756373558169958327, -0.9612616959383197823, -0.000000000000000000 ) ) ;
#6302 = CARTESIAN_POINT ( 'NONE',  ( 379.5000000000000000, 243.5000000000000000, 14.99999999999990230 ) ) ;
#6303 = EDGE_CURVE ( 'NONE', #8254, #8549, #7463, .T. ) ;
#6304 = DIRECTION ( 'NONE',  ( -1.000000000000000000, 0.000000000000000000, 0.000000000000000000 ) ) ;
#6305 = ORIENTED_EDGE ( 'NONE', *, *, #701, .T. ) ;
#6306 = AXIS2_PLACEMENT_3D ( 'NONE', #1928, #1967, #8249 ) ;
#6307 = EDGE_CURVE ( 'NONE', #8836, #7580, #9545, .T. ) ;
#6308 = VERTEX_POINT ( 'NONE', #4915 ) ;
#6309 = CARTESIAN_POINT ( 'NONE',  ( 310.0000000000003979, 241.0000000000003126, 15.00000000000001421 ) ) ;
#6310 = ORIENTED_EDGE ( 'NONE', *, *, #6190, .F. ) ;
#6311 = ORIENTED_EDGE ( 'NONE', *, *, #9166, .F. ) ;
#6312 = ORIENTED_EDGE ( 'NONE', *, *, #345, .T. ) ;
#6313 = CARTESIAN_POINT ( 'NONE',  ( 376.0000000000000000, 219.1250000000002274, -5.898059818321144121E-14 ) ) ;
#6314 = ORIENTED_EDGE ( 'NONE', *, *, #8010, .T. ) ;
#6315 = DIRECTION ( 'NONE',  ( 1.000000000000000000, 0.000000000000000000, 0.000000000000000000 ) ) ;
#6316 = ADVANCED_FACE ( 'NONE', ( #1399 ), #8054, .T. ) ;
#6317 = EDGE_CURVE ( 'NONE', #8523, #1539, #6215, .T. ) ;
#6319 = VERTEX_POINT ( 'NONE', #969 ) ;
#6318 = LINE ( 'NONE', #835, #5095 ) ;
#6320 = CARTESIAN_POINT ( 'NONE',  ( 359.9999999999998863, 243.5000000000000000, 15.00000000000001599 ) ) ;
#6321 = ORIENTED_EDGE ( 'NONE', *, *, #8729, .T. ) ;
#6322 = LINE ( 'NONE', #3089, #10147 ) ;
#6323 = DIRECTION ( 'NONE',  ( 5.600273556634000138E-19, 1.000000000000000000, -6.938893903907225296E-18 ) ) ;
#6324 = EDGE_LOOP ( 'NONE', ( #2646, #5754 ) ) ;
#6325 = ORIENTED_EDGE ( 'NONE', *, *, #3397, .T. ) ;
#6326 = CARTESIAN_POINT ( 'NONE',  ( 26.00000000000003908, 235.0000000000003126, 9.000000000000007105 ) ) ;
#6327 = CARTESIAN_POINT ( 'NONE',  ( 80.84317321985052729, 125.0000000000000000, 7.499999999999992895 ) ) ;
#6328 = CARTESIAN_POINT ( 'NONE',  ( 1017.999999999999545, 237.9999999999999432, -15.00000000000001421 ) ) ;
#6329 = CARTESIAN_POINT ( 'NONE',  ( 102.0000000000001279, 241.0000000000002558, 9.000000000000007105 ) ) ;
#6330 = LINE ( 'NONE', #1445, #510 ) ;
#6331 = DIRECTION ( 'NONE',  ( 0.9612616959383198934, -0.2756373558169959437, 0.000000000000000000 ) ) ;
#6332 =( NAMED_UNIT ( * ) SI_UNIT ( $, .STERADIAN. ) SOLID_ANGLE_UNIT ( ) );
#6333 = LINE ( 'NONE', #54, #4611 ) ;
#6334 = ORIENTED_EDGE ( 'NONE', *, *, #1725, .T. ) ;
#6335 = CARTESIAN_POINT ( 'NONE',  ( 0.000000000000000000, 0.000000000000000000, 15.00000000000001421 ) ) ;
#6336 = DIRECTION ( 'NONE',  ( 1.000000000000000000, 0.000000000000000000, 0.000000000000000000 ) ) ;
#6337 = CARTESIAN_POINT ( 'NONE',  ( 731.0000000000001137, 243.5000000000000000, -15.00000000000001599 ) ) ;
#6338 = AXIS2_PLACEMENT_3D ( 'NONE', #4078, #4916, #8120 ) ;
#6339 = DIRECTION ( 'NONE',  ( 1.941925118803054280E-33, 0.000000000000000000, 1.000000000000000000 ) ) ;
#6340 = FACE_OUTER_BOUND ( 'NONE', #1614, .T. ) ;
#6341 = LINE ( 'NONE', #2042, #2008 ) ;
#6342 = ORIENTED_EDGE ( 'NONE', *, *, #4311, .F. ) ;
#6343 = DIRECTION ( 'NONE',  ( -5.600273556634000138E-19, -1.000000000000000000, -1.387778780781445676E-17 ) ) ;
#6344 = DIRECTION ( 'NONE',  ( 1.000000000000000000, 0.000000000000000000, 0.000000000000000000 ) ) ;
#6345 = DIRECTION ( 'NONE',  ( 1.000000000000000000, 0.000000000000000000, 0.000000000000000000 ) ) ;
#6346 = AXIS2_PLACEMENT_3D ( 'NONE', #5464, #2308, #9281 ) ;
#6347 = ADVANCED_FACE ( 'NONE', ( #7815 ), #4236, .F. ) ;
#6348 = FACE_OUTER_BOUND ( 'NONE', #10136, .T. ) ;
#6349 = CARTESIAN_POINT ( 'NONE',  ( 27.06003642541279675, 48.65506870638665760, -6.527598332602252640 ) ) ;
#6350 = VECTOR ( 'NONE', #4198, 1000.000000000000000 ) ;
#6351 = CLOSED_SHELL ( 'NONE', ( #2993, #9666, #4554, #7089, #9918, #7710, #3706, #4620, #563, #8336, #1551, #9909, #1351, #4918, #1402, #9405, #132, #8379, #9953, #434, #10229, #6316, #2575, #2826, #7970, #9713, #5326, #1083, #1037, #1278, #7759, #6525, #7305, #5907, #4349, #2425, #2208, #9814, #4513, #2479 ) ) ;
#6352 = EDGE_CURVE ( 'NONE', #2195, #893, #2006, .T. ) ;
#6353 = CONTEXT_DEPENDENT_SHAPE_REPRESENTATION ( #3396, #956 ) ;
#6354 = PLANE ( 'NONE',  #9406 ) ;
#6355 = CARTESIAN_POINT ( 'NONE',  ( 68.00000000000008527, 241.0000000000002842, 0.000000000000000000 ) ) ;
#6356 = CARTESIAN_POINT ( 'NONE',  ( 0.000000000000000000, 294.9999999999998295, 0.000000000000000000 ) ) ;
#6357 = LINE ( 'NONE', #7558, #43 ) ;
#6358 = VERTEX_POINT ( 'NONE', #3284 ) ;
#6359 = SHAPE_REPRESENTATION ( 'A353250-PISOSXXXPI', ( #3788 ), #7308 ) ;
#6360 = DIRECTION ( 'NONE',  ( 0.000000000000000000, 0.000000000000000000, 1.000000000000000000 ) ) ;
#6361 = ADVANCED_FACE ( 'NONE', ( #150 ), #8678, .F. ) ;
#6362 = AXIS2_PLACEMENT_3D ( 'NONE', #636, #3050, #9339 ) ;
#6363 = EDGE_CURVE ( 'NONE', #723, #5563, #10155, .T. ) ;
#6364 = CARTESIAN_POINT ( 'NONE',  ( 269.0000000000002842, 145.0000000000001705, 0.000000000000000000 ) ) ;
#6365 = CIRCLE ( 'NONE', #9244, 6.000000000000005329 ) ;
#6366 = EDGE_CURVE ( 'NONE', #7754, #2102, #6206, .T. ) ;
#6367 = DIRECTION ( 'NONE',  ( 1.000000000000000000, 0.000000000000000000, 0.000000000000000000 ) ) ;
#6368 = CARTESIAN_POINT ( 'NONE',  ( 6.938893903907228378E-15, 219.1250000000001137, 4.000000000000052403 ) ) ;
#6369 = VECTOR ( 'NONE', #6874, 1000.000000000000000 ) ;
#6370 = VERTEX_POINT ( 'NONE', #3176 ) ;
#6371 = PRESENTATION_STYLE_ASSIGNMENT (( #1126 ) ) ;
#6372 = PRESENTATION_LAYER_ASSIGNMENT (  '', '', ( #5866 ) ) ;
#6373 = DIRECTION ( 'NONE',  ( -2.041077998578925915E-17, -1.000000000000000000, 0.000000000000000000 ) ) ;
#6374 = VECTOR ( 'NONE', #3821, 1000.000000000000000 ) ;
#6375 = EDGE_CURVE ( 'NONE', #1854, #5468, #4111, .T. ) ;
#6376 = DIRECTION ( 'NONE',  ( -0.5562429573907914371, -0.8310197183900909224, 0.000000000000000000 ) ) ;
#6377 = CIRCLE ( 'NONE', #1394, 3.000000000000002665 ) ;
#6378 = VECTOR ( 'NONE', #7276, 1000.000000000000000 ) ;
#6379 = AXIS2_PLACEMENT_3D ( 'NONE', #1905, #1933, #9869 ) ;
#6380 = ORIENTED_EDGE ( 'NONE', *, *, #8765, .T. ) ;
#6381 = DIRECTION ( 'NONE',  ( 2.033782021272921061E-31, 5.176899690512889973E-31, -1.000000000000000000 ) ) ;
#6382 = EDGE_LOOP ( 'NONE', ( #5331, #1323 ) ) ;
#6383 = ORIENTED_EDGE ( 'NONE', *, *, #6046, .T. ) ;
#6384 =( NAMED_UNIT ( * ) PLANE_ANGLE_UNIT ( ) SI_UNIT ( $, .RADIAN. ) );
#6385 = DIRECTION ( 'NONE',  ( -2.033782021272921061E-31, -5.176899690512889973E-31, 1.000000000000000000 ) ) ;
#6386 = ORIENTED_EDGE ( 'NONE', *, *, #203, .F. ) ;
#6387 = CARTESIAN_POINT ( 'NONE',  ( 731.0000000000001137, 51.49999999999999289, -15.00000000000001599 ) ) ;
#6388 = EDGE_LOOP ( 'NONE', ( #15, #10202, #764, #483 ) ) ;
#6389 = DIRECTION ( 'NONE',  ( 2.033782021272921061E-31, -5.176899690512889973E-31, 1.000000000000000000 ) ) ;
#6390 = CYLINDRICAL_SURFACE ( 'NONE', #5923, 2.500000000000002220 ) ;
#6391 = VERTEX_POINT ( 'NONE', #6429 ) ;
#6392 = CARTESIAN_POINT ( 'NONE',  ( 263.9999999999998863, 243.5000000000000000, 15.00000000000001599 ) ) ;
#6393 = CARTESIAN_POINT ( 'NONE',  ( 26.88802458327935341, 245.8838849345826247, 5.668421089429849680 ) ) ;
#6394 = CARTESIAN_POINT ( 'NONE',  ( 362.4999999999998863, 51.49999999999999289, -15.00000000000001599 ) ) ;
#6395 =( NAMED_UNIT ( * ) PLANE_ANGLE_UNIT ( ) SI_UNIT ( $, .RADIAN. ) );
#6396 = ORIENTED_EDGE ( 'NONE', *, *, #2985, .T. ) ;
#6398 = EDGE_LOOP ( 'NONE', ( #2536, #3444 ) ) ;
#6397 = FACE_OUTER_BOUND ( 'NONE', #1153, .T. ) ;
#6399 = CARTESIAN_POINT ( 'NONE',  ( 376.0000000000000000, 178.5000000000002274, 4.000000000000003553 ) ) ;
#6400 = ORIENTED_EDGE ( 'NONE', *, *, #7189, .F. ) ;
#6401 = DIRECTION ( 'NONE',  ( 0.000000000000000000, -1.000000000000000000, 0.000000000000000000 ) ) ;
#6402 = DIRECTION ( 'NONE',  ( 1.000000000000000000, 0.000000000000000000, 0.000000000000000000 ) ) ;
#6403 = AXIS2_PLACEMENT_3D ( 'NONE', #2807, #9193, #2022 ) ;
#6404 = VERTEX_POINT ( 'NONE', #1629 ) ;
#6405 = VECTOR ( 'NONE', #3285, 1000.000000000000000 ) ;
#6406 = VECTOR ( 'NONE', #4380, 1000.000000000000000 ) ;
#6408 = ORIENTED_EDGE ( 'NONE', *, *, #4319, .F. ) ;
#6407 = CYLINDRICAL_SURFACE ( 'NONE', #6503, 4.000000000000003553 ) ;
#6409 = DIRECTION ( 'NONE',  ( -2.609204460588636195E-49, 0.000000000000000000, 1.000000000000000000 ) ) ;
#6410 = UNCERTAINTY_MEASURE_WITH_UNIT (LENGTH_MEASURE( 1.000000000000000082E-05 ), #9219, 'distance_accuracy_value', 'NONE');
#6411 = PRODUCT_DEFINITION_SHAPE ( 'NONE', 'NONE',  #10256 ) ;
#6412 = ORIENTED_EDGE ( 'NONE', *, *, #6095, .T. ) ;
#6413 = AXIS2_PLACEMENT_3D ( 'NONE', #4501, #4539, #2893 ) ;
#6414 = ORIENTED_EDGE ( 'NONE', *, *, #1717, .F. ) ;
#6415 = ORIENTED_EDGE ( 'NONE', *, *, #415, .F. ) ;
#6416 = DIRECTION ( 'NONE',  ( 0.000000000000000000, 0.000000000000000000, -1.000000000000000000 ) ) ;
#6417 = ADVANCED_FACE ( 'NONE', ( #268 ), #9778, .F. ) ;
#6418 = CARTESIAN_POINT ( 'NONE',  ( 0.000000000000000000, -7.765349535769300803E-31, 1.500000000000001332 ) ) ;
#6419 = CYLINDRICAL_SURFACE ( 'NONE', #9552, 7.500000000000000000 ) ;
#6420 = DIRECTION ( 'NONE',  ( 2.033782021272921061E-31, 5.176899690512889973E-31, -1.000000000000000000 ) ) ;
#6422 = ORIENTED_EDGE ( 'NONE', *, *, #8958, .F. ) ;
#6421 = VECTOR ( 'NONE', #9533, 1000.000000000000000 ) ;
#6423 = DIRECTION ( 'NONE',  ( -0.000000000000000000, 0.000000000000000000, 1.000000000000000000 ) ) ;
#6424 = ORIENTED_EDGE ( 'NONE', *, *, #3192, .F. ) ;
#6425 = CARTESIAN_POINT ( 'NONE',  ( 268.0000000000003411, 49.00000000000004263, 15.00000000000001421 ) ) ;
#6426 = EDGE_CURVE ( 'NONE', #10088, #7373, #5598, .T. ) ;
#6427 = CARTESIAN_POINT ( 'NONE',  ( 728.0000000000001137, 147.5000000000000000, 15.00000000000001599 ) ) ;
#6428 = VERTEX_POINT ( 'NONE', #4113 ) ;
#6429 = CARTESIAN_POINT ( 'NONE',  ( 825.9999999999998863, 237.9999999999999716, 15.00000000000001421 ) ) ;
#6430 = CARTESIAN_POINT ( 'NONE',  ( 26.96410222240949395, 246.0998822635226873, 9.009496562591374769 ) ) ;
#6431 = VECTOR ( 'NONE', #2641, 1000.000000000000000 ) ;
#6432 = EDGE_CURVE ( 'NONE', #9597, #8572, #4487, .T. ) ;
#6433 = ORIENTED_EDGE ( 'NONE', *, *, #9366, .F. ) ;
#6434 = DIRECTION ( 'NONE',  ( -1.000000000000000000, 7.590943252506637819E-32, -2.033782021272921061E-31 ) ) ;
#6435 = CARTESIAN_POINT ( 'NONE',  ( 0.5000000000003890221, 1109.999999999999773, -4.538591724667637918E-13 ) ) ;
#6436 = EDGE_LOOP ( 'NONE', ( #6704, #3931, #4572, #4949 ) ) ;
#6437 = VERTEX_POINT ( 'NONE', #4077 ) ;
#6438 = ORIENTED_EDGE ( 'NONE', *, *, #9094, .T. ) ;
#6439 = CARTESIAN_POINT ( 'NONE',  ( 0.000000000000000000, 223.1250000000002274, 3.999999999999996447 ) ) ;
#6440 = ORIENTED_EDGE ( 'NONE', *, *, #1764, .F. ) ;
#6441 = AXIS2_PLACEMENT_3D ( 'NONE', #5657, #249, #3406 ) ;
#6442 = DIRECTION ( 'NONE',  ( 1.000000000000000000, 0.000000000000000000, 0.000000000000000000 ) ) ;
#6444 = EDGE_LOOP ( 'NONE', ( #3826, #4811 ) ) ;
#6443 = CYLINDRICAL_SURFACE ( 'NONE', #5735, 7.500000000000000000 ) ;
#6445 = DIRECTION ( 'NONE',  ( -1.000000000000000000, 0.000000000000000000, 0.000000000000000000 ) ) ;
#6446 = ORIENTED_EDGE ( 'NONE', *, *, #3114, .T. ) ;
#6447 = EDGE_CURVE ( 'NONE', #5819, #4968, #3732, .T. ) ;
#6448 = DIRECTION ( 'NONE',  ( 1.000000000000000000, 0.000000000000000000, 0.000000000000000000 ) ) ;
#6449 = ORIENTED_EDGE ( 'NONE', *, *, #9982, .F. ) ;
#6450 = EDGE_LOOP ( 'NONE', ( #10102, #7666, #1821, #7311 ) ) ;
#6451 = AXIS2_PLACEMENT_3D ( 'NONE', #3207, #5378, #7153 ) ;
#6452 = EDGE_CURVE ( 'NONE', #7121, #1700, #897, .T. ) ;
#6453 = CARTESIAN_POINT ( 'NONE',  ( 275.0000000000003979, 145.0000000000001705, 15.00000000000001421 ) ) ;
#6454 = DIRECTION ( 'NONE',  ( 1.000000000000000000, 0.000000000000000000, -0.000000000000000000 ) ) ;
#6455 = DIRECTION ( 'NONE',  ( -0.000000000000000000, 1.000000000000000000, -0.000000000000000000 ) ) ;
#6457 = ORIENTED_EDGE ( 'NONE', *, *, #1602, .F. ) ;
#6456 = FACE_BOUND ( 'NONE', #6539, .T. ) ;
#6458 = DIRECTION ( 'NONE',  ( 2.033782021272921061E-31, 5.176899690512889973E-31, 1.000000000000000000 ) ) ;
#6459 = VECTOR ( 'NONE', #4179, 1000.000000000000000 ) ;
#6460 = ORIENTED_EDGE ( 'NONE', *, *, #6049, .T. ) ;
#6461 = CARTESIAN_POINT ( 'NONE',  ( 0.000000000000000000, 353.0000000000001705, -6.938893903907228378E-15 ) ) ;
#6462 = ORIENTED_EDGE ( 'NONE', *, *, #2589, .T. ) ;
#6463 = CARTESIAN_POINT ( 'NONE',  ( 27.11735865457624328, 48.51989426940056660, -7.102674861040627619 ) ) ;
#6464 = EDGE_CURVE ( 'NONE', #6549, #9644, #7473, .T. ) ;
#6465 = DIRECTION ( 'NONE',  ( 1.000000000000000000, 0.000000000000000000, 0.000000000000000000 ) ) ;
#6466 = SURFACE_STYLE_FILL_AREA ( #3073 ) ;
#6467 = CIRCLE ( 'NONE', #2051, 3.000000000000002665 ) ;
#6468 = VERTEX_POINT ( 'NONE', #3463 ) ;
#6469 = ADVANCED_FACE ( 'NONE', ( #1631 ), #2584, .T. ) ;
#6470 = DIRECTION ( 'NONE',  ( 1.000000000000000000, 0.000000000000000000, 0.000000000000000000 ) ) ;
#6471 = APPLICATION_PROTOCOL_DEFINITION ( 'draft international standard', 'automotive_design', 1998, #5821 ) ;
#6472 = VECTOR ( 'NONE', #7516, 1000.000000000000000 ) ;
#6473 = ADVANCED_FACE ( 'NONE', ( #6456, #8310, #2372 ), #8980, .T. ) ;
#6474 = CARTESIAN_POINT ( 'NONE',  ( 27.17443692494286722, 2.255270510417885167E-17, 4.500000000000000888 ) ) ;
#6475 = CIRCLE ( 'NONE', #4232, 4.000000000000003553 ) ;
#6476 = EDGE_LOOP ( 'NONE', ( #8916, #3526, #2954, #6588 ) ) ;
#6477 = CARTESIAN_POINT ( 'NONE',  ( 27.12608353313106591, 240.5001212651419848, 7.699902025549360651 ) ) ;
#6478 = CARTESIAN_POINT ( 'NONE',  ( 26.57005651814472103, 148.5554696236342522, 3.632692293469742761 ) ) ;
#6479 = AXIS2_PLACEMENT_3D ( 'NONE', #5177, #8967, #7460 ) ;
#6480 = CARTESIAN_POINT ( 'NONE',  ( 64.00000000000007105, 241.0000000000002842, 15.00000000000001421 ) ) ;
#6481 = DIRECTION ( 'NONE',  ( 1.000000000000000000, 1.497502434588342893E-18, 0.000000000000000000 ) ) ;
#6482 = CIRCLE ( 'NONE', #4840, 3.000000000000002665 ) ;
#6483 = VECTOR ( 'NONE', #4452, 1000.000000000000000 ) ;
#6484 = ORIENTED_EDGE ( 'NONE', *, *, #19, .F. ) ;
#6485 = PLANE ( 'NONE',  #4697 ) ;
#6486 = ADVANCED_BREP_SHAPE_REPRESENTATION ( '', ( #7623, #9941, #3788 ), #4998 ) ;
#6487 = DIRECTION ( 'NONE',  ( -3.136292949173481922E-19, 1.387778780781445676E-17, -1.000000000000000000 ) ) ;
#6488 = VERTEX_POINT ( 'NONE', #4220 ) ;
#6489 = EDGE_CURVE ( 'NONE', #6468, #2700, #3237, .T. ) ;
#6490 = AXIS2_PLACEMENT_3D ( 'NONE', #5885, #9791, #6612 ) ;
#6491 = CARTESIAN_POINT ( 'NONE',  ( 731.0000000000001137, 51.49999999999999289, -3.000000000000002665 ) ) ;
#6492 = LINE ( 'NONE', #3644, #3022 ) ;
#6493 = AXIS2_PLACEMENT_3D ( 'NONE', #50, #1761, #163 ) ;
#6494 = DIRECTION ( 'NONE',  ( 2.033782021272921061E-31, 5.176899690512889973E-31, 1.000000000000000000 ) ) ;
#6495 = EDGE_CURVE ( 'NONE', #2760, #6170, #4100, .T. ) ;
#6496 = FACE_OUTER_BOUND ( 'NONE', #628, .T. ) ;
#6497 = ORIENTED_EDGE ( 'NONE', *, *, #5193, .T. ) ;
#6498 = COLOUR_RGB ( '',1.000000000000000000, 1.000000000000000000, 1.000000000000000000 ) ;
#6499 = DIRECTION ( 'NONE',  ( 1.000000000000000000, 0.000000000000000000, 0.000000000000000000 ) ) ;
#6500 = ORIENTED_EDGE ( 'NONE', *, *, #3010, .F. ) ;
#6501 = CARTESIAN_POINT ( 'NONE',  ( 26.88764279194252538, 245.8827757481298022, 9.333125034136864784 ) ) ;
#6502 = CARTESIAN_POINT ( 'NONE',  ( 1095.000000000000000, 243.5000000000000000, -10.49999999999995381 ) ) ;
#6503 = AXIS2_PLACEMENT_3D ( 'NONE', #227, #3132, #6718 ) ;
#6504 = FACE_OUTER_BOUND ( 'NONE', #1111, .T. ) ;
#6505 = CARTESIAN_POINT ( 'NONE',  ( 26.53866026112599386, 52.28472694194847747, -10.40221692132197617 ) ) ;
#6506 =( REPRESENTATION_RELATIONSHIP ('NONE','NONE', #4500, #4537 ) REPRESENTATION_RELATIONSHIP_WITH_TRANSFORMATION ( #162 )SHAPE_REPRESENTATION_RELATIONSHIP( ) );
#6507 = VECTOR ( 'NONE', #2852, 1000.000000000000000 ) ;
#6508 = EDGE_LOOP ( 'NONE', ( #250, #3493, #2427, #6386 ) ) ;
#6509 = EDGE_CURVE ( 'NONE', #3869, #8783, #7407, .T. ) ;
#6510 = CARTESIAN_POINT ( 'NONE',  ( 320.0000000000003411, 49.00000000000004263, 9.000000000000007105 ) ) ;
#6511 = AXIS2_PLACEMENT_3D ( 'NONE', #3318, #239, #4117 ) ;
#6512 = DIRECTION ( 'NONE',  ( -3.136292949173481922E-19, -1.387778780781445676E-17, 1.000000000000000000 ) ) ;
#6513 = EDGE_CURVE ( 'NONE', #2648, #5688, #8432, .T. ) ;
#6514 = CARTESIAN_POINT ( 'NONE',  ( 333.9999999999999432, 243.5000000000001137, 7.499999999999951150 ) ) ;
#6515 = ORIENTED_EDGE ( 'NONE', *, *, #2679, .F. ) ;
#6516 = CARTESIAN_POINT ( 'NONE',  ( 30.84317321985052729, 120.0000000000000000, 4.500000000000000888 ) ) ;
#6517 = CARTESIAN_POINT ( 'NONE',  ( 376.0000000000000000, 267.7500000000001705, 3.999999999999996447 ) ) ;
#6518 = CIRCLE ( 'NONE', #7163, 2.499999999999946709 ) ;
#6519 = ORIENTED_EDGE ( 'NONE', *, *, #2962, .F. ) ;
#6520 = ORIENTED_EDGE ( 'NONE', *, *, #9865, .T. ) ;
#6521 =( GEOMETRIC_REPRESENTATION_CONTEXT ( 3 ) GLOBAL_UNCERTAINTY_ASSIGNED_CONTEXT ( ( #6935 ) ) GLOBAL_UNIT_ASSIGNED_CONTEXT ( ( #6927, #8547, #2224 ) ) REPRESENTATION_CONTEXT ( 'NONE', 'WORKASPACE' ) );
#6522 = EDGE_LOOP ( 'NONE', ( #5169, #1267 ) ) ;
#6523 = DIRECTION ( 'NONE',  ( 3.136292949173481922E-19, 1.387778780781445676E-17, -1.000000000000000000 ) ) ;
#6524 = EDGE_LOOP ( 'NONE', ( #6424, #559, #1496, #3935 ) ) ;
#6525 = ADVANCED_FACE ( 'NONE', ( #9534 ), #9897, .F. ) ;
#6526 = DIRECTION ( 'NONE',  ( -1.000000000000000000, 0.000000000000000000, -2.609204460588636195E-49 ) ) ;
#6527 = EDGE_CURVE ( 'NONE', #5454, #3786, #1388, .T. ) ;
#6528 = DIRECTION ( 'NONE',  ( 1.000000000000000000, 0.000000000000000000, 0.000000000000000000 ) ) ;
#6529 = ADVANCED_FACE ( 'NONE', ( #3980 ), #7455, .F. ) ;
#6530 = CARTESIAN_POINT ( 'NONE',  ( 357.4999999999998863, 243.5000000000000000, 3.000000000000002665 ) ) ;
#6531 = EDGE_LOOP ( 'NONE', ( #3746, #8191, #7785, #1322 ) ) ;
#6532 = FACE_OUTER_BOUND ( 'NONE', #5167, .T. ) ;
#6533 = EDGE_LOOP ( 'NONE', ( #4216, #2702, #3398, #465 ) ) ;
#6534 = PLANE ( 'NONE',  #5643 ) ;
#6535 = CARTESIAN_POINT ( 'NONE',  ( 376.0000000000000000, 223.1250000000002274, 3.999999999999996447 ) ) ;
#6536 = CARTESIAN_POINT ( 'NONE',  ( 26.84751091455459004, 245.7611238459095659, 5.518685501409445138 ) ) ;
#6537 = ORIENTED_EDGE ( 'NONE', *, *, #5806, .F. ) ;
#6539 = EDGE_LOOP ( 'NONE', ( #5835, #3727 ) ) ;
#6538 = VECTOR ( 'NONE', #7778, 1000.000000000000000 ) ;
#6540 = ORIENTED_EDGE ( 'NONE', *, *, #10123, .T. ) ;
#6542 = EDGE_LOOP ( 'NONE', ( #5924, #3355 ) ) ;
#6541 = APPLICATION_PROTOCOL_DEFINITION ( 'draft international standard', 'automotive_design', 1998, #7951 ) ;
#6543 = AXIS2_PLACEMENT_3D ( 'NONE', #2255, #5306, #6197 ) ;
#6544 = DIRECTION ( 'NONE',  ( 1.000000000000000000, 0.000000000000000000, 0.000000000000000000 ) ) ;
#6545 = DIRECTION ( 'NONE',  ( 2.033782021272921061E-31, 5.176899690512889973E-31, -1.000000000000000000 ) ) ;
#6546 = VECTOR ( 'NONE', #5274, 1000.000000000000000 ) ;
#6547 = DIRECTION ( 'NONE',  ( 2.609204460588635816E-49, 0.000000000000000000, -1.000000000000000000 ) ) ;
#6549 = VERTEX_POINT ( 'NONE', #9927 ) ;
#6548 = FACE_OUTER_BOUND ( 'NONE', #7870, .T. ) ;
#6550 = UNCERTAINTY_MEASURE_WITH_UNIT (LENGTH_MEASURE( 1.000000000000000082E-05 ), #9025, 'distance_accuracy_value', 'NONE');
#6551 = AXIS2_PLACEMENT_3D ( 'NONE', #517, #6854, #6063 ) ;
#6552 = DIRECTION ( 'NONE',  ( -1.000000000000000000, 7.590943252506637819E-32, 2.033782021272921061E-31 ) ) ;
#6553 = DIRECTION ( 'NONE',  ( -5.600273556634000138E-19, -1.000000000000000000, -1.387778780781445676E-17 ) ) ;
#6554 = CARTESIAN_POINT ( 'NONE',  ( 0.000000000000000000, 223.1250000000002274, 3.999999999999996447 ) ) ;
#6555 = AXIS2_PLACEMENT_3D ( 'NONE', #1470, #3778, #5386 ) ;
#6556 = ORIENTED_EDGE ( 'NONE', *, *, #3076, .T. ) ;
#6557 = AXIS2_PLACEMENT_3D ( 'NONE', #1160, #4369, #9093 ) ;
#6558 = DIRECTION ( 'NONE',  ( -0.000000000000000000, 0.000000000000000000, 1.000000000000000000 ) ) ;
#6559 = VECTOR ( 'NONE', #4771, 1000.000000000000000 ) ;
#6560 = DIRECTION ( 'NONE',  ( 2.609204460588636195E-49, 0.000000000000000000, -1.000000000000000000 ) ) ;
#6561 = EDGE_CURVE ( 'NONE', #3234, #4090, #7686, .T. ) ;
#6562 = VERTEX_POINT ( 'NONE', #4426 ) ;
#6563 = CARTESIAN_POINT ( 'NONE',  ( 1095.000000000000000, 51.49999999999999289, -7.499999999999949374 ) ) ;
#6564 = DIRECTION ( 'NONE',  ( 1.000000000000000000, 0.000000000000000000, 0.000000000000000000 ) ) ;
#6565 = ORIENTED_EDGE ( 'NONE', *, *, #1019, .T. ) ;
#6566 = CARTESIAN_POINT ( 'NONE',  ( 375.9999999999999432, 263.7500000000001705, 4.000000000000003553 ) ) ;
#6568 = EDGE_LOOP ( 'NONE', ( #10245, #4370, #3107, #5010 ) ) ;
#6567 = FACE_OUTER_BOUND ( 'NONE', #9855, .T. ) ;
#6569 = CARTESIAN_POINT ( 'NONE',  ( 276.0000000000003411, 241.0000000000003411, 9.000000000000007105 ) ) ;
#6570 = ORIENTED_EDGE ( 'NONE', *, *, #883, .T. ) ;
#6571 = DIRECTION ( 'NONE',  ( -1.000000000000000000, -0.000000000000000000, -0.000000000000000000 ) ) ;
#6572 = ORIENTED_EDGE ( 'NONE', *, *, #5711, .T. ) ;
#6573 = ORIENTED_EDGE ( 'NONE', *, *, #1492, .T. ) ;
#6574 = DIRECTION ( 'NONE',  ( 1.000000000000000000, 0.000000000000000000, -0.000000000000000000 ) ) ;
#6575 = DIRECTION ( 'NONE',  ( 1.000000000000000000, 0.000000000000000000, 0.000000000000000000 ) ) ;
#6576 = EDGE_CURVE ( 'NONE', #9708, #8778, #1886, .T. ) ;
#6577 = ADVANCED_FACE ( 'NONE', ( #7937 ), #2981, .F. ) ;
#6579 = ORIENTED_EDGE ( 'NONE', *, *, #3192, .T. ) ;
#6578 = CYLINDRICAL_SURFACE ( 'NONE', #5870, 3.000000000000058176 ) ;
#6580 = CARTESIAN_POINT ( 'NONE',  ( 27.08425194072763986, 54.40245371958490495, -8.284503191285622847 ) ) ;
#6581 =( REPRESENTATION_RELATIONSHIP ('NONE','NONE', #4500, #7935 ) REPRESENTATION_RELATIONSHIP_WITH_TRANSFORMATION ( #409 )SHAPE_REPRESENTATION_RELATIONSHIP( ) );
#6582 = EDGE_CURVE ( 'NONE', #3996, #6245, #6596, .T. ) ;
#6583 = EDGE_LOOP ( 'NONE', ( #5059, #869, #9951, #1981 ) ) ;
#6584 = VECTOR ( 'NONE', #5497, 1000.000000000000000 ) ;
#6585 = ADVANCED_FACE ( 'NONE', ( #3497 ), #10097, .T. ) ;
#6586 = VERTEX_POINT ( 'NONE', #7756 ) ;
#6587 = DIRECTION ( 'NONE',  ( 2.033782021272921061E-31, -5.176899690512889973E-31, -1.000000000000000000 ) ) ;
#6588 = ORIENTED_EDGE ( 'NONE', *, *, #6841, .T. ) ;
#6589 = CARTESIAN_POINT ( 'NONE',  ( 0.000000000000000000, 223.1250000000002274, 3.999999999999996447 ) ) ;
#6590 = AXIS2_PLACEMENT_3D ( 'NONE', #7167, #9566, #7883 ) ;
#6591 = DIRECTION ( 'NONE',  ( 0.000000000000000000, -0.000000000000000000, 1.000000000000000000 ) ) ;
#6592 = DIRECTION ( 'NONE',  ( 1.000000000000000000, 5.600273556634003027E-19, -3.136292949173481922E-19 ) ) ;
#6593 = DIRECTION ( 'NONE',  ( 1.000000000000000000, 0.000000000000000000, 0.000000000000000000 ) ) ;
#6594 = EDGE_CURVE ( 'NONE', #3548, #10244, #6330, .T. ) ;
#6595 = DIRECTION ( 'NONE',  ( -0.5562429573907914371, -0.8310197183900909224, -0.000000000000000000 ) ) ;
#6596 = CIRCLE ( 'NONE', #2590, 2.499999999999891198 ) ;
#6597 = FACE_OUTER_BOUND ( 'NONE', #2498, .T. ) ;
#6598 = PRESENTATION_LAYER_ASSIGNMENT (  '', '', ( #2344 ) ) ;
#6599 = ORIENTED_EDGE ( 'NONE', *, *, #3584, .F. ) ;
#6600 = CARTESIAN_POINT ( 'NONE',  ( 96.00000000000002842, 147.5000000000000000, 5.000000000000004441 ) ) ;
#6601 = ORIENTED_EDGE ( 'NONE', *, *, #4594, .F. ) ;
#6602 = CARTESIAN_POINT ( 'NONE',  ( 376.0000000000000000, 308.3750000000000568, 4.000000000000003553 ) ) ;
#6603 = CYLINDRICAL_SURFACE ( 'NONE', #881, 2.499999999999891198 ) ;
#6604 = CARTESIAN_POINT ( 'NONE',  ( 92.00000000000000000, 336.0000000000002842, 15.00000000000000711 ) ) ;
#6605 = VECTOR ( 'NONE', #1747, 1000.000000000000000 ) ;
#6606 = PLANE ( 'NONE',  #4808 ) ;
#6607 = CIRCLE ( 'NONE', #7611, 3.000000000000002665 ) ;
#6608 = ORIENTED_EDGE ( 'NONE', *, *, #3058, .F. ) ;
#6609 = CARTESIAN_POINT ( 'NONE',  ( 314.0000000000003411, 43.00000000000003553, 15.00000000000001421 ) ) ;
#6610 = CARTESIAN_POINT ( 'NONE',  ( 272.0000000000003411, 209.0000000000003695, 15.00000000000001421 ) ) ;
#6611 = DIRECTION ( 'NONE',  ( 1.000000000000000000, 0.000000000000000000, 0.000000000000000000 ) ) ;
#6612 = DIRECTION ( 'NONE',  ( 2.609204460588635816E-49, 0.000000000000000000, -1.000000000000000000 ) ) ;
#6613 = CARTESIAN_POINT ( 'NONE',  ( 26.77396522045923177, 145.4787537729571625, 10.96152970141132421 ) ) ;
#6614 = LINE ( 'NONE', #3424, #35 ) ;
#6615 = CYLINDRICAL_SURFACE ( 'NONE', #8660, 2.500000000000000444 ) ;
#6616 = ORIENTED_EDGE ( 'NONE', *, *, #4929, .T. ) ;
#6617 = SHAPE_DEFINITION_REPRESENTATION ( #7250, #1245 ) ;
#6618 = DIRECTION ( 'NONE',  ( 1.000000000000000000, 0.000000000000000000, 0.000000000000000000 ) ) ;
#6619 = APPLICATION_PROTOCOL_DEFINITION ( 'draft international standard', 'automotive_design', 1998, #7983 ) ;
#6620 = B_SPLINE_CURVE_WITH_KNOTS ( 'NONE', 3,
 ( #5407, #9390, #10177, #3100, #48, #82, #1584, #7261, #9451, #3242, #861, #929, #1721, #7124, #8727, #5673, #6463, #902, #6349, #5632, #791, #5603, #8005, #4069, #4746, #7942, #4812, #2511, #4001, #8762, #3934, #3278 ),
 .UNSPECIFIED., .F., .F.,
 ( 4, 2, 2, 2, 2, 2, 2, 2, 2, 2, 2, 2, 2, 2, 2, 4 ),
 ( 0.000000000000000000, 0.0005924794743697929349, 0.001184958948739585870, 0.001777438423109378805, 0.002369917897479171739, 0.003554876846218760645, 0.004147356320588554447, 0.004739835794958348683, 0.005332315269328142052, 0.005924794743697936288, 0.006517274218067730523, 0.007109753692437523892, 0.007702233166807318128, 0.008294712641177112364, 0.008887192115546905732, 0.009479671589916699101 ),
 .UNSPECIFIED. ) ;
#6621 = EDGE_LOOP ( 'NONE', ( #6300, #8050, #2082, #397 ) ) ;
#6622 = CARTESIAN_POINT ( 'NONE',  ( 8.000000000000007105, 243.5000000000000284, 14.99999999999990230 ) ) ;
#6623 = DIRECTION ( 'NONE',  ( 1.000000000000000000, -7.590943252506637819E-32, 2.033782021272921061E-31 ) ) ;
#6624 = PLANE ( 'NONE',  #5829 ) ;
#6625 = VECTOR ( 'NONE', #2763, 1000.000000000000000 ) ;
#6626 =( NAMED_UNIT ( * ) SI_UNIT ( $, .STERADIAN. ) SOLID_ANGLE_UNIT ( ) );
#6627 = FACE_OUTER_BOUND ( 'NONE', #2477, .T. ) ;
#6628 = ORIENTED_EDGE ( 'NONE', *, *, #3574, .F. ) ;
#6629 = AXIS2_PLACEMENT_3D ( 'NONE', #1078, #9170, #8326 ) ;
#6630 = UNCERTAINTY_MEASURE_WITH_UNIT (LENGTH_MEASURE( 1.000000000000000082E-05 ), #3947, 'distance_accuracy_value', 'NONE');
#6631 = ORIENTED_EDGE ( 'NONE', *, *, #4116, .T. ) ;
#6632 = DIRECTION ( 'NONE',  ( 1.000000000000000000, 0.000000000000000000, 0.000000000000000000 ) ) ;
#6633 = ADVANCED_FACE ( 'NONE', ( #1147 ), #1996, .F. ) ;
#6634 = CIRCLE ( 'NONE', #2170, 3.000000000000002665 ) ;
#6635 = DIRECTION ( 'NONE',  ( 2.033782021272921061E-31, 5.176899690512889973E-31, -1.000000000000000000 ) ) ;
#6636 = LINE ( 'NONE', #2788, #5636 ) ;
#6637 = ORIENTED_EDGE ( 'NONE', *, *, #5132, .F. ) ;
#6638 = EDGE_CURVE ( 'NONE', #5292, #7573, #9047, .T. ) ;
#6639 = CARTESIAN_POINT ( 'NONE',  ( 105.0000000000000426, 336.0000000000002842, 3.000000000000051070 ) ) ;
#6640 = CARTESIAN_POINT ( 'NONE',  ( 317.5000000000000000, 147.5000000000000853, 15.00000000000001421 ) ) ;
#6641 = AXIS2_PLACEMENT_3D ( 'NONE', #4874, #4739, #852 ) ;
#6642 = ORIENTED_EDGE ( 'NONE', *, *, #4178, .F. ) ;
#6643 = EDGE_CURVE ( 'NONE', #4353, #723, #9287, .T. ) ;
#6644 = FACE_OUTER_BOUND ( 'NONE', #6162, .T. ) ;
#6645 = VECTOR ( 'NONE', #7988, 1000.000000000000000 ) ;
#6646 = ORIENTED_EDGE ( 'NONE', *, *, #9202, .F. ) ;
#6647 = DIRECTION ( 'NONE',  ( 2.609204460588636195E-49, 0.000000000000000000, -1.000000000000000000 ) ) ;
#6648 = CARTESIAN_POINT ( 'NONE',  ( 26.55580984695652802, 146.5773439031963790, 3.605584635759448542 ) ) ;
#6649 = VERTEX_POINT ( 'NONE', #3756 ) ;
#6650 = EDGE_LOOP ( 'NONE', ( #9886, #7877, #6628, #2359 ) ) ;
#6651 = ADVANCED_FACE ( 'NONE', ( #6719 ), #1029, .F. ) ;
#6652 =( GEOMETRIC_REPRESENTATION_CONTEXT ( 3 ) GLOBAL_UNCERTAINTY_ASSIGNED_CONTEXT ( ( #6751 ) ) GLOBAL_UNIT_ASSIGNED_CONTEXT ( ( #6098, #2701, #282 ) ) REPRESENTATION_CONTEXT ( 'NONE', 'WORKASPACE' ) );
#6653 = DIRECTION ( 'NONE',  ( 2.609204460588635816E-49, 0.000000000000000000, -1.000000000000000000 ) ) ;
#6654 = EDGE_CURVE ( 'NONE', #6586, #8214, #5109, .T. ) ;
#6655 = CARTESIAN_POINT ( 'NONE',  ( 0.000000000000000000, 178.5000000000001137, 3.999999999999996447 ) ) ;
#6656 = VERTEX_POINT ( 'NONE', #2919 ) ;
#6657 = VECTOR ( 'NONE', #2399, 1000.000000000000000 ) ;
#6658 = ORIENTED_EDGE ( 'NONE', *, *, #9032, .F. ) ;
#6659 = CARTESIAN_POINT ( 'NONE',  ( 453.5000000000000568, 243.5000000000000000, -15.00000000000001599 ) ) ;
#6660 = EDGE_CURVE ( 'NONE', #6172, #3600, #772, .T. ) ;
#6661 = DIRECTION ( 'NONE',  ( 2.033782021272921061E-31, -5.176899690512889973E-31, 1.000000000000000000 ) ) ;
#6662 = CARTESIAN_POINT ( 'NONE',  ( 0.000000000000000000, 3.000000000000002665, -385.0000000000000000 ) ) ;
#6663 = FILL_AREA_STYLE ('',( #6861 ) ) ;
#6664 = DIRECTION ( 'NONE',  ( -1.000000000000000000, 0.000000000000000000, 0.000000000000000000 ) ) ;
#6665 = ORIENTED_EDGE ( 'NONE', *, *, #5143, .T. ) ;
#6666 = PRODUCT_RELATED_PRODUCT_CATEGORY ( 'part', '', ( #3445 ) ) ;
#6668 = ORIENTED_EDGE ( 'NONE', *, *, #7217, .T. ) ;
#6667 = LINE ( 'NONE', #528, #8251 ) ;
#6669 = CARTESIAN_POINT ( 'NONE',  ( 333.9999999999999432, 51.50000000000002132, 7.500000000000007105 ) ) ;
#6670 = CARTESIAN_POINT ( 'NONE',  ( 376.0000000000000000, 219.1250000000002274, 4.000000000000052403 ) ) ;
#6671 = DIRECTION ( 'NONE',  ( -0.000000000000000000, 0.000000000000000000, 1.000000000000000000 ) ) ;
#6672 = EDGE_CURVE ( 'NONE', #6245, #9283, #6952, .T. ) ;
#6673 = VERTEX_POINT ( 'NONE', #9236 ) ;
#6674 = ORIENTED_EDGE ( 'NONE', *, *, #818, .T. ) ;
#6675 = CARTESIAN_POINT ( 'NONE',  ( 0.000000000000000000, 0.000000000000000000, 21.00000000000000000 ) ) ;
#6676 = DIRECTION ( 'NONE',  ( 0.000000000000000000, 0.000000000000000000, -1.000000000000000000 ) ) ;
#6677 = FACE_OUTER_BOUND ( 'NONE', #384, .T. ) ;
#6678 = DIRECTION ( 'NONE',  ( 2.609204460588636195E-49, 0.000000000000000000, -1.000000000000000000 ) ) ;
#6679 = COLOUR_RGB ( '',1.000000000000000000, 1.000000000000000000, 1.000000000000000000 ) ;
#6680 = CARTESIAN_POINT ( 'NONE',  ( 0.000000000000000000, 3.000000000000002665, 0.000000000000000000 ) ) ;
#6682 = ORIENTED_EDGE ( 'NONE', *, *, #1686, .T. ) ;
#6681 = SURFACE_STYLE_FILL_AREA ( #9794 ) ;
#6683 = ORIENTED_EDGE ( 'NONE', *, *, #3648, .T. ) ;
#6684 = DIRECTION ( 'NONE',  ( 2.609204460588635816E-49, 0.000000000000000000, -1.000000000000000000 ) ) ;
#6685 = ORIENTED_EDGE ( 'NONE', *, *, #8693, .T. ) ;
#6686 = CARTESIAN_POINT ( 'NONE',  ( 730.5000000000000000, 147.5000000000000000, -15.00000000000001599 ) ) ;
#6687 = DIRECTION ( 'NONE',  ( 0.000000000000000000, 0.000000000000000000, -1.000000000000000000 ) ) ;
#6688 = CARTESIAN_POINT ( 'NONE',  ( 27.20357087516651617, 144.3244010080290991, 5.054097148730585687 ) ) ;
#6689 =( NAMED_UNIT ( * ) PLANE_ANGLE_UNIT ( ) SI_UNIT ( $, .RADIAN. ) );
#6690 = CIRCLE ( 'NONE', #3547, 7.500000000000000000 ) ;
#6692 = ORIENTED_EDGE ( 'NONE', *, *, #2792, .T. ) ;
#6691 = CYLINDRICAL_SURFACE ( 'NONE', #7600, 3.000000000000002665 ) ;
#6693 = ADVANCED_FACE ( 'NONE', ( #2615 ), #635, .F. ) ;
#6694 = DIRECTION ( 'NONE',  ( 3.136292949173481922E-19, -1.387778780781445676E-17, 1.000000000000000000 ) ) ;
#6695 = ORIENTED_EDGE ( 'NONE', *, *, #4884, .T. ) ;
#6696 = AXIS2_PLACEMENT_3D ( 'NONE', #9084, #8982, #3464 ) ;
#6697 = FILL_AREA_STYLE ('',( #2694 ) ) ;
#6698 = ORIENTED_EDGE ( 'NONE', *, *, #7292, .F. ) ;
#6699 = CARTESIAN_POINT ( 'NONE',  ( 34.00000000000002842, 243.5000000000000000, 15.00000000000001421 ) ) ;
#6700 = CARTESIAN_POINT ( 'NONE',  ( 1055.000000000000000, 243.5000000000000000, -7.499999999999949374 ) ) ;
#6701 = ORIENTED_EDGE ( 'NONE', *, *, #2199, .F. ) ;
#6702 = DIRECTION ( 'NONE',  ( 0.000000000000000000, 0.000000000000000000, -1.000000000000000000 ) ) ;
#6703 = FILL_AREA_STYLE ('',( #2903 ) ) ;
#6704 = ORIENTED_EDGE ( 'NONE', *, *, #2800, .T. ) ;
#6705 = DIRECTION ( 'NONE',  ( 0.000000000000000000, 0.000000000000000000, 1.000000000000000000 ) ) ;
#6706 = ORIENTED_EDGE ( 'NONE', *, *, #4075, .F. ) ;
#6707 = CLOSED_SHELL ( 'NONE', ( #3662, #8219, #3930, #4760, #9315, #9762 ) ) ;
#6708 = EDGE_CURVE ( 'NONE', #4550, #5722, #4609, .T. ) ;
#6709 = AXIS2_PLACEMENT_3D ( 'NONE', #9446, #9420, #3302 ) ;
#6710 = VERTEX_POINT ( 'NONE', #6113 ) ;
#6711 = CARTESIAN_POINT ( 'NONE',  ( 384.4999999999997726, 243.5000000000000000, 14.99999999999990230 ) ) ;
#6713 = ORIENTED_EDGE ( 'NONE', *, *, #399, .F. ) ;
#6712 = LINE ( 'NONE', #508, #4467 ) ;
#6714 = ORIENTED_EDGE ( 'NONE', *, *, #450, .F. ) ;
#6715 = ORIENTED_EDGE ( 'NONE', *, *, #1035, .T. ) ;
#6716 = CARTESIAN_POINT ( 'NONE',  ( -2.775557561562891351E-14, 290.0000000000002842, 15.00000000000001421 ) ) ;
#6717 = ORIENTED_EDGE ( 'NONE', *, *, #9455, .T. ) ;
#6718 = DIRECTION ( 'NONE',  ( -1.000000000000000000, 0.000000000000000000, 0.000000000000000000 ) ) ;
#6719 = FACE_OUTER_BOUND ( 'NONE', #2330, .T. ) ;
#6720 = FACE_OUTER_BOUND ( 'NONE', #2348, .T. ) ;
#6721 = EDGE_CURVE ( 'NONE', #8920, #8710, #4358, .T. ) ;
#6722 = ORIENTED_EDGE ( 'NONE', *, *, #4168, .F. ) ;
#6723 = CARTESIAN_POINT ( 'NONE',  ( 359.0000000000000000, 147.5000000000000853, 11.50000000000001066 ) ) ;
#6724 = DIRECTION ( 'NONE',  ( 2.033782021272921061E-31, 5.176899690512889973E-31, -1.000000000000000000 ) ) ;
#6725 = VERTEX_POINT ( 'NONE', #1347 ) ;
#6726 = AXIS2_PLACEMENT_3D ( 'NONE', #1982, #4308, #5872 ) ;
#6727 = EDGE_CURVE ( 'NONE', #3600, #5902, #8796, .T. ) ;
#6728 = CARTESIAN_POINT ( 'NONE',  ( 80.84317321985052729, 84.99999999999998579, 10.50000000000000000 ) ) ;
#6729 = COLOUR_RGB ( '',1.000000000000000000, 1.000000000000000000, 1.000000000000000000 ) ;
#6730 = CARTESIAN_POINT ( 'NONE',  ( 455.9999999999999432, 243.5000000000000000, -3.000000000000002665 ) ) ;
#6731 = CIRCLE ( 'NONE', #2776, 2.499999999999946709 ) ;
#6732 = DIRECTION ( 'NONE',  ( -1.000000000000000000, -5.600273556634003027E-19, 3.136292949173481922E-19 ) ) ;
#6733 = CARTESIAN_POINT ( 'NONE',  ( 0.000000000000000000, 15.00000000000001421, -275.0000000000000000 ) ) ;
#6734 = ORIENTED_EDGE ( 'NONE', *, *, #8407, .F. ) ;
#6735 =( GEOMETRIC_REPRESENTATION_CONTEXT ( 3 ) GLOBAL_UNCERTAINTY_ASSIGNED_CONTEXT ( ( #2171 ) ) GLOBAL_UNIT_ASSIGNED_CONTEXT ( ( #6962, #666, #3009 ) ) REPRESENTATION_CONTEXT ( 'NONE', 'WORKASPACE' ) );
#6736 = CARTESIAN_POINT ( 'NONE',  ( 333.9999999999999432, 51.50000000000002132, 7.500000000000007105 ) ) ;
#6737 = DIRECTION ( 'NONE',  ( 2.041077998578924066E-17, -1.000000000000000000, 0.000000000000000000 ) ) ;
#6738 = EDGE_CURVE ( 'NONE', #7795, #4745, #9165, .T. ) ;
#6739 = CARTESIAN_POINT ( 'NONE',  ( 357.4999999999998863, 51.49999999999999289, 15.00000000000001599 ) ) ;
#6740 = AXIS2_PLACEMENT_3D ( 'NONE', #9168, #8417, #9198 ) ;
#6741 = LINE ( 'NONE', #343, #8937 ) ;
#6742 = CIRCLE ( 'NONE', #7554, 3.000000000000000888 ) ;
#6743 = VECTOR ( 'NONE', #8373, 1000.000000000000000 ) ;
#6744 = ORIENTED_EDGE ( 'NONE', *, *, #4907, .F. ) ;
#6745 = CONTEXT_DEPENDENT_SHAPE_REPRESENTATION ( #2692, #2436 ) ;
#6746 = ADVANCED_FACE ( 'NONE', ( #8932 ), #133, .F. ) ;
#6747 = CARTESIAN_POINT ( 'NONE',  ( 102.0000000000001279, 235.0000000000002274, 15.00000000000001421 ) ) ;
#6748 = CARTESIAN_POINT ( 'NONE',  ( 384.4999999999997726, 243.5000000000000000, 14.99999999999990230 ) ) ;
#6749 = EDGE_CURVE ( 'NONE', #3996, #3577, #4740, .T. ) ;
#6750 = DIRECTION ( 'NONE',  ( -0.000000000000000000, 0.000000000000000000, 1.000000000000000000 ) ) ;
#6751 = UNCERTAINTY_MEASURE_WITH_UNIT (LENGTH_MEASURE( 1.000000000000000082E-05 ), #6098, 'distance_accuracy_value', 'NONE');
#6752 = FACE_BOUND ( 'NONE', #371, .T. ) ;
#6753 = VERTEX_POINT ( 'NONE', #757 ) ;
#6754 = DIRECTION ( 'NONE',  ( 3.136292949173481922E-19, 1.387778780781445676E-17, -1.000000000000000000 ) ) ;
#6755 = ORIENTED_EDGE ( 'NONE', *, *, #1795, .F. ) ;
#6756 = CARTESIAN_POINT ( 'NONE',  ( 27.06003642541278253, 240.6550687063866576, -6.527598332602247311 ) ) ;
#6757 = VECTOR ( 'NONE', #9538, 1000.000000000000000 ) ;
#6758 = DIRECTION ( 'NONE',  ( 2.033782021272921061E-31, 5.176899690512889973E-31, 1.000000000000000000 ) ) ;
#6759 = VECTOR ( 'NONE', #9004, 1000.000000000000000 ) ;
#6760 = VERTEX_POINT ( 'NONE', #8635 ) ;
#6761 =( NAMED_UNIT ( * ) SI_UNIT ( $, .STERADIAN. ) SOLID_ANGLE_UNIT ( ) );
#6762 = ORIENTED_EDGE ( 'NONE', *, *, #4618, .F. ) ;
#6763 = DIRECTION ( 'NONE',  ( 1.000000000000000000, 0.000000000000000000, 0.000000000000000000 ) ) ;
#6764 = DIRECTION ( 'NONE',  ( 1.000000000000000000, 0.000000000000000000, 0.000000000000000000 ) ) ;
#6765 = CARTESIAN_POINT ( 'NONE',  ( 26.50000000000003197, 243.5000000000000000, 4.499999999999944045 ) ) ;
#6766 = PRODUCT_DEFINITION_CONTEXT ( 'detailed design', #5687, 'design' ) ;
#6767 = CARTESIAN_POINT ( 'NONE',  ( 26.71330718295445195, 149.2928570940030966, 11.08518323590918442 ) ) ;
#6768 = FACE_OUTER_BOUND ( 'NONE', #5475, .T. ) ;
#6769 = AXIS2_PLACEMENT_3D ( 'NONE', #4957, #7375, #3322 ) ;
#6770 = CARTESIAN_POINT ( 'NONE',  ( 0.000000000000000000, 0.000000000000000000, 15.00000000000000711 ) ) ;
#6771 = VECTOR ( 'NONE', #9310, 1000.000000000000000 ) ;
#6772 = PRESENTATION_STYLE_ASSIGNMENT (( #1368 ) ) ;
#6773 = CARTESIAN_POINT ( 'NONE',  ( 453.5000000000000568, 243.5000000000000000, 15.00000000000001599 ) ) ;
#6774 = EDGE_CURVE ( 'NONE', #10239, #6810, #6835, .T. ) ;
#6775 = CYLINDRICAL_SURFACE ( 'NONE', #5575, 4.000000000000003553 ) ;
#6776 = DIRECTION ( 'NONE',  ( 1.000000000000000000, 2.107444935536021046E-17, -2.033782021272921061E-31 ) ) ;
#6777 = CIRCLE ( 'NONE', #2252, 2.499999999999946709 ) ;
#6778 = VERTEX_POINT ( 'NONE', #8665 ) ;
#6779 = CARTESIAN_POINT ( 'NONE',  ( 0.000000000000000000, -1.553069907153868393E-30, -3.000000000000002665 ) ) ;
#6780 = ORIENTED_EDGE ( 'NONE', *, *, #2154, .F. ) ;
#6781 = ADVANCED_FACE ( 'NONE', ( #2860 ), #7866, .F. ) ;
#6782 = EDGE_CURVE ( 'NONE', #9640, #6138, #9159, .T. ) ;
#6783 = DIRECTION ( 'NONE',  ( 1.000000000000000000, 0.000000000000000000, 1.941925118803053938E-33 ) ) ;
#6784 = EDGE_CURVE ( 'NONE', #1379, #6055, #1135, .T. ) ;
#6785 = CARTESIAN_POINT ( 'NONE',  ( 375.9999999999999432, 89.25000000000005684, 3.999999999999996447 ) ) ;
#6786 = CARTESIAN_POINT ( 'NONE',  ( 27.11735865457623973, 240.5198942694005098, -7.102674861040630283 ) ) ;
#6787 = CLOSED_SHELL ( 'NONE', ( #3043, #5504, #5291, #9100, #9568, #9961 ) ) ;
#6788 = ORIENTED_EDGE ( 'NONE', *, *, #9344, .T. ) ;
#6789 = ADVANCED_FACE ( 'NONE', ( #8176 ), #4972, .F. ) ;
#6790 = EDGE_LOOP ( 'NONE', ( #2118, #247 ) ) ;
#6791 = DIRECTION ( 'NONE',  ( 1.000000000000000000, 0.000000000000000000, 0.000000000000000000 ) ) ;
#6792 = EDGE_CURVE ( 'NONE', #610, #1927, #2604, .T. ) ;
#6793 = PLANE ( 'NONE',  #2703 ) ;
#6794 = AXIS2_PLACEMENT_3D ( 'NONE', #5371, #3832, #3799 ) ;
#6795 = EDGE_CURVE ( 'NONE', #793, #1375, #7803, .T. ) ;
#6796 = EDGE_LOOP ( 'NONE', ( #361, #6866, #1743, #1065 ) ) ;
#6798 = ORIENTED_EDGE ( 'NONE', *, *, #6363, .F. ) ;
#6797 = FACE_OUTER_BOUND ( 'NONE', #8306, .T. ) ;
#6799 = DIRECTION ( 'NONE',  ( -2.609204460588636195E-49, 0.000000000000000000, 1.000000000000000000 ) ) ;
#6800 = ORIENTED_EDGE ( 'NONE', *, *, #9934, .T. ) ;
#6801 = ORIENTED_EDGE ( 'NONE', *, *, #1987, .F. ) ;
#6802 = LINE ( 'NONE', #6480, #7288 ) ;
#6803 = DIRECTION ( 'NONE',  ( -0.000000000000000000, 1.000000000000000000, -0.000000000000000000 ) ) ;
#6804 = ORIENTED_EDGE ( 'NONE', *, *, #5143, .F. ) ;
#6805 = DIRECTION ( 'NONE',  ( 0.000000000000000000, -1.000000000000000000, 0.000000000000000000 ) ) ;
#6806 = CARTESIAN_POINT ( 'NONE',  ( 144.0343145494570365, 125.0000000000000000, 0.000000000000000000 ) ) ;
#6807 = ORIENTED_EDGE ( 'NONE', *, *, #9712, .T. ) ;
#6808 = DIRECTION ( 'NONE',  ( 0.000000000000000000, 0.000000000000000000, -1.000000000000000000 ) ) ;
#6809 = VECTOR ( 'NONE', #1440, 1000.000000000000000 ) ;
#6810 = VERTEX_POINT ( 'NONE', #7856 ) ;
#6811 = CARTESIAN_POINT ( 'NONE',  ( 276.0000000000003411, 49.00000000000004263, 9.000000000000007105 ) ) ;
#6812 = CARTESIAN_POINT ( 'NONE',  ( 0.000000000000000000, 243.5000000000000000, 7.499999999999951150 ) ) ;
#6813 = ORIENTED_EDGE ( 'NONE', *, *, #5001, .T. ) ;
#6814 = CARTESIAN_POINT ( 'NONE',  ( 42.84317321985053439, 125.0000000000000000, 10.50000000000000000 ) ) ;
#6815 = ORIENTED_EDGE ( 'NONE', *, *, #3979, .F. ) ;
#6816 = ORIENTED_EDGE ( 'NONE', *, *, #5304, .F. ) ;
#6817 = AXIS2_PLACEMENT_3D ( 'NONE', #3675, #6930, #8474 ) ;
#6818 = EDGE_LOOP ( 'NONE', ( #2197, #6380, #7749, #4170 ) ) ;
#6819 = CARTESIAN_POINT ( 'NONE',  ( 728.0000000000001137, 243.5000000000000000, -15.00000000000001599 ) ) ;
#6820 = ORIENTED_EDGE ( 'NONE', *, *, #6220, .F. ) ;
#6821 = CARTESIAN_POINT ( 'NONE',  ( 26.50000000000003197, 51.49999999999999289, 4.499999999999944045 ) ) ;
#6822 = ADVANCED_FACE ( 'NONE', ( #7190 ), #5840, .F. ) ;
#6823 = CARTESIAN_POINT ( 'NONE',  ( 381.9999999999998863, 243.5000000000000000, 14.99999999999990230 ) ) ;
#6824 = DIRECTION ( 'NONE',  ( 2.033782021272921061E-31, 5.176899690512889973E-31, 1.000000000000000000 ) ) ;
#6826 = ORIENTED_EDGE ( 'NONE', *, *, #380, .F. ) ;
#6825 = LINE ( 'NONE', #9087, #5970 ) ;
#6827 = EDGE_CURVE ( 'NONE', #3787, #8243, #7925, .T. ) ;
#6828 = ORIENTED_EDGE ( 'NONE', *, *, #6513, .T. ) ;
#6829 = CIRCLE ( 'NONE', #3588, 6.000000000000019540 ) ;
#6830 = VERTEX_POINT ( 'NONE', #875 ) ;
#6831 = ORIENTED_EDGE ( 'NONE', *, *, #9974, .T. ) ;
#6832 = ADVANCED_FACE ( 'NONE', ( #3718 ), #7982, .F. ) ;
#6833 = AXIS2_PLACEMENT_3D ( 'NONE', #2581, #1726, #4886 ) ;
#6834 = EDGE_CURVE ( 'NONE', #1822, #569, #1504, .T. ) ;
#6835 = CIRCLE ( 'NONE', #817, 6.000000000000032863 ) ;
#6836 = DIRECTION ( 'NONE',  ( -8.906522175617107959E-18, -1.000000000000000000, 0.000000000000000000 ) ) ;
#6837 = CYLINDRICAL_SURFACE ( 'NONE', #3252, 2.499999999999891198 ) ;
#6838 = DIRECTION ( 'NONE',  ( 1.000000000000000000, -7.590943252506637819E-32, -2.033782021272921061E-31 ) ) ;
#6839 = EDGE_LOOP ( 'NONE', ( #5953, #451 ) ) ;
#6840 = CARTESIAN_POINT ( 'NONE',  ( 376.0000000000000000, 40.62499999999991473, 4.000000000000003553 ) ) ;
#6841 = EDGE_CURVE ( 'NONE', #3719, #6170, #2364, .T. ) ;
#6842 = LINE ( 'NONE', #6662, #9912 ) ;
#6843 = DIRECTION ( 'NONE',  ( 1.000000000000000000, 0.000000000000000000, 1.941925118803054280E-33 ) ) ;
#6844 = DIRECTION ( 'NONE',  ( 2.033782021272921061E-31, 5.176899690512889973E-31, 1.000000000000000000 ) ) ;
#6845 = CYLINDRICAL_SURFACE ( 'NONE', #5977, 2.499999999999891198 ) ;
#6846 = AXIS2_PLACEMENT_3D ( 'NONE', #3792, #6875, #8489 ) ;
#6847 = CARTESIAN_POINT ( 'NONE',  ( 26.56115744048527816, 52.47355093862000075, 10.34453639846182327 ) ) ;
#6848 = EDGE_CURVE ( 'NONE', #2211, #4552, #1750, .T. ) ;
#6849 = VECTOR ( 'NONE', #10151, 1000.000000000000000 ) ;
#6850 = ORIENTED_EDGE ( 'NONE', *, *, #608, .F. ) ;
#6851 = CARTESIAN_POINT ( 'NONE',  ( 375.9999999999999432, 85.25000000000015632, 0.000000000000000000 ) ) ;
#6852 = DIRECTION ( 'NONE',  ( 2.033782021272921061E-31, 5.176899690512889973E-31, -1.000000000000000000 ) ) ;
#6853 = CARTESIAN_POINT ( 'NONE',  ( 238.0000000000003126, 55.00000000000002132, 15.00000000000001421 ) ) ;
#6854 = DIRECTION ( 'NONE',  ( 2.033782021272921061E-31, -5.176899690512889973E-31, 1.000000000000000000 ) ) ;
#6855 = FACE_OUTER_BOUND ( 'NONE', #10193, .T. ) ;
#6856 = DIRECTION ( 'NONE',  ( -2.609204460588635816E-49, 0.000000000000000000, 1.000000000000000000 ) ) ;
#6857 = VECTOR ( 'NONE', #7109, 1000.000000000000000 ) ;
#6858 = VERTEX_POINT ( 'NONE', #736 ) ;
#6859 = SHAPE_DEFINITION_REPRESENTATION ( #5271, #4500 ) ;
#6860 = EDGE_CURVE ( 'NONE', #4593, #2943, #9523, .T. ) ;
#6861 = FILL_AREA_STYLE_COLOUR ( '', #4153 ) ;
#6862 = CARTESIAN_POINT ( 'NONE',  ( 0.000000000000000000, 0.000000000000000000, 15.00000000000000711 ) ) ;
#6863 = CARTESIAN_POINT ( 'NONE',  ( 238.0000000000003126, 48.99999999999998579, 9.000000000000007105 ) ) ;
#6864 = CARTESIAN_POINT ( 'NONE',  ( 0.000000000000000000, 15.00000000000001421, 0.000000000000000000 ) ) ;
#6865 = VECTOR ( 'NONE', #8835, 1000.000000000000000 ) ;
#6866 = ORIENTED_EDGE ( 'NONE', *, *, #4668, .T. ) ;
#6867 = DIRECTION ( 'NONE',  ( 1.000000000000000000, 0.000000000000000000, 0.000000000000000000 ) ) ;
#6868 = ORIENTED_EDGE ( 'NONE', *, *, #9790, .T. ) ;
#6869 = DIRECTION ( 'NONE',  ( 0.000000000000000000, 0.000000000000000000, 1.000000000000000000 ) ) ;
#6870 = FACE_BOUND ( 'NONE', #5463, .T. ) ;
#6871 = DIRECTION ( 'NONE',  ( 1.000000000000000000, -7.590943252506637819E-32, 2.033782021272921061E-31 ) ) ;
#6872 = CYLINDRICAL_SURFACE ( 'NONE', #8137, 3.000000000000007994 ) ;
#6873 = ORIENTED_EDGE ( 'NONE', *, *, #532, .T. ) ;
#6874 = DIRECTION ( 'NONE',  ( 5.600273556634000138E-19, 1.000000000000000000, -6.938893903907225296E-18 ) ) ;
#6875 = DIRECTION ( 'NONE',  ( -1.000000000000000000, 7.590943252506637819E-32, -2.033782021272921061E-31 ) ) ;
#6876 = CARTESIAN_POINT ( 'NONE',  ( 26.56115744048527461, 244.4735509386199794, 10.34453639846182504 ) ) ;
#6877 = CARTESIAN_POINT ( 'NONE',  ( 27.00000231661813999, 54.19380657022864511, 8.834800294472039184 ) ) ;
#6878 = ADVANCED_FACE ( 'NONE', ( #8419 ), #5718, .F. ) ;
#6879 = AXIS2_PLACEMENT_3D ( 'NONE', #6124, #7615, #7674 ) ;
#6880 = LINE ( 'NONE', #5005, #442 ) ;
#6881 = DIRECTION ( 'NONE',  ( 5.600273556634000138E-19, 1.000000000000000000, -6.938893903907225296E-18 ) ) ;
#6882 = FACE_OUTER_BOUND ( 'NONE', #3084, .T. ) ;
#6883 = ORIENTED_EDGE ( 'NONE', *, *, #6638, .T. ) ;
#6884 = EDGE_LOOP ( 'NONE', ( #2672, #4210, #8413, #4601 ) ) ;
#6885 = PRESENTATION_LAYER_ASSIGNMENT (  '', '', ( #745 ) ) ;
#6886 = DIRECTION ( 'NONE',  ( -1.000000000000000000, 0.000000000000000000, 0.000000000000000000 ) ) ;
#6887 = CARTESIAN_POINT ( 'NONE',  ( 376.0000000000000000, 174.5000000000001137, 3.999999999999996447 ) ) ;
#6888 = CARTESIAN_POINT ( 'NONE',  ( 375.9999999999999432, 263.7500000000001705, 4.000000000000003553 ) ) ;
#6889 = AXIS2_PLACEMENT_3D ( 'NONE', #6699, #1089, #1811 ) ;
#6890 = CARTESIAN_POINT ( 'NONE',  ( 6.938893903907228378E-15, 174.5000000000001137, -3.469446951953614189E-15 ) ) ;
#6891 = ORIENTED_EDGE ( 'NONE', *, *, #4331, .F. ) ;
#6892 = CIRCLE ( 'NONE', #2395, 4.000000000000017764 ) ;
#6893 = VERTEX_POINT ( 'NONE', #8647 ) ;
#6894 = ADVANCED_FACE ( 'NONE', ( #9643 ), #8708, .F. ) ;
#6895 = DIRECTION ( 'NONE',  ( 1.630885567871804709E-19, 1.000000000000000000, -2.736911063134408342E-48 ) ) ;
#6896 = CARTESIAN_POINT ( 'NONE',  ( 1095.000000000000000, 243.5000000000000000, -7.499999999999949374 ) ) ;
#6897 = DIRECTION ( 'NONE',  ( -2.609204460588636195E-49, 0.000000000000000000, 1.000000000000000000 ) ) ;
#6898 = SURFACE_SIDE_STYLE ('',( #7392 ) ) ;
#6899 = ORIENTED_EDGE ( 'NONE', *, *, #5972, .F. ) ;
#6901 = EDGE_LOOP ( 'NONE', ( #5450, #3507 ) ) ;
#6900 = CYLINDRICAL_SURFACE ( 'NONE', #1012, 13.00000000000003908 ) ;
#6902 = AXIS2_PLACEMENT_3D ( 'NONE', #2632, #2564, #1092 ) ;
#6903 = EDGE_CURVE ( 'NONE', #621, #8658, #3226, .T. ) ;
#6904 = CARTESIAN_POINT ( 'NONE',  ( 80.84317321985052729, 84.99999999999998579, 10.50000000000000000 ) ) ;
#6905 = DIRECTION ( 'NONE',  ( 3.136292949173481922E-19, 1.387778780781445676E-17, -1.000000000000000000 ) ) ;
#6906 = CARTESIAN_POINT ( 'NONE',  ( 376.0000000000000000, 133.8750000000001990, 3.999999999999996447 ) ) ;
#6907 = MECHANICAL_DESIGN_GEOMETRIC_PRESENTATION_REPRESENTATION (  '', ( #9548 ), #3540 ) ;
#6909 = VERTEX_POINT ( 'NONE', #5548 ) ;
#6908 = COLOUR_RGB ( '',1.000000000000000000, 1.000000000000000000, 1.000000000000000000 ) ;
#6910 = PRODUCT_DEFINITION_SHAPE ( 'NONE', 'NONE',  #10255 ) ;
#6911 = CARTESIAN_POINT ( 'NONE',  ( 390.0000000000000000, 294.9999999999998295, 14.99999999999990230 ) ) ;
#6912 = VERTEX_POINT ( 'NONE', #7851 ) ;
#6913 = EDGE_CURVE ( 'NONE', #6656, #1956, #1906, .T. ) ;
#6914 = VERTEX_POINT ( 'NONE', #5579 ) ;
#6915 = ORIENTED_EDGE ( 'NONE', *, *, #1520, .T. ) ;
#6916 = CARTESIAN_POINT ( 'NONE',  ( 314.0000000000003411, 43.00000000000003553, 9.000000000000007105 ) ) ;
#6917 = AXIS2_PLACEMENT_3D ( 'NONE', #10216, #2209, #760 ) ;
#6918 = CARTESIAN_POINT ( 'NONE',  ( 263.9999999999998863, 243.5000000000000000, 15.00000000000001599 ) ) ;
#6919 = DIRECTION ( 'NONE',  ( 2.033782021272921061E-31, 5.176899690512889973E-31, 1.000000000000000000 ) ) ;
#6920 = CIRCLE ( 'NONE', #1947, 3.000000000000002665 ) ;
#6921 = CARTESIAN_POINT ( 'NONE',  ( 390.0000000000000000, 0.000000000000000000, 15.00000000000001421 ) ) ;
#6923 = VERTEX_POINT ( 'NONE', #171 ) ;
#6922 = VECTOR ( 'NONE', #8646, 1000.000000000000000 ) ;
#6924 = DIRECTION ( 'NONE',  ( 2.609204460588635816E-49, 0.000000000000000000, 1.000000000000000000 ) ) ;
#6925 = VERTEX_POINT ( 'NONE', #940 ) ;
#6926 = CARTESIAN_POINT ( 'NONE',  ( 359.0000000000000000, 147.5000000000000853, 3.500000000000003109 ) ) ;
#6927 =( LENGTH_UNIT ( ) NAMED_UNIT ( * ) SI_UNIT ( .MILLI., .METRE. ) );
#6928 = ORIENTED_EDGE ( 'NONE', *, *, #6979, .F. ) ;
#6929 = EDGE_CURVE ( 'NONE', #2943, #9471, #6318, .T. ) ;
#6930 = DIRECTION ( 'NONE',  ( -1.941925118803054280E-33, 0.000000000000000000, -1.000000000000000000 ) ) ;
#6931 = ORIENTED_EDGE ( 'NONE', *, *, #5721, .T. ) ;
#6932 = ADVANCED_FACE ( 'NONE', ( #1620, #9275, #7072 ), #2525, .F. ) ;
#6933 = FACE_OUTER_BOUND ( 'NONE', #8223, .T. ) ;
#6934 = ORIENTED_EDGE ( 'NONE', *, *, #9266, .T. ) ;
#6935 = UNCERTAINTY_MEASURE_WITH_UNIT (LENGTH_MEASURE( 1.000000000000000082E-05 ), #6927, 'distance_accuracy_value', 'NONE');
#6936 = ORIENTED_EDGE ( 'NONE', *, *, #3350, .T. ) ;
#6937 = DIRECTION ( 'NONE',  ( 1.000000000000000000, -7.590943252506637819E-32, 2.033782021272921061E-31 ) ) ;
#6938 = EDGE_LOOP ( 'NONE', ( #606, #3298 ) ) ;
#6939 = CARTESIAN_POINT ( 'NONE',  ( 1015.499999999999659, 237.9999999999999432, 15.00000000000001421 ) ) ;
#6940 = CARTESIAN_POINT ( 'NONE',  ( 0.000000000000000000, -7.765349535769339163E-30, -15.00000000000001599 ) ) ;
#6941 = ORIENTED_EDGE ( 'NONE', *, *, #906, .T. ) ;
#6942 = ORIENTED_EDGE ( 'NONE', *, *, #8571, .T. ) ;
#6943 = CYLINDRICAL_SURFACE ( 'NONE', #7297, 4.000000000000003553 ) ;
#6944 = AXIS2_PLACEMENT_3D ( 'NONE', #4485, #9226, #458 ) ;
#6945 = EDGE_LOOP ( 'NONE', ( #3202, #6334 ) ) ;
#6946 = CARTESIAN_POINT ( 'NONE',  ( 331.4737954746955211, 151.2885747114702326, 6.190759810219181425 ) ) ;
#6947 = DIRECTION ( 'NONE',  ( 1.000000000000000000, 0.000000000000000000, -2.609204460588635816E-49 ) ) ;
#6948 = VERTEX_POINT ( 'NONE', #4043 ) ;
#6949 = ADVANCED_FACE ( 'NONE', ( #1013 ), #7303, .F. ) ;
#6950 = DIRECTION ( 'NONE',  ( 1.000000000000000000, 0.000000000000000000, 0.000000000000000000 ) ) ;
#6951 = AXIS2_PLACEMENT_3D ( 'NONE', #193, #8840, #8728 ) ;
#6952 = LINE ( 'NONE', #3726, #2742 ) ;
#6953 = CYLINDRICAL_SURFACE ( 'NONE', #398, 7.500000000000000000 ) ;
#6954 = DIRECTION ( 'NONE',  ( -2.033782021272921061E-31, -5.176899690512889973E-31, 1.000000000000000000 ) ) ;
#6955 = EDGE_LOOP ( 'NONE', ( #7901, #5943, #3419, #9398 ) ) ;
#6956 = DIRECTION ( 'NONE',  ( 0.000000000000000000, 0.000000000000000000, -1.000000000000000000 ) ) ;
#6957 = DIRECTION ( 'NONE',  ( 1.000000000000000000, 0.000000000000000000, 0.000000000000000000 ) ) ;
#6958 = DIRECTION ( 'NONE',  ( 1.000000000000000000, 0.000000000000000000, 0.000000000000000000 ) ) ;
#6959 = CARTESIAN_POINT ( 'NONE',  ( 26.49999999999996447, 51.29951841416168890, 10.49999999999995026 ) ) ;
#6960 = EDGE_CURVE ( 'NONE', #5468, #1854, #7566, .T. ) ;
#6961 = CIRCLE ( 'NONE', #1409, 2.500000000000002220 ) ;
#6962 =( LENGTH_UNIT ( ) NAMED_UNIT ( * ) SI_UNIT ( .MILLI., .METRE. ) );
#6963 = CIRCLE ( 'NONE', #2968, 2.499999999999946709 ) ;
#6964 = DIRECTION ( 'NONE',  ( 2.033782021272921061E-31, 5.176899690512889973E-31, 1.000000000000000000 ) ) ;
#6965 = ORIENTED_EDGE ( 'NONE', *, *, #4676, .T. ) ;
#6966 = AXIS2_PLACEMENT_3D ( 'NONE', #7691, #1344, #436 ) ;
#6967 = CARTESIAN_POINT ( 'NONE',  ( 0.000000000000000000, 353.0000000000001705, 15.00000000000005507 ) ) ;
#6968 = EDGE_CURVE ( 'NONE', #6138, #546, #761, .T. ) ;
#6969 = CARTESIAN_POINT ( 'NONE',  ( 332.4853289147478677, 146.9634114164304890, 11.47267639197881195 ) ) ;
#6970 = DIRECTION ( 'NONE',  ( 1.000000000000000000, 0.000000000000000000, 0.000000000000000000 ) ) ;
#6971 = CARTESIAN_POINT ( 'NONE',  ( 35.84317321985053439, 125.0000000000000000, 0.000000000000000000 ) ) ;
#6972 = CIRCLE ( 'NONE', #1000, 2.500000000000000444 ) ;
#6973 = CYLINDRICAL_SURFACE ( 'NONE', #3897, 3.000000000000002665 ) ;
#6974 = ORIENTED_EDGE ( 'NONE', *, *, #6968, .T. ) ;
#6975 = CONTEXT_DEPENDENT_SHAPE_REPRESENTATION ( #8159, #8402 ) ;
#6976 = EDGE_CURVE ( 'NONE', #1100, #3157, #3610, .T. ) ;
#6977 = AXIS2_PLACEMENT_3D ( 'NONE', #6150, #1518, #2280 ) ;
#6978 = CARTESIAN_POINT ( 'NONE',  ( 8.000000000000007105, 51.50000000000000000, 2.999999999999891642 ) ) ;
#6979 = EDGE_CURVE ( 'NONE', #9150, #2470, #2847, .T. ) ;
#6980 = VECTOR ( 'NONE', #3228, 1000.000000000000000 ) ;
#6981 = DIRECTION ( 'NONE',  ( 1.000000000000000000, 0.000000000000000000, 0.000000000000000000 ) ) ;
#6982 = LINE ( 'NONE', #2878, #6483 ) ;
#6983 = ORIENTED_EDGE ( 'NONE', *, *, #1217, .F. ) ;
#6984 = DIRECTION ( 'NONE',  ( 1.000000000000000000, -0.000000000000000000, 8.441837551339287274E-51 ) ) ;
#6985 = ORIENTED_EDGE ( 'NONE', *, *, #9158, .F. ) ;
#6986 = CARTESIAN_POINT ( 'NONE',  ( 0.000000000000000000, 15.00000000000001421, 0.000000000000000000 ) ) ;
#6987 = DIRECTION ( 'NONE',  ( 0.000000000000000000, 0.000000000000000000, 1.000000000000000000 ) ) ;
#6988 = CARTESIAN_POINT ( 'NONE',  ( 362.4999999999998863, 51.49999999999999289, 15.00000000000001599 ) ) ;
#6989 = LINE ( 'NONE', #9368, #681 ) ;
#6990 = EDGE_CURVE ( 'NONE', #8634, #74, #5472, .T. ) ;
#6991 = CARTESIAN_POINT ( 'NONE',  ( 26.72580766288685794, 49.66592154510812662, 9.882091734929975502 ) ) ;
#6992 = CIRCLE ( 'NONE', #3754, 6.000000000000019540 ) ;
#6993 = ORIENTED_EDGE ( 'NONE', *, *, #4872, .T. ) ;
#6994 =( NAMED_UNIT ( * ) PLANE_ANGLE_UNIT ( ) SI_UNIT ( $, .RADIAN. ) );
#6995 = ORIENTED_EDGE ( 'NONE', *, *, #8496, .F. ) ;
#6996 = ADVANCED_FACE ( 'NONE', ( #4222 ), #8919, .F. ) ;
#6997 = CARTESIAN_POINT ( 'NONE',  ( 314.0000000000003411, 49.00000000000004263, 9.000000000000007105 ) ) ;
#6998 = DIRECTION ( 'NONE',  ( 2.609204460588635816E-49, 0.000000000000000000, -1.000000000000000000 ) ) ;
#6999 = CARTESIAN_POINT ( 'NONE',  ( 332.2255256538928165, 145.4771045707516635, 10.96043497591305282 ) ) ;
#7000 = FACE_BOUND ( 'NONE', #3297, .T. ) ;
#7001 = DIRECTION ( 'NONE',  ( 1.000000000000000000, -7.590943252506637819E-32, -2.033782021272921061E-31 ) ) ;
#7002 = LINE ( 'NONE', #337, #7134 ) ;
#7003 = SURFACE_STYLE_FILL_AREA ( #6663 ) ;
#7004 = DIRECTION ( 'NONE',  ( 2.033782021272921061E-31, 5.176899690512889973E-31, 1.000000000000000000 ) ) ;
#7005 = DIRECTION ( 'NONE',  ( -9.069527945153567696E-19, -1.000000000000000000, 6.938893903907225296E-18 ) ) ;
#7006 = LINE ( 'NONE', #6239, #8860 ) ;
#7007 = CARTESIAN_POINT ( 'NONE',  ( 331.3441915583382524, 151.5001541852198841, 7.628838827406218215 ) ) ;
#7008 = DIRECTION ( 'NONE',  ( 2.609204460588636195E-49, 0.000000000000000000, -1.000000000000000000 ) ) ;
#7009 = CYLINDRICAL_SURFACE ( 'NONE', #2133, 4.000000000000003553 ) ;
#7010 = COLOUR_RGB ( '',1.000000000000000000, 1.000000000000000000, 1.000000000000000000 ) ;
#7011 = ORIENTED_EDGE ( 'NONE', *, *, #10058, .F. ) ;
#7012 = DIRECTION ( 'NONE',  ( -2.609204460588636195E-49, 0.000000000000000000, 1.000000000000000000 ) ) ;
#7013 = ORIENTED_EDGE ( 'NONE', *, *, #4337, .F. ) ;
#7014 = PLANE ( 'NONE',  #6917 ) ;
#7015 = CARTESIAN_POINT ( 'NONE',  ( 1055.000000000000000, 243.5000000000000000, 7.499999999999949374 ) ) ;
#7016 = EDGE_CURVE ( 'NONE', #8170, #6078, #4477, .T. ) ;
#7017 = CARTESIAN_POINT ( 'NONE',  ( 0.000000000000000000, 0.000000000000000000, 0.000000000000000000 ) ) ;
#7018 = ORIENTED_EDGE ( 'NONE', *, *, #2070, .F. ) ;
#7019 = AXIS2_PLACEMENT_3D ( 'NONE', #8390, #504, #538 ) ;
#7021 = VERTEX_POINT ( 'NONE', #410 ) ;
#7020 = VECTOR ( 'NONE', #9820, 1000.000000000000000 ) ;
#7022 = CARTESIAN_POINT ( 'NONE',  ( 376.0000000000000000, 178.5000000000002274, 4.000000000000003553 ) ) ;
#7023 = AXIS2_PLACEMENT_3D ( 'NONE', #9652, #6385, #6465 ) ;
#7024 = CARTESIAN_POINT ( 'NONE',  ( 376.0000000000000000, 308.3750000000001705, -6.938893903907228378E-15 ) ) ;
#7025 = ORIENTED_EDGE ( 'NONE', *, *, #5041, .T. ) ;
#7026 = EDGE_CURVE ( 'NONE', #893, #2195, #5343, .T. ) ;
#7027 =( NAMED_UNIT ( * ) SI_UNIT ( $, .STERADIAN. ) SOLID_ANGLE_UNIT ( ) );
#7028 = DIRECTION ( 'NONE',  ( -2.033782021272921061E-31, -5.176899690512889973E-31, 1.000000000000000000 ) ) ;
#7029 = LINE ( 'NONE', #526, #5429 ) ;
#7031 = ORIENTED_EDGE ( 'NONE', *, *, #1025, .F. ) ;
#7030 = VECTOR ( 'NONE', #9821, 1000.000000000000000 ) ;
#7032 = ADVANCED_FACE ( 'NONE', ( #3354 ), #6077, .F. ) ;
#7033 = CARTESIAN_POINT ( 'NONE',  ( 0.000000000000000000, 15.00000000000001421, -275.0000000000000000 ) ) ;
#7034 = AXIS2_PLACEMENT_3D ( 'NONE', #6418, #158, #117 ) ;
#7035 = ORIENTED_EDGE ( 'NONE', *, *, #5857, .T. ) ;
#7036 = CARTESIAN_POINT ( 'NONE',  ( 331.6533941124181979, 144.0347585406433950, 5.485479723370296767 ) ) ;
#7037 = ORIENTED_EDGE ( 'NONE', *, *, #1735, .T. ) ;
#7038 = ORIENTED_EDGE ( 'NONE', *, *, #2730, .T. ) ;
#7039 = PLANE ( 'NONE',  #6362 ) ;
#7040 = CARTESIAN_POINT ( 'NONE',  ( 314.0000000000003411, 49.00000000000004263, 15.00000000000001421 ) ) ;
#7041 = EDGE_CURVE ( 'NONE', #1380, #7809, #1262, .T. ) ;
#7042 = CARTESIAN_POINT ( 'NONE',  ( 26.00000000000006040, 55.00000000000004974, 9.000000000000007105 ) ) ;
#7043 = AXIS2_PLACEMENT_3D ( 'NONE', #1804, #7338, #9565 ) ;
#7044 = FACE_OUTER_BOUND ( 'NONE', #4063, .T. ) ;
#7045 = EDGE_CURVE ( 'NONE', #359, #10133, #498, .T. ) ;
#7047 = EDGE_LOOP ( 'NONE', ( #9680, #838, #4420, #3801 ) ) ;
#7046 = CIRCLE ( 'NONE', #6061, 3.000000000000002665 ) ;
#7048 = ORIENTED_EDGE ( 'NONE', *, *, #9859, .F. ) ;
#7049 = DIRECTION ( 'NONE',  ( 2.033782021272921061E-31, 5.176899690512889973E-31, 1.000000000000000000 ) ) ;
#7050 = CARTESIAN_POINT ( 'NONE',  ( 0.000000000000000000, -7.765349535769339163E-30, 15.00000000000001599 ) ) ;
#7051 = DIRECTION ( 'NONE',  ( 0.000000000000000000, -1.000000000000000000, 0.000000000000000000 ) ) ;
#7052 = ADVANCED_FACE ( 'NONE', ( #7321 ), #3101, .F. ) ;
#7053 = MECHANICAL_DESIGN_GEOMETRIC_PRESENTATION_REPRESENTATION (  '', ( #6053 ), #339 ) ;
#7054 = UNCERTAINTY_MEASURE_WITH_UNIT (LENGTH_MEASURE( 1.000000000000000082E-05 ), #1044, 'distance_accuracy_value', 'NONE');
#7055 = VECTOR ( 'NONE', #4107, 1000.000000000000000 ) ;
#7056 = VERTEX_POINT ( 'NONE', #7443 ) ;
#7057 = EDGE_CURVE ( 'NONE', #2760, #2356, #885, .T. ) ;
#7058 = CARTESIAN_POINT ( 'NONE',  ( 6.938893903907228378E-15, 89.25000000000005684, 3.999999999999996447 ) ) ;
#7059 = DIRECTION ( 'NONE',  ( 1.941925118803054280E-33, 0.000000000000000000, 1.000000000000000000 ) ) ;
#7060 = DIRECTION ( 'NONE',  ( 2.033782021272921061E-31, 5.176899690512889973E-31, 1.000000000000000000 ) ) ;
#7061 = CARTESIAN_POINT ( 'NONE',  ( 0.000000000000000000, 15.00000000000001421, -275.0000000000000000 ) ) ;
#7063 = ORIENTED_EDGE ( 'NONE', *, *, #3280, .F. ) ;
#7062 = VECTOR ( 'NONE', #6420, 1000.000000000000000 ) ;
#7064 = VERTEX_POINT ( 'NONE', #7507 ) ;
#7065 = DIRECTION ( 'NONE',  ( 0.2756373558169958882, 0.9612616959383197823, 0.000000000000000000 ) ) ;
#7066 =( NAMED_UNIT ( * ) SI_UNIT ( $, .STERADIAN. ) SOLID_ANGLE_UNIT ( ) );
#7067 = EDGE_LOOP ( 'NONE', ( #3953, #3456 ) ) ;
#7068 = B_SPLINE_CURVE_WITH_KNOTS ( 'NONE', 3,
 ( #1473, #7744, #6969, #705, #6270, #4589, #6999, #7784, #3049, #3747, #10198, #10049, #3016, #6205, #1503, #8622, #8555, #3819, #4653, #9409, #10161, #7825, #7036, #2296, #3780, #8590, #9337, #1537, #3083, #8477, #5419, #3852, #8516, #10084 ),
 .UNSPECIFIED., .F., .F.,
 ( 4, 2, 2, 2, 2, 2, 2, 2, 2, 2, 2, 2, 2, 2, 2, 2, 4 ),
 ( 0.01275821409129079473, 0.01355384654690229215, 0.01434947900251378958, 0.01514511145812528700, 0.01594074391373678443, 0.01673637636934828185, 0.01753200882495977581, 0.01832764128057127323, 0.01912327373618277065, 0.01991890619179426808, 0.02071453864740576550, 0.02151017110301726293, 0.02230580355862876035, 0.02310143601424025778, 0.02389706846985175520, 0.02469270092546325263, 0.02548833338107475005 ),
 .UNSPECIFIED. ) ;
#7069 = ORIENTED_EDGE ( 'NONE', *, *, #156, .F. ) ;
#7070 = DIRECTION ( 'NONE',  ( -0.000000000000000000, 0.000000000000000000, 1.000000000000000000 ) ) ;
#7071 = CARTESIAN_POINT ( 'NONE',  ( 12.00000000000001066, 243.5000000000000000, 15.00000000000001421 ) ) ;
#7073 = ORIENTED_EDGE ( 'NONE', *, *, #8554, .T. ) ;
#7072 = FACE_OUTER_BOUND ( 'NONE', #4571, .T. ) ;
#7074 = DIRECTION ( 'NONE',  ( 0.000000000000000000, 0.000000000000000000, -1.000000000000000000 ) ) ;
#7075 = CARTESIAN_POINT ( 'NONE',  ( 27.17443692494286722, 0.000000000000000000, 21.00000000000000000 ) ) ;
#7076 = ORIENTED_EDGE ( 'NONE', *, *, #4393, .T. ) ;
#7077 = FACE_OUTER_BOUND ( 'NONE', #7559, .T. ) ;
#7078 = AXIS2_PLACEMENT_3D ( 'NONE', #521, #1946, #1192 ) ;
#7079 = ORIENTED_EDGE ( 'NONE', *, *, #2062, .T. ) ;
#7080 = CARTESIAN_POINT ( 'NONE',  ( 376.0000000000000000, 129.8750000000000853, 3.999999999999996447 ) ) ;
#7081 = DIRECTION ( 'NONE',  ( -0.000000000000000000, 0.000000000000000000, 1.000000000000000000 ) ) ;
#7082 = AXIS2_PLACEMENT_3D ( 'NONE', #9981, #8476, #490 ) ;
#7083 = VECTOR ( 'NONE', #2274, 1000.000000000000000 ) ;
#7084 = CARTESIAN_POINT ( 'NONE',  ( 0.000000000000000000, 0.000000000000000000, 0.000000000000000000 ) ) ;
#7085 = LINE ( 'NONE', #7157, #7204 ) ;
#7086 = DIRECTION ( 'NONE',  ( -2.041077998578924066E-17, -1.000000000000000000, 0.000000000000000000 ) ) ;
#7087 = ORIENTED_EDGE ( 'NONE', *, *, #1414, .F. ) ;
#7088 = AXIS2_PLACEMENT_3D ( 'NONE', #903, #1080, #7436 ) ;
#7089 = ADVANCED_FACE ( 'NONE', ( #8055 ), #274, .F. ) ;
#7090 = PRODUCT_DEFINITION_SHAPE ( 'NONE', 'NONE',  #2661 ) ;
#7091 = DIRECTION ( 'NONE',  ( -1.000000000000000000, 0.000000000000000000, 0.000000000000000000 ) ) ;
#7092 = AXIS2_PLACEMENT_3D ( 'NONE', #5613, #2459, #1599 ) ;
#7093 = DIRECTION ( 'NONE',  ( 2.033782021272921061E-31, 5.176899690512889973E-31, 1.000000000000000000 ) ) ;
#7094 = CARTESIAN_POINT ( 'NONE',  ( 359.0000000000000000, 274.9999999999999432, 14.99999999999995737 ) ) ;
#7095 = LINE ( 'NONE', #4131, #7341 ) ;
#7096 = FACE_OUTER_BOUND ( 'NONE', #2804, .T. ) ;
#7097 = VERTEX_POINT ( 'NONE', #2728 ) ;
#7098 = DIRECTION ( 'NONE',  ( -2.033782021272921061E-31, -5.176899690512889973E-31, 1.000000000000000000 ) ) ;
#7099 = CARTESIAN_POINT ( 'NONE',  ( 26.50799768601818585, 51.89738741204022432, -4.519833657968258755 ) ) ;
#7100 = APPLICATION_CONTEXT ( 'automotive_design' ) ;
#7101 = ADVANCED_FACE ( 'NONE', ( #9 ), #6578, .F. ) ;
#7102 = CARTESIAN_POINT ( 'NONE',  ( 1095.000000000000000, 2.307652204411941523E-14, -15.00000000000001599 ) ) ;
#7103 = FACE_OUTER_BOUND ( 'NONE', #7621, .T. ) ;
#7104 = AXIS2_PLACEMENT_3D ( 'NONE', #4689, #3018, #8592 ) ;
#7105 = CARTESIAN_POINT ( 'NONE',  ( 314.0000000000003411, 55.00000000000007816, 15.00000000000001421 ) ) ;
#7106 = EDGE_CURVE ( 'NONE', #2138, #6091, #5225, .T. ) ;
#7107 = VECTOR ( 'NONE', #9029, 1000.000000000000000 ) ;
#7108 = ORIENTED_EDGE ( 'NONE', *, *, #949, .T. ) ;
#7109 = DIRECTION ( 'NONE',  ( -0.000000000000000000, 0.000000000000000000, 1.000000000000000000 ) ) ;
#7110 = EDGE_CURVE ( 'NONE', #3055, #9112, #3853, .T. ) ;
#7111 = CARTESIAN_POINT ( 'NONE',  ( 0.000000000000000000, 0.000000000000000000, 15.00000000000001421 ) ) ;
#7112 = DIRECTION ( 'NONE',  ( -2.033782021272921061E-31, -5.176899690512889973E-31, 1.000000000000000000 ) ) ;
#7113 = VERTEX_POINT ( 'NONE', #5097 ) ;
#7114 = CARTESIAN_POINT ( 'NONE',  ( 10.50000000000000711, 51.50000000000000000, 2.999999999999891642 ) ) ;
#7115 = AXIS2_PLACEMENT_3D ( 'NONE', #3288, #9498, #4757 ) ;
#7116 = LINE ( 'NONE', #6655, #9076 ) ;
#7117 = LINE ( 'NONE', #5149, #682 ) ;
#7118 = VERTEX_POINT ( 'NONE', #3564 ) ;
#7119 = EDGE_CURVE ( 'NONE', #7768, #8580, #1871, .T. ) ;
#7120 = DIRECTION ( 'NONE',  ( 1.000000000000000000, 1.497502434588342893E-18, 0.000000000000000000 ) ) ;
#7121 = VERTEX_POINT ( 'NONE', #1118 ) ;
#7122 = AXIS2_PLACEMENT_3D ( 'NONE', #7222, #1685, #1619 ) ;
#7123 = DIRECTION ( 'NONE',  ( 1.000000000000000000, 0.000000000000000000, 0.000000000000000000 ) ) ;
#7124 = CARTESIAN_POINT ( 'NONE',  ( 27.11745698183214515, 48.51966552445163217, -7.895979704261918641 ) ) ;
#7125 = FACE_BOUND ( 'NONE', #5588, .T. ) ;
#7126 = DIRECTION ( 'NONE',  ( -0.000000000000000000, -0.000000000000000000, -1.000000000000000000 ) ) ;
#7127 = FACE_OUTER_BOUND ( 'NONE', #1007, .T. ) ;
#7128 = ORIENTED_EDGE ( 'NONE', *, *, #5448, .F. ) ;
#7129 = DIRECTION ( 'NONE',  ( -0.000000000000000000, 0.000000000000000000, 1.000000000000000000 ) ) ;
#7130 = CARTESIAN_POINT ( 'NONE',  ( 261.4999999999999432, 51.49999999999999289, 3.000000000000002665 ) ) ;
#7131 = DIRECTION ( 'NONE',  ( 1.000000000000000000, 0.000000000000000000, 0.000000000000000000 ) ) ;
#7132 = CIRCLE ( 'NONE', #7750, 6.000000000000005329 ) ;
#7133 = DIRECTION ( 'NONE',  ( 0.000000000000000000, 0.000000000000000000, 1.000000000000000000 ) ) ;
#7134 = VECTOR ( 'NONE', #1190, 1000.000000000000000 ) ;
#7135 = CYLINDRICAL_SURFACE ( 'NONE', #9797, 2.499999999999946709 ) ;
#7136 = EDGE_LOOP ( 'NONE', ( #1162, #8882, #874, #3183 ) ) ;
#7137 = DIRECTION ( 'NONE',  ( 1.000000000000000000, -7.590943252506637819E-32, -2.033782021272921061E-31 ) ) ;
#7138 = ORIENTED_EDGE ( 'NONE', *, *, #9742, .F. ) ;
#7139 = DIRECTION ( 'NONE',  ( 1.000000000000000000, 0.000000000000000000, 0.000000000000000000 ) ) ;
#7140 = DIRECTION ( 'NONE',  ( 0.000000000000000000, -0.000000000000000000, -1.000000000000000000 ) ) ;
#7141 = DIRECTION ( 'NONE',  ( 1.000000000000000000, 0.000000000000000000, 0.000000000000000000 ) ) ;
#7142 = DIRECTION ( 'NONE',  ( -1.000000000000000000, 0.000000000000000000, 0.000000000000000000 ) ) ;
#7143 = ORIENTED_EDGE ( 'NONE', *, *, #7388, .F. ) ;
#7144 = LINE ( 'NONE', #10163, #1203 ) ;
#7145 = ORIENTED_EDGE ( 'NONE', *, *, #6827, .T. ) ;
#7146 = DIRECTION ( 'NONE',  ( 0.000000000000000000, 1.000000000000000000, 0.000000000000000000 ) ) ;
#7147 = AXIS2_PLACEMENT_3D ( 'NONE', #6812, #2384, #9725 ) ;
#7148 = CARTESIAN_POINT ( 'NONE',  ( 731.0000000000001137, 51.49999999999999289, 3.000000000000002665 ) ) ;
#7149 = ADVANCED_FACE ( 'NONE', ( #8671 ), #9763, .F. ) ;
#7150 = VERTEX_POINT ( 'NONE', #8431 ) ;
#7152 = ORIENTED_EDGE ( 'NONE', *, *, #5456, .T. ) ;
#7151 = LINE ( 'NONE', #7592, #3805 ) ;
#7153 = DIRECTION ( 'NONE',  ( 1.000000000000000000, 0.000000000000000000, 0.000000000000000000 ) ) ;
#7154 = EDGE_LOOP ( 'NONE', ( #795, #2227, #7011, #5062 ) ) ;
#7155 = DIRECTION ( 'NONE',  ( -1.000000000000000000, 0.000000000000000000, 0.000000000000000000 ) ) ;
#7156 = EDGE_CURVE ( 'NONE', #9080, #7932, #6825, .T. ) ;
#7157 = CARTESIAN_POINT ( 'NONE',  ( 314.0000000000003411, 43.00000000000003553, 9.000000000000007105 ) ) ;
#7158 = CARTESIAN_POINT ( 'NONE',  ( 272.0000000000003411, 145.0000000000001705, 15.00000000000001421 ) ) ;
#7159 = LINE ( 'NONE', #8406, #472 ) ;
#7160 = FACE_BOUND ( 'NONE', #7344, .T. ) ;
#7162 = VERTEX_POINT ( 'NONE', #6851 ) ;
#7161 = LINE ( 'NONE', #6906, #5198 ) ;
#7163 = AXIS2_PLACEMENT_3D ( 'NONE', #285, #8107, #1823 ) ;
#7164 = EDGE_CURVE ( 'NONE', #10219, #1263, #10011, .T. ) ;
#7165 = EDGE_LOOP ( 'NONE', ( #9673, #469, #725, #6565 ) ) ;
#7166 = CARTESIAN_POINT ( 'NONE',  ( 26.72584321241367888, 53.33413010852093095, -5.118039001183994685 ) ) ;
#7167 = CARTESIAN_POINT ( 'NONE',  ( 0.000000000000000000, 15.00000000000000000, 0.000000000000000000 ) ) ;
#7168 = CARTESIAN_POINT ( 'NONE',  ( 271.0000000000000000, 336.0000000000001705, 15.00000000000001421 ) ) ;
#7169 = FACE_OUTER_BOUND ( 'NONE', #8822, .T. ) ;
#7170 = CARTESIAN_POINT ( 'NONE',  ( 324.9999999999999432, 147.5000000000000853, 1.500000000000001332 ) ) ;
#7171 = STYLED_ITEM ( 'NONE', ( #6772 ), #5353 ) ;
#7172 = CARTESIAN_POINT ( 'NONE',  ( 272.0000000000003411, 145.0000000000001705, 0.000000000000000000 ) ) ;
#7174 = ORIENTED_EDGE ( 'NONE', *, *, #11, .T. ) ;
#7173 = FACE_OUTER_BOUND ( 'NONE', #9468, .T. ) ;
#7175 = EDGE_CURVE ( 'NONE', #9195, #8247, #5587, .T. ) ;
#7176 = CARTESIAN_POINT ( 'NONE',  ( 68.00000000000008527, 209.0000000000003411, 15.00000000000001421 ) ) ;
#7177 = VERTEX_POINT ( 'NONE', #7577 ) ;
#7178 =( GEOMETRIC_REPRESENTATION_CONTEXT ( 3 ) GLOBAL_UNCERTAINTY_ASSIGNED_CONTEXT ( ( #5222 ) ) GLOBAL_UNIT_ASSIGNED_CONTEXT ( ( #3909, #9431, #769 ) ) REPRESENTATION_CONTEXT ( 'NONE', 'WORKASPACE' ) );
#7179 = EDGE_CURVE ( 'NONE', #3363, #9031, #6712, .T. ) ;
#7180 = CARTESIAN_POINT ( 'NONE',  ( 90.00000000000002842, 147.5000000000000000, 15.00000000000001421 ) ) ;
#7181 = ADVANCED_BREP_SHAPE_REPRESENTATION ( '', ( #5796, #3788 ), #1289 ) ;
#7182 = VECTOR ( 'NONE', #1173, 1000.000000000000000 ) ;
#7183 = ORIENTED_EDGE ( 'NONE', *, *, #3472, .T. ) ;
#7184 = VERTEX_POINT ( 'NONE', #2035 ) ;
#7185 = CARTESIAN_POINT ( 'NONE',  ( 376.0000000000000000, 40.62499999999991473, 4.000000000000003553 ) ) ;
#7186 = ORIENTED_EDGE ( 'NONE', *, *, #1613, .T. ) ;
#7187 = PRODUCT_RELATED_PRODUCT_CATEGORY ( 'part', '', ( #7420 ) ) ;
#7188 = DIRECTION ( 'NONE',  ( 2.033782021272921061E-31, 5.176899690512889973E-31, 1.000000000000000000 ) ) ;
#7189 = EDGE_CURVE ( 'NONE', #9844, #6437, #5957, .T. ) ;
#7191 = ORIENTED_EDGE ( 'NONE', *, *, #6929, .F. ) ;
#7190 = FACE_OUTER_BOUND ( 'NONE', #1459, .T. ) ;
#7192 = CARTESIAN_POINT ( 'NONE',  ( 455.9999999999999432, 243.5000000000000000, -3.000000000000002665 ) ) ;
#7193 = VERTEX_POINT ( 'NONE', #6057 ) ;
#7194 = CIRCLE ( 'NONE', #4515, 3.000000000000007994 ) ;
#7195 = CARTESIAN_POINT ( 'NONE',  ( 26.00000000000006040, 55.00000000000004974, 9.000000000000007105 ) ) ;
#7196 = VERTEX_POINT ( 'NONE', #7606 ) ;
#7197 = ORIENTED_EDGE ( 'NONE', *, *, #8755, .T. ) ;
#7198 = DIRECTION ( 'NONE',  ( 1.000000000000000000, -7.590943252506637819E-32, -2.033782021272921061E-31 ) ) ;
#7199 = DIRECTION ( 'NONE',  ( 2.033782021272921061E-31, 5.176899690512889973E-31, 1.000000000000000000 ) ) ;
#7200 = VECTOR ( 'NONE', #3593, 1000.000000000000000 ) ;
#7201 = CARTESIAN_POINT ( 'NONE',  ( 983.4999999999998863, 237.9999999999999432, -15.00000000000001599 ) ) ;
#7202 = APPLICATION_CONTEXT ( 'automotive_design' ) ;
#7203 = B_SPLINE_CURVE_WITH_KNOTS ( 'NONE', 3,
 ( #799, #3074, #4785, #2450, #5680, #9623, #8918, #8773, #1011, #6536, #6393, #4040, #9561, #1656, #7335, #970, #8088, #2585, #4854, #92, #5641, #2517, #6430, #6501, #1767, #1694, #5130, #365, #9992, #6876, #7661, #6144, #7722, #5502 ),
 .UNSPECIFIED., .F., .F.,
 ( 4, 2, 2, 2, 2, 2, 2, 2, 2, 2, 2, 2, 2, 2, 2, 2, 4 ),
 ( 0.009479671589916704305, 0.01007176223270103352, 0.01066385287548536273, 0.01125594351826969368, 0.01184803416105402289, 0.01244012480383835210, 0.01303221544662268305, 0.01362430608940701227, 0.01421639673219134148, 0.01480848737497567069, 0.01540057801775999990, 0.01599266866054432912, 0.01658475930332865833, 0.01717684994611298754, 0.01776894058889732023, 0.01836103123168164944, 0.01895312187446597865 ),
 .UNSPECIFIED. ) ;
#7204 = VECTOR ( 'NONE', #3211, 1000.000000000000000 ) ;
#7205 = ADVANCED_FACE ( 'NONE', ( #2594 ), #8785, .F. ) ;
#7206 = DIRECTION ( 'NONE',  ( 1.000000000000000000, 0.000000000000000000, 0.000000000000000000 ) ) ;
#7207 = ORIENTED_EDGE ( 'NONE', *, *, #9583, .F. ) ;
#7208 = ORIENTED_EDGE ( 'NONE', *, *, #4257, .F. ) ;
#7209 = DIRECTION ( 'NONE',  ( -0.000000000000000000, 0.000000000000000000, 1.000000000000000000 ) ) ;
#7210 = CARTESIAN_POINT ( 'NONE',  ( 0.000000000000000000, -7.765349535769339163E-30, -15.00000000000001599 ) ) ;
#7211 = AXIS2_PLACEMENT_3D ( 'NONE', #1968, #2924, #3728 ) ;
#7212 = DIRECTION ( 'NONE',  ( 2.033782021272921061E-31, 5.176899690512889973E-31, 1.000000000000000000 ) ) ;
#7213 = VECTOR ( 'NONE', #1589, 1000.000000000000000 ) ;
#7214 = FACE_BOUND ( 'NONE', #8056, .T. ) ;
#7215 = VERTEX_POINT ( 'NONE', #4401 ) ;
#7216 = CARTESIAN_POINT ( 'NONE',  ( 272.0000000000003411, 81.00000000000001421, 15.00000000000001421 ) ) ;
#7217 = EDGE_CURVE ( 'NONE', #1826, #7926, #3842, .T. ) ;
#7218 = LINE ( 'NONE', #2113, #5118 ) ;
#7219 = DIRECTION ( 'NONE',  ( 2.033782021272921061E-31, 5.176899690512889973E-31, 1.000000000000000000 ) ) ;
#7220 = AXIS2_PLACEMENT_3D ( 'NONE', #9109, #9860, #2000 ) ;
#7221 = FACE_OUTER_BOUND ( 'NONE', #5937, .T. ) ;
#7222 = CARTESIAN_POINT ( 'NONE',  ( 983.4999999999998863, 237.9999999999999432, -15.00000000000001599 ) ) ;
#7223 = CIRCLE ( 'NONE', #717, 3.000000000000002665 ) ;
#7224 = ORIENTED_EDGE ( 'NONE', *, *, #411, .T. ) ;
#7225 = CONTEXT_DEPENDENT_SHAPE_REPRESENTATION ( #3433, #6910 ) ;
#7226 = AXIS2_PLACEMENT_3D ( 'NONE', #8108, #2570, #4060 ) ;
#7227 = CARTESIAN_POINT ( 'NONE',  ( 41.50000000000002842, 147.5000000000000853, 15.00000000000001421 ) ) ;
#7228 = PLANE ( 'NONE',  #7088 ) ;
#7229 = DIRECTION ( 'NONE',  ( -1.000000000000000000, -5.600273556634003027E-19, 3.136292949173481922E-19 ) ) ;
#7230 = DIRECTION ( 'NONE',  ( -1.000000000000000000, 0.000000000000000000, 0.000000000000000000 ) ) ;
#7231 = FACE_BOUND ( 'NONE', #1258, .T. ) ;
#7232 = VERTEX_POINT ( 'NONE', #475 ) ;
#7233 = AXIS2_PLACEMENT_3D ( 'NONE', #8941, #4213, #6315 ) ;
#7234 = DIRECTION ( 'NONE',  ( 0.000000000000000000, 0.000000000000000000, -1.000000000000000000 ) ) ;
#7235 = PRODUCT_CONTEXT ( 'NONE', #911, 'mechanical' ) ;
#7236 = ORIENTED_EDGE ( 'NONE', *, *, #9295, .T. ) ;
#7237 = EDGE_CURVE ( 'NONE', #9003, #5751, #7790, .T. ) ;
#7238 = DIRECTION ( 'NONE',  ( 0.5562429573907914371, 0.8310197183900909224, -6.030798228328580377E-18 ) ) ;
#7239 = AXIS2_PLACEMENT_3D ( 'NONE', #8519, #4592, #7074 ) ;
#7240 = DIRECTION ( 'NONE',  ( 1.000000000000000000, 5.600273556634003027E-19, -3.136292949173481922E-19 ) ) ;
#7241 = EDGE_CURVE ( 'NONE', #6656, #1049, #10132, .T. ) ;
#7242 = CARTESIAN_POINT ( 'NONE',  ( 65.50000000000009948, 81.00000000000001421, 15.00000000000001421 ) ) ;
#7243 = VECTOR ( 'NONE', #1699, 1000.000000000000000 ) ;
#7244 = DIRECTION ( 'NONE',  ( -1.000000000000000000, 7.590943252506637819E-32, -2.033782021272921061E-31 ) ) ;
#7245 = DIRECTION ( 'NONE',  ( 1.000000000000000000, 0.000000000000000000, 0.000000000000000000 ) ) ;
#7246 = VECTOR ( 'NONE', #994, 1000.000000000000000 ) ;
#7247 = ORIENTED_EDGE ( 'NONE', *, *, #4596, .F. ) ;
#7248 = CARTESIAN_POINT ( 'NONE',  ( 728.0000000000001137, 147.5000000000000000, -15.00000000000001599 ) ) ;
#7249 = PRODUCT_RELATED_PRODUCT_CATEGORY ( 'part', '', ( #8984 ) ) ;
#7250 = PRODUCT_DEFINITION_SHAPE ( 'NONE', 'NONE',  #8827 ) ;
#7251 = CARTESIAN_POINT ( 'NONE',  ( 0.000000000000000000, 85.25000000000004263, 4.000000000000003553 ) ) ;
#7252 = ADVANCED_FACE ( 'NONE', ( #8295 ), #7555, .F. ) ;
#7253 = FACE_OUTER_BOUND ( 'NONE', #10093, .T. ) ;
#7254 = EDGE_CURVE ( 'NONE', #7291, #2571, #5213, .T. ) ;
#7255 = LINE ( 'NONE', #9871, #8233 ) ;
#7256 = SHAPE_REPRESENTATION_RELATIONSHIP ( 'NONE' , 'NONE' ,  #4537, #7799 ) ;
#7257 = AXIS2_PLACEMENT_3D ( 'NONE', #891, #7212, #2469 ) ;
#7258 = ADVANCED_FACE ( 'NONE', ( #1984 ), #6443, .F. ) ;
#7259 = DIRECTION ( 'NONE',  ( -5.600273556634000138E-19, -1.000000000000000000, 6.938893903907225296E-18 ) ) ;
#7260 = ORIENTED_EDGE ( 'NONE', *, *, #7454, .F. ) ;
#7261 = CARTESIAN_POINT ( 'NONE',  ( 26.72580766288685794, 49.66592154510812662, -9.882091734929975502 ) ) ;
#7262 = CARTESIAN_POINT ( 'NONE',  ( 25.00000000000002132, 48.49999999999999289, 7.500000000000007105 ) ) ;
#7263 = DIRECTION ( 'NONE',  ( 1.000000000000000000, 0.000000000000000000, -8.441837551339287274E-51 ) ) ;
#7264 = CYLINDRICAL_SURFACE ( 'NONE', #10126, 2.499999999999891198 ) ;
#7265 = SURFACE_STYLE_FILL_AREA ( #8230 ) ;
#7266 = DIRECTION ( 'NONE',  ( -2.609204460588635816E-49, 0.000000000000000000, 1.000000000000000000 ) ) ;
#7267 = DIRECTION ( 'NONE',  ( 1.000000000000000000, 0.000000000000000000, 0.000000000000000000 ) ) ;
#7268 = DIRECTION ( 'NONE',  ( -2.033782021272921061E-31, -5.176899690512889973E-31, 1.000000000000000000 ) ) ;
#7269 = APPLICATION_PROTOCOL_DEFINITION ( 'draft international standard', 'automotive_design', 1998, #8124 ) ;
#7270 = VERTEX_POINT ( 'NONE', #9208 ) ;
#7272 = ORIENTED_EDGE ( 'NONE', *, *, #7751, .F. ) ;
#7271 = CIRCLE ( 'NONE', #8092, 4.000000000000003553 ) ;
#7273 = DIRECTION ( 'NONE',  ( 1.000000000000000000, 1.497502434588342893E-18, 0.000000000000000000 ) ) ;
#7274 = DIRECTION ( 'NONE',  ( -0.000000000000000000, 1.000000000000000000, 0.000000000000000000 ) ) ;
#7275 = CARTESIAN_POINT ( 'NONE',  ( 6.938893903907228378E-15, 174.5000000000001137, 3.999999999999996447 ) ) ;
#7276 = DIRECTION ( 'NONE',  ( 2.033782021272921061E-31, 5.176899690512889973E-31, -1.000000000000000000 ) ) ;
#7277 = AXIS2_PLACEMENT_3D ( 'NONE', #3082, #7742, #8620 ) ;
#7278 = DIRECTION ( 'NONE',  ( -2.609204460588636195E-49, 0.000000000000000000, 1.000000000000000000 ) ) ;
#7279 = VECTOR ( 'NONE', #6852, 1000.000000000000000 ) ;
#7281 = ORIENTED_EDGE ( 'NONE', *, *, #7978, .T. ) ;
#7280 = FACE_OUTER_BOUND ( 'NONE', #1938, .T. ) ;
#7282 = CARTESIAN_POINT ( 'NONE',  ( 728.0000000000001137, 147.5000000000000000, 3.000000000000002665 ) ) ;
#7283 = ORIENTED_EDGE ( 'NONE', *, *, #10206, .T. ) ;
#7284 = AXIS2_PLACEMENT_3D ( 'NONE', #2007, #4333, #9870 ) ;
#7285 = ORIENTED_EDGE ( 'NONE', *, *, #1045, .T. ) ;
#7286 = ORIENTED_EDGE ( 'NONE', *, *, #7873, .F. ) ;
#7287 = DIRECTION ( 'NONE',  ( -9.069527945153567696E-19, -1.000000000000000000, 6.938893903907225296E-18 ) ) ;
#7288 = VECTOR ( 'NONE', #8036, 1000.000000000000000 ) ;
#7289 = SURFACE_STYLE_USAGE ( .BOTH. , #1894 ) ;
#7291 = VERTEX_POINT ( 'NONE', #9963 ) ;
#7290 = LINE ( 'NONE', #5540, #2824 ) ;
#7292 = EDGE_CURVE ( 'NONE', #8764, #1379, #2235, .T. ) ;
#7293 = CARTESIAN_POINT ( 'NONE',  ( 375.9999999999999432, 263.7500000000001705, 4.000000000000003553 ) ) ;
#7294 = ORIENTED_EDGE ( 'NONE', *, *, #4168, .T. ) ;
#7295 = DIRECTION ( 'NONE',  ( 2.033782021272921061E-31, 5.176899690512889973E-31, -1.000000000000000000 ) ) ;
#7296 = CARTESIAN_POINT ( 'NONE',  ( 26.61346770445837606, 146.1940423745238320, 3.716882771611868197 ) ) ;
#7297 = AXIS2_PLACEMENT_3D ( 'NONE', #7997, #4059, #3235 ) ;
#7298 = CARTESIAN_POINT ( 'NONE',  ( 297.0000000000000568, 336.0000000000001705, 15.00000000000001421 ) ) ;
#7299 = FACE_OUTER_BOUND ( 'NONE', #1446, .T. ) ;
#7300 = EDGE_CURVE ( 'NONE', #1127, #1412, #3090, .T. ) ;
#7301 = ORIENTED_EDGE ( 'NONE', *, *, #1717, .T. ) ;
#7302 = ADVANCED_FACE ( 'NONE', ( #6198 ), #626, .F. ) ;
#7303 = PLANE ( 'NONE',  #6511 ) ;
#7304 = EDGE_CURVE ( 'NONE', #4351, #621, #367, .T. ) ;
#7305 = ADVANCED_FACE ( 'NONE', ( #6567 ), #7014, .F. ) ;
#7306 = CARTESIAN_POINT ( 'NONE',  ( 102.0000000000001847, 49.00000000000004263, 9.000000000000007105 ) ) ;
#7307 = PLANE ( 'NONE',  #4779 ) ;
#7308 =( GEOMETRIC_REPRESENTATION_CONTEXT ( 3 ) GLOBAL_UNCERTAINTY_ASSIGNED_CONTEXT ( ( #9010 ) ) GLOBAL_UNIT_ASSIGNED_CONTEXT ( ( #9741, #8993, #5072 ) ) REPRESENTATION_CONTEXT ( 'NONE', 'WORKASPACE' ) );
#7309 = DIRECTION ( 'NONE',  ( 1.000000000000000000, 2.041077998578924066E-17, 1.624335346205397848E-33 ) ) ;
#7311 = ORIENTED_EDGE ( 'NONE', *, *, #3618, .T. ) ;
#7310 = VECTOR ( 'NONE', #6024, 1000.000000000000000 ) ;
#7312 = ORIENTED_EDGE ( 'NONE', *, *, #3254, .F. ) ;
#7313 = EDGE_CURVE ( 'NONE', #7336, #7021, #1860, .T. ) ;
#7314 = CARTESIAN_POINT ( 'NONE',  ( 981.0000000000000000, 237.9999999999999432, 15.00000000000001599 ) ) ;
#7315 = ORIENTED_EDGE ( 'NONE', *, *, #4026, .F. ) ;
#7316 = ORIENTED_EDGE ( 'NONE', *, *, #8352, .T. ) ;
#7317 = AXIS2_PLACEMENT_3D ( 'NONE', #4421, #1923, #2681 ) ;
#7318 = EDGE_CURVE ( 'NONE', #6081, #6488, #4961, .T. ) ;
#7319 = CARTESIAN_POINT ( 'NONE',  ( 269.5000000000004547, 81.00000000000001421, 15.00000000000001421 ) ) ;
#7320 = DIRECTION ( 'NONE',  ( 1.000000000000000000, 0.000000000000000000, 0.000000000000000000 ) ) ;
#7322 = ORIENTED_EDGE ( 'NONE', *, *, #10135, .F. ) ;
#7321 = FACE_OUTER_BOUND ( 'NONE', #3091, .T. ) ;
#7323 = DIRECTION ( 'NONE',  ( -1.000000000000000000, 7.590943252506637819E-32, -2.033782021272921061E-31 ) ) ;
#7324 = ORIENTED_EDGE ( 'NONE', *, *, #1346, .F. ) ;
#7325 = LINE ( 'NONE', #1280, #5973 ) ;
#7326 = ORIENTED_EDGE ( 'NONE', *, *, #1976, .F. ) ;
#7327 = VERTEX_POINT ( 'NONE', #1552 ) ;
#7328 = DIRECTION ( 'NONE',  ( 0.000000000000000000, 0.000000000000000000, -1.000000000000000000 ) ) ;
#7329 = DIRECTION ( 'NONE',  ( 0.000000000000000000, -1.000000000000000000, 0.000000000000000000 ) ) ;
#7330 = DIRECTION ( 'NONE',  ( 1.000000000000000000, 0.000000000000000000, 0.000000000000000000 ) ) ;
#7331 = DIRECTION ( 'NONE',  ( -1.000000000000000000, 0.000000000000000000, 0.000000000000000000 ) ) ;
#7332 = FACE_BOUND ( 'NONE', #9887, .T. ) ;
#7333 = VECTOR ( 'NONE', #2447, 1000.000000000000000 ) ;
#7334 = CARTESIAN_POINT ( 'NONE',  ( 0.000000000000000000, 0.000000000000000000, 15.00000000000001421 ) ) ;
#7335 = CARTESIAN_POINT ( 'NONE',  ( 27.08404912996185843, 246.4019675094183697, 6.714214720490424781 ) ) ;
#7336 = VERTEX_POINT ( 'NONE', #8495 ) ;
#7337 = CARTESIAN_POINT ( 'NONE',  ( 1055.000000000000000, 243.5000000000000000, 7.499999999999949374 ) ) ;
#7338 = DIRECTION ( 'NONE',  ( 2.033782021272921061E-31, 5.176899690512889973E-31, 1.000000000000000000 ) ) ;
#7339 = APPLICATION_CONTEXT ( 'automotive_design' ) ;
#7340 = CYLINDRICAL_SURFACE ( 'NONE', #1736, 6.000000000000005329 ) ;
#7341 = VECTOR ( 'NONE', #4166, 1000.000000000000000 ) ;
#7342 = DIRECTION ( 'NONE',  ( 0.000000000000000000, 0.000000000000000000, 1.000000000000000000 ) ) ;
#7343 = CIRCLE ( 'NONE', #181, 3.000000000000058176 ) ;
#7344 = EDGE_LOOP ( 'NONE', ( #4850, #7013, #1511, #2094, #3712 ) ) ;
#7345 = CARTESIAN_POINT ( 'NONE',  ( 274.5000000000002274, 81.00000000000001421, 15.00000000000001421 ) ) ;
#7346 = DIRECTION ( 'NONE',  ( -1.000000000000000000, 7.590943252506637819E-32, 2.033782021272921061E-31 ) ) ;
#7347 = AXIS2_PLACEMENT_3D ( 'NONE', #9914, #9977, #6895 ) ;
#7348 = CARTESIAN_POINT ( 'NONE',  ( 26.00000000000006040, 55.00000000000004974, 9.000000000000007105 ) ) ;
#7349 = CIRCLE ( 'NONE', #5634, 2.500000000000000444 ) ;
#7350 = CARTESIAN_POINT ( 'NONE',  ( 376.0000000000000000, 223.1250000000002274, 3.999999999999996447 ) ) ;
#7351 = CARTESIAN_POINT ( 'NONE',  ( 983.4999999999998863, 237.9999999999999432, -13.00000000000001421 ) ) ;
#7352 = CIRCLE ( 'NONE', #7993, 13.00000000000003908 ) ;
#7353 = ORIENTED_EDGE ( 'NONE', *, *, #9479, .F. ) ;
#7354 = ADVANCED_FACE ( 'NONE', ( #122 ), #4715, .F. ) ;
#7355 = ORIENTED_EDGE ( 'NONE', *, *, #10009, .F. ) ;
#7356 = EDGE_CURVE ( 'NONE', #3166, #7880, #4598, .T. ) ;
#7357 = ADVANCED_FACE ( 'NONE', ( #2482 ), #8542, .F. ) ;
#7358 = DIRECTION ( 'NONE',  ( 8.441837551339287274E-51, 0.000000000000000000, -1.000000000000000000 ) ) ;
#7359 = DIRECTION ( 'NONE',  ( -1.000000000000000000, 2.041077998578924066E-17, -2.259514891400699422E-33 ) ) ;
#7360 = CYLINDRICAL_SURFACE ( 'NONE', #4443, 4.000000000000003553 ) ;
#7361 = AXIS2_PLACEMENT_3D ( 'NONE', #4493, #8454, #3625 ) ;
#7362 = CARTESIAN_POINT ( 'NONE',  ( 0.000000000000000000, 0.000000000000000000, 0.000000000000000000 ) ) ;
#7363 = EDGE_CURVE ( 'NONE', #7705, #7647, #5708, .T. ) ;
#7364 = FACE_OUTER_BOUND ( 'NONE', #9726, .T. ) ;
#7365 = ORIENTED_EDGE ( 'NONE', *, *, #9126, .F. ) ;
#7366 = CARTESIAN_POINT ( 'NONE',  ( 0.000000000000000000, 312.3750000000000568, 4.000000000000058620 ) ) ;
#7367 = ORIENTED_EDGE ( 'NONE', *, *, #1352, .F. ) ;
#7368 = CARTESIAN_POINT ( 'NONE',  ( 27.20459237798246477, 144.3222386035813827, 9.943043914981601006 ) ) ;
#7369 = VECTOR ( 'NONE', #8316, 1000.000000000000000 ) ;
#7370 = CARTESIAN_POINT ( 'NONE',  ( 27.05981641823492012, 54.34436517637187336, -8.473587390721931456 ) ) ;
#7371 =( REPRESENTATION_RELATIONSHIP ('NONE','NONE', #4500, #1063 ) REPRESENTATION_RELATIONSHIP_WITH_TRANSFORMATION ( #1290 )SHAPE_REPRESENTATION_RELATIONSHIP( ) );
#7372 = CIRCLE ( 'NONE', #9709, 3.000000000000007994 ) ;
#7373 = VERTEX_POINT ( 'NONE', #6254 ) ;
#7374 = EDGE_CURVE ( 'NONE', #3185, #5925, #2101, .T. ) ;
#7375 = DIRECTION ( 'NONE',  ( 2.033782021272921061E-31, -5.176899690512889973E-31, 1.000000000000000000 ) ) ;
#7376 = CARTESIAN_POINT ( 'NONE',  ( 30.84317321985052729, 120.0000000000000000, 4.500000000000000888 ) ) ;
#7377 = EDGE_CURVE ( 'NONE', #6074, #4550, #1413, .T. ) ;
#7378 = DIRECTION ( 'NONE',  ( -0.000000000000000000, 0.000000000000000000, 1.000000000000000000 ) ) ;
#7379 = CARTESIAN_POINT ( 'NONE',  ( 725.0000000000001137, 243.5000000000000000, -15.00000000000001599 ) ) ;
#7380 = DIRECTION ( 'NONE',  ( 1.000000000000000000, -0.000000000000000000, 0.000000000000000000 ) ) ;
#7381 = CYLINDRICAL_SURFACE ( 'NONE', #9729, 6.000000000000015987 ) ;
#7382 =( NAMED_UNIT ( * ) SI_UNIT ( $, .STERADIAN. ) SOLID_ANGLE_UNIT ( ) );
#7383 = VECTOR ( 'NONE', #2363, 1000.000000000000000 ) ;
#7384 = CIRCLE ( 'NONE', #9417, 2.499999999999946709 ) ;
#7385 = ORIENTED_EDGE ( 'NONE', *, *, #8815, .T. ) ;
#7386 = DIRECTION ( 'NONE',  ( 3.136292949173481922E-19, 1.387778780781445676E-17, -1.000000000000000000 ) ) ;
#7387 = CARTESIAN_POINT ( 'NONE',  ( 319.0000000000000000, 147.5000000000000853, 7.500000000000007105 ) ) ;
#7388 = EDGE_CURVE ( 'NONE', #7580, #6925, #1001, .T. ) ;
#7389 = CARTESIAN_POINT ( 'NONE',  ( 0.000000000000000000, 0.000000000000000000, 15.00000000000001421 ) ) ;
#7390 = DIRECTION ( 'NONE',  ( -2.033782021272921061E-31, -5.176899690512889973E-31, 1.000000000000000000 ) ) ;
#7391 = ORIENTED_EDGE ( 'NONE', *, *, #6976, .F. ) ;
#7392 = SURFACE_STYLE_FILL_AREA ( #5358 ) ;
#7393 = ORIENTED_EDGE ( 'NONE', *, *, #7746, .F. ) ;
#7394 = CARTESIAN_POINT ( 'NONE',  ( 35.84317321985053439, 125.0000000000000000, 21.00000000000000000 ) ) ;
#7395 = DIRECTION ( 'NONE',  ( 8.441837551339287274E-51, 0.000000000000000000, -1.000000000000000000 ) ) ;
#7396 = DIRECTION ( 'NONE',  ( 0.000000000000000000, 0.000000000000000000, -1.000000000000000000 ) ) ;
#7397 = CARTESIAN_POINT ( 'NONE',  ( 455.9999999999999432, 51.49999999999999289, -15.00000000000001599 ) ) ;
#7398 = CARTESIAN_POINT ( 'NONE',  ( 68.00000000000005684, 145.0000000000001705, 15.00000000000001421 ) ) ;
#7399 = CARTESIAN_POINT ( 'NONE',  ( 26.71332169397676637, 145.7068896588988309, 11.08516421550020681 ) ) ;
#7400 = ORIENTED_EDGE ( 'NONE', *, *, #4618, .T. ) ;
#7402 = ORIENTED_EDGE ( 'NONE', *, *, #5201, .T. ) ;
#7401 = FACE_OUTER_BOUND ( 'NONE', #3175, .T. ) ;
#7403 = ADVANCED_FACE ( 'NONE', ( #488 ), #7871, .F. ) ;
#7404 = CARTESIAN_POINT ( 'NONE',  ( 314.0000000000003411, 55.00000000000007816, 9.000000000000007105 ) ) ;
#7406 = ORIENTED_EDGE ( 'NONE', *, *, #2189, .F. ) ;
#7405 = APPLICATION_PROTOCOL_DEFINITION ( 'draft international standard', 'automotive_design', 1998, #135 ) ;
#7407 = B_SPLINE_CURVE_WITH_KNOTS ( 'NONE', 3,
 ( #9049, #5195, #7602, #5129, #2064, #505, #4395, #9145, #2853, #7468, #1248, #9862, #8330, #5955, #8391, #1211, #6786, #3658, #6756, #1315, #2032, #2001, #439, #9174, #7535, #4324, #8290, #3531, #9957, #2789, #9083, #9110 ),
 .UNSPECIFIED., .F., .F.,
 ( 4, 2, 2, 2, 2, 2, 2, 2, 2, 2, 2, 2, 2, 2, 2, 4 ),
 ( 0.000000000000000000, 0.0005924794743698161368, 0.001184958948739632274, 0.001777438423109448410, 0.002369917897479264547, 0.003554876846218838708, 0.004147356320588625571, 0.004739835794958412001, 0.005332315269328198430, 0.005924794743697985727, 0.006517274218067772157, 0.007109753692437558587, 0.007702233166807345016, 0.008294712641177131446, 0.008887192115546917875, 0.009479671589916704305 ),
 .UNSPECIFIED. ) ;
#7408 = AXIS2_PLACEMENT_3D ( 'NONE', #440, #5992, #2822 ) ;
#7409 = DIRECTION ( 'NONE',  ( 1.000000000000000000, 0.000000000000000000, 0.000000000000000000 ) ) ;
#7410 = DIRECTION ( 'NONE',  ( 0.000000000000000000, 0.000000000000000000, 1.000000000000000000 ) ) ;
#7411 = CYLINDRICAL_SURFACE ( 'NONE', #4433, 2.499999999999946709 ) ;
#7412 = DIRECTION ( 'NONE',  ( 8.441837551339287274E-51, 0.000000000000000000, -1.000000000000000000 ) ) ;
#7414 = ORIENTED_EDGE ( 'NONE', *, *, #4708, .F. ) ;
#7413 = LINE ( 'NONE', #7798, #2699 ) ;
#7415 = AXIS2_PLACEMENT_3D ( 'NONE', #8685, #7924, #7854 ) ;
#7416 = DIRECTION ( 'NONE',  ( 1.000000000000000000, 0.000000000000000000, -1.084202172485504434E-17 ) ) ;
#7417 = DIRECTION ( 'NONE',  ( 0.000000000000000000, 1.000000000000000000, 0.000000000000000000 ) ) ;
#7418 = EDGE_LOOP ( 'NONE', ( #2884, #4058, #1251, #6540 ) ) ;
#7419 = AXIS2_PLACEMENT_3D ( 'NONE', #4830, #143, #3259 ) ;
#7420 = PRODUCT ( 'A353250-FONDOSXXMU', 'A353250-FONDOSXXMU', '', ( #8058 ) ) ;
#7421 = CARTESIAN_POINT ( 'NONE',  ( 821.0000000000000000, 237.9999999999999716, -13.00000000000001066 ) ) ;
#7422 = VECTOR ( 'NONE', #4901, 1000.000000000000000 ) ;
#7423 = CARTESIAN_POINT ( 'NONE',  ( 382.0000000000000000, 51.49999999999999289, 15.00000000000001421 ) ) ;
#7425 = ORIENTED_EDGE ( 'NONE', *, *, #7440, .T. ) ;
#7424 = LINE ( 'NONE', #5516, #7526 ) ;
#7426 = AXIS2_PLACEMENT_3D ( 'NONE', #6153, #9215, #1455 ) ;
#7427 = DIRECTION ( 'NONE',  ( 3.136292949173481922E-19, 1.387778780781445676E-17, -1.000000000000000000 ) ) ;
#7428 = ORIENTED_EDGE ( 'NONE', *, *, #8298, .T. ) ;
#7429 = CARTESIAN_POINT ( 'NONE',  ( 455.9999999999999432, 243.5000000000000000, -15.00000000000001599 ) ) ;
#7430 = LINE ( 'NONE', #8354, #5207 ) ;
#7431 = EDGE_LOOP ( 'NONE', ( #3843, #3223, #2343, #9682 ) ) ;
#7432 = DIRECTION ( 'NONE',  ( 1.000000000000000000, 0.000000000000000000, 0.000000000000000000 ) ) ;
#7433 = ORIENTED_EDGE ( 'NONE', *, *, #9518, .T. ) ;
#7434 = ORIENTED_EDGE ( 'NONE', *, *, #9653, .F. ) ;
#7435 = ORIENTED_EDGE ( 'NONE', *, *, #8544, .F. ) ;
#7436 = DIRECTION ( 'NONE',  ( -0.000000000000000000, 0.000000000000000000, 1.000000000000000000 ) ) ;
#7437 = CARTESIAN_POINT ( 'NONE',  ( 26.98055555644944903, 144.8513090169494149, 4.491685743443068368 ) ) ;
#7438 =( GEOMETRIC_REPRESENTATION_CONTEXT ( 3 ) GLOBAL_UNCERTAINTY_ASSIGNED_CONTEXT ( ( #264 ) ) GLOBAL_UNIT_ASSIGNED_CONTEXT ( ( #1706, #4730, #3264 ) ) REPRESENTATION_CONTEXT ( 'NONE', 'WORKASPACE' ) );
#7439 = CARTESIAN_POINT ( 'NONE',  ( 375.9999999999999432, 263.7500000000000568, -3.469446951953614189E-15 ) ) ;
#7440 = EDGE_CURVE ( 'NONE', #1956, #6656, #6620, .T. ) ;
#7442 = EDGE_LOOP ( 'NONE', ( #8981, #214 ) ) ;
#7441 = VECTOR ( 'NONE', #1154, 1000.000000000000000 ) ;
#7443 = CARTESIAN_POINT ( 'NONE',  ( 376.0000000000000000, 178.5000000000002274, 0.000000000000000000 ) ) ;
#7444 = EDGE_LOOP ( 'NONE', ( #5882, #3936, #7471, #387 ) ) ;
#7445 = CIRCLE ( 'NONE', #1335, 6.000000000000019540 ) ;
#7446 = VERTEX_POINT ( 'NONE', #5470 ) ;
#7447 = PLANE ( 'NONE',  #7284 ) ;
#7448 = ORIENTED_EDGE ( 'NONE', *, *, #8212, .F. ) ;
#7449 = CARTESIAN_POINT ( 'NONE',  ( 5.500000000000006217, 243.5000000000000284, 14.99999999999990230 ) ) ;
#7450 = PRESENTATION_LAYER_ASSIGNMENT (  '', '', ( #6053 ) ) ;
#7451 = CARTESIAN_POINT ( 'NONE',  ( 26.49999999999996803, 51.49999999999999289, -10.49999999999995381 ) ) ;
#7452 = CARTESIAN_POINT ( 'NONE',  ( 238.0000000000003126, 241.0000000000002558, 9.000000000000007105 ) ) ;
#7453 = SURFACE_STYLE_USAGE ( .BOTH. , #2120 ) ;
#7454 = EDGE_CURVE ( 'NONE', #3861, #7698, #1740, .T. ) ;
#7455 = CYLINDRICAL_SURFACE ( 'NONE', #6306, 7.500000000000000000 ) ;
#7456 = FACE_OUTER_BOUND ( 'NONE', #3212, .T. ) ;
#7457 = AXIS2_PLACEMENT_3D ( 'NONE', #6086, #10033, #5328 ) ;
#7458 = ORIENTED_EDGE ( 'NONE', *, *, #2131, .F. ) ;
#7459 = DIRECTION ( 'NONE',  ( 1.000000000000000000, 0.000000000000000000, 0.000000000000000000 ) ) ;
#7460 = DIRECTION ( 'NONE',  ( 1.000000000000000000, 0.000000000000000000, 0.000000000000000000 ) ) ;
#7461 = ADVANCED_FACE ( 'NONE', ( #8049 ), #3344, .F. ) ;
#7462 = DIRECTION ( 'NONE',  ( -0.000000000000000000, 0.000000000000000000, 1.000000000000000000 ) ) ;
#7463 = LINE ( 'NONE', #2419, #905 ) ;
#7464 = LINE ( 'NONE', #7513, #1893 ) ;
#7465 = DIRECTION ( 'NONE',  ( 2.033782021272921061E-31, 5.176899690512889973E-31, 1.000000000000000000 ) ) ;
#7466 = CLOSED_SHELL ( 'NONE', ( #3353, #6361, #288, #5583, #6693, #7595, #3965, #6164, #10194, #8074, #6746, #2888, #1994, #9352, #9096, #6101, #1034, #808, #9716, #5649, #34, #6996, #5351, #5278, #7052, #4188, #9609, #8952, #3421, #185, #7922, #5234, #4724, #7252, #2167, #6832, #2376, #4440, #5449, #595, #7032, #2276, #6473, #5178, #6949, #6045, #3562, #4085, #2978, #9206, #2410, #6781, #441, #8125, #8020, #2225, #5752, #10082 ) ) ;
#7467 = CARTESIAN_POINT ( 'NONE',  ( 300.0000000000000568, 147.5000000000000000, 5.000000000000004441 ) ) ;
#7468 = CARTESIAN_POINT ( 'NONE',  ( 26.88736900188100165, 241.1037908430458003, -9.346081811335354317 ) ) ;
#7469 = FACE_OUTER_BOUND ( 'NONE', #997, .T. ) ;
#7470 = VECTOR ( 'NONE', #416, 1000.000000000000000 ) ;
#7471 = ORIENTED_EDGE ( 'NONE', *, *, #75, .T. ) ;
#7472 = CARTESIAN_POINT ( 'NONE',  ( 263.9999999999998863, 243.5000000000000000, -3.000000000000002665 ) ) ;
#7473 = B_SPLINE_CURVE_WITH_KNOTS ( 'NONE', 3,
 ( #1046, #299, #1150, #4985, #1081, #7399, #6613, #3351, #9792, #4951, #7368, #5817, #1113, #3499, #2617, #8152, #9761, #9017, #5051, #2650, #2553, #1833, #8917, #1868, #3430, #6688, #2684, #7437, #5854, #8119, #199, #1798, #7296, #8188, #6648, #1010, #8946, #4289 ),
 .UNSPECIFIED., .F., .F.,
 ( 4, 2, 2, 2, 2, 2, 2, 2, 2, 2, 2, 2, 2, 2, 2, 2, 2, 2, 4 ),
 ( 5.629170997246951751E-17, 0.0007973883807057376627, 0.001594776761411419164, 0.002392165142117100556, 0.003189553522822781949, 0.003986941903528463775, 0.004784330284234144734, 0.005581718664939826560, 0.006379107045645507519, 0.006777801235998351034, 0.007176495426351191947, 0.007973883807056889386, 0.008771272187762588560, 0.009568660568468285998, 0.01036604894917398517, 0.01116343732987968261, 0.01156213152023249577, 0.01196082571058530546, 0.01275821409129084504 ),
 .UNSPECIFIED. ) ;
#7474 = AXIS2_PLACEMENT_3D ( 'NONE', #527, #4556, #6805 ) ;
#7475 = DIRECTION ( 'NONE',  ( -1.000000000000000000, 7.590943252506637819E-32, 2.033782021272921061E-31 ) ) ;
#7476 = DIRECTION ( 'NONE',  ( 1.000000000000000000, 0.000000000000000000, 0.000000000000000000 ) ) ;
#7477 = DIRECTION ( 'NONE',  ( 2.033782021272921061E-31, 5.176899690512889973E-31, 1.000000000000000000 ) ) ;
#7478 = VECTOR ( 'NONE', #3566, 1000.000000000000000 ) ;
#7479 = FILL_AREA_STYLE_COLOUR ( '', #6020 ) ;
#7480 = FACE_BOUND ( 'NONE', #6839, .T. ) ;
#7481 = ORIENTED_EDGE ( 'NONE', *, *, #7633, .T. ) ;
#7482 = EDGE_CURVE ( 'NONE', #9867, #2164, #3595, .T. ) ;
#7483 = PRESENTATION_STYLE_ASSIGNMENT (( #3079 ) ) ;
#7484 = AXIS2_PLACEMENT_3D ( 'NONE', #4295, #9800, #1935 ) ;
#7485 = DIRECTION ( 'NONE',  ( 2.033782021272921061E-31, 5.176899690512889973E-31, 1.000000000000000000 ) ) ;
#7486 = ORIENTED_EDGE ( 'NONE', *, *, #4191, .T. ) ;
#7487 = DIRECTION ( 'NONE',  ( -2.033782021272921061E-31, 0.000000000000000000, 1.000000000000000000 ) ) ;
#7488 = CARTESIAN_POINT ( 'NONE',  ( 1095.000000000000000, 295.0000000000000000, 15.00000000000001599 ) ) ;
#7489 = VECTOR ( 'NONE', #7781, 1000.000000000000000 ) ;
#7490 = DIRECTION ( 'NONE',  ( -0.000000000000000000, 0.000000000000000000, 1.000000000000000000 ) ) ;
#7491 = FACE_OUTER_BOUND ( 'NONE', #3230, .T. ) ;
#7492 = VERTEX_POINT ( 'NONE', #2411 ) ;
#7493 = EDGE_CURVE ( 'NONE', #3714, #8410, #9883, .T. ) ;
#7494 = DIRECTION ( 'NONE',  ( 0.000000000000000000, -1.000000000000000000, 0.000000000000000000 ) ) ;
#7495 = ORIENTED_EDGE ( 'NONE', *, *, #7304, .F. ) ;
#7496 = DIRECTION ( 'NONE',  ( 1.000000000000000000, 5.600273556634003027E-19, -3.136292949173481922E-19 ) ) ;
#7497 = CARTESIAN_POINT ( 'NONE',  ( 238.0000000000003126, 247.0000000000003126, 9.000000000000007105 ) ) ;
#7498 = AXIS2_PLACEMENT_3D ( 'NONE', #3907, #7910, #1006 ) ;
#7499 = MANIFOLD_SOLID_BREP ( 'Saliente-Extruir2', #807 ) ;
#7500 = EDGE_CURVE ( 'NONE', #7184, #6391, #9039, .T. ) ;
#7501 = CARTESIAN_POINT ( 'NONE',  ( 102.0000000000001279, 241.0000000000002558, 9.000000000000007105 ) ) ;
#7502 = LINE ( 'NONE', #7376, #1680 ) ;
#7503 = DIRECTION ( 'NONE',  ( -0.000000000000000000, 0.000000000000000000, 1.000000000000000000 ) ) ;
#7504 = ORIENTED_EDGE ( 'NONE', *, *, #2902, .T. ) ;
#7505 = PRESENTATION_LAYER_ASSIGNMENT (  '', '', ( #4865 ) ) ;
#7506 = ADVANCED_FACE ( 'NONE', ( #3958 ), #3708, .F. ) ;
#7507 = CARTESIAN_POINT ( 'NONE',  ( 26.00000000000002132, 241.0000000000002558, 9.000000000000007105 ) ) ;
#7508 = EDGE_CURVE ( 'NONE', #9719, #4473, #8165, .T. ) ;
#7509 = DIRECTION ( 'NONE',  ( 1.000000000000000000, 0.000000000000000000, 0.000000000000000000 ) ) ;
#7510 = ORIENTED_EDGE ( 'NONE', *, *, #2580, .T. ) ;
#7511 = COLOUR_RGB ( '',1.000000000000000000, 1.000000000000000000, 1.000000000000000000 ) ;
#7512 = AXIS2_PLACEMENT_3D ( 'NONE', #120, #7188, #8669 ) ;
#7513 = CARTESIAN_POINT ( 'NONE',  ( 0.000000000000000000, 353.0000000000001705, -6.938893903907228378E-15 ) ) ;
#7514 = EDGE_CURVE ( 'NONE', #7647, #4783, #1485, .T. ) ;
#7515 = DIRECTION ( 'NONE',  ( 2.609204460588636195E-49, 0.000000000000000000, -1.000000000000000000 ) ) ;
#7516 = DIRECTION ( 'NONE',  ( -1.941925118803053938E-33, 0.000000000000000000, -1.000000000000000000 ) ) ;
#7517 = DIRECTION ( 'NONE',  ( 2.033782021272921061E-31, 5.176899690512889973E-31, -1.000000000000000000 ) ) ;
#7518 = ORIENTED_EDGE ( 'NONE', *, *, #1004, .T. ) ;
#7519 = ORIENTED_EDGE ( 'NONE', *, *, #7179, .F. ) ;
#7520 = CARTESIAN_POINT ( 'NONE',  ( 0.000000000000000000, 0.000000000000000000, 15.00000000000001421 ) ) ;
#7521 = DIRECTION ( 'NONE',  ( -0.2756373558169958882, -0.9612616959383197823, 2.988466199949469782E-18 ) ) ;
#7522 = EDGE_CURVE ( 'NONE', #2866, #10138, #2718, .T. ) ;
#7523 = VERTEX_POINT ( 'NONE', #261 ) ;
#7524 = DIRECTION ( 'NONE',  ( 5.600273556634000138E-19, 1.000000000000000000, -6.938893903907225296E-18 ) ) ;
#7525 = PLANE ( 'NONE',  #9520 ) ;
#7526 = VECTOR ( 'NONE', #31, 1000.000000000000000 ) ;
#7527 = CARTESIAN_POINT ( 'NONE',  ( 34.00000000000002842, 243.5000000000000000, 1.500000000000001332 ) ) ;
#7528 = FACE_OUTER_BOUND ( 'NONE', #8640, .T. ) ;
#7530 = VERTEX_POINT ( 'NONE', #1829 ) ;
#7529 = VECTOR ( 'NONE', #1497, 1000.000000000000000 ) ;
#7531 = ORIENTED_EDGE ( 'NONE', *, *, #2997, .T. ) ;
#7532 = ORIENTED_EDGE ( 'NONE', *, *, #10154, .T. ) ;
#7533 = EDGE_LOOP ( 'NONE', ( #9483, #454, #8775, #6556 ) ) ;
#7534 = DIRECTION ( 'NONE',  ( 2.033782021272921061E-31, 5.176899690512889973E-31, 1.000000000000000000 ) ) ;
#7535 = CARTESIAN_POINT ( 'NONE',  ( 26.72573274957601797, 241.6662369502325021, -5.117685287329552857 ) ) ;
#7536 = CARTESIAN_POINT ( 'NONE',  ( 1095.000000000000000, 295.0000000000000000, 15.00000000000001599 ) ) ;
#7537 = CIRCLE ( 'NONE', #5622, 7.500000000000000000 ) ;
#7539 = ORIENTED_EDGE ( 'NONE', *, *, #1529, .F. ) ;
#7538 = LINE ( 'NONE', #6148, #9494 ) ;
#7540 = DIRECTION ( 'NONE',  ( 1.000000000000000000, 5.600273556634003027E-19, -3.136292949173481922E-19 ) ) ;
#7541 = AXIS2_PLACEMENT_3D ( 'NONE', #6132, #2904, #3705 ) ;
#7542 = VERTEX_POINT ( 'NONE', #4173 ) ;
#7543 = CARTESIAN_POINT ( 'NONE',  ( 26.50786973465682550, 243.1044880622961841, 4.519510153631784100 ) ) ;
#7544 = ADVANCED_FACE ( 'NONE', ( #990 ), #6606, .T. ) ;
#7545 = VECTOR ( 'NONE', #2611, 1000.000000000000000 ) ;
#7546 = DIRECTION ( 'NONE',  ( -0.000000000000000000, 0.000000000000000000, -1.000000000000000000 ) ) ;
#7547 = ORIENTED_EDGE ( 'NONE', *, *, #1749, .F. ) ;
#7548 = DIRECTION ( 'NONE',  ( -1.000000000000000000, 0.000000000000000000, 0.000000000000000000 ) ) ;
#7549 = EDGE_CURVE ( 'NONE', #6710, #1526, #2957, .T. ) ;
#7550 = AXIS2_PLACEMENT_3D ( 'NONE', #7888, #4087, #809 ) ;
#7551 = VERTEX_POINT ( 'NONE', #1074 ) ;
#7552 = DIRECTION ( 'NONE',  ( -2.609204460588635816E-49, 0.000000000000000000, 1.000000000000000000 ) ) ;
#7553 = ADVANCED_FACE ( 'NONE', ( #6933 ), #5087, .F. ) ;
#7554 = AXIS2_PLACEMENT_3D ( 'NONE', #8163, #4958, #7410 ) ;
#7556 = ORIENTED_EDGE ( 'NONE', *, *, #4662, .F. ) ;
#7555 = CYLINDRICAL_SURFACE ( 'NONE', #9092, 3.000000000000002665 ) ;
#7557 = EDGE_CURVE ( 'NONE', #114, #97, #9138, .T. ) ;
#7558 = CARTESIAN_POINT ( 'NONE',  ( 72.00000000000009948, 49.00000000000009948, 15.00000000000001421 ) ) ;
#7559 = EDGE_LOOP ( 'NONE', ( #9892, #7018, #4723, #6211, #7174, #1573 ) ) ;
#7560 = ORIENTED_EDGE ( 'NONE', *, *, #9712, .F. ) ;
#7561 = DIRECTION ( 'NONE',  ( 0.000000000000000000, 0.000000000000000000, -1.000000000000000000 ) ) ;
#7562 = VERTEX_POINT ( 'NONE', #8973 ) ;
#7563 = DIRECTION ( 'NONE',  ( 1.000000000000000000, 5.600273556634003027E-19, -3.136292949173481922E-19 ) ) ;
#7564 = EDGE_LOOP ( 'NONE', ( #7031, #1755, #128, #9014 ) ) ;
#7565 = AXIS2_PLACEMENT_3D ( 'NONE', #4633, #4567, #612 ) ;
#7567 = ORIENTED_EDGE ( 'NONE', *, *, #4099, .T. ) ;
#7566 = CIRCLE ( 'NONE', #5457, 2.499999999999946709 ) ;
#7568 = ORIENTED_EDGE ( 'NONE', *, *, #1172, .F. ) ;
#7569 = FACE_OUTER_BOUND ( 'NONE', #7968, .T. ) ;
#7570 = EDGE_CURVE ( 'NONE', #5569, #6858, #9626, .T. ) ;
#7571 = ORIENTED_EDGE ( 'NONE', *, *, #8969, .T. ) ;
#7572 = CARTESIAN_POINT ( 'NONE',  ( 272.0000000000003411, 145.0000000000001705, 15.00000000000001421 ) ) ;
#7573 = VERTEX_POINT ( 'NONE', #1857 ) ;
#7574 = AXIS2_PLACEMENT_3D ( 'NONE', #4146, #3389, #234 ) ;
#7575 = PLANE ( 'NONE',  #8455 ) ;
#7576 = EDGE_CURVE ( 'NONE', #2599, #7196, #7915, .T. ) ;
#7577 = CARTESIAN_POINT ( 'NONE',  ( 390.0000000000000000, -6.162975822039154730E-30, 14.99999999999990230 ) ) ;
#7578 = VECTOR ( 'NONE', #3839, 1000.000000000000000 ) ;
#7579 = FACE_BOUND ( 'NONE', #7628, .T. ) ;
#7580 = VERTEX_POINT ( 'NONE', #8047 ) ;
#7581 = STYLED_ITEM ( 'NONE', ( #3017 ), #9514 ) ;
#7582 = CARTESIAN_POINT ( 'NONE',  ( 1055.000000000000000, 51.49999999999999289, 7.499999999999949374 ) ) ;
#7583 = PRODUCT_DEFINITION_SHAPE ( 'NONE', 'NONE',  #10247 ) ;
#7584 = DIRECTION ( 'NONE',  ( 0.000000000000000000, 0.000000000000000000, -1.000000000000000000 ) ) ;
#7585 = EDGE_CURVE ( 'NONE', #6912, #6013, #9264, .T. ) ;
#7586 = LINE ( 'NONE', #1742, #912 ) ;
#7587 = FACE_BOUND ( 'NONE', #8006, .T. ) ;
#7588 = DIRECTION ( 'NONE',  ( 1.000000000000000000, 0.000000000000000000, 0.000000000000000000 ) ) ;
#7589 = VECTOR ( 'NONE', #9324, 1000.000000000000000 ) ;
#7590 = ORIENTED_EDGE ( 'NONE', *, *, #2987, .F. ) ;
#7591 = CARTESIAN_POINT ( 'NONE',  ( 26.50000000000003197, 243.5000000000000000, -4.499999999999944045 ) ) ;
#7592 = CARTESIAN_POINT ( 'NONE',  ( 105.0000000000000426, 336.0000000000002842, 15.00000000000000711 ) ) ;
#7593 = DIRECTION ( 'NONE',  ( -1.000000000000000000, -0.000000000000000000, -0.000000000000000000 ) ) ;
#7594 = VECTOR ( 'NONE', #794, 1000.000000000000000 ) ;
#7595 = ADVANCED_FACE ( 'NONE', ( #5827 ), #8283, .F. ) ;
#7596 = LINE ( 'NONE', #4685, #8213 ) ;
#7597 = ORIENTED_EDGE ( 'NONE', *, *, #7838, .F. ) ;
#7598 = DIRECTION ( 'NONE',  ( 1.000000000000000000, 5.600273556634003027E-19, -3.136292949173481922E-19 ) ) ;
#7599 = ORIENTED_EDGE ( 'NONE', *, *, #279, .F. ) ;
#7600 = AXIS2_PLACEMENT_3D ( 'NONE', #7337, #1696, #5749 ) ;
#7601 = DIRECTION ( 'NONE',  ( 1.000000000000000000, 0.000000000000000000, 0.000000000000000000 ) ) ;
#7602 = CARTESIAN_POINT ( 'NONE',  ( 26.50801907271200974, 243.1027816697689445, -10.48010897860940815 ) ) ;
#7603 = CARTESIAN_POINT ( 'NONE',  ( 27.08404912996186553, 54.40196750941833415, 6.714214720490424781 ) ) ;
#7604 = ADVANCED_FACE ( 'NONE', ( #4837 ), #5451, .F. ) ;
#7605 = CIRCLE ( 'NONE', #4795, 2.500000000000002220 ) ;
#7606 = CARTESIAN_POINT ( 'NONE',  ( 144.0343145494570365, 125.0000000000000000, 21.00000000000000000 ) ) ;
#7607 = AXIS2_PLACEMENT_3D ( 'NONE', #4502, #6919, #479 ) ;
#7608 = FACE_BOUND ( 'NONE', #9044, .T. ) ;
#7609 = EDGE_LOOP ( 'NONE', ( #1567, #4465, #5545, #3848 ) ) ;
#7610 = AXIS2_PLACEMENT_3D ( 'NONE', #8906, #4876, #6528 ) ;
#7611 = AXIS2_PLACEMENT_3D ( 'NONE', #8575, #6223, #1490 ) ;
#7612 = CARTESIAN_POINT ( 'NONE',  ( 24.99999999999991118, 240.5000000000001137, 7.499999999999951150 ) ) ;
#7613 = EDGE_LOOP ( 'NONE', ( #6028, #4613, #1376, #9160, #1955 ) ) ;
#7614 = AXIS2_PLACEMENT_3D ( 'NONE', #8329, #438, #4663 ) ;
#7615 = DIRECTION ( 'NONE',  ( 2.033782021272921061E-31, -5.176899690512889973E-31, 1.000000000000000000 ) ) ;
#7616 = EDGE_CURVE ( 'NONE', #7196, #851, #1244, .T. ) ;
#7617 = VECTOR ( 'NONE', #5078, 1000.000000000000000 ) ;
#7618 = AXIS2_PLACEMENT_3D ( 'NONE', #1488, #6256, #4707 ) ;
#7619 = CARTESIAN_POINT ( 'NONE',  ( 40.00000000000003553, 51.49999999999999289, 10.49999999999995381 ) ) ;
#7620 = LINE ( 'NONE', #8289, #6369 ) ;
#7621 = EDGE_LOOP ( 'NONE', ( #7247, #9448, #4649, #1109 ) ) ;
#7622 = CARTESIAN_POINT ( 'NONE',  ( 357.4999999999998863, 51.49999999999999289, -15.00000000000001599 ) ) ;
#7623 = MANIFOLD_SOLID_BREP ( 'Cortar-Extruir1[2]', #6787 ) ;
#7624 = CARTESIAN_POINT ( 'NONE',  ( 26.76590427536936545, 245.4846007686276721, -5.241759982192173872 ) ) ;
#7625 = FACE_OUTER_BOUND ( 'NONE', #973, .T. ) ;
#7626 = VECTOR ( 'NONE', #6647, 1000.000000000000000 ) ;
#7627 = DIRECTION ( 'NONE',  ( -2.609204460588636195E-49, 0.000000000000000000, 1.000000000000000000 ) ) ;
#7628 = EDGE_LOOP ( 'NONE', ( #5518, #9750 ) ) ;
#7629 = AXIS2_PLACEMENT_3D ( 'NONE', #9571, #7209, #2466 ) ;
#7630 = ORIENTED_EDGE ( 'NONE', *, *, #1410, .F. ) ;
#7631 = EDGE_CURVE ( 'NONE', #546, #7911, #1975, .T. ) ;
#7632 = CARTESIAN_POINT ( 'NONE',  ( 983.4999999999998863, 237.9999999999999432, -13.00000000000001421 ) ) ;
#7633 = EDGE_CURVE ( 'NONE', #6200, #8580, #358, .T. ) ;
#7634 = CARTESIAN_POINT ( 'NONE',  ( 0.000000000000000000, -1.553069907153868393E-30, -3.000000000000002665 ) ) ;
#7635 = CARTESIAN_POINT ( 'NONE',  ( 376.0000000000000000, 40.62500000000002132, 0.000000000000000000 ) ) ;
#7636 = ORIENTED_EDGE ( 'NONE', *, *, #5648, .F. ) ;
#7637 = ORIENTED_EDGE ( 'NONE', *, *, #7119, .T. ) ;
#7638 = DIRECTION ( 'NONE',  ( 1.000000000000000000, -7.590943252506637819E-32, 2.033782021272921061E-31 ) ) ;
#7639 = STYLED_ITEM ( 'NONE', ( #3640 ), #6486 ) ;
#7640 = DIRECTION ( 'NONE',  ( 2.033782021272921061E-31, 5.176899690512889973E-31, 1.000000000000000000 ) ) ;
#7641 = EDGE_CURVE ( 'NONE', #3529, #6308, #5949, .T. ) ;
#7642 = CARTESIAN_POINT ( 'NONE',  ( 7.767700475212223963E-33, 147.5000000000000853, 3.500000000000003109 ) ) ;
#7643 = AXIS2_PLACEMENT_3D ( 'NONE', #6779, #2025, #5913 ) ;
#7644 = ORIENTED_EDGE ( 'NONE', *, *, #8352, .F. ) ;
#7645 = CARTESIAN_POINT ( 'NONE',  ( 110.8431732198505273, 120.0000000000000000, 21.00000000000000000 ) ) ;
#7647 = VERTEX_POINT ( 'NONE', #1143 ) ;
#7646 = FACE_OUTER_BOUND ( 'NONE', #7843, .T. ) ;
#7648 = DIRECTION ( 'NONE',  ( 2.609204460588636195E-49, 0.000000000000000000, -1.000000000000000000 ) ) ;
#7649 = CARTESIAN_POINT ( 'NONE',  ( 0.000000000000000000, 274.9999999999998863, 0.000000000000000000 ) ) ;
#7650 = ORIENTED_EDGE ( 'NONE', *, *, #8649, .T. ) ;
#7651 = CIRCLE ( 'NONE', #7078, 7.500000000000000000 ) ;
#7652 = DIRECTION ( 'NONE',  ( -1.000000000000000000, -2.041077998578924066E-17, -1.624335346205397848E-33 ) ) ;
#7653 = CIRCLE ( 'NONE', #9776, 2.500000000000002220 ) ;
#7654 = ORIENTED_EDGE ( 'NONE', *, *, #4938, .T. ) ;
#7655 = ADVANCED_FACE ( 'NONE', ( #8902 ), #5154, .T. ) ;
#7656 = VERTEX_POINT ( 'NONE', #4357 ) ;
#7657 = ORIENTED_EDGE ( 'NONE', *, *, #473, .T. ) ;
#7658 = CARTESIAN_POINT ( 'NONE',  ( 65.50000000000009948, 81.00000000000001421, 0.000000000000000000 ) ) ;
#7659 = VECTOR ( 'NONE', #6177, 1000.000000000000114 ) ;
#7660 = VERTEX_POINT ( 'NONE', #2811 ) ;
#7661 = CARTESIAN_POINT ( 'NONE',  ( 26.53866026112599386, 244.2847269419484633, 10.40221692132197440 ) ) ;
#7662 = ORIENTED_EDGE ( 'NONE', *, *, #8372, .F. ) ;
#7663 = CARTESIAN_POINT ( 'NONE',  ( 26.50813697960615656, 51.89921868189680509, 10.47981272496309479 ) ) ;
#7664 = ADVANCED_FACE ( 'NONE', ( #7299 ), #8210, .T. ) ;
#7665 = DIRECTION ( 'NONE',  ( 1.000000000000000000, 0.000000000000000000, 0.000000000000000000 ) ) ;
#7666 = ORIENTED_EDGE ( 'NONE', *, *, #6203, .T. ) ;
#7667 = AXIS2_PLACEMENT_3D ( 'NONE', #4251, #7295, #5229 ) ;
#7668 = EDGE_LOOP ( 'NONE', ( #5398, #7400, #5834, #1288 ) ) ;
#7669 = DIRECTION ( 'NONE',  ( -1.000000000000000000, -0.000000000000000000, -0.000000000000000000 ) ) ;
#7670 = ORIENTED_EDGE ( 'NONE', *, *, #3918, .T. ) ;
#7671 = CARTESIAN_POINT ( 'NONE',  ( 1012.999999999999659, 237.9999999999999432, 15.00000000000001421 ) ) ;
#7672 = PLANE ( 'NONE',  #8275 ) ;
#7673 = ORIENTED_EDGE ( 'NONE', *, *, #588, .T. ) ;
#7674 = DIRECTION ( 'NONE',  ( 1.000000000000000000, -7.590943252506637819E-32, -2.033782021272921061E-31 ) ) ;
#7675 = DIRECTION ( 'NONE',  ( -1.941925118803053938E-33, 0.000000000000000000, -1.000000000000000000 ) ) ;
#7676 = ORIENTED_EDGE ( 'NONE', *, *, #184, .F. ) ;
#7677 = EDGE_CURVE ( 'NONE', #1380, #10239, #1371, .T. ) ;
#7678 = ORIENTED_EDGE ( 'NONE', *, *, #4596, .T. ) ;
#7679 = CYLINDRICAL_SURFACE ( 'NONE', #9263, 4.000000000000003553 ) ;
#7680 = DIRECTION ( 'NONE',  ( 1.000000000000000000, 0.000000000000000000, 0.000000000000000000 ) ) ;
#7681 = ORIENTED_EDGE ( 'NONE', *, *, #5721, .F. ) ;
#7682 = ORIENTED_EDGE ( 'NONE', *, *, #3126, .F. ) ;
#7683 = AXIS2_PLACEMENT_3D ( 'NONE', #5531, #6409, #3269 ) ;
#7684 = EDGE_CURVE ( 'NONE', #632, #7056, #4340, .T. ) ;
#7685 = DIRECTION ( 'NONE',  ( -2.033782021272921061E-31, -5.176899690512889973E-31, 1.000000000000000000 ) ) ;
#7686 = LINE ( 'NONE', #3628, #7200 ) ;
#7687 = CARTESIAN_POINT ( 'NONE',  ( 33.19114132960651631, 0.000000000000000000, 0.000000000000000000 ) ) ;
#7688 = VECTOR ( 'NONE', #865, 1000.000000000000000 ) ;
#7689 = DIRECTION ( 'NONE',  ( 2.609204460588636195E-49, 0.000000000000000000, -1.000000000000000000 ) ) ;
#7690 = ORIENTED_EDGE ( 'NONE', *, *, #9020, .T. ) ;
#7691 = CARTESIAN_POINT ( 'NONE',  ( 24.99999999999991118, 243.5000000000001137, 7.499999999999951150 ) ) ;
#7692 = CARTESIAN_POINT ( 'NONE',  ( 0.000000000000000000, 51.49999999999999289, 7.499999999999949374 ) ) ;
#7693 = EDGE_CURVE ( 'NONE', #4061, #6141, #3081, .T. ) ;
#7694 = DIRECTION ( 'NONE',  ( 0.000000000000000000, 0.000000000000000000, 1.000000000000000000 ) ) ;
#7695 = DIRECTION ( 'NONE',  ( 0.000000000000000000, 0.000000000000000000, -1.000000000000000000 ) ) ;
#7696 = FACE_OUTER_BOUND ( 'NONE', #10150, .T. ) ;
#7697 = EDGE_CURVE ( 'NONE', #6081, #4794, #7430, .T. ) ;
#7698 = VERTEX_POINT ( 'NONE', #9136 ) ;
#7699 = ADVANCED_FACE ( 'NONE', ( #5327 ), #1730, .F. ) ;
#7700 = CARTESIAN_POINT ( 'NONE',  ( 34.00000000000002842, 147.5000000000000853, 15.00000000000001421 ) ) ;
#7701 = PRODUCT_RELATED_PRODUCT_CATEGORY ( 'part', '', ( #8203 ) ) ;
#7702 = CIRCLE ( 'NONE', #7999, 4.000000000000003553 ) ;
#7703 = DIRECTION ( 'NONE',  ( 1.000000000000000000, -8.906522175617107959E-18, 1.884415061598961149E-33 ) ) ;
#7704 = LINE ( 'NONE', #1569, #6857 ) ;
#7705 = VERTEX_POINT ( 'NONE', #9889 ) ;
#7706 = EDGE_CURVE ( 'NONE', #4552, #1384, #4079, .T. ) ;
#7707 = CARTESIAN_POINT ( 'NONE',  ( 26.50000000000002132, 51.30253646799929612, 4.499999999999941380 ) ) ;
#7708 = DIRECTION ( 'NONE',  ( 2.033782021272921061E-31, 5.176899690512889973E-31, -1.000000000000000000 ) ) ;
#7709 =( LENGTH_UNIT ( ) NAMED_UNIT ( * ) SI_UNIT ( .MILLI., .METRE. ) );
#7710 = ADVANCED_FACE ( 'NONE', ( #616 ), #5947, .F. ) ;
#7711 = DIRECTION ( 'NONE',  ( -2.609204460588635816E-49, 0.000000000000000000, 1.000000000000000000 ) ) ;
#7712 = LINE ( 'NONE', #1358, #669 ) ;
#7713 = CARTESIAN_POINT ( 'NONE',  ( 26.49999999999997513, 243.7003500140687606, -10.49999999999995381 ) ) ;
#7714 = CIRCLE ( 'NONE', #3026, 4.000000000000003553 ) ;
#7715 = VERTEX_POINT ( 'NONE', #396 ) ;
#7716 = ORIENTED_EDGE ( 'NONE', *, *, #6903, .T. ) ;
#7717 = FACE_OUTER_BOUND ( 'NONE', #6650, .T. ) ;
#7718 = DIRECTION ( 'NONE',  ( -0.000000000000000000, 0.000000000000000000, 1.000000000000000000 ) ) ;
#7719 = CIRCLE ( 'NONE', #9842, 2.500000000000002220 ) ;
#7720 = EDGE_LOOP ( 'NONE', ( #5914, #7859, #7207, #5211 ) ) ;
#7721 = AXIS2_PLACEMENT_3D ( 'NONE', #10018, #7552, #7588 ) ;
#7722 = CARTESIAN_POINT ( 'NONE',  ( 26.49999999999997513, 243.7003500140687606, 10.49999999999995381 ) ) ;
#7723 = CARTESIAN_POINT ( 'NONE',  ( 0.000000000000000000, 295.0000000000000000, -15.00000000000001599 ) ) ;
#7724 = FACE_BOUND ( 'NONE', #1219, .T. ) ;
#7725 = DIRECTION ( 'NONE',  ( 1.000000000000000000, 2.107444935536021046E-17, 2.033782021272921061E-31 ) ) ;
#7726 = FACE_OUTER_BOUND ( 'NONE', #8791, .T. ) ;
#7727 = EDGE_CURVE ( 'NONE', #3408, #851, #10121, .T. ) ;
#7728 = CARTESIAN_POINT ( 'NONE',  ( 24.99999999999991118, 243.5000000000001137, 7.499999999999951150 ) ) ;
#7729 = VERTEX_POINT ( 'NONE', #8280 ) ;
#7730 = ORIENTED_EDGE ( 'NONE', *, *, #4319, .T. ) ;
#7731 = AXIS2_PLACEMENT_3D ( 'NONE', #821, #856, #6416 ) ;
#7732 = CARTESIAN_POINT ( 'NONE',  ( 1017.999999999999545, 237.9999999999999432, -13.00000000000001066 ) ) ;
#7733 = CARTESIAN_POINT ( 'NONE',  ( 27.17443692494286722, 0.000000000000000000, 0.000000000000000000 ) ) ;
#7734 = CARTESIAN_POINT ( 'NONE',  ( 284.0000000000000568, 336.0000000000001705, 15.00000000000001421 ) ) ;
#7735 = AXIS2_PLACEMENT_3D ( 'NONE', #1839, #8987, #6623 ) ;
#7736 = CARTESIAN_POINT ( 'NONE',  ( 26.96410053811198537, 48.90013533092261611, 5.990531972677505479 ) ) ;
#7737 = DIRECTION ( 'NONE',  ( 0.000000000000000000, 0.000000000000000000, -1.000000000000000000 ) ) ;
#7738 = SURFACE_STYLE_USAGE ( .BOTH. , #7852 ) ;
#7739 = VECTOR ( 'NONE', #3951, 1000.000000000000000 ) ;
#7740 = ORIENTED_EDGE ( 'NONE', *, *, #3720, .F. ) ;
#7741 = DIRECTION ( 'NONE',  ( 1.000000000000000000, 0.000000000000000000, 0.000000000000000000 ) ) ;
#7742 = DIRECTION ( 'NONE',  ( -0.000000000000000000, 0.000000000000000000, 1.000000000000000000 ) ) ;
#7743 = AXIS2_PLACEMENT_3D ( 'NONE', #1858, #9007, #5086 ) ;
#7744 = CARTESIAN_POINT ( 'NONE',  ( 332.4999999999999432, 147.2338671309315714, 11.50000000000001599 ) ) ;
#7745 = DIRECTION ( 'NONE',  ( 0.8310197183900910334, -0.5562429573907915481, 0.000000000000000000 ) ) ;
#7746 = EDGE_CURVE ( 'NONE', #5191, #5248, #3218, .T. ) ;
#7747 = ORIENTED_EDGE ( 'NONE', *, *, #2907, .T. ) ;
#7749 = ORIENTED_EDGE ( 'NONE', *, *, #7631, .F. ) ;
#7748 = LINE ( 'NONE', #1243, #5671 ) ;
#7750 = AXIS2_PLACEMENT_3D ( 'NONE', #2706, #8237, #7459 ) ;
#7751 = EDGE_CURVE ( 'NONE', #2808, #10088, #9875, .T. ) ;
#7752 = ORIENTED_EDGE ( 'NONE', *, *, #933, .F. ) ;
#7753 = CARTESIAN_POINT ( 'NONE',  ( 791.4999999999998863, 237.9999999999999432, 13.00000000000001421 ) ) ;
#7754 = VERTEX_POINT ( 'NONE', #1205 ) ;
#7755 = CARTESIAN_POINT ( 'NONE',  ( 331.3444884193503412, 151.4996833417694120, 7.228218908881303584 ) ) ;
#7756 = CARTESIAN_POINT ( 'NONE',  ( 981.0000000000000000, 237.9999999999999432, 13.00000000000001421 ) ) ;
#7757 = CARTESIAN_POINT ( 'NONE',  ( 0.000000000000000000, 0.000000000000000000, 15.00000000000001421 ) ) ;
#7758 = CIRCLE ( 'NONE', #6338, 7.500000000000000000 ) ;
#7759 = ADVANCED_FACE ( 'NONE', ( #2228 ), #433, .T. ) ;
#7760 = VECTOR ( 'NONE', #2174, 1000.000000000000000 ) ;
#7761 =( GEOMETRIC_REPRESENTATION_CONTEXT ( 3 ) GLOBAL_UNCERTAINTY_ASSIGNED_CONTEXT ( ( #2490 ) ) GLOBAL_UNIT_ASSIGNED_CONTEXT ( ( #7709, #6994, #8507 ) ) REPRESENTATION_CONTEXT ( 'NONE', 'WORKASPACE' ) );
#7763 = ORIENTED_EDGE ( 'NONE', *, *, #8755, .F. ) ;
#7762 = CIRCLE ( 'NONE', #7743, 2.499999999999946709 ) ;
#7764 = DIRECTION ( 'NONE',  ( 0.000000000000000000, 0.000000000000000000, -1.000000000000000000 ) ) ;
#7765 = ORIENTED_EDGE ( 'NONE', *, *, #3188, .F. ) ;
#7766 = EDGE_CURVE ( 'NONE', #2079, #1195, #9250, .T. ) ;
#7767 = EDGE_LOOP ( 'NONE', ( #10072, #8953 ) ) ;
#7768 = VERTEX_POINT ( 'NONE', #2879 ) ;
#7769 = AXIS2_PLACEMENT_3D ( 'NONE', #7042, #2303, #10204 ) ;
#7770 = DIRECTION ( 'NONE',  ( -3.136292949173481922E-19, 1.387778780781445676E-17, -1.000000000000000000 ) ) ;
#7771 = FACE_OUTER_BOUND ( 'NONE', #2314, .T. ) ;
#7772 = PLANE ( 'NONE',  #2403 ) ;
#7773 = DIRECTION ( 'NONE',  ( 0.000000000000000000, 0.000000000000000000, 1.000000000000000000 ) ) ;
#7775 = ORIENTED_EDGE ( 'NONE', *, *, #1232, .T. ) ;
#7774 = LINE ( 'NONE', #1593, #3812 ) ;
#7776 = PLANE ( 'NONE',  #707 ) ;
#7777 = SHAPE_REPRESENTATION ( 'A353250-FONDOSXXMU', ( #3788 ), #6652 ) ;
#7778 = DIRECTION ( 'NONE',  ( 2.609204460588635816E-49, 0.000000000000000000, -1.000000000000000000 ) ) ;
#7779 = SURFACE_SIDE_STYLE ('',( #9564 ) ) ;
#7780 = EDGE_CURVE ( 'NONE', #9622, #3408, #8155, .T. ) ;
#7781 = DIRECTION ( 'NONE',  ( -0.000000000000000000, 0.000000000000000000, 1.000000000000000000 ) ) ;
#7782 = VECTOR ( 'NONE', #4943, 1000.000000000000000 ) ;
#7783 = CARTESIAN_POINT ( 'NONE',  ( 386.0000000000000000, 51.49999999999999289, 1.043681784235452503E-48 ) ) ;
#7784 = CARTESIAN_POINT ( 'NONE',  ( 332.0917001862239886, 145.0488542757623236, 10.67152972219209062 ) ) ;
#7785 = ORIENTED_EDGE ( 'NONE', *, *, #1853, .T. ) ;
#7786 = DIRECTION ( 'NONE',  ( -1.941925118803053938E-33, 0.000000000000000000, 1.000000000000000000 ) ) ;
#7787 = CARTESIAN_POINT ( 'NONE',  ( 272.0000000000003411, 209.0000000000003695, 0.000000000000000000 ) ) ;
#7788 = AXIS2_PLACEMENT_3D ( 'NONE', #7248, #8861, #8169 ) ;
#7789 = DIRECTION ( 'NONE',  ( 1.000000000000000000, -7.590943252506637819E-32, -2.033782021272921061E-31 ) ) ;
#7791 = ORIENTED_EDGE ( 'NONE', *, *, #5897, .T. ) ;
#7790 = CIRCLE ( 'NONE', #3735, 2.499999999999891198 ) ;
#7792 = VERTEX_POINT ( 'NONE', #4522 ) ;
#7793 = CARTESIAN_POINT ( 'NONE',  ( 0.000000000000000000, 267.7500000000000568, 3.999999999999996447 ) ) ;
#7794 = AXIS2_PLACEMENT_3D ( 'NONE', #3583, #8382, #3620 ) ;
#7795 = VERTEX_POINT ( 'NONE', #570 ) ;
#7796 = CARTESIAN_POINT ( 'NONE',  ( 332.3888082944304756, 148.8101287795439589, 3.711568962158871443 ) ) ;
#7797 = EDGE_LOOP ( 'NONE', ( #1621, #7510, #7650, #4413 ) ) ;
#7798 = CARTESIAN_POINT ( 'NONE',  ( 110.8431732198505273, 120.0000000000000000, 16.50000000000000000 ) ) ;
#7799 = ADVANCED_BREP_SHAPE_REPRESENTATION ( '', ( #8245, #3788 ), #9028 ) ;
#7800 = DIRECTION ( 'NONE',  ( 2.033782021272921061E-31, 5.176899690512889973E-31, -1.000000000000000000 ) ) ;
#7801 = ORIENTED_EDGE ( 'NONE', *, *, #9619, .F. ) ;
#7802 =( GEOMETRIC_REPRESENTATION_CONTEXT ( 3 ) GLOBAL_UNCERTAINTY_ASSIGNED_CONTEXT ( ( #2857 ) ) GLOBAL_UNIT_ASSIGNED_CONTEXT ( ( #3694, #1293, #4472 ) ) REPRESENTATION_CONTEXT ( 'NONE', 'WORKASPACE' ) );
#7804 = ORIENTED_EDGE ( 'NONE', *, *, #6426, .F. ) ;
#7803 = LINE ( 'NONE', #7084, #3967 ) ;
#7805 = CARTESIAN_POINT ( 'NONE',  ( 8.000000000000007105, 243.5000000000000000, 0.000000000000000000 ) ) ;
#7806 = VERTEX_POINT ( 'NONE', #5394 ) ;
#7807 = VECTOR ( 'NONE', #7005, 1000.000000000000000 ) ;
#7808 = DIRECTION ( 'NONE',  ( 0.000000000000000000, -1.000000000000000000, 0.000000000000000000 ) ) ;
#7809 = VERTEX_POINT ( 'NONE', #4595 ) ;
#7810 = EDGE_LOOP ( 'NONE', ( #368, #10096, #5088, #8880 ) ) ;
#7811 = DIRECTION ( 'NONE',  ( 1.000000000000000000, 5.600273556634003027E-19, -3.136292949173481922E-19 ) ) ;
#7812 = FILL_AREA_STYLE_COLOUR ( '', #6729 ) ;
#7813 = CARTESIAN_POINT ( 'NONE',  ( 381.9999999999998863, 243.5000000000000000, 3.000000000000113687 ) ) ;
#7814 = EDGE_CURVE ( 'NONE', #550, #8778, #8335, .T. ) ;
#7815 = FACE_OUTER_BOUND ( 'NONE', #5726, .T. ) ;
#7816 = DIRECTION ( 'NONE',  ( 3.136292949173481922E-19, 1.387778780781445676E-17, -1.000000000000000000 ) ) ;
#7817 = FILL_AREA_STYLE ('',( #9333 ) ) ;
#7818 = FACE_BOUND ( 'NONE', #1441, .T. ) ;
#7819 = ADVANCED_FACE ( 'NONE', ( #1720 ), #1969, .F. ) ;
#7820 = CARTESIAN_POINT ( 'NONE',  ( 728.0000000000001137, 147.5000000000000000, 15.00000000000001599 ) ) ;
#7821 = ORIENTED_EDGE ( 'NONE', *, *, #9202, .T. ) ;
#7822 = AXIS2_PLACEMENT_3D ( 'NONE', #8564, #2986, #642 ) ;
#7823 = DIRECTION ( 'NONE',  ( 1.000000000000000000, 0.000000000000000000, 0.000000000000000000 ) ) ;
#7824 = EDGE_CURVE ( 'NONE', #8157, #3615, #5566, .T. ) ;
#7825 = CARTESIAN_POINT ( 'NONE',  ( 331.5866782359841523, 143.9112321343977499, 5.713970754898705096 ) ) ;
#7826 = EDGE_CURVE ( 'NONE', #935, #6055, #3698, .T. ) ;
#7827 = CARTESIAN_POINT ( 'NONE',  ( 26.50000000000003197, 147.5000000000000853, 1.500000000000001332 ) ) ;
#7828 = PLANE ( 'NONE',  #3339 ) ;
#7829 = CYLINDRICAL_SURFACE ( 'NONE', #9199, 2.499999999999946709 ) ;
#7830 = CYLINDRICAL_SURFACE ( 'NONE', #7226, 2.499999999999891198 ) ;
#7831 = CYLINDRICAL_SURFACE ( 'NONE', #1255, 6.000000000000019540 ) ;
#7832 = ORIENTED_EDGE ( 'NONE', *, *, #4281, .F. ) ;
#7833 = PRESENTATION_LAYER_ASSIGNMENT (  '', '', ( #7171 ) ) ;
#7834 = CONTEXT_DEPENDENT_SHAPE_REPRESENTATION ( #8297, #1942 ) ;
#7835 = EDGE_CURVE ( 'NONE', #2693, #2595, #3465, .T. ) ;
#7836 = AXIS2_PLACEMENT_3D ( 'NONE', #5121, #6750, #5183 ) ;
#7837 = PLANE ( 'NONE',  #1731 ) ;
#7838 = EDGE_CURVE ( 'NONE', #1546, #3408, #4577, .T. ) ;
#7839 = VECTOR ( 'NONE', #5710, 1000.000000000000000 ) ;
#7840 = FACE_BOUND ( 'NONE', #5477, .T. ) ;
#7841 = ORIENTED_EDGE ( 'NONE', *, *, #5978, .T. ) ;
#7842 = CARTESIAN_POINT ( 'NONE',  ( 376.0000000000000000, 267.7500000000001705, -6.938893903907228378E-15 ) ) ;
#7843 = EDGE_LOOP ( 'NONE', ( #4796, #7152, #728, #840 ) ) ;
#7844 = DIRECTION ( 'NONE',  ( -0.000000000000000000, 0.000000000000000000, 1.000000000000000000 ) ) ;
#7845 = CARTESIAN_POINT ( 'NONE',  ( 8.000000000000007105, 51.49999999999999289, 15.00000000000001421 ) ) ;
#7846 = DIRECTION ( 'NONE',  ( 1.000000000000000000, 0.000000000000000000, 0.000000000000000000 ) ) ;
#7847 = LINE ( 'NONE', #6474, #1919 ) ;
#7848 = CARTESIAN_POINT ( 'NONE',  ( 1012.999999999999659, 237.9999999999999432, -15.00000000000001421 ) ) ;
#7849 = FACE_BOUND ( 'NONE', #5122, .T. ) ;
#7850 = ORIENTED_EDGE ( 'NONE', *, *, #2404, .T. ) ;
#7851 = CARTESIAN_POINT ( 'NONE',  ( 41.50000000000002842, 51.49999999999999289, -15.00000000000001421 ) ) ;
#7852 = SURFACE_SIDE_STYLE ('',( #4521 ) ) ;
#7853 = CARTESIAN_POINT ( 'NONE',  ( 26.96410222240949395, 246.0998822635226873, -9.009496562591374769 ) ) ;
#7854 = DIRECTION ( 'NONE',  ( 1.000000000000000000, -7.590943252506637819E-32, -2.033782021272921061E-31 ) ) ;
#7855 = LINE ( 'NONE', #5246, #8356 ) ;
#7856 = CARTESIAN_POINT ( 'NONE',  ( 238.0000000000003126, 43.00000000000000711, 9.000000000000007105 ) ) ;
#7857 = CARTESIAN_POINT ( 'NONE',  ( 274.5000000000002274, 209.0000000000003695, 0.000000000000000000 ) ) ;
#7858 = VECTOR ( 'NONE', #6376, 1000.000000000000114 ) ;
#7859 = ORIENTED_EDGE ( 'NONE', *, *, #2204, .F. ) ;
#7860 = CARTESIAN_POINT ( 'NONE',  ( 381.9999999999998863, 51.49999999999999289, 14.99999999999990230 ) ) ;
#7861 = CARTESIAN_POINT ( 'NONE',  ( 0.000000000000000000, -1.553069907153868393E-30, 3.000000000000002665 ) ) ;
#7862 = CARTESIAN_POINT ( 'NONE',  ( 108.1911413296065092, 1.620164975419772189E-16, 21.00000000000000000 ) ) ;
#7863 = CIRCLE ( 'NONE', #5315, 3.000000000000004441 ) ;
#7864 = AXIS2_PLACEMENT_3D ( 'NONE', #5115, #351, #1952 ) ;
#7865 = CARTESIAN_POINT ( 'NONE',  ( 788.9999999999998863, 237.9999999999999432, 13.00000000000001421 ) ) ;
#7866 = PLANE ( 'NONE',  #1348 ) ;
#7867 = ORIENTED_EDGE ( 'NONE', *, *, #5747, .F. ) ;
#7868 = VERTEX_POINT ( 'NONE', #5360 ) ;
#7869 = ADVANCED_FACE ( 'NONE', ( #3950 ), #5818, .F. ) ;
#7870 = EDGE_LOOP ( 'NONE', ( #8492, #1797, #1751, #7630 ) ) ;
#7871 = PLANE ( 'NONE',  #10139 ) ;
#7872 = DIRECTION ( 'NONE',  ( -1.000000000000000000, -2.041077998578924066E-17, -1.624335346205397848E-33 ) ) ;
#7873 = EDGE_CURVE ( 'NONE', #3157, #1100, #102, .T. ) ;
#7874 = DIRECTION ( 'NONE',  ( -0.000000000000000000, 0.000000000000000000, 1.000000000000000000 ) ) ;
#7875 = VERTEX_POINT ( 'NONE', #8449 ) ;
#7876 = CIRCLE ( 'NONE', #10130, 2.499999999999946709 ) ;
#7877 = ORIENTED_EDGE ( 'NONE', *, *, #4847, .T. ) ;
#7878 = DIRECTION ( 'NONE',  ( 5.600273556634000138E-19, 1.000000000000000000, -6.938893903907225296E-18 ) ) ;
#7879 = AXIS2_PLACEMENT_3D ( 'NONE', #3372, #9710, #4240 ) ;
#7880 = VERTEX_POINT ( 'NONE', #3651 ) ;
#7881 = EDGE_CURVE ( 'NONE', #6078, #4745, #6179, .T. ) ;
#7882 = DIRECTION ( 'NONE',  ( 0.000000000000000000, 0.000000000000000000, 1.000000000000000000 ) ) ;
#7883 = DIRECTION ( 'NONE',  ( 1.000000000000000000, 0.000000000000000000, 0.000000000000000000 ) ) ;
#7884 = CARTESIAN_POINT ( 'NONE',  ( 26.00000000000006040, 42.99999999999998579, 9.000000000000007105 ) ) ;
#7885 = ORIENTED_EDGE ( 'NONE', *, *, #6126, .T. ) ;
#7887 = ORIENTED_EDGE ( 'NONE', *, *, #255, .T. ) ;
#7886 = FACE_OUTER_BOUND ( 'NONE', #6568, .T. ) ;
#7888 = CARTESIAN_POINT ( 'NONE',  ( 324.9999999999999432, 147.5000000000000853, 15.00000000000001421 ) ) ;
#7889 = AXIS2_PLACEMENT_3D ( 'NONE', #4980, #3423, #2547 ) ;
#7890 = EDGE_LOOP ( 'NONE', ( #10129, #6168 ) ) ;
#7891 = CARTESIAN_POINT ( 'NONE',  ( 0.000000000000000000, 15.00000000000001421, 0.000000000000000000 ) ) ;
#7892 = CARTESIAN_POINT ( 'NONE',  ( 791.4999999999998863, 237.9999999999999432, -15.00000000000001599 ) ) ;
#7893 = EDGE_CURVE ( 'NONE', #2468, #3861, #1849, .T. ) ;
#7894 = AXIS2_PLACEMENT_3D ( 'NONE', #9313, #8568, #4603 ) ;
#7895 = FACE_OUTER_BOUND ( 'NONE', #3725, .T. ) ;
#7896 = EDGE_CURVE ( 'NONE', #4392, #8525, #2347, .T. ) ;
#7897 = CYLINDRICAL_SURFACE ( 'NONE', #1187, 3.000000000000002665 ) ;
#7899 = ORIENTED_EDGE ( 'NONE', *, *, #7440, .F. ) ;
#7898 = CIRCLE ( 'NONE', #7408, 3.000000000000002665 ) ;
#7900 = DIRECTION ( 'NONE',  ( 1.000000000000000000, -7.590943252506637819E-32, -2.033782021272921061E-31 ) ) ;
#7901 = ORIENTED_EDGE ( 'NONE', *, *, #3534, .F. ) ;
#7902 = EDGE_LOOP ( 'NONE', ( #2567, #6695, #10182, #6422, #7921, #5627 ) ) ;
#7903 = CARTESIAN_POINT ( 'NONE',  ( 1055.000000000000000, 51.49999999999999289, -7.499999999999949374 ) ) ;
#7904 = ADVANCED_FACE ( 'NONE', ( #4704, #8271, #10110 ), #4457, .F. ) ;
#7905 = CIRCLE ( 'NONE', #9036, 6.000000000000015987 ) ;
#7906 =( NAMED_UNIT ( * ) SI_UNIT ( $, .STERADIAN. ) SOLID_ANGLE_UNIT ( ) );
#7907 = EDGE_LOOP ( 'NONE', ( #3178, #3097, #4979, #5714 ) ) ;
#7908 = EDGE_CURVE ( 'NONE', #2212, #4800, #6690, .T. ) ;
#7909 = CARTESIAN_POINT ( 'NONE',  ( 455.9999999999999432, 51.49999999999999289, -15.00000000000001599 ) ) ;
#7910 = DIRECTION ( 'NONE',  ( -0.000000000000000000, 1.000000000000000000, -0.000000000000000000 ) ) ;
#7911 = VERTEX_POINT ( 'NONE', #10128 ) ;
#7912 = DIRECTION ( 'NONE',  ( 0.000000000000000000, 0.000000000000000000, -1.000000000000000000 ) ) ;
#7913 = DIRECTION ( 'NONE',  ( 2.033782021272921061E-31, 5.176899690512889973E-31, 1.000000000000000000 ) ) ;
#7914 = CARTESIAN_POINT ( 'NONE',  ( 26.00000000000003908, 235.0000000000003126, 15.00000000000001421 ) ) ;
#7916 = EDGE_LOOP ( 'NONE', ( #1313, #5161, #733, #8053 ) ) ;
#7915 = LINE ( 'NONE', #1040, #740 ) ;
#7917 = VERTEX_POINT ( 'NONE', #7114 ) ;
#7918 = CARTESIAN_POINT ( 'NONE',  ( 26.53876507417225383, 52.28612264282694611, -4.598049040410638000 ) ) ;
#7919 = CARTESIAN_POINT ( 'NONE',  ( 15.49999999999990230, 751.9999999999996589, 275.0000000000000000 ) ) ;
#7920 = ORIENTED_EDGE ( 'NONE', *, *, #4393, .F. ) ;
#7921 = ORIENTED_EDGE ( 'NONE', *, *, #1876, .F. ) ;
#7922 = ADVANCED_FACE ( 'NONE', ( #4068 ), #1115, .F. ) ;
#7923 = DIRECTION ( 'NONE',  ( -1.000000000000000000, 2.041077998578924066E-17, -2.259514891400699764E-33 ) ) ;
#7924 = DIRECTION ( 'NONE',  ( 2.033782021272921061E-31, -5.176899690512889973E-31, 1.000000000000000000 ) ) ;
#7926 = VERTEX_POINT ( 'NONE', #6241 ) ;
#7925 = CIRCLE ( 'NONE', #4334, 4.000000000000003553 ) ;
#7927 = DIRECTION ( 'NONE',  ( 2.033782021272921061E-31, -5.176899690512889973E-31, 1.000000000000000000 ) ) ;
#7928 = ORIENTED_EDGE ( 'NONE', *, *, #3268, .T. ) ;
#7929 = FACE_OUTER_BOUND ( 'NONE', #2002, .T. ) ;
#7930 = AXIS2_PLACEMENT_3D ( 'NONE', #5290, #3630, #7638 ) ;
#7931 = ORIENTED_EDGE ( 'NONE', *, *, #5523, .T. ) ;
#7932 = VERTEX_POINT ( 'NONE', #4735 ) ;
#7933 = UNCERTAINTY_MEASURE_WITH_UNIT (LENGTH_MEASURE( 1.000000000000000082E-05 ), #5743, 'distance_accuracy_value', 'NONE');
#7934 = AXIS2_PLACEMENT_3D ( 'NONE', #4866, #5655, #6442 ) ;
#7935 = SHAPE_REPRESENTATION ( 'A353250-ESTANTESMO', ( #3788 ), #10064 ) ;
#7936 = CARTESIAN_POINT ( 'NONE',  ( 385.0000000000000000, 3.000000000000002665, 0.000000000000000000 ) ) ;
#7937 = FACE_OUTER_BOUND ( 'NONE', #9748, .T. ) ;
#7938 = DIRECTION ( 'NONE',  ( -2.033782021272921061E-31, -5.176899690512889973E-31, 1.000000000000000000 ) ) ;
#7939 = CYLINDRICAL_SURFACE ( 'NONE', #7498, 3.000000000000000888 ) ;
#7940 = ORIENTED_EDGE ( 'NONE', *, *, #5265, .F. ) ;
#7941 = AXIS2_PLACEMENT_3D ( 'NONE', #2627, #983, #6512 ) ;
#7942 = CARTESIAN_POINT ( 'NONE',  ( 26.65160653322066153, 49.99044231290159246, -4.900125791077459603 ) ) ;
#7943 = ORIENTED_EDGE ( 'NONE', *, *, #7454, .T. ) ;
#7944 = CARTESIAN_POINT ( 'NONE',  ( 823.4999999999998863, 237.9999999999999716, -15.00000000000001421 ) ) ;
#7945 = CARTESIAN_POINT ( 'NONE',  ( 0.000000000000000000, 0.000000000000000000, 0.000000000000000000 ) ) ;
#7946 = CIRCLE ( 'NONE', #9921, 7.499999999999951150 ) ;
#7947 = FACE_OUTER_BOUND ( 'NONE', #3483, .T. ) ;
#7948 = ORIENTED_EDGE ( 'NONE', *, *, #5406, .F. ) ;
#7949 = CARTESIAN_POINT ( 'NONE',  ( 725.0000000000001137, 51.49999999999999289, -15.00000000000001599 ) ) ;
#7950 = CARTESIAN_POINT ( 'NONE',  ( 26.84751091455459004, 53.76112384590958015, -5.518685501409448690 ) ) ;
#7951 = APPLICATION_CONTEXT ( 'automotive_design' ) ;
#7952 = DIRECTION ( 'NONE',  ( 0.000000000000000000, 0.000000000000000000, 1.000000000000000000 ) ) ;
#7953 = CYLINDRICAL_SURFACE ( 'NONE', #2834, 2.499999999999891198 ) ;
#7954 = DIRECTION ( 'NONE',  ( 2.033782021272921061E-31, 5.176899690512889973E-31, 1.000000000000000000 ) ) ;
#7955 = EDGE_CURVE ( 'NONE', #2818, #4422, #3824, .T. ) ;
#7956 = CIRCLE ( 'NONE', #6025, 7.500000000000000000 ) ;
#7957 = EDGE_LOOP ( 'NONE', ( #4544, #4645, #3224, #571 ) ) ;
#7958 = EDGE_CURVE ( 'NONE', #5905, #5411, #6920, .T. ) ;
#7959 = CARTESIAN_POINT ( 'NONE',  ( 390.0000000000000000, 294.9999999999998863, 15.00000000000001421 ) ) ;
#7960 = CARTESIAN_POINT ( 'NONE',  ( 6.938893903907228378E-15, 89.25000000000005684, 0.000000000000000000 ) ) ;
#7961 = DIRECTION ( 'NONE',  ( 1.000000000000000000, 0.000000000000000000, 0.000000000000000000 ) ) ;
#7962 = PRODUCT_DEFINITION ( 'UNKNOWN', '', #9614, #5433 ) ;
#7963 = SURFACE_STYLE_FILL_AREA ( #3434 ) ;
#7964 = VECTOR ( 'NONE', #9335, 1000.000000000000000 ) ;
#7965 = ORIENTED_EDGE ( 'NONE', *, *, #266, .F. ) ;
#7966 = EDGE_CURVE ( 'NONE', #3615, #515, #1362, .T. ) ;
#7967 = DIRECTION ( 'NONE',  ( 1.941925118803054280E-33, 0.000000000000000000, 1.000000000000000000 ) ) ;
#7968 = EDGE_LOOP ( 'NONE', ( #2090, #1264, #8139, #5461 ) ) ;
#7969 = AXIS2_PLACEMENT_3D ( 'NONE', #8532, #5506, #6950 ) ;
#7970 = ADVANCED_FACE ( 'NONE', ( #7771 ), #7828, .T. ) ;
#7971 = SURFACE_STYLE_USAGE ( .BOTH. , #2378 ) ;
#7972 = CIRCLE ( 'NONE', #788, 2.499999999999946709 ) ;
#7973 = DIRECTION ( 'NONE',  ( 2.033782021272921061E-31, 5.176899690512889973E-31, 1.000000000000000000 ) ) ;
#7974 = FACE_OUTER_BOUND ( 'NONE', #2912, .T. ) ;
#7975 = ORIENTED_EDGE ( 'NONE', *, *, #2521, .F. ) ;
#7976 = SURFACE_STYLE_FILL_AREA ( #379 ) ;
#7977 = CARTESIAN_POINT ( 'NONE',  ( 728.0000000000001137, 51.49999999999999289, 3.000000000000002665 ) ) ;
#7978 = EDGE_CURVE ( 'NONE', #4835, #9003, #350, .T. ) ;
#7979 = CARTESIAN_POINT ( 'NONE',  ( 25.00000000000002132, 51.50000000000000000, 7.500000000000007105 ) ) ;
#7980 = DIRECTION ( 'NONE',  ( -1.000000000000000000, 0.000000000000000000, -1.941925118803054280E-33 ) ) ;
#7981 = LINE ( 'NONE', #10085, #310 ) ;
#7982 = PLANE ( 'NONE',  #5063 ) ;
#7983 = APPLICATION_CONTEXT ( 'automotive_design' ) ;
#7984 = FACE_OUTER_BOUND ( 'NONE', #9690, .T. ) ;
#7985 = ORIENTED_EDGE ( 'NONE', *, *, #7966, .T. ) ;
#7986 = CARTESIAN_POINT ( 'NONE',  ( 0.000000000000000000, 295.0000000000000000, -15.00000000000001599 ) ) ;
#7987 = VERTEX_POINT ( 'NONE', #3021 ) ;
#7988 = DIRECTION ( 'NONE',  ( 3.136292949173481922E-19, 1.387778780781445676E-17, -1.000000000000000000 ) ) ;
#7989 = DIRECTION ( 'NONE',  ( 0.000000000000000000, 0.000000000000000000, 1.000000000000000000 ) ) ;
#7990 = CARTESIAN_POINT ( 'NONE',  ( 375.9999999999999432, 89.25000000000005684, 3.999999999999996447 ) ) ;
#7991 = DIRECTION ( 'NONE',  ( 1.000000000000000000, 2.041077998578924066E-17, 1.624335346205397848E-33 ) ) ;
#7992 = CARTESIAN_POINT ( 'NONE',  ( 0.000000000000000000, 0.000000000000000000, 21.00000000000000000 ) ) ;
#7993 = AXIS2_PLACEMENT_3D ( 'NONE', #3013, #2295, #7823 ) ;
#7994 = VECTOR ( 'NONE', #1363, 1000.000000000000000 ) ;
#7995 = VECTOR ( 'NONE', #10086, 1000.000000000000000 ) ;
#7996 = ORIENTED_EDGE ( 'NONE', *, *, #1565, .F. ) ;
#7997 = CARTESIAN_POINT ( 'NONE',  ( 272.0000000000003411, 241.0000000000003411, 15.00000000000001421 ) ) ;
#7998 = CARTESIAN_POINT ( 'NONE',  ( 271.0000000000000000, 336.0000000000001705, 3.000000000000058176 ) ) ;
#7999 = AXIS2_PLACEMENT_3D ( 'NONE', #7805, #2313, #763 ) ;
#8000 = CARTESIAN_POINT ( 'NONE',  ( 1015.499999999999659, 237.9999999999999432, -13.00000000000001066 ) ) ;
#8001 = CARTESIAN_POINT ( 'NONE',  ( 376.0000000000000000, 308.3750000000001705, -6.938893903907228378E-15 ) ) ;
#8002 = ORIENTED_EDGE ( 'NONE', *, *, #4868, .T. ) ;
#8004 = ORIENTED_EDGE ( 'NONE', *, *, #7189, .T. ) ;
#8003 = LINE ( 'NONE', #1646, #3560 ) ;
#8005 = CARTESIAN_POINT ( 'NONE',  ( 26.84650438807688744, 49.24212524357239573, -5.515134118303094191 ) ) ;
#8006 = EDGE_LOOP ( 'NONE', ( #2198, #5209 ) ) ;
#8007 = ORIENTED_EDGE ( 'NONE', *, *, #6708, .F. ) ;
#8008 = CARTESIAN_POINT ( 'NONE',  ( 26.49999999999996803, 243.5000000000000000, -10.49999999999995381 ) ) ;
#8009 = CARTESIAN_POINT ( 'NONE',  ( 359.0000000000000000, 274.9999999999999432, 14.99999999999995737 ) ) ;
#8010 = EDGE_CURVE ( 'NONE', #7121, #3667, #8027, .T. ) ;
#8011 = CARTESIAN_POINT ( 'NONE',  ( 0.000000000000000000, 0.000000000000000000, 0.000000000000000000 ) ) ;
#8012 = LINE ( 'NONE', #4041, #104 ) ;
#8013 = DIRECTION ( 'NONE',  ( 2.609204460588636195E-49, 0.000000000000000000, -1.000000000000000000 ) ) ;
#8015 = ORIENTED_EDGE ( 'NONE', *, *, #5380, .T. ) ;
#8014 = CIRCLE ( 'NONE', #1343, 3.000000000000002665 ) ;
#8016 = AXIS2_PLACEMENT_3D ( 'NONE', #9012, #5814, #5883 ) ;
#8017 = CARTESIAN_POINT ( 'NONE',  ( 238.0000000000003126, 235.0000000000002558, 15.00000000000001421 ) ) ;
#8018 = EDGE_CURVE ( 'NONE', #7177, #9844, #9503, .T. ) ;
#8019 = ORIENTED_EDGE ( 'NONE', *, *, #2181, .T. ) ;
#8020 = ADVANCED_FACE ( 'NONE', ( #236 ), #1510, .F. ) ;
#8021 = ORIENTED_EDGE ( 'NONE', *, *, #3995, .F. ) ;
#8022 = CARTESIAN_POINT ( 'NONE',  ( 27.12614733316574345, 54.50002491912912461, -7.697327767396858533 ) ) ;
#8024 = VERTEX_POINT ( 'NONE', #8595 ) ;
#8023 = CARTESIAN_POINT ( 'NONE',  ( 377.8431732198498025, -135.0000000000000000, 254.0000000000012221 ) ) ;
#8025 = ADVANCED_FACE ( 'NONE', ( #9746 ), #5077, .F. ) ;
#8026 = DIRECTION ( 'NONE',  ( 2.609204460588635816E-49, 0.000000000000000000, -1.000000000000000000 ) ) ;
#8027 = CIRCLE ( 'NONE', #2478, 3.000000000000002665 ) ;
#8028 = STYLED_ITEM ( 'NONE', ( #6035 ), #9941 ) ;
#8029 = CARTESIAN_POINT ( 'NONE',  ( 26.53853299045596970, 242.7163733783206396, 10.40254392629214841 ) ) ;
#8031 = VERTEX_POINT ( 'NONE', #3894 ) ;
#8030 = LINE ( 'NONE', #9730, #5942 ) ;
#8032 = PLANE ( 'NONE',  #8153 ) ;
#8033 = DIRECTION ( 'NONE',  ( 2.033782021272921061E-31, 5.176899690512889973E-31, -1.000000000000000000 ) ) ;
#8034 = ORIENTED_EDGE ( 'NONE', *, *, #597, .F. ) ;
#8035 = EDGE_CURVE ( 'NONE', #5884, #3572, #6297, .T. ) ;
#8036 = DIRECTION ( 'NONE',  ( 0.000000000000000000, 0.000000000000000000, -1.000000000000000000 ) ) ;
#8037 = AXIS2_PLACEMENT_3D ( 'NONE', #2168, #9151, #5996 ) ;
#8038 = EDGE_CURVE ( 'NONE', #1929, #960, #5941, .T. ) ;
#8039 = DIRECTION ( 'NONE',  ( 1.000000000000000000, 0.000000000000000000, 0.000000000000000000 ) ) ;
#8040 = SHAPE_REPRESENTATION ( 'A353250-TAPASXXXTA', ( #3788 ), #7761 ) ;
#8041 = EDGE_LOOP ( 'NONE', ( #6129, #2445, #7402, #9907 ) ) ;
#8042 = ORIENTED_EDGE ( 'NONE', *, *, #8686, .T. ) ;
#8043 = DIRECTION ( 'NONE',  ( -1.000000000000000000, 0.000000000000000000, 0.000000000000000000 ) ) ;
#8044 = DIRECTION ( 'NONE',  ( -0.000000000000000000, 0.000000000000000000, 1.000000000000000000 ) ) ;
#8045 = PRODUCT_RELATED_PRODUCT_CATEGORY ( 'part', '', ( #5038 ) ) ;
#8046 = ORIENTED_EDGE ( 'NONE', *, *, #6303, .F. ) ;
#8047 = CARTESIAN_POINT ( 'NONE',  ( 261.4999999999999432, 243.5000000000000000, 15.00000000000001599 ) ) ;
#8048 = EDGE_CURVE ( 'NONE', #10032, #5686, #4205, .T. ) ;
#8050 = ORIENTED_EDGE ( 'NONE', *, *, #6495, .T. ) ;
#8049 = FACE_OUTER_BOUND ( 'NONE', #9555, .T. ) ;
#8051 = ORIENTED_EDGE ( 'NONE', *, *, #6375, .T. ) ;
#8052 = EDGE_LOOP ( 'NONE', ( #4076, #1176 ) ) ;
#8053 = ORIENTED_EDGE ( 'NONE', *, *, #5711, .F. ) ;
#8054 = PLANE ( 'NONE',  #73 ) ;
#8056 = EDGE_LOOP ( 'NONE', ( #3879, #8019 ) ) ;
#8055 = FACE_OUTER_BOUND ( 'NONE', #2835, .T. ) ;
#8057 = DIRECTION ( 'NONE',  ( 2.033782021272921061E-31, 5.176899690512889973E-31, 1.000000000000000000 ) ) ;
#8058 = PRODUCT_CONTEXT ( 'NONE', #7202, 'mechanical' ) ;
#8059 = VECTOR ( 'NONE', #4217, 1000.000000000000000 ) ;
#8060 = ORIENTED_EDGE ( 'NONE', *, *, #1271, .T. ) ;
#8061 = CARTESIAN_POINT ( 'NONE',  ( 390.0000000000000000, 0.000000000000000000, 15.00000000000001421 ) ) ;
#8062 = ORIENTED_EDGE ( 'NONE', *, *, #7254, .T. ) ;
#8063 = DIRECTION ( 'NONE',  ( -2.033782021272921061E-31, -5.176899690512889973E-31, 1.000000000000000000 ) ) ;
#8064 = CARTESIAN_POINT ( 'NONE',  ( 453.5000000000000568, 243.5000000000000000, -15.00000000000001599 ) ) ;
#8065 = EDGE_LOOP ( 'NONE', ( #4561, #6412, #7850, #2639, #8445, #2097, #8216, #6537 ) ) ;
#8066 = DIRECTION ( 'NONE',  ( 1.000000000000000000, 0.000000000000000000, 0.000000000000000000 ) ) ;
#8067 = CARTESIAN_POINT ( 'NONE',  ( 27.20376943217979715, 150.6760196118414399, 5.054652246802334936 ) ) ;
#8068 = DIRECTION ( 'NONE',  ( -0.000000000000000000, 0.000000000000000000, 1.000000000000000000 ) ) ;
#8069 = DIRECTION ( 'NONE',  ( -0.000000000000000000, 0.000000000000000000, 1.000000000000000000 ) ) ;
#8070 = CIRCLE ( 'NONE', #5652, 3.000000000000002665 ) ;
#8071 = LINE ( 'NONE', #1321, #278 ) ;
#8072 = ORIENTED_EDGE ( 'NONE', *, *, #2388, .F. ) ;
#8073 = PRODUCT_DEFINITION_CONTEXT ( 'detailed design', #9663, 'design' ) ;
#8074 = ADVANCED_FACE ( 'NONE', ( #5316 ), #9864, .F. ) ;
#8075 = CARTESIAN_POINT ( 'NONE',  ( 390.0000000000000000, -6.162975822039154730E-30, 14.99999999999990230 ) ) ;
#8076 = PLANE ( 'NONE',  #4294 ) ;
#8077 = EDGE_CURVE ( 'NONE', #5259, #7446, #3206, .T. ) ;
#8078 = LINE ( 'NONE', #3293, #3378 ) ;
#8079 = ADVANCED_FACE ( 'NONE', ( #8521 ), #6419, .F. ) ;
#8080 = LINE ( 'NONE', #9669, #3124 ) ;
#8081 = FACE_OUTER_BOUND ( 'NONE', #8734, .T. ) ;
#8082 = EDGE_LOOP ( 'NONE', ( #1142, #3596 ) ) ;
#8083 = CONTEXT_DEPENDENT_SHAPE_REPRESENTATION ( #4189, #1123 ) ;
#8084 = CARTESIAN_POINT ( 'NONE',  ( 985.9999999999998863, 237.9999999999999432, 15.00000000000001599 ) ) ;
#8085 = AXIS2_PLACEMENT_3D ( 'NONE', #5892, #4195, #8340 ) ;
#8086 = EDGE_CURVE ( 'NONE', #5134, #8630, #7905, .T. ) ;
#8087 = DIRECTION ( 'NONE',  ( -1.941925118803053938E-33, 0.000000000000000000, -1.000000000000000000 ) ) ;
#8088 = CARTESIAN_POINT ( 'NONE',  ( 27.12612556112676643, 246.4999750331203359, 7.301915260971089339 ) ) ;
#8089 = SURFACE_STYLE_FILL_AREA ( #2579 ) ;
#8090 = VECTOR ( 'NONE', #6298, 1000.000000000000000 ) ;
#8091 = VERTEX_POINT ( 'NONE', #9544 ) ;
#8092 = AXIS2_PLACEMENT_3D ( 'NONE', #355, #1038, #5083 ) ;
#8093 = DIRECTION ( 'NONE',  ( -1.000000000000000000, 0.000000000000000000, -1.941925118803054280E-33 ) ) ;
#8094 = APPLICATION_PROTOCOL_DEFINITION ( 'draft international standard', 'automotive_design', 1998, #205 ) ;
#8095 = ORIENTED_EDGE ( 'NONE', *, *, #2534, .F. ) ;
#8096 = EDGE_CURVE ( 'NONE', #5191, #5134, #860, .T. ) ;
#8097 = DIRECTION ( 'NONE',  ( 2.609204460588636195E-49, 0.000000000000000000, -1.000000000000000000 ) ) ;
#8098 = AXIS2_PLACEMENT_3D ( 'NONE', #4701, #5536, #4742 ) ;
#8099 = CARTESIAN_POINT ( 'NONE',  ( 314.0000000000003411, 49.00000000000004263, 9.000000000000007105 ) ) ;
#8100 = EDGE_CURVE ( 'NONE', #6914, #6858, #2586, .T. ) ;
#8101 = CARTESIAN_POINT ( 'NONE',  ( 825.9999999999998863, 237.9999999999999716, -13.00000000000001066 ) ) ;
#8102 = CIRCLE ( 'NONE', #5765, 3.000000000000002665 ) ;
#8103 = LINE ( 'NONE', #5876, #6244 ) ;
#8104 = EDGE_LOOP ( 'NONE', ( #7315, #232 ) ) ;
#8105 = CARTESIAN_POINT ( 'NONE',  ( 314.0000000000003979, 241.0000000000003126, 0.000000000000000000 ) ) ;
#8106 = VERTEX_POINT ( 'NONE', #3991 ) ;
#8107 = DIRECTION ( 'NONE',  ( -2.033782021272921061E-31, -5.176899690512889973E-31, 1.000000000000000000 ) ) ;
#8108 = CARTESIAN_POINT ( 'NONE',  ( 455.9999999999999432, 51.49999999999999289, 15.00000000000001599 ) ) ;
#8109 = CYLINDRICAL_SURFACE ( 'NONE', #6817, 7.500000000000000000 ) ;
#8110 = EDGE_CURVE ( 'NONE', #5569, #7064, #4829, .T. ) ;
#8111 = PLANE ( 'NONE',  #9706 ) ;
#8112 = VECTOR ( 'NONE', #8567, 1000.000000000000000 ) ;
#8113 = ORIENTED_EDGE ( 'NONE', *, *, #2548, .T. ) ;
#8114 = DIRECTION ( 'NONE',  ( 1.000000000000000000, 5.600273556634003027E-19, -3.136292949173481922E-19 ) ) ;
#8115 = CARTESIAN_POINT ( 'NONE',  ( 314.0000000000003411, 43.00000000000003553, 9.000000000000007105 ) ) ;
#8116 = VECTOR ( 'NONE', #5904, 1000.000000000000000 ) ;
#8117 = CARTESIAN_POINT ( 'NONE',  ( 0.000000000000000000, 0.000000000000000000, -275.0000000000000000 ) ) ;
#8118 = ORIENTED_EDGE ( 'NONE', *, *, #2341, .F. ) ;
#8119 = CARTESIAN_POINT ( 'NONE',  ( 26.77287729016769546, 145.4825646480349519, 4.036193781506851153 ) ) ;
#8120 = DIRECTION ( 'NONE',  ( 1.000000000000000000, 0.000000000000000000, 0.000000000000000000 ) ) ;
#8121 = ORIENTED_EDGE ( 'NONE', *, *, #5987, .T. ) ;
#8122 = ADVANCED_FACE ( 'NONE', ( #7169 ), #4326, .F. ) ;
#8123 = CARTESIAN_POINT ( 'NONE',  ( 272.0000000000003411, 49.00000000000004263, 15.00000000000001421 ) ) ;
#8124 = APPLICATION_CONTEXT ( 'automotive_design' ) ;
#8125 = ADVANCED_FACE ( 'NONE', ( #481 ), #2461, .F. ) ;
#8126 = ORIENTED_EDGE ( 'NONE', *, *, #9877, .T. ) ;
#8127 = LINE ( 'NONE', #3748, #1447 ) ;
#8128 = DIRECTION ( 'NONE',  ( 2.033782021272921061E-31, -5.176899690512889973E-31, -1.000000000000000000 ) ) ;
#8129 = EDGE_LOOP ( 'NONE', ( #6067, #6801, #3104, #3371 ) ) ;
#8130 = DIRECTION ( 'NONE',  ( 1.000000000000000000, 0.000000000000000000, -2.609204460588628979E-49 ) ) ;
#8131 = CARTESIAN_POINT ( 'NONE',  ( 26.96410053811197116, 240.9001353309225522, 5.990531972677505479 ) ) ;
#8132 = ORIENTED_EDGE ( 'NONE', *, *, #2332, .T. ) ;
#8133 = AXIS2_PLACEMENT_3D ( 'NONE', #2630, #4960, #5691 ) ;
#8134 = DIRECTION ( 'NONE',  ( 1.000000000000000000, 0.000000000000000000, 0.000000000000000000 ) ) ;
#8135 = AXIS2_PLACEMENT_3D ( 'NONE', #958, #225, #8043 ) ;
#8136 = ORIENTED_EDGE ( 'NONE', *, *, #4991, .F. ) ;
#8137 = AXIS2_PLACEMENT_3D ( 'NONE', #6904, #8527, #7694 ) ;
#8139 = ORIENTED_EDGE ( 'NONE', *, *, #5993, .T. ) ;
#8138 = VECTOR ( 'NONE', #2974, 1000.000000000000000 ) ;
#8140 = CARTESIAN_POINT ( 'NONE',  ( 453.5000000000000568, 51.49999999999999289, 15.00000000000001599 ) ) ;
#8141 = DIRECTION ( 'NONE',  ( -2.033782021272921061E-31, -5.176899690512889973E-31, 1.000000000000000000 ) ) ;
#8142 = STYLED_ITEM ( 'NONE', ( #1058 ), #3509 ) ;
#8143 = VERTEX_POINT ( 'NONE', #7992 ) ;
#8144 = CARTESIAN_POINT ( 'NONE',  ( 261.4999999999999432, 51.49999999999999289, 15.00000000000001599 ) ) ;
#8145 = FACE_BOUND ( 'NONE', #1988, .T. ) ;
#8146 = DIRECTION ( 'NONE',  ( -0.000000000000000000, 0.000000000000000000, 1.000000000000000000 ) ) ;
#8147 = EDGE_LOOP ( 'NONE', ( #9454, #4378 ) ) ;
#8148 = DIRECTION ( 'NONE',  ( -8.441837551339287274E-51, 0.000000000000000000, 1.000000000000000000 ) ) ;
#8149 = DIRECTION ( 'NONE',  ( 2.609204460588635816E-49, 0.000000000000000000, -1.000000000000000000 ) ) ;
#8150 = VERTEX_POINT ( 'NONE', #1639 ) ;
#8151 = VERTEX_POINT ( 'NONE', #8790 ) ;
#8152 = CARTESIAN_POINT ( 'NONE',  ( 27.63840610527790176, 143.5271028140448948, 8.034779856716028235 ) ) ;
#8153 = AXIS2_PLACEMENT_3D ( 'NONE', #6516, #1060, #7416 ) ;
#8154 = DIRECTION ( 'NONE',  ( -1.000000000000000000, 7.590943252506637819E-32, -2.033782021272921061E-31 ) ) ;
#8155 = LINE ( 'NONE', #2750, #7659 ) ;
#8156 = EDGE_CURVE ( 'NONE', #5054, #901, #6802, .T. ) ;
#8157 = VERTEX_POINT ( 'NONE', #9575 ) ;
#8158 = CARTESIAN_POINT ( 'NONE',  ( 26.50813697960615656, 51.89921868189680509, -10.47981272496309479 ) ) ;
#8159 =( REPRESENTATION_RELATIONSHIP ('NONE','NONE', #4500, #4607 ) REPRESENTATION_RELATIONSHIP_WITH_TRANSFORMATION ( #6227 )SHAPE_REPRESENTATION_RELATIONSHIP( ) );
#8160 = EDGE_CURVE ( 'NONE', #1329, #8243, #9493, .T. ) ;
#8161 = FILL_AREA_STYLE_COLOUR ( '', #5384 ) ;
#8162 = EDGE_LOOP ( 'NONE', ( #4671, #2286, #4570, #3429, #9872 ) ) ;
#8163 = CARTESIAN_POINT ( 'NONE',  ( 42.84317321985053439, 84.99999999999998579, 10.50000000000000000 ) ) ;
#8164 = MECHANICAL_DESIGN_GEOMETRIC_PRESENTATION_REPRESENTATION (  '', ( #5866 ), #1417 ) ;
#8166 = EDGE_LOOP ( 'NONE', ( #8072, #1997, #7571, #9356 ) ) ;
#8165 = LINE ( 'NONE', #3381, #2726 ) ;
#8167 = VERTEX_POINT ( 'NONE', #9638 ) ;
#8168 = EDGE_CURVE ( 'NONE', #1650, #2342, #2947, .T. ) ;
#8169 = DIRECTION ( 'NONE',  ( -1.000000000000000000, 0.000000000000000000, 0.000000000000000000 ) ) ;
#8170 = VERTEX_POINT ( 'NONE', #3331 ) ;
#8171 = EDGE_LOOP ( 'NONE', ( #7568, #3448 ) ) ;
#8172 = AXIS2_PLACEMENT_3D ( 'NONE', #2058, #3494, #7496 ) ;
#8173 = ORIENTED_EDGE ( 'NONE', *, *, #3717, .T. ) ;
#8174 = PLANE ( 'NONE',  #9311 ) ;
#8175 = ADVANCED_FACE ( 'NONE', ( #6677 ), #2707, .F. ) ;
#8177 = ORIENTED_EDGE ( 'NONE', *, *, #356, .F. ) ;
#8176 = FACE_OUTER_BOUND ( 'NONE', #4926, .T. ) ;
#8178 = DIRECTION ( 'NONE',  ( 0.000000000000000000, 0.000000000000000000, -1.000000000000000000 ) ) ;
#8179 = ORIENTED_EDGE ( 'NONE', *, *, #2787, .F. ) ;
#8180 = LINE ( 'NONE', #5986, #3857 ) ;
#8181 = EDGE_LOOP ( 'NONE', ( #2704, #7486, #3341, #5445 ) ) ;
#8182 = DIRECTION ( 'NONE',  ( 1.000000000000000000, 0.000000000000000000, 0.000000000000000000 ) ) ;
#8183 = EDGE_LOOP ( 'NONE', ( #6828, #8334, #6414, #3168 ) ) ;
#8184 = DIRECTION ( 'NONE',  ( 1.000000000000000000, -7.590943252506637819E-32, -2.033782021272921061E-31 ) ) ;
#8185 = VECTOR ( 'NONE', #3976, 1000.000000000000000 ) ;
#8186 = VECTOR ( 'NONE', #4982, 1000.000000000000000 ) ;
#8187 = CARTESIAN_POINT ( 'NONE',  ( 728.0000000000001137, 147.5000000000000000, 3.000000000000002665 ) ) ;
#8188 = CARTESIAN_POINT ( 'NONE',  ( 26.57320497394629655, 146.4468616835368664, 3.638860146321590161 ) ) ;
#8189 = EDGE_LOOP ( 'NONE', ( #4930, #7985 ) ) ;
#8190 = CARTESIAN_POINT ( 'NONE',  ( -6.101346063818773692E-31, 51.49999999999999289, 4.499999999999944045 ) ) ;
#8191 = ORIENTED_EDGE ( 'NONE', *, *, #896, .F. ) ;
#8192 = CARTESIAN_POINT ( 'NONE',  ( 324.9999999999999432, 147.5000000000000853, 15.00000000000001421 ) ) ;
#8193 =( REPRESENTATION_RELATIONSHIP ('NONE','NONE', #4500, #4687 ) REPRESENTATION_RELATIONSHIP_WITH_TRANSFORMATION ( #421 )SHAPE_REPRESENTATION_RELATIONSHIP( ) );
#8194 = FACE_OUTER_BOUND ( 'NONE', #8166, .T. ) ;
#8195 =( LENGTH_UNIT ( ) NAMED_UNIT ( * ) SI_UNIT ( .MILLI., .METRE. ) );
#8196 = FACE_BOUND ( 'NONE', #2377, .T. ) ;
#8197 = DIRECTION ( 'NONE',  ( 0.000000000000000000, 0.000000000000000000, -1.000000000000000000 ) ) ;
#8198 = ORIENTED_EDGE ( 'NONE', *, *, #5153, .F. ) ;
#8199 = DIRECTION ( 'NONE',  ( -1.000000000000000000, 0.000000000000000000, 0.000000000000000000 ) ) ;
#8200 = SURFACE_SIDE_STYLE ('',( #7976 ) ) ;
#8201 = AXIS2_PLACEMENT_3D ( 'NONE', #6670, #4348, #5147 ) ;
#8202 = CARTESIAN_POINT ( 'NONE',  ( 0.000000000000000000, 3.000000000000002665, 0.000000000000000000 ) ) ;
#8203 = PRODUCT ( 'A353250-ESTANTESFI', 'A353250-ESTANTESFI', '', ( #3319 ) ) ;
#8204 = CIRCLE ( 'NONE', #3033, 3.000000000000002665 ) ;
#8205 = DIRECTION ( 'NONE',  ( 0.000000000000000000, 0.000000000000000000, 1.000000000000000000 ) ) ;
#8206 = VECTOR ( 'NONE', #2798, 1000.000000000000000 ) ;
#8207 = VERTEX_POINT ( 'NONE', #9743 ) ;
#8208 = DIRECTION ( 'NONE',  ( 1.000000000000000000, 0.000000000000000000, 0.000000000000000000 ) ) ;
#8209 = EDGE_CURVE ( 'NONE', #10075, #4038, #4693, .T. ) ;
#8210 = PLANE ( 'NONE',  #5003 ) ;
#8211 = SURFACE_STYLE_FILL_AREA ( #6697 ) ;
#8212 = EDGE_CURVE ( 'NONE', #8091, #10119, #5196, .T. ) ;
#8213 = VECTOR ( 'NONE', #8178, 1000.000000000000000 ) ;
#8214 = VERTEX_POINT ( 'NONE', #1095 ) ;
#8215 = CARTESIAN_POINT ( 'NONE',  ( 102.0000000000001279, 241.0000000000002558, 9.000000000000007105 ) ) ;
#8216 = ORIENTED_EDGE ( 'NONE', *, *, #3618, .F. ) ;
#8217 = FILL_AREA_STYLE_COLOUR ( '', #6908 ) ;
#8218 =( GEOMETRIC_REPRESENTATION_CONTEXT ( 3 ) GLOBAL_UNCERTAINTY_ASSIGNED_CONTEXT ( ( #909 ) ) GLOBAL_UNIT_ASSIGNED_CONTEXT ( ( #2740, #5831, #4342 ) ) REPRESENTATION_CONTEXT ( 'NONE', 'WORKASPACE' ) );
#8219 = ADVANCED_FACE ( 'NONE', ( #603 ), #5002, .F. ) ;
#8220 = LINE ( 'NONE', #2529, #49 ) ;
#8221 = CARTESIAN_POINT ( 'NONE',  ( 0.000000000000000000, 295.0000000000000000, 15.00000000000001599 ) ) ;
#8222 = CIRCLE ( 'NONE', #6030, 2.499999999999946709 ) ;
#8223 = EDGE_LOOP ( 'NONE', ( #6714, #8535, #9134, #6440 ) ) ;
#8224 = EDGE_CURVE ( 'NONE', #2464, #506, #3324, .T. ) ;
#8225 = CARTESIAN_POINT ( 'NONE',  ( 728.0000000000001137, 243.5000000000000000, 3.000000000000002665 ) ) ;
#8226 = CARTESIAN_POINT ( 'NONE',  ( 985.9999999999998863, 237.9999999999999432, -13.00000000000001421 ) ) ;
#8227 = PLANE ( 'NONE',  #4375 ) ;
#8228 = EDGE_CURVE ( 'NONE', #1098, #9627, #10237, .T. ) ;
#8229 = DIRECTION ( 'NONE',  ( 2.033782021272921061E-31, 5.176899690512889973E-31, 1.000000000000000000 ) ) ;
#8230 = FILL_AREA_STYLE ('',( #10016 ) ) ;
#8231 = VECTOR ( 'NONE', #4624, 1000.000000000000000 ) ;
#8232 = CARTESIAN_POINT ( 'NONE',  ( 0.000000000000000000, 0.000000000000000000, -275.0000000000000000 ) ) ;
#8233 = VECTOR ( 'NONE', #8303, 1000.000000000000000 ) ;
#8234 = ORIENTED_EDGE ( 'NONE', *, *, #4271, .T. ) ;
#8235 = PRODUCT_RELATED_PRODUCT_CATEGORY ( 'part', '', ( #317 ) ) ;
#8236 = VERTEX_POINT ( 'NONE', #2668 ) ;
#8237 = DIRECTION ( 'NONE',  ( -0.000000000000000000, 0.000000000000000000, 1.000000000000000000 ) ) ;
#8238 = DIRECTION ( 'NONE',  ( -1.000000000000000000, 0.000000000000000000, 0.000000000000000000 ) ) ;
#8239 = EDGE_CURVE ( 'NONE', #2595, #2693, #4816, .T. ) ;
#8240 = CARTESIAN_POINT ( 'NONE',  ( 359.9999999999998863, 51.49999999999999289, 15.00000000000001599 ) ) ;
#8241 = VECTOR ( 'NONE', #2149, 1000.000000000000000 ) ;
#8242 = VECTOR ( 'NONE', #10021, 1000.000000000000000 ) ;
#8243 = VERTEX_POINT ( 'NONE', #8105 ) ;
#8244 = DIRECTION ( 'NONE',  ( -0.000000000000000000, -0.000000000000000000, 1.000000000000000000 ) ) ;
#8245 = MANIFOLD_SOLID_BREP ( 'Cortar-Extruir1', #7466 ) ;
#8246 = DIRECTION ( 'NONE',  ( 2.033782021272921061E-31, 5.176899690512889973E-31, -1.000000000000000000 ) ) ;
#8247 = VERTEX_POINT ( 'NONE', #7314 ) ;
#8248 = CARTESIAN_POINT ( 'NONE',  ( 453.5000000000000568, 51.49999999999999289, -15.00000000000001599 ) ) ;
#8249 = DIRECTION ( 'NONE',  ( -1.000000000000000000, 0.000000000000000000, 0.000000000000000000 ) ) ;
#8250 = VERTEX_POINT ( 'NONE', #6554 ) ;
#8252 = ORIENTED_EDGE ( 'NONE', *, *, #7318, .T. ) ;
#8251 = VECTOR ( 'NONE', #4384, 1000.000000000000000 ) ;
#8253 = CARTESIAN_POINT ( 'NONE',  ( 725.5000000000001137, 147.5000000000000000, 3.000000000000002665 ) ) ;
#8254 = VERTEX_POINT ( 'NONE', #1818 ) ;
#8255 = B_SPLINE_CURVE_WITH_KNOTS ( 'NONE', 3,
 ( #9190, #6959, #9255, #8582, #5379, #4643, #9218, #6991, #4509, #2180, #1398, #625, #3740, #6127, #2935, #4582, #10114, #8440, #2115, #4547, #7736, #3841, #10042, #2221, #2151, #8469, #3008, #6160, #1430, #8541, #7707, #1462 ),
 .UNSPECIFIED., .F., .F.,
 ( 4, 2, 2, 2, 2, 2, 2, 2, 2, 2, 2, 2, 2, 2, 2, 4 ),
 ( 0.000000000000000000, 0.0005924794743697929349, 0.001184958948739585870, 0.001777438423109378805, 0.002369917897479171739, 0.003554876846218760645, 0.004147356320588554447, 0.004739835794958348683, 0.005332315269328142052, 0.005924794743697936288, 0.006517274218067730523, 0.007109753692437523892, 0.007702233166807318128, 0.008294712641177112364, 0.008887192115546905732, 0.009479671589916699101 ),
 .UNSPECIFIED. ) ;
#8256 = AXIS2_PLACEMENT_3D ( 'NONE', #3776, #5416, #668 ) ;
#8257 = PLANE ( 'NONE',  #7735 ) ;
#8258 = LINE ( 'NONE', #7949, #9602 ) ;
#8259 = DIRECTION ( 'NONE',  ( 1.000000000000000000, 0.000000000000000000, -0.000000000000000000 ) ) ;
#8260 = FACE_BOUND ( 'NONE', #7613, .T. ) ;
#8262 = ORIENTED_EDGE ( 'NONE', *, *, #4311, .T. ) ;
#8261 = LINE ( 'NONE', #4315, #7030 ) ;
#8263 = DIRECTION ( 'NONE',  ( 1.000000000000000000, 2.041077998578924066E-17, 1.624335346205397848E-33 ) ) ;
#8264 =( NAMED_UNIT ( * ) PLANE_ANGLE_UNIT ( ) SI_UNIT ( $, .RADIAN. ) );
#8265 = ORIENTED_EDGE ( 'NONE', *, *, #1565, .T. ) ;
#8266 = CARTESIAN_POINT ( 'NONE',  ( 40.00000000000003553, 243.5000000000000000, 7.499999999999949374 ) ) ;
#8267 = ORIENTED_EDGE ( 'NONE', *, *, #4815, .T. ) ;
#8268 = VERTEX_POINT ( 'NONE', #8897 ) ;
#8269 = EDGE_CURVE ( 'NONE', #618, #4835, #5309, .T. ) ;
#8270 = AXIS2_PLACEMENT_3D ( 'NONE', #5793, #4959, #8130 ) ;
#8271 = FACE_BOUND ( 'NONE', #5617, .T. ) ;
#8273 = EDGE_LOOP ( 'NONE', ( #314, #1382 ) ) ;
#8272 = VECTOR ( 'NONE', #9496, 1000.000000000000000 ) ;
#8274 = ADVANCED_FACE ( 'NONE', ( #7044 ), #3410, .F. ) ;
#8275 = AXIS2_PLACEMENT_3D ( 'NONE', #7017, #3766, #8537 ) ;
#8276 = PLANE ( 'NONE',  #509 ) ;
#8277 = EDGE_CURVE ( 'NONE', #1752, #1478, #3578, .T. ) ;
#8278 = ORIENTED_EDGE ( 'NONE', *, *, #8228, .T. ) ;
#8279 = DIRECTION ( 'NONE',  ( 1.000000000000000000, 0.000000000000000000, 0.000000000000000000 ) ) ;
#8280 = CARTESIAN_POINT ( 'NONE',  ( 34.40944629105651131, 120.0000000000000000, 4.500000000000000888 ) ) ;
#8281 = ORIENTED_EDGE ( 'NONE', *, *, #8209, .T. ) ;
#8282 = DIRECTION ( 'NONE',  ( 2.033782021272921061E-31, 5.176899690512889973E-31, -1.000000000000000000 ) ) ;
#8283 = CYLINDRICAL_SURFACE ( 'NONE', #2537, 3.000000000000002665 ) ;
#8284 = AXIS2_PLACEMENT_3D ( 'NONE', #7429, #1896, #3495 ) ;
#8285 = ORIENTED_EDGE ( 'NONE', *, *, #415, .T. ) ;
#8286 = DIRECTION ( 'NONE',  ( -1.000000000000000000, 0.000000000000000000, 0.000000000000000000 ) ) ;
#8287 = VERTEX_POINT ( 'NONE', #3482 ) ;
#8288 = EDGE_CURVE ( 'NONE', #2492, #6912, #7537, .T. ) ;
#8289 = CARTESIAN_POINT ( 'NONE',  ( 376.0000000000000000, 353.0000000000001705, -6.938893903907228378E-15 ) ) ;
#8290 = CARTESIAN_POINT ( 'NONE',  ( 26.61746128433161473, 242.1652977960840474, -4.806166210012618123 ) ) ;
#8291 = EDGE_LOOP ( 'NONE', ( #4997, #3462 ) ) ;
#8292 = CARTESIAN_POINT ( 'NONE',  ( 376.0000000000000000, 133.8750000000001990, 3.999999999999996447 ) ) ;
#8293 = EDGE_CURVE ( 'NONE', #4873, #1212, #5808, .T. ) ;
#8294 = VERTEX_POINT ( 'NONE', #8232 ) ;
#8296 = ORIENTED_EDGE ( 'NONE', *, *, #5082, .F. ) ;
#8295 = FACE_OUTER_BOUND ( 'NONE', #9530, .T. ) ;
#8297 =( REPRESENTATION_RELATIONSHIP ('NONE','NONE', #4500, #4486 ) REPRESENTATION_RELATIONSHIP_WITH_TRANSFORMATION ( #1778 )SHAPE_REPRESENTATION_RELATIONSHIP( ) );
#8298 = EDGE_CURVE ( 'NONE', #6391, #2416, #3072, .T. ) ;
#8299 = EDGE_LOOP ( 'NONE', ( #6928, #9812 ) ) ;
#8300 = ORIENTED_EDGE ( 'NONE', *, *, #4119, .F. ) ;
#8301 = ORIENTED_EDGE ( 'NONE', *, *, #4453, .T. ) ;
#8302 = DIRECTION ( 'NONE',  ( 2.609204460588635816E-49, 0.000000000000000000, 1.000000000000000000 ) ) ;
#8303 = DIRECTION ( 'NONE',  ( 2.033782021272921061E-31, 5.176899690512889973E-31, -1.000000000000000000 ) ) ;
#8304 = PRODUCT_DEFINITION ( 'UNKNOWN', '', #3804, #8073 ) ;
#8305 = DIRECTION ( 'NONE',  ( 3.136292949173481922E-19, 1.387778780781445676E-17, -1.000000000000000000 ) ) ;
#8306 = EDGE_LOOP ( 'NONE', ( #9984, #5070, #6199, #4144 ) ) ;
#8307 = DIRECTION ( 'NONE',  ( 1.000000000000000000, 5.600273556634003027E-19, -3.136292949173481922E-19 ) ) ;
#8308 = EDGE_CURVE ( 'NONE', #13, #5176, #4942, .T. ) ;
#8309 = CARTESIAN_POINT ( 'NONE',  ( 376.0000000000000000, 0.000000000000000000, 0.000000000000000000 ) ) ;
#8311 = EDGE_LOOP ( 'NONE', ( #9197, #4939, #9611, #2071 ) ) ;
#8310 = FACE_BOUND ( 'NONE', #4203, .T. ) ;
#8312 = VECTOR ( 'NONE', #1311, 1000.000000000000000 ) ;
#8313 = AXIS2_PLACEMENT_3D ( 'NONE', #7860, #8626, #3922 ) ;
#8314 = EDGE_LOOP ( 'NONE', ( #9574, #4844 ) ) ;
#8315 = ORIENTED_EDGE ( 'NONE', *, *, #10135, .T. ) ;
#8316 = DIRECTION ( 'NONE',  ( 2.033782021272921061E-31, 5.176899690512889973E-31, -1.000000000000000000 ) ) ;
#8317 = PLANE ( 'NONE',  #8338 ) ;
#8318 = DIRECTION ( 'NONE',  ( 1.000000000000000000, -7.590943252506637819E-32, -2.033782021272921061E-31 ) ) ;
#8319 = LINE ( 'NONE', #1559, #3864 ) ;
#8320 = FACE_BOUND ( 'NONE', #2945, .T. ) ;
#8321 = CARTESIAN_POINT ( 'NONE',  ( 0.000000000000000000, 0.000000000000000000, 4.000000000000058620 ) ) ;
#8322 = EDGE_LOOP ( 'NONE', ( #7260, #8966, #5653, #3943 ) ) ;
#8323 = ADVANCED_FACE ( 'NONE', ( #2083 ), #9005, .F. ) ;
#8324 = CARTESIAN_POINT ( 'NONE',  ( 293.9999999999999432, 147.5000000000000000, 15.00000000000001421 ) ) ;
#8325 = UNCERTAINTY_MEASURE_WITH_UNIT (LENGTH_MEASURE( 1.000000000000000082E-05 ), #4617, 'distance_accuracy_value', 'NONE');
#8326 = DIRECTION ( 'NONE',  ( 1.000000000000000000, 0.000000000000000000, 0.000000000000000000 ) ) ;
#8327 = AXIS2_PLACEMENT_3D ( 'NONE', #2081, #6824, #4444 ) ;
#8328 = FACE_OUTER_BOUND ( 'NONE', #3854, .T. ) ;
#8329 = CARTESIAN_POINT ( 'NONE',  ( 1015.499999999999659, 237.9999999999999432, -15.00000000000001421 ) ) ;
#8330 = CARTESIAN_POINT ( 'NONE',  ( 27.08425309768054845, 240.5975464230874081, -8.284191778965498187 ) ) ;
#8331 = CIRCLE ( 'NONE', #3112, 7.499999999999951150 ) ;
#8332 = CARTESIAN_POINT ( 'NONE',  ( 26.50000000000003197, 51.49999999999999289, 15.00000000000001421 ) ) ;
#8333 = VECTOR ( 'NONE', #7412, 1000.000000000000000 ) ;
#8334 = ORIENTED_EDGE ( 'NONE', *, *, #5265, .T. ) ;
#8335 = LINE ( 'NONE', #5253, #4459 ) ;
#8336 = ADVANCED_FACE ( 'NONE', ( #5064, #3195, #8145 ), #9065, .T. ) ;
#8337 = DIRECTION ( 'NONE',  ( 2.033782021272921061E-31, 5.176899690512889973E-31, -1.000000000000000000 ) ) ;
#8338 = AXIS2_PLACEMENT_3D ( 'NONE', #3521, #391, #3582 ) ;
#8339 = CARTESIAN_POINT ( 'NONE',  ( 359.9999999999998863, 243.5000000000000000, -15.00000000000001599 ) ) ;
#8340 = DIRECTION ( 'NONE',  ( 1.000000000000000000, 0.000000000000000000, 0.000000000000000000 ) ) ;
#8341 = DIRECTION ( 'NONE',  ( 1.000000000000000000, 0.000000000000000000, 0.000000000000000000 ) ) ;
#8342 = FACE_OUTER_BOUND ( 'NONE', #4223, .T. ) ;
#8343 = VECTOR ( 'NONE', #4529, 1000.000000000000000 ) ;
#8344 = ORIENTED_EDGE ( 'NONE', *, *, #3188, .T. ) ;
#8345 = ADVANCED_FACE ( 'NONE', ( #2056 ), #9703, .F. ) ;
#8346 = EDGE_LOOP ( 'NONE', ( #3095, #5590 ) ) ;
#8347 = CARTESIAN_POINT ( 'NONE',  ( 0.000000000000000000, 0.000000000000000000, 0.000000000000000000 ) ) ;
#8348 = CIRCLE ( 'NONE', #9445, 4.000000000000017764 ) ;
#8349 = CARTESIAN_POINT ( 'NONE',  ( 314.0000000000003979, 241.0000000000003126, 9.000000000000007105 ) ) ;
#8350 = VECTOR ( 'NONE', #1070, 1000.000000000000000 ) ;
#8351 = EDGE_LOOP ( 'NONE', ( #1231, #6446, #2814, #5717 ) ) ;
#8352 = EDGE_CURVE ( 'NONE', #5751, #9003, #9381, .T. ) ;
#8353 = ORIENTED_EDGE ( 'NONE', *, *, #8613, .F. ) ;
#8354 = CARTESIAN_POINT ( 'NONE',  ( 5.500000000000006217, 51.50000000000000000, 14.99999999999990230 ) ) ;
#8355 = EDGE_CURVE ( 'NONE', #9581, #2932, #1106, .T. ) ;
#8356 = VECTOR ( 'NONE', #9128, 1000.000000000000000 ) ;
#8357 = CARTESIAN_POINT ( 'NONE',  ( 386.0000000000000000, 51.49999999999999289, 15.00000000000001421 ) ) ;
#8358 = EDGE_CURVE ( 'NONE', #85, #6283, #6052, .T. ) ;
#8359 = FACE_OUTER_BOUND ( 'NONE', #1072, .T. ) ;
#8360 = EDGE_LOOP ( 'NONE', ( #8405, #1112, #44, #923 ) ) ;
#8361 = CARTESIAN_POINT ( 'NONE',  ( 0.000000000000000000, -2.465190328815661892E-29, 1.500000000000001332 ) ) ;
#8362 = DIRECTION ( 'NONE',  ( -3.136292949173481922E-19, -1.387778780781445676E-17, 1.000000000000000000 ) ) ;
#8363 = CARTESIAN_POINT ( 'NONE',  ( 26.53866026112599386, 52.28472694194847747, 10.40221692132197617 ) ) ;
#8364 = MECHANICAL_DESIGN_GEOMETRIC_PRESENTATION_REPRESENTATION (  '', ( #7171 ), #8218 ) ;
#8365 = CARTESIAN_POINT ( 'NONE',  ( 34.00000000000002842, 243.5000000000000000, -15.00000000000001421 ) ) ;
#8366 = LINE ( 'NONE', #221, #2421 ) ;
#8367 = EDGE_CURVE ( 'NONE', #4967, #1412, #731, .T. ) ;
#8368 = CARTESIAN_POINT ( 'NONE',  ( 1095.000000000000000, 2.307652204411941523E-14, 15.00000000000001599 ) ) ;
#8369 = FACE_OUTER_BOUND ( 'NONE', #1672, .T. ) ;
#8370 = AXIS2_PLACEMENT_3D ( 'NONE', #5859, #5023, #6618 ) ;
#8371 = VERTEX_POINT ( 'NONE', #4411 ) ;
#8372 = EDGE_CURVE ( 'NONE', #855, #8410, #7159, .T. ) ;
#8373 = DIRECTION ( 'NONE',  ( 1.000000000000000000, -0.000000000000000000, -0.000000000000000000 ) ) ;
#8374 = ADVANCED_FACE ( 'NONE', ( #1840 ), #1588, .F. ) ;
#8375 = CARTESIAN_POINT ( 'NONE',  ( 1055.000000000000000, 51.49999999999999289, 7.499999999999949374 ) ) ;
#8376 = ORIENTED_EDGE ( 'NONE', *, *, #9653, .T. ) ;
#8377 = FACE_OUTER_BOUND ( 'NONE', #9846, .T. ) ;
#8378 = VERTEX_POINT ( 'NONE', #5936 ) ;
#8379 = ADVANCED_FACE ( 'NONE', ( #6288 ), #1261, .T. ) ;
#8380 = ORIENTED_EDGE ( 'NONE', *, *, #5987, .F. ) ;
#8381 = DIRECTION ( 'NONE',  ( -1.000000000000000000, 7.590943252506637819E-32, -2.033782021272921061E-31 ) ) ;
#8382 = DIRECTION ( 'NONE',  ( 3.136292949173481922E-19, -1.387778780781445676E-17, 1.000000000000000000 ) ) ;
#8383 = CARTESIAN_POINT ( 'NONE',  ( 821.0000000000000000, 237.9999999999999716, 13.00000000000001066 ) ) ;
#8384 = EDGE_LOOP ( 'NONE', ( #119, #344 ) ) ;
#8386 = ORIENTED_EDGE ( 'NONE', *, *, #6774, .F. ) ;
#8385 = CIRCLE ( 'NONE', #8951, 2.499999999999946709 ) ;
#8387 = ORIENTED_EDGE ( 'NONE', *, *, #6654, .F. ) ;
#8388 = CARTESIAN_POINT ( 'NONE',  ( 41.50000000000002842, 243.5000000000000000, -1.500000000000001332 ) ) ;
#8389 = VERTEX_POINT ( 'NONE', #9839 ) ;
#8390 = CARTESIAN_POINT ( 'NONE',  ( 728.0000000000001137, 243.5000000000000000, -15.00000000000001599 ) ) ;
#8391 = CARTESIAN_POINT ( 'NONE',  ( 27.12608353313106591, 240.5001212651419848, -7.699902025549360651 ) ) ;
#8392 = CARTESIAN_POINT ( 'NONE',  ( 26.96410222240950105, 54.09988226352270146, 9.009496562591372992 ) ) ;
#8393 = VECTOR ( 'NONE', #2870, 1000.000000000000000 ) ;
#8395 = ORIENTED_EDGE ( 'NONE', *, *, #3643, .T. ) ;
#8394 = VECTOR ( 'NONE', #9051, 1000.000000000000000 ) ;
#8396 = DIRECTION ( 'NONE',  ( 1.000000000000000000, 0.000000000000000000, 0.000000000000000000 ) ) ;
#8397 = AXIS2_PLACEMENT_3D ( 'NONE', #9404, #4681, #7741 ) ;
#8398 = VERTEX_POINT ( 'NONE', #8309 ) ;
#8399 = CARTESIAN_POINT ( 'NONE',  ( 0.000000000000000000, -7.765349535769300803E-31, 1.500000000000001332 ) ) ;
#8400 = CARTESIAN_POINT ( 'NONE',  ( 0.000000000000000000, 267.7500000000000568, 0.000000000000000000 ) ) ;
#8401 = CARTESIAN_POINT ( 'NONE',  ( 34.00000000000002842, 51.49999999999999289, 15.00000000000001421 ) ) ;
#8402 = PRODUCT_DEFINITION_SHAPE ( 'NONE', 'NONE',  #10252 ) ;
#8403 = VECTOR ( 'NONE', #3087, 1000.000000000000000 ) ;
#8404 = DIRECTION ( 'NONE',  ( 2.033782021272921061E-31, 5.176899690512889973E-31, -1.000000000000000000 ) ) ;
#8405 = ORIENTED_EDGE ( 'NONE', *, *, #4191, .F. ) ;
#8406 = CARTESIAN_POINT ( 'NONE',  ( 357.4999999999998863, 243.5000000000000000, -15.00000000000001599 ) ) ;
#8407 = EDGE_CURVE ( 'NONE', #962, #7768, #5561, .T. ) ;
#8408 = CARTESIAN_POINT ( 'NONE',  ( 284.0000000000000568, 336.0000000000001705, 15.00000000000001421 ) ) ;
#8409 = AXIS2_PLACEMENT_3D ( 'NONE', #2132, #4696, #3827 ) ;
#8410 = VERTEX_POINT ( 'NONE', #3672 ) ;
#8411 = EDGE_CURVE ( 'NONE', #4986, #8167, #7651, .T. ) ;
#8412 = CARTESIAN_POINT ( 'NONE',  ( 0.000000000000000000, -1.553069907153868393E-30, -3.000000000000002665 ) ) ;
#8413 = ORIENTED_EDGE ( 'NONE', *, *, #8372, .T. ) ;
#8414 = ORIENTED_EDGE ( 'NONE', *, *, #5132, .T. ) ;
#8415 = PLANE ( 'NONE',  #9274 ) ;
#8416 = EDGE_LOOP ( 'NONE', ( #5803, #7025 ) ) ;
#8417 = DIRECTION ( 'NONE',  ( 2.033782021272921061E-31, 5.176899690512889973E-31, 1.000000000000000000 ) ) ;
#8418 = PLANE ( 'NONE',  #4855 ) ;
#8420 = VERTEX_POINT ( 'NONE', #1233 ) ;
#8419 = FACE_OUTER_BOUND ( 'NONE', #237, .T. ) ;
#8421 = ORIENTED_EDGE ( 'NONE', *, *, #8429, .F. ) ;
#8422 = LINE ( 'NONE', #7080, #6584 ) ;
#8423 = EDGE_CURVE ( 'NONE', #13, #2086, #8255, .T. ) ;
#8424 = ORIENTED_EDGE ( 'NONE', *, *, #2437, .T. ) ;
#8425 = PLANE ( 'NONE',  #1581 ) ;
#8426 = CARTESIAN_POINT ( 'NONE',  ( 272.0000000000003411, 145.0000000000001705, 15.00000000000001421 ) ) ;
#8427 = ORIENTED_EDGE ( 'NONE', *, *, #4868, .F. ) ;
#8428 = DIRECTION ( 'NONE',  ( 2.609204460588635816E-49, 0.000000000000000000, 1.000000000000000000 ) ) ;
#8429 = EDGE_CURVE ( 'NONE', #627, #9383, #9736, .T. ) ;
#8430 = ADVANCED_FACE ( 'NONE', ( #7895 ), #1116, .F. ) ;
#8431 = CARTESIAN_POINT ( 'NONE',  ( 314.0000000000003979, 247.0000000000003411, 9.000000000000007105 ) ) ;
#8432 = CIRCLE ( 'NONE', #9801, 3.000000000000058176 ) ;
#8433 = CARTESIAN_POINT ( 'NONE',  ( 0.000000000000000000, 15.00000000000001421, -275.0000000000000000 ) ) ;
#8434 = LINE ( 'NONE', #3426, #10022 ) ;
#8435 = ORIENTED_EDGE ( 'NONE', *, *, #4337, .T. ) ;
#8436 = CARTESIAN_POINT ( 'NONE',  ( 261.4999999999999432, 51.49999999999999289, 15.00000000000001599 ) ) ;
#8437 = DIRECTION ( 'NONE',  ( 3.136292949173481922E-19, 1.387778780781445676E-17, -1.000000000000000000 ) ) ;
#8438 = VERTEX_POINT ( 'NONE', #7649 ) ;
#8439 = EDGE_CURVE ( 'NONE', #4162, #723, #3452, .T. ) ;
#8440 = CARTESIAN_POINT ( 'NONE',  ( 27.08424823709572493, 48.59755971479609826, 6.715947819066721003 ) ) ;
#8441 = FACE_OUTER_BOUND ( 'NONE', #1487, .T. ) ;
#8442 = LINE ( 'NONE', #5998, #4112 ) ;
#8443 = ADVANCED_FACE ( 'NONE', ( #9238 ), #7776, .T. ) ;
#8444 = DIRECTION ( 'NONE',  ( 0.000000000000000000, -1.000000000000000000, 0.000000000000000000 ) ) ;
#8445 = ORIENTED_EDGE ( 'NONE', *, *, #1882, .F. ) ;
#8446 = PLANE ( 'NONE',  #7082 ) ;
#8447 = UNCERTAINTY_MEASURE_WITH_UNIT (LENGTH_MEASURE( 1.000000000000000082E-05 ), #1498, 'distance_accuracy_value', 'NONE');
#8448 = CARTESIAN_POINT ( 'NONE',  ( 1015.499999999999659, 237.9999999999999432, -15.00000000000001421 ) ) ;
#8449 = CARTESIAN_POINT ( 'NONE',  ( 376.0000000000000000, 223.1250000000001421, -6.938893903907228378E-15 ) ) ;
#8450 = VECTOR ( 'NONE', #2861, 1000.000000000000000 ) ;
#8451 = LINE ( 'NONE', #4896, #6350 ) ;
#8452 = ORIENTED_EDGE ( 'NONE', *, *, #6672, .F. ) ;
#8453 = SHAPE_DEFINITION_REPRESENTATION ( #3270, #4486 ) ;
#8454 = DIRECTION ( 'NONE',  ( -0.000000000000000000, 0.000000000000000000, 1.000000000000000000 ) ) ;
#8455 = AXIS2_PLACEMENT_3D ( 'NONE', #9960, #8428, #4397 ) ;
#8456 = CARTESIAN_POINT ( 'NONE',  ( 331.8709385527711220, 150.5130190129399068, 4.856669544190631349 ) ) ;
#8457 = CARTESIAN_POINT ( 'NONE',  ( 266.4999999999998295, 51.49999999999999289, 15.00000000000001599 ) ) ;
#8458 = CARTESIAN_POINT ( 'NONE',  ( 27.08425194072763986, 54.40245371958490495, 8.284503191285622847 ) ) ;
#8459 = AXIS2_PLACEMENT_3D ( 'NONE', #3919, #5795, #9674 ) ;
#8460 = FACE_OUTER_BOUND ( 'NONE', #4259, .T. ) ;
#8461 = EDGE_LOOP ( 'NONE', ( #4184, #8659, #10168, #1087, #6310, #676, #3986, #5700, #9547, #2816, #9349, #3502, #1794, #3273, #9243, #5511, #1608, #4558, #2310, #2369, #2250, #9809, #7678, #494, #330, #9610, #386, #6119, #2928, #2690, #3602, #5797 ) ) ;
#8462 = PLANE ( 'NONE',  #8869 ) ;
#8463 = PLANE ( 'NONE',  #5446 ) ;
#8464 = AXIS2_PLACEMENT_3D ( 'NONE', #4300, #9803, #5104 ) ;
#8465 = CARTESIAN_POINT ( 'NONE',  ( 1095.000000000000000, 51.49999999999999289, 4.499999999999946709 ) ) ;
#8466 = CARTESIAN_POINT ( 'NONE',  ( 68.00000000000009948, 81.00000000000001421, 15.00000000000001421 ) ) ;
#8467 = VECTOR ( 'NONE', #5061, 1000.000000000000000 ) ;
#8468 = AXIS2_PLACEMENT_3D ( 'NONE', #4263, #8197, #3539 ) ;
#8469 = CARTESIAN_POINT ( 'NONE',  ( 26.65160653322066153, 49.99044231290159246, 4.900125791077459603 ) ) ;
#8470 = VECTOR ( 'NONE', #9926, 1000.000000000000000 ) ;
#8471 = VERTEX_POINT ( 'NONE', #2969 ) ;
#8472 = CARTESIAN_POINT ( 'NONE',  ( 102.0000000000001279, 241.0000000000002558, 15.00000000000001421 ) ) ;
#8473 = SURFACE_SIDE_STYLE ('',( #4913 ) ) ;
#8474 = DIRECTION ( 'NONE',  ( -1.000000000000000000, 0.000000000000000000, 0.000000000000000000 ) ) ;
#8475 = ADVANCED_FACE ( 'NONE', ( #3208 ), #2899, .T. ) ;
#8476 = DIRECTION ( 'NONE',  ( 5.600273556634000138E-19, 1.000000000000000000, 1.387778780781445676E-17 ) ) ;
#8477 = CARTESIAN_POINT ( 'NONE',  ( 332.3883117758930439, 146.1873393920370177, 3.712547357013789906 ) ) ;
#8478 = CYLINDRICAL_SURFACE ( 'NONE', #5521, 3.000000000000002665 ) ;
#8479 = CARTESIAN_POINT ( 'NONE',  ( 41.50000000000002842, 51.49999999999999289, 1.500000000000001332 ) ) ;
#8480 = FACE_OUTER_BOUND ( 'NONE', #6476, .T. ) ;
#8481 = EDGE_LOOP ( 'NONE', ( #4769, #8548, #3108, #4290 ) ) ;
#8482 = DIRECTION ( 'NONE',  ( 7.590943252506637819E-32, -1.000000000000000000, 5.176899690512889973E-31 ) ) ;
#8483 = VERTEX_POINT ( 'NONE', #6890 ) ;
#8484 = AXIS2_PLACEMENT_3D ( 'NONE', #10007, #7703, #3767 ) ;
#8485 = ORIENTED_EDGE ( 'NONE', *, *, #2005, .F. ) ;
#8486 = EDGE_CURVE ( 'NONE', #932, #4038, #4054, .T. ) ;
#8487 = AXIS2_PLACEMENT_3D ( 'NONE', #8579, #9252, #10008 ) ;
#8488 = CARTESIAN_POINT ( 'NONE',  ( 64.00000000000008527, 241.0000000000002842, 0.000000000000000000 ) ) ;
#8489 = DIRECTION ( 'NONE',  ( 0.000000000000000000, 0.000000000000000000, 1.000000000000000000 ) ) ;
#8490 = ORIENTED_EDGE ( 'NONE', *, *, #8355, .T. ) ;
#8491 = FACE_OUTER_BOUND ( 'NONE', #3317, .T. ) ;
#8492 = ORIENTED_EDGE ( 'NONE', *, *, #6464, .T. ) ;
#8493 = ADVANCED_FACE ( 'NONE', ( #9866 ), #3467, .F. ) ;
#8494 = PRODUCT_DEFINITION ( 'UNKNOWN', '', #4879, #6253 ) ;
#8495 = CARTESIAN_POINT ( 'NONE',  ( 314.0000000000003411, 49.00000000000004263, 9.000000000000007105 ) ) ;
#8496 = EDGE_CURVE ( 'NONE', #8471, #7215, #6181, .T. ) ;
#8497 = CARTESIAN_POINT ( 'NONE',  ( 314.0000000000003979, 247.0000000000003411, 9.000000000000007105 ) ) ;
#8498 = AXIS2_PLACEMENT_3D ( 'NONE', #5293, #2140, #7665 ) ;
#8499 = DIRECTION ( 'NONE',  ( -1.000000000000000000, 0.000000000000000000, 1.941925118803053938E-33 ) ) ;
#8500 = VERTEX_POINT ( 'NONE', #6356 ) ;
#8502 = EDGE_LOOP ( 'NONE', ( #5995, #6820 ) ) ;
#8501 = LINE ( 'NONE', #8144, #4306 ) ;
#8503 = CARTESIAN_POINT ( 'NONE',  ( 375.9999999999999432, 263.7500000000000568, -3.469446951953614189E-15 ) ) ;
#8504 = DIRECTION ( 'NONE',  ( 1.000000000000000000, 0.000000000000000000, -2.609204460588635816E-49 ) ) ;
#8505 = ORIENTED_EDGE ( 'NONE', *, *, #6489, .F. ) ;
#8506 = VERTEX_POINT ( 'NONE', #7061 ) ;
#8507 =( NAMED_UNIT ( * ) SI_UNIT ( $, .STERADIAN. ) SOLID_ANGLE_UNIT ( ) );
#8508 = EDGE_CURVE ( 'NONE', #4454, #1234, #8258, .T. ) ;
#8509 = LINE ( 'NONE', #2652, #4313 ) ;
#8510 = DIRECTION ( 'NONE',  ( 1.000000000000000000, 0.000000000000000000, 0.000000000000000000 ) ) ;
#8511 = FACE_BOUND ( 'NONE', #5345, .T. ) ;
#8513 = ORIENTED_EDGE ( 'NONE', *, *, #8048, .T. ) ;
#8512 = VECTOR ( 'NONE', #2642, 1000.000000000000000 ) ;
#8514 = CARTESIAN_POINT ( 'NONE',  ( 27.12612556112676643, 246.4999750331203359, -7.301915260971089339 ) ) ;
#8515 = ORIENTED_EDGE ( 'NONE', *, *, #995, .T. ) ;
#8516 = CARTESIAN_POINT ( 'NONE',  ( 332.4999999999998863, 147.2306430876712682, 3.500000000000003553 ) ) ;
#8517 = ORIENTED_EDGE ( 'NONE', *, *, #1738, .F. ) ;
#8518 = ORIENTED_EDGE ( 'NONE', *, *, #3671, .T. ) ;
#8519 = CARTESIAN_POINT ( 'NONE',  ( 40.00000000000003553, 51.49999999999999289, -7.499999999999949374 ) ) ;
#8520 = DIRECTION ( 'NONE',  ( -2.033782021272921061E-31, -5.176899690512889973E-31, 1.000000000000000000 ) ) ;
#8521 = FACE_OUTER_BOUND ( 'NONE', #9529, .T. ) ;
#8523 = VERTEX_POINT ( 'NONE', #6328 ) ;
#8522 = FACE_OUTER_BOUND ( 'NONE', #9962, .T. ) ;
#8524 = CARTESIAN_POINT ( 'NONE',  ( 0.000000000000000000, -7.765349535769339163E-30, -15.00000000000001599 ) ) ;
#8525 = VERTEX_POINT ( 'NONE', #3945 ) ;
#8526 = AXIS2_PLACEMENT_3D ( 'NONE', #2023, #5979, #5251 ) ;
#8527 = DIRECTION ( 'NONE',  ( -0.000000000000000000, 1.000000000000000000, -0.000000000000000000 ) ) ;
#8528 = DIRECTION ( 'NONE',  ( -2.033782021272921061E-31, -5.176899690512889973E-31, 1.000000000000000000 ) ) ;
#8529 = ORIENTED_EDGE ( 'NONE', *, *, #7746, .T. ) ;
#8530 = ADVANCED_FACE ( 'NONE', ( #5568 ), #5692, .F. ) ;
#8531 = VECTOR ( 'NONE', #7465, 1000.000000000000000 ) ;
#8532 = CARTESIAN_POINT ( 'NONE',  ( 238.0000000000003126, 241.0000000000002558, 9.000000000000007105 ) ) ;
#8533 = ORIENTED_EDGE ( 'NONE', *, *, #4062, .T. ) ;
#8534 = AXIS2_PLACEMENT_3D ( 'NONE', #8855, #207, #6544 ) ;
#8535 = ORIENTED_EDGE ( 'NONE', *, *, #3858, .T. ) ;
#8536 = ORIENTED_EDGE ( 'NONE', *, *, #8649, .F. ) ;
#8537 = DIRECTION ( 'NONE',  ( 1.000000000000000000, 0.000000000000000000, -0.000000000000000000 ) ) ;
#8538 = CARTESIAN_POINT ( 'NONE',  ( 376.0000000000000000, 223.1250000000001421, -6.938893903907228378E-15 ) ) ;
#8539 = DIRECTION ( 'NONE',  ( 2.609204460588635816E-49, 0.000000000000000000, -1.000000000000000000 ) ) ;
#8540 = CARTESIAN_POINT ( 'NONE',  ( 26.49999999999996803, 51.49999999999999289, 10.49999999999995381 ) ) ;
#8541 = CARTESIAN_POINT ( 'NONE',  ( 26.50786973465681484, 51.10448806229614149, 4.519510153631784100 ) ) ;
#8543 = ORIENTED_EDGE ( 'NONE', *, *, #4805, .F. ) ;
#8542 = CYLINDRICAL_SURFACE ( 'NONE', #2864, 2.499999999999946709 ) ;
#8544 = EDGE_CURVE ( 'NONE', #9649, #700, #9506, .T. ) ;
#8545 = EDGE_LOOP ( 'NONE', ( #9154, #5508, #6601, #4543 ) ) ;
#8546 = DIRECTION ( 'NONE',  ( 2.609204460588635816E-49, 0.000000000000000000, 1.000000000000000000 ) ) ;
#8547 =( NAMED_UNIT ( * ) PLANE_ANGLE_UNIT ( ) SI_UNIT ( $, .RADIAN. ) );
#8548 = ORIENTED_EDGE ( 'NONE', *, *, #7508, .T. ) ;
#8549 = VERTEX_POINT ( 'NONE', #2353 ) ;
#8550 = ADVANCED_FACE ( 'NONE', ( #5318 ), #8704, .F. ) ;
#8551 = DIRECTION ( 'NONE',  ( 1.000000000000000000, 0.000000000000000000, 0.000000000000000000 ) ) ;
#8552 = AXIS2_PLACEMENT_3D ( 'NONE', #8524, #2273, #2234 ) ;
#8553 = CARTESIAN_POINT ( 'NONE',  ( 26.88802458327935341, 245.8838849345826247, -5.668421089429849680 ) ) ;
#8554 = EDGE_CURVE ( 'NONE', #1879, #1752, #7774, .T. ) ;
#8555 = CARTESIAN_POINT ( 'NONE',  ( 331.3445397373840251, 143.5003980526419696, 7.771201993719984991 ) ) ;
#8557 = ORIENTED_EDGE ( 'NONE', *, *, #4857, .F. ) ;
#8556 = VECTOR ( 'NONE', #4532, 1000.000000000000000 ) ;
#8558 = CARTESIAN_POINT ( 'NONE',  ( 108.0000000000002132, 49.00000000000004263, 9.000000000000007105 ) ) ;
#8559 = LINE ( 'NONE', #8808, #3734 ) ;
#8560 = DIRECTION ( 'NONE',  ( 1.000000000000000000, 0.000000000000000000, 0.000000000000000000 ) ) ;
#8561 = ORIENTED_EDGE ( 'NONE', *, *, #6291, .F. ) ;
#8562 = EDGE_LOOP ( 'NONE', ( #2040, #2245, #10222, #190, #4962, #4754 ) ) ;
#8563 = AXIS2_PLACEMENT_3D ( 'NONE', #9472, #40, #4017 ) ;
#8564 = CARTESIAN_POINT ( 'NONE',  ( 93.00000000000002842, 147.5000000000000000, 15.00000000000001421 ) ) ;
#8565 = EDGE_CURVE ( 'NONE', #1539, #318, #2948, .T. ) ;
#8566 = VECTOR ( 'NONE', #2289, 1000.000000000000000 ) ;
#8567 = DIRECTION ( 'NONE',  ( -1.000000000000000000, 0.000000000000000000, 0.000000000000000000 ) ) ;
#8568 = DIRECTION ( 'NONE',  ( 2.033782021272921061E-31, 5.176899690512889973E-31, -1.000000000000000000 ) ) ;
#8569 = CIRCLE ( 'NONE', #8611, 2.499999999999946709 ) ;
#8570 = AXIS2_PLACEMENT_3D ( 'NONE', #1648, #826, #4881 ) ;
#8571 = EDGE_CURVE ( 'NONE', #6076, #7113, #4070, .T. ) ;
#8572 = VERTEX_POINT ( 'NONE', #3113 ) ;
#8573 = PRODUCT_DEFINITION_SHAPE ( 'NONE', 'NONE',  #4407 ) ;
#8574 = VECTOR ( 'NONE', #1428, 1000.000000000000114 ) ;
#8575 = CARTESIAN_POINT ( 'NONE',  ( 359.0000000000000000, 51.50000000000002132, 7.500000000000007105 ) ) ;
#8576 = CIRCLE ( 'NONE', #5116, 2.499999999999891198 ) ;
#8577 = DIRECTION ( 'NONE',  ( -1.000000000000000000, 0.000000000000000000, 0.000000000000000000 ) ) ;
#8578 = VECTOR ( 'NONE', #3440, 1000.000000000000000 ) ;
#8579 = CARTESIAN_POINT ( 'NONE',  ( 8.000000000000007105, 51.49999999999999289, 0.000000000000000000 ) ) ;
#8580 = VERTEX_POINT ( 'NONE', #770 ) ;
#8581 = EDGE_CURVE ( 'NONE', #7215, #8471, #4579, .T. ) ;
#8582 = CARTESIAN_POINT ( 'NONE',  ( 26.53853299045595904, 50.71637337832065384, 10.40254392629214664 ) ) ;
#8583 = DIRECTION ( 'NONE',  ( 1.000000000000000000, 0.000000000000000000, -2.609204460588635816E-49 ) ) ;
#8584 =( LENGTH_UNIT ( ) NAMED_UNIT ( * ) SI_UNIT ( .MILLI., .METRE. ) );
#8585 = DIRECTION ( 'NONE',  ( -2.609204460588635816E-49, 0.000000000000000000, 1.000000000000000000 ) ) ;
#8586 = VECTOR ( 'NONE', #9965, 1000.000000000000000 ) ;
#8587 = CARTESIAN_POINT ( 'NONE',  ( 27.00000231661813999, 246.1938065702286735, -8.834800294472035631 ) ) ;
#8588 = CIRCLE ( 'NONE', #2238, 6.000000000000019540 ) ;
#8589 = ORIENTED_EDGE ( 'NONE', *, *, #8581, .F. ) ;
#8590 = CARTESIAN_POINT ( 'NONE',  ( 332.0185965569544919, 144.8490422016348020, 4.493635309432247205 ) ) ;
#8591 = SHAPE_DEFINITION_REPRESENTATION ( #2602, #4537 ) ;
#8592 = DIRECTION ( 'NONE',  ( 1.000000000000000000, 0.000000000000000000, 0.000000000000000000 ) ) ;
#8593 = DIRECTION ( 'NONE',  ( -2.033782021272921061E-31, -5.176899690512889973E-31, 1.000000000000000000 ) ) ;
#8594 = ORIENTED_EDGE ( 'NONE', *, *, #9550, .T. ) ;
#8595 = CARTESIAN_POINT ( 'NONE',  ( 378.0000000000000000, 243.5000000000000000, 15.00000000000001421 ) ) ;
#8596 = FACE_OUTER_BOUND ( 'NONE', #4427, .T. ) ;
#8597 = CIRCLE ( 'NONE', #6944, 2.500000000000002220 ) ;
#8598 = EDGE_LOOP ( 'NONE', ( #712, #200 ) ) ;
#8599 = AXIS2_PLACEMENT_3D ( 'NONE', #9262, #6037, #5310 ) ;
#8600 = CARTESIAN_POINT ( 'NONE',  ( 332.4854804418993695, 148.0344549184821688, 3.527039594063890782 ) ) ;
#8601 = DIRECTION ( 'NONE',  ( -1.000000000000000000, -5.600273556634003027E-19, 3.136292949173481922E-19 ) ) ;
#8602 = CARTESIAN_POINT ( 'NONE',  ( 34.40944629105651131, 120.0000000000000000, 16.50000000000000000 ) ) ;
#8603 = ADVANCED_FACE ( 'NONE', ( #7173 ), #9021, .F. ) ;
#8604 = LINE ( 'NONE', #6862, #5768 ) ;
#8605 = DIRECTION ( 'NONE',  ( 1.000000000000000000, -7.590943252506637819E-32, 2.033782021272921061E-31 ) ) ;
#8606 = CIRCLE ( 'NONE', #2964, 3.000000000000002665 ) ;
#8607 = ORIENTED_EDGE ( 'NONE', *, *, #5869, .F. ) ;
#8608 = EDGE_CURVE ( 'NONE', #7373, #7987, #862, .T. ) ;
#8609 = DIRECTION ( 'NONE',  ( -2.033782021272921061E-31, -5.176899690512889973E-31, 1.000000000000000000 ) ) ;
#8610 = DIRECTION ( 'NONE',  ( -0.000000000000000000, 0.000000000000000000, 1.000000000000000000 ) ) ;
#8611 = AXIS2_PLACEMENT_3D ( 'NONE', #6918, #6954, #4574 ) ;
#8612 = DIRECTION ( 'NONE',  ( 0.000000000000000000, 0.000000000000000000, -1.000000000000000000 ) ) ;
#8613 = EDGE_CURVE ( 'NONE', #9844, #8378, #7424, .T. ) ;
#8614 = FACE_OUTER_BOUND ( 'NONE', #6258, .T. ) ;
#8615 = CARTESIAN_POINT ( 'NONE',  ( 34.40944629105651131, 120.0000000000000000, 21.00000000000000000 ) ) ;
#8616 = SURFACE_SIDE_STYLE ('',( #1903 ) ) ;
#8617 = CYLINDRICAL_SURFACE ( 'NONE', #7667, 2.499999999999946709 ) ;
#8618 = SHAPE_REPRESENTATION_RELATIONSHIP ( 'NONE' , 'NONE' ,  #4687, #7181 ) ;
#8619 = DIRECTION ( 'NONE',  ( 1.000000000000000000, 0.000000000000000000, 0.000000000000000000 ) ) ;
#8620 = DIRECTION ( 'NONE',  ( 1.000000000000000000, 0.000000000000000000, 0.000000000000000000 ) ) ;
#8621 = AXIS2_PLACEMENT_3D ( 'NONE', #629, #10117, #9365 ) ;
#8622 = CARTESIAN_POINT ( 'NONE',  ( 331.3614843386387179, 143.5269109100633784, 8.035029694283931434 ) ) ;
#8623 = DIRECTION ( 'NONE',  ( 0.000000000000000000, -1.000000000000000000, 0.000000000000000000 ) ) ;
#8624 = FILL_AREA_STYLE_COLOUR ( '', #7511 ) ;
#8625 = EDGE_CURVE ( 'NONE', #5462, #1785, #1710, .T. ) ;
#8626 = DIRECTION ( 'NONE',  ( 2.609204460588636195E-49, 0.000000000000000000, -1.000000000000000000 ) ) ;
#8627 = EDGE_LOOP ( 'NONE', ( #9958, #5220, #4214, #5049 ) ) ;
#8628 = LINE ( 'NONE', #6461, #4810 ) ;
#8629 = AXIS2_PLACEMENT_3D ( 'NONE', #1530, #6331, #7065 ) ;
#8630 = VERTEX_POINT ( 'NONE', #7914 ) ;
#8631 = EDGE_CURVE ( 'NONE', #161, #6268, #605, .T. ) ;
#8632 = DIRECTION ( 'NONE',  ( 1.000000000000000000, -7.590943252506637819E-32, 2.033782021272921061E-31 ) ) ;
#8633 = DIRECTION ( 'NONE',  ( 2.033782021272921061E-31, 5.176899690512889973E-31, -1.000000000000000000 ) ) ;
#8634 = VERTEX_POINT ( 'NONE', #834 ) ;
#8635 = CARTESIAN_POINT ( 'NONE',  ( 725.0000000000001137, 243.5000000000000000, 15.00000000000001599 ) ) ;
#8636 = VERTEX_POINT ( 'NONE', #3217 ) ;
#8638 = ORIENTED_EDGE ( 'NONE', *, *, #5526, .T. ) ;
#8637 = LINE ( 'NONE', #6130, #6538 ) ;
#8639 = DIRECTION ( 'NONE',  ( -0.000000000000000000, 0.000000000000000000, 1.000000000000000000 ) ) ;
#8640 = EDGE_LOOP ( 'NONE', ( #6161, #9718, #7887, #129 ) ) ;
#8641 = EDGE_CURVE ( 'NONE', #8648, #3837, #8012, .T. ) ;
#8642 = EDGE_LOOP ( 'NONE', ( #5307, #3847, #1623, #7425, #2563, #4219 ) ) ;
#8643 = DIRECTION ( 'NONE',  ( 1.000000000000000000, 0.000000000000000000, 0.000000000000000000 ) ) ;
#8645 = ORIENTED_EDGE ( 'NONE', *, *, #7237, .F. ) ;
#8644 = FACE_BOUND ( 'NONE', #3066, .T. ) ;
#8646 = DIRECTION ( 'NONE',  ( -5.600273556634000138E-19, -1.000000000000000000, 6.938893903907225296E-18 ) ) ;
#8647 = CARTESIAN_POINT ( 'NONE',  ( 376.0000000000000000, 312.3750000000000568, -3.469446951953614189E-15 ) ) ;
#8648 = VERTEX_POINT ( 'NONE', #235 ) ;
#8649 = EDGE_CURVE ( 'NONE', #3490, #2367, #4831, .T. ) ;
#8650 = ADVANCED_FACE ( 'NONE', ( #2203 ), #1970, .F. ) ;
#8651 = DIRECTION ( 'NONE',  ( 1.000000000000000000, 0.000000000000000000, 0.000000000000000000 ) ) ;
#8652 = VECTOR ( 'NONE', #6040, 1000.000000000000000 ) ;
#8653 = DIRECTION ( 'NONE',  ( 2.609204460588636195E-49, 0.000000000000000000, -1.000000000000000000 ) ) ;
#8654 = ORIENTED_EDGE ( 'NONE', *, *, #9877, .F. ) ;
#8655 = CARTESIAN_POINT ( 'NONE',  ( 0.000000000000000000, 0.000000000000000000, 21.00000000000000000 ) ) ;
#8656 = AXIS2_PLACEMENT_3D ( 'NONE', #382, #7485, #7548 ) ;
#8657 = CARTESIAN_POINT ( 'NONE',  ( 458.4999999999998295, 51.49999999999999289, -15.00000000000001599 ) ) ;
#8658 = VERTEX_POINT ( 'NONE', #8017 ) ;
#8659 = ORIENTED_EDGE ( 'NONE', *, *, #536, .T. ) ;
#8660 = AXIS2_PLACEMENT_3D ( 'NONE', #377, #7515, #3570 ) ;
#8661 = ORIENTED_EDGE ( 'NONE', *, *, #6152, .T. ) ;
#8662 = AXIS2_PLACEMENT_3D ( 'NONE', #6287, #6956, #730 ) ;
#8663 = ORIENTED_EDGE ( 'NONE', *, *, #8684, .T. ) ;
#8664 = CARTESIAN_POINT ( 'NONE',  ( 26.00000000000003197, 49.00000000000004263, 0.000000000000000000 ) ) ;
#8665 = CARTESIAN_POINT ( 'NONE',  ( 725.0000000000001137, 243.5000000000000000, 3.000000000000002665 ) ) ;
#8666 = ORIENTED_EDGE ( 'NONE', *, *, #4668, .F. ) ;
#8667 = CARTESIAN_POINT ( 'NONE',  ( 68.00000000000008527, 49.00000000000009948, 0.000000000000000000 ) ) ;
#8668 = AXIS2_PLACEMENT_3D ( 'NONE', #3401, #3439, #4928 ) ;
#8669 = DIRECTION ( 'NONE',  ( 1.000000000000000000, 0.000000000000000000, 0.000000000000000000 ) ) ;
#8670 = PRESENTATION_LAYER_ASSIGNMENT (  '', '', ( #8142 ) ) ;
#8672 = EDGE_LOOP ( 'NONE', ( #7035, #2352, #3481, #1307 ) ) ;
#8671 = FACE_OUTER_BOUND ( 'NONE', #8674, .T. ) ;
#8673 = DIRECTION ( 'NONE',  ( -1.000000000000000000, 0.000000000000000000, 0.000000000000000000 ) ) ;
#8674 = EDGE_LOOP ( 'NONE', ( #6008, #1424, #2812, #4388 ) ) ;
#8675 = FACE_OUTER_BOUND ( 'NONE', #6279, .T. ) ;
#8676 = ORIENTED_EDGE ( 'NONE', *, *, #4462, .T. ) ;
#8677 = ORIENTED_EDGE ( 'NONE', *, *, #5484, .T. ) ;
#8678 = CYLINDRICAL_SURFACE ( 'NONE', #2067, 6.000000000000005329 ) ;
#8679 = DIRECTION ( 'NONE',  ( 1.665334536937734811E-15, 0.000000000000000000, -1.000000000000000222 ) ) ;
#8680 = VECTOR ( 'NONE', #1689, 1000.000000000000000 ) ;
#8681 = EDGE_LOOP ( 'NONE', ( #5073, #5912 ) ) ;
#8682 = AXIS2_PLACEMENT_3D ( 'NONE', #9806, #6799, #5208 ) ;
#8683 = DIRECTION ( 'NONE',  ( 1.000000000000000000, 0.000000000000000000, 0.000000000000000000 ) ) ;
#8684 = EDGE_CURVE ( 'NONE', #7523, #5284, #9851, .T. ) ;
#8685 = CARTESIAN_POINT ( 'NONE',  ( 0.000000000000000000, -1.553069907153868393E-30, 3.000000000000002665 ) ) ;
#8686 = EDGE_CURVE ( 'NONE', #8630, #1240, #9253, .T. ) ;
#8687 = CARTESIAN_POINT ( 'NONE',  ( 359.9999999999998863, 243.5000000000000000, 3.000000000000002665 ) ) ;
#8688 = DIRECTION ( 'NONE',  ( -1.000000000000000000, -5.600273556634003027E-19, 3.136292949173481922E-19 ) ) ;
#8689 = LINE ( 'NONE', #9060, #4628 ) ;
#8690 = FACE_OUTER_BOUND ( 'NONE', #8844, .T. ) ;
#8691 = ORIENTED_EDGE ( 'NONE', *, *, #6784, .T. ) ;
#8692 = AXIS2_PLACEMENT_3D ( 'NONE', #9434, #3180, #8777 ) ;
#8693 = EDGE_CURVE ( 'NONE', #7446, #2207, #3825, .T. ) ;
#8694 = CARTESIAN_POINT ( 'NONE',  ( 791.4999999999998863, 237.9999999999999432, -15.00000000000001599 ) ) ;
#8695 = AXIS2_PLACEMENT_3D ( 'NONE', #544, #1252, #6791 ) ;
#8696 = ADVANCED_FACE ( 'NONE', ( #5678 ), #4147, .T. ) ;
#8697 = LINE ( 'NONE', #5541, #7594 ) ;
#8698 = CARTESIAN_POINT ( 'NONE',  ( 340.0000000000003979, 5.551115123125782702E-14, 0.000000000000000000 ) ) ;
#8699 = VECTOR ( 'NONE', #7378, 1000.000000000000000 ) ;
#8700 = VERTEX_POINT ( 'NONE', #2520 ) ;
#8701 = SHAPE_DEFINITION_REPRESENTATION ( #9389, #4687 ) ;
#8702 = CARTESIAN_POINT ( 'NONE',  ( 314.0000000000003411, 49.00000000000004263, 15.00000000000001421 ) ) ;
#8703 = DIRECTION ( 'NONE',  ( 1.000000000000000000, 0.000000000000000000, 0.000000000000000000 ) ) ;
#8704 = PLANE ( 'NONE',  #9171 ) ;
#8705 = FACE_OUTER_BOUND ( 'NONE', #8771, .T. ) ;
#8706 = ORIENTED_EDGE ( 'NONE', *, *, #10183, .F. ) ;
#8707 = SURFACE_STYLE_FILL_AREA ( #10077 ) ;
#8708 = PLANE ( 'NONE',  #8629 ) ;
#8709 = CARTESIAN_POINT ( 'NONE',  ( 24.99999999999996803, 0.000000000000000000, 2.500000000000030198 ) ) ;
#8710 = VERTEX_POINT ( 'NONE', #3253 ) ;
#8711 = CARTESIAN_POINT ( 'NONE',  ( 731.0000000000001137, 51.49999999999999289, -15.00000000000001599 ) ) ;
#8712 = DIRECTION ( 'NONE',  ( 1.000000000000000000, 0.000000000000000000, 0.000000000000000000 ) ) ;
#8713 = VECTOR ( 'NONE', #3222, 1000.000000000000000 ) ;
#8714 = DIRECTION ( 'NONE',  ( 2.033782021272921061E-31, 5.176899690512889973E-31, 1.000000000000000000 ) ) ;
#8715 = LINE ( 'NONE', #1210, #2300 ) ;
#8716 = ORIENTED_EDGE ( 'NONE', *, *, #9101, .F. ) ;
#8717 = DIRECTION ( 'NONE',  ( 0.000000000000000000, 0.000000000000000000, -1.000000000000000000 ) ) ;
#8718 = DIRECTION ( 'NONE',  ( 1.000000000000000000, 0.000000000000000000, 0.000000000000000000 ) ) ;
#8719 = CARTESIAN_POINT ( 'NONE',  ( 40.00000000000003553, 51.49999999999999289, -4.499999999999944933 ) ) ;
#8720 = LINE ( 'NONE', #2773, #8116 ) ;
#8721 = AXIS2_PLACEMENT_3D ( 'NONE', #3733, #10036, #5334 ) ;
#8722 = DIRECTION ( 'NONE',  ( -1.000000000000000000, 7.590943252506637819E-32, -2.033782021272921061E-31 ) ) ;
#8723 = LINE ( 'NONE', #8957, #5157 ) ;
#8724 = VECTOR ( 'NONE', #4931, 1000.000000000000000 ) ;
#8725 = ORIENTED_EDGE ( 'NONE', *, *, #1209, .F. ) ;
#8726 = ADVANCED_FACE ( 'NONE', ( #4327 ), #10112, .F. ) ;
#8727 = CARTESIAN_POINT ( 'NONE',  ( 27.12608353313106591, 48.50012126514193511, -7.699902025549362428 ) ) ;
#8728 = DIRECTION ( 'NONE',  ( 1.000000000000000000, 0.000000000000000000, 0.000000000000000000 ) ) ;
#8729 = EDGE_CURVE ( 'NONE', #8836, #376, #2463, .T. ) ;
#8730 = CARTESIAN_POINT ( 'NONE',  ( 728.0000000000001137, 243.5000000000000000, -15.00000000000001599 ) ) ;
#8731 = CIRCLE ( 'NONE', #1934, 3.000000000000000888 ) ;
#8732 = DIRECTION ( 'NONE',  ( 5.600273556634000138E-19, 1.000000000000000000, -6.938893903907225296E-18 ) ) ;
#8733 = FACE_OUTER_BOUND ( 'NONE', #2714, .T. ) ;
#8734 = EDGE_LOOP ( 'NONE', ( #7940, #3311, #5437, #2607 ) ) ;
#8735 = CARTESIAN_POINT ( 'NONE',  ( 314.0000000000003411, 49.00000000000004263, 9.000000000000007105 ) ) ;
#8736 = AXIS2_PLACEMENT_3D ( 'NONE', #9557, #968, #1796 ) ;
#8737 = DIRECTION ( 'NONE',  ( -1.000000000000000000, 0.000000000000000000, 0.000000000000000000 ) ) ;
#8738 = EDGE_CURVE ( 'NONE', #1412, #1127, #4568, .T. ) ;
#8739 = APPLICATION_CONTEXT ( 'automotive_design' ) ;
#8740 = ADVANCED_FACE ( 'NONE', ( #1364 ), #6691, .F. ) ;
#8741 = DIRECTION ( 'NONE',  ( -0.000000000000000000, 0.000000000000000000, 1.000000000000000000 ) ) ;
#8742 = ORIENTED_EDGE ( 'NONE', *, *, #5212, .F. ) ;
#8744 = ORIENTED_EDGE ( 'NONE', *, *, #1542, .F. ) ;
#8743 = LINE ( 'NONE', #3451, #5053 ) ;
#8745 = CARTESIAN_POINT ( 'NONE',  ( 68.00000000000008527, 209.0000000000003411, 15.00000000000001421 ) ) ;
#8746 = AXIS2_PLACEMENT_3D ( 'NONE', #8687, #7112, #7141 ) ;
#8747 = ORIENTED_EDGE ( 'NONE', *, *, #2284, .F. ) ;
#8748 = ORIENTED_EDGE ( 'NONE', *, *, #495, .F. ) ;
#8749 = CARTESIAN_POINT ( 'NONE',  ( 359.9999999999998863, 51.49999999999999289, -3.000000000000002665 ) ) ;
#8750 = DIRECTION ( 'NONE',  ( -1.000000000000000000, 0.000000000000000000, 0.000000000000000000 ) ) ;
#8751 = PLANE ( 'NONE',  #5961 ) ;
#8752 = EDGE_CURVE ( 'NONE', #8167, #4986, #7758, .T. ) ;
#8753 = CARTESIAN_POINT ( 'NONE',  ( 34.00000000000002842, 51.49999999999999289, 15.00000000000001421 ) ) ;
#8754 = AXIS2_PLACEMENT_3D ( 'NONE', #2493, #6434, #7268 ) ;
#8755 = EDGE_CURVE ( 'NONE', #4593, #9944, #6163, .T. ) ;
#8757 = ORIENTED_EDGE ( 'NONE', *, *, #5350, .F. ) ;
#8756 = FACE_BOUND ( 'NONE', #8189, .T. ) ;
#8758 = DIRECTION ( 'NONE',  ( -1.000000000000000000, 0.000000000000000000, -0.000000000000000000 ) ) ;
#8759 = EDGE_LOOP ( 'NONE', ( #5288, #3616, #8386, #4027 ) ) ;
#8760 = ORIENTED_EDGE ( 'NONE', *, *, #8212, .T. ) ;
#8761 = CARTESIAN_POINT ( 'NONE',  ( 110.8431732198505273, 125.0000000000000000, 16.50000000000000000 ) ) ;
#8762 = CARTESIAN_POINT ( 'NONE',  ( 26.50786973465681484, 51.10448806229614149, -4.519510153631784100 ) ) ;
#8764 = VERTEX_POINT ( 'NONE', #1769 ) ;
#8763 = VECTOR ( 'NONE', #7199, 1000.000000000000000 ) ;
#8765 = EDGE_CURVE ( 'NONE', #9640, #7911, #2449, .T. ) ;
#8766 = ORIENTED_EDGE ( 'NONE', *, *, #3700, .T. ) ;
#8767 = CARTESIAN_POINT ( 'NONE',  ( 314.0000000000003979, 235.0000000000003695, 15.00000000000001421 ) ) ;
#8768 = CARTESIAN_POINT ( 'NONE',  ( 731.0000000000001137, 243.5000000000000000, 3.000000000000002665 ) ) ;
#8769 = ORIENTED_EDGE ( 'NONE', *, *, #4517, .T. ) ;
#8770 = PLANE ( 'NONE',  #8863 ) ;
#8771 = EDGE_LOOP ( 'NONE', ( #7283, #8265, #7365, #8046 ) ) ;
#8772 = DIRECTION ( 'NONE',  ( -9.069527945153567696E-19, -1.000000000000000000, 6.938893903907225296E-18 ) ) ;
#8773 = CARTESIAN_POINT ( 'NONE',  ( 26.72584321241367888, 245.3341301085208954, 5.118039001183991132 ) ) ;
#8774 = PRESENTATION_STYLE_ASSIGNMENT (( #7289 ) ) ;
#8775 = ORIENTED_EDGE ( 'NONE', *, *, #5212, .T. ) ;
#8776 = DIRECTION ( 'NONE',  ( -0.000000000000000000, 0.000000000000000000, 1.000000000000000000 ) ) ;
#8777 = DIRECTION ( 'NONE',  ( 1.000000000000000000, 9.832463480890440042E-18, -3.829716032182293776E-17 ) ) ;
#8778 = VERTEX_POINT ( 'NONE', #6502 ) ;
#8779 = ORIENTED_EDGE ( 'NONE', *, *, #9559, .T. ) ;
#8780 = EDGE_LOOP ( 'NONE', ( #1592, #9400, #4363, #9688, #10113, #6342 ) ) ;
#8781 = ORIENTED_EDGE ( 'NONE', *, *, #2401, .T. ) ;
#8782 = CARTESIAN_POINT ( 'NONE',  ( 42.84317321985053439, 84.99999999999998579, 7.499999999999999112 ) ) ;
#8783 = VERTEX_POINT ( 'NONE', #5642 ) ;
#8784 = CARTESIAN_POINT ( 'NONE',  ( 791.4999999999998863, 237.9999999999999432, 15.00000000000001599 ) ) ;
#8786 = VERTEX_POINT ( 'NONE', #7298 ) ;
#8785 = CYLINDRICAL_SURFACE ( 'NONE', #1820, 2.500000000000002220 ) ;
#8787 = DIRECTION ( 'NONE',  ( 1.000000000000000000, -7.590943252506637819E-32, 2.033782021272921061E-31 ) ) ;
#8788 = CARTESIAN_POINT ( 'NONE',  ( 0.000000000000000000, -6.729969597666759768E-30, 13.00000000000001421 ) ) ;
#8789 = VERTEX_POINT ( 'NONE', #202 ) ;
#8790 = CARTESIAN_POINT ( 'NONE',  ( 306.0000000000003979, 241.0000000000003126, 9.000000000000007105 ) ) ;
#8791 = EDGE_LOOP ( 'NONE', ( #9052, #2984, #6312, #9277 ) ) ;
#8792 = ORIENTED_EDGE ( 'NONE', *, *, #8877, .F. ) ;
#8793 = DIRECTION ( 'NONE',  ( 2.033782021272921061E-31, 5.176899690512889973E-31, 1.000000000000000000 ) ) ;
#8794 = DIRECTION ( 'NONE',  ( -2.033782021272921061E-31, -5.176899690512889973E-31, 1.000000000000000000 ) ) ;
#8795 = DIRECTION ( 'NONE',  ( -1.000000000000000000, 0.000000000000000000, 0.000000000000000000 ) ) ;
#8796 = LINE ( 'NONE', #9991, #383 ) ;
#8797 = DIRECTION ( 'NONE',  ( -3.136292949173481922E-19, -1.387778780781445676E-17, 1.000000000000000000 ) ) ;
#8798 = EDGE_CURVE ( 'NONE', #2943, #4593, #2218, .T. ) ;
#8799 = LINE ( 'NONE', #4748, #4237 ) ;
#8800 = ORIENTED_EDGE ( 'NONE', *, *, #6654, .T. ) ;
#8801 = ADVANCED_FACE ( 'NONE', ( #2709 ), #1722, .F. ) ;
#8802 = CARTESIAN_POINT ( 'NONE',  ( 26.00000000000006040, 55.00000000000004974, 9.000000000000007105 ) ) ;
#8803 = ORIENTED_EDGE ( 'NONE', *, *, #8820, .F. ) ;
#8804 = ORIENTED_EDGE ( 'NONE', *, *, #8738, .F. ) ;
#8805 = AXIS2_PLACEMENT_3D ( 'NONE', #7351, #957, #7320 ) ;
#8806 = CARTESIAN_POINT ( 'NONE',  ( 30.84317321985052729, 125.0000000000000000, 4.500000000000000888 ) ) ;
#8807 = EDGE_CURVE ( 'NONE', #4783, #9973, #8030, .T. ) ;
#8808 = CARTESIAN_POINT ( 'NONE',  ( 378.0000000000000000, 243.5000000000000000, 15.00000000000001421 ) ) ;
#8809 = CYLINDRICAL_SURFACE ( 'NONE', #10205, 2.499999999999891198 ) ;
#8810 = VECTOR ( 'NONE', #5965, 1000.000000000000000 ) ;
#8811 = ORIENTED_EDGE ( 'NONE', *, *, #4950, .F. ) ;
#8812 = DIRECTION ( 'NONE',  ( 1.000000000000000000, 0.000000000000000000, -0.000000000000000000 ) ) ;
#8813 = AXIS2_PLACEMENT_3D ( 'NONE', #560, #7816, #6097 ) ;
#8814 = DIRECTION ( 'NONE',  ( 1.665334536937734811E-15, 0.000000000000000000, -1.000000000000000222 ) ) ;
#8815 = EDGE_CURVE ( 'NONE', #2599, #3128, #8509, .T. ) ;
#8816 = CIRCLE ( 'NONE', #9863, 4.000000000000003553 ) ;
#8817 = CARTESIAN_POINT ( 'NONE',  ( 42.84317321985053439, 84.99999999999998579, 13.50000000000000178 ) ) ;
#8818 = LINE ( 'NONE', #2506, #2872 ) ;
#8819 = PLANE ( 'NONE',  #2772 ) ;
#8820 = EDGE_CURVE ( 'NONE', #6760, #7327, #90, .T. ) ;
#8821 = VECTOR ( 'NONE', #4301, 1000.000000000000000 ) ;
#8822 = EDGE_LOOP ( 'NONE', ( #4732, #3765, #24, #7316 ) ) ;
#8823 = CARTESIAN_POINT ( 'NONE',  ( 26.76629254899664190, 241.5140969250448393, 9.756911179330455042 ) ) ;
#8824 = CARTESIAN_POINT ( 'NONE',  ( 375.9999999999999432, 89.25000000000015632, 0.000000000000000000 ) ) ;
#8825 = DIRECTION ( 'NONE',  ( 0.000000000000000000, 0.000000000000000000, -1.000000000000000000 ) ) ;
#8826 = CARTESIAN_POINT ( 'NONE',  ( 381.9999999999998863, 51.49999999999999289, 3.000000000000113687 ) ) ;
#8827 = PRODUCT_DEFINITION ( 'UNKNOWN', '', #9484, #447 ) ;
#8828 = CIRCLE ( 'NONE', #6413, 4.000000000000003553 ) ;
#8829 = CARTESIAN_POINT ( 'NONE',  ( 376.0000000000000000, 223.1250000000002274, 3.999999999999996447 ) ) ;
#8830 = DIRECTION ( 'NONE',  ( 0.000000000000000000, 1.000000000000000000, 0.000000000000000000 ) ) ;
#8831 = FACE_BOUND ( 'NONE', #847, .T. ) ;
#8832 = ORIENTED_EDGE ( 'NONE', *, *, #10068, .F. ) ;
#8833 = ITEM_DEFINED_TRANSFORMATION ( 'NONE', 'NONE', #6590,  #3788 ) ;
#8834 = EDGE_CURVE ( 'NONE', #2444, #362, #3455, .T. ) ;
#8835 = DIRECTION ( 'NONE',  ( -7.590943252506637819E-32, 1.000000000000000000, 5.176899690512889973E-31 ) ) ;
#8836 = VERTEX_POINT ( 'NONE', #2688 ) ;
#8837 = AXIS2_PLACEMENT_3D ( 'NONE', #2535, #8069, #5695 ) ;
#8838 = DIRECTION ( 'NONE',  ( -2.041077998578924066E-17, -1.000000000000000000, 0.000000000000000000 ) ) ;
#8839 = VECTOR ( 'NONE', #277, 1000.000000000000000 ) ;
#8840 = DIRECTION ( 'NONE',  ( -0.000000000000000000, 0.000000000000000000, 1.000000000000000000 ) ) ;
#8841 = LINE ( 'NONE', #3417, #8350 ) ;
#8842 = EDGE_LOOP ( 'NONE', ( #7048, #7673, #5922, #4973 ) ) ;
#8843 = CARTESIAN_POINT ( 'NONE',  ( 5.500000000000006217, 51.50000000000000000, 2.999999999999891642 ) ) ;
#8844 = EDGE_LOOP ( 'NONE', ( #5026, #8748, #3411, #1214 ) ) ;
#8845 = EDGE_CURVE ( 'NONE', #4422, #2818, #732, .T. ) ;
#8846 = CARTESIAN_POINT ( 'NONE',  ( 359.9999999999998863, 51.49999999999999289, 15.00000000000001599 ) ) ;
#8847 = DIRECTION ( 'NONE',  ( 1.000000000000000000, 0.000000000000000000, -2.609204460588628979E-49 ) ) ;
#8848 = ADVANCED_FACE ( 'NONE', ( #8522 ), #2757, .F. ) ;
#8849 = FACE_BOUND ( 'NONE', #1808, .T. ) ;
#8850 = CARTESIAN_POINT ( 'NONE',  ( 26.56115744048527816, 52.47355093862000075, -10.34453639846182327 ) ) ;
#8851 = PRODUCT_CONTEXT ( 'NONE', #100, 'mechanical' ) ;
#8852 = LINE ( 'NONE', #1223, #7626 ) ;
#8853 = AXIS2_PLACEMENT_3D ( 'NONE', #3512, #7417, #5074 ) ;
#8854 = ADVANCED_FACE ( 'NONE', ( #6548 ), #5444, .F. ) ;
#8855 = CARTESIAN_POINT ( 'NONE',  ( 310.0000000000003411, 49.00000000000004263, 9.000000000000007105 ) ) ;
#8856 = DIRECTION ( 'NONE',  ( 1.000000000000000000, 0.000000000000000000, -1.084202172485504434E-17 ) ) ;
#8857 = CARTESIAN_POINT ( 'NONE',  ( 110.8431732198505273, 125.0000000000000000, 16.50000000000000000 ) ) ;
#8858 = CARTESIAN_POINT ( 'NONE',  ( 27.41292568702614574, 151.0879919699533502, 5.713025518282566217 ) ) ;
#8859 = CARTESIAN_POINT ( 'NONE',  ( 0.000000000000000000, 0.000000000000000000, 0.000000000000000000 ) ) ;
#8860 = VECTOR ( 'NONE', #2298, 1000.000000000000000 ) ;
#8861 = DIRECTION ( 'NONE',  ( 2.033782021272921061E-31, 5.176899690512889973E-31, 1.000000000000000000 ) ) ;
#8862 = AXIS2_PLACEMENT_3D ( 'NONE', #8000, #6458, #4102 ) ;
#8863 = AXIS2_PLACEMENT_3D ( 'NONE', #6326, #3173, #7912 ) ;
#8864 = VECTOR ( 'NONE', #519, 1000.000000000000000 ) ;
#8865 = DIRECTION ( 'NONE',  ( 1.000000000000000000, 0.000000000000000000, 0.000000000000000000 ) ) ;
#8866 = ORIENTED_EDGE ( 'NONE', *, *, #4126, .F. ) ;
#8867 = DIRECTION ( 'NONE',  ( 2.033782021272921061E-31, 5.176899690512889973E-31, 1.000000000000000000 ) ) ;
#8868 = EDGE_CURVE ( 'NONE', #7551, #8420, #4819, .T. ) ;
#8869 = AXIS2_PLACEMENT_3D ( 'NONE', #8497, #3764, #2108 ) ;
#8870 = CARTESIAN_POINT ( 'NONE',  ( 102.0000000000001279, 235.0000000000002274, 9.000000000000007105 ) ) ;
#8871 = VERTEX_POINT ( 'NONE', #8190 ) ;
#8873 = ORIENTED_EDGE ( 'NONE', *, *, #3058, .T. ) ;
#8872 = FACE_OUTER_BOUND ( 'NONE', #9971, .T. ) ;
#8874 = CARTESIAN_POINT ( 'NONE',  ( 0.000000000000000000, 294.9999999999998863, 15.00000000000001421 ) ) ;
#8875 = CARTESIAN_POINT ( 'NONE',  ( 728.0000000000001137, 51.49999999999999289, 15.00000000000001599 ) ) ;
#8876 = ORIENTED_EDGE ( 'NONE', *, *, #742, .F. ) ;
#8877 = EDGE_CURVE ( 'NONE', #3166, #161, #1843, .T. ) ;
#8878 = PLANE ( 'NONE',  #2717 ) ;
#8879 = CARTESIAN_POINT ( 'NONE',  ( 272.0000000000003411, 49.00000000000004263, 0.000000000000000000 ) ) ;
#8880 = ORIENTED_EDGE ( 'NONE', *, *, #2574, .T. ) ;
#8882 = ORIENTED_EDGE ( 'NONE', *, *, #8096, .F. ) ;
#8881 = VECTOR ( 'NONE', #326, 1000.000000000000000 ) ;
#8883 = MANIFOLD_SOLID_BREP ( 'Cortar-Extruir1', #6351 ) ;
#8884 = EDGE_CURVE ( 'NONE', #97, #6428, #3328, .T. ) ;
#8885 = EDGE_LOOP ( 'NONE', ( #3948, #347, #6713, #5144 ) ) ;
#8886 = EDGE_LOOP ( 'NONE', ( #4299, #7294, #2068, #4332, #3556, #2533 ) ) ;
#8887 = DIRECTION ( 'NONE',  ( 1.941925118803054280E-33, 0.000000000000000000, 1.000000000000000000 ) ) ;
#8889 = VERTEX_POINT ( 'NONE', #5131 ) ;
#8888 = APPLICATION_CONTEXT ( 'automotive_design' ) ;
#8890 = EDGE_CURVE ( 'NONE', #3363, #1380, #984, .T. ) ;
#8891 = PLANE ( 'NONE',  #6769 ) ;
#8892 = AXIS2_PLACEMENT_3D ( 'NONE', #3019, #3086, #3891 ) ;
#8893 = CARTESIAN_POINT ( 'NONE',  ( 26.49999999999996447, 243.2995184141616392, 10.49999999999995381 ) ) ;
#8894 = VERTEX_POINT ( 'NONE', #8253 ) ;
#8895 = EDGE_CURVE ( 'NONE', #7880, #6268, #228, .T. ) ;
#8896 = ADVANCED_BREP_SHAPE_REPRESENTATION ( '', ( #7499, #3788 ), #7761 ) ;
#8897 = CARTESIAN_POINT ( 'NONE',  ( 102.0000000000001279, 235.0000000000002274, 9.000000000000007105 ) ) ;
#8898 = ORIENTED_EDGE ( 'NONE', *, *, #10058, .T. ) ;
#8899 = AXIS2_PLACEMENT_3D ( 'NONE', #5982, #7627, #9229 ) ;
#8900 = EDGE_CURVE ( 'NONE', #2086, #13, #9055, .T. ) ;
#8901 = PRODUCT_DEFINITION_SHAPE ( 'NONE', 'NONE',  #10250 ) ;
#8902 = FACE_OUTER_BOUND ( 'NONE', #4, .T. ) ;
#8903 = CARTESIAN_POINT ( 'NONE',  ( 455.9999999999999432, 51.49999999999999289, 15.00000000000001599 ) ) ;
#8904 = ORIENTED_EDGE ( 'NONE', *, *, #4410, .F. ) ;
#8905 = ADVANCED_FACE ( 'NONE', ( #4199 ), #9995, .F. ) ;
#8906 = CARTESIAN_POINT ( 'NONE',  ( 728.0000000000001137, 147.5000000000000000, -15.00000000000001599 ) ) ;
#8907 = ADVANCED_FACE ( 'NONE', ( #8644, #4448, #2942, #8756, #3198 ), #7575, .F. ) ;
#8908 = CARTESIAN_POINT ( 'NONE',  ( 26.00000000000002132, 241.0000000000002558, 15.00000000000001421 ) ) ;
#8909 = CARTESIAN_POINT ( 'NONE',  ( 0.000000000000000000, 353.0000000000001705, -6.938893903907228378E-15 ) ) ;
#8910 = DIRECTION ( 'NONE',  ( 1.826024711554532927E-16, -1.000000000000000000, 0.000000000000000000 ) ) ;
#8911 = ORIENTED_EDGE ( 'NONE', *, *, #8100, .F. ) ;
#8912 = SURFACE_STYLE_USAGE ( .BOTH. , #5015 ) ;
#8913 = VERTEX_POINT ( 'NONE', #9899 ) ;
#8914 = PLANE ( 'NONE',  #8736 ) ;
#8915 = ORIENTED_EDGE ( 'NONE', *, *, #8355, .F. ) ;
#8916 = ORIENTED_EDGE ( 'NONE', *, *, #6495, .F. ) ;
#8917 = CARTESIAN_POINT ( 'NONE',  ( 27.52694950577473776, 143.7101217995845843, 6.194053046640910942 ) ) ;
#8918 = CARTESIAN_POINT ( 'NONE',  ( 26.65201703918303267, 245.0114683698029694, 4.901301321440112879 ) ) ;
#8920 = VERTEX_POINT ( 'NONE', #6085 ) ;
#8919 = CYLINDRICAL_SURFACE ( 'NONE', #5335, 4.000000000000003553 ) ;
#8921 = CARTESIAN_POINT ( 'NONE',  ( 26.72544866460922819, 53.33254374853241586, -9.883154385491016214 ) ) ;
#8922 = ORIENTED_EDGE ( 'NONE', *, *, #2592, .T. ) ;
#8923 = FACE_OUTER_BOUND ( 'NONE', #9228, .T. ) ;
#8924 = ORIENTED_EDGE ( 'NONE', *, *, #827, .F. ) ;
#8925 = DIRECTION ( 'NONE',  ( 1.000000000000000000, -7.590943252506637819E-32, 2.033782021272921061E-31 ) ) ;
#8926 = ORIENTED_EDGE ( 'NONE', *, *, #313, .F. ) ;
#8927 = CARTESIAN_POINT ( 'NONE',  ( 26.84650438807687323, 241.2421252435723886, 5.515134118303095967 ) ) ;
#8928 = CARTESIAN_POINT ( 'NONE',  ( 27.57307304155870042, 151.3663328592068069, 6.440205721775288161 ) ) ;
#8929 = CARTESIAN_POINT ( 'NONE',  ( 272.0000000000003411, 81.00000000000001421, 15.00000000000001421 ) ) ;
#8930 =( GEOMETRIC_REPRESENTATION_CONTEXT ( 3 ) GLOBAL_UNCERTAINTY_ASSIGNED_CONTEXT ( ( #6550 ) ) GLOBAL_UNIT_ASSIGNED_CONTEXT ( ( #9025, #4367, #1391 ) ) REPRESENTATION_CONTEXT ( 'NONE', 'WORKASPACE' ) );
#8931 = DIRECTION ( 'NONE',  ( 1.000000000000000000, -7.590943252506637819E-32, -2.033782021272921061E-31 ) ) ;
#8932 = FACE_OUTER_BOUND ( 'NONE', #8964, .T. ) ;
#8933 = FACE_OUTER_BOUND ( 'NONE', #9351, .T. ) ;
#8934 = ORIENTED_EDGE ( 'NONE', *, *, #2401, .F. ) ;
#8935 = CARTESIAN_POINT ( 'NONE',  ( 26.50000000000003197, 243.5000000000000000, 15.00000000000001421 ) ) ;
#8936 = EDGE_CURVE ( 'NONE', #2367, #6923, #1591, .T. ) ;
#8937 = VECTOR ( 'NONE', #6702, 1000.000000000000000 ) ;
#8938 = FACE_OUTER_BOUND ( 'NONE', #3674, .T. ) ;
#8939 = CIRCLE ( 'NONE', #3693, 7.500000000000000000 ) ;
#8940 = ORIENTED_EDGE ( 'NONE', *, *, #4573, .T. ) ;
#8941 = CARTESIAN_POINT ( 'NONE',  ( 791.4999999999998863, 237.9999999999999432, 15.00000000000001599 ) ) ;
#8942 = AXIS2_PLACEMENT_3D ( 'NONE', #751, #10131, #10057 ) ;
#8943 = CARTESIAN_POINT ( 'NONE',  ( 314.0000000000003979, 241.0000000000003695, 9.000000000000007105 ) ) ;
#8944 = EDGE_CURVE ( 'NONE', #8913, #550, #7898, .T. ) ;
#8945 = DIRECTION ( 'NONE',  ( -1.000000000000000000, 0.000000000000000000, 0.000000000000000000 ) ) ;
#8946 = CARTESIAN_POINT ( 'NONE',  ( 26.50000000000003197, 147.2332797876427435, 3.499999999999996003 ) ) ;
#8947 = CIRCLE ( 'NONE', #7023, 3.000000000000002665 ) ;
#8948 = CARTESIAN_POINT ( 'NONE',  ( 0.000000000000000000, 353.0000000000001705, -6.938893903907228378E-15 ) ) ;
#8949 = FACE_OUTER_BOUND ( 'NONE', #6048, .T. ) ;
#8950 = VERTEX_POINT ( 'NONE', #8332 ) ;
#8951 = AXIS2_PLACEMENT_3D ( 'NONE', #9788, #5013, #1960 ) ;
#8952 = ADVANCED_FACE ( 'NONE', ( #1108 ), #2033, .F. ) ;
#8953 = ORIENTED_EDGE ( 'NONE', *, *, #4004, .T. ) ;
#8954 = EDGE_CURVE ( 'NONE', #362, #5602, #7161, .T. ) ;
#8955 = AXIS2_PLACEMENT_3D ( 'NONE', #9347, #3686, #10062 ) ;
#8956 = DIRECTION ( 'NONE',  ( -0.000000000000000000, 0.000000000000000000, 1.000000000000000000 ) ) ;
#8957 = CARTESIAN_POINT ( 'NONE',  ( 300.0000000000000568, 147.5000000000000000, 15.00000000000001421 ) ) ;
#8958 = EDGE_CURVE ( 'NONE', #2848, #6308, #9739, .T. ) ;
#8959 = DIRECTION ( 'NONE',  ( -1.000000000000000000, 0.000000000000000000, 0.000000000000000000 ) ) ;
#8960 = LINE ( 'NONE', #1389, #8586 ) ;
#8961 = PLANE ( 'NONE',  #142 ) ;
#8962 = DIRECTION ( 'NONE',  ( 1.000000000000000000, 0.000000000000000000, 0.000000000000000000 ) ) ;
#8963 = CYLINDRICAL_SURFACE ( 'NONE', #8996, 3.000000000000004441 ) ;
#8964 = EDGE_LOOP ( 'NONE', ( #5958, #853, #6500, #5552 ) ) ;
#8965 = DIRECTION ( 'NONE',  ( 0.000000000000000000, 0.000000000000000000, -1.000000000000000000 ) ) ;
#8966 = ORIENTED_EDGE ( 'NONE', *, *, #742, .T. ) ;
#8967 = DIRECTION ( 'NONE',  ( -3.136292949173481922E-19, -1.387778780781445676E-17, 1.000000000000000000 ) ) ;
#8968 = LINE ( 'NONE', #592, #9201 ) ;
#8969 = EDGE_CURVE ( 'NONE', #893, #10214, #5811, .T. ) ;
#8970 = DIRECTION ( 'NONE',  ( -1.000000000000000000, 0.000000000000000000, -1.941925118803053938E-33 ) ) ;
#8971 = LINE ( 'NONE', #9551, #6012 ) ;
#8972 = ORIENTED_EDGE ( 'NONE', *, *, #8608, .T. ) ;
#8973 = CARTESIAN_POINT ( 'NONE',  ( 33.19114132960651631, 0.000000000000000000, 21.00000000000000000 ) ) ;
#8974 = DIRECTION ( 'NONE',  ( 1.000000000000000000, -7.590943252506637819E-32, -2.033782021272921061E-31 ) ) ;
#8975 = CIRCLE ( 'NONE', #10054, 3.000000000000002665 ) ;
#8976 = DIRECTION ( 'NONE',  ( 2.033782021272921061E-31, 5.176899690512889973E-31, 1.000000000000000000 ) ) ;
#8977 = FACE_OUTER_BOUND ( 'NONE', #229, .T. ) ;
#8978 = LINE ( 'NONE', #216, #8724 ) ;
#8979 = EDGE_LOOP ( 'NONE', ( #5788, #95 ) ) ;
#8980 = PLANE ( 'NONE',  #9668 ) ;
#8981 = ORIENTED_EDGE ( 'NONE', *, *, #624, .F. ) ;
#8982 = DIRECTION ( 'NONE',  ( -1.000000000000000000, 0.000000000000000000, -1.941925118803054280E-33 ) ) ;
#8983 = DIRECTION ( 'NONE',  ( 1.000000000000000000, 0.000000000000000000, 0.000000000000000000 ) ) ;
#8984 = PRODUCT ( 'Pata 120', 'Pata 120', '', ( #9591 ) ) ;
#8985 = ORIENTED_EDGE ( 'NONE', *, *, #1945, .F. ) ;
#8986 = LINE ( 'NONE', #7040, #3555 ) ;
#8987 = DIRECTION ( 'NONE',  ( 2.033782021272921061E-31, -5.176899690512889973E-31, -1.000000000000000000 ) ) ;
#8988 = VERTEX_POINT ( 'NONE', #8602 ) ;
#8989 = DIRECTION ( 'NONE',  ( -0.000000000000000000, 1.000000000000000000, -0.000000000000000000 ) ) ;
#8990 = CARTESIAN_POINT ( 'NONE',  ( 26.56128046199837200, 242.5259571382974855, 4.655811018096308374 ) ) ;
#8991 = AXIS2_PLACEMENT_3D ( 'NONE', #6863, #9882, #2125 ) ;
#8992 = CARTESIAN_POINT ( 'NONE',  ( 27.41332176401584064, 151.0887678656024207, 9.286029245101268259 ) ) ;
#8993 =( NAMED_UNIT ( * ) PLANE_ANGLE_UNIT ( ) SI_UNIT ( $, .RADIAN. ) );
#8994 = DIRECTION ( 'NONE',  ( -8.441837551339287274E-51, 0.000000000000000000, -1.000000000000000000 ) ) ;
#8995 = ORIENTED_EDGE ( 'NONE', *, *, #8631, .F. ) ;
#8996 = AXIS2_PLACEMENT_3D ( 'NONE', #5599, #9516, #1615 ) ;
#8998 = VERTEX_POINT ( 'NONE', #687 ) ;
#8997 = VECTOR ( 'NONE', #4169, 1000.000000000000000 ) ;
#8999 = PLANE ( 'NONE',  #6726 ) ;
#9000 = CARTESIAN_POINT ( 'NONE',  ( 728.0000000000001137, 51.49999999999999289, -15.00000000000001599 ) ) ;
#9001 = ADVANCED_FACE ( 'NONE', ( #9617 ), #6054, .F. ) ;
#9002 = AXIS2_PLACEMENT_3D ( 'NONE', #1121, #4298, #2829 ) ;
#9003 = VERTEX_POINT ( 'NONE', #6114 ) ;
#9004 = DIRECTION ( 'NONE',  ( -1.000000000000000000, 0.000000000000000000, 0.000000000000000000 ) ) ;
#9005 = CYLINDRICAL_SURFACE ( 'NONE', #8656, 2.500000000000002220 ) ;
#9006 = CARTESIAN_POINT ( 'NONE',  ( 68.00000000000005684, 145.0000000000001705, 0.000000000000000000 ) ) ;
#9007 = DIRECTION ( 'NONE',  ( -2.033782021272921061E-31, -5.176899690512889973E-31, 1.000000000000000000 ) ) ;
#9009 = ORIENTED_EDGE ( 'NONE', *, *, #7893, .T. ) ;
#9008 = FACE_OUTER_BOUND ( 'NONE', #9787, .T. ) ;
#9010 = UNCERTAINTY_MEASURE_WITH_UNIT (LENGTH_MEASURE( 1.000000000000000082E-05 ), #9741, 'distance_accuracy_value', 'NONE');
#9011 = ORIENTED_EDGE ( 'NONE', *, *, #3648, .F. ) ;
#9012 = CARTESIAN_POINT ( 'NONE',  ( 1095.000000000000000, 51.49999999999999289, 7.499999999999949374 ) ) ;
#9013 = EDGE_LOOP ( 'NONE', ( #5303, #8769, #4307, #6891 ) ) ;
#9014 = ORIENTED_EDGE ( 'NONE', *, *, #7766, .T. ) ;
#9015 = DIRECTION ( 'NONE',  ( 1.000000000000000000, 0.000000000000000000, 0.000000000000000000 ) ) ;
#9016 = DIRECTION ( 'NONE',  ( 8.441837551339287274E-51, 0.000000000000000000, -1.000000000000000000 ) ) ;
#9017 = CARTESIAN_POINT ( 'NONE',  ( 27.65580844166159125, 143.4998458147802012, 7.371161172593761357 ) ) ;
#9018 = DIRECTION ( 'NONE',  ( 0.000000000000000000, 0.000000000000000000, 1.000000000000000000 ) ) ;
#9019 = VECTOR ( 'NONE', #7004, 1000.000000000000000 ) ;
#9020 = EDGE_CURVE ( 'NONE', #4172, #3906, #7046, .T. ) ;
#9022 = ORIENTED_EDGE ( 'NONE', *, *, #5926, .F. ) ;
#9021 = CYLINDRICAL_SURFACE ( 'NONE', #5158, 2.499999999999891198 ) ;
#9023 = DIRECTION ( 'NONE',  ( -0.000000000000000000, 0.000000000000000000, 1.000000000000000000 ) ) ;
#9024 = ORIENTED_EDGE ( 'NONE', *, *, #2154, .T. ) ;
#9025 =( LENGTH_UNIT ( ) NAMED_UNIT ( * ) SI_UNIT ( .MILLI., .METRE. ) );
#9026 = DIRECTION ( 'NONE',  ( 0.000000000000000000, 0.000000000000000000, 1.000000000000000000 ) ) ;
#9027 = ORIENTED_EDGE ( 'NONE', *, *, #802, .F. ) ;
#9028 =( GEOMETRIC_REPRESENTATION_CONTEXT ( 3 ) GLOBAL_UNCERTAINTY_ASSIGNED_CONTEXT ( ( #2294 ) ) GLOBAL_UNIT_ASSIGNED_CONTEXT ( ( #6201, #6131, #2975 ) ) REPRESENTATION_CONTEXT ( 'NONE', 'WORKASPACE' ) );
#9029 = DIRECTION ( 'NONE',  ( 3.136292949173481922E-19, 1.387778780781445676E-17, -1.000000000000000000 ) ) ;
#9030 = DIRECTION ( 'NONE',  ( 0.000000000000000000, -1.000000000000000000, 0.000000000000000000 ) ) ;
#9031 = VERTEX_POINT ( 'NONE', #3757 ) ;
#9032 = EDGE_CURVE ( 'NONE', #4162, #4893, #5562, .T. ) ;
#9033 = CARTESIAN_POINT ( 'NONE',  ( 6.938893903907228378E-15, 219.1250000000001137, 4.000000000000052403 ) ) ;
#9034 = VERTEX_POINT ( 'NONE', #5467 ) ;
#9035 = EDGE_LOOP ( 'NONE', ( #1604, #4047, #753, #5142 ) ) ;
#9036 = AXIS2_PLACEMENT_3D ( 'NONE', #1674, #4021, #6448 ) ;
#9037 = DIRECTION ( 'NONE',  ( 1.000000000000000000, 0.000000000000000000, -2.609204460588635816E-49 ) ) ;
#9038 = CARTESIAN_POINT ( 'NONE',  ( 8.000000000000007105, 243.5000000000000284, 14.99999999999990230 ) ) ;
#9040 = ORIENTED_EDGE ( 'NONE', *, *, #6317, .T. ) ;
#9039 = CIRCLE ( 'NONE', #3412, 2.499999999999946709 ) ;
#9041 = ORIENTED_EDGE ( 'NONE', *, *, #156, .T. ) ;
#9042 = EDGE_LOOP ( 'NONE', ( #2030, #4114, #8344, #9916 ) ) ;
#9043 = PLANE ( 'NONE',  #4186 ) ;
#9044 = EDGE_LOOP ( 'NONE', ( #10104, #2316 ) ) ;
#9045 = EDGE_CURVE ( 'NONE', #7715, #7792, #1354, .T. ) ;
#9046 = DIRECTION ( 'NONE',  ( 0.000000000000000000, -1.000000000000000000, 0.000000000000000000 ) ) ;
#9047 = CIRCLE ( 'NONE', #9477, 2.499999999999946709 ) ;
#9048 = FACE_BOUND ( 'NONE', #6212, .T. ) ;
#9049 = CARTESIAN_POINT ( 'NONE',  ( 26.49999999999996803, 243.5000000000000000, -10.49999999999995381 ) ) ;
#9050 = ORIENTED_EDGE ( 'NONE', *, *, #6582, .F. ) ;
#9051 = DIRECTION ( 'NONE',  ( -9.069527945153567696E-19, -1.000000000000000000, 6.938893903907225296E-18 ) ) ;
#9052 = ORIENTED_EDGE ( 'NONE', *, *, #8423, .T. ) ;
#9053 = ADVANCED_FACE ( 'NONE', ( #1239 ), #2955, .T. ) ;
#9054 = DIRECTION ( 'NONE',  ( -2.609204460588635816E-49, 0.000000000000000000, 1.000000000000000000 ) ) ;
#9055 = B_SPLINE_CURVE_WITH_KNOTS ( 'NONE', 3,
 ( #4291, #1349, #2003, #5233, #2069, #9237, #1286, #6051, #1216, #540, #9205, #4430, #6023, #9928, #7603, #10030, #4464, #2137, #9113, #8458, #2855, #6877, #8392, #3660, #4495, #1249, #5264, #507, #1316, #6847, #8363, #7663, #2098, #405 ),
 .UNSPECIFIED., .F., .F.,
 ( 4, 2, 2, 2, 2, 2, 2, 2, 2, 2, 2, 2, 2, 2, 2, 2, 4 ),
 ( 0.009479671589916699101, 0.01007176223270102831, 0.01066385287548535926, 0.01125594351826968847, 0.01184803416105401942, 0.01244012480383834864, 0.01303221544662267958, 0.01362430608940700880, 0.01421639673219133801, 0.01480848737497566896, 0.01540057801775999990, 0.01599266866054432912, 0.01658475930332865833, 0.01717684994611298754, 0.01776894058889731676, 0.01836103123168164944, 0.01895312187446597865 ),
 .UNSPECIFIED. ) ;
#9056 = AXIS2_PLACEMENT_3D ( 'NONE', #290, #1986, #428 ) ;
#9057 = CYLINDRICAL_SURFACE ( 'NONE', #1022, 7.500000000000000000 ) ;
#9058 = CARTESIAN_POINT ( 'NONE',  ( 26.50000000000003197, 243.5000000000000000, -15.00000000000001421 ) ) ;
#9059 = FACE_BOUND ( 'NONE', #10004, .T. ) ;
#9060 = CARTESIAN_POINT ( 'NONE',  ( 10.50000000000000711, 51.50000000000000000, 14.99999999999990230 ) ) ;
#9061 = ORIENTED_EDGE ( 'NONE', *, *, #677, .T. ) ;
#9062 = CARTESIAN_POINT ( 'NONE',  ( 333.9999999999999432, 54.50000000000002132, 7.500000000000007105 ) ) ;
#9063 = SURFACE_STYLE_USAGE ( .BOTH. , #1165 ) ;
#9064 = AXIS2_PLACEMENT_3D ( 'NONE', #1878, #2557, #7409 ) ;
#9065 = PLANE ( 'NONE',  #9379 ) ;
#9066 = VECTOR ( 'NONE', #8307, 1000.000000000000000 ) ;
#9067 = CYLINDRICAL_SURFACE ( 'NONE', #6159, 2.499999999999891198 ) ;
#9068 = CARTESIAN_POINT ( 'NONE',  ( 34.00000000000006395, 241.0000000000002558, 9.000000000000007105 ) ) ;
#9069 = CIRCLE ( 'NONE', #2631, 4.000000000000003553 ) ;
#9070 = EDGE_LOOP ( 'NONE', ( #1695, #5300, #6400, #503 ) ) ;
#9071 = DIRECTION ( 'NONE',  ( 0.000000000000000000, 0.000000000000000000, -1.000000000000000000 ) ) ;
#9072 = DIRECTION ( 'NONE',  ( 1.000000000000000000, 0.000000000000000000, 0.000000000000000000 ) ) ;
#9073 = EDGE_CURVE ( 'NONE', #4248, #9383, #7538, .T. ) ;
#9074 = DIRECTION ( 'NONE',  ( -1.000000000000000000, 0.000000000000000000, 0.000000000000000000 ) ) ;
#9075 = DIRECTION ( 'NONE',  ( 1.000000000000000000, -7.590943252506637819E-32, -2.033782021272921061E-31 ) ) ;
#9076 = VECTOR ( 'NONE', #511, 1000.000000000000000 ) ;
#9077 = AXIS2_PLACEMENT_3D ( 'NONE', #7753, #3023, #10170 ) ;
#9078 = EDGE_CURVE ( 'NONE', #5554, #8988, #7413, .T. ) ;
#9079 = VECTOR ( 'NONE', #2838, 1000.000000000000000 ) ;
#9080 = VERTEX_POINT ( 'NONE', #5428 ) ;
#9081 = CARTESIAN_POINT ( 'NONE',  ( 458.4999999999998295, 51.49999999999999289, -15.00000000000001599 ) ) ;
#9082 = ORIENTED_EDGE ( 'NONE', *, *, #7292, .T. ) ;
#9083 = CARTESIAN_POINT ( 'NONE',  ( 26.50000000000003553, 243.3025364679994027, -4.499999999999944933 ) ) ;
#9084 = CARTESIAN_POINT ( 'NONE',  ( 40.00000000000003553, 147.5000000000000853, 7.500000000000007105 ) ) ;
#9085 = AXIS2_PLACEMENT_3D ( 'NONE', #2160, #1407, #6937 ) ;
#9086 = FACE_OUTER_BOUND ( 'NONE', #4695, .T. ) ;
#9087 = CARTESIAN_POINT ( 'NONE',  ( 0.000000000000000000, 0.000000000000000000, 0.000000000000000000 ) ) ;
#9088 = FACE_OUTER_BOUND ( 'NONE', #8672, .T. ) ;
#9089 = ORIENTED_EDGE ( 'NONE', *, *, #7522, .F. ) ;
#9090 = EDGE_CURVE ( 'NONE', #4718, #9280, #9239, .T. ) ;
#9091 = ORIENTED_EDGE ( 'NONE', *, *, #5596, .T. ) ;
#9092 = AXIS2_PLACEMENT_3D ( 'NONE', #2103, #9242, #4536 ) ;
#9093 = DIRECTION ( 'NONE',  ( 0.000000000000000000, 0.000000000000000000, 1.000000000000000000 ) ) ;
#9094 = EDGE_CURVE ( 'NONE', #4794, #7917, #3942, .T. ) ;
#9095 = CARTESIAN_POINT ( 'NONE',  ( 8.000000000000007105, 243.5000000000000000, 0.000000000000000000 ) ) ;
#9096 = ADVANCED_FACE ( 'NONE', ( #9008 ), #850, .F. ) ;
#9097 = FACE_BOUND ( 'NONE', #141, .T. ) ;
#9098 = CIRCLE ( 'NONE', #8464, 2.499999999999946709 ) ;
#9099 = CARTESIAN_POINT ( 'NONE',  ( 385.0000000000000000, 3.000000000000002665, -385.0000000000000000 ) ) ;
#9100 = ADVANCED_FACE ( 'NONE', ( #3580 ), #7837, .F. ) ;
#9101 = EDGE_CURVE ( 'NONE', #7660, #10001, #7290, .T. ) ;
#9102 = DIRECTION ( 'NONE',  ( 2.609204460588635816E-49, 0.000000000000000000, 1.000000000000000000 ) ) ;
#9103 = CARTESIAN_POINT ( 'NONE',  ( 376.0000000000000000, 44.62500000000013500, 4.000000000000003553 ) ) ;
#9104 = DIRECTION ( 'NONE',  ( 9.069527945153567696E-19, 1.000000000000000000, -6.938893903907225296E-18 ) ) ;
#9105 = VECTOR ( 'NONE', #3987, 1000.000000000000000 ) ;
#9106 = ORIENTED_EDGE ( 'NONE', *, *, #2934, .T. ) ;
#9107 = ORIENTED_EDGE ( 'NONE', *, *, #8508, .F. ) ;
#9108 = DIRECTION ( 'NONE',  ( 0.000000000000000000, -0.000000000000000000, 1.000000000000000000 ) ) ;
#9109 = CARTESIAN_POINT ( 'NONE',  ( 30.00000000000006395, 49.00000000000004263, 15.00000000000001421 ) ) ;
#9110 = CARTESIAN_POINT ( 'NONE',  ( 26.50000000000003197, 243.5000000000000000, -4.499999999999944045 ) ) ;
#9111 = ORIENTED_EDGE ( 'NONE', *, *, #1085, .T. ) ;
#9112 = VERTEX_POINT ( 'NONE', #2242 ) ;
#9113 = CARTESIAN_POINT ( 'NONE',  ( 27.11761345425389536, 54.48069861753830168, 7.893850990699344372 ) ) ;
#9114 = DIRECTION ( 'NONE',  ( 0.000000000000000000, 0.000000000000000000, -1.000000000000000000 ) ) ;
#9115 = AXIS2_PLACEMENT_3D ( 'NONE', #3044, #10195, #9334 ) ;
#9116 = CARTESIAN_POINT ( 'NONE',  ( 390.0000000000000000, 294.9999999999998863, 0.000000000000000000 ) ) ;
#9117 = DIRECTION ( 'NONE',  ( 2.033782021272921061E-31, 5.176899690512889973E-31, -1.000000000000000000 ) ) ;
#9118 = FACE_OUTER_BOUND ( 'NONE', #7165, .T. ) ;
#9119 = CARTESIAN_POINT ( 'NONE',  ( 26.61746128433161473, 242.1652977960840474, 4.806166210012618123 ) ) ;
#9121 = ORIENTED_EDGE ( 'NONE', *, *, #6594, .T. ) ;
#9120 = FACE_OUTER_BOUND ( 'NONE', #5661, .T. ) ;
#9122 = CARTESIAN_POINT ( 'NONE',  ( 26.77510024131771615, 149.5251545473214208, 10.95914020315058401 ) ) ;
#9123 = ORIENTED_EDGE ( 'NONE', *, *, #2538, .T. ) ;
#9124 = ORIENTED_EDGE ( 'NONE', *, *, #6672, .T. ) ;
#9125 = ORIENTED_EDGE ( 'NONE', *, *, #5041, .F. ) ;
#9126 = EDGE_CURVE ( 'NONE', #8549, #1369, #9382, .T. ) ;
#9127 = SURFACE_STYLE_FILL_AREA ( #9777 ) ;
#9128 = DIRECTION ( 'NONE',  ( -1.000000000000000000, -5.600273556634003027E-19, 3.136292949173481922E-19 ) ) ;
#9130 = EDGE_LOOP ( 'NONE', ( #5080, #10149, #5091, #5101 ) ) ;
#9129 = VECTOR ( 'NONE', #3901, 1000.000000000000000 ) ;
#9131 = AXIS2_PLACEMENT_3D ( 'NONE', #2417, #3142, #1654 ) ;
#9132 = CARTESIAN_POINT ( 'NONE',  ( 4.000000000000003553, 243.5000000000000000, -1.043681784235455238E-48 ) ) ;
#9133 = EDGE_CURVE ( 'NONE', #74, #7868, #5682, .T. ) ;
#9134 = ORIENTED_EDGE ( 'NONE', *, *, #6105, .T. ) ;
#9135 = CARTESIAN_POINT ( 'NONE',  ( 390.0000000000000000, 294.9999999999998295, 14.99999999999990230 ) ) ;
#9136 = CARTESIAN_POINT ( 'NONE',  ( 1017.999999999999545, 237.9999999999999432, 13.00000000000001066 ) ) ;
#9137 = ADVANCED_FACE ( 'NONE', ( #9727 ), #3446, .F. ) ;
#9138 = LINE ( 'NONE', #6566, #7545 ) ;
#9139 = AXIS2_PLACEMENT_3D ( 'NONE', #9785, #5877, #322 ) ;
#9140 = ORIENTED_EDGE ( 'NONE', *, *, #2907, .F. ) ;
#9141 = DIRECTION ( 'NONE',  ( 0.000000000000000000, 0.000000000000000000, -1.000000000000000000 ) ) ;
#9142 = EDGE_CURVE ( 'NONE', #1299, #1499, #6167, .T. ) ;
#9143 = ORIENTED_EDGE ( 'NONE', *, *, #2548, .F. ) ;
#9144 = CARTESIAN_POINT ( 'NONE',  ( 80.84317321985052729, 84.99999999999998579, 10.50000000000000000 ) ) ;
#9145 = CARTESIAN_POINT ( 'NONE',  ( 26.72580766288685084, 241.6659215451081195, -9.882091734929970173 ) ) ;
#9146 = AXIS2_PLACEMENT_3D ( 'NONE', #2555, #8093, #8887 ) ;
#9147 = EDGE_CURVE ( 'NONE', #8789, #5202, #972, .T. ) ;
#9148 = ADVANCED_FACE ( 'NONE', ( #7646 ), #2452, .F. ) ;
#9150 = VERTEX_POINT ( 'NONE', #10213 ) ;
#9149 = PRESENTATION_STYLE_ASSIGNMENT (( #7971 ) ) ;
#9151 = DIRECTION ( 'NONE',  ( -2.033782021272921061E-31, -5.176899690512889973E-31, 1.000000000000000000 ) ) ;
#9152 = VERTEX_POINT ( 'NONE', #2345 ) ;
#9153 = ORIENTED_EDGE ( 'NONE', *, *, #536, .F. ) ;
#9154 = ORIENTED_EDGE ( 'NONE', *, *, #6285, .T. ) ;
#9155 = CARTESIAN_POINT ( 'NONE',  ( 376.0000000000000000, 40.62499999999991473, 4.000000000000003553 ) ) ;
#9156 = DIRECTION ( 'NONE',  ( -0.000000000000000000, 0.000000000000000000, 1.000000000000000000 ) ) ;
#9157 = CARTESIAN_POINT ( 'NONE',  ( 272.0000000000003411, 81.00000000000001421, 15.00000000000001421 ) ) ;
#9158 = EDGE_CURVE ( 'NONE', #3215, #7270, #2813, .T. ) ;
#9160 = ORIENTED_EDGE ( 'NONE', *, *, #4938, .F. ) ;
#9159 = CIRCLE ( 'NONE', #8098, 3.000000000000002665 ) ;
#9161 = ORIENTED_EDGE ( 'NONE', *, *, #2737, .F. ) ;
#9162 = CIRCLE ( 'NONE', #2519, 3.000000000000004441 ) ;
#9163 = ORIENTED_EDGE ( 'NONE', *, *, #401, .F. ) ;
#9164 = CARTESIAN_POINT ( 'NONE',  ( 8.000000000000007105, 243.5000000000000000, 15.00000000000001421 ) ) ;
#9165 = LINE ( 'NONE', #7050, #7083 ) ;
#9166 = EDGE_CURVE ( 'NONE', #1404, #10133, #3571, .T. ) ;
#9167 = FACE_OUTER_BOUND ( 'NONE', #8461, .T. ) ;
#9168 = CARTESIAN_POINT ( 'NONE',  ( 791.4999999999998863, 237.9999999999999432, -13.00000000000001421 ) ) ;
#9169 = ORIENTED_EDGE ( 'NONE', *, *, #9210, .F. ) ;
#9170 = DIRECTION ( 'NONE',  ( -2.609204460588635816E-49, 0.000000000000000000, 1.000000000000000000 ) ) ;
#9171 = AXIS2_PLACEMENT_3D ( 'NONE', #2321, #1493, #5481 ) ;
#9172 = VECTOR ( 'NONE', #9217, 1000.000000000000000 ) ;
#9173 = DIRECTION ( 'NONE',  ( -1.000000000000000000, -0.000000000000000000, -2.168404344971008868E-17 ) ) ;
#9174 = CARTESIAN_POINT ( 'NONE',  ( 26.76554431089669706, 241.5167832271994257, -5.240676602139428653 ) ) ;
#9175 = CYLINDRICAL_SURFACE ( 'NONE', #9002, 2.499999999999946709 ) ;
#9176 = DIRECTION ( 'NONE',  ( 0.000000000000000000, 0.000000000000000000, 1.000000000000000000 ) ) ;
#9177 = CIRCLE ( 'NONE', #9386, 3.000000000000002665 ) ;
#9178 = VERTEX_POINT ( 'NONE', #6491 ) ;
#9179 = CARTESIAN_POINT ( 'NONE',  ( 390.0000000000000000, 0.000000000000000000, 0.000000000000000000 ) ) ;
#9180 = AXIS2_PLACEMENT_3D ( 'NONE', #2145, #1361, #6886 ) ;
#9181 = AXIS2_PLACEMENT_3D ( 'NONE', #6563, #7323, #4167 ) ;
#9182 = CARTESIAN_POINT ( 'NONE',  ( 379.5000000000000000, 51.49999999999999289, 3.000000000000113687 ) ) ;
#9183 = AXIS2_PLACEMENT_3D ( 'NONE', #174, #8989, #7342 ) ;
#9184 = DIRECTION ( 'NONE',  ( -1.000000000000000000, 0.000000000000000000, 0.000000000000000000 ) ) ;
#9185 = COLOUR_RGB ( '',1.000000000000000000, 1.000000000000000000, 1.000000000000000000 ) ;
#9186 = DIRECTION ( 'NONE',  ( -1.000000000000000000, 0.000000000000000000, 0.000000000000000000 ) ) ;
#9187 = FACE_OUTER_BOUND ( 'NONE', #4163, .T. ) ;
#9188 = ORIENTED_EDGE ( 'NONE', *, *, #5604, .F. ) ;
#9189 = AXIS2_PLACEMENT_3D ( 'NONE', #7015, #8605, #1555 ) ;
#9190 = CARTESIAN_POINT ( 'NONE',  ( 26.49999999999996803, 51.49999999999999289, 10.49999999999995381 ) ) ;
#9191 = EDGE_LOOP ( 'NONE', ( #6965, #127, #4688, #8179 ) ) ;
#9192 = ADVANCED_FACE ( 'NONE', ( #9853 ), #6534, .T. ) ;
#9193 = DIRECTION ( 'NONE',  ( -0.000000000000000000, 0.000000000000000000, 1.000000000000000000 ) ) ;
#9194 = LINE ( 'NONE', #8870, #3649 ) ;
#9195 = VERTEX_POINT ( 'NONE', #8084 ) ;
#9196 = DIRECTION ( 'NONE',  ( 1.000000000000000000, -9.069527945153567696E-19, -3.136292949173512737E-19 ) ) ;
#9197 = ORIENTED_EDGE ( 'NONE', *, *, #3589, .F. ) ;
#9198 = DIRECTION ( 'NONE',  ( 1.000000000000000000, 0.000000000000000000, 0.000000000000000000 ) ) ;
#9199 = AXIS2_PLACEMENT_3D ( 'NONE', #2596, #2799, #3479 ) ;
#9200 = EDGE_CURVE ( 'NONE', #4682, #3714, #4934, .T. ) ;
#9201 = VECTOR ( 'NONE', #2084, 1000.000000000000000 ) ;
#9202 = EDGE_CURVE ( 'NONE', #5268, #9080, #341, .T. ) ;
#9203 = FACE_OUTER_BOUND ( 'NONE', #3468, .T. ) ;
#9204 = EDGE_LOOP ( 'NONE', ( #8095, #7063 ) ) ;
#9205 = CARTESIAN_POINT ( 'NONE',  ( 26.88802458327935341, 53.88388493458258921, 5.668421089429837245 ) ) ;
#9206 = ADVANCED_FACE ( 'NONE', ( #7886 ), #3343, .F. ) ;
#9207 = AXIS2_PLACEMENT_3D ( 'NONE', #4011, #4044, #3982 ) ;
#9208 = CARTESIAN_POINT ( 'NONE',  ( 276.0000000000003411, 241.0000000000003411, 0.000000000000000000 ) ) ;
#9209 = FACE_OUTER_BOUND ( 'NONE', #5844, .T. ) ;
#9210 = EDGE_CURVE ( 'NONE', #8525, #8150, #9370, .T. ) ;
#9211 = CARTESIAN_POINT ( 'NONE',  ( 26.00000000000006040, 42.99999999999998579, 9.000000000000007105 ) ) ;
#9212 = CIRCLE ( 'NONE', #5631, 3.000000000000002665 ) ;
#9213 = FACE_OUTER_BOUND ( 'NONE', #7668, .T. ) ;
#9214 = CARTESIAN_POINT ( 'NONE',  ( 26.50000000000003197, 51.49999999999999289, -15.00000000000001421 ) ) ;
#9215 = DIRECTION ( 'NONE',  ( -0.000000000000000000, 0.000000000000000000, 1.000000000000000000 ) ) ;
#9216 = ORIENTED_EDGE ( 'NONE', *, *, #84, .T. ) ;
#9217 = DIRECTION ( 'NONE',  ( 3.136292949173481922E-19, 1.387778780781445676E-17, -1.000000000000000000 ) ) ;
#9218 = CARTESIAN_POINT ( 'NONE',  ( 26.65158639948028707, 49.99051813799869848, 10.09993640703177498 ) ) ;
#9219 =( LENGTH_UNIT ( ) NAMED_UNIT ( * ) SI_UNIT ( .MILLI., .METRE. ) );
#9220 = ORIENTED_EDGE ( 'NONE', *, *, #1200, .T. ) ;
#9221 = FACE_OUTER_BOUND ( 'NONE', #280, .T. ) ;
#9222 = ORIENTED_EDGE ( 'NONE', *, *, #955, .T. ) ;
#9223 = CARTESIAN_POINT ( 'NONE',  ( 0.000000000000000000, -7.765349535769339163E-30, -15.00000000000001599 ) ) ;
#9224 = DIRECTION ( 'NONE',  ( 2.609204460588635816E-49, 0.000000000000000000, -1.000000000000000000 ) ) ;
#9225 = EDGE_LOOP ( 'NONE', ( #2994, #8926 ) ) ;
#9226 = DIRECTION ( 'NONE',  ( -2.033782021272921061E-31, -5.176899690512889973E-31, 1.000000000000000000 ) ) ;
#9227 = DIRECTION ( 'NONE',  ( -3.136292949173481922E-19, -1.387778780781445676E-17, 1.000000000000000000 ) ) ;
#9228 = EDGE_LOOP ( 'NONE', ( #423, #7186 ) ) ;
#9229 = DIRECTION ( 'NONE',  ( 1.000000000000000000, 0.000000000000000000, 0.000000000000000000 ) ) ;
#9230 = ORIENTED_EDGE ( 'NONE', *, *, #9266, .F. ) ;
#9232 = ORIENTED_EDGE ( 'NONE', *, *, #6782, .T. ) ;
#9231 = LINE ( 'NONE', #5980, #4801 ) ;
#9233 = DIRECTION ( 'NONE',  ( 2.033782021272921061E-31, 5.176899690512889973E-31, -1.000000000000000000 ) ) ;
#9234 = ORIENTED_EDGE ( 'NONE', *, *, #4460, .T. ) ;
#9235 = CARTESIAN_POINT ( 'NONE',  ( 332.4858125066267576, 148.0307130544707945, 11.47358841132576934 ) ) ;
#9236 = CARTESIAN_POINT ( 'NONE',  ( 26.00000000000006040, 55.00000000000004974, 15.00000000000001421 ) ) ;
#9237 = CARTESIAN_POINT ( 'NONE',  ( 26.61781228715060976, 52.83679842235238766, 4.807115163844065009 ) ) ;
#9238 = FACE_OUTER_BOUND ( 'NONE', #7767, .T. ) ;
#9240 = EDGE_LOOP ( 'NONE', ( #4953, #3299, #8132, #4481 ) ) ;
#9239 = CIRCLE ( 'NONE', #9336, 3.000000000000002665 ) ;
#9241 = ADVANCED_FACE ( 'NONE', ( #9120 ), #6407, .F. ) ;
#9242 = DIRECTION ( 'NONE',  ( 0.000000000000000000, 0.000000000000000000, -1.000000000000000000 ) ) ;
#9243 = ORIENTED_EDGE ( 'NONE', *, *, #1352, .T. ) ;
#9244 = AXIS2_PLACEMENT_3D ( 'NONE', #944, #3150, #7206 ) ;
#9245 = ORIENTED_EDGE ( 'NONE', *, *, #2917, .F. ) ;
#9246 = DIRECTION ( 'NONE',  ( 1.000000000000000000, 0.000000000000000000, 0.000000000000000000 ) ) ;
#9247 = CARTESIAN_POINT ( 'NONE',  ( 376.0000000000000000, 129.8750000000000853, 3.999999999999996447 ) ) ;
#9248 = CARTESIAN_POINT ( 'NONE',  ( 376.0000000000000000, 312.3750000000000568, 4.000000000000052403 ) ) ;
#9249 = DIRECTION ( 'NONE',  ( 1.000000000000000000, 0.000000000000000000, 0.000000000000000000 ) ) ;
#9250 = LINE ( 'NONE', #3680, #8652 ) ;
#9251 = CARTESIAN_POINT ( 'NONE',  ( 65.00000000000007105, 145.0000000000001705, 15.00000000000001421 ) ) ;
#9252 = DIRECTION ( 'NONE',  ( -2.609204460588635816E-49, 0.000000000000000000, 1.000000000000000000 ) ) ;
#9254 = ORIENTED_EDGE ( 'NONE', *, *, #4676, .F. ) ;
#9253 = LINE ( 'NONE', #5716, #3568 ) ;
#9255 = CARTESIAN_POINT ( 'NONE',  ( 26.50801907271200619, 51.10278166976893033, 10.48010897860940993 ) ) ;
#9256 = EDGE_CURVE ( 'NONE', #2355, #2558, #2329, .T. ) ;
#9257 = ORIENTED_EDGE ( 'NONE', *, *, #9412, .T. ) ;
#9258 = DIRECTION ( 'NONE',  ( -0.000000000000000000, 0.000000000000000000, 1.000000000000000000 ) ) ;
#9259 =( LENGTH_UNIT ( ) NAMED_UNIT ( * ) SI_UNIT ( .MILLI., .METRE. ) );
#9260 = ORIENTED_EDGE ( 'NONE', *, *, #2204, .T. ) ;
#9261 = ADVANCED_FACE ( 'NONE', ( #219 ), #1227, .F. ) ;
#9262 = CARTESIAN_POINT ( 'NONE',  ( 30.00000000000004263, 241.0000000000002558, 15.00000000000001421 ) ) ;
#9263 = AXIS2_PLACEMENT_3D ( 'NONE', #5089, #6684, #8286 ) ;
#9264 = LINE ( 'NONE', #5012, #3334 ) ;
#9265 = DIRECTION ( 'NONE',  ( 2.033782021272921061E-31, 5.176899690512889973E-31, 1.000000000000000000 ) ) ;
#9266 = EDGE_CURVE ( 'NONE', #4351, #4924, #1712, .T. ) ;
#9267 = CARTESIAN_POINT ( 'NONE',  ( 25.00000000000002132, 54.50000000000000711, 7.500000000000007105 ) ) ;
#9268 = ORIENTED_EDGE ( 'NONE', *, *, #473, .F. ) ;
#9269 = ORIENTED_EDGE ( 'NONE', *, *, #2839, .T. ) ;
#9270 = DIRECTION ( 'NONE',  ( -1.000000000000000000, 7.590943252506637819E-32, -2.033782021272921061E-31 ) ) ;
#9271 = CARTESIAN_POINT ( 'NONE',  ( 376.0000000000000000, 44.62500000000002842, 0.000000000000000000 ) ) ;
#9272 = EDGE_LOOP ( 'NONE', ( #9234, #6321, #3624, #7143 ) ) ;
#9273 = ORIENTED_EDGE ( 'NONE', *, *, #7514, .F. ) ;
#9274 = AXIS2_PLACEMENT_3D ( 'NONE', #2909, #9196, #9104 ) ;
#9276 = ORIENTED_EDGE ( 'NONE', *, *, #8407, .T. ) ;
#9275 = FACE_BOUND ( 'NONE', #9567, .T. ) ;
#9277 = ORIENTED_EDGE ( 'NONE', *, *, #8308, .F. ) ;
#9278 = CIRCLE ( 'NONE', #6641, 2.499999999999891198 ) ;
#9279 = EDGE_CURVE ( 'NONE', #7868, #4599, #8385, .T. ) ;
#9280 = VERTEX_POINT ( 'NONE', #262 ) ;
#9281 = DIRECTION ( 'NONE',  ( -1.000000000000000000, 0.000000000000000000, 0.000000000000000000 ) ) ;
#9282 = CARTESIAN_POINT ( 'NONE',  ( 42.84317321985053439, 84.99999999999998579, 10.50000000000000000 ) ) ;
#9283 = VERTEX_POINT ( 'NONE', #9753 ) ;
#9284 = AXIS2_PLACEMENT_3D ( 'NONE', #6392, #91, #1728 ) ;
#9285 = DIRECTION ( 'NONE',  ( 2.033782021272921061E-31, 5.176899690512889973E-31, -1.000000000000000000 ) ) ;
#9286 = EDGE_CURVE ( 'NONE', #6059, #7698, #7762, .T. ) ;
#9287 = LINE ( 'NONE', #7635, #4983 ) ;
#9288 = DIRECTION ( 'NONE',  ( 1.000000000000000000, 0.000000000000000000, 0.000000000000000000 ) ) ;
#9289 = CYLINDRICAL_SURFACE ( 'NONE', #5915, 3.000000000000002665 ) ;
#9290 = CARTESIAN_POINT ( 'NONE',  ( 725.0000000000001137, 51.49999999999999289, -15.00000000000001599 ) ) ;
#9291 = VERTEX_POINT ( 'NONE', #4283 ) ;
#9292 = PRODUCT_RELATED_PRODUCT_CATEGORY ( 'part', '', ( #9766 ) ) ;
#9293 = CARTESIAN_POINT ( 'NONE',  ( 1012.999999999999659, 237.9999999999999432, 13.00000000000001066 ) ) ;
#9294 = CARTESIAN_POINT ( 'NONE',  ( 455.9999999999999432, 243.5000000000000000, -15.00000000000001599 ) ) ;
#9295 = EDGE_CURVE ( 'NONE', #9622, #7562, #6280, .T. ) ;
#9296 = DIRECTION ( 'NONE',  ( 2.033782021272921061E-31, 5.176899690512889973E-31, -1.000000000000000000 ) ) ;
#9297 = FILL_AREA_STYLE_COLOUR ( '', #9810 ) ;
#9298 = FACE_OUTER_BOUND ( 'NONE', #5542, .T. ) ;
#9299 = CARTESIAN_POINT ( 'NONE',  ( 93.00000000000002842, 147.5000000000000000, 15.00000000000001421 ) ) ;
#9300 = VERTEX_POINT ( 'NONE', #2752 ) ;
#9301 = CARTESIAN_POINT ( 'NONE',  ( 825.9999999999998863, 237.9999999999999716, 13.00000000000001066 ) ) ;
#9302 = CARTESIAN_POINT ( 'NONE',  ( 26.72544866460922464, 245.3325437485324301, -9.883154385491009108 ) ) ;
#9303 = DIRECTION ( 'NONE',  ( 0.000000000000000000, 0.000000000000000000, -1.000000000000000000 ) ) ;
#9304 = DIRECTION ( 'NONE',  ( 0.000000000000000000, 0.000000000000000000, -1.000000000000000000 ) ) ;
#9305 = LINE ( 'NONE', #4441, #782 ) ;
#9306 = CIRCLE ( 'NONE', #9847, 2.499999999999946709 ) ;
#9307 = VECTOR ( 'NONE', #10171, 1000.000000000000000 ) ;
#9308 = ORIENTED_EDGE ( 'NONE', *, *, #7514, .T. ) ;
#9309 = ITEM_DEFINED_TRANSFORMATION ( 'NONE', 'NONE', #4264,  #3788 ) ;
#9310 = DIRECTION ( 'NONE',  ( 1.000000000000000000, 2.107444935536021046E-17, -2.033782021272921061E-31 ) ) ;
#9311 = AXIS2_PLACEMENT_3D ( 'NONE', #5976, #1238, #2746 ) ;
#9312 = CARTESIAN_POINT ( 'NONE',  ( 34.00000000000002842, 147.5000000000000853, 1.500000000000001332 ) ) ;
#9313 = CARTESIAN_POINT ( 'NONE',  ( 983.4999999999998863, 237.9999999999999432, 15.00000000000001599 ) ) ;
#9314 = CARTESIAN_POINT ( 'NONE',  ( 1055.000000000000000, 51.49999999999999289, 7.499999999999949374 ) ) ;
#9315 = ADVANCED_FACE ( 'NONE', ( #2206 ), #1144, .F. ) ;
#9316 = FACE_OUTER_BOUND ( 'NONE', #8041, .T. ) ;
#9317 = UNCERTAINTY_MEASURE_WITH_UNIT (LENGTH_MEASURE( 1.000000000000000082E-05 ), #2153, 'distance_accuracy_value', 'NONE');
#9318 = LINE ( 'NONE', #3119, #8090 ) ;
#9319 = ORIENTED_EDGE ( 'NONE', *, *, #6111, .T. ) ;
#9320 = DIRECTION ( 'NONE',  ( -1.000000000000000000, 0.000000000000000000, 0.000000000000000000 ) ) ;
#9321 = VERTEX_POINT ( 'NONE', #5123 ) ;
#9322 = EDGE_CURVE ( 'NONE', #1956, #4802, #1582, .T. ) ;
#9323 = AXIS2_PLACEMENT_3D ( 'NONE', #3245, #1283, #7601 ) ;
#9324 = DIRECTION ( 'NONE',  ( -8.441837551339287274E-51, 0.000000000000000000, 1.000000000000000000 ) ) ;
#9325 = LINE ( 'NONE', #5690, #7243 ) ;
#9326 = AXIS2_PLACEMENT_3D ( 'NONE', #5239, #5166, #6763 ) ;
#9327 = DIRECTION ( 'NONE',  ( 3.136292949173481922E-19, 1.387778780781445676E-17, -1.000000000000000000 ) ) ;
#9328 = EDGE_CURVE ( 'NONE', #5259, #2663, #8261, .T. ) ;
#9329 = CIRCLE ( 'NONE', #6709, 2.499999999999946709 ) ;
#9330 = ORIENTED_EDGE ( 'NONE', *, *, #1337, .F. ) ;
#9331 = SURFACE_STYLE_FILL_AREA ( #7817 ) ;
#9332 = CARTESIAN_POINT ( 'NONE',  ( 0.000000000000000000, 0.000000000000000000, 15.00000000000000711 ) ) ;
#9333 = FILL_AREA_STYLE_COLOUR ( '', #1186 ) ;
#9334 = DIRECTION ( 'NONE',  ( -1.000000000000000000, 0.000000000000000000, 0.000000000000000000 ) ) ;
#9335 = DIRECTION ( 'NONE',  ( -0.000000000000000000, -1.000000000000000000, -0.000000000000000000 ) ) ;
#9336 = AXIS2_PLACEMENT_3D ( 'NONE', #1449, #5404, #3096 ) ;
#9337 = CARTESIAN_POINT ( 'NONE',  ( 332.0907939283354722, 145.0462133488373411, 4.330483797775338317 ) ) ;
#9338 = VECTOR ( 'NONE', #6803, 1000.000000000000000 ) ;
#9339 = DIRECTION ( 'NONE',  ( 2.609204460588636195E-49, 0.000000000000000000, -1.000000000000000000 ) ) ;
#9340 = LINE ( 'NONE', #6399, #4540 ) ;
#9341 = EDGE_CURVE ( 'NONE', #3055, #8636, #4316, .T. ) ;
#9342 = DIRECTION ( 'NONE',  ( -1.000000000000000000, -2.041077998578924066E-17, -1.624335346205397848E-33 ) ) ;
#9343 = EDGE_LOOP ( 'NONE', ( #3092, #9478 ) ) ;
#9344 = EDGE_CURVE ( 'NONE', #3572, #4200, #8014, .T. ) ;
#9345 = PLANE ( 'NONE',  #10120 ) ;
#9346 = CARTESIAN_POINT ( 'NONE',  ( 331.3774685871064776, 151.4470036796094234, 8.162310702330143997 ) ) ;
#9347 = CARTESIAN_POINT ( 'NONE',  ( 1055.000000000000000, 243.5000000000000000, -7.499999999999949374 ) ) ;
#9348 = FACE_OUTER_BOUND ( 'NONE', #8181, .T. ) ;
#9349 = ORIENTED_EDGE ( 'NONE', *, *, #4281, .T. ) ;
#9350 = PRODUCT_DEFINITION ( 'UNKNOWN', '', #688, #5106 ) ;
#9351 = EDGE_LOOP ( 'NONE', ( #4900, #7281, #9959, #2552 ) ) ;
#9352 = ADVANCED_FACE ( 'NONE', ( #6797 ), #1961, .F. ) ;
#9353 = EDGE_CURVE ( 'NONE', #9291, #8254, #9605, .T. ) ;
#9354 = AXIS2_PLACEMENT_3D ( 'NONE', #4490, #2983, #496 ) ;
#9355 = DIRECTION ( 'NONE',  ( 1.000000000000000000, 0.000000000000000000, 0.000000000000000000 ) ) ;
#9356 = ORIENTED_EDGE ( 'NONE', *, *, #58, .F. ) ;
#9357 = DIRECTION ( 'NONE',  ( 1.000000000000000000, 0.000000000000000000, 0.000000000000000000 ) ) ;
#9359 = ORIENTED_EDGE ( 'NONE', *, *, #10105, .T. ) ;
#9358 = CYLINDRICAL_SURFACE ( 'NONE', #4389, 3.000000000000002665 ) ;
#9360 = DIRECTION ( 'NONE',  ( -1.000000000000000000, 0.000000000000000000, 0.000000000000000000 ) ) ;
#9361 = DIRECTION ( 'NONE',  ( 2.033782021272921061E-31, 5.176899690512889973E-31, 1.000000000000000000 ) ) ;
#9362 = ORIENTED_EDGE ( 'NONE', *, *, #4075, .T. ) ;
#9363 = CARTESIAN_POINT ( 'NONE',  ( 376.0000000000000000, 219.1250000000002274, -5.898059818321144121E-14 ) ) ;
#9364 = ORIENTED_EDGE ( 'NONE', *, *, #9816, .F. ) ;
#9365 = DIRECTION ( 'NONE',  ( -1.000000000000000000, 0.000000000000000000, 0.000000000000000000 ) ) ;
#9366 = EDGE_CURVE ( 'NONE', #5248, #8268, #4683, .T. ) ;
#9367 = ADVANCED_FACE ( 'NONE', ( #3815 ), #1367, .F. ) ;
#9368 = CARTESIAN_POINT ( 'NONE',  ( 1095.000000000000000, 2.307652204411941523E-14, -15.00000000000001599 ) ) ;
#9369 = LINE ( 'NONE', #3111, #7279 ) ;
#9371 = ORIENTED_EDGE ( 'NONE', *, *, #7356, .F. ) ;
#9370 = LINE ( 'NONE', #6609, #8512 ) ;
#9372 = CARTESIAN_POINT ( 'NONE',  ( 26.65178594637492537, 245.0103191529037474, -10.09934173816033720 ) ) ;
#9373 = ORIENTED_EDGE ( 'NONE', *, *, #5926, .T. ) ;
#9374 = CARTESIAN_POINT ( 'NONE',  ( 725.0000000000001137, 51.49999999999999289, 3.000000000000002665 ) ) ;
#9375 = ORIENTED_EDGE ( 'NONE', *, *, #2514, .F. ) ;
#9376 = ORIENTED_EDGE ( 'NONE', *, *, #5929, .T. ) ;
#9377 = DIRECTION ( 'NONE',  ( 1.000000000000000000, 0.000000000000000000, 1.941925118803053938E-33 ) ) ;
#9378 = DIRECTION ( 'NONE',  ( 0.5562429573907914371, 0.8310197183900909224, 0.000000000000000000 ) ) ;
#9379 = AXIS2_PLACEMENT_3D ( 'NONE', #6770, #5210, #485 ) ;
#9380 = DIRECTION ( 'NONE',  ( 1.000000000000000000, 0.000000000000000000, 0.000000000000000000 ) ) ;
#9381 = CIRCLE ( 'NONE', #8327, 2.499999999999891198 ) ;
#9383 = VERTEX_POINT ( 'NONE', #6926 ) ;
#9382 = CIRCLE ( 'NONE', #2784, 4.000000000000017764 ) ;
#9384 = CARTESIAN_POINT ( 'NONE',  ( 0.000000000000000000, 353.0000000000001705, -6.938893903907228378E-15 ) ) ;
#9385 = AXIS2_PLACEMENT_3D ( 'NONE', #779, #103, #7139 ) ;
#9386 = AXIS2_PLACEMENT_3D ( 'NONE', #7977, #3249, #4036 ) ;
#9387 = CARTESIAN_POINT ( 'NONE',  ( 331.3650736390340512, 151.4668733706756711, 8.030900262627872266 ) ) ;
#9388 = DIRECTION ( 'NONE',  ( 1.000000000000000000, -0.000000000000000000, 0.000000000000000000 ) ) ;
#9389 = PRODUCT_DEFINITION_SHAPE ( 'NONE', 'NONE',  #5325 ) ;
#9390 = CARTESIAN_POINT ( 'NONE',  ( 26.49999999999996447, 51.29951841416168890, -10.49999999999995026 ) ) ;
#9391 = EDGE_CURVE ( 'NONE', #8988, #303, #1467, .T. ) ;
#9392 = ORIENTED_EDGE ( 'NONE', *, *, #124, .T. ) ;
#9393 = AXIS2_PLACEMENT_3D ( 'NONE', #6730, #9904, #5997 ) ;
#9394 = DIRECTION ( 'NONE',  ( 2.033782021272921061E-31, 5.176899690512889973E-31, 1.000000000000000000 ) ) ;
#9395 = DIRECTION ( 'NONE',  ( 3.136292949173481922E-19, 1.387778780781445676E-17, -1.000000000000000000 ) ) ;
#9396 = CARTESIAN_POINT ( 'NONE',  ( 455.9999999999999432, 51.49999999999999289, 3.000000000000002665 ) ) ;
#9398 = ORIENTED_EDGE ( 'NONE', *, *, #1085, .F. ) ;
#9397 = VECTOR ( 'NONE', #7764, 1000.000000000000000 ) ;
#9399 = EDGE_CURVE ( 'NONE', #7193, #9152, #5430, .T. ) ;
#9400 = ORIENTED_EDGE ( 'NONE', *, *, #3835, .T. ) ;
#9401 =( NAMED_UNIT ( * ) PLANE_ANGLE_UNIT ( ) SI_UNIT ( $, .RADIAN. ) );
#9402 = VERTEX_POINT ( 'NONE', #5381 ) ;
#9403 = ORIENTED_EDGE ( 'NONE', *, *, #7549, .T. ) ;
#9404 = CARTESIAN_POINT ( 'NONE',  ( 92.00000000000000000, 336.0000000000002842, 15.00000000000000711 ) ) ;
#9405 = ADVANCED_FACE ( 'NONE', ( #7280 ), #5931, .F. ) ;
#9406 = AXIS2_PLACEMENT_3D ( 'NONE', #7945, #1625, #3247 ) ;
#9407 = CARTESIAN_POINT ( 'NONE',  ( 26.84711922206388479, 245.7598376866338015, -9.482678309652488480 ) ) ;
#9408 = EDGE_CURVE ( 'NONE', #101, #2138, #3065, .T. ) ;
#9409 = CARTESIAN_POINT ( 'NONE',  ( 331.4253799776120673, 143.6311153465077837, 6.450176093578988024 ) ) ;
#9411 = ORIENTED_EDGE ( 'NONE', *, *, #5526, .F. ) ;
#9410 = VECTOR ( 'NONE', #5058, 1000.000000000000000 ) ;
#9412 = EDGE_CURVE ( 'NONE', #1240, #3241, #464, .T. ) ;
#9413 = ORIENTED_EDGE ( 'NONE', *, *, #7693, .F. ) ;
#9414 = LINE ( 'NONE', #2029, #1140 ) ;
#9415 = EDGE_LOOP ( 'NONE', ( #8922, #5487, #10048, #878 ) ) ;
#9416 = ORIENTED_EDGE ( 'NONE', *, *, #3979, .T. ) ;
#9417 = AXIS2_PLACEMENT_3D ( 'NONE', #2565, #3442, #4867 ) ;
#9418 = EDGE_CURVE ( 'NONE', #5052, #1927, #8637, .T. ) ;
#9419 = VECTOR ( 'NONE', #3003, 1000.000000000000114 ) ;
#9420 = DIRECTION ( 'NONE',  ( -2.033782021272921061E-31, -5.176899690512889973E-31, 1.000000000000000000 ) ) ;
#9421 = CARTESIAN_POINT ( 'NONE',  ( 238.0000000000003126, 48.99999999999998579, 9.000000000000007105 ) ) ;
#9422 = CIRCLE ( 'NONE', #2187, 4.000000000000034639 ) ;
#9423 = ADVANCED_FACE ( 'NONE', ( #2076 ), #10043, .T. ) ;
#9424 = EDGE_CURVE ( 'NONE', #6404, #5563, #4437, .T. ) ;
#9425 = ORIENTED_EDGE ( 'NONE', *, *, #1035, .F. ) ;
#9426 = DIRECTION ( 'NONE',  ( -2.609204460588636195E-49, 0.000000000000000000, 1.000000000000000000 ) ) ;
#9427 = DIRECTION ( 'NONE',  ( 2.033782021272921061E-31, 5.176899690512889973E-31, 1.000000000000000000 ) ) ;
#9428 = DIRECTION ( 'NONE',  ( 1.000000000000000000, 0.000000000000000000, 0.000000000000000000 ) ) ;
#9429 = LINE ( 'NONE', #4341, #9066 ) ;
#9430 = FACE_OUTER_BOUND ( 'NONE', #9444, .T. ) ;
#9431 =( NAMED_UNIT ( * ) PLANE_ANGLE_UNIT ( ) SI_UNIT ( $, .RADIAN. ) );
#9432 = FACE_OUTER_BOUND ( 'NONE', #7902, .T. ) ;
#9433 = ORIENTED_EDGE ( 'NONE', *, *, #9256, .F. ) ;
#9434 = CARTESIAN_POINT ( 'NONE',  ( 15.49999999999995737, 389.4999999999997726, 1.387778780781445676E-14 ) ) ;
#9435 = PLANE ( 'NONE',  #8256 ) ;
#9436 = CIRCLE ( 'NONE', #1069, 3.000000000000002665 ) ;
#9437 = CYLINDRICAL_SURFACE ( 'NONE', #7474, 3.000000000000002665 ) ;
#9438 = VERTEX_POINT ( 'NONE', #3811 ) ;
#9439 = CARTESIAN_POINT ( 'NONE',  ( 453.5000000000000568, 51.49999999999999289, -3.000000000000002665 ) ) ;
#9440 = ORIENTED_EDGE ( 'NONE', *, *, #5001, .F. ) ;
#9441 = CARTESIAN_POINT ( 'NONE',  ( 80.84317321985052729, 84.99999999999998579, 10.50000000000000000 ) ) ;
#9442 = DIRECTION ( 'NONE',  ( 0.000000000000000000, 0.000000000000000000, -1.000000000000000000 ) ) ;
#9443 = FACE_OUTER_BOUND ( 'NONE', #1, .T. ) ;
#9444 = EDGE_LOOP ( 'NONE', ( #9392, #1131, #10231, #5084, #9319 ) ) ;
#9445 = AXIS2_PLACEMENT_3D ( 'NONE', #1532, #7070, #8551 ) ;
#9446 = CARTESIAN_POINT ( 'NONE',  ( 983.4999999999998863, 237.9999999999999432, 13.00000000000001421 ) ) ;
#9447 = DIRECTION ( 'NONE',  ( -1.000000000000000000, 0.000000000000000000, 0.000000000000000000 ) ) ;
#9448 = ORIENTED_EDGE ( 'NONE', *, *, #7684, .F. ) ;
#9449 = DIRECTION ( 'NONE',  ( -1.000000000000000000, 2.041077998578924066E-17, -2.259514891400699422E-33 ) ) ;
#9450 = ADVANCED_FACE ( 'NONE', ( #2568 ), #5802, .F. ) ;
#9451 = CARTESIAN_POINT ( 'NONE',  ( 26.76629254899664190, 49.51409692504475402, -9.756911179330449713 ) ) ;
#9452 = CYLINDRICAL_SURFACE ( 'NONE', #2762, 3.000000000000000888 ) ;
#9453 = LINE ( 'NONE', #2135, #4412 ) ;
#9454 = ORIENTED_EDGE ( 'NONE', *, *, #6513, .F. ) ;
#9455 = EDGE_CURVE ( 'NONE', #6308, #3529, #1835, .T. ) ;
#9456 = CARTESIAN_POINT ( 'NONE',  ( 12.00000000000001066, 51.49999999999999289, 15.00000000000001421 ) ) ;
#9457 = CARTESIAN_POINT ( 'NONE',  ( 27.17443692494286722, 0.000000000000000000, 0.000000000000000000 ) ) ;
#9458 = AXIS2_PLACEMENT_3D ( 'NONE', #7861, #1611, #7900 ) ;
#9459 = EDGE_CURVE ( 'NONE', #3577, #9283, #9970, .T. ) ;
#9460 = VECTOR ( 'NONE', #2745, 1000.000000000000000 ) ;
#9461 = DIRECTION ( 'NONE',  ( 2.033782021272921061E-31, 5.176899690512889973E-31, 1.000000000000000000 ) ) ;
#9462 = DIRECTION ( 'NONE',  ( -1.000000000000000222, 0.000000000000000000, -1.665334536937734811E-15 ) ) ;
#9463 = LINE ( 'NONE', #9504, #4790 ) ;
#9464 = CYLINDRICAL_SURFACE ( 'NONE', #66, 2.500000000000002220 ) ;
#9465 = ORIENTED_EDGE ( 'NONE', *, *, #495, .T. ) ;
#9466 = ADVANCED_FACE ( 'NONE', ( #3932 ), #6229, .T. ) ;
#9467 = DIRECTION ( 'NONE',  ( -2.609204460588636195E-49, 0.000000000000000000, 1.000000000000000000 ) ) ;
#9468 = EDGE_LOOP ( 'NONE', ( #7414, #8663, #6202, #3611 ) ) ;
#9469 = DIRECTION ( 'NONE',  ( -1.000000000000000000, 0.000000000000000000, -0.000000000000000000 ) ) ;
#9470 = AXIS2_PLACEMENT_3D ( 'NONE', #1073, #9717, #259 ) ;
#9471 = VERTEX_POINT ( 'NONE', #3785 ) ;
#9472 = CARTESIAN_POINT ( 'NONE',  ( 0.000000000000000000, 0.000000000000000000, 0.000000000000000000 ) ) ;
#9473 = EDGE_CURVE ( 'NONE', #8889, #9034, #4925, .T. ) ;
#9474 = CARTESIAN_POINT ( 'NONE',  ( 359.0000000000000000, 243.5000000000000000, 7.499999999999951150 ) ) ;
#9475 = ORIENTED_EDGE ( 'NONE', *, *, #5772, .T. ) ;
#9476 = LINE ( 'NONE', #1989, #8242 ) ;
#9477 = AXIS2_PLACEMENT_3D ( 'NONE', #5427, #6844, #646 ) ;
#9478 = ORIENTED_EDGE ( 'NONE', *, *, #6152, .F. ) ;
#9479 = EDGE_CURVE ( 'NONE', #9622, #3128, #1341, .T. ) ;
#9480 = CARTESIAN_POINT ( 'NONE',  ( 453.5000000000000568, 243.5000000000000000, 15.00000000000001599 ) ) ;
#9481 = DIRECTION ( 'NONE',  ( -1.000000000000000000, 7.590943252506637819E-32, -2.033782021272921061E-31 ) ) ;
#9482 = DIRECTION ( 'NONE',  ( 2.033782021272921061E-31, 5.176899690512889973E-31, -1.000000000000000000 ) ) ;
#9483 = ORIENTED_EDGE ( 'NONE', *, *, #6795, .F. ) ;
#9484 = PRODUCT_DEFINITION_FORMATION_WITH_SPECIFIED_SOURCE ( 'ANY', '', #5837, .NOT_KNOWN. ) ;
#9486 = EDGE_LOOP ( 'NONE', ( #5092, #9041, #8661, #9107 ) ) ;
#9485 = FACE_OUTER_BOUND ( 'NONE', #6533, .T. ) ;
#9487 = DIRECTION ( 'NONE',  ( 1.000000000000000000, 0.000000000000000000, 0.000000000000000000 ) ) ;
#9488 = EDGE_CURVE ( 'NONE', #1451, #7551, #1213, .T. ) ;
#9489 = ORIENTED_EDGE ( 'NONE', *, *, #4847, .F. ) ;
#9490 = DIRECTION ( 'NONE',  ( 1.000000000000000000, 5.600273556634003027E-19, -3.136292949173481922E-19 ) ) ;
#9491 = DIRECTION ( 'NONE',  ( -1.000000000000000000, -2.041077998578924066E-17, -1.624335346205397848E-33 ) ) ;
#9492 = CARTESIAN_POINT ( 'NONE',  ( 34.00000000000002842, 243.5000000000000000, 15.00000000000001421 ) ) ;
#9493 = LINE ( 'NONE', #3296, #591 ) ;
#9495 = ORIENTED_EDGE ( 'NONE', *, *, #2521, .T. ) ;
#9494 = VECTOR ( 'NONE', #1483, 1000.000000000000000 ) ;
#9496 = DIRECTION ( 'NONE',  ( -1.000000000000000000, -5.600273556634003027E-19, 3.136292949173481922E-19 ) ) ;
#9497 = CARTESIAN_POINT ( 'NONE',  ( 340.0000000000003979, 5.551115123125782702E-14, 15.00000000000001421 ) ) ;
#9499 = ORIENTED_EDGE ( 'NONE', *, *, #3486, .F. ) ;
#9498 = DIRECTION ( 'NONE',  ( -1.000000000000000000, 0.000000000000000000, 0.000000000000000000 ) ) ;
#9500 = CARTESIAN_POINT ( 'NONE',  ( 793.9999999999997726, 237.9999999999999432, -13.00000000000001421 ) ) ;
#9501 = ORIENTED_EDGE ( 'NONE', *, *, #279, .T. ) ;
#9502 = ADVANCED_FACE ( 'NONE', ( #6397 ), #9358, .F. ) ;
#9503 = LINE ( 'NONE', #708, #6559 ) ;
#9504 = CARTESIAN_POINT ( 'NONE',  ( 0.000000000000000000, 0.000000000000000000, 15.00000000000001421 ) ) ;
#9505 = DIRECTION ( 'NONE',  ( 2.033782021272921061E-31, -5.176899690512889973E-31, 1.000000000000000000 ) ) ;
#9507 = VERTEX_POINT ( 'NONE', #6530 ) ;
#9506 = LINE ( 'NONE', #7024, #8272 ) ;
#9508 = CARTESIAN_POINT ( 'NONE',  ( 26.00000000000006040, 42.99999999999998579, 9.000000000000007105 ) ) ;
#9509 =( GEOMETRIC_REPRESENTATION_CONTEXT ( 3 ) GLOBAL_UNCERTAINTY_ASSIGNED_CONTEXT ( ( #579 ) ) GLOBAL_UNIT_ASSIGNED_CONTEXT ( ( #5886, #6689, #1931 ) ) REPRESENTATION_CONTEXT ( 'NONE', 'WORKASPACE' ) );
#9510 = DIRECTION ( 'NONE',  ( -1.000000000000000000, 0.000000000000000000, 0.000000000000000000 ) ) ;
#9511 = ORIENTED_EDGE ( 'NONE', *, *, #275, .T. ) ;
#9512 = DIRECTION ( 'NONE',  ( 1.000000000000000000, 0.000000000000000000, 0.000000000000000000 ) ) ;
#9513 = ORIENTED_EDGE ( 'NONE', *, *, #399, .T. ) ;
#9514 = ADVANCED_BREP_SHAPE_REPRESENTATION ( '', ( #8883, #3788 ), #6187 ) ;
#9515 = ORIENTED_EDGE ( 'NONE', *, *, #3661, .F. ) ;
#9516 = DIRECTION ( 'NONE',  ( -1.000000000000000000, 7.590943252506637819E-32, -2.033782021272921061E-31 ) ) ;
#9517 = ORIENTED_EDGE ( 'NONE', *, *, #7780, .F. ) ;
#9518 = EDGE_CURVE ( 'NONE', #2932, #1212, #5921, .T. ) ;
#9519 = ADVANCED_FACE ( 'NONE', ( #2318 ), #4139, .T. ) ;
#9520 = AXIS2_PLACEMENT_3D ( 'NONE', #5843, #7989, #2499 ) ;
#9521 = FILL_AREA_STYLE ('',( #9582 ) ) ;
#9522 = MECHANICAL_DESIGN_GEOMETRIC_PRESENTATION_REPRESENTATION (  '', ( #2443 ), #5839 ) ;
#9524 = EDGE_LOOP ( 'NONE', ( #3559, #3701 ) ) ;
#9523 = CIRCLE ( 'NONE', #5595, 2.500000000000002220 ) ;
#9525 = DIRECTION ( 'NONE',  ( 2.033782021272921061E-31, 5.176899690512889973E-31, 1.000000000000000000 ) ) ;
#9526 = ORIENTED_EDGE ( 'NONE', *, *, #9322, .F. ) ;
#9527 = LINE ( 'NONE', #6940, #1018 ) ;
#9528 = CARTESIAN_POINT ( 'NONE',  ( 266.4999999999998295, 51.49999999999999289, -3.000000000000002665 ) ) ;
#9529 = EDGE_LOOP ( 'NONE', ( #8716, #1550, #2370, #3346, #5610, #4776 ) ) ;
#9530 = EDGE_LOOP ( 'NONE', ( #2901, #9232, #6974, #9125 ) ) ;
#9531 = CARTESIAN_POINT ( 'NONE',  ( 0.000000000000000000, 263.7500000000001705, 3.999999999999996447 ) ) ;
#9532 = DIRECTION ( 'NONE',  ( 0.000000000000000000, 0.000000000000000000, -1.000000000000000000 ) ) ;
#9533 = DIRECTION ( 'NONE',  ( -0.000000000000000000, 1.000000000000000000, -0.000000000000000000 ) ) ;
#9534 = FACE_OUTER_BOUND ( 'NONE', #1683, .T. ) ;
#9535 = CARTESIAN_POINT ( 'NONE',  ( 80.84317321985052729, 125.0000000000000000, 10.50000000000000000 ) ) ;
#9536 = CARTESIAN_POINT ( 'NONE',  ( 1.665334536937734811E-13, 1124.999999999999773, -1.249000902703301108E-13 ) ) ;
#9537 = CYLINDRICAL_SURFACE ( 'NONE', #3777, 2.499999999999891198 ) ;
#9538 = DIRECTION ( 'NONE',  ( 7.590943252506637819E-32, -1.000000000000000000, -5.176899690512889973E-31 ) ) ;
#9539 = ORIENTED_EDGE ( 'NONE', *, *, #5629, .F. ) ;
#9540 = DIRECTION ( 'NONE',  ( 3.136292949173481922E-19, 1.387778780781445676E-17, -1.000000000000000000 ) ) ;
#9541 = EDGE_CURVE ( 'NONE', #4893, #1583, #329, .T. ) ;
#9542 = DIRECTION ( 'NONE',  ( 1.000000000000000000, -7.590943252506637819E-32, -2.033782021272921061E-31 ) ) ;
#9543 = DIRECTION ( 'NONE',  ( 2.033782021272921061E-31, 5.176899690512889973E-31, 1.000000000000000000 ) ) ;
#9544 = CARTESIAN_POINT ( 'NONE',  ( 107.4964237680541856, 119.9999999999999432, 21.00000000000000000 ) ) ;
#9545 = CIRCLE ( 'NONE', #9284, 2.499999999999946709 ) ;
#9546 = SURFACE_STYLE_FILL_AREA ( #5558 ) ;
#9547 = ORIENTED_EDGE ( 'NONE', *, *, #2934, .F. ) ;
#9548 = STYLED_ITEM ( 'NONE', ( #10191 ), #7799 ) ;
#9549 = PRODUCT_DEFINITION_SHAPE ( 'NONE', 'NONE',  #7962 ) ;
#9550 = EDGE_CURVE ( 'NONE', #7064, #6914, #839, .T. ) ;
#9551 = CARTESIAN_POINT ( 'NONE',  ( 6.938893903907228378E-15, 133.8750000000001990, 4.000000000000003553 ) ) ;
#9552 = AXIS2_PLACEMENT_3D ( 'NONE', #8753, #5658, #110 ) ;
#9553 =( LENGTH_UNIT ( ) NAMED_UNIT ( * ) SI_UNIT ( .MILLI., .METRE. ) );
#9554 = FACE_OUTER_BOUND ( 'NONE', #6382, .T. ) ;
#9555 = EDGE_LOOP ( 'NONE', ( #1684, #6293, #2019, #64 ) ) ;
#9556 = DIRECTION ( 'NONE',  ( 1.000000000000000000, 0.000000000000000000, 0.000000000000000000 ) ) ;
#9557 = CARTESIAN_POINT ( 'NONE',  ( 0.000000000000000000, 295.0000000000000000, -15.00000000000001599 ) ) ;
#9558 = PLANE ( 'NONE',  #9903 ) ;
#9559 = EDGE_CURVE ( 'NONE', #6319, #1404, #8003, .T. ) ;
#9560 = DIRECTION ( 'NONE',  ( -1.000000000000000000, 2.041077998578924066E-17, -2.259514891400699764E-33 ) ) ;
#9561 = CARTESIAN_POINT ( 'NONE',  ( 26.99998542046674288, 246.1937680713590737, 6.165050894881426657 ) ) ;
#9562 = FACE_BOUND ( 'NONE', #2104, .T. ) ;
#9563 = EDGE_LOOP ( 'NONE', ( #407, #1103 ) ) ;
#9564 = SURFACE_STYLE_FILL_AREA ( #699 ) ;
#9565 = DIRECTION ( 'NONE',  ( 1.000000000000000000, 0.000000000000000000, 0.000000000000000000 ) ) ;
#9566 = DIRECTION ( 'NONE',  ( 0.000000000000000000, -1.000000000000000000, 0.000000000000000000 ) ) ;
#9567 = EDGE_LOOP ( 'NONE', ( #814, #9636 ) ) ;
#9568 = ADVANCED_FACE ( 'NONE', ( #6532 ), #5669, .F. ) ;
#9569 = DIRECTION ( 'NONE',  ( -1.497502434588343278E-18, 1.000000000000000000, 0.000000000000000000 ) ) ;
#9570 = LINE ( 'NONE', #1435, #7489 ) ;
#9571 = CARTESIAN_POINT ( 'NONE',  ( 272.0000000000003411, 209.0000000000003695, 15.00000000000001421 ) ) ;
#9572 = PLANE ( 'NONE',  #3988 ) ;
#9573 = LINE ( 'NONE', #8767, #813 ) ;
#9574 = ORIENTED_EDGE ( 'NONE', *, *, #9619, .T. ) ;
#9575 = CARTESIAN_POINT ( 'NONE',  ( 386.0000000000000000, 243.5000000000000000, 15.00000000000001421 ) ) ;
#9576 = CARTESIAN_POINT ( 'NONE',  ( 65.50000000000008527, 209.0000000000003411, 15.00000000000001421 ) ) ;
#9577 = VECTOR ( 'NONE', #8623, 1000.000000000000000 ) ;
#9578 = MECHANICAL_DESIGN_GEOMETRIC_PRESENTATION_REPRESENTATION (  '', ( #8142 ), #7802 ) ;
#9579 = FACE_BOUND ( 'NONE', #5389, .T. ) ;
#9580 = DIRECTION ( 'NONE',  ( -1.000000000000000000, -1.497502434588343278E-18, 0.000000000000000000 ) ) ;
#9581 = VERTEX_POINT ( 'NONE', #928 ) ;
#9582 = FILL_AREA_STYLE_COLOUR ( '', #1494 ) ;
#9583 = EDGE_CURVE ( 'NONE', #6428, #86, #8628, .T. ) ;
#9584 = DIRECTION ( 'NONE',  ( 8.441837551339287274E-51, 0.000000000000000000, 1.000000000000000000 ) ) ;
#9585 = VECTOR ( 'NONE', #7240, 1000.000000000000000 ) ;
#9586 = VECTOR ( 'NONE', #6014, 1000.000000000000000 ) ;
#9587 = ORIENTED_EDGE ( 'NONE', *, *, #3918, .F. ) ;
#9588 = ORIENTED_EDGE ( 'NONE', *, *, #5471, .T. ) ;
#9589 = DIRECTION ( 'NONE',  ( -1.000000000000000000, 2.041077998578924066E-17, -2.259514891400699422E-33 ) ) ;
#9590 = EDGE_CURVE ( 'NONE', #5766, #4986, #452, .T. ) ;
#9591 = PRODUCT_CONTEXT ( 'NONE', #4860, 'mechanical' ) ;
#9592 = CARTESIAN_POINT ( 'NONE',  ( 381.9999999999998863, 243.5000000000000000, 14.99999999999990230 ) ) ;
#9593 = ORIENTED_EDGE ( 'NONE', *, *, #6990, .T. ) ;
#9594 = ORIENTED_EDGE ( 'NONE', *, *, #1292, .T. ) ;
#9595 = DIRECTION ( 'NONE',  ( 1.000000000000000000, 0.000000000000000000, -0.000000000000000000 ) ) ;
#9596 = MECHANICAL_DESIGN_GEOMETRIC_PRESENTATION_REPRESENTATION (  '', ( #8028 ), #4466 ) ;
#9597 = VERTEX_POINT ( 'NONE', #4941 ) ;
#9598 = CARTESIAN_POINT ( 'NONE',  ( 26.61084255684923150, 148.8084958320308431, 3.710873088703870337 ) ) ;
#9599 = CARTESIAN_POINT ( 'NONE',  ( 238.0000000000003126, 55.00000000000002132, 9.000000000000007105 ) ) ;
#9600 = EDGE_CURVE ( 'NONE', #4519, #7542, #3052, .T. ) ;
#9601 = AXIS2_PLACEMENT_3D ( 'NONE', #3902, #8639, #724 ) ;
#9602 = VECTOR ( 'NONE', #4821, 1000.000000000000000 ) ;
#9603 = EDGE_CURVE ( 'NONE', #3141, #4050, #1701, .T. ) ;
#9604 = LINE ( 'NONE', #4852, #338 ) ;
#9606 = ORIENTED_EDGE ( 'NONE', *, *, #4991, .T. ) ;
#9605 = CIRCLE ( 'NONE', #5453, 4.000000000000017764 ) ;
#9607 = CARTESIAN_POINT ( 'NONE',  ( 381.9999999999998863, 51.49999999999999289, 14.99999999999990230 ) ) ;
#9608 = ORIENTED_EDGE ( 'NONE', *, *, #1145, .T. ) ;
#9609 = ADVANCED_FACE ( 'NONE', ( #9485 ), #3340, .F. ) ;
#9610 = ORIENTED_EDGE ( 'NONE', *, *, #4747, .T. ) ;
#9611 = ORIENTED_EDGE ( 'NONE', *, *, #1410, .T. ) ;
#9612 = CARTESIAN_POINT ( 'NONE',  ( 26.50000000000003197, 51.49999999999999289, -1.500000000000001332 ) ) ;
#9613 = ADVANCED_FACE ( 'NONE', ( #4046 ), #996, .T. ) ;
#9614 = PRODUCT_DEFINITION_FORMATION_WITH_SPECIFIED_SOURCE ( 'ANY', '', #5903, .NOT_KNOWN. ) ;
#9615 = VECTOR ( 'NONE', #2741, 1000.000000000000000 ) ;
#9616 = CARTESIAN_POINT ( 'NONE',  ( 728.0000000000001137, 243.5000000000000000, 15.00000000000001599 ) ) ;
#9618 = ORIENTED_EDGE ( 'NONE', *, *, #7241, .F. ) ;
#9617 = FACE_OUTER_BOUND ( 'NONE', #8481, .T. ) ;
#9619 = EDGE_CURVE ( 'NONE', #8572, #9597, #584, .T. ) ;
#9620 = DIRECTION ( 'NONE',  ( 1.000000000000000000, 0.000000000000000000, 0.000000000000000000 ) ) ;
#9621 = CARTESIAN_POINT ( 'NONE',  ( 985.9999999999998863, 237.9999999999999432, -15.00000000000001599 ) ) ;
#9622 = VERTEX_POINT ( 'NONE', #3276 ) ;
#9623 = CARTESIAN_POINT ( 'NONE',  ( 26.61781228715060266, 244.8367984223523592, 4.807115163844065009 ) ) ;
#9624 = UNCERTAINTY_MEASURE_WITH_UNIT (LENGTH_MEASURE( 1.000000000000000082E-05 ), #5455, 'distance_accuracy_value', 'NONE');
#9625 = CARTESIAN_POINT ( 'NONE',  ( 455.9999999999999432, 243.5000000000000000, 15.00000000000001599 ) ) ;
#9626 = LINE ( 'NONE', #226, #7055 ) ;
#9627 = VERTEX_POINT ( 'NONE', #8802 ) ;
#9628 = CARTESIAN_POINT ( 'NONE',  ( 27.11761345425389536, 54.48069861753830168, -7.893850990699344372 ) ) ;
#9629 = APPLICATION_PROTOCOL_DEFINITION ( 'draft international standard', 'automotive_design', 1998, #1663 ) ;
#9630 = ORIENTED_EDGE ( 'NONE', *, *, #9424, .T. ) ;
#9631 = PLANE ( 'NONE',  #7941 ) ;
#9632 = CARTESIAN_POINT ( 'NONE',  ( 27.08424823709571072, 240.5975597147960343, 6.715947819066721891 ) ) ;
#9634 = EDGE_LOOP ( 'NONE', ( #6698, #8666 ) ) ;
#9633 = VECTOR ( 'NONE', #10000, 1000.000000000000000 ) ;
#9635 = CARTESIAN_POINT ( 'NONE',  ( 27.52606942471666329, 151.2883317288090268, 6.190226398472720604 ) ) ;
#9636 = ORIENTED_EDGE ( 'NONE', *, *, #8571, .F. ) ;
#9637 = AXIS2_PLACEMENT_3D ( 'NONE', #9223, #564, #5352 ) ;
#9638 = CARTESIAN_POINT ( 'NONE',  ( 26.50000000000003197, 243.5000000000000000, -1.500000000000001332 ) ) ;
#9639 = ORIENTED_EDGE ( 'NONE', *, *, #7697, .T. ) ;
#9640 = VERTEX_POINT ( 'NONE', #2509 ) ;
#9641 = DIRECTION ( 'NONE',  ( -1.000000000000000000, 0.000000000000000000, 0.000000000000000000 ) ) ;
#9642 = CARTESIAN_POINT ( 'NONE',  ( 314.0000000000003979, 241.0000000000003695, 9.000000000000007105 ) ) ;
#9644 = VERTEX_POINT ( 'NONE', #291 ) ;
#9643 = FACE_OUTER_BOUND ( 'NONE', #8065, .T. ) ;
#9645 = PLANE ( 'NONE',  #5890 ) ;
#9646 = EDGE_CURVE ( 'NONE', #9383, #627, #7271, .T. ) ;
#9647 = EDGE_LOOP ( 'NONE', ( #5098, #9999, #3045, #4106 ) ) ;
#9648 = LINE ( 'NONE', #9384, #7807 ) ;
#9649 = VERTEX_POINT ( 'NONE', #8001 ) ;
#9650 = DIRECTION ( 'NONE',  ( 1.000000000000000000, 0.000000000000000000, 0.000000000000000000 ) ) ;
#9651 = VERTEX_POINT ( 'NONE', #5042 ) ;
#9652 = CARTESIAN_POINT ( 'NONE',  ( 728.0000000000001137, 243.5000000000000000, 15.00000000000001599 ) ) ;
#9653 = EDGE_CURVE ( 'NONE', #6074, #2304, #8501, .T. ) ;
#9654 = CARTESIAN_POINT ( 'NONE',  ( 0.000000000000000000, 3.000000000000002665, -385.0000000000000000 ) ) ;
#9655 = FACE_OUTER_BOUND ( 'NONE', #486, .T. ) ;
#9656 = FACE_BOUND ( 'NONE', #2282, .T. ) ;
#9657 = DIRECTION ( 'NONE',  ( -0.000000000000000000, 0.000000000000000000, 1.000000000000000000 ) ) ;
#9658 = DIRECTION ( 'NONE',  ( -2.609204460588636195E-49, 0.000000000000000000, 1.000000000000000000 ) ) ;
#9659 = ORIENTED_EDGE ( 'NONE', *, *, #2925, .T. ) ;
#9660 = AXIS2_PLACEMENT_3D ( 'NONE', #648, #3797, #2275 ) ;
#9661 = ADVANCED_FACE ( 'NONE', ( #2193 ), #961, .F. ) ;
#9662 = CARTESIAN_POINT ( 'NONE',  ( 27.05993492224975583, 54.34465942645915959, -6.527175101579310912 ) ) ;
#9663 = APPLICATION_CONTEXT ( 'automotive_design' ) ;
#9664 = EDGE_CURVE ( 'NONE', #2122, #3221, #710, .T. ) ;
#9665 = FACE_BOUND ( 'NONE', #8299, .T. ) ;
#9666 = ADVANCED_FACE ( 'NONE', ( #7401 ), #6900, .F. ) ;
#9667 = CIRCLE ( 'NONE', #456, 6.000000000000019540 ) ;
#9668 = AXIS2_PLACEMENT_3D ( 'NONE', #5093, #5782, #6574 ) ;
#9669 = CARTESIAN_POINT ( 'NONE',  ( 981.0000000000000000, 237.9999999999999432, 15.00000000000001599 ) ) ;
#9670 = CARTESIAN_POINT ( 'NONE',  ( 728.0000000000001137, 51.49999999999999289, -15.00000000000001599 ) ) ;
#9671 = EDGE_CURVE ( 'NONE', #5766, #4709, #1099, .T. ) ;
#9672 = VECTOR ( 'NONE', #8732, 1000.000000000000000 ) ;
#9673 = ORIENTED_EDGE ( 'NONE', *, *, #6643, .T. ) ;
#9674 = DIRECTION ( 'NONE',  ( 1.000000000000000000, 0.000000000000000000, 0.000000000000000000 ) ) ;
#9675 = DIRECTION ( 'NONE',  ( -2.033782021272921061E-31, -5.176899690512889973E-31, 1.000000000000000000 ) ) ;
#9676 = DIRECTION ( 'NONE',  ( 2.033782021272921061E-31, 5.176899690512889973E-31, 1.000000000000000000 ) ) ;
#9677 = SURFACE_SIDE_STYLE ('',( #9127 ) ) ;
#9678 = VECTOR ( 'NONE', #9490, 1000.000000000000000 ) ;
#9679 = FACE_OUTER_BOUND ( 'NONE', #9696, .T. ) ;
#9680 = ORIENTED_EDGE ( 'NONE', *, *, #8954, .T. ) ;
#9681 = EDGE_CURVE ( 'NONE', #6912, #2492, #80, .T. ) ;
#9682 = ORIENTED_EDGE ( 'NONE', *, *, #4608, .T. ) ;
#9683 = DIRECTION ( 'NONE',  ( 3.136292949173481922E-19, 1.387778780781445676E-17, -1.000000000000000000 ) ) ;
#9684 = DIRECTION ( 'NONE',  ( 2.033782021272921061E-31, 5.176899690512889973E-31, -1.000000000000000000 ) ) ;
#9685 = LINE ( 'NONE', #651, #5014 ) ;
#9686 = CARTESIAN_POINT ( 'NONE',  ( 107.4964237680542141, 120.0000000000000000, 0.000000000000000000 ) ) ;
#9687 = LINE ( 'NONE', #6602, #5763 ) ;
#9688 = ORIENTED_EDGE ( 'NONE', *, *, #1292, .F. ) ;
#9689 = DIRECTION ( 'NONE',  ( 0.000000000000000000, 0.000000000000000000, -1.000000000000000000 ) ) ;
#9690 = EDGE_LOOP ( 'NONE', ( #8766, #1117, #4630, #9362 ) ) ;
#9691 = DIRECTION ( 'NONE',  ( 1.000000000000000000, 0.000000000000000000, 0.000000000000000000 ) ) ;
#9692 = DIRECTION ( 'NONE',  ( 2.609204460588635816E-49, 0.000000000000000000, 1.000000000000000000 ) ) ;
#9693 = FACE_BOUND ( 'NONE', #5670, .T. ) ;
#9694 = DIRECTION ( 'NONE',  ( -1.000000000000000000, 0.000000000000000000, 0.000000000000000000 ) ) ;
#9695 = CIRCLE ( 'NONE', #9323, 13.00000000000003908 ) ;
#9696 = EDGE_LOOP ( 'NONE', ( #9111, #3806, #2176, #152 ) ) ;
#9697 = PRESENTATION_STYLE_ASSIGNMENT (( #7453 ) ) ;
#9698 = MECHANICAL_DESIGN_GEOMETRIC_PRESENTATION_REPRESENTATION (  '', ( #5100 ), #9509 ) ;
#9699 = DIRECTION ( 'NONE',  ( 1.000000000000000000, -7.590943252506637819E-32, 2.033782021272921061E-31 ) ) ;
#9700 = CARTESIAN_POINT ( 'NONE',  ( 40.00000000000003553, 243.5000000000000000, -10.49999999999995381 ) ) ;
#9701 = AXIS2_PLACEMENT_3D ( 'NONE', #5270, #3697, #9969 ) ;
#9702 = CARTESIAN_POINT ( 'NONE',  ( 27.65546026261586832, 151.4996019473581725, 7.228798006280000799 ) ) ;
#9703 = PLANE ( 'NONE',  #604 ) ;
#9704 = FACE_OUTER_BOUND ( 'NONE', #3970, .T. ) ;
#9705 = CARTESIAN_POINT ( 'NONE',  ( 455.9999999999999432, 243.5000000000000000, -15.00000000000001599 ) ) ;
#9706 = AXIS2_PLACEMENT_3D ( 'NONE', #157, #5703, #3377 ) ;
#9707 = VECTOR ( 'NONE', #1841, 1000.000000000000000 ) ;
#9708 = VERTEX_POINT ( 'NONE', #1825 ) ;
#9709 = AXIS2_PLACEMENT_3D ( 'NONE', #9144, #6050, #5194 ) ;
#9710 = DIRECTION ( 'NONE',  ( -0.000000000000000000, 0.000000000000000000, 1.000000000000000000 ) ) ;
#9711 = PRODUCT_DEFINITION_SHAPE ( 'NONE', 'NONE',  #10254 ) ;
#9712 = EDGE_CURVE ( 'NONE', #962, #6200, #2803, .T. ) ;
#9713 = ADVANCED_FACE ( 'NONE', ( #5175 ), #5909, .F. ) ;
#9714 = MECHANICAL_DESIGN_GEOMETRIC_PRESENTATION_REPRESENTATION (  '', ( #9910 ), #520 ) ;
#9715 = DIRECTION ( 'NONE',  ( 5.600273556634000138E-19, 1.000000000000000000, 1.387778780781445676E-17 ) ) ;
#9716 = ADVANCED_FACE ( 'NONE', ( #10089 ), #5299, .F. ) ;
#9717 = DIRECTION ( 'NONE',  ( 0.000000000000000000, 0.000000000000000000, -1.000000000000000000 ) ) ;
#9718 = ORIENTED_EDGE ( 'NONE', *, *, #4594, .T. ) ;
#9719 = VERTEX_POINT ( 'NONE', #2640 ) ;
#9720 = DIRECTION ( 'NONE',  ( 0.000000000000000000, 0.000000000000000000, 1.000000000000000000 ) ) ;
#9721 = CARTESIAN_POINT ( 'NONE',  ( 382.0000000000000000, 243.5000000000000000, 15.00000000000001421 ) ) ;
#9722 = EDGE_LOOP ( 'NONE', ( #1468, #1616, #7183, #2965 ) ) ;
#9723 = DIRECTION ( 'NONE',  ( 0.000000000000000000, 0.000000000000000000, -1.000000000000000000 ) ) ;
#9724 = DIRECTION ( 'NONE',  ( 1.941925118803054280E-33, 0.000000000000000000, 1.000000000000000000 ) ) ;
#9725 = DIRECTION ( 'NONE',  ( -2.041077998578925915E-17, -1.000000000000000000, 0.000000000000000000 ) ) ;
#9726 = EDGE_LOOP ( 'NONE', ( #6931, #8677, #4182, #5186 ) ) ;
#9728 = ORIENTED_EDGE ( 'NONE', *, *, #1366, .T. ) ;
#9727 = FACE_OUTER_BOUND ( 'NONE', #3053, .T. ) ;
#9729 = AXIS2_PLACEMENT_3D ( 'NONE', #5804, #6558, #6632 ) ;
#9730 = CARTESIAN_POINT ( 'NONE',  ( -2.775557561562891351E-14, 290.0000000000002842, 0.000000000000000000 ) ) ;
#9731 = EDGE_CURVE ( 'NONE', #9402, #4783, #8743, .T. ) ;
#9732 = DIRECTION ( 'NONE',  ( -1.000000000000000000, 0.000000000000000000, 0.000000000000000000 ) ) ;
#9734 = VERTEX_POINT ( 'NONE', #6639 ) ;
#9733 =( REPRESENTATION_RELATIONSHIP ('NONE','NONE', #4500, #1245 ) REPRESENTATION_RELATIONSHIP_WITH_TRANSFORMATION ( #4260 )SHAPE_REPRESENTATION_RELATIONSHIP( ) );
#9735 = PLANE ( 'NONE',  #1978 ) ;
#9736 = CIRCLE ( 'NONE', #6543, 4.000000000000003553 ) ;
#9737 = VECTOR ( 'NONE', #1320, 1000.000000000000000 ) ;
#9738 = MECHANICAL_DESIGN_GEOMETRIC_PRESENTATION_REPRESENTATION (  '', ( #7581 ), #6521 ) ;
#9740 = ORIENTED_EDGE ( 'NONE', *, *, #10142, .F. ) ;
#9739 = LINE ( 'NONE', #5369, #10238 ) ;
#9741 =( LENGTH_UNIT ( ) NAMED_UNIT ( * ) SI_UNIT ( .MILLI., .METRE. ) );
#9742 = EDGE_CURVE ( 'NONE', #9825, #1299, #2559, .T. ) ;
#9743 = CARTESIAN_POINT ( 'NONE',  ( 376.0000000000000000, 353.0000000000001705, -6.938893903907228378E-15 ) ) ;
#9744 = EDGE_LOOP ( 'NONE', ( #4686, #169, #3251, #778 ) ) ;
#9745 = AXIS2_PLACEMENT_3D ( 'NONE', #8321, #9952, #10023 ) ;
#9746 = FACE_OUTER_BOUND ( 'NONE', #3057, .T. ) ;
#9747 = CARTESIAN_POINT ( 'NONE',  ( 41.50000000000002842, 147.5000000000000853, 1.500000000000001332 ) ) ;
#9748 = EDGE_LOOP ( 'NONE', ( #6154, #2060, #785, #5745 ) ) ;
#9749 = CARTESIAN_POINT ( 'NONE',  ( 102.0000000000001847, 49.00000000000004263, 9.000000000000007105 ) ) ;
#9750 = ORIENTED_EDGE ( 'NONE', *, *, #8429, .T. ) ;
#9751 = CARTESIAN_POINT ( 'NONE',  ( 93.00000000000002842, 147.5000000000000000, 15.00000000000001421 ) ) ;
#9752 = VERTEX_POINT ( 'NONE', #1922 ) ;
#9753 = CARTESIAN_POINT ( 'NONE',  ( 384.4999999999997726, 51.49999999999999289, 3.000000000000113687 ) ) ;
#9754 = SURFACE_STYLE_FILL_AREA ( #5045 ) ;
#9755 =( NAMED_UNIT ( * ) PLANE_ANGLE_UNIT ( ) SI_UNIT ( $, .RADIAN. ) );
#9756 = EDGE_LOOP ( 'NONE', ( #8177, #1500, #587, #4280 ) ) ;
#9757 = CARTESIAN_POINT ( 'NONE',  ( 41.50000000000002842, 243.5000000000000000, 15.00000000000001421 ) ) ;
#9758 = EDGE_LOOP ( 'NONE', ( #4545, #1642 ) ) ;
#9759 = ORIENTED_EDGE ( 'NONE', *, *, #7677, .F. ) ;
#9760 = CARTESIAN_POINT ( 'NONE',  ( 272.0000000000003411, 49.00000000000004263, 9.000000000000007105 ) ) ;
#9761 = CARTESIAN_POINT ( 'NONE',  ( 27.65551158064967652, 143.5003166582307301, 7.771781091118675988 ) ) ;
#9762 = ADVANCED_FACE ( 'NONE', ( #8872 ), #9043, .T. ) ;
#9764 = VERTEX_POINT ( 'NONE', #6716 ) ;
#9763 = CYLINDRICAL_SURFACE ( 'NONE', #6379, 2.499999999999946709 ) ;
#9765 = DIRECTION ( 'NONE',  ( 1.941925118803054280E-33, 0.000000000000000000, 1.000000000000000000 ) ) ;
#9766 = PRODUCT ( 'SimetríaA353250-COSTADOSCO', 'SimetríaA353250-COSTADOSCO', '', ( #5785 ) ) ;
#9767 = ORIENTED_EDGE ( 'NONE', *, *, #1480, .T. ) ;
#9768 = VECTOR ( 'NONE', #2472, 1000.000000000000000 ) ;
#9769 = ORIENTED_EDGE ( 'NONE', *, *, #9541, .T. ) ;
#9770 = CARTESIAN_POINT ( 'NONE',  ( 390.0000000000000000, 0.000000000000000000, 15.00000000000001421 ) ) ;
#9771 = ORIENTED_EDGE ( 'NONE', *, *, #5304, .T. ) ;
#9772 = CARTESIAN_POINT ( 'NONE',  ( 0.000000000000000000, 295.0000000000000000, 15.00000000000001599 ) ) ;
#9773 = CARTESIAN_POINT ( 'NONE',  ( 297.0000000000000000, 147.5000000000000000, 15.00000000000001421 ) ) ;
#9774 = CARTESIAN_POINT ( 'NONE',  ( 110.8431732198505273, 125.0000000000000000, 4.500000000000000000 ) ) ;
#9775 = DIRECTION ( 'NONE',  ( 0.000000000000000000, 0.000000000000000000, -1.000000000000000000 ) ) ;
#9776 = AXIS2_PLACEMENT_3D ( 'NONE', #715, #7081, #6344 ) ;
#9777 = FILL_AREA_STYLE ('',( #4272 ) ) ;
#9778 = CYLINDRICAL_SURFACE ( 'NONE', #3795, 3.000000000000002665 ) ;
#9779 = FACE_OUTER_BOUND ( 'NONE', #6955, .T. ) ;
#9780 = VERTEX_POINT ( 'NONE', #1957 ) ;
#9781 = DIRECTION ( 'NONE',  ( 1.000000000000000000, 0.000000000000000000, 0.000000000000000000 ) ) ;
#9782 = CARTESIAN_POINT ( 'NONE',  ( 26.50000000000003197, 147.5000000000000853, 15.00000000000001421 ) ) ;
#9783 = EDGE_CURVE ( 'NONE', #8151, #3787, #6667, .T. ) ;
#9784 = FACE_BOUND ( 'NONE', #6542, .T. ) ;
#9785 = CARTESIAN_POINT ( 'NONE',  ( 34.00000000000002842, 51.49999999999999289, -15.00000000000001421 ) ) ;
#9786 = FACE_OUTER_BOUND ( 'NONE', #10115, .T. ) ;
#9787 = EDGE_LOOP ( 'NONE', ( #2483, #1990, #7801, #6850 ) ) ;
#9788 = CARTESIAN_POINT ( 'NONE',  ( 263.9999999999998863, 51.49999999999999289, -3.000000000000002665 ) ) ;
#9789 = AXIS2_PLACEMENT_3D ( 'NONE', #9856, #1110, #1897 ) ;
#9790 = EDGE_CURVE ( 'NONE', #7656, #9734, #7151, .T. ) ;
#9791 = DIRECTION ( 'NONE',  ( 1.000000000000000000, -0.000000000000000000, 2.609204460588635816E-49 ) ) ;
#9792 = CARTESIAN_POINT ( 'NONE',  ( 26.98167360818888127, 144.8483637454769166, 10.50571200294450236 ) ) ;
#9793 = VECTOR ( 'NONE', #10181, 1000.000000000000000 ) ;
#9794 = FILL_AREA_STYLE ('',( #8217 ) ) ;
#9795 = CIRCLE ( 'NONE', #7607, 2.499999999999946709 ) ;
#9796 = ORIENTED_EDGE ( 'NONE', *, *, #3303, .F. ) ;
#9797 = AXIS2_PLACEMENT_3D ( 'NONE', #10234, #8033, #148 ) ;
#9798 = DIRECTION ( 'NONE',  ( 1.000000000000000000, 0.000000000000000000, 0.000000000000000000 ) ) ;
#9799 = EDGE_CURVE ( 'NONE', #8378, #8500, #4673, .T. ) ;
#9800 = DIRECTION ( 'NONE',  ( 2.033782021272921061E-31, 5.176899690512889973E-31, 1.000000000000000000 ) ) ;
#9801 = AXIS2_PLACEMENT_3D ( 'NONE', #7572, #2821, #1284 ) ;
#9802 = DIRECTION ( 'NONE',  ( 2.609204460588636195E-49, 0.000000000000000000, -1.000000000000000000 ) ) ;
#9803 = DIRECTION ( 'NONE',  ( 2.033782021272921061E-31, 5.176899690512889973E-31, 1.000000000000000000 ) ) ;
#9804 = EDGE_CURVE ( 'NONE', #4745, #3435, #7748, .T. ) ;
#9805 = FACE_OUTER_BOUND ( 'NONE', #9130, .T. ) ;
#9806 = CARTESIAN_POINT ( 'NONE',  ( 381.9999999999998863, 51.49999999999999289, 14.99999999999990230 ) ) ;
#9807 =( LENGTH_UNIT ( ) NAMED_UNIT ( * ) SI_UNIT ( .MILLI., .METRE. ) );
#9808 = CIRCLE ( 'NONE', #2165, 2.499999999999946709 ) ;
#9809 = ORIENTED_EDGE ( 'NONE', *, *, #266, .T. ) ;
#9810 = COLOUR_RGB ( '',1.000000000000000000, 1.000000000000000000, 1.000000000000000000 ) ;
#9811 = DIRECTION ( 'NONE',  ( -2.609204460588636195E-49, 0.000000000000000000, 1.000000000000000000 ) ) ;
#9812 = ORIENTED_EDGE ( 'NONE', *, *, #1676, .F. ) ;
#9813 = DIRECTION ( 'NONE',  ( 0.000000000000000000, 1.000000000000000000, 0.000000000000000000 ) ) ;
#9814 = ADVANCED_FACE ( 'NONE', ( #1458 ), #9985, .F. ) ;
#9815 = LINE ( 'NONE', #8061, #8839 ) ;
#9816 = EDGE_CURVE ( 'NONE', #1539, #8523, #2931, .T. ) ;
#9817 = CARTESIAN_POINT ( 'NONE',  ( 725.0000000000001137, 51.49999999999999289, -3.000000000000002665 ) ) ;
#9818 = LINE ( 'NONE', #10173, #8112 ) ;
#9819 = EDGE_LOOP ( 'NONE', ( #6717, #3336 ) ) ;
#9820 = DIRECTION ( 'NONE',  ( -0.000000000000000000, 0.000000000000000000, 1.000000000000000000 ) ) ;
#9821 = DIRECTION ( 'NONE',  ( 0.000000000000000000, 0.000000000000000000, -1.000000000000000000 ) ) ;
#9822 = FACE_BOUND ( 'NONE', #98, .T. ) ;
#9823 = DIRECTION ( 'NONE',  ( 1.000000000000000000, 0.000000000000000000, 0.000000000000000000 ) ) ;
#9824 = VECTOR ( 'NONE', #7477, 1000.000000000000000 ) ;
#9825 = VERTEX_POINT ( 'NONE', #1273 ) ;
#9826 = DIRECTION ( 'NONE',  ( 1.000000000000000000, 0.000000000000000000, 0.000000000000000000 ) ) ;
#9827 = VERTEX_POINT ( 'NONE', #6075 ) ;
#9828 = VERTEX_POINT ( 'NONE', #2024 ) ;
#9829 = DIRECTION ( 'NONE',  ( -0.000000000000000000, 0.000000000000000000, 1.000000000000000000 ) ) ;
#9830 =( NAMED_UNIT ( * ) PLANE_ANGLE_UNIT ( ) SI_UNIT ( $, .RADIAN. ) );
#9831 = CYLINDRICAL_SURFACE ( 'NONE', #316, 2.499999999999946709 ) ;
#9832 = LINE ( 'NONE', #8558, #7995 ) ;
#9833 = SURFACE_SIDE_STYLE ('',( #10100 ) ) ;
#9834 = EDGE_LOOP ( 'NONE', ( #3348, #2319, #6985, #6073 ) ) ;
#9835 = DIRECTION ( 'NONE',  ( -0.000000000000000000, 0.000000000000000000, 1.000000000000000000 ) ) ;
#9836 = VERTEX_POINT ( 'NONE', #2809 ) ;
#9837 = CARTESIAN_POINT ( 'NONE',  ( 26.90920607166453138, 149.9537866511628863, 10.66951620222464037 ) ) ;
#9838 = FILL_AREA_STYLE_COLOUR ( '', #6498 ) ;
#9839 = CARTESIAN_POINT ( 'NONE',  ( 376.0000000000000000, 353.0000000000001705, 15.00000000000005507 ) ) ;
#9840 = EDGE_CURVE ( 'NONE', #7097, #5819, #9231, .T. ) ;
#9841 = ORIENTED_EDGE ( 'NONE', *, *, #3048, .F. ) ;
#9842 = AXIS2_PLACEMENT_3D ( 'NONE', #2373, #7938, #1644 ) ;
#9844 = VERTEX_POINT ( 'NONE', #9135 ) ;
#9843 = VECTOR ( 'NONE', #5946, 1000.000000000000000 ) ;
#9845 = CARTESIAN_POINT ( 'NONE',  ( 102.0000000000001279, 247.0000000000003411, 9.000000000000007105 ) ) ;
#9846 = EDGE_LOOP ( 'NONE', ( #7636, #3209, #5232, #5529 ) ) ;
#9847 = AXIS2_PLACEMENT_3D ( 'NONE', #155, #5699, #991 ) ;
#9848 = CARTESIAN_POINT ( 'NONE',  ( 359.0000000000000000, 274.9999999999999432, 14.99999999999995737 ) ) ;
#9849 = EDGE_CURVE ( 'NONE', #2808, #7987, #831, .T. ) ;
#9850 = CARTESIAN_POINT ( 'NONE',  ( 376.0000000000000000, 178.5000000000002274, 4.000000000000003553 ) ) ;
#9851 = CIRCLE ( 'NONE', #6142, 2.499999999999891198 ) ;
#9852 = FACE_BOUND ( 'NONE', #8598, .T. ) ;
#9854 = ORIENTED_EDGE ( 'NONE', *, *, #9424, .F. ) ;
#9853 = FACE_OUTER_BOUND ( 'NONE', #10060, .T. ) ;
#9855 = EDGE_LOOP ( 'NONE', ( #2961, #2400, #4699, #3306 ) ) ;
#9856 = CARTESIAN_POINT ( 'NONE',  ( 34.00000000000002842, 243.5000000000000000, -15.00000000000001421 ) ) ;
#9857 = ORIENTED_EDGE ( 'NONE', *, *, #9408, .T. ) ;
#9858 = EDGE_LOOP ( 'NONE', ( #9254, #2394 ) ) ;
#9859 = EDGE_CURVE ( 'NONE', #767, #9597, #1574, .T. ) ;
#9860 = DIRECTION ( 'NONE',  ( 0.000000000000000000, 0.000000000000000000, -1.000000000000000000 ) ) ;
#9861 = EDGE_LOOP ( 'NONE', ( #8435, #5938, #9900, #2241 ) ) ;
#9862 = CARTESIAN_POINT ( 'NONE',  ( 27.05956139897391211, 240.6562620659750564, -8.475297298485658715 ) ) ;
#9863 = AXIS2_PLACEMENT_3D ( 'NONE', #1845, #177, #1027 ) ;
#9864 = CYLINDRICAL_SURFACE ( 'NONE', #3872, 2.500000000000002220 ) ;
#9865 = EDGE_CURVE ( 'NONE', #7021, #9438, #9476, .T. ) ;
#9867 = VERTEX_POINT ( 'NONE', #7658 ) ;
#9866 = FACE_OUTER_BOUND ( 'NONE', #2527, .T. ) ;
#9868 = ADVANCED_FACE ( 'NONE', ( #10221 ), #1088, .F. ) ;
#9869 = DIRECTION ( 'NONE',  ( -1.000000000000000000, 0.000000000000000000, 0.000000000000000000 ) ) ;
#9870 = DIRECTION ( 'NONE',  ( 1.000000000000000000, -7.590943252506637819E-32, -2.033782021272921061E-31 ) ) ;
#9871 = CARTESIAN_POINT ( 'NONE',  ( 731.0000000000001137, 243.5000000000000000, 15.00000000000001599 ) ) ;
#9872 = ORIENTED_EDGE ( 'NONE', *, *, #4646, .T. ) ;
#9873 =( GEOMETRIC_REPRESENTATION_CONTEXT ( 3 ) GLOBAL_UNCERTAINTY_ASSIGNED_CONTEXT ( ( #6630 ) ) GLOBAL_UNIT_ASSIGNED_CONTEXT ( ( #3947, #6395, #6332 ) ) REPRESENTATION_CONTEXT ( 'NONE', 'WORKASPACE' ) );
#9874 = CARTESIAN_POINT ( 'NONE',  ( 385.0000000000000000, 3.000000000000002665, 0.000000000000000000 ) ) ;
#9875 = CIRCLE ( 'NONE', #8899, 2.499999999999891198 ) ;
#9876 = ORIENTED_EDGE ( 'NONE', *, *, #3214, .F. ) ;
#9877 = EDGE_CURVE ( 'NONE', #2102, #4473, #1330, .T. ) ;
#9878 = DIRECTION ( 'NONE',  ( 3.136292949173481922E-19, -1.387778780781445676E-17, 1.000000000000000000 ) ) ;
#9879 = AXIS2_PLACEMENT_3D ( 'NONE', #3715, #5560, #2337 ) ;
#9880 = ORIENTED_EDGE ( 'NONE', *, *, #2771, .F. ) ;
#9881 = CARTESIAN_POINT ( 'NONE',  ( 359.0000000000000000, 15.00000000000001421, 0.000000000000000000 ) ) ;
#9882 = DIRECTION ( 'NONE',  ( -0.000000000000000000, 0.000000000000000000, 1.000000000000000000 ) ) ;
#9884 = EDGE_LOOP ( 'NONE', ( #5296, #7428, #7547, #9440 ) ) ;
#9883 = CIRCLE ( 'NONE', #7512, 2.500000000000002220 ) ;
#9885 = ORIENTED_EDGE ( 'NONE', *, *, #8608, .F. ) ;
#9886 = ORIENTED_EDGE ( 'NONE', *, *, #5777, .T. ) ;
#9887 = EDGE_LOOP ( 'NONE', ( #2259, #4431 ) ) ;
#9888 = EDGE_CURVE ( 'NONE', #506, #2464, #2921, .T. ) ;
#9889 = CARTESIAN_POINT ( 'NONE',  ( 340.0000000000003979, 5.551115123125782702E-14, 15.00000000000001421 ) ) ;
#9890 = CARTESIAN_POINT ( 'NONE',  ( 64.00000000000008527, 241.0000000000002842, 9.000000000000007105 ) ) ;
#9892 = ORIENTED_EDGE ( 'NONE', *, *, #9590, .F. ) ;
#9891 = VECTOR ( 'NONE', #5483, 1000.000000000000000 ) ;
#9893 = VERTEX_POINT ( 'NONE', #8383 ) ;
#9894 = CIRCLE ( 'NONE', #9077, 2.499999999999946709 ) ;
#9895 = AXIS2_PLACEMENT_3D ( 'NONE', #8266, #9911, #6705 ) ;
#9896 = ORIENTED_EDGE ( 'NONE', *, *, #7684, .T. ) ;
#9897 = PLANE ( 'NONE',  #5263 ) ;
#9898 = VERTEX_POINT ( 'NONE', #1308 ) ;
#9899 = CARTESIAN_POINT ( 'NONE',  ( 1055.000000000000000, 243.5000000000000000, -4.499999999999946709 ) ) ;
#9900 = ORIENTED_EDGE ( 'NONE', *, *, #8228, .F. ) ;
#9901 = AXIS2_PLACEMENT_3D ( 'NONE', #1636, #5557, #8712 ) ;
#9902 = VECTOR ( 'NONE', #7675, 1000.000000000000000 ) ;
#9903 = AXIS2_PLACEMENT_3D ( 'NONE', #2382, #6389, #7198 ) ;
#9904 = DIRECTION ( 'NONE',  ( 2.033782021272921061E-31, 5.176899690512889973E-31, 1.000000000000000000 ) ) ;
#9905 = CYLINDRICAL_SURFACE ( 'NONE', #1527, 2.499999999999946709 ) ;
#9906 = CARTESIAN_POINT ( 'NONE',  ( 332.4999999999998863, 147.5000000000000853, 3.500000000000003109 ) ) ;
#9907 = ORIENTED_EDGE ( 'NONE', *, *, #3139, .F. ) ;
#9908 = DIRECTION ( 'NONE',  ( 2.041077998578924066E-17, -1.000000000000000000, 0.000000000000000000 ) ) ;
#9909 = ADVANCED_FACE ( 'NONE', ( #9221 ), #8415, .F. ) ;
#9910 = STYLED_ITEM ( 'NONE', ( #4265 ), #3373 ) ;
#9911 = DIRECTION ( 'NONE',  ( -1.000000000000000000, 7.590943252506637819E-32, 2.033782021272921061E-31 ) ) ;
#9912 = VECTOR ( 'NONE', #9030, 1000.000000000000000 ) ;
#9913 = FACE_OUTER_BOUND ( 'NONE', #2439, .T. ) ;
#9914 = CARTESIAN_POINT ( 'NONE',  ( 0.000000000000000000, 294.9999999999998295, 14.99999999999990230 ) ) ;
#9915 = LINE ( 'NONE', #2043, #6849 ) ;
#9916 = ORIENTED_EDGE ( 'NONE', *, *, #10116, .T. ) ;
#9917 = AXIS2_PLACEMENT_3D ( 'NONE', #6427, #1587, #55 ) ;
#9918 = ADVANCED_FACE ( 'NONE', ( #2066 ), #5421, .F. ) ;
#9919 = EDGE_CURVE ( 'NONE', #7118, #2680, #9832, .T. ) ;
#9920 = LINE ( 'NONE', #294, #1647 ) ;
#9921 = AXIS2_PLACEMENT_3D ( 'NONE', #1524, #798, #1460 ) ;
#9922 = EDGE_CURVE ( 'NONE', #8634, #4599, #8127, .T. ) ;
#9923 = FACE_OUTER_BOUND ( 'NONE', #7797, .T. ) ;
#9924 = EDGE_LOOP ( 'NONE', ( #2328, #7079 ) ) ;
#9925 = EDGE_CURVE ( 'NONE', #10133, #1404, #3794, .T. ) ;
#9926 = DIRECTION ( 'NONE',  ( -0.000000000000000000, 0.000000000000000000, 1.000000000000000000 ) ) ;
#9927 = CARTESIAN_POINT ( 'NONE',  ( 26.50000000000007816, 147.5000000000001421, 11.50000000000001066 ) ) ;
#9928 = CARTESIAN_POINT ( 'NONE',  ( 27.05993492224975583, 54.34465942645915959, 6.527175101579310912 ) ) ;
#9929 = AXIS2_PLACEMENT_3D ( 'NONE', #4092, #9676, #178 ) ;
#9930 = FACE_OUTER_BOUND ( 'NONE', #2637, .T. ) ;
#9931 = DIRECTION ( 'NONE',  ( -1.000000000000000000, 0.000000000000000000, 2.609204460588635816E-49 ) ) ;
#9932 = LINE ( 'NONE', #4136, #6865 ) ;
#9933 = EDGE_LOOP ( 'NONE', ( #9188, #6274 ) ) ;
#9934 = EDGE_CURVE ( 'NONE', #7113, #6076, #2434, .T. ) ;
#9935 = CARTESIAN_POINT ( 'NONE',  ( 1095.000000000000000, 2.307652204411942469E-14, -1.492595706900107786E-28 ) ) ;
#9936 = EDGE_LOOP ( 'NONE', ( #5865, #908, #62, #8515 ) ) ;
#9937 = DIRECTION ( 'NONE',  ( 2.033782021272921061E-31, 5.176899690512889973E-31, -1.000000000000000000 ) ) ;
#9938 = AXIS2_PLACEMENT_3D ( 'NONE', #4329, #9829, #5136 ) ;
#9939 = CARTESIAN_POINT ( 'NONE',  ( 0.000000000000000000, 3.000000000000002665, -385.0000000000000000 ) ) ;
#9940 = CARTESIAN_POINT ( 'NONE',  ( 0.000000000000000000, 0.000000000000000000, 14.99999999999990230 ) ) ;
#9941 = MANIFOLD_SOLID_BREP ( 'Cortar-Extruir4', #5828 ) ;
#9942 = CIRCLE ( 'NONE', #2038, 3.000000000000002665 ) ;
#9943 = LINE ( 'NONE', #2820, #8470 ) ;
#9944 = VERTEX_POINT ( 'NONE', #10127 ) ;
#9945 = DIRECTION ( 'NONE',  ( 2.033782021272921061E-31, -5.176899690512889973E-31, -1.000000000000000000 ) ) ;
#9946 = PLANE ( 'NONE',  #10094 ) ;
#9947 = CIRCLE ( 'NONE', #7104, 7.500000000000000000 ) ;
#9948 = CARTESIAN_POINT ( 'NONE',  ( 390.0000000000000000, 294.9999999999998295, 0.000000000000000000 ) ) ;
#9949 = ORIENTED_EDGE ( 'NONE', *, *, #6228, .F. ) ;
#9950 = CIRCLE ( 'NONE', #945, 4.000000000000003553 ) ;
#9951 = ORIENTED_EDGE ( 'NONE', *, *, #1976, .T. ) ;
#9952 = DIRECTION ( 'NONE',  ( -3.136292949173481922E-19, 1.387778780781445676E-17, -1.000000000000000000 ) ) ;
#9953 = ADVANCED_FACE ( 'NONE', ( #3924 ), #602, .T. ) ;
#9954 = CARTESIAN_POINT ( 'NONE',  ( 70.50000000000009948, 81.00000000000001421, 15.00000000000001421 ) ) ;
#9955 = PLANE ( 'NONE',  #3295 ) ;
#9956 = CARTESIAN_POINT ( 'NONE',  ( 319.0000000000000000, 147.5000000000000853, 7.500000000000007105 ) ) ;
#9957 = CARTESIAN_POINT ( 'NONE',  ( 26.53877007360070195, 242.7135563649305539, -4.598059989243553858 ) ) ;
#9958 = ORIENTED_EDGE ( 'NONE', *, *, #9849, .F. ) ;
#9959 = ORIENTED_EDGE ( 'NONE', *, *, #7237, .T. ) ;
#9960 = CARTESIAN_POINT ( 'NONE',  ( 0.000000000000000000, 0.000000000000000000, 0.000000000000000000 ) ) ;
#9961 = ADVANCED_FACE ( 'NONE', ( #8733 ), #637, .F. ) ;
#9962 = EDGE_LOOP ( 'NONE', ( #4442, #3639, #9475, #4446 ) ) ;
#9963 = CARTESIAN_POINT ( 'NONE',  ( 390.0000000000000000, 0.000000000000000000, 0.000000000000000000 ) ) ;
#9964 = MECHANICAL_DESIGN_GEOMETRIC_PRESENTATION_REPRESENTATION (  '', ( #745 ), #8930 ) ;
#9965 = DIRECTION ( 'NONE',  ( -1.000000000000000000, 0.000000000000000000, -1.941925118803053938E-33 ) ) ;
#9966 = CARTESIAN_POINT ( 'NONE',  ( 458.4999999999998295, 243.5000000000000000, -15.00000000000001599 ) ) ;
#9967 = CARTESIAN_POINT ( 'NONE',  ( 788.9999999999998863, 237.9999999999999432, 15.00000000000001599 ) ) ;
#9968 = EDGE_LOOP ( 'NONE', ( #5916, #9659, #1246, #8804 ) ) ;
#9969 = DIRECTION ( 'NONE',  ( 1.000000000000000000, 0.000000000000000000, 0.000000000000000000 ) ) ;
#9971 = EDGE_LOOP ( 'NONE', ( #6780, #8747, #8034, #224 ) ) ;
#9970 = CIRCLE ( 'NONE', #1207, 2.499999999999891198 ) ;
#9972 = DIRECTION ( 'NONE',  ( 1.000000000000000000, 0.000000000000000000, 0.000000000000000000 ) ) ;
#9973 = VERTEX_POINT ( 'NONE', #6106 ) ;
#9974 = EDGE_CURVE ( 'NONE', #8236, #1017, #1827, .T. ) ;
#9975 = VECTOR ( 'NONE', #6664, 1000.000000000000000 ) ;
#9976 = ADVANCED_FACE ( 'NONE', ( #3174 ), #10051, .T. ) ;
#9977 = DIRECTION ( 'NONE',  ( 1.000000000000000000, -1.630885567871804709E-19, -2.586816884074944125E-49 ) ) ;
#9978 = CIRCLE ( 'NONE', #109, 3.000000000000004441 ) ;
#9979 = ORIENTED_EDGE ( 'NONE', *, *, #10183, .T. ) ;
#9980 = AXIS2_PLACEMENT_3D ( 'NONE', #5258, #535, #6783 ) ;
#9981 = CARTESIAN_POINT ( 'NONE',  ( 0.000000000000000000, 0.000000000000000000, 15.00000000000000711 ) ) ;
#9982 = EDGE_CURVE ( 'NONE', #5454, #6948, #3436, .T. ) ;
#9983 = EDGE_LOOP ( 'NONE', ( #9489, #258, #5043, #9161 ) ) ;
#9984 = ORIENTED_EDGE ( 'NONE', *, *, #3584, .T. ) ;
#9985 = PLANE ( 'NONE',  #4727 ) ;
#9986 = VECTOR ( 'NONE', #4053, 1000.000000000000000 ) ;
#9987 = AXIS2_PLACEMENT_3D ( 'NONE', #10076, #4548, #7708 ) ;
#9988 = ORIENTED_EDGE ( 'NONE', *, *, #9804, .F. ) ;
#9989 = PLANE ( 'NONE',  #8409 ) ;
#9990 = EDGE_CURVE ( 'NONE', #5466, #2866, #5660, .T. ) ;
#9991 = CARTESIAN_POINT ( 'NONE',  ( 376.0000000000000000, 174.5000000000001137, 3.999999999999996447 ) ) ;
#9992 = CARTESIAN_POINT ( 'NONE',  ( 26.61816012722153957, 244.8388876532380891, 10.19194513396329071 ) ) ;
#9993 = ORIENTED_EDGE ( 'NONE', *, *, #4747, .F. ) ;
#9994 = AXIS2_PLACEMENT_3D ( 'NONE', #4039, #3313, #936 ) ;
#9995 = PLANE ( 'NONE',  #7930 ) ;
#9996 = EDGE_CURVE ( 'NONE', #7336, #1834, #8986, .T. ) ;
#9997 = EDGE_LOOP ( 'NONE', ( #3067, #9273, #2825, #4482 ) ) ;
#9999 = ORIENTED_EDGE ( 'NONE', *, *, #5182, .F. ) ;
#9998 = SURFACE_STYLE_FILL_AREA ( #9521 ) ;
#10000 = DIRECTION ( 'NONE',  ( 0.000000000000000000, 1.000000000000000000, 0.000000000000000000 ) ) ;
#10001 = VERTEX_POINT ( 'NONE', #8479 ) ;
#10002 = ORIENTED_EDGE ( 'NONE', *, *, #5047, .T. ) ;
#10003 = DIRECTION ( 'NONE',  ( 2.033782021272921061E-31, -5.176899690512889973E-31, 1.000000000000000000 ) ) ;
#10004 = EDGE_LOOP ( 'NONE', ( #3383, #1002 ) ) ;
#10005 = DIRECTION ( 'NONE',  ( -2.033782021272921061E-31, -5.176899690512889973E-31, 1.000000000000000000 ) ) ;
#10006 = DIRECTION ( 'NONE',  ( -9.069527945153567696E-19, -1.000000000000000000, 6.938893903907225296E-18 ) ) ;
#10007 = CARTESIAN_POINT ( 'NONE',  ( 0.000000000000000000, 274.9999999999998863, 15.00000000000001421 ) ) ;
#10008 = DIRECTION ( 'NONE',  ( 1.000000000000000000, 0.000000000000000000, -2.609204460588635816E-49 ) ) ;
#10009 = EDGE_CURVE ( 'NONE', #4893, #8236, #7144, .T. ) ;
#10010 = DIRECTION ( 'NONE',  ( 2.033782021272921061E-31, 5.176899690512889973E-31, -1.000000000000000000 ) ) ;
#10012 = EDGE_LOOP ( 'NONE', ( #9222, #2841, #9539, #3689 ) ) ;
#10011 = LINE ( 'NONE', #2889, #3487 ) ;
#10013 = ORIENTED_EDGE ( 'NONE', *, *, #7896, .F. ) ;
#10014 = LINE ( 'NONE', #6453, #9768 ) ;
#10015 = DIRECTION ( 'NONE',  ( 3.136292949173481922E-19, 1.387778780781445676E-17, -1.000000000000000000 ) ) ;
#10016 = FILL_AREA_STYLE_COLOUR ( '', #444 ) ;
#10017 = EDGE_LOOP ( 'NONE', ( #9896, #7965, #8136, #145 ) ) ;
#10018 = CARTESIAN_POINT ( 'NONE',  ( 382.0000000000000000, 51.49999999999999289, 15.00000000000001421 ) ) ;
#10019 = ADVANCED_FACE ( 'NONE', ( #8491 ), #3265, .T. ) ;
#10020 = VECTOR ( 'NONE', #6724, 1000.000000000000000 ) ;
#10021 = DIRECTION ( 'NONE',  ( 0.000000000000000000, 0.000000000000000000, -1.000000000000000000 ) ) ;
#10022 = VECTOR ( 'NONE', #400, 1000.000000000000000 ) ;
#10023 = DIRECTION ( 'NONE',  ( -1.000000000000000000, -5.600273556634003027E-19, 3.136292949173481922E-19 ) ) ;
#10024 = ORIENTED_EDGE ( 'NONE', *, *, #4652, .F. ) ;
#10025 = DIRECTION ( 'NONE',  ( 1.000000000000000000, 5.600273556634003027E-19, -3.136292949173481922E-19 ) ) ;
#10026 =( GEOMETRIC_REPRESENTATION_CONTEXT ( 3 ) GLOBAL_UNCERTAINTY_ASSIGNED_CONTEXT ( ( #4587 ) ) GLOBAL_UNIT_ASSIGNED_CONTEXT ( ( #4159, #5800, #7382 ) ) REPRESENTATION_CONTEXT ( 'NONE', 'WORKASPACE' ) );
#10027 = CARTESIAN_POINT ( 'NONE',  ( 332.4999999999998863, 147.5000000000000853, 3.500000000000003109 ) ) ;
#10028 = DIRECTION ( 'NONE',  ( -2.609204460588635816E-49, 0.000000000000000000, 1.000000000000000000 ) ) ;
#10029 = FACE_BOUND ( 'NONE', #6398, .T. ) ;
#10030 = CARTESIAN_POINT ( 'NONE',  ( 27.11724640868084890, 54.47984812762067008, 7.100776920094537203 ) ) ;
#10031 = ADVANCED_FACE ( 'NONE', ( #8377 ), #888, .F. ) ;
#10032 = VERTEX_POINT ( 'NONE', #5559 ) ;
#10033 = DIRECTION ( 'NONE',  ( 2.033782021272921061E-31, 5.176899690512889973E-31, 1.000000000000000000 ) ) ;
#10034 = CARTESIAN_POINT ( 'NONE',  ( 725.0000000000001137, 243.5000000000000000, -3.000000000000002665 ) ) ;
#10035 = EDGE_CURVE ( 'NONE', #6753, #5764, #7876, .T. ) ;
#10036 = DIRECTION ( 'NONE',  ( 2.609204460588635816E-49, 0.000000000000000000, -1.000000000000000000 ) ) ;
#10037 = CYLINDRICAL_SURFACE ( 'NONE', #6493, 3.000000000000004441 ) ;
#10038 = DIRECTION ( 'NONE',  ( -0.000000000000000000, 0.000000000000000000, 1.000000000000000000 ) ) ;
#10039 = LINE ( 'NONE', #5170, #7470 ) ;
#10040 = ORIENTED_EDGE ( 'NONE', *, *, #5387, .F. ) ;
#10041 = AXIS2_PLACEMENT_3D ( 'NONE', #2895, #8302, #445 ) ;
#10042 = CARTESIAN_POINT ( 'NONE',  ( 26.84650438807688744, 49.24212524357239573, 5.515134118303094191 ) ) ;
#10043 = PLANE ( 'NONE',  #3527 ) ;
#10044 =( NAMED_UNIT ( * ) SI_UNIT ( $, .STERADIAN. ) SOLID_ANGLE_UNIT ( ) );
#10045 = DIRECTION ( 'NONE',  ( -5.600273556634000138E-19, -1.000000000000000000, 6.938893903907225296E-18 ) ) ;
#10046 = DIRECTION ( 'NONE',  ( -1.000000000000000000, 0.000000000000000000, -0.000000000000000000 ) ) ;
#10047 = LINE ( 'NONE', #7033, #7964 ) ;
#10048 = ORIENTED_EDGE ( 'NONE', *, *, #5484, .F. ) ;
#10049 = CARTESIAN_POINT ( 'NONE',  ( 331.6538778094335385, 144.0356442730429478, 9.516200785132637563 ) ) ;
#10050 = DIRECTION ( 'NONE',  ( -1.000000000000000000, 0.000000000000000000, 0.000000000000000000 ) ) ;
#10051 = PLANE ( 'NONE',  #9085 ) ;
#10052 = ORIENTED_EDGE ( 'NONE', *, *, #827, .T. ) ;
#10053 = CARTESIAN_POINT ( 'NONE',  ( 8.000000000000007105, 243.5000000000000284, 14.99999999999990230 ) ) ;
#10054 = AXIS2_PLACEMENT_3D ( 'NONE', #3890, #9270, #2190 ) ;
#10055 = EDGE_CURVE ( 'NONE', #2601, #5054, #6892, .T. ) ;
#10056 = LINE ( 'NONE', #2398, #6980 ) ;
#10057 = DIRECTION ( 'NONE',  ( 1.000000000000000000, 0.000000000000000000, 0.000000000000000000 ) ) ;
#10058 = EDGE_CURVE ( 'NONE', #9507, #2558, #4171, .T. ) ;
#10059 = CIRCLE ( 'NONE', #7019, 3.000000000000002665 ) ;
#10060 = EDGE_LOOP ( 'NONE', ( #7285, #5319 ) ) ;
#10061 = CARTESIAN_POINT ( 'NONE',  ( 331.7964291248334234, 150.6755989919710146, 9.945902851269428524 ) ) ;
#10062 = DIRECTION ( 'NONE',  ( 0.000000000000000000, 0.000000000000000000, 1.000000000000000000 ) ) ;
#10063 = DIRECTION ( 'NONE',  ( 0.000000000000000000, -1.000000000000000000, 0.000000000000000000 ) ) ;
#10064 =( GEOMETRIC_REPRESENTATION_CONTEXT ( 3 ) GLOBAL_UNCERTAINTY_ASSIGNED_CONTEXT ( ( #9317 ) ) GLOBAL_UNIT_ASSIGNED_CONTEXT ( ( #2153, #1093, #6626 ) ) REPRESENTATION_CONTEXT ( 'NONE', 'WORKASPACE' ) );
#10065 = ADVANCED_FACE ( 'NONE', ( #5789 ), #6390, .F. ) ;
#10066 = DIRECTION ( 'NONE',  ( -2.107444935536021046E-17, 1.000000000000000000, -5.176899690512889973E-31 ) ) ;
#10067 = VECTOR ( 'NONE', #5357, 1000.000000000000000 ) ;
#10068 = EDGE_CURVE ( 'NONE', #2601, #1963, #209, .T. ) ;
#10069 = DIRECTION ( 'NONE',  ( -1.941925118803054280E-33, 0.000000000000000000, -1.000000000000000000 ) ) ;
#10070 = LINE ( 'NONE', #8064, #9824 ) ;
#10071 = AXIS2_PLACEMENT_3D ( 'NONE', #639, #6838, #2092 ) ;
#10072 = ORIENTED_EDGE ( 'NONE', *, *, #9286, .T. ) ;
#10073 = CLOSED_SHELL ( 'NONE', ( #980, #9868, #3149, #542, #4703, #7258, #4386, #7354, #5432, #7461, #5948, #8726, #4569, #7302, #8323, #4875, #77, #139, #3729, #2926, #8905, #4778, #5135, #7904, #8848, #7149, #7699, #9261, #8122, #10065, #7205, #6002, #2774, #8175, #2620, #823, #3775, #2362, #4922, #6296, #6633, #3884, #7604, #1181, #5601, #8801, #5805, #9976, #1748, #9053, #5021, #4135, #2939, #7655, #9613, #2155, #720, #1598, #4138, #3301, #5171 ) ) ;
#10074 = DIRECTION ( 'NONE',  ( -1.000000000000000000, 0.000000000000000000, 0.000000000000000000 ) ) ;
#10075 = VERTEX_POINT ( 'NONE', #6368 ) ;
#10076 = CARTESIAN_POINT ( 'NONE',  ( 1095.000000000000000, 295.0000000000000000, 15.00000000000001599 ) ) ;
#10077 = FILL_AREA_STYLE ('',( #9297 ) ) ;
#10078 = FACE_OUTER_BOUND ( 'NONE', #208, .T. ) ;
#10079 = EDGE_CURVE ( 'NONE', #1369, #8549, #2185, .T. ) ;
#10080 = VECTOR ( 'NONE', #2467, 1000.000000000000000 ) ;
#10081 = ORIENTED_EDGE ( 'NONE', *, *, #1817, .F. ) ;
#10082 = ADVANCED_FACE ( 'NONE', ( #5544, #576, #4551 ), #9572, .T. ) ;
#10083 = CARTESIAN_POINT ( 'NONE',  ( 27.11761345425389536, 246.4806986175382804, -7.893850990699347925 ) ) ;
#10084 = CARTESIAN_POINT ( 'NONE',  ( 332.4999999999998863, 147.5000000000000853, 3.500000000000003109 ) ) ;
#10085 = CARTESIAN_POINT ( 'NONE',  ( 0.000000000000000000, 85.25000000000004263, 4.000000000000003553 ) ) ;
#10086 = DIRECTION ( 'NONE',  ( -0.000000000000000000, 0.000000000000000000, 1.000000000000000000 ) ) ;
#10087 = DIRECTION ( 'NONE',  ( -1.000000000000000000, 0.000000000000000000, 0.000000000000000000 ) ) ;
#10088 = VERTEX_POINT ( 'NONE', #6302 ) ;
#10090 = ORIENTED_EDGE ( 'NONE', *, *, #2747, .F. ) ;
#10089 = FACE_OUTER_BOUND ( 'NONE', #6796, .T. ) ;
#10091 = DIRECTION ( 'NONE',  ( 2.033782021272921061E-31, -5.176899690512889973E-31, -1.000000000000000000 ) ) ;
#10092 = ORIENTED_EDGE ( 'NONE', *, *, #5406, .T. ) ;
#10093 = EDGE_LOOP ( 'NONE', ( #3015, #1052, #8262, #2504, #9594, #457 ) ) ;
#10094 = AXIS2_PLACEMENT_3D ( 'NONE', #8412, #4383, #1436 ) ;
#10095 = CARTESIAN_POINT ( 'NONE',  ( 332.3636064091180629, 148.9291139005075024, 11.23826187340999283 ) ) ;
#10096 = ORIENTED_EDGE ( 'NONE', *, *, #8900, .T. ) ;
#10097 = PLANE ( 'NONE',  #3125 ) ;
#10098 = CARTESIAN_POINT ( 'NONE',  ( 333.9999999999999432, 243.5000000000001137, 7.499999999999951150 ) ) ;
#10099 = VECTOR ( 'NONE', #130, 1000.000000000000000 ) ;
#10100 = SURFACE_STYLE_FILL_AREA ( #1909 ) ;
#10102 = ORIENTED_EDGE ( 'NONE', *, *, #332, .T. ) ;
#10101 = VECTOR ( 'NONE', #2937, 1000.000000000000000 ) ;
#10103 = CARTESIAN_POINT ( 'NONE',  ( 0.000000000000000000, -7.765349535769339163E-30, 15.00000000000001599 ) ) ;
#10104 = ORIENTED_EDGE ( 'NONE', *, *, #2985, .F. ) ;
#10105 = EDGE_CURVE ( 'NONE', #4550, #6074, #6146, .T. ) ;
#10106 = AXIS2_PLACEMENT_3D ( 'NONE', #8399, #10003, #6089 ) ;
#10107 = ORIENTED_EDGE ( 'NONE', *, *, #8944, .F. ) ;
#10108 = ORIENTED_EDGE ( 'NONE', *, *, #70, .F. ) ;
#10109 = CARTESIAN_POINT ( 'NONE',  ( 1055.000000000000000, 243.5000000000000000, -7.499999999999949374 ) ) ;
#10110 = FACE_OUTER_BOUND ( 'NONE', #7564, .T. ) ;
#10111 = CARTESIAN_POINT ( 'NONE',  ( 0.000000000000000000, 3.000000000000002665, 0.000000000000000000 ) ) ;
#10113 = ORIENTED_EDGE ( 'NONE', *, *, #6464, .F. ) ;
#10112 = CYLINDRICAL_SURFACE ( 'NONE', #2951, 3.000000000000002665 ) ;
#10114 = CARTESIAN_POINT ( 'NONE',  ( 27.11735865457624328, 48.51989426940056660, 7.102674861040627619 ) ) ;
#10115 = EDGE_LOOP ( 'NONE', ( #6438, #5964 ) ) ;
#10116 = EDGE_CURVE ( 'NONE', #4527, #793, #1937, .T. ) ;
#10117 = DIRECTION ( 'NONE',  ( 2.033782021272921061E-31, 5.176899690512889973E-31, -1.000000000000000000 ) ) ;
#10118 =( NAMED_UNIT ( * ) PLANE_ANGLE_UNIT ( ) SI_UNIT ( $, .RADIAN. ) );
#10119 = VERTEX_POINT ( 'NONE', #7075 ) ;
#10120 = AXIS2_PLACEMENT_3D ( 'NONE', #4631, #10091, #8632 ) ;
#10121 = LINE ( 'NONE', #4282, #3831 ) ;
#10122 = CARTESIAN_POINT ( 'NONE',  ( 26.53866026112599386, 244.2847269419484633, -10.40221692132197440 ) ) ;
#10123 = EDGE_CURVE ( 'NONE', #7196, #1546, #4037, .T. ) ;
#10124 = EDGE_LOOP ( 'NONE', ( #3146, #1965, #721, #8060, #8278 ) ) ;
#10125 = ORIENTED_EDGE ( 'NONE', *, *, #5736, .T. ) ;
#10126 = AXIS2_PLACEMENT_3D ( 'NONE', #9294, #9361, #4641 ) ;
#10127 = CARTESIAN_POINT ( 'NONE',  ( 362.4999999999998863, 51.49999999999999289, -3.000000000000002665 ) ) ;
#10128 = CARTESIAN_POINT ( 'NONE',  ( 71.00000000000004263, 145.0000000000001705, 0.000000000000000000 ) ) ;
#10129 = ORIENTED_EDGE ( 'NONE', *, *, #5629, .T. ) ;
#10130 = AXIS2_PLACEMENT_3D ( 'NONE', #7892, #8714, #4052 ) ;
#10131 = DIRECTION ( 'NONE',  ( -0.000000000000000000, 0.000000000000000000, 1.000000000000000000 ) ) ;
#10133 = VERTEX_POINT ( 'NONE', #7857 ) ;
#10132 = LINE ( 'NONE', #3597, #7310 ) ;
#10134 = VERTEX_POINT ( 'NONE', #2432 ) ;
#10135 = EDGE_CURVE ( 'NONE', #3241, #8287, #4287, .T. ) ;
#10136 = EDGE_LOOP ( 'NONE', ( #2231, #4449 ) ) ;
#10137 = CARTESIAN_POINT ( 'NONE',  ( 332.0913089723238159, 149.9524175836322968, 4.329310456765018245 ) ) ;
#10138 = VERTEX_POINT ( 'NONE', #7960 ) ;
#10139 = AXIS2_PLACEMENT_3D ( 'NONE', #10103, #10066, #4670 ) ;
#10140 = ORIENTED_EDGE ( 'NONE', *, *, #1653, .F. ) ;
#10141 = ADVANCED_FACE ( 'NONE', ( #9213 ), #2670, .F. ) ;
#10142 = EDGE_CURVE ( 'NONE', #8950, #13, #4419, .T. ) ;
#10143 = ADVANCED_BREP_SHAPE_REPRESENTATION ( '', ( #3373, #3788 ), #6735 ) ;
#10145 = EDGE_LOOP ( 'NONE', ( #5556, #2949, #1301, #7841 ) ) ;
#10144 = VECTOR ( 'NONE', #3179, 1000.000000000000000 ) ;
#10146 = DIRECTION ( 'NONE',  ( 8.441837551339287274E-51, 0.000000000000000000, -1.000000000000000000 ) ) ;
#10147 = VECTOR ( 'NONE', #2340, 1000.000000000000000 ) ;
#10148 = CARTESIAN_POINT ( 'NONE',  ( 359.0000000000000000, -2.465190328815661892E-29, 15.00000000000001421 ) ) ;
#10149 = ORIENTED_EDGE ( 'NONE', *, *, #7363, .F. ) ;
#10150 = EDGE_LOOP ( 'NONE', ( #3438, #5217, #1340, #7073 ) ) ;
#10151 = DIRECTION ( 'NONE',  ( 2.033782021272921061E-31, 5.176899690512889973E-31, -1.000000000000000000 ) ) ;
#10152 = DIRECTION ( 'NONE',  ( 1.000000000000000000, 0.000000000000000000, -2.609204460588635816E-49 ) ) ;
#10153 = DIRECTION ( 'NONE',  ( 2.033782021272921061E-31, 5.176899690512889973E-31, 1.000000000000000000 ) ) ;
#10154 = EDGE_CURVE ( 'NONE', #1822, #5349, #1319, .T. ) ;
#10155 = LINE ( 'NONE', #5679, #20 ) ;
#10156 = DIRECTION ( 'NONE',  ( 2.033782021272921061E-31, 5.176899690512889973E-31, 1.000000000000000000 ) ) ;
#10157 = SURFACE_STYLE_USAGE ( .BOTH. , #5382 ) ;
#10158 = LINE ( 'NONE', #4016, #890 ) ;
#10159 = ORIENTED_EDGE ( 'NONE', *, *, #6234, .T. ) ;
#10160 = DIRECTION ( 'NONE',  ( -5.600273556634000138E-19, -1.000000000000000000, -1.387778780781445676E-17 ) ) ;
#10161 = CARTESIAN_POINT ( 'NONE',  ( 331.4719811109523562, 143.7082925380454981, 6.199188799058560129 ) ) ;
#10162 = PLANE ( 'NONE',  #6044 ) ;
#10163 = CARTESIAN_POINT ( 'NONE',  ( 0.000000000000000000, 44.62500000000013500, 4.000000000000003553 ) ) ;
#10164 = CARTESIAN_POINT ( 'NONE',  ( 238.0000000000003126, 48.99999999999998579, 15.00000000000001421 ) ) ;
#10165 = LINE ( 'NONE', #780, #2016 ) ;
#10166 = LINE ( 'NONE', #3374, #657 ) ;
#10167 = CYLINDRICAL_SURFACE ( 'NONE', #6027, 7.500000000000000000 ) ;
#10168 = ORIENTED_EDGE ( 'NONE', *, *, #3534, .T. ) ;
#10169 = CONTEXT_DEPENDENT_SHAPE_REPRESENTATION ( #4920, #1452 ) ;
#10170 = DIRECTION ( 'NONE',  ( 1.000000000000000000, 0.000000000000000000, 0.000000000000000000 ) ) ;
#10171 = DIRECTION ( 'NONE',  ( -1.000000000000000000, 7.590943252506637819E-32, -2.033782021272921061E-31 ) ) ;
#10172 = AXIS2_PLACEMENT_3D ( 'NONE', #2805, #9945, #1303 ) ;
#10173 = CARTESIAN_POINT ( 'NONE',  ( 314.0000000000003979, 247.0000000000003411, 9.000000000000007105 ) ) ;
#10174 = DIRECTION ( 'NONE',  ( -0.000000000000000000, 0.000000000000000000, 1.000000000000000000 ) ) ;
#10175 = ADVANCED_FACE ( 'NONE', ( #5780 ), #7135, .F. ) ;
#10176 = LINE ( 'NONE', #7262, #1047 ) ;
#10177 = CARTESIAN_POINT ( 'NONE',  ( 26.50801907271200619, 51.10278166976893033, -10.48010897860940993 ) ) ;
#10178 = VECTOR ( 'NONE', #842, 1000.000000000000000 ) ;
#10179 = ORIENTED_EDGE ( 'NONE', *, *, #8496, .T. ) ;
#10180 = CONTEXT_DEPENDENT_SHAPE_REPRESENTATION ( #8193, #3099 ) ;
#10181 = DIRECTION ( 'NONE',  ( -1.000000000000000000, 2.041077998578924066E-17, -2.259514891400699422E-33 ) ) ;
#10182 = ORIENTED_EDGE ( 'NONE', *, *, #9455, .F. ) ;
#10183 = EDGE_CURVE ( 'NONE', #8024, #8157, #9950, .T. ) ;
#10184 = SURFACE_STYLE_USAGE ( .BOTH. , #3877 ) ;
#10185 = FACE_OUTER_BOUND ( 'NONE', #3360, .T. ) ;
#10186 = AXIS2_PLACEMENT_3D ( 'NONE', #766, #797, #829 ) ;
#10187 = CARTESIAN_POINT ( 'NONE',  ( 93.00000000000002842, 147.5000000000000000, 15.00000000000001421 ) ) ;
#10188 = EDGE_CURVE ( 'NONE', #7193, #114, #4161, .T. ) ;
#10189 = CIRCLE ( 'NONE', #9181, 3.000000000000002665 ) ;
#10190 = CLOSED_SHELL ( 'NONE', ( #8374, #480, #9001, #1302, #2123, #2326, #8430, #7357, #8493, #1851, #10175, #2524, #9502, #924, #1241, #6651, #3617, #9450, #7506, #1698, #3361, #4192, #7403, #6932, #9367, #6878, #6789, #8603, #4028, #927, #6347, #7553, #9137, #4242, #6577, #3758, #6822, #2572, #6529, #8079, #8740, #3652, #975, #6115, #3830, #7869, #10019, #2044, #8443, #7664, #3469, #1756, #2100, #3204, #5081, #5223, #2689, #1954, #2312, #9519, #3519 ) ) ;
#10191 = PRESENTATION_STYLE_ASSIGNMENT (( #3116 ) ) ;
#10192 =( NAMED_UNIT ( * ) SI_UNIT ( $, .STERADIAN. ) SOLID_ANGLE_UNIT ( ) );
#10193 = EDGE_LOOP ( 'NONE', ( #3772, #3484, #9588, #5875 ) ) ;
#10194 = ADVANCED_FACE ( 'NONE', ( #2173 ), #9464, .F. ) ;
#10195 = DIRECTION ( 'NONE',  ( 3.136292949173481922E-19, 1.387778780781445676E-17, -1.000000000000000000 ) ) ;
#10196 = CARTESIAN_POINT ( 'NONE',  ( 27.05993492224975583, 246.3446594264592022, -6.527175101579313576 ) ) ;
#10197 = AXIS2_PLACEMENT_3D ( 'NONE', #1718, #959, #2545 ) ;
#10198 = CARTESIAN_POINT ( 'NONE',  ( 331.7962305678200892, 144.3239803881587591, 9.945347753197676610 ) ) ;
#10199 = VECTOR ( 'NONE', #7521, 1000.000000000000114 ) ;
#10200 = CARTESIAN_POINT ( 'NONE',  ( 0.000000000000000000, 0.000000000000000000, 0.000000000000000000 ) ) ;
#10201 = FACE_OUTER_BOUND ( 'NONE', #1727, .T. ) ;
#10202 = ORIENTED_EDGE ( 'NONE', *, *, #4470, .F. ) ;
#10203 = EDGE_CURVE ( 'NONE', #7530, #976, #7384, .T. ) ;
#10204 = DIRECTION ( 'NONE',  ( -0.000000000000000000, 0.000000000000000000, 1.000000000000000000 ) ) ;
#10205 = AXIS2_PLACEMENT_3D ( 'NONE', #9157, #482, #9186 ) ;
#10206 = EDGE_CURVE ( 'NONE', #8254, #9291, #5282, .T. ) ;
#10207 = CIRCLE ( 'NONE', #3457, 2.499999999999946709 ) ;
#10208 = DIRECTION ( 'NONE',  ( 2.033782021272921061E-31, 5.176899690512889973E-31, -1.000000000000000000 ) ) ;
#10209 = DIRECTION ( 'NONE',  ( -1.000000000000000000, -9.130123557772660939E-17, 0.000000000000000000 ) ) ;
#10210 = ORIENTED_EDGE ( 'NONE', *, *, #8565, .T. ) ;
#10211 = SHAPE_REPRESENTATION_RELATIONSHIP ( 'NONE' , 'NONE' ,  #1245, #4903 ) ;
#10212 = VERTEX_POINT ( 'NONE', #8859 ) ;
#10213 = CARTESIAN_POINT ( 'NONE',  ( 7.767700475212223963E-33, 147.5000000000000284, 11.50000000000001066 ) ) ;
#10214 = VERTEX_POINT ( 'NONE', #948 ) ;
#10215 = VERTEX_POINT ( 'NONE', #1780 ) ;
#10216 = CARTESIAN_POINT ( 'NONE',  ( 375.9999999999999432, 85.25000000000015632, 3.999999999999996447 ) ) ;
#10217 = EDGE_CURVE ( 'NONE', #74, #8634, #568, .T. ) ;
#10218 = CARTESIAN_POINT ( 'NONE',  ( 1015.499999999999659, 237.9999999999999432, 15.00000000000001421 ) ) ;
#10219 = VERTEX_POINT ( 'NONE', #4156 ) ;
#10220 = PLANE ( 'NONE',  #2307 ) ;
#10221 = FACE_OUTER_BOUND ( 'NONE', #5473, .T. ) ;
#10222 = ORIENTED_EDGE ( 'NONE', *, *, #8411, .T. ) ;
#10223 = DIRECTION ( 'NONE',  ( -8.441837551339287274E-51, 0.000000000000000000, 1.000000000000000000 ) ) ;
#10224 = ORIENTED_EDGE ( 'NONE', *, *, #6749, .F. ) ;
#10225 = CARTESIAN_POINT ( 'NONE',  ( 377.8431732198498025, -135.0000000000000000, 62.00000000000100187 ) ) ;
#10226 = EDGE_CURVE ( 'NONE', #2309, #2618, #8978, .T. ) ;
#10227 = EDGE_LOOP ( 'NONE', ( #108, #2920, #1206, #9143 ) ) ;
#10228 = ORIENTED_EDGE ( 'NONE', *, *, #336, .F. ) ;
#10229 = ADVANCED_FACE ( 'NONE', ( #951 ), #107, .F. ) ;
#10230 = DIRECTION ( 'NONE',  ( 2.033782021272921061E-31, 5.176899690512889973E-31, 1.000000000000000000 ) ) ;
#10231 = ORIENTED_EDGE ( 'NONE', *, *, #857, .T. ) ;
#10232 = DIRECTION ( 'NONE',  ( 1.000000000000000000, 0.000000000000000000, 0.000000000000000000 ) ) ;
#10233 = FILL_AREA_STYLE_COLOUR ( '', #28 ) ;
#10234 = CARTESIAN_POINT ( 'NONE',  ( 728.0000000000001137, 147.5000000000000000, 15.00000000000001599 ) ) ;
#10235 = AXIS2_PLACEMENT_3D ( 'NONE', #871, #9692, #2489 ) ;
#10236 = DIRECTION ( 'NONE',  ( 1.000000000000000000, 0.000000000000000000, -2.609204460588628979E-49 ) ) ;
#10237 = LINE ( 'NONE', #7348, #9975 ) ;
#10239 = VERTEX_POINT ( 'NONE', #9599 ) ;
#10238 = VECTOR ( 'NONE', #9285, 1000.000000000000000 ) ;
#10240 = DIRECTION ( 'NONE',  ( -1.000000000000000000, 0.000000000000000000, 0.000000000000000000 ) ) ;
#10241 = AXIS2_PLACEMENT_3D ( 'NONE', #1668, #3989, #4049 ) ;
#10242 = EDGE_LOOP ( 'NONE', ( #4563, #7899, #3563, #5841 ) ) ;
#10243 = AXIS2_PLACEMENT_3D ( 'NONE', #4352, #7490, #5040 ) ;
#10244 = VERTEX_POINT ( 'NONE', #4965 ) ;
#1413 = CIRCLE ( 'NONE', #6977, 2.499999999999946709 ) ;
#10246 = NEXT_ASSEMBLY_USAGE_OCCURRENCE ( 'NAUO1', ' ', ' ', #9350, #8494, $ ) ;
#10247 = NEXT_ASSEMBLY_USAGE_OCCURRENCE ( 'NAUO2', ' ', ' ', #9350, #8827, $ ) ;
#10248 = NEXT_ASSEMBLY_USAGE_OCCURRENCE ( 'NAUO3', ' ', ' ', #9350, #5325, $ ) ;
#10249 = NEXT_ASSEMBLY_USAGE_OCCURRENCE ( 'NAUO4', ' ', ' ', #9350, #8304, $ ) ;
#10250 = NEXT_ASSEMBLY_USAGE_OCCURRENCE ( 'NAUO5', ' ', ' ', #9350, #7962, $ ) ;
#10251 = NEXT_ASSEMBLY_USAGE_OCCURRENCE ( 'NAUO6', ' ', ' ', #9350, #2277, $ ) ;
#10252 = NEXT_ASSEMBLY_USAGE_OCCURRENCE ( 'NAUO7', ' ', ' ', #9350, #2797, $ ) ;
#10253 = NEXT_ASSEMBLY_USAGE_OCCURRENCE ( 'NAUO8', ' ', ' ', #9350, #4407, $ ) ;
#10254 = NEXT_ASSEMBLY_USAGE_OCCURRENCE ( 'NAUO9', ' ', ' ', #9350, #2661, $ ) ;
#10255 = NEXT_ASSEMBLY_USAGE_OCCURRENCE ( 'NAUO10', ' ', ' ', #9350, #3332, $ ) ;
#10256 = NEXT_ASSEMBLY_USAGE_OCCURRENCE ( 'NAUO11', ' ', ' ', #9350, #3332, $ ) ;
#10257 = NEXT_ASSEMBLY_USAGE_OCCURRENCE ( 'NAUO12', ' ', ' ', #9350, #3332, $ ) ;
#10258 = NEXT_ASSEMBLY_USAGE_OCCURRENCE ( 'NAUO13', ' ', ' ', #9350, #3332, $ ) ;
ENDSEC;
END-ISO-10303-21;
