ISO-10303-21;
HEADER;
FILE_DESCRIPTION (( 'STEP AP214' ),
    '1' );
FILE_NAME ('A372080-MESA GRANDE_BAJA.STEP',
    '2026-05-29T11:20:05',
    ( '' ),
    ( '' ),
    'SwSTEP 2.0',
    'SolidWorks 2018',
    '' );
FILE_SCHEMA (( 'AUTOMOTIVE_DESIGN' ));
ENDSEC;

DATA;
#1 = EDGE_CURVE ( 'NONE', #874, #1508, #2941, .T. ) ;
#2 = AXIS2_PLACEMENT_3D ( 'NONE', #2231, #1269, #71 ) ;
#3 = AXIS2_PLACEMENT_3D ( 'NONE', #1255, #2252, #810 ) ;
#4 = VERTEX_POINT ( 'NONE', #569 ) ;
#5 = LINE ( 'NONE', #49, #2786 ) ;
#6 = DIRECTION ( 'NONE',  ( -1.000000000000000000, 0.000000000000000000, 0.000000000000000000 ) ) ;
#7 = ORIENTED_EDGE ( 'NONE', *, *, #228, .T. ) ;
#8 = CARTESIAN_POINT ( 'NONE',  ( 605.4102452137265118, 43.00000000000003553, 15.50000000000000355 ) ) ;
#9 = ADVANCED_FACE ( 'NONE', ( #1367 ), #816, .F. ) ;
#10 = CARTESIAN_POINT ( 'NONE',  ( 602.8164347729644987, 0.000000000000000000, 0.000000000000000000 ) ) ;
#11 = CARTESIAN_POINT ( 'NONE',  ( 0.000000000000000000, 0.000000000000000000, 0.000000000000000000 ) ) ;
#12 = DIRECTION ( 'NONE',  ( 1.000000000000000000, 0.000000000000000000, 0.000000000000000000 ) ) ;
#13 =( NAMED_UNIT ( * ) SI_UNIT ( $, .STERADIAN. ) SOLID_ANGLE_UNIT ( ) );
#14 = PLANE ( 'NONE',  #91 ) ;
#15 = DIRECTION ( 'NONE',  ( 0.000000000000000000, -3.421138828917998273E-49, -1.000000000000000000 ) ) ;
#16 = ORIENTED_EDGE ( 'NONE', *, *, #2541, .F. ) ;
#17 = ORIENTED_EDGE ( 'NONE', *, *, #274, .F. ) ;
#18 = DIRECTION ( 'NONE',  ( 0.000000000000000000, -1.000000000000000000, 0.000000000000000000 ) ) ;
#19 = ORIENTED_EDGE ( 'NONE', *, *, #2237, .T. ) ;
#20 = VERTEX_POINT ( 'NONE', #579 ) ;
#21 =( BOUNDED_CURVE ( )  B_SPLINE_CURVE ( 3, ( #2694, #1246, #2923, #62 ),
 .UNSPECIFIED., .F., .F. ) 
 B_SPLINE_CURVE_WITH_KNOTS ( ( 4, 4 ),
 ( 4.712388980384689674, 7.853981633974482790 ),
 .UNSPECIFIED. ) 
 CURVE ( )  GEOMETRIC_REPRESENTATION_ITEM ( )  RATIONAL_B_SPLINE_CURVE ( ( 1.000000000000000000, 0.3333333333333333703, 0.3333333333333333703, 1.000000000000000000 ) ) 
 REPRESENTATION_ITEM ( '' )  );
#22 = AXIS2_PLACEMENT_3D ( 'NONE', #1911, #952, #1427 ) ;
#23 = EDGE_LOOP ( 'NONE', ( #1168, #231, #3041, #1314 ) ) ;
#24 = DIRECTION ( 'NONE',  ( 0.000000000000000000, 1.577721810442023611E-30, 1.000000000000000000 ) ) ;
#25 = ADVANCED_FACE ( 'NONE', ( #1525 ), #380, .F. ) ;
#26 = VERTEX_POINT ( 'NONE', #2522 ) ;
#27 = CARTESIAN_POINT ( 'NONE',  ( -200.8819175290904298, 330.4742485072871432, 49.99999999999999289 ) ) ;
#28 = CARTESIAN_POINT ( 'NONE',  ( 2.499999999999956923, -262.0000000000000000, 15.00000000000001421 ) ) ;
#29 = CARTESIAN_POINT ( 'NONE',  ( 0.000000000000000000, 0.000000000000000000, 0.000000000000000000 ) ) ;
#30 = EDGE_CURVE ( 'NONE', #2473, #3029, #1850, .T. ) ;
#31 = DIRECTION ( 'NONE',  ( 0.000000000000000000, 0.000000000000000000, 1.000000000000000000 ) ) ;
#32 = CYLINDRICAL_SURFACE ( 'NONE', #1023, 2.500000000000002220 ) ;
#33 = CARTESIAN_POINT ( 'NONE',  ( 310.3164347729646693, 43.00000000000009237, 4.000000000000225597 ) ) ;
#34 = EDGE_CURVE ( 'NONE', #2498, #2792, #2990, .T. ) ;
#35 = VECTOR ( 'NONE', #832, 1000.000000000000000 ) ;
#36 =( NAMED_UNIT ( * ) PLANE_ANGLE_UNIT ( ) SI_UNIT ( $, .RADIAN. ) );
#37 = CARTESIAN_POINT ( 'NONE',  ( 316.3164347729647830, 43.00000000000009237, 4.000000000000225597 ) ) ;
#38 = CARTESIAN_POINT ( 'NONE',  ( 278.4999999999999432, 49.99999999999998579, 12.50000000000000000 ) ) ;
#39 = CARTESIAN_POINT ( 'NONE',  ( 577.9990113148179489, 13.45378665116273176, 9.330483797775347199 ) ) ;
#40 = VERTEX_POINT ( 'NONE', #368 ) ;
#41 = CARTESIAN_POINT ( 'NONE',  ( 604.4061895592379869, 49.00000000000004263, 9.499999999999996447 ) ) ;
#42 = ADVANCED_FACE ( 'NONE', ( #463 ), #1756, .F. ) ;
#43 = CYLINDRICAL_SURFACE ( 'NONE', #606, 3.000000000000058176 ) ;
#44 = CARTESIAN_POINT ( 'NONE',  ( 605.4102452137265118, 43.00000000000003553, 15.50000000000000355 ) ) ;
#45 = VERTEX_POINT ( 'NONE', #2535 ) ;
#46 = EDGE_LOOP ( 'NONE', ( #2472, #1516 ) ) ;
#47 = CARTESIAN_POINT ( 'NONE',  ( 0.000000000000000000, 49.99999999999998579, 25.00000000000000000 ) ) ;
#48 = VECTOR ( 'NONE', #199, 1000.000000000000000 ) ;
#49 = CARTESIAN_POINT ( 'NONE',  ( 278.4999999999999432, 0.000000000000000000, 25.00000000000006395 ) ) ;
#50 = AXIS2_PLACEMENT_3D ( 'NONE', #2717, #984, #1978 ) ;
#51 =( NAMED_UNIT ( * ) SI_UNIT ( $, .STERADIAN. ) SOLID_ANGLE_UNIT ( ) );
#52 =( NAMED_UNIT ( * ) SI_UNIT ( $, .STERADIAN. ) SOLID_ANGLE_UNIT ( ) );
#53 = PRODUCT_DEFINITION_SHAPE ( 'NONE', 'NONE',  #3130 ) ;
#54 = DIRECTION ( 'NONE',  ( 0.000000000000000000, -3.421138828917998273E-49, -1.000000000000000000 ) ) ;
#55 = EDGE_LOOP ( 'NONE', ( #1230, #2551 ) ) ;
#56 = CARTESIAN_POINT ( 'NONE',  ( 578.3936978283818462, 10.46554508151796981, 8.527039594063888117 ) ) ;
#57 = DIRECTION ( 'NONE',  ( -1.000000000000000000, 0.000000000000000000, 0.000000000000000000 ) ) ;
#58 = ADVANCED_FACE ( 'NONE', ( #684, #2642 ), #1328, .T. ) ;
#59 = EDGE_LOOP ( 'NONE', ( #2959, #1093, #710, #914 ) ) ;
#60 =( LENGTH_UNIT ( ) NAMED_UNIT ( * ) SI_UNIT ( .MILLI., .METRE. ) );
#61 =( GEOMETRIC_REPRESENTATION_CONTEXT ( 3 ) GLOBAL_UNCERTAINTY_ASSIGNED_CONTEXT ( ( #2147 ) ) GLOBAL_UNIT_ASSIGNED_CONTEXT ( ( #1503, #2485, #289 ) ) REPRESENTATION_CONTEXT ( 'NONE', 'WORKASPACE' ) );
#62 = CARTESIAN_POINT ( 'NONE',  ( 2.091782613517723100, 42.99999999999998579, 12.50000000000000000 ) ) ;
#63 = DIRECTION ( 'NONE',  ( -0.000000000000000000, 3.421138828917998273E-49, 1.000000000000000000 ) ) ;
#64 = VERTEX_POINT ( 'NONE', #1089 ) ;
#65 = EDGE_CURVE ( 'NONE', #1857, #2273, #541, .T. ) ;
#66 = VERTEX_POINT ( 'NONE', #1338 ) ;
#67 = CARTESIAN_POINT ( 'NONE',  ( 5.551115123125782702E-14, -262.0000000000000000, 15.00000000000001421 ) ) ;
#68 = CARTESIAN_POINT ( 'NONE',  ( 278.4999999999999432, 0.000000000000000000, 4.510281037539698445E-14 ) ) ;
#69 = AXIS2_PLACEMENT_3D ( 'NONE', #354, #1569, #591 ) ;
#70 = CARTESIAN_POINT ( 'NONE',  ( 578.2970256809130660, 9.689871220456128142, 8.711568962158867890 ) ) ;
#71 = DIRECTION ( 'NONE',  ( 0.000000000000000000, 0.000000000000000000, -1.000000000000000000 ) ) ;
#72 = VECTOR ( 'NONE', #2682, 1000.000000000000000 ) ;
#73 = ORIENTED_EDGE ( 'NONE', *, *, #959, .F. ) ;
#74 = CARTESIAN_POINT ( 'NONE',  ( 582.0000000000000000, 11.00000000000001066, 12.50000000000000000 ) ) ;
#75 = CARTESIAN_POINT ( 'NONE',  ( 29.29458677156769397, 21.82604047568103312, 10.05198909968955334 ) ) ;
#76 = DIRECTION ( 'NONE',  ( 1.000000000000000000, 0.000000000000000000, 0.000000000000000000 ) ) ;
#77 = LINE ( 'NONE', #2301, #647 ) ;
#78 = EDGE_CURVE ( 'NONE', #1572, #2758, #807, .T. ) ;
#79 = CIRCLE ( 'NONE', #457, 7.500000000000062172 ) ;
#80 = DIRECTION ( 'NONE',  ( 0.000000000000000000, 0.000000000000000000, 1.000000000000000000 ) ) ;
#81 = SURFACE_STYLE_FILL_AREA ( #642 ) ;
#82 = CARTESIAN_POINT ( 'NONE',  ( 28.70327183958940509, 40.31150282275483221, 16.28783713253771737 ) ) ;
#83 = ORIENTED_EDGE ( 'NONE', *, *, #889, .F. ) ;
#84 = DIRECTION ( 'NONE',  ( 1.000000000000000000, 0.000000000000000000, 0.000000000000000000 ) ) ;
#85 = CARTESIAN_POINT ( 'NONE',  ( 577.9276618300330028, 8.351309016949361563, 15.50831425655693963 ) ) ;
#86 = DIRECTION ( 'NONE',  ( -0.1650476058606802909, 0.000000000000000000, 0.9862856015372311047 ) ) ;
#87 = DIRECTION ( 'NONE',  ( -0.000000000000000000, 3.421138828917998273E-49, 1.000000000000000000 ) ) ;
#88 = MANIFOLD_SOLID_BREP ( 'Cortar-Extruir1', #2392 ) ;
#89 = ORIENTED_EDGE ( 'NONE', *, *, #93, .F. ) ;
#90 = FACE_OUTER_BOUND ( 'NONE', #837, .T. ) ;
#91 = AXIS2_PLACEMENT_3D ( 'NONE', #290, #1478, #1489 ) ;
#92 = ORIENTED_EDGE ( 'NONE', *, *, #3105, .F. ) ;
#93 = EDGE_CURVE ( 'NONE', #1206, #1491, #2348, .T. ) ;
#94 = CARTESIAN_POINT ( 'NONE',  ( 607.0000000000000000, 49.99999999999998579, 25.00000000000000000 ) ) ;
#95 = CARTESIAN_POINT ( 'NONE',  ( 0.000000000000000000, -262.0000000000000000, 3.000000000000002665 ) ) ;
#96 = DIRECTION ( 'NONE',  ( 1.000000000000000000, 0.000000000000000000, 0.000000000000000000 ) ) ;
#97 = DIRECTION ( 'NONE',  ( 0.000000000000000000, 3.421138828917998273E-49, 1.000000000000000000 ) ) ;
#98 = APPLICATION_CONTEXT ( 'automotive_design' ) ;
#99 = CARTESIAN_POINT ( 'NONE',  ( 577.9990113148179489, 13.45378665116272998, 9.330483797775345423 ) ) ;
#100 = CARTESIAN_POINT ( 'NONE',  ( 0.000000000000000000, 0.000000000000000000, 0.000000000000000000 ) ) ;
#101 = DIRECTION ( 'NONE',  ( 0.000000000000000000, 1.577721810442023611E-30, 1.000000000000000000 ) ) ;
#102 = ORIENTED_EDGE ( 'NONE', *, *, #1671, .T. ) ;
#103 = ORIENTED_EDGE ( 'NONE', *, *, #1002, .F. ) ;
#104 = CARTESIAN_POINT ( 'NONE',  ( 582.0000000000000000, 43.00000000000003553, 15.50000000000000355 ) ) ;
#105 = DIRECTION ( 'NONE',  ( 1.000000000000000000, 0.000000000000000000, 0.000000000000000000 ) ) ;
#106 = ORIENTED_EDGE ( 'NONE', *, *, #918, .F. ) ;
#107 = B_SPLINE_CURVE_WITH_KNOTS ( 'NONE', 3,
 ( #1054, #2494, #1033, #2471, #2931, #2264, #1042, #2508, #2711, #324, #2738, #2750, #2953, #1301, #835, #2724, #1528, #1291 ),
 .UNSPECIFIED., .F., .F.,
 ( 4, 2, 2, 2, 2, 2, 2, 2, 4 ),
 ( 0.000000000000000000, 0.0007979731463790331334, 0.001595946292758066267, 0.002393919439137099509, 0.003191892585516132533, 0.003989865731895165558, 0.004787838878274199017, 0.005585812024653231608, 0.006383785171032265067 ),
 .UNSPECIFIED. ) ;
#108 = EDGE_CURVE ( 'NONE', #338, #45, #1709, .T. ) ;
#109 = CARTESIAN_POINT ( 'NONE',  ( 328.5000000000000000, 0.000000000000000000, 12.49999999999998046 ) ) ;
#110 = ORIENTED_EDGE ( 'NONE', *, *, #1886, .F. ) ;
#111 = VERTEX_POINT ( 'NONE', #2326 ) ;
#112 = APPLICATION_CONTEXT ( 'automotive_design' ) ;
#113 = CARTESIAN_POINT ( 'NONE',  ( 1.665334536937734811E-13, 1.110223024625156540E-13, 25.00000000000014566 ) ) ;
#114 = CARTESIAN_POINT ( 'NONE',  ( 28.60594935993822574, 24.46967417956427582, 8.526373254672920510 ) ) ;
#115 = CARTESIAN_POINT ( 'NONE',  ( 29.00099735712524662, 36.54605742684429970, 15.66952574076846716 ) ) ;
#116 = ORIENTED_EDGE ( 'NONE', *, *, #831, .F. ) ;
#117 = ADVANCED_FACE ( 'NONE', ( #2355, #2504 ), #878, .F. ) ;
#118 = PRESENTATION_STYLE_ASSIGNMENT (( #2919 ) ) ;
#119 = EDGE_CURVE ( 'NONE', #3073, #930, #1073, .T. ) ;
#120 = DIRECTION ( 'NONE',  ( 1.000000000000000000, 0.000000000000000000, 0.000000000000000000 ) ) ;
#121 = AXIS2_PLACEMENT_3D ( 'NONE', #29, #2212, #318 ) ;
#122 = CARTESIAN_POINT ( 'NONE',  ( 605.4102452137265118, 43.00000000000003553, 15.50000000000000355 ) ) ;
#123 = FACE_OUTER_BOUND ( 'NONE', #629, .T. ) ;
#124 = DIRECTION ( 'NONE',  ( 0.000000000000000000, -3.421138828917998273E-49, -1.000000000000000000 ) ) ;
#125 = CONTEXT_DEPENDENT_SHAPE_REPRESENTATION ( #3004, #709 ) ;
#126 = LINE ( 'NONE', #1987, #538 ) ;
#127 = FACE_OUTER_BOUND ( 'NONE', #388, .T. ) ;
#128 = VECTOR ( 'NONE', #1795, 999.9999999999998863 ) ;
#129 = EDGE_LOOP ( 'NONE', ( #1499, #2407, #2386, #2223, #529, #724 ) ) ;
#130 = VECTOR ( 'NONE', #2706, 1000.000000000000000 ) ;
#131 = B_SPLINE_CURVE_WITH_KNOTS ( 'NONE', 3,
 ( #2586, #1394, #1875, #2134, #2842, #3043, #3062, #906, #1627, #1163, #2813, #171, #1891, #2123, #3070, #402, #2826, #159, #928, #1620, #1143, #1646 ),
 .UNSPECIFIED., .F., .F.,
 ( 4, 2, 2, 2, 2, 2, 2, 2, 2, 2, 4 ),
 ( 0.006383785171032265067, 0.006782186978548427995, 0.007180588786064590924, 0.007977392401096912444, 0.008774196016129234832, 0.009570999631161555485, 0.01036780324619387614, 0.01116460686122619853, 0.01156300866874235278, 0.01196141047625850357, 0.01275821409129080861 ),
 .UNSPECIFIED. ) ;
#132 = CARTESIAN_POINT ( 'NONE',  ( 28.59178261351764405, 38.99999999999997868, 8.500000000000000000 ) ) ;
#133 = VECTOR ( 'NONE', #12, 1000.000000000000000 ) ;
#134 = PRESENTATION_LAYER_ASSIGNMENT (  '', '', ( #1755 ) ) ;
#135 = ADVANCED_FACE ( 'NONE', ( #1214 ), #2903, .F. ) ;
#136 = ORIENTED_EDGE ( 'NONE', *, *, #2747, .F. ) ;
#137 = ORIENTED_EDGE ( 'NONE', *, *, #1401, .T. ) ;
#138 = CARTESIAN_POINT ( 'NONE',  ( 2.091782613517795930, 21.00000000000007816, 12.50000000000019185 ) ) ;
#139 = LINE ( 'NONE', #2345, #1917 ) ;
#140 = AXIS2_PLACEMENT_3D ( 'NONE', #67, #1253, #298 ) ;
#141 = CARTESIAN_POINT ( 'NONE',  ( 330.0000000000000568, 50.00000000000009948, 0.000000000000000000 ) ) ;
#142 = CARTESIAN_POINT ( 'NONE',  ( 28.64751129545834019, 38.07801258838642156, 8.605429682291468652 ) ) ;
#143 = ORIENTED_EDGE ( 'NONE', *, *, #959, .T. ) ;
#144 = DIRECTION ( 'NONE',  ( 0.000000000000000000, 1.577721810442023611E-30, 1.000000000000000000 ) ) ;
#145 = ORIENTED_EDGE ( 'NONE', *, *, #2108, .F. ) ;
#146 = ADVANCED_FACE ( 'NONE', ( #2510 ), #1098, .F. ) ;
#147 = ORIENTED_EDGE ( 'NONE', *, *, #2071, .T. ) ;
#148 = CARTESIAN_POINT ( 'NONE',  ( 0.000000000000000000, 0.000000000000000000, 4.000000000000000000 ) ) ;
#149 = EDGE_CURVE ( 'NONE', #2074, #509, #1350, .T. ) ;
#150 = DIRECTION ( 'NONE',  ( 0.000000000000000000, -1.577721810442023611E-30, -1.000000000000000000 ) ) ;
#151 = CARTESIAN_POINT ( 'NONE',  ( 577.9263097186724281, 13.65225727307044323, 15.50517054499699654 ) ) ;
#152 = SHAPE_REPRESENTATION_RELATIONSHIP ( 'NONE' , 'NONE' ,  #895, #2015 ) ;
#153 = UNCERTAINTY_MEASURE_WITH_UNIT (LENGTH_MEASURE( 1.000000000000000082E-05 ), #2009, 'distance_accuracy_value', 'NONE');
#154 = ORIENTED_EDGE ( 'NONE', *, *, #754, .T. ) ;
#155 = FACE_OUTER_BOUND ( 'NONE', #3080, .T. ) ;
#156 = CARTESIAN_POINT ( 'NONE',  ( 28.59178261351769734, 25.00000000000002132, 8.500000000000163425 ) ) ;
#157 = CARTESIAN_POINT ( 'NONE',  ( 3.095838268006238625, 10.00000000000000355, 6.500000000000000000 ) ) ;
#158 = LINE ( 'NONE', #1866, #2461 ) ;
#159 = CARTESIAN_POINT ( 'NONE',  ( 28.66488182868793189, 37.94761769708892984, 8.638657134186965791 ) ) ;
#160 = ORIENTED_EDGE ( 'NONE', *, *, #2572, .T. ) ;
#161 = ORIENTED_EDGE ( 'NONE', *, *, #2869, .T. ) ;
#162 = DIRECTION ( 'NONE',  ( -0.1650476058606802909, 0.000000000000000000, 0.9862856015372311047 ) ) ;
#163 = LINE ( 'NONE', #1771, #723 ) ;
#164 = DIRECTION ( 'NONE',  ( 0.000000000000000000, 0.000000000000000000, 1.000000000000000000 ) ) ;
#165 = CARTESIAN_POINT ( 'NONE',  ( 325.8164347729646124, 1.110223024625156540E-13, 25.00000000000014566 ) ) ;
#166 = EDGE_LOOP ( 'NONE', ( #1927, #1118 ) ) ;
#167 = DIRECTION ( 'NONE',  ( 1.000000000000000000, 0.000000000000000000, 0.000000000000000000 ) ) ;
#168 = CYLINDRICAL_SURFACE ( 'NONE', #2507, 7.500000000000000000 ) ;
#169 = ORIENTED_EDGE ( 'NONE', *, *, #1848, .F. ) ;
#170 = PLANE ( 'NONE',  #836 ) ;
#171 = CARTESIAN_POINT ( 'NONE',  ( 29.07175070078361045, 36.35287026676834898, 9.490327869594210597 ) ) ;
#172 = MECHANICAL_DESIGN_GEOMETRIC_PRESENTATION_REPRESENTATION (  '', ( #1635 ), #490 ) ;
#173 = CARTESIAN_POINT ( 'NONE',  ( -2.500000000000193179, 262.0000000000001705, 3.000000000000002665 ) ) ;
#174 = EDGE_CURVE ( 'NONE', #66, #781, #2066, .T. ) ;
#175 = CARTESIAN_POINT ( 'NONE',  ( 607.0000000000000000, 49.99999999999998579, 0.000000000000000000 ) ) ;
#176 = CARTESIAN_POINT ( 'NONE',  ( 29.22155315176864576, 21.98536119522280785, 15.14150112943589477 ) ) ;
#177 = VERTEX_POINT ( 'NONE', #216 ) ;
#178 = VERTEX_POINT ( 'NONE', #3085 ) ;
#179 = CARTESIAN_POINT ( 'NONE',  ( 0.000000000000000000, 0.000000000000000000, 25.00000000000000000 ) ) ;
#180 = CARTESIAN_POINT ( 'NONE',  ( 0.000000000000000000, 0.000000000000000000, 25.00000000000000000 ) ) ;
#181 = VERTEX_POINT ( 'NONE', #1173 ) ;
#182 = EDGE_LOOP ( 'NONE', ( #2636, #1981, #1026, #3047 ) ) ;
#183 = EDGE_LOOP ( 'NONE', ( #137, #1731, #2305, #1361 ) ) ;
#184 = DIRECTION ( 'NONE',  ( 0.000000000000000000, 3.421138828917998273E-49, 1.000000000000000000 ) ) ;
#185 = ORIENTED_EDGE ( 'NONE', *, *, #1284, .F. ) ;
#186 = CARTESIAN_POINT ( 'NONE',  ( 28.86611352528598218, 22.97743333064390825, 15.96077327222552711 ) ) ;
#187 = COLOUR_RGB ( '',1.000000000000000000, 1.000000000000000000, 1.000000000000000000 ) ;
#188 = CARTESIAN_POINT ( 'NONE',  ( 2.091782613517723100, 4.000000000000007105, 12.50000000000000000 ) ) ;
#189 = DIRECTION ( 'NONE',  ( 0.000000000000000000, 0.000000000000000000, 1.000000000000000000 ) ) ;
#190 = CYLINDRICAL_SURFACE ( 'NONE', #1037, 3.000000000000058176 ) ;
#191 = CARTESIAN_POINT ( 'NONE',  ( 28.80587122597501448, 40.79649522949680573, 8.916375090017602645 ) ) ;
#192 = CARTESIAN_POINT ( 'NONE',  ( 36.09178261351764405, 38.99999999999997868, 25.00000000000000000 ) ) ;
#193 = AXIS2_PLACEMENT_3D ( 'NONE', #1517, #2004, #2952 ) ;
#194 = FACE_OUTER_BOUND ( 'NONE', #1916, .T. ) ;
#195 = DIRECTION ( 'NONE',  ( -6.938893903907225912E-17, 0.000000000000000000, -1.000000000000000000 ) ) ;
#196 = VECTOR ( 'NONE', #1209, 1000.000000000000000 ) ;
#197 = EDGE_LOOP ( 'NONE', ( #2413, #2506, #427, #443, #1814, #1968 ) ) ;
#198 = FACE_OUTER_BOUND ( 'NONE', #2425, .T. ) ;
#199 = DIRECTION ( 'NONE',  ( 0.000000000000000000, 0.000000000000000000, 1.000000000000000000 ) ) ;
#200 = CARTESIAN_POINT ( 'NONE',  ( 1.087726959029226004, 10.00000000000001066, 18.50000000000000355 ) ) ;
#201 = EDGE_CURVE ( 'NONE', #522, #2897, #3056, .T. ) ;
#202 = FACE_OUTER_BOUND ( 'NONE', #1169, .T. ) ;
#203 = ORIENTED_EDGE ( 'NONE', *, *, #1388, .F. ) ;
#204 = LINE ( 'NONE', #750, #375 ) ;
#205 = DIRECTION ( 'NONE',  ( 0.000000000000000000, 3.421138828917998273E-49, 1.000000000000000000 ) ) ;
#206 = EDGE_CURVE ( 'NONE', #1896, #1941, #2688, .T. ) ;
#207 = DIRECTION ( 'NONE',  ( 0.000000000000000000, 0.000000000000000000, 1.000000000000000000 ) ) ;
#208 = CARTESIAN_POINT ( 'NONE',  ( 578.2718237956006533, 9.570886099492554422, 16.23826187340997151 ) ) ;
#209 = PRODUCT_DEFINITION_SHAPE ( 'NONE', 'NONE',  #3129 ) ;
#210 = ORIENTED_EDGE ( 'NONE', *, *, #2340, .F. ) ;
#211 = PLANE ( 'NONE',  #2435 ) ;
#212 = AXIS2_PLACEMENT_3D ( 'NONE', #432, #184, #2128 ) ;
#213 = EDGE_LOOP ( 'NONE', ( #2167, #743, #2593, #185, #1859, #325, #1237 ) ) ;
#214 = CARTESIAN_POINT ( 'NONE',  ( 29.22202585386834883, 28.01571754999836017, 9.859719283697184977 ) ) ;
#215 = VERTEX_POINT ( 'NONE', #349 ) ;
#216 = CARTESIAN_POINT ( 'NONE',  ( 29.74749384329293989, 29.00000000000002132, 12.50000000000019185 ) ) ;
#217 = COLOUR_RGB ( '',1.000000000000000000, 1.000000000000000000, 1.000000000000000000 ) ;
#218 = MANIFOLD_SOLID_BREP ( 'Cortar-Extruir6', #770 ) ;
#219 = DIRECTION ( 'NONE',  ( 1.000000000000000000, 0.000000000000000000, 0.000000000000000000 ) ) ;
#220 = CARTESIAN_POINT ( 'NONE',  ( 29.43737285495719291, 42.46329251201851918, 14.51783804385861920 ) ) ;
#221 = CARTESIAN_POINT ( 'NONE',  ( 2.499999999999915623, 262.0000000000001705, 15.00000000000001421 ) ) ;
#222 = AXIS2_PLACEMENT_3D ( 'NONE', #1382, #902, #669 ) ;
#223 = CARTESIAN_POINT ( 'NONE',  ( 316.3164347729646124, 43.00000000000009237, 25.00000000000002132 ) ) ;
#224 = LINE ( 'NONE', #521, #397 ) ;
#225 = CARTESIAN_POINT ( 'NONE',  ( 36.09178261351764405, 38.99999999999997868, 25.00000000000000000 ) ) ;
#226 = PRODUCT_DEFINITION_CONTEXT ( 'detailed design', #2257, 'design' ) ;
#227 = SHAPE_DEFINITION_REPRESENTATION ( #899, #942 ) ;
#228 = EDGE_CURVE ( 'NONE', #1229, #977, #1799, .T. ) ;
#229 = VECTOR ( 'NONE', #493, 1000.000000000000000 ) ;
#230 = VERTEX_POINT ( 'NONE', #2351 ) ;
#231 = ORIENTED_EDGE ( 'NONE', *, *, #1940, .F. ) ;
#232 = AXIS2_PLACEMENT_3D ( 'NONE', #2382, #1417, #2141 ) ;
#233 = DIRECTION ( 'NONE',  ( 1.000000000000000000, 0.000000000000000000, 0.000000000000000000 ) ) ;
#234 = FACE_OUTER_BOUND ( 'NONE', #2008, .T. ) ;
#235 = CARTESIAN_POINT ( 'NONE',  ( 577.3812678807076963, 7.210121799584539914, 13.80594695335907574 ) ) ;
#236 = ORIENTED_EDGE ( 'NONE', *, *, #262, .T. ) ;
#237 = CARTESIAN_POINT ( 'NONE',  ( 28.59178261351763695, 25.00000000000002132, 16.50000000000016698 ) ) ;
#238 = CIRCLE ( 'NONE', #1411, 3.000000000000058176 ) ;
#239 = EDGE_CURVE ( 'NONE', #2463, #1889, #582, .T. ) ;
#240 = ORIENTED_EDGE ( 'NONE', *, *, #965, .F. ) ;
#241 = DIRECTION ( 'NONE',  ( 1.000000000000000000, 0.000000000000000000, 0.000000000000000000 ) ) ;
#242 = DIRECTION ( 'NONE',  ( 0.1650476058606760166, 0.000000000000000000, 0.9862856015372317708 ) ) ;
#243 = DIRECTION ( 'NONE',  ( 0.000000000000000000, 0.000000000000000000, 1.000000000000000000 ) ) ;
#244 = CARTESIAN_POINT ( 'NONE',  ( 36.09178261351770090, 25.00000000000002132, 25.00000000000014566 ) ) ;
#245 = CARTESIAN_POINT ( 'NONE',  ( 43.59178261351770090, 25.00000000000002132, 25.00000000000014566 ) ) ;
#246 = ORIENTED_EDGE ( 'NONE', *, *, #1622, .T. ) ;
#247 = ORIENTED_EDGE ( 'NONE', *, *, #1455, .F. ) ;
#248 = AXIS2_PLACEMENT_3D ( 'NONE', #308, #528, #1032 ) ;
#249 = EDGE_CURVE ( 'NONE', #875, #1833, #1805, .T. ) ;
#250 = CARTESIAN_POINT ( 'NONE',  ( 28.66196648058208396, 40.05642295508203432, 8.632936008553560470 ) ) ;
#251 = ADVANCED_FACE ( 'NONE', ( #503 ), #2027, .F. ) ;
#252 = EDGE_LOOP ( 'NONE', ( #7, #364, #1145, #2891 ) ) ;
#253 = CARTESIAN_POINT ( 'NONE',  ( 570.9082173864823062, 11.00000000000001066, 4.000000000000003553 ) ) ;
#254 = ORIENTED_EDGE ( 'NONE', *, *, #1, .T. ) ;
#255 = ORIENTED_EDGE ( 'NONE', *, *, #3105, .T. ) ;
#256 = CARTESIAN_POINT ( 'NONE',  ( 4.183565227035446199, 0.000000000000000000, 2.185751579730776939E-13 ) ) ;
#257 = CARTESIAN_POINT ( 'NONE',  ( 604.2388469501564714, 19.00000000000001066, 8.499999999999998224 ) ) ;
#258 = VERTEX_POINT ( 'NONE', #1714 ) ;
#259 = DIRECTION ( 'NONE',  ( 0.000000000000000000, 1.577721810442023611E-30, 1.000000000000000000 ) ) ;
#260 = CARTESIAN_POINT ( 'NONE',  ( 24.99999999999999289, 7.000000000000006217, 12.50000000000000000 ) ) ;
#261 = COLOUR_RGB ( '',1.000000000000000000, 1.000000000000000000, 1.000000000000000000 ) ;
#262 = EDGE_CURVE ( 'NONE', #1180, #719, #1068, .T. ) ;
#263 = DIRECTION ( 'NONE',  ( 0.9862856015372309937, -0.1650476058606803464, 1.599053071052707179E-19 ) ) ;
#264 = DIRECTION ( 'NONE',  ( 0.000000000000000000, -1.577721810442023611E-30, -1.000000000000000000 ) ) ;
#265 = ITEM_DEFINED_TRANSFORMATION ( 'NONE', 'NONE', #2337,  #2791 ) ;
#266 = FACE_OUTER_BOUND ( 'NONE', #23, .T. ) ;
#267 = CARTESIAN_POINT ( 'NONE',  ( 605.5775878228079137, 11.00000000000001066, 16.50000000000000000 ) ) ;
#268 = VECTOR ( 'NONE', #2465, 1000.000000000000000 ) ;
#269 = ADVANCED_FACE ( 'NONE', ( #2578 ), #1221, .T. ) ;
#270 = PLANE ( 'NONE',  #675 ) ;
#271 = CYLINDRICAL_SURFACE ( 'NONE', #1331, 7.500000000000062172 ) ;
#272 = ORIENTED_EDGE ( 'NONE', *, *, #2772, .T. ) ;
#273 = CIRCLE ( 'NONE', #69, 3.000000000000058176 ) ;
#274 = EDGE_CURVE ( 'NONE', #2090, #2734, #1144, .T. ) ;
#275 = AXIS2_PLACEMENT_3D ( 'NONE', #113, #2753, #1308 ) ;
#276 = AXIS2_PLACEMENT_3D ( 'NONE', #244, #2848, #1415 ) ;
#277 = CARTESIAN_POINT ( 'NONE',  ( 98.50000000000099476, 330.4742485072871432, 299.3819175290902308 ) ) ;
#278 = FACE_OUTER_BOUND ( 'NONE', #1056, .T. ) ;
#279 = DIRECTION ( 'NONE',  ( 1.000000000000000000, 0.000000000000000000, 0.000000000000000000 ) ) ;
#280 = ORIENTED_EDGE ( 'NONE', *, *, #943, .T. ) ;
#281 = CARTESIAN_POINT ( 'NONE',  ( 315.8164347729645556, 11.00000000000006573, 25.00000000000002132 ) ) ;
#282 = VECTOR ( 'NONE', #999, 1000.000000000000000 ) ;
#283 = CARTESIAN_POINT ( 'NONE',  ( 578.3935463012303444, 11.53658858356963002, 16.47267639197880484 ) ) ;
#284 = DIRECTION ( 'NONE',  ( 0.000000000000000000, -1.577721810442023611E-30, -1.000000000000000000 ) ) ;
#285 = DIRECTION ( 'NONE',  ( 0.000000000000000000, -1.000000000000000000, 0.000000000000000000 ) ) ;
#286 = CARTESIAN_POINT ( 'NONE',  ( 578.4082173864824199, 11.00000000000001066, 25.00000000000000000 ) ) ;
#287 = CARTESIAN_POINT ( 'NONE',  ( 28.59178261351764405, 38.99999999999997868, 8.500000000000000000 ) ) ;
#288 = ADVANCED_FACE ( 'NONE', ( #497 ), #428, .F. ) ;
#289 =( NAMED_UNIT ( * ) SI_UNIT ( $, .STERADIAN. ) SOLID_ANGLE_UNIT ( ) );
#290 = CARTESIAN_POINT ( 'NONE',  ( 328.5000000000000000, 0.000000000000000000, 25.00000000000004974 ) ) ;
#291 = MECHANICAL_DESIGN_GEOMETRIC_PRESENTATION_REPRESENTATION (  '', ( #1755 ), #775 ) ;
#292 = CARTESIAN_POINT ( 'NONE',  ( 328.5000000000000000, 0.000000000000000000, 25.00000000000004974 ) ) ;
#293 = CARTESIAN_POINT ( 'NONE',  ( 577.5616114989006746, 14.46524145935668848, 10.48547972337030210 ) ) ;
#294 = EDGE_LOOP ( 'NONE', ( #2361, #2311, #2620, #2446, #3078, #413, #89 ) ) ;
#295 = DIRECTION ( 'NONE',  ( 1.000000000000000000, 0.000000000000000000, 0.000000000000000000 ) ) ;
#296 = EDGE_CURVE ( 'NONE', #894, #744, #2519, .T. ) ;
#297 = ORIENTED_EDGE ( 'NONE', *, *, #3007, .F. ) ;
#298 = DIRECTION ( 'NONE',  ( 1.000000000000000000, 0.000000000000000000, 0.000000000000000000 ) ) ;
#299 = AXIS2_PLACEMENT_3D ( 'NONE', #1483, #80, #1972 ) ;
#300 = ORIENTED_EDGE ( 'NONE', *, *, #2477, .F. ) ;
#301 = FILL_AREA_STYLE_COLOUR ( '', #217 ) ;
#302 = DIRECTION ( 'NONE',  ( -1.000000000000000000, 0.000000000000000000, 3.816391647148972156E-16 ) ) ;
#303 = CARTESIAN_POINT ( 'NONE',  ( 582.0000000000000000, 43.00000000000003553, 12.50000000000000000 ) ) ;
#304 = CARTESIAN_POINT ( 'NONE',  ( 604.2388469501564714, 3.000000000000009770, 8.500000000000001776 ) ) ;
#305 = AXIS2_PLACEMENT_3D ( 'NONE', #1119, #3045, #162 ) ;
#306 = ADVANCED_FACE ( 'NONE', ( #1944 ), #2986, .F. ) ;
#307 = CIRCLE ( 'NONE', #3071, 7.500000000000000000 ) ;
#308 = CARTESIAN_POINT ( 'NONE',  ( 36.09178261351764405, 38.99999999999997868, 25.00000000000000000 ) ) ;
#309 = CARTESIAN_POINT ( 'NONE',  ( 604.4061895592379869, 43.00000000000003553, 9.499999999999998224 ) ) ;
#310 = FACE_OUTER_BOUND ( 'NONE', #1395, .T. ) ;
#311 = CARTESIAN_POINT ( 'NONE',  ( 577.9265437782935351, 8.348363745476891751, 9.494287997055465667 ) ) ;
#312 = DIRECTION ( 'NONE',  ( 1.000000000000000000, 0.000000000000000000, 0.000000000000000000 ) ) ;
#313 = SHAPE_DEFINITION_REPRESENTATION ( #2403, #3014 ) ;
#314 = EDGE_CURVE ( 'NONE', #1117, #1590, #813, .T. ) ;
#315 = CYLINDRICAL_SURFACE ( 'NONE', #563, 3.000000000000000888 ) ;
#316 = SURFACE_STYLE_USAGE ( .BOTH. , #2199 ) ;
#317 = ORIENTED_EDGE ( 'NONE', *, *, #314, .T. ) ;
#318 = DIRECTION ( 'NONE',  ( 1.000000000000000000, 0.000000000000000000, 0.000000000000000000 ) ) ;
#319 = DIRECTION ( 'NONE',  ( 0.000000000000000000, 0.000000000000000000, 1.000000000000000000 ) ) ;
#320 = ORIENTED_EDGE ( 'NONE', *, *, #108, .F. ) ;
#321 = FACE_OUTER_BOUND ( 'NONE', #2261, .T. ) ;
#322 = EDGE_CURVE ( 'NONE', #1678, #1572, #888, .T. ) ;
#323 = CARTESIAN_POINT ( 'NONE',  ( 29.22003124181042466, 42.01119220578762281, 15.14544852637297545 ) ) ;
#324 = CARTESIAN_POINT ( 'NONE',  ( 29.22155315176861023, 35.98536119522273680, 15.14150112943570115 ) ) ;
#325 = ORIENTED_EDGE ( 'NONE', *, *, #2772, .F. ) ;
#326 = CARTESIAN_POINT ( 'NONE',  ( 577.4958029760092586, 7.412901510213158573, 14.28924527204659967 ) ) ;
#327 = CYLINDRICAL_SURFACE ( 'NONE', #276, 7.500000000000000000 ) ;
#328 = PLANE ( 'NONE',  #934 ) ;
#329 = ADVANCED_FACE ( 'NONE', ( #2834 ), #2281, .F. ) ;
#330 = DIRECTION ( 'NONE',  ( 0.000000000000000000, 0.000000000000000000, 1.000000000000000000 ) ) ;
#331 = PLANE ( 'NONE',  #1817 ) ;
#332 = CARTESIAN_POINT ( 'NONE',  ( 578.4082173864824199, 11.26935691232881531, 8.499999999999996447 ) ) ;
#333 =( BOUNDED_CURVE ( )  B_SPLINE_CURVE ( 3, ( #1745, #504, #2669, #2904 ),
 .UNSPECIFIED., .F., .T. ) 
 B_SPLINE_CURVE_WITH_KNOTS ( ( 4, 4 ),
 ( 4.712388980384689674, 7.853981633974482790 ),
 .UNSPECIFIED. ) 
 CURVE ( )  GEOMETRIC_REPRESENTATION_ITEM ( )  RATIONAL_B_SPLINE_CURVE ( ( 1.000000000000000000, 0.3333333333333333703, 0.3333333333333333703, 1.000000000000000000 ) ) 
 REPRESENTATION_ITEM ( '' )  );
#334 = CARTESIAN_POINT ( 'NONE',  ( -1.110223024625156540E-13, 262.0000000000001705, 15.00000000000001421 ) ) ;
#335 = CARTESIAN_POINT ( 'NONE',  ( 28.59178261351763339, 39.26910577944727976, 16.49999999999999645 ) ) ;
#336 = CARTESIAN_POINT ( 'NONE',  ( 36.09178261351764405, 38.99999999999997868, 25.00000000000000000 ) ) ;
#337 = CARTESIAN_POINT ( 'NONE',  ( 577.2527058058327611, 7.000316658230691935, 12.22821890888128671 ) ) ;
#338 = VERTEX_POINT ( 'NONE', #550 ) ;
#339 = APPLICATION_CONTEXT ( 'automotive_design' ) ;
#340 = AXIS2_PLACEMENT_3D ( 'NONE', #1754, #2245, #1488 ) ;
#341 = CARTESIAN_POINT ( 'NONE',  ( 577.2527571238666724, 14.99960194735810148, 12.77120199371998055 ) ) ;
#342 = CARTESIAN_POINT ( 'NONE',  ( -262.0000000000000000, 5.551115123125782702E-14, 3.000000000000058176 ) ) ;
#343 = ORIENTED_EDGE ( 'NONE', *, *, #1870, .T. ) ;
#344 = ADVANCED_FACE ( 'NONE', ( #1445 ), #2039, .F. ) ;
#345 = EDGE_CURVE ( 'NONE', #3008, #1218, #2980, .T. ) ;
#346 = ORIENTED_EDGE ( 'NONE', *, *, #1077, .T. ) ;
#347 = CARTESIAN_POINT ( 'NONE',  ( 264.4999999999998863, 0.000000000000000000, 15.00000000000001421 ) ) ;
#348 = CARTESIAN_POINT ( 'NONE',  ( -262.0000000000000000, 5.551115123125782702E-14, 3.000000000000058176 ) ) ;
#349 = CARTESIAN_POINT ( 'NONE',  ( 28.59178261351763695, 38.99999999999997868, 16.50000000000000000 ) ) ;
#350 = CARTESIAN_POINT ( 'NONE',  ( 28.86429514312058586, 36.98388593033448046, 9.035439906821366662 ) ) ;
#351 = VERTEX_POINT ( 'NONE', #2260 ) ;
#352 = APPLICATION_PROTOCOL_DEFINITION ( 'draft international standard', 'automotive_design', 1998, #1556 ) ;
#353 = CARTESIAN_POINT ( 'NONE',  ( 578.1337430403752933, 13.02289542924842358, 15.96043497591305460 ) ) ;
#354 = CARTESIAN_POINT ( 'NONE',  ( 313.3164347729645556, 43.00000000000009237, 25.00000000000002132 ) ) ;
#355 = CARTESIAN_POINT ( 'NONE',  ( -1.665334536937734811E-13, 262.0000000000001705, 3.000000000000002665 ) ) ;
#356 = VECTOR ( 'NONE', #1816, 1000.000000000000000 ) ;
#357 = LINE ( 'NONE', #1369, #1564 ) ;
#358 = VECTOR ( 'NONE', #1123, 1000.000000000000000 ) ;
#359 = DIRECTION ( 'NONE',  ( 1.000000000000000000, 0.000000000000000000, 0.000000000000000000 ) ) ;
#360 = CARTESIAN_POINT ( 'NONE',  ( 604.4061895592379869, 49.00000000000004263, 9.499999999999996447 ) ) ;
#361 = PRODUCT ( 'A372080-PATASXGBBS', 'A372080-PATASXGBBS', '', ( #2533 ) ) ;
#362 = VECTOR ( 'NONE', #1928, 1000.000000000000000 ) ;
#363 = CARTESIAN_POINT ( 'NONE',  ( 328.5000000000000000, 49.99999999999998579, 25.00000000000004974 ) ) ;
#364 = ORIENTED_EDGE ( 'NONE', *, *, #466, .T. ) ;
#365 = ADVANCED_FACE ( 'NONE', ( #921 ), #2969, .T. ) ;
#366 = APPLICATION_PROTOCOL_DEFINITION ( 'draft international standard', 'automotive_design', 1998, #98 ) ;
#367 = CARTESIAN_POINT ( 'NONE',  ( 577.9263097186724281, 13.65225727307044323, 15.50517054499699121 ) ) ;
#368 = CARTESIAN_POINT ( 'NONE',  ( 607.0000000000000000, 0.000000000000000000, 25.00000000000000000 ) ) ;
#369 = EDGE_LOOP ( 'NONE', ( #489, #2529, #1285, #1628, #2239 ) ) ;
#370 = LINE ( 'NONE', #945, #2549 ) ;
#371 = AXIS2_PLACEMENT_3D ( 'NONE', #2665, #2450, #1965 ) ;
#372 = ORIENTED_EDGE ( 'NONE', *, *, #3007, .T. ) ;
#373 = CARTESIAN_POINT ( 'NONE',  ( 582.0000000000000000, 43.00000000000003553, 12.50000000000000000 ) ) ;
#374 =( NAMED_UNIT ( * ) PLANE_ANGLE_UNIT ( ) SI_UNIT ( $, .RADIAN. ) );
#375 = VECTOR ( 'NONE', #1004, 1000.000000000000000 ) ;
#376 = DIRECTION ( 'NONE',  ( 1.000000000000000000, 0.000000000000000000, 0.000000000000000000 ) ) ;
#377 = UNCERTAINTY_MEASURE_WITH_UNIT (LENGTH_MEASURE( 1.000000000000000082E-05 ), #2818, 'distance_accuracy_value', 'NONE');
#378 =( REPRESENTATION_RELATIONSHIP ('NONE','NONE', #1939, #895 ) REPRESENTATION_RELATIONSHIP_WITH_TRANSFORMATION ( #265 )SHAPE_REPRESENTATION_RELATIONSHIP( ) );
#379 = CARTESIAN_POINT ( 'NONE',  ( 577.5616114989006746, 14.46524145935668848, 10.48547972337029677 ) ) ;
#380 = PLANE ( 'NONE',  #1892 ) ;
#381 = AXIS2_PLACEMENT_3D ( 'NONE', #2047, #1781, #2025 ) ;
#382 = ADVANCED_FACE ( 'NONE', ( #2736, #2896 ), #2924, .T. ) ;
#383 = EDGE_LOOP ( 'NONE', ( #821, #1414, #2563, #673 ) ) ;
#384 = CARTESIAN_POINT ( 'NONE',  ( 24.99999999999999289, 7.000000000000006217, 12.50000000000000000 ) ) ;
#385 = B_SPLINE_CURVE_WITH_KNOTS ( 'NONE', 3,
 ( #2470, #2685, #2960, #542, #1240, #1774, #1498, #2216, #323, #1278, #2929, #2228, #768, #82, #1786, #1019, #335, #1507 ),
 .UNSPECIFIED., .F., .F.,
 ( 4, 2, 2, 2, 2, 2, 2, 2, 4 ),
 ( 0.01912920815143754130, 0.01992409880514220064, 0.02071898945884685650, 0.02151388011255151583, 0.02230877076625617517, 0.02310366141996083103, 0.02389855207366548689, 0.02469344272737013929, 0.02548833338107479515 ),
 .UNSPECIFIED. ) ;
#386 = EDGE_CURVE ( 'NONE', #20, #1890, #2197, .T. ) ;
#387 = CARTESIAN_POINT ( 'NONE',  ( 29.50340132013609917, 35.41435921294164046, 10.70786954390899304 ) ) ;
#388 = EDGE_LOOP ( 'NONE', ( #450, #736, #2200, #2652 ) ) ;
#389 = ORIENTED_EDGE ( 'NONE', *, *, #1210, .T. ) ;
#390 = CARTESIAN_POINT ( 'NONE',  ( 0.7530417408665691648, 21.00000000000046185, 20.49999999999929656 ) ) ;
#391 = CARTESIAN_POINT ( 'NONE',  ( 313.3164347729645556, 43.00000000000009237, 25.00000000000002132 ) ) ;
#392 = AXIS2_PLACEMENT_3D ( 'NONE', #912, #205, #1131 ) ;
#393 = LINE ( 'NONE', #539, #2719 ) ;
#394 = DIRECTION ( 'NONE',  ( 0.000000000000000000, 0.000000000000000000, 1.000000000000000000 ) ) ;
#395 = ADVANCED_FACE ( 'NONE', ( #2107 ), #1300, .F. ) ;
#396 = CYLINDRICAL_SURFACE ( 'NONE', #998, 3.000000000000002665 ) ;
#397 = VECTOR ( 'NONE', #1730, 1000.000000000000000 ) ;
#398 = CARTESIAN_POINT ( 'NONE',  ( 303.5000000000000000, 25.00000000000002132, 25.00000000000002132 ) ) ;
#399 = CIRCLE ( 'NONE', #909, 375.0000000000000000 ) ;
#400 = ORIENTED_EDGE ( 'NONE', *, *, #2971, .F. ) ;
#401 = ORIENTED_EDGE ( 'NONE', *, *, #2846, .F. ) ;
#402 = CARTESIAN_POINT ( 'NONE',  ( 28.72798599913704365, 37.57187296846241509, 8.761364195328715354 ) ) ;
#403 = VECTOR ( 'NONE', #2054, 1000.000000000000000 ) ;
#404 = ORIENTED_EDGE ( 'NONE', *, *, #1539, .T. ) ;
#405 = CARTESIAN_POINT ( 'NONE',  ( 604.2388469501565851, 11.00000000000001066, 8.500000000000000000 ) ) ;
#406 = EDGE_CURVE ( 'NONE', #351, #1238, #163, .T. ) ;
#407 = DIRECTION ( 'NONE',  ( 0.000000000000000000, -1.577721810442023611E-30, -1.000000000000000000 ) ) ;
#408 = AXIS2_PLACEMENT_3D ( 'NONE', #2987, #2673, #2194 ) ;
#409 = CARTESIAN_POINT ( 'NONE',  ( 36.09178261351764405, 38.99999999999997868, 4.000000000000000000 ) ) ;
#410 = CARTESIAN_POINT ( 'NONE',  ( -2.499999999999901412, -262.0000000000000000, 3.000000000000002665 ) ) ;
#411 = DIRECTION ( 'NONE',  ( -4.898587196589401982E-17, -1.000000000000000000, 0.000000000000000000 ) ) ;
#412 = ORIENTED_EDGE ( 'NONE', *, *, #524, .F. ) ;
#413 = ORIENTED_EDGE ( 'NONE', *, *, #1284, .T. ) ;
#414 = DIRECTION ( 'NONE',  ( 0.000000000000000000, 0.000000000000000000, 1.000000000000000000 ) ) ;
#415 = PLANE ( 'NONE',  #627 ) ;
#416 = ORIENTED_EDGE ( 'NONE', *, *, #93, .T. ) ;
#417 = PRESENTATION_STYLE_ASSIGNMENT (( #316 ) ) ;
#418 = CARTESIAN_POINT ( 'NONE',  ( 582.0000000000000000, 43.00000000000003553, 12.50000000000000000 ) ) ;
#419 = PRESENTATION_STYLE_ASSIGNMENT (( #1520 ) ) ;
#420 = ORIENTED_EDGE ( 'NONE', *, *, #1934, .F. ) ;
#421 = EDGE_CURVE ( 'NONE', #746, #2614, #273, .T. ) ;
#422 = CARTESIAN_POINT ( 'NONE',  ( 28.59178261351758721, 25.00000000000002132, 4.000000000000128786 ) ) ;
#423 = CARTESIAN_POINT ( 'NONE',  ( 578.2973748296333270, 12.30849583203074182, 16.28912691129614032 ) ) ;
#424 = VECTOR ( 'NONE', #811, 1000.000000000000000 ) ;
#425 = CARTESIAN_POINT ( 'NONE',  ( 0.000000000000000000, 49.99999999999998579, 25.00000000000000000 ) ) ;
#426 = DIRECTION ( 'NONE',  ( 1.000000000000000000, 0.000000000000000000, 0.000000000000000000 ) ) ;
#427 = ORIENTED_EDGE ( 'NONE', *, *, #2886, .T. ) ;
#428 = CYLINDRICAL_SURFACE ( 'NONE', #1603, 4.000000000000003553 ) ;
#429 = EDGE_LOOP ( 'NONE', ( #588, #481, #3102, #485 ) ) ;
#430 = VECTOR ( 'NONE', #671, 1000.000000000000000 ) ;
#431 = SURFACE_STYLE_FILL_AREA ( #2259 ) ;
#432 = CARTESIAN_POINT ( 'NONE',  ( 570.9082173864823062, 11.00000000000001066, 25.00000000000000000 ) ) ;
#433 = ORIENTED_EDGE ( 'NONE', *, *, #2971, .T. ) ;
#434 = EDGE_CURVE ( 'NONE', #746, #1833, #2202, .T. ) ;
#435 = FACE_OUTER_BOUND ( 'NONE', #990, .T. ) ;
#436 = ORIENTED_EDGE ( 'NONE', *, *, #644, .F. ) ;
#437 = CARTESIAN_POINT ( 'NONE',  ( 582.0000000000000000, 11.00000000000001066, 12.50000000000000000 ) ) ;
#438 = FACE_BOUND ( 'NONE', #1693, .T. ) ;
#439 = CARTESIAN_POINT ( 'NONE',  ( 28.86672159152533013, 41.02457036154294912, 9.040526688855475612 ) ) ;
#440 = DIRECTION ( 'NONE',  ( -1.000000000000000000, 4.898587196589381644E-17, 0.000000000000000000 ) ) ;
#441 = EDGE_CURVE ( 'NONE', #215, #1460, #2070, .T. ) ;
#442 = AXIS2_PLACEMENT_3D ( 'NONE', #2306, #1347, #865 ) ;
#443 = ORIENTED_EDGE ( 'NONE', *, *, #477, .F. ) ;
#444 = ORIENTED_EDGE ( 'NONE', *, *, #1002, .T. ) ;
#445 = DIRECTION ( 'NONE',  ( 0.000000000000000000, 1.000000000000000000, 0.000000000000000000 ) ) ;
#446 = CARTESIAN_POINT ( 'NONE',  ( 36.09178261351764405, 38.99999999999997868, 4.000000000000000000 ) ) ;
#447 = ORIENTED_EDGE ( 'NONE', *, *, #1066, .T. ) ;
#448 = EDGE_LOOP ( 'NONE', ( #3095, #169, #1864, #1381 ) ) ;
#449 = DIRECTION ( 'NONE',  ( -6.938893903907225912E-17, 0.000000000000000000, -1.000000000000000000 ) ) ;
#450 = ORIENTED_EDGE ( 'NONE', *, *, #78, .F. ) ;
#451 = CARTESIAN_POINT ( 'NONE',  ( 2.091782613517723100, 10.00000000000000888, 12.50000000000000000 ) ) ;
#452 = DIRECTION ( 'NONE',  ( -1.000000000000000000, 4.898587196589414308E-17, 0.000000000000000000 ) ) ;
#453 = PRESENTATION_LAYER_ASSIGNMENT (  '', '', ( #1955 ) ) ;
#454 = CARTESIAN_POINT ( 'NONE',  ( 29.43737285495724620, 28.46329251201856181, 14.51783804385878796 ) ) ;
#455 = EDGE_CURVE ( 'NONE', #3115, #809, #107, .T. ) ;
#456 =( BOUNDED_CURVE ( )  B_SPLINE_CURVE ( 3, ( #3069, #157, #1393, #188 ),
 .UNSPECIFIED., .F., .T. ) 
 B_SPLINE_CURVE_WITH_KNOTS ( ( 4, 4 ),
 ( 1.570796326794897002, 4.712388980384689674 ),
 .UNSPECIFIED. ) 
 CURVE ( )  GEOMETRIC_REPRESENTATION_ITEM ( )  RATIONAL_B_SPLINE_CURVE ( ( 1.000000000000000000, 0.3333333333333335369, 0.3333333333333335369, 1.000000000000000000 ) ) 
 REPRESENTATION_ITEM ( '' )  );
#457 = AXIS2_PLACEMENT_3D ( 'NONE', #253, #2634, #1943 ) ;
#458 = FACE_OUTER_BOUND ( 'NONE', #1793, .T. ) ;
#459 = VECTOR ( 'NONE', #264, 1000.000000000000000 ) ;
#460 = CARTESIAN_POINT ( 'NONE',  ( 28.80472054388553715, 40.79132841876536020, 16.08592976685949694 ) ) ;
#461 = FACE_OUTER_BOUND ( 'NONE', #2444, .T. ) ;
#462 = CARTESIAN_POINT ( 'NONE',  ( 29.66566919759180720, 28.86767920348098215, 11.44507950641538763 ) ) ;
#463 = FACE_OUTER_BOUND ( 'NONE', #1883, .T. ) ;
#464 = VERTEX_POINT ( 'NONE', #68 ) ;
#465 = DIRECTION ( 'NONE',  ( 0.000000000000000000, 0.000000000000000000, 1.000000000000000000 ) ) ;
#466 = EDGE_CURVE ( 'NONE', #977, #1555, #2137, .T. ) ;
#467 = LINE ( 'NONE', #568, #2692 ) ;
#468 = CARTESIAN_POINT ( 'NONE',  ( 375.0000000000000568, 4.592425496802574367E-14, 15.00000000000001421 ) ) ;
#469 = VERTEX_POINT ( 'NONE', #44 ) ;
#470 = VERTEX_POINT ( 'NONE', #2974 ) ;
#471 = LINE ( 'NONE', #1312, #2554 ) ;
#472 = SURFACE_STYLE_USAGE ( .BOTH. , #702 ) ;
#473 = EDGE_CURVE ( 'NONE', #2296, #40, #2687, .T. ) ;
#474 = CARTESIAN_POINT ( 'NONE',  ( 28.66196648058214436, 26.05642295508209116, 8.632936008553723894 ) ) ;
#475 = CARTESIAN_POINT ( 'NONE',  ( 5.551115123125782702E-14, -262.0000000000000000, 15.00000000000001421 ) ) ;
#476 = CARTESIAN_POINT ( 'NONE',  ( 1.087726959029226004, 4.000000000000004441, 18.50000000000000355 ) ) ;
#477 = EDGE_CURVE ( 'NONE', #1238, #1963, #2781, .T. ) ;
#478 = CARTESIAN_POINT ( 'NONE',  ( 28.59178261351764405, 38.99999999999997868, 25.00000000000000000 ) ) ;
#479 = DIRECTION ( 'NONE',  ( 0.000000000000000000, 1.000000000000000000, 3.421138828917998273E-49 ) ) ;
#480 = UNCERTAINTY_MEASURE_WITH_UNIT (LENGTH_MEASURE( 1.000000000000000082E-05 ), #2521, 'distance_accuracy_value', 'NONE');
#481 = ORIENTED_EDGE ( 'NONE', *, *, #1784, .F. ) ;
#482 = CARTESIAN_POINT ( 'NONE',  ( 25.00000000000002132, 7.000000000000006217, 12.50000000000000000 ) ) ;
#483 = CARTESIAN_POINT ( 'NONE',  ( 578.2947496820240758, 9.694042374523721861, 16.28311722838813580 ) ) ;
#484 = CARTESIAN_POINT ( 'NONE',  ( 578.4082173864824199, 11.00000000000001066, 16.50000000000000000 ) ) ;
#485 = ORIENTED_EDGE ( 'NONE', *, *, #733, .T. ) ;
#486 = VERTEX_POINT ( 'NONE', #1802 ) ;
#487 = CARTESIAN_POINT ( 'NONE',  ( 28.60648133159577355, 39.53708653689365349, 8.527374743843363802 ) ) ;
#488 = CARTESIAN_POINT ( 'NONE',  ( 28.86641162387925164, 41.02345871859466087, 15.96011610981002526 ) ) ;
#489 = ORIENTED_EDGE ( 'NONE', *, *, #1716, .F. ) ;
#490 =( GEOMETRIC_REPRESENTATION_CONTEXT ( 3 ) GLOBAL_UNCERTAINTY_ASSIGNED_CONTEXT ( ( #153 ) ) GLOBAL_UNIT_ASSIGNED_CONTEXT ( ( #2009, #2000, #547 ) ) REPRESENTATION_CONTEXT ( 'NONE', 'WORKASPACE' ) );
#491 = ADVANCED_FACE ( 'NONE', ( #198 ), #1747, .T. ) ;
#492 = CARTESIAN_POINT ( 'NONE',  ( 0.000000000000000000, 0.000000000000000000, 0.000000000000000000 ) ) ;
#493 = DIRECTION ( 'NONE',  ( 0.000000000000000000, 1.000000000000000000, 0.000000000000000000 ) ) ;
#494 = CARTESIAN_POINT ( 'NONE',  ( 577.4948956224666290, 14.58876786560233718, 10.71397075489872996 ) ) ;
#495 = EDGE_CURVE ( 'NONE', #1698, #3008, #1407, .T. ) ;
#496 = VECTOR ( 'NONE', #2902, 1000.000000000000000 ) ;
#497 = FACE_OUTER_BOUND ( 'NONE', #1548, .T. ) ;
#498 = VERTEX_POINT ( 'NONE', #2040 ) ;
#499 = CARTESIAN_POINT ( 'NONE',  ( 29.73076202842908700, 42.97382601172488847, 11.97037135900438898 ) ) ;
#500 = AXIS2_PLACEMENT_3D ( 'NONE', #1623, #922, #3076 ) ;
#501 = AXIS2_PLACEMENT_3D ( 'NONE', #3001, #2291, #1829 ) ;
#502 = DIRECTION ( 'NONE',  ( 1.000000000000000000, 0.000000000000000000, 0.000000000000000000 ) ) ;
#503 = FACE_OUTER_BOUND ( 'NONE', #3112, .T. ) ;
#504 = CARTESIAN_POINT ( 'NONE',  ( 0.7530417408663694356, 34.99999999999997868, 20.50000000000000000 ) ) ;
#505 = CARTESIAN_POINT ( 'NONE',  ( 604.2388469501565851, 11.00000000000001066, 8.500000000000000000 ) ) ;
#506 = EDGE_LOOP ( 'NONE', ( #572, #651, #1632, #2994 ) ) ;
#507 = CARTESIAN_POINT ( 'NONE',  ( 24.99999999999996803, 25.00000000000007816, 12.50000000000019185 ) ) ;
#508 = CYLINDRICAL_SURFACE ( 'NONE', #1872, 4.000000000000000000 ) ;
#509 = VERTEX_POINT ( 'NONE', #2518 ) ;
#510 = VECTOR ( 'NONE', #2424, 1000.000000000000000 ) ;
#511 = CARTESIAN_POINT ( 'NONE',  ( 29.43893527747008321, 42.46633337714677481, 10.48716502781794091 ) ) ;
#512 = ADVANCED_FACE ( 'NONE', ( #2837, #858, #1573 ), #2701, .F. ) ;
#513 =( LENGTH_UNIT ( ) NAMED_UNIT ( * ) SI_UNIT ( .MILLI., .METRE. ) );
#514 = PLANE ( 'NONE',  #1658 ) ;
#515 = DIRECTION ( 'NONE',  ( -1.000000000000000000, 0.000000000000000000, 0.000000000000000000 ) ) ;
#516 = DIRECTION ( 'NONE',  ( 0.000000000000000000, 0.000000000000000000, -1.000000000000000000 ) ) ;
#517 = VERTEX_POINT ( 'NONE', #1509 ) ;
#518 = CARTESIAN_POINT ( 'NONE',  ( 29.00074102597272230, 41.45306362005943157, 9.329933815312315915 ) ) ;
#519 = ORIENTED_EDGE ( 'NONE', *, *, #1506, .T. ) ;
#520 = DIRECTION ( 'NONE',  ( 5.077965654318233619E-16, -0.9862856015372309937, 0.1650476058606804020 ) ) ;
#521 = CARTESIAN_POINT ( 'NONE',  ( 25.00000000000002132, 10.00000000000000711, 12.50000000000000000 ) ) ;
#522 = VERTEX_POINT ( 'NONE', #1996 ) ;
#523 = EDGE_LOOP ( 'NONE', ( #436, #2241, #2707, #839 ) ) ;
#524 = EDGE_CURVE ( 'NONE', #469, #1723, #2654, .T. ) ;
#525 = CARTESIAN_POINT ( 'NONE',  ( 29.66646221239968995, 35.13101894863983432, 13.54927716092257839 ) ) ;
#526 = ADVANCED_FACE ( 'NONE', ( #2775 ), #2229, .T. ) ;
#527 = ORIENTED_EDGE ( 'NONE', *, *, #2071, .F. ) ;
#528 = DIRECTION ( 'NONE',  ( 0.000000000000000000, 0.000000000000000000, 1.000000000000000000 ) ) ;
#529 = ORIENTED_EDGE ( 'NONE', *, *, #1725, .F. ) ;
#530 = DIRECTION ( 'NONE',  ( 0.000000000000000000, -3.421138828917998273E-49, -1.000000000000000000 ) ) ;
#531 = CARTESIAN_POINT ( 'NONE',  ( 28.86672159152533013, 41.02457036154294912, 9.040526688855475612 ) ) ;
#532 = LINE ( 'NONE', #281, #1360 ) ;
#533 = EDGE_CURVE ( 'NONE', #2049, #2080, #686, .T. ) ;
#534 = FILL_AREA_STYLE_COLOUR ( '', #2314 ) ;
#535 = CARTESIAN_POINT ( 'NONE',  ( 301.0000000000000000, 25.00000000000002132, 12.50000000000002842 ) ) ;
#536 = CARTESIAN_POINT ( 'NONE',  ( -264.5000000000000000, 5.581731293104467120E-14, 15.00000000000001421 ) ) ;
#537 = FACE_OUTER_BOUND ( 'NONE', #1368, .T. ) ;
#538 = VECTOR ( 'NONE', #1224, 1000.000000000000000 ) ;
#539 = CARTESIAN_POINT ( 'NONE',  ( 607.0000000000000000, 49.99999999999998579, 25.00000000000000000 ) ) ;
#540 = LINE ( 'NONE', #1843, #618 ) ;
#541 = LINE ( 'NONE', #2957, #2105 ) ;
#542 = CARTESIAN_POINT ( 'NONE',  ( 29.66561282014604473, 42.86757773716194464, 13.55455296440946711 ) ) ;
#543 = ORIENTED_EDGE ( 'NONE', *, *, #1999, .F. ) ;
#544 = CARTESIAN_POINT ( 'NONE',  ( 605.4102452137263981, 37.00000000000003553, 15.50000000000000533 ) ) ;
#545 = CARTESIAN_POINT ( 'NONE',  ( 578.1342521660230886, 8.978753772957150048, 9.038470298588652696 ) ) ;
#546 = AXIS2_PLACEMENT_3D ( 'NONE', #1159, #667, #1905 ) ;
#547 =( NAMED_UNIT ( * ) SI_UNIT ( $, .STERADIAN. ) SOLID_ANGLE_UNIT ( ) );
#548 = FACE_BOUND ( 'NONE', #2339, .T. ) ;
#549 = CARTESIAN_POINT ( 'NONE',  ( 303.5000000000000000, 25.00000000000002132, 25.00000000000002132 ) ) ;
#550 = CARTESIAN_POINT ( 'NONE',  ( 582.0000000000000000, 43.00000000000003553, 15.50000000000000355 ) ) ;
#551 = ORIENTED_EDGE ( 'NONE', *, *, #1234, .T. ) ;
#552 = ORIENTED_EDGE ( 'NONE', *, *, #562, .F. ) ;
#553 = FACE_OUTER_BOUND ( 'NONE', #182, .T. ) ;
#554 = CARTESIAN_POINT ( 'NONE',  ( -5.551115123125782702E-14, 0.000000000000000000, 4.000000000000100364 ) ) ;
#555 = DIRECTION ( 'NONE',  ( 1.000000000000000000, 0.000000000000000000, 0.000000000000000000 ) ) ;
#556 = CARTESIAN_POINT ( 'NONE',  ( 315.8164347729647261, 11.00000000000006573, 4.000000000000225597 ) ) ;
#557 = DIRECTION ( 'NONE',  ( 0.000000000000000000, -1.000000000000000000, 0.000000000000000000 ) ) ;
#558 = DIRECTION ( 'NONE',  ( 1.000000000000000000, 0.000000000000000000, 0.000000000000000000 ) ) ;
#559 = UNCERTAINTY_MEASURE_WITH_UNIT (LENGTH_MEASURE( 1.000000000000000082E-05 ), #60, 'distance_accuracy_value', 'NONE');
#560 = VERTEX_POINT ( 'NONE', #1818 ) ;
#561 = ORIENTED_EDGE ( 'NONE', *, *, #2127, .F. ) ;
#562 = EDGE_CURVE ( 'NONE', #2962, #2273, #471, .T. ) ;
#563 = AXIS2_PLACEMENT_3D ( 'NONE', #573, #1701, #1228 ) ;
#564 = AXIS2_PLACEMENT_3D ( 'NONE', #2189, #1009, #1986 ) ;
#565 = ORIENTED_EDGE ( 'NONE', *, *, #455, .F. ) ;
#566 = CARTESIAN_POINT ( 'NONE',  ( 577.7036250084998983, 7.822238603581282312, 10.05695608501837590 ) ) ;
#567 = VERTEX_POINT ( 'NONE', #2225 ) ;
#568 = CARTESIAN_POINT ( 'NONE',  ( 0.000000000000000000, 0.000000000000000000, 25.00000000000000000 ) ) ;
#569 = CARTESIAN_POINT ( 'NONE',  ( 2.091782613517723100, 42.99999999999998579, 12.50000000000000000 ) ) ;
#570 = CARTESIAN_POINT ( 'NONE',  ( -1.665334536937734811E-13, 262.0000000000001705, 3.000000000000002665 ) ) ;
#571 = EDGE_CURVE ( 'NONE', #3029, #2323, #1500, .T. ) ;
#572 = ORIENTED_EDGE ( 'NONE', *, *, #594, .T. ) ;
#573 = CARTESIAN_POINT ( 'NONE',  ( 24.99999999999999289, 7.000000000000006217, 12.50000000000000000 ) ) ;
#574 = CARTESIAN_POINT ( 'NONE',  ( 29.74749384329288304, 34.99999999999998579, 12.50000000000000000 ) ) ;
#575 = B_SPLINE_CURVE_WITH_KNOTS ( 'NONE', 3,
 ( #1780, #1534, #2060, #1327, #590, #1821, #353, #2046, #367, #2981, #599, #2486, #2512, #1075, #2269, #1808, #341, #1058, #2766, #2282, #815, #1837, #379, #1794, #2247, #1088, #99, #2297, #1557, #843, #2783, #2038, #1286, #3005 ),
 .UNSPECIFIED., .F., .F.,
 ( 4, 2, 2, 2, 2, 2, 2, 2, 2, 2, 2, 2, 2, 2, 2, 2, 4 ),
 ( 0.01275821409129078779, 0.01355384654690227654, 0.01434947900251376529, 0.01514511145812525578, 0.01594074391373674626, 0.01673637636934823328, 0.01753200882495972376, 0.01832764128057121078, 0.01912327373618270127, 0.01991890619179419175, 0.02071453864740567877, 0.02151017110301716925, 0.02230580355862865627, 0.02310143601424014675, 0.02389706846985163724, 0.02469270092546312773, 0.02548833338107461474 ),
 .UNSPECIFIED. ) ;
#576 = CARTESIAN_POINT ( 'NONE',  ( 577.3812678807079237, 7.210121799584543467, 13.80594695335907041 ) ) ;
#577 = PRODUCT_DEFINITION_FORMATION_WITH_SPECIFIED_SOURCE ( 'ANY', '', #361, .NOT_KNOWN. ) ;
#578 = FACE_OUTER_BOUND ( 'NONE', #830, .T. ) ;
#579 = CARTESIAN_POINT ( 'NONE',  ( 278.4999999999999432, 49.99999999999998579, 4.510281037539698445E-14 ) ) ;
#580 = CARTESIAN_POINT ( 'NONE',  ( 316.3164347729646124, 43.00000000000009237, 25.00000000000002132 ) ) ;
#581 = EDGE_LOOP ( 'NONE', ( #2643, #2621, #668, #1862 ) ) ;
#582 = LINE ( 'NONE', #2811, #1147 ) ;
#583 = AXIS2_PLACEMENT_3D ( 'NONE', #2191, #2912, #2428 ) ;
#584 = EDGE_CURVE ( 'NONE', #486, #596, #1686, .T. ) ;
#585 = EDGE_LOOP ( 'NONE', ( #941, #1289 ) ) ;
#586 = CARTESIAN_POINT ( 'NONE',  ( 29.21903733161530070, 35.99109385815168594, 9.851999624877686657 ) ) ;
#587 = CIRCLE ( 'NONE', #757, 2.499999999999891198 ) ;
#588 = ORIENTED_EDGE ( 'NONE', *, *, #1455, .T. ) ;
#589 = PRODUCT_CONTEXT ( 'NONE', #112, 'mechanical' ) ;
#590 = CARTESIAN_POINT ( 'NONE',  ( 578.2973748296333270, 12.30849583203074005, 16.28912691129613677 ) ) ;
#591 = DIRECTION ( 'NONE',  ( 1.000000000000000000, 0.000000000000000000, 0.000000000000000000 ) ) ;
#592 = DIRECTION ( 'NONE',  ( 1.000000000000000000, 0.000000000000000000, 0.000000000000000000 ) ) ;
#593 = CARTESIAN_POINT ( 'NONE',  ( 36.09178261351758721, 25.00000000000013500, 4.000000000000128786 ) ) ;
#594 = EDGE_CURVE ( 'NONE', #1555, #1736, #2250, .T. ) ;
#595 = CARTESIAN_POINT ( 'NONE',  ( 0.000000000000000000, 0.000000000000000000, 0.000000000000000000 ) ) ;
#596 = VERTEX_POINT ( 'NONE', #2116 ) ;
#597 = EDGE_LOOP ( 'NONE', ( #2328, #1933, #639, #2557 ) ) ;
#598 = CARTESIAN_POINT ( 'NONE',  ( 48.49999999999698730, 330.4742485072871432, -249.3819175290902308 ) ) ;
#599 = CARTESIAN_POINT ( 'NONE',  ( 577.7044479543027364, 14.17601961184138126, 14.94534775319766418 ) ) ;
#600 = CARTESIAN_POINT ( 'NONE',  ( 36.09178261351764405, 38.99999999999997868, 25.00000000000000000 ) ) ;
#601 = ORIENTED_EDGE ( 'NONE', *, *, #1290, .T. ) ;
#602 = ORIENTED_EDGE ( 'NONE', *, *, #789, .F. ) ;
#603 = EDGE_CURVE ( 'NONE', #1001, #1305, #2622, .T. ) ;
#604 = ORIENTED_EDGE ( 'NONE', *, *, #1576, .F. ) ;
#605 = CARTESIAN_POINT ( 'NONE',  ( 5.551115123125782702E-14, 0.000000000000000000, 15.00000000000001421 ) ) ;
#606 = AXIS2_PLACEMENT_3D ( 'NONE', #794, #812, #57 ) ;
#607 = ORIENTED_EDGE ( 'NONE', *, *, #2256, .F. ) ;
#608 = CARTESIAN_POINT ( 'NONE',  ( 29.07175070078360335, 36.35287026676834898, 9.490327869594207044 ) ) ;
#609 = ADVANCED_FACE ( 'NONE', ( #1650, #2362, #772 ), #1618, .F. ) ;
#610 = APPLICATION_CONTEXT ( 'automotive_design' ) ;
#611 = DIRECTION ( 'NONE',  ( -1.000000000000000000, 0.000000000000000000, 0.000000000000000000 ) ) ;
#612 = CARTESIAN_POINT ( 'NONE',  ( 29.74749384329293989, 21.00000000000002132, 12.50000000000019185 ) ) ;
#613 = FACE_OUTER_BOUND ( 'NONE', #1783, .T. ) ;
#614 = LINE ( 'NONE', #286, #3051 ) ;
#615 = VECTOR ( 'NONE', #479, 1000.000000000000000 ) ;
#616 = DIRECTION ( 'NONE',  ( 0.000000000000000000, -1.000000000000000000, 0.000000000000000000 ) ) ;
#617 = B_SPLINE_CURVE_WITH_KNOTS ( 'NONE', 3,
 ( #2131, #1160, #2146, #474, #1412, #2176, #1423, #925, #938, #214, #960, #2624, #2876, #2388, #462, #1907, #1170, #3079 ),
 .UNSPECIFIED., .F., .F.,
 ( 4, 2, 2, 2, 2, 2, 2, 2, 4 ),
 ( 0.01275821409129064207, 0.01355458834880896891, 0.01435096260632729576, 0.01514733686384562433, 0.01594371112136395291, 0.01674008537888227802, 0.01753645963640060659, 0.01833283389391893170, 0.01912920815143726028 ),
 .UNSPECIFIED. ) ;
#618 = VECTOR ( 'NONE', #411, 1000.000000000000000 ) ;
#619 =( GEOMETRIC_REPRESENTATION_CONTEXT ( 3 ) GLOBAL_UNCERTAINTY_ASSIGNED_CONTEXT ( ( #653 ) ) GLOBAL_UNIT_ASSIGNED_CONTEXT ( ( #513, #2438, #2934 ) ) REPRESENTATION_CONTEXT ( 'NONE', 'WORKASPACE' ) );
#620 = EDGE_LOOP ( 'NONE', ( #2615, #1647, #2672, #2989 ) ) ;
#621 = EDGE_LOOP ( 'NONE', ( #401, #240, #2111, #3117 ) ) ;
#622 = CARTESIAN_POINT ( 'NONE',  ( 577.4952916994562884, 14.58799196995325431, 14.28697448171741691 ) ) ;
#623 = CARTESIAN_POINT ( 'NONE',  ( 278.4999999999999432, 49.99999999999998579, 12.50000000000000000 ) ) ;
#624 = EDGE_CURVE ( 'NONE', #1915, #1893, #456, .T. ) ;
#625 = CIRCLE ( 'NONE', #1697, 7.500000000000000000 ) ;
#626 = ADVANCED_FACE ( 'NONE', ( #1083 ), #170, .T. ) ;
#627 = AXIS2_PLACEMENT_3D ( 'NONE', #180, #1404, #189 ) ;
#628 = ORIENTED_EDGE ( 'NONE', *, *, #1, .F. ) ;
#629 = EDGE_LOOP ( 'NONE', ( #2445, #2966, #904, #857 ) ) ;
#630 = VECTOR ( 'NONE', #654, 1000.000000000000114 ) ;
#631 = CARTESIAN_POINT ( 'NONE',  ( 310.3164347729644987, 43.00000000000009237, 25.00000000000002132 ) ) ;
#632 = DIRECTION ( 'NONE',  ( 1.000000000000000000, 0.000000000000000000, 0.000000000000000000 ) ) ;
#633 = DIRECTION ( 'NONE',  ( 1.000000000000000000, 0.000000000000000000, 0.000000000000000000 ) ) ;
#634 = EDGE_CURVE ( 'NONE', #1879, #470, #1418, .T. ) ;
#635 = VERTEX_POINT ( 'NONE', #2825 ) ;
#636 = DIRECTION ( 'NONE',  ( -1.000000000000000000, 4.898587196589414308E-17, 0.000000000000000000 ) ) ;
#637 = ORIENTED_EDGE ( 'NONE', *, *, #441, .T. ) ;
#638 = EDGE_CURVE ( 'NONE', #1830, #1825, #2083, .T. ) ;
#639 = ORIENTED_EDGE ( 'NONE', *, *, #624, .T. ) ;
#640 = PLANE ( 'NONE',  #442 ) ;
#641 = PRODUCT_DEFINITION_CONTEXT ( 'detailed design', #2059, 'design' ) ;
#642 = FILL_AREA_STYLE ('',( #1348 ) ) ;
#643 = ORIENTED_EDGE ( 'NONE', *, *, #1276, .F. ) ;
#644 = EDGE_CURVE ( 'NONE', #2296, #2668, #139, .T. ) ;
#645 = CARTESIAN_POINT ( 'NONE',  ( 582.0000000000000000, 43.00000000000003553, 15.50000000000000355 ) ) ;
#646 = ORIENTED_EDGE ( 'NONE', *, *, #1506, .F. ) ;
#647 = VECTOR ( 'NONE', #1091, 1000.000000000000000 ) ;
#648 = CONTEXT_DEPENDENT_SHAPE_REPRESENTATION ( #1565, #3034 ) ;
#649 = VECTOR ( 'NONE', #933, 1000.000000000000000 ) ;
#650 = VECTOR ( 'NONE', #2538, 1000.000000000000000 ) ;
#651 = ORIENTED_EDGE ( 'NONE', *, *, #1671, .F. ) ;
#652 = CARTESIAN_POINT ( 'NONE',  ( -2.500000000000193179, 262.0000000000001705, 3.000000000000002665 ) ) ;
#653 = UNCERTAINTY_MEASURE_WITH_UNIT (LENGTH_MEASURE( 1.000000000000000082E-05 ), #513, 'distance_accuracy_value', 'NONE');
#654 = DIRECTION ( 'NONE',  ( 0.1650476058606801799, 0.000000000000000000, -0.9862856015372309937 ) ) ;
#655 = DIRECTION ( 'NONE',  ( -1.000000000000000000, 0.000000000000000000, 0.000000000000000000 ) ) ;
#656 = AXIS2_PLACEMENT_3D ( 'NONE', #1245, #864, #853 ) ;
#657 = ORIENTED_EDGE ( 'NONE', *, *, #2587, .F. ) ;
#658 = LINE ( 'NONE', #2224, #2076 ) ;
#659 = ORIENTED_EDGE ( 'NONE', *, *, #562, .T. ) ;
#660 = EDGE_CURVE ( 'NONE', #1254, #874, #1120, .T. ) ;
#661 = CARTESIAN_POINT ( 'NONE',  ( 2.091782613517723100, 4.000000000000007105, 12.50000000000000000 ) ) ;
#662 = AXIS2_PLACEMENT_3D ( 'NONE', #1399, #1897, #1887 ) ;
#663 = CARTESIAN_POINT ( 'NONE',  ( 28.59178261351763695, 25.00000000000002132, 16.50000000000016698 ) ) ;
#664 = DIRECTION ( 'NONE',  ( 0.000000000000000000, 0.000000000000000000, -1.000000000000000000 ) ) ;
#665 = ORIENTED_EDGE ( 'NONE', *, *, #2262, .F. ) ;
#666 = ORIENTED_EDGE ( 'NONE', *, *, #1870, .F. ) ;
#667 = DIRECTION ( 'NONE',  ( 0.000000000000000000, 1.577721810442023611E-30, 1.000000000000000000 ) ) ;
#668 = ORIENTED_EDGE ( 'NONE', *, *, #1886, .T. ) ;
#669 = DIRECTION ( 'NONE',  ( 1.000000000000000000, 0.000000000000000000, -1.734723475976805862E-16 ) ) ;
#670 = ORIENTED_EDGE ( 'NONE', *, *, #2653, .T. ) ;
#671 = DIRECTION ( 'NONE',  ( 1.000000000000000000, 0.000000000000000000, 0.000000000000000000 ) ) ;
#672 = ORIENTED_EDGE ( 'NONE', *, *, #953, .F. ) ;
#673 = ORIENTED_EDGE ( 'NONE', *, *, #3035, .T. ) ;
#674 = CARTESIAN_POINT ( 'NONE',  ( 29.00074102597272230, 41.45306362005943868, 9.329933815312317691 ) ) ;
#675 = AXIS2_PLACEMENT_3D ( 'NONE', #1550, #2423, #1052 ) ;
#676 = CARTESIAN_POINT ( 'NONE',  ( 375.0000000000000000, 4.592425496802574367E-14, 0.000000000000000000 ) ) ;
#677 = CIRCLE ( 'NONE', #2592, 3.000000000000000888 ) ;
#678 = DIRECTION ( 'NONE',  ( 0.000000000000000000, 1.000000000000000000, -3.421138828917998273E-49 ) ) ;
#679 = FACE_OUTER_BOUND ( 'NONE', #2709, .T. ) ;
#680 = DIRECTION ( 'NONE',  ( 0.000000000000000000, 3.421138828917998273E-49, 1.000000000000000000 ) ) ;
#681 = PRESENTATION_LAYER_ASSIGNMENT (  '', '', ( #2536 ) ) ;
#682 = LINE ( 'NONE', #1452, #196 ) ;
#683 = CARTESIAN_POINT ( 'NONE',  ( 29.22202585386828488, 42.01571754999829977, 9.859719283697002012 ) ) ;
#684 = FACE_OUTER_BOUND ( 'NONE', #523, .T. ) ;
#685 = ORIENTED_EDGE ( 'NONE', *, *, #1561, .T. ) ;
#686 =( BOUNDED_CURVE ( )  B_SPLINE_CURVE ( 3, ( #1324, #360, #849, #122 ),
 .UNSPECIFIED., .F., .T. ) 
 B_SPLINE_CURVE_WITH_KNOTS ( ( 4, 4 ),
 ( 3.141592653589793116, 6.283185307179586232 ),
 .UNSPECIFIED. ) 
 CURVE ( )  GEOMETRIC_REPRESENTATION_ITEM ( )  RATIONAL_B_SPLINE_CURVE ( ( 1.000000000000000000, 0.3333333333333333703, 0.3333333333333333703, 1.000000000000000000 ) ) 
 REPRESENTATION_ITEM ( '' )  );
#687 = CARTESIAN_POINT ( 'NONE',  ( -374.9999999999999432, 0.000000000000000000, 15.00000000000001421 ) ) ;
#688 = CARTESIAN_POINT ( 'NONE',  ( 28.59178261351769024, 39.26910577944729397, 16.50000000000000000 ) ) ;
#689 = EDGE_CURVE ( 'NONE', #509, #2074, #2566, .T. ) ;
#690 = VECTOR ( 'NONE', #1456, 1000.000000000000000 ) ;
#691 = ORIENTED_EDGE ( 'NONE', *, *, #174, .F. ) ;
#692 = CARTESIAN_POINT ( 'NONE',  ( 577.3820128611781684, 7.211425288529927258, 11.19075981021916633 ) ) ;
#693 = ORIENTED_EDGE ( 'NONE', *, *, #624, .F. ) ;
#694 = CARTESIAN_POINT ( 'NONE',  ( 28.59178261351764050, 25.26910577944734015, 16.50000000000017053 ) ) ;
#695 = AXIS2_PLACEMENT_3D ( 'NONE', #1657, #449, #3114 ) ;
#696 = CARTESIAN_POINT ( 'NONE',  ( 36.09178261351770090, 25.00000000000002132, 25.00000000000014566 ) ) ;
#697 = VERTEX_POINT ( 'NONE', #3042 ) ;
#698 = CARTESIAN_POINT ( 'NONE',  ( 577.4958029760093723, 7.412901510213162126, 14.28924527204660855 ) ) ;
#699 = CARTESIAN_POINT ( 'NONE',  ( 2.091782613517736866, 10.00000000000000888, 12.50000000000000000 ) ) ;
#700 = ORIENTED_EDGE ( 'NONE', *, *, #3067, .F. ) ;
#701 = ORIENTED_EDGE ( 'NONE', *, *, #1339, .T. ) ;
#702 = SURFACE_SIDE_STYLE ('',( #1797 ) ) ;
#703 = ORIENTED_EDGE ( 'NONE', *, *, #1066, .F. ) ;
#704 = DIRECTION ( 'NONE',  ( 1.000000000000000000, 0.000000000000000000, 0.000000000000000000 ) ) ;
#705 =( GEOMETRIC_REPRESENTATION_CONTEXT ( 3 ) GLOBAL_UNCERTAINTY_ASSIGNED_CONTEXT ( ( #3113 ) ) GLOBAL_UNIT_ASSIGNED_CONTEXT ( ( #2449, #1742, #1257 ) ) REPRESENTATION_CONTEXT ( 'NONE', 'WORKASPACE' ) );
#706 = CARTESIAN_POINT ( 'NONE',  ( 578.2970256809129523, 9.689871220456126366, 8.711568962158867890 ) ) ;
#707 = CARTESIAN_POINT ( 'NONE',  ( 29.61890482777107536, 28.79018236925837471, 13.80520263827311034 ) ) ;
#708 = VECTOR ( 'NONE', #1642, 1000.000000000000000 ) ;
#709 = PRODUCT_DEFINITION_SHAPE ( 'NONE', 'NONE',  #3128 ) ;
#710 = ORIENTED_EDGE ( 'NONE', *, *, #2477, .T. ) ;
#711 = EDGE_CURVE ( 'NONE', #560, #1180, #1344, .T. ) ;
#712 = CARTESIAN_POINT ( 'NONE',  ( 29.66566919759175036, 42.86767920348093952, 11.44507950641518690 ) ) ;
#713 = LINE ( 'NONE', #1554, #3090 ) ;
#714 = AXIS2_PLACEMENT_3D ( 'NONE', #2454, #2671, #1227 ) ;
#715 = CARTESIAN_POINT ( 'NONE',  ( 4.183565227035723311, 5.551115123125782702E-14, 1.387778780781445676E-14 ) ) ;
#716 = FACE_BOUND ( 'NONE', #1101, .T. ) ;
#717 = CARTESIAN_POINT ( 'NONE',  ( -375.0000000000000000, 0.000000000000000000, 0.000000000000000000 ) ) ;
#718 = EDGE_LOOP ( 'NONE', ( #1469, #910 ) ) ;
#719 = VERTEX_POINT ( 'NONE', #1654 ) ;
#720 = CARTESIAN_POINT ( 'NONE',  ( 577.7046465113157865, 7.824401008029052917, 14.94590285126940366 ) ) ;
#721 = CARTESIAN_POINT ( 'NONE',  ( 2.091782613517723100, 42.99999999999998579, 12.50000000000000000 ) ) ;
#722 = AXIS2_PLACEMENT_3D ( 'NONE', #100, #87, #1047 ) ;
#723 = VECTOR ( 'NONE', #2514, 1000.000000000000000 ) ;
#724 = ORIENTED_EDGE ( 'NONE', *, *, #584, .F. ) ;
#725 = LINE ( 'NONE', #687, #3027 ) ;
#726 =( LENGTH_UNIT ( ) NAMED_UNIT ( * ) SI_UNIT ( .MILLI., .METRE. ) );
#727 = ORIENTED_EDGE ( 'NONE', *, *, #1930, .F. ) ;
#728 = DIRECTION ( 'NONE',  ( -1.000000000000000000, 0.000000000000000000, 0.000000000000000000 ) ) ;
#729 = DIRECTION ( 'NONE',  ( -0.000000000000000000, 3.421138828917998273E-49, 1.000000000000000000 ) ) ;
#730 = PRODUCT_DEFINITION_SHAPE ( 'NONE', 'NONE',  #1617 ) ;
#731 = DIRECTION ( 'NONE',  ( -1.000000000000000000, 4.898587196589414308E-17, 0.000000000000000000 ) ) ;
#732 = AXIS2_PLACEMENT_3D ( 'NONE', #2312, #2539, #1842 ) ;
#733 = EDGE_CURVE ( 'NONE', #635, #2827, #2299, .T. ) ;
#734 = CARTESIAN_POINT ( 'NONE',  ( -259.5000000000000000, 5.551115123125782702E-14, 3.000000000000058176 ) ) ;
#735 = CARTESIAN_POINT ( 'NONE',  ( 29.74749384329288304, 34.99999999999998579, 12.50000000000000000 ) ) ;
#736 = ORIENTED_EDGE ( 'NONE', *, *, #322, .F. ) ;
#737 = ORIENTED_EDGE ( 'NONE', *, *, #2288, .T. ) ;
#738 = CARTESIAN_POINT ( 'NONE',  ( 602.8164347729644987, 49.99999999999998579, 0.000000000000000000 ) ) ;
#739 = ADVANCED_FACE ( 'NONE', ( #1263 ), #1187, .F. ) ;
#740 = DIRECTION ( 'NONE',  ( 1.000000000000000000, 0.000000000000000000, 0.000000000000000000 ) ) ;
#741 = CARTESIAN_POINT ( 'NONE',  ( 310.8164347729645556, 11.00000000000006573, 25.00000000000002132 ) ) ;
#742 = ORIENTED_EDGE ( 'NONE', *, *, #2626, .T. ) ;
#743 = ORIENTED_EDGE ( 'NONE', *, *, #2468, .T. ) ;
#744 = VERTEX_POINT ( 'NONE', #1684 ) ;
#745 = CARTESIAN_POINT ( 'NONE',  ( 29.61874470560505301, 42.78985177834313447, 11.19457973264928619 ) ) ;
#746 = VERTEX_POINT ( 'NONE', #223 ) ;
#747 = EDGE_CURVE ( 'NONE', #1825, #470, #3104, .T. ) ;
#748 = DIRECTION ( 'NONE',  ( 1.000000000000000000, 0.000000000000000000, 0.000000000000000000 ) ) ;
#749 = DIRECTION ( 'NONE',  ( 0.000000000000000000, 0.000000000000000000, 1.000000000000000000 ) ) ;
#750 = CARTESIAN_POINT ( 'NONE',  ( 582.0000000000000000, 43.00000000000003553, 9.499999999999998224 ) ) ;
#751 = LINE ( 'NONE', #1124, #708 ) ;
#752 = ORIENTED_EDGE ( 'NONE', *, *, #1172, .T. ) ;
#753 = CONTEXT_DEPENDENT_SHAPE_REPRESENTATION ( #1074, #2928 ) ;
#754 = EDGE_CURVE ( 'NONE', #744, #894, #2302, .T. ) ;
#755 = FACE_OUTER_BOUND ( 'NONE', #59, .T. ) ;
#756 = CARTESIAN_POINT ( 'NONE',  ( 0.000000000000000000, 49.99999999999998579, 25.00000000000000000 ) ) ;
#757 = AXIS2_PLACEMENT_3D ( 'NONE', #2853, #1431, #966 ) ;
#758 = ADVANCED_FACE ( 'NONE', ( #2475 ), #2185, .T. ) ;
#759 = FACE_BOUND ( 'NONE', #1950, .T. ) ;
#760 = DIRECTION ( 'NONE',  ( -8.326672684688674053E-17, -1.000000000000000000, 0.000000000000000000 ) ) ;
#761 = EDGE_LOOP ( 'NONE', ( #2712, #2088, #1164, #203 ) ) ;
#762 = ORIENTED_EDGE ( 'NONE', *, *, #638, .T. ) ;
#763 = VECTOR ( 'NONE', #1776, 1000.000000000000000 ) ;
#764 = CARTESIAN_POINT ( 'NONE',  ( 604.4061895592379869, 43.00000000000003553, 9.499999999999998224 ) ) ;
#765 = DIRECTION ( 'NONE',  ( 0.000000000000000000, 0.000000000000000000, 1.000000000000000000 ) ) ;
#766 = FACE_BOUND ( 'NONE', #1325, .T. ) ;
#767 = SHAPE_REPRESENTATION ( 'A372080-PATASXGBBI', ( #2791 ), #2451 ) ;
#768 = CARTESIAN_POINT ( 'NONE',  ( 28.80472054388553715, 40.79132841876536020, 16.08592976685949694 ) ) ;
#769 = ORIENTED_EDGE ( 'NONE', *, *, #1011, .F. ) ;
#770 = CLOSED_SHELL ( 'NONE', ( #1531, #739, #329, #2421, #288, #1270, #1232, #1851, #795, #2985, #1994, #344, #2190, #2204, #2787, #1030, #2689, #1062, #1336, #1099, #2746, #1251, #3002, #2657, #609, #269, #2220, #135 ) ) ;
#771 = DIRECTION ( 'NONE',  ( 0.000000000000000000, 0.000000000000000000, 1.000000000000000000 ) ) ;
#772 = FACE_BOUND ( 'NONE', #1801, .T. ) ;
#773 = CARTESIAN_POINT ( 'NONE',  ( 29.50571261039180371, 42.58982982507669135, 10.71668275306648788 ) ) ;
#774 =( LENGTH_UNIT ( ) NAMED_UNIT ( * ) SI_UNIT ( .MILLI., .METRE. ) );
#775 =( GEOMETRIC_REPRESENTATION_CONTEXT ( 3 ) GLOBAL_UNCERTAINTY_ASSIGNED_CONTEXT ( ( #559 ) ) GLOBAL_UNIT_ASSIGNED_CONTEXT ( ( #60, #36, #2731 ) ) REPRESENTATION_CONTEXT ( 'NONE', 'WORKASPACE' ) );
#776 = CARTESIAN_POINT ( 'NONE',  ( -262.0000000000000000, 5.551115123125782702E-14, 15.00000000000001421 ) ) ;
#777 = CARTESIAN_POINT ( 'NONE',  ( 607.0000000000000000, 49.99999999999998579, 0.000000000000000000 ) ) ;
#778 = CARTESIAN_POINT ( 'NONE',  ( 578.4082173864824199, 11.00000000000001066, 16.50000000000000355 ) ) ;
#779 = ADVANCED_FACE ( 'NONE', ( #2950 ), #327, .F. ) ;
#780 = EDGE_CURVE ( 'NONE', #2113, #939, #1015, .T. ) ;
#781 = VERTEX_POINT ( 'NONE', #2391 ) ;
#782 = CARTESIAN_POINT ( 'NONE',  ( 578.2947496820239621, 9.694042374523723637, 16.28311722838813225 ) ) ;
#783 = DIRECTION ( 'NONE',  ( 0.000000000000000000, 3.421138828917998273E-49, 1.000000000000000000 ) ) ;
#784 = ORIENTED_EDGE ( 'NONE', *, *, #2114, .T. ) ;
#785 = DIRECTION ( 'NONE',  ( 1.000000000000000000, 0.000000000000000000, 0.000000000000000000 ) ) ;
#786 = DIRECTION ( 'NONE',  ( 0.000000000000000000, 0.000000000000000000, -1.000000000000000000 ) ) ;
#787 =( BOUNDED_CURVE ( )  B_SPLINE_CURVE ( 3, ( #1496, #1711, #1217, #996 ),
 .UNSPECIFIED., .F., .F. ) 
 B_SPLINE_CURVE_WITH_KNOTS ( ( 4, 4 ),
 ( 1.570796326794896780, 4.712388980384689674 ),
 .UNSPECIFIED. ) 
 CURVE ( )  GEOMETRIC_REPRESENTATION_ITEM ( )  RATIONAL_B_SPLINE_CURVE ( ( 1.000000000000000000, 0.3333333333333333703, 0.3333333333333333703, 1.000000000000000000 ) ) 
 REPRESENTATION_ITEM ( '' )  );
#788 = CLOSED_SHELL ( 'NONE', ( #2236, #1010, #856, #779, #1216, #2065, #980, #2670, #1734, #995, #2708, #365, #1086, #2453, #2489, #146, #117 ) ) ;
#789 = EDGE_CURVE ( 'NONE', #517, #258, #3031, .T. ) ;
#790 = CARTESIAN_POINT ( 'NONE',  ( 24.99999999999996803, 25.00000000000007816, 12.50000000000019185 ) ) ;
#791 = CARTESIAN_POINT ( 'NONE',  ( 605.4102452137265118, 43.00000000000003553, 15.50000000000000355 ) ) ;
#792 = B_SPLINE_CURVE_WITH_KNOTS ( 'NONE', 3,
 ( #1997, #2963, #56, #793, #70, #1055, #545, #1282, #311, #1529, #566, #2230, #1022, #2474, #2482, #2495, #337, #1043, #2218, #2713, #2740, #2932, #576, #326, #2266, #1008, #1293, #85, #1789, #1750, #1510, #2977, #782, #2944, #1303, #2034, #825, #484 ),
 .UNSPECIFIED., .F., .F.,
 ( 4, 2, 2, 2, 2, 2, 2, 2, 2, 2, 2, 2, 2, 2, 2, 2, 2, 2, 4 ),
 ( 0.000000000000000000, 0.0007973883807056996072, 0.001594776761411399214, 0.002392165142117098388, 0.003189553522822798429, 0.003986941903528497602, 0.004784330284234195908, 0.005581718664939894214, 0.006379107045645592521, 0.006777801235998439505, 0.007176495426351286490, 0.007973883807056932754, 0.008771272187762581621, 0.009568660568468225283, 0.01036604894917387068, 0.01116343732987951781, 0.01156213152023234311, 0.01196082571058516841, 0.01275821409129078779 ),
 .UNSPECIFIED. ) ;
#793 = CARTESIAN_POINT ( 'NONE',  ( 578.3384693172830566, 9.946711933618614054, 8.632101255688795050 ) ) ;
#794 = CARTESIAN_POINT ( 'NONE',  ( 313.3164347729645556, 43.00000000000009237, 25.00000000000002132 ) ) ;
#795 = ADVANCED_FACE ( 'NONE', ( #2330, #438, #553, #994 ), #1957, .T. ) ;
#796 = CIRCLE ( 'NONE', #1807, 2.500000000000026645 ) ;
#797 = EDGE_CURVE ( 'NONE', #230, #1723, #204, .T. ) ;
#798 = FILL_AREA_STYLE ('',( #2715 ) ) ;
#799 = DIRECTION ( 'NONE',  ( -1.000000000000000000, 0.000000000000000000, 0.000000000000000000 ) ) ;
#800 = DIRECTION ( 'NONE',  ( 0.000000000000000000, -3.421138828917998273E-49, -1.000000000000000000 ) ) ;
#801 = DIRECTION ( 'NONE',  ( 1.000000000000000000, 0.000000000000000000, 0.000000000000000000 ) ) ;
#802 = FACE_OUTER_BOUND ( 'NONE', #2346, .T. ) ;
#803 = CYLINDRICAL_SURFACE ( 'NONE', #583, 2.499999999999901412 ) ;
#804 = CONTEXT_DEPENDENT_SHAPE_REPRESENTATION ( #2956, #209 ) ;
#805 = FACE_OUTER_BOUND ( 'NONE', #2751, .T. ) ;
#806 = EDGE_CURVE ( 'NONE', #2014, #1165, #1920, .T. ) ;
#807 = LINE ( 'NONE', #173, #2023 ) ;
#808 = DIRECTION ( 'NONE',  ( 1.000000000000000000, 0.000000000000000000, 0.000000000000000000 ) ) ;
#809 = VERTEX_POINT ( 'NONE', #2215 ) ;
#810 = DIRECTION ( 'NONE',  ( 0.1650476058606759888, 0.000000000000000000, 0.9862856015372316598 ) ) ;
#811 = DIRECTION ( 'NONE',  ( -6.938893903907225912E-17, 0.000000000000000000, -1.000000000000000000 ) ) ;
#812 = DIRECTION ( 'NONE',  ( 0.000000000000000000, -1.577721810442023611E-30, -1.000000000000000000 ) ) ;
#813 = LINE ( 'NONE', #1048, #1644 ) ;
#814 =( REPRESENTATION_RELATIONSHIP ('NONE','NONE', #1939, #3014 ) REPRESENTATION_RELATIONSHIP_WITH_TRANSFORMATION ( #2196 )SHAPE_REPRESENTATION_RELATIONSHIP( ) );
#815 = CARTESIAN_POINT ( 'NONE',  ( 577.3801984974350034, 14.79170746195461916, 11.19918879905858766 ) ) ;
#816 = PLANE ( 'NONE',  #722 ) ;
#817 = CARTESIAN_POINT ( 'NONE',  ( 577.9268139434370823, 13.65095779836528145, 9.493635309432253422 ) ) ;
#818 = ORIENTED_EDGE ( 'NONE', *, *, #1380, .F. ) ;
#819 = VECTOR ( 'NONE', #1486, 1000.000000000000000 ) ;
#820 = ADVANCED_FACE ( 'NONE', ( #2843 ), #1970, .T. ) ;
#821 = ORIENTED_EDGE ( 'NONE', *, *, #1471, .F. ) ;
#822 = CARTESIAN_POINT ( 'NONE',  ( 29.74749384329287594, 34.99999999999996447, 12.76732406231674055 ) ) ;
#823 = FILL_AREA_STYLE_COLOUR ( '', #1374 ) ;
#824 = B_SPLINE_CURVE_WITH_KNOTS ( 'NONE', 3,
 ( #663, #1133, #2353, #881, #3040, #1631, #186, #2817, #915, #176, #2564, #1359, #2812, #1352, #1880, #3030, #896, #2588 ),
 .UNSPECIFIED., .F., .F.,
 ( 4, 2, 2, 2, 2, 2, 2, 2, 4 ),
 ( 0.000000000000000000, 0.0007979731463790226166, 0.001595946292758045233, 0.002393919439137067850, 0.003191892585516090466, 0.003989865731895112649, 0.004787838878274135700, 0.005585812024653158750, 0.006383785171032180933 ),
 .UNSPECIFIED. ) ;
#825 = CARTESIAN_POINT ( 'NONE',  ( 578.4082173864821925, 10.73327978764266177, 16.50000000000000711 ) ) ;
#826 = AXIS2_PLACEMENT_3D ( 'NONE', #696, #2856, #233 ) ;
#827 = PLANE ( 'NONE',  #275 ) ;
#828 = DIRECTION ( 'NONE',  ( 1.000000000000000000, 0.000000000000000000, 0.000000000000000000 ) ) ;
#829 = ORIENTED_EDGE ( 'NONE', *, *, #119, .T. ) ;
#830 = EDGE_LOOP ( 'NONE', ( #1685, #2429, #1493, #1195 ) ) ;
#831 = EDGE_CURVE ( 'NONE', #4, #498, #787, .T. ) ;
#832 = DIRECTION ( 'NONE',  ( 0.000000000000000000, 1.000000000000000000, 0.000000000000000000 ) ) ;
#833 = CARTESIAN_POINT ( 'NONE',  ( 25.00000000000000711, 38.99999999999997868, 12.50000000000000000 ) ) ;
#834 = STYLED_ITEM ( 'NONE', ( #2573 ), #1722 ) ;
#835 = CARTESIAN_POINT ( 'NONE',  ( 29.66646221239968995, 35.13101894863983432, 13.54927716092257128 ) ) ;
#836 = AXIS2_PLACEMENT_3D ( 'NONE', #2841, #3081, #1362 ) ;
#837 = EDGE_LOOP ( 'NONE', ( #1643, #2075, #1095, #2922 ) ) ;
#838 = CARTESIAN_POINT ( 'NONE',  ( 28.59178261351764405, 38.73347538721287009, 8.499999999999994671 ) ) ;
#839 = ORIENTED_EDGE ( 'NONE', *, *, #2030, .T. ) ;
#840 = ADVANCED_FACE ( 'NONE', ( #1768 ), #2174, .F. ) ;
#841 = ORIENTED_EDGE ( 'NONE', *, *, #1084, .F. ) ;
#842 = APPLICATION_PROTOCOL_DEFINITION ( 'draft international standard', 'automotive_design', 1998, #1806 ) ;
#843 = CARTESIAN_POINT ( 'NONE',  ( 578.2965291623756912, 12.31266060796304451, 8.712547357013793459 ) ) ;
#844 = DIRECTION ( 'NONE',  ( 0.000000000000000000, -1.000000000000000000, 3.421138828917998273E-49 ) ) ;
#845 = CARTESIAN_POINT ( 'NONE',  ( 28.66163099707183193, 37.94595850353607602, 16.36770679155310049 ) ) ;
#846 = ORIENTED_EDGE ( 'NONE', *, *, #2690, .F. ) ;
#847 = CARTESIAN_POINT ( 'NONE',  ( 264.4999999999998863, 0.000000000000000000, 3.000000000000002665 ) ) ;
#848 = PLANE ( 'NONE',  #2397 ) ;
#849 = CARTESIAN_POINT ( 'NONE',  ( 605.4102452137263981, 49.00000000000004263, 15.50000000000000533 ) ) ;
#850 = FACE_OUTER_BOUND ( 'NONE', #986, .T. ) ;
#851 = CARTESIAN_POINT ( 'NONE',  ( 607.0000000000000000, 0.000000000000000000, 25.00000000000000000 ) ) ;
#852 = VECTOR ( 'NONE', #947, 1000.000000000000000 ) ;
#853 = DIRECTION ( 'NONE',  ( 0.1650476058606803464, -0.9862856015372309937, -1.015619889834943817E-15 ) ) ;
#854 = DIRECTION ( 'NONE',  ( -1.000000000000000000, 0.000000000000000000, 0.000000000000000000 ) ) ;
#855 = CIRCLE ( 'NONE', #2723, 2.499999999999891198 ) ;
#856 = ADVANCED_FACE ( 'NONE', ( #1538 ), #1458, .F. ) ;
#857 = ORIENTED_EDGE ( 'NONE', *, *, #1665, .T. ) ;
#858 = FACE_OUTER_BOUND ( 'NONE', #2324, .T. ) ;
#859 = AXIS2_PLACEMENT_3D ( 'NONE', #2456, #54, #1006 ) ;
#860 = CARTESIAN_POINT ( 'NONE',  ( 578.4082173864824199, 11.00000000000001066, 25.00000000000000000 ) ) ;
#861 = CARTESIAN_POINT ( 'NONE',  ( 28.80394942644703349, 37.21179502793498983, 8.912507704454885271 ) ) ;
#862 = LINE ( 'NONE', #2154, #690 ) ;
#863 = ORIENTED_EDGE ( 'NONE', *, *, #943, .F. ) ;
#864 = DIRECTION ( 'NONE',  ( -0.9862856015372309937, -0.1650476058606803464, 6.909940596289950396E-15 ) ) ;
#865 = DIRECTION ( 'NONE',  ( -1.000000000000000000, 0.000000000000000000, 3.816391647148972649E-16 ) ) ;
#866 = CARTESIAN_POINT ( 'NONE',  ( 303.5000000000000000, 25.00000000000002132, 25.00000000000002132 ) ) ;
#867 = CYLINDRICAL_SURFACE ( 'NONE', #3098, 3.000000000000002665 ) ;
#868 = MECHANICAL_DESIGN_GEOMETRIC_PRESENTATION_REPRESENTATION (  '', ( #2536 ), #1438 ) ;
#869 =( NAMED_UNIT ( * ) SI_UNIT ( $, .STERADIAN. ) SOLID_ANGLE_UNIT ( ) );
#870 = PRODUCT ( 'A372080-TAPASXXXGB', 'A372080-TAPASXXXGB', '', ( #589 ) ) ;
#871 = EDGE_CURVE ( 'NONE', #2614, #746, #238, .T. ) ;
#872 = ORIENTED_EDGE ( 'NONE', *, *, #1130, .F. ) ;
#873 = CARTESIAN_POINT ( 'NONE',  ( 278.4999999999999432, 0.000000000000000000, 4.510281037539698445E-14 ) ) ;
#874 = VERTEX_POINT ( 'NONE', #1231 ) ;
#875 = VERTEX_POINT ( 'NONE', #33 ) ;
#876 = CARTESIAN_POINT ( 'NONE',  ( 330.0000000000001705, 50.00000000000009948, 25.00000000000013500 ) ) ;
#877 = CARTESIAN_POINT ( 'NONE',  ( -259.5000000000000000, 5.551115123125782702E-14, 3.000000000000058176 ) ) ;
#878 = PLANE ( 'NONE',  #1772 ) ;
#879 = LINE ( 'NONE', #2699, #1602 ) ;
#880 = CYLINDRICAL_SURFACE ( 'NONE', #371, 375.0000000000000000 ) ;
#881 = CARTESIAN_POINT ( 'NONE',  ( 28.66163099707188167, 23.94595850353613287, 16.36770679155326746 ) ) ;
#882 = CARTESIAN_POINT ( 'NONE',  ( 578.3940298931092912, 10.46928694552929429, 16.47358841132576757 ) ) ;
#883 = CIRCLE ( 'NONE', #1387, 7.500000000000062172 ) ;
#884 = AXIS2_PLACEMENT_3D ( 'NONE', #1235, #557, #1025 ) ;
#885 = VECTOR ( 'NONE', #1581, 1000.000000000000114 ) ;
#886 = ORIENTED_EDGE ( 'NONE', *, *, #262, .F. ) ;
#887 = CARTESIAN_POINT ( 'NONE',  ( 605.5775878228079137, 11.00000000000001066, 16.50000000000000000 ) ) ;
#888 = CIRCLE ( 'NONE', #1267, 2.500000000000026645 ) ;
#889 = EDGE_CURVE ( 'NONE', #1963, #1238, #2741, .T. ) ;
#890 = VECTOR ( 'NONE', #1272, 1000.000000000000000 ) ;
#891 =( BOUNDED_CURVE ( )  B_SPLINE_CURVE ( 3, ( #661, #2598, #2350, #451 ),
 .UNSPECIFIED., .F., .F. ) 
 B_SPLINE_CURVE_WITH_KNOTS ( ( 4, 4 ),
 ( 4.712388980384689674, 7.853981633974482790 ),
 .UNSPECIFIED. ) 
 CURVE ( )  GEOMETRIC_REPRESENTATION_ITEM ( )  RATIONAL_B_SPLINE_CURVE ( ( 1.000000000000000000, 0.3333333333333333703, 0.3333333333333333703, 1.000000000000000000 ) ) 
 REPRESENTATION_ITEM ( '' )  );
#892 = AXIS2_PLACEMENT_3D ( 'NONE', #1762, #31, #2240 ) ;
#893 = AXIS2_PLACEMENT_3D ( 'NONE', #1481, #284, #515 ) ;
#894 = VERTEX_POINT ( 'NONE', #2887 ) ;
#895 = SHAPE_REPRESENTATION ( 'A372080-PATASXXXGB', ( #2791 ), #705 ) ;
#896 = CARTESIAN_POINT ( 'NONE',  ( 29.74749384329293633, 21.00000000000002487, 12.76732406231693950 ) ) ;
#897 = LINE ( 'NONE', #1973, #819 ) ;
#898 = DIRECTION ( 'NONE',  ( 0.000000000000000000, 0.000000000000000000, 1.000000000000000000 ) ) ;
#899 = PRODUCT_DEFINITION_SHAPE ( 'NONE', 'NONE',  #2157 ) ;
#900 = EDGE_CURVE ( 'NONE', #178, #1330, #897, .T. ) ;
#901 = DIRECTION ( 'NONE',  ( 1.000000000000000000, 0.000000000000000000, 0.000000000000000000 ) ) ;
#902 = DIRECTION ( 'NONE',  ( 1.734723475976805862E-16, 0.000000000000000000, 1.000000000000000000 ) ) ;
#903 = ORIENTED_EDGE ( 'NONE', *, *, #1396, .T. ) ;
#904 = ORIENTED_EDGE ( 'NONE', *, *, #1050, .F. ) ;
#905 = DIRECTION ( 'NONE',  ( -1.000000000000000000, 4.898587196589414308E-17, 0.000000000000000000 ) ) ;
#906 = CARTESIAN_POINT ( 'NONE',  ( 29.50340132013609917, 35.41435921294164757, 10.70786954390899304 ) ) ;
#907 = EDGE_LOOP ( 'NONE', ( #1699, #1351, #272, #444, #2526 ) ) ;
#908 = CARTESIAN_POINT ( 'NONE',  ( 577.7788724997419649, 14.01366669363784823, 15.14259942229814726 ) ) ;
#909 = AXIS2_PLACEMENT_3D ( 'NONE', #605, #2289, #2774 ) ;
#910 = ORIENTED_EDGE ( 'NONE', *, *, #477, .T. ) ;
#911 = EDGE_CURVE ( 'NONE', #1572, #1678, #2208, .T. ) ;
#912 = CARTESIAN_POINT ( 'NONE',  ( 570.9082173864823062, 11.00000000000001066, 4.000000000000003553 ) ) ;
#913 = CARTESIAN_POINT ( 'NONE',  ( 578.1944995146438941, 12.79496568517297916, 16.08437474064891148 ) ) ;
#914 = ORIENTED_EDGE ( 'NONE', *, *, #638, .F. ) ;
#915 = CARTESIAN_POINT ( 'NONE',  ( 29.07404423237405666, 22.34680419226618042, 15.50435140186752925 ) ) ;
#916 = CARTESIAN_POINT ( 'NONE',  ( 563.4082173864823062, 11.00000000000001066, 25.00000000000000000 ) ) ;
#917 = CARTESIAN_POINT ( 'NONE',  ( 607.0000000000000000, 49.99999999999998579, 25.00000000000000000 ) ) ;
#918 = EDGE_CURVE ( 'NONE', #45, #2049, #2698, .T. ) ;
#919 = CONTEXT_DEPENDENT_SHAPE_REPRESENTATION ( #814, #53 ) ;
#920 = COLOUR_RGB ( '',1.000000000000000000, 1.000000000000000000, 1.000000000000000000 ) ;
#921 = FACE_OUTER_BOUND ( 'NONE', #1608, .T. ) ;
#922 = DIRECTION ( 'NONE',  ( 0.000000000000000000, 0.000000000000000000, 1.000000000000000000 ) ) ;
#923 = EDGE_CURVE ( 'NONE', #809, #498, #932, .T. ) ;
#924 = FACE_OUTER_BOUND ( 'NONE', #597, .T. ) ;
#925 = CARTESIAN_POINT ( 'NONE',  ( 29.00074102597277559, 27.45306362005949197, 9.329933815312497103 ) ) ;
#926 = ORIENTED_EDGE ( 'NONE', *, *, #1011, .T. ) ;
#927 = DIRECTION ( 'NONE',  ( 0.000000000000000000, 1.000000000000000000, 3.421138828917998273E-49 ) ) ;
#928 = CARTESIAN_POINT ( 'NONE',  ( 28.64751129545834729, 38.07801258838642156, 8.605429682291470428 ) ) ;
#929 = CYLINDRICAL_SURFACE ( 'NONE', #2375, 2.500000000000002220 ) ;
#930 = VERTEX_POINT ( 'NONE', #756 ) ;
#931 = EDGE_CURVE ( 'NONE', #2532, #111, #3013, .T. ) ;
#932 = LINE ( 'NONE', #1962, #282 ) ;
#933 = DIRECTION ( 'NONE',  ( 0.000000000000000000, 0.000000000000000000, -1.000000000000000000 ) ) ;
#934 = AXIS2_PLACEMENT_3D ( 'NONE', #2714, #1543, #1294 ) ;
#935 = DIRECTION ( 'NONE',  ( 0.000000000000000000, 0.000000000000000000, 1.000000000000000000 ) ) ;
#936 = EDGE_LOOP ( 'NONE', ( #1385, #2405, #236, #2420 ) ) ;
#937 = CARTESIAN_POINT ( 'NONE',  ( 4.183565227035613177, 50.00000000000004263, 1.387778780781445676E-14 ) ) ;
#938 = CARTESIAN_POINT ( 'NONE',  ( 29.07444152554831973, 27.65424835560140338, 9.496568584263030743 ) ) ;
#939 = VERTEX_POINT ( 'NONE', #1511 ) ;
#940 = CARTESIAN_POINT ( 'NONE',  ( 577.2566178680807525, 7.006498016208785984, 12.76435077697929366 ) ) ;
#941 = ORIENTED_EDGE ( 'NONE', *, *, #1396, .F. ) ;
#942 = SHAPE_REPRESENTATION ( 'A372080-PATASXGBBS', ( #2791 ), #2921 ) ;
#943 = EDGE_CURVE ( 'NONE', #2897, #522, #2789, .T. ) ;
#944 = CARTESIAN_POINT ( 'NONE',  ( 29.50571261039180371, 42.58982982507668424, 10.71668275306648077 ) ) ;
#945 = CARTESIAN_POINT ( 'NONE',  ( 24.99999999999996803, 29.00000000000007816, 12.50000000000019185 ) ) ;
#946 = AXIS2_PLACEMENT_3D ( 'NONE', #334, #1947, #2660 ) ;
#947 = DIRECTION ( 'NONE',  ( -1.000000000000000000, 4.898587196589414308E-17, 0.000000000000000000 ) ) ;
#948 = SHAPE_REPRESENTATION_RELATIONSHIP ( 'NONE' , 'NONE' ,  #942, #1122 ) ;
#949 = CARTESIAN_POINT ( 'NONE',  ( 578.3384693172830566, 9.946711933618608725, 8.632101255688796826 ) ) ;
#950 = PRESENTATION_STYLE_ASSIGNMENT (( #2082 ) ) ;
#951 = VECTOR ( 'NONE', #1236, 1000.000000000000000 ) ;
#952 = DIRECTION ( 'NONE',  ( -1.000000000000000000, 4.898587196589414308E-17, 0.000000000000000000 ) ) ;
#953 = EDGE_CURVE ( 'NONE', #1867, #2308, #2112, .T. ) ;
#954 = FACE_OUTER_BOUND ( 'NONE', #1090, .T. ) ;
#955 = VERTEX_POINT ( 'NONE', #2655 ) ;
#956 = ORIENTED_EDGE ( 'NONE', *, *, #1200, .T. ) ;
#957 = CARTESIAN_POINT ( 'NONE',  ( -5.551115123125782702E-14, 0.000000000000000000, 4.000000000000100364 ) ) ;
#958 = AXIS2_PLACEMENT_3D ( 'NONE', #1544, #330, #1836 ) ;
#959 = EDGE_CURVE ( 'NONE', #1508, #464, #1761, .T. ) ;
#960 = CARTESIAN_POINT ( 'NONE',  ( 29.29651196125959700, 28.17807198169532157, 10.05729040082052705 ) ) ;
#961 = LINE ( 'NONE', #1521, #2142 ) ;
#962 = CARTESIAN_POINT ( 'NONE',  ( 577.7791559392536556, 7.986980987060179338, 9.856669544190639343 ) ) ;
#963 = ORIENTED_EDGE ( 'NONE', *, *, #1601, .T. ) ;
#964 = VECTOR ( 'NONE', #2122, 1000.000000000000000 ) ;
#965 = EDGE_CURVE ( 'NONE', #45, #338, #2992, .T. ) ;
#966 = DIRECTION ( 'NONE',  ( 1.000000000000000000, 0.000000000000000000, 0.000000000000000000 ) ) ;
#967 = CARTESIAN_POINT ( 'NONE',  ( 607.0000000000000000, 0.000000000000000000, 25.00000000000000000 ) ) ;
#968 = DIRECTION ( 'NONE',  ( 0.000000000000000000, -3.421138828917998273E-49, -1.000000000000000000 ) ) ;
#969 = CARTESIAN_POINT ( 'NONE',  ( 578.0003612004295519, 8.549929759246257532, 15.67256280221580589 ) ) ;
#970 = CARTESIAN_POINT ( 'NONE',  ( 28.80472054388558689, 26.79132841876541349, 16.08592976685965681 ) ) ;
#971 = ORIENTED_EDGE ( 'NONE', *, *, #747, .T. ) ;
#972 = CARTESIAN_POINT ( 'NONE',  ( 0.000000000000000000, 0.000000000000000000, 0.000000000000000000 ) ) ;
#973 = ORIENTED_EDGE ( 'NONE', *, *, #1226, .F. ) ;
#974 = CARTESIAN_POINT ( 'NONE',  ( 28.66261635745056680, 40.06140483808147934, 16.36582093345055355 ) ) ;
#975 = ORIENTED_EDGE ( 'NONE', *, *, #660, .F. ) ;
#976 = AXIS2_PLACEMENT_3D ( 'NONE', #1945, #2213, #2442 ) ;
#977 = VERTEX_POINT ( 'NONE', #1739 ) ;
#978 = EDGE_CURVE ( 'NONE', #1830, #1879, #1578, .T. ) ;
#979 = CARTESIAN_POINT ( 'NONE',  ( 29.74749384329288304, 42.99999999999998579, 12.50000000000000000 ) ) ;
#980 = ADVANCED_FACE ( 'NONE', ( #2907 ), #2955, .F. ) ;
#981 = LINE ( 'NONE', #860, #356 ) ;
#982 = AXIS2_PLACEMENT_3D ( 'NONE', #336, #2032, #555 ) ;
#983 = CARTESIAN_POINT ( 'NONE',  ( 0.000000000000000000, 0.000000000000000000, 4.000000000000000000 ) ) ;
#984 = DIRECTION ( 'NONE',  ( 0.000000000000000000, -3.421138828917998273E-49, -1.000000000000000000 ) ) ;
#985 = ORIENTED_EDGE ( 'NONE', *, *, #296, .F. ) ;
#986 = EDGE_LOOP ( 'NONE', ( #2597, #1081 ) ) ;
#987 = LINE ( 'NONE', #3092, #362 ) ;
#988 = ORIENTED_EDGE ( 'NONE', *, *, #2846, .T. ) ;
#989 = LINE ( 'NONE', #1757, #1454 ) ;
#990 = EDGE_LOOP ( 'NONE', ( #3026, #1128, #2696, #1434 ) ) ;
#991 = FACE_OUTER_BOUND ( 'NONE', #3083, .T. ) ;
#992 = CARTESIAN_POINT ( 'NONE',  ( 25.00000000000002132, 10.00000000000000888, 12.50000000000000000 ) ) ;
#993 = ORIENTED_EDGE ( 'NONE', *, *, #1446, .F. ) ;
#994 = FACE_BOUND ( 'NONE', #3044, .T. ) ;
#995 = ADVANCED_FACE ( 'NONE', ( #991 ), #929, .F. ) ;
#996 = CARTESIAN_POINT ( 'NONE',  ( 2.091782613517723100, 34.99999999999997868, 12.50000000000000000 ) ) ;
#997 = CARTESIAN_POINT ( 'NONE',  ( 330.0000000000000568, 1.110223024625156540E-13, 1.387778780781445676E-14 ) ) ;
#998 = AXIS2_PLACEMENT_3D ( 'NONE', #2089, #2320, #2069 ) ;
#999 = DIRECTION ( 'NONE',  ( -1.000000000000000000, 4.898587196589414308E-17, 0.000000000000000000 ) ) ;
#1000 = CARTESIAN_POINT ( 'NONE',  ( 25.00000000000002132, 38.99999999999997868, 12.50000000000000000 ) ) ;
#1001 = VERTEX_POINT ( 'NONE', #1769 ) ;
#1002 = EDGE_CURVE ( 'NONE', #2498, #66, #2427, .T. ) ;
#1003 = CARTESIAN_POINT ( 'NONE',  ( 578.4082173864824199, 11.26613286906852984, 16.50000000000001066 ) ) ;
#1004 = DIRECTION ( 'NONE',  ( 1.000000000000000000, 0.000000000000000000, 0.000000000000000000 ) ) ;
#1005 = ORIENTED_EDGE ( 'NONE', *, *, #2210, .T. ) ;
#1006 = DIRECTION ( 'NONE',  ( -1.000000000000000000, 0.000000000000000000, 0.000000000000000000 ) ) ;
#1007 = ORIENTED_EDGE ( 'NONE', *, *, #2210, .F. ) ;
#1008 = CARTESIAN_POINT ( 'NONE',  ( 577.7046465113161275, 7.824401008029056470, 14.94590285126940366 ) ) ;
#1009 = DIRECTION ( 'NONE',  ( 0.000000000000000000, 0.000000000000000000, 1.000000000000000000 ) ) ;
#1010 = ADVANCED_FACE ( 'NONE', ( #278 ), #43, .F. ) ;
#1011 = EDGE_CURVE ( 'NONE', #2568, #977, #2294, .T. ) ;
#1012 = FILL_AREA_STYLE ('',( #301 ) ) ;
#1013 = CARTESIAN_POINT ( 'NONE',  ( 328.5000000000000000, 49.99999999999998579, 12.49999999999998046 ) ) ;
#1014 = DIRECTION ( 'NONE',  ( 0.000000000000000000, 0.000000000000000000, -1.000000000000000000 ) ) ;
#1015 =( BOUNDED_CURVE ( )  B_SPLINE_CURVE ( 3, ( #2149, #1662, #2857, #1426 ),
 .UNSPECIFIED., .F., .T. ) 
 B_SPLINE_CURVE_WITH_KNOTS ( ( 4, 4 ),
 ( 1.570796326794897002, 4.712388980384689674 ),
 .UNSPECIFIED. ) 
 CURVE ( )  GEOMETRIC_REPRESENTATION_ITEM ( )  RATIONAL_B_SPLINE_CURVE ( ( 1.000000000000000000, 0.3333333333333335369, 0.3333333333333335369, 1.000000000000000000 ) ) 
 REPRESENTATION_ITEM ( '' )  );
#1016 = CARTESIAN_POINT ( 'NONE',  ( 604.2388469501565851, 11.00000000000001066, 8.500000000000000000 ) ) ;
#1017 = EDGE_LOOP ( 'NONE', ( #2686, #872 ) ) ;
#1018 = FACE_BOUND ( 'NONE', #1017, .T. ) ;
#1019 = CARTESIAN_POINT ( 'NONE',  ( 28.60653748732292101, 39.53869925873964775, 16.47252499406115689 ) ) ;
#1020 = FACE_OUTER_BOUND ( 'NONE', #581, .T. ) ;
#1021 = FACE_OUTER_BOUND ( 'NONE', #3065, .T. ) ;
#1022 = CARTESIAN_POINT ( 'NONE',  ( 577.4955451535802240, 7.412460581205873922, 10.71199297050425336 ) ) ;
#1023 = AXIS2_PLACEMENT_3D ( 'NONE', #3066, #195, #2569 ) ;
#1024 = LINE ( 'NONE', #997, #35 ) ;
#1025 = DIRECTION ( 'NONE',  ( 1.000000000000000000, 0.000000000000000000, 0.000000000000000000 ) ) ;
#1026 = ORIENTED_EDGE ( 'NONE', *, *, #65, .T. ) ;
#1027 = CARTESIAN_POINT ( 'NONE',  ( 578.4082173864824199, 11.00000000000001066, 25.00000000000000000 ) ) ;
#1028 = CARTESIAN_POINT ( 'NONE',  ( 577.7790609832703694, 14.01326785176610201, 9.856891459867927807 ) ) ;
#1029 = EDGE_LOOP ( 'NONE', ( #1261, #829, #2400, #551 ) ) ;
#1030 = ADVANCED_FACE ( 'NONE', ( #2516 ), #328, .T. ) ;
#1031 = VECTOR ( 'NONE', #632, 1000.000000000000000 ) ;
#1032 = DIRECTION ( 'NONE',  ( 1.000000000000000000, 0.000000000000000000, 0.000000000000000000 ) ) ;
#1033 = CARTESIAN_POINT ( 'NONE',  ( 28.60632340534401052, 38.46515706753421426, 16.47292113428963845 ) ) ;
#1034 = ORIENTED_EDGE ( 'NONE', *, *, #2502, .F. ) ;
#1035 = VECTOR ( 'NONE', #1383, 1000.000000000000114 ) ;
#1036 = DIRECTION ( 'NONE',  ( 0.000000000000000000, 0.000000000000000000, -1.000000000000000000 ) ) ;
#1037 = AXIS2_PLACEMENT_3D ( 'NONE', #391, #1069, #1563 ) ;
#1038 = CARTESIAN_POINT ( 'NONE',  ( 36.09178261351764405, 38.99999999999997868, 4.000000000000000000 ) ) ;
#1039 = DIRECTION ( 'NONE',  ( 0.000000000000000000, -1.000000000000000000, 0.000000000000000000 ) ) ;
#1040 = EDGE_CURVE ( 'NONE', #2057, #1386, #1881, .T. ) ;
#1041 = PRESENTATION_LAYER_ASSIGNMENT (  '', '', ( #834 ) ) ;
#1042 = CARTESIAN_POINT ( 'NONE',  ( 28.86611352528593599, 36.97743333064383364, 15.96077327222535125 ) ) ;
#1043 = CARTESIAN_POINT ( 'NONE',  ( 577.2524089448207860, 6.999845814780173647, 12.62883882740619690 ) ) ;
#1044 = DIRECTION ( 'NONE',  ( -1.000000000000000000, 0.000000000000000000, 0.000000000000000000 ) ) ;
#1045 = EDGE_LOOP ( 'NONE', ( #886, #102, #3049, #3028 ) ) ;
#1046 = CARTESIAN_POINT ( 'NONE',  ( 578.4082173864824199, 11.00000000000001066, 4.000000000000000000 ) ) ;
#1047 = DIRECTION ( 'NONE',  ( 1.000000000000000000, 0.000000000000000000, 0.000000000000000000 ) ) ;
#1048 = CARTESIAN_POINT ( 'NONE',  ( 375.0000000000000568, 4.592425496802574367E-14, 15.00000000000001421 ) ) ;
#1049 = ORIENTED_EDGE ( 'NONE', *, *, #2433, .T. ) ;
#1050 = EDGE_CURVE ( 'NONE', #64, #2148, #5, .T. ) ;
#1051 = EDGE_LOOP ( 'NONE', ( #2187, #416 ) ) ;
#1052 = DIRECTION ( 'NONE',  ( 1.000000000000000000, 0.000000000000000000, 0.000000000000000000 ) ) ;
#1053 = CARTESIAN_POINT ( 'NONE',  ( 310.3164347729644987, 43.00000000000009237, 25.00000000000002132 ) ) ;
#1054 = CARTESIAN_POINT ( 'NONE',  ( 28.59178261351769024, 38.99999999999997868, 16.50000000000000000 ) ) ;
#1055 = CARTESIAN_POINT ( 'NONE',  ( 578.1948956925056109, 9.206889658898870010, 8.914835784499770099 ) ) ;
#1056 = EDGE_LOOP ( 'NONE', ( #2537, #1537, #3011, #110 ) ) ;
#1057 = APPLICATION_PROTOCOL_DEFINITION ( 'draft international standard', 'automotive_design', 1998, #610 ) ;
#1058 = CARTESIAN_POINT ( 'NONE',  ( 577.2522607433345456, 15.00038924392817030, 12.24066979394558707 ) ) ;
#1059 = CARTESIAN_POINT ( 'NONE',  ( 29.72634933469893070, 21.03370312010329002, 11.96484103470919003 ) ) ;
#1060 = CARTESIAN_POINT ( 'NONE',  ( 29.50524394249837457, 35.41101601425611989, 14.28513810214540847 ) ) ;
#1061 = FACE_OUTER_BOUND ( 'NONE', #907, .T. ) ;
#1062 = ADVANCED_FACE ( 'NONE', ( #435 ), #1116, .F. ) ;
#1063 = AXIS2_PLACEMENT_3D ( 'NONE', #2728, #1767, #2954 ) ;
#1064 = ITEM_DEFINED_TRANSFORMATION ( 'NONE', 'NONE', #656,  #2791 ) ;
#1065 = FACE_OUTER_BOUND ( 'NONE', #369, .T. ) ;
#1066 = EDGE_CURVE ( 'NONE', #2081, #2292, #1158, .T. ) ;
#1067 = DIRECTION ( 'NONE',  ( -1.000000000000000000, 0.000000000000000000, 0.000000000000000000 ) ) ;
#1068 = LINE ( 'NONE', #11, #2287 ) ;
#1069 = DIRECTION ( 'NONE',  ( 0.000000000000000000, -1.577721810442023611E-30, -1.000000000000000000 ) ) ;
#1070 = ORIENTED_EDGE ( 'NONE', *, *, #65, .F. ) ;
#1071 = CIRCLE ( 'NONE', #946, 2.500000000000026645 ) ;
#1072 = CARTESIAN_POINT ( 'NONE',  ( 28.66488182868793189, 37.94761769708892274, 8.638657134186967568 ) ) ;
#1073 = LINE ( 'NONE', #1589, #3125 ) ;
#1074 =( REPRESENTATION_RELATIONSHIP ('NONE','NONE', #1939, #767 ) REPRESENTATION_RELATIONSHIP_WITH_TRANSFORMATION ( #1706 )SHAPE_REPRESENTATION_RELATIONSHIP( ) );
#1075 = CARTESIAN_POINT ( 'NONE',  ( 577.3821479617656678, 14.78833172880894509, 13.80977360152725453 ) ) ;
#1076 = CARTESIAN_POINT ( 'NONE',  ( 28.70313344157636237, 37.68894623103875574, 16.28812355170481041 ) ) ;
#1077 = EDGE_CURVE ( 'NONE', #177, #781, #370, .T. ) ;
#1078 = EDGE_LOOP ( 'NONE', ( #320, #988, #389, #106 ) ) ;
#1079 = DIRECTION ( 'NONE',  ( 0.000000000000000000, -1.000000000000000000, 0.000000000000000000 ) ) ;
#1080 = LINE ( 'NONE', #1408, #2206 ) ;
#1081 = ORIENTED_EDGE ( 'NONE', *, *, #1264, .T. ) ;
#1082 = CARTESIAN_POINT ( 'NONE',  ( 578.4082173864824199, 11.00000000000001066, 25.00000000000000000 ) ) ;
#1083 = FACE_OUTER_BOUND ( 'NONE', #1239, .T. ) ;
#1084 = EDGE_CURVE ( 'NONE', #2057, #1746, #625, .T. ) ;
#1085 = CARTESIAN_POINT ( 'NONE',  ( 582.0000000000000000, 43.00000000000003553, 12.50000000000000000 ) ) ;
#1086 = ADVANCED_FACE ( 'NONE', ( #1913 ), #2618, .T. ) ;
#1087 = PRODUCT_CONTEXT ( 'NONE', #610, 'mechanical' ) ;
#1088 = CARTESIAN_POINT ( 'NONE',  ( 577.9268139434370823, 13.65095779836527612, 9.493635309432249869 ) ) ;
#1089 = CARTESIAN_POINT ( 'NONE',  ( 278.4999999999999432, 0.000000000000000000, 12.50000000000000000 ) ) ;
#1090 = EDGE_LOOP ( 'NONE', ( #1908, #1656, #2662, #1629 ) ) ;
#1091 = DIRECTION ( 'NONE',  ( 0.000000000000000000, 1.000000000000000000, 3.421138828917998273E-49 ) ) ;
#1092 = AXIS2_PLACEMENT_3D ( 'NONE', #342, #2947, #801 ) ;
#1093 = ORIENTED_EDGE ( 'NONE', *, *, #634, .T. ) ;
#1094 = DIRECTION ( 'NONE',  ( 1.000000000000000000, 0.000000000000000000, 0.000000000000000000 ) ) ;
#1095 = ORIENTED_EDGE ( 'NONE', *, *, #2735, .T. ) ;
#1096 = ORIENTED_EDGE ( 'NONE', *, *, #1380, .T. ) ;
#1097 = APPLICATION_PROTOCOL_DEFINITION ( 'draft international standard', 'automotive_design', 1998, #2257 ) ;
#1098 = PLANE ( 'NONE',  #305 ) ;
#1099 = ADVANCED_FACE ( 'NONE', ( #1720 ), #211, .F. ) ;
#1100 = DIRECTION ( 'NONE',  ( -1.000000000000000000, 4.898587196589414308E-17, 0.000000000000000000 ) ) ;
#1101 = EDGE_LOOP ( 'NONE', ( #604, #693 ) ) ;
#1102 = FACE_OUTER_BOUND ( 'NONE', #2334, .T. ) ;
#1103 = PRODUCT ( 'A372080-PATASXXXGB', 'A372080-PATASXXXGB', '', ( #2511 ) ) ;
#1104 = CARTESIAN_POINT ( 'NONE',  ( -2.499999999999901412, -262.0000000000000000, 3.000000000000002665 ) ) ;
#1105 = AXIS2_PLACEMENT_3D ( 'NONE', #2890, #1249, #1954 ) ;
#1106 = VECTOR ( 'NONE', #2527, 1000.000000000000000 ) ;
#1107 = LINE ( 'NONE', #2901, #459 ) ;
#1108 = DIRECTION ( 'NONE',  ( 0.000000000000000000, 0.000000000000000000, -1.000000000000000000 ) ) ;
#1109 = DIRECTION ( 'NONE',  ( 1.000000000000000000, 0.000000000000000000, 0.000000000000000000 ) ) ;
#1110 = EDGE_CURVE ( 'NONE', #567, #2880, #725, .T. ) ;
#1111 = FACE_OUTER_BOUND ( 'NONE', #2005, .T. ) ;
#1112 = ORIENTED_EDGE ( 'NONE', *, *, #634, .F. ) ;
#1113 = EDGE_LOOP ( 'NONE', ( #818, #703 ) ) ;
#1114 = AXIS2_PLACEMENT_3D ( 'NONE', #1268, #771, #2244 ) ;
#1115 = CARTESIAN_POINT ( 'NONE',  ( -2.500000000000137668, 262.0000000000001705, 15.00000000000001421 ) ) ;
#1116 = CYLINDRICAL_SURFACE ( 'NONE', #2, 4.000000000000000000 ) ;
#1117 = VERTEX_POINT ( 'NONE', #468 ) ;
#1118 = ORIENTED_EDGE ( 'NONE', *, *, #1210, .F. ) ;
#1119 = CARTESIAN_POINT ( 'NONE',  ( 325.8164347729646124, 1.110223024625156540E-13, 25.00000000000014566 ) ) ;
#1120 = LINE ( 'NONE', #425, #964 ) ;
#1121 = EDGE_CURVE ( 'NONE', #1989, #2139, #1340, .T. ) ;
#1122 = ADVANCED_BREP_SHAPE_REPRESENTATION ( '', ( #2603, #2791 ), #2921 ) ;
#1123 = DIRECTION ( 'NONE',  ( 0.000000000000000000, 1.000000000000000000, 0.000000000000000000 ) ) ;
#1124 = CARTESIAN_POINT ( 'NONE',  ( 582.0000000000000000, 11.00000000000001066, 8.500000000000000000 ) ) ;
#1125 = EDGE_CURVE ( 'NONE', #1508, #1890, #2839, .T. ) ;
#1126 = CARTESIAN_POINT ( 'NONE',  ( 582.0000000000000000, 11.00000000000001066, 8.500000000000000000 ) ) ;
#1127 = ORIENTED_EDGE ( 'NONE', *, *, #2560, .F. ) ;
#1128 = ORIENTED_EDGE ( 'NONE', *, *, #1223, .T. ) ;
#1129 = PRODUCT_DEFINITION_SHAPE ( 'NONE', 'NONE',  #3132 ) ;
#1130 = EDGE_CURVE ( 'NONE', #1614, #1782, #2617, .T. ) ;
#1131 = DIRECTION ( 'NONE',  ( 1.000000000000000000, 0.000000000000000000, 0.000000000000000000 ) ) ;
#1132 = ORIENTED_EDGE ( 'NONE', *, *, #2409, .F. ) ;
#1133 = CARTESIAN_POINT ( 'NONE',  ( 28.59178261351762984, 24.72985065991966636, 16.50000000000015987 ) ) ;
#1134 = DIRECTION ( 'NONE',  ( 0.000000000000000000, -3.421138828917998273E-49, -1.000000000000000000 ) ) ;
#1135 = ORIENTED_EDGE ( 'NONE', *, *, #2151, .F. ) ;
#1136 = CARTESIAN_POINT ( 'NONE',  ( 1.665334536937734811E-13, 1.110223024625156540E-13, 25.00000000000014566 ) ) ;
#1137 = SURFACE_STYLE_FILL_AREA ( #798 ) ;
#1138 = ORIENTED_EDGE ( 'NONE', *, *, #1961, .F. ) ;
#1139 = CARTESIAN_POINT ( 'NONE',  ( 25.00000000000002132, 4.000000000000005329, 12.50000000000000000 ) ) ;
#1140 = CYLINDRICAL_SURFACE ( 'NONE', #2619, 4.000000000000000000 ) ;
#1141 = DIRECTION ( 'NONE',  ( 1.000000000000000000, 0.000000000000000000, 0.000000000000000000 ) ) ;
#1142 = CARTESIAN_POINT ( 'NONE',  ( 578.4082173864826473, 10.73004862906369716, 8.499999999999996447 ) ) ;
#1143 = CARTESIAN_POINT ( 'NONE',  ( 28.59178261351764760, 38.73347538721287009, 8.499999999999996447 ) ) ;
#1144 = LINE ( 'NONE', #847, #650 ) ;
#1145 = ORIENTED_EDGE ( 'NONE', *, *, #1952, .T. ) ;
#1146 = PRODUCT_DEFINITION_CONTEXT ( 'detailed design', #98, 'design' ) ;
#1147 = VECTOR ( 'NONE', #407, 1000.000000000000000 ) ;
#1148 = EDGE_CURVE ( 'NONE', #1856, #2113, #1080, .T. ) ;
#1149 = DIRECTION ( 'NONE',  ( -1.000000000000000000, 0.000000000000000000, 0.000000000000000000 ) ) ;
#1150 = AXIS2_PLACEMENT_3D ( 'NONE', #2797, #144, #1860 ) ;
#1151 = AXIS2_PLACEMENT_3D ( 'NONE', #355, #2998, #592 ) ;
#1152 = ORIENTED_EDGE ( 'NONE', *, *, #1121, .T. ) ;
#1153 = CARTESIAN_POINT ( 'NONE',  ( 278.4999999999999432, 0.000000000000000000, 4.510281037539698445E-14 ) ) ;
#1154 = VECTOR ( 'NONE', #2742, 1000.000000000000000 ) ;
#1155 = ORIENTED_EDGE ( 'NONE', *, *, #1125, .F. ) ;
#1156 = DIRECTION ( 'NONE',  ( 0.000000000000000000, -3.421138828917998273E-49, -1.000000000000000000 ) ) ;
#1157 = CARTESIAN_POINT ( 'NONE',  ( 604.4061895592379869, 43.00000000000003553, 9.499999999999998224 ) ) ;
#1158 =( BOUNDED_CURVE ( )  B_SPLINE_CURVE ( 3, ( #1914, #1687, #3106, #1668 ),
 .UNSPECIFIED., .F., .F. ) 
 B_SPLINE_CURVE_WITH_KNOTS ( ( 4, 4 ),
 ( 1.570796326794896780, 4.712388980384689674 ),
 .UNSPECIFIED. ) 
 CURVE ( )  GEOMETRIC_REPRESENTATION_ITEM ( )  RATIONAL_B_SPLINE_CURVE ( ( 1.000000000000000000, 0.3333333333333333703, 0.3333333333333333703, 1.000000000000000000 ) ) 
 REPRESENTATION_ITEM ( '' )  );
#1159 = CARTESIAN_POINT ( 'NONE',  ( 313.3164347729647261, 11.00000000000006573, 4.000000000000225597 ) ) ;
#1160 = CARTESIAN_POINT ( 'NONE',  ( 28.59178261351769379, 25.26638099603767174, 8.500000000000159872 ) ) ;
#1161 = ORIENTED_EDGE ( 'NONE', *, *, #1264, .F. ) ;
#1162 = CARTESIAN_POINT ( 'NONE',  ( 605.5775878228079137, 11.00000000000001066, 16.50000000000000000 ) ) ;
#1163 = CARTESIAN_POINT ( 'NONE',  ( 29.29458677156760871, 35.82604047568099048, 10.05198909968935261 ) ) ;
#1164 = ORIENTED_EDGE ( 'NONE', *, *, #780, .T. ) ;
#1165 = VERTEX_POINT ( 'NONE', #2406 ) ;
#1166 = DIRECTION ( 'NONE',  ( 1.000000000000000000, 0.000000000000000000, 0.000000000000000000 ) ) ;
#1167 = AXIS2_PLACEMENT_3D ( 'NONE', #225, #680, #2402 ) ;
#1168 = ORIENTED_EDGE ( 'NONE', *, *, #1930, .T. ) ;
#1169 = EDGE_LOOP ( 'NONE', ( #1302, #2369, #1342, #527, #666, #2627, #2810 ) ) ;
#1170 = CARTESIAN_POINT ( 'NONE',  ( 29.74749384329293989, 29.00000000000002842, 12.23446496676165651 ) ) ;
#1171 = CARTESIAN_POINT ( 'NONE',  ( 29.29582176287934203, 28.17655164844194715, 14.94450097562438451 ) ) ;
#1172 = EDGE_CURVE ( 'NONE', #2090, #178, #587, .T. ) ;
#1173 = CARTESIAN_POINT ( 'NONE',  ( 28.59178261351764405, 38.99999999999997868, 4.000000000000000000 ) ) ;
#1174 = DIRECTION ( 'NONE',  ( 0.000000000000000000, 1.577721810442023611E-30, 1.000000000000000000 ) ) ;
#1175 = DIRECTION ( 'NONE',  ( 0.000000000000000000, -1.577721810442023611E-30, -1.000000000000000000 ) ) ;
#1176 = EDGE_CURVE ( 'NONE', #874, #1857, #862, .T. ) ;
#1177 = CYLINDRICAL_SURFACE ( 'NONE', #2561, 4.000000000000000000 ) ;
#1178 = DIRECTION ( 'NONE',  ( 0.000000000000000000, 0.000000000000000000, 1.000000000000000000 ) ) ;
#1179 = ORIENTED_EDGE ( 'NONE', *, *, #1547, .T. ) ;
#1180 = VERTEX_POINT ( 'NONE', #2373 ) ;
#1181 = DIRECTION ( 'NONE',  ( 1.000000000000000000, 0.000000000000000000, 0.000000000000000000 ) ) ;
#1182 = CARTESIAN_POINT ( 'NONE',  ( 2.091782613517736866, 4.000000000000007105, 12.50000000000000000 ) ) ;
#1183 = VECTOR ( 'NONE', #86, 999.9999999999998863 ) ;
#1184 = DIRECTION ( 'NONE',  ( -0.000000000000000000, 1.577721810442023611E-30, 1.000000000000000000 ) ) ;
#1185 = ORIENTED_EDGE ( 'NONE', *, *, #2409, .T. ) ;
#1186 = EDGE_LOOP ( 'NONE', ( #1971, #317, #701, #2780 ) ) ;
#1187 = CYLINDRICAL_SURFACE ( 'NONE', #2437, 3.000000000000000888 ) ;
#1188 = DIRECTION ( 'NONE',  ( 0.000000000000000000, 1.000000000000000000, 0.000000000000000000 ) ) ;
#1189 = CARTESIAN_POINT ( 'NONE',  ( 578.4082173864823062, 10.73327978764266000, 16.50000000000001066 ) ) ;
#1190 = CARTESIAN_POINT ( 'NONE',  ( 28.86641162387930493, 27.02345871859471060, 15.96011610981018158 ) ) ;
#1191 = PRODUCT_DEFINITION_CONTEXT ( 'detailed design', #339, 'design' ) ;
#1192 = EDGE_LOOP ( 'NONE', ( #1212, #1702 ) ) ;
#1193 = CARTESIAN_POINT ( 'NONE',  ( 43.59178261351758721, 25.00000000000002132, 4.000000000000128786 ) ) ;
#1194 = CARTESIAN_POINT ( 'NONE',  ( 29.29582176287928874, 42.17655164844189386, 14.94450097562422819 ) ) ;
#1195 = ORIENTED_EDGE ( 'NONE', *, *, #1694, .F. ) ;
#1196 = AXIS2_PLACEMENT_3D ( 'NONE', #1991, #1467, #295 ) ;
#1197 = CARTESIAN_POINT ( 'NONE',  ( 577.5622332266968897, 7.535905456707530092, 14.51666028641067108 ) ) ;
#1198 = DIRECTION ( 'NONE',  ( 1.000000000000000000, 0.000000000000000000, 0.000000000000000000 ) ) ;
#1199 = ORIENTED_EDGE ( 'NONE', *, *, #1430, .T. ) ;
#1200 = EDGE_CURVE ( 'NONE', #1746, #3115, #2138, .T. ) ;
#1201 = ORIENTED_EDGE ( 'NONE', *, *, #386, .F. ) ;
#1202 = CARTESIAN_POINT ( 'NONE',  ( 313.3164347729645556, 11.00000000000006573, 25.00000000000002132 ) ) ;
#1203 = AXIS2_PLACEMENT_3D ( 'NONE', #1038, #2995, #2534 ) ;
#1204 = AXIS2_PLACEMENT_3D ( 'NONE', #2285, #101, #1570 ) ;
#1205 = CARTESIAN_POINT ( 'NONE',  ( 301.0000000000000000, 25.00000000000002132, 25.00000000000002132 ) ) ;
#1206 = VERTEX_POINT ( 'NONE', #1193 ) ;
#1207 = CARTESIAN_POINT ( 'NONE',  ( 278.4999999999999432, 0.000000000000000000, 12.50000000000000000 ) ) ;
#1208 = UNCERTAINTY_MEASURE_WITH_UNIT (LENGTH_MEASURE( 1.000000000000000082E-05 ), #774, 'distance_accuracy_value', 'NONE');
#1209 = DIRECTION ( 'NONE',  ( 0.000000000000000000, 0.000000000000000000, -1.000000000000000000 ) ) ;
#1210 = EDGE_CURVE ( 'NONE', #2080, #2049, #1787, .T. ) ;
#1211 = FACE_BOUND ( 'NONE', #1990, .T. ) ;
#1212 = ORIENTED_EDGE ( 'NONE', *, *, #965, .T. ) ;
#1213 = CARTESIAN_POINT ( 'NONE',  ( 25.00000000000002132, 7.000000000000006217, 12.50000000000000000 ) ) ;
#1214 = FACE_OUTER_BOUND ( 'NONE', #383, .T. ) ;
#1215 = CARTESIAN_POINT ( 'NONE',  ( -262.0000000000000000, 5.551115123125782702E-14, 3.000000000000058176 ) ) ;
#1216 = ADVANCED_FACE ( 'NONE', ( #2469, #2035, #1220, #548 ), #827, .T. ) ;
#1217 = CARTESIAN_POINT ( 'NONE',  ( 3.430523486169076985, 34.99999999999997868, 4.500000000000000000 ) ) ;
#1218 = VERTEX_POINT ( 'NONE', #2024 ) ;
#1219 = CARTESIAN_POINT ( 'NONE',  ( 570.9082173864823062, 11.00000000000001066, 25.00000000000000000 ) ) ;
#1220 = FACE_BOUND ( 'NONE', #2984, .T. ) ;
#1221 = PLANE ( 'NONE',  #1476 ) ;
#1222 = ORIENTED_EDGE ( 'NONE', *, *, #2909, .F. ) ;
#1223 = EDGE_CURVE ( 'NONE', #2124, #351, #575, .T. ) ;
#1224 = DIRECTION ( 'NONE',  ( 0.000000000000000000, 1.000000000000000000, 3.421138828917998273E-49 ) ) ;
#1225 = CARTESIAN_POINT ( 'NONE',  ( 5.551115123125782702E-14, 0.000000000000000000, 15.00000000000001421 ) ) ;
#1226 = EDGE_CURVE ( 'NONE', #1386, #2867, #1497, .T. ) ;
#1227 = DIRECTION ( 'NONE',  ( 0.000000000000000000, -1.000000000000000000, 0.000000000000000000 ) ) ;
#1228 = DIRECTION ( 'NONE',  ( 0.000000000000000000, -1.000000000000000000, 0.000000000000000000 ) ) ;
#1229 = VERTEX_POINT ( 'NONE', #1580 ) ;
#1230 = ORIENTED_EDGE ( 'NONE', *, *, #1725, .T. ) ;
#1231 = CARTESIAN_POINT ( 'NONE',  ( 0.000000000000000000, 0.000000000000000000, 25.00000000000000000 ) ) ;
#1232 = ADVANCED_FACE ( 'NONE', ( #202 ), #168, .F. ) ;
#1233 = EDGE_LOOP ( 'NONE', ( #2884, #737 ) ) ;
#1234 = EDGE_CURVE ( 'NONE', #2473, #2148, #467, .T. ) ;
#1235 = CARTESIAN_POINT ( 'NONE',  ( -230.0000000000000000, 30.00000000000000000, 0.000000000000000000 ) ) ;
#1236 = DIRECTION ( 'NONE',  ( 0.000000000000000000, 1.000000000000000000, 0.000000000000000000 ) ) ;
#1237 = ORIENTED_EDGE ( 'NONE', *, *, #239, .F. ) ;
#1238 = VERTEX_POINT ( 'NONE', #1046 ) ;
#1239 = EDGE_LOOP ( 'NONE', ( #752, #1049 ) ) ;
#1240 = CARTESIAN_POINT ( 'NONE',  ( 29.61890482777101852, 42.79018236925832497, 13.80520263827293448 ) ) ;
#1241 = CARTESIAN_POINT ( 'NONE',  ( -1.665334536937734811E-13, 262.0000000000001705, 3.000000000000002665 ) ) ;
#1242 = AXIS2_PLACEMENT_3D ( 'NONE', #2544, #2102, #1858 ) ;
#1243 = LINE ( 'NONE', #2166, #3017 ) ;
#1244 = AXIS2_PLACEMENT_3D ( 'NONE', #1980, #765, #2443 ) ;
#1245 = CARTESIAN_POINT ( 'NONE',  ( 347.8819175290901740, 330.4742485072871432, -2.081668171172168513E-12 ) ) ;
#1246 = CARTESIAN_POINT ( 'NONE',  ( 0.7530417408663757639, 34.99999999999997868, 20.49999999999999645 ) ) ;
#1247 =( BOUNDED_CURVE ( )  B_SPLINE_CURVE ( 3, ( #764, #41, #2680, #8 ),
 .UNSPECIFIED., .F., .T. ) 
 B_SPLINE_CURVE_WITH_KNOTS ( ( 4, 4 ),
 ( 3.141592653589793116, 6.283185307179586232 ),
 .UNSPECIFIED. ) 
 CURVE ( )  GEOMETRIC_REPRESENTATION_ITEM ( )  RATIONAL_B_SPLINE_CURVE ( ( 1.000000000000000000, 0.3333333333333333703, 0.3333333333333333703, 1.000000000000000000 ) ) 
 REPRESENTATION_ITEM ( '' )  );
#1248 = VECTOR ( 'NONE', #2018, 1000.000000000000000 ) ;
#1249 = DIRECTION ( 'NONE',  ( -1.000000000000000000, 4.898587196589414308E-17, 0.000000000000000000 ) ) ;
#1250 = CARTESIAN_POINT ( 'NONE',  ( 578.3381608683376953, 12.05546962363424868, 16.36730770653025857 ) ) ;
#1251 = ADVANCED_FACE ( 'NONE', ( #766, #2079, #2389 ), #331, .F. ) ;
#1252 = ORIENTED_EDGE ( 'NONE', *, *, #2721, .F. ) ;
#1253 = DIRECTION ( 'NONE',  ( 0.000000000000000000, 0.000000000000000000, 1.000000000000000000 ) ) ;
#1254 = VERTEX_POINT ( 'NONE', #1567 ) ;
#1255 = CARTESIAN_POINT ( 'NONE',  ( 607.0000000000000000, 0.000000000000000000, 25.00000000000000000 ) ) ;
#1256 = CARTESIAN_POINT ( 'NONE',  ( 29.74749384329288304, 42.99999999999997868, 12.23446496676146644 ) ) ;
#1257 =( NAMED_UNIT ( * ) SI_UNIT ( $, .STERADIAN. ) SOLID_ANGLE_UNIT ( ) );
#1258 = VECTOR ( 'NONE', #1441, 1000.000000000000000 ) ;
#1259 = PRESENTATION_LAYER_ASSIGNMENT (  '', '', ( #1635 ) ) ;
#1260 = CARTESIAN_POINT ( 'NONE',  ( 43.59178261351764405, 38.99999999999997868, 4.000000000000000000 ) ) ;
#1261 = ORIENTED_EDGE ( 'NONE', *, *, #1619, .T. ) ;
#1262 = ORIENTED_EDGE ( 'NONE', *, *, #871, .F. ) ;
#1263 = FACE_OUTER_BOUND ( 'NONE', #761, .T. ) ;
#1264 = EDGE_CURVE ( 'NONE', #2743, #230, #1413, .T. ) ;
#1265 = DIRECTION ( 'NONE',  ( 1.000000000000000000, 0.000000000000000000, 0.000000000000000000 ) ) ;
#1266 = PRESENTATION_LAYER_ASSIGNMENT (  '', '', ( #2793 ) ) ;
#1267 = AXIS2_PLACEMENT_3D ( 'NONE', #570, #319, #2745 ) ;
#1268 = CARTESIAN_POINT ( 'NONE',  ( 262.0000000000000000, 0.000000000000000000, 15.00000000000001421 ) ) ;
#1269 = DIRECTION ( 'NONE',  ( 1.000000000000000000, 0.000000000000000000, 0.000000000000000000 ) ) ;
#1270 = ADVANCED_FACE ( 'NONE', ( #2651 ), #2583, .F. ) ;
#1271 =( LENGTH_UNIT ( ) NAMED_UNIT ( * ) SI_UNIT ( .MILLI., .METRE. ) );
#1272 = DIRECTION ( 'NONE',  ( 0.000000000000000000, -3.421138828917998273E-49, -1.000000000000000000 ) ) ;
#1273 = DIRECTION ( 'NONE',  ( 0.000000000000000000, 0.000000000000000000, -1.000000000000000000 ) ) ;
#1274 = ORIENTED_EDGE ( 'NONE', *, *, #2579, .T. ) ;
#1275 = CARTESIAN_POINT ( 'NONE',  ( 28.59178261351769024, 38.99999999999997868, 16.50000000000000000 ) ) ;
#1276 = EDGE_CURVE ( 'NONE', #1959, #1710, #2359, .T. ) ;
#1277 = EDGE_LOOP ( 'NONE', ( #2044, #1007, #602, #3063 ) ) ;
#1278 = CARTESIAN_POINT ( 'NONE',  ( 29.07244089420211353, 41.64897852808069700, 15.50808729322347368 ) ) ;
#1279 = CARTESIAN_POINT ( 'NONE',  ( 0.000000000000000000, 0.000000000000000000, 25.00000000000000000 ) ) ;
#1280 = EDGE_LOOP ( 'NONE', ( #1161, #2372, #2410, #1778 ) ) ;
#1281 = PRODUCT ( 'A372080-MESA GRANDE_BAJA', 'A372080-MESA GRANDE_BAJA', '', ( #1820 ) ) ;
#1282 = CARTESIAN_POINT ( 'NONE',  ( 577.9995263588062926, 8.547582416367859537, 9.329310456764998705 ) ) ;
#1283 = CARTESIAN_POINT ( 'NONE',  ( 0.000000000000000000, -262.0000000000000000, 3.000000000000002665 ) ) ;
#1284 = EDGE_CURVE ( 'NONE', #2792, #1491, #1948, .T. ) ;
#1285 = ORIENTED_EDGE ( 'NONE', *, *, #455, .T. ) ;
#1286 = CARTESIAN_POINT ( 'NONE',  ( 578.4082173864824199, 11.26935691232881531, 8.500000000000000000 ) ) ;
#1287 = CARTESIAN_POINT ( 'NONE',  ( 43.59178261351764405, 38.99999999999997868, 25.00000000000000000 ) ) ;
#1288 = ADVANCED_FACE ( 'NONE', ( #90 ), #508, .F. ) ;
#1289 = ORIENTED_EDGE ( 'NONE', *, *, #2158, .F. ) ;
#1290 = EDGE_CURVE ( 'NONE', #1833, #875, #3064, .T. ) ;
#1291 = CARTESIAN_POINT ( 'NONE',  ( 29.74749384329288304, 34.99999999999998579, 12.50000000000000000 ) ) ;
#1292 = CIRCLE ( 'NONE', #140, 2.499999999999901412 ) ;
#1293 = CARTESIAN_POINT ( 'NONE',  ( 577.7802529702253196, 7.989469954383761952, 15.14617222310630851 ) ) ;
#1294 = DIRECTION ( 'NONE',  ( 1.000000000000000000, 0.000000000000000000, 0.000000000000000000 ) ) ;
#1295 = VECTOR ( 'NONE', #2875, 1000.000000000000000 ) ;
#1296 = DIRECTION ( 'NONE',  ( -1.660317837198427472E-15, -0.9862856015372309937, -0.1650476058606802909 ) ) ;
#1297 = CARTESIAN_POINT ( 'NONE',  ( 607.0000000000000000, 0.000000000000000000, 25.00000000000000000 ) ) ;
#1298 = DIRECTION ( 'NONE',  ( 0.000000000000000000, 0.000000000000000000, -1.000000000000000000 ) ) ;
#1299 = ORIENTED_EDGE ( 'NONE', *, *, #3108, .F. ) ;
#1300 = CYLINDRICAL_SURFACE ( 'NONE', #1092, 2.500000000000002220 ) ;
#1301 = CARTESIAN_POINT ( 'NONE',  ( 29.61869562500537967, 35.21021866674193035, 13.80578770852920734 ) ) ;
#1302 = ORIENTED_EDGE ( 'NONE', *, *, #495, .T. ) ;
#1303 = CARTESIAN_POINT ( 'NONE',  ( 578.3524075395257569, 10.07734390319625817, 16.39441536424055457 ) ) ;
#1304 = VECTOR ( 'NONE', #150, 1000.000000000000000 ) ;
#1305 = VERTEX_POINT ( 'NONE', #623 ) ;
#1306 = APPLICATION_PROTOCOL_DEFINITION ( 'draft international standard', 'automotive_design', 1998, #339 ) ;
#1307 = PRESENTATION_LAYER_ASSIGNMENT (  '', '', ( #3033 ) ) ;
#1308 = DIRECTION ( 'NONE',  ( 1.000000000000000000, 0.000000000000000000, 0.000000000000000000 ) ) ;
#1309 = CARTESIAN_POINT ( 'NONE',  ( 29.43696651582695623, 21.53744125223068195, 10.48072702481801954 ) ) ;
#1310 = EDGE_CURVE ( 'NONE', #894, #1165, #2171, .T. ) ;
#1311 = CARTESIAN_POINT ( 'NONE',  ( 278.4999999999999432, 0.000000000000000000, 25.00000000000006395 ) ) ;
#1312 = CARTESIAN_POINT ( 'NONE',  ( 607.0000000000000000, 49.99999999999998579, 25.00000000000000000 ) ) ;
#1313 = CARTESIAN_POINT ( 'NONE',  ( 2.091782613517723100, 4.000000000000007105, 12.50000000000000000 ) ) ;
#1314 = ORIENTED_EDGE ( 'NONE', *, *, #644, .T. ) ;
#1315 = ORIENTED_EDGE ( 'NONE', *, *, #2316, .F. ) ;
#1316 = CARTESIAN_POINT ( 'NONE',  ( 28.86429514312065336, 22.98388593033449823, 9.035439906821546074 ) ) ;
#1317 = CARTESIAN_POINT ( 'NONE',  ( 29.29714168625436344, 35.82060178761824432, 14.94093172534079805 ) ) ;
#1318 = ORIENTED_EDGE ( 'NONE', *, *, #2502, .T. ) ;
#1319 = CLOSED_SHELL ( 'NONE', ( #2085, #306, #2043, #1834, #1465, #42, #382, #58, #9, #2898, #25, #2543, #2436, #1752, #758, #1583, #1288, #2965, #1320, #1773, #512, #1956, #2309, #1480, #1717, #840 ) ) ;
#1320 = ADVANCED_FACE ( 'NONE', ( #2814 ), #640, .F. ) ;
#1321 = ORIENTED_EDGE ( 'NONE', *, *, #30, .T. ) ;
#1322 = DIRECTION ( 'NONE',  ( 0.000000000000000000, 0.000000000000000000, 1.000000000000000000 ) ) ;
#1323 = DIRECTION ( 'NONE',  ( 0.000000000000000000, 0.000000000000000000, 1.000000000000000000 ) ) ;
#1324 = CARTESIAN_POINT ( 'NONE',  ( 604.4061895592379869, 43.00000000000003553, 9.499999999999998224 ) ) ;
#1325 = EDGE_LOOP ( 'NONE', ( #2385, #2278 ) ) ;
#1326 = CARTESIAN_POINT ( 'NONE',  ( 24.99999999999999289, 10.00000000000000888, 12.50000000000000000 ) ) ;
#1327 = CARTESIAN_POINT ( 'NONE',  ( 578.3381608683376953, 12.05546962363424868, 16.36730770653025502 ) ) ;
#1328 = PLANE ( 'NONE',  #381 ) ;
#1329 = FACE_OUTER_BOUND ( 'NONE', #620, .T. ) ;
#1330 = VERTEX_POINT ( 'NONE', #1588 ) ;
#1331 = AXIS2_PLACEMENT_3D ( 'NONE', #2972, #2906, #2029 ) ;
#1332 = ITEM_DEFINED_TRANSFORMATION ( 'NONE', 'NONE', #1533,  #2791 ) ;
#1333 = LINE ( 'NONE', #1139, #2347 ) ;
#1334 = FILL_AREA_STYLE ('',( #3021 ) ) ;
#1335 = LINE ( 'NONE', #104, #403 ) ;
#1336 = ADVANCED_FACE ( 'NONE', ( #321 ), #1846, .F. ) ;
#1337 = ORIENTED_EDGE ( 'NONE', *, *, #953, .T. ) ;
#1338 = CARTESIAN_POINT ( 'NONE',  ( 2.091782613517795930, 21.00000000000007816, 12.50000000000019185 ) ) ;
#1339 = EDGE_CURVE ( 'NONE', #1590, #2880, #1681, .T. ) ;
#1340 = CIRCLE ( 'NONE', #2129, 2.500000000000002220 ) ;
#1341 = ORIENTED_EDGE ( 'NONE', *, *, #1200, .F. ) ;
#1342 = ORIENTED_EDGE ( 'NONE', *, *, #2799, .F. ) ;
#1343 = CARTESIAN_POINT ( 'NONE',  ( 328.5000000000000000, 49.99999999999998579, 25.00000000000000000 ) ) ;
#1344 = LINE ( 'NONE', #2364, #630 ) ;
#1345 = EDGE_CURVE ( 'NONE', #2296, #955, #1532, .T. ) ;
#1346 = CARTESIAN_POINT ( 'NONE',  ( 29.74318859888725797, 35.00680506311407214, 12.23111293515948539 ) ) ;
#1347 = DIRECTION ( 'NONE',  ( -3.816391647148972649E-16, -1.710569414459065985E-49, -1.000000000000000000 ) ) ;
#1348 = FILL_AREA_STYLE_COLOUR ( '', #1449 ) ;
#1349 = ADVANCED_FACE ( 'NONE', ( #234 ), #2110, .F. ) ;
#1350 =( BOUNDED_CURVE ( )  B_SPLINE_CURVE ( 3, ( #405, #2332, #2798, #887 ),
 .UNSPECIFIED., .F., .F. ) 
 B_SPLINE_CURVE_WITH_KNOTS ( ( 4, 4 ),
 ( 3.141592653589793116, 6.283185307179586232 ),
 .UNSPECIFIED. ) 
 CURVE ( )  GEOMETRIC_REPRESENTATION_ITEM ( )  RATIONAL_B_SPLINE_CURVE ( ( 1.000000000000000000, 0.3333333333333333703, 0.3333333333333333703, 1.000000000000000000 ) ) 
 REPRESENTATION_ITEM ( '' )  );
#1351 = ORIENTED_EDGE ( 'NONE', *, *, #2062, .T. ) ;
#1352 = CARTESIAN_POINT ( 'NONE',  ( 29.61869562500542585, 21.21021866674198009, 13.80578770852940274 ) ) ;
#1353 = VERTEX_POINT ( 'NONE', #536 ) ;
#1354 = CARTESIAN_POINT ( 'NONE',  ( 29.74749384329288304, 34.99999999999999289, 12.36653386758335316 ) ) ;
#1355 = ORIENTED_EDGE ( 'NONE', *, *, #3015, .T. ) ;
#1356 = CARTESIAN_POINT ( 'NONE',  ( 582.0000000000000000, 11.00000000000001066, 16.50000000000000000 ) ) ;
#1357 = ORIENTED_EDGE ( 'NONE', *, *, #1779, .F. ) ;
#1358 = CARTESIAN_POINT ( 'NONE',  ( 578.1337430403752933, 13.02289542924842181, 15.96043497591306171 ) ) ;
#1359 = CARTESIAN_POINT ( 'NONE',  ( 29.43925738726989749, 21.53306670997638861, 14.51173910912870291 ) ) ;
#1360 = VECTOR ( 'NONE', #1724, 1000.000000000000000 ) ;
#1361 = ORIENTED_EDGE ( 'NONE', *, *, #1940, .T. ) ;
#1362 = DIRECTION ( 'NONE',  ( 1.000000000000000000, 0.000000000000000000, 0.000000000000000000 ) ) ;
#1363 = VECTOR ( 'NONE', #1777, 999.9999999999998863 ) ;
#1364 = SHAPE_DEFINITION_REPRESENTATION ( #2490, #767 ) ;
#1365 = EDGE_CURVE ( 'NONE', #1710, #1959, #2737, .T. ) ;
#1366 = LINE ( 'NONE', #967, #2773 ) ;
#1367 = FACE_OUTER_BOUND ( 'NONE', #1898, .T. ) ;
#1368 = EDGE_LOOP ( 'NONE', ( #420, #2752, #637, #2484, #1096 ) ) ;
#1369 = CARTESIAN_POINT ( 'NONE',  ( 607.0000000000000000, 0.000000000000000000, 25.00000000000000000 ) ) ;
#1370 = EDGE_CURVE ( 'NONE', #2550, #894, #2870, .T. ) ;
#1371 = AXIS2_PLACEMENT_3D ( 'NONE', #2331, #2315, #611 ) ;
#1372 = AXIS2_PLACEMENT_3D ( 'NONE', #1515, #1504, #2001 ) ;
#1373 = DIRECTION ( 'NONE',  ( 0.000000000000000000, 0.000000000000000000, 1.000000000000000000 ) ) ;
#1374 = COLOUR_RGB ( '',1.000000000000000000, 1.000000000000000000, 1.000000000000000000 ) ;
#1375 = DIRECTION ( 'NONE',  ( 0.000000000000000000, 1.000000000000000000, 0.000000000000000000 ) ) ;
#1376 = DIRECTION ( 'NONE',  ( 0.000000000000000000, 1.000000000000000000, 3.421138828917998273E-49 ) ) ;
#1377 = EDGE_LOOP ( 'NONE', ( #1199, #846, #1946, #2358, #2590, #727, #2121, #400 ) ) ;
#1378 = DIRECTION ( 'NONE',  ( 0.000000000000000000, 1.000000000000000000, 0.000000000000000000 ) ) ;
#1379 = CIRCLE ( 'NONE', #2855, 2.500000000000002220 ) ;
#1380 = EDGE_CURVE ( 'NONE', #2292, #2081, #21, .T. ) ;
#1381 = ORIENTED_EDGE ( 'NONE', *, *, #3046, .T. ) ;
#1382 = CARTESIAN_POINT ( 'NONE',  ( 278.4999999999999432, 0.000000000000000000, 12.50000000000000000 ) ) ;
#1383 = DIRECTION ( 'NONE',  ( 0.1650476058606801799, 0.000000000000000000, -0.9862856015372309937 ) ) ;
#1384 = PLANE ( 'NONE',  #2310 ) ;
#1385 = ORIENTED_EDGE ( 'NONE', *, *, #2426, .F. ) ;
#1386 = VERTEX_POINT ( 'NONE', #1260 ) ;
#1387 = AXIS2_PLACEMENT_3D ( 'NONE', #1219, #2894, #2272 ) ;
#1388 = EDGE_CURVE ( 'NONE', #2267, #939, #961, .T. ) ;
#1389 = CARTESIAN_POINT ( 'NONE',  ( 4.183565227035446199, 0.000000000000000000, 1.110223024625156540E-13 ) ) ;
#1390 = ORIENTED_EDGE ( 'NONE', *, *, #2316, .T. ) ;
#1391 = PLANE ( 'NONE',  #2431 ) ;
#1392 = ORIENTED_EDGE ( 'NONE', *, *, #2395, .T. ) ;
#1393 = CARTESIAN_POINT ( 'NONE',  ( 3.095838268006238181, 4.000000000000004441, 6.500000000000000888 ) ) ;
#1394 = CARTESIAN_POINT ( 'NONE',  ( 29.74749384329288304, 34.99999999999999289, 12.36653386758334960 ) ) ;
#1395 = EDGE_LOOP ( 'NONE', ( #73, #1512, #1201, #1609 ) ) ;
#1396 = EDGE_CURVE ( 'NONE', #2308, #1353, #1379, .T. ) ;
#1397 = EDGE_LOOP ( 'NONE', ( #1299, #2595 ) ) ;
#1398 = CARTESIAN_POINT ( 'NONE',  ( 28.59178261351763695, 39.26638099603761844, 8.499999999999991118 ) ) ;
#1399 = CARTESIAN_POINT ( 'NONE',  ( 25.00000000000002132, 38.99999999999997868, 12.50000000000000000 ) ) ;
#1400 = FACE_OUTER_BOUND ( 'NONE', #2092, .T. ) ;
#1401 = EDGE_CURVE ( 'NONE', #1440, #697, #1812, .T. ) ;
#1402 = DIRECTION ( 'NONE',  ( 0.000000000000000000, 3.421138828917998273E-49, 1.000000000000000000 ) ) ;
#1403 = ITEM_DEFINED_TRANSFORMATION ( 'NONE', 'NONE', #340,  #2791 ) ;
#1404 = DIRECTION ( 'NONE',  ( 0.000000000000000000, 1.000000000000000000, 0.000000000000000000 ) ) ;
#1405 = LINE ( 'NONE', #10, #229 ) ;
#1406 = ORIENTED_EDGE ( 'NONE', *, *, #2869, .F. ) ;
#1407 = CIRCLE ( 'NONE', #982, 7.500000000000000000 ) ;
#1408 = CARTESIAN_POINT ( 'NONE',  ( 24.99999999999999289, 10.00000000000000711, 12.50000000000000000 ) ) ;
#1409 = CARTESIAN_POINT ( 'NONE',  ( 306.0000000000000000, 25.00000000000002132, 12.50000000000002842 ) ) ;
#1410 = AXIS2_PLACEMENT_3D ( 'NONE', #549, #1492, #2452 ) ;
#1411 = AXIS2_PLACEMENT_3D ( 'NONE', #1942, #24, #1727 ) ;
#1412 = CARTESIAN_POINT ( 'NONE',  ( 28.70283011518172245, 26.30968730392518751, 8.711269108133016914 ) ) ;
#1413 = CIRCLE ( 'NONE', #1242, 3.000000000000002665 ) ;
#1414 = ORIENTED_EDGE ( 'NONE', *, *, #1365, .F. ) ;
#1415 = DIRECTION ( 'NONE',  ( -1.000000000000000000, 0.000000000000000000, 0.000000000000000000 ) ) ;
#1416 = ORIENTED_EDGE ( 'NONE', *, *, #1923, .T. ) ;
#1417 = DIRECTION ( 'NONE',  ( -0.000000000000000000, 1.577721810442023611E-30, 1.000000000000000000 ) ) ;
#1418 = LINE ( 'NONE', #410, #1992 ) ;
#1419 = CARTESIAN_POINT ( 'NONE',  ( 570.9082173864823062, 11.00000000000001066, 25.00000000000000000 ) ) ;
#1420 = CARTESIAN_POINT ( 'NONE',  ( 577.3351443449237195, 14.86633285920674474, 13.55979427822470740 ) ) ;
#1421 = FILL_AREA_STYLE_COLOUR ( '', #261 ) ;
#1422 = DIRECTION ( 'NONE',  ( 0.1650476058606760166, 0.000000000000000000, 0.9862856015372317708 ) ) ;
#1423 = CARTESIAN_POINT ( 'NONE',  ( 28.86672159152539052, 27.02457036154301662, 9.040526688855647919 ) ) ;
#1424 = AXIS2_PLACEMENT_3D ( 'NONE', #833, #2776, #1853 ) ;
#1425 = VERTEX_POINT ( 'NONE', #2478 ) ;
#1426 = CARTESIAN_POINT ( 'NONE',  ( 2.091782613517736866, 4.000000000000007105, 12.50000000000000000 ) ) ;
#1427 = DIRECTION ( 'NONE',  ( 0.000000000000000000, -1.000000000000000000, 0.000000000000000000 ) ) ;
#1428 = ORIENTED_EDGE ( 'NONE', *, *, #1716, .T. ) ;
#1429 = PRODUCT_DEFINITION_SHAPE ( 'NONE', 'NONE',  #3127 ) ;
#1430 = EDGE_CURVE ( 'NONE', #3003, #1425, #658, .T. ) ;
#1431 = DIRECTION ( 'NONE',  ( 0.000000000000000000, 0.000000000000000000, 1.000000000000000000 ) ) ;
#1432 = AXIS2_PLACEMENT_3D ( 'NONE', #1459, #1175, #6 ) ;
#1433 = AXIS2_PLACEMENT_3D ( 'NONE', #348, #2481, #2016 ) ;
#1434 = ORIENTED_EDGE ( 'NONE', *, *, #149, .T. ) ;
#1435 = CARTESIAN_POINT ( 'NONE',  ( 0.000000000000000000, 49.99999999999998579, 25.00000000000000000 ) ) ;
#1436 = CARTESIAN_POINT ( 'NONE',  ( 0.000000000000000000, 0.000000000000000000, 4.000000000000000000 ) ) ;
#1437 = CARTESIAN_POINT ( 'NONE',  ( 578.4082173864824199, 11.00000000000001066, 16.50000000000000000 ) ) ;
#1438 =( GEOMETRIC_REPRESENTATION_CONTEXT ( 3 ) GLOBAL_UNCERTAINTY_ASSIGNED_CONTEXT ( ( #377 ) ) GLOBAL_UNIT_ASSIGNED_CONTEXT ( ( #2818, #1877, #1621 ) ) REPRESENTATION_CONTEXT ( 'NONE', 'WORKASPACE' ) );
#1439 = VECTOR ( 'NONE', #1888, 1000.000000000000000 ) ;
#1440 = VERTEX_POINT ( 'NONE', #1013 ) ;
#1441 = DIRECTION ( 'NONE',  ( 0.000000000000000000, 1.000000000000000000, 0.000000000000000000 ) ) ;
#1442 = LINE ( 'NONE', #47, #1363 ) ;
#1443 = CYLINDRICAL_SURFACE ( 'NONE', #2930, 4.000000000000003553 ) ;
#1444 = CARTESIAN_POINT ( 'NONE',  ( 28.59178261351764405, 38.99999999999997868, 25.00000000000000000 ) ) ;
#1445 = FACE_OUTER_BOUND ( 'NONE', #2948, .T. ) ;
#1446 = EDGE_CURVE ( 'NONE', #567, #1117, #2327, .T. ) ;
#1447 = LINE ( 'NONE', #363, #1849 ) ;
#1448 = CARTESIAN_POINT ( 'NONE',  ( -264.5000000000000000, 5.581731293104467120E-14, 3.000000000000058176 ) ) ;
#1449 = COLOUR_RGB ( '',1.000000000000000000, 1.000000000000000000, 1.000000000000000000 ) ;
#1450 = ORIENTED_EDGE ( 'NONE', *, *, #1234, .F. ) ;
#1451 = CARTESIAN_POINT ( 'NONE',  ( 577.7802529702253196, 7.989469954383760175, 15.14617222310631206 ) ) ;
#1452 = CARTESIAN_POINT ( 'NONE',  ( 28.59178261351764405, 38.99999999999997868, 25.00000000000000000 ) ) ;
#1453 = PRODUCT_DEFINITION_SHAPE ( 'NONE', 'NONE',  #1977 ) ;
#1454 = VECTOR ( 'NONE', #786, 1000.000000000000000 ) ;
#1455 = EDGE_CURVE ( 'NONE', #2827, #1983, #989, .T. ) ;
#1456 = DIRECTION ( 'NONE',  ( 1.000000000000000000, 0.000000000000000000, 0.000000000000000000 ) ) ;
#1457 = EDGE_LOOP ( 'NONE', ( #2788, #254, #143, #161, #1355, #1274, #1966, #2217 ) ) ;
#1458 = CYLINDRICAL_SURFACE ( 'NONE', #893, 2.500000000000002220 ) ;
#1459 = CARTESIAN_POINT ( 'NONE',  ( 36.09178261351770090, 25.00000000000002132, 25.00000000000014566 ) ) ;
#1460 = VERTEX_POINT ( 'NONE', #735 ) ;
#1461 = DIRECTION ( 'NONE',  ( 0.000000000000000000, 0.000000000000000000, -1.000000000000000000 ) ) ;
#1462 = CARTESIAN_POINT ( 'NONE',  ( 578.1948956925057246, 9.206889658898873563, 8.914835784499778981 ) ) ;
#1463 = CARTESIAN_POINT ( 'NONE',  ( 2.091782613517736866, 10.00000000000000888, 12.50000000000000000 ) ) ;
#1464 = CARTESIAN_POINT ( 'NONE',  ( 28.59178261351763695, 39.26638099603761844, 8.499999999999991118 ) ) ;
#1465 = ADVANCED_FACE ( 'NONE', ( #2133 ), #1904, .F. ) ;
#1466 = ORIENTED_EDGE ( 'NONE', *, *, #3075, .T. ) ;
#1467 = DIRECTION ( 'NONE',  ( 0.000000000000000000, 0.000000000000000000, 1.000000000000000000 ) ) ;
#1468 = CARTESIAN_POINT ( 'NONE',  ( 24.99999999999999289, 4.000000000000005329, 12.50000000000000000 ) ) ;
#1469 = ORIENTED_EDGE ( 'NONE', *, *, #889, .T. ) ;
#1470 = EDGE_LOOP ( 'NONE', ( #691, #2815 ) ) ;
#1471 = EDGE_CURVE ( 'NONE', #1959, #1614, #3020, .T. ) ;
#1472 = ORIENTED_EDGE ( 'NONE', *, *, #2368, .T. ) ;
#1473 = CARTESIAN_POINT ( 'NONE',  ( 29.29651196125953660, 42.17807198169526828, 10.05729040082034942 ) ) ;
#1474 = AXIS2_PLACEMENT_3D ( 'NONE', #2019, #2483, #1036 ) ;
#1475 = EDGE_LOOP ( 'NONE', ( #1775, #742 ) ) ;
#1476 = AXIS2_PLACEMENT_3D ( 'NONE', #260, #731, #2064 ) ;
#1477 = DIRECTION ( 'NONE',  ( 0.000000000000000000, 0.000000000000000000, 1.000000000000000000 ) ) ;
#1478 = DIRECTION ( 'NONE',  ( 1.000000000000000000, 0.000000000000000000, 0.000000000000000000 ) ) ;
#1479 = FILL_AREA_STYLE ('',( #1421 ) ) ;
#1480 = ADVANCED_FACE ( 'NONE', ( #1211, #578, #716 ), #1967, .F. ) ;
#1481 = CARTESIAN_POINT ( 'NONE',  ( 313.3164347729645556, 11.00000000000006573, 25.00000000000002132 ) ) ;
#1482 = CIRCLE ( 'NONE', #1690, 2.500000000000002220 ) ;
#1483 = CARTESIAN_POINT ( 'NONE',  ( -262.0000000000000000, 5.551115123125782702E-14, 15.00000000000001421 ) ) ;
#1484 = CYLINDRICAL_SURFACE ( 'NONE', #500, 2.499999999999891198 ) ;
#1485 = PRESENTATION_STYLE_ASSIGNMENT (( #3059 ) ) ;
#1486 = DIRECTION ( 'NONE',  ( 0.000000000000000000, 0.000000000000000000, 1.000000000000000000 ) ) ;
#1487 = VECTOR ( 'NONE', #2099, 1000.000000000000000 ) ;
#1488 = DIRECTION ( 'NONE',  ( 2.465190328815661892E-32, -6.938893903907223447E-17, -1.000000000000000000 ) ) ;
#1489 = DIRECTION ( 'NONE',  ( 0.000000000000000000, -3.421138828917998273E-49, -1.000000000000000000 ) ) ;
#1490 = PRODUCT_DEFINITION ( 'UNKNOWN', '', #2830, #1146 ) ;
#1491 = VERTEX_POINT ( 'NONE', #422 ) ;
#1492 = DIRECTION ( 'NONE',  ( -6.938893903907225912E-17, 0.000000000000000000, -1.000000000000000000 ) ) ;
#1493 = ORIENTED_EDGE ( 'NONE', *, *, #30, .F. ) ;
#1494 = VECTOR ( 'NONE', #1541, 1000.000000000000000 ) ;
#1495 = CARTESIAN_POINT ( 'NONE',  ( 602.8164347729644987, 49.99999999999998579, 0.000000000000000000 ) ) ;
#1496 = CARTESIAN_POINT ( 'NONE',  ( 2.091782613517723100, 42.99999999999998579, 12.50000000000000000 ) ) ;
#1497 = CIRCLE ( 'NONE', #1203, 7.500000000000000000 ) ;
#1498 = CARTESIAN_POINT ( 'NONE',  ( 29.43737285495719291, 42.46329251201851207, 14.51783804385862098 ) ) ;
#1499 = ORIENTED_EDGE ( 'NONE', *, *, #2262, .T. ) ;
#1500 = LINE ( 'NONE', #2528, #2997 ) ;
#1501 = CARTESIAN_POINT ( 'NONE',  ( 29.07444152554825934, 41.65424835560135364, 9.496568584262860213 ) ) ;
#1502 = ADVANCED_FACE ( 'NONE', ( #194 ), #1484, .F. ) ;
#1503 =( LENGTH_UNIT ( ) NAMED_UNIT ( * ) SI_UNIT ( .MILLI., .METRE. ) );
#1504 = DIRECTION ( 'NONE',  ( 1.000000000000000000, 0.000000000000000000, 0.000000000000000000 ) ) ;
#1505 = CARTESIAN_POINT ( 'NONE',  ( 303.5000000000000000, 25.00000000000002132, 12.50000000000002842 ) ) ;
#1506 = EDGE_CURVE ( 'NONE', #2550, #486, #1845, .T. ) ;
#1507 = CARTESIAN_POINT ( 'NONE',  ( 28.59178261351763695, 38.99999999999997868, 16.50000000000000000 ) ) ;
#1508 = VERTEX_POINT ( 'NONE', #1389 ) ;
#1509 = CARTESIAN_POINT ( 'NONE',  ( 328.5000000000000000, 0.000000000000000000, 3.816391647148975608E-14 ) ) ;
#1510 = CARTESIAN_POINT ( 'NONE',  ( 578.1957618107136341, 9.210597915231806709, 16.08690865206855491 ) ) ;
#1511 = CARTESIAN_POINT ( 'NONE',  ( 2.091782613517736866, 4.000000000000007105, 12.50000000000000000 ) ) ;
#1512 = ORIENTED_EDGE ( 'NONE', *, *, #1125, .T. ) ;
#1513 = EDGE_CURVE ( 'NONE', #1661, #596, #1707, .T. ) ;
#1514 = ORIENTED_EDGE ( 'NONE', *, *, #978, .T. ) ;
#1515 = CARTESIAN_POINT ( 'NONE',  ( 582.0000000000000000, 43.00000000000003553, 12.50000000000000000 ) ) ;
#1516 = ORIENTED_EDGE ( 'NONE', *, *, #1276, .T. ) ;
#1517 = CARTESIAN_POINT ( 'NONE',  ( 570.9082173864823062, 11.00000000000001066, 25.00000000000000000 ) ) ;
#1518 = DIRECTION ( 'NONE',  ( 0.000000000000000000, 0.000000000000000000, 1.000000000000000000 ) ) ;
#1519 = DIRECTION ( 'NONE',  ( 0.000000000000000000, -1.577721810442023611E-30, -1.000000000000000000 ) ) ;
#1520 = SURFACE_STYLE_USAGE ( .BOTH. , #2946 ) ;
#1521 = CARTESIAN_POINT ( 'NONE',  ( 24.99999999999999289, 4.000000000000005329, 12.50000000000000000 ) ) ;
#1522 = LINE ( 'NONE', #2920, #951 ) ;
#1523 = DIRECTION ( 'NONE',  ( 1.000000000000000000, 0.000000000000000000, 0.000000000000000000 ) ) ;
#1524 = FACE_BOUND ( 'NONE', #2265, .T. ) ;
#1525 = FACE_OUTER_BOUND ( 'NONE', #1377, .T. ) ;
#1526 = CARTESIAN_POINT ( 'NONE',  ( 28.59178261351769734, 25.00000000000002132, 25.00000000000014566 ) ) ;
#1527 = VERTEX_POINT ( 'NONE', #1871 ) ;
#1528 = CARTESIAN_POINT ( 'NONE',  ( 29.74749384329288304, 34.99999999999998579, 12.76732406231674943 ) ) ;
#1529 = CARTESIAN_POINT ( 'NONE',  ( 577.7791559392536556, 7.986980987060181114, 9.856669544190637566 ) ) ;
#1530 = CARTESIAN_POINT ( 'NONE',  ( 24.99999999999996803, 21.00000000000007816, 12.50000000000019185 ) ) ;
#1531 = ADVANCED_FACE ( 'NONE', ( #679 ), #32, .F. ) ;
#1532 = LINE ( 'NONE', #292, #890 ) ;
#1533 = AXIS2_PLACEMENT_3D ( 'NONE', #27, #263, #1729 ) ;
#1534 = CARTESIAN_POINT ( 'NONE',  ( 578.4082173864824199, 11.26613286906852807, 16.50000000000001066 ) ) ;
#1535 = CARTESIAN_POINT ( 'NONE',  ( 29.21903733161536820, 21.99109385815170370, 9.851999624877871398 ) ) ;
#1536 = CARTESIAN_POINT ( 'NONE',  ( 578.4082173864824199, 11.00000000000001066, 8.499999999999996447 ) ) ;
#1537 = ORIENTED_EDGE ( 'NONE', *, *, #434, .T. ) ;
#1538 = FACE_OUTER_BOUND ( 'NONE', #2732, .T. ) ;
#1539 = EDGE_CURVE ( 'NONE', #2962, #1983, #2610, .T. ) ;
#1540 = AXIS2_PLACEMENT_3D ( 'NONE', #1213, #3116, #3107 ) ;
#1541 = DIRECTION ( 'NONE',  ( -1.000000000000000000, 0.000000000000000000, 0.000000000000000000 ) ) ;
#1542 = AXIS2_PLACEMENT_3D ( 'NONE', #2501, #1039, #1273 ) ;
#1543 = DIRECTION ( 'NONE',  ( 0.000000000000000000, 0.000000000000000000, 1.000000000000000000 ) ) ;
#1544 = CARTESIAN_POINT ( 'NONE',  ( 0.000000000000000000, 0.000000000000000000, 0.000000000000000000 ) ) ;
#1545 = DIRECTION ( 'NONE',  ( 0.1650476058606759888, 0.000000000000000000, 0.9862856015372316598 ) ) ;
#1546 = CARTESIAN_POINT ( 'NONE',  ( 29.61801484992626143, 21.21134339588815720, 11.19056021078311680 ) ) ;
#1547 = EDGE_CURVE ( 'NONE', #1698, #215, #2978, .T. ) ;
#1548 = EDGE_LOOP ( 'NONE', ( #2559, #3084, #447, #136, #343 ) ) ;
#1549 = EDGE_LOOP ( 'NONE', ( #1869, #2851 ) ) ;
#1550 = CARTESIAN_POINT ( 'NONE',  ( 5.551115123125782702E-14, 0.000000000000000000, 15.00000000000001421 ) ) ;
#1551 = DIRECTION ( 'NONE',  ( 0.000000000000000000, -1.000000000000000000, 1.577721810442023611E-30 ) ) ;
#1552 = ORIENTED_EDGE ( 'NONE', *, *, #2053, .T. ) ;
#1553 = CARTESIAN_POINT ( 'NONE',  ( 577.9999175727065222, 13.45114572423768706, 15.67152972219209772 ) ) ;
#1554 = CARTESIAN_POINT ( 'NONE',  ( 278.4999999999999432, 49.99999999999998579, 25.00000000000006395 ) ) ;
#1555 = VERTEX_POINT ( 'NONE', #2115 ) ;
#1556 = APPLICATION_CONTEXT ( 'automotive_design' ) ;
#1557 = CARTESIAN_POINT ( 'NONE',  ( 578.1949102035280248, 12.79285709400297577, 8.914816764090806700 ) ) ;
#1558 = CARTESIAN_POINT ( 'NONE',  ( 0.000000000000000000, 0.000000000000000000, 25.00000000000000000 ) ) ;
#1559 = CARTESIAN_POINT ( 'NONE',  ( 29.22155315176860668, 35.98536119522273680, 15.14150112943571180 ) ) ;
#1560 = AXIS2_PLACEMENT_3D ( 'NONE', #2179, #935, #2759 ) ;
#1561 = EDGE_CURVE ( 'NONE', #2376, #1527, #2937, .T. ) ;
#1562 = DIRECTION ( 'NONE',  ( 0.000000000000000000, 0.000000000000000000, -1.000000000000000000 ) ) ;
#1563 = DIRECTION ( 'NONE',  ( -1.000000000000000000, 0.000000000000000000, 0.000000000000000000 ) ) ;
#1564 = VECTOR ( 'NONE', #1422, 999.9999999999998863 ) ;
#1565 =( REPRESENTATION_RELATIONSHIP ('NONE','NONE', #1939, #895 ) REPRESENTATION_RELATIONSHIP_WITH_TRANSFORMATION ( #1064 )SHAPE_REPRESENTATION_RELATIONSHIP( ) );
#1566 = VECTOR ( 'NONE', #1298, 1000.000000000000000 ) ;
#1567 = CARTESIAN_POINT ( 'NONE',  ( 0.000000000000000000, 49.99999999999998579, 25.00000000000000000 ) ) ;
#1568 = CARTESIAN_POINT ( 'NONE',  ( 28.72798599913710760, 23.57187296846243996, 8.761364195328889437 ) ) ;
#1569 = DIRECTION ( 'NONE',  ( 0.000000000000000000, 1.577721810442023611E-30, 1.000000000000000000 ) ) ;
#1570 = DIRECTION ( 'NONE',  ( 1.000000000000000000, 0.000000000000000000, 0.000000000000000000 ) ) ;
#1571 = FACE_BOUND ( 'NONE', #1549, .T. ) ;
#1572 = VERTEX_POINT ( 'NONE', #652 ) ;
#1573 = FACE_BOUND ( 'NONE', #166, .T. ) ;
#1574 = CARTESIAN_POINT ( 'NONE',  ( 328.5000000000000000, 0.000000000000000000, 25.00000000000004974 ) ) ;
#1575 = DIRECTION ( 'NONE',  ( 0.1650476058606772933, 0.000000000000000000, -0.9862856015372314378 ) ) ;
#1576 = EDGE_CURVE ( 'NONE', #1893, #1915, #891, .T. ) ;
#1577 = DIRECTION ( 'NONE',  ( 0.000000000000000000, 1.577721810442023611E-30, 1.000000000000000000 ) ) ;
#1578 = CIRCLE ( 'NONE', #2547, 2.499999999999901412 ) ;
#1579 = ORIENTED_EDGE ( 'NONE', *, *, #1430, .F. ) ;
#1580 = CARTESIAN_POINT ( 'NONE',  ( 325.8164347729646124, 1.110223024625156540E-13, 25.00000000000014566 ) ) ;
#1581 = DIRECTION ( 'NONE',  ( 0.1650476058606772933, 0.000000000000000000, -0.9862856015372314378 ) ) ;
#1582 = VECTOR ( 'NONE', #2460, 1000.000000000000000 ) ;
#1583 = ADVANCED_FACE ( 'NONE', ( #1065 ), #2807, .F. ) ;
#1584 = AXIS2_PLACEMENT_3D ( 'NONE', #3016, #2010, #279 ) ;
#1585 = DIRECTION ( 'NONE',  ( -1.000000000000000000, 4.898587196589414308E-17, 0.000000000000000000 ) ) ;
#1586 = CARTESIAN_POINT ( 'NONE',  ( 577.5620951959160720, 14.46435572695710547, 14.51620078513263223 ) ) ;
#1587 = EDGE_LOOP ( 'NONE', ( #2905, #1472 ) ) ;
#1588 = CARTESIAN_POINT ( 'NONE',  ( 259.5000000000001137, 3.061616997868286506E-16, 15.00000000000001421 ) ) ;
#1589 = CARTESIAN_POINT ( 'NONE',  ( 607.0000000000000000, 49.99999999999998579, 25.00000000000000000 ) ) ;
#1590 = VERTEX_POINT ( 'NONE', #676 ) ;
#1591 = UNCERTAINTY_MEASURE_WITH_UNIT (LENGTH_MEASURE( 1.000000000000000082E-05 ), #2467, 'distance_accuracy_value', 'NONE');
#1592 = ORIENTED_EDGE ( 'NONE', *, *, #2433, .F. ) ;
#1593 = SURFACE_SIDE_STYLE ('',( #1937 ) ) ;
#1594 = B_SPLINE_CURVE_WITH_KNOTS ( 'NONE', 3,
 ( #2542, #1354, #1346, #1819, #1804, #2277, #2042, #387, #1595, #2790, #586, #608, #3032, #350, #861, #2530, #2763, #1072, #142, #2555, #838, #2058 ),
 .UNSPECIFIED., .F., .F.,
 ( 4, 2, 2, 2, 2, 2, 2, 2, 2, 2, 4 ),
 ( 0.006383785171032279812, 0.006782186978548441006, 0.007180588786064601332, 0.007977392401096919383, 0.008774196016129236567, 0.009570999631161553750, 0.01036780324619387267, 0.01116460686122618985, 0.01156300866874234931, 0.01196141047625850877, 0.01275821409129082942 ),
 .UNSPECIFIED. ) ;
#1595 = CARTESIAN_POINT ( 'NONE',  ( 29.43696651582688162, 35.53744125223065708, 10.48072702481782770 ) ) ;
#1596 = AXIS2_PLACEMENT_3D ( 'NONE', #2678, #1477, #785 ) ;
#1597 = ADVANCED_FACE ( 'NONE', ( #2681 ), #1659, .F. ) ;
#1598 = DIRECTION ( 'NONE',  ( -1.000000000000000000, 0.000000000000000000, 0.000000000000000000 ) ) ;
#1599 = DIRECTION ( 'NONE',  ( 0.000000000000000000, 1.577721810442023611E-30, 1.000000000000000000 ) ) ;
#1600 = FACE_OUTER_BOUND ( 'NONE', #718, .T. ) ;
#1601 = EDGE_CURVE ( 'NONE', #26, #1893, #1333, .T. ) ;
#1602 = VECTOR ( 'NONE', #808, 1000.000000000000000 ) ;
#1603 = AXIS2_PLACEMENT_3D ( 'NONE', #2785, #2524, #1079 ) ;
#1604 = FACE_OUTER_BOUND ( 'NONE', #2491, .T. ) ;
#1605 = CARTESIAN_POINT ( 'NONE',  ( -264.5000000000000000, 5.581731293104467120E-14, 3.000000000000058176 ) ) ;
#1606 = FACE_OUTER_BOUND ( 'NONE', #197, .T. ) ;
#1607 = CARTESIAN_POINT ( 'NONE',  ( 325.8164347729646124, 1.110223024625156540E-13, 25.00000000000014566 ) ) ;
#1608 = EDGE_LOOP ( 'NONE', ( #2600, #685 ) ) ;
#1609 = ORIENTED_EDGE ( 'NONE', *, *, #2803, .F. ) ;
#1610 = CARTESIAN_POINT ( 'NONE',  ( 28.59178261351769734, 25.00000000000002132, 25.00000000000014566 ) ) ;
#1611 = CARTESIAN_POINT ( 'NONE',  ( 36.09178261351758721, 25.00000000000013500, 4.000000000000128786 ) ) ;
#1612 = AXIS2_PLACEMENT_3D ( 'NONE', #418, #633, #2117 ) ;
#1613 = VECTOR ( 'NONE', #302, 1000.000000000000000 ) ;
#1614 = VERTEX_POINT ( 'NONE', #1409 ) ;
#1615 = DIRECTION ( 'NONE',  ( 1.000000000000000000, 0.000000000000000000, 0.000000000000000000 ) ) ;
#1616 = VECTOR ( 'NONE', #1375, 1000.000000000000000 ) ;
#1617 = PRODUCT_DEFINITION ( 'UNKNOWN', '', #1653, #226 ) ;
#1618 = PLANE ( 'NONE',  #1926 ) ;
#1619 = EDGE_CURVE ( 'NONE', #2148, #3073, #2503, .T. ) ;
#1620 = CARTESIAN_POINT ( 'NONE',  ( 28.60594935993817955, 38.46967417956425095, 8.526373254672758861 ) ) ;
#1621 =( NAMED_UNIT ( * ) SI_UNIT ( $, .STERADIAN. ) SOLID_ANGLE_UNIT ( ) );
#1622 = EDGE_CURVE ( 'NONE', #2323, #40, #357, .T. ) ;
#1623 = CARTESIAN_POINT ( 'NONE',  ( 262.0000000000000000, 0.000000000000000000, 3.000000000000002665 ) ) ;
#1624 = DIRECTION ( 'NONE',  ( 0.000000000000000000, 0.000000000000000000, 1.000000000000000000 ) ) ;
#1625 = ORIENTED_EDGE ( 'NONE', *, *, #2878, .T. ) ;
#1626 = DIRECTION ( 'NONE',  ( 0.000000000000000000, -1.000000000000000000, 0.000000000000000000 ) ) ;
#1627 = CARTESIAN_POINT ( 'NONE',  ( 29.43696651582689228, 35.53744125223066419, 10.48072702481782770 ) ) ;
#1628 = ORIENTED_EDGE ( 'NONE', *, *, #923, .T. ) ;
#1629 = ORIENTED_EDGE ( 'NONE', *, *, #2108, .T. ) ;
#1630 = DIRECTION ( 'NONE',  ( -1.000000000000000000, 4.898587196589414308E-17, 0.000000000000000000 ) ) ;
#1631 = CARTESIAN_POINT ( 'NONE',  ( 28.80539469178619427, 23.20568965193278288, 16.08457701868826817 ) ) ;
#1632 = ORIENTED_EDGE ( 'NONE', *, *, #711, .F. ) ;
#1633 = CARTESIAN_POINT ( 'NONE',  ( 5.551115123125782702E-14, 50.00000000000009948, 25.00000000000004974 ) ) ;
#1634 = CARTESIAN_POINT ( 'NONE',  ( 604.2388469501565851, 11.00000000000001066, 8.500000000000000000 ) ) ;
#1635 = STYLED_ITEM ( 'NONE', ( #417 ), #2679 ) ;
#1636 = CYLINDRICAL_SURFACE ( 'NONE', #859, 7.500000000000000000 ) ;
#1637 = EDGE_CURVE ( 'NONE', #258, #1857, #1366, .T. ) ;
#1638 = CYLINDRICAL_SURFACE ( 'NONE', #1432, 7.500000000000000000 ) ;
#1639 = AXIS2_PLACEMENT_3D ( 'NONE', #957, #1184, #2860 ) ;
#1640 = AXIS2_PLACEMENT_3D ( 'NONE', #475, #2169, #3111 ) ;
#1641 = CIRCLE ( 'NONE', #2145, 2.500000000000002220 ) ;
#1642 = DIRECTION ( 'NONE',  ( 1.000000000000000000, 0.000000000000000000, 0.000000000000000000 ) ) ;
#1643 = ORIENTED_EDGE ( 'NONE', *, *, #1310, .F. ) ;
#1644 = VECTOR ( 'NONE', #1744, 1000.000000000000000 ) ;
#1645 = DIRECTION ( 'NONE',  ( 0.9862856015372315488, 0.000000000000000000, 0.1650476058606765994 ) ) ;
#1646 = CARTESIAN_POINT ( 'NONE',  ( 28.59178261351764405, 38.99999999999997868, 8.500000000000000000 ) ) ;
#1647 = ORIENTED_EDGE ( 'NONE', *, *, #733, .F. ) ;
#1648 = VECTOR ( 'NONE', #1790, 1000.000000000000000 ) ;
#1649 = ORIENTED_EDGE ( 'NONE', *, *, #2939, .T. ) ;
#1650 = FACE_BOUND ( 'NONE', #1113, .T. ) ;
#1651 = CARTESIAN_POINT ( 'NONE',  ( 28.59178261351764405, 38.99999999999997868, 25.00000000000000000 ) ) ;
#1652 = DIRECTION ( 'NONE',  ( -1.000000000000000000, 0.000000000000000000, 0.000000000000000000 ) ) ;
#1653 = PRODUCT_DEFINITION_FORMATION_WITH_SPECIFIED_SOURCE ( 'ANY', '', #1281, .NOT_KNOWN. ) ;
#1654 = CARTESIAN_POINT ( 'NONE',  ( 330.0000000000000568, 1.110223024625156540E-13, 1.387778780781445676E-14 ) ) ;
#1655 = DIRECTION ( 'NONE',  ( 1.000000000000000000, 0.000000000000000000, 0.000000000000000000 ) ) ;
#1656 = ORIENTED_EDGE ( 'NONE', *, *, #3055, .F. ) ;
#1657 = CARTESIAN_POINT ( 'NONE',  ( 303.5000000000000000, 25.00000000000002132, 12.50000000000002842 ) ) ;
#1658 = AXIS2_PLACEMENT_3D ( 'NONE', #983, #2222, #502 ) ;
#1659 = PLANE ( 'NONE',  #1680 ) ;
#1660 = DIRECTION ( 'NONE',  ( 0.000000000000000000, -1.000000000000000000, 0.000000000000000000 ) ) ;
#1661 = VERTEX_POINT ( 'NONE', #1688 ) ;
#1662 = CARTESIAN_POINT ( 'NONE',  ( 3.095838268006247951, 10.00000000000000533, 6.500000000000000888 ) ) ;
#1663 = CARTESIAN_POINT ( 'NONE',  ( 605.4102452137265118, 43.00000000000003553, 15.50000000000000355 ) ) ;
#1664 = EDGE_LOOP ( 'NONE', ( #1514, #2344 ) ) ;
#1665 = EDGE_CURVE ( 'NONE', #64, #697, #2458, .T. ) ;
#1666 = CARTESIAN_POINT ( 'NONE',  ( 577.2697017251214220, 14.97308908993670507, 13.03502969428393854 ) ) ;
#1667 = SURFACE_STYLE_FILL_AREA ( #2221 ) ;
#1668 = CARTESIAN_POINT ( 'NONE',  ( 2.091782613517723100, 34.99999999999997868, 12.50000000000000000 ) ) ;
#1669 = FILL_AREA_STYLE_COLOUR ( '', #920 ) ;
#1670 = CYLINDRICAL_SURFACE ( 'NONE', #2067, 375.0000000000000000 ) ;
#1671 = EDGE_CURVE ( 'NONE', #1180, #1736, #1874, .T. ) ;
#1672 = CARTESIAN_POINT ( 'NONE',  ( 563.4082173864823062, 11.00000000000001066, 25.00000000000000000 ) ) ;
#1673 = CIRCLE ( 'NONE', #1063, 7.500000000000000000 ) ;
#1674 = CIRCLE ( 'NONE', #1984, 3.000000000000002665 ) ;
#1675 = CARTESIAN_POINT ( 'NONE',  ( 29.73018897726951693, 28.97290097705435130, 13.03506759783851265 ) ) ;
#1676 = FACE_OUTER_BOUND ( 'NONE', #1233, .T. ) ;
#1677 = EDGE_LOOP ( 'NONE', ( #2819, #92 ) ) ;
#1678 = VERTEX_POINT ( 'NONE', #2645 ) ;
#1679 = CARTESIAN_POINT ( 'NONE',  ( 29.66561282014604117, 42.86757773716195175, 13.55455296440946533 ) ) ;
#1680 = AXIS2_PLACEMENT_3D ( 'NONE', #2845, #164, #901 ) ;
#1681 = CIRCLE ( 'NONE', #121, 375.0000000000000000 ) ;
#1682 = UNCERTAINTY_MEASURE_WITH_UNIT (LENGTH_MEASURE( 1.000000000000000082E-05 ), #1271, 'distance_accuracy_value', 'NONE');
#1683 = EDGE_LOOP ( 'NONE', ( #2756, #1649, #2155, #672 ) ) ;
#1684 = CARTESIAN_POINT ( 'NONE',  ( 578.4082173864824199, 11.00000000000001066, 8.499999999999996447 ) ) ;
#1685 = ORIENTED_EDGE ( 'NONE', *, *, #2690, .T. ) ;
#1686 = LINE ( 'NONE', #916, #2910 ) ;
#1687 = CARTESIAN_POINT ( 'NONE',  ( 3.430523486169071212, 42.99999999999997868, 4.500000000000000000 ) ) ;
#1688 = CARTESIAN_POINT ( 'NONE',  ( 578.4082173864824199, 11.00000000000001066, 4.000000000000003553 ) ) ;
#1689 = CARTESIAN_POINT ( 'NONE',  ( 3.430523486169321679, 29.00000000000046541, 4.499999999999304556 ) ) ;
#1690 = AXIS2_PLACEMENT_3D ( 'NONE', #1505, #2227, #728 ) ;
#1691 = CARTESIAN_POINT ( 'NONE',  ( 578.1353400963148488, 8.982564648034879085, 15.96380621849316483 ) ) ;
#1692 = CARTESIAN_POINT ( 'NONE',  ( 604.2388469501565851, 11.00000000000001066, 8.500000000000000000 ) ) ;
#1693 = EDGE_LOOP ( 'NONE', ( #2795, #1034 ) ) ;
#1694 = EDGE_CURVE ( 'NONE', #930, #2473, #2319, .T. ) ;
#1695 = CARTESIAN_POINT ( 'NONE',  ( 29.73076202842908700, 42.97382601172488847, 11.97037135900439075 ) ) ;
#1696 = CARTESIAN_POINT ( 'NONE',  ( 0.000000000000000000, 0.000000000000000000, 25.00000000000000000 ) ) ;
#1697 = AXIS2_PLACEMENT_3D ( 'NONE', #192, #2609, #1166 ) ;
#1698 = VERTEX_POINT ( 'NONE', #1444 ) ;
#1699 = ORIENTED_EDGE ( 'NONE', *, *, #1077, .F. ) ;
#1700 = CARTESIAN_POINT ( 'NONE',  ( 578.4082173864824199, 11.00000000000001066, 16.50000000000000355 ) ) ;
#1701 = DIRECTION ( 'NONE',  ( -1.000000000000000000, 4.898587196589414308E-17, 0.000000000000000000 ) ) ;
#1702 = ORIENTED_EDGE ( 'NONE', *, *, #108, .T. ) ;
#1703 = CIRCLE ( 'NONE', #892, 2.499999999999891198 ) ;
#1704 = CARTESIAN_POINT ( 'NONE',  ( 604.4061895592379869, 43.00000000000003553, 9.499999999999998224 ) ) ;
#1705 = PRODUCT_DEFINITION_FORMATION_WITH_SPECIFIED_SOURCE ( 'ANY', '', #2041, .NOT_KNOWN. ) ;
#1706 = ITEM_DEFINED_TRANSFORMATION ( 'NONE', 'NONE', #884,  #2791 ) ;
#1707 = CIRCLE ( 'NONE', #392, 7.500000000000062172 ) ;
#1708 = PLANE ( 'NONE',  #976 ) ;
#1709 = CIRCLE ( 'NONE', #1612, 3.000000000000002665 ) ;
#1710 = VERTEX_POINT ( 'NONE', #1205 ) ;
#1711 = CARTESIAN_POINT ( 'NONE',  ( 3.430523486169077874, 42.99999999999997868, 4.499999999999999112 ) ) ;
#1712 = CARTESIAN_POINT ( 'NONE',  ( 36.09178261351770090, 25.00000000000002132, 25.00000000000014566 ) ) ;
#1713 = FACE_OUTER_BOUND ( 'NONE', #1045, .T. ) ;
#1714 = CARTESIAN_POINT ( 'NONE',  ( 602.8164347729644987, 0.000000000000000000, 0.000000000000000000 ) ) ;
#1715 = AXIS2_PLACEMENT_3D ( 'NONE', #593, #2055, #105 ) ;
#1716 = EDGE_CURVE ( 'NONE', #111, #4, #1749, .T. ) ;
#1717 = ADVANCED_FACE ( 'NONE', ( #2418 ), #2879, .T. ) ;
#1718 = EDGE_LOOP ( 'NONE', ( #1811, #2119 ) ) ;
#1719 =( NAMED_UNIT ( * ) PLANE_ANGLE_UNIT ( ) SI_UNIT ( $, .RADIAN. ) );
#1720 = FACE_OUTER_BOUND ( 'NONE', #429, .T. ) ;
#1721 = DIRECTION ( 'NONE',  ( -1.000000000000000000, 0.000000000000000000, 0.000000000000000000 ) ) ;
#1722 = MANIFOLD_SOLID_BREP ( 'Cortar-Extruir5', #788 ) ;
#1723 = VERTEX_POINT ( 'NONE', #1704 ) ;
#1724 = DIRECTION ( 'NONE',  ( 0.000000000000000000, -1.577721810442023611E-30, -1.000000000000000000 ) ) ;
#1725 = EDGE_CURVE ( 'NONE', #596, #1661, #79, .T. ) ;
#1726 = DIRECTION ( 'NONE',  ( 1.000000000000000000, 0.000000000000000000, 0.000000000000000000 ) ) ;
#1727 = DIRECTION ( 'NONE',  ( 1.000000000000000000, 0.000000000000000000, 0.000000000000000000 ) ) ;
#1728 = EDGE_CURVE ( 'NONE', #111, #3115, #1803, .T. ) ;
#1729 = DIRECTION ( 'NONE',  ( -0.1650476058606803464, -0.9862856015372309937, -2.675897129696808311E-20 ) ) ;
#1730 = DIRECTION ( 'NONE',  ( -1.000000000000000000, 4.898587196589414308E-17, 0.000000000000000000 ) ) ;
#1731 = ORIENTED_EDGE ( 'NONE', *, *, #1665, .F. ) ;
#1732 = ORIENTED_EDGE ( 'NONE', *, *, #1815, .F. ) ;
#1733 = CARTESIAN_POINT ( 'NONE',  ( 605.5775878228079137, 3.000000000000009770, 16.50000000000000000 ) ) ;
#1734 = ADVANCED_FACE ( 'NONE', ( #2895 ), #1638, .F. ) ;
#1735 = CARTESIAN_POINT ( 'NONE',  ( 605.5775878228079137, 11.00000000000001066, 16.50000000000000000 ) ) ;
#1736 = VERTEX_POINT ( 'NONE', #937 ) ;
#1737 = VERTEX_POINT ( 'NONE', #992 ) ;
#1738 = ORIENTED_EDGE ( 'NONE', *, *, #911, .T. ) ;
#1739 = CARTESIAN_POINT ( 'NONE',  ( 325.8164347729644987, 50.00000000000009948, 25.00000000000003553 ) ) ;
#1740 = AXIS2_PLACEMENT_3D ( 'NONE', #1225, #1770, #2705 ) ;
#1741 = ORIENTED_EDGE ( 'NONE', *, *, #1622, .F. ) ;
#1742 =( NAMED_UNIT ( * ) PLANE_ANGLE_UNIT ( ) SI_UNIT ( $, .RADIAN. ) );
#1743 = DIRECTION ( 'NONE',  ( 0.000000000000000000, -1.000000000000000000, 0.000000000000000000 ) ) ;
#1744 = DIRECTION ( 'NONE',  ( 0.000000000000000000, 0.000000000000000000, -1.000000000000000000 ) ) ;
#1745 = CARTESIAN_POINT ( 'NONE',  ( 2.091782613517723100, 34.99999999999997868, 12.50000000000000000 ) ) ;
#1746 = VERTEX_POINT ( 'NONE', #1932 ) ;
#1747 = PLANE ( 'NONE',  #1433 ) ;
#1748 = CIRCLE ( 'NONE', #2096, 2.499999999999901412 ) ;
#1749 = LINE ( 'NONE', #3099, #852 ) ;
#1750 = CARTESIAN_POINT ( 'NONE',  ( 578.1353400963149625, 8.982564648034886190, 15.96380621849316483 ) ) ;
#1751 = DIRECTION ( 'NONE',  ( 0.000000000000000000, 1.577721810442023611E-30, 1.000000000000000000 ) ) ;
#1752 = ADVANCED_FACE ( 'NONE', ( #3091 ), #514, .T. ) ;
#1753 = LINE ( 'NONE', #917, #3023 ) ;
#1754 = CARTESIAN_POINT ( 'NONE',  ( 48.49999999999995737, 30.00000000000000355, 328.5000000000000000 ) ) ;
#1755 = STYLED_ITEM ( 'NONE', ( #419 ), #1122 ) ;
#1756 = CYLINDRICAL_SURFACE ( 'NONE', #2203, 7.500000000000000000 ) ;
#1757 = CARTESIAN_POINT ( 'NONE',  ( 328.5000000000000000, 49.99999999999998579, 3.816391647148975608E-14 ) ) ;
#1758 = ORIENTED_EDGE ( 'NONE', *, *, #780, .F. ) ;
#1759 = CARTESIAN_POINT ( 'NONE',  ( 0.000000000000000000, 0.000000000000000000, 0.000000000000000000 ) ) ;
#1760 = EDGE_CURVE ( 'NONE', #3029, #1425, #126, .T. ) ;
#1761 = LINE ( 'NONE', #972, #133 ) ;
#1762 = CARTESIAN_POINT ( 'NONE',  ( 262.0000000000000000, 0.000000000000000000, 3.000000000000002665 ) ) ;
#1763 = AXIS2_PLACEMENT_3D ( 'NONE', #1785, #516, #1067 ) ;
#1764 = CARTESIAN_POINT ( 'NONE',  ( 604.4061895592379869, 37.00000000000003553, 9.499999999999996447 ) ) ;
#1765 = ORIENTED_EDGE ( 'NONE', *, *, #1130, .T. ) ;
#1766 = ORIENTED_EDGE ( 'NONE', *, *, #1513, .F. ) ;
#1767 = DIRECTION ( 'NONE',  ( 0.000000000000000000, 0.000000000000000000, 1.000000000000000000 ) ) ;
#1768 = FACE_OUTER_BOUND ( 'NONE', #3057, .T. ) ;
#1769 = CARTESIAN_POINT ( 'NONE',  ( 278.4999999999999432, 0.000000000000000000, 12.50000000000000000 ) ) ;
#1770 = DIRECTION ( 'NONE',  ( 0.000000000000000000, 0.000000000000000000, 1.000000000000000000 ) ) ;
#1771 = CARTESIAN_POINT ( 'NONE',  ( 578.4082173864824199, 11.00000000000001066, 25.00000000000000000 ) ) ;
#1772 = AXIS2_PLACEMENT_3D ( 'NONE', #1136, #3052, #2577 ) ;
#1773 = ADVANCED_FACE ( 'NONE', ( #266 ), #14, .F. ) ;
#1774 = CARTESIAN_POINT ( 'NONE',  ( 29.50407416601851551, 42.58688257853494008, 14.28977922856255134 ) ) ;
#1775 = ORIENTED_EDGE ( 'NONE', *, *, #3055, .T. ) ;
#1776 = DIRECTION ( 'NONE',  ( 1.000000000000000000, 0.000000000000000000, 0.000000000000000000 ) ) ;
#1777 = DIRECTION ( 'NONE',  ( 0.1650476058606766272, 0.000000000000000000, -0.9862856015372316598 ) ) ;
#1778 = ORIENTED_EDGE ( 'NONE', *, *, #797, .F. ) ;
#1779 = EDGE_CURVE ( 'NONE', #2139, #1527, #1107, .T. ) ;
#1780 = CARTESIAN_POINT ( 'NONE',  ( 578.4082173864824199, 11.00000000000001066, 16.50000000000000000 ) ) ;
#1781 = DIRECTION ( 'NONE',  ( -0.000000000000000000, 3.421138828917998273E-49, 1.000000000000000000 ) ) ;
#1782 = VERTEX_POINT ( 'NONE', #535 ) ;
#1783 = EDGE_LOOP ( 'NONE', ( #1852, #2629, #1337, #903 ) ) ;
#1784 = EDGE_CURVE ( 'NONE', #517, #1983, #1522, .T. ) ;
#1785 = CARTESIAN_POINT ( 'NONE',  ( 36.09178261351764405, 38.99999999999997868, 25.00000000000000000 ) ) ;
#1786 = CARTESIAN_POINT ( 'NONE',  ( 28.66261635745056680, 40.06140483808147934, 16.36582093345055355 ) ) ;
#1787 =( BOUNDED_CURVE ( )  B_SPLINE_CURVE ( 3, ( #3097, #2914, #2205, #2927 ),
 .UNSPECIFIED., .F., .F. ) 
 B_SPLINE_CURVE_WITH_KNOTS ( ( 4, 4 ),
 ( 0.000000000000000000, 3.141592653589793116 ),
 .UNSPECIFIED. ) 
 CURVE ( )  GEOMETRIC_REPRESENTATION_ITEM ( )  RATIONAL_B_SPLINE_CURVE ( ( 1.000000000000000000, 0.3333333333333333703, 0.3333333333333333703, 1.000000000000000000 ) ) 
 REPRESENTATION_ITEM ( '' )  );
#1788 = CARTESIAN_POINT ( 'NONE',  ( 29.74749384329288304, 42.99999999999997868, 12.23446496676146644 ) ) ;
#1789 = CARTESIAN_POINT ( 'NONE',  ( 578.0003612004296656, 8.549929759246259309, 15.67256280221580944 ) ) ;
#1790 = DIRECTION ( 'NONE',  ( 0.000000000000000000, -3.421138828917998273E-49, -1.000000000000000000 ) ) ;
#1791 = ADVANCED_FACE ( 'NONE', ( #755 ), #803, .F. ) ;
#1792 = SURFACE_STYLE_FILL_AREA ( #1479 ) ;
#1793 = EDGE_LOOP ( 'NONE', ( #670, #2760, #2970, #769 ) ) ;
#1794 = CARTESIAN_POINT ( 'NONE',  ( 577.7032129953277035, 14.17861389013811824, 10.05815560405301134 ) ) ;
#1795 = DIRECTION ( 'NONE',  ( 0.1650476058606766272, 0.000000000000000000, -0.9862856015372316598 ) ) ;
#1796 = LINE ( 'NONE', #2459, #424 ) ;
#1797 = SURFACE_STYLE_FILL_AREA ( #2658 ) ;
#1798 = DIRECTION ( 'NONE',  ( -1.000000000000000000, 0.000000000000000000, 0.000000000000000000 ) ) ;
#1799 = LINE ( 'NONE', #165, #358 ) ;
#1800 = DIRECTION ( 'NONE',  ( 1.000000000000000000, 0.000000000000000000, 0.000000000000000000 ) ) ;
#1801 = EDGE_LOOP ( 'NONE', ( #145, #1758 ) ) ;
#1802 = CARTESIAN_POINT ( 'NONE',  ( 563.4082173864823062, 11.00000000000001066, 25.00000000000000000 ) ) ;
#1803 = B_SPLINE_CURVE_WITH_KNOTS ( 'NONE', 3,
 ( #3124, #1918, #2623, #1679, #2387, #1953, #220, #1194, #2628, #2175, #2374, #488, #460, #2417, #974, #2888, #688, #2164 ),
 .UNSPECIFIED., .F., .F.,
 ( 4, 2, 2, 2, 2, 2, 2, 2, 4 ),
 ( 0.01912920815143754477, 0.01992409880514220757, 0.02071898945884687038, 0.02151388011255153318, 0.02230877076625619598, 0.02310366141996085879, 0.02389855207366552159, 0.02469344272737018439, 0.02548833338107484719 ),
 .UNSPECIFIED. ) ;
#1804 = CARTESIAN_POINT ( 'NONE',  ( 29.71388159746175717, 35.05369411875282992, 11.83356532774154424 ) ) ;
#1805 = CIRCLE ( 'NONE', #1204, 3.000000000000058176 ) ;
#1806 = APPLICATION_CONTEXT ( 'automotive_design' ) ;
#1807 = AXIS2_PLACEMENT_3D ( 'NONE', #2582, #2333, #1141 ) ;
#1808 = CARTESIAN_POINT ( 'NONE',  ( 577.2697017251214220, 14.97308908993670507, 13.03502969428393321 ) ) ;
#1809 = CARTESIAN_POINT ( 'NONE',  ( 28.59178261351769734, 25.00000000000002132, 8.500000000000163425 ) ) ;
#1810 = CARTESIAN_POINT ( 'NONE',  ( 28.59178261351764760, 38.72985065991962728, 16.50000000000000000 ) ) ;
#1811 = ORIENTED_EDGE ( 'NONE', *, *, #2721, .T. ) ;
#1812 = LINE ( 'NONE', #38, #1613 ) ;
#1813 = ADVANCED_FACE ( 'NONE', ( #1604 ), #880, .T. ) ;
#1814 = ORIENTED_EDGE ( 'NONE', *, *, #406, .F. ) ;
#1815 = EDGE_CURVE ( 'NONE', #1737, #1915, #224, .T. ) ;
#1816 = DIRECTION ( 'NONE',  ( 0.000000000000000000, 0.000000000000000000, -1.000000000000000000 ) ) ;
#1817 = AXIS2_PLACEMENT_3D ( 'NONE', #1297, #2967, #1545 ) ;
#1818 = CARTESIAN_POINT ( 'NONE',  ( 1.665334536937734811E-13, 1.110223024625156540E-13, 25.00000000000014566 ) ) ;
#1819 = CARTESIAN_POINT ( 'NONE',  ( 29.72634933469886676, 35.03370312010324739, 11.96484103470898575 ) ) ;
#1820 = PRODUCT_CONTEXT ( 'NONE', #2499, 'mechanical' ) ;
#1821 = CARTESIAN_POINT ( 'NONE',  ( 578.1944995146438941, 12.79496568517298094, 16.08437474064891148 ) ) ;
#1822 = CARTESIAN_POINT ( 'NONE',  ( 28.59178261351769379, 24.73347538721289851, 8.500000000000156319 ) ) ;
#1823 = CARTESIAN_POINT ( 'NONE',  ( 29.43925738726984775, 35.53306670997633177, 14.51173910912851106 ) ) ;
#1824 = CARTESIAN_POINT ( 'NONE',  ( 577.2522607433345456, 15.00038924392817030, 12.24066979394559063 ) ) ;
#1825 = VERTEX_POINT ( 'NONE', #28 ) ;
#1826 = ORIENTED_EDGE ( 'NONE', *, *, #1993, .F. ) ;
#1827 = CARTESIAN_POINT ( 'NONE',  ( -259.5000000000000000, 5.551115123125782702E-14, 15.00000000000001421 ) ) ;
#1828 =( LENGTH_UNIT ( ) NAMED_UNIT ( * ) SI_UNIT ( .MILLI., .METRE. ) );
#1829 = DIRECTION ( 'NONE',  ( 1.000000000000000000, 0.000000000000000000, 0.000000000000000000 ) ) ;
#1830 = VERTEX_POINT ( 'NONE', #1976 ) ;
#1831 = CARTESIAN_POINT ( 'NONE',  ( 25.00000000000000711, 42.99999999999998579, 12.50000000000000000 ) ) ;
#1832 = PRODUCT_DEFINITION_FORMATION_WITH_SPECIFIED_SOURCE ( 'ANY', '', #1103, .NOT_KNOWN. ) ;
#1833 = VERTEX_POINT ( 'NONE', #37 ) ;
#1834 = ADVANCED_FACE ( 'NONE', ( #1021 ), #1443, .F. ) ;
#1835 = ORIENTED_EDGE ( 'NONE', *, *, #1050, .T. ) ;
#1836 = DIRECTION ( 'NONE',  ( 1.000000000000000000, 0.000000000000000000, 0.000000000000000000 ) ) ;
#1837 = CARTESIAN_POINT ( 'NONE',  ( 577.4948956224666290, 14.58876786560233718, 10.71397075489872996 ) ) ;
#1838 = CARTESIAN_POINT ( 'NONE',  ( 29.50340132013615602, 21.41435921294167244, 10.70786954390919021 ) ) ;
#1839 = ORIENTED_EDGE ( 'NONE', *, *, #911, .F. ) ;
#1840 = SHAPE_REPRESENTATION_RELATIONSHIP ( 'NONE' , 'NONE' ,  #3014, #2679 ) ;
#1841 =( BOUNDED_CURVE ( )  B_SPLINE_CURVE ( 3, ( #3118, #1689, #1919, #2631 ),
 .UNSPECIFIED., .F., .T. ) 
 B_SPLINE_CURVE_WITH_KNOTS ( ( 4, 4 ),
 ( 1.570796326794840825, 4.712388980384744741 ),
 .UNSPECIFIED. ) 
 CURVE ( )  GEOMETRIC_REPRESENTATION_ITEM ( )  RATIONAL_B_SPLINE_CURVE ( ( 1.000000000000000000, 0.3333333333332963444, 0.3333333333332963444, 1.000000000000000000 ) ) 
 REPRESENTATION_ITEM ( '' )  );
#1842 = DIRECTION ( 'NONE',  ( 1.000000000000000000, 0.000000000000000000, 0.000000000000000000 ) ) ;
#1843 = CARTESIAN_POINT ( 'NONE',  ( 5.551115123125782702E-14, 50.00000000000009948, 25.00000000000004974 ) ) ;
#1844 = CIRCLE ( 'NONE', #2360, 3.000000000000000888 ) ;
#1845 = CIRCLE ( 'NONE', #212, 7.500000000000062172 ) ;
#1846 = PLANE ( 'NONE',  #3077 ) ;
#1847 = DIRECTION ( 'NONE',  ( -1.000000000000000000, 0.000000000000000000, 0.000000000000000000 ) ) ;
#1848 = EDGE_CURVE ( 'NONE', #230, #2743, #1674, .T. ) ;
#1849 = VECTOR ( 'NONE', #124, 1000.000000000000000 ) ;
#1850 = LINE ( 'NONE', #2513, #885 ) ;
#1851 = ADVANCED_FACE ( 'NONE', ( #310 ), #2091, .F. ) ;
#1852 = ORIENTED_EDGE ( 'NONE', *, *, #2939, .F. ) ;
#1853 = DIRECTION ( 'NONE',  ( 0.000000000000000000, -1.000000000000000000, 0.000000000000000000 ) ) ;
#1854 = EDGE_CURVE ( 'NONE', #1305, #2827, #2235, .T. ) ;
#1855 = VECTOR ( 'NONE', #3122, 1000.000000000000000 ) ;
#1856 = VERTEX_POINT ( 'NONE', #1326 ) ;
#1857 = VERTEX_POINT ( 'NONE', #851 ) ;
#1858 = DIRECTION ( 'NONE',  ( 0.000000000000000000, 0.000000000000000000, -1.000000000000000000 ) ) ;
#1859 = ORIENTED_EDGE ( 'NONE', *, *, #34, .F. ) ;
#1860 = DIRECTION ( 'NONE',  ( 1.000000000000000000, 0.000000000000000000, 0.000000000000000000 ) ) ;
#1861 = SURFACE_STYLE_USAGE ( .BOTH. , #2553 ) ;
#1862 = ORIENTED_EDGE ( 'NONE', *, *, #1290, .F. ) ;
#1863 =( NAMED_UNIT ( * ) PLANE_ANGLE_UNIT ( ) SI_UNIT ( $, .RADIAN. ) );
#1864 = ORIENTED_EDGE ( 'NONE', *, *, #797, .T. ) ;
#1865 = PLANE ( 'NONE',  #222 ) ;
#1866 = CARTESIAN_POINT ( 'NONE',  ( 278.4999999999999432, 49.99999999999998579, 4.510281037539698445E-14 ) ) ;
#1867 = VERTEX_POINT ( 'NONE', #877 ) ;
#1868 = AXIS2_PLACEMENT_3D ( 'NONE', #2211, #760, #2691 ) ;
#1869 = ORIENTED_EDGE ( 'NONE', *, *, #2762, .F. ) ;
#1870 = EDGE_CURVE ( 'NONE', #1460, #1896, #1594, .T. ) ;
#1871 = CARTESIAN_POINT ( 'NONE',  ( 310.8164347729647261, 11.00000000000006573, 4.000000000000225597 ) ) ;
#1872 = AXIS2_PLACEMENT_3D ( 'NONE', #74, #2325, #1108 ) ;
#1873 = DIRECTION ( 'NONE',  ( 0.000000000000000000, 1.000000000000000000, 0.000000000000000000 ) ) ;
#1874 = LINE ( 'NONE', #715, #2832 ) ;
#1875 = CARTESIAN_POINT ( 'NONE',  ( 29.74318859888725441, 35.00680506311407214, 12.23111293515948717 ) ) ;
#1876 = EDGE_LOOP ( 'NONE', ( #2002, #3096 ) ) ;
#1877 =( NAMED_UNIT ( * ) PLANE_ANGLE_UNIT ( ) SI_UNIT ( $, .RADIAN. ) );
#1878 =( NAMED_UNIT ( * ) SI_UNIT ( $, .STERADIAN. ) SOLID_ANGLE_UNIT ( ) );
#1879 = VERTEX_POINT ( 'NONE', #1104 ) ;
#1880 = CARTESIAN_POINT ( 'NONE',  ( 29.66646221239973968, 21.13101894863988406, 13.54927716092277024 ) ) ;
#1881 = LINE ( 'NONE', #2964, #1648 ) ;
#1882 = PRODUCT_DEFINITION ( 'UNKNOWN', '', #1705, #2012 ) ;
#1883 = EDGE_LOOP ( 'NONE', ( #784, #2757, #2036, #297, #1826, #565, #1341 ) ) ;
#1884 = DIRECTION ( 'NONE',  ( 0.1650476058606765994, 0.000000000000000000, -0.9862856015372315488 ) ) ;
#1885 = MECHANICAL_DESIGN_GEOMETRIC_PRESENTATION_REPRESENTATION (  '', ( #2793 ), #2051 ) ;
#1886 = EDGE_CURVE ( 'NONE', #2614, #875, #2101, .T. ) ;
#1887 = DIRECTION ( 'NONE',  ( 0.000000000000000000, -1.000000000000000000, 0.000000000000000000 ) ) ;
#1888 = DIRECTION ( 'NONE',  ( -1.000000000000000000, 4.898587196589414308E-17, 0.000000000000000000 ) ) ;
#1889 = VERTEX_POINT ( 'NONE', #2084 ) ;
#1890 = VERTEX_POINT ( 'NONE', #2794 ) ;
#1891 = CARTESIAN_POINT ( 'NONE',  ( 28.99911288308251045, 36.55146428010151283, 9.326269480637913389 ) ) ;
#1892 = AXIS2_PLACEMENT_3D ( 'NONE', #2744, #844, #3006 ) ;
#1893 = VERTEX_POINT ( 'NONE', #1313 ) ;
#1894 = ORIENTED_EDGE ( 'NONE', *, *, #1993, .T. ) ;
#1895 = DIRECTION ( 'NONE',  ( 0.9862856015372314378, 1.899113549151959749E-65, 0.1650476058606772933 ) ) ;
#1896 = VERTEX_POINT ( 'NONE', #132 ) ;
#1897 = DIRECTION ( 'NONE',  ( -1.000000000000000000, 4.898587196589414308E-17, 0.000000000000000000 ) ) ;
#1898 = EDGE_LOOP ( 'NONE', ( #2188, #2666, #1579, #657 ) ) ;
#1899 = EDGE_CURVE ( 'NONE', #719, #1229, #2727, .T. ) ;
#1900 = CARTESIAN_POINT ( 'NONE',  ( 605.5775878228079137, 3.000000000000009770, 16.50000000000000000 ) ) ;
#1901 = CARTESIAN_POINT ( 'NONE',  ( 29.22003124181048150, 28.01119220578766900, 15.14544852637314420 ) ) ;
#1902 = FACE_OUTER_BOUND ( 'NONE', #1277, .T. ) ;
#1903 = FACE_OUTER_BOUND ( 'NONE', #448, .T. ) ;
#1904 = CYLINDRICAL_SURFACE ( 'NONE', #50, 7.500000000000062172 ) ;
#1905 = DIRECTION ( 'NONE',  ( 1.000000000000000000, 0.000000000000000000, 0.000000000000000000 ) ) ;
#1906 = CIRCLE ( 'NONE', #1114, 2.499999999999891198 ) ;
#1907 = CARTESIAN_POINT ( 'NONE',  ( 29.73076202842914029, 28.97382601172492045, 11.97037135900458438 ) ) ;
#1908 = ORIENTED_EDGE ( 'NONE', *, *, #1148, .F. ) ;
#1909 = ORIENTED_EDGE ( 'NONE', *, *, #1637, .F. ) ;
#1910 = CARTESIAN_POINT ( 'NONE',  ( 577.9265437782935351, 8.348363745476891751, 9.494287997055465667 ) ) ;
#1911 = CARTESIAN_POINT ( 'NONE',  ( 25.00000000000002132, 7.000000000000006217, 12.50000000000000000 ) ) ;
#1912 = DIRECTION ( 'NONE',  ( 0.000000000000000000, 0.000000000000000000, 1.000000000000000000 ) ) ;
#1913 = FACE_OUTER_BOUND ( 'NONE', #1051, .T. ) ;
#1914 = CARTESIAN_POINT ( 'NONE',  ( 2.091782613517723100, 42.99999999999998579, 12.50000000000000000 ) ) ;
#1915 = VERTEX_POINT ( 'NONE', #2313 ) ;
#1916 = EDGE_LOOP ( 'NONE', ( #2584, #2226, #2515, #1390 ) ) ;
#1917 = VECTOR ( 'NONE', #927, 1000.000000000000000 ) ;
#1918 = CARTESIAN_POINT ( 'NONE',  ( 29.74749384329288660, 42.99999999999997868, 12.76504035528497383 ) ) ;
#1919 = CARTESIAN_POINT ( 'NONE',  ( 3.430523486169323011, 20.99999999999958078, 4.499999999999302780 ) ) ;
#1920 =( BOUNDED_CURVE ( )  B_SPLINE_CURVE ( 3, ( #505, #257, #2432, #1735 ),
 .UNSPECIFIED., .F., .T. ) 
 B_SPLINE_CURVE_WITH_KNOTS ( ( 4, 4 ),
 ( 3.141592653589793116, 6.283185307179586232 ),
 .UNSPECIFIED. ) 
 CURVE ( )  GEOMETRIC_REPRESENTATION_ITEM ( )  RATIONAL_B_SPLINE_CURVE ( ( 1.000000000000000000, 0.3333333333333333703, 0.3333333333333333703, 1.000000000000000000 ) ) 
 REPRESENTATION_ITEM ( '' )  );
#1921 = CARTESIAN_POINT ( 'NONE',  ( 577.9995263588061789, 8.547582416367855984, 9.329310456765005810 ) ) ;
#1922 = CARTESIAN_POINT ( 'NONE',  ( 262.0000000000000000, 0.000000000000000000, 15.00000000000001421 ) ) ;
#1923 = EDGE_CURVE ( 'NONE', #2139, #1989, #1641, .T. ) ;
#1924 = EDGE_LOOP ( 'NONE', ( #2488, #601 ) ) ;
#1925 = AXIS2_PLACEMENT_3D ( 'NONE', #2186, #748, #2398 ) ;
#1926 = AXIS2_PLACEMENT_3D ( 'NONE', #179, #1645, #1884 ) ;
#1927 = ORIENTED_EDGE ( 'NONE', *, *, #533, .F. ) ;
#1928 = DIRECTION ( 'NONE',  ( 0.000000000000000000, 0.000000000000000000, 1.000000000000000000 ) ) ;
#1929 = ORIENTED_EDGE ( 'NONE', *, *, #2094, .T. ) ;
#1930 = EDGE_CURVE ( 'NONE', #2668, #1440, #1447, .T. ) ;
#1931 = ORIENTED_EDGE ( 'NONE', *, *, #931, .F. ) ;
#1932 = CARTESIAN_POINT ( 'NONE',  ( 28.59178261351764405, 38.99999999999997868, 25.00000000000000000 ) ) ;
#1933 = ORIENTED_EDGE ( 'NONE', *, *, #1815, .T. ) ;
#1934 = EDGE_CURVE ( 'NONE', #1941, #2081, #2730, .T. ) ;
#1935 = DIRECTION ( 'NONE',  ( 0.000000000000000000, 0.000000000000000000, 1.000000000000000000 ) ) ;
#1936 = CARTESIAN_POINT ( 'NONE',  ( 577.2856859735891248, 7.052996320390660934, 13.16231070233013156 ) ) ;
#1937 = SURFACE_STYLE_FILL_AREA ( #1334 ) ;
#1938 = CARTESIAN_POINT ( 'NONE',  ( 28.60653748732297785, 25.53869925873970459, 16.47252499406132031 ) ) ;
#1939 = SHAPE_REPRESENTATION ( 'A372080-MESA GRANDE_BAJA', ( #958, #884, #340, #1533, #2556, #1868, #656, #2337 ), #2125 ) ;
#1940 = EDGE_CURVE ( 'NONE', #955, #1440, #2835, .T. ) ;
#1941 = VERTEX_POINT ( 'NONE', #2548 ) ;
#1942 = CARTESIAN_POINT ( 'NONE',  ( 313.3164347729645556, 43.00000000000009237, 25.00000000000002132 ) ) ;
#1943 = DIRECTION ( 'NONE',  ( 1.000000000000000000, 0.000000000000000000, 0.000000000000000000 ) ) ;
#1944 = FACE_OUTER_BOUND ( 'NONE', #1078, .T. ) ;
#1945 = CARTESIAN_POINT ( 'NONE',  ( 278.4999999999999432, 0.000000000000000000, 25.00000000000006395 ) ) ;
#1946 = ORIENTED_EDGE ( 'NONE', *, *, #119, .F. ) ;
#1947 = DIRECTION ( 'NONE',  ( 0.000000000000000000, 0.000000000000000000, 1.000000000000000000 ) ) ;
#1948 = LINE ( 'NONE', #1610, #1304 ) ;
#1949 = DIRECTION ( 'NONE',  ( 1.000000000000000000, 0.000000000000000000, 0.000000000000000000 ) ) ;
#1950 = EDGE_LOOP ( 'NONE', ( #2908, #300 ) ) ;
#1951 = CARTESIAN_POINT ( 'NONE',  ( 28.70283011518166560, 40.30968730392514487, 8.711269108132851713 ) ) ;
#1952 = EDGE_CURVE ( 'NONE', #1555, #560, #540, .T. ) ;
#1953 = CARTESIAN_POINT ( 'NONE',  ( 29.50407416601851196, 42.58688257853494008, 14.28977922856255134 ) ) ;
#1954 = DIRECTION ( 'NONE',  ( 0.000000000000000000, -1.000000000000000000, 0.000000000000000000 ) ) ;
#1955 = STYLED_ITEM ( 'NONE', ( #118 ), #2015 ) ;
#1956 = ADVANCED_FACE ( 'NONE', ( #2135 ), #1384, .T. ) ;
#1957 = PLANE ( 'NONE',  #2097 ) ;
#1958 = CARTESIAN_POINT ( 'NONE',  ( 607.0000000000000000, 49.99999999999998579, 25.00000000000000000 ) ) ;
#1959 = VERTEX_POINT ( 'NONE', #2605 ) ;
#1960 = ORIENTED_EDGE ( 'NONE', *, *, #314, .F. ) ;
#1961 = EDGE_CURVE ( 'NONE', #351, #2074, #2863, .T. ) ;
#1962 = CARTESIAN_POINT ( 'NONE',  ( 25.00000000000002132, 34.99999999999997868, 12.50000000000000000 ) ) ;
#1963 = VERTEX_POINT ( 'NONE', #2336 ) ;
#1964 =( NAMED_UNIT ( * ) PLANE_ANGLE_UNIT ( ) SI_UNIT ( $, .RADIAN. ) );
#1965 = DIRECTION ( 'NONE',  ( -1.000000000000000000, 0.000000000000000000, 0.000000000000000000 ) ) ;
#1966 = ORIENTED_EDGE ( 'NONE', *, *, #789, .T. ) ;
#1967 = PLANE ( 'NONE',  #3022 ) ;
#1968 = ORIENTED_EDGE ( 'NONE', *, *, #1223, .F. ) ;
#1969 = DIRECTION ( 'NONE',  ( 1.000000000000000000, 0.000000000000000000, 0.000000000000000000 ) ) ;
#1970 = PLANE ( 'NONE',  #1244 ) ;
#1971 = ORIENTED_EDGE ( 'NONE', *, *, #2288, .F. ) ;
#1972 = DIRECTION ( 'NONE',  ( 1.000000000000000000, 0.000000000000000000, 0.000000000000000000 ) ) ;
#1973 = CARTESIAN_POINT ( 'NONE',  ( 259.5000000000001137, 3.061616997868268263E-16, 3.000000000000002665 ) ) ;
#1974 = LINE ( 'NONE', #1672, #2540 ) ;
#1975 = DIRECTION ( 'NONE',  ( -3.454890345491422829E-15, -0.1650476058606804020, -0.9862856015372309937 ) ) ;
#1976 = CARTESIAN_POINT ( 'NONE',  ( 2.499999999999901412, -262.0000000000000000, 3.000000000000002665 ) ) ;
#1977 = PRODUCT_DEFINITION ( 'UNKNOWN', '', #1832, #1191 ) ;
#1978 = DIRECTION ( 'NONE',  ( -1.000000000000000000, 0.000000000000000000, 0.000000000000000000 ) ) ;
#1979 = ITEM_DEFINED_TRANSFORMATION ( 'NONE', 'NONE', #2556,  #2791 ) ;
#1980 = CARTESIAN_POINT ( 'NONE',  ( 0.000000000000000000, -262.0000000000000000, 3.000000000000002665 ) ) ;
#1981 = ORIENTED_EDGE ( 'NONE', *, *, #1176, .T. ) ;
#1982 = CARTESIAN_POINT ( 'NONE',  ( 0.000000000000000000, 0.000000000000000000, 25.00000000000000000 ) ) ;
#1983 = VERTEX_POINT ( 'NONE', #2109 ) ;
#1984 = AXIS2_PLACEMENT_3D ( 'NONE', #1085, #2779, #2520 ) ;
#1985 = CARTESIAN_POINT ( 'NONE',  ( 278.4999999999999432, 0.000000000000000000, 12.50000000000000000 ) ) ;
#1986 = DIRECTION ( 'NONE',  ( 1.000000000000000000, 0.000000000000000000, 0.000000000000000000 ) ) ;
#1987 = CARTESIAN_POINT ( 'NONE',  ( 4.183565227035446199, 0.000000000000000000, 2.185751579730776939E-13 ) ) ;
#1988 = CARTESIAN_POINT ( 'NONE',  ( 578.3372552603942722, 12.06235916382214768, 8.634424822770920827 ) ) ;
#1989 = VERTEX_POINT ( 'NONE', #2833 ) ;
#1990 = EDGE_LOOP ( 'NONE', ( #700, #116 ) ) ;
#1991 = CARTESIAN_POINT ( 'NONE',  ( 0.000000000000000000, 0.000000000000000000, 0.000000000000000000 ) ) ;
#1992 = VECTOR ( 'NONE', #414, 1000.000000000000000 ) ;
#1993 = EDGE_CURVE ( 'NONE', #809, #2532, #131, .T. ) ;
#1994 = ADVANCED_FACE ( 'NONE', ( #2808 ), #415, .F. ) ;
#1995 = DIRECTION ( 'NONE',  ( 0.000000000000000000, 0.000000000000000000, 1.000000000000000000 ) ) ;
#1996 = CARTESIAN_POINT ( 'NONE',  ( 578.4082173864824199, 11.00000000000001066, 25.00000000000000000 ) ) ;
#1997 = CARTESIAN_POINT ( 'NONE',  ( 578.4082173864824199, 11.00000000000001066, 8.500000000000000000 ) ) ;
#1998 = PRODUCT_RELATED_PRODUCT_CATEGORY ( 'part', '', ( #1281 ) ) ;
#1999 = EDGE_CURVE ( 'NONE', #20, #1305, #158, .T. ) ;
#2000 =( NAMED_UNIT ( * ) PLANE_ANGLE_UNIT ( ) SI_UNIT ( $, .RADIAN. ) );
#2001 = DIRECTION ( 'NONE',  ( 0.000000000000000000, 0.000000000000000000, -1.000000000000000000 ) ) ;
#2002 = ORIENTED_EDGE ( 'NONE', *, *, #1923, .F. ) ;
#2003 = EDGE_LOOP ( 'NONE', ( #2917, #841 ) ) ;
#2004 = DIRECTION ( 'NONE',  ( 0.000000000000000000, -3.421138828917998273E-49, -1.000000000000000000 ) ) ;
#2005 = EDGE_LOOP ( 'NONE', ( #2873, #1318, #1179, #16, #2349, #147, #3074 ) ) ;
#2006 = SURFACE_SIDE_STYLE ('',( #1792 ) ) ;
#2007 = CARTESIAN_POINT ( 'NONE',  ( 1.665334536937734811E-13, 1.110223024625156540E-13, 25.00000000000014566 ) ) ;
#2008 = EDGE_LOOP ( 'NONE', ( #1112, #2371, #762, #971 ) ) ;
#2009 =( LENGTH_UNIT ( ) NAMED_UNIT ( * ) SI_UNIT ( .MILLI., .METRE. ) );
#2010 = DIRECTION ( 'NONE',  ( 0.000000000000000000, 0.000000000000000000, 1.000000000000000000 ) ) ;
#2011 = CARTESIAN_POINT ( 'NONE',  ( 578.2965291623756912, 12.31266060796304451, 8.712547357013793459 ) ) ;
#2012 = PRODUCT_DEFINITION_CONTEXT ( 'detailed design', #1556, 'design' ) ;
#2013 = CIRCLE ( 'NONE', #1105, 3.000000000000000888 ) ;
#2014 = VERTEX_POINT ( 'NONE', #1634 ) ;
#2015 = ADVANCED_BREP_SHAPE_REPRESENTATION ( '', ( #1722, #2791 ), #705 ) ;
#2016 = DIRECTION ( 'NONE',  ( 1.000000000000000000, 0.000000000000000000, 0.000000000000000000 ) ) ;
#2017 = LINE ( 'NONE', #2505, #2416 ) ;
#2018 = DIRECTION ( 'NONE',  ( -1.000000000000000000, 0.000000000000000000, 3.816391647148972156E-16 ) ) ;
#2019 = CARTESIAN_POINT ( 'NONE',  ( 582.0000000000000000, 43.00000000000003553, 12.50000000000000000 ) ) ;
#2020 = VECTOR ( 'NONE', #1149, 1000.000000000000000 ) ;
#2021 =( NAMED_UNIT ( * ) PLANE_ANGLE_UNIT ( ) SI_UNIT ( $, .RADIAN. ) );
#2022 = MECHANICAL_DESIGN_GEOMETRIC_PRESENTATION_REPRESENTATION (  '', ( #1955 ), #2280 ) ;
#2023 = VECTOR ( 'NONE', #2307, 1000.000000000000000 ) ;
#2024 = CARTESIAN_POINT ( 'NONE',  ( 43.59178261351764405, 38.99999999999997868, 4.000000000000000000 ) ) ;
#2025 = DIRECTION ( 'NONE',  ( 1.000000000000000000, 0.000000000000000000, 0.000000000000000000 ) ) ;
#2026 = ORIENTED_EDGE ( 'NONE', *, *, #2886, .F. ) ;
#2027 = CYLINDRICAL_SURFACE ( 'NONE', #1151, 2.500000000000026645 ) ;
#2028 = EDGE_CURVE ( 'NONE', #2124, #509, #2104, .T. ) ;
#2029 = DIRECTION ( 'NONE',  ( -1.000000000000000000, 0.000000000000000000, 0.000000000000000000 ) ) ;
#2030 = EDGE_CURVE ( 'NONE', #2118, #2668, #1753, .T. ) ;
#2031 = MECHANICAL_DESIGN_GEOMETRIC_PRESENTATION_REPRESENTATION (  '', ( #834 ), #2822 ) ;
#2032 = DIRECTION ( 'NONE',  ( 0.000000000000000000, 0.000000000000000000, 1.000000000000000000 ) ) ;
#2033 = ORIENTED_EDGE ( 'NONE', *, *, #831, .T. ) ;
#2034 = CARTESIAN_POINT ( 'NONE',  ( 578.3940298931091775, 10.46928694552929429, 16.47358841132576757 ) ) ;
#2035 = FACE_BOUND ( 'NONE', #1876, .T. ) ;
#2036 = ORIENTED_EDGE ( 'NONE', *, *, #2053, .F. ) ;
#2037 = APPLICATION_PROTOCOL_DEFINITION ( 'draft international standard', 'automotive_design', 1998, #2499 ) ;
#2038 = CARTESIAN_POINT ( 'NONE',  ( 578.3934338280805605, 11.53920825976814690, 8.527528112577215325 ) ) ;
#2039 = PLANE ( 'NONE',  #1542 ) ;
#2040 = CARTESIAN_POINT ( 'NONE',  ( 2.091782613517723100, 34.99999999999997868, 12.50000000000000000 ) ) ;
#2041 = PRODUCT ( 'A372080-PATASXGBBI', 'A372080-PATASXGBBI', '', ( #1087 ) ) ;
#2042 = CARTESIAN_POINT ( 'NONE',  ( 29.61801484992619038, 35.21134339588811457, 11.19056021078291785 ) ) ;
#2043 = ADVANCED_FACE ( 'NONE', ( #805 ), #1177, .F. ) ;
#2044 = ORIENTED_EDGE ( 'NONE', *, *, #1539, .F. ) ;
#2045 =( NAMED_UNIT ( * ) SI_UNIT ( $, .STERADIAN. ) SOLID_ANGLE_UNIT ( ) );
#2046 = CARTESIAN_POINT ( 'NONE',  ( 577.9999175727065222, 13.45114572423768706, 15.67152972219209417 ) ) ;
#2047 = CARTESIAN_POINT ( 'NONE',  ( 0.000000000000000000, 0.000000000000000000, 25.00000000000000000 ) ) ;
#2048 = CARTESIAN_POINT ( 'NONE',  ( 29.61869562500537967, 35.21021866674192324, 13.80578770852920734 ) ) ;
#2049 = VERTEX_POINT ( 'NONE', #1157 ) ;
#2050 = ORIENTED_EDGE ( 'NONE', *, *, #584, .T. ) ;
#2051 =( GEOMETRIC_REPRESENTATION_CONTEXT ( 3 ) GLOBAL_UNCERTAINTY_ASSIGNED_CONTEXT ( ( #2370 ) ) GLOBAL_UNIT_ASSIGNED_CONTEXT ( ( #1828, #374, #869 ) ) REPRESENTATION_CONTEXT ( 'NONE', 'WORKASPACE' ) );
#2052 = ORIENTED_EDGE ( 'NONE', *, *, #931, .T. ) ;
#2053 = EDGE_CURVE ( 'NONE', #2867, #1386, #2641, .T. ) ;
#2054 = DIRECTION ( 'NONE',  ( 1.000000000000000000, 0.000000000000000000, 0.000000000000000000 ) ) ;
#2055 = DIRECTION ( 'NONE',  ( 0.000000000000000000, 1.577721810442023611E-30, 1.000000000000000000 ) ) ;
#2056 = DIRECTION ( 'NONE',  ( 0.1650476058606760166, 0.000000000000000000, 0.9862856015372317708 ) ) ;
#2057 = VERTEX_POINT ( 'NONE', #2357 ) ;
#2058 = CARTESIAN_POINT ( 'NONE',  ( 28.59178261351764405, 38.99999999999997868, 8.500000000000000000 ) ) ;
#2059 = APPLICATION_CONTEXT ( 'automotive_design' ) ;
#2060 = CARTESIAN_POINT ( 'NONE',  ( 578.3935463012303444, 11.53658858356962646, 16.47267639197879774 ) ) ;
#2061 = CARTESIAN_POINT ( 'NONE',  ( 28.99911288308256019, 22.55146428010150217, 9.326269480638101683 ) ) ;
#2062 = EDGE_CURVE ( 'NONE', #177, #1889, #2761, .T. ) ;
#2063 = VECTOR ( 'NONE', #1873, 1000.000000000000000 ) ;
#2064 = DIRECTION ( 'NONE',  ( -4.898587196589414308E-17, -1.000000000000000000, 0.000000000000000000 ) ) ;
#2065 = ADVANCED_FACE ( 'NONE', ( #1713 ), #2849, .F. ) ;
#2066 =( BOUNDED_CURVE ( )  B_SPLINE_CURVE ( 3, ( #138, #390, #2087, #2816 ),
 .UNSPECIFIED., .F., .T. ) 
 B_SPLINE_CURVE_WITH_KNOTS ( ( 4, 4 ),
 ( 4.712388980384744741, 7.853981633974426835 ),
 .UNSPECIFIED. ) 
 CURVE ( )  GEOMETRIC_REPRESENTATION_ITEM ( )  RATIONAL_B_SPLINE_CURVE ( ( 1.000000000000000000, 0.3333333333333703963, 0.3333333333333703963, 1.000000000000000000 ) ) 
 REPRESENTATION_ITEM ( '' )  );
#2067 = AXIS2_PLACEMENT_3D ( 'NONE', #2637, #2602, #1652 ) ;
#2068 = CARTESIAN_POINT ( 'NONE',  ( -1.665334536937734811E-13, 262.0000000000001705, 3.000000000000002665 ) ) ;
#2069 = DIRECTION ( 'NONE',  ( 0.000000000000000000, 0.000000000000000000, -1.000000000000000000 ) ) ;
#2070 = B_SPLINE_CURVE_WITH_KNOTS ( 'NONE', 3,
 ( #2284, #1810, #2755, #845, #1076, #2768, #2983, #115, #2523, #1559, #1317, #1823, #1060, #2048, #525, #2214, #822, #574 ),
 .UNSPECIFIED., .F., .F.,
 ( 4, 2, 2, 2, 2, 2, 2, 2, 4 ),
 ( 0.000000000000000000, 0.0007979731463790367112, 0.001595946292758073422, 0.002393919439137110351, 0.003191892585516146845, 0.003989865731895179436, 0.004787838878274213762, 0.005585812024653246353, 0.006383785171032279812 ),
 .UNSPECIFIED. ) ;
#2071 = EDGE_CURVE ( 'NONE', #1896, #181, #682, .T. ) ;
#2072 = CIRCLE ( 'NONE', #408, 2.500000000000002220 ) ;
#2073 = CARTESIAN_POINT ( 'NONE',  ( 278.4999999999999432, 49.99999999999998579, 12.50000000000000000 ) ) ;
#2074 = VERTEX_POINT ( 'NONE', #1692 ) ;
#2075 = ORIENTED_EDGE ( 'NONE', *, *, #296, .T. ) ;
#2076 = VECTOR ( 'NONE', #1721, 1000.000000000000000 ) ;
#2077 = APPLICATION_PROTOCOL_DEFINITION ( 'draft international standard', 'automotive_design', 1998, #2279 ) ;
#2078 = DIRECTION ( 'NONE',  ( 0.000000000000000000, 0.000000000000000000, -1.000000000000000000 ) ) ;
#2079 = FACE_OUTER_BOUND ( 'NONE', #2517, .T. ) ;
#2080 = VERTEX_POINT ( 'NONE', #1663 ) ;
#2081 = VERTEX_POINT ( 'NONE', #721 ) ;
#2082 = SURFACE_STYLE_USAGE ( .BOTH. , #1593 ) ;
#2083 = LINE ( 'NONE', #2335, #48 ) ;
#2084 = CARTESIAN_POINT ( 'NONE',  ( 28.59178261351763695, 25.00000000000002132, 16.50000000000016698 ) ) ;
#2085 = ADVANCED_FACE ( 'NONE', ( #924 ), #2352, .F. ) ;
#2086 = CARTESIAN_POINT ( 'NONE',  ( 577.7044479543027364, 14.17601961184138126, 14.94534775319766950 ) ) ;
#2087 = CARTESIAN_POINT ( 'NONE',  ( 0.7530417408665688317, 28.99999999999957723, 20.49999999999930012 ) ) ;
#2088 = ORIENTED_EDGE ( 'NONE', *, *, #1148, .T. ) ;
#2089 = CARTESIAN_POINT ( 'NONE',  ( 582.0000000000000000, 43.00000000000003553, 12.50000000000000000 ) ) ;
#2090 = VERTEX_POINT ( 'NONE', #2883 ) ;
#2091 = PLANE ( 'NONE',  #2457 ) ;
#2092 = EDGE_LOOP ( 'NONE', ( #1592, #2390, #1929, #17 ) ) ;
#2093 = DIRECTION ( 'NONE',  ( -6.938893903907225912E-17, 0.000000000000000000, -1.000000000000000000 ) ) ;
#2094 = EDGE_CURVE ( 'NONE', #1330, #2734, #855, .T. ) ;
#2095 = SURFACE_STYLE_FILL_AREA ( #1012 ) ;
#2096 = AXIS2_PLACEMENT_3D ( 'NONE', #95, #1323, #1800 ) ;
#2097 = AXIS2_PLACEMENT_3D ( 'NONE', #2892, #2193, #740 ) ;
#2098 = ORIENTED_EDGE ( 'NONE', *, *, #2735, .F. ) ;
#2099 = DIRECTION ( 'NONE',  ( 1.000000000000000000, 0.000000000000000000, 0.000000000000000000 ) ) ;
#2100 = CYLINDRICAL_SURFACE ( 'NONE', #1925, 4.000000000000000000 ) ;
#2101 = LINE ( 'NONE', #631, #2900 ) ;
#2102 = DIRECTION ( 'NONE',  ( 1.000000000000000000, 0.000000000000000000, 0.000000000000000000 ) ) ;
#2103 = AXIS2_PLACEMENT_3D ( 'NONE', #1241, #2209, #2447 ) ;
#2104 = LINE ( 'NONE', #3082, #430 ) ;
#2105 = VECTOR ( 'NONE', #1378, 1000.000000000000000 ) ;
#2106 = ORIENTED_EDGE ( 'NONE', *, *, #2028, .T. ) ;
#2107 = FACE_OUTER_BOUND ( 'NONE', #1683, .T. ) ;
#2108 = EDGE_CURVE ( 'NONE', #939, #2113, #2916, .T. ) ;
#2109 = CARTESIAN_POINT ( 'NONE',  ( 328.5000000000000000, 49.99999999999998579, 3.816391647148975608E-14 ) ) ;
#2110 = CYLINDRICAL_SURFACE ( 'NONE', #1584, 2.499999999999901412 ) ;
#2111 = ORIENTED_EDGE ( 'NONE', *, *, #918, .T. ) ;
#2112 = LINE ( 'NONE', #734, #510 ) ;
#2113 = VERTEX_POINT ( 'NONE', #1463 ) ;
#2114 = EDGE_CURVE ( 'NONE', #1746, #2057, #2383, .T. ) ;
#2115 = CARTESIAN_POINT ( 'NONE',  ( 5.551115123125782702E-14, 50.00000000000009948, 25.00000000000004974 ) ) ;
#2116 = CARTESIAN_POINT ( 'NONE',  ( 563.4082173864823062, 11.00000000000001066, 4.000000000000003553 ) ) ;
#2117 = DIRECTION ( 'NONE',  ( 0.000000000000000000, 0.000000000000000000, -1.000000000000000000 ) ) ;
#2118 = VERTEX_POINT ( 'NONE', #2393 ) ;
#2119 = ORIENTED_EDGE ( 'NONE', *, *, #2899, .T. ) ;
#2120 = EDGE_CURVE ( 'NONE', #1867, #2720, #2238, .T. ) ;
#2121 = ORIENTED_EDGE ( 'NONE', *, *, #2030, .F. ) ;
#2122 = DIRECTION ( 'NONE',  ( -4.898587196589414308E-17, -1.000000000000000000, 0.000000000000000000 ) ) ;
#2123 = CARTESIAN_POINT ( 'NONE',  ( 28.86429514312059652, 36.98388593033448757, 9.035439906821370215 ) ) ;
#2124 = VERTEX_POINT ( 'NONE', #1437 ) ;
#2125 =( GEOMETRIC_REPRESENTATION_CONTEXT ( 3 ) GLOBAL_UNCERTAINTY_ASSIGNED_CONTEXT ( ( #480 ) ) GLOBAL_UNIT_ASSIGNED_CONTEXT ( ( #2521, #2021, #2045 ) ) REPRESENTATION_CONTEXT ( 'NONE', 'WORKASPACE' ) );
#2126 = ORIENTED_EDGE ( 'NONE', *, *, #421, .F. ) ;
#2127 = EDGE_CURVE ( 'NONE', #1678, #2949, #987, .T. ) ;
#2128 = DIRECTION ( 'NONE',  ( 1.000000000000000000, 0.000000000000000000, 0.000000000000000000 ) ) ;
#2129 = AXIS2_PLACEMENT_3D ( 'NONE', #1202, #1174, #2144 ) ;
#2130 = VECTOR ( 'NONE', #1935, 1000.000000000000000 ) ;
#2131 = CARTESIAN_POINT ( 'NONE',  ( 28.59178261351769734, 25.00000000000002132, 8.500000000000163425 ) ) ;
#2132 = CONTEXT_DEPENDENT_SHAPE_REPRESENTATION ( #2764, #1429 ) ;
#2133 = FACE_OUTER_BOUND ( 'NONE', #129, .T. ) ;
#2134 = CARTESIAN_POINT ( 'NONE',  ( 29.72634933469886676, 35.03370312010326160, 11.96484103470898575 ) ) ;
#2135 = FACE_OUTER_BOUND ( 'NONE', #1192, .T. ) ;
#2136 = ORIENTED_EDGE ( 'NONE', *, *, #1310, .T. ) ;
#2137 = LINE ( 'NONE', #2961, #1494 ) ;
#2138 = LINE ( 'NONE', #478, #1855 ) ;
#2139 = VERTEX_POINT ( 'NONE', #741 ) ;
#2140 = CARTESIAN_POINT ( 'NONE',  ( 604.2388469501564714, 3.000000000000009770, 8.500000000000001776 ) ) ;
#2141 = DIRECTION ( 'NONE',  ( 1.000000000000000000, 0.000000000000000000, 0.000000000000000000 ) ) ;
#2142 = VECTOR ( 'NONE', #2201, 1000.000000000000000 ) ;
#2143 = CARTESIAN_POINT ( 'NONE',  ( 28.70283011518166560, 40.30968730392513066, 8.711269108132848160 ) ) ;
#2144 = DIRECTION ( 'NONE',  ( 1.000000000000000000, 0.000000000000000000, 0.000000000000000000 ) ) ;
#2145 = AXIS2_PLACEMENT_3D ( 'NONE', #2293, #1577, #376 ) ;
#2146 = CARTESIAN_POINT ( 'NONE',  ( 28.60648133159582329, 25.53708653689367125, 8.527374743843523675 ) ) ;
#2147 = UNCERTAINTY_MEASURE_WITH_UNIT (LENGTH_MEASURE( 1.000000000000000082E-05 ), #1503, 'distance_accuracy_value', 'NONE');
#2148 = VERTEX_POINT ( 'NONE', #1311 ) ;
#2149 = CARTESIAN_POINT ( 'NONE',  ( 2.091782613517736866, 10.00000000000000888, 12.50000000000000000 ) ) ;
#2150 = CARTESIAN_POINT ( 'NONE',  ( 28.70327183958946549, 26.31150282275487484, 16.28783713253787724 ) ) ;
#2151 = EDGE_CURVE ( 'NONE', #2463, #2249, #2198, .T. ) ;
#2152 = CARTESIAN_POINT ( 'NONE',  ( 28.60648133159577355, 39.53708653689365349, 8.527374743843363802 ) ) ;
#2153 = ORIENTED_EDGE ( 'NONE', *, *, #2120, .T. ) ;
#2154 = CARTESIAN_POINT ( 'NONE',  ( 0.000000000000000000, 0.000000000000000000, 25.00000000000000000 ) ) ;
#2155 = ORIENTED_EDGE ( 'NONE', *, *, #2158, .T. ) ;
#2156 =( NAMED_UNIT ( * ) PLANE_ANGLE_UNIT ( ) SI_UNIT ( $, .RADIAN. ) );
#2157 = PRODUCT_DEFINITION ( 'UNKNOWN', '', #577, #641 ) ;
#2158 = EDGE_CURVE ( 'NONE', #1353, #2308, #2684, .T. ) ;
#2159 = PLANE ( 'NONE',  #2865 ) ;
#2160 = CARTESIAN_POINT ( 'NONE',  ( 577.3341629668284440, 7.132053215209935182, 11.44696191172766042 ) ) ;
#2161 = VECTOR ( 'NONE', #968, 1000.000000000000000 ) ;
#2162 = CIRCLE ( 'NONE', #2647, 3.000000000000000888 ) ;
#2163 = VECTOR ( 'NONE', #3024, 1000.000000000000000 ) ;
#2164 = CARTESIAN_POINT ( 'NONE',  ( 28.59178261351769024, 38.99999999999997868, 16.50000000000000000 ) ) ;
#2165 = VECTOR ( 'NONE', #1798, 1000.000000000000000 ) ;
#2166 = CARTESIAN_POINT ( 'NONE',  ( 582.0000000000000000, 43.00000000000003553, 15.50000000000000355 ) ) ;
#2167 = ORIENTED_EDGE ( 'NONE', *, *, #2151, .T. ) ;
#2168 = EDGE_LOOP ( 'NONE', ( #280, #160, #1132, #2739, #83, #2026 ) ) ;
#2169 = DIRECTION ( 'NONE',  ( 0.000000000000000000, 0.000000000000000000, 1.000000000000000000 ) ) ;
#2170 = CARTESIAN_POINT ( 'NONE',  ( 29.07244089420216326, 27.64897852808073964, 15.50808729322363533 ) ) ;
#2171 = LINE ( 'NONE', #1356, #1031 ) ;
#2172 = DIRECTION ( 'NONE',  ( -1.000000000000000000, 4.898587196589414308E-17, 0.000000000000000000 ) ) ;
#2173 = ORIENTED_EDGE ( 'NONE', *, *, #228, .F. ) ;
#2174 = CYLINDRICAL_SURFACE ( 'NONE', #714, 3.000000000000000888 ) ;
#2175 = CARTESIAN_POINT ( 'NONE',  ( 29.07244089420210642, 41.64897852808069700, 15.50808729322347190 ) ) ;
#2176 = CARTESIAN_POINT ( 'NONE',  ( 28.80587122597506422, 26.79649522949687324, 8.916375090017774951 ) ) ;
#2177 = AXIS2_PLACEMENT_3D ( 'NONE', #2192, #1969, #1461 ) ;
#2178 = CARTESIAN_POINT ( 'NONE',  ( 578.3350124125362299, 9.946861683536775800, 16.36113985367841650 ) ) ;
#2179 = CARTESIAN_POINT ( 'NONE',  ( -262.0000000000000000, 5.551115123125782702E-14, 3.000000000000058176 ) ) ;
#2180 = EDGE_CURVE ( 'NONE', #2720, #1867, #2072, .T. ) ;
#2181 =( NAMED_UNIT ( * ) SI_UNIT ( $, .STERADIAN. ) SOLID_ANGLE_UNIT ( ) );
#2182 = ORIENTED_EDGE ( 'NONE', *, *, #386, .T. ) ;
#2183 = ORIENTED_EDGE ( 'NONE', *, *, #1226, .T. ) ;
#2184 = PLANE ( 'NONE',  #2177 ) ;
#2185 = PLANE ( 'NONE',  #2777 ) ;
#2186 = CARTESIAN_POINT ( 'NONE',  ( 582.0000000000000000, 11.00000000000001066, 12.50000000000000000 ) ) ;
#2187 = ORIENTED_EDGE ( 'NONE', *, *, #2596, .T. ) ;
#2188 = ORIENTED_EDGE ( 'NONE', *, *, #571, .F. ) ;
#2189 = CARTESIAN_POINT ( 'NONE',  ( 570.9082173864823062, 11.00000000000001066, 4.000000000000000000 ) ) ;
#2190 = ADVANCED_FACE ( 'NONE', ( #1111 ), #3093, .F. ) ;
#2191 = CARTESIAN_POINT ( 'NONE',  ( 0.000000000000000000, -262.0000000000000000, 3.000000000000002665 ) ) ;
#2192 = CARTESIAN_POINT ( 'NONE',  ( 582.0000000000000000, 43.00000000000003553, 12.50000000000000000 ) ) ;
#2193 = DIRECTION ( 'NONE',  ( 0.000000000000000000, 0.000000000000000000, 1.000000000000000000 ) ) ;
#2194 = DIRECTION ( 'NONE',  ( 1.000000000000000000, 0.000000000000000000, 0.000000000000000000 ) ) ;
#2195 = AXIS2_PLACEMENT_3D ( 'NONE', #554, #2492, #1265 ) ;
#2196 = ITEM_DEFINED_TRANSFORMATION ( 'NONE', 'NONE', #1868,  #2791 ) ;
#2197 = LINE ( 'NONE', #777, #268 ) ;
#2198 = CIRCLE ( 'NONE', #2872, 7.500000000000000000 ) ;
#2199 = SURFACE_SIDE_STYLE ('',( #2095 ) ) ;
#2200 = ORIENTED_EDGE ( 'NONE', *, *, #2127, .T. ) ;
#2201 = DIRECTION ( 'NONE',  ( -1.000000000000000000, 4.898587196589414308E-17, 0.000000000000000000 ) ) ;
#2202 = LINE ( 'NONE', #580, #130 ) ;
#2203 = AXIS2_PLACEMENT_3D ( 'NONE', #600, #800, #854 ) ;
#2204 = ADVANCED_FACE ( 'NONE', ( #1606 ), #271, .F. ) ;
#2205 = CARTESIAN_POINT ( 'NONE',  ( 604.4061895592379869, 37.00000000000003553, 9.499999999999996447 ) ) ;
#2206 = VECTOR ( 'NONE', #2172, 1000.000000000000000 ) ;
#2207 = ORIENTED_EDGE ( 'NONE', *, *, #2094, .F. ) ;
#2208 = CIRCLE ( 'NONE', #2103, 2.500000000000026645 ) ;
#2209 = DIRECTION ( 'NONE',  ( 0.000000000000000000, 0.000000000000000000, 1.000000000000000000 ) ) ;
#2210 = EDGE_CURVE ( 'NONE', #258, #2962, #1405, .T. ) ;
#2211 = CARTESIAN_POINT ( 'NONE',  ( 73.50000000000009948, 341.3480583607700964, 24.99999999999993605 ) ) ;
#2212 = DIRECTION ( 'NONE',  ( 0.000000000000000000, 0.000000000000000000, 1.000000000000000000 ) ) ;
#2213 = DIRECTION ( 'NONE',  ( -1.000000000000000000, 0.000000000000000000, 0.000000000000000000 ) ) ;
#2214 = CARTESIAN_POINT ( 'NONE',  ( 29.73055220311822922, 35.02652490902278259, 13.03055879749692991 ) ) ;
#2215 = CARTESIAN_POINT ( 'NONE',  ( 29.74749384329288304, 34.99999999999998579, 12.50000000000000000 ) ) ;
#2216 = CARTESIAN_POINT ( 'NONE',  ( 29.29582176287928519, 42.17655164844189386, 14.94450097562422819 ) ) ;
#2217 = ORIENTED_EDGE ( 'NONE', *, *, #1637, .T. ) ;
#2218 = CARTESIAN_POINT ( 'NONE',  ( 577.2566178680806388, 7.006498016208784207, 12.76435077697928477 ) ) ;
#2219 = CARTESIAN_POINT ( 'NONE',  ( 29.22202585386830620, 42.01571754999831398, 9.859719283697007342 ) ) ;
#2220 = ADVANCED_FACE ( 'NONE', ( #954 ), #315, .F. ) ;
#2221 = FILL_AREA_STYLE ('',( #534 ) ) ;
#2222 = DIRECTION ( 'NONE',  ( -0.000000000000000000, 3.421138828917998273E-49, 1.000000000000000000 ) ) ;
#2223 = ORIENTED_EDGE ( 'NONE', *, *, #2340, .T. ) ;
#2224 = CARTESIAN_POINT ( 'NONE',  ( 607.0000000000000000, 49.99999999999998579, 0.000000000000000000 ) ) ;
#2225 = CARTESIAN_POINT ( 'NONE',  ( -374.9999999999999432, 0.000000000000000000, 15.00000000000001421 ) ) ;
#2226 = ORIENTED_EDGE ( 'NONE', *, *, #1172, .F. ) ;
#2227 = DIRECTION ( 'NONE',  ( -6.938893903907225912E-17, 0.000000000000000000, -1.000000000000000000 ) ) ;
#2228 = CARTESIAN_POINT ( 'NONE',  ( 28.86641162387924808, 41.02345871859465376, 15.96011610981002526 ) ) ;
#2229 = PLANE ( 'NONE',  #501 ) ;
#2230 = CARTESIAN_POINT ( 'NONE',  ( 577.5615384954802494, 7.534592309336636262, 10.48565628538996108 ) ) ;
#2231 = CARTESIAN_POINT ( 'NONE',  ( 582.0000000000000000, 11.00000000000001066, 12.50000000000000000 ) ) ;
#2232 = VECTOR ( 'NONE', #1178, 1000.000000000000000 ) ;
#2233 = MECHANICAL_DESIGN_GEOMETRIC_PRESENTATION_REPRESENTATION (  '', ( #3033 ), #61 ) ;
#2234 = CARTESIAN_POINT ( 'NONE',  ( 578.1331171451645332, 13.02515454732133193, 9.040859796849408880 ) ) ;
#2235 = LINE ( 'NONE', #2073, #2163 ) ;
#2236 = ADVANCED_FACE ( 'NONE', ( #461 ), #2940, .F. ) ;
#2237 = EDGE_CURVE ( 'NONE', #2758, #2949, #1071, .T. ) ;
#2238 = CIRCLE ( 'NONE', #1560, 2.500000000000002220 ) ;
#2239 = ORIENTED_EDGE ( 'NONE', *, *, #3067, .T. ) ;
#2240 = DIRECTION ( 'NONE',  ( 1.000000000000000000, 0.000000000000000000, 0.000000000000000000 ) ) ;
#2241 = ORIENTED_EDGE ( 'NONE', *, *, #473, .T. ) ;
#2242 =( BOUNDED_CURVE ( )  B_SPLINE_CURVE ( 3, ( #267, #1733, #304, #1016 ),
 .UNSPECIFIED., .F., .T. ) 
 B_SPLINE_CURVE_WITH_KNOTS ( ( 4, 4 ),
 ( 1.787837364631339051E-62, 3.141592653589793116 ),
 .UNSPECIFIED. ) 
 CURVE ( )  GEOMETRIC_REPRESENTATION_ITEM ( )  RATIONAL_B_SPLINE_CURVE ( ( 1.000000000000000000, 0.3333333333333333703, 0.3333333333333333703, 1.000000000000000000 ) ) 
 REPRESENTATION_ITEM ( '' )  );
#2243 = PRESENTATION_LAYER_ASSIGNMENT (  '', '', ( #2726 ) ) ;
#2244 = DIRECTION ( 'NONE',  ( 1.000000000000000000, 0.000000000000000000, 0.000000000000000000 ) ) ;
#2245 = DIRECTION ( 'NONE',  ( -2.696301922142134300E-33, -1.000000000000000000, 6.938893903907223447E-17 ) ) ;
#2246 = VECTOR ( 'NONE', #15, 1000.000000000000000 ) ;
#2247 = CARTESIAN_POINT ( 'NONE',  ( 577.7790609832703694, 14.01326785176610201, 9.856891459867920702 ) ) ;
#2248 = CARTESIAN_POINT ( 'NONE',  ( -5.551115123125782702E-14, 0.000000000000000000, 4.000000000000100364 ) ) ;
#2249 = VERTEX_POINT ( 'NONE', #245 ) ;
#2250 = LINE ( 'NONE', #1633, #1035 ) ;
#2251 = AXIS2_PLACEMENT_3D ( 'NONE', #866, #2093, #2545 ) ;
#2252 = DIRECTION ( 'NONE',  ( -0.9862856015372316598, 2.736911063134408038E-48, 0.1650476058606759888 ) ) ;
#2253 = CARTESIAN_POINT ( 'NONE',  ( 602.8164347729644987, 0.000000000000000000, 0.000000000000000000 ) ) ;
#2254 = CARTESIAN_POINT ( 'NONE',  ( 313.3164347729645556, 11.00000000000006573, 25.00000000000002132 ) ) ;
#2255 = ADVANCED_FACE ( 'NONE', ( #1571, #1524, #759, #2322, #1676 ), #270, .T. ) ;
#2256 = EDGE_CURVE ( 'NONE', #2273, #1254, #2611, .T. ) ;
#2257 = APPLICATION_CONTEXT ( 'automotive_design' ) ;
#2258 = DIRECTION ( 'NONE',  ( 1.000000000000000000, 0.000000000000000000, 0.000000000000000000 ) ) ;
#2259 = FILL_AREA_STYLE ('',( #823 ) ) ;
#2260 = CARTESIAN_POINT ( 'NONE',  ( 578.4082173864824199, 11.00000000000001066, 8.500000000000000000 ) ) ;
#2261 = EDGE_LOOP ( 'NONE', ( #2925, #2367, #1406, #2329 ) ) ;
#2262 = EDGE_CURVE ( 'NONE', #486, #2550, #883, .T. ) ;
#2263 = CARTESIAN_POINT ( 'NONE',  ( 330.0000000000000568, 50.00000000000009948, 0.000000000000000000 ) ) ;
#2264 = CARTESIAN_POINT ( 'NONE',  ( 28.80539469178614453, 37.20568965193271538, 16.08457701868809053 ) ) ;
#2265 = EDGE_LOOP ( 'NONE', ( #1315, #2207 ) ) ;
#2266 = CARTESIAN_POINT ( 'NONE',  ( 577.5622332266970034, 7.535905456707530092, 14.51666028641066930 ) ) ;
#2267 = VERTEX_POINT ( 'NONE', #1468 ) ;
#2268 = APPLICATION_PROTOCOL_DEFINITION ( 'draft international standard', 'automotive_design', 1998, #2059 ) ;
#2269 = CARTESIAN_POINT ( 'NONE',  ( 577.3351443449237195, 14.86633285920674830, 13.55979427822470029 ) ) ;
#2270 = DIRECTION ( 'NONE',  ( -0.000000000000000000, 1.577721810442023611E-30, 1.000000000000000000 ) ) ;
#2271 = ORIENTED_EDGE ( 'NONE', *, *, #1471, .T. ) ;
#2272 = DIRECTION ( 'NONE',  ( 1.000000000000000000, 0.000000000000000000, 0.000000000000000000 ) ) ;
#2273 = VERTEX_POINT ( 'NONE', #1958 ) ;
#2274 = CARTESIAN_POINT ( 'NONE',  ( 570.9082173864823062, 11.00000000000001066, 4.000000000000000000 ) ) ;
#2275 = CIRCLE ( 'NONE', #248, 7.500000000000000000 ) ;
#2276 = EDGE_CURVE ( 'NONE', #719, #2568, #1024, .T. ) ;
#2277 = CARTESIAN_POINT ( 'NONE',  ( 29.66551488184469676, 35.13258627028995562, 11.44502503998108800 ) ) ;
#2278 = ORIENTED_EDGE ( 'NONE', *, *, #689, .F. ) ;
#2279 = APPLICATION_CONTEXT ( 'automotive_design' ) ;
#2280 =( GEOMETRIC_REPRESENTATION_CONTEXT ( 3 ) GLOBAL_UNCERTAINTY_ASSIGNED_CONTEXT ( ( #1208 ) ) GLOBAL_UNIT_ASSIGNED_CONTEXT ( ( #774, #1719, #13 ) ) REPRESENTATION_CONTEXT ( 'NONE', 'WORKASPACE' ) );
#2281 = CYLINDRICAL_SURFACE ( 'NONE', #2509, 3.000000000000002665 ) ;
#2282 = CARTESIAN_POINT ( 'NONE',  ( 577.3335973640945440, 14.86888465349231225, 11.45017609357898536 ) ) ;
#2283 = CARTESIAN_POINT ( 'NONE',  ( 28.70509041756685775, 23.69495510365989688, 8.716570992157922859 ) ) ;
#2284 = CARTESIAN_POINT ( 'NONE',  ( 28.59178261351763695, 38.99999999999997868, 16.50000000000000000 ) ) ;
#2285 = CARTESIAN_POINT ( 'NONE',  ( 313.3164347729647261, 43.00000000000009237, 4.000000000000225597 ) ) ;
#2286 = VECTOR ( 'NONE', #1585, 1000.000000000000000 ) ;
#2287 = VECTOR ( 'NONE', #1949, 1000.000000000000000 ) ;
#2288 = EDGE_CURVE ( 'NONE', #1117, #567, #399, .T. ) ;
#2289 = DIRECTION ( 'NONE',  ( 0.000000000000000000, 0.000000000000000000, 1.000000000000000000 ) ) ;
#2290 = DIRECTION ( 'NONE',  ( 0.000000000000000000, 0.000000000000000000, -1.000000000000000000 ) ) ;
#2291 = DIRECTION ( 'NONE',  ( 0.000000000000000000, 0.000000000000000000, 1.000000000000000000 ) ) ;
#2292 = VERTEX_POINT ( 'NONE', #2300 ) ;
#2293 = CARTESIAN_POINT ( 'NONE',  ( 313.3164347729645556, 11.00000000000006573, 25.00000000000002132 ) ) ;
#2294 = LINE ( 'NONE', #2496, #1183 ) ;
#2295 = ADVANCED_FACE ( 'NONE', ( #127 ), #2381, .F. ) ;
#2296 = VERTEX_POINT ( 'NONE', #1574 ) ;
#2297 = CARTESIAN_POINT ( 'NONE',  ( 578.1331171451645332, 13.02515454732133371, 9.040859796849405328 ) ) ;
#2298 = CARTESIAN_POINT ( 'NONE',  ( 29.71388159746180690, 21.05369411875286190, 11.83356532774174852 ) ) ;
#2299 = LINE ( 'NONE', #2604, #1616 ) ;
#2300 = CARTESIAN_POINT ( 'NONE',  ( 2.091782613517723100, 34.99999999999997868, 12.50000000000000000 ) ) ;
#2301 = CARTESIAN_POINT ( 'NONE',  ( 602.8164347729644987, 0.000000000000000000, 0.000000000000000000 ) ) ;
#2302 = B_SPLINE_CURVE_WITH_KNOTS ( 'NONE', 3,
 ( #2585, #1142, #2882, #949, #706, #1462, #2401, #1921, #1910, #962, #2659, #2411, #2877, #692, #2160, #2379, #2638, #3089, #940, #2625, #1936, #2632, #235, #698, #1197, #720, #1451, #3119, #969, #1691, #2648, #208, #483, #2178, #2868, #882, #1189, #1700 ),
 .UNSPECIFIED., .F., .F.,
 ( 4, 2, 2, 2, 2, 2, 2, 2, 2, 2, 2, 2, 2, 2, 2, 2, 2, 2, 4 ),
 ( 0.000000000000000000, 0.0007973883807056908251, 0.001594776761411381650, 0.002392165142117072367, 0.003189553522822763301, 0.003986941903528454234, 0.004784330284234144734, 0.005581718664939835234, 0.006379107045645526601, 0.006777801235998374453, 0.007176495426351223172, 0.007973883807056884182, 0.008771272187762545192, 0.009568660568468204466, 0.01036604894917386374, 0.01116343732987952475, 0.01156213152023235526, 0.01196082571058518403, 0.01275821409129080687 ),
 .UNSPECIFIED. ) ;
#2303 = DIRECTION ( 'NONE',  ( 0.000000000000000000, -1.577721810442023611E-30, -1.000000000000000000 ) ) ;
#2304 = PRODUCT_RELATED_PRODUCT_CATEGORY ( 'part', '', ( #2041 ) ) ;
#2305 = ORIENTED_EDGE ( 'NONE', *, *, #2395, .F. ) ;
#2306 = CARTESIAN_POINT ( 'NONE',  ( 278.4999999999999432, 0.000000000000000000, 12.50000000000000000 ) ) ;
#2307 = DIRECTION ( 'NONE',  ( 0.000000000000000000, 0.000000000000000000, 1.000000000000000000 ) ) ;
#2308 = VERTEX_POINT ( 'NONE', #1827 ) ;
#2309 = ADVANCED_FACE ( 'NONE', ( #2806 ), #867, .F. ) ;
#2310 = AXIS2_PLACEMENT_3D ( 'NONE', #2365, #2574, #1134 ) ;
#2311 = ORIENTED_EDGE ( 'NONE', *, *, #2820, .T. ) ;
#2312 = CARTESIAN_POINT ( 'NONE',  ( 313.3164347729647261, 11.00000000000006573, 4.000000000000225597 ) ) ;
#2313 = CARTESIAN_POINT ( 'NONE',  ( 2.091782613517723100, 10.00000000000000888, 12.50000000000000000 ) ) ;
#2314 = COLOUR_RGB ( '',1.000000000000000000, 1.000000000000000000, 1.000000000000000000 ) ;
#2315 = DIRECTION ( 'NONE',  ( 0.000000000000000000, 0.000000000000000000, -1.000000000000000000 ) ) ;
#2316 = EDGE_CURVE ( 'NONE', #2734, #1330, #1906, .T. ) ;
#2317 = FACE_OUTER_BOUND ( 'NONE', #1186, .T. ) ;
#2318 = VECTOR ( 'NONE', #2290, 1000.000000000000000 ) ;
#2319 = LINE ( 'NONE', #1435, #1295 ) ;
#2320 = DIRECTION ( 'NONE',  ( 1.000000000000000000, 0.000000000000000000, 0.000000000000000000 ) ) ;
#2321 = EDGE_CURVE ( 'NONE', #2743, #469, #1335, .T. ) ;
#2322 = FACE_BOUND ( 'NONE', #585, .T. ) ;
#2323 = VERTEX_POINT ( 'NONE', #2253 ) ;
#2324 = EDGE_LOOP ( 'NONE', ( #433, #1222, #1741, #2633 ) ) ;
#2325 = DIRECTION ( 'NONE',  ( 1.000000000000000000, 0.000000000000000000, 0.000000000000000000 ) ) ;
#2326 = CARTESIAN_POINT ( 'NONE',  ( 29.74749384329288304, 42.99999999999998579, 12.50000000000000000 ) ) ;
#2327 = CIRCLE ( 'NONE', #1740, 375.0000000000000000 ) ;
#2328 = ORIENTED_EDGE ( 'NONE', *, *, #2899, .F. ) ;
#2329 = ORIENTED_EDGE ( 'NONE', *, *, #2803, .T. ) ;
#2330 = FACE_BOUND ( 'NONE', #46, .T. ) ;
#2331 = CARTESIAN_POINT ( 'NONE',  ( 570.9082173864823062, 11.00000000000001066, 25.00000000000000000 ) ) ;
#2332 = CARTESIAN_POINT ( 'NONE',  ( 604.2388469501564714, 19.00000000000001066, 8.499999999999998224 ) ) ;
#2333 = DIRECTION ( 'NONE',  ( 0.000000000000000000, 0.000000000000000000, 1.000000000000000000 ) ) ;
#2334 = EDGE_LOOP ( 'NONE', ( #1450, #1321, #2341, #246, #2836, #2576, #1392, #1835 ) ) ;
#2335 = CARTESIAN_POINT ( 'NONE',  ( 2.499999999999901412, -262.0000000000000000, 3.000000000000002665 ) ) ;
#2336 = CARTESIAN_POINT ( 'NONE',  ( 563.4082173864823062, 11.00000000000001066, 4.000000000000000000 ) ) ;
#2337 = AXIS2_PLACEMENT_3D ( 'NONE', #598, #2782, #1296 ) ;
#2338 = UNCERTAINTY_MEASURE_WITH_UNIT (LENGTH_MEASURE( 1.000000000000000082E-05 ), #3037, 'distance_accuracy_value', 'NONE');
#2339 = EDGE_LOOP ( 'NONE', ( #1262, #2126 ) ) ;
#2340 = EDGE_CURVE ( 'NONE', #744, #1661, #614, .T. ) ;
#2341 = ORIENTED_EDGE ( 'NONE', *, *, #571, .T. ) ;
#2342 = EDGE_CURVE ( 'NONE', #1710, #1782, #1796, .T. ) ;
#2343 =( GEOMETRIC_REPRESENTATION_CONTEXT ( 3 ) GLOBAL_UNCERTAINTY_ASSIGNED_CONTEXT ( ( #2338 ) ) GLOBAL_UNIT_ASSIGNED_CONTEXT ( ( #3037, #1863, #1878 ) ) REPRESENTATION_CONTEXT ( 'NONE', 'WORKASPACE' ) );
#2344 = ORIENTED_EDGE ( 'NONE', *, *, #2630, .T. ) ;
#2345 = CARTESIAN_POINT ( 'NONE',  ( 328.5000000000000000, 0.000000000000000000, 25.00000000000004974 ) ) ;
#2346 = EDGE_LOOP ( 'NONE', ( #2854, #3025, #956, #2889, #1931, #372, #973 ) ) ;
#2347 = VECTOR ( 'NONE', #1630, 1000.000000000000000 ) ;
#2348 = CIRCLE ( 'NONE', #2683, 7.500000000000000000 ) ;
#2349 = ORIENTED_EDGE ( 'NONE', *, *, #206, .F. ) ;
#2350 = CARTESIAN_POINT ( 'NONE',  ( 1.087726959029207352, 10.00000000000000888, 18.50000000000000355 ) ) ;
#2351 = CARTESIAN_POINT ( 'NONE',  ( 582.0000000000000000, 43.00000000000003553, 9.499999999999998224 ) ) ;
#2352 = CYLINDRICAL_SURFACE ( 'NONE', #22, 3.000000000000000888 ) ;
#2353 = CARTESIAN_POINT ( 'NONE',  ( 28.60632340534406381, 24.46515706753427466, 16.47292113428980542 ) ) ;
#2354 = PRODUCT_RELATED_PRODUCT_CATEGORY ( 'part', '', ( #870 ) ) ;
#2355 = FACE_OUTER_BOUND ( 'NONE', #506, .T. ) ;
#2356 = CARTESIAN_POINT ( 'NONE',  ( 604.2388469501565851, 11.00000000000001066, 8.500000000000000000 ) ) ;
#2357 = CARTESIAN_POINT ( 'NONE',  ( 43.59178261351764405, 38.99999999999997868, 25.00000000000000000 ) ) ;
#2358 = ORIENTED_EDGE ( 'NONE', *, *, #2414, .F. ) ;
#2359 = CIRCLE ( 'NONE', #2703, 2.500000000000002220 ) ;
#2360 = AXIS2_PLACEMENT_3D ( 'NONE', #384, #1100, #616 ) ;
#2361 = ORIENTED_EDGE ( 'NONE', *, *, #2468, .F. ) ;
#2362 = FACE_OUTER_BOUND ( 'NONE', #2649, .T. ) ;
#2363 = CARTESIAN_POINT ( 'NONE',  ( 25.00000000000002132, 7.000000000000006217, 12.50000000000000000 ) ) ;
#2364 = CARTESIAN_POINT ( 'NONE',  ( 1.665334536937734811E-13, 1.110223024625156540E-13, 25.00000000000014566 ) ) ;
#2365 = CARTESIAN_POINT ( 'NONE',  ( 582.0000000000000000, 43.00000000000003553, 12.50000000000000000 ) ) ;
#2366 = ORIENTED_EDGE ( 'NONE', *, *, #1576, .T. ) ;
#2367 = ORIENTED_EDGE ( 'NONE', *, *, #603, .F. ) ;
#2368 = EDGE_CURVE ( 'NONE', #1218, #181, #1673, .T. ) ;
#2369 = ORIENTED_EDGE ( 'NONE', *, *, #345, .T. ) ;
#2370 = UNCERTAINTY_MEASURE_WITH_UNIT (LENGTH_MEASURE( 1.000000000000000082E-05 ), #1828, 'distance_accuracy_value', 'NONE');
#2371 = ORIENTED_EDGE ( 'NONE', *, *, #978, .F. ) ;
#2372 = ORIENTED_EDGE ( 'NONE', *, *, #2321, .T. ) ;
#2373 = CARTESIAN_POINT ( 'NONE',  ( 4.183565227035723311, 5.551115123125782702E-14, 1.387778780781445676E-14 ) ) ;
#2374 = CARTESIAN_POINT ( 'NONE',  ( 29.00033486475238931, 41.45188497901043689, 15.67096968275109248 ) ) ;
#2375 = AXIS2_PLACEMENT_3D ( 'NONE', #2254, #1519, #1044 ) ;
#2376 = VERTEX_POINT ( 'NONE', #556 ) ;
#2377 = SHAPE_REPRESENTATION_RELATIONSHIP ( 'NONE' , 'NONE' ,  #767, #2700 ) ;
#2378 = CARTESIAN_POINT ( 'NONE',  ( 0.000000000000000000, 0.000000000000000000, 25.00000000000000000 ) ) ;
#2379 = CARTESIAN_POINT ( 'NONE',  ( 577.2698112812043973, 7.027102814044789092, 11.96522014328394334 ) ) ;
#2380 = LINE ( 'NONE', #2973, #2318 ) ;
#2381 = CYLINDRICAL_SURFACE ( 'NONE', #3038, 2.500000000000026645 ) ;
#2382 = CARTESIAN_POINT ( 'NONE',  ( 0.000000000000000000, 0.000000000000000000, 0.000000000000000000 ) ) ;
#2383 = CIRCLE ( 'NONE', #1167, 7.500000000000000000 ) ;
#2384 = CARTESIAN_POINT ( 'NONE',  ( 29.29651196125953305, 42.17807198169527538, 10.05729040082034942 ) ) ;
#2385 = ORIENTED_EDGE ( 'NONE', *, *, #149, .F. ) ;
#2386 = ORIENTED_EDGE ( 'NONE', *, *, #754, .F. ) ;
#2387 = CARTESIAN_POINT ( 'NONE',  ( 29.61890482777102918, 42.79018236925833207, 13.80520263827293803 ) ) ;
#2388 = CARTESIAN_POINT ( 'NONE',  ( 29.61874470560511341, 28.78985177834318421, 11.19457973264947981 ) ) ;
#2389 = FACE_BOUND ( 'NONE', #2581, .T. ) ;
#2390 = ORIENTED_EDGE ( 'NONE', *, *, #900, .T. ) ;
#2391 = CARTESIAN_POINT ( 'NONE',  ( 2.091782613517795930, 29.00000000000007816, 12.50000000000019185 ) ) ;
#2392 = CLOSED_SHELL ( 'NONE', ( #251, #2951, #1791, #395, #2913, #1813, #2255, #1597, #3018, #491, #1349, #820, #1502, #626, #2295, #526 ) ) ;
#2393 = CARTESIAN_POINT ( 'NONE',  ( 607.0000000000000000, 49.99999999999998579, 25.00000000000000000 ) ) ;
#2394 = VECTOR ( 'NONE', #445, 1000.000000000000000 ) ;
#2395 = EDGE_CURVE ( 'NONE', #955, #64, #2893, .T. ) ;
#2396 = CARTESIAN_POINT ( 'NONE',  ( 4.183565227035446199, 0.000000000000000000, 1.110223024625156540E-13 ) ) ;
#2397 = AXIS2_PLACEMENT_3D ( 'NONE', #876, #1551, #2749 ) ;
#2398 = DIRECTION ( 'NONE',  ( 0.000000000000000000, 0.000000000000000000, -1.000000000000000000 ) ) ;
#2399 = CARTESIAN_POINT ( 'NONE',  ( 278.4999999999999432, 0.000000000000000000, 4.510281037539698445E-14 ) ) ;
#2400 = ORIENTED_EDGE ( 'NONE', *, *, #1694, .T. ) ;
#2401 = CARTESIAN_POINT ( 'NONE',  ( 578.1342521660232023, 8.978753772957150048, 9.038470298588659801 ) ) ;
#2402 = DIRECTION ( 'NONE',  ( 1.000000000000000000, 0.000000000000000000, 0.000000000000000000 ) ) ;
#2403 = PRODUCT_DEFINITION_SHAPE ( 'NONE', 'NONE',  #1490 ) ;
#2404 = EDGE_CURVE ( 'NONE', #1254, #1890, #1442, .T. ) ;
#2405 = ORIENTED_EDGE ( 'NONE', *, *, #711, .T. ) ;
#2406 = CARTESIAN_POINT ( 'NONE',  ( 605.5775878228079137, 11.00000000000001066, 16.50000000000000000 ) ) ;
#2407 = ORIENTED_EDGE ( 'NONE', *, *, #1370, .T. ) ;
#2408 = CARTESIAN_POINT ( 'NONE',  ( 278.4999999999999432, 0.000000000000000000, 12.50000000000000000 ) ) ;
#2409 = EDGE_CURVE ( 'NONE', #351, #2124, #792, .T. ) ;
#2410 = ORIENTED_EDGE ( 'NONE', *, *, #524, .T. ) ;
#2411 = CARTESIAN_POINT ( 'NONE',  ( 577.5615384954801357, 7.534592309336633598, 10.48565628538996997 ) ) ;
#2412 = CARTESIAN_POINT ( 'NONE',  ( 29.74749384329293633, 29.00000000000001066, 12.76504035528516212 ) ) ;
#2413 = ORIENTED_EDGE ( 'NONE', *, *, #2572, .F. ) ;
#2414 = EDGE_CURVE ( 'NONE', #697, #3073, #713, .T. ) ;
#2415 = CARTESIAN_POINT ( 'NONE',  ( 570.9082173864823062, 11.00000000000001066, 25.00000000000000000 ) ) ;
#2416 = VECTOR ( 'NONE', #2915, 1000.000000000000000 ) ;
#2417 = CARTESIAN_POINT ( 'NONE',  ( 28.70327183958940154, 40.31150282275482510, 16.28783713253772092 ) ) ;
#2418 = FACE_OUTER_BOUND ( 'NONE', #1718, .T. ) ;
#2419 = CARTESIAN_POINT ( 'NONE',  ( 278.4999999999999432, 49.99999999999998579, 25.00000000000006395 ) ) ;
#2420 = ORIENTED_EDGE ( 'NONE', *, *, #1899, .T. ) ;
#2421 = ADVANCED_FACE ( 'NONE', ( #155 ), #2100, .F. ) ;
#2422 = DIRECTION ( 'NONE',  ( 1.000000000000000000, 0.000000000000000000, 0.000000000000000000 ) ) ;
#2423 = DIRECTION ( 'NONE',  ( 0.000000000000000000, 0.000000000000000000, 1.000000000000000000 ) ) ;
#2424 = DIRECTION ( 'NONE',  ( 0.000000000000000000, 0.000000000000000000, 1.000000000000000000 ) ) ;
#2425 = EDGE_LOOP ( 'NONE', ( #2153, #2847 ) ) ;
#2426 = EDGE_CURVE ( 'NONE', #560, #1229, #879, .T. ) ;
#2427 = LINE ( 'NONE', #1530, #1154 ) ;
#2428 = DIRECTION ( 'NONE',  ( 1.000000000000000000, 0.000000000000000000, 0.000000000000000000 ) ) ;
#2429 = ORIENTED_EDGE ( 'NONE', *, *, #1760, .F. ) ;
#2430 = PLANE ( 'NONE',  #1196 ) ;
#2431 = AXIS2_PLACEMENT_3D ( 'NONE', #148, #1373, #1615 ) ;
#2432 = CARTESIAN_POINT ( 'NONE',  ( 605.5775878228079137, 19.00000000000001066, 16.50000000000000000 ) ) ;
#2433 = EDGE_CURVE ( 'NONE', #178, #2090, #1703, .T. ) ;
#2434 = CARTESIAN_POINT ( 'NONE',  ( 28.80587122597501448, 40.79649522949681284, 8.916375090017607974 ) ) ;
#2435 = AXIS2_PLACEMENT_3D ( 'NONE', #2871, #219, #2644 ) ;
#2436 = ADVANCED_FACE ( 'NONE', ( #2570 ), #2829, .F. ) ;
#2437 = AXIS2_PLACEMENT_3D ( 'NONE', #3050, #905, #1626 ) ;
#2438 =( NAMED_UNIT ( * ) PLANE_ANGLE_UNIT ( ) SI_UNIT ( $, .RADIAN. ) );
#2439 = DIRECTION ( 'NONE',  ( 0.000000000000000000, 0.000000000000000000, 1.000000000000000000 ) ) ;
#2440 = ORIENTED_EDGE ( 'NONE', *, *, #1561, .F. ) ;
#2441 = ORIENTED_EDGE ( 'NONE', *, *, #1854, .F. ) ;
#2442 = DIRECTION ( 'NONE',  ( 0.000000000000000000, 3.421138828917998273E-49, 1.000000000000000000 ) ) ;
#2443 = DIRECTION ( 'NONE',  ( 1.000000000000000000, 0.000000000000000000, 0.000000000000000000 ) ) ;
#2444 = EDGE_LOOP ( 'NONE', ( #1625, #346, #2943, #103, #2866 ) ) ;
#2445 = ORIENTED_EDGE ( 'NONE', *, *, #2414, .T. ) ;
#2446 = ORIENTED_EDGE ( 'NONE', *, *, #2062, .F. ) ;
#2447 = DIRECTION ( 'NONE',  ( 1.000000000000000000, 0.000000000000000000, 0.000000000000000000 ) ) ;
#2448 = ORIENTED_EDGE ( 'NONE', *, *, #3108, .T. ) ;
#2449 =( LENGTH_UNIT ( ) NAMED_UNIT ( * ) SI_UNIT ( .MILLI., .METRE. ) );
#2450 = DIRECTION ( 'NONE',  ( 0.000000000000000000, 0.000000000000000000, -1.000000000000000000 ) ) ;
#2451 =( GEOMETRIC_REPRESENTATION_CONTEXT ( 3 ) GLOBAL_UNCERTAINTY_ASSIGNED_CONTEXT ( ( #1591 ) ) GLOBAL_UNIT_ASSIGNED_CONTEXT ( ( #2467, #2938, #52 ) ) REPRESENTATION_CONTEXT ( 'NONE', 'WORKASPACE' ) );
#2452 = DIRECTION ( 'NONE',  ( -1.000000000000000000, 0.000000000000000000, 0.000000000000000000 ) ) ;
#2453 = ADVANCED_FACE ( 'NONE', ( #2639 ), #2710, .T. ) ;
#2454 = CARTESIAN_POINT ( 'NONE',  ( 25.00000000000002132, 7.000000000000006217, 12.50000000000000000 ) ) ;
#2455 = LINE ( 'NONE', #1153, #2063 ) ;
#2456 = CARTESIAN_POINT ( 'NONE',  ( 36.09178261351764405, 38.99999999999997868, 25.00000000000000000 ) ) ;
#2457 = AXIS2_PLACEMENT_3D ( 'NONE', #595, #394, #1094 ) ;
#2458 = LINE ( 'NONE', #2408, #615 ) ;
#2459 = CARTESIAN_POINT ( 'NONE',  ( 301.0000000000000000, 25.00000000000002132, 25.00000000000002132 ) ) ;
#2460 = DIRECTION ( 'NONE',  ( 1.000000000000000000, 0.000000000000000000, 0.000000000000000000 ) ) ;
#2461 = VECTOR ( 'NONE', #898, 1000.000000000000000 ) ;
#2462 = SURFACE_STYLE_USAGE ( .BOTH. , #2006 ) ;
#2463 = VERTEX_POINT ( 'NONE', #1526 ) ;
#2464 = DIRECTION ( 'NONE',  ( 1.000000000000000000, 0.000000000000000000, 0.000000000000000000 ) ) ;
#2465 = DIRECTION ( 'NONE',  ( -1.000000000000000000, 0.000000000000000000, 0.000000000000000000 ) ) ;
#2466 = ORIENTED_EDGE ( 'NONE', *, *, #3046, .F. ) ;
#2467 =( LENGTH_UNIT ( ) NAMED_UNIT ( * ) SI_UNIT ( .MILLI., .METRE. ) );
#2468 = EDGE_CURVE ( 'NONE', #2249, #1206, #2017, .T. ) ;
#2469 = FACE_OUTER_BOUND ( 'NONE', #252, .T. ) ;
#2470 = CARTESIAN_POINT ( 'NONE',  ( 29.74749384329288304, 42.99999999999998579, 12.50000000000000000 ) ) ;
#2471 = CARTESIAN_POINT ( 'NONE',  ( 28.66163099707183548, 37.94595850353606892, 16.36770679155310049 ) ) ;
#2472 = ORIENTED_EDGE ( 'NONE', *, *, #1365, .T. ) ;
#2473 = VERTEX_POINT ( 'NONE', #1982 ) ;
#2474 = CARTESIAN_POINT ( 'NONE',  ( 577.3820128611781684, 7.211425288529929034, 11.19075981021916100 ) ) ;
#2475 = FACE_OUTER_BOUND ( 'NONE', #2531, .T. ) ;
#2476 = DIRECTION ( 'NONE',  ( 0.000000000000000000, 1.000000000000000000, -1.577721810442023611E-30 ) ) ;
#2477 = EDGE_CURVE ( 'NONE', #470, #1825, #1292, .T. ) ;
#2478 = CARTESIAN_POINT ( 'NONE',  ( 4.183565227035446199, 49.99999999999998579, 2.185751579730776939E-13 ) ) ;
#2479 = CARTESIAN_POINT ( 'NONE',  ( 0.000000000000000000, 0.000000000000000000, 0.000000000000000000 ) ) ;
#2480 = DIRECTION ( 'NONE',  ( -1.000000000000000000, 4.898587196589382260E-17, 0.000000000000000000 ) ) ;
#2481 = DIRECTION ( 'NONE',  ( 0.000000000000000000, 0.000000000000000000, 1.000000000000000000 ) ) ;
#2482 = CARTESIAN_POINT ( 'NONE',  ( 577.3341629668284440, 7.132053215209935182, 11.44696191172765509 ) ) ;
#2483 = DIRECTION ( 'NONE',  ( 1.000000000000000000, 0.000000000000000000, 0.000000000000000000 ) ) ;
#2484 = ORIENTED_EDGE ( 'NONE', *, *, #2747, .T. ) ;
#2485 =( NAMED_UNIT ( * ) PLANE_ANGLE_UNIT ( ) SI_UNIT ( $, .RADIAN. ) );
#2486 = CARTESIAN_POINT ( 'NONE',  ( 577.5620951959160720, 14.46435572695710547, 14.51620078513262690 ) ) ;
#2487 = CARTESIAN_POINT ( 'NONE',  ( 578.3934338280805605, 11.53920825976814868, 8.527528112577218877 ) ) ;
#2488 = ORIENTED_EDGE ( 'NONE', *, *, #249, .T. ) ;
#2489 = ADVANCED_FACE ( 'NONE', ( #1061 ), #1140, .F. ) ;
#2490 = PRODUCT_DEFINITION_SHAPE ( 'NONE', 'NONE',  #1882 ) ;
#2491 = EDGE_LOOP ( 'NONE', ( #1960, #993, #2661, #2448 ) ) ;
#2492 = DIRECTION ( 'NONE',  ( -0.000000000000000000, 1.577721810442023611E-30, 1.000000000000000000 ) ) ;
#2493 = SHAPE_DEFINITION_REPRESENTATION ( #730, #1939 ) ;
#2494 = CARTESIAN_POINT ( 'NONE',  ( 28.59178261351769024, 38.72985065991960596, 16.50000000000000355 ) ) ;
#2495 = CARTESIAN_POINT ( 'NONE',  ( 577.2698112812046247, 7.027102814044790868, 11.96522014328393979 ) ) ;
#2496 = CARTESIAN_POINT ( 'NONE',  ( 325.8164347729644987, 50.00000000000009948, 25.00000000000003553 ) ) ;
#2497 = LINE ( 'NONE', #3109, #2677 ) ;
#2498 = VERTEX_POINT ( 'NONE', #2942 ) ;
#2499 = APPLICATION_CONTEXT ( 'automotive_design' ) ;
#2500 = CARTESIAN_POINT ( 'NONE',  ( 36.09178261351764405, 38.99999999999997868, 25.00000000000000000 ) ) ;
#2501 = CARTESIAN_POINT ( 'NONE',  ( 607.0000000000000000, 49.99999999999998579, 25.00000000000000000 ) ) ;
#2502 = EDGE_CURVE ( 'NONE', #3008, #1698, #2275, .T. ) ;
#2503 = LINE ( 'NONE', #3086, #3054 ) ;
#2504 = FACE_BOUND ( 'NONE', #1470, .T. ) ;
#2505 = CARTESIAN_POINT ( 'NONE',  ( 43.59178261351770090, 25.00000000000002132, 25.00000000000014566 ) ) ;
#2506 = ORIENTED_EDGE ( 'NONE', *, *, #201, .T. ) ;
#2507 = AXIS2_PLACEMENT_3D ( 'NONE', #2500, #2078, #799 ) ;
#2508 = CARTESIAN_POINT ( 'NONE',  ( 29.00099735712525018, 36.54605742684429970, 15.66952574076846716 ) ) ;
#2509 = AXIS2_PLACEMENT_3D ( 'NONE', #303, #76, #1014 ) ;
#2510 = FACE_OUTER_BOUND ( 'NONE', #2885, .T. ) ;
#2511 = PRODUCT_CONTEXT ( 'NONE', #2279, 'mechanical' ) ;
#2512 = CARTESIAN_POINT ( 'NONE',  ( 577.4952916994562884, 14.58799196995325431, 14.28697448171741513 ) ) ;
#2513 = CARTESIAN_POINT ( 'NONE',  ( 0.000000000000000000, 0.000000000000000000, 25.00000000000000000 ) ) ;
#2514 = DIRECTION ( 'NONE',  ( 0.000000000000000000, 0.000000000000000000, -1.000000000000000000 ) ) ;
#2515 = ORIENTED_EDGE ( 'NONE', *, *, #274, .T. ) ;
#2516 = FACE_OUTER_BOUND ( 'NONE', #1587, .T. ) ;
#2517 = EDGE_LOOP ( 'NONE', ( #659, #1070, #1909, #1005 ) ) ;
#2518 = CARTESIAN_POINT ( 'NONE',  ( 605.5775878228079137, 11.00000000000001066, 16.50000000000000000 ) ) ;
#2519 = B_SPLINE_CURVE_WITH_KNOTS ( 'NONE', 3,
 ( #778, #1003, #283, #1250, #423, #913, #1358, #1553, #151, #908, #2086, #1586, #622, #2852, #1420, #1666, #2769, #1824, #3009, #2771, #2674, #494, #293, #2695, #1028, #817, #39, #2234, #2935, #2011, #1988, #2487, #332, #1536 ),
 .UNSPECIFIED., .F., .F.,
 ( 4, 2, 2, 2, 2, 2, 2, 2, 2, 2, 2, 2, 2, 2, 2, 2, 4 ),
 ( 0.01275821409129080687, 0.01355384654690229736, 0.01434947900251378784, 0.01514511145812527833, 0.01594074391373677055, 0.01673637636934826103, 0.01753200882495975152, 0.01832764128057124201, 0.01912327373618273249, 0.01991890619179422298, 0.02071453864740571346, 0.02151017110301720395, 0.02230580355862869443, 0.02310143601424018492, 0.02389706846985167540, 0.02469270092546316589, 0.02548833338107465638 ),
 .UNSPECIFIED. ) ;
#2520 = DIRECTION ( 'NONE',  ( 0.000000000000000000, 0.000000000000000000, -1.000000000000000000 ) ) ;
#2521 =( LENGTH_UNIT ( ) NAMED_UNIT ( * ) SI_UNIT ( .MILLI., .METRE. ) );
#2522 = CARTESIAN_POINT ( 'NONE',  ( 25.00000000000002132, 4.000000000000005329, 12.50000000000000000 ) ) ;
#2523 = CARTESIAN_POINT ( 'NONE',  ( 29.07404423237400337, 36.34680419226611292, 15.50435140186734095 ) ) ;
#2524 = DIRECTION ( 'NONE',  ( -1.000000000000000000, 4.898587196589414308E-17, 0.000000000000000000 ) ) ;
#2525 = ORIENTED_EDGE ( 'NONE', *, *, #3075, .F. ) ;
#2526 = ORIENTED_EDGE ( 'NONE', *, *, #174, .T. ) ;
#2527 = DIRECTION ( 'NONE',  ( -1.000000000000000000, 0.000000000000000000, 0.000000000000000000 ) ) ;
#2528 = CARTESIAN_POINT ( 'NONE',  ( 0.000000000000000000, 0.000000000000000000, 0.000000000000000000 ) ) ;
#2529 = ORIENTED_EDGE ( 'NONE', *, *, #1728, .T. ) ;
#2530 = CARTESIAN_POINT ( 'NONE',  ( 28.72798599913703654, 37.57187296846241509, 8.761364195328718907 ) ) ;
#2531 = EDGE_LOOP ( 'NONE', ( #1552, #2183 ) ) ;
#2532 = VERTEX_POINT ( 'NONE', #2722 ) ;
#2533 = PRODUCT_CONTEXT ( 'NONE', #1806, 'mechanical' ) ;
#2534 = DIRECTION ( 'NONE',  ( 1.000000000000000000, 0.000000000000000000, 0.000000000000000000 ) ) ;
#2535 = CARTESIAN_POINT ( 'NONE',  ( 582.0000000000000000, 43.00000000000003553, 9.499999999999998224 ) ) ;
#2536 = STYLED_ITEM ( 'NONE', ( #2575 ), #88 ) ;
#2537 = ORIENTED_EDGE ( 'NONE', *, *, #871, .T. ) ;
#2538 = DIRECTION ( 'NONE',  ( 0.000000000000000000, 0.000000000000000000, 1.000000000000000000 ) ) ;
#2539 = DIRECTION ( 'NONE',  ( 0.000000000000000000, 1.577721810442023611E-30, 1.000000000000000000 ) ) ;
#2540 = VECTOR ( 'NONE', #2612, 1000.000000000000000 ) ;
#2541 = EDGE_CURVE ( 'NONE', #1941, #215, #385, .T. ) ;
#2542 = CARTESIAN_POINT ( 'NONE',  ( 29.74749384329288304, 34.99999999999998579, 12.50000000000000000 ) ) ;
#2543 = ADVANCED_FACE ( 'NONE', ( #802 ), #1636, .F. ) ;
#2544 = CARTESIAN_POINT ( 'NONE',  ( 582.0000000000000000, 43.00000000000003553, 12.50000000000000000 ) ) ;
#2545 = DIRECTION ( 'NONE',  ( -1.000000000000000000, 0.000000000000000000, 0.000000000000000000 ) ) ;
#2546 = ORIENTED_EDGE ( 'NONE', *, *, #1899, .F. ) ;
#2547 = AXIS2_PLACEMENT_3D ( 'NONE', #1283, #2729, #312 ) ;
#2548 = CARTESIAN_POINT ( 'NONE',  ( 29.74749384329288304, 42.99999999999998579, 12.50000000000000000 ) ) ;
#2549 = VECTOR ( 'NONE', #440, 1000.000000000000000 ) ;
#2550 = VERTEX_POINT ( 'NONE', #1082 ) ;
#2551 = ORIENTED_EDGE ( 'NONE', *, *, #1513, .T. ) ;
#2552 = DIRECTION ( 'NONE',  ( -1.000000000000000000, 0.000000000000000000, 0.000000000000000000 ) ) ;
#2553 = SURFACE_SIDE_STYLE ('',( #81 ) ) ;
#2554 = VECTOR ( 'NONE', #2056, 999.9999999999998863 ) ;
#2555 = CARTESIAN_POINT ( 'NONE',  ( 28.60594935993817955, 38.46967417956426516, 8.526373254672758861 ) ) ;
#2556 = AXIS2_PLACEMENT_3D ( 'NONE', #277, #1975, #520 ) ;
#2557 = ORIENTED_EDGE ( 'NONE', *, *, #1601, .F. ) ;
#2558 = DIRECTION ( 'NONE',  ( -6.938893903907225912E-17, 0.000000000000000000, -1.000000000000000000 ) ) ;
#2559 = ORIENTED_EDGE ( 'NONE', *, *, #206, .T. ) ;
#2560 = EDGE_CURVE ( 'NONE', #1527, #2376, #3123, .T. ) ;
#2561 = AXIS2_PLACEMENT_3D ( 'NONE', #437, #426, #664 ) ;
#2562 = AXIS2_PLACEMENT_3D ( 'NONE', #1419, #1912, #3094 ) ;
#2563 = ORIENTED_EDGE ( 'NONE', *, *, #2342, .T. ) ;
#2564 = CARTESIAN_POINT ( 'NONE',  ( 29.29714168625440607, 21.82060178761830116, 14.94093172534098812 ) ) ;
#2565 = ORIENTED_EDGE ( 'NONE', *, *, #689, .T. ) ;
#2566 =( BOUNDED_CURVE ( )  B_SPLINE_CURVE ( 3, ( #1162, #1900, #2140, #2356 ),
 .UNSPECIFIED., .F., .T. ) 
 B_SPLINE_CURVE_WITH_KNOTS ( ( 4, 4 ),
 ( 0.000000000000000000, 3.141592653589793116 ),
 .UNSPECIFIED. ) 
 CURVE ( )  GEOMETRIC_REPRESENTATION_ITEM ( )  RATIONAL_B_SPLINE_CURVE ( ( 1.000000000000000000, 0.3333333333333333703, 0.3333333333333333703, 1.000000000000000000 ) ) 
 REPRESENTATION_ITEM ( '' )  );
#2567 = LINE ( 'NONE', #2926, #2161 ) ;
#2568 = VERTEX_POINT ( 'NONE', #2263 ) ;
#2569 = DIRECTION ( 'NONE',  ( -1.000000000000000000, 0.000000000000000000, 0.000000000000000000 ) ) ;
#2570 = FACE_OUTER_BOUND ( 'NONE', #3036, .T. ) ;
#2571 = CARTESIAN_POINT ( 'NONE',  ( 25.00000000000000711, 34.99999999999997868, 12.50000000000000000 ) ) ;
#2572 = EDGE_CURVE ( 'NONE', #522, #2124, #981, .T. ) ;
#2573 = PRESENTATION_STYLE_ASSIGNMENT (( #472 ) ) ;
#2574 = DIRECTION ( 'NONE',  ( 1.000000000000000000, 0.000000000000000000, 0.000000000000000000 ) ) ;
#2575 = PRESENTATION_STYLE_ASSIGNMENT (( #1861 ) ) ;
#2576 = ORIENTED_EDGE ( 'NONE', *, *, #1345, .T. ) ;
#2577 = DIRECTION ( 'NONE',  ( 0.1650476058606802077, 0.000000000000000000, -0.9862856015372311047 ) ) ;
#2578 = FACE_OUTER_BOUND ( 'NONE', #1475, .T. ) ;
#2579 = EDGE_CURVE ( 'NONE', #635, #517, #2380, .T. ) ;
#2580 = DIRECTION ( 'NONE',  ( 0.000000000000000000, 1.000000000000000000, 3.421138828917998273E-49 ) ) ;
#2581 = EDGE_LOOP ( 'NONE', ( #2466, #412 ) ) ;
#2582 = CARTESIAN_POINT ( 'NONE',  ( -1.110223024625156540E-13, 262.0000000000001705, 15.00000000000001421 ) ) ;
#2583 = CYLINDRICAL_SURFACE ( 'NONE', #1371, 7.500000000000062172 ) ;
#2584 = ORIENTED_EDGE ( 'NONE', *, *, #900, .F. ) ;
#2585 = CARTESIAN_POINT ( 'NONE',  ( 578.4082173864824199, 11.00000000000001066, 8.499999999999996447 ) ) ;
#2586 = CARTESIAN_POINT ( 'NONE',  ( 29.74749384329288304, 34.99999999999998579, 12.50000000000000000 ) ) ;
#2587 = EDGE_CURVE ( 'NONE', #2323, #3003, #77, .T. ) ;
#2588 = CARTESIAN_POINT ( 'NONE',  ( 29.74749384329293989, 21.00000000000002132, 12.50000000000019185 ) ) ;
#2589 = ORIENTED_EDGE ( 'NONE', *, *, #201, .F. ) ;
#2590 = ORIENTED_EDGE ( 'NONE', *, *, #1401, .F. ) ;
#2591 = CARTESIAN_POINT ( 'NONE',  ( 29.74749384329293989, 29.00000000000002132, 12.50000000000019185 ) ) ;
#2592 = AXIS2_PLACEMENT_3D ( 'NONE', #482, #452, #1660 ) ;
#2593 = ORIENTED_EDGE ( 'NONE', *, *, #2596, .F. ) ;
#2594 = CARTESIAN_POINT ( 'NONE',  ( 28.59178261351764405, 38.99999999999997868, 8.500000000000000000 ) ) ;
#2595 = ORIENTED_EDGE ( 'NONE', *, *, #1339, .F. ) ;
#2596 = EDGE_CURVE ( 'NONE', #1491, #1206, #2975, .T. ) ;
#2597 = ORIENTED_EDGE ( 'NONE', *, *, #1848, .T. ) ;
#2598 = CARTESIAN_POINT ( 'NONE',  ( 1.087726959029207352, 4.000000000000006217, 18.50000000000000355 ) ) ;
#2599 = AXIS2_PLACEMENT_3D ( 'NONE', #2415, #2676, #241 ) ;
#2600 = ORIENTED_EDGE ( 'NONE', *, *, #2560, .T. ) ;
#2601 = MECHANICAL_DESIGN_GEOMETRIC_PRESENTATION_REPRESENTATION (  '', ( #2726 ), #2343 ) ;
#2602 = DIRECTION ( 'NONE',  ( 0.000000000000000000, 0.000000000000000000, -1.000000000000000000 ) ) ;
#2603 = MANIFOLD_SOLID_BREP ( 'Cortar-Extruir5', #1319 ) ;
#2604 = CARTESIAN_POINT ( 'NONE',  ( 328.5000000000000000, 0.000000000000000000, 12.49999999999999112 ) ) ;
#2605 = CARTESIAN_POINT ( 'NONE',  ( 306.0000000000000000, 25.00000000000002132, 25.00000000000002132 ) ) ;
#2606 = LINE ( 'NONE', #1207, #72 ) ;
#2607 = CARTESIAN_POINT ( 'NONE',  ( 29.43893527747008321, 42.46633337714676060, 10.48716502781794091 ) ) ;
#2608 = ORIENTED_EDGE ( 'NONE', *, *, #2820, .F. ) ;
#2609 = DIRECTION ( 'NONE',  ( 0.000000000000000000, 3.421138828917998273E-49, 1.000000000000000000 ) ) ;
#2610 = LINE ( 'NONE', #175, #2020 ) ;
#2611 = LINE ( 'NONE', #94, #2165 ) ;
#2612 = DIRECTION ( 'NONE',  ( 0.000000000000000000, 0.000000000000000000, -1.000000000000000000 ) ) ;
#2613 = AXIS2_PLACEMENT_3D ( 'NONE', #2864, #207, #3100 ) ;
#2614 = VERTEX_POINT ( 'NONE', #1053 ) ;
#2615 = ORIENTED_EDGE ( 'NONE', *, *, #1854, .T. ) ;
#2616 = CARTESIAN_POINT ( 'NONE',  ( 29.50407416601856880, 28.58688257853497916, 14.28977922856271299 ) ) ;
#2617 = CIRCLE ( 'NONE', #695, 2.500000000000002220 ) ;
#2618 = PLANE ( 'NONE',  #1639 ) ;
#2619 = AXIS2_PLACEMENT_3D ( 'NONE', #790, #2480, #285 ) ;
#2620 = ORIENTED_EDGE ( 'NONE', *, *, #239, .T. ) ;
#2621 = ORIENTED_EDGE ( 'NONE', *, *, #421, .T. ) ;
#2622 = LINE ( 'NONE', #3061, #2394 ) ;
#2623 = CARTESIAN_POINT ( 'NONE',  ( 29.73018897726947429, 42.97290097705432288, 13.03506759783832258 ) ) ;
#2624 = CARTESIAN_POINT ( 'NONE',  ( 29.43893527747014716, 28.46633337714681389, 10.48716502781812743 ) ) ;
#2625 = CARTESIAN_POINT ( 'NONE',  ( 577.2732910255167553, 7.033126629324348400, 13.03090026262786161 ) ) ;
#2626 = EDGE_CURVE ( 'NONE', #1856, #2267, #1844, .T. ) ;
#2627 = ORIENTED_EDGE ( 'NONE', *, *, #441, .F. ) ;
#2628 = CARTESIAN_POINT ( 'NONE',  ( 29.22003124181042466, 42.01119220578762281, 15.14544852637297723 ) ) ;
#2629 = ORIENTED_EDGE ( 'NONE', *, *, #2120, .F. ) ;
#2630 = EDGE_CURVE ( 'NONE', #1879, #1830, #1748, .T. ) ;
#2631 = CARTESIAN_POINT ( 'NONE',  ( 2.091782613517795930, 21.00000000000007816, 12.50000000000019185 ) ) ;
#2632 = CARTESIAN_POINT ( 'NONE',  ( 577.3338626248223591, 7.131556155696407551, 13.55124510774252755 ) ) ;
#2633 = ORIENTED_EDGE ( 'NONE', *, *, #2587, .T. ) ;
#2634 = DIRECTION ( 'NONE',  ( 0.000000000000000000, 3.421138828917998273E-49, 1.000000000000000000 ) ) ;
#2635 = LINE ( 'NONE', #1448, #2232 ) ;
#2636 = ORIENTED_EDGE ( 'NONE', *, *, #660, .T. ) ;
#2637 = CARTESIAN_POINT ( 'NONE',  ( 5.551115123125782702E-14, 0.000000000000000000, 15.00000000000001421 ) ) ;
#2638 = CARTESIAN_POINT ( 'NONE',  ( 577.2527058058325338, 7.000316658230690159, 12.22821890888129204 ) ) ;
#2639 = FACE_OUTER_BOUND ( 'NONE', #1924, .T. ) ;
#2640 = CARTESIAN_POINT ( 'NONE',  ( 29.66561282014609446, 28.86757773716199438, 13.55455296440963764 ) ) ;
#2641 = CIRCLE ( 'NONE', #2675, 7.500000000000000000 ) ;
#2642 = FACE_BOUND ( 'NONE', #2664, .T. ) ;
#2643 = ORIENTED_EDGE ( 'NONE', *, *, #434, .F. ) ;
#2644 = DIRECTION ( 'NONE',  ( 0.000000000000000000, 0.000000000000000000, -1.000000000000000000 ) ) ;
#2645 = CARTESIAN_POINT ( 'NONE',  ( 2.499999999999860112, 262.0000000000001705, 3.000000000000002665 ) ) ;
#2646 = DIRECTION ( 'NONE',  ( 0.1650476058606760166, 0.000000000000000000, 0.9862856015372317708 ) ) ;
#2647 = AXIS2_PLACEMENT_3D ( 'NONE', #2363, #636, #3060 ) ;
#2648 = CARTESIAN_POINT ( 'NONE',  ( 578.1957618107135204, 9.210597915231810262, 16.08690865206856202 ) ) ;
#2649 = EDGE_LOOP ( 'NONE', ( #3121, #1155, #628, #975 ) ) ;
#2650 = CARTESIAN_POINT ( 'NONE',  ( 28.66261635745062719, 26.06140483808152908, 16.36582093345071343 ) ) ;
#2651 = FACE_OUTER_BOUND ( 'NONE', #2168, .T. ) ;
#2652 = ORIENTED_EDGE ( 'NONE', *, *, #2762, .T. ) ;
#2653 = EDGE_CURVE ( 'NONE', #2568, #1736, #2725, .T. ) ;
#2654 =( BOUNDED_CURVE ( )  B_SPLINE_CURVE ( 3, ( #791, #544, #1764, #309 ),
 .UNSPECIFIED., .F., .T. ) 
 B_SPLINE_CURVE_WITH_KNOTS ( ( 4, 4 ),
 ( 0.000000000000000000, 3.141592653589793116 ),
 .UNSPECIFIED. ) 
 CURVE ( )  GEOMETRIC_REPRESENTATION_ITEM ( )  RATIONAL_B_SPLINE_CURVE ( ( 1.000000000000000000, 0.3333333333333333703, 0.3333333333333333703, 1.000000000000000000 ) ) 
 REPRESENTATION_ITEM ( '' )  );
#2655 = CARTESIAN_POINT ( 'NONE',  ( 328.5000000000000000, 0.000000000000000000, 12.49999999999998046 ) ) ;
#2656 = AXIS2_PLACEMENT_3D ( 'NONE', #2007, #2476, #1751 ) ;
#2657 = ADVANCED_FACE ( 'NONE', ( #1903 ), #396, .F. ) ;
#2658 = FILL_AREA_STYLE ('',( #1669 ) ) ;
#2659 = CARTESIAN_POINT ( 'NONE',  ( 577.7036250085000120, 7.822238603581284089, 10.05695608501837945 ) ) ;
#2660 = DIRECTION ( 'NONE',  ( 1.000000000000000000, 0.000000000000000000, 0.000000000000000000 ) ) ;
#2661 = ORIENTED_EDGE ( 'NONE', *, *, #1110, .T. ) ;
#2662 = ORIENTED_EDGE ( 'NONE', *, *, #1388, .T. ) ;
#2663 = CARTESIAN_POINT ( 'NONE',  ( 29.66566919759175036, 42.86767920348093952, 11.44507950641518867 ) ) ;
#2664 = EDGE_LOOP ( 'NONE', ( #665, #646 ) ) ;
#2665 = CARTESIAN_POINT ( 'NONE',  ( 5.551115123125782702E-14, 0.000000000000000000, 15.00000000000001421 ) ) ;
#2666 = ORIENTED_EDGE ( 'NONE', *, *, #1760, .T. ) ;
#2667 = CARTESIAN_POINT ( 'NONE',  ( 306.0000000000000000, 25.00000000000002132, 25.00000000000002132 ) ) ;
#2668 = VERTEX_POINT ( 'NONE', #1343 ) ;
#2669 = CARTESIAN_POINT ( 'NONE',  ( 0.7530417408663694356, 42.99999999999998579, 20.49999999999999645 ) ) ;
#2670 = ADVANCED_FACE ( 'NONE', ( #458 ), #848, .F. ) ;
#2671 = DIRECTION ( 'NONE',  ( -1.000000000000000000, 4.898587196589414308E-17, 0.000000000000000000 ) ) ;
#2672 = ORIENTED_EDGE ( 'NONE', *, *, #3015, .F. ) ;
#2673 = DIRECTION ( 'NONE',  ( 0.000000000000000000, 0.000000000000000000, 1.000000000000000000 ) ) ;
#2674 = CARTESIAN_POINT ( 'NONE',  ( 577.3801984974350034, 14.79170746195461739, 11.19918879905859299 ) ) ;
#2675 = AXIS2_PLACEMENT_3D ( 'NONE', #446, #2858, #1655 ) ;
#2676 = DIRECTION ( 'NONE',  ( 0.000000000000000000, 0.000000000000000000, 1.000000000000000000 ) ) ;
#2677 = VECTOR ( 'NONE', #2838, 1000.000000000000000 ) ;
#2678 = CARTESIAN_POINT ( 'NONE',  ( 0.000000000000000000, 0.000000000000000000, 0.000000000000000000 ) ) ;
#2679 = ADVANCED_BREP_SHAPE_REPRESENTATION ( '', ( #88, #2791 ), #619 ) ;
#2680 = CARTESIAN_POINT ( 'NONE',  ( 605.4102452137263981, 49.00000000000004263, 15.50000000000000533 ) ) ;
#2681 = FACE_OUTER_BOUND ( 'NONE', #1397, .T. ) ;
#2682 = DIRECTION ( 'NONE',  ( 1.000000000000000000, 0.000000000000000000, -1.734723475976805615E-16 ) ) ;
#2683 = AXIS2_PLACEMENT_3D ( 'NONE', #1611, #1599, #1109 ) ;
#2684 = CIRCLE ( 'NONE', #299, 2.500000000000002220 ) ;
#2685 = CARTESIAN_POINT ( 'NONE',  ( 29.74749384329288660, 42.99999999999999289, 12.76504035528497738 ) ) ;
#2686 = ORIENTED_EDGE ( 'NONE', *, *, #3035, .F. ) ;
#2687 = LINE ( 'NONE', #1279, #763 ) ;
#2688 = B_SPLINE_CURVE_WITH_KNOTS ( 'NONE', 3,
 ( #2594, #1398, #2152, #3072, #2143, #191, #439, #674, #2850, #683, #2384, #2607, #944, #745, #712, #1695, #1788, #2918 ),
 .UNSPECIFIED., .F., .F.,
 ( 4, 2, 2, 2, 2, 2, 2, 2, 4 ),
 ( 0.01275821409129082942, 0.01355458834880916841, 0.01435096260632750739, 0.01514733686384584638, 0.01594371112136418536, 0.01674008537888252435, 0.01753645963640086333, 0.01833283389391920232, 0.01912920815143754130 ),
 .UNSPECIFIED. ) ;
#2689 = ADVANCED_FACE ( 'NONE', ( #537 ), #2805, .F. ) ;
#2690 = EDGE_CURVE ( 'NONE', #930, #1425, #2936, .T. ) ;
#2691 = DIRECTION ( 'NONE',  ( 1.000000000000000000, -8.326672684688674053E-17, 8.326672684688674053E-17 ) ) ;
#2692 = VECTOR ( 'NONE', #2258, 1000.000000000000000 ) ;
#2693 = DIRECTION ( 'NONE',  ( -1.000000000000000000, 4.898587196589414308E-17, 0.000000000000000000 ) ) ;
#2694 = CARTESIAN_POINT ( 'NONE',  ( 2.091782613517723100, 34.99999999999997868, 12.50000000000000000 ) ) ;
#2695 = CARTESIAN_POINT ( 'NONE',  ( 577.7032129953277035, 14.17861389013811824, 10.05815560405301845 ) ) ;
#2696 = ORIENTED_EDGE ( 'NONE', *, *, #1961, .T. ) ;
#2697 = CARTESIAN_POINT ( 'NONE',  ( 43.59178261351764405, 38.99999999999997868, 25.00000000000000000 ) ) ;
#2698 = LINE ( 'NONE', #2911, #1582 ) ;
#2699 = CARTESIAN_POINT ( 'NONE',  ( 1.665334536937734811E-13, 1.110223024625156540E-13, 25.00000000000014566 ) ) ;
#2700 = ADVANCED_BREP_SHAPE_REPRESENTATION ( '', ( #218, #2791 ), #2451 ) ;
#2701 = PLANE ( 'NONE',  #3 ) ;
#2702 = CARTESIAN_POINT ( 'NONE',  ( 29.61874470560505301, 42.78985177834313447, 11.19457973264930040 ) ) ;
#2703 = AXIS2_PLACEMENT_3D ( 'NONE', #398, #2558, #1598 ) ;
#2704 = SURFACE_SIDE_STYLE ('',( #1667 ) ) ;
#2705 = DIRECTION ( 'NONE',  ( 1.000000000000000000, 0.000000000000000000, 0.000000000000000000 ) ) ;
#2706 = DIRECTION ( 'NONE',  ( 0.000000000000000000, -1.577721810442023611E-30, -1.000000000000000000 ) ) ;
#2707 = ORIENTED_EDGE ( 'NONE', *, *, #2909, .T. ) ;
#2708 = ADVANCED_FACE ( 'NONE', ( #1020 ), #190, .F. ) ;
#2709 = EDGE_LOOP ( 'NONE', ( #643, #2271, #1765, #2824 ) ) ;
#2710 = PLANE ( 'NONE',  #2195 ) ;
#2711 = CARTESIAN_POINT ( 'NONE',  ( 29.07404423237401048, 36.34680419226610582, 15.50435140186733918 ) ) ;
#2712 = ORIENTED_EDGE ( 'NONE', *, *, #2626, .F. ) ;
#2713 = CARTESIAN_POINT ( 'NONE',  ( 577.2732910255167553, 7.033126629324346624, 13.03090026262784917 ) ) ;
#2714 = CARTESIAN_POINT ( 'NONE',  ( 0.000000000000000000, 0.000000000000000000, 4.000000000000000000 ) ) ;
#2715 = FILL_AREA_STYLE_COLOUR ( '', #187 ) ;
#2716 = AXIS2_PLACEMENT_3D ( 'NONE', #2479, #2718, #1523 ) ;
#2717 = CARTESIAN_POINT ( 'NONE',  ( 570.9082173864823062, 11.00000000000001066, 25.00000000000000000 ) ) ;
#2718 = DIRECTION ( 'NONE',  ( 0.000000000000000000, 0.000000000000000000, 1.000000000000000000 ) ) ;
#2719 = VECTOR ( 'NONE', #2646, 999.9999999999998863 ) ;
#2720 = VERTEX_POINT ( 'NONE', #1605 ) ;
#2721 = EDGE_CURVE ( 'NONE', #26, #1737, #2162, .T. ) ;
#2722 = CARTESIAN_POINT ( 'NONE',  ( 28.59178261351764405, 38.99999999999997868, 8.500000000000000000 ) ) ;
#2723 = AXIS2_PLACEMENT_3D ( 'NONE', #1922, #465, #1198 ) ;
#2724 = CARTESIAN_POINT ( 'NONE',  ( 29.73055220311823277, 35.02652490902278970, 13.03055879749692636 ) ) ;
#2725 = LINE ( 'NONE', #141, #1106 ) ;
#2726 = STYLED_ITEM ( 'NONE', ( #1485 ), #218 ) ;
#2727 = LINE ( 'NONE', #1607, #2862 ) ;
#2728 = CARTESIAN_POINT ( 'NONE',  ( 36.09178261351764405, 38.99999999999997868, 4.000000000000000000 ) ) ;
#2729 = DIRECTION ( 'NONE',  ( 0.000000000000000000, 0.000000000000000000, 1.000000000000000000 ) ) ;
#2730 = LINE ( 'NONE', #1831, #2286 ) ;
#2731 =( NAMED_UNIT ( * ) SI_UNIT ( $, .STERADIAN. ) SOLID_ANGLE_UNIT ( ) );
#2732 = EDGE_LOOP ( 'NONE', ( #1416, #1466, #1127, #1357 ) ) ;
#2733 = CARTESIAN_POINT ( 'NONE',  ( 29.66551488184475360, 21.13258627028999115, 11.44502503998128873 ) ) ;
#2734 = VERTEX_POINT ( 'NONE', #347 ) ;
#2735 = EDGE_CURVE ( 'NONE', #744, #2014, #751, .T. ) ;
#2736 = FACE_OUTER_BOUND ( 'NONE', #1029, .T. ) ;
#2737 = CIRCLE ( 'NONE', #1410, 2.500000000000002220 ) ;
#2738 = CARTESIAN_POINT ( 'NONE',  ( 29.29714168625436344, 35.82060178761824432, 14.94093172534079628 ) ) ;
#2739 = ORIENTED_EDGE ( 'NONE', *, *, #406, .T. ) ;
#2740 = CARTESIAN_POINT ( 'NONE',  ( 577.2856859735890112, 7.052996320390658269, 13.16231070233012090 ) ) ;
#2741 = CIRCLE ( 'NONE', #564, 7.500000000000062172 ) ;
#2742 = DIRECTION ( 'NONE',  ( -1.000000000000000000, 4.898587196589381644E-17, 0.000000000000000000 ) ) ;
#2743 = VERTEX_POINT ( 'NONE', #645 ) ;
#2744 = CARTESIAN_POINT ( 'NONE',  ( 607.0000000000000000, 49.99999999999998579, 25.00000000000000000 ) ) ;
#2745 = DIRECTION ( 'NONE',  ( 1.000000000000000000, 0.000000000000000000, 0.000000000000000000 ) ) ;
#2746 = ADVANCED_FACE ( 'NONE', ( #1018, #1329 ), #1865, .F. ) ;
#2747 = EDGE_CURVE ( 'NONE', #1460, #2292, #2859, .T. ) ;
#2748 = DIRECTION ( 'NONE',  ( -1.000000000000000000, 4.898587196589382260E-17, 0.000000000000000000 ) ) ;
#2749 = DIRECTION ( 'NONE',  ( 0.000000000000000000, -1.577721810442023611E-30, -1.000000000000000000 ) ) ;
#2750 = CARTESIAN_POINT ( 'NONE',  ( 29.43925738726985486, 35.53306670997632466, 14.51173910912850751 ) ) ;
#2751 = EDGE_LOOP ( 'NONE', ( #154, #2136, #255, #2098 ) ) ;
#2752 = ORIENTED_EDGE ( 'NONE', *, *, #2541, .T. ) ;
#2753 = DIRECTION ( 'NONE',  ( -0.000000000000000000, 1.577721810442023611E-30, 1.000000000000000000 ) ) ;
#2754 = CARTESIAN_POINT ( 'NONE',  ( 28.64751129545839348, 24.07801258838642866, 8.605429682291637405 ) ) ;
#2755 = CARTESIAN_POINT ( 'NONE',  ( 28.60632340534400342, 38.46515706753421426, 16.47292113428963845 ) ) ;
#2756 = ORIENTED_EDGE ( 'NONE', *, *, #2180, .F. ) ;
#2757 = ORIENTED_EDGE ( 'NONE', *, *, #1040, .T. ) ;
#2758 = VERTEX_POINT ( 'NONE', #1115 ) ;
#2759 = DIRECTION ( 'NONE',  ( 1.000000000000000000, 0.000000000000000000, 0.000000000000000000 ) ) ;
#2760 = ORIENTED_EDGE ( 'NONE', *, *, #594, .F. ) ;
#2761 = B_SPLINE_CURVE_WITH_KNOTS ( 'NONE', 3,
 ( #2591, #2412, #1675, #2640, #707, #2616, #454, #1171, #1901, #2170, #3103, #1190, #970, #2150, #2650, #1938, #694, #237 ),
 .UNSPECIFIED., .F., .F.,
 ( 4, 2, 2, 2, 2, 2, 2, 2, 4 ),
 ( 0.01912920815143726028, 0.01992409880514189532, 0.02071898945884653037, 0.02151388011255116889, 0.02230877076625580394, 0.02310366141996043898, 0.02389855207366507750, 0.02469344272736971255, 0.02548833338107434759 ),
 .UNSPECIFIED. ) ;
#2762 = EDGE_CURVE ( 'NONE', #2949, #2758, #796, .T. ) ;
#2763 = CARTESIAN_POINT ( 'NONE',  ( 28.70509041756679380, 37.69495510365986490, 8.716570992157752329 ) ) ;
#2764 =( REPRESENTATION_RELATIONSHIP ('NONE','NONE', #1939, #942 ) REPRESENTATION_RELATIONSHIP_WITH_TRANSFORMATION ( #1403 )SHAPE_REPRESENTATION_RELATIONSHIP( ) );
#2765 = AXIS2_PLACEMENT_3D ( 'NONE', #1215, #243, #2881 ) ;
#2766 = CARTESIAN_POINT ( 'NONE',  ( 577.2693390096883377, 14.97365172272431266, 11.97038628887502476 ) ) ;
#2767 = CARTESIAN_POINT ( 'NONE',  ( 29.74749384329293989, 21.00000000000001776, 12.36653386758353790 ) ) ;
#2768 = CARTESIAN_POINT ( 'NONE',  ( 28.80539469178614809, 37.20568965193271538, 16.08457701868809764 ) ) ;
#2769 = CARTESIAN_POINT ( 'NONE',  ( 577.2527571238666724, 14.99960194735810326, 12.77120199371998588 ) ) ;
#2770 = LINE ( 'NONE', #2399, #2130 ) ;
#2771 = CARTESIAN_POINT ( 'NONE',  ( 577.3335973640945440, 14.86888465349231581, 11.45017609357898891 ) ) ;
#2772 = EDGE_CURVE ( 'NONE', #1889, #2498, #824, .T. ) ;
#2773 = VECTOR ( 'NONE', #242, 999.9999999999998863 ) ;
#2774 = DIRECTION ( 'NONE',  ( 1.000000000000000000, 0.000000000000000000, 0.000000000000000000 ) ) ;
#2775 = FACE_OUTER_BOUND ( 'NONE', #2828, .T. ) ;
#2776 = DIRECTION ( 'NONE',  ( -1.000000000000000000, 4.898587196589414308E-17, 0.000000000000000000 ) ) ;
#2777 = AXIS2_PLACEMENT_3D ( 'NONE', #1436, #729, #2422 ) ;
#2778 = VECTOR ( 'NONE', #1376, 1000.000000000000000 ) ;
#2779 = DIRECTION ( 'NONE',  ( 1.000000000000000000, 0.000000000000000000, 0.000000000000000000 ) ) ;
#2780 = ORIENTED_EDGE ( 'NONE', *, *, #1110, .F. ) ;
#2781 = CIRCLE ( 'NONE', #2976, 7.500000000000062172 ) ;
#2782 = DIRECTION ( 'NONE',  ( 1.034208589056525507E-14, -0.1650476058606802909, 0.9862856015372309937 ) ) ;
#2783 = CARTESIAN_POINT ( 'NONE',  ( 578.3372552603942722, 12.06235916382214768, 8.634424822770919050 ) ) ;
#2784 = CARTESIAN_POINT ( 'NONE',  ( 28.66488182868799228, 23.94761769708896537, 8.638657134187134545 ) ) ;
#2785 = CARTESIAN_POINT ( 'NONE',  ( 25.00000000000000711, 38.99999999999997868, 12.50000000000000000 ) ) ;
#2786 = VECTOR ( 'NONE', #783, 1000.000000000000000 ) ;
#2787 = ADVANCED_FACE ( 'NONE', ( #1600 ), #1391, .T. ) ;
#2788 = ORIENTED_EDGE ( 'NONE', *, *, #1176, .F. ) ;
#2789 = CIRCLE ( 'NONE', #2599, 7.500000000000062172 ) ;
#2790 = CARTESIAN_POINT ( 'NONE',  ( 29.29458677156762292, 35.82604047568099759, 10.05198909968935617 ) ) ;
#2791 = AXIS2_PLACEMENT_3D ( 'NONE', #1759, #1995, #359 ) ;
#2792 = VERTEX_POINT ( 'NONE', #156 ) ;
#2793 = STYLED_ITEM ( 'NONE', ( #950 ), #2603 ) ;
#2794 = CARTESIAN_POINT ( 'NONE',  ( 4.183565227035446199, 49.99999999999998579, 1.110223024625156540E-13 ) ) ;
#2795 = ORIENTED_EDGE ( 'NONE', *, *, #495, .F. ) ;
#2796 = ORIENTED_EDGE ( 'NONE', *, *, #1370, .F. ) ;
#2797 = CARTESIAN_POINT ( 'NONE',  ( 313.3164347729647261, 43.00000000000009237, 4.000000000000225597 ) ) ;
#2798 = CARTESIAN_POINT ( 'NONE',  ( 605.5775878228079137, 19.00000000000001066, 16.50000000000000000 ) ) ;
#2799 = EDGE_CURVE ( 'NONE', #181, #1218, #307, .T. ) ;
#2800 = PRESENTATION_STYLE_ASSIGNMENT (( #2462 ) ) ;
#2801 = PRODUCT_RELATED_PRODUCT_CATEGORY ( 'part', '', ( #1103 ) ) ;
#2802 = CYLINDRICAL_SURFACE ( 'NONE', #2613, 2.499999999999891198 ) ;
#2803 = EDGE_CURVE ( 'NONE', #464, #20, #2455, .T. ) ;
#2804 = UNCERTAINTY_MEASURE_WITH_UNIT (LENGTH_MEASURE( 1.000000000000000082E-05 ), #726, 'distance_accuracy_value', 'NONE');
#2805 = CYLINDRICAL_SURFACE ( 'NONE', #1424, 4.000000000000003553 ) ;
#2806 = FACE_OUTER_BOUND ( 'NONE', #621, .T. ) ;
#2807 = CYLINDRICAL_SURFACE ( 'NONE', #662, 4.000000000000003553 ) ;
#2808 = FACE_OUTER_BOUND ( 'NONE', #1457, .T. ) ;
#2809 = ORIENTED_EDGE ( 'NONE', *, *, #78, .T. ) ;
#2810 = ORIENTED_EDGE ( 'NONE', *, *, #1547, .F. ) ;
#2811 = CARTESIAN_POINT ( 'NONE',  ( 28.59178261351769734, 25.00000000000002132, 25.00000000000014566 ) ) ;
#2812 = CARTESIAN_POINT ( 'NONE',  ( 29.50524394249842786, 21.41101601425618028, 14.28513810214559854 ) ) ;
#2813 = CARTESIAN_POINT ( 'NONE',  ( 29.21903733161530070, 35.99109385815168594, 9.851999624877686657 ) ) ;
#2814 = FACE_OUTER_BOUND ( 'NONE', #183, .T. ) ;
#2815 = ORIENTED_EDGE ( 'NONE', *, *, #2945, .F. ) ;
#2816 = CARTESIAN_POINT ( 'NONE',  ( 2.091782613517795930, 29.00000000000007816, 12.50000000000019185 ) ) ;
#2817 = CARTESIAN_POINT ( 'NONE',  ( 29.00099735712528926, 22.54605742684437431, 15.66952574076865190 ) ) ;
#2818 =( LENGTH_UNIT ( ) NAMED_UNIT ( * ) SI_UNIT ( .MILLI., .METRE. ) );
#2819 = ORIENTED_EDGE ( 'NONE', *, *, #806, .F. ) ;
#2820 = EDGE_CURVE ( 'NONE', #2249, #2463, #2933, .T. ) ;
#2821 = SURFACE_SIDE_STYLE ('',( #431 ) ) ;
#2822 =( GEOMETRIC_REPRESENTATION_CONTEXT ( 3 ) GLOBAL_UNCERTAINTY_ASSIGNED_CONTEXT ( ( #2804 ) ) GLOBAL_UNIT_ASSIGNED_CONTEXT ( ( #726, #2156, #2181 ) ) REPRESENTATION_CONTEXT ( 'NONE', 'WORKASPACE' ) );
#2823 = AXIS2_PLACEMENT_3D ( 'NONE', #2958, #63, #558 ) ;
#2824 = ORIENTED_EDGE ( 'NONE', *, *, #2342, .F. ) ;
#2825 = CARTESIAN_POINT ( 'NONE',  ( 328.5000000000000000, 0.000000000000000000, 12.49999999999999112 ) ) ;
#2826 = CARTESIAN_POINT ( 'NONE',  ( 28.70509041756679380, 37.69495510365986490, 8.716570992157752329 ) ) ;
#2827 = VERTEX_POINT ( 'NONE', #3068 ) ;
#2828 = EDGE_LOOP ( 'NONE', ( #2840, #1738 ) ) ;
#2829 = CYLINDRICAL_SURFACE ( 'NONE', #193, 7.500000000000062172 ) ;
#2830 = PRODUCT_DEFINITION_FORMATION_WITH_SPECIFIED_SOURCE ( 'ANY', '', #870, .NOT_KNOWN. ) ;
#2831 = SHAPE_DEFINITION_REPRESENTATION ( #1453, #895 ) ;
#2832 = VECTOR ( 'NONE', #1188, 1000.000000000000000 ) ;
#2833 = CARTESIAN_POINT ( 'NONE',  ( 315.8164347729645556, 11.00000000000006573, 25.00000000000002132 ) ) ;
#2834 = FACE_OUTER_BOUND ( 'NONE', #1280, .T. ) ;
#2835 = LINE ( 'NONE', #109, #2778 ) ;
#2836 = ORIENTED_EDGE ( 'NONE', *, *, #473, .F. ) ;
#2837 = FACE_BOUND ( 'NONE', #1677, .T. ) ;
#2838 = DIRECTION ( 'NONE',  ( 0.000000000000000000, 1.000000000000000000, 3.421138828917998273E-49 ) ) ;
#2839 = LINE ( 'NONE', #2396, #1258 ) ;
#2840 = ORIENTED_EDGE ( 'NONE', *, *, #322, .T. ) ;
#2841 = CARTESIAN_POINT ( 'NONE',  ( 262.0000000000000000, 0.000000000000000000, 3.000000000000002665 ) ) ;
#2842 = CARTESIAN_POINT ( 'NONE',  ( 29.71388159746175717, 35.05369411875282992, 11.83356532774154424 ) ) ;
#2843 = FACE_OUTER_BOUND ( 'NONE', #1664, .T. ) ;
#2844 = DIRECTION ( 'NONE',  ( 0.000000000000000000, 0.000000000000000000, -1.000000000000000000 ) ) ;
#2845 = CARTESIAN_POINT ( 'NONE',  ( 0.000000000000000000, 0.000000000000000000, 0.000000000000000000 ) ) ;
#2846 = EDGE_CURVE ( 'NONE', #338, #2080, #1243, .T. ) ;
#2847 = ORIENTED_EDGE ( 'NONE', *, *, #2180, .T. ) ;
#2848 = DIRECTION ( 'NONE',  ( 0.000000000000000000, -1.577721810442023611E-30, -1.000000000000000000 ) ) ;
#2849 = PLANE ( 'NONE',  #232 ) ;
#2850 = CARTESIAN_POINT ( 'NONE',  ( 29.07444152554825578, 41.65424835560134653, 9.496568584262853108 ) ) ;
#2851 = ORIENTED_EDGE ( 'NONE', *, *, #2237, .F. ) ;
#2852 = CARTESIAN_POINT ( 'NONE',  ( 577.3821479617656678, 14.78833172880894331, 13.80977360152725630 ) ) ;
#2853 = CARTESIAN_POINT ( 'NONE',  ( 262.0000000000000000, 0.000000000000000000, 3.000000000000002665 ) ) ;
#2854 = ORIENTED_EDGE ( 'NONE', *, *, #1040, .F. ) ;
#2855 = AXIS2_PLACEMENT_3D ( 'NONE', #776, #2439, #2464 ) ;
#2856 = DIRECTION ( 'NONE',  ( 0.000000000000000000, 1.577721810442023611E-30, 1.000000000000000000 ) ) ;
#2857 = CARTESIAN_POINT ( 'NONE',  ( 3.095838268006247507, 4.000000000000002665, 6.500000000000002665 ) ) ;
#2858 = DIRECTION ( 'NONE',  ( 0.000000000000000000, 3.421138828917998273E-49, 1.000000000000000000 ) ) ;
#2859 = LINE ( 'NONE', #2571, #1439 ) ;
#2860 = DIRECTION ( 'NONE',  ( 1.000000000000000000, 0.000000000000000000, 0.000000000000000000 ) ) ;
#2861 = VECTOR ( 'NONE', #1575, 1000.000000000000114 ) ;
#2862 = VECTOR ( 'NONE', #2991, 999.9999999999998863 ) ;
#2863 = LINE ( 'NONE', #1126, #1487 ) ;
#2864 = CARTESIAN_POINT ( 'NONE',  ( 262.0000000000000000, 0.000000000000000000, 3.000000000000002665 ) ) ;
#2865 = AXIS2_PLACEMENT_3D ( 'NONE', #2378, #678, #1402 ) ;
#2866 = ORIENTED_EDGE ( 'NONE', *, *, #34, .T. ) ;
#2867 = VERTEX_POINT ( 'NONE', #3048 ) ;
#2868 = CARTESIAN_POINT ( 'NONE',  ( 578.3524075395258706, 10.07734390319625639, 16.39441536424055101 ) ) ;
#2869 = EDGE_CURVE ( 'NONE', #464, #1001, #2770, .T. ) ;
#2870 = LINE ( 'NONE', #1027, #2246 ) ;
#2871 = CARTESIAN_POINT ( 'NONE',  ( 328.5000000000000000, 0.000000000000000000, 3.816391647148975608E-14 ) ) ;
#2872 = AXIS2_PLACEMENT_3D ( 'NONE', #1712, #259, #1726 ) ;
#2873 = ORIENTED_EDGE ( 'NONE', *, *, #345, .F. ) ;
#2874 = VECTOR ( 'NONE', #1181, 1000.000000000000000 ) ;
#2875 = DIRECTION ( 'NONE',  ( -4.898587196589414308E-17, -1.000000000000000000, -6.842277657836020854E-49 ) ) ;
#2876 = CARTESIAN_POINT ( 'NONE',  ( 29.50571261039186410, 28.58982982507673398, 10.71668275306666729 ) ) ;
#2877 = CARTESIAN_POINT ( 'NONE',  ( 577.4955451535802240, 7.412460581205872145, 10.71199297050425336 ) ) ;
#2878 = EDGE_CURVE ( 'NONE', #2792, #177, #617, .T. ) ;
#2879 = PLANE ( 'NONE',  #1540 ) ;
#2880 = VERTEX_POINT ( 'NONE', #717 ) ;
#2881 = DIRECTION ( 'NONE',  ( 1.000000000000000000, 0.000000000000000000, 0.000000000000000000 ) ) ;
#2882 = CARTESIAN_POINT ( 'NONE',  ( 578.3936978283818462, 10.46554508151796803, 8.527039594063893446 ) ) ;
#2883 = CARTESIAN_POINT ( 'NONE',  ( 264.4999999999998863, 0.000000000000000000, 3.000000000000002665 ) ) ;
#2884 = ORIENTED_EDGE ( 'NONE', *, *, #1446, .T. ) ;
#2885 = EDGE_LOOP ( 'NONE', ( #926, #2173, #2546, #3012 ) ) ;
#2886 = EDGE_CURVE ( 'NONE', #2897, #1963, #1974, .T. ) ;
#2887 = CARTESIAN_POINT ( 'NONE',  ( 578.4082173864824199, 11.00000000000001066, 16.50000000000000355 ) ) ;
#2888 = CARTESIAN_POINT ( 'NONE',  ( 28.60653748732292101, 39.53869925873965485, 16.47252499406116044 ) ) ;
#2889 = ORIENTED_EDGE ( 'NONE', *, *, #1728, .F. ) ;
#2890 = CARTESIAN_POINT ( 'NONE',  ( 24.99999999999999289, 7.000000000000006217, 12.50000000000000000 ) ) ;
#2891 = ORIENTED_EDGE ( 'NONE', *, *, #2426, .T. ) ;
#2892 = CARTESIAN_POINT ( 'NONE',  ( 0.000000000000000000, 0.000000000000000000, 25.00000000000000000 ) ) ;
#2893 = LINE ( 'NONE', #1985, #1248 ) ;
#2894 = DIRECTION ( 'NONE',  ( 0.000000000000000000, 3.421138828917998273E-49, 1.000000000000000000 ) ) ;
#2895 = FACE_OUTER_BOUND ( 'NONE', #294, .T. ) ;
#2896 = FACE_BOUND ( 'NONE', #2003, .T. ) ;
#2897 = VERTEX_POINT ( 'NONE', #3088 ) ;
#2898 = ADVANCED_FACE ( 'NONE', ( #1102 ), #2159, .F. ) ;
#2899 = EDGE_CURVE ( 'NONE', #1737, #26, #677, .T. ) ;
#2900 = VECTOR ( 'NONE', #2303, 1000.000000000000000 ) ;
#2901 = CARTESIAN_POINT ( 'NONE',  ( 310.8164347729645556, 11.00000000000006573, 25.00000000000002132 ) ) ;
#2902 = DIRECTION ( 'NONE',  ( -6.938893903907225912E-17, 0.000000000000000000, -1.000000000000000000 ) ) ;
#2903 = CYLINDRICAL_SURFACE ( 'NONE', #2251, 2.500000000000002220 ) ;
#2904 = CARTESIAN_POINT ( 'NONE',  ( 2.091782613517723100, 42.99999999999998579, 12.50000000000000000 ) ) ;
#2905 = ORIENTED_EDGE ( 'NONE', *, *, #2799, .T. ) ;
#2906 = DIRECTION ( 'NONE',  ( 0.000000000000000000, 0.000000000000000000, -1.000000000000000000 ) ) ;
#2907 = FACE_OUTER_BOUND ( 'NONE', #936, .T. ) ;
#2908 = ORIENTED_EDGE ( 'NONE', *, *, #747, .F. ) ;
#2909 = EDGE_CURVE ( 'NONE', #40, #2118, #2497, .T. ) ;
#2910 = VECTOR ( 'NONE', #1156, 1000.000000000000000 ) ;
#2911 = CARTESIAN_POINT ( 'NONE',  ( 582.0000000000000000, 43.00000000000003553, 9.499999999999998224 ) ) ;
#2912 = DIRECTION ( 'NONE',  ( 0.000000000000000000, 0.000000000000000000, 1.000000000000000000 ) ) ;
#2913 = ADVANCED_FACE ( 'NONE', ( #2317 ), #1670, .T. ) ;
#2914 = CARTESIAN_POINT ( 'NONE',  ( 605.4102452137263981, 37.00000000000003553, 15.50000000000000533 ) ) ;
#2915 = DIRECTION ( 'NONE',  ( 0.000000000000000000, -1.577721810442023611E-30, -1.000000000000000000 ) ) ;
#2916 =( BOUNDED_CURVE ( )  B_SPLINE_CURVE ( 3, ( #1182, #476, #200, #699 ),
 .UNSPECIFIED., .F., .F. ) 
 B_SPLINE_CURVE_WITH_KNOTS ( ( 4, 4 ),
 ( 4.712388980384689674, 7.853981633974482790 ),
 .UNSPECIFIED. ) 
 CURVE ( )  GEOMETRIC_REPRESENTATION_ITEM ( )  RATIONAL_B_SPLINE_CURVE ( ( 1.000000000000000000, 0.3333333333333333703, 0.3333333333333333703, 1.000000000000000000 ) ) 
 REPRESENTATION_ITEM ( '' )  );
#2917 = ORIENTED_EDGE ( 'NONE', *, *, #2114, .F. ) ;
#2918 = CARTESIAN_POINT ( 'NONE',  ( 29.74749384329288304, 42.99999999999998579, 12.50000000000000000 ) ) ;
#2919 = SURFACE_STYLE_USAGE ( .BOTH. , #2704 ) ;
#2920 = CARTESIAN_POINT ( 'NONE',  ( 328.5000000000000000, 0.000000000000000000, 3.816391647148975608E-14 ) ) ;
#2921 =( GEOMETRIC_REPRESENTATION_CONTEXT ( 3 ) GLOBAL_UNCERTAINTY_ASSIGNED_CONTEXT ( ( #1682 ) ) GLOBAL_UNIT_ASSIGNED_CONTEXT ( ( #1271, #1964, #51 ) ) REPRESENTATION_CONTEXT ( 'NONE', 'WORKASPACE' ) );
#2922 = ORIENTED_EDGE ( 'NONE', *, *, #806, .T. ) ;
#2923 = CARTESIAN_POINT ( 'NONE',  ( 0.7530417408663757639, 42.99999999999998579, 20.49999999999999645 ) ) ;
#2924 = PLANE ( 'NONE',  #2823 ) ;
#2925 = ORIENTED_EDGE ( 'NONE', *, *, #1999, .T. ) ;
#2926 = CARTESIAN_POINT ( 'NONE',  ( 28.59178261351764405, 38.99999999999997868, 25.00000000000000000 ) ) ;
#2927 = CARTESIAN_POINT ( 'NONE',  ( 604.4061895592379869, 43.00000000000003553, 9.499999999999998224 ) ) ;
#2928 = PRODUCT_DEFINITION_SHAPE ( 'NONE', 'NONE',  #3126 ) ;
#2929 = CARTESIAN_POINT ( 'NONE',  ( 29.00033486475238576, 41.45188497901043689, 15.67096968275109248 ) ) ;
#2930 = AXIS2_PLACEMENT_3D ( 'NONE', #1000, #2693, #1743 ) ;
#2931 = CARTESIAN_POINT ( 'NONE',  ( 28.70313344157636593, 37.68894623103876285, 16.28812355170481396 ) ) ;
#2932 = CARTESIAN_POINT ( 'NONE',  ( 577.3338626248222454, 7.131556155696408439, 13.55124510774252222 ) ) ;
#2933 = CIRCLE ( 'NONE', #826, 7.500000000000000000 ) ;
#2934 =( NAMED_UNIT ( * ) SI_UNIT ( $, .STERADIAN. ) SOLID_ANGLE_UNIT ( ) );
#2935 = CARTESIAN_POINT ( 'NONE',  ( 578.1949102035280248, 12.79285709400297577, 8.914816764090806700 ) ) ;
#2936 = LINE ( 'NONE', #2988, #2861 ) ;
#2937 = CIRCLE ( 'NONE', #546, 2.500000000000002220 ) ;
#2938 =( NAMED_UNIT ( * ) PLANE_ANGLE_UNIT ( ) SI_UNIT ( $, .RADIAN. ) );
#2939 = EDGE_CURVE ( 'NONE', #2720, #1353, #2635, .T. ) ;
#2940 = CYLINDRICAL_SURFACE ( 'NONE', #2999, 4.000000000000000000 ) ;
#2941 = LINE ( 'NONE', #1558, #128 ) ;
#2942 = CARTESIAN_POINT ( 'NONE',  ( 29.74749384329293989, 21.00000000000002132, 12.50000000000019185 ) ) ;
#2943 = ORIENTED_EDGE ( 'NONE', *, *, #2945, .T. ) ;
#2944 = CARTESIAN_POINT ( 'NONE',  ( 578.3350124125360026, 9.946861683536775800, 16.36113985367841295 ) ) ;
#2945 = EDGE_CURVE ( 'NONE', #781, #66, #1841, .T. ) ;
#2946 = SURFACE_SIDE_STYLE ('',( #1137 ) ) ;
#2947 = DIRECTION ( 'NONE',  ( 0.000000000000000000, 0.000000000000000000, 1.000000000000000000 ) ) ;
#2948 = EDGE_LOOP ( 'NONE', ( #2182, #3010, #607, #552, #404, #247, #2441, #543 ) ) ;
#2949 = VERTEX_POINT ( 'NONE', #221 ) ;
#2950 = FACE_OUTER_BOUND ( 'NONE', #213, .T. ) ;
#2951 = ADVANCED_FACE ( 'NONE', ( #1400 ), #2802, .F. ) ;
#2952 = DIRECTION ( 'NONE',  ( -1.000000000000000000, 0.000000000000000000, 0.000000000000000000 ) ) ;
#2953 = CARTESIAN_POINT ( 'NONE',  ( 29.50524394249837812, 35.41101601425611278, 14.28513810214540136 ) ) ;
#2954 = DIRECTION ( 'NONE',  ( 1.000000000000000000, 0.000000000000000000, 0.000000000000000000 ) ) ;
#2955 = PLANE ( 'NONE',  #2656 ) ;
#2956 =( REPRESENTATION_RELATIONSHIP ('NONE','NONE', #1939, #895 ) REPRESENTATION_RELATIONSHIP_WITH_TRANSFORMATION ( #1979 )SHAPE_REPRESENTATION_RELATIONSHIP( ) );
#2957 = CARTESIAN_POINT ( 'NONE',  ( 607.0000000000000000, 0.000000000000000000, 25.00000000000000000 ) ) ;
#2958 = CARTESIAN_POINT ( 'NONE',  ( 0.000000000000000000, 0.000000000000000000, 25.00000000000000000 ) ) ;
#2959 = ORIENTED_EDGE ( 'NONE', *, *, #2630, .F. ) ;
#2960 = CARTESIAN_POINT ( 'NONE',  ( 29.73018897726946363, 42.97290097705432288, 13.03506759783832436 ) ) ;
#2961 = CARTESIAN_POINT ( 'NONE',  ( 330.0000000000001705, 50.00000000000009948, 25.00000000000013500 ) ) ;
#2962 = VERTEX_POINT ( 'NONE', #1495 ) ;
#2963 = CARTESIAN_POINT ( 'NONE',  ( 578.4082173864826473, 10.73004862906369716, 8.500000000000003553 ) ) ;
#2964 = CARTESIAN_POINT ( 'NONE',  ( 43.59178261351764405, 38.99999999999997868, 25.00000000000000000 ) ) ;
#2965 = ADVANCED_FACE ( 'NONE', ( #123 ), #1708, .F. ) ;
#2966 = ORIENTED_EDGE ( 'NONE', *, *, #1619, .F. ) ;
#2967 = DIRECTION ( 'NONE',  ( -0.9862856015372316598, 0.000000000000000000, 0.1650476058606759888 ) ) ;
#2968 = CARTESIAN_POINT ( 'NONE',  ( 29.74318859888732192, 21.00680506311410767, 12.23111293515970033 ) ) ;
#2969 = PLANE ( 'NONE',  #3039 ) ;
#2970 = ORIENTED_EDGE ( 'NONE', *, *, #466, .F. ) ;
#2971 = EDGE_CURVE ( 'NONE', #3003, #2118, #393, .T. ) ;
#2972 = CARTESIAN_POINT ( 'NONE',  ( 570.9082173864823062, 11.00000000000001066, 25.00000000000000000 ) ) ;
#2973 = CARTESIAN_POINT ( 'NONE',  ( 328.5000000000000000, 0.000000000000000000, 3.816391647148975608E-14 ) ) ;
#2974 = CARTESIAN_POINT ( 'NONE',  ( -2.499999999999845901, -262.0000000000000000, 15.00000000000001421 ) ) ;
#2975 = CIRCLE ( 'NONE', #1715, 7.500000000000000000 ) ;
#2976 = AXIS2_PLACEMENT_3D ( 'NONE', #2274, #1518, #84 ) ;
#2977 = CARTESIAN_POINT ( 'NONE',  ( 578.2718237956004259, 9.570886099492549093, 16.23826187340996441 ) ) ;
#2978 = LINE ( 'NONE', #1651, #649 ) ;
#2979 = APPLICATION_PROTOCOL_DEFINITION ( 'draft international standard', 'automotive_design', 1998, #112 ) ;
#2980 = LINE ( 'NONE', #1287, #1566 ) ;
#2981 = CARTESIAN_POINT ( 'NONE',  ( 577.7788724997419649, 14.01366669363784823, 15.14259942229814726 ) ) ;
#2982 = CARTESIAN_POINT ( 'NONE',  ( 28.80394942644709388, 23.21179502793501115, 8.912507704455062907 ) ) ;
#2983 = CARTESIAN_POINT ( 'NONE',  ( 28.86611352528592889, 36.97743333064384075, 15.96077327222535480 ) ) ;
#2984 = EDGE_LOOP ( 'NONE', ( #1135, #2608 ) ) ;
#2985 = ADVANCED_FACE ( 'NONE', ( #1902 ), #2430, .F. ) ;
#2986 = CYLINDRICAL_SURFACE ( 'NONE', #1372, 3.000000000000002665 ) ;
#2987 = CARTESIAN_POINT ( 'NONE',  ( -262.0000000000000000, 5.551115123125782702E-14, 3.000000000000058176 ) ) ;
#2988 = CARTESIAN_POINT ( 'NONE',  ( 0.000000000000000000, 49.99999999999998579, 25.00000000000000000 ) ) ;
#2989 = ORIENTED_EDGE ( 'NONE', *, *, #603, .T. ) ;
#2990 = B_SPLINE_CURVE_WITH_KNOTS ( 'NONE', 3,
 ( #612, #2767, #2968, #1059, #2298, #2733, #1546, #1838, #1309, #75, #1535, #2996, #2061, #1316, #2982, #1568, #2283, #2784, #2754, #114, #1822, #1809 ),
 .UNSPECIFIED., .F., .F.,
 ( 4, 2, 2, 2, 2, 2, 2, 2, 2, 2, 4 ),
 ( 0.006383785171032180933, 0.006782186978548334320, 0.007180588786064487708, 0.007977392401096794483, 0.008774196016129101258, 0.009570999631161408033, 0.01036780324619371307, 0.01116460686122602158, 0.01156300866874217237, 0.01196141047625832662, 0.01275821409129064207 ),
 .UNSPECIFIED. ) ;
#2991 = DIRECTION ( 'NONE',  ( -0.1650476058606802909, 0.000000000000000000, 0.9862856015372311047 ) ) ;
#2992 = CIRCLE ( 'NONE', #1474, 3.000000000000002665 ) ;
#2993 = PRODUCT_RELATED_PRODUCT_CATEGORY ( 'part', '', ( #361 ) ) ;
#2994 = ORIENTED_EDGE ( 'NONE', *, *, #1952, .F. ) ;
#2995 = DIRECTION ( 'NONE',  ( 0.000000000000000000, 3.421138828917998273E-49, 1.000000000000000000 ) ) ;
#2996 = CARTESIAN_POINT ( 'NONE',  ( 29.07175070078366730, 22.35287026676836675, 9.490327869594391785 ) ) ;
#2997 = VECTOR ( 'NONE', #96, 1000.000000000000000 ) ;
#2998 = DIRECTION ( 'NONE',  ( 0.000000000000000000, 0.000000000000000000, 1.000000000000000000 ) ) ;
#2999 = AXIS2_PLACEMENT_3D ( 'NONE', #507, #2748, #18 ) ;
#3000 = DIRECTION ( 'NONE',  ( 1.000000000000000000, 0.000000000000000000, 0.000000000000000000 ) ) ;
#3001 = CARTESIAN_POINT ( 'NONE',  ( -1.665334536937734811E-13, 262.0000000000001705, 3.000000000000002665 ) ) ;
#3002 = ADVANCED_FACE ( 'NONE', ( #850 ), #2184, .T. ) ;
#3003 = VERTEX_POINT ( 'NONE', #738 ) ;
#3004 =( REPRESENTATION_RELATIONSHIP ('NONE','NONE', #1939, #895 ) REPRESENTATION_RELATIONSHIP_WITH_TRANSFORMATION ( #1332 )SHAPE_REPRESENTATION_RELATIONSHIP( ) );
#3005 = CARTESIAN_POINT ( 'NONE',  ( 578.4082173864824199, 11.00000000000001066, 8.500000000000000000 ) ) ;
#3006 = DIRECTION ( 'NONE',  ( 0.000000000000000000, -3.421138828917998273E-49, -1.000000000000000000 ) ) ;
#3007 = EDGE_CURVE ( 'NONE', #2532, #2867, #2567, .T. ) ;
#3008 = VERTEX_POINT ( 'NONE', #2697 ) ;
#3009 = CARTESIAN_POINT ( 'NONE',  ( 577.2693390096883377, 14.97365172272431266, 11.97038628887502654 ) ) ;
#3010 = ORIENTED_EDGE ( 'NONE', *, *, #2404, .F. ) ;
#3011 = ORIENTED_EDGE ( 'NONE', *, *, #249, .F. ) ;
#3012 = ORIENTED_EDGE ( 'NONE', *, *, #2276, .T. ) ;
#3013 = B_SPLINE_CURVE_WITH_KNOTS ( 'NONE', 3,
 ( #287, #1464, #487, #250, #1951, #2434, #531, #518, #1501, #2219, #1473, #511, #773, #2702, #2663, #499, #1256, #979 ),
 .UNSPECIFIED., .F., .F.,
 ( 4, 2, 2, 2, 2, 2, 2, 2, 4 ),
 ( 0.01275821409129080861, 0.01355458834880915106, 0.01435096260632749351, 0.01514733686384583423, 0.01594371112136417495, 0.01674008537888251741, 0.01753645963640085986, 0.01833283389391920232, 0.01912920815143754477 ),
 .UNSPECIFIED. ) ;
#3014 = SHAPE_REPRESENTATION ( 'A372080-TAPASXXXGB', ( #2791 ), #619 ) ;
#3015 = EDGE_CURVE ( 'NONE', #1001, #635, #2606, .T. ) ;
#3016 = CARTESIAN_POINT ( 'NONE',  ( 0.000000000000000000, -262.0000000000000000, 3.000000000000002665 ) ) ;
#3017 = VECTOR ( 'NONE', #704, 1000.000000000000000 ) ;
#3018 = ADVANCED_FACE ( 'NONE', ( #613 ), #3087, .F. ) ;
#3019 = COLOUR_RGB ( '',1.000000000000000000, 1.000000000000000000, 1.000000000000000000 ) ;
#3020 = LINE ( 'NONE', #2667, #496 ) ;
#3021 = FILL_AREA_STYLE_COLOUR ( '', #3019 ) ;
#3022 = AXIS2_PLACEMENT_3D ( 'NONE', #1696, #1895, #3058 ) ;
#3023 = VECTOR ( 'NONE', #655, 1000.000000000000000 ) ;
#3024 = DIRECTION ( 'NONE',  ( 1.000000000000000000, 0.000000000000000000, -1.734723475976805615E-16 ) ) ;
#3025 = ORIENTED_EDGE ( 'NONE', *, *, #1084, .T. ) ;
#3026 = ORIENTED_EDGE ( 'NONE', *, *, #2028, .F. ) ;
#3027 = VECTOR ( 'NONE', #2844, 1000.000000000000000 ) ;
#3028 = ORIENTED_EDGE ( 'NONE', *, *, #2276, .F. ) ;
#3029 = VERTEX_POINT ( 'NONE', #256 ) ;
#3030 = CARTESIAN_POINT ( 'NONE',  ( 29.73055220311828251, 21.02652490902283589, 13.03055879749712354 ) ) ;
#3031 = LINE ( 'NONE', #492, #2874 ) ;
#3032 = CARTESIAN_POINT ( 'NONE',  ( 28.99911288308249269, 36.55146428010149151, 9.326269480637906284 ) ) ;
#3033 = STYLED_ITEM ( 'NONE', ( #2800 ), #2700 ) ;
#3034 = PRODUCT_DEFINITION_SHAPE ( 'NONE', 'NONE',  #3131 ) ;
#3035 = EDGE_CURVE ( 'NONE', #1782, #1614, #1482, .T. ) ;
#3036 = EDGE_LOOP ( 'NONE', ( #2796, #519, #2050, #1766, #210, #985 ) ) ;
#3037 =( LENGTH_UNIT ( ) NAMED_UNIT ( * ) SI_UNIT ( .MILLI., .METRE. ) );
#3038 = AXIS2_PLACEMENT_3D ( 'NONE', #2068, #1322, #3000 ) ;
#3039 = AXIS2_PLACEMENT_3D ( 'NONE', #2248, #2270, #828 ) ;
#3040 = CARTESIAN_POINT ( 'NONE',  ( 28.70313344157641922, 23.68894623103881614, 16.28812355170497739 ) ) ;
#3041 = ORIENTED_EDGE ( 'NONE', *, *, #1345, .F. ) ;
#3042 = CARTESIAN_POINT ( 'NONE',  ( 278.4999999999999432, 49.99999999999998579, 12.50000000000000000 ) ) ;
#3043 = CARTESIAN_POINT ( 'NONE',  ( 29.66551488184470031, 35.13258627028995562, 11.44502503998108978 ) ) ;
#3044 = EDGE_LOOP ( 'NONE', ( #863, #2589 ) ) ;
#3045 = DIRECTION ( 'NONE',  ( -0.9862856015372311047, 2.465190328815662768E-31, -0.1650476058606802909 ) ) ;
#3046 = EDGE_CURVE ( 'NONE', #1723, #469, #1247, .T. ) ;
#3047 = ORIENTED_EDGE ( 'NONE', *, *, #2256, .T. ) ;
#3048 = CARTESIAN_POINT ( 'NONE',  ( 28.59178261351764405, 38.99999999999997868, 4.000000000000000000 ) ) ;
#3049 = ORIENTED_EDGE ( 'NONE', *, *, #2653, .F. ) ;
#3050 = CARTESIAN_POINT ( 'NONE',  ( 24.99999999999999289, 7.000000000000006217, 12.50000000000000000 ) ) ;
#3051 = VECTOR ( 'NONE', #530, 1000.000000000000000 ) ;
#3052 = DIRECTION ( 'NONE',  ( 0.9862856015372311047, -6.971627259137134306E-32, 0.1650476058606802077 ) ) ;
#3053 = CONTEXT_DEPENDENT_SHAPE_REPRESENTATION ( #378, #1129 ) ;
#3054 = VECTOR ( 'NONE', #2580, 1000.000000000000000 ) ;
#3055 = EDGE_CURVE ( 'NONE', #2267, #1856, #2013, .T. ) ;
#3056 = CIRCLE ( 'NONE', #2562, 7.500000000000062172 ) ;
#3057 = EDGE_LOOP ( 'NONE', ( #1732, #1252, #963, #2366 ) ) ;
#3058 = DIRECTION ( 'NONE',  ( 0.1650476058606772933, 6.842277657836020094E-49, -0.9862856015372314378 ) ) ;
#3059 = SURFACE_STYLE_USAGE ( .BOTH. , #2821 ) ;
#3060 = DIRECTION ( 'NONE',  ( 0.000000000000000000, -1.000000000000000000, 0.000000000000000000 ) ) ;
#3061 = CARTESIAN_POINT ( 'NONE',  ( 278.4999999999999432, 0.000000000000000000, 12.50000000000000000 ) ) ;
#3062 = CARTESIAN_POINT ( 'NONE',  ( 29.61801484992619748, 35.21134339588812168, 11.19056021078292673 ) ) ;
#3063 = ORIENTED_EDGE ( 'NONE', *, *, #1784, .T. ) ;
#3064 = CIRCLE ( 'NONE', #1150, 3.000000000000058176 ) ;
#3065 = EDGE_LOOP ( 'NONE', ( #2052, #1428, #2033, #3101, #1894 ) ) ;
#3066 = CARTESIAN_POINT ( 'NONE',  ( 303.5000000000000000, 25.00000000000002132, 25.00000000000002132 ) ) ;
#3067 = EDGE_CURVE ( 'NONE', #498, #4, #333, .T. ) ;
#3068 = CARTESIAN_POINT ( 'NONE',  ( 328.5000000000000000, 49.99999999999998579, 12.49999999999999112 ) ) ;
#3069 = CARTESIAN_POINT ( 'NONE',  ( 2.091782613517723100, 10.00000000000000888, 12.50000000000000000 ) ) ;
#3070 = CARTESIAN_POINT ( 'NONE',  ( 28.80394942644702638, 37.21179502793501115, 8.912507704454881718 ) ) ;
#3071 = AXIS2_PLACEMENT_3D ( 'NONE', #409, #1624, #167 ) ;
#3072 = CARTESIAN_POINT ( 'NONE',  ( 28.66196648058208396, 40.05642295508204143, 8.632936008553558693 ) ) ;
#3073 = VERTEX_POINT ( 'NONE', #2419 ) ;
#3074 = ORIENTED_EDGE ( 'NONE', *, *, #2368, .F. ) ;
#3075 = EDGE_CURVE ( 'NONE', #1989, #2376, #532, .T. ) ;
#3076 = DIRECTION ( 'NONE',  ( 1.000000000000000000, 0.000000000000000000, 0.000000000000000000 ) ) ;
#3077 = AXIS2_PLACEMENT_3D ( 'NONE', #873, #2552, #749 ) ;
#3078 = ORIENTED_EDGE ( 'NONE', *, *, #2878, .F. ) ;
#3079 = CARTESIAN_POINT ( 'NONE',  ( 29.74749384329293989, 29.00000000000002132, 12.50000000000019185 ) ) ;
#3080 = EDGE_LOOP ( 'NONE', ( #1185, #2106, #2565, #1138 ) ) ;
#3081 = DIRECTION ( 'NONE',  ( 0.000000000000000000, 0.000000000000000000, 1.000000000000000000 ) ) ;
#3082 = CARTESIAN_POINT ( 'NONE',  ( 582.0000000000000000, 11.00000000000001066, 16.50000000000000000 ) ) ;
#3083 = EDGE_LOOP ( 'NONE', ( #2525, #1152, #3110, #2440 ) ) ;
#3084 = ORIENTED_EDGE ( 'NONE', *, *, #1934, .T. ) ;
#3085 = CARTESIAN_POINT ( 'NONE',  ( 259.5000000000001137, 3.061616997868286506E-16, 3.000000000000002665 ) ) ;
#3086 = CARTESIAN_POINT ( 'NONE',  ( 278.4999999999999432, 0.000000000000000000, 25.00000000000006395 ) ) ;
#3087 = CYLINDRICAL_SURFACE ( 'NONE', #2765, 2.500000000000002220 ) ;
#3088 = CARTESIAN_POINT ( 'NONE',  ( 563.4082173864823062, 11.00000000000001066, 25.00000000000000000 ) ) ;
#3089 = CARTESIAN_POINT ( 'NONE',  ( 577.2524089448207860, 6.999845814780173647, 12.62883882740620578 ) ) ;
#3090 = VECTOR ( 'NONE', #97, 1000.000000000000000 ) ;
#3091 = FACE_OUTER_BOUND ( 'NONE', #55, .T. ) ;
#3092 = CARTESIAN_POINT ( 'NONE',  ( 2.499999999999860112, 262.0000000000001705, 3.000000000000002665 ) ) ;
#3093 = CYLINDRICAL_SURFACE ( 'NONE', #1763, 7.500000000000000000 ) ;
#3094 = DIRECTION ( 'NONE',  ( 1.000000000000000000, 0.000000000000000000, 0.000000000000000000 ) ) ;
#3095 = ORIENTED_EDGE ( 'NONE', *, *, #2321, .F. ) ;
#3096 = ORIENTED_EDGE ( 'NONE', *, *, #1121, .F. ) ;
#3097 = CARTESIAN_POINT ( 'NONE',  ( 605.4102452137265118, 43.00000000000003553, 15.50000000000000355 ) ) ;
#3098 = AXIS2_PLACEMENT_3D ( 'NONE', #373, #120, #1562 ) ;
#3099 = CARTESIAN_POINT ( 'NONE',  ( 25.00000000000002132, 42.99999999999998579, 12.50000000000000000 ) ) ;
#3100 = DIRECTION ( 'NONE',  ( 1.000000000000000000, 0.000000000000000000, 0.000000000000000000 ) ) ;
#3101 = ORIENTED_EDGE ( 'NONE', *, *, #923, .F. ) ;
#3102 = ORIENTED_EDGE ( 'NONE', *, *, #2579, .F. ) ;
#3103 = CARTESIAN_POINT ( 'NONE',  ( 29.00033486475244615, 27.45188497901048308, 15.67096968275125057 ) ) ;
#3104 = CIRCLE ( 'NONE', #1640, 2.499999999999901412 ) ;
#3105 = EDGE_CURVE ( 'NONE', #1165, #2014, #2242, .T. ) ;
#3106 = CARTESIAN_POINT ( 'NONE',  ( 3.430523486169071212, 34.99999999999997868, 4.500000000000002665 ) ) ;
#3107 = DIRECTION ( 'NONE',  ( -4.898587196589414308E-17, -1.000000000000000000, -6.842277657836020854E-49 ) ) ;
#3108 = EDGE_CURVE ( 'NONE', #2880, #1590, #3120, .T. ) ;
#3109 = CARTESIAN_POINT ( 'NONE',  ( 607.0000000000000000, 0.000000000000000000, 25.00000000000000000 ) ) ;
#3110 = ORIENTED_EDGE ( 'NONE', *, *, #1779, .T. ) ;
#3111 = DIRECTION ( 'NONE',  ( 1.000000000000000000, 0.000000000000000000, 0.000000000000000000 ) ) ;
#3112 = EDGE_LOOP ( 'NONE', ( #1839, #2809, #19, #561 ) ) ;
#3113 = UNCERTAINTY_MEASURE_WITH_UNIT (LENGTH_MEASURE( 1.000000000000000082E-05 ), #2449, 'distance_accuracy_value', 'NONE');
#3114 = DIRECTION ( 'NONE',  ( -1.000000000000000000, 0.000000000000000000, 0.000000000000000000 ) ) ;
#3115 = VERTEX_POINT ( 'NONE', #1275 ) ;
#3116 = DIRECTION ( 'NONE',  ( -1.000000000000000000, 4.898587196589414308E-17, 0.000000000000000000 ) ) ;
#3117 = ORIENTED_EDGE ( 'NONE', *, *, #533, .T. ) ;
#3118 = CARTESIAN_POINT ( 'NONE',  ( 2.091782613517795930, 29.00000000000007816, 12.50000000000019185 ) ) ;
#3119 = CARTESIAN_POINT ( 'NONE',  ( 577.9276618300330028, 8.351309016949359787, 15.50831425655694318 ) ) ;
#3120 = CIRCLE ( 'NONE', #2716, 375.0000000000000000 ) ;
#3121 = ORIENTED_EDGE ( 'NONE', *, *, #2404, .T. ) ;
#3122 = DIRECTION ( 'NONE',  ( 0.000000000000000000, -3.421138828917998273E-49, -1.000000000000000000 ) ) ;
#3123 = CIRCLE ( 'NONE', #732, 2.500000000000002220 ) ;
#3124 = CARTESIAN_POINT ( 'NONE',  ( 29.74749384329288304, 42.99999999999998579, 12.50000000000000000 ) ) ;
#3125 = VECTOR ( 'NONE', #1847, 1000.000000000000000 ) ;
#3126 = NEXT_ASSEMBLY_USAGE_OCCURRENCE ( 'NAUO1', ' ', ' ', #1617, #1882, $ ) ;
#3127 = NEXT_ASSEMBLY_USAGE_OCCURRENCE ( 'NAUO2', ' ', ' ', #1617, #2157, $ ) ;
#3128 = NEXT_ASSEMBLY_USAGE_OCCURRENCE ( 'NAUO3', ' ', ' ', #1617, #1977, $ ) ;
#3129 = NEXT_ASSEMBLY_USAGE_OCCURRENCE ( 'NAUO4', ' ', ' ', #1617, #1977, $ ) ;
#3130 = NEXT_ASSEMBLY_USAGE_OCCURRENCE ( 'NAUO5', ' ', ' ', #1617, #1490, $ ) ;
#3131 = NEXT_ASSEMBLY_USAGE_OCCURRENCE ( 'NAUO6', ' ', ' ', #1617, #1977, $ ) ;
#3132 = NEXT_ASSEMBLY_USAGE_OCCURRENCE ( 'NAUO7', ' ', ' ', #1617, #1977, $ ) ;
ENDSEC;
END-ISO-10303-21;
