ISO-10303-21;
HEADER;
FILE_DESCRIPTION (( 'STEP AP214' ),
    '1' );
FILE_NAME ('A429090-COMPLETO-IM00.STEP',
    '2026-05-29T12:36:51',
    ( '' ),
    ( '' ),
    'SwSTEP 2.0',
    'SolidWorks 2018',
    '' );
FILE_SCHEMA (( 'AUTOMOTIVE_DESIGN' ));
ENDSEC;

DATA;
#1 = VERTEX_POINT ( 'NONE', #1429 ) ;
#2 = DIRECTION ( 'NONE',  ( 0.000000000000000000, 0.000000000000000000, 1.000000000000000000 ) ) ;
#3 = FACE_BOUND ( 'NONE', #1423, .T. ) ;
#4 = APPLICATION_PROTOCOL_DEFINITION ( 'draft international standard', 'automotive_design', 1998, #3031 ) ;
#5 = ORIENTED_EDGE ( 'NONE', *, *, #1076, .F. ) ;
#6 = CARTESIAN_POINT ( 'NONE',  ( 499.0000000000000000, 115.0000000000000142, 18.00000000000000000 ) ) ;
#7 = ORIENTED_EDGE ( 'NONE', *, *, #551, .T. ) ;
#8 = DIRECTION ( 'NONE',  ( 0.000000000000000000, 0.000000000000000000, 1.000000000000000000 ) ) ;
#9 = PLANE ( 'NONE',  #2245 ) ;
#10 = FACE_OUTER_BOUND ( 'NONE', #129, .T. ) ;
#11 = CARTESIAN_POINT ( 'NONE',  ( 495.0000000000001137, 51.00000000000004263, 11.99999999999999822 ) ) ;
#12 = EDGE_CURVE ( 'NONE', #94, #2416, #355, .T. ) ;
#13 = CARTESIAN_POINT ( 'NONE',  ( 512.4350288425447388, 29.07968978321555298, 18.00000000000000000 ) ) ;
#14 = CARTESIAN_POINT ( 'NONE',  ( 117.5000000000000000, 51.00000000000004263, 0.000000000000000000 ) ) ;
#15 = VERTEX_POINT ( 'NONE', #579 ) ;
#16 = CARTESIAN_POINT ( 'NONE',  ( 81.87005768508936399, 77.87005768508787185, 18.00000000000000000 ) ) ;
#17 = EDGE_LOOP ( 'NONE', ( #2810, #1033, #1203, #1664 ) ) ;
#18 = ORIENTED_EDGE ( 'NONE', *, *, #90, .F. ) ;
#19 = PRODUCT_DEFINITION_FORMATION_WITH_SPECIFIED_SOURCE ( 'ANY', '', #563, .NOT_KNOWN. ) ;
#20 = AXIS2_PLACEMENT_3D ( 'NONE', #1217, #2666, #2730 ) ;
#21 = CARTESIAN_POINT ( 'NONE',  ( 441.0172439427019526, 117.4680374315398410, 11.99999999999999822 ) ) ;
#22 = VERTEX_POINT ( 'NONE', #3196 ) ;
#23 = MECHANICAL_DESIGN_GEOMETRIC_PRESENTATION_REPRESENTATION (  '', ( #2951 ), #182 ) ;
#24 = DIRECTION ( 'NONE',  ( -0.000000000000000000, -1.000000000000000000, -0.000000000000000000 ) ) ;
#25 = EDGE_CURVE ( 'NONE', #1912, #2251, #1815, .T. ) ;
#26 = EDGE_LOOP ( 'NONE', ( #417, #318, #2659, #2506 ) ) ;
#27 = PRODUCT_CONTEXT ( 'NONE', #1547, 'mechanical' ) ;
#28 = CARTESIAN_POINT ( 'NONE',  ( 520.9203102167834913, 512.4350288425437157, 11.99999999999999822 ) ) ;
#29 = ORIENTED_EDGE ( 'NONE', *, *, #2339, .T. ) ;
#30 = EDGE_CURVE ( 'NONE', #2242, #1174, #1028, .T. ) ;
#31 = DIRECTION ( 'NONE',  ( 1.000000000000000000, 0.000000000000000000, 0.000000000000000000 ) ) ;
#32 = ORIENTED_EDGE ( 'NONE', *, *, #2141, .T. ) ;
#33 = CARTESIAN_POINT ( 'NONE',  ( 81.87005768508885239, 472.1299423149121708, 11.99999999999999822 ) ) ;
#34 = VECTOR ( 'NONE', #2577, 1000.000000000000000 ) ;
#35 = CARTESIAN_POINT ( 'NONE',  ( 99.51915006111077844, 725.0000000000000000, 6.123233995736914194E-16 ) ) ;
#36 = VECTOR ( 'NONE', #3131, 1000.000000000000000 ) ;
#37 = LINE ( 'NONE', #289, #2266 ) ;
#38 = VECTOR ( 'NONE', #2318, 1000.000000000000000 ) ;
#39 = FACE_OUTER_BOUND ( 'NONE', #1647, .T. ) ;
#40 = VERTEX_POINT ( 'NONE', #2326 ) ;
#41 = AXIS2_PLACEMENT_3D ( 'NONE', #1191, #448, #1944 ) ;
#42 = AXIS2_PLACEMENT_3D ( 'NONE', #2593, #2606, #1596 ) ;
#43 = EDGE_CURVE ( 'NONE', #2334, #2293, #394, .T. ) ;
#44 = CARTESIAN_POINT ( 'NONE',  ( 114.9999999999999858, 51.00000000000004263, 18.00000000000000000 ) ) ;
#45 = EDGE_LOOP ( 'NONE', ( #1930, #2886 ) ) ;
#46 = DIRECTION ( 'NONE',  ( 0.000000000000000000, 0.000000000000000000, 1.000000000000000000 ) ) ;
#47 = LINE ( 'NONE', #1869, #2165 ) ;
#48 = CIRCLE ( 'NONE', #2889, 3.000000000000002665 ) ;
#49 = VERTEX_POINT ( 'NONE', #2585 ) ;
#50 = SURFACE_SIDE_STYLE ('',( #83 ) ) ;
#51 = CIRCLE ( 'NONE', #358, 4.000000000000017764 ) ;
#52 = CARTESIAN_POINT ( 'NONE',  ( 432.5319625684624611, 108.9827560573022680, 11.99999999999999822 ) ) ;
#53 = EDGE_LOOP ( 'NONE', ( #2233, #1525, #459, #1156 ) ) ;
#54 = EDGE_CURVE ( 'NONE', #2418, #1826, #2078, .T. ) ;
#55 = ORIENTED_EDGE ( 'NONE', *, *, #2003, .F. ) ;
#56 = CARTESIAN_POINT ( 'NONE',  ( 47.00000000000002842, 499.0000000000000000, 11.99999999999999822 ) ) ;
#57 = EDGE_LOOP ( 'NONE', ( #1440, #3213, #2340, #2995 ) ) ;
#58 = DIRECTION ( 'NONE',  ( 1.000000000000000000, 0.000000000000000000, 0.000000000000000000 ) ) ;
#59 = ORIENTED_EDGE ( 'NONE', *, *, #2106, .F. ) ;
#60 = DIRECTION ( 'NONE',  ( 0.000000000000000000, 0.000000000000000000, 1.000000000000000000 ) ) ;
#61 = ORIENTED_EDGE ( 'NONE', *, *, #435, .F. ) ;
#62 = EDGE_CURVE ( 'NONE', #3171, #98, #1662, .T. ) ;
#63 = DIRECTION ( 'NONE',  ( -1.000000000000000000, 0.000000000000000000, 0.000000000000000000 ) ) ;
#64 = ORIENTED_EDGE ( 'NONE', *, *, #2295, .T. ) ;
#65 = MECHANICAL_DESIGN_GEOMETRIC_PRESENTATION_REPRESENTATION (  '', ( #740 ), #2444 ) ;
#66 = DIRECTION ( 'NONE',  ( -0.7071067811865269226, -0.7071067811865681119, 0.000000000000000000 ) ) ;
#67 = ORIENTED_EDGE ( 'NONE', *, *, #680, .T. ) ;
#68 = CARTESIAN_POINT ( 'NONE',  ( 106.9999999999999005, 730.0000000000000000, 18.49999999999998579 ) ) ;
#69 = CIRCLE ( 'NONE', #1505, 2.500000000000002220 ) ;
#70 = CARTESIAN_POINT ( 'NONE',  ( 516.6776695296641719, 516.6776695296631488, 11.99999999999999822 ) ) ;
#71 = DIRECTION ( 'NONE',  ( -0.000000000000000000, -0.000000000000000000, 1.000000000000000000 ) ) ;
#72 = VECTOR ( 'NONE', #240, 999.9999999999998863 ) ;
#73 = VECTOR ( 'NONE', #2487, 1000.000000000000000 ) ;
#74 = LINE ( 'NONE', #861, #2562 ) ;
#75 = CARTESIAN_POINT ( 'NONE',  ( 441.0172439427016684, 432.5319625684664970, 11.99999999999999822 ) ) ;
#76 = ORIENTED_EDGE ( 'NONE', *, *, #1960, .F. ) ;
#77 = PRODUCT_DEFINITION ( 'UNKNOWN', '', #19, #287 ) ;
#78 = FACE_BOUND ( 'NONE', #1598, .T. ) ;
#79 = CARTESIAN_POINT ( 'NONE',  ( 14.89933824127002637, -1.734854452750618004, 31.00000000000000000 ) ) ;
#80 = CARTESIAN_POINT ( 'NONE',  ( 437.5000000000000568, 499.0000000000000000, 18.00000000000000000 ) ) ;
#81 = AXIS2_PLACEMENT_3D ( 'NONE', #248, #2243, #1267 ) ;
#82 = EDGE_CURVE ( 'NONE', #453, #449, #2119, .T. ) ;
#83 = SURFACE_STYLE_FILL_AREA ( #3047 ) ;
#84 = EDGE_CURVE ( 'NONE', #1444, #934, #147, .T. ) ;
#85 = CARTESIAN_POINT ( 'NONE',  ( 495.0000000000001137, 499.0000000000000000, 11.99999999999999822 ) ) ;
#86 = CARTESIAN_POINT ( 'NONE',  ( 114.9999999999999858, 51.00000000000004263, 18.00000000000000000 ) ) ;
#87 = LINE ( 'NONE', #1139, #594 ) ;
#88 = ORIENTED_EDGE ( 'NONE', *, *, #455, .T. ) ;
#89 = CARTESIAN_POINT ( 'NONE',  ( 0.000000000000000000, 18.00000000000000000, 0.000000000000000000 ) ) ;
#90 = EDGE_CURVE ( 'NONE', #599, #2504, #1378, .T. ) ;
#91 = CARTESIAN_POINT ( 'NONE',  ( 99.31714646044805761, 723.2651455472496309, 0.000000000000000000 ) ) ;
#92 = VERTEX_POINT ( 'NONE', #593 ) ;
#93 = ORIENTED_EDGE ( 'NONE', *, *, #1929, .T. ) ;
#94 = VERTEX_POINT ( 'NONE', #2337 ) ;
#95 = EDGE_CURVE ( 'NONE', #1273, #2408, #74, .T. ) ;
#96 = ORIENTED_EDGE ( 'NONE', *, *, #2023, .F. ) ;
#97 = DIRECTION ( 'NONE',  ( -1.000000000000000000, 0.000000000000000000, 0.000000000000000000 ) ) ;
#98 = VERTEX_POINT ( 'NONE', #2841 ) ;
#99 = DIRECTION ( 'NONE',  ( 1.000000000000000000, 0.000000000000000000, 0.000000000000000000 ) ) ;
#100 = AXIS2_PLACEMENT_3D ( 'NONE', #1617, #875, #2615 ) ;
#101 = DIRECTION ( 'NONE',  ( 0.000000000000000000, 0.000000000000000000, 1.000000000000000000 ) ) ;
#102 = EDGE_CURVE ( 'NONE', #760, #811, #1420, .T. ) ;
#103 = ORIENTED_EDGE ( 'NONE', *, *, #544, .F. ) ;
#104 = DIRECTION ( 'NONE',  ( 0.000000000000000000, 0.000000000000000000, 1.000000000000000000 ) ) ;
#105 = ORIENTED_EDGE ( 'NONE', *, *, #651, .T. ) ;
#106 = DIRECTION ( 'NONE',  ( 0.7071067811865274777, 0.7071067811865675568, -0.000000000000000000 ) ) ;
#107 = FACE_BOUND ( 'NONE', #2500, .T. ) ;
#108 = CARTESIAN_POINT ( 'NONE',  ( 190.0750793453590006, 730.0000000000000000, 0.000000000000000000 ) ) ;
#109 = LINE ( 'NONE', #1704, #2431 ) ;
#110 = CARTESIAN_POINT ( 'NONE',  ( 436.7746032555820648, 113.2253967444216585, 11.99999999999999822 ) ) ;
#111 = VECTOR ( 'NONE', #1086, 1000.000000000000000 ) ;
#112 = CYLINDRICAL_SURFACE ( 'NONE', #584, 2.500000000000002220 ) ;
#113 = CARTESIAN_POINT ( 'NONE',  ( 476.1299423149106929, 472.1299423149121708, 11.99999999999999822 ) ) ;
#114 = ORIENTED_EDGE ( 'NONE', *, *, #728, .F. ) ;
#115 = CARTESIAN_POINT ( 'NONE',  ( 84.99999999999992895, 730.0000000000000000, 31.00000000000000000 ) ) ;
#116 = ADVANCED_FACE ( 'NONE', ( #1888 ), #2677, .F. ) ;
#117 = LINE ( 'NONE', #1654, #669 ) ;
#118 = ORIENTED_EDGE ( 'NONE', *, *, #3134, .F. ) ;
#119 = AXIS2_PLACEMENT_3D ( 'NONE', #1903, #1625, #2643 ) ;
#120 = DIRECTION ( 'NONE',  ( 0.000000000000000000, 0.000000000000000000, -1.000000000000000000 ) ) ;
#121 = ADVANCED_BREP_SHAPE_REPRESENTATION ( '', ( #3007, #1372 ), #1708 ) ;
#122 = SURFACE_STYLE_FILL_AREA ( #2059 ) ;
#123 = ADVANCED_FACE ( 'NONE', ( #2874 ), #2004, .F. ) ;
#124 = DIRECTION ( 'NONE',  ( -1.000000000000000000, 0.000000000000000000, 0.000000000000000000 ) ) ;
#125 = ORIENTED_EDGE ( 'NONE', *, *, #1412, .T. ) ;
#126 = AXIS2_PLACEMENT_3D ( 'NONE', #1479, #2952, #971 ) ;
#127 = AXIS2_PLACEMENT_3D ( 'NONE', #1122, #3135, #2863 ) ;
#128 = CARTESIAN_POINT ( 'NONE',  ( 77.87005768508937820, 472.1299423149121708, 18.00000000000000000 ) ) ;
#129 = EDGE_LOOP ( 'NONE', ( #779, #504, #340, #2735 ) ) ;
#130 = ORIENTED_EDGE ( 'NONE', *, *, #890, .T. ) ;
#131 = CARTESIAN_POINT ( 'NONE',  ( 0.000000000000000000, 18.00000000000000000, 0.000000000000000000 ) ) ;
#132 = ADVANCED_FACE ( 'NONE', ( #2199 ), #746, .T. ) ;
#133 = ORIENTED_EDGE ( 'NONE', *, *, #2580, .T. ) ;
#134 = EDGE_LOOP ( 'NONE', ( #2027, #1192 ) ) ;
#135 = ADVANCED_FACE ( 'NONE', ( #190 ), #1227, .T. ) ;
#136 = DIRECTION ( 'NONE',  ( 0.000000000000000000, 0.000000000000000000, 1.000000000000000000 ) ) ;
#137 = PRODUCT_RELATED_PRODUCT_CATEGORY ( 'part', '', ( #300 ) ) ;
#138 = ORIENTED_EDGE ( 'NONE', *, *, #1242, .F. ) ;
#139 = ORIENTED_EDGE ( 'NONE', *, *, #1688, .F. ) ;
#140 = AXIS2_PLACEMENT_3D ( 'NONE', #2998, #8, #1237 ) ;
#141 = CARTESIAN_POINT ( 'NONE',  ( 435.0000000000000568, 499.0000000000000000, 0.000000000000000000 ) ) ;
#142 = EDGE_CURVE ( 'NONE', #335, #2701, #1623, .T. ) ;
#143 =( NAMED_UNIT ( * ) PLANE_ANGLE_UNIT ( ) SI_UNIT ( $, .RADIAN. ) );
#144 = FACE_OUTER_BOUND ( 'NONE', #17, .T. ) ;
#145 = EDGE_CURVE ( 'NONE', #1920, #810, #1338, .T. ) ;
#146 = CARTESIAN_POINT ( 'NONE',  ( 441.0172439427016684, 432.5319625684664970, 11.99999999999999822 ) ) ;
#147 = LINE ( 'NONE', #2111, #111 ) ;
#148 = CARTESIAN_POINT ( 'NONE',  ( 41.53736941658080184, -7.225259684586740505, 15.00000000000000000 ) ) ;
#149 = ADVANCED_FACE ( 'NONE', ( #2271 ), #2164, .F. ) ;
#150 = ORIENTED_EDGE ( 'NONE', *, *, #932, .F. ) ;
#151 = DIRECTION ( 'NONE',  ( -0.000000000000000000, -0.000000000000000000, -1.000000000000000000 ) ) ;
#152 = LINE ( 'NONE', #538, #705 ) ;
#153 = EDGE_CURVE ( 'NONE', #211, #1390, #2985, .T. ) ;
#154 = VERTEX_POINT ( 'NONE', #1651 ) ;
#155 = CIRCLE ( 'NONE', #691, 3.000000000000002665 ) ;
#156 = DIRECTION ( 'NONE',  ( -1.000000000000000000, 0.000000000000000000, 0.000000000000000000 ) ) ;
#157 = ORIENTED_EDGE ( 'NONE', *, *, #559, .T. ) ;
#158 = UNCERTAINTY_MEASURE_WITH_UNIT (LENGTH_MEASURE( 1.000000000000000082E-05 ), #1426, 'distance_accuracy_value', 'NONE');
#159 = AXIS2_PLACEMENT_3D ( 'NONE', #3099, #71, #831 ) ;
#160 = EDGE_CURVE ( 'NONE', #2416, #94, #981, .T. ) ;
#161 = DIRECTION ( 'NONE',  ( 0.000000000000000000, 0.000000000000000000, 1.000000000000000000 ) ) ;
#162 = ORIENTED_EDGE ( 'NONE', *, *, #43, .F. ) ;
#163 = DIRECTION ( 'NONE',  ( 0.000000000000000000, 1.000000000000000000, 0.000000000000000000 ) ) ;
#164 = ORIENTED_EDGE ( 'NONE', *, *, #331, .T. ) ;
#165 = AXIS2_PLACEMENT_3D ( 'NONE', #608, #2357, #354 ) ;
#166 = ADVANCED_FACE ( 'NONE', ( #866 ), #3157, .F. ) ;
#167 = VERTEX_POINT ( 'NONE', #1413 ) ;
#168 = DIRECTION ( 'NONE',  ( 0.000000000000000000, 0.000000000000000000, 1.000000000000000000 ) ) ;
#169 = ADVANCED_FACE ( 'NONE', ( #1464 ), #1132, .T. ) ;
#170 = PRODUCT_DEFINITION_SHAPE ( 'NONE', 'NONE',  #77 ) ;
#171 = ORIENTED_EDGE ( 'NONE', *, *, #425, .T. ) ;
#172 = EDGE_LOOP ( 'NONE', ( #960, #2736 ) ) ;
#173 = EDGE_CURVE ( 'NONE', #767, #2789, #2913, .T. ) ;
#174 = DIRECTION ( 'NONE',  ( 1.000000000000000000, -0.000000000000000000, 0.000000000000000000 ) ) ;
#175 = ORIENTED_EDGE ( 'NONE', *, *, #227, .F. ) ;
#176 = DIRECTION ( 'NONE',  ( -0.000000000000000000, -0.000000000000000000, -1.000000000000000000 ) ) ;
#177 = VERTEX_POINT ( 'NONE', #2155 ) ;
#178 = DIRECTION ( 'NONE',  ( 1.000000000000000000, 0.000000000000000000, 0.000000000000000000 ) ) ;
#179 = AXIS2_PLACEMENT_3D ( 'NONE', #988, #104, #2116 ) ;
#180 = VERTEX_POINT ( 'NONE', #1928 ) ;
#181 = ADVANCED_FACE ( 'NONE', ( #2480 ), #877, .F. ) ;
#182 =( GEOMETRIC_REPRESENTATION_CONTEXT ( 3 ) GLOBAL_UNCERTAINTY_ASSIGNED_CONTEXT ( ( #950 ) ) GLOBAL_UNIT_ASSIGNED_CONTEXT ( ( #1735, #729, #1993 ) ) REPRESENTATION_CONTEXT ( 'NONE', 'WORKASPACE' ) );
#183 = VECTOR ( 'NONE', #2595, 1000.000000000000000 ) ;
#184 = CARTESIAN_POINT ( 'NONE',  ( 0.000000000000000000, 18.00000000000000000, 0.000000000000000000 ) ) ;
#185 = EDGE_CURVE ( 'NONE', #2368, #2334, #788, .T. ) ;
#186 = CARTESIAN_POINT ( 'NONE',  ( 432.5319625684627454, 441.0172439427054201, 18.00000000000000000 ) ) ;
#187 = VECTOR ( 'NONE', #2129, 1000.000000000000000 ) ;
#188 = LINE ( 'NONE', #2436, #1730 ) ;
#189 = DIRECTION ( 'NONE',  ( 1.000000000000000000, 0.000000000000000000, 0.000000000000000000 ) ) ;
#190 = FACE_OUTER_BOUND ( 'NONE', #2189, .T. ) ;
#191 = EDGE_CURVE ( 'NONE', #40, #1674, #1147, .T. ) ;
#192 = LINE ( 'NONE', #2706, #2354 ) ;
#193 = ORIENTED_EDGE ( 'NONE', *, *, #932, .T. ) ;
#194 = CARTESIAN_POINT ( 'NONE',  ( 53.50000000000004263, 435.0000000000000568, 18.00000000000000000 ) ) ;
#195 = FACE_BOUND ( 'NONE', #134, .T. ) ;
#196 = FILL_AREA_STYLE_COLOUR ( '', #2568 ) ;
#197 = VERTEX_POINT ( 'NONE', #2407 ) ;
#198 = CIRCLE ( 'NONE', #1896, 2.500000000000057732 ) ;
#199 = EDGE_LOOP ( 'NONE', ( #1280, #1520 ) ) ;
#200 = DIRECTION ( 'NONE',  ( 1.000000000000000000, 0.000000000000000000, 0.000000000000000000 ) ) ;
#201 = DIRECTION ( 'NONE',  ( 0.1713727001804919992, 0.9852062716166839484, 0.000000000000000000 ) ) ;
#202 = CARTESIAN_POINT ( 'NONE',  ( 163.0944918928738616, -2.168404344971008868E-16, 31.00000000000000000 ) ) ;
#203 = ORIENTED_EDGE ( 'NONE', *, *, #667, .F. ) ;
#204 = AXIS2_PLACEMENT_3D ( 'NONE', #2187, #1213, #937 ) ;
#205 = CARTESIAN_POINT ( 'NONE',  ( 499.0000000000000000, 499.0000000000000000, 11.99999999999999822 ) ) ;
#206 = AXIS2_PLACEMENT_3D ( 'NONE', #327, #555, #1586 ) ;
#207 = DIRECTION ( 'NONE',  ( 1.000000000000000000, 0.000000000000000000, 0.000000000000000000 ) ) ;
#208 = EDGE_CURVE ( 'NONE', #1176, #272, #2158, .T. ) ;
#209 = SURFACE_STYLE_USAGE ( .BOTH. , #1972 ) ;
#210 = ORIENTED_EDGE ( 'NONE', *, *, #3016, .T. ) ;
#211 = VERTEX_POINT ( 'NONE', #1200 ) ;
#212 = DIRECTION ( 'NONE',  ( 0.000000000000000000, 0.000000000000000000, 1.000000000000000000 ) ) ;
#213 = ORIENTED_EDGE ( 'NONE', *, *, #551, .F. ) ;
#214 = CARTESIAN_POINT ( 'NONE',  ( 144.9999999999999147, 690.0000000000000000, 12.49999999999999467 ) ) ;
#215 = CARTESIAN_POINT ( 'NONE',  ( 0.000000000000000000, 0.000000000000000000, 16.00000000000000000 ) ) ;
#216 = EDGE_CURVE ( 'NONE', #1273, #1008, #315, .T. ) ;
#217 = ORIENTED_EDGE ( 'NONE', *, *, #3113, .T. ) ;
#218 =( LENGTH_UNIT ( ) NAMED_UNIT ( * ) SI_UNIT ( .MILLI., .METRE. ) );
#219 = CARTESIAN_POINT ( 'NONE',  ( -5.591319650088474902E-14, 0.000000000000000000, 450.0000000000003411 ) ) ;
#220 = EDGE_LOOP ( 'NONE', ( #2058, #2647, #3258, #3013, #2323 ) ) ;
#221 = PRODUCT_DEFINITION_SHAPE ( 'NONE', 'NONE',  #3281 ) ;
#222 = DIRECTION ( 'NONE',  ( 1.000000000000000000, 0.000000000000000000, 0.000000000000000000 ) ) ;
#223 = LINE ( 'NONE', #713, #3101 ) ;
#224 = DIRECTION ( 'NONE',  ( -1.000000000000000000, -0.000000000000000000, -0.000000000000000000 ) ) ;
#225 = AXIS2_PLACEMENT_3D ( 'NONE', #238, #3011, #977 ) ;
#226 = CARTESIAN_POINT ( 'NONE',  ( 117.5000000000000000, 499.0000000000000000, 18.00000000000000000 ) ) ;
#227 = EDGE_CURVE ( 'NONE', #934, #1265, #904, .T. ) ;
#228 = COLOUR_RGB ( '',1.000000000000000000, 1.000000000000000000, 1.000000000000000000 ) ;
#229 = CARTESIAN_POINT ( 'NONE',  ( 512.4350288425449662, 520.9203102167825818, 18.00000000000000000 ) ) ;
#230 = VECTOR ( 'NONE', #2220, 1000.000000000000000 ) ;
#231 =( GEOMETRIC_REPRESENTATION_CONTEXT ( 3 ) GLOBAL_UNCERTAINTY_ASSIGNED_CONTEXT ( ( #271 ) ) GLOBAL_UNIT_ASSIGNED_CONTEXT ( ( #1796, #2038, #2281 ) ) REPRESENTATION_CONTEXT ( 'NONE', 'WORKASPACE' ) );
#232 = SURFACE_SIDE_STYLE ('',( #1508 ) ) ;
#233 = CARTESIAN_POINT ( 'NONE',  ( 499.0000000000000000, 435.0000000000000568, 0.000000000000000000 ) ) ;
#234 = CYLINDRICAL_SURFACE ( 'NONE', #1648, 6.000000000000005329 ) ;
#235 = VERTEX_POINT ( 'NONE', #1961 ) ;
#236 = VECTOR ( 'NONE', #1255, 1000.000000000000000 ) ;
#237 = DIRECTION ( 'NONE',  ( -0.1713727001804919992, -0.9852062716166839484, 0.000000000000000000 ) ) ;
#238 = CARTESIAN_POINT ( 'NONE',  ( 51.00000000000004263, 435.0000000000000568, 18.00000000000000000 ) ) ;
#239 = ORIENTED_EDGE ( 'NONE', *, *, #900, .F. ) ;
#240 = DIRECTION ( 'NONE',  ( 0.7071067811865272557, -0.7071067811865678898, 0.000000000000000000 ) ) ;
#241 = FACE_OUTER_BOUND ( 'NONE', #2497, .T. ) ;
#242 = CARTESIAN_POINT ( 'NONE',  ( 432.5000000000000568, 499.0000000000000000, 18.00000000000000000 ) ) ;
#243 = ORIENTED_EDGE ( 'NONE', *, *, #1104, .T. ) ;
#244 = APPLICATION_PROTOCOL_DEFINITION ( 'draft international standard', 'automotive_design', 1998, #1283 ) ;
#245 = DIRECTION ( 'NONE',  ( -1.000000000000000000, 0.000000000000000000, 0.000000000000000000 ) ) ;
#246 = ORIENTED_EDGE ( 'NONE', *, *, #258, .F. ) ;
#247 =( GEOMETRIC_REPRESENTATION_CONTEXT ( 3 ) GLOBAL_UNCERTAINTY_ASSIGNED_CONTEXT ( ( #1880 ) ) GLOBAL_UNIT_ASSIGNED_CONTEXT ( ( #1793, #521, #3045 ) ) REPRESENTATION_CONTEXT ( 'NONE', 'WORKASPACE' ) );
#248 = CARTESIAN_POINT ( 'NONE',  ( -1.110223024625156540E-13, 18.00000000000000000, 2.220446049250313081E-13 ) ) ;
#249 = AXIS2_PLACEMENT_3D ( 'NONE', #2011, #747, #265 ) ;
#250 = CARTESIAN_POINT ( 'NONE',  ( 0.000000000000000000, 18.00000000000000000, 0.000000000000000000 ) ) ;
#251 = ORIENTED_EDGE ( 'NONE', *, *, #43, .T. ) ;
#252 = ORIENTED_EDGE ( 'NONE', *, *, #714, .F. ) ;
#253 = CARTESIAN_POINT ( 'NONE',  ( 432.5319625684627454, 441.0172439427054201, 11.99999999999999822 ) ) ;
#254 = CARTESIAN_POINT ( 'NONE',  ( 472.1299423149106929, 77.87005768508787185, 0.000000000000000000 ) ) ;
#255 = ORIENTED_EDGE ( 'NONE', *, *, #3152, .F. ) ;
#256 = EDGE_CURVE ( 'NONE', #304, #2574, #1097, .T. ) ;
#257 = CARTESIAN_POINT ( 'NONE',  ( 144.9999999999999147, 730.0000000000000000, 12.49999999999999289 ) ) ;
#258 = EDGE_CURVE ( 'NONE', #197, #167, #1202, .T. ) ;
#259 =( REPRESENTATION_RELATIONSHIP ('NONE','NONE', #2646, #460 ) REPRESENTATION_RELATIONSHIP_WITH_TRANSFORMATION ( #2467 )SHAPE_REPRESENTATION_RELATIONSHIP( ) );
#260 = DIRECTION ( 'NONE',  ( -1.000000000000000000, 0.000000000000000000, 0.000000000000000000 ) ) ;
#261 = ORIENTED_EDGE ( 'NONE', *, *, #341, .T. ) ;
#262 = DIRECTION ( 'NONE',  ( -0.000000000000000000, -0.000000000000000000, 1.000000000000000000 ) ) ;
#263 = ORIENTED_EDGE ( 'NONE', *, *, #3200, .F. ) ;
#264 = CARTESIAN_POINT ( 'NONE',  ( 248.0944918928738048, 725.0000000000000000, 6.123233995736914194E-16 ) ) ;
#265 = DIRECTION ( 'NONE',  ( 1.000000000000000000, 0.000000000000000000, 0.000000000000000000 ) ) ;
#266 = VERTEX_POINT ( 'NONE', #215 ) ;
#267 = DIRECTION ( 'NONE',  ( -0.000000000000000000, -0.000000000000000000, -1.000000000000000000 ) ) ;
#268 = CARTESIAN_POINT ( 'NONE',  ( 0.000000000000000000, 0.000000000000000000, 16.00000000000000000 ) ) ;
#269 = EDGE_CURVE ( 'NONE', #1317, #1703, #2042, .T. ) ;
#270 = VECTOR ( 'NONE', #2538, 1000.000000000000000 ) ;
#271 = UNCERTAINTY_MEASURE_WITH_UNIT (LENGTH_MEASURE( 1.000000000000000082E-05 ), #1796, 'distance_accuracy_value', 'NONE');
#272 = VERTEX_POINT ( 'NONE', #422 ) ;
#273 = DIRECTION ( 'NONE',  ( -0.000000000000000000, -0.000000000000000000, -1.000000000000000000 ) ) ;
#274 = LINE ( 'NONE', #253, #2264 ) ;
#275 = CYLINDRICAL_SURFACE ( 'NONE', #1753, 6.000000000000005329 ) ;
#276 = DIRECTION ( 'NONE',  ( -0.000000000000000000, -0.000000000000000000, -1.000000000000000000 ) ) ;
#277 = AXIS2_PLACEMENT_3D ( 'NONE', #2549, #2583, #1042 ) ;
#278 = FACE_BOUND ( 'NONE', #2182, .T. ) ;
#279 = EDGE_CURVE ( 'NONE', #993, #2770, #3066, .T. ) ;
#280 = VECTOR ( 'NONE', #2978, 1000.000000000000000 ) ;
#281 = DIRECTION ( 'NONE',  ( 0.000000000000000000, 0.000000000000000000, 1.000000000000000000 ) ) ;
#282 = FACE_OUTER_BOUND ( 'NONE', #2586, .T. ) ;
#283 = APPLICATION_CONTEXT ( 'automotive_design' ) ;
#284 = EDGE_LOOP ( 'NONE', ( #912, #3144, #677, #3095, #2899 ) ) ;
#285 = CIRCLE ( 'NONE', #2535, 3.999999999999976019 ) ;
#286 = COLOUR_RGB ( '',1.000000000000000000, 1.000000000000000000, 1.000000000000000000 ) ;
#287 = PRODUCT_DEFINITION_CONTEXT ( 'detailed design', #2753, 'design' ) ;
#288 = VERTEX_POINT ( 'NONE', #2197 ) ;
#289 = CARTESIAN_POINT ( 'NONE',  ( 108.9827560572983458, 117.4680374315409210, 11.99999999999999822 ) ) ;
#290 = ORIENTED_EDGE ( 'NONE', *, *, #62, .F. ) ;
#291 = EDGE_CURVE ( 'NONE', #2251, #1584, #2718, .T. ) ;
#292 = CARTESIAN_POINT ( 'NONE',  ( 55.00000000000006395, 499.0000000000000000, 18.00000000000000000 ) ) ;
#293 = DIRECTION ( 'NONE',  ( 1.000000000000000000, 0.000000000000000000, 0.000000000000000000 ) ) ;
#294 = ORIENTED_EDGE ( 'NONE', *, *, #1104, .F. ) ;
#295 = ORIENTED_EDGE ( 'NONE', *, *, #2856, .F. ) ;
#296 = AXIS2_PLACEMENT_3D ( 'NONE', #1978, #2521, #1259 ) ;
#297 = AXIS2_PLACEMENT_3D ( 'NONE', #1863, #619, #2377 ) ;
#298 = DIRECTION ( 'NONE',  ( 1.000000000000000000, 0.000000000000000000, 0.000000000000000000 ) ) ;
#299 = EDGE_LOOP ( 'NONE', ( #2850, #641 ) ) ;
#300 = PRODUCT ( 'Pata 720 - 30mm', 'Pata 720 - 30mm', '', ( #2540 ) ) ;
#301 = AXIS2_PLACEMENT_3D ( 'NONE', #840, #2329, #3097 ) ;
#302 = CARTESIAN_POINT ( 'NONE',  ( 502.9999999999998863, 499.0000000000000000, 18.00000000000000000 ) ) ;
#303 = AXIS2_PLACEMENT_3D ( 'NONE', #1732, #1939, #1952 ) ;
#304 = VERTEX_POINT ( 'NONE', #1477 ) ;
#305 = CARTESIAN_POINT ( 'NONE',  ( 99.51915006111076423, 725.0000000000000000, 31.00000000000000000 ) ) ;
#306 = ORIENTED_EDGE ( 'NONE', *, *, #692, .F. ) ;
#307 = CARTESIAN_POINT ( 'NONE',  ( 73.87005768508990400, 472.1299423149121708, 0.000000000000000000 ) ) ;
#308 = ORIENTED_EDGE ( 'NONE', *, *, #2124, .T. ) ;
#309 = FACE_OUTER_BOUND ( 'NONE', #1554, .T. ) ;
#310 = DIRECTION ( 'NONE',  ( -0.000000000000000000, -1.000000000000000000, -0.000000000000000000 ) ) ;
#311 = CARTESIAN_POINT ( 'NONE',  ( 435.0000000000000568, 499.0000000000000000, 18.00000000000000000 ) ) ;
#312 = VECTOR ( 'NONE', #1627, 1000.000000000000000 ) ;
#313 = CARTESIAN_POINT ( 'NONE',  ( 86.05177248089448483, 730.0000000000000000, 21.50000000000000000 ) ) ;
#314 = LINE ( 'NONE', #1204, #2908 ) ;
#315 = LINE ( 'NONE', #638, #1580 ) ;
#316 = VECTOR ( 'NONE', #987, 1000.000000000000000 ) ;
#317 = DIRECTION ( 'NONE',  ( -0.000000000000000000, -0.000000000000000000, -1.000000000000000000 ) ) ;
#318 = ORIENTED_EDGE ( 'NONE', *, *, #2104, .T. ) ;
#319 = AXIS2_PLACEMENT_3D ( 'NONE', #756, #1995, #732 ) ;
#320 = EDGE_CURVE ( 'NONE', #3085, #2274, #1968, .T. ) ;
#321 = FACE_BOUND ( 'NONE', #2502, .T. ) ;
#322 = PRODUCT ( 'A429090-COMPLETO-IM00', 'A429090-COMPLETO-IM00', '', ( #2766 ) ) ;
#323 = EDGE_CURVE ( 'NONE', #3001, #2146, #3159, .T. ) ;
#324 = ORIENTED_EDGE ( 'NONE', *, *, #173, .T. ) ;
#325 = CARTESIAN_POINT ( 'NONE',  ( 33.32233047033575701, 33.32233047033468409, 11.99999999999999822 ) ) ;
#326 = ORIENTED_EDGE ( 'NONE', *, *, #12, .T. ) ;
#327 = CARTESIAN_POINT ( 'NONE',  ( 472.1299423149106929, 77.87005768508787185, 11.99999999999999822 ) ) ;
#328 = DIRECTION ( 'NONE',  ( 0.000000000000000000, 0.000000000000000000, 1.000000000000000000 ) ) ;
#329 = CARTESIAN_POINT ( 'NONE',  ( 0.000000000000000000, 0.000000000000000000, 16.00000000000000000 ) ) ;
#330 = EDGE_LOOP ( 'NONE', ( #678, #419, #3004, #1706 ) ) ;
#331 = EDGE_CURVE ( 'NONE', #2257, #2372, #1507, .T. ) ;
#332 = CARTESIAN_POINT ( 'NONE',  ( 0.000000000000000000, 18.00000000000000000, 0.000000000000000000 ) ) ;
#333 = ORIENTED_EDGE ( 'NONE', *, *, #191, .T. ) ;
#334 = CARTESIAN_POINT ( 'NONE',  ( 437.5000000000000568, 499.0000000000000000, 18.00000000000000000 ) ) ;
#335 = VERTEX_POINT ( 'NONE', #2764 ) ;
#336 = CARTESIAN_POINT ( 'NONE',  ( 499.0000000000000000, 499.0000000000000000, 11.99999999999999822 ) ) ;
#337 = VERTEX_POINT ( 'NONE', #3028 ) ;
#338 = AXIS2_PLACEMENT_3D ( 'NONE', #842, #2867, #1326 ) ;
#339 = DIRECTION ( 'NONE',  ( -0.000000000000000000, -0.000000000000000000, -1.000000000000000000 ) ) ;
#340 = ORIENTED_EDGE ( 'NONE', *, *, #352, .F. ) ;
#341 = EDGE_CURVE ( 'NONE', #382, #626, #2391, .T. ) ;
#342 = VERTEX_POINT ( 'NONE', #14 ) ;
#343 = AXIS2_PLACEMENT_3D ( 'NONE', #1970, #2442, #689 ) ;
#344 = ORIENTED_EDGE ( 'NONE', *, *, #1187, .F. ) ;
#345 = VECTOR ( 'NONE', #276, 1000.000000000000000 ) ;
#346 = DIRECTION ( 'NONE',  ( 1.000000000000000000, 0.000000000000000000, 0.000000000000000000 ) ) ;
#347 = CIRCLE ( 'NONE', #1833, 2.499999999999995115 ) ;
#348 = DIRECTION ( 'NONE',  ( 1.000000000000000000, 0.000000000000000000, 0.000000000000000000 ) ) ;
#349 = ORIENTED_EDGE ( 'NONE', *, *, #841, .F. ) ;
#350 = DIRECTION ( 'NONE',  ( -0.000000000000000000, -0.000000000000000000, -1.000000000000000000 ) ) ;
#351 = DIRECTION ( 'NONE',  ( 0.1156569635167078447, 0.9932892160846682472, -0.000000000000000000 ) ) ;
#352 = EDGE_CURVE ( 'NONE', #1008, #1444, #2830, .T. ) ;
#353 = CIRCLE ( 'NONE', #2907, 2.999999999999995559 ) ;
#354 = DIRECTION ( 'NONE',  ( -1.000000000000000000, 0.000000000000000000, 0.000000000000000000 ) ) ;
#355 = CIRCLE ( 'NONE', #3149, 4.000000000000031086 ) ;
#356 = CARTESIAN_POINT ( 'NONE',  ( 468.1299423149106929, 77.87005768508787185, 18.00000000000000000 ) ) ;
#357 = AXIS2_PLACEMENT_3D ( 'NONE', #2705, #2790, #1784 ) ;
#358 = AXIS2_PLACEMENT_3D ( 'NONE', #2151, #136, #2629 ) ;
#359 = DIRECTION ( 'NONE',  ( 0.1156569635167078447, 0.9932892160846682472, -0.000000000000000000 ) ) ;
#360 = VERTEX_POINT ( 'NONE', #1514 ) ;
#361 = CARTESIAN_POINT ( 'NONE',  ( 73.87005768508942083, 77.87005768508787185, 18.00000000000000000 ) ) ;
#362 = DIRECTION ( 'NONE',  ( 0.000000000000000000, 0.000000000000000000, 1.000000000000000000 ) ) ;
#363 = AXIS2_PLACEMENT_3D ( 'NONE', #2804, #1325, #1806 ) ;
#364 = EDGE_CURVE ( 'NONE', #177, #40, #2640, .T. ) ;
#365 = ORIENTED_EDGE ( 'NONE', *, *, #585, .F. ) ;
#366 = DIRECTION ( 'NONE',  ( -1.000000000000000000, 0.000000000000000000, 0.000000000000000000 ) ) ;
#367 = CARTESIAN_POINT ( 'NONE',  ( 522.6776695296641719, 516.6776695296631488, 18.00000000000000000 ) ) ;
#368 = ORIENTED_EDGE ( 'NONE', *, *, #1523, .F. ) ;
#369 = CARTESIAN_POINT ( 'NONE',  ( 275.0000000000000000, 275.0000000000000000, 18.00000000000000000 ) ) ;
#370 = ORIENTED_EDGE ( 'NONE', *, *, #2014, .T. ) ;
#371 = ADVANCED_FACE ( 'NONE', ( #3030 ), #1263, .F. ) ;
#372 = CARTESIAN_POINT ( 'NONE',  ( 77.87005768508939241, 77.87005768508787185, 0.000000000000000000 ) ) ;
#373 = ORIENTED_EDGE ( 'NONE', *, *, #2621, .T. ) ;
#374 = CARTESIAN_POINT ( 'NONE',  ( 43.24131847326456324, 2.570590502707379432, 0.000000000000000000 ) ) ;
#375 = ORIENTED_EDGE ( 'NONE', *, *, #2815, .T. ) ;
#376 = ORIENTED_EDGE ( 'NONE', *, *, #102, .T. ) ;
#377 = AXIS2_PLACEMENT_3D ( 'NONE', #1466, #2727, #1712 ) ;
#378 = EDGE_CURVE ( 'NONE', #2253, #154, #939, .T. ) ;
#379 = CARTESIAN_POINT ( 'NONE',  ( 106.9999999999999005, 690.0000000000000000, 12.49999999999999645 ) ) ;
#380 = ORIENTED_EDGE ( 'NONE', *, *, #2514, .F. ) ;
#381 = EDGE_CURVE ( 'NONE', #2251, #266, #1840, .T. ) ;
#382 = VERTEX_POINT ( 'NONE', #257 ) ;
#383 = CARTESIAN_POINT ( 'NONE',  ( 51.00000000000004263, 499.0000000000000000, 18.00000000000000000 ) ) ;
#384 = CARTESIAN_POINT ( 'NONE',  ( 106.9999999999999005, 730.0000000000000000, 15.49999999999999112 ) ) ;
#385 = VECTOR ( 'NONE', #1744, 1000.000000000000000 ) ;
#386 = LINE ( 'NONE', #2091, #2229 ) ;
#387 = ADVANCED_FACE ( 'NONE', ( #2347 ), #2795, .F. ) ;
#388 = CIRCLE ( 'NONE', #3175, 2.999999999999993783 ) ;
#389 = LINE ( 'NONE', #2307, #787 ) ;
#390 = FACE_OUTER_BOUND ( 'NONE', #2395, .T. ) ;
#391 = CARTESIAN_POINT ( 'NONE',  ( 468.1299423149106929, 77.87005768508787185, 11.99999999999999822 ) ) ;
#392 = DIRECTION ( 'NONE',  ( -0.000000000000000000, -0.000000000000000000, -1.000000000000000000 ) ) ;
#393 = EDGE_CURVE ( 'NONE', #799, #2284, #2435, .T. ) ;
#394 = LINE ( 'NONE', #1854, #38 ) ;
#395 = CARTESIAN_POINT ( 'NONE',  ( 51.00000000000004263, 51.00000000000004263, 11.99999999999999822 ) ) ;
#396 = FACE_BOUND ( 'NONE', #172, .T. ) ;
#397 = CARTESIAN_POINT ( 'NONE',  ( 499.0000000000000000, 51.00000000000004263, 18.00000000000000000 ) ) ;
#398 = ORIENTED_EDGE ( 'NONE', *, *, #2970, .F. ) ;
#399 = VERTEX_POINT ( 'NONE', #2539 ) ;
#400 = AXIS2_PLACEMENT_3D ( 'NONE', #2283, #1570, #2040 ) ;
#401 = EDGE_CURVE ( 'NONE', #2504, #626, #1374, .T. ) ;
#402 = DIRECTION ( 'NONE',  ( 1.000000000000000000, 0.000000000000000000, 0.000000000000000000 ) ) ;
#403 = ADVANCED_FACE ( 'NONE', ( #2522 ), #1060, .F. ) ;
#404 = EDGE_LOOP ( 'NONE', ( #1874, #445, #2447, #2093 ) ) ;
#405 = AXIS2_PLACEMENT_3D ( 'NONE', #2100, #2350, #2865 ) ;
#406 = AXIS2_PLACEMENT_3D ( 'NONE', #2703, #3203, #3238 ) ;
#407 = ADVANCED_FACE ( 'NONE', ( #1692 ), #1223, .F. ) ;
#408 = DIRECTION ( 'NONE',  ( 0.000000000000000000, 0.000000000000000000, 1.000000000000000000 ) ) ;
#409 = ORIENTED_EDGE ( 'NONE', *, *, #773, .T. ) ;
#410 =( BOUNDED_CURVE ( )  B_SPLINE_CURVE ( 3, ( #1375, #2614, #1864, #620 ),
 .UNSPECIFIED., .F., .T. ) 
 B_SPLINE_CURVE_WITH_KNOTS ( ( 4, 4 ),
 ( 0.000000000000000000, 0.3754236079810386872 ),
 .UNSPECIFIED. ) 
 CURVE ( )  GEOMETRIC_REPRESENTATION_ITEM ( )  RATIONAL_B_SPLINE_CURVE ( ( 1.000000000000000000, 0.9882892067347445186, 0.9882892067347445186, 1.000000000000000000 ) ) 
 REPRESENTATION_ITEM ( '' )  );
#411 = ORIENTED_EDGE ( 'NONE', *, *, #1351, .T. ) ;
#412 = ORIENTED_EDGE ( 'NONE', *, *, #2773, .F. ) ;
#413 = CARTESIAN_POINT ( 'NONE',  ( 77.87005768508937820, 472.1299423149121708, 0.000000000000000000 ) ) ;
#414 = CARTESIAN_POINT ( 'NONE',  ( 516.6776695296641719, 33.32233047033469120, 18.00000000000000000 ) ) ;
#415 = ORIENTED_EDGE ( 'NONE', *, *, #323, .F. ) ;
#416 = DIRECTION ( 'NONE',  ( 1.000000000000000000, 0.000000000000000000, 0.000000000000000000 ) ) ;
#417 = ORIENTED_EDGE ( 'NONE', *, *, #1799, .T. ) ;
#418 = DIRECTION ( 'NONE',  ( -1.000000000000000000, 0.000000000000000000, 0.000000000000000000 ) ) ;
#419 = ORIENTED_EDGE ( 'NONE', *, *, #938, .T. ) ;
#420 = AXIS2_PLACEMENT_3D ( 'NONE', #332, #310, #2053 ) ;
#421 = SHAPE_DEFINITION_REPRESENTATION ( #754, #2646 ) ;
#422 = CARTESIAN_POINT ( 'NONE',  ( 47.00000000000001421, 51.00000000000004263, 0.000000000000000000 ) ) ;
#423 = ADVANCED_FACE ( 'NONE', ( #1728 ), #1545, .F. ) ;
#424 = DIRECTION ( 'NONE',  ( 1.000000000000000000, 0.000000000000000000, 0.000000000000000000 ) ) ;
#425 = EDGE_CURVE ( 'NONE', #98, #3171, #1848, .T. ) ;
#426 = EDGE_CURVE ( 'NONE', #482, #1164, #1814, .T. ) ;
#427 = VERTEX_POINT ( 'NONE', #2558 ) ;
#428 = FACE_OUTER_BOUND ( 'NONE', #2176, .T. ) ;
#429 = VECTOR ( 'NONE', #3010, 1000.000000000000000 ) ;
#430 = LINE ( 'NONE', #1332, #3236 ) ;
#431 = FACE_OUTER_BOUND ( 'NONE', #2545, .T. ) ;
#432 = ORIENTED_EDGE ( 'NONE', *, *, #2988, .T. ) ;
#433 = CARTESIAN_POINT ( 'NONE',  ( 550.0000000000000000, 550.0000000000000000, 0.000000000000000000 ) ) ;
#434 = FACE_OUTER_BOUND ( 'NONE', #2031, .T. ) ;
#435 = EDGE_CURVE ( 'NONE', #1126, #177, #580, .T. ) ;
#436 = ORIENTED_EDGE ( 'NONE', *, *, #2785, .T. ) ;
#437 = FACE_BOUND ( 'NONE', #2163, .T. ) ;
#438 = ADVANCED_FACE ( 'NONE', ( #1885 ), #3053, .F. ) ;
#439 = CARTESIAN_POINT ( 'NONE',  ( 33.32233047033575701, 33.32233047033468409, 11.99999999999999822 ) ) ;
#440 = ORIENTED_EDGE ( 'NONE', *, *, #716, .T. ) ;
#441 = COLOUR_RGB ( '',1.000000000000000000, 1.000000000000000000, 1.000000000000000000 ) ;
#442 = AXIS2_PLACEMENT_3D ( 'NONE', #1884, #2875, #2335 ) ;
#443 = DIRECTION ( 'NONE',  ( -1.000000000000000000, 0.000000000000000000, 0.000000000000000000 ) ) ;
#444 = EDGE_CURVE ( 'NONE', #2360, #2541, #388, .T. ) ;
#445 = ORIENTED_EDGE ( 'NONE', *, *, #834, .T. ) ;
#446 = CARTESIAN_POINT ( 'NONE',  ( 175.3632432006102420, 725.0000000000002274, 31.00000000000000000 ) ) ;
#447 = DIRECTION ( 'NONE',  ( -1.000000000000000000, 0.000000000000000000, 0.000000000000000000 ) ) ;
#448 = DIRECTION ( 'NONE',  ( 0.000000000000000000, 0.000000000000000000, 1.000000000000000000 ) ) ;
#449 = VERTEX_POINT ( 'NONE', #35 ) ;
#450 = CARTESIAN_POINT ( 'NONE',  ( 29.07968978321662235, 512.4350288425437157, 18.00000000000000000 ) ) ;
#451 = ORIENTED_EDGE ( 'NONE', *, *, #455, .F. ) ;
#452 = DIRECTION ( 'NONE',  ( 0.000000000000000000, 0.000000000000000000, 1.000000000000000000 ) ) ;
#453 = VERTEX_POINT ( 'NONE', #1059 ) ;
#454 = CARTESIAN_POINT ( 'NONE',  ( 184.9999999999999716, 730.0000000000000000, 17.88822647334629323 ) ) ;
#455 = EDGE_CURVE ( 'NONE', #1653, #2252, #430, .T. ) ;
#456 = SURFACE_STYLE_USAGE ( .BOTH. , #232 ) ;
#457 = ORIENTED_EDGE ( 'NONE', *, *, #82, .F. ) ;
#458 = DIRECTION ( 'NONE',  ( 0.000000000000000000, 0.000000000000000000, 1.000000000000000000 ) ) ;
#459 = ORIENTED_EDGE ( 'NONE', *, *, #1329, .T. ) ;
#460 = SHAPE_REPRESENTATION ( 'A429090-TAPASXXXTA', ( #1372 ), #1708 ) ;
#461 = AXIS2_PLACEMENT_3D ( 'NONE', #1431, #1924, #697 ) ;
#462 = FILL_AREA_STYLE ('',( #699 ) ) ;
#463 = ORIENTED_EDGE ( 'NONE', *, *, #2092, .T. ) ;
#464 = DIRECTION ( 'NONE',  ( 0.000000000000000000, 0.000000000000000000, 1.000000000000000000 ) ) ;
#465 = CARTESIAN_POINT ( 'NONE',  ( 84.99999999999994316, 730.0000000000000000, 17.88822647334630034 ) ) ;
#466 = VECTOR ( 'NONE', #2968, 1000.000000000000114 ) ;
#467 = AXIS2_PLACEMENT_3D ( 'NONE', #184, #2981, #982 ) ;
#468 = FACE_OUTER_BOUND ( 'NONE', #2135, .T. ) ;
#469 =( NAMED_UNIT ( * ) PLANE_ANGLE_UNIT ( ) SI_UNIT ( $, .RADIAN. ) );
#470 = AXIS2_PLACEMENT_3D ( 'NONE', #1894, #2929, #1678 ) ;
#471 = PLANE ( 'NONE',  #204 ) ;
#472 = ITEM_DEFINED_TRANSFORMATION ( 'NONE', 'NONE', #3255,  #1372 ) ;
#473 = CARTESIAN_POINT ( 'NONE',  ( 476.1299423149106929, 472.1299423149121708, 18.00000000000000000 ) ) ;
#474 = VERTEX_POINT ( 'NONE', #547 ) ;
#475 = DIRECTION ( 'NONE',  ( -0.000000000000000000, -0.000000000000000000, -1.000000000000000000 ) ) ;
#476 = EDGE_LOOP ( 'NONE', ( #927, #1038, #969, #1718 ) ) ;
#477 = CARTESIAN_POINT ( 'NONE',  ( 84.99999999999992895, 730.0000000000000000, 31.00000000000000000 ) ) ;
#478 = CARTESIAN_POINT ( 'NONE',  ( 0.000000000000000000, 0.000000000000000000, 31.00000000000000000 ) ) ;
#479 = EDGE_LOOP ( 'NONE', ( #2291, #2122 ) ) ;
#480 = CARTESIAN_POINT ( 'NONE',  ( 520.9203102167834913, 512.4350288425437157, 18.00000000000000000 ) ) ;
#481 = LINE ( 'NONE', #2757, #3249 ) ;
#482 = VERTEX_POINT ( 'NONE', #2798 ) ;
#483 = CARTESIAN_POINT ( 'NONE',  ( 43.24131847326456324, 2.570590502707379876, 16.00000000000000000 ) ) ;
#484 = DIRECTION ( 'NONE',  ( -0.000000000000000000, -1.000000000000000000, -0.000000000000000000 ) ) ;
#485 = FACE_OUTER_BOUND ( 'NONE', #284, .T. ) ;
#486 = ORIENTED_EDGE ( 'NONE', *, *, #1857, .F. ) ;
#487 = AXIS2_PLACEMENT_3D ( 'NONE', #2996, #1994, #2754 ) ;
#488 = CARTESIAN_POINT ( 'NONE',  ( 3.673940397442062826E-16, 5.999999999999998224, 3.000000000000002665 ) ) ;
#489 = EDGE_CURVE ( 'NONE', #1613, #453, #1337, .T. ) ;
#490 = EDGE_CURVE ( 'NONE', #177, #1126, #2559, .T. ) ;
#491 = VERTEX_POINT ( 'NONE', #3092 ) ;
#492 = CARTESIAN_POINT ( 'NONE',  ( 512.4350288425449662, 520.9203102167826955, 18.00000000000000000 ) ) ;
#493 = ORIENTED_EDGE ( 'NONE', *, *, #591, .F. ) ;
#494 = ORIENTED_EDGE ( 'NONE', *, *, #2622, .F. ) ;
#495 = PLANE ( 'NONE',  #3014 ) ;
#496 = ORIENTED_EDGE ( 'NONE', *, *, #615, .F. ) ;
#497 = DIRECTION ( 'NONE',  ( 0.000000000000000000, 0.000000000000000000, 1.000000000000000000 ) ) ;
#498 = DIRECTION ( 'NONE',  ( 0.000000000000000000, 0.000000000000000000, 1.000000000000000000 ) ) ;
#499 = EDGE_CURVE ( 'NONE', #1167, #1092, #542, .T. ) ;
#500 = ORIENTED_EDGE ( 'NONE', *, *, #2979, .F. ) ;
#501 = APPLICATION_CONTEXT ( 'automotive_design' ) ;
#502 = CARTESIAN_POINT ( 'NONE',  ( 117.5000000000000000, 499.0000000000000000, 0.000000000000000000 ) ) ;
#503 = ITEM_DEFINED_TRANSFORMATION ( 'NONE', 'NONE', #467,  #1372 ) ;
#504 = ORIENTED_EDGE ( 'NONE', *, *, #559, .F. ) ;
#505 = LINE ( 'NONE', #738, #2427 ) ;
#506 = CARTESIAN_POINT ( 'NONE',  ( 495.0000000000001137, 499.0000000000000000, 0.000000000000000000 ) ) ;
#507 = ORIENTED_EDGE ( 'NONE', *, *, #3276, .T. ) ;
#508 = AXIS2_PLACEMENT_3D ( 'NONE', #2364, #1622, #865 ) ;
#509 = EDGE_CURVE ( 'NONE', #571, #1088, #2475, .T. ) ;
#510 = CIRCLE ( 'NONE', #1650, 2.500000000000002220 ) ;
#511 = CARTESIAN_POINT ( 'NONE',  ( 106.9999999999999005, 690.0000000000000000, 15.49999999999999112 ) ) ;
#512 = CYLINDRICAL_SURFACE ( 'NONE', #2600, 3.999999999999976019 ) ;
#513 = AXIS2_PLACEMENT_3D ( 'NONE', #1834, #2361, #1112 ) ;
#514 = FACE_BOUND ( 'NONE', #1123, .T. ) ;
#515 = EDGE_LOOP ( 'NONE', ( #210, #1399, #652, #830 ) ) ;
#516 = CYLINDRICAL_SURFACE ( 'NONE', #2396, 6.000000000000005329 ) ;
#517 = DIRECTION ( 'NONE',  ( -0.7071067811865275887, 0.7071067811865675568, 0.000000000000000000 ) ) ;
#518 = CYLINDRICAL_SURFACE ( 'NONE', #990, 6.000000000000005329 ) ;
#519 = FACE_BOUND ( 'NONE', #2235, .T. ) ;
#520 = DIRECTION ( 'NONE',  ( 1.000000000000000000, 0.000000000000000000, 0.000000000000000000 ) ) ;
#521 =( NAMED_UNIT ( * ) PLANE_ANGLE_UNIT ( ) SI_UNIT ( $, .RADIAN. ) );
#522 = CARTESIAN_POINT ( 'NONE',  ( 108.9827560572983458, 117.4680374315409210, 11.99999999999999822 ) ) ;
#523 = PRODUCT_DEFINITION ( 'UNKNOWN', '', #1832, #1504 ) ;
#524 = DIRECTION ( 'NONE',  ( 0.000000000000000000, -0.000000000000000000, 1.000000000000000000 ) ) ;
#525 = ORIENTED_EDGE ( 'NONE', *, *, #667, .T. ) ;
#526 = DIRECTION ( 'NONE',  ( 0.000000000000000000, -0.000000000000000000, -1.000000000000000000 ) ) ;
#527 = CARTESIAN_POINT ( 'NONE',  ( 29.07968978321660458, 512.4350288425437157, 11.99999999999999822 ) ) ;
#528 = VERTEX_POINT ( 'NONE', #56 ) ;
#529 = CARTESIAN_POINT ( 'NONE',  ( 85.46958070007251251, 725.0000000000000000, 21.50000000000000000 ) ) ;
#530 = DIRECTION ( 'NONE',  ( -0.000000000000000000, -0.000000000000000000, -1.000000000000000000 ) ) ;
#531 = ORIENTED_EDGE ( 'NONE', *, *, #426, .F. ) ;
#532 =( NAMED_UNIT ( * ) SI_UNIT ( $, .STERADIAN. ) SOLID_ANGLE_UNIT ( ) );
#533 = EDGE_LOOP ( 'NONE', ( #892, #1214 ) ) ;
#534 = CARTESIAN_POINT ( 'NONE',  ( 516.6776695296641719, 516.6776695296631488, 11.99999999999999822 ) ) ;
#535 = ORIENTED_EDGE ( 'NONE', *, *, #2639, .F. ) ;
#536 = CARTESIAN_POINT ( 'NONE',  ( 472.1299423149106929, 77.87005768508787185, 11.99999999999999822 ) ) ;
#537 = ORIENTED_EDGE ( 'NONE', *, *, #54, .F. ) ;
#538 = CARTESIAN_POINT ( 'NONE',  ( 119.2253967444179636, 436.7746032555858733, 11.99999999999999822 ) ) ;
#539 = FACE_OUTER_BOUND ( 'NONE', #965, .T. ) ;
#540 = CARTESIAN_POINT ( 'NONE',  ( 113.2253967444178784, 113.2253967444216585, 11.99999999999999822 ) ) ;
#541 = CARTESIAN_POINT ( 'NONE',  ( 437.5000000000000568, 499.0000000000000000, 0.000000000000000000 ) ) ;
#542 = LINE ( 'NONE', #2570, #2637 ) ;
#543 = AXIS2_PLACEMENT_3D ( 'NONE', #1284, #1061, #2048 ) ;
#544 = EDGE_CURVE ( 'NONE', #1973, #2959, #1105, .T. ) ;
#545 = EDGE_CURVE ( 'NONE', #2770, #2959, #2041, .T. ) ;
#546 = ORIENTED_EDGE ( 'NONE', *, *, #585, .T. ) ;
#547 = CARTESIAN_POINT ( 'NONE',  ( 468.1299423149106929, 77.87005768508787185, 0.000000000000000000 ) ) ;
#548 = VERTEX_POINT ( 'NONE', #529 ) ;
#549 = CARTESIAN_POINT ( 'NONE',  ( 522.6776695296641719, 516.6776695296631488, 11.99999999999999822 ) ) ;
#550 = ORIENTED_EDGE ( 'NONE', *, *, #1234, .F. ) ;
#551 = EDGE_CURVE ( 'NONE', #854, #337, #1024, .T. ) ;
#552 = CARTESIAN_POINT ( 'NONE',  ( 55.00000000000007816, 51.00000000000004263, 0.000000000000000000 ) ) ;
#553 = ORIENTED_EDGE ( 'NONE', *, *, #2546, .F. ) ;
#554 = DIRECTION ( 'NONE',  ( 0.000000000000000000, 0.000000000000000000, 1.000000000000000000 ) ) ;
#555 = DIRECTION ( 'NONE',  ( 0.000000000000000000, 0.000000000000000000, 1.000000000000000000 ) ) ;
#556 = ORIENTED_EDGE ( 'NONE', *, *, #1234, .T. ) ;
#557 = AXIS2_PLACEMENT_3D ( 'NONE', #745, #1998, #2984 ) ;
#558 = EDGE_LOOP ( 'NONE', ( #2603, #164, #556, #1985 ) ) ;
#559 = EDGE_CURVE ( 'NONE', #1444, #848, #700, .T. ) ;
#560 = UNCERTAINTY_MEASURE_WITH_UNIT (LENGTH_MEASURE( 1.000000000000000082E-05 ), #218, 'distance_accuracy_value', 'NONE');
#561 = DIRECTION ( 'NONE',  ( -0.000000000000000000, -0.000000000000000000, -1.000000000000000000 ) ) ;
#562 = EDGE_LOOP ( 'NONE', ( #3071, #1392, #103, #365 ) ) ;
#563 = PRODUCT ( 'A429090-TAPASXXXTA', 'A429090-TAPASXXXTA', '', ( #27 ) ) ;
#564 = AXIS2_PLACEMENT_3D ( 'NONE', #604, #350, #124 ) ;
#565 = CARTESIAN_POINT ( 'NONE',  ( 522.6776695296641719, 516.6776695296631488, 11.99999999999999822 ) ) ;
#566 = ORIENTED_EDGE ( 'NONE', *, *, #2003, .T. ) ;
#567 = CARTESIAN_POINT ( 'NONE',  ( 33.32233047033575701, 516.6776695296631488, 18.00000000000000000 ) ) ;
#568 = VERTEX_POINT ( 'NONE', #2623 ) ;
#569 = DIRECTION ( 'NONE',  ( -0.000000000000000000, -0.000000000000000000, -1.000000000000000000 ) ) ;
#570 = CARTESIAN_POINT ( 'NONE',  ( 163.0944918928738616, -2.168404344971008868E-16, 31.00000000000000000 ) ) ;
#571 = VERTEX_POINT ( 'NONE', #334 ) ;
#572 = VECTOR ( 'NONE', #3225, 1000.000000000000227 ) ;
#573 = ORIENTED_EDGE ( 'NONE', *, *, #2490, .T. ) ;
#574 = PLANE ( 'NONE',  #924 ) ;
#575 = LINE ( 'NONE', #2137, #2747 ) ;
#576 = DIRECTION ( 'NONE',  ( -0.000000000000000000, -1.000000000000000000, -0.000000000000000000 ) ) ;
#577 = FACE_OUTER_BOUND ( 'NONE', #3270, .T. ) ;
#578 = AXIS2_PLACEMENT_3D ( 'NONE', #527, #66, #2297 ) ;
#579 = CARTESIAN_POINT ( 'NONE',  ( 441.0172439427019526, 117.4680374315398410, 11.99999999999999822 ) ) ;
#580 = CIRCLE ( 'NONE', #2557, 2.499999999999995115 ) ;
#581 = VECTOR ( 'NONE', #2190, 1000.000000000000000 ) ;
#582 = DIRECTION ( 'NONE',  ( -0.000000000000000000, -1.000000000000000000, -0.000000000000000000 ) ) ;
#583 = VERTEX_POINT ( 'NONE', #3118 ) ;
#584 = AXIS2_PLACEMENT_3D ( 'NONE', #6, #1771, #260 ) ;
#585 = EDGE_CURVE ( 'NONE', #993, #1973, #2982, .T. ) ;
#586 = LINE ( 'NONE', #1048, #2527 ) ;
#587 = VERTEX_POINT ( 'NONE', #367 ) ;
#588 = DIRECTION ( 'NONE',  ( 1.000000000000000000, 0.000000000000000000, 0.000000000000000000 ) ) ;
#589 = CIRCLE ( 'NONE', #970, 2.500000000000002220 ) ;
#590 = DIRECTION ( 'NONE',  ( 0.000000000000000000, 0.000000000000000000, -1.000000000000000000 ) ) ;
#591 = EDGE_CURVE ( 'NONE', #1092, #799, #410, .T. ) ;
#592 = ORIENTED_EDGE ( 'NONE', *, *, #509, .F. ) ;
#593 = CARTESIAN_POINT ( 'NONE',  ( 117.4680374315371694, 108.9827560573014864, 11.99999999999999822 ) ) ;
#594 = VECTOR ( 'NONE', #2883, 1000.000000000000000 ) ;
#595 = EDGE_CURVE ( 'NONE', #934, #360, #862, .T. ) ;
#596 = CARTESIAN_POINT ( 'NONE',  ( 0.000000000000000000, 550.0000000000000000, 18.00000000000000000 ) ) ;
#597 = ORIENTED_EDGE ( 'NONE', *, *, #1611, .T. ) ;
#598 = CARTESIAN_POINT ( 'NONE',  ( 77.87005768508939241, 77.87005768508787185, 18.00000000000000000 ) ) ;
#599 = VERTEX_POINT ( 'NONE', #3156 ) ;
#600 = ORIENTED_EDGE ( 'NONE', *, *, #1027, .F. ) ;
#601 = DIRECTION ( 'NONE',  ( -1.000000000000000000, 0.000000000000000000, 0.000000000000000000 ) ) ;
#602 =( BOUNDED_CURVE ( )  B_SPLINE_CURVE ( 3, ( #2217, #1480, #2482, #1965 ),
 .UNSPECIFIED., .F., .T. ) 
 B_SPLINE_CURVE_WITH_KNOTS ( ( 4, 4 ),
 ( 3.141592653589793116, 4.712388980384688786 ),
 .UNSPECIFIED. ) 
 CURVE ( )  GEOMETRIC_REPRESENTATION_ITEM ( )  RATIONAL_B_SPLINE_CURVE ( ( 1.000000000000000000, 0.8047378541243652705, 0.8047378541243652705, 1.000000000000000000 ) ) 
 REPRESENTATION_ITEM ( '' )  );
#603 = AXIS2_PLACEMENT_3D ( 'NONE', #567, #1315, #2066 ) ;
#604 = CARTESIAN_POINT ( 'NONE',  ( 499.0000000000000000, 435.0000000000000568, 18.00000000000000000 ) ) ;
#605 = EDGE_LOOP ( 'NONE', ( #2894, #3055, #914, #1765 ) ) ;
#606 = EDGE_CURVE ( 'NONE', #1164, #2696, #1460, .T. ) ;
#607 = ORIENTED_EDGE ( 'NONE', *, *, #269, .F. ) ;
#608 = CARTESIAN_POINT ( 'NONE',  ( 51.00000000000004263, 435.0000000000000568, 18.00000000000000000 ) ) ;
#609 = ADVANCED_FACE ( 'NONE', ( #1619 ), #512, .F. ) ;
#610 = EDGE_LOOP ( 'NONE', ( #2924, #827 ) ) ;
#611 = PLANE ( 'NONE',  #1571 ) ;
#612 = DIRECTION ( 'NONE',  ( 0.000000000000000000, 0.000000000000000000, 1.000000000000000000 ) ) ;
#613 = VERTEX_POINT ( 'NONE', #2858 ) ;
#614 = PLANE ( 'NONE',  #623 ) ;
#615 = EDGE_CURVE ( 'NONE', #2055, #917, #2598, .T. ) ;
#616 = FACE_OUTER_BOUND ( 'NONE', #1345, .T. ) ;
#617 = FACE_OUTER_BOUND ( 'NONE', #3006, .T. ) ;
#618 = CONTEXT_DEPENDENT_SHAPE_REPRESENTATION ( #3278, #2656 ) ;
#619 = DIRECTION ( 'NONE',  ( 0.000000000000000000, 1.000000000000000000, 0.000000000000000000 ) ) ;
#620 = CARTESIAN_POINT ( 'NONE',  ( 183.9395984443614793, 730.0000000000000000, 9.500000000000000000 ) ) ;
#621 = FACE_OUTER_BOUND ( 'NONE', #2172, .T. ) ;
#622 = CYLINDRICAL_SURFACE ( 'NONE', #3075, 3.000000000000002665 ) ;
#623 = AXIS2_PLACEMENT_3D ( 'NONE', #919, #1642, #2682 ) ;
#624 = CIRCLE ( 'NONE', #2461, 6.000000000000296652 ) ;
#625 = PRESENTATION_LAYER_ASSIGNMENT (  '', '', ( #801 ) ) ;
#626 = VERTEX_POINT ( 'NONE', #1091 ) ;
#627 = ADVANCED_FACE ( 'NONE', ( #786 ), #3140, .F. ) ;
#628 = DIRECTION ( 'NONE',  ( -0.7071067811865275887, 0.7071067811865675568, -0.000000000000000000 ) ) ;
#629 = MECHANICAL_DESIGN_GEOMETRIC_PRESENTATION_REPRESENTATION (  '', ( #2373 ), #3240 ) ;
#630 = DIRECTION ( 'NONE',  ( 1.000000000000000000, 0.000000000000000000, 0.000000000000000000 ) ) ;
#631 = AXIS2_PLACEMENT_3D ( 'NONE', #3002, #980, #1534 ) ;
#632 = EDGE_LOOP ( 'NONE', ( #2020, #2328, #2852, #1323, #535 ) ) ;
#633 = FACE_OUTER_BOUND ( 'NONE', #1956, .T. ) ;
#634 = ADVANCED_FACE ( 'NONE', ( #661 ), #1659, .F. ) ;
#635 = DIRECTION ( 'NONE',  ( 0.000000000000000000, 1.000000000000000000, 0.000000000000000000 ) ) ;
#636 = ORIENTED_EDGE ( 'NONE', *, *, #3279, .F. ) ;
#637 = LINE ( 'NONE', #596, #2576 ) ;
#638 = CARTESIAN_POINT ( 'NONE',  ( 512.4350288425449662, 520.9203102167825818, 11.99999999999999822 ) ) ;
#639 = ORIENTED_EDGE ( 'NONE', *, *, #1012, .T. ) ;
#640 = DIRECTION ( 'NONE',  ( 0.000000000000000000, 0.000000000000000000, -1.000000000000000000 ) ) ;
#641 = ORIENTED_EDGE ( 'NONE', *, *, #2339, .F. ) ;
#642 = ORIENTED_EDGE ( 'NONE', *, *, #2092, .F. ) ;
#643 =( LENGTH_UNIT ( ) NAMED_UNIT ( * ) SI_UNIT ( .MILLI., .METRE. ) );
#644 = PRODUCT_DEFINITION_SHAPE ( 'NONE', 'NONE',  #2737 ) ;
#645 = ADVANCED_FACE ( 'NONE', ( #1185, #2870 ), #1389, .T. ) ;
#646 = ORIENTED_EDGE ( 'NONE', *, *, #794, .T. ) ;
#647 = ORIENTED_EDGE ( 'NONE', *, *, #782, .F. ) ;
#648 = ADVANCED_FACE ( 'NONE', ( #2195 ), #857, .T. ) ;
#649 = AXIS2_PLACEMENT_3D ( 'NONE', #233, #776, #1538 ) ;
#650 = CARTESIAN_POINT ( 'NONE',  ( 63.09449189287384741, 0.000000000000000000, 0.000000000000000000 ) ) ;
#651 = EDGE_CURVE ( 'NONE', #1741, #427, #2308, .T. ) ;
#652 = ORIENTED_EDGE ( 'NONE', *, *, #1523, .T. ) ;
#653 = EDGE_CURVE ( 'NONE', #337, #1129, #903, .T. ) ;
#654 = ORIENTED_EDGE ( 'NONE', *, *, #2921, .T. ) ;
#655 = DIRECTION ( 'NONE',  ( 1.000000000000000000, 0.000000000000000000, 0.000000000000000000 ) ) ;
#656 = CIRCLE ( 'NONE', #2489, 3.999999999999976019 ) ;
#657 = DIRECTION ( 'NONE',  ( 1.000000000000000000, 0.000000000000000000, 0.000000000000000000 ) ) ;
#658 = FACE_OUTER_BOUND ( 'NONE', #2973, .T. ) ;
#659 = CARTESIAN_POINT ( 'NONE',  ( 435.0000000000000568, 499.0000000000000000, 18.00000000000000000 ) ) ;
#660 = EDGE_CURVE ( 'NONE', #304, #984, #1772, .T. ) ;
#661 = FACE_OUTER_BOUND ( 'NONE', #3254, .T. ) ;
#662 = FACE_BOUND ( 'NONE', #1770, .T. ) ;
#663 = ADVANCED_FACE ( 'NONE', ( #2944 ), #2473, .T. ) ;
#664 = ORIENTED_EDGE ( 'NONE', *, *, #2681, .T. ) ;
#665 = FACE_OUTER_BOUND ( 'NONE', #1675, .T. ) ;
#666 = ORIENTED_EDGE ( 'NONE', *, *, #1462, .F. ) ;
#667 = EDGE_CURVE ( 'NONE', #722, #3165, #2231, .T. ) ;
#668 = CARTESIAN_POINT ( 'NONE',  ( 168.9050319128784849, 725.0000000000000000, 31.00000000000000000 ) ) ;
#669 = VECTOR ( 'NONE', #2919, 1000.000000000000000 ) ;
#670 = CARTESIAN_POINT ( 'NONE',  ( 476.1299423149106929, 472.1299423149121708, 0.000000000000000000 ) ) ;
#671 = ORIENTED_EDGE ( 'NONE', *, *, #393, .T. ) ;
#672 = CARTESIAN_POINT ( 'NONE',  ( 522.6776695296641719, 33.32233047033469120, 18.00000000000000000 ) ) ;
#673 = LINE ( 'NONE', #3147, #1821 ) ;
#674 = AXIS2_PLACEMENT_3D ( 'NONE', #2630, #1346, #2087 ) ;
#675 = CIRCLE ( 'NONE', #3056, 3.999999999999892530 ) ;
#676 = CARTESIAN_POINT ( 'NONE',  ( 42.79417451143778095, -5.689651003726128759E-17, 31.00000000000000000 ) ) ;
#677 = ORIENTED_EDGE ( 'NONE', *, *, #216, .T. ) ;
#678 = ORIENTED_EDGE ( 'NONE', *, *, #1249, .F. ) ;
#679 = DIRECTION ( 'NONE',  ( -0.000000000000000000, -1.000000000000000000, -0.000000000000000000 ) ) ;
#680 = EDGE_CURVE ( 'NONE', #167, #3001, #1333, .T. ) ;
#681 = ADVANCED_FACE ( 'NONE', ( #658 ), #2152, .F. ) ;
#682 = SURFACE_SIDE_STYLE ('',( #1194 ) ) ;
#683 = ORIENTED_EDGE ( 'NONE', *, *, #1898, .F. ) ;
#684 = DIRECTION ( 'NONE',  ( -0.000000000000000000, -0.000000000000000000, -1.000000000000000000 ) ) ;
#685 = VERTEX_POINT ( 'NONE', #2655 ) ;
#686 = CARTESIAN_POINT ( 'NONE',  ( 435.0000000000000568, 51.00000000000004263, 18.00000000000000000 ) ) ;
#687 = EDGE_LOOP ( 'NONE', ( #1835, #2203 ) ) ;
#688 = AXIS2_PLACEMENT_3D ( 'NONE', #3177, #1364, #366 ) ;
#689 = DIRECTION ( 'NONE',  ( 1.000000000000000000, 0.000000000000000000, 0.000000000000000000 ) ) ;
#690 = EDGE_LOOP ( 'NONE', ( #2140, #2966 ) ) ;
#691 = AXIS2_PLACEMENT_3D ( 'NONE', #131, #163, #3161 ) ;
#692 = EDGE_CURVE ( 'NONE', #854, #342, #1296, .T. ) ;
#693 = EDGE_LOOP ( 'NONE', ( #118, #171, #3230, #5 ) ) ;
#694 = DIRECTION ( 'NONE',  ( -0.7071067811865688890, 0.7071067811865261454, -0.000000000000000000 ) ) ;
#695 = ADVANCED_FACE ( 'NONE', ( #1962 ), #3026, .F. ) ;
#696 = FACE_OUTER_BOUND ( 'NONE', #3220, .T. ) ;
#697 = DIRECTION ( 'NONE',  ( -1.000000000000000000, 0.000000000000000000, 0.000000000000000000 ) ) ;
#698 = CIRCLE ( 'NONE', #2807, 2.500000000000002220 ) ;
#699 = FILL_AREA_STYLE_COLOUR ( '', #228 ) ;
#700 = LINE ( 'NONE', #75, #3155 ) ;
#701 = PLANE ( 'NONE',  #1605 ) ;
#702 = VECTOR ( 'NONE', #1529, 1000.000000000000000 ) ;
#703 = VECTOR ( 'NONE', #913, 1000.000000000000000 ) ;
#704 = CARTESIAN_POINT ( 'NONE',  ( 117.4680374315371267, 441.0172439427053632, 18.00000000000000000 ) ) ;
#705 = VECTOR ( 'NONE', #2290, 1000.000000000000000 ) ;
#706 = MANIFOLD_SOLID_BREP ( 'Redondeo1', #2353 ) ;
#707 = ORIENTED_EDGE ( 'NONE', *, *, #794, .F. ) ;
#708 = CARTESIAN_POINT ( 'NONE',  ( -2.149836661387515751E-17, -1.846330309191697333E-16, 15.00000000000000000 ) ) ;
#709 = CARTESIAN_POINT ( 'NONE',  ( 0.000000000000000000, 0.000000000000000000, 18.00000000000000000 ) ) ;
#710 = ORIENTED_EDGE ( 'NONE', *, *, #1407, .T. ) ;
#711 =( NAMED_UNIT ( * ) SI_UNIT ( $, .STERADIAN. ) SOLID_ANGLE_UNIT ( ) );
#712 = AXIS2_PLACEMENT_3D ( 'NONE', #1334, #2359, #1093 ) ;
#713 = CARTESIAN_POINT ( 'NONE',  ( 86.05177248089447062, 730.0000000000000000, 21.50000000000000000 ) ) ;
#714 = EDGE_CURVE ( 'NONE', #2101, #2864, #1544, .T. ) ;
#715 = EDGE_LOOP ( 'NONE', ( #3100, #133, #409, #162 ) ) ;
#716 = EDGE_CURVE ( 'NONE', #2541, #2360, #2343, .T. ) ;
#717 =( NAMED_UNIT ( * ) PLANE_ANGLE_UNIT ( ) SI_UNIT ( $, .RADIAN. ) );
#718 = LINE ( 'NONE', #302, #1902 ) ;
#719 = VERTEX_POINT ( 'NONE', #202 ) ;
#720 = CARTESIAN_POINT ( 'NONE',  ( 63.09449189287384741, 0.000000000000000000, 31.00000000000000000 ) ) ;
#721 = CARTESIAN_POINT ( 'NONE',  ( 0.000000000000000000, 550.0000000000000000, 0.000000000000000000 ) ) ;
#722 = VERTEX_POINT ( 'NONE', #3260 ) ;
#723 = ORIENTED_EDGE ( 'NONE', *, *, #1847, .F. ) ;
#724 = CARTESIAN_POINT ( 'NONE',  ( 0.000000000000000000, 550.0000000000000000, 18.00000000000000000 ) ) ;
#725 = CARTESIAN_POINT ( 'NONE',  ( 84.99999999999992895, 730.0000000000000000, 15.00000000000000000 ) ) ;
#726 = EDGE_LOOP ( 'NONE', ( #368, #2517, #1327, #2160 ) ) ;
#727 = CARTESIAN_POINT ( 'NONE',  ( 163.0944918928738616, -2.168404344971008868E-16, 0.000000000000000000 ) ) ;
#728 = EDGE_CURVE ( 'NONE', #2488, #1197, #3190, .T. ) ;
#729 =( NAMED_UNIT ( * ) PLANE_ANGLE_UNIT ( ) SI_UNIT ( $, .RADIAN. ) );
#730 = CARTESIAN_POINT ( 'NONE',  ( 435.0000000000000568, 499.0000000000000000, 18.00000000000000000 ) ) ;
#731 = VERTEX_POINT ( 'NONE', #2458 ) ;
#732 = DIRECTION ( 'NONE',  ( 0.000000000000000000, -0.000000000000000000, 1.000000000000000000 ) ) ;
#733 = VERTEX_POINT ( 'NONE', #1494 ) ;
#734 = DIRECTION ( 'NONE',  ( 0.000000000000000000, 1.000000000000000000, 0.000000000000000000 ) ) ;
#735 = CARTESIAN_POINT ( 'NONE',  ( 183.9395984443614793, 730.0000000000000000, 9.500000000000000000 ) ) ;
#736 = EDGE_CURVE ( 'NONE', #3215, #2401, #575, .T. ) ;
#737 = ORIENTED_EDGE ( 'NONE', *, *, #2479, .T. ) ;
#738 = CARTESIAN_POINT ( 'NONE',  ( 278.0000000000000568, 275.0000000000000000, 18.00000000000000000 ) ) ;
#739 = DIRECTION ( 'NONE',  ( -0.000000000000000000, 1.000000000000000000, -0.000000000000000000 ) ) ;
#740 = STYLED_ITEM ( 'NONE', ( #2765 ), #3007 ) ;
#741 = DIRECTION ( 'NONE',  ( -0.7071067811865600072, 3.594642259891341568E-16, -0.7071067811865353603 ) ) ;
#742 = AXIS2_PLACEMENT_3D ( 'NONE', #2817, #1561, #2829 ) ;
#743 = DIRECTION ( 'NONE',  ( -0.000000000000000000, -0.000000000000000000, 1.000000000000000000 ) ) ;
#744 = LINE ( 'NONE', #1755, #72 ) ;
#745 = CARTESIAN_POINT ( 'NONE',  ( 0.000000000000000000, 0.000000000000000000, 18.00000000000000000 ) ) ;
#746 = CYLINDRICAL_SURFACE ( 'NONE', #2664, 15.00000000000000178 ) ;
#747 = DIRECTION ( 'NONE',  ( 0.000000000000000000, 0.000000000000000000, 1.000000000000000000 ) ) ;
#748 = ORIENTED_EDGE ( 'NONE', *, *, #2462, .T. ) ;
#749 = DIRECTION ( 'NONE',  ( 0.000000000000000000, 1.000000000000000000, 0.000000000000000000 ) ) ;
#750 = CARTESIAN_POINT ( 'NONE',  ( 113.2253967444178642, 436.7746032555858733, 11.99999999999999822 ) ) ;
#751 = CIRCLE ( 'NONE', #1671, 2.499999999999995115 ) ;
#752 = CARTESIAN_POINT ( 'NONE',  ( 29.07968978321660458, 512.4350288425437157, 11.99999999999999822 ) ) ;
#753 = CIRCLE ( 'NONE', #867, 2.500000000000057732 ) ;
#754 = PRODUCT_DEFINITION_SHAPE ( 'NONE', 'NONE',  #1225 ) ;
#755 = ORIENTED_EDGE ( 'NONE', *, *, #1201, .T. ) ;
#756 = CARTESIAN_POINT ( 'NONE',  ( -1.110223024625156540E-13, 5.999999999999998224, 2.220446049250313081E-13 ) ) ;
#757 = AXIS2_PLACEMENT_3D ( 'NONE', #1057, #2311, #3078 ) ;
#758 = CARTESIAN_POINT ( 'NONE',  ( 63.09449189287384741, 0.000000000000000000, 0.000000000000000000 ) ) ;
#759 = CARTESIAN_POINT ( 'NONE',  ( 0.000000000000000000, 0.000000000000000000, 18.00000000000000000 ) ) ;
#760 = VERTEX_POINT ( 'NONE', #1661 ) ;
#761 = AXIS2_PLACEMENT_3D ( 'NONE', #336, #2109, #3142 ) ;
#762 = EDGE_CURVE ( 'NONE', #1181, #2372, #935, .T. ) ;
#763 = DIRECTION ( 'NONE',  ( -0.000000000000000000, -0.000000000000000000, 1.000000000000000000 ) ) ;
#764 = ORIENTED_EDGE ( 'NONE', *, *, #2528, .F. ) ;
#765 = DIRECTION ( 'NONE',  ( -0.000000000000000000, 1.000000000000000000, -0.000000000000000000 ) ) ;
#766 = ORIENTED_EDGE ( 'NONE', *, *, #1572, .T. ) ;
#767 = VERTEX_POINT ( 'NONE', #11 ) ;
#768 = EDGE_CURVE ( 'NONE', #1550, #733, #2791, .T. ) ;
#769 = DIRECTION ( 'NONE',  ( -0.000000000000000000, -0.000000000000000000, -1.000000000000000000 ) ) ;
#770 = PLANE ( 'NONE',  #179 ) ;
#771 = EDGE_LOOP ( 'NONE', ( #324, #463, #1279, #2589 ) ) ;
#772 = DIRECTION ( 'NONE',  ( 1.000000000000000000, 0.000000000000000000, 0.000000000000000000 ) ) ;
#773 = EDGE_CURVE ( 'NONE', #1539, #2293, #2114, .T. ) ;
#774 = EDGE_LOOP ( 'NONE', ( #2428, #2525 ) ) ;
#775 = APPLICATION_PROTOCOL_DEFINITION ( 'draft international standard', 'automotive_design', 1998, #1524 ) ;
#776 = DIRECTION ( 'NONE',  ( 0.000000000000000000, 0.000000000000000000, 1.000000000000000000 ) ) ;
#777 = CARTESIAN_POINT ( 'NONE',  ( 248.0944918928738048, 725.0000000000000000, 21.50000000000000000 ) ) ;
#778 = DIRECTION ( 'NONE',  ( 0.000000000000000000, 1.000000000000000000, 0.000000000000000000 ) ) ;
#779 = ORIENTED_EDGE ( 'NONE', *, *, #2639, .T. ) ;
#780 = AXIS2_PLACEMENT_3D ( 'NONE', #28, #2573, #2819 ) ;
#781 = DIRECTION ( 'NONE',  ( -0.000000000000000000, -0.000000000000000000, -1.000000000000000000 ) ) ;
#782 = EDGE_CURVE ( 'NONE', #3033, #1244, #2074, .T. ) ;
#783 = FACE_BOUND ( 'NONE', #2057, .T. ) ;
#784 = DIRECTION ( 'NONE',  ( 0.000000000000000000, 0.000000000000000000, 1.000000000000000000 ) ) ;
#785 = CARTESIAN_POINT ( 'NONE',  ( 51.00000000000004263, 435.0000000000000568, 18.00000000000000000 ) ) ;
#786 = FACE_OUTER_BOUND ( 'NONE', #876, .T. ) ;
#787 = VECTOR ( 'NONE', #2533, 1000.000000000000000 ) ;
#788 = CIRCLE ( 'NONE', #3060, 6.000000000000102141 ) ;
#789 = FACE_OUTER_BOUND ( 'NONE', #1761, .T. ) ;
#790 = DIRECTION ( 'NONE',  ( -1.000000000000000000, 0.000000000000000000, -0.000000000000000000 ) ) ;
#791 = EDGE_LOOP ( 'NONE', ( #2531, #1316, #2464, #1976 ) ) ;
#792 = FACE_BOUND ( 'NONE', #1573, .T. ) ;
#793 = CIRCLE ( 'NONE', #2103, 2.500000000000002220 ) ;
#794 = EDGE_CURVE ( 'NONE', #528, #2927, #1502, .T. ) ;
#795 = CARTESIAN_POINT ( 'NONE',  ( 51.00000000000004263, 51.00000000000004263, 18.00000000000000000 ) ) ;
#796 = EDGE_LOOP ( 'NONE', ( #1269, #1358 ) ) ;
#797 = COLOUR_RGB ( '',1.000000000000000000, 1.000000000000000000, 1.000000000000000000 ) ;
#798 = DIRECTION ( 'NONE',  ( -0.000000000000000000, -0.000000000000000000, 1.000000000000000000 ) ) ;
#799 = VERTEX_POINT ( 'NONE', #735 ) ;
#800 = DIRECTION ( 'NONE',  ( 1.000000000000000000, 0.000000000000000000, 0.000000000000000000 ) ) ;
#801 = STYLED_ITEM ( 'NONE', ( #2906 ), #706 ) ;
#802 = DIRECTION ( 'NONE',  ( -0.000000000000000000, -0.000000000000000000, 1.000000000000000000 ) ) ;
#803 = ORIENTED_EDGE ( 'NONE', *, *, #1179, .T. ) ;
#804 = AXIS2_PLACEMENT_3D ( 'NONE', #948, #3241, #447 ) ;
#805 = CARTESIAN_POINT ( 'NONE',  ( 108.9827560572983458, 117.4680374315409210, 11.99999999999999822 ) ) ;
#806 = ORIENTED_EDGE ( 'NONE', *, *, #2306, .T. ) ;
#807 = AXIS2_PLACEMENT_3D ( 'NONE', #1096, #2346, #348 ) ;
#808 = PLANE ( 'NONE',  #780 ) ;
#809 = PRODUCT_DEFINITION_SHAPE ( 'NONE', 'NONE',  #3282 ) ;
#810 = VERTEX_POINT ( 'NONE', #1011 ) ;
#811 = VERTEX_POINT ( 'NONE', #1543 ) ;
#812 = CARTESIAN_POINT ( 'NONE',  ( 108.9827560572986442, 432.5319625684663833, 11.99999999999999822 ) ) ;
#813 = EDGE_LOOP ( 'NONE', ( #1981, #217, #930, #3137, #3218, #1908, #3160, #2363 ) ) ;
#814 = DIRECTION ( 'NONE',  ( -0.7071067811865262565, -0.7071067811865687780, 0.000000000000000000 ) ) ;
#815 = DIRECTION ( 'NONE',  ( 0.000000000000000000, 0.000000000000000000, 1.000000000000000000 ) ) ;
#816 = ORIENTED_EDGE ( 'NONE', *, *, #3128, .T. ) ;
#817 = LINE ( 'NONE', #1762, #345 ) ;
#818 = CARTESIAN_POINT ( 'NONE',  ( 516.6776695296641719, 516.6776695296631488, 18.00000000000000000 ) ) ;
#819 = CIRCLE ( 'NONE', #1208, 3.999999999999892530 ) ;
#820 = DIRECTION ( 'NONE',  ( 0.000000000000000000, 0.000000000000000000, 1.000000000000000000 ) ) ;
#821 = CARTESIAN_POINT ( 'NONE',  ( 499.0000000000000000, 435.0000000000000568, 18.00000000000000000 ) ) ;
#822 = AXIS2_PLACEMENT_3D ( 'NONE', #880, #392, #1406 ) ;
#823 = EDGE_CURVE ( 'NONE', #613, #1710, #744, .T. ) ;
#824 = EDGE_CURVE ( 'NONE', #1073, #810, #1260, .T. ) ;
#825 = VECTOR ( 'NONE', #679, 1000.000000000000000 ) ;
#826 = DIRECTION ( 'NONE',  ( 0.000000000000000000, 1.000000000000000000, 0.000000000000000000 ) ) ;
#827 = ORIENTED_EDGE ( 'NONE', *, *, #54, .T. ) ;
#828 = DIRECTION ( 'NONE',  ( 0.000000000000000000, 0.000000000000000000, 1.000000000000000000 ) ) ;
#829 = VECTOR ( 'NONE', #530, 1000.000000000000000 ) ;
#830 = ORIENTED_EDGE ( 'NONE', *, *, #3040, .T. ) ;
#831 = DIRECTION ( 'NONE',  ( 1.000000000000000000, 0.000000000000000000, 0.000000000000000000 ) ) ;
#832 = LINE ( 'NONE', #650, #2762 ) ;
#833 = ORIENTED_EDGE ( 'NONE', *, *, #995, .F. ) ;
#834 = EDGE_CURVE ( 'NONE', #399, #583, #2673, .T. ) ;
#835 = LINE ( 'NONE', #2935, #2752 ) ;
#836 = ORIENTED_EDGE ( 'NONE', *, *, #3029, .T. ) ;
#837 = ORIENTED_EDGE ( 'NONE', *, *, #1971, .T. ) ;
#838 = AXIS2_PLACEMENT_3D ( 'NONE', #439, #1457, #1215 ) ;
#839 = ORIENTED_EDGE ( 'NONE', *, *, #1673, .T. ) ;
#840 = CARTESIAN_POINT ( 'NONE',  ( 248.0944918928738048, 730.0000000000000000, 9.500000000000000000 ) ) ;
#841 = EDGE_CURVE ( 'NONE', #1008, #2276, #274, .T. ) ;
#842 = CARTESIAN_POINT ( 'NONE',  ( 516.6776695296641719, 33.32233047033469120, 11.99999999999999822 ) ) ;
#843 = ORIENTED_EDGE ( 'NONE', *, *, #2921, .F. ) ;
#844 = DIRECTION ( 'NONE',  ( -0.9852062716166839484, 0.1713727001804919992, 0.000000000000000000 ) ) ;
#845 = AXIS2_PLACEMENT_3D ( 'NONE', #86, #2107, #588 ) ;
#846 = ORIENTED_EDGE ( 'NONE', *, *, #1187, .T. ) ;
#847 = CARTESIAN_POINT ( 'NONE',  ( 108.9827560572983458, 117.4680374315409210, 18.00000000000000000 ) ) ;
#848 = VERTEX_POINT ( 'NONE', #3039 ) ;
#849 = UNCERTAINTY_MEASURE_WITH_UNIT (LENGTH_MEASURE( 1.000000000000000082E-05 ), #1577, 'distance_accuracy_value', 'NONE');
#850 = ITEM_DEFINED_TRANSFORMATION ( 'NONE', 'NONE', #1309,  #1372 ) ;
#851 = CARTESIAN_POINT ( 'NONE',  ( 520.9203102167838324, 37.56497115745344217, 11.99999999999999822 ) ) ;
#852 = EDGE_CURVE ( 'NONE', #2213, #2697, #2000, .T. ) ;
#853 = EDGE_LOOP ( 'NONE', ( #150, #2126, #1916, #2611 ) ) ;
#854 = VERTEX_POINT ( 'NONE', #1001 ) ;
#855 = CARTESIAN_POINT ( 'NONE',  ( 117.4680374315371694, 108.9827560573014864, 11.99999999999999822 ) ) ;
#856 = CARTESIAN_POINT ( 'NONE',  ( 14.89933824127002637, -1.734854452750618004, 15.00000000000000000 ) ) ;
#857 = CYLINDRICAL_SURFACE ( 'NONE', #1354, 15.00000000000000178 ) ;
#858 = CARTESIAN_POINT ( 'NONE',  ( 51.00000000000004263, 115.0000000000000142, 18.00000000000000000 ) ) ;
#859 = LINE ( 'NONE', #80, #183 ) ;
#860 = AXIS2_PLACEMENT_3D ( 'NONE', #2772, #1281, #2234 ) ;
#861 = CARTESIAN_POINT ( 'NONE',  ( 512.4350288425449662, 520.9203102167825818, 11.99999999999999822 ) ) ;
#862 = LINE ( 'NONE', #883, #2947 ) ;
#863 = CARTESIAN_POINT ( 'NONE',  ( 84.99999999999992895, 730.0000000000000000, 15.00000000000000000 ) ) ;
#864 = ADVANCED_FACE ( 'NONE', ( #696 ), #1020, .F. ) ;
#865 = DIRECTION ( 'NONE',  ( 1.000000000000000000, 0.000000000000000000, 0.000000000000000000 ) ) ;
#866 = FACE_OUTER_BOUND ( 'NONE', #1823, .T. ) ;
#867 = AXIS2_PLACEMENT_3D ( 'NONE', #1672, #1145, #2409 ) ;
#868 = AXIS2_PLACEMENT_3D ( 'NONE', #1919, #3180, #2661 ) ;
#869 = FACE_BOUND ( 'NONE', #3251, .T. ) ;
#870 = DIRECTION ( 'NONE',  ( 0.000000000000000000, 0.000000000000000000, 1.000000000000000000 ) ) ;
#871 = ORIENTED_EDGE ( 'NONE', *, *, #1643, .T. ) ;
#872 = DIRECTION ( 'NONE',  ( -1.000000000000000000, 0.000000000000000000, 0.000000000000000000 ) ) ;
#873 = FACE_BOUND ( 'NONE', #2726, .T. ) ;
#874 = FACE_OUTER_BOUND ( 'NONE', #791, .T. ) ;
#875 = DIRECTION ( 'NONE',  ( -0.000000000000000000, -1.000000000000000000, -0.000000000000000000 ) ) ;
#876 = EDGE_LOOP ( 'NONE', ( #2584, #139, #1081, #2989 ) ) ;
#877 = PLANE ( 'NONE',  #1488 ) ;
#878 = DIRECTION ( 'NONE',  ( 0.000000000000000000, 0.000000000000000000, -1.000000000000000000 ) ) ;
#879 = EDGE_LOOP ( 'NONE', ( #3259, #2824, #1892, #1788 ) ) ;
#880 = CARTESIAN_POINT ( 'NONE',  ( 275.0000000000000000, 275.0000000000000000, 18.00000000000000000 ) ) ;
#881 = CARTESIAN_POINT ( 'NONE',  ( 501.5000000000000568, 435.0000000000000568, 0.000000000000000000 ) ) ;
#882 = VERTEX_POINT ( 'NONE', #226 ) ;
#883 = CARTESIAN_POINT ( 'NONE',  ( 520.9203102167834913, 512.4350288425437157, 11.99999999999999822 ) ) ;
#884 = ADVANCED_FACE ( 'NONE', ( #2868 ), #1791, .F. ) ;
#885 = ORIENTED_EDGE ( 'NONE', *, *, #1125, .T. ) ;
#886 = ADVANCED_FACE ( 'NONE', ( #783, #107, #2191 ), #1026, .F. ) ;
#887 = AXIS2_PLACEMENT_3D ( 'NONE', #2632, #1866, #2884 ) ;
#888 = DIRECTION ( 'NONE',  ( -0.000000000000000000, -0.000000000000000000, -1.000000000000000000 ) ) ;
#889 = ORIENTED_EDGE ( 'NONE', *, *, #824, .T. ) ;
#890 = EDGE_CURVE ( 'NONE', #1129, #342, #510, .T. ) ;
#891 =( NAMED_UNIT ( * ) SI_UNIT ( $, .STERADIAN. ) SOLID_ANGLE_UNIT ( ) );
#892 = ORIENTED_EDGE ( 'NONE', *, *, #173, .F. ) ;
#893 = DIRECTION ( 'NONE',  ( -0.000000000000000000, -0.000000000000000000, -1.000000000000000000 ) ) ;
#894 = EDGE_LOOP ( 'NONE', ( #1829, #889, #1490, #2581 ) ) ;
#895 = DIRECTION ( 'NONE',  ( 0.000000000000000000, 0.000000000000000000, 1.000000000000000000 ) ) ;
#896 = EDGE_LOOP ( 'NONE', ( #1907, #67, #2620, #1041 ) ) ;
#897 = DIRECTION ( 'NONE',  ( 1.000000000000000000, 0.000000000000000000, 0.000000000000000000 ) ) ;
#898 = ADVANCED_FACE ( 'NONE', ( #1182, #3106, #2713 ), #770, .T. ) ;
#899 = PLANE ( 'NONE',  #1124 ) ;
#900 = EDGE_CURVE ( 'NONE', #3084, #1826, #1810, .T. ) ;
#901 = LINE ( 'NONE', #2526, #1330 ) ;
#902 = ADVANCED_FACE ( 'NONE', ( #616 ), #1140, .F. ) ;
#903 = LINE ( 'NONE', #1119, #312 ) ;
#904 = CIRCLE ( 'NONE', #1311, 6.000000000000005329 ) ;
#905 = AXIS2_PLACEMENT_3D ( 'NONE', #3023, #2745, #2869 ) ;
#906 = FACE_BOUND ( 'NONE', #299, .T. ) ;
#907 = EDGE_CURVE ( 'NONE', #583, #2105, #2516, .T. ) ;
#908 = ORIENTED_EDGE ( 'NONE', *, *, #2183, .T. ) ;
#909 = DIRECTION ( 'NONE',  ( 0.000000000000000000, 0.000000000000000000, 1.000000000000000000 ) ) ;
#910 = DIRECTION ( 'NONE',  ( 0.000000000000000000, 0.000000000000000000, 1.000000000000000000 ) ) ;
#911 = FACE_OUTER_BOUND ( 'NONE', #3049, .T. ) ;
#912 = ORIENTED_EDGE ( 'NONE', *, *, #227, .T. ) ;
#913 = DIRECTION ( 'NONE',  ( 1.000000000000000000, -1.329538674056075510E-18, 0.000000000000000000 ) ) ;
#914 = ORIENTED_EDGE ( 'NONE', *, *, #2958, .T. ) ;
#915 = DIRECTION ( 'NONE',  ( 1.000000000000000000, 0.000000000000000000, 0.000000000000000000 ) ) ;
#916 = ADVANCED_FACE ( 'NONE', ( #309 ), #701, .F. ) ;
#917 = VERTEX_POINT ( 'NONE', #1758 ) ;
#918 = CARTESIAN_POINT ( 'NONE',  ( 114.9999999999999858, 51.00000000000004263, 0.000000000000000000 ) ) ;
#919 = CARTESIAN_POINT ( 'NONE',  ( 550.0000000000000000, 0.000000000000000000, 18.00000000000000000 ) ) ;
#920 = ORIENTED_EDGE ( 'NONE', *, *, #1756, .T. ) ;
#921 = VERTEX_POINT ( 'NONE', #1729 ) ;
#922 = DIRECTION ( 'NONE',  ( -0.000000000000000000, -0.000000000000000000, -1.000000000000000000 ) ) ;
#923 = ORIENTED_EDGE ( 'NONE', *, *, #426, .T. ) ;
#924 = AXIS2_PLACEMENT_3D ( 'NONE', #2063, #844, #1331 ) ;
#925 = ORIENTED_EDGE ( 'NONE', *, *, #30, .T. ) ;
#926 = EDGE_CURVE ( 'NONE', #2789, #767, #2383, .T. ) ;
#927 = ORIENTED_EDGE ( 'NONE', *, *, #1135, .F. ) ;
#928 = CARTESIAN_POINT ( 'NONE',  ( 58.01941254751481836, 5.421010862427522170E-17, 15.00000000000000000 ) ) ;
#929 = ADVANCED_FACE ( 'NONE', ( #1094 ), #1410, .F. ) ;
#930 = ORIENTED_EDGE ( 'NONE', *, *, #660, .F. ) ;
#931 = CARTESIAN_POINT ( 'NONE',  ( 0.000000000000000000, 0.000000000000000000, 15.00000000000000000 ) ) ;
#932 = EDGE_CURVE ( 'NONE', #599, #382, #2592, .T. ) ;
#933 = LINE ( 'NONE', #2784, #270 ) ;
#934 = VERTEX_POINT ( 'NONE', #2723 ) ;
#935 = CIRCLE ( 'NONE', #2676, 450.0000000000001137 ) ;
#936 = LINE ( 'NONE', #329, #2472 ) ;
#937 = DIRECTION ( 'NONE',  ( -1.000000000000000000, 0.000000000000000000, -0.000000000000000000 ) ) ;
#938 = EDGE_CURVE ( 'NONE', #1049, #1317, #3151, .T. ) ;
#939 = LINE ( 'NONE', #1262, #2715 ) ;
#940 = FACE_OUTER_BOUND ( 'NONE', #2900, .T. ) ;
#941 = DIRECTION ( 'NONE',  ( -0.1156569635167078447, -0.9932892160846682472, 0.000000000000000000 ) ) ;
#942 = VECTOR ( 'NONE', #743, 1000.000000000000000 ) ;
#943 = VERTEX_POINT ( 'NONE', #2501 ) ;
#944 = CARTESIAN_POINT ( 'NONE',  ( 85.46958070007258357, 725.0000000000000000, 9.500000000000000000 ) ) ;
#945 = EDGE_CURVE ( 'NONE', #2408, #2276, #1016, .T. ) ;
#946 = LINE ( 'NONE', #2888, #1818 ) ;
#947 = ADVANCED_FACE ( 'NONE', ( #1686 ), #2940, .F. ) ;
#948 = CARTESIAN_POINT ( 'NONE',  ( 275.0000000000000000, 36.00000000000000000, 275.0000000000000000 ) ) ;
#949 = ORIENTED_EDGE ( 'NONE', *, *, #1068, .F. ) ;
#950 = UNCERTAINTY_MEASURE_WITH_UNIT (LENGTH_MEASURE( 1.000000000000000082E-05 ), #1735, 'distance_accuracy_value', 'NONE');
#951 = VECTOR ( 'NONE', #1305, 1000.000000000000000 ) ;
#952 = ORIENTED_EDGE ( 'NONE', *, *, #938, .F. ) ;
#953 = DIRECTION ( 'NONE',  ( -0.000000000000000000, -0.000000000000000000, -1.000000000000000000 ) ) ;
#954 = DIRECTION ( 'NONE',  ( 0.000000000000000000, 0.000000000000000000, 1.000000000000000000 ) ) ;
#955 = CARTESIAN_POINT ( 'NONE',  ( 0.000000000000000000, 0.000000000000000000, 0.000000000000000000 ) ) ;
#956 = ORIENTED_EDGE ( 'NONE', *, *, #2822, .F. ) ;
#957 = DIRECTION ( 'NONE',  ( -1.000000000000000000, 0.000000000000000000, 0.000000000000000000 ) ) ;
#958 = EDGE_CURVE ( 'NONE', #2574, #548, #223, .T. ) ;
#959 =( NAMED_UNIT ( * ) SI_UNIT ( $, .STERADIAN. ) SOLID_ANGLE_UNIT ( ) );
#960 = ORIENTED_EDGE ( 'NONE', *, *, #2183, .F. ) ;
#961 = DIRECTION ( 'NONE',  ( 1.000000000000000000, 0.000000000000000000, 0.000000000000000000 ) ) ;
#962 = ORIENTED_EDGE ( 'NONE', *, *, #2536, .T. ) ;
#963 = DIRECTION ( 'NONE',  ( -0.000000000000000000, -0.000000000000000000, -1.000000000000000000 ) ) ;
#964 = CARTESIAN_POINT ( 'NONE',  ( 436.7746032555820648, 113.2253967444216585, 18.00000000000000000 ) ) ;
#965 = EDGE_LOOP ( 'NONE', ( #1363, #1481, #1402, #1353 ) ) ;
#966 = AXIS2_PLACEMENT_3D ( 'NONE', #1229, #635, #452 ) ;
#967 = CARTESIAN_POINT ( 'NONE',  ( 432.5000000000000568, 51.00000000000004263, 18.00000000000000000 ) ) ;
#968 = DIRECTION ( 'NONE',  ( 0.000000000000000000, 0.000000000000000000, 1.000000000000000000 ) ) ;
#969 = ORIENTED_EDGE ( 'NONE', *, *, #3152, .T. ) ;
#970 = AXIS2_PLACEMENT_3D ( 'NONE', #141, #1897, #424 ) ;
#971 = DIRECTION ( 'NONE',  ( 1.000000000000000000, 0.000000000000000000, 0.000000000000000000 ) ) ;
#972 = AXIS2_PLACEMENT_3D ( 'NONE', #2635, #1175, #915 ) ;
#973 = DIRECTION ( 'NONE',  ( 0.000000000000000000, 0.000000000000000000, 1.000000000000000000 ) ) ;
#974 = VERTEX_POINT ( 'NONE', #488 ) ;
#975 = CYLINDRICAL_SURFACE ( 'NONE', #2992, 4.000000000000003553 ) ;
#976 = LINE ( 'NONE', #1173, #3080 ) ;
#977 = DIRECTION ( 'NONE',  ( -1.000000000000000000, 0.000000000000000000, 0.000000000000000000 ) ) ;
#978 = DIRECTION ( 'NONE',  ( 1.000000000000000000, 0.000000000000000000, 0.000000000000000000 ) ) ;
#979 = CIRCLE ( 'NONE', #1411, 4.000000000000003553 ) ;
#980 = DIRECTION ( 'NONE',  ( 0.000000000000000000, 1.000000000000000000, 0.000000000000000000 ) ) ;
#981 = CIRCLE ( 'NONE', #972, 4.000000000000031086 ) ;
#982 = DIRECTION ( 'NONE',  ( 1.000000000000000000, 0.000000000000000000, 0.000000000000000000 ) ) ;
#983 = PLANE ( 'NONE',  #2285 ) ;
#984 = VERTEX_POINT ( 'NONE', #725 ) ;
#985 = FACE_BOUND ( 'NONE', #2975, .T. ) ;
#986 = DIRECTION ( 'NONE',  ( -0.000000000000000000, -0.000000000000000000, -1.000000000000000000 ) ) ;
#987 = DIRECTION ( 'NONE',  ( -0.000000000000000000, 1.000000000000000000, -0.000000000000000000 ) ) ;
#988 = CARTESIAN_POINT ( 'NONE',  ( 113.2253967444178784, 113.2253967444216585, 11.99999999999999822 ) ) ;
#989 = CIRCLE ( 'NONE', #1609, 2.500000000000002220 ) ;
#990 = AXIS2_PLACEMENT_3D ( 'NONE', #3243, #2694, #3219 ) ;
#991 = DIRECTION ( 'NONE',  ( 1.000000000000000000, 0.000000000000000000, 0.000000000000000000 ) ) ;
#992 = EDGE_CURVE ( 'NONE', #1138, #2257, #1841, .T. ) ;
#993 = VERTEX_POINT ( 'NONE', #967 ) ;
#994 = CARTESIAN_POINT ( 'NONE',  ( 15.10134184193276852, -2.007781800899082650E-17, 31.00000000000000000 ) ) ;
#995 = EDGE_CURVE ( 'NONE', #1174, #685, #505, .T. ) ;
#996 = CYLINDRICAL_SURFACE ( 'NONE', #1366, 3.999999999999892530 ) ;
#997 = ORIENTED_EDGE ( 'NONE', *, *, #2490, .F. ) ;
#998 = CARTESIAN_POINT ( 'NONE',  ( 114.9999999999999858, 499.0000000000000000, 18.00000000000000000 ) ) ;
#999 = ORIENTED_EDGE ( 'NONE', *, *, #1004, .F. ) ;
#1000 = EDGE_LOOP ( 'NONE', ( #2689, #952 ) ) ;
#1001 = CARTESIAN_POINT ( 'NONE',  ( 117.5000000000000000, 51.00000000000004263, 18.00000000000000000 ) ) ;
#1002 = DIRECTION ( 'NONE',  ( -1.000000000000000000, 0.000000000000000000, 0.000000000000000000 ) ) ;
#1003 = EDGE_LOOP ( 'NONE', ( #833, #29, #2215, #1949 ) ) ;
#1004 = EDGE_CURVE ( 'NONE', #2099, #22, #1220, .T. ) ;
#1005 = DIRECTION ( 'NONE',  ( -0.000000000000000000, -0.000000000000000000, 1.000000000000000000 ) ) ;
#1006 = ORIENTED_EDGE ( 'NONE', *, *, #2846, .T. ) ;
#1007 = CARTESIAN_POINT ( 'NONE',  ( 144.9999999999999147, 690.0000000000000000, 15.49999999999998934 ) ) ;
#1008 = VERTEX_POINT ( 'NONE', #1461 ) ;
#1009 = DIRECTION ( 'NONE',  ( 0.000000000000000000, 0.000000000000000000, 1.000000000000000000 ) ) ;
#1010 = AXIS2_PLACEMENT_3D ( 'NONE', #1590, #2113, #2609 ) ;
#1011 = CARTESIAN_POINT ( 'NONE',  ( 81.87005768508885239, 472.1299423149121708, 0.000000000000000000 ) ) ;
#1012 = EDGE_CURVE ( 'NONE', #767, #1604, #2302, .T. ) ;
#1013 = ORIENTED_EDGE ( 'NONE', *, *, #2912, .T. ) ;
#1014 = CARTESIAN_POINT ( 'NONE',  ( 248.0944918928738048, 730.0000000000000000, 0.000000000000000000 ) ) ;
#1015 = CARTESIAN_POINT ( 'NONE',  ( 144.9999999999999147, 690.0000000000000000, 18.49999999999998579 ) ) ;
#1016 = LINE ( 'NONE', #229, #466 ) ;
#1017 = ORIENTED_EDGE ( 'NONE', *, *, #2938, .T. ) ;
#1018 = AXIS2_PLACEMENT_3D ( 'NONE', #511, #739, #2786 ) ;
#1019 = CARTESIAN_POINT ( 'NONE',  ( 0.000000000000000000, 0.000000000000000000, 0.000000000000000000 ) ) ;
#1020 = CYLINDRICAL_SURFACE ( 'NONE', #1095, 2.500000000000002220 ) ;
#1021 = FACE_OUTER_BOUND ( 'NONE', #1003, .T. ) ;
#1022 = DIRECTION ( 'NONE',  ( -1.000000000000000000, 0.000000000000000000, 0.000000000000000000 ) ) ;
#1023 = PLANE ( 'NONE',  #2369 ) ;
#1024 = CIRCLE ( 'NONE', #845, 2.500000000000002220 ) ;
#1025 = FACE_OUTER_BOUND ( 'NONE', #1626, .T. ) ;
#1026 = PLANE ( 'NONE',  #3122 ) ;
#1027 = EDGE_CURVE ( 'NONE', #974, #1482, #1769, .T. ) ;
#1028 = CIRCLE ( 'NONE', #2446, 3.000000000000058176 ) ;
#1029 = CARTESIAN_POINT ( 'NONE',  ( 0.000000000000000000, 0.000000000000000000, 18.00000000000000000 ) ) ;
#1030 = APPLICATION_PROTOCOL_DEFINITION ( 'draft international standard', 'automotive_design', 1998, #2026 ) ;
#1031 = CARTESIAN_POINT ( 'NONE',  ( 0.000000000000000000, 0.000000000000000000, 31.00000000000000000 ) ) ;
#1032 = CYLINDRICAL_SURFACE ( 'NONE', #822, 3.000000000000058176 ) ;
#1033 = ORIENTED_EDGE ( 'NONE', *, *, #499, .T. ) ;
#1034 = CARTESIAN_POINT ( 'NONE',  ( 63.09449189287384741, 0.000000000000000000, 31.00000000000000000 ) ) ;
#1035 = AXIS2_PLACEMENT_3D ( 'NONE', #2977, #2748, #957 ) ;
#1036 = CYLINDRICAL_SURFACE ( 'NONE', #1148, 6.000000000000172307 ) ;
#1037 = CARTESIAN_POINT ( 'NONE',  ( 81.87005768508885239, 472.1299423149121708, 18.00000000000000000 ) ) ;
#1038 = ORIENTED_EDGE ( 'NONE', *, *, #1290, .T. ) ;
#1039 = AXIS2_PLACEMENT_3D ( 'NONE', #2909, #888, #1942 ) ;
#1040 = DIRECTION ( 'NONE',  ( 1.000000000000000000, 0.000000000000000000, 0.000000000000000000 ) ) ;
#1041 = ORIENTED_EDGE ( 'NONE', *, *, #958, .T. ) ;
#1042 = DIRECTION ( 'NONE',  ( 1.000000000000000000, 0.000000000000000000, 0.000000000000000000 ) ) ;
#1043 = ORIENTED_EDGE ( 'NONE', *, *, #1249, .T. ) ;
#1044 = DIRECTION ( 'NONE',  ( 0.1713727001804919992, 0.9852062716166839484, 0.000000000000000000 ) ) ;
#1045 = ORIENTED_EDGE ( 'NONE', *, *, #1532, .F. ) ;
#1046 = DIRECTION ( 'NONE',  ( -0.000000000000000000, -0.000000000000000000, -1.000000000000000000 ) ) ;
#1047 = ORIENTED_EDGE ( 'NONE', *, *, #489, .F. ) ;
#1048 = CARTESIAN_POINT ( 'NONE',  ( 117.5000000000000000, 499.0000000000000000, 18.00000000000000000 ) ) ;
#1049 = VERTEX_POINT ( 'NONE', #3015 ) ;
#1050 = SHAPE_DEFINITION_REPRESENTATION ( #170, #460 ) ;
#1051 = CARTESIAN_POINT ( 'NONE',  ( 51.00000000000004263, 51.00000000000004263, 0.000000000000000000 ) ) ;
#1052 = CARTESIAN_POINT ( 'NONE',  ( 472.1299423149106929, 472.1299423149121708, 11.99999999999999822 ) ) ;
#1053 = ORIENTED_EDGE ( 'NONE', *, *, #653, .F. ) ;
#1054 = VECTOR ( 'NONE', #262, 1000.000000000000000 ) ;
#1055 = EDGE_CURVE ( 'NONE', #1851, #2252, #347, .T. ) ;
#1056 = CYLINDRICAL_SURFACE ( 'NONE', #3187, 2.500000000000002220 ) ;
#1057 = CARTESIAN_POINT ( 'NONE',  ( 275.0000000000000000, 275.0000000000000000, 0.000000000000000000 ) ) ;
#1058 = LINE ( 'NONE', #1100, #3065 ) ;
#1059 = CARTESIAN_POINT ( 'NONE',  ( 15.10134184193276496, -2.007781800899082034E-17, 0.000000000000000000 ) ) ;
#1060 = CYLINDRICAL_SURFACE ( 'NONE', #2994, 4.000000000000003553 ) ;
#1061 = DIRECTION ( 'NONE',  ( 0.000000000000000000, 0.000000000000000000, 1.000000000000000000 ) ) ;
#1062 = CIRCLE ( 'NONE', #2079, 2.500000000000002220 ) ;
#1063 = LINE ( 'NONE', #2192, #703 ) ;
#1064 = FILL_AREA_STYLE_COLOUR ( '', #441 ) ;
#1065 = CARTESIAN_POINT ( 'NONE',  ( 51.00000000000004263, 115.0000000000000142, 18.00000000000000000 ) ) ;
#1066 = ORIENTED_EDGE ( 'NONE', *, *, #1117, .F. ) ;
#1067 = CIRCLE ( 'NONE', #41, 2.499999999999995115 ) ;
#1068 = EDGE_CURVE ( 'NONE', #337, #854, #69, .T. ) ;
#1069 = DIRECTION ( 'NONE',  ( 0.7071067811865272557, -0.7071067811865678898, 0.000000000000000000 ) ) ;
#1070 = DIRECTION ( 'NONE',  ( -0.7071067811865696662, -0.7071067811865253683, 0.000000000000000000 ) ) ;
#1071 = CYLINDRICAL_SURFACE ( 'NONE', #1797, 6.000000000000047073 ) ;
#1072 = SHAPE_REPRESENTATION_RELATIONSHIP ( 'NONE' , 'NONE' ,  #460, #121 ) ;
#1073 = VERTEX_POINT ( 'NONE', #33 ) ;
#1074 = AXIS2_PLACEMENT_3D ( 'NONE', #2717, #408, #2426 ) ;
#1075 = CARTESIAN_POINT ( 'NONE',  ( 183.9395984443614793, 730.0000000000000000, 21.50000000000000000 ) ) ;
#1076 = EDGE_CURVE ( 'NONE', #1243, #474, #1576, .T. ) ;
#1077 = CIRCLE ( 'NONE', #1553, 4.000000000000017764 ) ;
#1078 = CARTESIAN_POINT ( 'NONE',  ( 499.0000000000000000, 499.0000000000000000, 18.00000000000000000 ) ) ;
#1079 = ORIENTED_EDGE ( 'NONE', *, *, #208, .F. ) ;
#1080 = CARTESIAN_POINT ( 'NONE',  ( 496.5000000000000000, 435.0000000000000568, 18.00000000000000000 ) ) ;
#1081 = ORIENTED_EDGE ( 'NONE', *, *, #1362, .F. ) ;
#1082 = AXIS2_PLACEMENT_3D ( 'NONE', #148, #2896, #2142 ) ;
#1083 = EDGE_LOOP ( 'NONE', ( #3062, #3117 ) ) ;
#1084 = CARTESIAN_POINT ( 'NONE',  ( 0.000000000000000000, 18.00000000000000000, -3.000000000000002665 ) ) ;
#1085 = VERTEX_POINT ( 'NONE', #1272 ) ;
#1086 = DIRECTION ( 'NONE',  ( 0.7071067811865678898, 0.7071067811865272557, -0.000000000000000000 ) ) ;
#1087 = DIRECTION ( 'NONE',  ( 0.000000000000000000, 0.000000000000000000, 1.000000000000000000 ) ) ;
#1088 = VERTEX_POINT ( 'NONE', #242 ) ;
#1089 = ORIENTED_EDGE ( 'NONE', *, *, #2622, .T. ) ;
#1090 = CARTESIAN_POINT ( 'NONE',  ( 476.1299423149106929, 77.87005768508787185, 0.000000000000000000 ) ) ;
#1091 = CARTESIAN_POINT ( 'NONE',  ( 144.9999999999999147, 730.0000000000000000, 18.49999999999998579 ) ) ;
#1092 = VERTEX_POINT ( 'NONE', #2012 ) ;
#1093 = DIRECTION ( 'NONE',  ( 1.000000000000000000, 0.000000000000000000, 0.000000000000000000 ) ) ;
#1095 = AXIS2_PLACEMENT_3D ( 'NONE', #1999, #781, #1270 ) ;
#1094 = FACE_OUTER_BOUND ( 'NONE', #3088, .T. ) ;
#1096 = CARTESIAN_POINT ( 'NONE',  ( 77.87005768508939241, 77.87005768508787185, 0.000000000000000000 ) ) ;
#1097 =( BOUNDED_CURVE ( )  B_SPLINE_CURVE ( 3, ( #1437, #465, #1699, #2463 ),
 .UNSPECIFIED., .F., .T. ) 
 B_SPLINE_CURVE_WITH_KNOTS ( ( 4, 4 ),
 ( 0.000000000000000000, 0.3754236079810403526 ),
 .UNSPECIFIED. ) 
 CURVE ( )  GEOMETRIC_REPRESENTATION_ITEM ( )  RATIONAL_B_SPLINE_CURVE ( ( 1.000000000000000000, 0.9882892067347445186, 0.9882892067347445186, 1.000000000000000000 ) ) 
 REPRESENTATION_ITEM ( '' )  );
#1098 = ORIENTED_EDGE ( 'NONE', *, *, #2141, .F. ) ;
#1099 = CARTESIAN_POINT ( 'NONE',  ( 112.4999999999999858, 499.0000000000000000, 18.00000000000000000 ) ) ;
#1100 = CARTESIAN_POINT ( 'NONE',  ( 0.000000000000000000, 0.000000000000000000, 0.000000000000000000 ) ) ;
#1101 = VECTOR ( 'NONE', #1162, 1000.000000000000000 ) ;
#1102 = AXIS2_PLACEMENT_3D ( 'NONE', #1051, #328, #31 ) ;
#1103 = CIRCLE ( 'NONE', #140, 6.000000000000047073 ) ;
#1104 = EDGE_CURVE ( 'NONE', #399, #2401, #2553, .T. ) ;
#1105 = CIRCLE ( 'NONE', #742, 2.500000000000002220 ) ;
#1106 = CARTESIAN_POINT ( 'NONE',  ( 278.0000000000000568, 275.0000000000000000, 18.00000000000000000 ) ) ;
#1107 = CARTESIAN_POINT ( 'NONE',  ( 520.9203102167838324, 37.56497115745344217, 11.99999999999999822 ) ) ;
#1108 = CYLINDRICAL_SURFACE ( 'NONE', #838, 6.000000000000296652 ) ;
#1109 = LINE ( 'NONE', #708, #2597 ) ;
#1110 = ORIENTED_EDGE ( 'NONE', *, *, #900, .T. ) ;
#1111 = EDGE_CURVE ( 'NONE', #1954, #974, #901, .T. ) ;
#1112 = DIRECTION ( 'NONE',  ( 0.000000000000000000, 0.000000000000000000, 1.000000000000000000 ) ) ;
#1113 = VERTEX_POINT ( 'NONE', #13 ) ;
#1114 = DIRECTION ( 'NONE',  ( -0.000000000000000000, -0.000000000000000000, -1.000000000000000000 ) ) ;
#1115 = CIRCLE ( 'NONE', #2554, 6.000000000000005329 ) ;
#1116 = ORIENTED_EDGE ( 'NONE', *, *, #364, .T. ) ;
#1117 = EDGE_CURVE ( 'NONE', #943, #1851, #933, .T. ) ;
#1118 = CARTESIAN_POINT ( 'NONE',  ( 496.5000000000000000, 115.0000000000000142, 18.00000000000000000 ) ) ;
#1119 = CARTESIAN_POINT ( 'NONE',  ( 112.4999999999999858, 51.00000000000004263, 18.00000000000000000 ) ) ;
#1120 = ORIENTED_EDGE ( 'NONE', *, *, #3216, .F. ) ;
#1121 = DIRECTION ( 'NONE',  ( -0.1156569635167078725, -0.9932892160846682472, 0.000000000000000000 ) ) ;
#1122 = CARTESIAN_POINT ( 'NONE',  ( 499.0000000000000000, 51.00000000000004263, 18.00000000000000000 ) ) ;
#1123 = EDGE_LOOP ( 'NONE', ( #2625, #2776, #1291, #636, #2459 ) ) ;
#1124 = AXIS2_PLACEMENT_3D ( 'NONE', #3162, #640, #1887 ) ;
#1125 = EDGE_CURVE ( 'NONE', #1805, #3202, #1725, .T. ) ;
#1126 = VERTEX_POINT ( 'NONE', #1292 ) ;
#1127 = CARTESIAN_POINT ( 'NONE',  ( 499.0000000000000000, 499.0000000000000000, 0.000000000000000000 ) ) ;
#1128 = DIRECTION ( 'NONE',  ( 0.1156569635167078725, 0.9932892160846684693, 0.000000000000000000 ) ) ;
#1129 = VERTEX_POINT ( 'NONE', #3043 ) ;
#1130 = CARTESIAN_POINT ( 'NONE',  ( 33.32233047033575701, 516.6776695296631488, 11.99999999999999822 ) ) ;
#1131 = EDGE_LOOP ( 'NONE', ( #1240, #550 ) ) ;
#1132 = PLANE ( 'NONE',  #3242 ) ;
#1133 = ADVANCED_FACE ( 'NONE', ( #1883 ), #2044, .T. ) ;
#1134 = CARTESIAN_POINT ( 'NONE',  ( 113.2253967444178642, 436.7746032555858733, 11.99999999999999822 ) ) ;
#1135 = EDGE_CURVE ( 'NONE', #2927, #2895, #2980, .T. ) ;
#1136 = ORIENTED_EDGE ( 'NONE', *, *, #1068, .T. ) ;
#1137 = ADVANCED_FACE ( 'NONE', ( #539 ), #1922, .F. ) ;
#1138 = VERTEX_POINT ( 'NONE', #2032 ) ;
#1139 = CARTESIAN_POINT ( 'NONE',  ( 0.000000000000000000, 0.000000000000000000, 0.000000000000000000 ) ) ;
#1140 = CYLINDRICAL_SURFACE ( 'NONE', #1163, 2.500000000000002220 ) ;
#1141 = CYLINDRICAL_SURFACE ( 'NONE', #2123, 2.499999999999995115 ) ;
#1142 = AXIS2_PLACEMENT_3D ( 'NONE', #2510, #2030, #2524 ) ;
#1143 = VECTOR ( 'NONE', #1497, 1000.000000000000000 ) ;
#1144 = VECTOR ( 'NONE', #963, 1000.000000000000000 ) ;
#1145 = DIRECTION ( 'NONE',  ( 0.000000000000000000, 0.000000000000000000, 1.000000000000000000 ) ) ;
#1146 = CARTESIAN_POINT ( 'NONE',  ( 248.0944918928738048, 725.0000000000000000, 31.00000000000000000 ) ) ;
#1147 = CIRCLE ( 'NONE', #406, 2.499999999999995115 ) ;
#1148 = AXIS2_PLACEMENT_3D ( 'NONE', #2068, #1564, #800 ) ;
#1149 = AXIS2_PLACEMENT_3D ( 'NONE', #1349, #569, #601 ) ;
#1150 = ORIENTED_EDGE ( 'NONE', *, *, #341, .F. ) ;
#1151 = ADVANCED_FACE ( 'NONE', ( #3064 ), #1056, .F. ) ;
#1152 = LINE ( 'NONE', #2177, #3070 ) ;
#1153 = DIRECTION ( 'NONE',  ( 1.000000000000000000, 0.000000000000000000, 0.000000000000000000 ) ) ;
#1154 = VECTOR ( 'NONE', #1286, 1000.000000000000227 ) ;
#1155 = ADVANCED_FACE ( 'NONE', ( #1656 ), #2024, .F. ) ;
#1156 = ORIENTED_EDGE ( 'NONE', *, *, #3077, .F. ) ;
#1157 = CARTESIAN_POINT ( 'NONE',  ( 499.0000000000000000, 115.0000000000000142, 18.00000000000000000 ) ) ;
#1158 = FACE_BOUND ( 'NONE', #1000, .T. ) ;
#1159 =( BOUNDED_CURVE ( )  B_SPLINE_CURVE ( 3, ( #1640, #1383, #1607, #863 ),
 .UNSPECIFIED., .F., .T. ) 
 B_SPLINE_CURVE_WITH_KNOTS ( ( 4, 4 ),
 ( 2.766169045608753763, 3.141592653589793116 ),
 .UNSPECIFIED. ) 
 CURVE ( )  GEOMETRIC_REPRESENTATION_ITEM ( )  RATIONAL_B_SPLINE_CURVE ( ( 1.000000000000000000, 0.9882892067347445186, 0.9882892067347445186, 1.000000000000000000 ) ) 
 REPRESENTATION_ITEM ( '' )  );
#1160 = DIRECTION ( 'NONE',  ( -1.000000000000000000, 0.000000000000000000, 0.000000000000000000 ) ) ;
#1161 = EDGE_LOOP ( 'NONE', ( #3052, #839, #1676, #600 ) ) ;
#1162 = DIRECTION ( 'NONE',  ( -0.000000000000000000, -0.000000000000000000, -1.000000000000000000 ) ) ;
#1163 = AXIS2_PLACEMENT_3D ( 'NONE', #3262, #3250, #443 ) ;
#1164 = VERTEX_POINT ( 'NONE', #1014 ) ;
#1165 = ORIENTED_EDGE ( 'NONE', *, *, #2104, .F. ) ;
#1166 = AXIS2_PLACEMENT_3D ( 'NONE', #2240, #2503, #2768 ) ;
#1167 = VERTEX_POINT ( 'NONE', #3103 ) ;
#1168 = EDGE_CURVE ( 'NONE', #2769, #1190, #1258, .T. ) ;
#1169 = CARTESIAN_POINT ( 'NONE',  ( 87.81832169016642808, 724.9999999999998863, 3.580474560965657638 ) ) ;
#1170 = EDGE_CURVE ( 'NONE', #917, #722, #2903, .T. ) ;
#1171 = VERTEX_POINT ( 'NONE', #2599 ) ;
#1172 = ADVANCED_FACE ( 'NONE', ( #1180 ), #1498, .F. ) ;
#1173 = CARTESIAN_POINT ( 'NONE',  ( 37.56497115745501958, 520.9203102167826955, 18.00000000000000000 ) ) ;
#1174 = VERTEX_POINT ( 'NONE', #1106 ) ;
#1175 = DIRECTION ( 'NONE',  ( 0.000000000000000000, 0.000000000000000000, 1.000000000000000000 ) ) ;
#1176 = VERTEX_POINT ( 'NONE', #552 ) ;
#1177 = CARTESIAN_POINT ( 'NONE',  ( 499.0000000000000000, 499.0000000000000000, 0.000000000000000000 ) ) ;
#1178 = CARTESIAN_POINT ( 'NONE',  ( 441.0172439427019526, 117.4680374315398410, 11.99999999999999822 ) ) ;
#1179 = EDGE_CURVE ( 'NONE', #1604, #1230, #819, .T. ) ;
#1180 = FACE_OUTER_BOUND ( 'NONE', #1161, .T. ) ;
#1181 = VERTEX_POINT ( 'NONE', #3116 ) ;
#1182 = FACE_BOUND ( 'NONE', #479, .T. ) ;
#1183 = CARTESIAN_POINT ( 'NONE',  ( 37.56497115745501958, 520.9203102167826955, 11.99999999999999822 ) ) ;
#1184 = VECTOR ( 'NONE', #2019, 1000.000000000000000 ) ;
#1185 = FACE_OUTER_BOUND ( 'NONE', #687, .T. ) ;
#1186 = STYLED_ITEM ( 'NONE', ( #2127 ), #2073 ) ;
#1187 = EDGE_CURVE ( 'NONE', #3165, #1113, #2744, .T. ) ;
#1188 = CARTESIAN_POINT ( 'NONE',  ( 184.6423443838057210, 730.0000000000000000, 19.74328400189157051 ) ) ;
#1189 = ADVANCED_FACE ( 'NONE', ( #3277 ), #1593, .F. ) ;
#1190 = VERTEX_POINT ( 'NONE', #2826 ) ;
#1191 = CARTESIAN_POINT ( 'NONE',  ( 51.00000000000004263, 115.0000000000000142, 18.00000000000000000 ) ) ;
#1192 = ORIENTED_EDGE ( 'NONE', *, *, #3266, .T. ) ;
#1193 = FACE_OUTER_BOUND ( 'NONE', #1595, .T. ) ;
#1194 = SURFACE_STYLE_FILL_AREA ( #1235 ) ;
#1195 = CARTESIAN_POINT ( 'NONE',  ( 144.9999999999999147, 690.0000000000000000, 15.49999999999998934 ) ) ;
#1196 = DIRECTION ( 'NONE',  ( -0.7071067811865688890, 0.7071067811865261454, -0.000000000000000000 ) ) ;
#1197 = VERTEX_POINT ( 'NONE', #1310 ) ;
#1198 = CIRCLE ( 'NONE', #2043, 2.500000000000057732 ) ;
#1199 = FACE_OUTER_BOUND ( 'NONE', #2375, .T. ) ;
#1200 = CARTESIAN_POINT ( 'NONE',  ( 468.1299423149106929, 472.1299423149121708, 11.99999999999999822 ) ) ;
#1201 = EDGE_CURVE ( 'NONE', #2697, #154, #2153, .T. ) ;
#1202 =( BOUNDED_CURVE ( )  B_SPLINE_CURVE ( 3, ( #668, #446, #2949, #2478 ),
 .UNSPECIFIED., .F., .T. ) 
 B_SPLINE_CURVE_WITH_KNOTS ( ( 4, 4 ),
 ( 1.570796326794896558, 2.766169045608754651 ),
 .UNSPECIFIED. ) 
 CURVE ( )  GEOMETRIC_REPRESENTATION_ITEM ( )  RATIONAL_B_SPLINE_CURVE ( ( 1.000000000000000000, 0.8844265230060994742, 0.8844265230060994742, 1.000000000000000000 ) ) 
 REPRESENTATION_ITEM ( '' )  );
#1203 = ORIENTED_EDGE ( 'NONE', *, *, #1781, .T. ) ;
#1204 = CARTESIAN_POINT ( 'NONE',  ( 501.5000000000000568, 435.0000000000000568, 18.00000000000000000 ) ) ;
#1205 = ADVANCED_FACE ( 'NONE', ( #144 ), #574, .F. ) ;
#1206 = CARTESIAN_POINT ( 'NONE',  ( 114.9999999999999858, 499.0000000000000000, 0.000000000000000000 ) ) ;
#1207 = ORIENTED_EDGE ( 'NONE', *, *, #3077, .T. ) ;
#1208 = AXIS2_PLACEMENT_3D ( 'NONE', #2816, #2341, #1614 ) ;
#1209 = DIRECTION ( 'NONE',  ( 0.000000000000000000, -1.000000000000000000, 0.000000000000000000 ) ) ;
#1210 = ORIENTED_EDGE ( 'NONE', *, *, #2953, .T. ) ;
#1211 = DIRECTION ( 'NONE',  ( -0.7071067811865427988, 3.594642259891341568E-16, 0.7071067811865525687 ) ) ;
#1212 = AXIS2_PLACEMENT_3D ( 'NONE', #964, #2404, #3248 ) ;
#1213 = DIRECTION ( 'NONE',  ( 0.000000000000000000, 0.000000000000000000, -1.000000000000000000 ) ) ;
#1214 = ORIENTED_EDGE ( 'NONE', *, *, #926, .F. ) ;
#1215 = DIRECTION ( 'NONE',  ( 1.000000000000000000, 0.000000000000000000, 0.000000000000000000 ) ) ;
#1216 = CONTEXT_DEPENDENT_SHAPE_REPRESENTATION ( #2035, #2219 ) ;
#1217 = CARTESIAN_POINT ( 'NONE',  ( 113.2253967444178784, 113.2253967444216585, 11.99999999999999822 ) ) ;
#1218 = ORIENTED_EDGE ( 'NONE', *, *, #3227, .F. ) ;
#1219 = DIRECTION ( 'NONE',  ( -0.1156569635167078447, -0.9932892160846682472, 0.000000000000000000 ) ) ;
#1220 = LINE ( 'NONE', #944, #572 ) ;
#1221 = FACE_BOUND ( 'NONE', #533, .T. ) ;
#1222 =( LENGTH_UNIT ( ) NAMED_UNIT ( * ) SI_UNIT ( .MILLI., .METRE. ) );
#1223 = CYLINDRICAL_SURFACE ( 'NONE', #2312, 6.000000000000102141 ) ;
#1224 = VECTOR ( 'NONE', #3094, 1000.000000000000000 ) ;
#1225 = PRODUCT_DEFINITION ( 'UNKNOWN', '', #1723, #1603 ) ;
#1226 = DIRECTION ( 'NONE',  ( 1.000000000000000000, 0.000000000000000000, 0.000000000000000000 ) ) ;
#1227 = CYLINDRICAL_SURFACE ( 'NONE', #1082, 14.99999999999999822 ) ;
#1228 = VECTOR ( 'NONE', #2496, 1000.000000000000000 ) ;
#1229 = CARTESIAN_POINT ( 'NONE',  ( 106.9999999999999005, 690.0000000000000000, 15.49999999999999112 ) ) ;
#1230 = VERTEX_POINT ( 'NONE', #1352 ) ;
#1231 = AXIS2_PLACEMENT_3D ( 'NONE', #2469, #458, #200 ) ;
#1232 = EDGE_CURVE ( 'NONE', #685, #731, #2188, .T. ) ;
#1233 = FACE_BOUND ( 'NONE', #2511, .T. ) ;
#1234 = EDGE_CURVE ( 'NONE', #2372, #1181, #2862, .T. ) ;
#1235 = FILL_AREA_STYLE ('',( #2733 ) ) ;
#1236 = EDGE_LOOP ( 'NONE', ( #1408, #2552, #737, #373, #3133 ) ) ;
#1237 = DIRECTION ( 'NONE',  ( 1.000000000000000000, 0.000000000000000000, 0.000000000000000000 ) ) ;
#1238 = CARTESIAN_POINT ( 'NONE',  ( 168.9050319128785134, 725.0000000000000000, 6.123233995736914194E-16 ) ) ;
#1239 = FACE_BOUND ( 'NONE', #199, .T. ) ;
#1240 = ORIENTED_EDGE ( 'NONE', *, *, #762, .F. ) ;
#1241 = DIRECTION ( 'NONE',  ( 0.1156569635167078725, 0.9932892160846682472, 0.000000000000000000 ) ) ;
#1242 = EDGE_CURVE ( 'NONE', #235, #49, #2787, .T. ) ;
#1243 = VERTEX_POINT ( 'NONE', #1090 ) ;
#1244 = VERTEX_POINT ( 'NONE', #1574 ) ;
#1245 = ORIENTED_EDGE ( 'NONE', *, *, #3193, .T. ) ;
#1246 = DIRECTION ( 'NONE',  ( -1.000000000000000000, 0.000000000000000000, 0.000000000000000000 ) ) ;
#1247 = CARTESIAN_POINT ( 'NONE',  ( 117.4680374315371694, 108.9827560573014864, 11.99999999999999822 ) ) ;
#1248 = ORIENTED_EDGE ( 'NONE', *, *, #1682, .T. ) ;
#1249 = EDGE_CURVE ( 'NONE', #1049, #1492, #718, .T. ) ;
#1250 = CARTESIAN_POINT ( 'NONE',  ( -1.110223024625156540E-13, 18.00000000000000000, 2.220446049250313081E-13 ) ) ;
#1251 = CARTESIAN_POINT ( 'NONE',  ( 183.9395984443614793, 730.0000000000000000, 9.500000000000000000 ) ) ;
#1252 = ORIENTED_EDGE ( 'NONE', *, *, #216, .F. ) ;
#1253 = AXIS2_PLACEMENT_3D ( 'NONE', #110, #1868, #2878 ) ;
#1254 = APPLICATION_PROTOCOL_DEFINITION ( 'draft international standard', 'automotive_design', 1998, #1547 ) ;
#1255 = DIRECTION ( 'NONE',  ( 0.7071067811865678898, 0.7071067811865272557, -0.000000000000000000 ) ) ;
#1256 = ORIENTED_EDGE ( 'NONE', *, *, #1688, .T. ) ;
#1257 = CARTESIAN_POINT ( 'NONE',  ( 437.5000000000000568, 51.00000000000004263, 0.000000000000000000 ) ) ;
#1258 = LINE ( 'NONE', #1839, #2072 ) ;
#1259 = DIRECTION ( 'NONE',  ( 1.000000000000000000, 0.000000000000000000, 0.000000000000000000 ) ) ;
#1260 = LINE ( 'NONE', #1037, #2519 ) ;
#1261 = DIRECTION ( 'NONE',  ( -0.000000000000000000, -0.000000000000000000, -1.000000000000000000 ) ) ;
#1262 = CARTESIAN_POINT ( 'NONE',  ( 29.07968978321613207, 37.56497115745406035, 11.99999999999999822 ) ) ;
#1263 = CYLINDRICAL_SURFACE ( 'NONE', #2149, 4.000000000000003553 ) ;
#1264 = APPLICATION_PROTOCOL_DEFINITION ( 'draft international standard', 'automotive_design', 1998, #283 ) ;
#1265 = VERTEX_POINT ( 'NONE', #565 ) ;
#1266 = VECTOR ( 'NONE', #1295, 1000.000000000000000 ) ;
#1267 = DIRECTION ( 'NONE',  ( 0.000000000000000000, 0.000000000000000000, 1.000000000000000000 ) ) ;
#1268 = MECHANICAL_DESIGN_GEOMETRIC_PRESENTATION_REPRESENTATION (  '', ( #801 ), #1434 ) ;
#1269 = ORIENTED_EDGE ( 'NONE', *, *, #279, .F. ) ;
#1270 = DIRECTION ( 'NONE',  ( -1.000000000000000000, 0.000000000000000000, 0.000000000000000000 ) ) ;
#1271 = AXIS2_PLACEMENT_3D ( 'NONE', #1680, #3181, #1911 ) ;
#1272 = CARTESIAN_POINT ( 'NONE',  ( 522.6776695296641719, 33.32233047033469120, 11.99999999999999822 ) ) ;
#1273 = VERTEX_POINT ( 'NONE', #2848 ) ;
#1274 = VECTOR ( 'NONE', #1599, 1000.000000000000000 ) ;
#1275 = EDGE_CURVE ( 'NONE', #810, #1920, #2537, .T. ) ;
#1276 = DIRECTION ( 'NONE',  ( 1.000000000000000000, 0.000000000000000000, 0.000000000000000000 ) ) ;
#1277 = LINE ( 'NONE', #1118, #2842 ) ;
#1278 = CARTESIAN_POINT ( 'NONE',  ( 522.6776695296641719, 33.32233047033469120, 11.99999999999999822 ) ) ;
#1279 = ORIENTED_EDGE ( 'NONE', *, *, #1179, .F. ) ;
#1280 = ORIENTED_EDGE ( 'NONE', *, *, #153, .F. ) ;
#1281 = DIRECTION ( 'NONE',  ( 0.000000000000000000, 0.000000000000000000, 1.000000000000000000 ) ) ;
#1282 = EDGE_LOOP ( 'NONE', ( #1721, #412 ) ) ;
#1283 = APPLICATION_CONTEXT ( 'automotive_design' ) ;
#1284 = CARTESIAN_POINT ( 'NONE',  ( 77.87005768508937820, 472.1299423149121708, 11.99999999999999822 ) ) ;
#1285 = ORIENTED_EDGE ( 'NONE', *, *, #2751, .F. ) ;
#1286 = DIRECTION ( 'NONE',  ( 0.1156569635167078725, 0.9932892160846682472, 0.000000000000000000 ) ) ;
#1287 = ORIENTED_EDGE ( 'NONE', *, *, #2695, .T. ) ;
#1288 = DIRECTION ( 'NONE',  ( 0.000000000000000000, 0.000000000000000000, 1.000000000000000000 ) ) ;
#1289 = AXIS2_PLACEMENT_3D ( 'NONE', #1691, #973, #961 ) ;
#1290 = EDGE_CURVE ( 'NONE', #2927, #528, #51, .T. ) ;
#1291 = ORIENTED_EDGE ( 'NONE', *, *, #2014, .F. ) ;
#1292 = CARTESIAN_POINT ( 'NONE',  ( 48.50000000000004974, 435.0000000000000568, 18.00000000000000000 ) ) ;
#1293 = ORIENTED_EDGE ( 'NONE', *, *, #401, .F. ) ;
#1294 = PRODUCT_CONTEXT ( 'NONE', #3031, 'mechanical' ) ;
#1295 = DIRECTION ( 'NONE',  ( -0.7071067811865262565, -0.7071067811865687780, 0.000000000000000000 ) ) ;
#1296 = LINE ( 'NONE', #3223, #1456 ) ;
#1297 = FACE_OUTER_BOUND ( 'NONE', #1131, .T. ) ;
#1298 = DIRECTION ( 'NONE',  ( 0.000000000000000000, 1.000000000000000000, 0.000000000000000000 ) ) ;
#1299 = VECTOR ( 'NONE', #2937, 1000.000000000000000 ) ;
#1300 = DIRECTION ( 'NONE',  ( -0.000000000000000000, -0.000000000000000000, -1.000000000000000000 ) ) ;
#1301 = CIRCLE ( 'NONE', #277, 3.999999999999475975 ) ;
#1302 = ORIENTED_EDGE ( 'NONE', *, *, #834, .F. ) ;
#1303 = ORIENTED_EDGE ( 'NONE', *, *, #145, .T. ) ;
#1304 = AXIS2_PLACEMENT_3D ( 'NONE', #3222, #1957, #178 ) ;
#1305 = DIRECTION ( 'NONE',  ( -0.000000000000000000, -0.000000000000000000, -1.000000000000000000 ) ) ;
#1306 = AXIS2_PLACEMENT_3D ( 'NONE', #21, #2760, #517 ) ;
#1307 = CARTESIAN_POINT ( 'NONE',  ( 0.000000000000000000, 0.000000000000000000, 31.00000000000000000 ) ) ;
#1308 = ORIENTED_EDGE ( 'NONE', *, *, #1027, .T. ) ;
#1309 = AXIS2_PLACEMENT_3D ( 'NONE', #2200, #1211, #2963 ) ;
#1310 = CARTESIAN_POINT ( 'NONE',  ( 106.9999999999999005, 730.0000000000000000, 12.49999999999999645 ) ) ;
#1311 = AXIS2_PLACEMENT_3D ( 'NONE', #2429, #968, #207 ) ;
#1312 = CARTESIAN_POINT ( 'NONE',  ( 6.255180600960847492, 1.176131348680805580E-17, 1.614108343103369350E-15 ) ) ;
#1313 = VECTOR ( 'NONE', #106, 1000.000000000000000 ) ;
#1314 = EDGE_LOOP ( 'NONE', ( #1641, #2169, #263, #2097 ) ) ;
#1315 = DIRECTION ( 'NONE',  ( 0.000000000000000000, 0.000000000000000000, 1.000000000000000000 ) ) ;
#1316 = ORIENTED_EDGE ( 'NONE', *, *, #992, .F. ) ;
#1317 = VERTEX_POINT ( 'NONE', #85 ) ;
#1318 = CARTESIAN_POINT ( 'NONE',  ( 468.1299423149106929, 472.1299423149121708, 0.000000000000000000 ) ) ;
#1319 = ORIENTED_EDGE ( 'NONE', *, *, #1170, .F. ) ;
#1320 = DIRECTION ( 'NONE',  ( 1.000000000000000000, 0.000000000000000000, 0.000000000000000000 ) ) ;
#1321 = VERTEX_POINT ( 'NONE', #2356 ) ;
#1322 = CARTESIAN_POINT ( 'NONE',  ( 144.9999999999999147, 690.0000000000000000, 18.49999999999998579 ) ) ;
#1323 = ORIENTED_EDGE ( 'NONE', *, *, #2411, .F. ) ;
#1324 = AXIS2_PLACEMENT_3D ( 'NONE', #1250, #1950, #464 ) ;
#1325 = DIRECTION ( 'NONE',  ( 0.000000000000000000, 0.000000000000000000, 1.000000000000000000 ) ) ;
#1326 = DIRECTION ( 'NONE',  ( 1.000000000000000000, 0.000000000000000000, 0.000000000000000000 ) ) ;
#1327 = ORIENTED_EDGE ( 'NONE', *, *, #1462, .T. ) ;
#1328 = AXIS2_PLACEMENT_3D ( 'NONE', #730, #273, #1489 ) ;
#1329 = EDGE_CURVE ( 'NONE', #733, #1644, #1277, .T. ) ;
#1330 = VECTOR ( 'NONE', #24, 1000.000000000000000 ) ;
#1331 = DIRECTION ( 'NONE',  ( -0.1713727001804919992, -0.9852062716166839484, 0.000000000000000000 ) ) ;
#1332 = CARTESIAN_POINT ( 'NONE',  ( 53.50000000000004263, 115.0000000000000142, 18.00000000000000000 ) ) ;
#1333 = LINE ( 'NONE', #1905, #1371 ) ;
#1334 = CARTESIAN_POINT ( 'NONE',  ( 436.7746032555820648, 436.7746032555858733, 18.00000000000000000 ) ) ;
#1335 = LINE ( 'NONE', #2180, #1417 ) ;
#1336 = DIRECTION ( 'NONE',  ( -0.1156569635167078447, -0.9932892160846682472, 0.000000000000000000 ) ) ;
#1337 =( BOUNDED_CURVE ( )  B_SPLINE_CURVE ( 3, ( #3068, #3061, #1312, #2033 ),
 .UNSPECIFIED., .F., .T. ) 
 B_SPLINE_CURVE_WITH_KNOTS ( ( 4, 4 ),
 ( 3.141592653589793116, 4.712388980384689674 ),
 .UNSPECIFIED. ) 
 CURVE ( )  GEOMETRIC_REPRESENTATION_ITEM ( )  RATIONAL_B_SPLINE_CURVE ( ( 1.000000000000000000, 0.8047378541243649375, 0.8047378541243649375, 1.000000000000000000 ) ) 
 REPRESENTATION_ITEM ( '' )  );
#1338 = CIRCLE ( 'NONE', #2045, 3.999999999999475975 ) ;
#1339 = FACE_BOUND ( 'NONE', #1282, .T. ) ;
#1340 = CARTESIAN_POINT ( 'NONE',  ( 63.09449189287384741, 0.000000000000000000, 0.000000000000000000 ) ) ;
#1341 = EDGE_LOOP ( 'NONE', ( #344, #203, #1319, #3008, #2425 ) ) ;
#1342 = CIRCLE ( 'NONE', #603, 6.000000000000047073 ) ;
#1343 = EDGE_CURVE ( 'NONE', #1703, #1492, #675, .T. ) ;
#1344 = CARTESIAN_POINT ( 'NONE',  ( -1.110223024625156540E-13, 0.000000000000000000, 2.220446049250313081E-13 ) ) ;
#1345 = EDGE_LOOP ( 'NONE', ( #306, #7, #3102, #1750 ) ) ;
#1346 = DIRECTION ( 'NONE',  ( 0.000000000000000000, 1.000000000000000000, 0.000000000000000000 ) ) ;
#1347 = CIRCLE ( 'NONE', #1421, 3.999999999999892530 ) ;
#1348 = VERTEX_POINT ( 'NONE', #881 ) ;
#1349 = CARTESIAN_POINT ( 'NONE',  ( 435.0000000000000568, 51.00000000000004263, 18.00000000000000000 ) ) ;
#1350 = MECHANICAL_DESIGN_GEOMETRIC_PRESENTATION_REPRESENTATION (  '', ( #1186 ), #2348 ) ;
#1351 = EDGE_CURVE ( 'NONE', #1197, #2488, #3124, .T. ) ;
#1352 = CARTESIAN_POINT ( 'NONE',  ( 502.9999999999998863, 51.00000000000004263, 0.000000000000000000 ) ) ;
#1353 = ORIENTED_EDGE ( 'NONE', *, *, #2740, .F. ) ;
#1354 = AXIS2_PLACEMENT_3D ( 'NONE', #856, #1128, #2872 ) ;
#1355 = DIRECTION ( 'NONE',  ( 0.7071067811865675568, -0.7071067811865274777, 0.000000000000000000 ) ) ;
#1356 = ORIENTED_EDGE ( 'NONE', *, *, #2124, .F. ) ;
#1357 = CARTESIAN_POINT ( 'NONE',  ( 550.0000000000000000, 0.000000000000000000, 18.00000000000000000 ) ) ;
#1358 = ORIENTED_EDGE ( 'NONE', *, *, #2785, .F. ) ;
#1359 = DIRECTION ( 'NONE',  ( -0.000000000000000000, -0.000000000000000000, -1.000000000000000000 ) ) ;
#1360 = ORIENTED_EDGE ( 'NONE', *, *, #393, .F. ) ;
#1361 = CARTESIAN_POINT ( 'NONE',  ( 73.87005768508990400, 472.1299423149121708, 11.99999999999999822 ) ) ;
#1362 = EDGE_CURVE ( 'NONE', #3033, #92, #1980, .T. ) ;
#1363 = ORIENTED_EDGE ( 'NONE', *, *, #160, .T. ) ;
#1364 = DIRECTION ( 'NONE',  ( -0.000000000000000000, -0.000000000000000000, -1.000000000000000000 ) ) ;
#1365 = ORIENTED_EDGE ( 'NONE', *, *, #1004, .T. ) ;
#1366 = AXIS2_PLACEMENT_3D ( 'NONE', #397, #1882, #2915 ) ;
#1367 = CARTESIAN_POINT ( 'NONE',  ( 14.89933824127002637, -1.734854452750618004, 16.00000000000000000 ) ) ;
#1368 = EDGE_LOOP ( 'NONE', ( #2818, #375, #2618, #3058 ) ) ;
#1369 = CARTESIAN_POINT ( 'NONE',  ( 499.0000000000000000, 115.0000000000000142, 0.000000000000000000 ) ) ;
#1370 = CARTESIAN_POINT ( 'NONE',  ( 550.0000000000000000, 550.0000000000000000, 18.00000000000000000 ) ) ;
#1371 = VECTOR ( 'NONE', #1483, 1000.000000000000000 ) ;
#1372 = AXIS2_PLACEMENT_3D ( 'NONE', #2465, #3217, #2216 ) ;
#1373 = AXIS2_PLACEMENT_3D ( 'NONE', #955, #1473, #2960 ) ;
#1374 = LINE ( 'NONE', #1015, #1143 ) ;
#1375 = CARTESIAN_POINT ( 'NONE',  ( 184.9999999999999432, 730.0000000000000000, 15.00000000000000000 ) ) ;
#1376 = LINE ( 'NONE', #52, #702 ) ;
#1377 = ADVANCED_FACE ( 'NONE', ( #1749 ), #1865, .F. ) ;
#1378 = CIRCLE ( 'NONE', #513, 2.999999999999995559 ) ;
#1379 = LINE ( 'NONE', #1031, #829 ) ;
#1380 = CARTESIAN_POINT ( 'NONE',  ( 472.1299423149106929, 472.1299423149121708, 11.99999999999999822 ) ) ;
#1381 = ADVANCED_FACE ( 'NONE', ( #1199 ), #996, .F. ) ;
#1382 = ORIENTED_EDGE ( 'NONE', *, *, #2773, .T. ) ;
#1383 = CARTESIAN_POINT ( 'NONE',  ( 85.35474517436360031, 730.0000000000000000, 11.25671599810842061 ) ) ;
#1384 = DIRECTION ( 'NONE',  ( -0.000000000000000000, -0.000000000000000000, 1.000000000000000000 ) ) ;
#1385 = FACE_BOUND ( 'NONE', #2566, .T. ) ;
#1386 = ORIENTED_EDGE ( 'NONE', *, *, #1857, .T. ) ;
#1387 = COLOUR_RGB ( '',1.000000000000000000, 1.000000000000000000, 1.000000000000000000 ) ;
#1388 = CARTESIAN_POINT ( 'NONE',  ( 516.6776695296641719, 516.6776695296631488, 11.99999999999999822 ) ) ;
#1389 = PLANE ( 'NONE',  #674 ) ;
#1390 = VERTEX_POINT ( 'NONE', #113 ) ;
#1391 = DIRECTION ( 'NONE',  ( 1.000000000000000000, 0.000000000000000000, 0.000000000000000000 ) ) ;
#1392 = ORIENTED_EDGE ( 'NONE', *, *, #545, .T. ) ;
#1393 = AXIS2_PLACEMENT_3D ( 'NONE', #1974, #684, #2456 ) ;
#1394 = DIRECTION ( 'NONE',  ( 0.000000000000000000, 0.000000000000000000, 1.000000000000000000 ) ) ;
#1395 = ADVANCED_FACE ( 'NONE', ( #2922 ), #3253, .F. ) ;
#1396 = EDGE_CURVE ( 'NONE', #626, #382, #2248, .T. ) ;
#1397 = DIRECTION ( 'NONE',  ( 0.000000000000000000, -0.000000000000000000, 1.000000000000000000 ) ) ;
#1398 = EDGE_LOOP ( 'NONE', ( #871, #1569, #2366, #920, #308 ) ) ;
#1399 = ORIENTED_EDGE ( 'NONE', *, *, #3076, .F. ) ;
#1400 = ADVANCED_FACE ( 'NONE', ( #1594 ), #2691, .F. ) ;
#1401 = DIRECTION ( 'NONE',  ( 1.000000000000000000, 0.000000000000000000, 0.000000000000000000 ) ) ;
#1402 = ORIENTED_EDGE ( 'NONE', *, *, #2988, .F. ) ;
#1403 = ORIENTED_EDGE ( 'NONE', *, *, #95, .T. ) ;
#1404 = DIRECTION ( 'NONE',  ( 0.000000000000000000, 0.000000000000000000, 1.000000000000000000 ) ) ;
#1405 = DIRECTION ( 'NONE',  ( 1.000000000000000000, 0.000000000000000000, -0.000000000000000000 ) ) ;
#1406 = DIRECTION ( 'NONE',  ( -1.000000000000000000, 0.000000000000000000, 0.000000000000000000 ) ) ;
#1407 = EDGE_CURVE ( 'NONE', #2401, #3085, #87, .T. ) ;
#1408 = ORIENTED_EDGE ( 'NONE', *, *, #3019, .T. ) ;
#1409 = ORIENTED_EDGE ( 'NONE', *, *, #2702, .F. ) ;
#1410 = CYLINDRICAL_SURFACE ( 'NONE', #1035, 2.500000000000002220 ) ;
#1411 = AXIS2_PLACEMENT_3D ( 'NONE', #1052, #1790, #2294 ) ;
#1412 = EDGE_CURVE ( 'NONE', #1638, #3215, #637, .T. ) ;
#1413 = CARTESIAN_POINT ( 'NONE',  ( 183.0698683933170798, 725.0000000000000000, 21.50000000000000000 ) ) ;
#1414 = ADVANCED_FACE ( 'NONE', ( #3168 ), #2406, .F. ) ;
#1415 = VECTOR ( 'NONE', #3012, 1000.000000000000000 ) ;
#1416 = LINE ( 'NONE', #1247, #73 ) ;
#1417 = VECTOR ( 'NONE', #176, 1000.000000000000000 ) ;
#1418 = DIRECTION ( 'NONE',  ( 1.000000000000000000, 0.000000000000000000, 0.000000000000000000 ) ) ;
#1419 = DIRECTION ( 'NONE',  ( -0.000000000000000000, 1.000000000000000000, -0.000000000000000000 ) ) ;
#1420 = CIRCLE ( 'NONE', #807, 3.999999999999976019 ) ;
#1421 = AXIS2_PLACEMENT_3D ( 'NONE', #1177, #1690, #897 ) ;
#1422 = DIRECTION ( 'NONE',  ( -0.000000000000000000, -0.000000000000000000, 1.000000000000000000 ) ) ;
#1423 = EDGE_LOOP ( 'NONE', ( #1017, #2331 ) ) ;
#1424 = VECTOR ( 'NONE', #2518, 1000.000000000000114 ) ;
#1425 = EDGE_LOOP ( 'NONE', ( #2833, #349, #1252, #1403 ) ) ;
#1426 =( LENGTH_UNIT ( ) NAMED_UNIT ( * ) SI_UNIT ( .MILLI., .METRE. ) );
#1427 = CARTESIAN_POINT ( 'NONE',  ( 15.10134184193276852, -2.007781800899082650E-17, 31.00000000000000000 ) ) ;
#1428 = VECTOR ( 'NONE', #1588, 1000.000000000000000 ) ;
#1429 = CARTESIAN_POINT ( 'NONE',  ( 37.56497115745501958, 520.9203102167826955, 18.00000000000000000 ) ) ;
#1430 = ADVANCED_FACE ( 'NONE', ( #1239, #1158, #485 ), #3129, .T. ) ;
#1431 = CARTESIAN_POINT ( 'NONE',  ( 435.0000000000000568, 499.0000000000000000, 18.00000000000000000 ) ) ;
#1432 = ORIENTED_EDGE ( 'NONE', *, *, #3040, .F. ) ;
#1433 = PRODUCT_DEFINITION_FORMATION_WITH_SPECIFIED_SOURCE ( 'ANY', '', #1757, .NOT_KNOWN. ) ;
#1434 =( GEOMETRIC_REPRESENTATION_CONTEXT ( 3 ) GLOBAL_UNCERTAINTY_ASSIGNED_CONTEXT ( ( #3090 ) ) GLOBAL_UNIT_ASSIGNED_CONTEXT ( ( #643, #2720, #711 ) ) REPRESENTATION_CONTEXT ( 'NONE', 'WORKASPACE' ) );
#1435 = ORIENTED_EDGE ( 'NONE', *, *, #545, .F. ) ;
#1436 = EDGE_LOOP ( 'NONE', ( #2258, #2007, #997, #1794 ) ) ;
#1437 = CARTESIAN_POINT ( 'NONE',  ( 84.99999999999992895, 730.0000000000000000, 16.00000000000000000 ) ) ;
#1438 = AXIS2_PLACEMENT_3D ( 'NONE', #2143, #909, #1405 ) ;
#1439 = PLANE ( 'NONE',  #1438 ) ;
#1440 = ORIENTED_EDGE ( 'NONE', *, *, #824, .F. ) ;
#1441 = EDGE_CURVE ( 'NONE', #2895, #1321, #1077, .T. ) ;
#1442 = CARTESIAN_POINT ( 'NONE',  ( 271.9999999999999432, 275.0000000000000000, 18.00000000000000000 ) ) ;
#1443 =( BOUNDED_CURVE ( )  B_SPLINE_CURVE ( 3, ( #3246, #1694, #2716, #928 ),
 .UNSPECIFIED., .F., .F. ) 
 B_SPLINE_CURVE_WITH_KNOTS ( ( 4, 4 ),
 ( 4.712388980384689674, 6.283185307179586232 ),
 .UNSPECIFIED. ) 
 CURVE ( )  GEOMETRIC_REPRESENTATION_ITEM ( )  RATIONAL_B_SPLINE_CURVE ( ( 1.000000000000000000, 0.8047378541243649375, 0.8047378541243649375, 1.000000000000000000 ) ) 
 REPRESENTATION_ITEM ( '' )  );
#1444 = VERTEX_POINT ( 'NONE', #146 ) ;
#1445 = CARTESIAN_POINT ( 'NONE',  ( 495.0000000000001137, 51.00000000000004263, 0.000000000000000000 ) ) ;
#1446 = PRODUCT_DEFINITION_SHAPE ( 'NONE', 'NONE',  #3285 ) ;
#1447 = EDGE_CURVE ( 'NONE', #2284, #2099, #835, .T. ) ;
#1448 = ORIENTED_EDGE ( 'NONE', *, *, #2588, .F. ) ;
#1449 = SHAPE_REPRESENTATION ( 'A429090-BASESXXXPA', ( #1372 ), #1819 ) ;
#1450 = CARTESIAN_POINT ( 'NONE',  ( 495.0000000000001137, 499.0000000000000000, 18.00000000000000000 ) ) ;
#1451 = ADVANCED_FACE ( 'NONE', ( #3000 ), #2037, .F. ) ;
#1452 = ORIENTED_EDGE ( 'NONE', *, *, #2938, .F. ) ;
#1453 = FILL_AREA_STYLE_COLOUR ( '', #286 ) ;
#1454 = CARTESIAN_POINT ( 'NONE',  ( 248.0944918928738048, 730.0000000000000000, 9.500000000000000000 ) ) ;
#1455 = ORIENTED_EDGE ( 'NONE', *, *, #1943, .F. ) ;
#1456 = VECTOR ( 'NONE', #475, 1000.000000000000000 ) ;
#1457 = DIRECTION ( 'NONE',  ( -0.000000000000000000, -0.000000000000000000, 1.000000000000000000 ) ) ;
#1458 = DIRECTION ( 'NONE',  ( 0.000000000000000000, -1.000000000000000000, 0.000000000000000000 ) ) ;
#1459 = DIRECTION ( 'NONE',  ( 0.000000000000000000, -1.000000000000000000, 0.000000000000000000 ) ) ;
#1460 = LINE ( 'NONE', #2645, #3109 ) ;
#1461 = CARTESIAN_POINT ( 'NONE',  ( 432.5319625684627454, 441.0172439427054201, 11.99999999999999822 ) ) ;
#1462 = EDGE_CURVE ( 'NONE', #3139, #482, #109, .T. ) ;
#1463 = CARTESIAN_POINT ( 'NONE',  ( 184.9999999999999432, 730.0000000000000000, 16.00000000000000000 ) ) ;
#1464 = FACE_OUTER_BOUND ( 'NONE', #896, .T. ) ;
#1465 = DIRECTION ( 'NONE',  ( 0.7071067811865403563, 4.025281146911808244E-16, -0.7071067811865550112 ) ) ;
#1466 = CARTESIAN_POINT ( 'NONE',  ( 33.32233047033575701, 33.32233047033468409, 18.00000000000000000 ) ) ;
#1467 = CIRCLE ( 'NONE', #377, 6.000000000000296652 ) ;
#1468 = CIRCLE ( 'NONE', #3233, 6.000000000000102141 ) ;
#1469 = CYLINDRICAL_SURFACE ( 'NONE', #1592, 450.0000000000001137 ) ;
#1470 = CARTESIAN_POINT ( 'NONE',  ( 55.00000000000007816, 51.00000000000004263, 18.00000000000000000 ) ) ;
#1471 = CARTESIAN_POINT ( 'NONE',  ( 0.000000000000000000, 550.0000000000000000, 18.00000000000000000 ) ) ;
#1472 = ORIENTED_EDGE ( 'NONE', *, *, #2970, .T. ) ;
#1473 = DIRECTION ( 'NONE',  ( 0.000000000000000000, 0.000000000000000000, -1.000000000000000000 ) ) ;
#1474 = LINE ( 'NONE', #1877, #2571 ) ;
#1475 = LINE ( 'NONE', #361, #2534 ) ;
#1476 = CARTESIAN_POINT ( 'NONE',  ( 51.00000000000004263, 51.00000000000004263, 18.00000000000000000 ) ) ;
#1477 = CARTESIAN_POINT ( 'NONE',  ( 84.99999999999992895, 730.0000000000000000, 16.00000000000000000 ) ) ;
#1478 = EDGE_CURVE ( 'NONE', #2701, #335, #656, .T. ) ;
#1479 = CARTESIAN_POINT ( 'NONE',  ( 0.000000000000000000, 0.000000000000000000, 0.000000000000000000 ) ) ;
#1480 = CARTESIAN_POINT ( 'NONE',  ( 58.01941254751481836, -2.024254279067401983E-17, 24.78679656440356638 ) ) ;
#1481 = ORIENTED_EDGE ( 'NONE', *, *, #2808, .T. ) ;
#1482 = VERTEX_POINT ( 'NONE', #2437 ) ;
#1483 = DIRECTION ( 'NONE',  ( 0.1713727001804919992, 0.9852062716166839484, -0.000000000000000000 ) ) ;
#1484 = AXIS2_PLACEMENT_3D ( 'NONE', #2223, #1958, #2987 ) ;
#1485 = ORIENTED_EDGE ( 'NONE', *, *, #2134, .F. ) ;
#1486 = MECHANICAL_DESIGN_GEOMETRIC_PRESENTATION_REPRESENTATION (  '', ( #1779 ), #2783 ) ;
#1487 = DIRECTION ( 'NONE',  ( 0.7071067811865379138, 3.594642259891341568E-16, -0.7071067811865574537 ) ) ;
#1488 = AXIS2_PLACEMENT_3D ( 'NONE', #2669, #1391, #120 ) ;
#1489 = DIRECTION ( 'NONE',  ( -1.000000000000000000, 0.000000000000000000, 0.000000000000000000 ) ) ;
#1490 = ORIENTED_EDGE ( 'NONE', *, *, #145, .F. ) ;
#1491 = CARTESIAN_POINT ( 'NONE',  ( 499.0000000000000000, 435.0000000000000568, 0.000000000000000000 ) ) ;
#1492 = VERTEX_POINT ( 'NONE', #2415 ) ;
#1493 = CARTESIAN_POINT ( 'NONE',  ( 496.5000000000000000, 115.0000000000000142, 0.000000000000000000 ) ) ;
#1494 = CARTESIAN_POINT ( 'NONE',  ( 496.5000000000000000, 115.0000000000000142, 18.00000000000000000 ) ) ;
#1495 = CIRCLE ( 'NONE', #81, 450.0000000000001137 ) ;
#1496 = CARTESIAN_POINT ( 'NONE',  ( 112.4999999999999858, 499.0000000000000000, 18.00000000000000000 ) ) ;
#1497 = DIRECTION ( 'NONE',  ( -0.000000000000000000, 1.000000000000000000, -0.000000000000000000 ) ) ;
#1498 = CYLINDRICAL_SURFACE ( 'NONE', #420, 3.000000000000002665 ) ;
#1499 = FACE_OUTER_BOUND ( 'NONE', #515, .T. ) ;
#1500 =( LENGTH_UNIT ( ) NAMED_UNIT ( * ) SI_UNIT ( .MILLI., .METRE. ) );
#1501 = PLANE ( 'NONE',  #1166 ) ;
#1502 = CIRCLE ( 'NONE', #1142, 4.000000000000017764 ) ;
#1503 = FACE_OUTER_BOUND ( 'NONE', #1701, .T. ) ;
#1504 = PRODUCT_DEFINITION_CONTEXT ( 'detailed design', #2026, 'design' ) ;
#1505 = AXIS2_PLACEMENT_3D ( 'NONE', #44, #2, #1766 ) ;
#1506 = CARTESIAN_POINT ( 'NONE',  ( 512.4350288425447388, 29.07968978321555298, 11.99999999999999822 ) ) ;
#1507 = LINE ( 'NONE', #2692, #825 ) ;
#1508 = SURFACE_STYLE_FILL_AREA ( #2445 ) ;
#1509 = CARTESIAN_POINT ( 'NONE',  ( -1.110223024625156540E-13, 0.000000000000000000, 2.220446049250313081E-13 ) ) ;
#1510 = EDGE_LOOP ( 'NONE', ( #1165, #457, #1047, #1754, #1904, #999 ) ) ;
#1511 = SHAPE_REPRESENTATION ( 'Pata 720 - 30mm', ( #1372 ), #2207 ) ;
#1512 = DIRECTION ( 'NONE',  ( 0.000000000000000000, 0.000000000000000000, 1.000000000000000000 ) ) ;
#1513 = EDGE_CURVE ( 'NONE', #2293, #1, #976, .T. ) ;
#1514 = CARTESIAN_POINT ( 'NONE',  ( 520.9203102167834913, 512.4350288425437157, 18.00000000000000000 ) ) ;
#1515 = VECTOR ( 'NONE', #798, 1000.000000000000000 ) ;
#1516 = EDGE_LOOP ( 'NONE', ( #2336, #2412, #2728, #2108 ) ) ;
#1517 = CARTESIAN_POINT ( 'NONE',  ( 37.56497115745501958, 520.9203102167826955, 11.99999999999999822 ) ) ;
#1518 = LINE ( 'NONE', #3192, #2321 ) ;
#1519 = PLANE ( 'NONE',  #319 ) ;
#1520 = ORIENTED_EDGE ( 'NONE', *, *, #1746, .F. ) ;
#1521 = DIRECTION ( 'NONE',  ( 0.000000000000000000, 0.000000000000000000, 1.000000000000000000 ) ) ;
#1522 = CARTESIAN_POINT ( 'NONE',  ( 472.1299423149106929, 472.1299423149121708, 18.00000000000000000 ) ) ;
#1523 = EDGE_CURVE ( 'NONE', #2722, #719, #1063, .T. ) ;
#1524 = APPLICATION_CONTEXT ( 'automotive_design' ) ;
#1525 = ORIENTED_EDGE ( 'NONE', *, *, #768, .T. ) ;
#1526 = CARTESIAN_POINT ( 'NONE',  ( 106.9999999999999005, 690.0000000000000000, 12.49999999999999645 ) ) ;
#1527 = ORIENTED_EDGE ( 'NONE', *, *, #907, .F. ) ;
#1528 = ORIENTED_EDGE ( 'NONE', *, *, #1799, .F. ) ;
#1529 = DIRECTION ( 'NONE',  ( -0.000000000000000000, -0.000000000000000000, 1.000000000000000000 ) ) ;
#1530 = DIRECTION ( 'NONE',  ( 1.000000000000000000, 0.000000000000000000, 0.000000000000000000 ) ) ;
#1531 = ORIENTED_EDGE ( 'NONE', *, *, #2411, .T. ) ;
#1532 = EDGE_CURVE ( 'NONE', #1826, #2418, #2171, .T. ) ;
#1533 = CARTESIAN_POINT ( 'NONE',  ( 51.00000000000004263, 115.0000000000000142, 0.000000000000000000 ) ) ;
#1534 = DIRECTION ( 'NONE',  ( 0.000000000000000000, 0.000000000000000000, 1.000000000000000000 ) ) ;
#1535 = ORIENTED_EDGE ( 'NONE', *, *, #489, .T. ) ;
#1536 =( REPRESENTATION_RELATIONSHIP ('NONE','NONE', #2646, #1511 ) REPRESENTATION_RELATIONSHIP_WITH_TRANSFORMATION ( #850 )SHAPE_REPRESENTATION_RELATIONSHIP( ) );
#1537 = AXIS2_PLACEMENT_3D ( 'NONE', #785, #46, #2054 ) ;
#1538 = DIRECTION ( 'NONE',  ( 1.000000000000000000, 0.000000000000000000, 0.000000000000000000 ) ) ;
#1539 = VERTEX_POINT ( 'NONE', #1696 ) ;
#1540 = CARTESIAN_POINT ( 'NONE',  ( 275.0000000000000000, 275.0000000000000000, 18.00000000000000000 ) ) ;
#1541 = CARTESIAN_POINT ( 'NONE',  ( -1.110223024625156540E-13, 0.000000000000000000, 2.220446049250313081E-13 ) ) ;
#1542 = EDGE_LOOP ( 'NONE', ( #2920, #2483, #1792, #2759, #3179 ) ) ;
#1543 = CARTESIAN_POINT ( 'NONE',  ( 73.87005768508942083, 77.87005768508787185, 0.000000000000000000 ) ) ;
#1544 = CIRCLE ( 'NONE', #20, 6.000000000000394351 ) ;
#1545 = PLANE ( 'NONE',  #2828 ) ;
#1546 = CONTEXT_DEPENDENT_SHAPE_REPRESENTATION ( #1536, #809 ) ;
#1547 = APPLICATION_CONTEXT ( 'automotive_design' ) ;
#1548 = LINE ( 'NONE', #2687, #2313 ) ;
#1549 = LINE ( 'NONE', #1084, #1224 ) ;
#1550 = VERTEX_POINT ( 'NONE', #2923 ) ;
#1551 = FACE_BOUND ( 'NONE', #3263, .T. ) ;
#1552 = SURFACE_STYLE_USAGE ( .BOTH. , #50 ) ;
#1553 = AXIS2_PLACEMENT_3D ( 'NONE', #2699, #2710, #2159 ) ;
#1554 = EDGE_LOOP ( 'NONE', ( #3224, #32, #2067, #1472 ) ) ;
#1555 = DIRECTION ( 'NONE',  ( 0.000000000000000000, 0.000000000000000000, 1.000000000000000000 ) ) ;
#1556 = FACE_BOUND ( 'NONE', #774, .T. ) ;
#1557 = CYLINDRICAL_SURFACE ( 'NONE', #564, 2.500000000000002220 ) ;
#1558 = MECHANICAL_DESIGN_GEOMETRIC_PRESENTATION_REPRESENTATION (  '', ( #2147 ), #231 ) ;
#1559 = DIRECTION ( 'NONE',  ( -1.000000000000000000, 0.000000000000000000, 0.000000000000000000 ) ) ;
#1560 = ORIENTED_EDGE ( 'NONE', *, *, #3210, .F. ) ;
#1561 = DIRECTION ( 'NONE',  ( 0.000000000000000000, 0.000000000000000000, 1.000000000000000000 ) ) ;
#1562 =( REPRESENTATION_RELATIONSHIP ('NONE','NONE', #2646, #1511 ) REPRESENTATION_RELATIONSHIP_WITH_TRANSFORMATION ( #2474 )SHAPE_REPRESENTATION_RELATIONSHIP( ) );
#1563 = CARTESIAN_POINT ( 'NONE',  ( 85.46958070007251251, 725.0000000000000000, 21.50000000000000000 ) ) ;
#1564 = DIRECTION ( 'NONE',  ( -0.000000000000000000, -0.000000000000000000, 1.000000000000000000 ) ) ;
#1565 = CARTESIAN_POINT ( 'NONE',  ( 99.51915006111076423, 725.0000000000000000, 31.00000000000000000 ) ) ;
#1566 = ORIENTED_EDGE ( 'NONE', *, *, #1635, .F. ) ;
#1567 = CARTESIAN_POINT ( 'NONE',  ( 472.1299423149106929, 472.1299423149121708, 0.000000000000000000 ) ) ;
#1568 = EDGE_LOOP ( 'NONE', ( #1697, #76, #654, #1245 ) ) ;
#1569 = ORIENTED_EDGE ( 'NONE', *, *, #823, .T. ) ;
#1570 = DIRECTION ( 'NONE',  ( 0.000000000000000000, 0.000000000000000000, 1.000000000000000000 ) ) ;
#1571 = AXIS2_PLACEMENT_3D ( 'NONE', #2367, #3120, #1121 ) ;
#1572 = EDGE_CURVE ( 'NONE', #3202, #1805, #2672, .T. ) ;
#1573 = EDGE_LOOP ( 'NONE', ( #885, #766 ) ) ;
#1574 = CARTESIAN_POINT ( 'NONE',  ( 37.56497115745527537, 29.07968978321507336, 18.00000000000000000 ) ) ;
#1575 = ORIENTED_EDGE ( 'NONE', *, *, #1809, .F. ) ;
#1576 = CIRCLE ( 'NONE', #1997, 4.000000000000003553 ) ;
#1577 =( LENGTH_UNIT ( ) NAMED_UNIT ( * ) SI_UNIT ( .MILLI., .METRE. ) );
#1578 = LINE ( 'NONE', #473, #230 ) ;
#1579 = EDGE_CURVE ( 'NONE', #3001, #2574, #1548, .T. ) ;
#1580 = VECTOR ( 'NONE', #2712, 1000.000000000000114 ) ;
#1581 = DIRECTION ( 'NONE',  ( -0.7071067811865262565, -0.7071067811865687780, 0.000000000000000000 ) ) ;
#1582 = CARTESIAN_POINT ( 'NONE',  ( 512.4350288425449662, 520.9203102167825818, 11.99999999999999822 ) ) ;
#1583 = FACE_OUTER_BOUND ( 'NONE', #2803, .T. ) ;
#1584 = VERTEX_POINT ( 'NONE', #676 ) ;
#1585 = VECTOR ( 'NONE', #2466, 1000.000000000000000 ) ;
#1586 = DIRECTION ( 'NONE',  ( 1.000000000000000000, 0.000000000000000000, 0.000000000000000000 ) ) ;
#1587 = ORIENTED_EDGE ( 'NONE', *, *, #1351, .F. ) ;
#1588 = DIRECTION ( 'NONE',  ( -1.000000000000000000, -0.000000000000000000, -0.000000000000000000 ) ) ;
#1589 = EDGE_CURVE ( 'NONE', #731, #685, #2006, .T. ) ;
#1590 = CARTESIAN_POINT ( 'NONE',  ( 472.1299423149106929, 77.87005768508787185, 0.000000000000000000 ) ) ;
#1591 = ORIENTED_EDGE ( 'NONE', *, *, #1918, .F. ) ;
#1592 = AXIS2_PLACEMENT_3D ( 'NONE', #2090, #582, #878 ) ;
#1593 = PLANE ( 'NONE',  #3235 ) ;
#1594 = FACE_OUTER_BOUND ( 'NONE', #894, .T. ) ;
#1595 = EDGE_LOOP ( 'NONE', ( #1601, #2441, #1798, #1817 ) ) ;
#1596 = DIRECTION ( 'NONE',  ( 1.000000000000000000, 0.000000000000000000, 0.000000000000000000 ) ) ;
#1597 = EDGE_LOOP ( 'NONE', ( #3130, #2280, #1591, #2860 ) ) ;
#1598 = EDGE_LOOP ( 'NONE', ( #3044, #2296 ) ) ;
#1599 = DIRECTION ( 'NONE',  ( -0.000000000000000000, -0.000000000000000000, -1.000000000000000000 ) ) ;
#1600 = ORIENTED_EDGE ( 'NONE', *, *, #2168, .T. ) ;
#1601 = ORIENTED_EDGE ( 'NONE', *, *, #2815, .F. ) ;
#1602 = DIRECTION ( 'NONE',  ( -0.000000000000000000, -0.000000000000000000, 1.000000000000000000 ) ) ;
#1603 = PRODUCT_DEFINITION_CONTEXT ( 'detailed design', #1524, 'design' ) ;
#1604 = VERTEX_POINT ( 'NONE', #1445 ) ;
#1605 = AXIS2_PLACEMENT_3D ( 'NONE', #477, #1209, #2732 ) ;
#1606 = DIRECTION ( 'NONE',  ( 0.000000000000000000, 0.000000000000000000, 1.000000000000000000 ) ) ;
#1607 = CARTESIAN_POINT ( 'NONE',  ( 84.99999999999994316, 730.0000000000000000, 13.11177352665370321 ) ) ;
#1608 = DIRECTION ( 'NONE',  ( -1.000000000000000000, 0.000000000000000000, 0.000000000000000000 ) ) ;
#1609 = AXIS2_PLACEMENT_3D ( 'NONE', #918, #1394, #1747 ) ;
#1610 = DIRECTION ( 'NONE',  ( 0.000000000000000000, 0.000000000000000000, 1.000000000000000000 ) ) ;
#1611 = EDGE_CURVE ( 'NONE', #491, #1, #2678, .T. ) ;
#1612 = VECTOR ( 'NONE', #2001, 1000.000000000000000 ) ;
#1613 = VERTEX_POINT ( 'NONE', #931 ) ;
#1614 = DIRECTION ( 'NONE',  ( 1.000000000000000000, 0.000000000000000000, 0.000000000000000000 ) ) ;
#1615 = CARTESIAN_POINT ( 'NONE',  ( 432.5000000000000568, 51.00000000000004263, 18.00000000000000000 ) ) ;
#1616 = VECTOR ( 'NONE', #1530, 1000.000000000000000 ) ;
#1617 = CARTESIAN_POINT ( 'NONE',  ( -1.110223024625156540E-13, 18.00000000000000000, 2.220446049250313081E-13 ) ) ;
#1618 = CYLINDRICAL_SURFACE ( 'NONE', #159, 6.000000000000102141 ) ;
#1619 = FACE_OUTER_BOUND ( 'NONE', #2684, .T. ) ;
#1620 = LINE ( 'NONE', #721, #2873 ) ;
#1621 = CARTESIAN_POINT ( 'NONE',  ( 516.6776695296641719, 33.32233047033469120, 18.00000000000000000 ) ) ;
#1622 = DIRECTION ( 'NONE',  ( 0.000000000000000000, 0.000000000000000000, 1.000000000000000000 ) ) ;
#1623 = CIRCLE ( 'NONE', #868, 3.999999999999976019 ) ;
#1624 = CIRCLE ( 'NONE', #543, 3.999999999999475975 ) ;
#1625 = DIRECTION ( 'NONE',  ( 0.000000000000000000, 1.000000000000000000, 0.000000000000000000 ) ) ;
#1626 = EDGE_LOOP ( 'NONE', ( #2255, #2249, #1716, #3183 ) ) ;
#1627 = DIRECTION ( 'NONE',  ( -0.000000000000000000, -0.000000000000000000, -1.000000000000000000 ) ) ;
#1628 = LINE ( 'NONE', #2898, #1893 ) ;
#1629 = DIRECTION ( 'NONE',  ( -1.000000000000000000, 0.000000000000000000, -0.000000000000000000 ) ) ;
#1630 = ORIENTED_EDGE ( 'NONE', *, *, #1111, .T. ) ;
#1631 = LINE ( 'NONE', #2608, #1274 ) ;
#1632 = AXIS2_PLACEMENT_3D ( 'NONE', #2344, #3132, #1629 ) ;
#1633 = CARTESIAN_POINT ( 'NONE',  ( 168.9050319128785134, 725.0000000000000000, 6.123233995736914194E-16 ) ) ;
#1634 = ADVANCED_FACE ( 'NONE', ( #431 ), #1108, .F. ) ;
#1635 = EDGE_CURVE ( 'NONE', #2541, #2488, #1813, .T. ) ;
#1636 = EDGE_LOOP ( 'NONE', ( #59, #1881, #3069, #2972 ) ) ;
#1637 = CARTESIAN_POINT ( 'NONE',  ( 93.11349281540014999, 724.9999999999998863, -6.040787608888356665E-15 ) ) ;
#1638 = VERTEX_POINT ( 'NONE', #1471 ) ;
#1639 = ORIENTED_EDGE ( 'NONE', *, *, #958, .F. ) ;
#1640 = CARTESIAN_POINT ( 'NONE',  ( 86.05177248089445641, 730.0000000000000000, 9.500000000000000000 ) ) ;
#1641 = ORIENTED_EDGE ( 'NONE', *, *, #3264, .T. ) ;
#1642 = DIRECTION ( 'NONE',  ( -1.000000000000000000, 0.000000000000000000, 0.000000000000000000 ) ) ;
#1643 = EDGE_CURVE ( 'NONE', #15, #613, #1850, .T. ) ;
#1644 = VERTEX_POINT ( 'NONE', #1493 ) ;
#1645 = DIRECTION ( 'NONE',  ( -0.000000000000000000, -0.000000000000000000, -1.000000000000000000 ) ) ;
#1646 = ADVANCED_FACE ( 'NONE', ( #2392 ), #2212, .F. ) ;
#1647 = EDGE_LOOP ( 'NONE', ( #1531, #2065, #1987, #157 ) ) ;
#1648 = AXIS2_PLACEMENT_3D ( 'NONE', #2729, #2758, #2471 ) ;
#1649 = CIRCLE ( 'NONE', #3191, 2.500000000000057732 ) ;
#1650 = AXIS2_PLACEMENT_3D ( 'NONE', #2845, #1610, #630 ) ;
#1651 = CARTESIAN_POINT ( 'NONE',  ( 29.07968978321613207, 37.56497115745406035, 18.00000000000000000 ) ) ;
#1652 = ADVANCED_FACE ( 'NONE', ( #1025 ), #2831, .F. ) ;
#1653 = VERTEX_POINT ( 'NONE', #2009 ) ;
#1654 = CARTESIAN_POINT ( 'NONE',  ( 117.4680374315371694, 108.9827560573014864, 18.00000000000000000 ) ) ;
#1655 = DIRECTION ( 'NONE',  ( -1.000000000000000000, 0.000000000000000000, 0.000000000000000000 ) ) ;
#1656 = FACE_OUTER_BOUND ( 'NONE', #3268, .T. ) ;
#1657 = AXIS2_PLACEMENT_3D ( 'NONE', #3269, #2983, #2505 ) ;
#1658 = AXIS2_PLACEMENT_3D ( 'NONE', #1663, #612, #402 ) ;
#1659 = CYLINDRICAL_SURFACE ( 'NONE', #165, 2.499999999999995115 ) ;
#1660 = DIRECTION ( 'NONE',  ( -1.000000000000000000, 0.000000000000000000, 0.000000000000000000 ) ) ;
#1661 = CARTESIAN_POINT ( 'NONE',  ( 81.87005768508936399, 77.87005768508787185, 0.000000000000000000 ) ) ;
#1662 = CIRCLE ( 'NONE', #206, 4.000000000000003553 ) ;
#1663 = CARTESIAN_POINT ( 'NONE',  ( 499.0000000000000000, 51.00000000000004263, 11.99999999999999822 ) ) ;
#1664 = ORIENTED_EDGE ( 'NONE', *, *, #2955, .T. ) ;
#1665 = DIRECTION ( 'NONE',  ( 0.000000000000000000, 0.000000000000000000, 1.000000000000000000 ) ) ;
#1666 = ADVANCED_FACE ( 'NONE', ( #1583 ), #2498, .F. ) ;
#1667 = CIRCLE ( 'NONE', #1289, 2.500000000000002220 ) ;
#1668 = ADVANCED_FACE ( 'NONE', ( #514, #1776, #2523, #2349, #1693, #2948, #1737, #2080, #396, #1339, #662, #278, #2601, #906 ), #3257, .F. ) ;
#1669 = DIRECTION ( 'NONE',  ( 1.000000000000000000, 0.000000000000000000, 0.000000000000000000 ) ) ;
#1670 = ORIENTED_EDGE ( 'NONE', *, *, #768, .F. ) ;
#1671 = AXIS2_PLACEMENT_3D ( 'NONE', #2075, #1804, #3063 ) ;
#1672 = CARTESIAN_POINT ( 'NONE',  ( 499.0000000000000000, 115.0000000000000142, 0.000000000000000000 ) ) ;
#1673 = EDGE_CURVE ( 'NONE', #1954, #568, #3110, .T. ) ;
#1674 = VERTEX_POINT ( 'NONE', #1726 ) ;
#1675 = EDGE_LOOP ( 'NONE', ( #1683, #2218, #1988, #597 ) ) ;
#1676 = ORIENTED_EDGE ( 'NONE', *, *, #2688, .T. ) ;
#1677 = ORIENTED_EDGE ( 'NONE', *, *, #890, .F. ) ;
#1678 = DIRECTION ( 'NONE',  ( 1.000000000000000000, 0.000000000000000000, 0.000000000000000000 ) ) ;
#1679 = ADVANCED_FACE ( 'NONE', ( #1927 ), #234, .F. ) ;
#1680 = CARTESIAN_POINT ( 'NONE',  ( 106.9999999999999005, 690.0000000000000000, 15.49999999999999112 ) ) ;
#1681 = DIRECTION ( 'NONE',  ( -0.000000000000000000, -0.000000000000000000, -1.000000000000000000 ) ) ;
#1682 = EDGE_CURVE ( 'NONE', #2274, #3215, #1620, .T. ) ;
#1683 = ORIENTED_EDGE ( 'NONE', *, *, #2579, .T. ) ;
#1684 = DIRECTION ( 'NONE',  ( 0.000000000000000000, 0.000000000000000000, 1.000000000000000000 ) ) ;
#1685 = CLOSED_SHELL ( 'NONE', ( #2649, #1890, #2670, #916, #1695, #1666 ) ) ;
#1686 = FACE_OUTER_BOUND ( 'NONE', #2849, .T. ) ;
#1687 = ORIENTED_EDGE ( 'NONE', *, *, #1168, .T. ) ;
#1688 = EDGE_CURVE ( 'NONE', #92, #1171, #1416, .T. ) ;
#1689 = LINE ( 'NONE', #1340, #2384 ) ;
#1690 = DIRECTION ( 'NONE',  ( 0.000000000000000000, 0.000000000000000000, 1.000000000000000000 ) ) ;
#1691 = CARTESIAN_POINT ( 'NONE',  ( 435.0000000000000568, 51.00000000000004263, 0.000000000000000000 ) ) ;
#1692 = FACE_OUTER_BOUND ( 'NONE', #715, .T. ) ;
#1693 = FACE_OUTER_BOUND ( 'NONE', #404, .T. ) ;
#1694 = CARTESIAN_POINT ( 'NONE',  ( 51.71291246261299790, -1.185780702985911850E-17, -1.614108343103369350E-15 ) ) ;
#1695 = ADVANCED_FACE ( 'NONE', ( #2674 ), #1715, .F. ) ;
#1696 = CARTESIAN_POINT ( 'NONE',  ( 119.2253967444179636, 436.7746032555858733, 18.00000000000000000 ) ) ;
#1697 = ORIENTED_EDGE ( 'NONE', *, *, #2912, .F. ) ;
#1698 = FACE_BOUND ( 'NONE', #2206, .T. ) ;
#1699 = CARTESIAN_POINT ( 'NONE',  ( 85.35474517436360031, 730.0000000000000000, 19.74328400189158828 ) ) ;
#1700 = FACE_OUTER_BOUND ( 'NONE', #3189, .T. ) ;
#1701 = EDGE_LOOP ( 'NONE', ( #836, #1308 ) ) ;
#1702 = CYLINDRICAL_SURFACE ( 'NONE', #1657, 2.500000000000002220 ) ;
#1703 = VERTEX_POINT ( 'NONE', #506 ) ;
#1704 = CARTESIAN_POINT ( 'NONE',  ( 0.000000000000000000, 0.000000000000000000, 0.000000000000000000 ) ) ;
#1705 = AXIS2_PLACEMENT_3D ( 'NONE', #383, #893, #1160 ) ;
#1706 = ORIENTED_EDGE ( 'NONE', *, *, #3266, .F. ) ;
#1707 = CARTESIAN_POINT ( 'NONE',  ( 550.0000000000000000, 0.000000000000000000, 18.00000000000000000 ) ) ;
#1708 =( GEOMETRIC_REPRESENTATION_CONTEXT ( 3 ) GLOBAL_UNCERTAINTY_ASSIGNED_CONTEXT ( ( #2946 ) ) GLOBAL_UNIT_ASSIGNED_CONTEXT ( ( #1500, #2495, #3267 ) ) REPRESENTATION_CONTEXT ( 'NONE', 'WORKASPACE' ) );
#1709 = DIRECTION ( 'NONE',  ( -0.7071067811865574537, 4.025281146911808244E-16, -0.7071067811865379138 ) ) ;
#1710 = VERTEX_POINT ( 'NONE', #1506 ) ;
#1711 = AXIS2_PLACEMENT_3D ( 'NONE', #1380, #1404, #657 ) ;
#1712 = DIRECTION ( 'NONE',  ( 1.000000000000000000, 0.000000000000000000, 0.000000000000000000 ) ) ;
#1713 = ORIENTED_EDGE ( 'NONE', *, *, #490, .F. ) ;
#1714 = CARTESIAN_POINT ( 'NONE',  ( 113.2253967444178784, 113.2253967444216585, 11.99999999999999822 ) ) ;
#1715 = PLANE ( 'NONE',  #905 ) ;
#1716 = ORIENTED_EDGE ( 'NONE', *, *, #3216, .T. ) ;
#1717 = DIRECTION ( 'NONE',  ( 0.000000000000000000, 1.000000000000000000, 0.000000000000000000 ) ) ;
#1718 = ORIENTED_EDGE ( 'NONE', *, *, #1441, .F. ) ;
#1719 = DIRECTION ( 'NONE',  ( 0.7071067811865550112, 3.594642259891341568E-16, 0.7071067811865403563 ) ) ;
#1720 = CARTESIAN_POINT ( 'NONE',  ( 53.50000000000004263, 115.0000000000000142, 0.000000000000000000 ) ) ;
#1721 = ORIENTED_EDGE ( 'NONE', *, *, #1914, .F. ) ;
#1722 = LINE ( 'NONE', #1278, #1054 ) ;
#1723 = PRODUCT_DEFINITION_FORMATION_WITH_SPECIFIED_SOURCE ( 'ANY', '', #322, .NOT_KNOWN. ) ;
#1724 = DIRECTION ( 'NONE',  ( -0.000000000000000000, -0.000000000000000000, 1.000000000000000000 ) ) ;
#1725 = CIRCLE ( 'NONE', #2162, 4.000000000000003553 ) ;
#1726 = CARTESIAN_POINT ( 'NONE',  ( 48.50000000000004974, 435.0000000000000568, 0.000000000000000000 ) ) ;
#1727 = CIRCLE ( 'NONE', #508, 6.000000000000394351 ) ;
#1728 = FACE_OUTER_BOUND ( 'NONE', #1436, .T. ) ;
#1729 = CARTESIAN_POINT ( 'NONE',  ( 58.01941254751481836, 5.421010862427522170E-17, 16.00000000000000000 ) ) ;
#1730 = VECTOR ( 'NONE', #694, 1000.000000000000000 ) ;
#1731 = EDGE_CURVE ( 'NONE', #882, #3084, #1062, .T. ) ;
#1732 = CARTESIAN_POINT ( 'NONE',  ( 435.0000000000000568, 51.00000000000004263, 18.00000000000000000 ) ) ;
#1733 = EDGE_CURVE ( 'NONE', #1638, #399, #2749, .T. ) ;
#1734 = VECTOR ( 'NONE', #2184, 1000.000000000000000 ) ;
#1735 =( LENGTH_UNIT ( ) NAMED_UNIT ( * ) SI_UNIT ( .MILLI., .METRE. ) );
#1736 = DIRECTION ( 'NONE',  ( -0.000000000000000000, -0.000000000000000000, -1.000000000000000000 ) ) ;
#1737 = FACE_BOUND ( 'NONE', #1831, .T. ) ;
#1738 = ORIENTED_EDGE ( 'NONE', *, *, #1589, .F. ) ;
#1739 = VECTOR ( 'NONE', #628, 1000.000000000000000 ) ;
#1740 = DIRECTION ( 'NONE',  ( -0.000000000000000000, -0.000000000000000000, 1.000000000000000000 ) ) ;
#1741 = VERTEX_POINT ( 'NONE', #1238 ) ;
#1742 =( BOUNDED_CURVE ( )  B_SPLINE_CURVE ( 3, ( #1563, #1822, #2036, #305 ),
 .UNSPECIFIED., .F., .T. ) 
 B_SPLINE_CURVE_WITH_KNOTS ( ( 4, 4 ),
 ( 0.3754236079810392979, 1.570796326794896558 ),
 .UNSPECIFIED. ) 
 CURVE ( )  GEOMETRIC_REPRESENTATION_ITEM ( )  RATIONAL_B_SPLINE_CURVE ( ( 1.000000000000000000, 0.8844265230060998073, 0.8844265230060998073, 1.000000000000000000 ) ) 
 REPRESENTATION_ITEM ( '' )  );
#1743 = SHAPE_REPRESENTATION_RELATIONSHIP ( 'NONE' , 'NONE' ,  #1449, #2847 ) ;
#1744 = DIRECTION ( 'NONE',  ( -0.000000000000000000, -0.000000000000000000, -1.000000000000000000 ) ) ;
#1745 = ORIENTED_EDGE ( 'NONE', *, *, #2351, .F. ) ;
#1746 = EDGE_CURVE ( 'NONE', #1390, #211, #979, .T. ) ;
#1747 = DIRECTION ( 'NONE',  ( 1.000000000000000000, 0.000000000000000000, 0.000000000000000000 ) ) ;
#1748 = DIRECTION ( 'NONE',  ( 0.7071067811865262565, 0.7071067811865688890, 0.000000000000000000 ) ) ;
#1749 = FACE_OUTER_BOUND ( 'NONE', #3021, .T. ) ;
#1750 = ORIENTED_EDGE ( 'NONE', *, *, #3276, .F. ) ;
#1751 = DIRECTION ( 'NONE',  ( 1.000000000000000000, 0.000000000000000000, 0.000000000000000000 ) ) ;
#1752 = ORIENTED_EDGE ( 'NONE', *, *, #3076, .T. ) ;
#1753 = AXIS2_PLACEMENT_3D ( 'NONE', #534, #2544, #2262 ) ;
#1754 = ORIENTED_EDGE ( 'NONE', *, *, #2761, .F. ) ;
#1755 = CARTESIAN_POINT ( 'NONE',  ( 432.5319625684624611, 108.9827560573022680, 11.99999999999999822 ) ) ;
#1756 = EDGE_CURVE ( 'NONE', #1085, #2055, #2477, .T. ) ;
#1757 = PRODUCT ( 'A429090-BASESXXXPA', 'A429090-BASESXXXPA', '', ( #1294 ) ) ;
#1758 = CARTESIAN_POINT ( 'NONE',  ( 520.9203102167838324, 37.56497115745344217, 18.00000000000000000 ) ) ;
#1759 = ORIENTED_EDGE ( 'NONE', *, *, #3194, .T. ) ;
#1760 = DIRECTION ( 'NONE',  ( -0.000000000000000000, -0.000000000000000000, -1.000000000000000000 ) ) ;
#1761 = EDGE_LOOP ( 'NONE', ( #2022, #175, #1763, #664 ) ) ;
#1762 = CARTESIAN_POINT ( 'NONE',  ( 468.1299423149106929, 472.1299423149121708, 18.00000000000000000 ) ) ;
#1763 = ORIENTED_EDGE ( 'NONE', *, *, #595, .T. ) ;
#1764 = DIRECTION ( 'NONE',  ( 0.000000000000000000, 0.000000000000000000, 1.000000000000000000 ) ) ;
#1765 = ORIENTED_EDGE ( 'NONE', *, *, #2514, .T. ) ;
#1766 = DIRECTION ( 'NONE',  ( 1.000000000000000000, 0.000000000000000000, 0.000000000000000000 ) ) ;
#1767 = DIRECTION ( 'NONE',  ( -1.000000000000000000, 0.000000000000000000, 0.000000000000000000 ) ) ;
#1768 = SHAPE_REPRESENTATION_RELATIONSHIP ( 'NONE' , 'NONE' ,  #1511, #2117 ) ;
#1769 = CIRCLE ( 'NONE', #1773, 3.000000000000002665 ) ;
#1770 = EDGE_LOOP ( 'NONE', ( #2679, #1670 ) ) ;
#1771 = DIRECTION ( 'NONE',  ( -0.000000000000000000, -0.000000000000000000, -1.000000000000000000 ) ) ;
#1772 = LINE ( 'NONE', #115, #1101 ) ;
#1773 = AXIS2_PLACEMENT_3D ( 'NONE', #2555, #749, #2275 ) ;
#1774 = CARTESIAN_POINT ( 'NONE',  ( 48.50000000000004974, 115.0000000000000142, 0.000000000000000000 ) ) ;
#1775 = VECTOR ( 'NONE', #1241, 1000.000000000000227 ) ;
#1776 = FACE_BOUND ( 'NONE', #1341, .T. ) ;
#1777 = DIRECTION ( 'NONE',  ( -0.000000000000000000, -0.000000000000000000, 1.000000000000000000 ) ) ;
#1778 = ORIENTED_EDGE ( 'NONE', *, *, #1643, .F. ) ;
#1779 = STYLED_ITEM ( 'NONE', ( #2241 ), #2847 ) ;
#1780 = DIRECTION ( 'NONE',  ( -0.000000000000000000, -0.000000000000000000, -1.000000000000000000 ) ) ;
#1781 = EDGE_CURVE ( 'NONE', #1092, #2146, #2002, .T. ) ;
#1782 = DIRECTION ( 'NONE',  ( -0.000000000000000000, -0.000000000000000000, -1.000000000000000000 ) ) ;
#1783 = FACE_OUTER_BOUND ( 'NONE', #558, .T. ) ;
#1784 = DIRECTION ( 'NONE',  ( 1.000000000000000000, 0.000000000000000000, 0.000000000000000000 ) ) ;
#1785 = ORIENTED_EDGE ( 'NONE', *, *, #291, .F. ) ;
#1786 = CARTESIAN_POINT ( 'NONE',  ( 144.9999999999999147, 690.0000000000000000, 15.49999999999998934 ) ) ;
#1787 = FACE_OUTER_BOUND ( 'NONE', #1828, .T. ) ;
#1788 = ORIENTED_EDGE ( 'NONE', *, *, #102, .F. ) ;
#1789 = CARTESIAN_POINT ( 'NONE',  ( 512.4350288425447388, 29.07968978321555298, 11.99999999999999822 ) ) ;
#1790 = DIRECTION ( 'NONE',  ( 0.000000000000000000, 0.000000000000000000, 1.000000000000000000 ) ) ;
#1791 = PLANE ( 'NONE',  #1306 ) ;
#1792 = ORIENTED_EDGE ( 'NONE', *, *, #1513, .F. ) ;
#1793 =( LENGTH_UNIT ( ) NAMED_UNIT ( * ) SI_UNIT ( .MILLI., .METRE. ) );
#1794 = ORIENTED_EDGE ( 'NONE', *, *, #1943, .T. ) ;
#1795 = ORIENTED_EDGE ( 'NONE', *, *, #606, .F. ) ;
#1796 =( LENGTH_UNIT ( ) NAMED_UNIT ( * ) SI_UNIT ( .MILLI., .METRE. ) );
#1797 = AXIS2_PLACEMENT_3D ( 'NONE', #1130, #1602, #346 ) ;
#1798 = ORIENTED_EDGE ( 'NONE', *, *, #2928, .T. ) ;
#1799 = EDGE_CURVE ( 'NONE', #1741, #449, #2076, .T. ) ;
#1800 = CARTESIAN_POINT ( 'NONE',  ( 248.0944918928738048, 725.0000000000000000, 6.123233995736914194E-16 ) ) ;
#1801 = CARTESIAN_POINT ( 'NONE',  ( 51.00000000000004263, 435.0000000000000568, 18.00000000000000000 ) ) ;
#1802 = ORIENTED_EDGE ( 'NONE', *, *, #256, .F. ) ;
#1803 = DIRECTION ( 'NONE',  ( -0.7071067811865353603, 4.025281146911808244E-16, 0.7071067811865600072 ) ) ;
#1804 = DIRECTION ( 'NONE',  ( 0.000000000000000000, 0.000000000000000000, 1.000000000000000000 ) ) ;
#1805 = VERTEX_POINT ( 'NONE', #1318 ) ;
#1806 = DIRECTION ( 'NONE',  ( 1.000000000000000000, 0.000000000000000000, 0.000000000000000000 ) ) ;
#1807 = VERTEX_POINT ( 'NONE', #541 ) ;
#1808 = CYLINDRICAL_SURFACE ( 'NONE', #2512, 3.000000000000058176 ) ;
#1809 = EDGE_CURVE ( 'NONE', #2965, #1190, #1846, .T. ) ;
#1810 = LINE ( 'NONE', #1496, #385 ) ;
#1811 = CARTESIAN_POINT ( 'NONE',  ( 441.0172439427019526, 117.4680374315398410, 18.00000000000000000 ) ) ;
#1812 = CYLINDRICAL_SURFACE ( 'NONE', #2926, 2.999999999999995559 ) ;
#1813 = LINE ( 'NONE', #3232, #316 ) ;
#1814 = LINE ( 'NONE', #727, #1775 ) ;
#1815 = LINE ( 'NONE', #79, #2796 ) ;
#1816 = DIRECTION ( 'NONE',  ( 1.000000000000000000, 0.000000000000000000, 0.000000000000000000 ) ) ;
#1817 = ORIENTED_EDGE ( 'NONE', *, *, #1572, .F. ) ;
#1818 = VECTOR ( 'NONE', #1384, 1000.000000000000000 ) ;
#1819 =( GEOMETRIC_REPRESENTATION_CONTEXT ( 3 ) GLOBAL_UNCERTAINTY_ASSIGNED_CONTEXT ( ( #158 ) ) GLOBAL_UNIT_ASSIGNED_CONTEXT ( ( #1426, #2186, #2208 ) ) REPRESENTATION_CONTEXT ( 'NONE', 'WORKASPACE' ) );
#1820 = ORIENTED_EDGE ( 'NONE', *, *, #444, .F. ) ;
#1821 = VECTOR ( 'NONE', #3112, 1000.000000000000000 ) ;
#1822 = CARTESIAN_POINT ( 'NONE',  ( 87.81832169016641387, 725.0000000000000000, 27.41952543903432016 ) ) ;
#1823 = EDGE_LOOP ( 'NONE', ( #2936, #2854, #1256, #370 ) ) ;
#1824 = CARTESIAN_POINT ( 'NONE',  ( 37.56497115745527537, 29.07968978321507336, 11.99999999999999822 ) ) ;
#1825 = DIRECTION ( 'NONE',  ( 0.000000000000000000, 0.000000000000000000, 1.000000000000000000 ) ) ;
#1826 = VERTEX_POINT ( 'NONE', #3036 ) ;
#1827 = DIRECTION ( 'NONE',  ( -0.7071067811865687780, 0.7071067811865262565, 0.000000000000000000 ) ) ;
#1828 = EDGE_LOOP ( 'NONE', ( #2138, #683, #1527, #2338 ) ) ;
#1829 = ORIENTED_EDGE ( 'NONE', *, *, #2528, .T. ) ;
#1830 = DIRECTION ( 'NONE',  ( -0.000000000000000000, -0.000000000000000000, -1.000000000000000000 ) ) ;
#1831 = EDGE_LOOP ( 'NONE', ( #1560, #592 ) ) ;
#1832 = PRODUCT_DEFINITION_FORMATION_WITH_SPECIFIED_SOURCE ( 'ANY', '', #300, .NOT_KNOWN. ) ;
#1833 = AXIS2_PLACEMENT_3D ( 'NONE', #1533, #784, #2797 ) ;
#1834 = CARTESIAN_POINT ( 'NONE',  ( 144.9999999999999147, 690.0000000000000000, 15.49999999999998934 ) ) ;
#1835 = ORIENTED_EDGE ( 'NONE', *, *, #992, .T. ) ;
#1836 = AXIS2_PLACEMENT_3D ( 'NONE', #3022, #2486, #222 ) ;
#1837 = EDGE_CURVE ( 'NONE', #1550, #288, #389, .T. ) ;
#1838 = ORIENTED_EDGE ( 'NONE', *, *, #1076, .T. ) ;
#1839 = CARTESIAN_POINT ( 'NONE',  ( 29.07968978321660458, 512.4350288425437157, 18.00000000000000000 ) ) ;
#1840 =( BOUNDED_CURVE ( )  B_SPLINE_CURVE ( 3, ( #994, #3275, #2256, #268 ),
 .UNSPECIFIED., .F., .T. ) 
 B_SPLINE_CURVE_WITH_KNOTS ( ( 4, 4 ),
 ( 4.712388980384689674, 6.283185307179586232 ),
 .UNSPECIFIED. ) 
 CURVE ( )  GEOMETRIC_REPRESENTATION_ITEM ( )  RATIONAL_B_SPLINE_CURVE ( ( 1.000000000000000000, 0.8047378541243649375, 0.8047378541243649375, 1.000000000000000000 ) ) 
 REPRESENTATION_ITEM ( '' )  );
#1841 = CIRCLE ( 'NONE', #1324, 450.0000000000001137 ) ;
#1842 = ORIENTED_EDGE ( 'NONE', *, *, #2621, .F. ) ;
#1843 = CARTESIAN_POINT ( 'NONE',  ( 183.0698683933170514, 725.0000000000000000, 9.500000000000000000 ) ) ;
#1844 = CARTESIAN_POINT ( 'NONE',  ( 432.5000000000000568, 51.00000000000004263, 0.000000000000000000 ) ) ;
#1845 = SURFACE_STYLE_FILL_AREA ( #462 ) ;
#1846 = LINE ( 'NONE', #812, #1184 ) ;
#1847 = EDGE_CURVE ( 'NONE', #613, #3165, #1376, .T. ) ;
#1848 = CIRCLE ( 'NONE', #2424, 4.000000000000003553 ) ;
#1849 = DIRECTION ( 'NONE',  ( 0.000000000000000000, 0.000000000000000000, 1.000000000000000000 ) ) ;
#1850 = CIRCLE ( 'NONE', #296, 6.000000000000005329 ) ;
#1851 = VERTEX_POINT ( 'NONE', #1774 ) ;
#1852 = PLANE ( 'NONE',  #1632 ) ;
#1853 = LINE ( 'NONE', #2560, #2008 ) ;
#1854 = CARTESIAN_POINT ( 'NONE',  ( 117.4680374315371267, 441.0172439427053632, 11.99999999999999822 ) ) ;
#1855 = ORIENTED_EDGE ( 'NONE', *, *, #2295, .F. ) ;
#1856 = AXIS2_PLACEMENT_3D ( 'NONE', #1858, #2102, #63 ) ;
#1857 = EDGE_CURVE ( 'NONE', #2864, #2697, #37, .T. ) ;
#1858 = CARTESIAN_POINT ( 'NONE',  ( 499.0000000000000000, 435.0000000000000568, 18.00000000000000000 ) ) ;
#1859 = LINE ( 'NONE', #1454, #1585 ) ;
#1860 = COLOUR_RGB ( '',1.000000000000000000, 1.000000000000000000, 1.000000000000000000 ) ;
#1861 = ORIENTED_EDGE ( 'NONE', *, *, #1733, .F. ) ;
#1862 = CIRCLE ( 'NONE', #1983, 6.000000000000005329 ) ;
#1863 = CARTESIAN_POINT ( 'NONE',  ( 144.9999999999999147, 730.0000000000000000, 15.49999999999998934 ) ) ;
#1864 = CARTESIAN_POINT ( 'NONE',  ( 184.6423443838056926, 730.0000000000000000, 11.25671599810843126 ) ) ;
#1865 = CYLINDRICAL_SURFACE ( 'NONE', #1705, 4.000000000000017764 ) ;
#1866 = DIRECTION ( 'NONE',  ( 0.000000000000000000, 0.000000000000000000, 1.000000000000000000 ) ) ;
#1867 = EDGE_LOOP ( 'NONE', ( #440, #3273 ) ) ;
#1868 = DIRECTION ( 'NONE',  ( -0.000000000000000000, -0.000000000000000000, 1.000000000000000000 ) ) ;
#1869 = CARTESIAN_POINT ( 'NONE',  ( 73.87005768508990400, 472.1299423149121708, 18.00000000000000000 ) ) ;
#1870 = EDGE_LOOP ( 'NONE', ( #3046, #2133, #1356, #2800 ) ) ;
#1871 = DIRECTION ( 'NONE',  ( -0.000000000000000000, -0.000000000000000000, 1.000000000000000000 ) ) ;
#1872 = ADVANCED_FACE ( 'NONE', ( #1925 ), #275, .F. ) ;
#1873 = EDGE_LOOP ( 'NONE', ( #755, #2709, #2774, #1386 ) ) ;
#1874 = ORIENTED_EDGE ( 'NONE', *, *, #1733, .T. ) ;
#1875 = AXIS2_PLACEMENT_3D ( 'NONE', #128, #2901, #2136 ) ;
#1876 = DIRECTION ( 'NONE',  ( -0.1156569635167078725, -0.9932892160846684693, 0.000000000000000000 ) ) ;
#1877 = CARTESIAN_POINT ( 'NONE',  ( 0.000000000000000000, 550.0000000000000000, 18.00000000000000000 ) ) ;
#1878 = ORIENTED_EDGE ( 'NONE', *, *, #3200, .T. ) ;
#1879 = AXIS2_PLACEMENT_3D ( 'NONE', #1582, #2064, #1070 ) ;
#1880 = UNCERTAINTY_MEASURE_WITH_UNIT (LENGTH_MEASURE( 1.000000000000000082E-05 ), #1793, 'distance_accuracy_value', 'NONE');
#1881 = ORIENTED_EDGE ( 'NONE', *, *, #716, .F. ) ;
#1882 = DIRECTION ( 'NONE',  ( -0.000000000000000000, -0.000000000000000000, -1.000000000000000000 ) ) ;
#1883 = FACE_OUTER_BOUND ( 'NONE', #26, .T. ) ;
#1884 = CARTESIAN_POINT ( 'NONE',  ( 51.00000000000004263, 499.0000000000000000, 0.000000000000000000 ) ) ;
#1885 = FACE_OUTER_BOUND ( 'NONE', #1425, .T. ) ;
#1886 = ADVANCED_FACE ( 'NONE', ( #3107 ), #2827, .F. ) ;
#1887 = DIRECTION ( 'NONE',  ( -1.000000000000000000, 0.000000000000000000, -0.000000000000000000 ) ) ;
#1888 = FACE_OUTER_BOUND ( 'NONE', #771, .T. ) ;
#1889 = VECTOR ( 'NONE', #1736, 1000.000000000000000 ) ;
#1890 = ADVANCED_FACE ( 'NONE', ( #1499 ), #1023, .F. ) ;
#1891 = DIRECTION ( 'NONE',  ( 1.000000000000000000, 0.000000000000000000, 0.000000000000000000 ) ) ;
#1892 = ORIENTED_EDGE ( 'NONE', *, *, #3127, .T. ) ;
#1893 = VECTOR ( 'NONE', #151, 1000.000000000000000 ) ;
#1894 = CARTESIAN_POINT ( 'NONE',  ( 113.2253967444178784, 113.2253967444216585, 11.99999999999999822 ) ) ;
#1895 = CIRCLE ( 'NONE', #1102, 4.000000000000031086 ) ;
#1896 = AXIS2_PLACEMENT_3D ( 'NONE', #1491, #3256, #1751 ) ;
#1897 = DIRECTION ( 'NONE',  ( 0.000000000000000000, 0.000000000000000000, 1.000000000000000000 ) ) ;
#1898 = EDGE_CURVE ( 'NONE', #2105, #2274, #3153, .T. ) ;
#1899 = ORIENTED_EDGE ( 'NONE', *, *, #2788, .T. ) ;
#1900 = CARTESIAN_POINT ( 'NONE',  ( 184.9999999999999432, 730.0000000000000000, 16.00000000000000000 ) ) ;
#1901 = EDGE_CURVE ( 'NONE', #1653, #943, #2303, .T. ) ;
#1902 = VECTOR ( 'NONE', #2094, 1000.000000000000000 ) ;
#1903 = CARTESIAN_POINT ( 'NONE',  ( 106.9999999999999005, 730.0000000000000000, 15.49999999999999112 ) ) ;
#1904 = ORIENTED_EDGE ( 'NONE', *, *, #3113, .F. ) ;
#1905 = CARTESIAN_POINT ( 'NONE',  ( 183.0698683933170798, 725.0000000000000000, 21.50000000000000000 ) ) ;
#1906 = ADVANCED_FACE ( 'NONE', ( #1297 ), #9, .F. ) ;
#1907 = ORIENTED_EDGE ( 'NONE', *, *, #2958, .F. ) ;
#1908 = ORIENTED_EDGE ( 'NONE', *, *, #323, .T. ) ;
#1909 = DIRECTION ( 'NONE',  ( 1.000000000000000000, 0.000000000000000000, -0.000000000000000000 ) ) ;
#1910 = ADVANCED_FACE ( 'NONE', ( #2633, #1221, #2432 ), #2823, .T. ) ;
#1911 = DIRECTION ( 'NONE',  ( 0.000000000000000000, -0.000000000000000000, 1.000000000000000000 ) ) ;
#1912 = VERTEX_POINT ( 'NONE', #1565 ) ;
#1913 = DIRECTION ( 'NONE',  ( -0.000000000000000000, -0.000000000000000000, -1.000000000000000000 ) ) ;
#1914 = EDGE_CURVE ( 'NONE', #235, #2657, #1963, .T. ) ;
#1915 = ORIENTED_EDGE ( 'NONE', *, *, #2178, .T. ) ;
#1916 = ORIENTED_EDGE ( 'NONE', *, *, #401, .T. ) ;
#1917 = AXIS2_PLACEMENT_3D ( 'NONE', #2565, #769, #2060 ) ;
#1918 = EDGE_CURVE ( 'NONE', #474, #1243, #2904, .T. ) ;
#1919 = CARTESIAN_POINT ( 'NONE',  ( 77.87005768508939241, 77.87005768508787185, 11.99999999999999822 ) ) ;
#1920 = VERTEX_POINT ( 'NONE', #307 ) ;
#1921 = PLANE ( 'NONE',  #3038 ) ;
#1922 = CYLINDRICAL_SURFACE ( 'NONE', #2721, 4.000000000000031086 ) ;
#1923 = ADVANCED_FACE ( 'NONE', ( #617 ), #1812, .F. ) ;
#1924 = DIRECTION ( 'NONE',  ( -0.000000000000000000, -0.000000000000000000, -1.000000000000000000 ) ) ;
#1925 = FACE_OUTER_BOUND ( 'NONE', #2820, .T. ) ;
#1926 = LINE ( 'NONE', #1470, #2634 ) ;
#1927 = FACE_OUTER_BOUND ( 'NONE', #2741, .T. ) ;
#1928 = CARTESIAN_POINT ( 'NONE',  ( 29.07968978321660458, 512.4350288425437157, 11.99999999999999822 ) ) ;
#1929 = EDGE_CURVE ( 'NONE', #1807, #2185, #2556, .T. ) ;
#1930 = ORIENTED_EDGE ( 'NONE', *, *, #2953, .F. ) ;
#1931 = PLANE ( 'NONE',  #1271 ) ;
#1932 = CARTESIAN_POINT ( 'NONE',  ( 183.0698683933170514, 725.0000000000000000, 9.500000000000000000 ) ) ;
#1933 = FACE_OUTER_BOUND ( 'NONE', #1314, .T. ) ;
#1934 = ORIENTED_EDGE ( 'NONE', *, *, #1275, .T. ) ;
#1935 = DIRECTION ( 'NONE',  ( 1.000000000000000000, 0.000000000000000000, 0.000000000000000000 ) ) ;
#1936 = CARTESIAN_POINT ( 'NONE',  ( 77.87005768508939241, 77.87005768508787185, 11.99999999999999822 ) ) ;
#1937 = ORIENTED_EDGE ( 'NONE', *, *, #2792, .F. ) ;
#1938 = CIRCLE ( 'NONE', #405, 6.000000000000102141 ) ;
#1939 = DIRECTION ( 'NONE',  ( 0.000000000000000000, 0.000000000000000000, 1.000000000000000000 ) ) ;
#1940 = ADVANCED_FACE ( 'NONE', ( #428 ), #1618, .F. ) ;
#1941 = PRESENTATION_LAYER_ASSIGNMENT (  '', '', ( #2147 ) ) ;
#1942 = DIRECTION ( 'NONE',  ( -1.000000000000000000, 0.000000000000000000, 0.000000000000000000 ) ) ;
#1943 = EDGE_CURVE ( 'NONE', #266, #304, #936, .T. ) ;
#1944 = DIRECTION ( 'NONE',  ( 1.000000000000000000, 0.000000000000000000, 0.000000000000000000 ) ) ;
#1945 = EDGE_CURVE ( 'NONE', #571, #1807, #859, .T. ) ;
#1946 = ORIENTED_EDGE ( 'NONE', *, *, #1290, .F. ) ;
#1947 = ORIENTED_EDGE ( 'NONE', *, *, #1396, .F. ) ;
#1948 = DIRECTION ( 'NONE',  ( 1.000000000000000000, 0.000000000000000000, 0.000000000000000000 ) ) ;
#1949 = ORIENTED_EDGE ( 'NONE', *, *, #1232, .F. ) ;
#1950 = DIRECTION ( 'NONE',  ( 0.000000000000000000, 1.000000000000000000, 0.000000000000000000 ) ) ;
#1951 = ORIENTED_EDGE ( 'NONE', *, *, #2267, .F. ) ;
#1952 = DIRECTION ( 'NONE',  ( 1.000000000000000000, 0.000000000000000000, 0.000000000000000000 ) ) ;
#1953 = FILL_AREA_STYLE ('',( #196 ) ) ;
#1954 = VERTEX_POINT ( 'NONE', #2843 ) ;
#1955 = ADVANCED_FACE ( 'NONE', ( #468 ), #2115, .F. ) ;
#1956 = EDGE_LOOP ( 'NONE', ( #1210, #1089, #1045, #239 ) ) ;
#1957 = DIRECTION ( 'NONE',  ( 0.000000000000000000, 0.000000000000000000, 1.000000000000000000 ) ) ;
#1958 = DIRECTION ( 'NONE',  ( -0.000000000000000000, 1.000000000000000000, -0.000000000000000000 ) ) ;
#1959 = ORIENTED_EDGE ( 'NONE', *, *, #1242, .T. ) ;
#1960 = EDGE_CURVE ( 'NONE', #1710, #1085, #2193, .T. ) ;
#1961 = CARTESIAN_POINT ( 'NONE',  ( 496.5000000000000000, 435.0000000000000568, 18.00000000000000000 ) ) ;
#1962 = FACE_OUTER_BOUND ( 'NONE', #1636, .T. ) ;
#1963 = CIRCLE ( 'NONE', #2417, 2.500000000000057732 ) ;
#1964 = CARTESIAN_POINT ( 'NONE',  ( 585.6205806953473711, -725.0000000000000000, -13.70027047857381852 ) ) ;
#1965 = CARTESIAN_POINT ( 'NONE',  ( 42.79417451143778095, -5.689651003726128759E-17, 31.00000000000000000 ) ) ;
#1966 = VECTOR ( 'NONE', #1740, 1000.000000000000000 ) ;
#1967 = CYLINDRICAL_SURFACE ( 'NONE', #3261, 6.000000000000394351 ) ;
#1968 = LINE ( 'NONE', #2454, #1299 ) ;
#1969 = DIRECTION ( 'NONE',  ( 0.000000000000000000, 0.000000000000000000, 1.000000000000000000 ) ) ;
#1970 = CARTESIAN_POINT ( 'NONE',  ( 51.00000000000004263, 51.00000000000004263, 0.000000000000000000 ) ) ;
#1971 = EDGE_CURVE ( 'NONE', #3139, #2722, #1689, .T. ) ;
#1972 = SURFACE_SIDE_STYLE ('',( #2485 ) ) ;
#1973 = VERTEX_POINT ( 'NONE', #1844 ) ;
#1974 = CARTESIAN_POINT ( 'NONE',  ( 472.1299423149106929, 472.1299423149121708, 18.00000000000000000 ) ) ;
#1975 = LINE ( 'NONE', #2564, #951 ) ;
#1976 = ORIENTED_EDGE ( 'NONE', *, *, #762, .T. ) ;
#1977 = DIRECTION ( 'NONE',  ( 0.000000000000000000, 1.000000000000000000, 0.000000000000000000 ) ) ;
#1978 = CARTESIAN_POINT ( 'NONE',  ( 436.7746032555820648, 113.2253967444216585, 11.99999999999999822 ) ) ;
#1979 = AXIS2_PLACEMENT_3D ( 'NONE', #3274, #1512, #978 ) ;
#1980 = LINE ( 'NONE', #855, #1313 ) ;
#1981 = ORIENTED_EDGE ( 'NONE', *, *, #2247, .T. ) ;
#1982 = DIRECTION ( 'NONE',  ( 0.9932892160846683582, -0.1156569635167078586, 0.000000000000000000 ) ) ;
#1983 = AXIS2_PLACEMENT_3D ( 'NONE', #70, #820, #1816 ) ;
#1984 =( LENGTH_UNIT ( ) NAMED_UNIT ( * ) SI_UNIT ( .MILLI., .METRE. ) );
#1985 = ORIENTED_EDGE ( 'NONE', *, *, #3098, .F. ) ;
#1986 = AXIS2_PLACEMENT_3D ( 'NONE', #2750, #498, #772 ) ;
#1987 = ORIENTED_EDGE ( 'NONE', *, *, #84, .F. ) ;
#1988 = ORIENTED_EDGE ( 'NONE', *, *, #2881, .F. ) ;
#1989 = DIRECTION ( 'NONE',  ( -0.000000000000000000, -0.000000000000000000, 1.000000000000000000 ) ) ;
#1990 = CARTESIAN_POINT ( 'NONE',  ( 0.000000000000000000, 0.000000000000000000, 31.00000000000000000 ) ) ;
#1991 = ORIENTED_EDGE ( 'NONE', *, *, #1441, .T. ) ;
#1992 = EDGE_LOOP ( 'NONE', ( #707, #1946 ) ) ;
#1993 =( NAMED_UNIT ( * ) SI_UNIT ( $, .STERADIAN. ) SOLID_ANGLE_UNIT ( ) );
#1994 = DIRECTION ( 'NONE',  ( 0.000000000000000000, 0.000000000000000000, 1.000000000000000000 ) ) ;
#1995 = DIRECTION ( 'NONE',  ( 0.000000000000000000, 1.000000000000000000, 0.000000000000000000 ) ) ;
#1997 = AXIS2_PLACEMENT_3D ( 'NONE', #254, #1521, #3051 ) ;
#1996 = VECTOR ( 'NONE', #1581, 1000.000000000000000 ) ;
#1998 = DIRECTION ( 'NONE',  ( 0.000000000000000000, 0.000000000000000000, -1.000000000000000000 ) ) ;
#1999 = CARTESIAN_POINT ( 'NONE',  ( 114.9999999999999858, 499.0000000000000000, 18.00000000000000000 ) ) ;
#2000 = CIRCLE ( 'NONE', #249, 6.000000000000394351 ) ;
#2001 = DIRECTION ( 'NONE',  ( -0.000000000000000000, -0.000000000000000000, -1.000000000000000000 ) ) ;
#2002 = LINE ( 'NONE', #3271, #1966 ) ;
#2003 = EDGE_CURVE ( 'NONE', #453, #427, #1058, .T. ) ;
#2004 = CYLINDRICAL_SURFACE ( 'NONE', #1149, 2.500000000000002220 ) ;
#2005 = CARTESIAN_POINT ( 'NONE',  ( 47.00000000000001421, 51.00000000000004263, 11.99999999999999822 ) ) ;
#2006 = CIRCLE ( 'NONE', #1304, 3.000000000000058176 ) ;
#2007 = ORIENTED_EDGE ( 'NONE', *, *, #2761, .T. ) ;
#2008 = VECTOR ( 'NONE', #2316, 1000.000000000000000 ) ;
#2009 = CARTESIAN_POINT ( 'NONE',  ( 53.50000000000004263, 115.0000000000000142, 18.00000000000000000 ) ) ;
#2010 = ORIENTED_EDGE ( 'NONE', *, *, #2856, .T. ) ;
#2011 = CARTESIAN_POINT ( 'NONE',  ( 113.2253967444178784, 113.2253967444216585, 18.00000000000000000 ) ) ;
#2012 = CARTESIAN_POINT ( 'NONE',  ( 184.9999999999999432, 730.0000000000000000, 15.00000000000000000 ) ) ;
#2013 = DIRECTION ( 'NONE',  ( -0.000000000000000000, -0.000000000000000000, -1.000000000000000000 ) ) ;
#2014 = EDGE_CURVE ( 'NONE', #1171, #2213, #1727, .T. ) ;
#2015 = ADVANCED_FACE ( 'NONE', ( #2154 ), #2402, .F. ) ;
#2016 = CARTESIAN_POINT ( 'NONE',  ( 516.6776695296641719, 516.6776695296631488, 11.99999999999999822 ) ) ;
#2017 = PRODUCT_DEFINITION_SHAPE ( 'NONE', 'NONE',  #3284 ) ;
#2018 = DIRECTION ( 'NONE',  ( -0.000000000000000000, -0.000000000000000000, -1.000000000000000000 ) ) ;
#2019 = DIRECTION ( 'NONE',  ( -0.000000000000000000, -0.000000000000000000, 1.000000000000000000 ) ) ;
#2020 = ORIENTED_EDGE ( 'NONE', *, *, #945, .F. ) ;
#2021 = AXIS2_PLACEMENT_3D ( 'NONE', #1078, #1114, #1608 ) ;
#2022 = ORIENTED_EDGE ( 'NONE', *, *, #2536, .F. ) ;
#2023 = EDGE_CURVE ( 'NONE', #1088, #2185, #386, .T. ) ;
#2024 = PLANE ( 'NONE',  #578 ) ;
#2025 = ORIENTED_EDGE ( 'NONE', *, *, #3089, .F. ) ;
#2026 = APPLICATION_CONTEXT ( 'automotive_design' ) ;
#2027 = ORIENTED_EDGE ( 'NONE', *, *, #1343, .T. ) ;
#2028 = CARTESIAN_POINT ( 'NONE',  ( 55.00000000000006395, 499.0000000000000000, 11.99999999999999822 ) ) ;
#2029 = ORIENTED_EDGE ( 'NONE', *, *, #2238, .F. ) ;
#2030 = DIRECTION ( 'NONE',  ( 0.000000000000000000, 0.000000000000000000, 1.000000000000000000 ) ) ;
#2031 = EDGE_LOOP ( 'NONE', ( #1759, #1795, #531, #666 ) ) ;
#2032 = CARTESIAN_POINT ( 'NONE',  ( -1.110223024625156540E-13, 18.00000000000000000, -449.9999999999998863 ) ) ;
#2033 = CARTESIAN_POINT ( 'NONE',  ( 15.10134184193276496, -2.007781800899082034E-17, 0.000000000000000000 ) ) ;
#2034 = ORIENTED_EDGE ( 'NONE', *, *, #1914, .T. ) ;
#2035 =( REPRESENTATION_RELATIONSHIP ('NONE','NONE', #2646, #1449 ) REPRESENTATION_RELATIONSHIP_WITH_TRANSFORMATION ( #503 )SHAPE_REPRESENTATION_RELATIONSHIP( ) );
#2036 = CARTESIAN_POINT ( 'NONE',  ( 93.11349281540012157, 725.0000000000000000, 31.00000000000000000 ) ) ;
#2037 = CYLINDRICAL_SURFACE ( 'NONE', #461, 2.500000000000002220 ) ;
#2038 =( NAMED_UNIT ( * ) PLANE_ANGLE_UNIT ( ) SI_UNIT ( $, .RADIAN. ) );
#2039 = AXIS2_PLACEMENT_3D ( 'NONE', #1388, #2387, #3212 ) ;
#2040 = DIRECTION ( 'NONE',  ( 1.000000000000000000, 0.000000000000000000, 0.000000000000000000 ) ) ;
#2041 = LINE ( 'NONE', #2590, #2859 ) ;
#2042 = LINE ( 'NONE', #1450, #280 ) ;
#2043 = AXIS2_PLACEMENT_3D ( 'NONE', #1369, #1087, #2887 ) ;
#2044 = PLANE ( 'NONE',  #2325 ) ;
#2045 = AXIS2_PLACEMENT_3D ( 'NONE', #413, #3169, #1669 ) ;
#2046 = LINE ( 'NONE', #522, #1266 ) ;
#2047 = ORIENTED_EDGE ( 'NONE', *, *, #1847, .T. ) ;
#2048 = DIRECTION ( 'NONE',  ( 1.000000000000000000, 0.000000000000000000, 0.000000000000000000 ) ) ;
#2049 = PRESENTATION_STYLE_ASSIGNMENT (( #209 ) ) ;
#2050 = ORIENTED_EDGE ( 'NONE', *, *, #208, .T. ) ;
#2051 =( NAMED_UNIT ( * ) PLANE_ANGLE_UNIT ( ) SI_UNIT ( $, .RADIAN. ) );
#2052 = VERTEX_POINT ( 'NONE', #1361 ) ;
#2053 = DIRECTION ( 'NONE',  ( 0.000000000000000000, 0.000000000000000000, -1.000000000000000000 ) ) ;
#2054 = DIRECTION ( 'NONE',  ( 1.000000000000000000, 0.000000000000000000, 0.000000000000000000 ) ) ;
#2055 = VERTEX_POINT ( 'NONE', #851 ) ;
#2056 = DIRECTION ( 'NONE',  ( 1.000000000000000000, 0.000000000000000000, 0.000000000000000000 ) ) ;
#2057 = EDGE_LOOP ( 'NONE', ( #1947, #1150 ) ) ;
#2058 = ORIENTED_EDGE ( 'NONE', *, *, #2881, .T. ) ;
#2059 = FILL_AREA_STYLE ('',( #1064 ) ) ;
#2060 = DIRECTION ( 'NONE',  ( -1.000000000000000000, 0.000000000000000000, 0.000000000000000000 ) ) ;
#2061 = ORIENTED_EDGE ( 'NONE', *, *, #1611, .F. ) ;
#2062 = EDGE_CURVE ( 'NONE', #2052, #1920, #47, .T. ) ;
#2063 = CARTESIAN_POINT ( 'NONE',  ( 58.01941254751481836, 5.421010862427522170E-17, 0.000000000000000000 ) ) ;
#2064 = DIRECTION ( 'NONE',  ( -0.7071067811865253683, 0.7071067811865696662, 0.000000000000000000 ) ) ;
#2065 = ORIENTED_EDGE ( 'NONE', *, *, #595, .F. ) ;
#2066 = DIRECTION ( 'NONE',  ( 1.000000000000000000, 0.000000000000000000, 0.000000000000000000 ) ) ;
#2067 = ORIENTED_EDGE ( 'NONE', *, *, #3016, .F. ) ;
#2068 = CARTESIAN_POINT ( 'NONE',  ( 436.7746032555820648, 436.7746032555858733, 11.99999999999999822 ) ) ;
#2069 = FILL_AREA_STYLE ('',( #2352 ) ) ;
#2070 = ORIENTED_EDGE ( 'NONE', *, *, #1945, .T. ) ;
#2071 = EDGE_CURVE ( 'NONE', #2105, #1638, #1474, .T. ) ;
#2072 = VECTOR ( 'NONE', #2613, 1000.000000000000114 ) ;
#2073 = MANIFOLD_SOLID_BREP ( 'Cortar-Extruir1[2]', #1685 ) ;
#2074 = LINE ( 'NONE', #3025, #1415 ) ;
#2075 = CARTESIAN_POINT ( 'NONE',  ( 51.00000000000004263, 115.0000000000000142, 0.000000000000000000 ) ) ;
#2076 = LINE ( 'NONE', #264, #2561 ) ;
#2077 = DIRECTION ( 'NONE',  ( 0.9932892160846683582, -0.1156569635167078586, 0.000000000000000000 ) ) ;
#2078 = CIRCLE ( 'NONE', #42, 2.500000000000002220 ) ;
#2079 = AXIS2_PLACEMENT_3D ( 'NONE', #998, #1009, #1226 ) ;
#2080 = FACE_BOUND ( 'NONE', #2933, .T. ) ;
#2081 = DIRECTION ( 'NONE',  ( 1.000000000000000000, 0.000000000000000000, 0.000000000000000000 ) ) ;
#2082 = EDGE_CURVE ( 'NONE', #811, #760, #285, .T. ) ;
#2083 = EDGE_LOOP ( 'NONE', ( #1802, #1455, #2814, #2263, #380, #1639 ) ) ;
#2084 = LINE ( 'NONE', #2743, #1228 ) ;
#2085 = CARTESIAN_POINT ( 'NONE',  ( 432.5319625684624611, 108.9827560573022680, 18.00000000000000000 ) ) ;
#2086 = ORIENTED_EDGE ( 'NONE', *, *, #320, .F. ) ;
#2087 = DIRECTION ( 'NONE',  ( 0.000000000000000000, -0.000000000000000000, 1.000000000000000000 ) ) ;
#2088 = FACE_OUTER_BOUND ( 'NONE', #476, .T. ) ;
#2089 = LINE ( 'NONE', #3086, #1428 ) ;
#2090 = CARTESIAN_POINT ( 'NONE',  ( -1.110223024625156540E-13, 18.00000000000000000, 2.220446049250313081E-13 ) ) ;
#2091 = CARTESIAN_POINT ( 'NONE',  ( 432.5000000000000568, 499.0000000000000000, 18.00000000000000000 ) ) ;
#2092 = EDGE_CURVE ( 'NONE', #2789, #1230, #1628, .T. ) ;
#2093 = ORIENTED_EDGE ( 'NONE', *, *, #2071, .T. ) ;
#2094 = DIRECTION ( 'NONE',  ( -0.000000000000000000, -0.000000000000000000, -1.000000000000000000 ) ) ;
#2095 = EDGE_LOOP ( 'NONE', ( #1303, #1934 ) ) ;
#2096 = DIRECTION ( 'NONE',  ( -0.000000000000000000, -0.000000000000000000, -1.000000000000000000 ) ) ;
#2097 = ORIENTED_EDGE ( 'NONE', *, *, #1329, .F. ) ;
#2098 = DIRECTION ( 'NONE',  ( -0.000000000000000000, -0.000000000000000000, -1.000000000000000000 ) ) ;
#2099 = VERTEX_POINT ( 'NONE', #2399 ) ;
#2100 = CARTESIAN_POINT ( 'NONE',  ( 113.2253967444178642, 436.7746032555858733, 18.00000000000000000 ) ) ;
#2101 = VERTEX_POINT ( 'NONE', #2410 ) ;
#2102 = DIRECTION ( 'NONE',  ( -0.000000000000000000, -0.000000000000000000, -1.000000000000000000 ) ) ;
#2103 = AXIS2_PLACEMENT_3D ( 'NONE', #659, #1665, #1418 ) ;
#2104 = EDGE_CURVE ( 'NONE', #449, #2099, #2421, .T. ) ;
#2105 = VERTEX_POINT ( 'NONE', #1370 ) ;
#2106 = EDGE_CURVE ( 'NONE', #2360, #1197, #2484, .T. ) ;
#2107 = DIRECTION ( 'NONE',  ( 0.000000000000000000, 0.000000000000000000, 1.000000000000000000 ) ) ;
#2108 = ORIENTED_EDGE ( 'NONE', *, *, #1929, .F. ) ;
#2109 = DIRECTION ( 'NONE',  ( 0.000000000000000000, 0.000000000000000000, 1.000000000000000000 ) ) ;
#2110 = VECTOR ( 'NONE', #2333, 1000.000000000000000 ) ;
#2111 = CARTESIAN_POINT ( 'NONE',  ( 520.9203102167834913, 512.4350288425437157, 11.99999999999999822 ) ) ;
#2112 = ORIENTED_EDGE ( 'NONE', *, *, #381, .T. ) ;
#2113 = DIRECTION ( 'NONE',  ( 0.000000000000000000, 0.000000000000000000, 1.000000000000000000 ) ) ;
#2114 = CIRCLE ( 'NONE', #860, 6.000000000000102141 ) ;
#2115 = CYLINDRICAL_SURFACE ( 'NONE', #2021, 3.999999999999892530 ) ;
#2116 = DIRECTION ( 'NONE',  ( 1.000000000000000000, 0.000000000000000000, -0.000000000000000000 ) ) ;
#2117 = ADVANCED_BREP_SHAPE_REPRESENTATION ( '', ( #2073, #706, #1372 ), #2207 ) ;
#2118 = DIRECTION ( 'NONE',  ( -0.000000000000000000, -0.000000000000000000, 1.000000000000000000 ) ) ;
#2119 = LINE ( 'NONE', #91, #2950 ) ;
#2120 = PRODUCT_DEFINITION_CONTEXT ( 'detailed design', #283, 'design' ) ;
#2121 = LINE ( 'NONE', #2971, #942 ) ;
#2122 = ORIENTED_EDGE ( 'NONE', *, *, #1478, .F. ) ;
#2123 = AXIS2_PLACEMENT_3D ( 'NONE', #858, #2098, #97 ) ;
#2124 = EDGE_CURVE ( 'NONE', #2055, #15, #2991, .T. ) ;
#2125 = FACE_BOUND ( 'NONE', #2836, .T. ) ;
#2126 = ORIENTED_EDGE ( 'NONE', *, *, #2788, .F. ) ;
#2127 = PRESENTATION_STYLE_ASSIGNMENT (( #3182 ) ) ;
#2128 = CIRCLE ( 'NONE', #363, 2.500000000000002220 ) ;
#2129 = DIRECTION ( 'NONE',  ( -0.1713727001804919992, -0.9852062716166839484, 0.000000000000000000 ) ) ;
#2130 = ADVANCED_FACE ( 'NONE', ( #3204 ), #1921, .T. ) ;
#2131 = CARTESIAN_POINT ( 'NONE',  ( 501.5000000000000568, 435.0000000000000568, 18.00000000000000000 ) ) ;
#2132 = ADVANCED_FACE ( 'NONE', ( #1787 ), #614, .F. ) ;
#2133 = ORIENTED_EDGE ( 'NONE', *, *, #2594, .F. ) ;
#2134 = EDGE_CURVE ( 'NONE', #2965, #2368, #1468, .T. ) ;
#2135 = EDGE_LOOP ( 'NONE', ( #1287, #1043, #2734, #607 ) ) ;
#2136 = DIRECTION ( 'NONE',  ( -1.000000000000000000, 0.000000000000000000, 0.000000000000000000 ) ) ;
#2137 = CARTESIAN_POINT ( 'NONE',  ( 0.000000000000000000, 0.000000000000000000, 0.000000000000000000 ) ) ;
#2138 = ORIENTED_EDGE ( 'NONE', *, *, #320, .T. ) ;
#2139 = AXIS2_PLACEMENT_3D ( 'NONE', #250, #734, #1764 ) ;
#2140 = ORIENTED_EDGE ( 'NONE', *, *, #160, .F. ) ;
#2141 = EDGE_CURVE ( 'NONE', #2696, #2578, #946, .T. ) ;
#2142 = DIRECTION ( 'NONE',  ( -0.9852062716166839484, 0.1713727001804919714, 0.000000000000000000 ) ) ;
#2143 = CARTESIAN_POINT ( 'NONE',  ( 33.32233047033575701, 516.6776695296631488, 11.99999999999999822 ) ) ;
#2144 = ADVANCED_FACE ( 'NONE', ( #1700 ), #899, .F. ) ;
#2145 = DIRECTION ( 'NONE',  ( 1.000000000000000000, 0.000000000000000000, 0.000000000000000000 ) ) ;
#2146 = VERTEX_POINT ( 'NONE', #1900 ) ;
#2147 = STYLED_ITEM ( 'NONE', ( #2690 ), #3054 ) ;
#2148 = DIRECTION ( 'NONE',  ( 0.000000000000000000, 0.000000000000000000, 1.000000000000000000 ) ) ;
#2149 = AXIS2_PLACEMENT_3D ( 'NONE', #2990, #1782, #1767 ) ;
#2150 = ADVANCED_FACE ( 'NONE', ( #2530 ), #1032, .F. ) ;
#2151 = CARTESIAN_POINT ( 'NONE',  ( 51.00000000000004263, 499.0000000000000000, 11.99999999999999822 ) ) ;
#2152 = PLANE ( 'NONE',  #2616 ) ;
#2153 = LINE ( 'NONE', #3067, #1996 ) ;
#2154 = FACE_OUTER_BOUND ( 'NONE', #3199, .T. ) ;
#2155 = CARTESIAN_POINT ( 'NONE',  ( 53.50000000000004263, 435.0000000000000568, 18.00000000000000000 ) ) ;
#2156 = DIRECTION ( 'NONE',  ( -0.000000000000000000, -0.000000000000000000, -1.000000000000000000 ) ) ;
#2157 = DIRECTION ( 'NONE',  ( 0.000000000000000000, 0.000000000000000000, 1.000000000000000000 ) ) ;
#2158 = CIRCLE ( 'NONE', #343, 4.000000000000031086 ) ;
#2159 = DIRECTION ( 'NONE',  ( 1.000000000000000000, 0.000000000000000000, 0.000000000000000000 ) ) ;
#2160 = ORIENTED_EDGE ( 'NONE', *, *, #2168, .F. ) ;
#2161 = CYLINDRICAL_SURFACE ( 'NONE', #2680, 2.999999999999995559 ) ;
#2162 = AXIS2_PLACEMENT_3D ( 'NONE', #1567, #497, #1040 ) ;
#2163 = EDGE_LOOP ( 'NONE', ( #432, #2050 ) ) ;
#2164 = PLANE ( 'NONE',  #3104 ) ;
#2165 = VECTOR ( 'NONE', #561, 1000.000000000000000 ) ;
#2166 = FACE_OUTER_BOUND ( 'NONE', #1867, .T. ) ;
#2167 = ADVANCED_FACE ( 'NONE', ( #2880 ), #2400, .F. ) ;
#2168 = EDGE_CURVE ( 'NONE', #719, #482, #1152, .T. ) ;
#2169 = ORIENTED_EDGE ( 'NONE', *, *, #1837, .T. ) ;
#2170 = DIRECTION ( 'NONE',  ( 0.000000000000000000, 1.000000000000000000, 0.000000000000000000 ) ) ;
#2171 = CIRCLE ( 'NONE', #2550, 2.500000000000002220 ) ;
#2172 = EDGE_LOOP ( 'NONE', ( #908, #88, #2890, #1066 ) ) ;
#2173 = ORIENTED_EDGE ( 'NONE', *, *, #1918, .T. ) ;
#2174 = ORIENTED_EDGE ( 'NONE', *, *, #2792, .T. ) ;
#2175 = CARTESIAN_POINT ( 'NONE',  ( 183.9395984443614793, 730.0000000000000000, 21.50000000000000000 ) ) ;
#2176 = EDGE_LOOP ( 'NONE', ( #2771, #1485, #2569, #816 ) ) ;
#2177 = CARTESIAN_POINT ( 'NONE',  ( 163.0944918928738616, -2.168404344971008868E-16, 31.00000000000000000 ) ) ;
#2178 = EDGE_CURVE ( 'NONE', #921, #1584, #602, .T. ) ;
#2179 = ORIENTED_EDGE ( 'NONE', *, *, #823, .F. ) ;
#2180 = CARTESIAN_POINT ( 'NONE',  ( 271.9999999999999432, 275.0000000000000000, 18.00000000000000000 ) ) ;
#2181 = ADVANCED_FACE ( 'NONE', ( #2567 ), #518, .F. ) ;
#2182 = EDGE_LOOP ( 'NONE', ( #949, #213 ) ) ;
#2183 = EDGE_CURVE ( 'NONE', #943, #1653, #1067, .T. ) ;
#2184 = DIRECTION ( 'NONE',  ( 1.000000000000000000, -1.329538674056075510E-18, 0.000000000000000000 ) ) ;
#2185 = VERTEX_POINT ( 'NONE', #2209 ) ;
#2186 =( NAMED_UNIT ( * ) PLANE_ANGLE_UNIT ( ) SI_UNIT ( $, .RADIAN. ) );
#2187 = CARTESIAN_POINT ( 'NONE',  ( 0.000000000000000000, 0.000000000000000000, 0.000000000000000000 ) ) ;
#2188 = CIRCLE ( 'NONE', #757, 3.000000000000058176 ) ;
#2189 = EDGE_LOOP ( 'NONE', ( #493, #2607, #2650, #2782, #2025, #1360 ) ) ;
#2190 = DIRECTION ( 'NONE',  ( -0.000000000000000000, -0.000000000000000000, -1.000000000000000000 ) ) ;
#2191 = FACE_OUTER_BOUND ( 'NONE', #813, .T. ) ;
#2192 = CARTESIAN_POINT ( 'NONE',  ( 0.000000000000000000, 0.000000000000000000, 31.00000000000000000 ) ) ;
#2193 = CIRCLE ( 'NONE', #338, 6.000000000000005329 ) ;
#2194 = CONTEXT_DEPENDENT_SHAPE_REPRESENTATION ( #1562, #2017 ) ;
#2195 = FACE_OUTER_BOUND ( 'NONE', #1510, .T. ) ;
#2196 = DIRECTION ( 'NONE',  ( -0.000000000000000000, 1.000000000000000000, -0.000000000000000000 ) ) ;
#2197 = CARTESIAN_POINT ( 'NONE',  ( 501.5000000000000568, 115.0000000000000142, 0.000000000000000000 ) ) ;
#2198 = ADVANCED_FACE ( 'NONE', ( #1193 ), #2956, .F. ) ;
#2199 = FACE_OUTER_BOUND ( 'NONE', #2083, .T. ) ;
#2200 = CARTESIAN_POINT ( 'NONE',  ( -13.70027047857066194, -725.0000000000000000, -35.62058069535004279 ) ) ;
#2201 = CIRCLE ( 'NONE', #712, 6.000000000000172307 ) ;
#2202 = CARTESIAN_POINT ( 'NONE',  ( 47.00000000000001421, 51.00000000000004263, 18.00000000000000000 ) ) ;
#2203 = ORIENTED_EDGE ( 'NONE', *, *, #2911, .T. ) ;
#2204 = LINE ( 'NONE', #570, #1154 ) ;
#2205 = DIRECTION ( 'NONE',  ( 0.000000000000000000, 0.000000000000000000, 1.000000000000000000 ) ) ;
#2206 = EDGE_LOOP ( 'NONE', ( #2010, #333 ) ) ;
#2207 =( GEOMETRIC_REPRESENTATION_CONTEXT ( 3 ) GLOBAL_UNCERTAINTY_ASSIGNED_CONTEXT ( ( #2355 ) ) GLOBAL_UNIT_ASSIGNED_CONTEXT ( ( #1984, #717, #2725 ) ) REPRESENTATION_CONTEXT ( 'NONE', 'WORKASPACE' ) );
#2208 =( NAMED_UNIT ( * ) SI_UNIT ( $, .STERADIAN. ) SOLID_ANGLE_UNIT ( ) );
#2209 = CARTESIAN_POINT ( 'NONE',  ( 432.5000000000000568, 499.0000000000000000, 0.000000000000000000 ) ) ;
#2210 = VERTEX_POINT ( 'NONE', #672 ) ;
#2211 = DIRECTION ( 'NONE',  ( 1.000000000000000000, 0.000000000000000000, 0.000000000000000000 ) ) ;
#2212 = PLANE ( 'NONE',  #3166 ) ;
#2213 = VERTEX_POINT ( 'NONE', #2448 ) ;
#2214 = DIRECTION ( 'NONE',  ( 0.000000000000000000, 1.000000000000000000, 0.000000000000000000 ) ) ;
#2215 = ORIENTED_EDGE ( 'NONE', *, *, #2822, .T. ) ;
#2216 = DIRECTION ( 'NONE',  ( 1.000000000000000000, 0.000000000000000000, 0.000000000000000000 ) ) ;
#2217 = CARTESIAN_POINT ( 'NONE',  ( 58.01941254751481836, 5.421010862427522170E-17, 16.00000000000000000 ) ) ;
#2218 = ORIENTED_EDGE ( 'NONE', *, *, #2866, .F. ) ;
#2219 = PRODUCT_DEFINITION_SHAPE ( 'NONE', 'NONE',  #3280 ) ;
#2220 = DIRECTION ( 'NONE',  ( -0.000000000000000000, -0.000000000000000000, -1.000000000000000000 ) ) ;
#2221 = EDGE_LOOP ( 'NONE', ( #925, #3037, #1738, #956 ) ) ;
#2222 = DIRECTION ( 'NONE',  ( 0.9852062716166839484, -0.1713727001804919992, 0.000000000000000000 ) ) ;
#2223 = CARTESIAN_POINT ( 'NONE',  ( 106.9999999999999005, 690.0000000000000000, 15.49999999999999112 ) ) ;
#2224 = ORIENTED_EDGE ( 'NONE', *, *, #3210, .T. ) ;
#2225 = AXIS2_PLACEMENT_3D ( 'NONE', #2542, #1760, #245 ) ;
#2226 = DIRECTION ( 'NONE',  ( -0.000000000000000000, -0.000000000000000000, -1.000000000000000000 ) ) ;
#2227 = DIRECTION ( 'NONE',  ( 0.1156569635167078447, 0.9932892160846682472, 0.000000000000000000 ) ) ;
#2228 = VECTOR ( 'NONE', #2196, 1000.000000000000000 ) ;
#2229 = VECTOR ( 'NONE', #317, 1000.000000000000000 ) ;
#2230 =( NAMED_UNIT ( * ) PLANE_ANGLE_UNIT ( ) SI_UNIT ( $, .RADIAN. ) );
#2231 = CIRCLE ( 'NONE', #1212, 6.000000000000005329 ) ;
#2232 = DIRECTION ( 'NONE',  ( 0.9852062716166839484, -0.1713727001804919992, 0.000000000000000000 ) ) ;
#2233 = ORIENTED_EDGE ( 'NONE', *, *, #1837, .F. ) ;
#2234 = DIRECTION ( 'NONE',  ( 1.000000000000000000, 0.000000000000000000, 0.000000000000000000 ) ) ;
#2235 = EDGE_LOOP ( 'NONE', ( #764, #1448 ) ) ;
#2236 = CARTESIAN_POINT ( 'NONE',  ( 495.0000000000001137, 51.00000000000004263, 18.00000000000000000 ) ) ;
#2237 = VECTOR ( 'NONE', #1419, 1000.000000000000000 ) ;
#2238 = EDGE_CURVE ( 'NONE', #2959, #1973, #1667, .T. ) ;
#2239 = ORIENTED_EDGE ( 'NONE', *, *, #435, .T. ) ;
#2240 = CARTESIAN_POINT ( 'NONE',  ( 432.5319625684624611, 108.9827560573022680, 11.99999999999999822 ) ) ;
#2241 = PRESENTATION_STYLE_ASSIGNMENT (( #2993 ) ) ;
#2242 = VERTEX_POINT ( 'NONE', #1442 ) ;
#2243 = DIRECTION ( 'NONE',  ( 0.000000000000000000, 1.000000000000000000, 0.000000000000000000 ) ) ;
#2244 = DIRECTION ( 'NONE',  ( -1.000000000000000000, 1.329538674056075510E-18, 0.000000000000000000 ) ) ;
#2245 = AXIS2_PLACEMENT_3D ( 'NONE', #1541, #778, #2805 ) ;
#2246 = DIRECTION ( 'NONE',  ( 1.000000000000000000, 0.000000000000000000, 0.000000000000000000 ) ) ;
#2247 = EDGE_CURVE ( 'NONE', #799, #22, #1859, .T. ) ;
#2248 = CIRCLE ( 'NONE', #297, 2.999999999999995559 ) ;
#2249 = ORIENTED_EDGE ( 'NONE', *, *, #490, .T. ) ;
#2250 = DIRECTION ( 'NONE',  ( 0.000000000000000000, 1.000000000000000000, -0.000000000000000000 ) ) ;
#2251 = VERTEX_POINT ( 'NONE', #1427 ) ;
#2252 = VERTEX_POINT ( 'NONE', #1720 ) ;
#2253 = VERTEX_POINT ( 'NONE', #3209 ) ;
#2254 = DIRECTION ( 'NONE',  ( 0.000000000000000000, 0.000000000000000000, 1.000000000000000000 ) ) ;
#2255 = ORIENTED_EDGE ( 'NONE', *, *, #364, .F. ) ;
#2256 = CARTESIAN_POINT ( 'NONE',  ( 3.469446951953614189E-15, 2.007781800899081418E-17, 24.78679656440356283 ) ) ;
#2257 = VERTEX_POINT ( 'NONE', #2932 ) ;
#2258 = ORIENTED_EDGE ( 'NONE', *, *, #660, .T. ) ;
#2259 = AXIS2_PLACEMENT_3D ( 'NONE', #3229, #1487, #1709 ) ;
#2261 = AXIS2_PLACEMENT_3D ( 'NONE', #2781, #2254, #2246 ) ;
#2260 = VECTOR ( 'NONE', #1261, 1000.000000000000000 ) ;
#2262 = DIRECTION ( 'NONE',  ( 1.000000000000000000, 0.000000000000000000, 0.000000000000000000 ) ) ;
#2263 = ORIENTED_EDGE ( 'NONE', *, *, #25, .F. ) ;
#2264 = VECTOR ( 'NONE', #1777, 1000.000000000000000 ) ;
#2265 = PRESENTATION_LAYER_ASSIGNMENT (  '', '', ( #740 ) ) ;
#2266 = VECTOR ( 'NONE', #802, 1000.000000000000000 ) ;
#2267 = EDGE_CURVE ( 'NONE', #1912, #197, #3119, .T. ) ;
#2268 = APPLICATION_PROTOCOL_DEFINITION ( 'draft international standard', 'automotive_design', 1998, #501 ) ;
#2269 = CIRCLE ( 'NONE', #442, 4.000000000000017764 ) ;
#2270 = CIRCLE ( 'NONE', #887, 6.000000000000005329 ) ;
#2271 = FACE_OUTER_BOUND ( 'NONE', #2453, .T. ) ;
#2272 = LINE ( 'NONE', #549, #1515 ) ;
#2273 = CARTESIAN_POINT ( 'NONE',  ( 550.0000000000000000, 550.0000000000000000, 18.00000000000000000 ) ) ;
#2274 = VERTEX_POINT ( 'NONE', #433 ) ;
#2275 = DIRECTION ( 'NONE',  ( 0.000000000000000000, 0.000000000000000000, 1.000000000000000000 ) ) ;
#2276 = VERTEX_POINT ( 'NONE', #186 ) ;
#2277 = DIRECTION ( 'NONE',  ( -0.000000000000000000, -0.000000000000000000, 1.000000000000000000 ) ) ;
#2278 = LINE ( 'NONE', #1034, #2806 ) ;
#2279 =( REPRESENTATION_RELATIONSHIP ('NONE','NONE', #2646, #1511 ) REPRESENTATION_RELATIONSHIP_WITH_TRANSFORMATION ( #472 )SHAPE_REPRESENTATION_RELATIONSHIP( ) );
#2280 = ORIENTED_EDGE ( 'NONE', *, *, #3134, .T. ) ;
#2281 =( NAMED_UNIT ( * ) SI_UNIT ( $, .STERADIAN. ) SOLID_ANGLE_UNIT ( ) );
#2282 = ADVANCED_FACE ( 'NONE', ( #1233, #985, #1556, #321, #437, #873, #195, #3041, #2801, #2125, #792, #1385, #1551, #2563, #1698, #3, #869, #78 ), #471, .T. ) ;
#2283 = CARTESIAN_POINT ( 'NONE',  ( 516.6776695296641719, 33.32233047033469120, 11.99999999999999822 ) ) ;
#2284 = VERTEX_POINT ( 'NONE', #1932 ) ;
#2285 = AXIS2_PLACEMENT_3D ( 'NONE', #1517, #1748, #3020 ) ;
#2286 = EDGE_CURVE ( 'NONE', #154, #1244, #1467, .T. ) ;
#2287 = DIRECTION ( 'NONE',  ( 0.000000000000000000, 0.000000000000000000, 1.000000000000000000 ) ) ;
#2288 = ORIENTED_EDGE ( 'NONE', *, *, #2955, .F. ) ;
#2289 = DIRECTION ( 'NONE',  ( 0.000000000000000000, 0.000000000000000000, 1.000000000000000000 ) ) ;
#2290 = DIRECTION ( 'NONE',  ( -0.000000000000000000, -0.000000000000000000, 1.000000000000000000 ) ) ;
#2291 = ORIENTED_EDGE ( 'NONE', *, *, #142, .F. ) ;
#2292 = CARTESIAN_POINT ( 'NONE',  ( 550.0000000000000000, 0.000000000000000000, 0.000000000000000000 ) ) ;
#2293 = VERTEX_POINT ( 'NONE', #704 ) ;
#2294 = DIRECTION ( 'NONE',  ( 1.000000000000000000, 0.000000000000000000, 0.000000000000000000 ) ) ;
#2295 = EDGE_CURVE ( 'NONE', #1584, #197, #192, .T. ) ;
#2296 = ORIENTED_EDGE ( 'NONE', *, *, #1232, .T. ) ;
#2297 = DIRECTION ( 'NONE',  ( 0.7071067811865681119, -0.7071067811865269226, 0.000000000000000000 ) ) ;
#2298 = DIRECTION ( 'NONE',  ( -0.000000000000000000, -0.000000000000000000, -1.000000000000000000 ) ) ;
#2299 = ORIENTED_EDGE ( 'NONE', *, *, #544, .T. ) ;
#2300 = VECTOR ( 'NONE', #1989, 1000.000000000000000 ) ;
#2301 = CARTESIAN_POINT ( 'NONE',  ( 190.0750793453590006, 730.0000000000000000, 31.00000000000000000 ) ) ;
#2302 = LINE ( 'NONE', #2236, #2260 ) ;
#2303 = CIRCLE ( 'NONE', #2304, 2.499999999999995115 ) ;
#2304 = AXIS2_PLACEMENT_3D ( 'NONE', #1065, #2780, #298 ) ;
#2305 = CARTESIAN_POINT ( 'NONE',  ( 0.000000000000000000, 5.999999999999998224, 0.000000000000000000 ) ) ;
#2306 = EDGE_CURVE ( 'NONE', #1167, #921, #2121, .T. ) ;
#2307 = CARTESIAN_POINT ( 'NONE',  ( 501.5000000000000568, 115.0000000000000142, 18.00000000000000000 ) ) ;
#2308 = LINE ( 'NONE', #374, #187 ) ;
#2309 = ORIENTED_EDGE ( 'NONE', *, *, #3163, .T. ) ;
#2310 = AXIS2_PLACEMENT_3D ( 'NONE', #540, #2821, #2081 ) ;
#2311 = DIRECTION ( 'NONE',  ( 0.000000000000000000, 0.000000000000000000, 1.000000000000000000 ) ) ;
#2312 = AXIS2_PLACEMENT_3D ( 'NONE', #750, #763, #520 ) ;
#2313 = VECTOR ( 'NONE', #418, 1000.000000000000000 ) ;
#2314 = UNCERTAINTY_MEASURE_WITH_UNIT (LENGTH_MEASURE( 1.000000000000000082E-05 ), #3150, 'distance_accuracy_value', 'NONE');
#2315 = EDGE_LOOP ( 'NONE', ( #923, #398, #1432, #1600 ) ) ;
#2316 = DIRECTION ( 'NONE',  ( -0.000000000000000000, -0.000000000000000000, 1.000000000000000000 ) ) ;
#2317 = VECTOR ( 'NONE', #174, 1000.000000000000000 ) ;
#2318 = DIRECTION ( 'NONE',  ( -0.000000000000000000, -0.000000000000000000, 1.000000000000000000 ) ) ;
#2319 = CARTESIAN_POINT ( 'NONE',  ( 108.9827560572986442, 432.5319625684663833, 11.99999999999999822 ) ) ;
#2320 = VECTOR ( 'NONE', #2851, 1000.000000000000000 ) ;
#2321 = VECTOR ( 'NONE', #2156, 1000.000000000000000 ) ;
#2322 = ORIENTED_EDGE ( 'NONE', *, *, #2742, .T. ) ;
#2323 = ORIENTED_EDGE ( 'NONE', *, *, #2751, .T. ) ;
#2324 = AXIS2_PLACEMENT_3D ( 'NONE', #3252, #1719, #1465 ) ;
#2325 = AXIS2_PLACEMENT_3D ( 'NONE', #1800, #2250, #2287 ) ;
#2326 = CARTESIAN_POINT ( 'NONE',  ( 53.50000000000004263, 435.0000000000000568, 0.000000000000000000 ) ) ;
#2327 = EDGE_LOOP ( 'NONE', ( #246, #1855, #2378, #2288, #415, #2529 ) ) ;
#2328 = ORIENTED_EDGE ( 'NONE', *, *, #2462, .F. ) ;
#2329 = DIRECTION ( 'NONE',  ( -0.000000000000000000, 0.000000000000000000, -1.000000000000000000 ) ) ;
#2330 = DIRECTION ( 'NONE',  ( 0.000000000000000000, 0.000000000000000000, 1.000000000000000000 ) ) ;
#2331 = ORIENTED_EDGE ( 'NONE', *, *, #2351, .T. ) ;
#2332 = EDGE_CURVE ( 'NONE', #2701, #760, #2954, .T. ) ;
#2333 = DIRECTION ( 'NONE',  ( -0.000000000000000000, -0.000000000000000000, -1.000000000000000000 ) ) ;
#2334 = VERTEX_POINT ( 'NONE', #2775 ) ;
#2335 = DIRECTION ( 'NONE',  ( 1.000000000000000000, 0.000000000000000000, 0.000000000000000000 ) ) ;
#2336 = ORIENTED_EDGE ( 'NONE', *, *, #1945, .F. ) ;
#2337 = CARTESIAN_POINT ( 'NONE',  ( 55.00000000000007816, 51.00000000000004263, 11.99999999999999822 ) ) ;
#2338 = ORIENTED_EDGE ( 'NONE', *, *, #2702, .T. ) ;
#2339 = EDGE_CURVE ( 'NONE', #1174, #2242, #3115, .T. ) ;
#2340 = ORIENTED_EDGE ( 'NONE', *, *, #2062, .T. ) ;
#2341 = DIRECTION ( 'NONE',  ( 0.000000000000000000, 0.000000000000000000, 1.000000000000000000 ) ) ;
#2342 = DIRECTION ( 'NONE',  ( -1.000000000000000000, -0.000000000000000000, -0.000000000000000000 ) ) ;
#2343 = CIRCLE ( 'NONE', #966, 2.999999999999993783 ) ;
#2344 = CARTESIAN_POINT ( 'NONE',  ( 0.000000000000000000, 0.000000000000000000, 0.000000000000000000 ) ) ;
#2345 = LINE ( 'NONE', #356, #2320 ) ;
#2346 = DIRECTION ( 'NONE',  ( 0.000000000000000000, 0.000000000000000000, 1.000000000000000000 ) ) ;
#2347 = FACE_OUTER_BOUND ( 'NONE', #3228, .T. ) ;
#2348 =( GEOMETRIC_REPRESENTATION_CONTEXT ( 3 ) GLOBAL_UNCERTAINTY_ASSIGNED_CONTEXT ( ( #2314 ) ) GLOBAL_UNIT_ASSIGNED_CONTEXT ( ( #3150, #143, #891 ) ) REPRESENTATION_CONTEXT ( 'NONE', 'WORKASPACE' ) );
#2349 = FACE_BOUND ( 'NONE', #1542, .T. ) ;
#2350 = DIRECTION ( 'NONE',  ( 0.000000000000000000, 0.000000000000000000, 1.000000000000000000 ) ) ;
#2351 = EDGE_CURVE ( 'NONE', #1348, #49, #3201, .T. ) ;
#2352 = FILL_AREA_STYLE_COLOUR ( '', #797 ) ;
#2353 = CLOSED_SHELL ( 'NONE', ( #1923, #387, #886, #423, #1205, #2144, #663, #1646, #3154, #1133, #169, #2130, #695, #3184, #2371, #2910, #648, #135, #2930, #132 ) ) ;
#2354 = VECTOR ( 'NONE', #2964, 1000.000000000000000 ) ;
#2355 = UNCERTAINTY_MEASURE_WITH_UNIT (LENGTH_MEASURE( 1.000000000000000082E-05 ), #1984, 'distance_accuracy_value', 'NONE');
#2356 = CARTESIAN_POINT ( 'NONE',  ( 47.00000000000002842, 499.0000000000000000, 0.000000000000000000 ) ) ;
#2357 = DIRECTION ( 'NONE',  ( -0.000000000000000000, -0.000000000000000000, -1.000000000000000000 ) ) ;
#2358 = CYLINDRICAL_SURFACE ( 'NONE', #1253, 6.000000000000005329 ) ;
#2359 = DIRECTION ( 'NONE',  ( 0.000000000000000000, 0.000000000000000000, 1.000000000000000000 ) ) ;
#2360 = VERTEX_POINT ( 'NONE', #1526 ) ;
#2361 = DIRECTION ( 'NONE',  ( 0.000000000000000000, 1.000000000000000000, 0.000000000000000000 ) ) ;
#2362 = CARTESIAN_POINT ( 'NONE',  ( 63.09449189287384741, 0.000000000000000000, 0.000000000000000000 ) ) ;
#2363 = ORIENTED_EDGE ( 'NONE', *, *, #591, .T. ) ;
#2364 = CARTESIAN_POINT ( 'NONE',  ( 113.2253967444178784, 113.2253967444216585, 18.00000000000000000 ) ) ;
#2365 = DIRECTION ( 'NONE',  ( -0.000000000000000000, -0.000000000000000000, -1.000000000000000000 ) ) ;
#2366 = ORIENTED_EDGE ( 'NONE', *, *, #1960, .T. ) ;
#2367 = CARTESIAN_POINT ( 'NONE',  ( 163.0944918928738616, -2.168404344971008868E-16, 31.00000000000000000 ) ) ;
#2368 = VERTEX_POINT ( 'NONE', #3032 ) ;
#2369 = AXIS2_PLACEMENT_3D ( 'NONE', #1307, #2813, #790 ) ;
#2370 = CARTESIAN_POINT ( 'NONE',  ( 432.5319625684625180, 108.9827560573022538, 18.00000000000000000 ) ) ;
#2371 = ADVANCED_FACE ( 'NONE', ( #2683 ), #2161, .F. ) ;
#2372 = VERTEX_POINT ( 'NONE', #219 ) ;
#2373 = STYLED_ITEM ( 'NONE', ( #2642 ), #2117 ) ;
#2374 = AXIS2_PLACEMENT_3D ( 'NONE', #311, #815, #1320 ) ;
#2375 = EDGE_LOOP ( 'NONE', ( #642, #2665, #639, #2438 ) ) ;
#2376 = ADVANCED_FACE ( 'NONE', ( #282 ), #1501, .F. ) ;
#2377 = DIRECTION ( 'NONE',  ( 0.000000000000000000, 0.000000000000000000, 1.000000000000000000 ) ) ;
#2378 = ORIENTED_EDGE ( 'NONE', *, *, #2178, .F. ) ;
#2379 = EDGE_LOOP ( 'NONE', ( #290, #2468 ) ) ;
#2380 = FACE_OUTER_BOUND ( 'NONE', #1597, .T. ) ;
#2381 = DIRECTION ( 'NONE',  ( 0.000000000000000000, 0.000000000000000000, 1.000000000000000000 ) ) ;
#2382 = DIRECTION ( 'NONE',  ( -1.000000000000000000, -0.000000000000000000, -0.000000000000000000 ) ) ;
#2383 = CIRCLE ( 'NONE', #1979, 3.999999999999892530 ) ;
#2384 = VECTOR ( 'NONE', #2832, 1000.000000000000000 ) ;
#2385 = ITEM_DEFINED_TRANSFORMATION ( 'NONE', 'NONE', #2324,  #1372 ) ;
#2386 = VECTOR ( 'NONE', #2493, 1000.000000000000000 ) ;
#2387 = DIRECTION ( 'NONE',  ( 0.000000000000000000, 0.000000000000000000, 1.000000000000000000 ) ) ;
#2388 = DIRECTION ( 'NONE',  ( -0.000000000000000000, -1.000000000000000000, -0.000000000000000000 ) ) ;
#2389 = CIRCLE ( 'NONE', #761, 3.999999999999892530 ) ;
#2390 = ADVANCED_FACE ( 'NONE', ( #911 ), #983, .F. ) ;
#2391 = CIRCLE ( 'NONE', #631, 2.999999999999995559 ) ;
#2392 = FACE_OUTER_BOUND ( 'NONE', #2654, .T. ) ;
#2393 = CARTESIAN_POINT ( 'NONE',  ( 113.2253967444178642, 436.7746032555858733, 11.99999999999999822 ) ) ;
#2394 = ADVANCED_FACE ( 'NONE', ( #2876 ), #3244, .F. ) ;
#2395 = EDGE_LOOP ( 'NONE', ( #252, #2668, #3245, #486 ) ) ;
#2396 = AXIS2_PLACEMENT_3D ( 'NONE', #2016, #1005, #1276 ) ;
#2397 = CARTESIAN_POINT ( 'NONE',  ( 499.0000000000000000, 115.0000000000000142, 18.00000000000000000 ) ) ;
#2398 = EDGE_CURVE ( 'NONE', #2101, #2213, #2084, .T. ) ;
#2399 = CARTESIAN_POINT ( 'NONE',  ( 85.46958070007262620, 725.0000000000000000, 9.500000000000000000 ) ) ;
#2400 = CYLINDRICAL_SURFACE ( 'NONE', #3214, 2.500000000000002220 ) ;
#2401 = VERTEX_POINT ( 'NONE', #1019 ) ;
#2402 = CYLINDRICAL_SURFACE ( 'NONE', #1856, 2.500000000000002220 ) ;
#2403 = CARTESIAN_POINT ( 'NONE',  ( 77.87005768508937820, 472.1299423149121708, 0.000000000000000000 ) ) ;
#2404 = DIRECTION ( 'NONE',  ( 0.000000000000000000, 0.000000000000000000, 1.000000000000000000 ) ) ;
#2405 = ORIENTED_EDGE ( 'NONE', *, *, #25, .T. ) ;
#2406 = CYLINDRICAL_SURFACE ( 'NONE', #1875, 3.999999999999475975 ) ;
#2407 = CARTESIAN_POINT ( 'NONE',  ( 168.9050319128784849, 725.0000000000000000, 31.00000000000000000 ) ) ;
#2408 = VERTEX_POINT ( 'NONE', #492 ) ;
#2409 = DIRECTION ( 'NONE',  ( 1.000000000000000000, 0.000000000000000000, 0.000000000000000000 ) ) ;
#2410 = CARTESIAN_POINT ( 'NONE',  ( 119.2253967444182763, 113.2253967444216585, 11.99999999999999822 ) ) ;
#2411 = EDGE_CURVE ( 'NONE', #848, #360, #2756, .T. ) ;
#2412 = ORIENTED_EDGE ( 'NONE', *, *, #509, .T. ) ;
#2413 = ORIENTED_EDGE ( 'NONE', *, *, #378, .T. ) ;
#2414 = ADVANCED_FACE ( 'NONE', ( #2799 ), #2834, .F. ) ;
#2415 = CARTESIAN_POINT ( 'NONE',  ( 502.9999999999998863, 499.0000000000000000, 0.000000000000000000 ) ) ;
#2416 = VERTEX_POINT ( 'NONE', #2005 ) ;
#2417 = AXIS2_PLACEMENT_3D ( 'NONE', #821, #362, #2879 ) ;
#2418 = VERTEX_POINT ( 'NONE', #502 ) ;
#2419 = EDGE_CURVE ( 'NONE', #180, #2965, #2605, .T. ) ;
#2420 = DIRECTION ( 'NONE',  ( 0.000000000000000000, -0.000000000000000000, 1.000000000000000000 ) ) ;
#2421 =( BOUNDED_CURVE ( )  B_SPLINE_CURVE ( 3, ( #3138, #1637, #1169, #2663 ),
 .UNSPECIFIED., .F., .T. ) 
 B_SPLINE_CURVE_WITH_KNOTS ( ( 4, 4 ),
 ( 1.570796326794895670, 2.766169045608751098 ),
 .UNSPECIFIED. ) 
 CURVE ( )  GEOMETRIC_REPRESENTATION_ITEM ( )  RATIONAL_B_SPLINE_CURVE ( ( 1.000000000000000000, 0.8844265230061001404, 0.8844265230061001404, 1.000000000000000000 ) ) 
 REPRESENTATION_ITEM ( '' )  );
#2422 = SURFACE_SIDE_STYLE ('',( #2918 ) ) ;
#2423 = ORIENTED_EDGE ( 'NONE', *, *, #2071, .F. ) ;
#2424 = AXIS2_PLACEMENT_3D ( 'NONE', #536, #2547, #2837 ) ;
#2425 = ORIENTED_EDGE ( 'NONE', *, *, #3193, .F. ) ;
#2426 = DIRECTION ( 'NONE',  ( 1.000000000000000000, 0.000000000000000000, 0.000000000000000000 ) ) ;
#2427 = VECTOR ( 'NONE', #2476, 1000.000000000000000 ) ;
#2428 = ORIENTED_EDGE ( 'NONE', *, *, #1055, .T. ) ;
#2429 = CARTESIAN_POINT ( 'NONE',  ( 516.6776695296641719, 516.6776695296631488, 11.99999999999999822 ) ) ;
#2430 = ADVANCED_FACE ( 'NONE', ( #1933 ), #112, .F. ) ;
#2431 = VECTOR ( 'NONE', #3186, 1000.000000000000000 ) ;
#2432 = FACE_OUTER_BOUND ( 'NONE', #1398, .T. ) ;
#2433 = CARTESIAN_POINT ( 'NONE',  ( 0.000000000000000000, 550.0000000000000000, 0.000000000000000000 ) ) ;
#2434 = CARTESIAN_POINT ( 'NONE',  ( 0.000000000000000000, 725.0000000000000000, 31.00000000000000000 ) ) ;
#2435 = LINE ( 'NONE', #1251, #2386 ) ;
#2436 = CARTESIAN_POINT ( 'NONE',  ( 37.56497115745501958, 520.9203102167826955, 11.99999999999999822 ) ) ;
#2437 = CARTESIAN_POINT ( 'NONE',  ( 0.000000000000000000, 5.999999999999998224, -3.000000000000002665 ) ) ;
#2438 = ORIENTED_EDGE ( 'NONE', *, *, #2846, .F. ) ;
#2439 = PRODUCT_RELATED_PRODUCT_CATEGORY ( 'part', '', ( #1757 ) ) ;
#2440 = AXIS2_PLACEMENT_3D ( 'NONE', #1344, #2835, #1849 ) ;
#2441 = ORIENTED_EDGE ( 'NONE', *, *, #1746, .T. ) ;
#2442 = DIRECTION ( 'NONE',  ( 0.000000000000000000, 0.000000000000000000, 1.000000000000000000 ) ) ;
#2443 = FACE_OUTER_BOUND ( 'NONE', #2457, .T. ) ;
#2444 =( GEOMETRIC_REPRESENTATION_CONTEXT ( 3 ) GLOBAL_UNCERTAINTY_ASSIGNED_CONTEXT ( ( #849 ) ) GLOBAL_UNIT_ASSIGNED_CONTEXT ( ( #1577, #2051, #532 ) ) REPRESENTATION_CONTEXT ( 'NONE', 'WORKASPACE' ) );
#2445 = FILL_AREA_STYLE ('',( #1453 ) ) ;
#2446 = AXIS2_PLACEMENT_3D ( 'NONE', #369, #1606, #99 ) ;
#2447 = ORIENTED_EDGE ( 'NONE', *, *, #907, .T. ) ;
#2448 = CARTESIAN_POINT ( 'NONE',  ( 119.2253967444182763, 113.2253967444216585, 18.00000000000000000 ) ) ;
#2449 = CIRCLE ( 'NONE', #2310, 6.000000000000394351 ) ;
#2450 = ORIENTED_EDGE ( 'NONE', *, *, #1407, .F. ) ;
#2451 = CARTESIAN_POINT ( 'NONE',  ( 502.9999999999998863, 51.00000000000004263, 11.99999999999999822 ) ) ;
#2452 = ADVANCED_FACE ( 'NONE', ( #789 ), #516, .F. ) ;
#2453 = EDGE_LOOP ( 'NONE', ( #710, #1409, #1302, #243 ) ) ;
#2454 = CARTESIAN_POINT ( 'NONE',  ( 550.0000000000000000, 0.000000000000000000, 0.000000000000000000 ) ) ;
#2455 = ORIENTED_EDGE ( 'NONE', *, *, #1513, .T. ) ;
#2456 = DIRECTION ( 'NONE',  ( -1.000000000000000000, 0.000000000000000000, 0.000000000000000000 ) ) ;
#2457 = EDGE_LOOP ( 'NONE', ( #2731, #1365, #2755, #671 ) ) ;
#2458 = CARTESIAN_POINT ( 'NONE',  ( 271.9999999999999432, 275.0000000000000000, 0.000000000000000000 ) ) ;
#2459 = ORIENTED_EDGE ( 'NONE', *, *, #2286, .F. ) ;
#2460 = UNCERTAINTY_MEASURE_WITH_UNIT (LENGTH_MEASURE( 1.000000000000000082E-05 ), #1222, 'distance_accuracy_value', 'NONE');
#2461 = AXIS2_PLACEMENT_3D ( 'NONE', #325, #828, #58 ) ;
#2462 = EDGE_CURVE ( 'NONE', #587, #2408, #2719, .T. ) ;
#2463 = CARTESIAN_POINT ( 'NONE',  ( 86.05177248089448483, 730.0000000000000000, 21.50000000000000000 ) ) ;
#2464 = ORIENTED_EDGE ( 'NONE', *, *, #3098, .T. ) ;
#2465 = CARTESIAN_POINT ( 'NONE',  ( 0.000000000000000000, 0.000000000000000000, 0.000000000000000000 ) ) ;
#2466 = DIRECTION ( 'NONE',  ( -1.000000000000000000, 0.000000000000000000, 0.000000000000000000 ) ) ;
#2467 = ITEM_DEFINED_TRANSFORMATION ( 'NONE', 'NONE', #804,  #1372 ) ;
#2468 = ORIENTED_EDGE ( 'NONE', *, *, #425, .F. ) ;
#2469 = CARTESIAN_POINT ( 'NONE',  ( 499.0000000000000000, 51.00000000000004263, 0.000000000000000000 ) ) ;
#2470 = VECTOR ( 'NONE', #1069, 999.9999999999998863 ) ;
#2471 = DIRECTION ( 'NONE',  ( 1.000000000000000000, 0.000000000000000000, 0.000000000000000000 ) ) ;
#2472 = VECTOR ( 'NONE', #351, 1000.000000000000227 ) ;
#2473 = PLANE ( 'NONE',  #1373 ) ;
#2474 = ITEM_DEFINED_TRANSFORMATION ( 'NONE', 'NONE', #2259,  #1372 ) ;
#2475 = CIRCLE ( 'NONE', #2374, 2.500000000000002220 ) ;
#2476 = DIRECTION ( 'NONE',  ( -0.000000000000000000, -0.000000000000000000, -1.000000000000000000 ) ) ;
#2477 = CIRCLE ( 'NONE', #400, 6.000000000000005329 ) ;
#2478 = CARTESIAN_POINT ( 'NONE',  ( 183.0698683933170798, 725.0000000000000000, 21.50000000000000000 ) ) ;
#2479 = EDGE_CURVE ( 'NONE', #2864, #2253, #2046, .T. ) ;
#2480 = FACE_OUTER_BOUND ( 'NONE', #2925, .T. ) ;
#2481 =( NAMED_UNIT ( * ) SI_UNIT ( $, .STERADIAN. ) SOLID_ANGLE_UNIT ( ) );
#2482 = CARTESIAN_POINT ( 'NONE',  ( 51.71291246261301211, -1.185780702985913237E-17, 30.99999999999999289 ) ) ;
#2483 = ORIENTED_EDGE ( 'NONE', *, *, #2579, .F. ) ;
#2484 = LINE ( 'NONE', #379, #2237 ) ;
#2485 = SURFACE_STYLE_FILL_AREA ( #1953 ) ;
#2486 = DIRECTION ( 'NONE',  ( 0.000000000000000000, 0.000000000000000000, 1.000000000000000000 ) ) ;
#2487 = DIRECTION ( 'NONE',  ( -0.000000000000000000, -0.000000000000000000, 1.000000000000000000 ) ) ;
#2488 = VERTEX_POINT ( 'NONE', #68 ) ;
#2489 = AXIS2_PLACEMENT_3D ( 'NONE', #1936, #954, #655 ) ;
#2490 = EDGE_CURVE ( 'NONE', #266, #1613, #1379, .T. ) ;
#2491 = FACE_OUTER_BOUND ( 'NONE', #3247, .T. ) ;
#2492 = ORIENTED_EDGE ( 'NONE', *, *, #692, .T. ) ;
#2493 = DIRECTION ( 'NONE',  ( -0.1713727001804919992, -0.9852062716166839484, -0.000000000000000000 ) ) ;
#2494 = AXIS2_PLACEMENT_3D ( 'NONE', #1621, #101, #3136 ) ;
#2495 =( NAMED_UNIT ( * ) PLANE_ANGLE_UNIT ( ) SI_UNIT ( $, .RADIAN. ) );
#2496 = DIRECTION ( 'NONE',  ( -0.000000000000000000, -0.000000000000000000, 1.000000000000000000 ) ) ;
#2497 = EDGE_LOOP ( 'NONE', ( #525, #723, #1778, #3174 ) ) ;
#2498 = PLANE ( 'NONE',  #2658 ) ;
#2499 = ORIENTED_EDGE ( 'NONE', *, *, #2238, .T. ) ;
#2500 = EDGE_LOOP ( 'NONE', ( #114, #1587 ) ) ;
#2501 = CARTESIAN_POINT ( 'NONE',  ( 48.50000000000004974, 115.0000000000000142, 18.00000000000000000 ) ) ;
#2502 = EDGE_LOOP ( 'NONE', ( #2969, #93 ) ) ;
#2503 = DIRECTION ( 'NONE',  ( -0.7071067811865678898, -0.7071067811865272557, 0.000000000000000000 ) ) ;
#2504 = VERTEX_POINT ( 'NONE', #1322 ) ;
#2505 = DIRECTION ( 'NONE',  ( -1.000000000000000000, 0.000000000000000000, 0.000000000000000000 ) ) ;
#2506 = ORIENTED_EDGE ( 'NONE', *, *, #3089, .T. ) ;
#2507 = AXIS2_PLACEMENT_3D ( 'NONE', #1476, #2226, #3237 ) ;
#2508 =( BOUNDED_CURVE ( )  B_SPLINE_CURVE ( 3, ( #1843, #2638, #2853, #1633 ),
 .UNSPECIFIED., .F., .T. ) 
 B_SPLINE_CURVE_WITH_KNOTS ( ( 4, 4 ),
 ( 0.3754236079810392424, 1.570796326794894782 ),
 .UNSPECIFIED. ) 
 CURVE ( )  GEOMETRIC_REPRESENTATION_ITEM ( )  RATIONAL_B_SPLINE_CURVE ( ( 1.000000000000000000, 0.8844265230061001404, 0.8844265230061001404, 1.000000000000000000 ) ) 
 REPRESENTATION_ITEM ( '' )  );
#2509 = CONTEXT_DEPENDENT_SHAPE_REPRESENTATION ( #259, #221 ) ;
#2510 = CARTESIAN_POINT ( 'NONE',  ( 51.00000000000004263, 499.0000000000000000, 11.99999999999999822 ) ) ;
#2511 = EDGE_LOOP ( 'NONE', ( #2299, #2499 ) ) ;
#2512 = AXIS2_PLACEMENT_3D ( 'NONE', #1540, #986, #1022 ) ;
#2513 = CARTESIAN_POINT ( 'NONE',  ( 435.0000000000000568, 51.00000000000004263, 18.00000000000000000 ) ) ;
#2514 = EDGE_CURVE ( 'NONE', #548, #1912, #1742, .T. ) ;
#2515 = DIRECTION ( 'NONE',  ( -0.000000000000000000, -0.000000000000000000, -1.000000000000000000 ) ) ;
#2516 = LINE ( 'NONE', #1707, #3188 ) ;
#2517 = ORIENTED_EDGE ( 'NONE', *, *, #1971, .F. ) ;
#2518 = DIRECTION ( 'NONE',  ( 0.7071067811865681119, -0.7071067811865269226, 0.000000000000000000 ) ) ;
#2519 = VECTOR ( 'NONE', #2746, 1000.000000000000000 ) ;
#2520 = CARTESIAN_POINT ( 'NONE',  ( 55.00000000000006395, 499.0000000000000000, 0.000000000000000000 ) ) ;
#2521 = DIRECTION ( 'NONE',  ( 0.000000000000000000, 0.000000000000000000, 1.000000000000000000 ) ) ;
#2522 = FACE_OUTER_BOUND ( 'NONE', #1368, .T. ) ;
#2523 = FACE_BOUND ( 'NONE', #632, .T. ) ;
#2524 = DIRECTION ( 'NONE',  ( 1.000000000000000000, 0.000000000000000000, 0.000000000000000000 ) ) ;
#2525 = ORIENTED_EDGE ( 'NONE', *, *, #2546, .T. ) ;
#2526 = CARTESIAN_POINT ( 'NONE',  ( 3.673940397442062826E-16, 18.00000000000000000, 3.000000000000002665 ) ) ;
#2527 = VECTOR ( 'NONE', #1830, 1000.000000000000000 ) ;
#2528 = EDGE_CURVE ( 'NONE', #2052, #1073, #1301, .T. ) ;
#2529 = ORIENTED_EDGE ( 'NONE', *, *, #680, .F. ) ;
#2530 = FACE_OUTER_BOUND ( 'NONE', #2221, .T. ) ;
#2531 = ORIENTED_EDGE ( 'NONE', *, *, #331, .F. ) ;
#2532 = CARTESIAN_POINT ( 'NONE',  ( 29.07968978321660458, 512.4350288425437157, 11.99999999999999822 ) ) ;
#2533 = DIRECTION ( 'NONE',  ( -0.000000000000000000, -0.000000000000000000, -1.000000000000000000 ) ) ;
#2534 = VECTOR ( 'NONE', #339, 1000.000000000000000 ) ;
#2535 = AXIS2_PLACEMENT_3D ( 'NONE', #372, #910, #416 ) ;
#2536 = EDGE_CURVE ( 'NONE', #1265, #587, #2272, .T. ) ;
#2537 = CIRCLE ( 'NONE', #2945, 3.999999999999475975 ) ;
#2538 = DIRECTION ( 'NONE',  ( -0.000000000000000000, -0.000000000000000000, -1.000000000000000000 ) ) ;
#2539 = CARTESIAN_POINT ( 'NONE',  ( 0.000000000000000000, 0.000000000000000000, 18.00000000000000000 ) ) ;
#2540 = PRODUCT_CONTEXT ( 'NONE', #1283, 'mechanical' ) ;
#2541 = VERTEX_POINT ( 'NONE', #3082 ) ;
#2542 = CARTESIAN_POINT ( 'NONE',  ( 77.87005768508939241, 77.87005768508787185, 18.00000000000000000 ) ) ;
#2543 = ORIENTED_EDGE ( 'NONE', *, *, #2808, .F. ) ;
#2544 = DIRECTION ( 'NONE',  ( -0.000000000000000000, -0.000000000000000000, 1.000000000000000000 ) ) ;
#2545 = EDGE_LOOP ( 'NONE', ( #2811, #647, #1842, #2413 ) ) ;
#2546 = EDGE_CURVE ( 'NONE', #2252, #1851, #751, .T. ) ;
#2547 = DIRECTION ( 'NONE',  ( 0.000000000000000000, 0.000000000000000000, 1.000000000000000000 ) ) ;
#2548 = ORIENTED_EDGE ( 'NONE', *, *, #3029, .F. ) ;
#2549 = CARTESIAN_POINT ( 'NONE',  ( 77.87005768508937820, 472.1299423149121708, 11.99999999999999822 ) ) ;
#2550 = AXIS2_PLACEMENT_3D ( 'NONE', #1206, #3198, #189 ) ;
#2551 = AXIS2_PLACEMENT_3D ( 'NONE', #2653, #2365, #1660 ) ;
#2552 = ORIENTED_EDGE ( 'NONE', *, *, #714, .T. ) ;
#2553 = LINE ( 'NONE', #1029, #1612 ) ;
#2554 = AXIS2_PLACEMENT_3D ( 'NONE', #414, #2381, #2693 ) ;
#2555 = CARTESIAN_POINT ( 'NONE',  ( 0.000000000000000000, 5.999999999999998224, 0.000000000000000000 ) ) ;
#2556 = CIRCLE ( 'NONE', #2708, 2.500000000000002220 ) ;
#2557 = AXIS2_PLACEMENT_3D ( 'NONE', #1801, #281, #293 ) ;
#2558 = CARTESIAN_POINT ( 'NONE',  ( 42.79417451143776674, -5.689651003726127526E-17, 0.000000000000000000 ) ) ;
#2559 = CIRCLE ( 'NONE', #1537, 2.499999999999995115 ) ;
#2560 = CARTESIAN_POINT ( 'NONE',  ( 441.0172439427019526, 117.4680374315398410, 11.99999999999999822 ) ) ;
#2561 = VECTOR ( 'NONE', #3057, 1000.000000000000000 ) ;
#2562 = VECTOR ( 'NONE', #3083, 1000.000000000000000 ) ;
#2563 = FACE_BOUND ( 'NONE', #610, .T. ) ;
#2564 = CARTESIAN_POINT ( 'NONE',  ( 248.0944918928738048, 730.0000000000000000, 31.00000000000000000 ) ) ;
#2565 = CARTESIAN_POINT ( 'NONE',  ( 51.00000000000004263, 115.0000000000000142, 18.00000000000000000 ) ) ;
#2566 = EDGE_LOOP ( 'NONE', ( #2173, #1838 ) ) ;
#2567 = FACE_OUTER_BOUND ( 'NONE', #1568, .T. ) ;
#2568 = COLOUR_RGB ( '',1.000000000000000000, 1.000000000000000000, 1.000000000000000000 ) ;
#2569 = ORIENTED_EDGE ( 'NONE', *, *, #1809, .T. ) ;
#2570 = CARTESIAN_POINT ( 'NONE',  ( 184.1302699489555437, 725.0000000000001137, 15.00000000000000000 ) ) ;
#2571 = VECTOR ( 'NONE', #2382, 1000.000000000000000 ) ;
#2572 = LINE ( 'NONE', #777, #3074 ) ;
#2573 = DIRECTION ( 'NONE',  ( 0.7071067811865272557, -0.7071067811865678898, 0.000000000000000000 ) ) ;
#2574 = VERTEX_POINT ( 'NONE', #313 ) ;
#2575 = DIRECTION ( 'NONE',  ( -1.000000000000000000, 0.000000000000000000, 0.000000000000000000 ) ) ;
#2576 = VECTOR ( 'NONE', #1645, 1000.000000000000000 ) ;
#2577 = DIRECTION ( 'NONE',  ( -0.000000000000000000, -0.000000000000000000, -1.000000000000000000 ) ) ;
#2578 = VERTEX_POINT ( 'NONE', #2301 ) ;
#2579 = EDGE_CURVE ( 'NONE', #1, #2769, #1342, .T. ) ;
#2580 = EDGE_CURVE ( 'NONE', #2368, #1539, #152, .T. ) ;
#2581 = ORIENTED_EDGE ( 'NONE', *, *, #2062, .F. ) ;
#2582 = ORIENTED_EDGE ( 'NONE', *, *, #1682, .F. ) ;
#2583 = DIRECTION ( 'NONE',  ( 0.000000000000000000, 0.000000000000000000, 1.000000000000000000 ) ) ;
#2584 = ORIENTED_EDGE ( 'NONE', *, *, #3279, .T. ) ;
#2585 = CARTESIAN_POINT ( 'NONE',  ( 496.5000000000000000, 435.0000000000000568, 0.000000000000000000 ) ) ;
#2586 = EDGE_LOOP ( 'NONE', ( #846, #843, #2179, #2047 ) ) ;
#2587 = DIRECTION ( 'NONE',  ( 1.000000000000000000, 0.000000000000000000, 0.000000000000000000 ) ) ;
#2588 = EDGE_CURVE ( 'NONE', #1073, #2052, #1624, .T. ) ;
#2589 = ORIENTED_EDGE ( 'NONE', *, *, #1012, .F. ) ;
#2590 = CARTESIAN_POINT ( 'NONE',  ( 437.5000000000000568, 51.00000000000004263, 18.00000000000000000 ) ) ;
#2591 = SHAPE_DEFINITION_REPRESENTATION ( #644, #1449 ) ;
#2592 = LINE ( 'NONE', #214, #2228 ) ;
#2593 = CARTESIAN_POINT ( 'NONE',  ( 114.9999999999999858, 499.0000000000000000, 0.000000000000000000 ) ) ;
#2594 = EDGE_CURVE ( 'NONE', #15, #722, #1853, .T. ) ;
#2595 = DIRECTION ( 'NONE',  ( -0.000000000000000000, -0.000000000000000000, -1.000000000000000000 ) ) ;
#2596 = VECTOR ( 'NONE', #484, 1000.000000000000000 ) ;
#2597 = VECTOR ( 'NONE', #941, 1000.000000000000227 ) ;
#2598 = LINE ( 'NONE', #1107, #3195 ) ;
#2599 = CARTESIAN_POINT ( 'NONE',  ( 117.4680374315371694, 108.9827560573014864, 18.00000000000000000 ) ) ;
#2600 = AXIS2_PLACEMENT_3D ( 'NONE', #598, #2096, #872 ) ;
#2601 = FACE_BOUND ( 'NONE', #796, .T. ) ;
#2602 = LINE ( 'NONE', #1357, #1144 ) ;
#2603 = ORIENTED_EDGE ( 'NONE', *, *, #2911, .F. ) ;
#2604 = CARTESIAN_POINT ( 'NONE',  ( 81.87005768508936399, 77.87005768508787185, 11.99999999999999822 ) ) ;
#2605 = LINE ( 'NONE', #752, #1424 ) ;
#2606 = DIRECTION ( 'NONE',  ( 0.000000000000000000, 0.000000000000000000, 1.000000000000000000 ) ) ;
#2607 = ORIENTED_EDGE ( 'NONE', *, *, #499, .F. ) ;
#2608 = CARTESIAN_POINT ( 'NONE',  ( 476.1299423149106929, 77.87005768508787185, 18.00000000000000000 ) ) ;
#2609 = DIRECTION ( 'NONE',  ( 1.000000000000000000, 0.000000000000000000, 0.000000000000000000 ) ) ;
#2610 = CIRCLE ( 'NONE', #2619, 2.500000000000057732 ) ;
#2611 = ORIENTED_EDGE ( 'NONE', *, *, #1396, .T. ) ;
#2612 = LINE ( 'NONE', #3123, #3205 ) ;
#2613 = DIRECTION ( 'NONE',  ( 0.7071067811865681119, -0.7071067811865269226, 0.000000000000000000 ) ) ;
#2614 = CARTESIAN_POINT ( 'NONE',  ( 184.9999999999999432, 730.0000000000000000, 13.11177352665370854 ) ) ;
#2615 = DIRECTION ( 'NONE',  ( 0.000000000000000000, 0.000000000000000000, -1.000000000000000000 ) ) ;
#2616 = AXIS2_PLACEMENT_3D ( 'NONE', #724, #1458, #2967 ) ;
#2617 = ORIENTED_EDGE ( 'NONE', *, *, #1412, .F. ) ;
#2618 = ORIENTED_EDGE ( 'NONE', *, *, #1125, .F. ) ;
#2619 = AXIS2_PLACEMENT_3D ( 'NONE', #2397, #3172, #3207 ) ;
#2620 = ORIENTED_EDGE ( 'NONE', *, *, #1579, .T. ) ;
#2621 = EDGE_CURVE ( 'NONE', #2253, #3033, #624, .T. ) ;
#2622 = EDGE_CURVE ( 'NONE', #882, #2418, #586, .T. ) ;
#2623 = CARTESIAN_POINT ( 'NONE',  ( 0.000000000000000000, 18.00000000000000000, -3.000000000000002665 ) ) ;
#2624 = ORIENTED_EDGE ( 'NONE', *, *, #2651, .T. ) ;
#2625 = ORIENTED_EDGE ( 'NONE', *, *, #1201, .F. ) ;
#2626 = PLANE ( 'NONE',  #301 ) ;
#2627 = ORIENTED_EDGE ( 'NONE', *, *, #142, .T. ) ;
#2628 = EDGE_LOOP ( 'NONE', ( #451, #3208, #2644, #553 ) ) ;
#2629 = DIRECTION ( 'NONE',  ( 1.000000000000000000, 0.000000000000000000, 0.000000000000000000 ) ) ;
#2630 = CARTESIAN_POINT ( 'NONE',  ( -1.110223024625156540E-13, 18.00000000000000000, 2.220446049250313081E-13 ) ) ;
#2631 = ADVANCED_FACE ( 'NONE', ( #39 ), #808, .F. ) ;
#2632 = CARTESIAN_POINT ( 'NONE',  ( 516.6776695296641719, 516.6776695296631488, 18.00000000000000000 ) ) ;
#2633 = FACE_BOUND ( 'NONE', #2379, .T. ) ;
#2634 = VECTOR ( 'NONE', #922, 1000.000000000000000 ) ;
#2635 = CARTESIAN_POINT ( 'NONE',  ( 51.00000000000004263, 51.00000000000004263, 11.99999999999999822 ) ) ;
#2636 = ADVANCED_FACE ( 'NONE', ( #1783 ), #3034, .T. ) ;
#2637 = VECTOR ( 'NONE', #3079, 1000.000000000000000 ) ;
#2638 = CARTESIAN_POINT ( 'NONE',  ( 180.7018575878153968, 724.9999999999998863, 3.580474560965690500 ) ) ;
#2639 = EDGE_CURVE ( 'NONE', #2276, #848, #2201, .T. ) ;
#2640 = LINE ( 'NONE', #194, #3239 ) ;
#2641 = FACE_OUTER_BOUND ( 'NONE', #2315, .T. ) ;
#2642 = PRESENTATION_STYLE_ASSIGNMENT (( #456 ) ) ;
#2643 = DIRECTION ( 'NONE',  ( 0.000000000000000000, 0.000000000000000000, 1.000000000000000000 ) ) ;
#2644 = ORIENTED_EDGE ( 'NONE', *, *, #1117, .T. ) ;
#2645 = CARTESIAN_POINT ( 'NONE',  ( 84.99999999999992895, 730.0000000000000000, 0.000000000000000000 ) ) ;
#2646 = SHAPE_REPRESENTATION ( 'A429090-COMPLETO-IM00', ( #357, #467, #804, #1309, #2324, #2259, #3255 ), #247 ) ;
#2647 = ORIENTED_EDGE ( 'NONE', *, *, #2419, .T. ) ;
#2648 = DIRECTION ( 'NONE',  ( 0.1713727001804919992, 0.9852062716166839484, 0.000000000000000000 ) ) ;
#2649 = ADVANCED_FACE ( 'NONE', ( #2641 ), #611, .F. ) ;
#2650 = ORIENTED_EDGE ( 'NONE', *, *, #2742, .F. ) ;
#2651 = EDGE_CURVE ( 'NONE', #1321, #2895, #2269, .T. ) ;
#2652 = ADVANCED_FACE ( 'NONE', ( #665 ), #1071, .F. ) ;
#2653 = CARTESIAN_POINT ( 'NONE',  ( 499.0000000000000000, 499.0000000000000000, 18.00000000000000000 ) ) ;
#2654 = EDGE_LOOP ( 'NONE', ( #573, #1535, #566, #2322, #806, #1915, #1785, #2112 ) ) ;
#2655 = CARTESIAN_POINT ( 'NONE',  ( 278.0000000000000568, 275.0000000000000000, 0.000000000000000000 ) ) ;
#2656 = PRODUCT_DEFINITION_SHAPE ( 'NONE', 'NONE',  #3283 ) ;
#2657 = VERTEX_POINT ( 'NONE', #2131 ) ;
#2658 = AXIS2_PLACEMENT_3D ( 'NONE', #758, #2222, #201 ) ;
#2659 = ORIENTED_EDGE ( 'NONE', *, *, #1447, .F. ) ;
#2660 = EDGE_CURVE ( 'NONE', #3171, #474, #2345, .T. ) ;
#2661 = DIRECTION ( 'NONE',  ( 1.000000000000000000, 0.000000000000000000, 0.000000000000000000 ) ) ;
#2662 = ORIENTED_EDGE ( 'NONE', *, *, #95, .F. ) ;
#2663 = CARTESIAN_POINT ( 'NONE',  ( 85.46958070007262620, 725.0000000000000000, 9.500000000000000000 ) ) ;
#2664 = AXIS2_PLACEMENT_3D ( 'NONE', #1367, #1876, #2077 ) ;
#2665 = ORIENTED_EDGE ( 'NONE', *, *, #926, .T. ) ;
#2666 = DIRECTION ( 'NONE',  ( 0.000000000000000000, 0.000000000000000000, 1.000000000000000000 ) ) ;
#2667 = ADVANCED_FACE ( 'NONE', ( #621 ), #1141, .F. ) ;
#2668 = ORIENTED_EDGE ( 'NONE', *, *, #2398, .T. ) ;
#2669 = CARTESIAN_POINT ( 'NONE',  ( 0.000000000000000000, 0.000000000000000000, 18.00000000000000000 ) ) ;
#2670 = ADVANCED_FACE ( 'NONE', ( #434 ), #1852, .T. ) ;
#2671 = ORIENTED_EDGE ( 'NONE', *, *, #1898, .T. ) ;
#2672 = CIRCLE ( 'NONE', #1074, 4.000000000000003553 ) ;
#2673 = LINE ( 'NONE', #759, #1616 ) ;
#2674 = FACE_OUTER_BOUND ( 'NONE', #726, .T. ) ;
#2675 = CIRCLE ( 'NONE', #1231, 3.999999999999892530 ) ;
#2676 = AXIS2_PLACEMENT_3D ( 'NONE', #1509, #3050, #1555 ) ;
#2677 = CYLINDRICAL_SURFACE ( 'NONE', #127, 3.999999999999892530 ) ;
#2678 = LINE ( 'NONE', #1183, #3197 ) ;
#2679 = ORIENTED_EDGE ( 'NONE', *, *, #3264, .F. ) ;
#2680 = AXIS2_PLACEMENT_3D ( 'NONE', #1786, #765, #3005 ) ;
#2681 = EDGE_CURVE ( 'NONE', #360, #587, #2270, .T. ) ;
#2682 = DIRECTION ( 'NONE',  ( 0.000000000000000000, 0.000000000000000000, 1.000000000000000000 ) ) ;
#2683 = FACE_OUTER_BOUND ( 'NONE', #853, .T. ) ;
#2684 = EDGE_LOOP ( 'NONE', ( #2627, #3141, #2931, #3114 ) ) ;
#2685 = FACE_BOUND ( 'NONE', #1992, .T. ) ;
#2686 = ADVANCED_FACE ( 'NONE', ( #940 ), #622, .F. ) ;
#2687 = CARTESIAN_POINT ( 'NONE',  ( 248.0944918928738048, 730.0000000000000000, 21.50000000000000000 ) ) ;
#2688 = EDGE_CURVE ( 'NONE', #568, #1482, #1549, .T. ) ;
#2689 = ORIENTED_EDGE ( 'NONE', *, *, #2695, .F. ) ;
#2690 = PRESENTATION_STYLE_ASSIGNMENT (( #1552 ) ) ;
#2691 = CYLINDRICAL_SURFACE ( 'NONE', #688, 3.999999999999475975 ) ;
#2692 = CARTESIAN_POINT ( 'NONE',  ( -5.591319650088474902E-14, 18.00000000000000000, 450.0000000000003411 ) ) ;
#2693 = DIRECTION ( 'NONE',  ( 1.000000000000000000, 0.000000000000000000, 0.000000000000000000 ) ) ;
#2694 = DIRECTION ( 'NONE',  ( -0.000000000000000000, -0.000000000000000000, 1.000000000000000000 ) ) ;
#2695 = EDGE_CURVE ( 'NONE', #1317, #1049, #2389, .T. ) ;
#2696 = VERTEX_POINT ( 'NONE', #108 ) ;
#2697 = VERTEX_POINT ( 'NONE', #847 ) ;
#2698 = CARTESIAN_POINT ( 'NONE',  ( 499.0000000000000000, 435.0000000000000568, 18.00000000000000000 ) ) ;
#2699 = CARTESIAN_POINT ( 'NONE',  ( 51.00000000000004263, 499.0000000000000000, 0.000000000000000000 ) ) ;
#2700 = ORIENTED_EDGE ( 'NONE', *, *, #1731, .T. ) ;
#2701 = VERTEX_POINT ( 'NONE', #2604 ) ;
#2702 = EDGE_CURVE ( 'NONE', #583, #3085, #2602, .T. ) ;
#2703 = CARTESIAN_POINT ( 'NONE',  ( 51.00000000000004263, 435.0000000000000568, 0.000000000000000000 ) ) ;
#2704 = ADVANCED_FACE ( 'NONE', ( #390 ), #1967, .F. ) ;
#2705 = CARTESIAN_POINT ( 'NONE',  ( 0.000000000000000000, 0.000000000000000000, 0.000000000000000000 ) ) ;
#2706 = CARTESIAN_POINT ( 'NONE',  ( 41.53736941658081605, -7.225259684586742281, 31.00000000000000000 ) ) ;
#2707 = ORIENTED_EDGE ( 'NONE', *, *, #3167, .T. ) ;
#2708 = AXIS2_PLACEMENT_3D ( 'NONE', #3125, #2330, #2587 ) ;
#2709 = ORIENTED_EDGE ( 'NONE', *, *, #378, .F. ) ;
#2710 = DIRECTION ( 'NONE',  ( 0.000000000000000000, 0.000000000000000000, 1.000000000000000000 ) ) ;
#2711 = ORIENTED_EDGE ( 'NONE', *, *, #2651, .F. ) ;
#2712 = DIRECTION ( 'NONE',  ( -0.7071067811865696662, -0.7071067811865253683, 0.000000000000000000 ) ) ;
#2713 = FACE_OUTER_BOUND ( 'NONE', #1236, .T. ) ;
#2714 = CONTEXT_DEPENDENT_SHAPE_REPRESENTATION ( #2279, #1446 ) ;
#2715 = VECTOR ( 'NONE', #3017, 1000.000000000000000 ) ;
#2716 = CARTESIAN_POINT ( 'NONE',  ( 58.01941254751481125, -2.024254279067401983E-17, 6.213203435596425628 ) ) ;
#2717 = CARTESIAN_POINT ( 'NONE',  ( 472.1299423149106929, 472.1299423149121708, 0.000000000000000000 ) ) ;
#2718 = LINE ( 'NONE', #3226, #1734 ) ;
#2719 = CIRCLE ( 'NONE', #3146, 6.000000000000005329 ) ;
#2720 =( NAMED_UNIT ( * ) PLANE_ANGLE_UNIT ( ) SI_UNIT ( $, .RADIAN. ) );
#2721 = AXIS2_PLACEMENT_3D ( 'NONE', #795, #267, #1559 ) ;
#2722 = VERTEX_POINT ( 'NONE', #720 ) ;
#2723 = CARTESIAN_POINT ( 'NONE',  ( 520.9203102167834913, 512.4350288425437157, 11.99999999999999822 ) ) ;
#2724 = PRESENTATION_LAYER_ASSIGNMENT (  '', '', ( #1779 ) ) ;
#2725 =( NAMED_UNIT ( * ) SI_UNIT ( $, .STERADIAN. ) SOLID_ANGLE_UNIT ( ) );
#2726 = EDGE_LOOP ( 'NONE', ( #803, #1006 ) ) ;
#2727 = DIRECTION ( 'NONE',  ( 0.000000000000000000, 0.000000000000000000, 1.000000000000000000 ) ) ;
#2728 = ORIENTED_EDGE ( 'NONE', *, *, #2023, .T. ) ;
#2729 = CARTESIAN_POINT ( 'NONE',  ( 516.6776695296641719, 33.32233047033469120, 11.99999999999999822 ) ) ;
#2730 = DIRECTION ( 'NONE',  ( 1.000000000000000000, 0.000000000000000000, 0.000000000000000000 ) ) ;
#2731 = ORIENTED_EDGE ( 'NONE', *, *, #1447, .T. ) ;
#2732 = DIRECTION ( 'NONE',  ( 0.000000000000000000, -0.000000000000000000, -1.000000000000000000 ) ) ;
#2733 = FILL_AREA_STYLE_COLOUR ( '', #1860 ) ;
#2734 = ORIENTED_EDGE ( 'NONE', *, *, #1343, .F. ) ;
#2735 = ORIENTED_EDGE ( 'NONE', *, *, #841, .T. ) ;
#2736 = ORIENTED_EDGE ( 'NONE', *, *, #1901, .F. ) ;
#2737 = PRODUCT_DEFINITION ( 'UNKNOWN', '', #1433, #2120 ) ;
#2738 = DIRECTION ( 'NONE',  ( -0.1713727001804919992, -0.9852062716166839484, 0.000000000000000000 ) ) ;
#2739 = VERTEX_POINT ( 'NONE', #2942 ) ;
#2740 = EDGE_CURVE ( 'NONE', #2416, #272, #3111, .T. ) ;
#2741 = EDGE_LOOP ( 'NONE', ( #2941, #1013, #2309, #496 ) ) ;
#2742 = EDGE_CURVE ( 'NONE', #427, #1167, #1443, .T. ) ;
#2743 = CARTESIAN_POINT ( 'NONE',  ( 119.2253967444182763, 113.2253967444216585, 11.99999999999999822 ) ) ;
#2744 = LINE ( 'NONE', #2085, #2470 ) ;
#2745 = DIRECTION ( 'NONE',  ( 1.329538674056075510E-18, 1.000000000000000000, -0.000000000000000000 ) ) ;
#2746 = DIRECTION ( 'NONE',  ( -0.000000000000000000, -0.000000000000000000, -1.000000000000000000 ) ) ;
#2747 = VECTOR ( 'NONE', #2388, 1000.000000000000000 ) ;
#2748 = DIRECTION ( 'NONE',  ( -0.000000000000000000, -0.000000000000000000, -1.000000000000000000 ) ) ;
#2749 = LINE ( 'NONE', #709, #2596 ) ;
#2750 = CARTESIAN_POINT ( 'NONE',  ( 436.7746032555820648, 436.7746032555858733, 11.99999999999999822 ) ) ;
#2751 = EDGE_CURVE ( 'NONE', #2334, #491, #188, .T. ) ;
#2752 = VECTOR ( 'NONE', #156, 1000.000000000000000 ) ;
#2753 = APPLICATION_CONTEXT ( 'automotive_design' ) ;
#2754 = DIRECTION ( 'NONE',  ( 1.000000000000000000, 0.000000000000000000, 0.000000000000000000 ) ) ;
#2755 = ORIENTED_EDGE ( 'NONE', *, *, #2247, .F. ) ;
#2756 = LINE ( 'NONE', #480, #236 ) ;
#2757 = CARTESIAN_POINT ( 'NONE',  ( 58.01941254751481836, 5.421010862427522170E-17, 16.00000000000000000 ) ) ;
#2758 = DIRECTION ( 'NONE',  ( -0.000000000000000000, -0.000000000000000000, 1.000000000000000000 ) ) ;
#2759 = ORIENTED_EDGE ( 'NONE', *, *, #773, .F. ) ;
#2760 = DIRECTION ( 'NONE',  ( 0.7071067811865675568, 0.7071067811865275887, 0.000000000000000000 ) ) ;
#2761 = EDGE_CURVE ( 'NONE', #984, #1613, #1109, .T. ) ;
#2762 = VECTOR ( 'NONE', #2648, 1000.000000000000000 ) ;
#2763 = EDGE_LOOP ( 'NONE', ( #2916, #2582, #2086, #2450 ) ) ;
#2764 = CARTESIAN_POINT ( 'NONE',  ( 73.87005768508942083, 77.87005768508787185, 11.99999999999999822 ) ) ;
#2765 = PRESENTATION_STYLE_ASSIGNMENT (( #2812 ) ) ;
#2766 = PRODUCT_CONTEXT ( 'NONE', #501, 'mechanical' ) ;
#2767 = AXIS2_PLACEMENT_3D ( 'NONE', #3105, #1355, #2892 ) ;
#2768 = DIRECTION ( 'NONE',  ( 0.7071067811865272557, -0.7071067811865678898, 0.000000000000000000 ) ) ;
#2769 = VERTEX_POINT ( 'NONE', #450 ) ;
#2770 = VERTEX_POINT ( 'NONE', #2934 ) ;
#2771 = ORIENTED_EDGE ( 'NONE', *, *, #2580, .F. ) ;
#2772 = CARTESIAN_POINT ( 'NONE',  ( 113.2253967444178642, 436.7746032555858733, 18.00000000000000000 ) ) ;
#2773 = EDGE_CURVE ( 'NONE', #2657, #235, #1649, .T. ) ;
#2774 = ORIENTED_EDGE ( 'NONE', *, *, #2479, .F. ) ;
#2775 = CARTESIAN_POINT ( 'NONE',  ( 117.4680374315371267, 441.0172439427053632, 11.99999999999999822 ) ) ;
#2776 = ORIENTED_EDGE ( 'NONE', *, *, #852, .F. ) ;
#2777 = DIRECTION ( 'NONE',  ( 0.000000000000000000, 1.000000000000000000, 0.000000000000000000 ) ) ;
#2778 = ORIENTED_EDGE ( 'NONE', *, *, #2106, .T. ) ;
#2779 = AXIS2_PLACEMENT_3D ( 'NONE', #384, #2214, #1969 ) ;
#2780 = DIRECTION ( 'NONE',  ( 0.000000000000000000, 0.000000000000000000, 1.000000000000000000 ) ) ;
#2781 = CARTESIAN_POINT ( 'NONE',  ( 499.0000000000000000, 115.0000000000000142, 18.00000000000000000 ) ) ;
#2782 = ORIENTED_EDGE ( 'NONE', *, *, #651, .F. ) ;
#2783 =( GEOMETRIC_REPRESENTATION_CONTEXT ( 3 ) GLOBAL_UNCERTAINTY_ASSIGNED_CONTEXT ( ( #560 ) ) GLOBAL_UNIT_ASSIGNED_CONTEXT ( ( #218, #469, #959 ) ) REPRESENTATION_CONTEXT ( 'NONE', 'WORKASPACE' ) );
#2784 = CARTESIAN_POINT ( 'NONE',  ( 48.50000000000004974, 115.0000000000000142, 18.00000000000000000 ) ) ;
#2785 = EDGE_CURVE ( 'NONE', #2770, #993, #698, .T. ) ;
#2786 = DIRECTION ( 'NONE',  ( 0.000000000000000000, 0.000000000000000000, 1.000000000000000000 ) ) ;
#2787 = LINE ( 'NONE', #1080, #2110 ) ;
#2788 = EDGE_CURVE ( 'NONE', #2504, #599, #353, .T. ) ;
#2789 = VERTEX_POINT ( 'NONE', #2451 ) ;
#2790 = DIRECTION ( 'NONE',  ( 0.000000000000000000, 0.000000000000000000, 1.000000000000000000 ) ) ;
#2791 = CIRCLE ( 'NONE', #2261, 2.500000000000057732 ) ;
#2792 = EDGE_CURVE ( 'NONE', #2657, #1348, #314, .T. ) ;
#2793 = FILL_AREA_STYLE_COLOUR ( '', #1387 ) ;
#2794 = CARTESIAN_POINT ( 'NONE',  ( 436.7746032555820648, 113.2253967444216585, 11.99999999999999822 ) ) ;
#2795 = CYLINDRICAL_SURFACE ( 'NONE', #1018, 2.999999999999993783 ) ;
#2796 = VECTOR ( 'NONE', #1336, 1000.000000000000227 ) ;
#2797 = DIRECTION ( 'NONE',  ( 1.000000000000000000, 0.000000000000000000, 0.000000000000000000 ) ) ;
#2798 = CARTESIAN_POINT ( 'NONE',  ( 163.0944918928738616, -2.168404344971008868E-16, 0.000000000000000000 ) ) ;
#2799 = FACE_OUTER_BOUND ( 'NONE', #879, .T. ) ;
#2800 = ORIENTED_EDGE ( 'NONE', *, *, #615, .T. ) ;
#2801 = FACE_OUTER_BOUND ( 'NONE', #2763, .T. ) ;
#2802 = CYLINDRICAL_SURFACE ( 'NONE', #1039, 4.000000000000017764 ) ;
#2803 = EDGE_LOOP ( 'NONE', ( #1752, #1098, #2939, #837 ) ) ;
#2804 = CARTESIAN_POINT ( 'NONE',  ( 114.9999999999999858, 499.0000000000000000, 18.00000000000000000 ) ) ;
#2805 = DIRECTION ( 'NONE',  ( 0.000000000000000000, -0.000000000000000000, 1.000000000000000000 ) ) ;
#2806 = VECTOR ( 'NONE', #1044, 1000.000000000000000 ) ;
#2807 = AXIS2_PLACEMENT_3D ( 'NONE', #686, #212, #1948 ) ;
#2808 = EDGE_CURVE ( 'NONE', #94, #1176, #1926, .T. ) ;
#2809 = CARTESIAN_POINT ( 'NONE',  ( 106.9999999999999005, 690.0000000000000000, 15.49999999999999112 ) ) ;
#2810 = ORIENTED_EDGE ( 'NONE', *, *, #2306, .F. ) ;
#2811 = ORIENTED_EDGE ( 'NONE', *, *, #2286, .T. ) ;
#2812 = SURFACE_STYLE_USAGE ( .BOTH. , #3072 ) ;
#2813 = DIRECTION ( 'NONE',  ( 0.000000000000000000, 0.000000000000000000, -1.000000000000000000 ) ) ;
#2814 = ORIENTED_EDGE ( 'NONE', *, *, #381, .F. ) ;
#2815 = EDGE_CURVE ( 'NONE', #1390, #3202, #1578, .T. ) ;
#2816 = CARTESIAN_POINT ( 'NONE',  ( 499.0000000000000000, 51.00000000000004263, 0.000000000000000000 ) ) ;
#2817 = CARTESIAN_POINT ( 'NONE',  ( 435.0000000000000568, 51.00000000000004263, 0.000000000000000000 ) ) ;
#2818 = ORIENTED_EDGE ( 'NONE', *, *, #153, .T. ) ;
#2819 = DIRECTION ( 'NONE',  ( 0.7071067811865678898, 0.7071067811865272557, 0.000000000000000000 ) ) ;
#2820 = EDGE_LOOP ( 'NONE', ( #500, #962, #748, #2662 ) ) ;
#2821 = DIRECTION ( 'NONE',  ( 0.000000000000000000, 0.000000000000000000, 1.000000000000000000 ) ) ;
#2822 = EDGE_CURVE ( 'NONE', #2242, #731, #1335, .T. ) ;
#2823 = PLANE ( 'NONE',  #2986 ) ;
#2824 = ORIENTED_EDGE ( 'NONE', *, *, #1478, .T. ) ;
#2825 = VECTOR ( 'NONE', #3091, 1000.000000000000000 ) ;
#2826 = CARTESIAN_POINT ( 'NONE',  ( 108.9827560572986442, 432.5319625684663833, 18.00000000000000000 ) ) ;
#2827 = CYLINDRICAL_SURFACE ( 'NONE', #1917, 2.499999999999995115 ) ;
#2828 = AXIS2_PLACEMENT_3D ( 'NONE', #478, #1982, #2227 ) ;
#2829 = DIRECTION ( 'NONE',  ( 1.000000000000000000, 0.000000000000000000, 0.000000000000000000 ) ) ;
#2830 = CIRCLE ( 'NONE', #1986, 6.000000000000172307 ) ;
#2831 = CYLINDRICAL_SURFACE ( 'NONE', #225, 2.499999999999995115 ) ;
#2832 = DIRECTION ( 'NONE',  ( -0.000000000000000000, -0.000000000000000000, 1.000000000000000000 ) ) ;
#2833 = ORIENTED_EDGE ( 'NONE', *, *, #945, .T. ) ;
#2834 = CYLINDRICAL_SURFACE ( 'NONE', #2225, 3.999999999999976019 ) ;
#2835 = DIRECTION ( 'NONE',  ( 0.000000000000000000, 1.000000000000000000, 0.000000000000000000 ) ) ;
#2836 = EDGE_LOOP ( 'NONE', ( #2624, #1991 ) ) ;
#2837 = DIRECTION ( 'NONE',  ( 1.000000000000000000, 0.000000000000000000, 0.000000000000000000 ) ) ;
#2838 = CIRCLE ( 'NONE', #2494, 6.000000000000005329 ) ;
#2839 = EDGE_LOOP ( 'NONE', ( #1435, #436, #546, #2029 ) ) ;
#2840 = AXIS2_PLACEMENT_3D ( 'NONE', #205, #2205, #991 ) ;
#2841 = CARTESIAN_POINT ( 'NONE',  ( 476.1299423149106929, 77.87005768508787185, 11.99999999999999822 ) ) ;
#2842 = VECTOR ( 'NONE', #2891, 1000.000000000000000 ) ;
#2843 = CARTESIAN_POINT ( 'NONE',  ( 3.673940397442062826E-16, 18.00000000000000000, 3.000000000000002665 ) ) ;
#2844 = ORIENTED_EDGE ( 'NONE', *, *, #2740, .T. ) ;
#2845 = CARTESIAN_POINT ( 'NONE',  ( 114.9999999999999858, 51.00000000000004263, 0.000000000000000000 ) ) ;
#2846 = EDGE_CURVE ( 'NONE', #1230, #1604, #2675, .T. ) ;
#2847 = ADVANCED_BREP_SHAPE_REPRESENTATION ( '', ( #3054, #1372 ), #1819 ) ;
#2848 = CARTESIAN_POINT ( 'NONE',  ( 512.4350288425449662, 520.9203102167825818, 11.99999999999999822 ) ) ;
#2849 = EDGE_LOOP ( 'NONE', ( #2543, #326, #2844, #1079 ) ) ;
#2850 = ORIENTED_EDGE ( 'NONE', *, *, #30, .F. ) ;
#2851 = DIRECTION ( 'NONE',  ( -0.000000000000000000, -0.000000000000000000, -1.000000000000000000 ) ) ;
#2852 = ORIENTED_EDGE ( 'NONE', *, *, #2681, .F. ) ;
#2853 = CARTESIAN_POINT ( 'NONE',  ( 175.3632432006102420, 724.9999999999998863, 1.169197402912876921E-14 ) ) ;
#2854 = ORIENTED_EDGE ( 'NONE', *, *, #3019, .F. ) ;
#2855 = DIRECTION ( 'NONE',  ( 1.000000000000000000, -1.329538674056075510E-18, 0.000000000000000000 ) ) ;
#2856 = EDGE_CURVE ( 'NONE', #1674, #40, #3027, .T. ) ;
#2857 = EDGE_LOOP ( 'NONE', ( #2224, #2070, #1218, #96 ) ) ;
#2858 = CARTESIAN_POINT ( 'NONE',  ( 432.5319625684624611, 108.9827560573022680, 11.99999999999999822 ) ) ;
#2859 = VECTOR ( 'NONE', #2298, 1000.000000000000000 ) ;
#2860 = ORIENTED_EDGE ( 'NONE', *, *, #2660, .F. ) ;
#2861 = PRODUCT_DEFINITION_SHAPE ( 'NONE', 'NONE',  #523 ) ;
#2862 = CIRCLE ( 'NONE', #2440, 450.0000000000001137 ) ;
#2863 = DIRECTION ( 'NONE',  ( -1.000000000000000000, 0.000000000000000000, 0.000000000000000000 ) ) ;
#2864 = VERTEX_POINT ( 'NONE', #2957 ) ;
#2865 = DIRECTION ( 'NONE',  ( 1.000000000000000000, 0.000000000000000000, 0.000000000000000000 ) ) ;
#2866 = EDGE_CURVE ( 'NONE', #180, #2769, #3108, .T. ) ;
#2867 = DIRECTION ( 'NONE',  ( 0.000000000000000000, 0.000000000000000000, 1.000000000000000000 ) ) ;
#2868 = FACE_OUTER_BOUND ( 'NONE', #1870, .T. ) ;
#2869 = DIRECTION ( 'NONE',  ( -1.000000000000000000, 1.329538674056075510E-18, 0.000000000000000000 ) ) ;
#2870 = FACE_BOUND ( 'NONE', #1083, .T. ) ;
#2871 = DIRECTION ( 'NONE',  ( 0.000000000000000000, 0.000000000000000000, 1.000000000000000000 ) ) ;
#2872 = DIRECTION ( 'NONE',  ( -0.9932892160846683582, 0.1156569635167078586, 0.000000000000000000 ) ) ;
#2873 = VECTOR ( 'NONE', #224, 1000.000000000000000 ) ;
#2874 = FACE_OUTER_BOUND ( 'NONE', #2839, .T. ) ;
#2875 = DIRECTION ( 'NONE',  ( 0.000000000000000000, 0.000000000000000000, 1.000000000000000000 ) ) ;
#2876 = FACE_OUTER_BOUND ( 'NONE', #2857, .T. ) ;
#2877 = ORIENTED_EDGE ( 'NONE', *, *, #90, .T. ) ;
#2878 = DIRECTION ( 'NONE',  ( 1.000000000000000000, 0.000000000000000000, 0.000000000000000000 ) ) ;
#2879 = DIRECTION ( 'NONE',  ( 1.000000000000000000, 0.000000000000000000, 0.000000000000000000 ) ) ;
#2880 = FACE_OUTER_BOUND ( 'NONE', #53, .T. ) ;
#2881 = EDGE_CURVE ( 'NONE', #491, #180, #1103, .T. ) ;
#2882 = ORIENTED_EDGE ( 'NONE', *, *, #291, .T. ) ;
#2883 = DIRECTION ( 'NONE',  ( 1.000000000000000000, 0.000000000000000000, 0.000000000000000000 ) ) ;
#2884 = DIRECTION ( 'NONE',  ( 1.000000000000000000, 0.000000000000000000, 0.000000000000000000 ) ) ;
#2885 = PRESENTATION_LAYER_ASSIGNMENT (  '', '', ( #1186 ) ) ;
#2886 = ORIENTED_EDGE ( 'NONE', *, *, #1731, .F. ) ;
#2887 = DIRECTION ( 'NONE',  ( 1.000000000000000000, 0.000000000000000000, 0.000000000000000000 ) ) ;
#2888 = CARTESIAN_POINT ( 'NONE',  ( 190.0750793453590006, 730.0000000000000000, 0.000000000000000000 ) ) ;
#2889 = AXIS2_PLACEMENT_3D ( 'NONE', #2305, #1298, #60 ) ;
#2890 = ORIENTED_EDGE ( 'NONE', *, *, #1055, .F. ) ;
#2891 = DIRECTION ( 'NONE',  ( -0.000000000000000000, -0.000000000000000000, -1.000000000000000000 ) ) ;
#2892 = DIRECTION ( 'NONE',  ( 0.7071067811865274777, 0.7071067811865675568, 0.000000000000000000 ) ) ;
#2893 = ADVANCED_FACE ( 'NONE', ( #1503 ), #1519, .T. ) ;
#2894 = ORIENTED_EDGE ( 'NONE', *, *, #2267, .T. ) ;
#2895 = VERTEX_POINT ( 'NONE', #2520 ) ;
#2896 = DIRECTION ( 'NONE',  ( 0.1713727001804919992, 0.9852062716166839484, 0.000000000000000000 ) ) ;
#2897 = ADVANCED_FACE ( 'NONE', ( #1021 ), #1808, .F. ) ;
#2898 = CARTESIAN_POINT ( 'NONE',  ( 502.9999999999998863, 51.00000000000004263, 18.00000000000000000 ) ) ;
#2899 = ORIENTED_EDGE ( 'NONE', *, *, #84, .T. ) ;
#2900 = EDGE_LOOP ( 'NONE', ( #2707, #1630, #2548, #3178 ) ) ;
#2901 = DIRECTION ( 'NONE',  ( -0.000000000000000000, -0.000000000000000000, -1.000000000000000000 ) ) ;
#2902 = SURFACE_STYLE_USAGE ( .BOTH. , #3234 ) ;
#2903 = LINE ( 'NONE', #1811, #2825 ) ;
#2904 = CIRCLE ( 'NONE', #1010, 4.000000000000003553 ) ;
#2905 = CARTESIAN_POINT ( 'NONE',  ( 0.000000000000000000, 0.000000000000000000, 18.00000000000000000 ) ) ;
#2906 = PRESENTATION_STYLE_ASSIGNMENT (( #2902 ) ) ;
#2907 = AXIS2_PLACEMENT_3D ( 'NONE', #1195, #1977, #1684 ) ;
#2908 = VECTOR ( 'NONE', #953, 1000.000000000000000 ) ;
#2909 = CARTESIAN_POINT ( 'NONE',  ( 51.00000000000004263, 499.0000000000000000, 18.00000000000000000 ) ) ;
#2910 = ADVANCED_FACE ( 'NONE', ( #577 ), #495, .T. ) ;
#2911 = EDGE_CURVE ( 'NONE', #2257, #1138, #1495, .T. ) ;
#2912 = EDGE_CURVE ( 'NONE', #1085, #2210, #1722, .T. ) ;
#2913 = CIRCLE ( 'NONE', #1658, 3.999999999999892530 ) ;
#2914 = ADVANCED_FACE ( 'NONE', ( #2380 ), #975, .F. ) ;
#2915 = DIRECTION ( 'NONE',  ( -1.000000000000000000, 0.000000000000000000, 0.000000000000000000 ) ) ;
#2916 = ORIENTED_EDGE ( 'NONE', *, *, #736, .F. ) ;
#2917 = ORIENTED_EDGE ( 'NONE', *, *, #1135, .T. ) ;
#2918 = SURFACE_STYLE_FILL_AREA ( #2069 ) ;
#2919 = DIRECTION ( 'NONE',  ( 0.7071067811865274777, 0.7071067811865675568, -0.000000000000000000 ) ) ;
#2920 = ORIENTED_EDGE ( 'NONE', *, *, #1168, .F. ) ;
#2921 = EDGE_CURVE ( 'NONE', #1710, #1113, #3145, .T. ) ;
#2922 = FACE_OUTER_BOUND ( 'NONE', #330, .T. ) ;
#2923 = CARTESIAN_POINT ( 'NONE',  ( 501.5000000000000568, 115.0000000000000142, 18.00000000000000000 ) ) ;
#2924 = ORIENTED_EDGE ( 'NONE', *, *, #1532, .T. ) ;
#2925 = EDGE_LOOP ( 'NONE', ( #2997, #294, #1861, #125 ) ) ;
#2926 = AXIS2_PLACEMENT_3D ( 'NONE', #3073, #3087, #1825 ) ;
#2927 = VERTEX_POINT ( 'NONE', #2028 ) ;
#2928 = EDGE_CURVE ( 'NONE', #211, #1805, #817, .T. ) ;
#2929 = DIRECTION ( 'NONE',  ( -0.000000000000000000, -0.000000000000000000, 1.000000000000000000 ) ) ;
#2930 = ADVANCED_FACE ( 'NONE', ( #2976 ), #3211, .T. ) ;
#2931 = ORIENTED_EDGE ( 'NONE', *, *, #2082, .F. ) ;
#2932 = CARTESIAN_POINT ( 'NONE',  ( -5.591319650088474902E-14, 18.00000000000000000, 450.0000000000003411 ) ) ;
#2933 = EDGE_LOOP ( 'NONE', ( #61, #1713 ) ) ;
#2934 = CARTESIAN_POINT ( 'NONE',  ( 437.5000000000000568, 51.00000000000004263, 18.00000000000000000 ) ) ;
#2935 = CARTESIAN_POINT ( 'NONE',  ( 248.0944918928738048, 725.0000000000000000, 9.500000000000000000 ) ) ;
#2936 = ORIENTED_EDGE ( 'NONE', *, *, #2398, .F. ) ;
#2937 = DIRECTION ( 'NONE',  ( 0.000000000000000000, 1.000000000000000000, 0.000000000000000000 ) ) ;
#2938 = EDGE_CURVE ( 'NONE', #49, #1348, #198, .T. ) ;
#2939 = ORIENTED_EDGE ( 'NONE', *, *, #3194, .F. ) ;
#2940 = CYLINDRICAL_SURFACE ( 'NONE', #2507, 4.000000000000031086 ) ;
#2941 = ORIENTED_EDGE ( 'NONE', *, *, #1756, .F. ) ;
#2942 = CARTESIAN_POINT ( 'NONE',  ( 248.0944918928738048, 730.0000000000000000, 31.00000000000000000 ) ) ;
#2943 = ADVANCED_FACE ( 'NONE', ( #633 ), #1702, .F. ) ;
#2944 = FACE_OUTER_BOUND ( 'NONE', #3081, .T. ) ;
#2945 = AXIS2_PLACEMENT_3D ( 'NONE', #2403, #870, #1891 ) ;
#2946 = UNCERTAINTY_MEASURE_WITH_UNIT (LENGTH_MEASURE( 1.000000000000000082E-05 ), #1500, 'distance_accuracy_value', 'NONE');
#2947 = VECTOR ( 'NONE', #1871, 1000.000000000000000 ) ;
#2948 = FACE_BOUND ( 'NONE', #45, .T. ) ;
#2949 = CARTESIAN_POINT ( 'NONE',  ( 180.7018575878153968, 725.0000000000002274, 27.41952543903432016 ) ) ;
#2950 = VECTOR ( 'NONE', #359, 1000.000000000000227 ) ;
#2951 = STYLED_ITEM ( 'NONE', ( #2049 ), #121 ) ;
#2952 = DIRECTION ( 'NONE',  ( 0.000000000000000000, 0.000000000000000000, 1.000000000000000000 ) ) ;
#2953 = EDGE_CURVE ( 'NONE', #3084, #882, #2128, .T. ) ;
#2954 = LINE ( 'NONE', #16, #1889 ) ;
#2955 = EDGE_CURVE ( 'NONE', #2146, #921, #481, .T. ) ;
#2956 = CYLINDRICAL_SURFACE ( 'NONE', #1393, 4.000000000000003553 ) ;
#2957 = CARTESIAN_POINT ( 'NONE',  ( 108.9827560572983458, 117.4680374315409210, 11.99999999999999822 ) ) ;
#2958 = EDGE_CURVE ( 'NONE', #167, #548, #2572, .T. ) ;
#2959 = VERTEX_POINT ( 'NONE', #1257 ) ;
#2960 = DIRECTION ( 'NONE',  ( -1.000000000000000000, 0.000000000000000000, -0.000000000000000000 ) ) ;
#2961 = ORIENTED_EDGE ( 'NONE', *, *, #2866, .T. ) ;
#2962 = ADVANCED_FACE ( 'NONE', ( #10 ), #1036, .F. ) ;
#2963 = DIRECTION ( 'NONE',  ( 0.7071067811865525687, 4.025281146911808244E-16, 0.7071067811865427988 ) ) ;
#2964 = DIRECTION ( 'NONE',  ( 0.1713727001804919992, 0.9852062716166839484, -0.000000000000000000 ) ) ;
#2965 = VERTEX_POINT ( 'NONE', #2319 ) ;
#2966 = ORIENTED_EDGE ( 'NONE', *, *, #12, .F. ) ;
#2967 = DIRECTION ( 'NONE',  ( 0.000000000000000000, -0.000000000000000000, -1.000000000000000000 ) ) ;
#2968 = DIRECTION ( 'NONE',  ( -0.7071067811865696662, -0.7071067811865253683, 0.000000000000000000 ) ) ;
#2969 = ORIENTED_EDGE ( 'NONE', *, *, #3227, .T. ) ;
#2970 = EDGE_CURVE ( 'NONE', #2739, #1164, #1975, .T. ) ;
#2971 = CARTESIAN_POINT ( 'NONE',  ( 58.01941254751481836, 5.421010862427522170E-17, 0.000000000000000000 ) ) ;
#2972 = ORIENTED_EDGE ( 'NONE', *, *, #728, .T. ) ;
#2973 = EDGE_LOOP ( 'NONE', ( #1248, #2617, #2423, #2671 ) ) ;
#2974 = DIRECTION ( 'NONE',  ( 1.329538674056075510E-18, 1.000000000000000000, -0.000000000000000000 ) ) ;
#2975 = EDGE_LOOP ( 'NONE', ( #1878, #1207 ) ) ;
#2976 = FACE_OUTER_BOUND ( 'NONE', #2327, .T. ) ;
#2977 = CARTESIAN_POINT ( 'NONE',  ( 114.9999999999999858, 51.00000000000004263, 18.00000000000000000 ) ) ;
#2978 = DIRECTION ( 'NONE',  ( -0.000000000000000000, -0.000000000000000000, -1.000000000000000000 ) ) ;
#2979 = EDGE_CURVE ( 'NONE', #1265, #1273, #1862, .T. ) ;
#2980 = LINE ( 'NONE', #292, #3231 ) ;
#2981 = DIRECTION ( 'NONE',  ( 0.000000000000000000, -1.000000000000000000, 0.000000000000000000 ) ) ;
#2982 = LINE ( 'NONE', #1615, #36 ) ;
#2983 = DIRECTION ( 'NONE',  ( -0.000000000000000000, -0.000000000000000000, -1.000000000000000000 ) ) ;
#2984 = DIRECTION ( 'NONE',  ( -1.000000000000000000, 0.000000000000000000, -0.000000000000000000 ) ) ;
#2985 = CIRCLE ( 'NONE', #1711, 4.000000000000003553 ) ;
#2986 = AXIS2_PLACEMENT_3D ( 'NONE', #2794, #1288, #3048 ) ;
#2987 = DIRECTION ( 'NONE',  ( 0.000000000000000000, 0.000000000000000000, 1.000000000000000000 ) ) ;
#2988 = EDGE_CURVE ( 'NONE', #272, #1176, #1895, .T. ) ;
#2989 = ORIENTED_EDGE ( 'NONE', *, *, #782, .T. ) ;
#2990 = CARTESIAN_POINT ( 'NONE',  ( 472.1299423149106929, 77.87005768508787185, 18.00000000000000000 ) ) ;
#2991 = LINE ( 'NONE', #1178, #1739 ) ;
#2992 = AXIS2_PLACEMENT_3D ( 'NONE', #3035, #2018, #1246 ) ;
#2993 = SURFACE_STYLE_USAGE ( .BOTH. , #682 ) ;
#2994 = AXIS2_PLACEMENT_3D ( 'NONE', #1522, #2013, #3265 ) ;
#2995 = ORIENTED_EDGE ( 'NONE', *, *, #1275, .F. ) ;
#2996 = CARTESIAN_POINT ( 'NONE',  ( 275.0000000000000000, 275.0000000000000000, 18.00000000000000000 ) ) ;
#2997 = ORIENTED_EDGE ( 'NONE', *, *, #736, .T. ) ;
#2998 = CARTESIAN_POINT ( 'NONE',  ( 33.32233047033575701, 516.6776695296631488, 11.99999999999999822 ) ) ;
#2999 = CARTESIAN_POINT ( 'NONE',  ( 84.99999999999992895, 730.0000000000000000, 31.00000000000000000 ) ) ;
#3000 = FACE_OUTER_BOUND ( 'NONE', #1516, .T. ) ;
#3001 = VERTEX_POINT ( 'NONE', #1075 ) ;
#3002 = CARTESIAN_POINT ( 'NONE',  ( 144.9999999999999147, 730.0000000000000000, 15.49999999999998934 ) ) ;
#3003 = APPLICATION_PROTOCOL_DEFINITION ( 'draft international standard', 'automotive_design', 1998, #2753 ) ;
#3004 = ORIENTED_EDGE ( 'NONE', *, *, #269, .T. ) ;
#3005 = DIRECTION ( 'NONE',  ( 0.000000000000000000, 0.000000000000000000, 1.000000000000000000 ) ) ;
#3006 = EDGE_LOOP ( 'NONE', ( #18, #193, #261, #1293 ) ) ;
#3007 = MANIFOLD_SOLID_BREP ( 'Saliente-Extruir2', #3185 ) ;
#3008 = ORIENTED_EDGE ( 'NONE', *, *, #3163, .F. ) ;
#3009 = PRODUCT_RELATED_PRODUCT_CATEGORY ( 'part', '', ( #563 ) ) ;
#3010 = DIRECTION ( 'NONE',  ( -0.000000000000000000, -0.000000000000000000, 1.000000000000000000 ) ) ;
#3011 = DIRECTION ( 'NONE',  ( -0.000000000000000000, -0.000000000000000000, -1.000000000000000000 ) ) ;
#3012 = DIRECTION ( 'NONE',  ( -0.000000000000000000, -0.000000000000000000, 1.000000000000000000 ) ) ;
#3013 = ORIENTED_EDGE ( 'NONE', *, *, #185, .T. ) ;
#3014 = AXIS2_PLACEMENT_3D ( 'NONE', #1007, #2777, #524 ) ;
#3015 = CARTESIAN_POINT ( 'NONE',  ( 502.9999999999998863, 499.0000000000000000, 11.99999999999999822 ) ) ;
#3016 = EDGE_CURVE ( 'NONE', #2739, #2578, #2089, .T. ) ;
#3017 = DIRECTION ( 'NONE',  ( -0.000000000000000000, -0.000000000000000000, 1.000000000000000000 ) ) ;
#3018 = ORIENTED_EDGE ( 'NONE', *, *, #2419, .F. ) ;
#3019 = EDGE_CURVE ( 'NONE', #92, #2101, #2449, .T. ) ;
#3020 = DIRECTION ( 'NONE',  ( -0.7071067811865688890, 0.7071067811865262565, 0.000000000000000000 ) ) ;
#3021 = EDGE_LOOP ( 'NONE', ( #646, #2917, #2711, #255 ) ) ;
#3022 = CARTESIAN_POINT ( 'NONE',  ( 51.00000000000004263, 435.0000000000000568, 0.000000000000000000 ) ) ;
#3023 = CARTESIAN_POINT ( 'NONE',  ( 0.000000000000000000, 0.000000000000000000, 31.00000000000000000 ) ) ;
#3024 = ORIENTED_EDGE ( 'NONE', *, *, #82, .T. ) ;
#3025 = CARTESIAN_POINT ( 'NONE',  ( 37.56497115745527537, 29.07968978321507336, 11.99999999999999822 ) ) ;
#3026 = CYLINDRICAL_SURFACE ( 'NONE', #1484, 2.999999999999993783 ) ;
#3027 = CIRCLE ( 'NONE', #1836, 2.499999999999995115 ) ;
#3028 = CARTESIAN_POINT ( 'NONE',  ( 112.4999999999999858, 51.00000000000004263, 18.00000000000000000 ) ) ;
#3029 = EDGE_CURVE ( 'NONE', #1482, #974, #48, .T. ) ;
#3030 = FACE_OUTER_BOUND ( 'NONE', #693, .T. ) ;
#3031 = APPLICATION_CONTEXT ( 'automotive_design' ) ;
#3032 = CARTESIAN_POINT ( 'NONE',  ( 119.2253967444179636, 436.7746032555858733, 11.99999999999999822 ) ) ;
#3033 = VERTEX_POINT ( 'NONE', #1824 ) ;
#3034 = CYLINDRICAL_SURFACE ( 'NONE', #100, 450.0000000000001137 ) ;
#3035 = CARTESIAN_POINT ( 'NONE',  ( 472.1299423149106929, 77.87005768508787185, 18.00000000000000000 ) ) ;
#3036 = CARTESIAN_POINT ( 'NONE',  ( 112.4999999999999858, 499.0000000000000000, 0.000000000000000000 ) ) ;
#3037 = ORIENTED_EDGE ( 'NONE', *, *, #995, .T. ) ;
#3038 = AXIS2_PLACEMENT_3D ( 'NONE', #1146, #2170, #1397 ) ;
#3039 = CARTESIAN_POINT ( 'NONE',  ( 441.0172439427016684, 432.5319625684664970, 18.00000000000000000 ) ) ;
#3040 = EDGE_CURVE ( 'NONE', #719, #2739, #2204, .T. ) ;
#3041 = FACE_BOUND ( 'NONE', #2095, .T. ) ;
#3042 = FACE_OUTER_BOUND ( 'NONE', #220, .T. ) ;
#3043 = CARTESIAN_POINT ( 'NONE',  ( 112.4999999999999858, 51.00000000000004263, 0.000000000000000000 ) ) ;
#3044 = ORIENTED_EDGE ( 'NONE', *, *, #1589, .T. ) ;
#3045 =( NAMED_UNIT ( * ) SI_UNIT ( $, .STERADIAN. ) SOLID_ANGLE_UNIT ( ) );
#3046 = ORIENTED_EDGE ( 'NONE', *, *, #1170, .T. ) ;
#3047 = FILL_AREA_STYLE ('',( #2793 ) ) ;
#3048 = DIRECTION ( 'NONE',  ( 1.000000000000000000, 0.000000000000000000, -0.000000000000000000 ) ) ;
#3049 = EDGE_LOOP ( 'NONE', ( #2455, #2061, #1285, #251 ) ) ;
#3050 = DIRECTION ( 'NONE',  ( 0.000000000000000000, 1.000000000000000000, 0.000000000000000000 ) ) ;
#3051 = DIRECTION ( 'NONE',  ( 1.000000000000000000, 0.000000000000000000, 0.000000000000000000 ) ) ;
#3052 = ORIENTED_EDGE ( 'NONE', *, *, #1111, .F. ) ;
#3053 = PLANE ( 'NONE',  #1879 ) ;
#3054 = MANIFOLD_SOLID_BREP ( 'Cortar-Extruir1', #3176 ) ;
#3055 = ORIENTED_EDGE ( 'NONE', *, *, #258, .T. ) ;
#3056 = AXIS2_PLACEMENT_3D ( 'NONE', #1127, #2871, #1401 ) ;
#3057 = DIRECTION ( 'NONE',  ( -1.000000000000000000, 0.000000000000000000, 0.000000000000000000 ) ) ;
#3058 = ORIENTED_EDGE ( 'NONE', *, *, #2928, .F. ) ;
#3059 = PRESENTATION_LAYER_ASSIGNMENT (  '', '', ( #2373 ) ) ;
#3060 = AXIS2_PLACEMENT_3D ( 'NONE', #2393, #895, #1153 ) ;
#3061 = CARTESIAN_POINT ( 'NONE',  ( 2.386104647103851222E-15, 2.007781800899081418E-17, 6.213203435596427404 ) ) ;
#3062 = ORIENTED_EDGE ( 'NONE', *, *, #3167, .F. ) ;
#3063 = DIRECTION ( 'NONE',  ( 1.000000000000000000, 0.000000000000000000, 0.000000000000000000 ) ) ;
#3064 = FACE_OUTER_BOUND ( 'NONE', #562, .T. ) ;
#3065 = VECTOR ( 'NONE', #2855, 1000.000000000000000 ) ;
#3066 = CIRCLE ( 'NONE', #303, 2.500000000000002220 ) ;
#3067 = CARTESIAN_POINT ( 'NONE',  ( 108.9827560572983458, 117.4680374315409210, 18.00000000000000000 ) ) ;
#3068 = CARTESIAN_POINT ( 'NONE',  ( 0.000000000000000000, 0.000000000000000000, 15.00000000000000000 ) ) ;
#3069 = ORIENTED_EDGE ( 'NONE', *, *, #1635, .T. ) ;
#3070 = VECTOR ( 'NONE', #1681, 1000.000000000000000 ) ;
#3071 = ORIENTED_EDGE ( 'NONE', *, *, #279, .T. ) ;
#3072 = SURFACE_SIDE_STYLE ('',( #122 ) ) ;
#3073 = CARTESIAN_POINT ( 'NONE',  ( 144.9999999999999147, 690.0000000000000000, 15.49999999999998934 ) ) ;
#3074 = VECTOR ( 'NONE', #2575, 1000.000000000000000 ) ;
#3075 = AXIS2_PLACEMENT_3D ( 'NONE', #89, #576, #590 ) ;
#3076 = EDGE_CURVE ( 'NONE', #2722, #2578, #2278, .T. ) ;
#3077 = EDGE_CURVE ( 'NONE', #288, #1644, #1198, .T. ) ;
#3078 = DIRECTION ( 'NONE',  ( 1.000000000000000000, 0.000000000000000000, 0.000000000000000000 ) ) ;
#3079 = DIRECTION ( 'NONE',  ( 0.1713727001804919992, 0.9852062716166839484, -0.000000000000000000 ) ) ;
#3080 = VECTOR ( 'NONE', #1196, 1000.000000000000000 ) ;
#3081 = EDGE_LOOP ( 'NONE', ( #55, #3024, #1528, #105 ) ) ;
#3082 = CARTESIAN_POINT ( 'NONE',  ( 106.9999999999999005, 690.0000000000000000, 18.49999999999998579 ) ) ;
#3083 = DIRECTION ( 'NONE',  ( -0.000000000000000000, -0.000000000000000000, 1.000000000000000000 ) ) ;
#3084 = VERTEX_POINT ( 'NONE', #1099 ) ;
#3085 = VERTEX_POINT ( 'NONE', #2292 ) ;
#3086 = CARTESIAN_POINT ( 'NONE',  ( 84.99999999999992895, 730.0000000000000000, 31.00000000000000000 ) ) ;
#3087 = DIRECTION ( 'NONE',  ( -0.000000000000000000, 1.000000000000000000, -0.000000000000000000 ) ) ;
#3088 = EDGE_LOOP ( 'NONE', ( #1136, #2492, #1677, #1053 ) ) ;
#3089 = EDGE_CURVE ( 'NONE', #2284, #1741, #2508, .T. ) ;
#3090 = UNCERTAINTY_MEASURE_WITH_UNIT (LENGTH_MEASURE( 1.000000000000000082E-05 ), #643, 'distance_accuracy_value', 'NONE');
#3091 = DIRECTION ( 'NONE',  ( -0.7071067811865275887, 0.7071067811865675568, -0.000000000000000000 ) ) ;
#3092 = CARTESIAN_POINT ( 'NONE',  ( 37.56497115745501958, 520.9203102167826955, 11.99999999999999822 ) ) ;
#3093 = ORIENTED_EDGE ( 'NONE', *, *, #2082, .T. ) ;
#3094 = DIRECTION ( 'NONE',  ( -0.000000000000000000, -1.000000000000000000, -0.000000000000000000 ) ) ;
#3095 = ORIENTED_EDGE ( 'NONE', *, *, #352, .T. ) ;
#3096 = DIRECTION ( 'NONE',  ( 1.000000000000000000, 0.000000000000000000, 0.000000000000000000 ) ) ;
#3097 = DIRECTION ( 'NONE',  ( -1.000000000000000000, 0.000000000000000000, 0.000000000000000000 ) ) ;
#3098 = EDGE_CURVE ( 'NONE', #1138, #1181, #673, .T. ) ;
#3099 = CARTESIAN_POINT ( 'NONE',  ( 113.2253967444178642, 436.7746032555858733, 11.99999999999999822 ) ) ;
#3100 = ORIENTED_EDGE ( 'NONE', *, *, #185, .F. ) ;
#3101 = VECTOR ( 'NONE', #1219, 1000.000000000000227 ) ;
#3102 = ORIENTED_EDGE ( 'NONE', *, *, #653, .T. ) ;
#3103 = CARTESIAN_POINT ( 'NONE',  ( 58.01941254751481836, 5.421010862427522170E-17, 15.00000000000000000 ) ) ;
#3104 = AXIS2_PLACEMENT_3D ( 'NONE', #2905, #3158, #2420 ) ;
#3105 = CARTESIAN_POINT ( 'NONE',  ( 117.4680374315371694, 108.9827560573014864, 11.99999999999999822 ) ) ;
#3106 = FACE_BOUND ( 'NONE', #690, .T. ) ;
#3107 = FACE_OUTER_BOUND ( 'NONE', #2628, .T. ) ;
#3108 = LINE ( 'NONE', #2532, #429 ) ;
#3109 = VECTOR ( 'NONE', #2342, 1000.000000000000000 ) ;
#3110 = CIRCLE ( 'NONE', #2139, 3.000000000000002665 ) ;
#3111 = LINE ( 'NONE', #2202, #581 ) ;
#3112 = DIRECTION ( 'NONE',  ( -0.000000000000000000, -1.000000000000000000, -0.000000000000000000 ) ) ;
#3113 = EDGE_CURVE ( 'NONE', #22, #984, #1159, .T. ) ;
#3114 = ORIENTED_EDGE ( 'NONE', *, *, #3127, .F. ) ;
#3115 = CIRCLE ( 'NONE', #487, 3.000000000000058176 ) ;
#3116 = CARTESIAN_POINT ( 'NONE',  ( -1.110223024625156540E-13, 0.000000000000000000, -449.9999999999998863 ) ) ;
#3117 = ORIENTED_EDGE ( 'NONE', *, *, #1673, .F. ) ;
#3118 = CARTESIAN_POINT ( 'NONE',  ( 550.0000000000000000, 0.000000000000000000, 18.00000000000000000 ) ) ;
#3119 = LINE ( 'NONE', #2434, #2317 ) ;
#3120 = DIRECTION ( 'NONE',  ( -0.9932892160846683582, 0.1156569635167078863, 0.000000000000000000 ) ) ;
#3121 = PRODUCT_RELATED_PRODUCT_CATEGORY ( 'part', '', ( #322 ) ) ;
#3122 = AXIS2_PLACEMENT_3D ( 'NONE', #2999, #1459, #526 ) ;
#3123 = CARTESIAN_POINT ( 'NONE',  ( 47.00000000000002842, 499.0000000000000000, 18.00000000000000000 ) ) ;
#3124 = CIRCLE ( 'NONE', #119, 2.999999999999993783 ) ;
#3125 = CARTESIAN_POINT ( 'NONE',  ( 435.0000000000000568, 499.0000000000000000, 0.000000000000000000 ) ) ;
#3126 = PRESENTATION_LAYER_ASSIGNMENT (  '', '', ( #2951 ) ) ;
#3127 = EDGE_CURVE ( 'NONE', #335, #811, #1475, .T. ) ;
#3128 = EDGE_CURVE ( 'NONE', #1190, #1539, #1938, .T. ) ;
#3129 = PLANE ( 'NONE',  #2039 ) ;
#3130 = ORIENTED_EDGE ( 'NONE', *, *, #62, .T. ) ;
#3131 = DIRECTION ( 'NONE',  ( -0.000000000000000000, -0.000000000000000000, -1.000000000000000000 ) ) ;
#3132 = DIRECTION ( 'NONE',  ( 0.000000000000000000, 0.000000000000000000, -1.000000000000000000 ) ) ;
#3133 = ORIENTED_EDGE ( 'NONE', *, *, #1362, .T. ) ;
#3134 = EDGE_CURVE ( 'NONE', #98, #1243, #1631, .T. ) ;
#3135 = DIRECTION ( 'NONE',  ( -0.000000000000000000, -0.000000000000000000, -1.000000000000000000 ) ) ;
#3136 = DIRECTION ( 'NONE',  ( 1.000000000000000000, 0.000000000000000000, 0.000000000000000000 ) ) ;
#3137 = ORIENTED_EDGE ( 'NONE', *, *, #256, .T. ) ;
#3138 = CARTESIAN_POINT ( 'NONE',  ( 99.51915006111077844, 725.0000000000000000, 6.123233995736914194E-16 ) ) ;
#3139 = VERTEX_POINT ( 'NONE', #2362 ) ;
#3140 = PLANE ( 'NONE',  #2767 ) ;
#3141 = ORIENTED_EDGE ( 'NONE', *, *, #2332, .T. ) ;
#3142 = DIRECTION ( 'NONE',  ( 1.000000000000000000, 0.000000000000000000, 0.000000000000000000 ) ) ;
#3143 = CARTESIAN_POINT ( 'NONE',  ( 248.0944918928738048, 730.0000000000000000, 21.50000000000000000 ) ) ;
#3144 = ORIENTED_EDGE ( 'NONE', *, *, #2979, .T. ) ;
#3145 = LINE ( 'NONE', #1789, #2300 ) ;
#3146 = AXIS2_PLACEMENT_3D ( 'NONE', #818, #554, #2056 ) ;
#3147 = CARTESIAN_POINT ( 'NONE',  ( -1.110223024625156540E-13, 18.00000000000000000, -449.9999999999998863 ) ) ;
#3148 = ADVANCED_FACE ( 'NONE', ( #2491 ), #1557, .F. ) ;
#3149 = AXIS2_PLACEMENT_3D ( 'NONE', #395, #2148, #3096 ) ;
#3150 =( LENGTH_UNIT ( ) NAMED_UNIT ( * ) SI_UNIT ( .MILLI., .METRE. ) );
#3151 = CIRCLE ( 'NONE', #2840, 3.999999999999892530 ) ;
#3152 = EDGE_CURVE ( 'NONE', #528, #1321, #2612, .T. ) ;
#3153 = LINE ( 'NONE', #2273, #34 ) ;
#3154 = ADVANCED_FACE ( 'NONE', ( #2443 ), #2626, .T. ) ;
#3155 = VECTOR ( 'NONE', #2277, 1000.000000000000000 ) ;
#3156 = CARTESIAN_POINT ( 'NONE',  ( 144.9999999999999147, 690.0000000000000000, 12.49999999999999289 ) ) ;
#3157 = CYLINDRICAL_SURFACE ( 'NONE', #470, 6.000000000000394351 ) ;
#3158 = DIRECTION ( 'NONE',  ( 0.000000000000000000, 1.000000000000000000, 0.000000000000000000 ) ) ;
#3159 =( BOUNDED_CURVE ( )  B_SPLINE_CURVE ( 3, ( #2175, #1188, #454, #1463 ),
 .UNSPECIFIED., .F., .T. ) 
 B_SPLINE_CURVE_WITH_KNOTS ( ( 4, 4 ),
 ( 2.766169045608754651, 3.141592653589793116 ),
 .UNSPECIFIED. ) 
 CURVE ( )  GEOMETRIC_REPRESENTATION_ITEM ( )  RATIONAL_B_SPLINE_CURVE ( ( 1.000000000000000000, 0.9882892067347445186, 0.9882892067347445186, 1.000000000000000000 ) ) 
 REPRESENTATION_ITEM ( '' )  );
#3160 = ORIENTED_EDGE ( 'NONE', *, *, #1781, .F. ) ;
#3161 = DIRECTION ( 'NONE',  ( 0.000000000000000000, 0.000000000000000000, 1.000000000000000000 ) ) ;
#3162 = CARTESIAN_POINT ( 'NONE',  ( 0.000000000000000000, 0.000000000000000000, 31.00000000000000000 ) ) ;
#3163 = EDGE_CURVE ( 'NONE', #2210, #917, #2838, .T. ) ;
#3164 = ADVANCED_FACE ( 'NONE', ( #241 ), #2358, .F. ) ;
#3165 = VERTEX_POINT ( 'NONE', #2370 ) ;
#3166 = AXIS2_PLACEMENT_3D ( 'NONE', #1990, #2974, #2244 ) ;
#3167 = EDGE_CURVE ( 'NONE', #568, #1954, #155, .T. ) ;
#3168 = FACE_OUTER_BOUND ( 'NONE', #57, .T. ) ;
#3169 = DIRECTION ( 'NONE',  ( 0.000000000000000000, 0.000000000000000000, 1.000000000000000000 ) ) ;
#3170 = ADVANCED_FACE ( 'NONE', ( #874 ), #1469, .T. ) ;
#3171 = VERTEX_POINT ( 'NONE', #391 ) ;
#3172 = DIRECTION ( 'NONE',  ( 0.000000000000000000, 0.000000000000000000, 1.000000000000000000 ) ) ;
#3173 = AXIS2_PLACEMENT_3D ( 'NONE', #483, #237, #2232 ) ;
#3174 = ORIENTED_EDGE ( 'NONE', *, *, #2594, .T. ) ;
#3175 = AXIS2_PLACEMENT_3D ( 'NONE', #2809, #826, #2289 ) ;
#3176 = CLOSED_SHELL ( 'NONE', ( #2704, #1679, #1872, #407, #2150, #1151, #929, #2430, #3148, #2667, #634, #2394, #2943, #1400, #1377, #1955, #403, #116, #2914, #1137, #609, #2414, #947, #371, #1381, #2198, #1395, #3206, #1414, #1668, #2282, #181, #149, #2132, #681, #864, #1451, #1652, #1886, #2015, #2167, #902, #123, #2897, #2652, #2390, #1940, #1155, #3221, #2452, #2631, #2962, #438, #1430, #3164, #884, #2181, #2376, #1910, #166, #627, #1634, #1189, #898 ) ) ;
#3177 = CARTESIAN_POINT ( 'NONE',  ( 77.87005768508937820, 472.1299423149121708, 18.00000000000000000 ) ) ;
#3178 = ORIENTED_EDGE ( 'NONE', *, *, #2688, .F. ) ;
#3179 = ORIENTED_EDGE ( 'NONE', *, *, #3128, .F. ) ;
#3180 = DIRECTION ( 'NONE',  ( 0.000000000000000000, 0.000000000000000000, 1.000000000000000000 ) ) ;
#3181 = DIRECTION ( 'NONE',  ( 0.000000000000000000, 1.000000000000000000, 0.000000000000000000 ) ) ;
#3182 = SURFACE_STYLE_USAGE ( .BOTH. , #2422 ) ;
#3183 = ORIENTED_EDGE ( 'NONE', *, *, #191, .F. ) ;
#3184 = ADVANCED_FACE ( 'NONE', ( #2166 ), #1931, .T. ) ;
#3185 = CLOSED_SHELL ( 'NONE', ( #2686, #2636, #645, #1906, #3170, #1172, #2893 ) ) ;
#3186 = DIRECTION ( 'NONE',  ( 1.000000000000000000, -1.329538674056075510E-18, 0.000000000000000000 ) ) ;
#3188 = VECTOR ( 'NONE', #1717, 1000.000000000000000 ) ;
#3187 = AXIS2_PLACEMENT_3D ( 'NONE', #2513, #1780, #1002 ) ;
#3189 = EDGE_LOOP ( 'NONE', ( #2882, #64, #1951, #2405 ) ) ;
#3190 = CIRCLE ( 'NONE', #2779, 2.999999999999993783 ) ;
#3191 = AXIS2_PLACEMENT_3D ( 'NONE', #2698, #168, #2211 ) ;
#3192 = CARTESIAN_POINT ( 'NONE',  ( 48.50000000000004974, 435.0000000000000568, 18.00000000000000000 ) ) ;
#3193 = EDGE_CURVE ( 'NONE', #1113, #2210, #1115, .T. ) ;
#3194 = EDGE_CURVE ( 'NONE', #3139, #2696, #832, .T. ) ;
#3195 = VECTOR ( 'NONE', #2118, 1000.000000000000000 ) ;
#3196 = CARTESIAN_POINT ( 'NONE',  ( 86.05177248089445641, 730.0000000000000000, 9.500000000000000000 ) ) ;
#3197 = VECTOR ( 'NONE', #1422, 1000.000000000000000 ) ;
#3198 = DIRECTION ( 'NONE',  ( 0.000000000000000000, 0.000000000000000000, 1.000000000000000000 ) ) ;
#3199 = EDGE_LOOP ( 'NONE', ( #1937, #1382, #1959, #1745 ) ) ;
#3200 = EDGE_CURVE ( 'NONE', #1644, #288, #753, .T. ) ;
#3201 = CIRCLE ( 'NONE', #649, 2.500000000000057732 ) ;
#3202 = VERTEX_POINT ( 'NONE', #670 ) ;
#3203 = DIRECTION ( 'NONE',  ( 0.000000000000000000, 0.000000000000000000, 1.000000000000000000 ) ) ;
#3204 = FACE_OUTER_BOUND ( 'NONE', #605, .T. ) ;
#3205 = VECTOR ( 'NONE', #1359, 1000.000000000000000 ) ;
#3206 = ADVANCED_FACE ( 'NONE', ( #2088 ), #2802, .F. ) ;
#3207 = DIRECTION ( 'NONE',  ( 1.000000000000000000, 0.000000000000000000, 0.000000000000000000 ) ) ;
#3208 = ORIENTED_EDGE ( 'NONE', *, *, #1901, .T. ) ;
#3209 = CARTESIAN_POINT ( 'NONE',  ( 29.07968978321613207, 37.56497115745406035, 11.99999999999999822 ) ) ;
#3210 = EDGE_CURVE ( 'NONE', #1088, #571, #793, .T. ) ;
#3211 = CYLINDRICAL_SURFACE ( 'NONE', #3173, 14.99999999999999822 ) ;
#3212 = DIRECTION ( 'NONE',  ( 1.000000000000000000, 0.000000000000000000, -0.000000000000000000 ) ) ;
#3213 = ORIENTED_EDGE ( 'NONE', *, *, #2588, .T. ) ;
#3214 = AXIS2_PLACEMENT_3D ( 'NONE', #1157, #1913, #1655 ) ;
#3215 = VERTEX_POINT ( 'NONE', #2433 ) ;
#3216 = EDGE_CURVE ( 'NONE', #1126, #1674, #1518, .T. ) ;
#3217 = DIRECTION ( 'NONE',  ( 0.000000000000000000, 0.000000000000000000, 1.000000000000000000 ) ) ;
#3218 = ORIENTED_EDGE ( 'NONE', *, *, #1579, .F. ) ;
#3219 = DIRECTION ( 'NONE',  ( 1.000000000000000000, 0.000000000000000000, 0.000000000000000000 ) ) ;
#3220 = EDGE_LOOP ( 'NONE', ( #494, #2700, #1110, #537 ) ) ;
#3221 = ADVANCED_FACE ( 'NONE', ( #2685, #519, #3042 ), #1439, .T. ) ;
#3222 = CARTESIAN_POINT ( 'NONE',  ( 275.0000000000000000, 275.0000000000000000, 0.000000000000000000 ) ) ;
#3223 = CARTESIAN_POINT ( 'NONE',  ( 117.5000000000000000, 51.00000000000004263, 18.00000000000000000 ) ) ;
#3224 = ORIENTED_EDGE ( 'NONE', *, *, #606, .T. ) ;
#3225 = DIRECTION ( 'NONE',  ( 0.1156569635167078447, 0.9932892160846682472, 0.000000000000000000 ) ) ;
#3226 = CARTESIAN_POINT ( 'NONE',  ( 0.000000000000000000, 0.000000000000000000, 31.00000000000000000 ) ) ;
#3227 = EDGE_CURVE ( 'NONE', #2185, #1807, #589, .T. ) ;
#3228 = EDGE_LOOP ( 'NONE', ( #1820, #2778, #411, #1566 ) ) ;
#3229 = CARTESIAN_POINT ( 'NONE',  ( 563.7002704785732021, -725.0000000000000000, 585.6205806953483943 ) ) ;
#3230 = ORIENTED_EDGE ( 'NONE', *, *, #2660, .T. ) ;
#3231 = VECTOR ( 'NONE', #1046, 1000.000000000000000 ) ;
#3232 = CARTESIAN_POINT ( 'NONE',  ( 106.9999999999999005, 690.0000000000000000, 18.49999999999998579 ) ) ;
#3233 = AXIS2_PLACEMENT_3D ( 'NONE', #1134, #2157, #2145 ) ;
#3234 = SURFACE_SIDE_STYLE ('',( #1845 ) ) ;
#3235 = AXIS2_PLACEMENT_3D ( 'NONE', #805, #1827, #814 ) ;
#3236 = VECTOR ( 'NONE', #1300, 1000.000000000000000 ) ;
#3237 = DIRECTION ( 'NONE',  ( -1.000000000000000000, 0.000000000000000000, 0.000000000000000000 ) ) ;
#3238 = DIRECTION ( 'NONE',  ( 1.000000000000000000, 0.000000000000000000, 0.000000000000000000 ) ) ;
#3239 = VECTOR ( 'NONE', #2515, 1000.000000000000000 ) ;
#3240 =( GEOMETRIC_REPRESENTATION_CONTEXT ( 3 ) GLOBAL_UNCERTAINTY_ASSIGNED_CONTEXT ( ( #2460 ) ) GLOBAL_UNIT_ASSIGNED_CONTEXT ( ( #1222, #2230, #2481 ) ) REPRESENTATION_CONTEXT ( 'NONE', 'WORKASPACE' ) );
#3241 = DIRECTION ( 'NONE',  ( 0.000000000000000000, 0.000000000000000000, 1.000000000000000000 ) ) ;
#3242 = AXIS2_PLACEMENT_3D ( 'NONE', #3143, #161, #1909 ) ;
#3243 = CARTESIAN_POINT ( 'NONE',  ( 516.6776695296641719, 33.32233047033469120, 11.99999999999999822 ) ) ;
#3244 = CYLINDRICAL_SURFACE ( 'NONE', #1328, 2.500000000000002220 ) ;
#3245 = ORIENTED_EDGE ( 'NONE', *, *, #852, .T. ) ;
#3246 = CARTESIAN_POINT ( 'NONE',  ( 42.79417451143776674, -5.689651003726127526E-17, 0.000000000000000000 ) ) ;
#3247 = EDGE_LOOP ( 'NONE', ( #2034, #2174, #1452, #138 ) ) ;
#3248 = DIRECTION ( 'NONE',  ( 1.000000000000000000, 0.000000000000000000, 0.000000000000000000 ) ) ;
#3249 = VECTOR ( 'NONE', #2738, 1000.000000000000000 ) ;
#3250 = DIRECTION ( 'NONE',  ( -0.000000000000000000, -0.000000000000000000, -1.000000000000000000 ) ) ;
#3251 = EDGE_LOOP ( 'NONE', ( #130, #507 ) ) ;
#3252 = CARTESIAN_POINT ( 'NONE',  ( -35.62058069534915461, -725.0000000000000000, 563.7002704785721789 ) ) ;
#3253 = CYLINDRICAL_SURFACE ( 'NONE', #2551, 3.999999999999892530 ) ;
#3254 = EDGE_LOOP ( 'NONE', ( #2239, #1116, #295, #1120 ) ) ;
#3255 = AXIS2_PLACEMENT_3D ( 'NONE', #1964, #741, #1803 ) ;
#3256 = DIRECTION ( 'NONE',  ( 0.000000000000000000, 0.000000000000000000, 1.000000000000000000 ) ) ;
#3257 = PLANE ( 'NONE',  #557 ) ;
#3258 = ORIENTED_EDGE ( 'NONE', *, *, #2134, .T. ) ;
#3259 = ORIENTED_EDGE ( 'NONE', *, *, #2332, .F. ) ;
#3260 = CARTESIAN_POINT ( 'NONE',  ( 441.0172439427019526, 117.4680374315398410, 18.00000000000000000 ) ) ;
#3261 = AXIS2_PLACEMENT_3D ( 'NONE', #1714, #1724, #1935 ) ;
#3262 = CARTESIAN_POINT ( 'NONE',  ( 114.9999999999999858, 51.00000000000004263, 18.00000000000000000 ) ) ;
#3263 = EDGE_LOOP ( 'NONE', ( #3093, #376 ) ) ;
#3264 = EDGE_CURVE ( 'NONE', #733, #1550, #2610, .T. ) ;
#3265 = DIRECTION ( 'NONE',  ( -1.000000000000000000, 0.000000000000000000, 0.000000000000000000 ) ) ;
#3266 = EDGE_CURVE ( 'NONE', #1492, #1703, #1347, .T. ) ;
#3267 =( NAMED_UNIT ( * ) SI_UNIT ( $, .STERADIAN. ) SOLID_ANGLE_UNIT ( ) );
#3268 = EDGE_LOOP ( 'NONE', ( #1687, #1575, #3018, #2961 ) ) ;
#3269 = CARTESIAN_POINT ( 'NONE',  ( 114.9999999999999858, 499.0000000000000000, 18.00000000000000000 ) ) ;
#3270 = EDGE_LOOP ( 'NONE', ( #1899, #2877 ) ) ;
#3271 = CARTESIAN_POINT ( 'NONE',  ( 184.9999999999999432, 730.0000000000000000, 0.000000000000000000 ) ) ;
#3272 = SHAPE_DEFINITION_REPRESENTATION ( #2861, #1511 ) ;
#3273 = ORIENTED_EDGE ( 'NONE', *, *, #444, .T. ) ;
#3274 = CARTESIAN_POINT ( 'NONE',  ( 499.0000000000000000, 51.00000000000004263, 11.99999999999999822 ) ) ;
#3275 = CARTESIAN_POINT ( 'NONE',  ( 6.255180600960854598, 1.176131348680804810E-17, 30.99999999999999645 ) ) ;
#3276 = EDGE_CURVE ( 'NONE', #342, #1129, #989, .T. ) ;
#3277 = FACE_OUTER_BOUND ( 'NONE', #1873, .T. ) ;
#3278 =( REPRESENTATION_RELATIONSHIP ('NONE','NONE', #2646, #1511 ) REPRESENTATION_RELATIONSHIP_WITH_TRANSFORMATION ( #2385 )SHAPE_REPRESENTATION_RELATIONSHIP( ) );
#3279 = EDGE_CURVE ( 'NONE', #1244, #1171, #117, .T. ) ;
#3280 = NEXT_ASSEMBLY_USAGE_OCCURRENCE ( 'NAUO1', ' ', ' ', #1225, #2737, $ ) ;
#3281 = NEXT_ASSEMBLY_USAGE_OCCURRENCE ( 'NAUO2', ' ', ' ', #1225, #77, $ ) ;
#3282 = NEXT_ASSEMBLY_USAGE_OCCURRENCE ( 'NAUO3', ' ', ' ', #1225, #523, $ ) ;
#3283 = NEXT_ASSEMBLY_USAGE_OCCURRENCE ( 'NAUO4', ' ', ' ', #1225, #523, $ ) ;
#3284 = NEXT_ASSEMBLY_USAGE_OCCURRENCE ( 'NAUO5', ' ', ' ', #1225, #523, $ ) ;
#3285 = NEXT_ASSEMBLY_USAGE_OCCURRENCE ( 'NAUO6', ' ', ' ', #1225, #523, $ ) ;
ENDSEC;
END-ISO-10303-21;
