ISO-10303-21;
HEADER;
FILE_DESCRIPTION (( 'STEP AP214' ),
    '1' );
FILE_NAME ('A760250-COMPLETO-IM00.STEP',
    '2026-05-29T12:03:29',
    ( '' ),
    ( '' ),
    'SwSTEP 2.0',
    'SolidWorks 2018',
    '' );
FILE_SCHEMA (( 'AUTOMOTIVE_DESIGN' ));
ENDSEC;

DATA;
#1 = ORIENTED_EDGE ( 'NONE', *, *, #6822, .F. ) ;
#2 = CARTESIAN_POINT ( 'NONE',  ( 742.4999999999998863, 46.00000000000005684, 7.500000000000062172 ) ) ;
#3 = DIRECTION ( 'NONE',  ( 0.000000000000000000, 0.000000000000000000, 1.000000000000000000 ) ) ;
#4 = CARTESIAN_POINT ( 'NONE',  ( 0.000000000000000000, 0.000000000000000000, 0.000000000000000000 ) ) ;
#5 = VERTEX_POINT ( 'NONE', #8995 ) ;
#6 = CARTESIAN_POINT ( 'NONE',  ( 632.0000000000007958, 266.0000000000004547, 0.000000000000000000 ) ) ;
#7 = CARTESIAN_POINT ( 'NONE',  ( 767.4999999999998863, 8.326672684688674053E-14, 15.00000000000006928 ) ) ;
#8 = ORIENTED_EDGE ( 'NONE', *, *, #8434, .F. ) ;
#9 = EDGE_CURVE ( 'NONE', #1460, #4969, #4003, .T. ) ;
#10 = CARTESIAN_POINT ( 'NONE',  ( 88.00000000000052580, 298.0000000000003979, 0.000000000000000000 ) ) ;
#11 = AXIS2_PLACEMENT_3D ( 'NONE', #6493, #6629, #1301 ) ;
#12 = PRODUCT_DEFINITION_FORMATION_WITH_SPECIFIED_SOURCE ( 'ANY', '', #4324, .NOT_KNOWN. ) ;
#13 = CARTESIAN_POINT ( 'NONE',  ( 442.2089883689056933, 348.1640233375465527, 3.000000000000002665 ) ) ;
#14 = ORIENTED_EDGE ( 'NONE', *, *, #2854, .F. ) ;
#15 = CARTESIAN_POINT ( 'NONE',  ( 122.0000000000003268, 35.99999999999997868, 9.000000000000007105 ) ) ;
#16 = ORIENTED_EDGE ( 'NONE', *, *, #1758, .F. ) ;
#17 = CARTESIAN_POINT ( 'NONE',  ( 152.4999999999999716, 272.0000000000000000, -15.00000000000012434 ) ) ;
#18 = AXIS2_PLACEMENT_3D ( 'NONE', #7110, #9374, #4218 ) ;
#19 = EDGE_CURVE ( 'NONE', #9662, #5959, #8405, .T. ) ;
#20 = VECTOR ( 'NONE', #8320, 1000.000000000000000 ) ;
#21 = CARTESIAN_POINT ( 'NONE',  ( 789.5000000000001137, 78.00000000000001421, 15.00000000000001421 ) ) ;
#22 = VECTOR ( 'NONE', #5777, 1000.000000000000000 ) ;
#23 = ORIENTED_EDGE ( 'NONE', *, *, #9329, .T. ) ;
#24 = CARTESIAN_POINT ( 'NONE',  ( 122.0000000000003268, 41.99999999999997868, 15.00000000000001421 ) ) ;
#25 = CARTESIAN_POINT ( 'NONE',  ( 632.0000000000010232, 170.0000000000001990, 0.000000000000000000 ) ) ;
#26 = PLANE ( 'NONE',  #4485 ) ;
#27 = EDGE_LOOP ( 'NONE', ( #1620, #7559 ) ) ;
#28 = DIRECTION ( 'NONE',  ( 0.000000000000000000, 0.000000000000000000, 1.000000000000000000 ) ) ;
#29 = CARTESIAN_POINT ( 'NONE',  ( 0.000000000000000000, 0.000000000000000000, -14.00000000000001243 ) ) ;
#30 = CARTESIAN_POINT ( 'NONE',  ( 445.0000000000000000, 302.0000000000000000, -7.499999999999840128 ) ) ;
#31 = CARTESIAN_POINT ( 'NONE',  ( 742.4999999999998863, 46.00000000000005684, 4.500000000000061284 ) ) ;
#32 = CARTESIAN_POINT ( 'NONE',  ( 458.0180923321901219, 304.6522572730705178, 10.50517054499694147 ) ) ;
#33 = SURFACE_STYLE_FILL_AREA ( #8401 ) ;
#34 = EDGE_CURVE ( 'NONE', #979, #5653, #5758, .T. ) ;
#35 = LINE ( 'NONE', #914, #1572 ) ;
#36 = CIRCLE ( 'NONE', #2004, 4.000000000000003553 ) ;
#37 = AXIS2_PLACEMENT_3D ( 'NONE', #2744, #7234, #4964 ) ;
#38 = CARTESIAN_POINT ( 'NONE',  ( 216.4999999999999716, 47.99999999999998579, 15.00000000000001421 ) ) ;
#39 = EDGE_LOOP ( 'NONE', ( #3021, #2920 ) ) ;
#40 = CARTESIAN_POINT ( 'NONE',  ( 88.00000000000052580, 74.00000000000007105, 15.00000000000001421 ) ) ;
#41 = VECTOR ( 'NONE', #9342, 1000.000000000000000 ) ;
#42 = VECTOR ( 'NONE', #7872, 1000.000000000000000 ) ;
#43 = CYLINDRICAL_SURFACE ( 'NONE', #7487, 3.000000000000007994 ) ;
#44 = EDGE_CURVE ( 'NONE', #3267, #1979, #492, .T. ) ;
#45 =( NAMED_UNIT ( * ) SI_UNIT ( $, .STERADIAN. ) SOLID_ANGLE_UNIT ( ) );
#46 = VECTOR ( 'NONE', #1871, 1000.000000000000000 ) ;
#47 = DIRECTION ( 'NONE',  ( -1.000000000000000000, 0.000000000000000000, 0.000000000000000000 ) ) ;
#48 = VECTOR ( 'NONE', #3727, 1000.000000000000000 ) ;
#49 = CARTESIAN_POINT ( 'NONE',  ( 798.0000000000000000, 2.000000000000001776, -1.604619215278546562E-14 ) ) ;
#50 = CARTESIAN_POINT ( 'NONE',  ( 0.000000000000000000, 320.0000000000000000, 15.00000000000001421 ) ) ;
#51 = CIRCLE ( 'NONE', #264, 2.500000000000002220 ) ;
#52 = DIRECTION ( 'NONE',  ( -1.000000000000000000, 0.000000000000000000, 0.000000000000000000 ) ) ;
#53 = FACE_OUTER_BOUND ( 'NONE', #2959, .T. ) ;
#54 = ORIENTED_EDGE ( 'NONE', *, *, #9003, .T. ) ;
#55 = VECTOR ( 'NONE', #9119, 1000.000000000000000 ) ;
#56 = FACE_OUTER_BOUND ( 'NONE', #6894, .T. ) ;
#57 = CARTESIAN_POINT ( 'NONE',  ( 674.0000000000010232, 36.00000000000014211, 15.00000000000001421 ) ) ;
#58 = DIRECTION ( 'NONE',  ( 0.000000000000000000, 0.000000000000000000, -1.000000000000000000 ) ) ;
#59 = VERTEX_POINT ( 'NONE', #3127 ) ;
#60 = LINE ( 'NONE', #931, #8930 ) ;
#61 = ORIENTED_EDGE ( 'NONE', *, *, #1217, .F. ) ;
#62 = DIRECTION ( 'NONE',  ( 0.000000000000000000, -0.000000000000000000, 1.000000000000000000 ) ) ;
#63 = STYLED_ITEM ( 'NONE', ( #6416 ), #7086 ) ;
#64 = VERTEX_POINT ( 'NONE', #2451 ) ;
#65 = VECTOR ( 'NONE', #9253, 1000.000000000000000 ) ;
#66 = DIRECTION ( 'NONE',  ( 0.4686703492876502231, 0.8833731395614153881, 0.000000000000000000 ) ) ;
#67 = LINE ( 'NONE', #9269, #8938 ) ;
#68 = DIRECTION ( 'NONE',  ( 0.000000000000000000, 0.000000000000000000, 1.000000000000000000 ) ) ;
#69 = DIRECTION ( 'NONE',  ( -0.4686703492876502231, -0.8833731395614154991, -0.000000000000000000 ) ) ;
#70 = DIRECTION ( 'NONE',  ( 1.000000000000000000, 0.000000000000000000, 0.000000000000000000 ) ) ;
#71 = VERTEX_POINT ( 'NONE', #8295 ) ;
#72 = CYLINDRICAL_SURFACE ( 'NONE', #3353, 6.000000000000005329 ) ;
#73 = VERTEX_POINT ( 'NONE', #4602 ) ;
#74 = EDGE_LOOP ( 'NONE', ( #6091, #3207, #4683, #6959 ) ) ;
#75 = DIRECTION ( 'NONE',  ( 9.860761315262643189E-32, 1.000000000000000000, 6.938893903907225296E-18 ) ) ;
#76 = ORIENTED_EDGE ( 'NONE', *, *, #1006, .T. ) ;
#77 = FACE_BOUND ( 'NONE', #4207, .T. ) ;
#78 = FACE_OUTER_BOUND ( 'NONE', #2455, .T. ) ;
#79 = EDGE_CURVE ( 'NONE', #4919, #5808, #2281, .T. ) ;
#80 = SHAPE_DEFINITION_REPRESENTATION ( #6656, #4962 ) ;
#81 =( LENGTH_UNIT ( ) NAMED_UNIT ( * ) SI_UNIT ( .MILLI., .METRE. ) );
#82 = ORIENTED_EDGE ( 'NONE', *, *, #7255, .F. ) ;
#83 = VECTOR ( 'NONE', #7568, 1000.000000000000000 ) ;
#84 = ORIENTED_EDGE ( 'NONE', *, *, #826, .T. ) ;
#85 = DIRECTION ( 'NONE',  ( 0.000000000000000000, 0.000000000000000000, 1.000000000000000000 ) ) ;
#86 = ORIENTED_EDGE ( 'NONE', *, *, #5817, .F. ) ;
#87 = ORIENTED_EDGE ( 'NONE', *, *, #8567, .T. ) ;
#88 = CARTESIAN_POINT ( 'NONE',  ( 773.0000000000000000, -205.0000000000000000, 333.5000000000001705 ) ) ;
#89 = ORIENTED_EDGE ( 'NONE', *, *, #3643, .T. ) ;
#90 = DIRECTION ( 'NONE',  ( 1.000000000000000000, -6.384082245258276637E-20, 0.000000000000000000 ) ) ;
#91 = VECTOR ( 'NONE', #3413, 1000.000000000000000 ) ;
#92 = PLANE ( 'NONE',  #1169 ) ;
#93 = CARTESIAN_POINT ( 'NONE',  ( 451.9999999999998863, 332.0000000000001705, 4.000000000000225597 ) ) ;
#94 = EDGE_CURVE ( 'NONE', #2576, #1044, #8419, .T. ) ;
#95 = VECTOR ( 'NONE', #601, 1000.000000000000000 ) ;
#96 = AXIS2_PLACEMENT_3D ( 'NONE', #2381, #5328, #7563 ) ;
#97 = ORIENTED_EDGE ( 'NONE', *, *, #4254, .T. ) ;
#98 = CARTESIAN_POINT ( 'NONE',  ( 457.3650736390341649, 298.0331266293242152, -8.030900262627657327 ) ) ;
#99 = CARTESIAN_POINT ( 'NONE',  ( 0.000000000000000000, 288.0000000000000568, 3.999999999999781508 ) ) ;
#100 = CARTESIAN_POINT ( 'NONE',  ( 0.000000000000000000, 0.000000000000000000, 0.000000000000000000 ) ) ;
#101 = DIRECTION ( 'NONE',  ( -0.000000000000000000, 0.000000000000000000, 1.000000000000000000 ) ) ;
#102 = PRESENTATION_LAYER_ASSIGNMENT (  '', '', ( #9296 ) ) ;
#103 = DIRECTION ( 'NONE',  ( 0.000000000000000000, 0.000000000000000000, 1.000000000000000000 ) ) ;
#104 = CARTESIAN_POINT ( 'NONE',  ( -6.245004513516505540E-14, 43.99999999999959499, 4.000000000000003553 ) ) ;
#105 = ORIENTED_EDGE ( 'NONE', *, *, #3027, .F. ) ;
#106 = CARTESIAN_POINT ( 'NONE',  ( 152.4999999999999716, 272.0000000000000000, 3.000000000000002665 ) ) ;
#107 = CARTESIAN_POINT ( 'NONE',  ( 5.500000000000011546, 78.00000000000001421, 15.00000000000001421 ) ) ;
#108 = ADVANCED_FACE ( 'NONE', ( #3220 ), #2037, .F. ) ;
#109 = PLANE ( 'NONE',  #8395 ) ;
#110 = ORIENTED_EDGE ( 'NONE', *, *, #304, .F. ) ;
#111 = CARTESIAN_POINT ( 'NONE',  ( 469.2791522340548340, 337.2193787511251912, -15.00000000000012434 ) ) ;
#112 = AXIS2_PLACEMENT_3D ( 'NONE', #6326, #5491, #6355 ) ;
#113 = ORIENTED_EDGE ( 'NONE', *, *, #517, .F. ) ;
#114 = EDGE_CURVE ( 'NONE', #1433, #5572, #3454, .T. ) ;
#115 = CARTESIAN_POINT ( 'NONE',  ( 629.5000000000007958, 266.0000000000004547, 15.00000000000001421 ) ) ;
#116 = EDGE_CURVE ( 'NONE', #4302, #4919, #2512, .T. ) ;
#117 = DIRECTION ( 'NONE',  ( 1.000000000000000000, 0.000000000000000000, 0.000000000000000000 ) ) ;
#118 = ORIENTED_EDGE ( 'NONE', *, *, #1067, .T. ) ;
#119 = DIRECTION ( 'NONE',  ( 1.000000000000000000, 0.000000000000000000, 0.000000000000000000 ) ) ;
#120 = EDGE_CURVE ( 'NONE', #4613, #7134, #5420, .T. ) ;
#121 = CARTESIAN_POINT ( 'NONE',  ( 458.4999999999998863, 78.26613286906854228, -11.49999999999985256 ) ) ;
#122 = AXIS2_PLACEMENT_3D ( 'NONE', #727, #2259, #2287 ) ;
#123 = DIRECTION ( 'NONE',  ( -1.000000000000000000, -9.860761315262647568E-32, -4.440892098500629120E-16 ) ) ;
#124 = AXIS2_PLACEMENT_3D ( 'NONE', #224, #9133, #6978 ) ;
#125 = PRODUCT_DEFINITION_SHAPE ( 'NONE', 'NONE',  #9690 ) ;
#126 = CYLINDRICAL_SURFACE ( 'NONE', #3307, 3.000000000000002665 ) ;
#127 = CARTESIAN_POINT ( 'NONE',  ( 46.00000000000004263, 304.0000000000004547, 9.000000000000007105 ) ) ;
#128 = EDGE_LOOP ( 'NONE', ( #4898, #1509 ) ) ;
#129 = CARTESIAN_POINT ( 'NONE',  ( 632.0000000000010232, 298.0000000000005684, 0.000000000000000000 ) ) ;
#130 = VERTEX_POINT ( 'NONE', #4674 ) ;
#131 = EDGE_CURVE ( 'NONE', #8584, #4302, #6443, .T. ) ;
#132 = DIRECTION ( 'NONE',  ( 4.440892098500626162E-16, -6.938893903907225296E-18, 1.000000000000000000 ) ) ;
#133 = ORIENTED_EDGE ( 'NONE', *, *, #602, .F. ) ;
#134 = PRODUCT_RELATED_PRODUCT_CATEGORY ( 'part', '', ( #4324 ) ) ;
#135 = CARTESIAN_POINT ( 'NONE',  ( 674.0000000000010232, 48.00000000000015632, 9.000000000000007105 ) ) ;
#136 = ORIENTED_EDGE ( 'NONE', *, *, #951, .T. ) ;
#137 = CARTESIAN_POINT ( 'NONE',  ( 373.0000000000000000, 323.0000000000000000, 15.00000000000001421 ) ) ;
#138 = LINE ( 'NONE', #8942, #5867 ) ;
#139 = VERTEX_POINT ( 'NONE', #8392 ) ;
#140 = DIRECTION ( 'NONE',  ( 1.000000000000000000, 0.000000000000000000, 0.000000000000000000 ) ) ;
#141 = DIRECTION ( 'NONE',  ( 0.000000000000000000, 0.000000000000000000, 1.000000000000000000 ) ) ;
#142 = CARTESIAN_POINT ( 'NONE',  ( 211.4999999999999716, 47.99999999999998579, 15.00000000000001421 ) ) ;
#143 = ORIENTED_EDGE ( 'NONE', *, *, #9426, .T. ) ;
#144 = DIRECTION ( 'NONE',  ( -1.000000000000000000, 0.000000000000000000, 0.000000000000000000 ) ) ;
#145 = ADVANCED_FACE ( 'NONE', ( #482 ), #6917, .F. ) ;
#146 = CYLINDRICAL_SURFACE ( 'NONE', #3543, 4.000000000000006217 ) ;
#147 = ORIENTED_EDGE ( 'NONE', *, *, #5822, .F. ) ;
#148 = VECTOR ( 'NONE', #1955, 1000.000000000000000 ) ;
#149 = UNCERTAINTY_MEASURE_WITH_UNIT (LENGTH_MEASURE( 1.000000000000000082E-05 ), #8689, 'distance_accuracy_value', 'NONE');
#150 = VERTEX_POINT ( 'NONE', #6202 ) ;
#151 = AXIS2_PLACEMENT_3D ( 'NONE', #9485, #8653, #5018 ) ;
#152 = CARTESIAN_POINT ( 'NONE',  ( 457.3774685871067049, 298.0529963203906050, -8.162310702329939716 ) ) ;
#153 = EDGE_CURVE ( 'NONE', #1156, #73, #4476, .T. ) ;
#154 = CARTESIAN_POINT ( 'NONE',  ( 0.000000000000000000, 0.000000000000000000, 0.000000000000000000 ) ) ;
#155 = FACE_OUTER_BOUND ( 'NONE', #8463, .T. ) ;
#156 = LINE ( 'NONE', #7695, #6931 ) ;
#157 = AXIS2_PLACEMENT_3D ( 'NONE', #4657, #7638, #3208 ) ;
#158 = CARTESIAN_POINT ( 'NONE',  ( 375.5000000000000000, 323.0000000000000000, 15.00000000000001421 ) ) ;
#159 = CARTESIAN_POINT ( 'NONE',  ( 451.9999999999999432, 240.0000000000001137, 4.000000000000003553 ) ) ;
#160 = LINE ( 'NONE', #6254, #1835 ) ;
#161 = DIRECTION ( 'NONE',  ( 0.000000000000000000, 0.000000000000000000, -1.000000000000000000 ) ) ;
#162 = CARTESIAN_POINT ( 'NONE',  ( 213.9999999999999716, 47.99999999999998579, -15.00000000000012434 ) ) ;
#163 = VECTOR ( 'NONE', #8143, 1000.000000000000000 ) ;
#164 = AXIS2_PLACEMENT_3D ( 'NONE', #3005, #690, #8240 ) ;
#165 = CARTESIAN_POINT ( 'NONE',  ( 792.0000000000000000, 78.00000000000001421, 15.00000000000001421 ) ) ;
#166 = CYLINDRICAL_SURFACE ( 'NONE', #992, 2.500000000000002220 ) ;
#167 = VECTOR ( 'NONE', #7862, 1000.000000000000000 ) ;
#168 = CARTESIAN_POINT ( 'NONE',  ( 122.0000000000005542, 304.0000000000003979, 15.00000000000001421 ) ) ;
#169 = EDGE_CURVE ( 'NONE', #8517, #773, #1227, .T. ) ;
#170 = ORIENTED_EDGE ( 'NONE', *, *, #1324, .T. ) ;
#171 = VECTOR ( 'NONE', #6748, 1000.000000000000000 ) ;
#172 = EDGE_CURVE ( 'NONE', #5849, #7127, #4946, .T. ) ;
#173 = ORIENTED_EDGE ( 'NONE', *, *, #4786, .F. ) ;
#174 = CARTESIAN_POINT ( 'NONE',  ( 0.000000000000000000, 0.000000000000000000, 31.00000000000000000 ) ) ;
#175 = CIRCLE ( 'NONE', #1689, 2.500000000000002220 ) ;
#176 = CARTESIAN_POINT ( 'NONE',  ( 742.4999999999998863, 46.00000000000005684, 10.50000000000006573 ) ) ;
#177 = CIRCLE ( 'NONE', #5807, 13.00000000000001066 ) ;
#178 = APPLICATION_PROTOCOL_DEFINITION ( 'draft international standard', 'automotive_design', 1998, #1608 ) ;
#179 = CARTESIAN_POINT ( 'NONE',  ( 397.9999999999998863, 511.0000000000000000, 2.999999999999975131 ) ) ;
#180 = ORIENTED_EDGE ( 'NONE', *, *, #2003, .T. ) ;
#181 = FACE_BOUND ( 'NONE', #39, .T. ) ;
#182 = APPLICATION_PROTOCOL_DEFINITION ( 'draft international standard', 'automotive_design', 1998, #2543 ) ;
#183 = ORIENTED_EDGE ( 'NONE', *, *, #1875, .F. ) ;
#184 = EDGE_LOOP ( 'NONE', ( #367, #7590, #8764, #3632 ) ) ;
#185 = CIRCLE ( 'NONE', #9430, 2.500000000000002220 ) ;
#186 = DIRECTION ( 'NONE',  ( 0.000000000000000000, 0.000000000000000000, 1.000000000000000000 ) ) ;
#187 = CIRCLE ( 'NONE', #943, 4.000000000000003553 ) ;
#188 = DIRECTION ( 'NONE',  ( 1.000000000000000000, 0.000000000000000000, 0.000000000000000000 ) ) ;
#189 = CARTESIAN_POINT ( 'NONE',  ( 149.9999999999999716, 47.99999999999998579, -15.00000000000012434 ) ) ;
#190 = CONTEXT_DEPENDENT_SHAPE_REPRESENTATION ( #1913, #8865 ) ;
#191 = EDGE_CURVE ( 'NONE', #8492, #7780, #8182, .T. ) ;
#192 = AXIS2_PLACEMENT_3D ( 'NONE', #7942, #4281, #8707 ) ;
#193 = EDGE_LOOP ( 'NONE', ( #7381, #4206, #9075, #2837 ) ) ;
#194 = FACE_OUTER_BOUND ( 'NONE', #9386, .T. ) ;
#195 = AXIS2_PLACEMENT_3D ( 'NONE', #5796, #1350, #2135 ) ;
#196 = ORIENTED_EDGE ( 'NONE', *, *, #1834, .F. ) ;
#197 = VERTEX_POINT ( 'NONE', #8601 ) ;
#198 = EDGE_LOOP ( 'NONE', ( #5067, #906 ) ) ;
#199 = DIRECTION ( 'NONE',  ( 0.000000000000000000, 0.000000000000000000, -1.000000000000000000 ) ) ;
#200 = VERTEX_POINT ( 'NONE', #4116 ) ;
#201 = CARTESIAN_POINT ( 'NONE',  ( 457.7954076220175352, 74.82223860358129741, 5.056956085018338598 ) ) ;
#202 = CIRCLE ( 'NONE', #8333, 4.000000000000017764 ) ;
#203 = DIRECTION ( 'NONE',  ( 0.000000000000000000, 0.000000000000000000, 1.000000000000000000 ) ) ;
#204 = ADVANCED_FACE ( 'NONE', ( #5988 ), #5725, .F. ) ;
#205 = EDGE_LOOP ( 'NONE', ( #6741, #4943, #196, #8918 ) ) ;
#206 = VECTOR ( 'NONE', #884, 1000.000000000000000 ) ;
#207 = VERTEX_POINT ( 'NONE', #5687 ) ;
#208 = DIRECTION ( 'NONE',  ( 0.000000000000000000, 0.000000000000000000, 1.000000000000000000 ) ) ;
#209 = EDGE_LOOP ( 'NONE', ( #5276, #4615, #4836, #2356 ) ) ;
#210 = AXIS2_PLACEMENT_3D ( 'NONE', #1920, #5723, #4956 ) ;
#211 = EDGE_CURVE ( 'NONE', #5752, #1446, #2266, .T. ) ;
#212 = DIRECTION ( 'NONE',  ( 0.000000000000000000, 0.000000000000000000, 1.000000000000000000 ) ) ;
#213 = FACE_OUTER_BOUND ( 'NONE', #4656, .T. ) ;
#214 = DIRECTION ( 'NONE',  ( 4.440892098500629120E-16, 6.938893903907225296E-18, -1.000000000000000000 ) ) ;
#215 = VERTEX_POINT ( 'NONE', #5623 ) ;
#216 = DIRECTION ( 'NONE',  ( 0.000000000000000000, 0.000000000000000000, 1.000000000000000000 ) ) ;
#217 = ORIENTED_EDGE ( 'NONE', *, *, #4247, .T. ) ;
#218 = CARTESIAN_POINT ( 'NONE',  ( 114.4999999999999858, 323.0000000000000000, 14.00000000000001243 ) ) ;
#219 = CARTESIAN_POINT ( 'NONE',  ( 147.4999999999999716, 272.0000000000000000, -15.00000000000012434 ) ) ;
#220 = EDGE_CURVE ( 'NONE', #7762, #8444, #8665, .T. ) ;
#221 = APPLICATION_CONTEXT ( 'automotive_design' ) ;
#222 = SHAPE_REPRESENTATION_RELATIONSHIP ( 'NONE' , 'NONE' ,  #8426, #3649 ) ;
#223 = AXIS2_PLACEMENT_3D ( 'NONE', #5539, #2608, #6607 ) ;
#224 = CARTESIAN_POINT ( 'NONE',  ( 632.0000000000007958, 266.0000000000004547, 15.00000000000001421 ) ) ;
#225 = DIRECTION ( 'NONE',  ( -1.000000000000000000, -9.860761315262647568E-32, -4.440892098500629120E-16 ) ) ;
#226 = CARTESIAN_POINT ( 'NONE',  ( 457.8709385527711788, 298.9869809870602921, -4.856669544190453713 ) ) ;
#227 = CARTESIAN_POINT ( 'NONE',  ( 458.2248997586822270, 304.0251545473213355, 4.040859796849341379 ) ) ;
#228 = VERTEX_POINT ( 'NONE', #4959 ) ;
#229 = AXIS2_PLACEMENT_3D ( 'NONE', #1869, #8609, #8568 ) ;
#230 = CARTESIAN_POINT ( 'NONE',  ( 85.00000000000052580, 170.0000000000001990, 15.00000000000001421 ) ) ;
#231 = ADVANCED_FACE ( 'NONE', ( #1699 ), #9346, .F. ) ;
#232 = CARTESIAN_POINT ( 'NONE',  ( 674.0000000000010232, 292.0000000000003411, 9.000000000000007105 ) ) ;
#233 = CARTESIAN_POINT ( 'NONE',  ( 451.9999999999998863, 332.0000000000001705, 0.000000000000000000 ) ) ;
#234 = VERTEX_POINT ( 'NONE', #1924 ) ;
#235 = VERTEX_POINT ( 'NONE', #4220 ) ;
#236 = ORIENTED_EDGE ( 'NONE', *, *, #579, .F. ) ;
#237 = CARTESIAN_POINT ( 'NONE',  ( -6.938893903907228378E-15, 380.0000000000000000, 0.000000000000000000 ) ) ;
#238 = ORIENTED_EDGE ( 'NONE', *, *, #1347, .T. ) ;
#239 = DIRECTION ( 'NONE',  ( 1.000000000000000000, 0.000000000000000000, 0.000000000000000000 ) ) ;
#240 = VERTEX_POINT ( 'NONE', #7113 ) ;
#241 = DIRECTION ( 'NONE',  ( 0.000000000000000000, 0.000000000000000000, 1.000000000000000000 ) ) ;
#242 = DIRECTION ( 'NONE',  ( 1.000000000000000000, 0.000000000000000000, 0.000000000000000000 ) ) ;
#243 = EDGE_CURVE ( 'NONE', #5780, #5724, #2049, .T. ) ;
#244 = ORIENTED_EDGE ( 'NONE', *, *, #243, .F. ) ;
#245 = DIRECTION ( 'NONE',  ( -0.000000000000000000, 0.000000000000000000, 1.000000000000000000 ) ) ;
#246 = ADVANCED_FACE ( 'NONE', ( #6216 ), #5655, .T. ) ;
#247 = EDGE_CURVE ( 'NONE', #923, #4006, #8898, .T. ) ;
#248 =( REPRESENTATION_RELATIONSHIP ('NONE','NONE', #5015, #8464 ) REPRESENTATION_RELATIONSHIP_WITH_TRANSFORMATION ( #7541 )SHAPE_REPRESENTATION_RELATIONSHIP( ) );
#249 = ORIENTED_EDGE ( 'NONE', *, *, #8062, .T. ) ;
#250 = AXIS2_PLACEMENT_3D ( 'NONE', #4244, #5745, #1291 ) ;
#251 = PRODUCT_DEFINITION_SHAPE ( 'NONE', 'NONE',  #3535 ) ;
#252 = DIRECTION ( 'NONE',  ( 1.000000000000000000, 0.000000000000000000, 0.000000000000000000 ) ) ;
#253 = MECHANICAL_DESIGN_GEOMETRIC_PRESENTATION_REPRESENTATION (  '', ( #2918 ), #751 ) ;
#254 = FILL_AREA_STYLE_COLOUR ( '', #8189 ) ;
#255 = CIRCLE ( 'NONE', #4104, 4.000000000000023981 ) ;
#256 = DIRECTION ( 'NONE',  ( 1.000000000000000000, 0.000000000000000000, 0.000000000000000000 ) ) ;
#257 = VECTOR ( 'NONE', #7044, 1000.000000000000000 ) ;
#258 = EDGE_LOOP ( 'NONE', ( #9061, #8471, #1026, #6438 ) ) ;
#259 = ORIENTED_EDGE ( 'NONE', *, *, #3958, .T. ) ;
#260 = CARTESIAN_POINT ( 'NONE',  ( 458.2866783060233047, 76.20688965889884514, 3.914835784499727467 ) ) ;
#261 = CARTESIAN_POINT ( 'NONE',  ( 46.00000000000004263, 292.0000000000003979, 15.00000000000001421 ) ) ;
#262 = EDGE_CURVE ( 'NONE', #7094, #3452, #4239, .T. ) ;
#263 = FACE_BOUND ( 'NONE', #2724, .T. ) ;
#264 = AXIS2_PLACEMENT_3D ( 'NONE', #1755, #9059, #6115 ) ;
#265 = VECTOR ( 'NONE', #5219, 1000.000000000000000 ) ;
#266 = VECTOR ( 'NONE', #7169, 999.9999999999998863 ) ;
#267 = CARTESIAN_POINT ( 'NONE',  ( 152.4999999999999716, 47.99999999999998579, -3.000000000000113687 ) ) ;
#268 = ORIENTED_EDGE ( 'NONE', *, *, #1833, .F. ) ;
#269 = CARTESIAN_POINT ( 'NONE',  ( 792.0000000000000000, 78.00000000000001421, 2.000000000000001776 ) ) ;
#270 = PLANE ( 'NONE',  #3774 ) ;
#271 = LINE ( 'NONE', #6480, #9507 ) ;
#272 = EDGE_CURVE ( 'NONE', #589, #4346, #7384, .T. ) ;
#273 = ADVANCED_FACE ( 'NONE', ( #2986 ), #982, .F. ) ;
#274 = DIRECTION ( 'NONE',  ( -1.000000000000000000, 0.000000000000000000, 0.000000000000000000 ) ) ;
#275 = DIRECTION ( 'NONE',  ( -0.000000000000000000, 0.000000000000000000, 1.000000000000000000 ) ) ;
#276 = LINE ( 'NONE', #6278, #7502 ) ;
#277 = APPLICATION_PROTOCOL_DEFINITION ( 'draft international standard', 'automotive_design', 1998, #3186 ) ;
#278 = CIRCLE ( 'NONE', #3011, 2.499999999999946709 ) ;
#279 = VECTOR ( 'NONE', #7227, 1000.000000000000000 ) ;
#280 = SURFACE_SIDE_STYLE ('',( #8074 ) ) ;
#281 = AXIS2_PLACEMENT_3D ( 'NONE', #1076, #7135, #4798 ) ;
#282 = DIRECTION ( 'NONE',  ( 1.000000000000000000, 0.000000000000000000, 0.000000000000000000 ) ) ;
#283 = CARTESIAN_POINT ( 'NONE',  ( 0.000000000000000000, 0.000000000000000000, 0.000000000000000000 ) ) ;
#284 = CARTESIAN_POINT ( 'NONE',  ( 397.9999999999998863, 0.000000000000000000, 2.999999999999975131 ) ) ;
#285 = DIRECTION ( 'NONE',  ( -4.440892098500629120E-16, -6.938893903907225296E-18, 1.000000000000000000 ) ) ;
#286 = CIRCLE ( 'NONE', #9646, 4.000000000000006217 ) ;
#287 = LINE ( 'NONE', #3232, #4379 ) ;
#288 = ORIENTED_EDGE ( 'NONE', *, *, #7833, .F. ) ;
#289 = AXIS2_PLACEMENT_3D ( 'NONE', #8825, #5163, #2176 ) ;
#290 = LINE ( 'NONE', #2996, #870 ) ;
#291 = DIRECTION ( 'NONE',  ( 0.000000000000000000, -1.000000000000000000, 0.000000000000000000 ) ) ;
#292 = CYLINDRICAL_SURFACE ( 'NONE', #804, 2.500000000000002220 ) ;
#293 = CARTESIAN_POINT ( 'NONE',  ( 458.0921438139469615, 75.54992975924626819, 10.67256280221576148 ) ) ;
#294 = DIRECTION ( 'NONE',  ( 0.000000000000000000, 0.000000000000000000, 1.000000000000000000 ) ) ;
#295 = ADVANCED_FACE ( 'NONE', ( #7948 ), #7710, .F. ) ;
#296 = CARTESIAN_POINT ( 'NONE',  ( -6.938893903907228378E-15, 191.9999999999999432, 4.000000000000003553 ) ) ;
#297 = ORIENTED_EDGE ( 'NONE', *, *, #6042, .T. ) ;
#298 = FACE_OUTER_BOUND ( 'NONE', #6344, .T. ) ;
#299 = AXIS2_PLACEMENT_3D ( 'NONE', #7422, #2990, #52 ) ;
#300 = VERTEX_POINT ( 'NONE', #6483 ) ;
#301 = ORIENTED_EDGE ( 'NONE', *, *, #921, .T. ) ;
#302 = LINE ( 'NONE', #1173, #7981 ) ;
#303 = LINE ( 'NONE', #6395, #3132 ) ;
#304 = EDGE_CURVE ( 'NONE', #7412, #1441, #255, .T. ) ;
#305 = EDGE_CURVE ( 'NONE', #2734, #6033, #36, .T. ) ;
#306 = CARTESIAN_POINT ( 'NONE',  ( 84.99999999999997158, 323.0000000000000000, 14.00000000000001243 ) ) ;
#307 = EDGE_CURVE ( 'NONE', #9246, #8616, #5882, .T. ) ;
#308 = EDGE_LOOP ( 'NONE', ( #7259, #297, #2333, #3499 ) ) ;
#309 = VECTOR ( 'NONE', #1408, 1000.000000000000114 ) ;
#310 = CARTESIAN_POINT ( 'NONE',  ( 275.4999999999998863, 272.0000000000000000, 3.000000000000002665 ) ) ;
#311 = VERTEX_POINT ( 'NONE', #8730 ) ;
#312 = AXIS2_PLACEMENT_3D ( 'NONE', #6759, #2320, #8941 ) ;
#313 = EDGE_LOOP ( 'NONE', ( #1142, #9181, #8183, #5708, #493 ) ) ;
#314 = DIRECTION ( 'NONE',  ( 0.000000000000000000, 0.000000000000000000, 1.000000000000000000 ) ) ;
#315 = AXIS2_PLACEMENT_3D ( 'NONE', #937, #1661, #3169 ) ;
#316 = ORIENTED_EDGE ( 'NONE', *, *, #9572, .T. ) ;
#317 = VECTOR ( 'NONE', #6072, 1000.000000000000000 ) ;
#318 = VECTOR ( 'NONE', #325, 1000.000000000000000 ) ;
#319 = DIRECTION ( 'NONE',  ( 9.345988730335148917E-18, 1.000000000000000000, 6.938893903907225296E-18 ) ) ;
#320 = CONTEXT_DEPENDENT_SHAPE_REPRESENTATION ( #9229, #7009 ) ;
#321 = ORIENTED_EDGE ( 'NONE', *, *, #7720, .T. ) ;
#322 = FACE_OUTER_BOUND ( 'NONE', #4463, .T. ) ;
#323 =( NAMED_UNIT ( * ) PLANE_ANGLE_UNIT ( ) SI_UNIT ( $, .RADIAN. ) );
#324 = EDGE_LOOP ( 'NONE', ( #7416, #8228, #2988, #3084 ) ) ;
#325 = DIRECTION ( 'NONE',  ( -0.000000000000000000, -0.000000000000000000, -1.000000000000000000 ) ) ;
#326 = ORIENTED_EDGE ( 'NONE', *, *, #9415, .F. ) ;
#327 = CARTESIAN_POINT ( 'NONE',  ( 458.0185965569544919, 80.65095779836525480, -4.493635309432064240 ) ) ;
#328 = CARTESIAN_POINT ( 'NONE',  ( 794.5000000000000000, 302.0000000000000000, 15.00000000000001421 ) ) ;
#329 = DIRECTION ( 'NONE',  ( 0.000000000000000000, -0.000000000000000000, 1.000000000000000000 ) ) ;
#330 = VECTOR ( 'NONE', #3776, 1000.000000000000000 ) ;
#331 = EDGE_CURVE ( 'NONE', #8649, #9343, #1945, .T. ) ;
#332 = AXIS2_PLACEMENT_3D ( 'NONE', #8061, #9504, #9475 ) ;
#333 = AXIS2_PLACEMENT_3D ( 'NONE', #6795, #4561, #2368 ) ;
#334 = CARTESIAN_POINT ( 'NONE',  ( 742.4999999999998863, 13.99999999999999822, 7.500000000000062172 ) ) ;
#335 = ORIENTED_EDGE ( 'NONE', *, *, #6969, .T. ) ;
#336 = ADVANCED_FACE ( 'NONE', ( #1462 ), #1723, .T. ) ;
#337 = DIRECTION ( 'NONE',  ( 1.000000000000000000, 0.000000000000000000, 0.000000000000000000 ) ) ;
#338 = CARTESIAN_POINT ( 'NONE',  ( 24.99999999999991118, 46.00000000000005684, 7.500000000000062172 ) ) ;
#339 =( NAMED_UNIT ( * ) PLANE_ANGLE_UNIT ( ) SI_UNIT ( $, .RADIAN. ) );
#340 = EDGE_CURVE ( 'NONE', #516, #2753, #9396, .T. ) ;
#341 = ORIENTED_EDGE ( 'NONE', *, *, #8670, .F. ) ;
#342 = DIRECTION ( 'NONE',  ( 4.440892098500626162E-16, -6.938893903907225296E-18, 1.000000000000000000 ) ) ;
#343 = ORIENTED_EDGE ( 'NONE', *, *, #7658, .F. ) ;
#344 = ADVANCED_FACE ( 'NONE', ( #6924 ), #5940, .T. ) ;
#345 = CARTESIAN_POINT ( 'NONE',  ( 0.000000000000000000, 0.000000000000000000, 3.000000000000002665 ) ) ;
#346 = EDGE_CURVE ( 'NONE', #4327, #3638, #4714, .T. ) ;
#347 =( LENGTH_UNIT ( ) NAMED_UNIT ( * ) SI_UNIT ( .MILLI., .METRE. ) );
#348 = ORIENTED_EDGE ( 'NONE', *, *, #1598, .F. ) ;
#349 = CARTESIAN_POINT ( 'NONE',  ( 632.0000000000010232, 42.00000000000014921, 0.000000000000000000 ) ) ;
#350 = CARTESIAN_POINT ( 'NONE',  ( 0.000000000000000000, 8.326672684688674053E-14, 15.00000000000006928 ) ) ;
#351 = ORIENTED_EDGE ( 'NONE', *, *, #6969, .F. ) ;
#352 = AXIS2_PLACEMENT_3D ( 'NONE', #9630, #418, #1928 ) ;
#353 = CARTESIAN_POINT ( 'NONE',  ( 451.9999999999998863, 140.0000000000000000, 4.000000000000003553 ) ) ;
#354 = DIRECTION ( 'NONE',  ( -0.000000000000000000, 0.000000000000000000, 1.000000000000000000 ) ) ;
#355 = ORIENTED_EDGE ( 'NONE', *, *, #2534, .F. ) ;
#356 = CARTESIAN_POINT ( 'NONE',  ( 128.0000000000000000, 190.0000000000000000, 12.00000000000001066 ) ) ;
#357 = EDGE_CURVE ( 'NONE', #8035, #4804, #735, .T. ) ;
#358 = ORIENTED_EDGE ( 'NONE', *, *, #7971, .T. ) ;
#359 = CARTESIAN_POINT ( 'NONE',  ( 598.0000000000010232, 36.00000000000014211, 15.00000000000001421 ) ) ;
#360 = DIRECTION ( 'NONE',  ( 0.000000000000000000, 0.000000000000000000, 1.000000000000000000 ) ) ;
#361 = EDGE_CURVE ( 'NONE', #455, #7098, #4015, .T. ) ;
#362 = DIRECTION ( 'NONE',  ( 1.000000000000000000, 0.000000000000000000, 0.000000000000000000 ) ) ;
#363 = LINE ( 'NONE', #7883, #7712 ) ;
#364 = DIRECTION ( 'NONE',  ( 1.000000000000000000, 9.860761315262647568E-32, 4.440892098500629120E-16 ) ) ;
#365 = ORIENTED_EDGE ( 'NONE', *, *, #7945, .F. ) ;
#366 = CARTESIAN_POINT ( 'NONE',  ( 634.5000000000009095, 74.00000000000017053, 0.000000000000000000 ) ) ;
#367 = ORIENTED_EDGE ( 'NONE', *, *, #2242, .T. ) ;
#368 = CARTESIAN_POINT ( 'NONE',  ( 24.99999999999991118, 46.00000000000005684, 4.500000000000061284 ) ) ;
#369 = ADVANCED_FACE ( 'NONE', ( #7722 ), #723, .F. ) ;
#370 = CARTESIAN_POINT ( 'NONE',  ( -5.551115123125782702E-14, 235.9999999999998863, -2.220446049250313081E-13 ) ) ;
#371 = PLANE ( 'NONE',  #6166 ) ;
#372 = LINE ( 'NONE', #3233, #2047 ) ;
#373 = ORIENTED_EDGE ( 'NONE', *, *, #3853, .F. ) ;
#374 = AXIS2_PLACEMENT_3D ( 'NONE', #4, #2225, #6691 ) ;
#375 =( LENGTH_UNIT ( ) NAMED_UNIT ( * ) SI_UNIT ( .MILLI., .METRE. ) );
#376 = STYLED_ITEM ( 'NONE', ( #4601 ), #4894 ) ;
#377 = CARTESIAN_POINT ( 'NONE',  ( 458.5000000000000568, 77.73327978764270085, -11.49999999999985434 ) ) ;
#378 = DIRECTION ( 'NONE',  ( 1.000000000000000000, 0.000000000000000000, 0.000000000000000000 ) ) ;
#379 = CARTESIAN_POINT ( 'NONE',  ( 213.9999999999999716, 272.0000000000000000, -15.00000000000012434 ) ) ;
#380 = VERTEX_POINT ( 'NONE', #3791 ) ;
#381 = CARTESIAN_POINT ( 'NONE',  ( 8.000000000000007105, 78.00000000000001421, 0.000000000000000000 ) ) ;
#382 = FACE_OUTER_BOUND ( 'NONE', #3645, .T. ) ;
#383 = FACE_OUTER_BOUND ( 'NONE', #8656, .T. ) ;
#384 = VERTEX_POINT ( 'NONE', #2267 ) ;
#385 = DIRECTION ( 'NONE',  ( -1.000000000000000000, 0.000000000000000000, 0.000000000000000000 ) ) ;
#386 = PLANE ( 'NONE',  #5423 ) ;
#387 = CARTESIAN_POINT ( 'NONE',  ( 10.50000000000000178, 78.00000000000001421, 15.00000000000001421 ) ) ;
#388 = CARTESIAN_POINT ( 'NONE',  ( 0.000000000000000000, 0.000000000000000000, 0.000000000000000000 ) ) ;
#389 = ADVANCED_FACE ( 'NONE', ( #6081 ), #126, .F. ) ;
#390 = EDGE_CURVE ( 'NONE', #464, #1341, #2749, .T. ) ;
#391 = CARTESIAN_POINT ( 'NONE',  ( 128.0000000000000000, 190.0000000000000000, 0.000000000000000000 ) ) ;
#392 = CARTESIAN_POINT ( 'NONE',  ( 632.0000000000010232, 298.0000000000005684, 0.000000000000000000 ) ) ;
#393 = PLANE ( 'NONE',  #6214 ) ;
#394 = FILL_AREA_STYLE ('',( #4885 ) ) ;
#395 = LINE ( 'NONE', #499, #2982 ) ;
#396 = CARTESIAN_POINT ( 'NONE',  ( 0.000000000000000000, 340.0000000000002842, 15.00000000000001421 ) ) ;
#397 = CIRCLE ( 'NONE', #7185, 6.000000000000005329 ) ;
#398 = CARTESIAN_POINT ( 'NONE',  ( 458.4999999999999432, 302.0000000000000000, 3.499999999999947597 ) ) ;
#399 = FACE_OUTER_BOUND ( 'NONE', #5964, .T. ) ;
#400 = EDGE_CURVE ( 'NONE', #7688, #8129, #3908, .T. ) ;
#401 = DIRECTION ( 'NONE',  ( -1.000000000000000000, -0.000000000000000000, -0.000000000000000000 ) ) ;
#402 = CIRCLE ( 'NONE', #9371, 3.000000000000004441 ) ;
#403 = VECTOR ( 'NONE', #5835, 1000.000000000000000 ) ;
#404 = AXIS2_PLACEMENT_3D ( 'NONE', #6063, #9139, #9489 ) ;
#405 = DIRECTION ( 'NONE',  ( 0.000000000000000000, 0.000000000000000000, -1.000000000000000000 ) ) ;
#406 = EDGE_LOOP ( 'NONE', ( #335, #8976, #4933, #6256 ) ) ;
#407 = EDGE_LOOP ( 'NONE', ( #1149, #8602 ) ) ;
#408 = STYLED_ITEM ( 'NONE', ( #5292 ), #2943 ) ;
#409 = EDGE_LOOP ( 'NONE', ( #2929, #2327, #2437, #5692 ) ) ;
#410 = FACE_BOUND ( 'NONE', #3566, .T. ) ;
#411 = LINE ( 'NONE', #5599, #4516 ) ;
#412 = CARTESIAN_POINT ( 'NONE',  ( 632.0000000000007958, 266.0000000000004547, 15.00000000000001421 ) ) ;
#413 = DIRECTION ( 'NONE',  ( 0.000000000000000000, 0.000000000000000000, 1.000000000000000000 ) ) ;
#414 = DIRECTION ( 'NONE',  ( -0.000000000000000000, -0.000000000000000000, -1.000000000000000000 ) ) ;
#415 = ORIENTED_EDGE ( 'NONE', *, *, #1941, .T. ) ;
#416 = FACE_BOUND ( 'NONE', #5397, .T. ) ;
#417 = ORIENTED_EDGE ( 'NONE', *, *, #6693, .T. ) ;
#418 = DIRECTION ( 'NONE',  ( 9.860761315262643189E-32, 1.000000000000000000, 6.938893903907225296E-18 ) ) ;
#419 = CARTESIAN_POINT ( 'NONE',  ( 674.0000000000010232, 42.00000000000014921, 9.000000000000007105 ) ) ;
#420 = ORIENTED_EDGE ( 'NONE', *, *, #1838, .T. ) ;
#421 = ADVANCED_FACE ( 'NONE', ( #1866, #77, #3837 ), #3024, .T. ) ;
#422 = LINE ( 'NONE', #6198, #8103 ) ;
#423 = ITEM_DEFINED_TRANSFORMATION ( 'NONE', 'NONE', #3899,  #2670 ) ;
#424 = AXIS2_PLACEMENT_3D ( 'NONE', #3313, #8458, #282 ) ;
#425 = PLANE ( 'NONE',  #1841 ) ;
#426 = EDGE_LOOP ( 'NONE', ( #1299, #1727, #7531, #3265 ) ) ;
#427 = VECTOR ( 'NONE', #3468, 1000.000000000000000 ) ;
#428 = ORIENTED_EDGE ( 'NONE', *, *, #6170, .F. ) ;
#429 = EDGE_LOOP ( 'NONE', ( #7863, #8261, #5051, #6644 ) ) ;
#430 = ORIENTED_EDGE ( 'NONE', *, *, #2971, .T. ) ;
#431 = EDGE_CURVE ( 'NONE', #7874, #6044, #3602, .T. ) ;
#432 = ORIENTED_EDGE ( 'NONE', *, *, #153, .T. ) ;
#433 = CARTESIAN_POINT ( 'NONE',  ( 672.0000000000001137, 190.0000000000000000, 0.000000000000000000 ) ) ;
#434 = CIRCLE ( 'NONE', #7533, 2.500000000000002220 ) ;
#435 = EDGE_CURVE ( 'NONE', #2830, #3770, #3036, .T. ) ;
#436 = AXIS2_PLACEMENT_3D ( 'NONE', #1644, #2399, #7576 ) ;
#437 = EDGE_LOOP ( 'NONE', ( #2254, #2691, #2081, #8239 ) ) ;
#438 = FACE_OUTER_BOUND ( 'NONE', #7354, .T. ) ;
#439 = AXIS2_PLACEMENT_3D ( 'NONE', #6428, #3519, #4911 ) ;
#440 = ORIENTED_EDGE ( 'NONE', *, *, #7764, .T. ) ;
#441 = ORIENTED_EDGE ( 'NONE', *, *, #3910, .F. ) ;
#442 = ADVANCED_FACE ( 'NONE', ( #4765 ), #5965, .F. ) ;
#443 = CARTESIAN_POINT ( 'NONE',  ( 12.00000000000001421, 302.0000000000000000, 15.00000000000001421 ) ) ;
#444 = LINE ( 'NONE', #7974, #3279 ) ;
#445 =( LENGTH_UNIT ( ) NAMED_UNIT ( * ) SI_UNIT ( .MILLI., .METRE. ) );
#446 = VERTEX_POINT ( 'NONE', #2340 ) ;
#447 = CARTESIAN_POINT ( 'NONE',  ( 458.0921438139468478, 75.54992975924623977, -10.67256280221563003 ) ) ;
#448 = CARTESIAN_POINT ( 'NONE',  ( 340.9999999999998863, 362.0000000000001137, 15.00000000000012967 ) ) ;
#449 = VERTEX_POINT ( 'NONE', #8883 ) ;
#450 = EDGE_CURVE ( 'NONE', #6793, #3212, #7766, .T. ) ;
#451 = DIRECTION ( 'NONE',  ( -1.000000000000000000, 0.000000000000000000, 0.000000000000000000 ) ) ;
#452 = AXIS2_PLACEMENT_3D ( 'NONE', #987, #4600, #5326 ) ;
#453 = SHAPE_REPRESENTATION_RELATIONSHIP ( 'NONE' , 'NONE' ,  #8464, #2220 ) ;
#454 = DIRECTION ( 'NONE',  ( -1.000000000000000000, 0.000000000000000000, 0.000000000000000000 ) ) ;
#455 = VERTEX_POINT ( 'NONE', #8124 ) ;
#456 = PLANE ( 'NONE',  #5295 ) ;
#457 = DIRECTION ( 'NONE',  ( -4.440892098500626162E-16, 6.938893903907225296E-18, -1.000000000000000000 ) ) ;
#458 = CARTESIAN_POINT ( 'NONE',  ( 451.9999999999998863, 0.000000000000000000, 2.220446049250313081E-13 ) ) ;
#459 = ORIENTED_EDGE ( 'NONE', *, *, #8280, .T. ) ;
#460 = EDGE_CURVE ( 'NONE', #9027, #9370, #9198, .T. ) ;
#461 = ORIENTED_EDGE ( 'NONE', *, *, #3467, .F. ) ;
#462 = ORIENTED_EDGE ( 'NONE', *, *, #2398, .T. ) ;
#463 = DIRECTION ( 'NONE',  ( 1.000000000000000000, 0.000000000000000000, 0.000000000000000000 ) ) ;
#464 = VERTEX_POINT ( 'NONE', #2401 ) ;
#465 = AXIS2_PLACEMENT_3D ( 'NONE', #5958, #5892, #2195 ) ;
#466 = ADVANCED_FACE ( 'NONE', ( #2808 ), #6038, .F. ) ;
#467 = CARTESIAN_POINT ( 'NONE',  ( 50.00000000000004263, 42.00000000000014921, 15.00000000000001421 ) ) ;
#468 = ORIENTED_EDGE ( 'NONE', *, *, #8115, .T. ) ;
#469 = CARTESIAN_POINT ( 'NONE',  ( 397.9999999999998863, 0.000000000000000000, 2.999999999999975131 ) ) ;
#470 = EDGE_CURVE ( 'NONE', #9666, #4760, #3729, .T. ) ;
#471 = VERTEX_POINT ( 'NONE', #707 ) ;
#472 = DIRECTION ( 'NONE',  ( -1.000000000000000000, 0.000000000000000000, 0.000000000000000000 ) ) ;
#473 = DIRECTION ( 'NONE',  ( 0.000000000000000000, 0.000000000000000000, 1.000000000000000000 ) ) ;
#474 = VERTEX_POINT ( 'NONE', #115 ) ;
#475 = DIRECTION ( 'NONE',  ( -0.000000000000000000, -0.000000000000000000, -1.000000000000000000 ) ) ;
#476 = ORIENTED_EDGE ( 'NONE', *, *, #6548, .F. ) ;
#477 = AXIS2_PLACEMENT_3D ( 'NONE', #7395, #2997, #7460 ) ;
#478 = DIRECTION ( 'NONE',  ( -1.000000000000000000, -9.860761315262647568E-32, -4.440892098500629120E-16 ) ) ;
#479 = CARTESIAN_POINT ( 'NONE',  ( 340.9999999999999432, 323.0000000000000000, 15.00000000000001421 ) ) ;
#480 = ADVANCED_FACE ( 'NONE', ( #4994 ), #8714, .F. ) ;
#481 = CARTESIAN_POINT ( 'NONE',  ( 458.0917001862239886, 304.4511457242377332, -10.67152972219191476 ) ) ;
#482 = FACE_OUTER_BOUND ( 'NONE', #8479, .T. ) ;
#483 = CYLINDRICAL_SURFACE ( 'NONE', #4738, 6.000000000000227374 ) ;
#484 = EDGE_CURVE ( 'NONE', #455, #3951, #6737, .T. ) ;
#485 = ORIENTED_EDGE ( 'NONE', *, *, #8283, .T. ) ;
#486 = PLANE ( 'NONE',  #4338 ) ;
#487 = EDGE_CURVE ( 'NONE', #5608, #3031, #7434, .T. ) ;
#488 = VERTEX_POINT ( 'NONE', #2284 ) ;
#489 = CARTESIAN_POINT ( 'NONE',  ( 457.7964291248333666, 298.8244010080290423, 9.945902851269394773 ) ) ;
#490 = CARTESIAN_POINT ( 'NONE',  ( 92.00000000000054001, 42.00000000000003553, 15.00000000000001421 ) ) ;
#491 = FACE_OUTER_BOUND ( 'NONE', #5324, .T. ) ;
#492 = LINE ( 'NONE', #4547, #7938 ) ;
#493 = ORIENTED_EDGE ( 'NONE', *, *, #7792, .T. ) ;
#494 = DIRECTION ( 'NONE',  ( 0.000000000000000000, 0.000000000000000000, 1.000000000000000000 ) ) ;
#495 = CARTESIAN_POINT ( 'NONE',  ( 164.2035941074868504, 195.0000000000000000, 0.000000000000000000 ) ) ;
#496 = EDGE_CURVE ( 'NONE', #2166, #7922, #782, .T. ) ;
#497 = AXIS2_PLACEMENT_3D ( 'NONE', #4078, #1806, #6345 ) ;
#498 = CIRCLE ( 'NONE', #1078, 3.000000000000007994 ) ;
#499 = CARTESIAN_POINT ( 'NONE',  ( 24.99999999999991118, 13.99999999999999822, 4.500000000000057732 ) ) ;
#500 = VECTOR ( 'NONE', #9388, 1000.000000000000000 ) ;
#501 = DIRECTION ( 'NONE',  ( 0.000000000000000000, 0.000000000000000000, 1.000000000000000000 ) ) ;
#502 = LINE ( 'NONE', #8328, #9274 ) ;
#503 = FACE_BOUND ( 'NONE', #8281, .T. ) ;
#504 = VECTOR ( 'NONE', #8112, 1000.000000000000000 ) ;
#505 = CARTESIAN_POINT ( 'NONE',  ( 792.0000000000000000, 301.9999999999999432, 15.00000000000001421 ) ) ;
#506 = ADVANCED_FACE ( 'NONE', ( #1275 ), #3095, .F. ) ;
#507 = AXIS2_PLACEMENT_3D ( 'NONE', #8659, #7206, #7929 ) ;
#508 = CARTESIAN_POINT ( 'NONE',  ( 443.4999999999999432, 78.00000000000001421, -1.500000000000056843 ) ) ;
#509 = LINE ( 'NONE', #6800, #1364 ) ;
#510 = DIRECTION ( 'NONE',  ( 0.000000000000000000, 1.000000000000000000, 0.000000000000000000 ) ) ;
#511 = LINE ( 'NONE', #9514, #8206 ) ;
#512 = ORIENTED_EDGE ( 'NONE', *, *, #3761, .F. ) ;
#513 = VECTOR ( 'NONE', #2421, 1000.000000000000000 ) ;
#514 = LINE ( 'NONE', #5645, #8209 ) ;
#515 = CARTESIAN_POINT ( 'NONE',  ( 457.3484004815985031, 298.0064980162088659, 7.764350776979240365 ) ) ;
#516 = VERTEX_POINT ( 'NONE', #3804 ) ;
#517 = EDGE_CURVE ( 'NONE', #5724, #5780, #8585, .T. ) ;
#518 = FACE_OUTER_BOUND ( 'NONE', #4991, .T. ) ;
#519 = DIRECTION ( 'NONE',  ( -0.000000000000000000, -0.000000000000000000, -1.000000000000000000 ) ) ;
#520 = DIRECTION ( 'NONE',  ( -0.000000000000000000, 0.000000000000000000, 1.000000000000000000 ) ) ;
#521 = ORIENTED_EDGE ( 'NONE', *, *, #5817, .T. ) ;
#522 = EDGE_LOOP ( 'NONE', ( #7777, #6106, #6536, #9008 ) ) ;
#523 = LINE ( 'NONE', #1141, #1019 ) ;
#524 = DIRECTION ( 'NONE',  ( 0.000000000000000000, 0.000000000000000000, -1.000000000000000000 ) ) ;
#525 = ADVANCED_FACE ( 'NONE', ( #7079 ), #6689, .T. ) ;
#526 = CARTESIAN_POINT ( 'NONE',  ( 149.9999999999999716, 272.0000000000000000, -3.000000000000113687 ) ) ;
#527 = CLOSED_SHELL ( 'NONE', ( #9111, #4409, #6488, #1182, #442, #6512, #4858, #9060, #3245, #8378, #4709, #7043, #1284, #3972, #1230, #9597 ) ) ;
#528 = FACE_OUTER_BOUND ( 'NONE', #3997, .T. ) ;
#529 = CARTESIAN_POINT ( 'NONE',  ( 0.000000000000000000, 0.000000000000000000, 380.0000000000000000 ) ) ;
#530 = AXIS2_PLACEMENT_3D ( 'NONE', #7051, #3434, #5710 ) ;
#531 = ORIENTED_EDGE ( 'NONE', *, *, #9003, .F. ) ;
#532 = VERTEX_POINT ( 'NONE', #4444 ) ;
#533 = CARTESIAN_POINT ( 'NONE',  ( 451.9999999999999432, 96.00000000000008527, 4.000000000000447642 ) ) ;
#534 = ORIENTED_EDGE ( 'NONE', *, *, #4747, .T. ) ;
#535 = LINE ( 'NONE', #6778, #8229 ) ;
#536 = CIRCLE ( 'NONE', #8021, 3.000000000000002665 ) ;
#537 = EDGE_CURVE ( 'NONE', #4186, #150, #535, .T. ) ;
#538 = DIRECTION ( 'NONE',  ( 1.000000000000000000, 0.000000000000000000, 0.000000000000000000 ) ) ;
#539 = EDGE_LOOP ( 'NONE', ( #7545, #5973, #2500, #4917 ) ) ;
#540 = LINE ( 'NONE', #7222, #1041 ) ;
#541 = ORIENTED_EDGE ( 'NONE', *, *, #1140, .T. ) ;
#542 = ORIENTED_EDGE ( 'NONE', *, *, #5057, .T. ) ;
#543 = DIRECTION ( 'NONE',  ( 1.000000000000000000, 0.000000000000000000, 0.000000000000000000 ) ) ;
#544 = ORIENTED_EDGE ( 'NONE', *, *, #1232, .F. ) ;
#545 = FACE_OUTER_BOUND ( 'NONE', #4685, .T. ) ;
#546 = DIRECTION ( 'NONE',  ( -1.000000000000000000, 0.000000000000000000, 0.000000000000000000 ) ) ;
#547 = CARTESIAN_POINT ( 'NONE',  ( 0.000000000000000000, 511.0000000000000000, 3.000000000000002665 ) ) ;
#548 = ORIENTED_EDGE ( 'NONE', *, *, #3431, .F. ) ;
#549 = CARTESIAN_POINT ( 'NONE',  ( 458.5000000000001705, 301.7300486290638446, 3.499999999999948042 ) ) ;
#550 = DIRECTION ( 'NONE',  ( 0.000000000000000000, -0.000000000000000000, 1.000000000000000000 ) ) ;
#551 = UNCERTAINTY_MEASURE_WITH_UNIT (LENGTH_MEASURE( 1.000000000000000082E-05 ), #6123, 'distance_accuracy_value', 'NONE');
#552 = CARTESIAN_POINT ( 'NONE',  ( 278.0000000000000000, 47.99999999999998579, -15.00000000000012434 ) ) ;
#553 = AXIS2_PLACEMENT_3D ( 'NONE', #6609, #2172, #8078 ) ;
#554 = SURFACE_STYLE_FILL_AREA ( #6296 ) ;
#555 =( GEOMETRIC_REPRESENTATION_CONTEXT ( 3 ) GLOBAL_UNCERTAINTY_ASSIGNED_CONTEXT ( ( #1600 ) ) GLOBAL_UNIT_ASSIGNED_CONTEXT ( ( #4109, #323, #1079 ) ) REPRESENTATION_CONTEXT ( 'NONE', 'WORKASPACE' ) );
#556 = PLANE ( 'NONE',  #8796 ) ;
#557 = VERTEX_POINT ( 'NONE', #5330 ) ;
#558 = DIRECTION ( 'NONE',  ( 0.000000000000000000, 0.000000000000000000, -1.000000000000000000 ) ) ;
#559 = DIRECTION ( 'NONE',  ( 1.000000000000000000, 0.000000000000000000, 0.000000000000000000 ) ) ;
#560 = DIRECTION ( 'NONE',  ( 1.000000000000000000, 0.000000000000000000, 0.000000000000000000 ) ) ;
#561 = CARTESIAN_POINT ( 'NONE',  ( 54.00000000000007105, 42.00000000000014921, 15.00000000000001421 ) ) ;
#562 = ORIENTED_EDGE ( 'NONE', *, *, #657, .F. ) ;
#563 = UNCERTAINTY_MEASURE_WITH_UNIT (LENGTH_MEASURE( 1.000000000000000082E-05 ), #5021, 'distance_accuracy_value', 'NONE');
#564 = UNCERTAINTY_MEASURE_WITH_UNIT (LENGTH_MEASURE( 1.000000000000000082E-05 ), #2699, 'distance_accuracy_value', 'NONE');
#565 = CARTESIAN_POINT ( 'NONE',  ( 436.2089883689056933, 348.1640233375465527, 15.00000000000001421 ) ) ;
#566 = ORIENTED_EDGE ( 'NONE', *, *, #7335, .T. ) ;
#567 = EDGE_CURVE ( 'NONE', #6152, #1174, #4528, .T. ) ;
#568 = CARTESIAN_POINT ( 'NONE',  ( 90.50000000000052580, 74.00000000000007105, 0.000000000000000000 ) ) ;
#569 = CARTESIAN_POINT ( 'NONE',  ( 0.000000000000000000, 380.0000000000000000, 15.00000000000001421 ) ) ;
#570 = EDGE_LOOP ( 'NONE', ( #575, #3392, #5359, #2458 ) ) ;
#571 = CARTESIAN_POINT ( 'NONE',  ( 98.00000000000005684, 361.9999999999998863, 3.000000000000113687 ) ) ;
#572 = ADVANCED_FACE ( 'NONE', ( #7666, #5112, #4290 ), #6006, .F. ) ;
#573 = CARTESIAN_POINT ( 'NONE',  ( 0.000000000000000000, 0.000000000000000000, -15.00000000000012434 ) ) ;
#574 = DIRECTION ( 'NONE',  ( 1.000000000000000000, 9.860761315262647568E-32, 4.440892098500629120E-16 ) ) ;
#575 = ORIENTED_EDGE ( 'NONE', *, *, #6056, .F. ) ;
#576 = CARTESIAN_POINT ( 'NONE',  ( 149.9999999999999716, 47.99999999999998579, 3.000000000000002665 ) ) ;
#577 = PLANE ( 'NONE',  #11 ) ;
#578 = EDGE_CURVE ( 'NONE', #3665, #2134, #8472, .T. ) ;
#579 = EDGE_CURVE ( 'NONE', #5158, #5883, #7995, .T. ) ;
#580 = CARTESIAN_POINT ( 'NONE',  ( 457.5875855895269524, 298.4129015102130893, 9.289245272046599666 ) ) ;
#581 = ORIENTED_EDGE ( 'NONE', *, *, #4201, .T. ) ;
#582 = CARTESIAN_POINT ( 'NONE',  ( 128.0000000000003411, 41.99999999999997868, 9.000000000000007105 ) ) ;
#583 = DIRECTION ( 'NONE',  ( -0.000000000000000000, -0.000000000000000000, -1.000000000000000000 ) ) ;
#584 = DIRECTION ( 'NONE',  ( 1.000000000000000000, 0.000000000000000000, 0.000000000000000000 ) ) ;
#585 = ORIENTED_EDGE ( 'NONE', *, *, #4718, .F. ) ;
#586 = AXIS2_PLACEMENT_3D ( 'NONE', #5982, #3780, #8974 ) ;
#587 = DIRECTION ( 'NONE',  ( -0.000000000000000000, 0.000000000000000000, 1.000000000000000000 ) ) ;
#588 = SURFACE_STYLE_FILL_AREA ( #5065 ) ;
#589 = VERTEX_POINT ( 'NONE', #8933 ) ;
#590 = SURFACE_SIDE_STYLE ('',( #2232 ) ) ;
#591 = CARTESIAN_POINT ( 'NONE',  ( 469.2791522340548340, 337.2193787511251912, -3.000000000000113687 ) ) ;
#592 = ORIENTED_EDGE ( 'NONE', *, *, #694, .F. ) ;
#593 = DIRECTION ( 'NONE',  ( 0.000000000000000000, 0.000000000000000000, 1.000000000000000000 ) ) ;
#594 = VECTOR ( 'NONE', #4554, 1000.000000000000000 ) ;
#595 = LINE ( 'NONE', #8718, #8725 ) ;
#596 = VERTEX_POINT ( 'NONE', #3846 ) ;
#597 = DIRECTION ( 'NONE',  ( -4.440892098500629120E-16, -6.938893903907225296E-18, 1.000000000000000000 ) ) ;
#598 = AXIS2_PLACEMENT_3D ( 'NONE', #2616, #7837, #7707 ) ;
#599 = DIRECTION ( 'NONE',  ( 0.9611510676502006412, -0.2760228707098010270, 0.000000000000000000 ) ) ;
#600 = CARTESIAN_POINT ( 'NONE',  ( 457.4269269584413564, 81.86633285920676428, 8.559794278224620356 ) ) ;
#601 = DIRECTION ( 'NONE',  ( 0.000000000000000000, 0.000000000000000000, -1.000000000000000000 ) ) ;
#602 = EDGE_CURVE ( 'NONE', #4670, #9339, #5237, .T. ) ;
#603 = EDGE_CURVE ( 'NONE', #311, #2441, #6503, .T. ) ;
#604 = CARTESIAN_POINT ( 'NONE',  ( 149.9999999999999716, 47.99999999999998579, 3.000000000000002665 ) ) ;
#605 = VERTEX_POINT ( 'NONE', #2255 ) ;
#606 = SURFACE_SIDE_STYLE ('',( #608 ) ) ;
#607 = PLANE ( 'NONE',  #332 ) ;
#608 = SURFACE_STYLE_FILL_AREA ( #4316 ) ;
#609 = EDGE_CURVE ( 'NONE', #773, #8517, #6848, .T. ) ;
#610 = VECTOR ( 'NONE', #7357, 1000.000000000000000 ) ;
#611 = ORIENTED_EDGE ( 'NONE', *, *, #5719, .F. ) ;
#612 = AXIS2_PLACEMENT_3D ( 'NONE', #1650, #7830, #1844 ) ;
#613 = AXIS2_PLACEMENT_3D ( 'NONE', #9497, #4199, #2777 ) ;
#614 = CARTESIAN_POINT ( 'NONE',  ( 458.2875444242313279, 300.2105979152318582, 11.08690865206854426 ) ) ;
#615 = CARTESIAN_POINT ( 'NONE',  ( 451.9999999999998863, 379.9999999999997726, 15.00000000000012434 ) ) ;
#616 = PRODUCT ( 'A760250-PATASXXXBA', 'A760250-PATASXXXBA', '', ( #6227 ) ) ;
#617 = CYLINDRICAL_SURFACE ( 'NONE', #955, 2.500000000000002220 ) ;
#618 = DIRECTION ( 'NONE',  ( 0.000000000000000000, 0.000000000000000000, 1.000000000000000000 ) ) ;
#619 = CARTESIAN_POINT ( 'NONE',  ( 50.00000000000004263, 42.00000000000014921, 15.00000000000001421 ) ) ;
#620 = FACE_OUTER_BOUND ( 'NONE', #4106, .T. ) ;
#621 = SURFACE_STYLE_FILL_AREA ( #7092 ) ;
#622 = DIRECTION ( 'NONE',  ( 0.000000000000000000, 0.000000000000000000, 1.000000000000000000 ) ) ;
#623 = ADVANCED_FACE ( 'NONE', ( #4065 ), #1390, .F. ) ;
#624 = CARTESIAN_POINT ( 'NONE',  ( 742.4999999999998863, 13.99999999999999822, 4.500000000000057732 ) ) ;
#625 = VECTOR ( 'NONE', #2765, 1000.000000000000000 ) ;
#626 = EDGE_CURVE ( 'NONE', #4708, #3293, #3502, .T. ) ;
#627 = VECTOR ( 'NONE', #3101, 1000.000000000000000 ) ;
#628 = AXIS2_PLACEMENT_3D ( 'NONE', #4191, #5652, #8024 ) ;
#629 = CARTESIAN_POINT ( 'NONE',  ( 469.2791522340548340, 337.2193787511251912, 15.00000000000001421 ) ) ;
#630 = SURFACE_SIDE_STYLE ('',( #6385 ) ) ;
#631 = PRODUCT_DEFINITION_FORMATION_WITH_SPECIFIED_SOURCE ( 'ANY', '', #616, .NOT_KNOWN. ) ;
#632 = LINE ( 'NONE', #2428, #4268 ) ;
#633 = CARTESIAN_POINT ( 'NONE',  ( 0.000000000000000000, 302.0000000000000000, 7.499999999999951150 ) ) ;
#634 = FACE_OUTER_BOUND ( 'NONE', #3177, .T. ) ;
#635 = ORIENTED_EDGE ( 'NONE', *, *, #9088, .T. ) ;
#636 = VECTOR ( 'NONE', #2343, 1000.000000000000000 ) ;
#637 = DIRECTION ( 'NONE',  ( 0.000000000000000000, -1.000000000000000000, -0.000000000000000000 ) ) ;
#638 = ORIENTED_EDGE ( 'NONE', *, *, #2358, .F. ) ;
#639 = CARTESIAN_POINT ( 'NONE',  ( 457.5870743129738685, 81.58799196995327918, 9.286974481717360064 ) ) ;
#640 = ORIENTED_EDGE ( 'NONE', *, *, #431, .T. ) ;
#641 = FACE_OUTER_BOUND ( 'NONE', #8122, .T. ) ;
#642 = VECTOR ( 'NONE', #7871, 1000.000000000000000 ) ;
#643 = AXIS2_PLACEMENT_3D ( 'NONE', #817, #8893, #6653 ) ;
#644 = DIRECTION ( 'NONE',  ( 0.000000000000000000, 0.000000000000000000, -1.000000000000000000 ) ) ;
#645 = FILL_AREA_STYLE_COLOUR ( '', #8523 ) ;
#646 = PLANE ( 'NONE',  #7671 ) ;
#647 = ORIENTED_EDGE ( 'NONE', *, *, #9400, .T. ) ;
#648 = CARTESIAN_POINT ( 'NONE',  ( 439.2089883689056933, 348.1640233375465527, 3.000000000000002665 ) ) ;
#649 = ORIENTED_EDGE ( 'NONE', *, *, #4167, .T. ) ;
#650 = FACE_BOUND ( 'NONE', #4429, .T. ) ;
#651 = ORIENTED_EDGE ( 'NONE', *, *, #4557, .T. ) ;
#652 = AXIS2_PLACEMENT_3D ( 'NONE', #137, #3881, #905 ) ;
#653 = ORIENTED_EDGE ( 'NONE', *, *, #5375, .T. ) ;
#654 = LINE ( 'NONE', #9412, #4865 ) ;
#655 = FACE_OUTER_BOUND ( 'NONE', #5812, .T. ) ;
#656 = DIRECTION ( 'NONE',  ( 0.000000000000000000, 0.000000000000000000, -1.000000000000000000 ) ) ;
#657 = EDGE_CURVE ( 'NONE', #4426, #3757, #3140, .T. ) ;
#658 = CARTESIAN_POINT ( 'NONE',  ( 0.000000000000000000, 0.000000000000000000, 3.999999999999892530 ) ) ;
#659 = DIRECTION ( 'NONE',  ( -0.000000000000000000, 0.000000000000000000, 1.000000000000000000 ) ) ;
#660 = EDGE_LOOP ( 'NONE', ( #2903, #3198, #343, #5218, #6970 ) ) ;
#661 = VECTOR ( 'NONE', #8678, 1000.000000000000000 ) ;
#662 = AXIS2_PLACEMENT_3D ( 'NONE', #3143, #8340, #140 ) ;
#663 = ORIENTED_EDGE ( 'NONE', *, *, #484, .T. ) ;
#664 = EDGE_LOOP ( 'NONE', ( #6858, #3455, #4188, #105 ) ) ;
#665 = ORIENTED_EDGE ( 'NONE', *, *, #2341, .F. ) ;
#666 = DIRECTION ( 'NONE',  ( 0.000000000000000000, 0.000000000000000000, 1.000000000000000000 ) ) ;
#667 = LINE ( 'NONE', #230, #1277 ) ;
#668 = DIRECTION ( 'NONE',  ( 0.000000000000000000, 0.000000000000000000, 1.000000000000000000 ) ) ;
#669 =( LENGTH_UNIT ( ) NAMED_UNIT ( * ) SI_UNIT ( .MILLI., .METRE. ) );
#670 = AXIS2_PLACEMENT_3D ( 'NONE', #6525, #4375, #2902 ) ;
#671 = ORIENTED_EDGE ( 'NONE', *, *, #1003, .F. ) ;
#672 = VECTOR ( 'NONE', #5165, 1000.000000000000000 ) ;
#673 = CARTESIAN_POINT ( 'NONE',  ( 10.50000000000000178, 302.0000000000000568, 15.00000000000001421 ) ) ;
#674 = EDGE_LOOP ( 'NONE', ( #6272, #8634, #6956, #4526 ) ) ;
#675 = ORIENTED_EDGE ( 'NONE', *, *, #8533, .F. ) ;
#676 = EDGE_CURVE ( 'NONE', #1044, #2576, #907, .T. ) ;
#677 = CARTESIAN_POINT ( 'NONE',  ( 0.000000000000000000, 0.000000000000000000, 15.00000000000001421 ) ) ;
#678 = CARTESIAN_POINT ( 'NONE',  ( 485.0000000000000000, 78.00000000000001421, -3.499999999999833911 ) ) ;
#679 = EDGE_CURVE ( 'NONE', #9066, #3212, #1150, .T. ) ;
#680 = PRESENTATION_STYLE_ASSIGNMENT (( #4863 ) ) ;
#681 = CARTESIAN_POINT ( 'NONE',  ( 769.0000000000000000, 0.000000000000000000, 0.000000000000000000 ) ) ;
#682 = VERTEX_POINT ( 'NONE', #918 ) ;
#683 = ADVANCED_FACE ( 'NONE', ( #2093 ), #9091, .T. ) ;
#684 = DIRECTION ( 'NONE',  ( -0.000000000000000000, 0.000000000000000000, 1.000000000000000000 ) ) ;
#685 = VERTEX_POINT ( 'NONE', #6189 ) ;
#686 = DIRECTION ( 'NONE',  ( 0.000000000000000000, 0.000000000000000000, 1.000000000000000000 ) ) ;
#687 = DIRECTION ( 'NONE',  ( -1.000000000000000000, 0.000000000000000000, 0.000000000000000000 ) ) ;
#688 = CARTESIAN_POINT ( 'NONE',  ( 0.000000000000000000, 0.000000000000000000, -15.00000000000012434 ) ) ;
#689 = SURFACE_STYLE_FILL_AREA ( #1916 ) ;
#690 = DIRECTION ( 'NONE',  ( 1.000000000000000000, 0.000000000000000000, 0.000000000000000000 ) ) ;
#691 = CARTESIAN_POINT ( 'NONE',  ( 85.00000000000054001, 170.0000000000001990, 15.00000000000001421 ) ) ;
#692 = EDGE_LOOP ( 'NONE', ( #1748, #9465, #8123, #2025, #365, #5975, #1381, #3146 ) ) ;
#693 = CARTESIAN_POINT ( 'NONE',  ( 458.4999999999999432, 302.0000000000000000, -15.00000000000012434 ) ) ;
#694 = EDGE_CURVE ( 'NONE', #7214, #4216, #9542, .T. ) ;
#695 = AXIS2_PLACEMENT_3D ( 'NONE', #7896, #6470, #4208 ) ;
#696 = VERTEX_POINT ( 'NONE', #1672 ) ;
#697 = PRODUCT_RELATED_PRODUCT_CATEGORY ( 'part', '', ( #2097 ) ) ;
#698 = CARTESIAN_POINT ( 'NONE',  ( 88.00000000000052580, 42.00000000000003553, 0.000000000000000000 ) ) ;
#699 = ORIENTED_EDGE ( 'NONE', *, *, #6640, .T. ) ;
#700 = ORIENTED_EDGE ( 'NONE', *, *, #2041, .T. ) ;
#701 = CARTESIAN_POINT ( 'NONE',  ( 216.4999999999999716, 272.0000000000000000, -3.000000000000113687 ) ) ;
#702 = DIRECTION ( 'NONE',  ( -1.000000000000000000, 0.000000000000000000, 0.000000000000000000 ) ) ;
#703 = ORIENTED_EDGE ( 'NONE', *, *, #3328, .T. ) ;
#704 = AXIS2_PLACEMENT_3D ( 'NONE', #5877, #3548, #1300 ) ;
#705 = EDGE_CURVE ( 'NONE', #8647, #6987, #8819, .T. ) ;
#706 = ORIENTED_EDGE ( 'NONE', *, *, #1293, .T. ) ;
#707 = CARTESIAN_POINT ( 'NONE',  ( 10.50000000000000178, 302.0000000000000568, 2.000000000000001776 ) ) ;
#708 = DIRECTION ( 'NONE',  ( -1.000000000000000000, 0.000000000000000000, 0.000000000000000000 ) ) ;
#709 = VERTEX_POINT ( 'NONE', #5414 ) ;
#710 = ORIENTED_EDGE ( 'NONE', *, *, #4847, .T. ) ;
#711 = CARTESIAN_POINT ( 'NONE',  ( 458.3883117758932713, 79.31266060796305339, 3.712547357013728622 ) ) ;
#712 = CARTESIAN_POINT ( 'NONE',  ( 46.00000000000004263, 42.00000000000003553, 15.00000000000001421 ) ) ;
#713 = DIRECTION ( 'NONE',  ( 0.000000000000000000, 0.000000000000000000, -1.000000000000000000 ) ) ;
#714 = VERTEX_POINT ( 'NONE', #4661 ) ;
#715 = CARTESIAN_POINT ( 'NONE',  ( 485.0000000000000000, 0.000000000000000000, 15.00000000000001421 ) ) ;
#716 = PLANE ( 'NONE',  #452 ) ;
#717 = EDGE_CURVE ( 'NONE', #6402, #3561, #7313, .T. ) ;
#718 = VERTEX_POINT ( 'NONE', #2433 ) ;
#719 = PRODUCT_DEFINITION_SHAPE ( 'NONE', 'NONE',  #4705 ) ;
#720 = AXIS2_PLACEMENT_3D ( 'NONE', #7763, #314, #7730 ) ;
#721 = DIRECTION ( 'NONE',  ( 0.000000000000000000, 0.000000000000000000, 1.000000000000000000 ) ) ;
#722 = PLANE ( 'NONE',  #9460 ) ;
#723 = CYLINDRICAL_SURFACE ( 'NONE', #5164, 2.999999999999891642 ) ;
#724 = VECTOR ( 'NONE', #7850, 1000.000000000000000 ) ;
#725 = CARTESIAN_POINT ( 'NONE',  ( 46.00000000000002842, 42.00000000000014921, 9.000000000000007105 ) ) ;
#726 = ORIENTED_EDGE ( 'NONE', *, *, #2339, .T. ) ;
#727 = CARTESIAN_POINT ( 'NONE',  ( 674.0000000000010232, 42.00000000000014921, 9.000000000000007105 ) ) ;
#728 = CARTESIAN_POINT ( 'NONE',  ( 0.000000000000000000, 0.000000000000000000, 0.000000000000000000 ) ) ;
#729 = AXIS2_PLACEMENT_3D ( 'NONE', #7367, #8058, #2967 ) ;
#730 = ORIENTED_EDGE ( 'NONE', *, *, #2896, .F. ) ;
#731 = ADVANCED_FACE ( 'NONE', ( #7538 ), #3953, .T. ) ;
#732 = CYLINDRICAL_SURFACE ( 'NONE', #8508, 2.999999999999891642 ) ;
#733 = ORIENTED_EDGE ( 'NONE', *, *, #1799, .F. ) ;
#734 = CIRCLE ( 'NONE', #8931, 7.500000000000007105 ) ;
#735 = LINE ( 'NONE', #21, #2528 ) ;
#736 = PLANE ( 'NONE',  #5681 ) ;
#737 = EDGE_LOOP ( 'NONE', ( #1555, #8880 ) ) ;
#738 = CARTESIAN_POINT ( 'NONE',  ( 0.000000000000000000, 0.000000000000000000, 31.00000000000000000 ) ) ;
#739 = CARTESIAN_POINT ( 'NONE',  ( 0.000000000000000000, 0.000000000000000000, 0.000000000000000000 ) ) ;
#740 = LINE ( 'NONE', #284, #5428 ) ;
#741 = VECTOR ( 'NONE', #8840, 1000.000000000000000 ) ;
#742 = DIRECTION ( 'NONE',  ( 1.000000000000000000, 0.000000000000000000, 0.000000000000000000 ) ) ;
#743 = EDGE_CURVE ( 'NONE', #709, #4089, #4878, .T. ) ;
#744 = LINE ( 'NONE', #458, #9159 ) ;
#745 = CARTESIAN_POINT ( 'NONE',  ( 458.3891574431507934, 303.3084958320308147, 11.28912691129607992 ) ) ;
#746 = LINE ( 'NONE', #3200, #9161 ) ;
#747 = VECTOR ( 'NONE', #3459, 1000.000000000000000 ) ;
#748 = AXIS2_PLACEMENT_3D ( 'NONE', #1543, #3789, #7476 ) ;
#749 = VECTOR ( 'NONE', #75, 1000.000000000000000 ) ;
#750 = CARTESIAN_POINT ( 'NONE',  ( 84.99999999999997158, 323.0000000000000000, -15.00000000000012434 ) ) ;
#751 =( GEOMETRIC_REPRESENTATION_CONTEXT ( 3 ) GLOBAL_UNCERTAINTY_ASSIGNED_CONTEXT ( ( #563 ) ) GLOBAL_UNIT_ASSIGNED_CONTEXT ( ( #5021, #2109, #4215 ) ) REPRESENTATION_CONTEXT ( 'NONE', 'WORKASPACE' ) );
#752 = DIRECTION ( 'NONE',  ( 0.000000000000000000, 1.000000000000000000, 0.000000000000000000 ) ) ;
#753 = DIRECTION ( 'NONE',  ( -9.860761315262643189E-32, -1.000000000000000000, -6.938893903907225296E-18 ) ) ;
#754 = CIRCLE ( 'NONE', #1473, 4.000000000000003553 ) ;
#755 = DIRECTION ( 'NONE',  ( -1.000000000000000000, 0.000000000000000000, 0.000000000000000000 ) ) ;
#756 = DIRECTION ( 'NONE',  ( 0.000000000000000000, 0.000000000000000000, -1.000000000000000000 ) ) ;
#757 = DIRECTION ( 'NONE',  ( -0.000000000000000000, 0.000000000000000000, 1.000000000000000000 ) ) ;
#758 = VECTOR ( 'NONE', #5832, 1000.000000000000000 ) ;
#759 = ORIENTED_EDGE ( 'NONE', *, *, #602, .T. ) ;
#760 = VECTOR ( 'NONE', #7554, 1000.000000000000000 ) ;
#761 = DIRECTION ( 'NONE',  ( -1.000000000000000000, -0.000000000000000000, -0.000000000000000000 ) ) ;
#762 = EDGE_CURVE ( 'NONE', #856, #5421, #9309, .T. ) ;
#763 = AXIS2_PLACEMENT_3D ( 'NONE', #2278, #6753, #5949 ) ;
#764 = VERTEX_POINT ( 'NONE', #2504 ) ;
#765 = VECTOR ( 'NONE', #58, 1000.000000000000000 ) ;
#766 = CARTESIAN_POINT ( 'NONE',  ( 8.000000000000007105, 78.00000000000001421, 15.00000000000001421 ) ) ;
#767 = ORIENTED_EDGE ( 'NONE', *, *, #4847, .F. ) ;
#768 = DIRECTION ( 'NONE',  ( 1.000000000000000000, 0.000000000000000000, 0.000000000000000000 ) ) ;
#769 = ORIENTED_EDGE ( 'NONE', *, *, #4886, .T. ) ;
#770 = CIRCLE ( 'NONE', #7523, 3.000000000000002665 ) ;
#771 = DIRECTION ( 'NONE',  ( -4.041334437186268961E-17, 2.220446049250313574E-16, -1.000000000000000000 ) ) ;
#772 = CYLINDRICAL_SURFACE ( 'NONE', #3018, 3.000000000000002665 ) ;
#773 = VERTEX_POINT ( 'NONE', #3182 ) ;
#774 = FACE_BOUND ( 'NONE', #7358, .T. ) ;
#775 = DIRECTION ( 'NONE',  ( 1.000000000000000000, 9.860761315262647568E-32, 4.440892098500629120E-16 ) ) ;
#776 = ORIENTED_EDGE ( 'NONE', *, *, #8617, .T. ) ;
#777 = VERTEX_POINT ( 'NONE', #142 ) ;
#778 = ORIENTED_EDGE ( 'NONE', *, *, #8095, .F. ) ;
#779 = EDGE_CURVE ( 'NONE', #3506, #979, #3378, .T. ) ;
#780 = CARTESIAN_POINT ( 'NONE',  ( 485.0000000000000000, 78.00000000000001421, 7.499999999999951150 ) ) ;
#781 = ORIENTED_EDGE ( 'NONE', *, *, #7810, .T. ) ;
#782 = CIRCLE ( 'NONE', #8721, 3.000000000000004441 ) ;
#783 = DIRECTION ( 'NONE',  ( 0.000000000000000000, 0.000000000000000000, 1.000000000000000000 ) ) ;
#784 = LINE ( 'NONE', #7566, #2706 ) ;
#785 = DIRECTION ( 'NONE',  ( 1.000000000000000000, 0.000000000000000000, 0.000000000000000000 ) ) ;
#786 = CARTESIAN_POINT ( 'NONE',  ( 457.7962305678202029, 305.1760196118413546, 9.945347753197614438 ) ) ;
#787 = SURFACE_STYLE_FILL_AREA ( #1383 ) ;
#788 = VERTEX_POINT ( 'NONE', #7642 ) ;
#789 = CYLINDRICAL_SURFACE ( 'NONE', #1537, 4.000000000000006217 ) ;
#790 = CARTESIAN_POINT ( 'NONE',  ( 114.4999999999999858, 323.0000000000000000, -15.00000000000012434 ) ) ;
#791 = AXIS2_PLACEMENT_3D ( 'NONE', #698, #5122, #4453 ) ;
#792 = ORIENTED_EDGE ( 'NONE', *, *, #8000, .F. ) ;
#793 = VERTEX_POINT ( 'NONE', #5360 ) ;
#794 = CARTESIAN_POINT ( 'NONE',  ( 635.0000000000010232, 170.0000000000001990, 15.00000000000001421 ) ) ;
#795 = CARTESIAN_POINT ( 'NONE',  ( 62.99999999999997158, 155.0000000000000000, 15.49999999999999822 ) ) ;
#796 = VERTEX_POINT ( 'NONE', #5391 ) ;
#797 = DIRECTION ( 'NONE',  ( -1.000000000000000000, -0.000000000000000000, -0.000000000000000000 ) ) ;
#798 = VECTOR ( 'NONE', #2654, 1000.000000000000000 ) ;
#799 = DIRECTION ( 'NONE',  ( -0.000000000000000000, 0.000000000000000000, -1.000000000000000000 ) ) ;
#800 = CARTESIAN_POINT ( 'NONE',  ( 445.0000000000000000, 302.0000000000000000, -3.499999999999833911 ) ) ;
#801 = AXIS2_PLACEMENT_3D ( 'NONE', #9051, #6185, #2397 ) ;
#802 = ORIENTED_EDGE ( 'NONE', *, *, #5868, .F. ) ;
#803 = DIRECTION ( 'NONE',  ( 0.000000000000000000, 0.000000000000000000, 1.000000000000000000 ) ) ;
#804 = AXIS2_PLACEMENT_3D ( 'NONE', #7481, #5284, #1551 ) ;
#805 = CARTESIAN_POINT ( 'NONE',  ( 26.99999999999999645, -205.0000000000000000, 302.5000000000001705 ) ) ;
#806 = EDGE_LOOP ( 'NONE', ( #9053, #5658 ) ) ;
#807 = EDGE_CURVE ( 'NONE', #1667, #130, #5581, .T. ) ;
#808 = EDGE_CURVE ( 'NONE', #7603, #6402, #7208, .T. ) ;
#809 = DIRECTION ( 'NONE',  ( 0.000000000000000000, 0.000000000000000000, 1.000000000000000000 ) ) ;
#810 = EDGE_CURVE ( 'NONE', #7922, #3665, #8951, .T. ) ;
#811 = ORIENTED_EDGE ( 'NONE', *, *, #9124, .F. ) ;
#812 = AXIS2_PLACEMENT_3D ( 'NONE', #5716, #7984, #2798 ) ;
#813 = DIRECTION ( 'NONE',  ( 0.000000000000000000, 1.000000000000000000, 0.000000000000000000 ) ) ;
#814 = AXIS2_PLACEMENT_3D ( 'NONE', #858, #1636, #3877 ) ;
#815 = DIRECTION ( 'NONE',  ( 1.000000000000000000, 0.000000000000000000, 0.000000000000000000 ) ) ;
#816 = VERTEX_POINT ( 'NONE', #7055 ) ;
#817 = CARTESIAN_POINT ( 'NONE',  ( 40.00000000000003553, 302.0000000000000000, 7.499999999999951150 ) ) ;
#818 = CARTESIAN_POINT ( 'NONE',  ( 485.0000000000000000, 78.00000000000001421, 7.499999999999951150 ) ) ;
#819 = EDGE_LOOP ( 'NONE', ( #5935, #2702, #3950, #5147 ) ) ;
#820 = DIRECTION ( 'NONE',  ( 1.000000000000000000, 0.000000000000000000, 0.000000000000000000 ) ) ;
#821 = DIRECTION ( 'NONE',  ( 1.000000000000000000, 0.000000000000000000, 0.000000000000000000 ) ) ;
#822 = CARTESIAN_POINT ( 'NONE',  ( 742.4999999999998863, 13.99999999999999822, 7.500000000000062172 ) ) ;
#823 = DIRECTION ( 'NONE',  ( 1.000000000000000000, 0.000000000000000000, 0.000000000000000000 ) ) ;
#824 = DIRECTION ( 'NONE',  ( -1.000000000000000000, 0.000000000000000000, 0.000000000000000000 ) ) ;
#825 = ORIENTED_EDGE ( 'NONE', *, *, #8983, .F. ) ;
#826 = EDGE_CURVE ( 'NONE', #59, #5282, #1512, .T. ) ;
#827 = CARTESIAN_POINT ( 'NONE',  ( 788.0000000000000000, 78.00000000000001421, 15.00000000000001421 ) ) ;
#828 = AXIS2_PLACEMENT_3D ( 'NONE', #8894, #6683, #3000 ) ;
#829 = PRODUCT_DEFINITION ( 'UNKNOWN', '', #2361, #2479 ) ;
#830 = CARTESIAN_POINT ( 'NONE',  ( 0.000000000000000000, 0.000000000000000000, 0.000000000000000000 ) ) ;
#831 = ADVANCED_FACE ( 'NONE', ( #3943 ), #9532, .F. ) ;
#832 = DIRECTION ( 'NONE',  ( -1.000000000000000000, 0.000000000000000000, 0.000000000000000000 ) ) ;
#833 = ORIENTED_EDGE ( 'NONE', *, *, #7612, .F. ) ;
#834 = DIRECTION ( 'NONE',  ( 0.000000000000000000, 0.000000000000000000, 1.000000000000000000 ) ) ;
#835 = VERTEX_POINT ( 'NONE', #3337 ) ;
#836 = DIRECTION ( 'NONE',  ( 0.000000000000000000, 0.000000000000000000, 1.000000000000000000 ) ) ;
#837 = AXIS2_PLACEMENT_3D ( 'NONE', #2046, #4271, #2680 ) ;
#838 = DIRECTION ( 'NONE',  ( 0.000000000000000000, 0.000000000000000000, 1.000000000000000000 ) ) ;
#839 = LINE ( 'NONE', #5005, #6217 ) ;
#840 = EDGE_LOOP ( 'NONE', ( #1210, #4640 ) ) ;
#841 = PLANE ( 'NONE',  #7633 ) ;
#842 = ADVANCED_FACE ( 'NONE', ( #2568 ), #5221, .F. ) ;
#843 = CARTESIAN_POINT ( 'NONE',  ( 0.000000000000000000, 0.000000000000000000, 0.000000000000000000 ) ) ;
#844 = DIRECTION ( 'NONE',  ( -0.000000000000000000, -0.000000000000000000, -1.000000000000000000 ) ) ;
#845 = EDGE_LOOP ( 'NONE', ( #4569, #8802, #1438, #2201 ) ) ;
#846 = DIRECTION ( 'NONE',  ( 0.000000000000000000, 0.000000000000000000, 1.000000000000000000 ) ) ;
#847 = CARTESIAN_POINT ( 'NONE',  ( 211.4999999999999716, 272.0000000000000000, 3.000000000000002665 ) ) ;
#848 = CARTESIAN_POINT ( 'NONE',  ( 0.000000000000000000, 0.000000000000000000, 3.000000000000002665 ) ) ;
#849 = VECTOR ( 'NONE', #938, 1000.000000000000000 ) ;
#850 = EDGE_CURVE ( 'NONE', #4689, #3016, #185, .T. ) ;
#851 = VECTOR ( 'NONE', #1778, 1000.000000000000000 ) ;
#852 = ORIENTED_EDGE ( 'NONE', *, *, #5565, .T. ) ;
#853 = DIRECTION ( 'NONE',  ( 0.000000000000000000, 0.000000000000000000, 1.000000000000000000 ) ) ;
#854 = DIRECTION ( 'NONE',  ( -0.000000000000000000, -0.000000000000000000, -1.000000000000000000 ) ) ;
#855 = DIRECTION ( 'NONE',  ( -4.440892098500626162E-16, 6.938893903907225296E-18, -1.000000000000000000 ) ) ;
#856 = VERTEX_POINT ( 'NONE', #9285 ) ;
#857 = DIRECTION ( 'NONE',  ( 0.000000000000000000, 0.000000000000000000, 1.000000000000000000 ) ) ;
#858 = CARTESIAN_POINT ( 'NONE',  ( 469.2791522340548340, 337.2193787511251912, 15.00000000000001421 ) ) ;
#859 = CARTESIAN_POINT ( 'NONE',  ( 800.0000000000000000, 0.000000000000000000, 0.000000000000000000 ) ) ;
#860 = COLOUR_RGB ( '',1.000000000000000000, 1.000000000000000000, 1.000000000000000000 ) ;
#861 = FACE_OUTER_BOUND ( 'NONE', #7713, .T. ) ;
#862 = AXIS2_PLACEMENT_3D ( 'NONE', #6288, #4755, #2606 ) ;
#863 = DIRECTION ( 'NONE',  ( 1.000000000000000000, 0.000000000000000000, 0.000000000000000000 ) ) ;
#864 = VERTEX_POINT ( 'NONE', #3306 ) ;
#865 = CARTESIAN_POINT ( 'NONE',  ( 275.4999999999998863, 272.0000000000000000, 15.00000000000001421 ) ) ;
#866 = UNCERTAINTY_MEASURE_WITH_UNIT (LENGTH_MEASURE( 1.000000000000000082E-05 ), #445, 'distance_accuracy_value', 'NONE');
#867 = LINE ( 'NONE', #8734, #1355 ) ;
#868 = EDGE_CURVE ( 'NONE', #6620, #3532, #3256, .T. ) ;
#869 = CARTESIAN_POINT ( 'NONE',  ( 451.9999999999998863, 191.9999999999999432, 4.000000000000225597 ) ) ;
#870 = VECTOR ( 'NONE', #8163, 1000.000000000000000 ) ;
#871 = EDGE_CURVE ( 'NONE', #7251, #9644, #8101, .T. ) ;
#872 = CARTESIAN_POINT ( 'NONE',  ( 0.000000000000000000, 0.000000000000000000, 15.00000000000012434 ) ) ;
#873 = CYLINDRICAL_SURFACE ( 'NONE', #7160, 2.500000000000002220 ) ;
#874 = DIRECTION ( 'NONE',  ( -0.000000000000000000, 0.000000000000000000, 1.000000000000000000 ) ) ;
#875 = CARTESIAN_POINT ( 'NONE',  ( 0.000000000000000000, 78.00000000000001421, 7.499999999999951150 ) ) ;
#876 = LINE ( 'NONE', #2609, #7740 ) ;
#877 = DIRECTION ( 'NONE',  ( 0.000000000000000000, 0.000000000000000000, 1.000000000000000000 ) ) ;
#878 = DIRECTION ( 'NONE',  ( 0.000000000000000000, 0.000000000000000000, 1.000000000000000000 ) ) ;
#879 = CIRCLE ( 'NONE', #4139, 2.500000000000002220 ) ;
#880 = ADVANCED_BREP_SHAPE_REPRESENTATION ( '', ( #7625, #2670 ), #3096 ) ;
#881 = UNCERTAINTY_MEASURE_WITH_UNIT (LENGTH_MEASURE( 1.000000000000000082E-05 ), #5634, 'distance_accuracy_value', 'NONE');
#882 = CYLINDRICAL_SURFACE ( 'NONE', #2713, 2.499999999999995115 ) ;
#883 = VECTOR ( 'NONE', #4240, 1000.000000000000000 ) ;
#884 = DIRECTION ( 'NONE',  ( 1.000000000000000000, 0.000000000000000000, 0.000000000000000000 ) ) ;
#885 = PLANE ( 'NONE',  #8980 ) ;
#886 = CARTESIAN_POINT ( 'NONE',  ( 457.4730504942252196, 298.2101217995846127, -8.805946953358880336 ) ) ;
#887 = CARTESIAN_POINT ( 'NONE',  ( 457.5866782359841523, 305.5887678656023354, 5.713970754898627824 ) ) ;
#888 = EDGE_LOOP ( 'NONE', ( #6455, #6899 ) ) ;
#889 = CIRCLE ( 'NONE', #3173, 2.500000000000002220 ) ;
#890 = AXIS2_PLACEMENT_3D ( 'NONE', #4992, #9341, #6423 ) ;
#891 = ORIENTED_EDGE ( 'NONE', *, *, #5604, .F. ) ;
#892 = DIRECTION ( 'NONE',  ( 1.000000000000000000, 0.000000000000000000, 0.000000000000000000 ) ) ;
#893 =( GEOMETRIC_REPRESENTATION_CONTEXT ( 3 ) GLOBAL_UNCERTAINTY_ASSIGNED_CONTEXT ( ( #551 ) ) GLOBAL_UNIT_ASSIGNED_CONTEXT ( ( #6123, #1158, #4901 ) ) REPRESENTATION_CONTEXT ( 'NONE', 'WORKASPACE' ) );
#894 = ORIENTED_EDGE ( 'NONE', *, *, #5313, .F. ) ;
#895 = LINE ( 'NONE', #2814, #3130 ) ;
#896 = CARTESIAN_POINT ( 'NONE',  ( 666.0000000000010232, 42.00000000000014921, 15.00000000000001421 ) ) ;
#897 = FACE_OUTER_BOUND ( 'NONE', #3161, .T. ) ;
#898 = CARTESIAN_POINT ( 'NONE',  ( 40.00000000000003553, 78.00000000000001421, 4.499999999999947597 ) ) ;
#899 = ADVANCED_FACE ( 'NONE', ( #5790 ), #5509, .F. ) ;
#900 = EDGE_LOOP ( 'NONE', ( #7867, #5258, #9270, #3123 ) ) ;
#901 = DIRECTION ( 'NONE',  ( 1.000000000000000000, 0.000000000000000000, 0.000000000000000000 ) ) ;
#902 = VERTEX_POINT ( 'NONE', #3375 ) ;
#903 = FACE_BOUND ( 'NONE', #4159, .T. ) ;
#904 = DIRECTION ( 'NONE',  ( -1.000000000000000000, 0.000000000000000000, 0.000000000000000000 ) ) ;
#905 = DIRECTION ( 'NONE',  ( -1.000000000000000000, 0.000000000000000000, 0.000000000000000000 ) ) ;
#906 = ORIENTED_EDGE ( 'NONE', *, *, #3761, .T. ) ;
#907 = CIRCLE ( 'NONE', #925, 7.500000000000007105 ) ;
#908 = VECTOR ( 'NONE', #2308, 1000.000000000000000 ) ;
#909 = EDGE_CURVE ( 'NONE', #5959, #5595, #5693, .T. ) ;
#910 = ITEM_DEFINED_TRANSFORMATION ( 'NONE', 'NONE', #2554,  #2670 ) ;
#911 = DIRECTION ( 'NONE',  ( -0.000000000000000000, 1.000000000000000000, -0.000000000000000000 ) ) ;
#912 = VERTEX_POINT ( 'NONE', #1051 ) ;
#913 = FACE_OUTER_BOUND ( 'NONE', #6163, .T. ) ;
#914 = CARTESIAN_POINT ( 'NONE',  ( -5.551115123125782702E-14, 140.0000000000000000, 3.999999999999781508 ) ) ;
#915 = ORIENTED_EDGE ( 'NONE', *, *, #7792, .F. ) ;
#916 = VERTEX_POINT ( 'NONE', #368 ) ;
#917 = EDGE_LOOP ( 'NONE', ( #7017, #6036, #3810, #7489 ) ) ;
#918 = CARTESIAN_POINT ( 'NONE',  ( 674.0000000000010232, 42.00000000000014921, 9.000000000000007105 ) ) ;
#919 = FACE_OUTER_BOUND ( 'NONE', #8945, .T. ) ;
#920 = DIRECTION ( 'NONE',  ( 9.860761315262643189E-32, 1.000000000000000000, 6.938893903907225296E-18 ) ) ;
#921 = EDGE_CURVE ( 'NONE', #8943, #8835, #1853, .T. ) ;
#922 = APPLICATION_CONTEXT ( 'automotive_design' ) ;
#923 = VERTEX_POINT ( 'NONE', #1883 ) ;
#924 = CYLINDRICAL_SURFACE ( 'NONE', #7620, 3.000000000000002665 ) ;
#925 = AXIS2_PLACEMENT_3D ( 'NONE', #3114, #216, #3281 ) ;
#926 = CARTESIAN_POINT ( 'NONE',  ( 450.9999999999999432, 78.00000000000001421, 15.00000000000001421 ) ) ;
#927 = EDGE_LOOP ( 'NONE', ( #8711, #6966, #9601, #4535 ) ) ;
#928 = DIRECTION ( 'NONE',  ( -1.000000000000000000, 0.000000000000000000, 0.000000000000000000 ) ) ;
#929 = PRODUCT_DEFINITION_SHAPE ( 'NONE', 'NONE',  #9688 ) ;
#930 = CARTESIAN_POINT ( 'NONE',  ( 147.4999999999999716, 47.99999999999998579, 3.000000000000002665 ) ) ;
#931 = CARTESIAN_POINT ( 'NONE',  ( 451.9999999999999432, 284.0000000000001137, 0.000000000000000000 ) ) ;
#932 = AXIS2_PLACEMENT_3D ( 'NONE', #9084, #4609, #132 ) ;
#933 = ORIENTED_EDGE ( 'NONE', *, *, #8731, .F. ) ;
#934 = DIRECTION ( 'NONE',  ( -1.000000000000000000, 0.000000000000000000, 0.000000000000000000 ) ) ;
#935 = EDGE_LOOP ( 'NONE', ( #2709, #7362 ) ) ;
#936 = DIRECTION ( 'NONE',  ( 1.000000000000000000, 0.000000000000000000, 0.000000000000000000 ) ) ;
#937 = CARTESIAN_POINT ( 'NONE',  ( 670.0000000000010232, 42.00000000000014921, 0.000000000000000000 ) ) ;
#938 = DIRECTION ( 'NONE',  ( 1.000000000000000000, 9.860761315262647568E-32, 4.440892098500629120E-16 ) ) ;
#939 = DIRECTION ( 'NONE',  ( 1.000000000000000000, 9.860761315262647568E-32, 4.440892098500629120E-16 ) ) ;
#940 = COLOUR_RGB ( '',1.000000000000000000, 1.000000000000000000, 1.000000000000000000 ) ;
#941 = ORIENTED_EDGE ( 'NONE', *, *, #8617, .F. ) ;
#942 = CARTESIAN_POINT ( 'NONE',  ( 0.000000000000000000, 380.0000000000000000, 15.00000000000001421 ) ) ;
#943 = AXIS2_PLACEMENT_3D ( 'NONE', #9207, #2446, #5395 ) ;
#944 = PLANE ( 'NONE',  #6070 ) ;
#945 = EDGE_LOOP ( 'NONE', ( #1984, #730 ) ) ;
#946 = CARTESIAN_POINT ( 'NONE',  ( 674.0000000000010232, 298.0000000000004547, 9.000000000000007105 ) ) ;
#947 = EDGE_CURVE ( 'NONE', #2190, #3820, #770, .T. ) ;
#948 = ORIENTED_EDGE ( 'NONE', *, *, #7758, .T. ) ;
#949 = ADVANCED_FACE ( 'NONE', ( #3821 ), #1017, .F. ) ;
#950 = DIRECTION ( 'NONE',  ( 0.000000000000000000, 0.000000000000000000, 1.000000000000000000 ) ) ;
#951 = EDGE_CURVE ( 'NONE', #5827, #969, #8457, .T. ) ;
#952 = EDGE_LOOP ( 'NONE', ( #7827, #2950, #7809, #5054 ) ) ;
#953 = AXIS2_PLACEMENT_3D ( 'NONE', #6728, #3073, #6074 ) ;
#954 = EDGE_LOOP ( 'NONE', ( #2961, #2005 ) ) ;
#955 = AXIS2_PLACEMENT_3D ( 'NONE', #479, #5033, #5729 ) ;
#956 = EDGE_LOOP ( 'NONE', ( #4678, #2969, #7765, #9307 ) ) ;
#957 = ORIENTED_EDGE ( 'NONE', *, *, #6494, .F. ) ;
#958 = CARTESIAN_POINT ( 'NONE',  ( 340.9999999999999432, 323.0000000000000000, 15.00000000000001421 ) ) ;
#959 = DIRECTION ( 'NONE',  ( 0.000000000000000000, 0.000000000000000000, 1.000000000000000000 ) ) ;
#960 = EDGE_LOOP ( 'NONE', ( #9318, #1846, #8111, #7547 ) ) ;
#961 = ORIENTED_EDGE ( 'NONE', *, *, #6804, .F. ) ;
#962 = CARTESIAN_POINT ( 'NONE',  ( 0.000000000000000000, 0.000000000000000000, 0.000000000000000000 ) ) ;
#963 = CARTESIAN_POINT ( 'NONE',  ( 40.00000000000003553, 302.0000000000000000, -7.499999999999840128 ) ) ;
#964 = ORIENTED_EDGE ( 'NONE', *, *, #2666, .F. ) ;
#965 = CARTESIAN_POINT ( 'NONE',  ( 40.00000000000003553, 302.0000000000000000, 7.499999999999951150 ) ) ;
#966 = EDGE_CURVE ( 'NONE', #6619, #7188, #3022, .T. ) ;
#967 = DIRECTION ( 'NONE',  ( 1.000000000000000000, 0.000000000000000000, -0.000000000000000000 ) ) ;
#968 = AXIS2_PLACEMENT_3D ( 'NONE', #8054, #3634, #5129 ) ;
#969 = VERTEX_POINT ( 'NONE', #3694 ) ;
#970 = DIRECTION ( 'NONE',  ( 0.000000000000000000, 0.000000000000000000, 1.000000000000000000 ) ) ;
#971 = LINE ( 'NONE', #9243, #724 ) ;
#972 = ORIENTED_EDGE ( 'NONE', *, *, #2968, .F. ) ;
#973 = EDGE_CURVE ( 'NONE', #1065, #471, #5458, .T. ) ;
#974 = ADVANCED_FACE ( 'NONE', ( #7879 ), #6026, .F. ) ;
#975 = VERTEX_POINT ( 'NONE', #2137 ) ;
#976 = CARTESIAN_POINT ( 'NONE',  ( 485.0000000000000000, 302.0000000000000000, -7.499999999999840128 ) ) ;
#977 = DIRECTION ( 'NONE',  ( 0.000000000000000000, 0.000000000000000000, 1.000000000000000000 ) ) ;
#978 = VECTOR ( 'NONE', #2077, 1000.000000000000000 ) ;
#979 = VERTEX_POINT ( 'NONE', #3113 ) ;
#980 = APPLICATION_PROTOCOL_DEFINITION ( 'draft international standard', 'automotive_design', 1998, #4770 ) ;
#981 = FACE_BOUND ( 'NONE', #3443, .T. ) ;
#982 = CYLINDRICAL_SURFACE ( 'NONE', #3620, 2.500000000000002220 ) ;
#983 = EDGE_LOOP ( 'NONE', ( #2454, #1071, #8086, #7698 ) ) ;
#984 = CARTESIAN_POINT ( 'NONE',  ( 629.5000000000007958, 266.0000000000004547, 0.000000000000000000 ) ) ;
#985 = AXIS2_PLACEMENT_3D ( 'NONE', #1335, #550, #4075 ) ;
#986 = CARTESIAN_POINT ( 'NONE',  ( 147.4999999999999716, 47.99999999999998579, -15.00000000000012434 ) ) ;
#987 = CARTESIAN_POINT ( 'NONE',  ( 451.9999999999999432, 43.99999999999959499, 4.000000000000225597 ) ) ;
#988 = EDGE_CURVE ( 'NONE', #969, #1341, #9432, .T. ) ;
#989 = DIRECTION ( 'NONE',  ( 4.440892098500626162E-16, -6.938893903907225296E-18, 1.000000000000000000 ) ) ;
#990 = CIRCLE ( 'NONE', #8185, 4.000000000000003553 ) ;
#991 = CIRCLE ( 'NONE', #1308, 3.000000000000007994 ) ;
#992 = AXIS2_PLACEMENT_3D ( 'NONE', #9043, #5344, #6079 ) ;
#993 = FACE_OUTER_BOUND ( 'NONE', #409, .T. ) ;
#994 = CARTESIAN_POINT ( 'NONE',  ( 442.2089883689056933, 348.1640233375465527, -3.000000000000113687 ) ) ;
#995 = DIRECTION ( 'NONE',  ( 0.000000000000000000, 0.000000000000000000, -1.000000000000000000 ) ) ;
#996 = ADVANCED_FACE ( 'NONE', ( #8700 ), #4278, .F. ) ;
#997 = DIRECTION ( 'NONE',  ( 1.000000000000000000, 0.000000000000000000, 0.000000000000000000 ) ) ;
#998 = CIRCLE ( 'NONE', #5510, 7.500000000000007105 ) ;
#999 = CARTESIAN_POINT ( 'NONE',  ( 84.00000000000051159, 42.00000000000003553, 0.000000000000000000 ) ) ;
#1000 = FACE_BOUND ( 'NONE', #5465, .T. ) ;
#1001 = CIRCLE ( 'NONE', #7829, 2.499999999999995115 ) ;
#1002 = DIRECTION ( 'NONE',  ( -0.000000000000000000, -0.000000000000000000, -1.000000000000000000 ) ) ;
#1003 = EDGE_CURVE ( 'NONE', #7021, #8010, #6147, .T. ) ;
#1004 = LINE ( 'NONE', #7140, #9417 ) ;
#1005 = FACE_OUTER_BOUND ( 'NONE', #7203, .T. ) ;
#1006 = EDGE_CURVE ( 'NONE', #605, #6882, #7418, .T. ) ;
#1007 = ORIENTED_EDGE ( 'NONE', *, *, #5062, .F. ) ;
#1008 = DIRECTION ( 'NONE',  ( 4.440892098500626162E-16, -6.938893903907225296E-18, 1.000000000000000000 ) ) ;
#1009 = MANIFOLD_SOLID_BREP ( 'Cortar-Extruir2', #5329 ) ;
#1010 = SURFACE_STYLE_FILL_AREA ( #9649 ) ;
#1011 = AXIS2_PLACEMENT_3D ( 'NONE', #5740, #5676, #1213 ) ;
#1012 = LINE ( 'NONE', #9256, #5909 ) ;
#1013 = ORIENTED_EDGE ( 'NONE', *, *, #7197, .F. ) ;
#1014 = ORIENTED_EDGE ( 'NONE', *, *, #6997, .T. ) ;
#1015 = DIRECTION ( 'NONE',  ( -1.000000000000000000, 0.000000000000000000, 0.000000000000000000 ) ) ;
#1016 = ORIENTED_EDGE ( 'NONE', *, *, #5029, .F. ) ;
#1017 = CYLINDRICAL_SURFACE ( 'NONE', #8015, 2.500000000000002220 ) ;
#1018 = CARTESIAN_POINT ( 'NONE',  ( 458.4299434818552186, 79.05546962363428065, -11.36730770653009692 ) ) ;
#1019 = VECTOR ( 'NONE', #6918, 1000.000000000000000 ) ;
#1020 = DIRECTION ( 'NONE',  ( 1.000000000000000000, 0.000000000000000000, 0.000000000000000000 ) ) ;
#1021 = CARTESIAN_POINT ( 'NONE',  ( 800.0000000000000000, 380.0000000000000000, 0.000000000000000000 ) ) ;
#1022 = EDGE_CURVE ( 'NONE', #4892, #1441, #1263, .T. ) ;
#1023 = AXIS2_PLACEMENT_3D ( 'NONE', #5561, #9352, #5627 ) ;
#1024 = ORIENTED_EDGE ( 'NONE', *, *, #2637, .F. ) ;
#1025 = VECTOR ( 'NONE', #6065, 1000.000000000000000 ) ;
#1026 = ORIENTED_EDGE ( 'NONE', *, *, #3828, .F. ) ;
#1027 = ORIENTED_EDGE ( 'NONE', *, *, #8091, .F. ) ;
#1028 = ORIENTED_EDGE ( 'NONE', *, *, #9389, .F. ) ;
#1029 = DIRECTION ( 'NONE',  ( 0.000000000000000000, -0.000000000000000000, 1.000000000000000000 ) ) ;
#1030 = CARTESIAN_POINT ( 'NONE',  ( 0.000000000000000000, 0.000000000000000000, 21.50000000000000000 ) ) ;
#1031 = ORIENTED_EDGE ( 'NONE', *, *, #5387, .F. ) ;
#1032 = VECTOR ( 'NONE', #3864, 1000.000000000000000 ) ;
#1033 = ADVANCED_FACE ( 'NONE', ( #9652 ), #2796, .F. ) ;
#1034 = DIRECTION ( 'NONE',  ( 0.000000000000000000, 0.000000000000000000, -1.000000000000000000 ) ) ;
#1035 = FACE_OUTER_BOUND ( 'NONE', #3135, .T. ) ;
#1036 = CARTESIAN_POINT ( 'NONE',  ( 767.4999999999998863, 0.000000000000000000, 0.000000000000000000 ) ) ;
#1037 = CARTESIAN_POINT ( 'NONE',  ( 670.0000000000010232, 298.0000000000005684, 15.00000000000001421 ) ) ;
#1038 = SHAPE_DEFINITION_REPRESENTATION ( #1531, #1802 ) ;
#1039 = CARTESIAN_POINT ( 'NONE',  ( 451.9999999999998863, 139.9999999999999147, 1.110223024625156540E-13 ) ) ;
#1040 = EDGE_LOOP ( 'NONE', ( #4115, #8225, #3710, #3599 ) ) ;
#1041 = VECTOR ( 'NONE', #7404, 1000.000000000000000 ) ;
#1042 = EDGE_CURVE ( 'NONE', #7057, #1411, #8936, .T. ) ;
#1043 = VERTEX_POINT ( 'NONE', #8605 ) ;
#1044 = VERTEX_POINT ( 'NONE', #2050 ) ;
#1045 = DIRECTION ( 'NONE',  ( 0.000000000000000000, 0.000000000000000000, -1.000000000000000000 ) ) ;
#1046 = ORIENTED_EDGE ( 'NONE', *, *, #4593, .F. ) ;
#1047 = AXIS2_PLACEMENT_3D ( 'NONE', #6410, #1965, #5632 ) ;
#1048 = CARTESIAN_POINT ( 'NONE',  ( 280.4999999999999432, 272.0000000000000000, -15.00000000000012434 ) ) ;
#1049 = CYLINDRICAL_SURFACE ( 'NONE', #7230, 2.500000000000002220 ) ;
#1050 = CARTESIAN_POINT ( 'NONE',  ( 674.0000000000010232, 36.00000000000014211, 15.00000000000001421 ) ) ;
#1051 = CARTESIAN_POINT ( 'NONE',  ( 152.4999999999999716, 272.0000000000000000, -3.000000000000113687 ) ) ;
#1052 = EDGE_LOOP ( 'NONE', ( #5476, #5521, #3848, #5576 ) ) ;
#1053 = ADVANCED_FACE ( 'NONE', ( #2202 ), #386, .F. ) ;
#1054 = DIRECTION ( 'NONE',  ( -4.440892098500626162E-16, 6.938893903907225296E-18, -1.000000000000000000 ) ) ;
#1055 = EDGE_CURVE ( 'NONE', #3951, #7550, #4632, .T. ) ;
#1056 = CARTESIAN_POINT ( 'NONE',  ( 8.000000000000007105, 302.0000000000000568, 2.000000000000001776 ) ) ;
#1057 = CARTESIAN_POINT ( 'NONE',  ( 33.20359410748688589, 0.000000000000000000, 0.000000000000000000 ) ) ;
#1058 = CARTESIAN_POINT ( 'NONE',  ( 457.3440433568522963, 82.00038924392818274, -7.240669793945372135 ) ) ;
#1059 = EDGE_LOOP ( 'NONE', ( #5688, #8950, #110, #5128 ) ) ;
#1060 = ORIENTED_EDGE ( 'NONE', *, *, #1106, .F. ) ;
#1061 = AXIS2_PLACEMENT_3D ( 'NONE', #306, #6897, #3978 ) ;
#1062 = CARTESIAN_POINT ( 'NONE',  ( 82.49999999999995737, 323.0000000000000000, -15.00000000000012434 ) ) ;
#1063 = DIRECTION ( 'NONE',  ( 0.000000000000000000, 0.000000000000000000, -1.000000000000000000 ) ) ;
#1064 = CARTESIAN_POINT ( 'NONE',  ( -6.245004513516505540E-14, 332.0000000000000568, 4.000000000000003553 ) ) ;
#1065 = VERTEX_POINT ( 'NONE', #7115 ) ;
#1066 = SURFACE_STYLE_USAGE ( .BOTH. , #3976 ) ;
#1067 = EDGE_CURVE ( 'NONE', #9437, #3845, #6487, .T. ) ;
#1068 = CARTESIAN_POINT ( 'NONE',  ( 0.000000000000000000, 0.000000000000000000, 15.00000000000001421 ) ) ;
#1069 = ORIENTED_EDGE ( 'NONE', *, *, #7377, .T. ) ;
#1070 = CARTESIAN_POINT ( 'NONE',  ( 128.3472685080715507, 190.0000000000000000, 0.000000000000000000 ) ) ;
#1071 = ORIENTED_EDGE ( 'NONE', *, *, #1522, .T. ) ;
#1072 = DIRECTION ( 'NONE',  ( 1.063509062417436605E-18, -1.000000000000000000, 0.000000000000000000 ) ) ;
#1073 = DIRECTION ( 'NONE',  ( 0.000000000000000000, 0.000000000000000000, -1.000000000000000000 ) ) ;
#1074 = ADVANCED_FACE ( 'NONE', ( #6961 ), #9381, .F. ) ;
#1075 = ORIENTED_EDGE ( 'NONE', *, *, #1432, .F. ) ;
#1076 = CARTESIAN_POINT ( 'NONE',  ( 672.0000000000001137, 190.0000000000000000, 12.00000000000001066 ) ) ;
#1077 = ORIENTED_EDGE ( 'NONE', *, *, #6118, .F. ) ;
#1078 = AXIS2_PLACEMENT_3D ( 'NONE', #795, #5271, #6008 ) ;
#1079 =( NAMED_UNIT ( * ) SI_UNIT ( $, .STERADIAN. ) SOLID_ANGLE_UNIT ( ) );
#1080 =( GEOMETRIC_REPRESENTATION_CONTEXT ( 3 ) GLOBAL_UNCERTAINTY_ASSIGNED_CONTEXT ( ( #5374 ) ) GLOBAL_UNIT_ASSIGNED_CONTEXT ( ( #3419, #1850, #8519 ) ) REPRESENTATION_CONTEXT ( 'NONE', 'WORKASPACE' ) );
#1081 = CARTESIAN_POINT ( 'NONE',  ( 458.0907939283355290, 80.45378665116270156, -4.330483797775153576 ) ) ;
#1082 = DIRECTION ( 'NONE',  ( 0.000000000000000000, 0.000000000000000000, 1.000000000000000000 ) ) ;
#1083 = DIRECTION ( 'NONE',  ( 0.000000000000000000, 0.000000000000000000, 1.000000000000000000 ) ) ;
#1084 = FACE_OUTER_BOUND ( 'NONE', #8847, .T. ) ;
#1085 = ORIENTED_EDGE ( 'NONE', *, *, #9458, .T. ) ;
#1086 = ORIENTED_EDGE ( 'NONE', *, *, #6082, .F. ) ;
#1087 = CARTESIAN_POINT ( 'NONE',  ( 128.0000000000000000, 190.0000000000000000, 15.00000000000001421 ) ) ;
#1088 = CARTESIAN_POINT ( 'NONE',  ( 769.0000000000000000, 0.000000000000000000, 15.00000000000001421 ) ) ;
#1089 = DIRECTION ( 'NONE',  ( -1.000000000000000000, 0.000000000000000000, 0.000000000000000000 ) ) ;
#1090 = ADVANCED_FACE ( 'NONE', ( #4980 ), #2692, .F. ) ;
#1091 = EDGE_CURVE ( 'NONE', #3814, #9305, #4514, .T. ) ;
#1092 = ORIENTED_EDGE ( 'NONE', *, *, #7478, .F. ) ;
#1093 = FACE_OUTER_BOUND ( 'NONE', #6509, .T. ) ;
#1094 = FACE_BOUND ( 'NONE', #737, .T. ) ;
#1095 = ORIENTED_EDGE ( 'NONE', *, *, #7126, .T. ) ;
#1096 = DIRECTION ( 'NONE',  ( -1.000000000000000000, 0.000000000000000000, 0.000000000000000000 ) ) ;
#1097 = CARTESIAN_POINT ( 'NONE',  ( 275.4999999999998863, 272.0000000000000000, -15.00000000000012434 ) ) ;
#1098 = ORIENTED_EDGE ( 'NONE', *, *, #6675, .F. ) ;
#1099 = DIRECTION ( 'NONE',  ( -0.000000000000000000, 0.000000000000000000, 1.000000000000000000 ) ) ;
#1100 = CYLINDRICAL_SURFACE ( 'NONE', #837, 2.499999999999995115 ) ;
#1101 = EDGE_CURVE ( 'NONE', #240, #1266, #4052, .T. ) ;
#1102 = CARTESIAN_POINT ( 'NONE',  ( 675.0000000000000000, 190.0000000000000000, 15.00000000000001421 ) ) ;
#1103 = FACE_OUTER_BOUND ( 'NONE', #664, .T. ) ;
#1104 = ORIENTED_EDGE ( 'NONE', *, *, #5698, .F. ) ;
#1105 = CARTESIAN_POINT ( 'NONE',  ( 485.0000000000000000, 380.0000000000000000, 0.000000000000000000 ) ) ;
#1106 = EDGE_CURVE ( 'NONE', #5580, #5119, #302, .T. ) ;
#1107 = ORIENTED_EDGE ( 'NONE', *, *, #1006, .F. ) ;
#1108 = DIRECTION ( 'NONE',  ( 1.000000000000000000, 1.063509062417436605E-18, 0.000000000000000000 ) ) ;
#1109 = CARTESIAN_POINT ( 'NONE',  ( 632.0000000000007958, 266.0000000000004547, 15.00000000000001421 ) ) ;
#1110 = LINE ( 'NONE', #2624, #2293 ) ;
#1111 =( REPRESENTATION_RELATIONSHIP ('NONE','NONE', #5015, #8198 ) REPRESENTATION_RELATIONSHIP_WITH_TRANSFORMATION ( #1983 )SHAPE_REPRESENTATION_RELATIONSHIP( ) );
#1112 = CYLINDRICAL_SURFACE ( 'NONE', #6839, 2.499999999999946709 ) ;
#1113 = FACE_OUTER_BOUND ( 'NONE', #3909, .T. ) ;
#1114 = FILL_AREA_STYLE_COLOUR ( '', #8614 ) ;
#1115 = MECHANICAL_DESIGN_GEOMETRIC_PRESENTATION_REPRESENTATION (  '', ( #1741 ), #1628 ) ;
#1116 = DIRECTION ( 'NONE',  ( -1.000000000000000000, 0.000000000000000000, 0.000000000000000000 ) ) ;
#1117 = DIRECTION ( 'NONE',  ( -4.440892098500626162E-16, 6.938893903907225296E-18, -1.000000000000000000 ) ) ;
#1118 = CARTESIAN_POINT ( 'NONE',  ( 458.2875444242313279, 300.2105979152318014, -11.08690865206838261 ) ) ;
#1119 = CARTESIAN_POINT ( 'NONE',  ( 46.00000000000004263, 48.00000000000009948, 9.000000000000007105 ) ) ;
#1120 = LINE ( 'NONE', #4082, #8559 ) ;
#1121 = LINE ( 'NONE', #7, #7512 ) ;
#1122 = LINE ( 'NONE', #6180, #8562 ) ;
#1123 = CARTESIAN_POINT ( 'NONE',  ( 0.000000000000000000, 380.0000000000000000, -15.00000000000012434 ) ) ;
#1124 = VECTOR ( 'NONE', #8188, 1000.000000000000000 ) ;
#1125 = ADVANCED_FACE ( 'NONE', ( #2084 ), #4120, .F. ) ;
#1126 = DIRECTION ( 'NONE',  ( 0.000000000000000000, 0.000000000000000000, -1.000000000000000000 ) ) ;
#1127 = DIRECTION ( 'NONE',  ( 0.000000000000000000, 0.000000000000000000, 1.000000000000000000 ) ) ;
#1128 = CARTESIAN_POINT ( 'NONE',  ( 742.4999999999998863, 13.99999999999999822, 10.50000000000006395 ) ) ;
#1129 = ORIENTED_EDGE ( 'NONE', *, *, #2358, .T. ) ;
#1130 = EDGE_LOOP ( 'NONE', ( #8454, #415 ) ) ;
#1131 = VECTOR ( 'NONE', #6358, 1000.000000000000000 ) ;
#1132 = AXIS2_PLACEMENT_3D ( 'NONE', #7715, #7784, #9215 ) ;
#1133 = CARTESIAN_POINT ( 'NONE',  ( 40.00000000000003553, 302.0000000000000000, -7.499999999999840128 ) ) ;
#1134 = ORIENTED_EDGE ( 'NONE', *, *, #6739, .F. ) ;
#1135 = CARTESIAN_POINT ( 'NONE',  ( 450.9999999999999432, 78.00000000000001421, -1.500000000000056843 ) ) ;
#1136 = VERTEX_POINT ( 'NONE', #5625 ) ;
#1137 = FACE_BOUND ( 'NONE', #2494, .T. ) ;
#1138 = CIRCLE ( 'NONE', #4811, 2.500000000000002220 ) ;
#1139 = EDGE_CURVE ( 'NONE', #5153, #8649, #6264, .T. ) ;
#1140 = EDGE_CURVE ( 'NONE', #532, #71, #654, .T. ) ;
#1141 = CARTESIAN_POINT ( 'NONE',  ( 485.0000000000000000, 380.0000000000000000, 0.000000000000000000 ) ) ;
#1142 = ORIENTED_EDGE ( 'NONE', *, *, #8984, .T. ) ;
#1143 = EDGE_CURVE ( 'NONE', #714, #4891, #3243, .T. ) ;
#1144 = EDGE_LOOP ( 'NONE', ( #3540, #7493 ) ) ;
#1145 = FACE_OUTER_BOUND ( 'NONE', #6271, .T. ) ;
#1146 = DIRECTION ( 'NONE',  ( -0.000000000000000000, 0.000000000000000000, 1.000000000000000000 ) ) ;
#1147 = AXIS2_PLACEMENT_3D ( 'NONE', #4097, #360, #9317 ) ;
#1148 = AXIS2_PLACEMENT_3D ( 'NONE', #9664, #7429, #2119 ) ;
#1149 = ORIENTED_EDGE ( 'NONE', *, *, #390, .F. ) ;
#1150 = LINE ( 'NONE', #2400, #5804 ) ;
#1151 = LINE ( 'NONE', #5263, #6386 ) ;
#1152 = DIRECTION ( 'NONE',  ( 0.000000000000000000, 0.000000000000000000, 1.000000000000000000 ) ) ;
#1153 = ADVANCED_FACE ( 'NONE', ( #9299 ), #5332, .F. ) ;
#1154 = CARTESIAN_POINT ( 'NONE',  ( 338.4999999999999432, 323.0000000000000000, 15.00000000000001421 ) ) ;
#1155 = ITEM_DEFINED_TRANSFORMATION ( 'NONE', 'NONE', #5404,  #2670 ) ;
#1156 = VERTEX_POINT ( 'NONE', #681 ) ;
#1157 = CIRCLE ( 'NONE', #6205, 3.000000000000002665 ) ;
#1158 =( NAMED_UNIT ( * ) PLANE_ANGLE_UNIT ( ) SI_UNIT ( $, .RADIAN. ) );
#1159 = ORIENTED_EDGE ( 'NONE', *, *, #8141, .F. ) ;
#1160 = ORIENTED_EDGE ( 'NONE', *, *, #7675, .F. ) ;
#1161 = DIRECTION ( 'NONE',  ( -0.000000000000000000, 0.000000000000000000, 1.000000000000000000 ) ) ;
#1162 = ORIENTED_EDGE ( 'NONE', *, *, #7387, .T. ) ;
#1163 = CARTESIAN_POINT ( 'NONE',  ( 458.4302519308005799, 76.94671193361858741, -3.632101255688630292 ) ) ;
#1164 = DIRECTION ( 'NONE',  ( 0.000000000000000000, 0.000000000000000000, 1.000000000000000000 ) ) ;
#1165 = DIRECTION ( 'NONE',  ( -1.000000000000000000, 0.000000000000000000, 0.000000000000000000 ) ) ;
#1166 = LINE ( 'NONE', #8790, #6863 ) ;
#1167 = EDGE_CURVE ( 'NONE', #6155, #9186, #2432, .T. ) ;
#1168 = CARTESIAN_POINT ( 'NONE',  ( 451.9999999999998863, 143.9999999999996874, 4.000000000000225597 ) ) ;
#1169 = AXIS2_PLACEMENT_3D ( 'NONE', #6031, #2270, #4430 ) ;
#1170 = PRODUCT_DEFINITION_FORMATION_WITH_SPECIFIED_SOURCE ( 'ANY', '', #6560, .NOT_KNOWN. ) ;
#1171 = ORIENTED_EDGE ( 'NONE', *, *, #2550, .F. ) ;
#1172 = CIRCLE ( 'NONE', #5826, 4.000000000000023981 ) ;
#1173 = CARTESIAN_POINT ( 'NONE',  ( 40.00000000000003553, 302.0000000000000000, -10.49999999999984368 ) ) ;
#1174 = VERTEX_POINT ( 'NONE', #2118 ) ;
#1175 = DIRECTION ( 'NONE',  ( -1.000000000000000000, 0.000000000000000000, 0.000000000000000000 ) ) ;
#1176 = DIRECTION ( 'NONE',  ( 0.000000000000000000, 1.000000000000000000, 0.000000000000000000 ) ) ;
#1177 = PRESENTATION_STYLE_ASSIGNMENT (( #5590 ) ) ;
#1178 =( NAMED_UNIT ( * ) PLANE_ANGLE_UNIT ( ) SI_UNIT ( $, .RADIAN. ) );
#1179 = ORIENTED_EDGE ( 'NONE', *, *, #7895, .F. ) ;
#1180 = ORIENTED_EDGE ( 'NONE', *, *, #603, .F. ) ;
#1181 = AXIS2_PLACEMENT_3D ( 'NONE', #3531, #8625, #9435 ) ;
#1182 = ADVANCED_FACE ( 'NONE', ( #641 ), #4276, .T. ) ;
#1183 = DIRECTION ( 'NONE',  ( 0.000000000000000000, 0.000000000000000000, 1.000000000000000000 ) ) ;
#1184 = VERTEX_POINT ( 'NONE', #1996 ) ;
#1185 = CARTESIAN_POINT ( 'NONE',  ( 458.4999999999999432, 302.0000000000000000, 1.499999999999945821 ) ) ;
#1186 = EDGE_CURVE ( 'NONE', #6156, #2467, #7870, .T. ) ;
#1187 = AXIS2_PLACEMENT_3D ( 'NONE', #3939, #9114, #9149 ) ;
#1188 = FILL_AREA_STYLE ('',( #5648 ) ) ;
#1189 = ORIENTED_EDGE ( 'NONE', *, *, #3883, .F. ) ;
#1190 = CARTESIAN_POINT ( 'NONE',  ( 792.0000000000000000, 301.9999999999999432, 15.00000000000001421 ) ) ;
#1191 = CARTESIAN_POINT ( 'NONE',  ( 457.3444884193502844, 74.00031665823065907, -7.228218908881118843 ) ) ;
#1192 = CARTESIAN_POINT ( 'NONE',  ( -6.938893903907228378E-15, 96.00000000000008527, 4.000000000000003553 ) ) ;
#1193 = CARTESIAN_POINT ( 'NONE',  ( 666.0000000000010232, 298.0000000000005684, 15.00000000000001421 ) ) ;
#1194 = EDGE_LOOP ( 'NONE', ( #3971, #811 ) ) ;
#1195 = VERTEX_POINT ( 'NONE', #1320 ) ;
#1196 = DIRECTION ( 'NONE',  ( 1.000000000000000000, 0.000000000000000000, 0.000000000000000000 ) ) ;
#1197 = VERTEX_POINT ( 'NONE', #9595 ) ;
#1198 = EDGE_LOOP ( 'NONE', ( #5647, #852, #1568, #1086 ) ) ;
#1199 = CARTESIAN_POINT ( 'NONE',  ( 87.49999999999997158, 323.0000000000000000, -15.00000000000012434 ) ) ;
#1200 = ADVANCED_FACE ( 'NONE', ( #1607, #410, #3589, #8690, #8575, #2899, #7066, #8806, #9641, #4970, #1729, #1137, #8324, #3012, #6836 ), #9496, .T. ) ;
#1201 = DIRECTION ( 'NONE',  ( -0.000000000000000000, 0.000000000000000000, -1.000000000000000000 ) ) ;
#1202 = EDGE_LOOP ( 'NONE', ( #2614, #6829, #4108, #9011 ) ) ;
#1203 = EDGE_CURVE ( 'NONE', #8643, #5236, #4165, .T. ) ;
#1204 = EDGE_LOOP ( 'NONE', ( #9265, #5901, #6127, #8606 ) ) ;
#1205 = CARTESIAN_POINT ( 'NONE',  ( 0.000000000000000000, 0.000000000000000000, -3.000000000000113687 ) ) ;
#1207 = ORIENTED_EDGE ( 'NONE', *, *, #9592, .F. ) ;
#1206 = CARTESIAN_POINT ( 'NONE',  ( 451.9999999999998863, 143.9999999999996874, 4.000000000000225597 ) ) ;
#1208 = EDGE_CURVE ( 'NONE', #2916, #7762, #9056, .T. ) ;
#1209 = DIRECTION ( 'NONE',  ( 0.000000000000000000, 0.000000000000000000, -1.000000000000000000 ) ) ;
#1210 = ORIENTED_EDGE ( 'NONE', *, *, #8256, .F. ) ;
#1211 = ORIENTED_EDGE ( 'NONE', *, *, #4455, .T. ) ;
#1212 = PRODUCT_DEFINITION_CONTEXT ( 'detailed design', #2543, 'design' ) ;
#1213 = DIRECTION ( 'NONE',  ( 1.000000000000000000, 0.000000000000000000, 0.000000000000000000 ) ) ;
#1214 = DIRECTION ( 'NONE',  ( 1.000000000000000000, 0.000000000000000000, 0.000000000000000000 ) ) ;
#1215 = VECTOR ( 'NONE', #5434, 1000.000000000000000 ) ;
#1216 = ORIENTED_EDGE ( 'NONE', *, *, #909, .T. ) ;
#1217 = EDGE_CURVE ( 'NONE', #4530, #2830, #895, .T. ) ;
#1218 =( NAMED_UNIT ( * ) SI_UNIT ( $, .STERADIAN. ) SOLID_ANGLE_UNIT ( ) );
#1219 = AXIS2_PLACEMENT_3D ( 'NONE', #3514, #6027, #8815 ) ;
#1220 = CARTESIAN_POINT ( 'NONE',  ( 457.6540158402143561, 74.53590545670753897, -9.516660286410496994 ) ) ;
#1221 = DIRECTION ( 'NONE',  ( -4.440892098500626162E-16, 6.938893903907225296E-18, -1.000000000000000000 ) ) ;
#1222 = EDGE_LOOP ( 'NONE', ( #6077, #6375, #3158, #5003 ) ) ;
#1223 = DIRECTION ( 'NONE',  ( -0.000000000000000000, -0.000000000000000000, -1.000000000000000000 ) ) ;
#1224 = VECTOR ( 'NONE', #2771, 1000.000000000000000 ) ;
#1225 = VERTEX_POINT ( 'NONE', #5131 ) ;
#1226 = CIRCLE ( 'NONE', #5268, 13.00000000000001066 ) ;
#1227 = CIRCLE ( 'NONE', #4597, 4.000000000000003553 ) ;
#1228 = ORIENTED_EDGE ( 'NONE', *, *, #3431, .T. ) ;
#1229 = CARTESIAN_POINT ( 'NONE',  ( 0.000000000000000000, 0.000000000000000000, 12.00000000000001066 ) ) ;
#1230 = ADVANCED_FACE ( 'NONE', ( #6948 ), #2866, .F. ) ;
#1231 = CARTESIAN_POINT ( 'NONE',  ( 469.2791522340548340, 337.2193787511251912, 15.00000000000001421 ) ) ;
#1232 = EDGE_CURVE ( 'NONE', #3293, #4916, #7299, .T. ) ;
#1233 = CARTESIAN_POINT ( 'NONE',  ( 147.4999999999999716, 272.0000000000000000, -3.000000000000113687 ) ) ;
#1234 = CARTESIAN_POINT ( 'NONE',  ( 0.000000000000000000, 0.000000000000000000, 0.000000000000000000 ) ) ;
#1235 = APPLICATION_CONTEXT ( 'automotive_design' ) ;
#1236 = CIRCLE ( 'NONE', #1547, 2.500000000000002220 ) ;
#1237 = CYLINDRICAL_SURFACE ( 'NONE', #6658, 3.000000000000004441 ) ;
#1238 = VECTOR ( 'NONE', #1982, 1000.000000000000000 ) ;
#1239 = PLANE ( 'NONE',  #2721 ) ;
#1240 = CIRCLE ( 'NONE', #8491, 13.00000000000001066 ) ;
#1241 = EDGE_CURVE ( 'NONE', #6713, #2223, #8610, .T. ) ;
#1242 = CARTESIAN_POINT ( 'NONE',  ( 669.0000000000002274, 190.0000000000000000, 15.00000000000001421 ) ) ;
#1243 = LINE ( 'NONE', #1039, #2064 ) ;
#1244 = FACE_OUTER_BOUND ( 'NONE', #3075, .T. ) ;
#1245 = STYLED_ITEM ( 'NONE', ( #1498 ), #1009 ) ;
#1246 = DIRECTION ( 'NONE',  ( -1.000000000000000000, 0.000000000000000000, 0.000000000000000000 ) ) ;
#1247 = ADVANCED_FACE ( 'NONE', ( #3367 ), #5968, .F. ) ;
#1248 = CARTESIAN_POINT ( 'NONE',  ( 50.00000000000004263, 298.0000000000004547, 0.000000000000000000 ) ) ;
#1249 = FACE_BOUND ( 'NONE', #1656, .T. ) ;
#1250 = VECTOR ( 'NONE', #524, 1000.000000000000000 ) ;
#1251 = ORIENTED_EDGE ( 'NONE', *, *, #9272, .F. ) ;
#1252 =( NAMED_UNIT ( * ) PLANE_ANGLE_UNIT ( ) SI_UNIT ( $, .RADIAN. ) );
#1253 = FACE_OUTER_BOUND ( 'NONE', #4654, .T. ) ;
#1254 = CARTESIAN_POINT ( 'NONE',  ( 457.8720355837428428, 74.98946995438376462, -10.14617222310612554 ) ) ;
#1255 = CIRCLE ( 'NONE', #1681, 7.500000000000007105 ) ;
#1256 = CARTESIAN_POINT ( 'NONE',  ( -5.551115123125782702E-14, 240.0000000000000000, 3.999999999999670486 ) ) ;
#1257 = CARTESIAN_POINT ( 'NONE',  ( 8.000000000000007105, 302.0000000000000000, 15.00000000000001421 ) ) ;
#1258 = ORIENTED_EDGE ( 'NONE', *, *, #2747, .T. ) ;
#1259 = LINE ( 'NONE', #3709, #7976 ) ;
#1260 = ORIENTED_EDGE ( 'NONE', *, *, #357, .T. ) ;
#1261 = DIRECTION ( 'NONE',  ( -1.000000000000000000, 0.000000000000000000, 0.000000000000000000 ) ) ;
#1262 = ORIENTED_EDGE ( 'NONE', *, *, #6834, .F. ) ;
#1263 = LINE ( 'NONE', #561, #6725 ) ;
#1264 = CIRCLE ( 'NONE', #8782, 3.000000000000004441 ) ;
#1265 = CARTESIAN_POINT ( 'NONE',  ( 5.500000000000011546, 78.00000000000001421, 2.000000000000001776 ) ) ;
#1266 = VERTEX_POINT ( 'NONE', #984 ) ;
#1267 = CARTESIAN_POINT ( 'NONE',  ( 149.9999999999999716, 272.0000000000000000, 15.00000000000001421 ) ) ;
#1268 = VERTEX_POINT ( 'NONE', #7425 ) ;
#1269 = VECTOR ( 'NONE', #1063, 1000.000000000000000 ) ;
#1270 = ORIENTED_EDGE ( 'NONE', *, *, #3025, .T. ) ;
#1271 = ORIENTED_EDGE ( 'NONE', *, *, #3542, .F. ) ;
#1272 = CLOSED_SHELL ( 'NONE', ( #8704, #4029, #6019, #1886, #8090, #8043 ) ) ;
#1273 = EDGE_CURVE ( 'NONE', #3757, #6098, #175, .T. ) ;
#1274 = ORIENTED_EDGE ( 'NONE', *, *, #7327, .F. ) ;
#1275 = FACE_OUTER_BOUND ( 'NONE', #8148, .T. ) ;
#1276 = CARTESIAN_POINT ( 'NONE',  ( 458.4999999999998863, 301.7332797876426298, 11.49999999999996447 ) ) ;
#1277 = VECTOR ( 'NONE', #4740, 1000.000000000000000 ) ;
#1278 = CARTESIAN_POINT ( 'NONE',  ( 451.9999999999998863, 0.000000000000000000, 2.220446049250313081E-13 ) ) ;
#1279 = AXIS2_PLACEMENT_3D ( 'NONE', #174, #9089, #9155 ) ;
#1280 = ORIENTED_EDGE ( 'NONE', *, *, #4440, .F. ) ;
#1281 = FACE_OUTER_BOUND ( 'NONE', #4197, .T. ) ;
#1282 =( GEOMETRIC_REPRESENTATION_CONTEXT ( 3 ) GLOBAL_UNCERTAINTY_ASSIGNED_CONTEXT ( ( #6671 ) ) GLOBAL_UNIT_ASSIGNED_CONTEXT ( ( #9261, #2643, #2586 ) ) REPRESENTATION_CONTEXT ( 'NONE', 'WORKASPACE' ) );
#1283 = ORIENTED_EDGE ( 'NONE', *, *, #5152, .T. ) ;
#1284 = ADVANCED_FACE ( 'NONE', ( #6378 ), #2271, .F. ) ;
#1285 = ORIENTED_EDGE ( 'NONE', *, *, #7142, .T. ) ;
#1286 = CARTESIAN_POINT ( 'NONE',  ( 46.00000000000004263, 298.0000000000004547, 9.000000000000007105 ) ) ;
#1287 = DIRECTION ( 'NONE',  ( 1.000000000000000000, 0.000000000000000000, 0.000000000000000000 ) ) ;
#1288 = CIRCLE ( 'NONE', #1897, 3.000000000000007994 ) ;
#1289 = COLOUR_RGB ( '',1.000000000000000000, 1.000000000000000000, 1.000000000000000000 ) ;
#1290 =( LENGTH_UNIT ( ) NAMED_UNIT ( * ) SI_UNIT ( .MILLI., .METRE. ) );
#1291 = DIRECTION ( 'NONE',  ( -1.000000000000000000, 0.000000000000000000, 0.000000000000000000 ) ) ;
#1292 = ORIENTED_EDGE ( 'NONE', *, *, #779, .F. ) ;
#1293 = EDGE_CURVE ( 'NONE', #9488, #8829, #3930, .T. ) ;
#1294 = CARTESIAN_POINT ( 'NONE',  ( 50.00000000000004263, 42.00000000000014921, 0.000000000000000000 ) ) ;
#1295 = AXIS2_PLACEMENT_3D ( 'NONE', #7553, #2403, #7580 ) ;
#1296 = DIRECTION ( 'NONE',  ( 1.000000000000000000, 0.000000000000000000, 0.000000000000000000 ) ) ;
#1297 = ADVANCED_FACE ( 'NONE', ( #1378 ), #26, .F. ) ;
#1298 = DIRECTION ( 'NONE',  ( 1.000000000000000000, 0.000000000000000000, 0.000000000000000000 ) ) ;
#1299 = ORIENTED_EDGE ( 'NONE', *, *, #5678, .F. ) ;
#1300 = DIRECTION ( 'NONE',  ( -1.000000000000000000, 0.000000000000000000, 0.000000000000000000 ) ) ;
#1301 = DIRECTION ( 'NONE',  ( 0.000000000000000000, 0.000000000000000000, 1.000000000000000000 ) ) ;
#1302 = ORIENTED_EDGE ( 'NONE', *, *, #8159, .F. ) ;
#1303 = CARTESIAN_POINT ( 'NONE',  ( 458.4302519308008641, 300.9467119336185306, 3.632101255688736430 ) ) ;
#1304 = ORIENTED_EDGE ( 'NONE', *, *, #3195, .F. ) ;
#1305 = CARTESIAN_POINT ( 'NONE',  ( 0.000000000000000000, 78.00000000000001421, 10.49999999999995381 ) ) ;
#1306 = CARTESIAN_POINT ( 'NONE',  ( 122.0000000000003268, 41.99999999999997868, 9.000000000000007105 ) ) ;
#1307 = EDGE_LOOP ( 'NONE', ( #3760, #1574, #8697, #2115 ) ) ;
#1308 = AXIS2_PLACEMENT_3D ( 'NONE', #8404, #3237, #6145 ) ;
#1309 = DIRECTION ( 'NONE',  ( -1.000000000000000000, 0.000000000000000000, 0.000000000000000000 ) ) ;
#1310 = DIRECTION ( 'NONE',  ( -1.000000000000000000, 0.000000000000000000, 0.000000000000000000 ) ) ;
#1311 = EDGE_LOOP ( 'NONE', ( #5022, #1211, #1013, #1457, #4383, #2610 ) ) ;
#1312 = SURFACE_SIDE_STYLE ('',( #5823 ) ) ;
#1313 = DIRECTION ( 'NONE',  ( 0.000000000000000000, 0.000000000000000000, 1.000000000000000000 ) ) ;
#1314 = DIRECTION ( 'NONE',  ( 0.000000000000000000, 0.000000000000000000, -1.000000000000000000 ) ) ;
#1315 = ORIENTED_EDGE ( 'NONE', *, *, #7764, .F. ) ;
#1316 = DIRECTION ( 'NONE',  ( 1.000000000000000000, 0.000000000000000000, 0.000000000000000000 ) ) ;
#1317 = VERTEX_POINT ( 'NONE', #4605 ) ;
#1318 = AXIS2_PLACEMENT_3D ( 'NONE', #5194, #3922, #6881 ) ;
#1319 = DIRECTION ( 'NONE',  ( 1.000000000000000000, 0.000000000000000000, 0.000000000000000000 ) ) ;
#1320 = CARTESIAN_POINT ( 'NONE',  ( 0.000000000000000000, 288.0000000000000568, 3.999999999999781508 ) ) ;
#1321 = ADVANCED_FACE ( 'NONE', ( #2785 ), #9421, .F. ) ;
#1322 = DIRECTION ( 'NONE',  ( 1.000000000000000000, 0.000000000000000000, 0.000000000000000000 ) ) ;
#1323 = DIRECTION ( 'NONE',  ( 0.4686703492876502231, 0.8833731395614154991, 0.000000000000000000 ) ) ;
#1324 = EDGE_CURVE ( 'NONE', #9488, #8593, #2676, .T. ) ;
#1325 = CIRCLE ( 'NONE', #229, 3.000000000000004441 ) ;
#1326 = EDGE_CURVE ( 'NONE', #9078, #3053, #7641, .T. ) ;
#1327 = CARTESIAN_POINT ( 'NONE',  ( 0.000000000000000000, 8.326672684688674053E-14, 15.00000000000006928 ) ) ;
#1328 = ORIENTED_EDGE ( 'NONE', *, *, #2683, .T. ) ;
#1329 = CARTESIAN_POINT ( 'NONE',  ( 0.000000000000000000, 0.000000000000000000, 15.00000000000001421 ) ) ;
#1330 = EDGE_CURVE ( 'NONE', #6048, #3267, #6599, .T. ) ;
#1331 = ORIENTED_EDGE ( 'NONE', *, *, #2061, .F. ) ;
#1332 = AXIS2_PLACEMENT_3D ( 'NONE', #8904, #5205, #5955 ) ;
#1333 = AXIS2_PLACEMENT_3D ( 'NONE', #9083, #5337, #9109 ) ;
#1334 = CARTESIAN_POINT ( 'NONE',  ( 457.6533211089976021, 298.5345923093366309, 5.485656285389909570 ) ) ;
#1335 = CARTESIAN_POINT ( 'NONE',  ( 792.0000000000000000, 78.00000000000001421, 15.00000000000001421 ) ) ;
#1336 = B_SPLINE_CURVE_WITH_KNOTS ( 'NONE', 3,
 ( #8167, #5241, #4545, #8927, #745, #1530, #3772, #8968, #32, #5266, #786, #6002, #1557, #2309, #8232, #3800, #5290, #6041, #2379, #6096, #7589, #887, #3967, #6169, #4672, #8291, #1721, #227, #3840, #9168, #7562, #5426, #3924, #8361 ),
 .UNSPECIFIED., .F., .F.,
 ( 4, 2, 2, 2, 2, 2, 2, 2, 2, 2, 2, 2, 2, 2, 2, 2, 4 ),
 ( 0.01275821409129079820, 0.01355384654690229562, 0.01434947900251379305, 0.01514511145812528874, 0.01594074391373678790, 0.01673637636934828532, 0.01753200882495977928, 0.01832764128057127670, 0.01912327373618277412, 0.01991890619179427155, 0.02071453864740576897, 0.02151017110301726293, 0.02230580355862876035, 0.02310143601424025778, 0.02389706846985175520, 0.02469270092546325263, 0.02548833338107475005 ),
 .UNSPECIFIED. ) ;
#1337 = ORIENTED_EDGE ( 'NONE', *, *, #3521, .F. ) ;
#1338 = VECTOR ( 'NONE', #3854, 1000.000000000000000 ) ;
#1339 = DIRECTION ( 'NONE',  ( 0.000000000000000000, 0.000000000000000000, -1.000000000000000000 ) ) ;
#1340 = FACE_OUTER_BOUND ( 'NONE', #3925, .T. ) ;
#1341 = VERTEX_POINT ( 'NONE', #701 ) ;
#1342 = CARTESIAN_POINT ( 'NONE',  ( 0.000000000000000000, 0.000000000000000000, 3.000000000000002665 ) ) ;
#1343 = PLANE ( 'NONE',  #1654 ) ;
#1344 = ADVANCED_FACE ( 'NONE', ( #5682 ), #5933, .T. ) ;
#1345 = CARTESIAN_POINT ( 'NONE',  ( -5.551115123125782702E-14, 236.0000000000000000, 4.000000000000003553 ) ) ;
#1346 = ORIENTED_EDGE ( 'NONE', *, *, #4368, .F. ) ;
#1347 = EDGE_CURVE ( 'NONE', #150, #3947, #6479, .T. ) ;
#1348 = FACE_OUTER_BOUND ( 'NONE', #406, .T. ) ;
#1349 = LINE ( 'NONE', #4396, #9022 ) ;
#1350 = DIRECTION ( 'NONE',  ( 0.000000000000000000, 0.000000000000000000, 1.000000000000000000 ) ) ;
#1351 = CARTESIAN_POINT ( 'NONE',  ( 598.0000000000010232, 298.0000000000005684, 9.000000000000007105 ) ) ;
#1352 = CARTESIAN_POINT ( 'NONE',  ( 88.00000000000052580, 170.0000000000001990, 15.00000000000001421 ) ) ;
#1353 = ORIENTED_EDGE ( 'NONE', *, *, #2634, .T. ) ;
#1354 = ORIENTED_EDGE ( 'NONE', *, *, #9128, .F. ) ;
#1355 = VECTOR ( 'NONE', #6407, 1000.000000000000000 ) ;
#1356 = CARTESIAN_POINT ( 'NONE',  ( 46.00000000000004263, 36.00000000000002842, 9.000000000000007105 ) ) ;
#1357 = DIRECTION ( 'NONE',  ( 1.000000000000000000, 0.000000000000000000, 0.000000000000000000 ) ) ;
#1358 = VECTOR ( 'NONE', #8134, 1000.000000000000000 ) ;
#1359 = CYLINDRICAL_SURFACE ( 'NONE', #5490, 3.000000000000002665 ) ;
#1360 = EDGE_CURVE ( 'NONE', #4458, #793, #3703, .T. ) ;
#1361 = AXIS2_PLACEMENT_3D ( 'NONE', #2860, #1314, #2832 ) ;
#1362 = CARTESIAN_POINT ( 'NONE',  ( 674.0000000000010232, 36.00000000000014211, 9.000000000000007105 ) ) ;
#1363 = CARTESIAN_POINT ( 'NONE',  ( 469.2791522340548340, 337.2193787511251912, -15.00000000000012434 ) ) ;
#1364 = VECTOR ( 'NONE', #1675, 1000.000000000000000 ) ;
#1365 =( NAMED_UNIT ( * ) PLANE_ANGLE_UNIT ( ) SI_UNIT ( $, .RADIAN. ) );
#1366 = FACE_OUTER_BOUND ( 'NONE', #9092, .T. ) ;
#1367 = FACE_OUTER_BOUND ( 'NONE', #4407, .T. ) ;
#1368 = FACE_OUTER_BOUND ( 'NONE', #5095, .T. ) ;
#1369 = CARTESIAN_POINT ( 'NONE',  ( 46.00000000000004263, 304.0000000000004547, 9.000000000000007105 ) ) ;
#1370 = ORIENTED_EDGE ( 'NONE', *, *, #7607, .F. ) ;
#1371 = ORIENTED_EDGE ( 'NONE', *, *, #6739, .T. ) ;
#1372 = EDGE_CURVE ( 'NONE', #197, #4613, #7184, .T. ) ;
#1373 = LINE ( 'NONE', #1193, #9527 ) ;
#1374 = CARTESIAN_POINT ( 'NONE',  ( 149.9999999999999716, 47.99999999999998579, -3.000000000000113687 ) ) ;
#1375 = VERTEX_POINT ( 'NONE', #5839 ) ;
#1376 = AXIS2_PLACEMENT_3D ( 'NONE', #2836, #7999, #1399 ) ;
#1377 = ORIENTED_EDGE ( 'NONE', *, *, #1472, .T. ) ;
#1378 = FACE_OUTER_BOUND ( 'NONE', #5156, .T. ) ;
#1379 = FACE_OUTER_BOUND ( 'NONE', #4737, .T. ) ;
#1380 = CARTESIAN_POINT ( 'NONE',  ( 0.000000000000000000, 302.0000000000000000, 10.49999999999995381 ) ) ;
#1381 = ORIENTED_EDGE ( 'NONE', *, *, #5701, .F. ) ;
#1382 = CIRCLE ( 'NONE', #7014, 13.00000000000001066 ) ;
#1383 = FILL_AREA_STYLE ('',( #8314 ) ) ;
#1384 = CARTESIAN_POINT ( 'NONE',  ( 451.9999999999999432, 43.99999999999959499, 4.000000000000225597 ) ) ;
#1385 = DIRECTION ( 'NONE',  ( 1.000000000000000000, 0.000000000000000000, 0.000000000000000000 ) ) ;
#1386 = AXIS2_PLACEMENT_3D ( 'NONE', #433, #1939, #4233 ) ;
#1387 = ORIENTED_EDGE ( 'NONE', *, *, #9415, .T. ) ;
#1388 = CARTESIAN_POINT ( 'NONE',  ( 767.4999999999998863, 8.326672684688674053E-14, 15.00000000000006928 ) ) ;
#1389 = EDGE_LOOP ( 'NONE', ( #7835, #2213, #3901, #3148 ) ) ;
#1390 = CYLINDRICAL_SURFACE ( 'NONE', #3751, 2.500000000000002220 ) ;
#1391 = FACE_OUTER_BOUND ( 'NONE', #4923, .T. ) ;
#1392 = EDGE_CURVE ( 'NONE', #9078, #5608, #5443, .T. ) ;
#1393 = DIRECTION ( 'NONE',  ( 0.000000000000000000, 0.000000000000000000, -1.000000000000000000 ) ) ;
#1394 = DIRECTION ( 'NONE',  ( -1.000000000000000000, -1.047705889746656304E-31, 4.440892098500626162E-16 ) ) ;
#1395 = EDGE_CURVE ( 'NONE', #5569, #8336, #7410, .T. ) ;
#1396 = ORIENTED_EDGE ( 'NONE', *, *, #2380, .F. ) ;
#1397 = VECTOR ( 'NONE', #6663, 1000.000000000000000 ) ;
#1398 = ORIENTED_EDGE ( 'NONE', *, *, #1459, .T. ) ;
#1399 = DIRECTION ( 'NONE',  ( -1.000000000000000000, 0.000000000000000000, -0.000000000000000000 ) ) ;
#1400 = ORIENTED_EDGE ( 'NONE', *, *, #1742, .T. ) ;
#1401 = EDGE_LOOP ( 'NONE', ( #5166, #2452, #3062, #3488 ) ) ;
#1402 = ORIENTED_EDGE ( 'NONE', *, *, #6586, .F. ) ;
#1403 = CARTESIAN_POINT ( 'NONE',  ( 40.00000000000003553, 302.0000000000000000, 10.49999999999995381 ) ) ;
#1404 = ADVANCED_FACE ( 'NONE', ( #2193 ), #5181, .T. ) ;
#1405 = DIRECTION ( 'NONE',  ( 1.000000000000000000, 0.000000000000000000, 0.000000000000000000 ) ) ;
#1406 = VECTOR ( 'NONE', #4342, 1000.000000000000000 ) ;
#1407 = DIRECTION ( 'NONE',  ( 0.000000000000000000, 0.000000000000000000, 1.000000000000000000 ) ) ;
#1408 = DIRECTION ( 'NONE',  ( 0.2760228707098010270, 0.9611510676502006412, 0.000000000000000000 ) ) ;
#1409 = EDGE_LOOP ( 'NONE', ( #9575, #5788, #933, #2729 ) ) ;
#1410 = CIRCLE ( 'NONE', #1655, 2.499999999999946709 ) ;
#1411 = VERTEX_POINT ( 'NONE', #8878 ) ;
#1412 = CARTESIAN_POINT ( 'NONE',  ( 457.4730504942253901, 298.2101217995847264, 8.805946953359066853 ) ) ;
#1413 = PRODUCT_DEFINITION_SHAPE ( 'NONE', 'NONE',  #9687 ) ;
#1414 = DIRECTION ( 'NONE',  ( 0.000000000000000000, 0.000000000000000000, -1.000000000000000000 ) ) ;
#1415 = DIRECTION ( 'NONE',  ( 0.000000000000000000, 0.000000000000000000, 1.000000000000000000 ) ) ;
#1416 = DIRECTION ( 'NONE',  ( -0.000000000000000000, 0.000000000000000000, 1.000000000000000000 ) ) ;
#1417 = AXIS2_PLACEMENT_3D ( 'NONE', #2831, #9590, #7992 ) ;
#1418 = MECHANICAL_DESIGN_GEOMETRIC_PRESENTATION_REPRESENTATION (  '', ( #3586 ), #1917 ) ;
#1419 = VERTEX_POINT ( 'NONE', #7329 ) ;
#1420 = CARTESIAN_POINT ( 'NONE',  ( 636.0000000000010232, 298.0000000000005684, 0.000000000000000000 ) ) ;
#1421 = ORIENTED_EDGE ( 'NONE', *, *, #8092, .F. ) ;
#1422 = DIRECTION ( 'NONE',  ( 1.000000000000000000, 0.000000000000000000, 0.000000000000000000 ) ) ;
#1423 = CARTESIAN_POINT ( 'NONE',  ( 0.000000000000000000, 0.000000000000000000, 0.000000000000000000 ) ) ;
#1424 = PLANE ( 'NONE',  #553 ) ;
#1425 = EDGE_LOOP ( 'NONE', ( #651, #5248 ) ) ;
#1426 = EDGE_CURVE ( 'NONE', #9662, #1878, #9173, .T. ) ;
#1427 = DIRECTION ( 'NONE',  ( -1.000000000000000000, 0.000000000000000000, 0.000000000000000000 ) ) ;
#1428 = CARTESIAN_POINT ( 'NONE',  ( 40.00000000000003553, 302.0000000000000000, -4.499999999999836575 ) ) ;
#1429 = VERTEX_POINT ( 'NONE', #4363 ) ;
#1430 = VERTEX_POINT ( 'NONE', #2110 ) ;
#1431 = CARTESIAN_POINT ( 'NONE',  ( 445.0000000000000000, 302.0000000000000000, -11.49999999999984723 ) ) ;
#1432 = EDGE_CURVE ( 'NONE', #1174, #5984, #3478, .T. ) ;
#1433 = VERTEX_POINT ( 'NONE', #5124 ) ;
#1434 = AXIS2_PLACEMENT_3D ( 'NONE', #2888, #9589, #1385 ) ;
#1435 = VERTEX_POINT ( 'NONE', #5154 ) ;
#1436 = DIRECTION ( 'NONE',  ( 1.000000000000000000, 0.000000000000000000, 0.000000000000000000 ) ) ;
#1437 = ORIENTED_EDGE ( 'NONE', *, *, #8788, .F. ) ;
#1438 = ORIENTED_EDGE ( 'NONE', *, *, #4351, .T. ) ;
#1439 = PLANE ( 'NONE',  #8874 ) ;
#1440 = PLANE ( 'NONE',  #6999 ) ;
#1441 = VERTEX_POINT ( 'NONE', #6642 ) ;
#1442 = AXIS2_PLACEMENT_3D ( 'NONE', #6680, #5134, #7431 ) ;
#1443 = MANIFOLD_SOLID_BREP ( '<A760250-COSTADOSCO>-<Cortar-Extruir2>', #4783 ) ;
#1444 = ADVANCED_FACE ( 'NONE', ( #1253 ), #4500, .F. ) ;
#1445 = CARTESIAN_POINT ( 'NONE',  ( 8.000000000000007105, 78.00000000000001421, 2.000000000000001776 ) ) ;
#1446 = VERTEX_POINT ( 'NONE', #6669 ) ;
#1447 = ORIENTED_EDGE ( 'NONE', *, *, #7697, .T. ) ;
#1448 = ORIENTED_EDGE ( 'NONE', *, *, #191, .F. ) ;
#1449 = DIRECTION ( 'NONE',  ( 0.000000000000000000, 0.000000000000000000, 1.000000000000000000 ) ) ;
#1450 = CARTESIAN_POINT ( 'NONE',  ( 0.000000000000000000, 0.000000000000000000, 2.000000000000001776 ) ) ;
#1451 = CIRCLE ( 'NONE', #8907, 4.000000000000017764 ) ;
#1452 = VERTEX_POINT ( 'NONE', #1514 ) ;
#1453 = AXIS2_PLACEMENT_3D ( 'NONE', #3257, #8358, #6067 ) ;
#1454 = CARTESIAN_POINT ( 'NONE',  ( 445.0000000000000000, 78.00000000000001421, -7.499999999999840128 ) ) ;
#1455 = CARTESIAN_POINT ( 'NONE',  ( 458.3891574431507934, 79.30849583203075781, 11.28912691129608525 ) ) ;
#1456 = EDGE_CURVE ( 'NONE', #6432, #5569, #6362, .T. ) ;
#1457 = ORIENTED_EDGE ( 'NONE', *, *, #8130, .T. ) ;
#1458 = FACE_BOUND ( 'NONE', #7841, .T. ) ;
#1459 = EDGE_CURVE ( 'NONE', #5905, #7608, #5558, .T. ) ;
#1460 = VERTEX_POINT ( 'NONE', #8979 ) ;
#1461 = VECTOR ( 'NONE', #5898, 1000.000000000000000 ) ;
#1462 = FACE_OUTER_BOUND ( 'NONE', #7211, .T. ) ;
#1463 = ORIENTED_EDGE ( 'NONE', *, *, #6796, .T. ) ;
#1464 = AXIS2_PLACEMENT_3D ( 'NONE', #8756, #6550, #4434 ) ;
#1465 = DIRECTION ( 'NONE',  ( -0.000000000000000000, 0.000000000000000000, 1.000000000000000000 ) ) ;
#1466 = DIRECTION ( 'NONE',  ( 1.000000000000000000, 0.000000000000000000, 0.000000000000000000 ) ) ;
#1467 = DIRECTION ( 'NONE',  ( 1.000000000000000000, 0.000000000000000000, 0.000000000000000000 ) ) ;
#1468 = PLANE ( 'NONE',  #7280 ) ;
#1469 = LINE ( 'NONE', #986, #6464 ) ;
#1470 = CIRCLE ( 'NONE', #4385, 2.500000000000002220 ) ;
#1471 = VECTOR ( 'NONE', #6473, 1000.000000000000000 ) ;
#1472 = EDGE_CURVE ( 'NONE', #6311, #4360, #5211, .T. ) ;
#1473 = AXIS2_PLACEMENT_3D ( 'NONE', #9201, #245, #117 ) ;
#1474 = DIRECTION ( 'NONE',  ( -1.000000000000000000, 0.000000000000000000, 0.000000000000000000 ) ) ;
#1475 = FACE_BOUND ( 'NONE', #1425, .T. ) ;
#1476 = DIRECTION ( 'NONE',  ( 0.000000000000000000, 0.000000000000000000, -1.000000000000000000 ) ) ;
#1477 = VECTOR ( 'NONE', #3078, 1000.000000000000000 ) ;
#1478 = CARTESIAN_POINT ( 'NONE',  ( 275.5000000000000000, 47.99999999999998579, -15.00000000000012434 ) ) ;
#1479 = VECTOR ( 'NONE', #6268, 1000.000000000000000 ) ;
#1480 = CARTESIAN_POINT ( 'NONE',  ( 450.9999999999999432, 302.0000000000000000, 1.499999999999945821 ) ) ;
#1481 = DIRECTION ( 'NONE',  ( 1.000000000000000000, 0.000000000000000000, 0.000000000000000000 ) ) ;
#1482 = FACE_OUTER_BOUND ( 'NONE', #8818, .T. ) ;
#1483 = ORIENTED_EDGE ( 'NONE', *, *, #400, .T. ) ;
#1484 = CARTESIAN_POINT ( 'NONE',  ( 458.4290378739114544, 79.06235916382213702, 3.634424822770859542 ) ) ;
#1485 = COLOUR_RGB ( '',1.000000000000000000, 1.000000000000000000, 1.000000000000000000 ) ;
#1486 = CIRCLE ( 'NONE', #2834, 3.000000000000002665 ) ;
#1487 = AXIS2_PLACEMENT_3D ( 'NONE', #7811, #475, #8560 ) ;
#1488 = CARTESIAN_POINT ( 'NONE',  ( 485.0000000000000000, 302.0000000000000000, -11.49999999999984723 ) ) ;
#1489 = ADVANCED_FACE ( 'NONE', ( #8920 ), #9284, .F. ) ;
#1490 = DIRECTION ( 'NONE',  ( 1.000000000000000000, 9.860761315262647568E-32, 4.440892098500629120E-16 ) ) ;
#1491 = DIRECTION ( 'NONE',  ( 0.000000000000000000, 1.000000000000000000, 0.000000000000000000 ) ) ;
#1492 = ORIENTED_EDGE ( 'NONE', *, *, #7306, .F. ) ;
#1493 = DIRECTION ( 'NONE',  ( 1.000000000000000000, 0.000000000000000000, 0.000000000000000000 ) ) ;
#1494 = ORIENTED_EDGE ( 'NONE', *, *, #5185, .F. ) ;
#1495 = LINE ( 'NONE', #4781, #9178 ) ;
#1496 = VERTEX_POINT ( 'NONE', #2264 ) ;
#1497 = EDGE_LOOP ( 'NONE', ( #7484, #2531, #1528, #3849 ) ) ;
#1498 = PRESENTATION_STYLE_ASSIGNMENT (( #9620 ) ) ;
#1499 = DIRECTION ( 'NONE',  ( 1.000000000000000000, 0.000000000000000000, 4.003208021484936073E-16 ) ) ;
#1500 = VECTOR ( 'NONE', #7067, 1000.000000000000000 ) ;
#1501 = EDGE_CURVE ( 'NONE', #5714, #796, #6826, .T. ) ;
#1502 = CARTESIAN_POINT ( 'NONE',  ( 211.4999999999999716, 47.99999999999998579, 3.000000000000002665 ) ) ;
#1503 = CARTESIAN_POINT ( 'NONE',  ( 458.4999999999999432, 302.0000000000000000, 15.00000000000001421 ) ) ;
#1504 = EDGE_LOOP ( 'NONE', ( #2963, #4236, #8776, #3815 ) ) ;
#1505 = VECTOR ( 'NONE', #4054, 1000.000000000000000 ) ;
#1506 = AXIS2_PLACEMENT_3D ( 'NONE', #4581, #6787, #863 ) ;
#1507 = ORIENTED_EDGE ( 'NONE', *, *, #9048, .T. ) ;
#1508 = ORIENTED_EDGE ( 'NONE', *, *, #5450, .T. ) ;
#1509 = ORIENTED_EDGE ( 'NONE', *, *, #8159, .T. ) ;
#1510 = CARTESIAN_POINT ( 'NONE',  ( 343.5000000000000000, 323.0000000000000000, -15.00000000000012434 ) ) ;
#1511 = ORIENTED_EDGE ( 'NONE', *, *, #3555, .F. ) ;
#1512 = CIRCLE ( 'NONE', #720, 2.500000000000002220 ) ;
#1513 = CIRCLE ( 'NONE', #4681, 3.000000000000004441 ) ;
#1514 = CARTESIAN_POINT ( 'NONE',  ( 800.0000000000000000, 380.0000000000000000, 15.00000000000001421 ) ) ;
#1515 = AXIS2_PLACEMENT_3D ( 'NONE', #8501, #2520, #3355 ) ;
#1516 = VERTEX_POINT ( 'NONE', #2331 ) ;
#1517 = LINE ( 'NONE', #3866, #1761 ) ;
#1518 = CARTESIAN_POINT ( 'NONE',  ( 451.9999999999998863, 332.0000000000001705, 4.000000000000225597 ) ) ;
#1519 = ORIENTED_EDGE ( 'NONE', *, *, #8141, .T. ) ;
#1520 = ORIENTED_EDGE ( 'NONE', *, *, #2503, .F. ) ;
#1521 = CARTESIAN_POINT ( 'NONE',  ( 0.000000000000000000, 0.000000000000000000, 31.00000000000000000 ) ) ;
#1522 = EDGE_CURVE ( 'NONE', #2100, #777, #4153, .T. ) ;
#1523 = LINE ( 'NONE', #1744, #7676 ) ;
#1524 = DIRECTION ( 'NONE',  ( 0.4686703492876502231, 0.8833731395614154991, 0.000000000000000000 ) ) ;
#1525 = DIRECTION ( 'NONE',  ( -1.000000000000000000, 0.000000000000000000, 0.000000000000000000 ) ) ;
#1526 = EDGE_CURVE ( 'NONE', #916, #6510, #4853, .T. ) ;
#1527 = AXIS2_PLACEMENT_3D ( 'NONE', #4176, #1183, #1309 ) ;
#1528 = ORIENTED_EDGE ( 'NONE', *, *, #7360, .T. ) ;
#1529 = DIRECTION ( 'NONE',  ( 0.000000000000000000, 0.000000000000000000, 1.000000000000000000 ) ) ;
#1530 = CARTESIAN_POINT ( 'NONE',  ( 458.2862821281613037, 303.7949656851730538, 11.08437474064884398 ) ) ;
#1531 = PRODUCT_DEFINITION_SHAPE ( 'NONE', 'NONE',  #3229 ) ;
#1532 = CARTESIAN_POINT ( 'NONE',  ( 8.000000000000007105, 302.0000000000000000, 15.00000000000001421 ) ) ;
#1533 = CARTESIAN_POINT ( 'NONE',  ( 0.000000000000000000, 0.000000000000000000, -15.00000000000012434 ) ) ;
#1534 = CARTESIAN_POINT ( 'NONE',  ( -5.551115123125782702E-14, 240.0000000000001137, 0.000000000000000000 ) ) ;
#1535 = EDGE_CURVE ( 'NONE', #1793, #1430, #7287, .T. ) ;
#1536 = DIRECTION ( 'NONE',  ( 1.000000000000000000, 0.000000000000000000, 0.000000000000000000 ) ) ;
#1537 = AXIS2_PLACEMENT_3D ( 'NONE', #2822, #3528, #7977 ) ;
#1538 = ORIENTED_EDGE ( 'NONE', *, *, #3683, .T. ) ;
#1539 = PRODUCT_RELATED_PRODUCT_CATEGORY ( 'part', '', ( #8801 ) ) ;
#1540 = ADVANCED_FACE ( 'NONE', ( #9410 ), #736, .F. ) ;
#1541 = DIRECTION ( 'NONE',  ( 0.000000000000000000, 1.000000000000000000, 0.000000000000000000 ) ) ;
#1542 = ORIENTED_EDGE ( 'NONE', *, *, #1544, .F. ) ;
#1543 = CARTESIAN_POINT ( 'NONE',  ( 277.9999999999998863, 272.0000000000000000, -15.00000000000012434 ) ) ;
#1544 = EDGE_CURVE ( 'NONE', #516, #4560, #1595, .T. ) ;
#1545 = EDGE_LOOP ( 'NONE', ( #3217, #173, #5273, #1107 ) ) ;
#1546 =( LENGTH_UNIT ( ) NAMED_UNIT ( * ) SI_UNIT ( .MILLI., .METRE. ) );
#1547 = AXIS2_PLACEMENT_3D ( 'NONE', #958, #4671, #3893 ) ;
#1548 = DIRECTION ( 'NONE',  ( 1.000000000000000000, 0.000000000000000000, 0.000000000000000000 ) ) ;
#1549 = CARTESIAN_POINT ( 'NONE',  ( 0.000000000000000000, 0.000000000000000000, 3.000000000000002665 ) ) ;
#1550 = ORIENTED_EDGE ( 'NONE', *, *, #5010, .F. ) ;
#1551 = DIRECTION ( 'NONE',  ( -1.000000000000000000, 0.000000000000000000, 0.000000000000000000 ) ) ;
#1552 = CARTESIAN_POINT ( 'NONE',  ( 458.0907939283354722, 80.45378665116267314, 4.330483797775269927 ) ) ;
#1553 = CARTESIAN_POINT ( 'NONE',  ( 458.4999999999999432, 302.0000000000000000, 15.00000000000001421 ) ) ;
#1554 = DIRECTION ( 'NONE',  ( -4.440892098500626162E-16, 6.938893903907225296E-18, -1.000000000000000000 ) ) ;
#1555 = ORIENTED_EDGE ( 'NONE', *, *, #9456, .F. ) ;
#1556 = CARTESIAN_POINT ( 'NONE',  ( 152.4999999999999716, 272.0000000000000000, -15.00000000000012434 ) ) ;
#1557 = CARTESIAN_POINT ( 'NONE',  ( 457.5870743129739253, 305.5879919699532934, 9.286974481717329866 ) ) ;
#1558 = EDGE_CURVE ( 'NONE', #2704, #9192, #1959, .T. ) ;
#1559 = ORIENTED_EDGE ( 'NONE', *, *, #2582, .T. ) ;
#1560 = AXIS2_PLACEMENT_3D ( 'NONE', #750, #4512, #5200 ) ;
#1561 = DIRECTION ( 'NONE',  ( -1.000000000000000000, 0.000000000000000000, 0.000000000000000000 ) ) ;
#1562 = CARTESIAN_POINT ( 'NONE',  ( 98.00000000000005684, 362.0000000000001137, 15.00000000000012434 ) ) ;
#1563 = CARTESIAN_POINT ( 'NONE',  ( 485.0000000000000000, 302.0000000000000000, 7.499999999999951150 ) ) ;
#1564 = CARTESIAN_POINT ( 'NONE',  ( 0.000000000000000000, 0.000000000000000000, 0.000000000000000000 ) ) ;
#1565 = ORIENTED_EDGE ( 'NONE', *, *, #7497, .F. ) ;
#1566 = DIRECTION ( 'NONE',  ( 0.000000000000000000, 0.000000000000000000, -1.000000000000000000 ) ) ;
#1567 = AXIS2_PLACEMENT_3D ( 'NONE', #8396, #103, #821 ) ;
#1568 = ORIENTED_EDGE ( 'NONE', *, *, #6226, .T. ) ;
#1569 = EDGE_LOOP ( 'NONE', ( #8978, #1337 ) ) ;
#1570 = VECTOR ( 'NONE', #4679, 1000.000000000000000 ) ;
#1571 = EDGE_CURVE ( 'NONE', #380, #6751, #9044, .T. ) ;
#1572 = VECTOR ( 'NONE', #8445, 1000.000000000000000 ) ;
#1573 = ORIENTED_EDGE ( 'NONE', *, *, #2438, .F. ) ;
#1574 = ORIENTED_EDGE ( 'NONE', *, *, #7985, .T. ) ;
#1575 = PLANE ( 'NONE',  #8116 ) ;
#1576 = CARTESIAN_POINT ( 'NONE',  ( -6.245004513516505540E-14, 143.9999999999998010, 4.000000000000003553 ) ) ;
#1577 = VECTOR ( 'NONE', #5425, 1000.000000000000000 ) ;
#1578 = FACE_BOUND ( 'NONE', #1876, .T. ) ;
#1579 = CARTESIAN_POINT ( 'NONE',  ( 469.2791522340548340, 337.2193787511251912, 3.000000000000002665 ) ) ;
#1580 = ORIENTED_EDGE ( 'NONE', *, *, #3975, .F. ) ;
#1581 = CARTESIAN_POINT ( 'NONE',  ( 457.7954076220175352, 298.8222386035812406, -5.056956085018186720 ) ) ;
#1582 = PLANE ( 'NONE',  #6764 ) ;
#1583 = CIRCLE ( 'NONE', #6501, 6.000000000000012434 ) ;
#1584 = LINE ( 'NONE', #6343, #8308 ) ;
#1585 = AXIS2_PLACEMENT_3D ( 'NONE', #6673, #2956, #85 ) ;
#1586 = LINE ( 'NONE', #3552, #4144 ) ;
#1587 = DIRECTION ( 'NONE',  ( 0.000000000000000000, 0.000000000000000000, 1.000000000000000000 ) ) ;
#1588 = PRESENTATION_LAYER_ASSIGNMENT (  '', '', ( #9262 ) ) ;
#1589 = CARTESIAN_POINT ( 'NONE',  ( 0.000000000000000000, 46.00000000000005684, 7.500000000000062172 ) ) ;
#1590 = CARTESIAN_POINT ( 'NONE',  ( 674.0000000000010232, 304.0000000000006821, 9.000000000000007105 ) ) ;
#1591 = FACE_OUTER_BOUND ( 'NONE', #7440, .T. ) ;
#1592 = DIRECTION ( 'NONE',  ( 1.000000000000000000, 0.000000000000000000, 0.000000000000000000 ) ) ;
#1593 = ADVANCED_FACE ( 'NONE', ( #1367 ), #3788, .F. ) ;
#1594 = CIRCLE ( 'NONE', #4501, 6.000000000000005329 ) ;
#1595 = LINE ( 'NONE', #1603, #6120 ) ;
#1596 = VECTOR ( 'NONE', #9337, 1000.000000000000000 ) ;
#1597 = CARTESIAN_POINT ( 'NONE',  ( 62.99999999999997158, 195.0000000000000000, 15.49999999999999822 ) ) ;
#1598 = EDGE_CURVE ( 'NONE', #2350, #3420, #1840, .T. ) ;
#1599 = EDGE_LOOP ( 'NONE', ( #6546, #420 ) ) ;
#1600 = UNCERTAINTY_MEASURE_WITH_UNIT (LENGTH_MEASURE( 1.000000000000000082E-05 ), #4109, 'distance_accuracy_value', 'NONE');
#1601 = ORIENTED_EDGE ( 'NONE', *, *, #5019, .T. ) ;
#1602 = SURFACE_STYLE_FILL_AREA ( #6545 ) ;
#1603 = CARTESIAN_POINT ( 'NONE',  ( 211.4999999999999716, 47.99999999999998579, -15.00000000000012434 ) ) ;
#1604 = VERTEX_POINT ( 'NONE', #3946 ) ;
#1605 = ORIENTED_EDGE ( 'NONE', *, *, #2787, .T. ) ;
#1606 = ORIENTED_EDGE ( 'NONE', *, *, #9345, .T. ) ;
#1607 = FACE_BOUND ( 'NONE', #8469, .T. ) ;
#1608 = APPLICATION_CONTEXT ( 'automotive_design' ) ;
#1609 = FACE_OUTER_BOUND ( 'NONE', #4701, .T. ) ;
#1610 = CARTESIAN_POINT ( 'NONE',  ( 632.0000000000010232, 42.00000000000014921, 0.000000000000000000 ) ) ;
#1611 = DIRECTION ( 'NONE',  ( 0.000000000000000000, 0.000000000000000000, -1.000000000000000000 ) ) ;
#1612 = ORIENTED_EDGE ( 'NONE', *, *, #34, .T. ) ;
#1613 = EDGE_CURVE ( 'NONE', #207, #3126, #2890, .T. ) ;
#1614 = VECTOR ( 'NONE', #7691, 1000.000000000000000 ) ;
#1615 = UNCERTAINTY_MEASURE_WITH_UNIT (LENGTH_MEASURE( 1.000000000000000082E-05 ), #2011, 'distance_accuracy_value', 'NONE');
#1616 = DIRECTION ( 'NONE',  ( -1.000000000000000000, 0.000000000000000000, 0.000000000000000000 ) ) ;
#1617 = ORIENTED_EDGE ( 'NONE', *, *, #8841, .T. ) ;
#1618 = EDGE_CURVE ( 'NONE', #3906, #8699, #7401, .T. ) ;
#1619 = DIRECTION ( 'NONE',  ( 1.000000000000000000, 0.000000000000000000, 0.000000000000000000 ) ) ;
#1620 = ORIENTED_EDGE ( 'NONE', *, *, #609, .T. ) ;
#1621 = VECTOR ( 'NONE', #6221, 1000.000000000000000 ) ;
#1622 = CARTESIAN_POINT ( 'NONE',  ( 0.000000000000000000, 0.000000000000000000, 15.00000000000001421 ) ) ;
#1623 = CIRCLE ( 'NONE', #1318, 2.500000000000002220 ) ;
#1624 = CARTESIAN_POINT ( 'NONE',  ( 458.4999999999999432, 302.0000000000000000, -3.499999999999836575 ) ) ;
#1625 = VERTEX_POINT ( 'NONE', #6108 ) ;
#1626 = CYLINDRICAL_SURFACE ( 'NONE', #5020, 2.499999999999946709 ) ;
#1627 = VERTEX_POINT ( 'NONE', #6151 ) ;
#1628 =( GEOMETRIC_REPRESENTATION_CONTEXT ( 3 ) GLOBAL_UNCERTAINTY_ASSIGNED_CONTEXT ( ( #2769 ) ) GLOBAL_UNIT_ASSIGNED_CONTEXT ( ( #5105, #1365, #5008 ) ) REPRESENTATION_CONTEXT ( 'NONE', 'WORKASPACE' ) );
#1629 = EDGE_LOOP ( 'NONE', ( #7990, #8615, #2935, #7878 ) ) ;
#1630 = ORIENTED_EDGE ( 'NONE', *, *, #9663, .F. ) ;
#1631 = ORIENTED_EDGE ( 'NONE', *, *, #4205, .F. ) ;
#1632 = CARTESIAN_POINT ( 'NONE',  ( 680.0000000000010232, 42.00000000000014921, 9.000000000000007105 ) ) ;
#1633 = APPLICATION_CONTEXT ( 'automotive_design' ) ;
#1634 = DIRECTION ( 'NONE',  ( 0.000000000000000000, 0.000000000000000000, 1.000000000000000000 ) ) ;
#1635 = FACE_OUTER_BOUND ( 'NONE', #6188, .T. ) ;
#1636 = DIRECTION ( 'NONE',  ( -0.000000000000000000, -0.000000000000000000, -1.000000000000000000 ) ) ;
#1637 = CARTESIAN_POINT ( 'NONE',  ( 125.0000000000000000, 190.0000000000000000, 12.00000000000001066 ) ) ;
#1638 = ORIENTED_EDGE ( 'NONE', *, *, #2024, .T. ) ;
#1639 = CIRCLE ( 'NONE', #9334, 2.499999999999946709 ) ;
#1640 = ORIENTED_EDGE ( 'NONE', *, *, #7215, .T. ) ;
#1641 = DIRECTION ( 'NONE',  ( 0.000000000000000000, -1.000000000000000000, 0.000000000000000000 ) ) ;
#1642 = CARTESIAN_POINT ( 'NONE',  ( 100.9999999999999716, 155.0000000000000000, 15.49999999999999822 ) ) ;
#1643 = AXIS2_PLACEMENT_3D ( 'NONE', #1190, #4904, #7138 ) ;
#1644 = CARTESIAN_POINT ( 'NONE',  ( 0.000000000000000000, 0.000000000000000000, 14.00000000000001243 ) ) ;
#1645 = ORIENTED_EDGE ( 'NONE', *, *, #966, .T. ) ;
#1646 = ORIENTED_EDGE ( 'NONE', *, *, #191, .T. ) ;
#1647 = EDGE_CURVE ( 'NONE', #9486, #6598, #2183, .T. ) ;
#1648 = DIRECTION ( 'NONE',  ( -1.000000000000000000, 0.000000000000000000, 0.000000000000000000 ) ) ;
#1649 = EDGE_CURVE ( 'NONE', #2134, #3665, #402, .T. ) ;
#1650 = CARTESIAN_POINT ( 'NONE',  ( 88.00000000000052580, 170.0000000000001990, 15.00000000000001421 ) ) ;
#1651 = ADVANCED_FACE ( 'NONE', ( #8208 ), #2469, .T. ) ;
#1652 = DIRECTION ( 'NONE',  ( 1.000000000000000000, 0.000000000000000000, 0.000000000000000000 ) ) ;
#1653 = EDGE_CURVE ( 'NONE', #1604, #4275, #7054, .T. ) ;
#1654 = AXIS2_PLACEMENT_3D ( 'NONE', #9557, #6534, #6601 ) ;
#1655 = AXIS2_PLACEMENT_3D ( 'NONE', #2373, #3833, #9065 ) ;
#1656 = EDGE_LOOP ( 'NONE', ( #4402, #3275, #8722, #8154, #7136 ) ) ;
#1657 = CARTESIAN_POINT ( 'NONE',  ( 164.2035941074868504, 195.0000000000000000, 31.00000000000000000 ) ) ;
#1658 = ORIENTED_EDGE ( 'NONE', *, *, #2683, .F. ) ;
#1659 = CARTESIAN_POINT ( 'NONE',  ( 117.0000000000000000, 323.0000000000000000, -15.00000000000012434 ) ) ;
#1660 = CARTESIAN_POINT ( 'NONE',  ( 457.4737954746955211, 74.21142528852992371, 6.190759810219135240 ) ) ;
#1661 = DIRECTION ( 'NONE',  ( -0.000000000000000000, 0.000000000000000000, 1.000000000000000000 ) ) ;
#1662 = ORIENTED_EDGE ( 'NONE', *, *, #6451, .F. ) ;
#1663 = EDGE_CURVE ( 'NONE', #1879, #8481, #5782, .T. ) ;
#1664 = AXIS2_PLACEMENT_3D ( 'NONE', #6769, #7480, #3741 ) ;
#1665 = PRODUCT_DEFINITION ( 'UNKNOWN', '', #12, #5737 ) ;
#1666 = DIRECTION ( 'NONE',  ( 0.000000000000000000, 0.000000000000000000, -1.000000000000000000 ) ) ;
#1667 = VERTEX_POINT ( 'NONE', #6898 ) ;
#1668 = DIRECTION ( 'NONE',  ( 0.000000000000000000, 0.000000000000000000, 1.000000000000000000 ) ) ;
#1669 = ORIENTED_EDGE ( 'NONE', *, *, #1780, .T. ) ;
#1670 = CARTESIAN_POINT ( 'NONE',  ( 0.000000000000000000, 380.0000000000000000, 0.000000000000000000 ) ) ;
#1671 = EDGE_CURVE ( 'NONE', #9358, #5335, #632, .T. ) ;
#1672 = CARTESIAN_POINT ( 'NONE',  ( 451.9999999999998863, 139.9999999999999147, 1.110223024625156540E-13 ) ) ;
#1673 =( GEOMETRIC_REPRESENTATION_CONTEXT ( 3 ) GLOBAL_UNCERTAINTY_ASSIGNED_CONTEXT ( ( #9251 ) ) GLOBAL_UNIT_ASSIGNED_CONTEXT ( ( #5519, #2591, #6945 ) ) REPRESENTATION_CONTEXT ( 'NONE', 'WORKASPACE' ) );
#1674 = ORIENTED_EDGE ( 'NONE', *, *, #1186, .T. ) ;
#1675 = DIRECTION ( 'NONE',  ( -9.345988730335148917E-18, -1.000000000000000000, -6.938893903907225296E-18 ) ) ;
#1676 = CARTESIAN_POINT ( 'NONE',  ( 0.000000000000000000, 284.0000000000000568, 4.000000000000003553 ) ) ;
#1677 = APPLICATION_CONTEXT ( 'automotive_design' ) ;
#1678 = ORIENTED_EDGE ( 'NONE', *, *, #1022, .F. ) ;
#1679 = EDGE_LOOP ( 'NONE', ( #7700, #5924, #5409, #4777 ) ) ;
#1680 = CARTESIAN_POINT ( 'NONE',  ( 451.9999999999999432, 95.99999999999964473, 3.330669073875469621E-13 ) ) ;
#1681 = AXIS2_PLACEMENT_3D ( 'NONE', #2475, #950, #3184 ) ;
#1682 = CARTESIAN_POINT ( 'NONE',  ( 0.000000000000000000, 0.000000000000000000, 0.000000000000000000 ) ) ;
#1683 = CARTESIAN_POINT ( 'NONE',  ( 457.5873277670978041, 298.4124605812058348, -5.711992970504079281 ) ) ;
#1684 = DIRECTION ( 'NONE',  ( 0.000000000000000000, 0.000000000000000000, 1.000000000000000000 ) ) ;
#1685 = EDGE_CURVE ( 'NONE', #9339, #4670, #2555, .T. ) ;
#1686 = PLANE ( 'NONE',  #3445 ) ;
#1687 = ORIENTED_EDGE ( 'NONE', *, *, #4815, .F. ) ;
#1688 = CARTESIAN_POINT ( 'NONE',  ( 40.00000000000003553, 78.00000000000001421, -4.499999999999837463 ) ) ;
#1689 = AXIS2_PLACEMENT_3D ( 'NONE', #7456, #2993, #8160 ) ;
#1690 = CARTESIAN_POINT ( 'NONE',  ( 451.9999999999999432, 240.0000000000000000, 0.000000000000000000 ) ) ;
#1691 = ORIENTED_EDGE ( 'NONE', *, *, #4493, .F. ) ;
#1692 = CARTESIAN_POINT ( 'NONE',  ( 458.4854804418993695, 77.46554508151794494, 3.527039594063833938 ) ) ;
#1693 = CARTESIAN_POINT ( 'NONE',  ( 213.9999999999999716, 272.0000000000000000, 3.000000000000002665 ) ) ;
#1694 = ADVANCED_FACE ( 'NONE', ( #3695 ), #882, .F. ) ;
#1695 = DIRECTION ( 'NONE',  ( 0.000000000000000000, 0.000000000000000000, 1.000000000000000000 ) ) ;
#1696 = CIRCLE ( 'NONE', #5032, 6.000000000000005329 ) ;
#1697 = ORIENTED_EDGE ( 'NONE', *, *, #1647, .T. ) ;
#1698 = FACE_BOUND ( 'NONE', #4072, .T. ) ;
#1699 = FACE_OUTER_BOUND ( 'NONE', #3673, .T. ) ;
#1700 = AXIS2_PLACEMENT_3D ( 'NONE', #6861, #2415, #5430 ) ;
#1701 = DIRECTION ( 'NONE',  ( -1.000000000000000000, -2.739037067331802103E-16, 0.000000000000000000 ) ) ;
#1702 = ORIENTED_EDGE ( 'NONE', *, *, #4831, .T. ) ;
#1703 = CARTESIAN_POINT ( 'NONE',  ( 375.5000000000000000, 323.0000000000000000, -15.00000000000012434 ) ) ;
#1704 = EDGE_CURVE ( 'NONE', #5505, #4171, #5090, .T. ) ;
#1705 = PLANE ( 'NONE',  #7356 ) ;
#1706 = LINE ( 'NONE', #9069, #5667 ) ;
#1707 = EDGE_CURVE ( 'NONE', #1625, #5231, #5897, .T. ) ;
#1708 = CARTESIAN_POINT ( 'NONE',  ( 0.000000000000000000, 0.000000000000000000, 14.00000000000001243 ) ) ;
#1709 = COLOUR_RGB ( '',1.000000000000000000, 1.000000000000000000, 1.000000000000000000 ) ;
#1710 = DIRECTION ( 'NONE',  ( 1.000000000000000000, 0.000000000000000000, 0.000000000000000000 ) ) ;
#1711 = LINE ( 'NONE', #9093, #6474 ) ;
#1712 = DIRECTION ( 'NONE',  ( 6.384082245258276637E-20, 1.000000000000000000, -0.000000000000000000 ) ) ;
#1713 = CARTESIAN_POINT ( 'NONE',  ( 788.0000000000000000, 301.9999999999999432, 15.00000000000001421 ) ) ;
#1714 = FACE_OUTER_BOUND ( 'NONE', #6841, .T. ) ;
#1715 = APPLICATION_PROTOCOL_DEFINITION ( 'draft international standard', 'automotive_design', 1998, #6162 ) ;
#1716 = VECTOR ( 'NONE', #1701, 1000.000000000000000 ) ;
#1717 = LINE ( 'NONE', #6789, #8439 ) ;
#1718 = CARTESIAN_POINT ( 'NONE',  ( 0.000000000000000000, 0.000000000000000000, 0.000000000000000000 ) ) ;
#1719 = DIRECTION ( 'NONE',  ( -0.2760228707098010270, -0.9611510676502006412, -0.000000000000000000 ) ) ;
#1720 = DIRECTION ( 'NONE',  ( 0.000000000000000000, 0.000000000000000000, -1.000000000000000000 ) ) ;
#1721 = CARTESIAN_POINT ( 'NONE',  ( 458.0907939283355290, 304.4537866511626589, 4.330483797775274368 ) ) ;
#1722 = FACE_OUTER_BOUND ( 'NONE', #7742, .T. ) ;
#1723 = PLANE ( 'NONE',  #4972 ) ;
#1724 = EDGE_CURVE ( 'NONE', #8590, #5569, #8795, .T. ) ;
#1725 = CYLINDRICAL_SURFACE ( 'NONE', #7618, 4.000000000000023981 ) ;
#1726 = AXIS2_PLACEMENT_3D ( 'NONE', #1976, #9480, #5787 ) ;
#1727 = ORIENTED_EDGE ( 'NONE', *, *, #6873, .F. ) ;
#1728 = PRODUCT_DEFINITION ( 'UNKNOWN', '', #2687, #8355 ) ;
#1729 = FACE_BOUND ( 'NONE', #840, .T. ) ;
#1730 = VECTOR ( 'NONE', #6615, 1000.000000000000000 ) ;
#1731 = ADVANCED_FACE ( 'NONE', ( #3811 ), #166, .F. ) ;
#1732 = CARTESIAN_POINT ( 'NONE',  ( 457.3774685871068755, 74.05299632039067603, 8.162310702330092482 ) ) ;
#1733 = ORIENTED_EDGE ( 'NONE', *, *, #3055, .T. ) ;
#1734 = FILL_AREA_STYLE_COLOUR ( '', #8052 ) ;
#1735 = ORIENTED_EDGE ( 'NONE', *, *, #9369, .F. ) ;
#1736 = FACE_OUTER_BOUND ( 'NONE', #4663, .T. ) ;
#1737 = DIRECTION ( 'NONE',  ( 0.000000000000000000, 0.000000000000000000, -1.000000000000000000 ) ) ;
#1738 = EDGE_LOOP ( 'NONE', ( #9420, #2719, #2033, #4712 ) ) ;
#1739 = EDGE_LOOP ( 'NONE', ( #5511, #4285, #7535, #2382 ) ) ;
#1740 = FACE_OUTER_BOUND ( 'NONE', #6842, .T. ) ;
#1741 = STYLED_ITEM ( 'NONE', ( #3216 ), #2651 ) ;
#1742 = EDGE_CURVE ( 'NONE', #73, #3638, #1122, .T. ) ;
#1743 = SHAPE_DEFINITION_REPRESENTATION ( #719, #5000 ) ;
#1744 = CARTESIAN_POINT ( 'NONE',  ( 451.9999999999998863, 0.000000000000000000, 2.220446049250313081E-13 ) ) ;
#1745 = EDGE_LOOP ( 'NONE', ( #7141, #7979, #5995, #4800 ) ) ;
#1746 = VECTOR ( 'NONE', #5009, 1000.000000000000000 ) ;
#1747 = DIRECTION ( 'NONE',  ( -1.000000000000000000, -9.860761315262647568E-32, -4.440892098500629120E-16 ) ) ;
#1748 = ORIENTED_EDGE ( 'NONE', *, *, #3700, .T. ) ;
#1749 = ORIENTED_EDGE ( 'NONE', *, *, #8300, .T. ) ;
#1750 = ORIENTED_EDGE ( 'NONE', *, *, #5546, .F. ) ;
#1751 = DIRECTION ( 'NONE',  ( 0.000000000000000000, 0.000000000000000000, 1.000000000000000000 ) ) ;
#1752 = ORIENTED_EDGE ( 'NONE', *, *, #4313, .T. ) ;
#1753 = VECTOR ( 'NONE', #7564, 1000.000000000000000 ) ;
#1754 = FACE_OUTER_BOUND ( 'NONE', #2310, .T. ) ;
#1755 = CARTESIAN_POINT ( 'NONE',  ( 149.9999999999999716, 47.99999999999998579, -15.00000000000012434 ) ) ;
#1756 = ADVANCED_FACE ( 'NONE', ( #4611 ), #5436, .F. ) ;
#1757 = CARTESIAN_POINT ( 'NONE',  ( -6.938893903907228378E-15, 380.0000000000000000, 14.99999999999990230 ) ) ;
#1758 = EDGE_CURVE ( 'NONE', #2149, #6619, #8312, .T. ) ;
#1759 = APPLICATION_PROTOCOL_DEFINITION ( 'draft international standard', 'automotive_design', 1998, #3156 ) ;
#1760 = ORIENTED_EDGE ( 'NONE', *, *, #3542, .T. ) ;
#1761 = VECTOR ( 'NONE', #5970, 1000.000000000000000 ) ;
#1762 = AXIS2_PLACEMENT_3D ( 'NONE', #2111, #6571, #3631 ) ;
#1763 =( NAMED_UNIT ( * ) SI_UNIT ( $, .STERADIAN. ) SOLID_ANGLE_UNIT ( ) );
#1764 = ORIENTED_EDGE ( 'NONE', *, *, #9570, .T. ) ;
#1765 = CARTESIAN_POINT ( 'NONE',  ( 436.2089883689056933, 348.1640233375465527, 3.000000000000002665 ) ) ;
#1766 = ORIENTED_EDGE ( 'NONE', *, *, #8705, .T. ) ;
#1767 = SURFACE_SIDE_STYLE ('',( #3686 ) ) ;
#1768 = CARTESIAN_POINT ( 'NONE',  ( 451.9999999999998863, 332.0000000000001705, 4.000000000000225597 ) ) ;
#1769 = CIRCLE ( 'NONE', #9238, 4.000000000000007105 ) ;
#1770 = AXIS2_PLACEMENT_3D ( 'NONE', #5382, #967, #6866 ) ;
#1771 = CARTESIAN_POINT ( 'NONE',  ( 0.000000000000000000, 190.0000000000000000, 0.000000000000000000 ) ) ;
#1772 = DIRECTION ( 'NONE',  ( 0.000000000000000000, 0.000000000000000000, 1.000000000000000000 ) ) ;
#1773 = ORIENTED_EDGE ( 'NONE', *, *, #8752, .T. ) ;
#1774 = CARTESIAN_POINT ( 'NONE',  ( 82.49999999999995737, 323.0000000000000000, 15.00000000000001421 ) ) ;
#1775 = CARTESIAN_POINT ( 'NONE',  ( 792.0000000000000000, 302.0000000000000000, 15.00000000000001421 ) ) ;
#1776 = SHAPE_REPRESENTATION_RELATIONSHIP ( 'NONE' , 'NONE' ,  #7005, #4894 ) ;
#1777 = DIRECTION ( 'NONE',  ( 4.440892098500629120E-16, 6.938893903907225296E-18, -1.000000000000000000 ) ) ;
#1778 = DIRECTION ( 'NONE',  ( 0.000000000000000000, -1.000000000000000000, 0.000000000000000000 ) ) ;
#1779 = EDGE_LOOP ( 'NONE', ( #1511, #8860, #3847, #6736, #8145, #3335 ) ) ;
#1780 = EDGE_CURVE ( 'NONE', #3452, #7094, #4380, .T. ) ;
#1781 = ADVANCED_FACE ( 'NONE', ( #7635 ), #2305, .F. ) ;
#1782 = DIRECTION ( 'NONE',  ( 0.000000000000000000, 0.000000000000000000, 1.000000000000000000 ) ) ;
#1783 = EDGE_LOOP ( 'NONE', ( #9294, #8631, #7353, #9610 ) ) ;
#1784 = DIRECTION ( 'NONE',  ( 0.000000000000000000, 0.000000000000000000, -1.000000000000000000 ) ) ;
#1785 = PRODUCT_CONTEXT ( 'NONE', #221, 'mechanical' ) ;
#1786 = AXIS2_PLACEMENT_3D ( 'NONE', #2365, #1008, #6833 ) ;
#1787 = VERTEX_POINT ( 'NONE', #6825 ) ;
#1788 = AXIS2_PLACEMENT_3D ( 'NONE', #3790, #3822, #6768 ) ;
#1789 = CARTESIAN_POINT ( 'NONE',  ( 90.50000000000052580, 74.00000000000007105, 15.00000000000001421 ) ) ;
#1790 = CARTESIAN_POINT ( 'NONE',  ( 457.5870743129739253, 81.58799196995326497, -9.286974481717248153 ) ) ;
#1791 = DIRECTION ( 'NONE',  ( 0.000000000000000000, 0.000000000000000000, -1.000000000000000000 ) ) ;
#1792 = DIRECTION ( 'NONE',  ( 1.000000000000000000, 0.000000000000000000, 0.000000000000000000 ) ) ;
#1793 = VERTEX_POINT ( 'NONE', #2390 ) ;
#1794 = CARTESIAN_POINT ( 'NONE',  ( 54.56410256410254078, 190.0000000000000000, 9.500000000000000000 ) ) ;
#1795 = CARTESIAN_POINT ( 'NONE',  ( 439.2089883689056933, 348.1640233375465527, -15.00000000000012434 ) ) ;
#1796 = CARTESIAN_POINT ( 'NONE',  ( 343.5000000000000000, 323.0000000000000000, 14.00000000000001243 ) ) ;
#1797 = ORIENTED_EDGE ( 'NONE', *, *, #460, .F. ) ;
#1798 = ADVANCED_FACE ( 'NONE', ( #2422 ), #3175, .F. ) ;
#1799 = EDGE_CURVE ( 'NONE', #864, #9486, #8077, .T. ) ;
#1800 = ORIENTED_EDGE ( 'NONE', *, *, #9645, .F. ) ;
#1801 = CARTESIAN_POINT ( 'NONE',  ( 720.0000000000010232, 0.000000000000000000, 15.00000000000001421 ) ) ;
#1802 = SHAPE_REPRESENTATION ( 'A760250-FAJASXXXFR', ( #2670 ), #3096 ) ;
#1803 = CARTESIAN_POINT ( 'NONE',  ( 4.000000000000000000, 302.0000000000000000, 15.00000000000001421 ) ) ;
#1804 = DIRECTION ( 'NONE',  ( -4.440892098500629120E-16, -6.938893903907225296E-18, 1.000000000000000000 ) ) ;
#1805 = VERTEX_POINT ( 'NONE', #3137 ) ;
#1806 = DIRECTION ( 'NONE',  ( 0.000000000000000000, 0.000000000000000000, 1.000000000000000000 ) ) ;
#1807 = ORIENTED_EDGE ( 'NONE', *, *, #4958, .F. ) ;
#1808 = AXIS2_PLACEMENT_3D ( 'NONE', #8661, #4908, #7932 ) ;
#1809 = CARTESIAN_POINT ( 'NONE',  ( 0.000000000000000000, 60.00000000000012079, 15.00000000000006928 ) ) ;
#1810 = DIRECTION ( 'NONE',  ( -0.000000000000000000, 0.000000000000000000, 1.000000000000000000 ) ) ;
#1811 = CYLINDRICAL_SURFACE ( 'NONE', #2131, 7.500000000000007105 ) ;
#1812 = APPLICATION_PROTOCOL_DEFINITION ( 'draft international standard', 'automotive_design', 1998, #3959 ) ;
#1813 = CYLINDRICAL_SURFACE ( 'NONE', #5080, 3.000000000000002665 ) ;
#1814 = EDGE_LOOP ( 'NONE', ( #236, #8506, #2792, #9324 ) ) ;
#1815 = DIRECTION ( 'NONE',  ( 1.000000000000000000, 0.000000000000000000, 0.000000000000000000 ) ) ;
#1816 = AXIS2_PLACEMENT_3D ( 'NONE', #6107, #3813, #2326 ) ;
#1817 = DIRECTION ( 'NONE',  ( 1.000000000000000000, 0.000000000000000000, 0.000000000000000000 ) ) ;
#1818 = CARTESIAN_POINT ( 'NONE',  ( -5.551115123125782702E-14, 240.0000000000000000, 3.999999999999670486 ) ) ;
#1819 = CARTESIAN_POINT ( 'NONE',  ( 46.00000000000004263, 304.0000000000004547, 9.000000000000007105 ) ) ;
#1820 = VERTEX_POINT ( 'NONE', #2495 ) ;
#1821 = VECTOR ( 'NONE', #6398, 1000.000000000000000 ) ;
#1822 = CIRCLE ( 'NONE', #6439, 2.500000000000002220 ) ;
#1823 = ADVANCED_FACE ( 'NONE', ( #2881 ), #5302, .T. ) ;
#1824 = FACE_OUTER_BOUND ( 'NONE', #8357, .T. ) ;
#1825 = CARTESIAN_POINT ( 'NONE',  ( 46.00000000000004263, 42.00000000000003553, 9.000000000000007105 ) ) ;
#1826 = DIRECTION ( 'NONE',  ( 0.000000000000000000, 0.000000000000000000, -1.000000000000000000 ) ) ;
#1827 = FACE_OUTER_BOUND ( 'NONE', #1401, .T. ) ;
#1828 = AXIS2_PLACEMENT_3D ( 'NONE', #7805, #1161, #1817 ) ;
#1829 = DIRECTION ( 'NONE',  ( 0.000000000000000000, 0.000000000000000000, -1.000000000000000000 ) ) ;
#1830 = LINE ( 'NONE', #3674, #5079 ) ;
#1831 = LINE ( 'NONE', #865, #4955 ) ;
#1832 = FILL_AREA_STYLE_COLOUR ( '', #1709 ) ;
#1833 = EDGE_CURVE ( 'NONE', #969, #5827, #4490, .T. ) ;
#1834 = EDGE_CURVE ( 'NONE', #3053, #3031, #6245, .T. ) ;
#1835 = VECTOR ( 'NONE', #7731, 1000.000000000000000 ) ;
#1836 = CARTESIAN_POINT ( 'NONE',  ( 130.9999999999999716, 195.0000000000000000, 9.500000000000000000 ) ) ;
#1837 = CIRCLE ( 'NONE', #6318, 6.000000000000005329 ) ;
#1838 = EDGE_CURVE ( 'NONE', #3090, #5244, #6704, .T. ) ;
#1839 = DIRECTION ( 'NONE',  ( -1.000000000000000000, -0.000000000000000000, -0.000000000000000000 ) ) ;
#1840 = LINE ( 'NONE', #6083, #55 ) ;
#1841 = AXIS2_PLACEMENT_3D ( 'NONE', #2727, #5633, #4232 ) ;
#1842 = LINE ( 'NONE', #6323, #4971 ) ;
#1843 = AXIS2_PLACEMENT_3D ( 'NONE', #6679, #4374, #8858 ) ;
#1844 = DIRECTION ( 'NONE',  ( -1.000000000000000000, 0.000000000000000000, 0.000000000000000000 ) ) ;
#1845 = ADVANCED_FACE ( 'NONE', ( #5198 ), #3235, .F. ) ;
#1846 = ORIENTED_EDGE ( 'NONE', *, *, #9369, .T. ) ;
#1847 = ORIENTED_EDGE ( 'NONE', *, *, #8984, .F. ) ;
#1848 = VECTOR ( 'NONE', #4369, 1000.000000000000000 ) ;
#1849 = ORIENTED_EDGE ( 'NONE', *, *, #1459, .F. ) ;
#1850 =( NAMED_UNIT ( * ) PLANE_ANGLE_UNIT ( ) SI_UNIT ( $, .RADIAN. ) );
#1851 = ORIENTED_EDGE ( 'NONE', *, *, #4070, .F. ) ;
#1852 = ORIENTED_EDGE ( 'NONE', *, *, #7438, .T. ) ;
#1853 = CIRCLE ( 'NONE', #1762, 2.500000000000002220 ) ;
#1854 = DIRECTION ( 'NONE',  ( -0.000000000000000000, -0.000000000000000000, -1.000000000000000000 ) ) ;
#1855 = CARTESIAN_POINT ( 'NONE',  ( 458.4290378739115681, 79.06235916382215123, -3.634424822770749408 ) ) ;
#1856 = LINE ( 'NONE', #8754, #7528 ) ;
#1857 = CARTESIAN_POINT ( 'NONE',  ( 458.5000000000000568, 301.7332797876426866, -11.49999999999985612 ) ) ;
#1858 = EDGE_CURVE ( 'NONE', #1197, #3412, #278, .T. ) ;
#1859 = AXIS2_PLACEMENT_3D ( 'NONE', #3808, #4552, #823 ) ;
#1860 = CLOSED_SHELL ( 'NONE', ( #5644, #8192, #5525, #9463, #5253, #3170, #4209, #506, #3592, #8948, #1153, #9239, #6460, #6865, #6279, #7380, #6116, #4251 ) ) ;
#1861 = FACE_BOUND ( 'NONE', #8060, .T. ) ;
#1862 = ORIENTED_EDGE ( 'NONE', *, *, #5568, .T. ) ;
#1863 = ORIENTED_EDGE ( 'NONE', *, *, #7677, .F. ) ;
#1864 = CARTESIAN_POINT ( 'NONE',  ( 451.9999999999999432, 240.0000000000001137, 4.000000000000003553 ) ) ;
#1865 = VERTEX_POINT ( 'NONE', #6958 ) ;
#1866 = FACE_BOUND ( 'NONE', #7091, .T. ) ;
#1867 = CARTESIAN_POINT ( 'NONE',  ( -5.551115123125782702E-14, 240.0000000000000000, 3.999999999999670486 ) ) ;
#1868 = VECTOR ( 'NONE', #8595, 1000.000000000000000 ) ;
#1869 = CARTESIAN_POINT ( 'NONE',  ( 767.4999999999998863, 13.99999999999999822, 7.500000000000062172 ) ) ;
#1870 = SHAPE_DEFINITION_REPRESENTATION ( #8680, #1937 ) ;
#1871 = DIRECTION ( 'NONE',  ( 1.000000000000000000, 9.860761315262647568E-32, 4.440892098500629120E-16 ) ) ;
#1872 = ORIENTED_EDGE ( 'NONE', *, *, #9228, .F. ) ;
#1873 = CIRCLE ( 'NONE', #7986, 2.999999999999891642 ) ;
#1874 = ORIENTED_EDGE ( 'NONE', *, *, #8283, .F. ) ;
#1875 = EDGE_CURVE ( 'NONE', #3481, #6793, #1584, .T. ) ;
#1876 = EDGE_LOOP ( 'NONE', ( #6745, #4312 ) ) ;
#1877 = CARTESIAN_POINT ( 'NONE',  ( 485.0000000000000000, 0.000000000000000000, -15.00000000000012434 ) ) ;
#1878 = VERTEX_POINT ( 'NONE', #4128 ) ;
#1879 = VERTEX_POINT ( 'NONE', #7751 ) ;
#1880 = AXIS2_PLACEMENT_3D ( 'NONE', #2806, #5620, #1221 ) ;
#1881 = FACE_OUTER_BOUND ( 'NONE', #3585, .T. ) ;
#1882 = VERTEX_POINT ( 'NONE', #267 ) ;
#1883 = CARTESIAN_POINT ( 'NONE',  ( 55.99999999999997158, 195.0000000000000000, 9.500000000000000000 ) ) ;
#1884 = AXIS2_PLACEMENT_3D ( 'NONE', #1369, #5570, #3365 ) ;
#1885 = ORIENTED_EDGE ( 'NONE', *, *, #8498, .T. ) ;
#1886 = ADVANCED_FACE ( 'NONE', ( #6815 ), #4001, .F. ) ;
#1887 = PRODUCT_DEFINITION_SHAPE ( 'NONE', 'NONE',  #9685 ) ;
#1888 = CARTESIAN_POINT ( 'NONE',  ( 0.000000000000000000, 13.99999999999999822, 4.500000000000061284 ) ) ;
#1889 = EDGE_CURVE ( 'NONE', #5038, #5739, #5309, .T. ) ;
#1890 =( REPRESENTATION_RELATIONSHIP ('NONE','NONE', #5015, #8198 ) REPRESENTATION_RELATIONSHIP_WITH_TRANSFORMATION ( #3493 )SHAPE_REPRESENTATION_RELATIONSHIP( ) );
#1891 = AXIS2_PLACEMENT_3D ( 'NONE', #4934, #1261, #2018 ) ;
#1892 = SURFACE_SIDE_STYLE ('',( #5385 ) ) ;
#1893 = CARTESIAN_POINT ( 'NONE',  ( 458.2248997586822270, 80.02515454732132127, -4.040859796849234797 ) ) ;
#1894 = ORIENTED_EDGE ( 'NONE', *, *, #537, .T. ) ;
#1895 = DIRECTION ( 'NONE',  ( 1.000000000000000000, 9.860761315262647568E-32, 4.440892098500629120E-16 ) ) ;
#1896 = CARTESIAN_POINT ( 'NONE',  ( 152.4999999999999716, 272.0000000000000000, 15.00000000000001421 ) ) ;
#1897 = AXIS2_PLACEMENT_3D ( 'NONE', #8138, #752, #3 ) ;
#1898 = CARTESIAN_POINT ( 'NONE',  ( 450.9999999999999432, 78.00000000000001421, 15.00000000000001421 ) ) ;
#1899 = ORIENTED_EDGE ( 'NONE', *, *, #4455, .F. ) ;
#1900 = ADVANCED_FACE ( 'NONE', ( #4729 ), #3325, .F. ) ;
#1901 = EDGE_CURVE ( 'NONE', #696, #9471, #1243, .T. ) ;
#1902 = DIRECTION ( 'NONE',  ( 0.000000000000000000, 0.000000000000000000, -1.000000000000000000 ) ) ;
#1903 = DIRECTION ( 'NONE',  ( 1.000000000000000000, 0.000000000000000000, 0.000000000000000000 ) ) ;
#1904 = EDGE_CURVE ( 'NONE', #6044, #1967, #4371, .T. ) ;
#1905 = ORIENTED_EDGE ( 'NONE', *, *, #7985, .F. ) ;
#1906 = CARTESIAN_POINT ( 'NONE',  ( 373.0000000000000000, 323.0000000000000000, -14.00000000000001243 ) ) ;
#1907 = CARTESIAN_POINT ( 'NONE',  ( 277.9999999999998863, 272.0000000000000000, 15.00000000000001421 ) ) ;
#1908 = ORIENTED_EDGE ( 'NONE', *, *, #1432, .T. ) ;
#1909 = CARTESIAN_POINT ( 'NONE',  ( 100.9999999999999716, 195.0000000000000000, 18.50000000000000711 ) ) ;
#1910 = EDGE_LOOP ( 'NONE', ( #2751, #6132 ) ) ;
#1911 = CARTESIAN_POINT ( 'NONE',  ( 117.0000000000000000, 323.0000000000000000, 15.00000000000001421 ) ) ;
#1912 = UNCERTAINTY_MEASURE_WITH_UNIT (LENGTH_MEASURE( 1.000000000000000082E-05 ), #2073, 'distance_accuracy_value', 'NONE');
#1913 =( REPRESENTATION_RELATIONSHIP ('NONE','NONE', #5015, #8136 ) REPRESENTATION_RELATIONSHIP_WITH_TRANSFORMATION ( #423 )SHAPE_REPRESENTATION_RELATIONSHIP( ) );
#1914 = EDGE_LOOP ( 'NONE', ( #97, #4830 ) ) ;
#1915 = AXIS2_PLACEMENT_3D ( 'NONE', #3647, #8762, #4317 ) ;
#1916 = FILL_AREA_STYLE ('',( #3444 ) ) ;
#1917 =( GEOMETRIC_REPRESENTATION_CONTEXT ( 3 ) GLOBAL_UNCERTAINTY_ASSIGNED_CONTEXT ( ( #149 ) ) GLOBAL_UNIT_ASSIGNED_CONTEXT ( ( #8689, #4988, #8748 ) ) REPRESENTATION_CONTEXT ( 'NONE', 'WORKASPACE' ) );
#1918 = DIRECTION ( 'NONE',  ( 0.000000000000000000, 0.000000000000000000, 1.000000000000000000 ) ) ;
#1919 = CARTESIAN_POINT ( 'NONE',  ( 458.0194444435505829, 75.35130901694934380, -10.50831425655677265 ) ) ;
#1920 = CARTESIAN_POINT ( 'NONE',  ( 767.4999999999998863, 13.99999999999999822, 7.500000000000062172 ) ) ;
#1921 =( LENGTH_UNIT ( ) NAMED_UNIT ( * ) SI_UNIT ( .MILLI., .METRE. ) );
#1922 = FACE_OUTER_BOUND ( 'NONE', #3980, .T. ) ;
#1923 = ORIENTED_EDGE ( 'NONE', *, *, #120, .F. ) ;
#1924 = CARTESIAN_POINT ( 'NONE',  ( 92.00000000000052580, 42.00000000000003553, 0.000000000000000000 ) ) ;
#1925 = VERTEX_POINT ( 'NONE', #359 ) ;
#1926 = UNCERTAINTY_MEASURE_WITH_UNIT (LENGTH_MEASURE( 1.000000000000000082E-05 ), #375, 'distance_accuracy_value', 'NONE');
#1927 = EDGE_LOOP ( 'NONE', ( #8660, #6390, #3735, #5094 ) ) ;
#1928 = DIRECTION ( 'NONE',  ( 4.440892098500626162E-16, -6.938893903907225296E-18, 1.000000000000000000 ) ) ;
#1929 = DIRECTION ( 'NONE',  ( 1.000000000000000000, 0.000000000000000000, 0.000000000000000000 ) ) ;
#1930 = ADVANCED_FACE ( 'NONE', ( #3469 ), #6244, .T. ) ;
#1931 = DIRECTION ( 'NONE',  ( 1.000000000000000000, 0.000000000000000000, 0.000000000000000000 ) ) ;
#1932 = EDGE_CURVE ( 'NONE', #9130, #816, #6352, .T. ) ;
#1933 = DIRECTION ( 'NONE',  ( -0.000000000000000000, 0.000000000000000000, 1.000000000000000000 ) ) ;
#1934 = FACE_OUTER_BOUND ( 'NONE', #5331, .T. ) ;
#1935 = EDGE_LOOP ( 'NONE', ( #3993, #2121 ) ) ;
#1936 = SURFACE_SIDE_STYLE ('',( #6467 ) ) ;
#1937 = SHAPE_REPRESENTATION ( 'A760250-ESTANTESMO', ( #2670 ), #7064 ) ;
#1938 = EDGE_LOOP ( 'NONE', ( #759, #2391 ) ) ;
#1939 = DIRECTION ( 'NONE',  ( 0.000000000000000000, 0.000000000000000000, 1.000000000000000000 ) ) ;
#1940 = CIRCLE ( 'NONE', #2177, 2.500000000000002220 ) ;
#1941 = EDGE_CURVE ( 'NONE', #7889, #8028, #8911, .T. ) ;
#1942 = ORIENTED_EDGE ( 'NONE', *, *, #1330, .T. ) ;
#1943 = DIRECTION ( 'NONE',  ( 1.000000000000000000, 0.000000000000000000, 0.000000000000000000 ) ) ;
#1944 = CIRCLE ( 'NONE', #4948, 4.000000000000006217 ) ;
#1945 = LINE ( 'NONE', #8694, #9618 ) ;
#1946 = EDGE_LOOP ( 'NONE', ( #4297, #665 ) ) ;
#1947 = PRESENTATION_LAYER_ASSIGNMENT (  '', '', ( #1245 ) ) ;
#1948 = DIRECTION ( 'NONE',  ( 1.000000000000000000, 0.000000000000000000, 0.000000000000000000 ) ) ;
#1949 = ADVANCED_FACE ( 'NONE', ( #9276 ), #393, .F. ) ;
#1950 = DIRECTION ( 'NONE',  ( 1.000000000000000000, 0.000000000000000000, 0.000000000000000000 ) ) ;
#1951 = VECTOR ( 'NONE', #3966, 1000.000000000000000 ) ;
#1952 =( NAMED_UNIT ( * ) SI_UNIT ( $, .STERADIAN. ) SOLID_ANGLE_UNIT ( ) );
#1953 = AXIS2_PLACEMENT_3D ( 'NONE', #1037, #1826, #7085 ) ;
#1954 = DIRECTION ( 'NONE',  ( -0.000000000000000000, 0.000000000000000000, 1.000000000000000000 ) ) ;
#1955 = DIRECTION ( 'NONE',  ( 1.000000000000000000, 0.000000000000000000, 0.000000000000000000 ) ) ;
#1956 = CARTESIAN_POINT ( 'NONE',  ( 0.000000000000000000, 187.9999999999999432, 3.999999999999670486 ) ) ;
#1957 = CIRCLE ( 'NONE', #7485, 2.499999999999946709 ) ;
#1958 = LINE ( 'NONE', #4423, #3575 ) ;
#1959 = LINE ( 'NONE', #2364, #5437 ) ;
#1960 = FACE_OUTER_BOUND ( 'NONE', #5126, .T. ) ;
#1961 = CARTESIAN_POINT ( 'NONE',  ( 0.000000000000000000, 0.000000000000000000, 0.000000000000000000 ) ) ;
#1962 = CARTESIAN_POINT ( 'NONE',  ( 458.0185965569544919, 304.6509577983651980, -4.493635309432050917 ) ) ;
#1963 = EDGE_LOOP ( 'NONE', ( #4990, #5597, #3722, #778 ) ) ;
#1964 = FACE_OUTER_BOUND ( 'NONE', #2396, .T. ) ;
#1965 = DIRECTION ( 'NONE',  ( 0.000000000000000000, 0.000000000000000000, 1.000000000000000000 ) ) ;
#1966 = CARTESIAN_POINT ( 'NONE',  ( 0.000000000000000000, 511.0000000000000000, 3.000000000000002665 ) ) ;
#1967 = VERTEX_POINT ( 'NONE', #999 ) ;
#1968 = VECTOR ( 'NONE', #2210, 1000.000000000000000 ) ;
#1969 = CIRCLE ( 'NONE', #8082, 3.000000000000002665 ) ;
#1970 = EDGE_CURVE ( 'NONE', #3212, #6793, #5547, .T. ) ;
#1971 = DIRECTION ( 'NONE',  ( -0.000000000000000000, -0.000000000000000000, -1.000000000000000000 ) ) ;
#1972 = EDGE_LOOP ( 'NONE', ( #2828, #6476, #6994, #4889 ) ) ;
#1973 = EDGE_CURVE ( 'NONE', #6421, #2149, #4845, .T. ) ;
#1974 = EDGE_LOOP ( 'NONE', ( #6668, #4250, #2575, #2597 ) ) ;
#1975 = VECTOR ( 'NONE', #3089, 1000.000000000000000 ) ;
#1976 = CARTESIAN_POINT ( 'NONE',  ( 674.0000000000010232, 298.0000000000004547, 9.000000000000007105 ) ) ;
#1977 = ORIENTED_EDGE ( 'NONE', *, *, #4399, .T. ) ;
#1978 = AXIS2_PLACEMENT_3D ( 'NONE', #4470, #5234, #123 ) ;
#1979 = VERTEX_POINT ( 'NONE', #4966 ) ;
#1980 = ADVANCED_FACE ( 'NONE', ( #6941, #4961, #8438, #2775, #3002, #9515, #7278, #1475, #6004, #3569, #2658, #2544, #1000, #503, #4603 ), #486, .F. ) ;
#1981 = LINE ( 'NONE', #9373, #9653 ) ;
#1982 = DIRECTION ( 'NONE',  ( -1.000000000000000000, 0.000000000000000000, 0.000000000000000000 ) ) ;
#1983 = ITEM_DEFINED_TRANSFORMATION ( 'NONE', 'NONE', #4387,  #2670 ) ;
#1984 = ORIENTED_EDGE ( 'NONE', *, *, #5996, .F. ) ;
#1985 = CIRCLE ( 'NONE', #9213, 2.500000000000002220 ) ;
#1986 = SURFACE_STYLE_USAGE ( .BOTH. , #7803 ) ;
#1987 = ORIENTED_EDGE ( 'NONE', *, *, #8516, .F. ) ;
#1988 = EDGE_LOOP ( 'NONE', ( #2153, #2506, #8100, #4513 ) ) ;
#1989 = DIRECTION ( 'NONE',  ( 0.000000000000000000, 0.000000000000000000, -1.000000000000000000 ) ) ;
#1990 = VERTEX_POINT ( 'NONE', #9418 ) ;
#1991 = ORIENTED_EDGE ( 'NONE', *, *, #2839, .F. ) ;
#1992 = FACE_OUTER_BOUND ( 'NONE', #1198, .T. ) ;
#1993 = EDGE_CURVE ( 'NONE', #6733, #1820, #4259, .T. ) ;
#1994 = AXIS2_PLACEMENT_3D ( 'NONE', #976, #3865, #877 ) ;
#1995 = ORIENTED_EDGE ( 'NONE', *, *, #8338, .T. ) ;
#1996 = CARTESIAN_POINT ( 'NONE',  ( -5.551115123125782702E-14, 140.0000000000000000, 3.999999999999781508 ) ) ;
#1997 = ORIENTED_EDGE ( 'NONE', *, *, #5698, .T. ) ;
#1998 = ORIENTED_EDGE ( 'NONE', *, *, #2515, .T. ) ;
#1999 = ADVANCED_FACE ( 'NONE', ( #7504 ), #5665, .T. ) ;
#2000 = CIRCLE ( 'NONE', #7846, 13.00000000000001066 ) ;
#2001 = DIRECTION ( 'NONE',  ( 1.000000000000000000, 0.000000000000000000, 0.000000000000000000 ) ) ;
#2002 = CARTESIAN_POINT ( 'NONE',  ( 451.9999999999998863, 187.9999999999999432, 2.220446049250313081E-13 ) ) ;
#2003 = EDGE_CURVE ( 'NONE', #9125, #3829, #3344, .T. ) ;
#2004 = AXIS2_PLACEMENT_3D ( 'NONE', #7960, #9468, #3539 ) ;
#2005 = ORIENTED_EDGE ( 'NONE', *, *, #3436, .F. ) ;
#2006 = CARTESIAN_POINT ( 'NONE',  ( 216.4999999999999716, 47.99999999999998579, -3.000000000000113687 ) ) ;
#2007 = PRODUCT_DEFINITION_CONTEXT ( 'detailed design', #922, 'design' ) ;
#2008 = AXIS2_PLACEMENT_3D ( 'NONE', #8515, #1810, #7732 ) ;
#2009 = EDGE_CURVE ( 'NONE', #1429, #4689, #3111, .T. ) ;
#2010 = AXIS2_PLACEMENT_3D ( 'NONE', #7571, #8303, #9180 ) ;
#2011 =( LENGTH_UNIT ( ) NAMED_UNIT ( * ) SI_UNIT ( .MILLI., .METRE. ) );
#2012 = EDGE_LOOP ( 'NONE', ( #700, #6049, #5485, #1760 ) ) ;
#2013 = CARTESIAN_POINT ( 'NONE',  ( 457.4737954746955211, 74.21142528852992371, -6.190759810218990467 ) ) ;
#2014 = DIRECTION ( 'NONE',  ( -0.000000000000000000, 0.000000000000000000, 1.000000000000000000 ) ) ;
#2015 = ORIENTED_EDGE ( 'NONE', *, *, #6494, .T. ) ;
#2016 = ORIENTED_EDGE ( 'NONE', *, *, #8095, .T. ) ;
#2017 = AXIS2_PLACEMENT_3D ( 'NONE', #8470, #291, #4119 ) ;
#2018 = DIRECTION ( 'NONE',  ( 0.000000000000000000, 0.000000000000000000, 1.000000000000000000 ) ) ;
#2019 = VERTEX_POINT ( 'NONE', #7179 ) ;
#2020 = ADVANCED_FACE ( 'NONE', ( #7171 ), #3494, .T. ) ;
#2021 = DIRECTION ( 'NONE',  ( 1.000000000000000000, 0.000000000000000000, 0.000000000000000000 ) ) ;
#2022 = CARTESIAN_POINT ( 'NONE',  ( 457.3611216232057473, 305.9736517227242985, -6.970386288874834690 ) ) ;
#2023 = EDGE_LOOP ( 'NONE', ( #2214, #7519 ) ) ;
#2024 = EDGE_CURVE ( 'NONE', #3937, #3940, #6471, .T. ) ;
#2025 = ORIENTED_EDGE ( 'NONE', *, *, #7084, .T. ) ;
#2026 = DIRECTION ( 'NONE',  ( 0.000000000000000000, 1.000000000000000000, 0.000000000000000000 ) ) ;
#2027 = CARTESIAN_POINT ( 'NONE',  ( 632.0000000000010232, 42.00000000000014921, 15.00000000000001421 ) ) ;
#2028 = EDGE_CURVE ( 'NONE', #5905, #64, #7962, .T. ) ;
#2029 = AXIS2_PLACEMENT_3D ( 'NONE', #8547, #2539, #8514 ) ;
#2030 = PLANE ( 'NONE',  #3077 ) ;
#2031 = VERTEX_POINT ( 'NONE', #4544 ) ;
#2032 = DIRECTION ( 'NONE',  ( 0.000000000000000000, 0.000000000000000000, -1.000000000000000000 ) ) ;
#2033 = ORIENTED_EDGE ( 'NONE', *, *, #5445, .T. ) ;
#2034 = PRODUCT_DEFINITION_SHAPE ( 'NONE', 'NONE',  #9683 ) ;
#2035 = DIRECTION ( 'NONE',  ( -0.000000000000000000, -0.000000000000000000, -1.000000000000000000 ) ) ;
#2036 = ADVANCED_FACE ( 'NONE', ( #8679 ), #7735, .F. ) ;
#2037 = CYLINDRICAL_SURFACE ( 'NONE', #4662, 4.000000000000006217 ) ;
#2038 = CARTESIAN_POINT ( 'NONE',  ( 147.4999999999999716, 47.99999999999998579, 15.00000000000001421 ) ) ;
#2039 = LINE ( 'NONE', #3641, #5751 ) ;
#2040 = EDGE_LOOP ( 'NONE', ( #1923, #1085, #3985, #512 ) ) ;
#2041 = EDGE_CURVE ( 'NONE', #1925, #6655, #5772, .T. ) ;
#2042 = CARTESIAN_POINT ( 'NONE',  ( 0.5000000000000073275, 15.00000000000000000, 5.551115123125782702E-14 ) ) ;
#2043 = PRODUCT_DEFINITION_FORMATION_WITH_SPECIFIED_SOURCE ( 'ANY', '', #2913, .NOT_KNOWN. ) ;
#2044 = EDGE_LOOP ( 'NONE', ( #2802, #2577 ) ) ;
#2045 = CARTESIAN_POINT ( 'NONE',  ( 457.4730504942251059, 74.21012179958449906, -8.805946953358892770 ) ) ;
#2046 = CARTESIAN_POINT ( 'NONE',  ( 8.000000000000007105, 78.00000000000001421, 15.00000000000001421 ) ) ;
#2047 = VECTOR ( 'NONE', #5474, 1000.000000000000000 ) ;
#2048 = CIRCLE ( 'NONE', #2283, 2.500000000000002220 ) ;
#2049 = CIRCLE ( 'NONE', #5110, 4.000000000000007105 ) ;
#2050 = CARTESIAN_POINT ( 'NONE',  ( 458.4999999999999432, 302.0000000000000000, -1.500000000000056843 ) ) ;
#2051 = AXIS2_PLACEMENT_3D ( 'NONE', #7709, #9235, #378 ) ;
#2052 = DIRECTION ( 'NONE',  ( -0.000000000000000000, -0.000000000000000000, -1.000000000000000000 ) ) ;
#2053 = CARTESIAN_POINT ( 'NONE',  ( 457.8706551132594313, 305.0136666936377878, -10.14259942229802292 ) ) ;
#2054 = ORIENTED_EDGE ( 'NONE', *, *, #5503, .T. ) ;
#2055 = CARTESIAN_POINT ( 'NONE',  ( 131.0000000000000000, 190.0000000000000000, 12.00000000000001066 ) ) ;
#2056 = CIRCLE ( 'NONE', #5728, 4.000000000000003553 ) ;
#2057 = LINE ( 'NONE', #2678, #2767 ) ;
#2058 = CARTESIAN_POINT ( 'NONE',  ( 457.3615938947220911, 298.0271028140447243, 6.965220143283905152 ) ) ;
#2059 = DIRECTION ( 'NONE',  ( -0.000000000000000000, 0.000000000000000000, 1.000000000000000000 ) ) ;
#2060 = VECTOR ( 'NONE', #9242, 1000.000000000000000 ) ;
#2061 = EDGE_CURVE ( 'NONE', #3937, #5182, #2295, .T. ) ;
#2062 = DIRECTION ( 'NONE',  ( 0.000000000000000000, 0.000000000000000000, 1.000000000000000000 ) ) ;
#2063 = PLANE ( 'NONE',  #6121 ) ;
#2064 = VECTOR ( 'NONE', #2563, 1000.000000000000000 ) ;
#2065 = FACE_OUTER_BOUND ( 'NONE', #4395, .T. ) ;
#2066 = AXIS2_PLACEMENT_3D ( 'NONE', #6111, #4618, #6157 ) ;
#2067 = ADVANCED_FACE ( 'NONE', ( #620 ), #1112, .F. ) ;
#2068 = CARTESIAN_POINT ( 'NONE',  ( 136.6601222926954904, 195.0000000000000000, 0.000000000000000000 ) ) ;
#2069 = CARTESIAN_POINT ( 'NONE',  ( 670.0000000000010232, 42.00000000000014921, 15.00000000000001421 ) ) ;
#2070 = LINE ( 'NONE', #4796, #9517 ) ;
#2071 = CYLINDRICAL_SURFACE ( 'NONE', #122, 6.000000000000005329 ) ;
#2072 = EDGE_LOOP ( 'NONE', ( #3999, #2016 ) ) ;
#2073 =( LENGTH_UNIT ( ) NAMED_UNIT ( * ) SI_UNIT ( .MILLI., .METRE. ) );
#2074 = VECTOR ( 'NONE', #4715, 1000.000000000000000 ) ;
#2075 = CARTESIAN_POINT ( 'NONE',  ( 46.00000000000004263, 48.00000000000009948, 15.00000000000001421 ) ) ;
#2076 = CIRCLE ( 'NONE', #6794, 2.499999999999995115 ) ;
#2077 = DIRECTION ( 'NONE',  ( 1.000000000000000000, -0.000000000000000000, -1.324216393875425342E-16 ) ) ;
#2078 = EDGE_CURVE ( 'NONE', #5348, #8217, #1830, .T. ) ;
#2079 = ORIENTED_EDGE ( 'NONE', *, *, #808, .T. ) ;
#2080 = DIRECTION ( 'NONE',  ( 1.000000000000000000, 0.000000000000000000, 0.000000000000000000 ) ) ;
#2081 = ORIENTED_EDGE ( 'NONE', *, *, #3872, .T. ) ;
#2082 = DIRECTION ( 'NONE',  ( 0.000000000000000000, 0.000000000000000000, 1.000000000000000000 ) ) ;
#2083 = ORIENTED_EDGE ( 'NONE', *, *, #2425, .T. ) ;
#2084 = FACE_OUTER_BOUND ( 'NONE', #7679, .T. ) ;
#2085 = LINE ( 'NONE', #6273, #8088 ) ;
#2086 = ADVANCED_FACE ( 'NONE', ( #6578 ), #5188, .F. ) ;
#2087 = DIRECTION ( 'NONE',  ( 1.000000000000000000, 0.000000000000000000, 0.000000000000000000 ) ) ;
#2088 = EDGE_LOOP ( 'NONE', ( #9379, #894 ) ) ;
#2089 = CIRCLE ( 'NONE', #9402, 3.000000000000004441 ) ;
#2090 = ORIENTED_EDGE ( 'NONE', *, *, #3642, .T. ) ;
#2091 = ORIENTED_EDGE ( 'NONE', *, *, #5640, .F. ) ;
#2092 = VERTEX_POINT ( 'NONE', #3748 ) ;
#2093 = FACE_OUTER_BOUND ( 'NONE', #6790, .T. ) ;
#2094 = DIRECTION ( 'NONE',  ( -1.000000000000000000, 0.000000000000000000, 0.000000000000000000 ) ) ;
#2095 = CIRCLE ( 'NONE', #1828, 3.000000000000002665 ) ;
#2096 = SURFACE_SIDE_STYLE ('',( #621 ) ) ;
#2097 = PRODUCT ( 'A760250-COSTADOSCO', 'A760250-COSTADOSCO', '', ( #8383 ) ) ;
#2098 = ITEM_DEFINED_TRANSFORMATION ( 'NONE', 'NONE', #195,  #2670 ) ;
#2099 = AXIS2_PLACEMENT_3D ( 'NONE', #7344, #5144, #8170 ) ;
#2100 = VERTEX_POINT ( 'NONE', #2217 ) ;
#2101 = CIRCLE ( 'NONE', #3855, 2.500000000000002220 ) ;
#2102 = ORIENTED_EDGE ( 'NONE', *, *, #3171, .T. ) ;
#2103 =( GEOMETRIC_REPRESENTATION_CONTEXT ( 3 ) GLOBAL_UNCERTAINTY_ASSIGNED_CONTEXT ( ( #7490 ) ) GLOBAL_UNIT_ASSIGNED_CONTEXT ( ( #347, #7137, #2714 ) ) REPRESENTATION_CONTEXT ( 'NONE', 'WORKASPACE' ) );
#2104 = ORIENTED_EDGE ( 'NONE', *, *, #9212, .F. ) ;
#2105 = EDGE_LOOP ( 'NONE', ( #6877, #5845, #733, #5811 ) ) ;
#2106 = CARTESIAN_POINT ( 'NONE',  ( -5.551115123125782702E-14, 236.0000000000000000, 4.000000000000003553 ) ) ;
#2107 = CARTESIAN_POINT ( 'NONE',  ( 136.6601222926955188, 195.0000000000000568, 0.000000000000000000 ) ) ;
#2108 = CIRCLE ( 'NONE', #4060, 4.000000000000023981 ) ;
#2109 =( NAMED_UNIT ( * ) PLANE_ANGLE_UNIT ( ) SI_UNIT ( $, .RADIAN. ) );
#2110 = CARTESIAN_POINT ( 'NONE',  ( 122.0000000000003268, 35.99999999999997868, 15.00000000000001421 ) ) ;
#2111 = CARTESIAN_POINT ( 'NONE',  ( 213.9999999999999716, 47.99999999999998579, 3.000000000000002665 ) ) ;
#2112 = CIRCLE ( 'NONE', #2349, 3.000000000000002665 ) ;
#2113 = DIRECTION ( 'NONE',  ( 1.000000000000000000, 0.000000000000000000, 0.000000000000000000 ) ) ;
#2114 = DIRECTION ( 'NONE',  ( -1.000000000000000000, 0.000000000000000000, 0.000000000000000000 ) ) ;
#2115 = ORIENTED_EDGE ( 'NONE', *, *, #484, .F. ) ;
#2116 = EDGE_CURVE ( 'NONE', #4458, #6285, #7623, .T. ) ;
#2117 = PLANE ( 'NONE',  #7475 ) ;
#2118 = CARTESIAN_POINT ( 'NONE',  ( 598.0000000000010232, 304.0000000000006821, 9.000000000000007105 ) ) ;
#2119 = DIRECTION ( 'NONE',  ( 1.000000000000000000, 0.000000000000000000, 0.000000000000000000 ) ) ;
#2120 = DIRECTION ( 'NONE',  ( 0.000000000000000000, 0.000000000000000000, -1.000000000000000000 ) ) ;
#2121 = ORIENTED_EDGE ( 'NONE', *, *, #6374, .F. ) ;
#2122 = CARTESIAN_POINT ( 'NONE',  ( 451.9999999999998863, 191.9999999999999432, 4.000000000000225597 ) ) ;
#2123 = CARTESIAN_POINT ( 'NONE',  ( 84.99999999999997158, 323.0000000000000000, -14.00000000000001243 ) ) ;
#2124 = EDGE_CURVE ( 'NONE', #9343, #200, #3912, .T. ) ;
#2125 = EDGE_CURVE ( 'NONE', #6293, #7253, #9625, .T. ) ;
#2126 = CARTESIAN_POINT ( 'NONE',  ( 458.0183263918110583, 299.3483637454767745, 4.494287997055400830 ) ) ;
#2127 = DIRECTION ( 'NONE',  ( 1.000000000000000000, 0.000000000000000000, 0.000000000000000000 ) ) ;
#2128 = ORIENTED_EDGE ( 'NONE', *, *, #5871, .F. ) ;
#2129 = DIRECTION ( 'NONE',  ( 0.000000000000000000, 0.000000000000000000, -1.000000000000000000 ) ) ;
#2130 = ORIENTED_EDGE ( 'NONE', *, *, #4372, .T. ) ;
#2131 = AXIS2_PLACEMENT_3D ( 'NONE', #9678, #4450, #2230 ) ;
#2132 = ADVANCED_FACE ( 'NONE', ( #155 ), #9401, .F. ) ;
#2133 = CARTESIAN_POINT ( 'NONE',  ( 458.4999999999999432, 78.00000000000001421, -15.00000000000012434 ) ) ;
#2134 = VERTEX_POINT ( 'NONE', #4472 ) ;
#2135 = DIRECTION ( 'NONE',  ( 1.000000000000000000, 0.000000000000000000, 0.000000000000000000 ) ) ;
#2136 = DIRECTION ( 'NONE',  ( 1.000000000000000000, 0.000000000000000000, 0.000000000000000000 ) ) ;
#2137 = CARTESIAN_POINT ( 'NONE',  ( 800.0000000000000000, 380.0000000000000000, 15.00000000000001421 ) ) ;
#2138 = CARTESIAN_POINT ( 'NONE',  ( 0.000000000000000000, 0.000000000000000000, -3.000000000000113687 ) ) ;
#2139 = ORIENTED_EDGE ( 'NONE', *, *, #6408, .T. ) ;
#2140 = SURFACE_STYLE_USAGE ( .BOTH. , #6576 ) ;
#2141 = EDGE_LOOP ( 'NONE', ( #3594, #2842, #6670, #5417 ) ) ;
#2142 = AXIS2_PLACEMENT_3D ( 'NONE', #1087, #1393, #6208 ) ;
#2143 = DIRECTION ( 'NONE',  ( -1.000000000000000000, 0.000000000000000000, 0.000000000000000000 ) ) ;
#2144 = CARTESIAN_POINT ( 'NONE',  ( 0.000000000000000000, 0.000000000000000000, 15.00000000000001421 ) ) ;
#2145 = CARTESIAN_POINT ( 'NONE',  ( 629.0000000000010232, 170.0000000000001990, 15.00000000000001421 ) ) ;
#2146 = EDGE_CURVE ( 'NONE', #2516, #8226, #2174, .T. ) ;
#2147 = FACE_BOUND ( 'NONE', #5691, .T. ) ;
#2148 = EDGE_CURVE ( 'NONE', #2737, #9140, #3562, .T. ) ;
#2149 = VERTEX_POINT ( 'NONE', #3771 ) ;
#2150 = DIRECTION ( 'NONE',  ( 0.000000000000000000, 1.000000000000000000, 0.000000000000000000 ) ) ;
#2151 = CARTESIAN_POINT ( 'NONE',  ( 46.00000000000002842, 42.00000000000014921, 0.000000000000000000 ) ) ;
#2152 = EDGE_CURVE ( 'NONE', #5282, #59, #1236, .T. ) ;
#2153 = ORIENTED_EDGE ( 'NONE', *, *, #8280, .F. ) ;
#2154 = VERTEX_POINT ( 'NONE', #1556 ) ;
#2155 = AXIS2_PLACEMENT_3D ( 'NONE', #5584, #1152, #8449 ) ;
#2156 = AXIS2_PLACEMENT_3D ( 'NONE', #1056, #4630, #2480 ) ;
#2157 = CARTESIAN_POINT ( 'NONE',  ( 5.500000000000011546, 302.0000000000000568, 15.00000000000001421 ) ) ;
#2158 = LINE ( 'NONE', #5207, #3321 ) ;
#2159 = ORIENTED_EDGE ( 'NONE', *, *, #5960, .T. ) ;
#2160 = DIRECTION ( 'NONE',  ( 1.000000000000000000, 0.000000000000000000, 0.000000000000000000 ) ) ;
#2161 = CARTESIAN_POINT ( 'NONE',  ( 0.000000000000000000, 46.00000000000005684, 10.50000000000006573 ) ) ;
#2162 = DIRECTION ( 'NONE',  ( -1.000000000000000000, 0.000000000000000000, 0.000000000000000000 ) ) ;
#2163 = ORIENTED_EDGE ( 'NONE', *, *, #7520, .F. ) ;
#2164 = EDGE_CURVE ( 'NONE', #3947, #3869, #6695, .T. ) ;
#2165 = CYLINDRICAL_SURFACE ( 'NONE', #4536, 2.499999999999946709 ) ;
#2166 = VERTEX_POINT ( 'NONE', #31 ) ;
#2167 = CIRCLE ( 'NONE', #9132, 4.000000000000006217 ) ;
#2168 = DIRECTION ( 'NONE',  ( 0.000000000000000000, 1.000000000000000000, 0.000000000000000000 ) ) ;
#2169 = FILL_AREA_STYLE ('',( #9057 ) ) ;
#2170 = PRODUCT_DEFINITION ( 'UNKNOWN', '', #7689, #4478 ) ;
#2171 = ORIENTED_EDGE ( 'NONE', *, *, #6624, .T. ) ;
#2172 = DIRECTION ( 'NONE',  ( -1.000000000000000000, 0.000000000000000000, 0.000000000000000000 ) ) ;
#2173 = DIRECTION ( 'NONE',  ( 1.000000000000000000, 9.860761315262647568E-32, 4.440892098500629120E-16 ) ) ;
#2174 = LINE ( 'NONE', #6682, #7853 ) ;
#2175 = FACE_OUTER_BOUND ( 'NONE', #2324, .T. ) ;
#2176 = DIRECTION ( 'NONE',  ( -1.000000000000000000, 0.000000000000000000, 0.000000000000000000 ) ) ;
#2177 = AXIS2_PLACEMENT_3D ( 'NONE', #8693, #1164, #7839 ) ;
#2178 = DIRECTION ( 'NONE',  ( 4.440892098500626162E-16, -6.938893903907225296E-18, 1.000000000000000000 ) ) ;
#2179 = ADVANCED_FACE ( 'NONE', ( #7268 ), #7391, .F. ) ;
#2180 = FACE_OUTER_BOUND ( 'NONE', #6396, .T. ) ;
#2181 = DIRECTION ( 'NONE',  ( -4.440892098500629120E-16, -6.938893903907225296E-18, 1.000000000000000000 ) ) ;
#2182 = LINE ( 'NONE', #2823, #6249 ) ;
#2183 = CIRCLE ( 'NONE', #8843, 6.000000000000005329 ) ;
#2184 = LINE ( 'NONE', #5275, #7860 ) ;
#2185 = CARTESIAN_POINT ( 'NONE',  ( 800.0000000000000000, 380.0000000000000000, 0.000000000000000000 ) ) ;
#2186 = DIRECTION ( 'NONE',  ( -4.440892098500626162E-16, 6.938893903907225296E-18, -1.000000000000000000 ) ) ;
#2187 = ORIENTED_EDGE ( 'NONE', *, *, #4414, .F. ) ;
#2188 = EDGE_CURVE ( 'NONE', #4926, #2916, #6929, .T. ) ;
#2189 = LINE ( 'NONE', #2960, #171 ) ;
#2190 = VERTEX_POINT ( 'NONE', #3088 ) ;
#2191 = AXIS2_PLACEMENT_3D ( 'NONE', #830, #5410, #939 ) ;
#2192 = ORIENTED_EDGE ( 'NONE', *, *, #8186, .T. ) ;
#2193 = FACE_OUTER_BOUND ( 'NONE', #407, .T. ) ;
#2194 = FACE_OUTER_BOUND ( 'NONE', #1963, .T. ) ;
#2195 = DIRECTION ( 'NONE',  ( -1.000000000000000000, 0.000000000000000000, -4.003208021484936073E-16 ) ) ;
#2196 = ORIENTED_EDGE ( 'NONE', *, *, #9663, .T. ) ;
#2197 = VECTOR ( 'NONE', #1083, 1000.000000000000000 ) ;
#2198 = DIRECTION ( 'NONE',  ( 1.000000000000000000, 0.000000000000000000, 0.000000000000000000 ) ) ;
#2199 = EDGE_LOOP ( 'NONE', ( #4451, #8513 ) ) ;
#2200 = PLANE ( 'NONE',  #4771 ) ;
#2201 = ORIENTED_EDGE ( 'NONE', *, *, #2124, .F. ) ;
#2202 = FACE_OUTER_BOUND ( 'NONE', #2957, .T. ) ;
#2203 = FACE_OUTER_BOUND ( 'NONE', #4642, .T. ) ;
#2204 = DIRECTION ( 'NONE',  ( 1.000000000000000000, 0.000000000000000000, 0.000000000000000000 ) ) ;
#2205 = EDGE_CURVE ( 'NONE', #3071, #8393, #1706, .T. ) ;
#2206 = CARTESIAN_POINT ( 'NONE',  ( 0.000000000000000000, 0.000000000000000000, 3.000000000000002665 ) ) ;
#2207 = EDGE_CURVE ( 'NONE', #8317, #5392, #8905, .T. ) ;
#2208 = EDGE_LOOP ( 'NONE', ( #5661, #3525 ) ) ;
#2209 = LINE ( 'NONE', #8903, #1397 ) ;
#2210 = DIRECTION ( 'NONE',  ( 0.000000000000000000, 1.000000000000000000, -0.000000000000000000 ) ) ;
#2211 = ORIENTED_EDGE ( 'NONE', *, *, #2476, .T. ) ;
#2212 = ORIENTED_EDGE ( 'NONE', *, *, #8928, .F. ) ;
#2213 = ORIENTED_EDGE ( 'NONE', *, *, #6369, .F. ) ;
#2214 = ORIENTED_EDGE ( 'NONE', *, *, #3080, .T. ) ;
#2215 = DIRECTION ( 'NONE',  ( 0.000000000000000000, 0.000000000000000000, 1.000000000000000000 ) ) ;
#2216 = FACE_OUTER_BOUND ( 'NONE', #952, .T. ) ;
#2217 = CARTESIAN_POINT ( 'NONE',  ( 216.4999999999999716, 47.99999999999998579, 15.00000000000001421 ) ) ;
#2218 = PLANE ( 'NONE',  #3418 ) ;
#2219 = SURFACE_STYLE_FILL_AREA ( #5838 ) ;
#2220 = ADVANCED_BREP_SHAPE_REPRESENTATION ( '', ( #9565, #2670 ), #8422 ) ;
#2221 = ORIENTED_EDGE ( 'NONE', *, *, #8855, .F. ) ;
#2222 = CYLINDRICAL_SURFACE ( 'NONE', #6073, 7.500000000000007105 ) ;
#2223 = VERTEX_POINT ( 'NONE', #3162 ) ;
#2224 = VERTEX_POINT ( 'NONE', #930 ) ;
#2225 = DIRECTION ( 'NONE',  ( 0.000000000000000000, 0.000000000000000000, -1.000000000000000000 ) ) ;
#2226 = CARTESIAN_POINT ( 'NONE',  ( 669.0000000000002274, 190.0000000000000000, 12.00000000000001066 ) ) ;
#2227 = LINE ( 'NONE', #8442, #3851 ) ;
#2228 = CARTESIAN_POINT ( 'NONE',  ( 108.2035941074868930, -6.907806440147400806E-18, 31.00000000000000000 ) ) ;
#2229 = EDGE_CURVE ( 'NONE', #1460, #7672, #9154, .T. ) ;
#2230 = DIRECTION ( 'NONE',  ( -1.000000000000000000, 0.000000000000000000, 0.000000000000000000 ) ) ;
#2231 = AXIS2_PLACEMENT_3D ( 'NONE', #3684, #7374, #8869 ) ;
#2232 = SURFACE_STYLE_FILL_AREA ( #6537 ) ;
#2233 = PRODUCT_DEFINITION ( 'UNKNOWN', '', #9348, #4172 ) ;
#2234 = ORIENTED_EDGE ( 'NONE', *, *, #7520, .T. ) ;
#2235 = ADVANCED_FACE ( 'NONE', ( #4954 ), #2412, .F. ) ;
#2236 = VERTEX_POINT ( 'NONE', #6851 ) ;
#2237 = DIRECTION ( 'NONE',  ( 1.000000000000000000, 0.000000000000000000, 0.000000000000000000 ) ) ;
#2238 = CARTESIAN_POINT ( 'NONE',  ( 485.0000000000000000, 0.000000000000000000, 15.00000000000001421 ) ) ;
#2239 = CARTESIAN_POINT ( 'NONE',  ( 84.99999999999997158, 323.0000000000000000, 15.00000000000001421 ) ) ;
#2240 = DIRECTION ( 'NONE',  ( -0.000000000000000000, -0.000000000000000000, -1.000000000000000000 ) ) ;
#2241 = AXIS2_PLACEMENT_3D ( 'NONE', #1068, #9356, #4071 ) ;
#2242 = EDGE_CURVE ( 'NONE', #2830, #4756, #8068, .T. ) ;
#2243 = DIRECTION ( 'NONE',  ( 0.000000000000000000, 0.000000000000000000, 1.000000000000000000 ) ) ;
#2244 = DIRECTION ( 'NONE',  ( 0.000000000000000000, 0.000000000000000000, 1.000000000000000000 ) ) ;
#2245 = CARTESIAN_POINT ( 'NONE',  ( 451.9999999999999432, 91.99999999999985789, 4.000000000000225597 ) ) ;
#2246 = ORIENTED_EDGE ( 'NONE', *, *, #9128, .T. ) ;
#2247 =( NAMED_UNIT ( * ) PLANE_ANGLE_UNIT ( ) SI_UNIT ( $, .RADIAN. ) );
#2248 = ORIENTED_EDGE ( 'NONE', *, *, #1426, .T. ) ;
#2249 = CARTESIAN_POINT ( 'NONE',  ( 598.0000000000010232, 298.0000000000005684, 9.000000000000007105 ) ) ;
#2250 = CARTESIAN_POINT ( 'NONE',  ( 152.4999999999999716, 47.99999999999998579, 3.000000000000002665 ) ) ;
#2251 = EDGE_CURVE ( 'NONE', #7273, #2441, #9385, .T. ) ;
#2252 = ORIENTED_EDGE ( 'NONE', *, *, #779, .T. ) ;
#2253 = MECHANICAL_DESIGN_GEOMETRIC_PRESENTATION_REPRESENTATION (  '', ( #1245 ), #2442 ) ;
#2254 = ORIENTED_EDGE ( 'NONE', *, *, #2339, .F. ) ;
#2255 = CARTESIAN_POINT ( 'NONE',  ( 0.000000000000000000, 0.000000000000000000, 0.000000000000000000 ) ) ;
#2256 = CARTESIAN_POINT ( 'NONE',  ( 92.00000000000054001, 298.0000000000003979, 15.00000000000001421 ) ) ;
#2257 = ORIENTED_EDGE ( 'NONE', *, *, #6043, .F. ) ;
#2258 = CARTESIAN_POINT ( 'NONE',  ( 119.5000000000000000, 323.0000000000000000, -15.00000000000012434 ) ) ;
#2259 = DIRECTION ( 'NONE',  ( -0.000000000000000000, 0.000000000000000000, 1.000000000000000000 ) ) ;
#2260 = EDGE_LOOP ( 'NONE', ( #6652, #6302, #4759, #7761, #1098, #3437, #8892, #6435, #9431, #8002, #8729, #5961, #288, #7461, #8402, #1573, #1331, #1638, #4243, #2858, #6767, #170, #3081, #9195, #9047, #8372, #9138, #8935, #4912, #87, #8039, #9183 ) ) ;
#2261 = CARTESIAN_POINT ( 'NONE',  ( 0.000000000000000000, 0.000000000000000000, -3.000000000000113687 ) ) ;
#2262 = AXIS2_PLACEMENT_3D ( 'NONE', #356, #5605, #9355 ) ;
#2263 = ORIENTED_EDGE ( 'NONE', *, *, #8092, .T. ) ;
#2264 = CARTESIAN_POINT ( 'NONE',  ( 485.0000000000000000, 380.0000000000000000, -15.00000000000012434 ) ) ;
#2265 = VERTEX_POINT ( 'NONE', #8360 ) ;
#2266 = CIRCLE ( 'NONE', #9287, 4.000000000000007105 ) ;
#2267 = CARTESIAN_POINT ( 'NONE',  ( 85.00000000000004263, 362.0000000000001137, 3.000000000000119460 ) ) ;
#2268 = VECTOR ( 'NONE', #4200, 1000.000000000000000 ) ;
#2269 = ORIENTED_EDGE ( 'NONE', *, *, #6707, .F. ) ;
#2270 = DIRECTION ( 'NONE',  ( 0.000000000000000000, 0.000000000000000000, -1.000000000000000000 ) ) ;
#2271 = PLANE ( 'NONE',  #3387 ) ;
#2272 = EDGE_LOOP ( 'NONE', ( #9441, #2104, #5980, #9537 ) ) ;
#2273 = CARTESIAN_POINT ( 'NONE',  ( 674.0000000000010232, 298.0000000000004547, 15.00000000000001421 ) ) ;
#2274 = ADVANCED_FACE ( 'NONE', ( #3226 ), #8557, .T. ) ;
#2275 = DIRECTION ( 'NONE',  ( 1.000000000000000000, 0.000000000000000000, -0.000000000000000000 ) ) ;
#2276 = EDGE_CURVE ( 'NONE', #8032, #682, #990, .T. ) ;
#2277 = CARTESIAN_POINT ( 'NONE',  ( 674.0000000000010232, 48.00000000000015632, 15.00000000000001421 ) ) ;
#2278 = CARTESIAN_POINT ( 'NONE',  ( 277.9999999999998863, 272.0000000000000000, -3.000000000000113687 ) ) ;
#2279 = LINE ( 'NONE', #3522, #2525 ) ;
#2280 = CIRCLE ( 'NONE', #1585, 3.000000000000004441 ) ;
#2281 = LINE ( 'NONE', #100, #7616 ) ;
#2282 = ORIENTED_EDGE ( 'NONE', *, *, #7013, .T. ) ;
#2283 = AXIS2_PLACEMENT_3D ( 'NONE', #7053, #9223, #4758 ) ;
#2284 = CARTESIAN_POINT ( 'NONE',  ( 629.0000000000010232, 170.0000000000001990, 15.00000000000001421 ) ) ;
#2285 = PRESENTATION_LAYER_ASSIGNMENT (  '', '', ( #3289 ) ) ;
#2286 = CARTESIAN_POINT ( 'NONE',  ( 370.5000000000000000, 323.0000000000000000, 14.00000000000001243 ) ) ;
#2287 = DIRECTION ( 'NONE',  ( 1.000000000000000000, 0.000000000000000000, 0.000000000000000000 ) ) ;
#2288 = CARTESIAN_POINT ( 'NONE',  ( 147.4999999999999716, 272.0000000000000000, 15.00000000000001421 ) ) ;
#2289 = CIRCLE ( 'NONE', #2099, 3.000000000000002665 ) ;
#2290 = CARTESIAN_POINT ( 'NONE',  ( 0.000000000000000000, 0.000000000000000000, 0.000000000000000000 ) ) ;
#2291 = CYLINDRICAL_SURFACE ( 'NONE', #7796, 2.500000000000002220 ) ;
#2292 = EDGE_CURVE ( 'NONE', #5348, #5808, #740, .T. ) ;
#2293 = VECTOR ( 'NONE', #8433, 1000.000000000000000 ) ;
#2294 = DIRECTION ( 'NONE',  ( 1.000000000000000000, 0.000000000000000000, 0.000000000000000000 ) ) ;
#2295 = LINE ( 'NONE', #8231, #1358 ) ;
#2296 = CARTESIAN_POINT ( 'NONE',  ( 439.2089883689056933, 348.1640233375465527, 15.00000000000001421 ) ) ;
#2297 = LINE ( 'NONE', #624, #48 ) ;
#2298 = DIRECTION ( 'NONE',  ( -1.000000000000000000, 0.000000000000000000, 0.000000000000000000 ) ) ;
#2299 = CYLINDRICAL_SURFACE ( 'NONE', #612, 3.000000000000002665 ) ;
#2300 = DIRECTION ( 'NONE',  ( 0.000000000000000000, 0.000000000000000000, 1.000000000000000000 ) ) ;
#2301 = CARTESIAN_POINT ( 'NONE',  ( 8.000000000000007105, 78.00000000000001421, 15.00000000000001421 ) ) ;
#2302 = CIRCLE ( 'NONE', #7128, 6.000000000000116351 ) ;
#2303 = EDGE_LOOP ( 'NONE', ( #6197, #4772 ) ) ;
#2304 = CARTESIAN_POINT ( 'NONE',  ( 458.4999999999998295, 78.26935691232877446, 3.499999999999946709 ) ) ;
#2305 = CYLINDRICAL_SURFACE ( 'NONE', #7164, 4.000000000000003553 ) ;
#2306 = CYLINDRICAL_SURFACE ( 'NONE', #7293, 4.000000000000006217 ) ;
#2307 = AXIS2_PLACEMENT_3D ( 'NONE', #1450, #6708, #4537 ) ;
#2308 = DIRECTION ( 'NONE',  ( 0.000000000000000000, 0.000000000000000000, -1.000000000000000000 ) ) ;
#2309 = CARTESIAN_POINT ( 'NONE',  ( 457.4739305752833047, 305.7883317288089984, 8.809773601527165710 ) ) ;
#2310 = EDGE_LOOP ( 'NONE', ( #1492, #7847, #86, #9197 ) ) ;
#2311 = CIRCLE ( 'NONE', #8437, 2.499999999999946709 ) ;
#2312 = ORIENTED_EDGE ( 'NONE', *, *, #3410, .F. ) ;
#2313 = DIRECTION ( 'NONE',  ( 0.000000000000000000, 0.000000000000000000, 1.000000000000000000 ) ) ;
#2314 = AXIS2_PLACEMENT_3D ( 'NONE', #9278, #8538, #362 ) ;
#2315 = ORIENTED_EDGE ( 'NONE', *, *, #6574, .T. ) ;
#2316 = VECTOR ( 'NONE', #5089, 1000.000000000000000 ) ;
#2317 = LINE ( 'NONE', #7737, #8807 ) ;
#2318 = DIRECTION ( 'NONE',  ( 0.000000000000000000, 0.000000000000000000, -1.000000000000000000 ) ) ;
#2319 = DIRECTION ( 'NONE',  ( -4.440892098500629120E-16, -6.938893903907225296E-18, 1.000000000000000000 ) ) ;
#2320 = DIRECTION ( 'NONE',  ( 0.000000000000000000, 0.000000000000000000, 1.000000000000000000 ) ) ;
#2321 = ORIENTED_EDGE ( 'NONE', *, *, #1372, .F. ) ;
#2322 = FACE_BOUND ( 'NONE', #8871, .T. ) ;
#2323 = ORIENTED_EDGE ( 'NONE', *, *, #2505, .F. ) ;
#2324 = EDGE_LOOP ( 'NONE', ( #4927, #9539, #3298, #3652 ) ) ;
#2325 = ADVANCED_FACE ( 'NONE', ( #5536 ), #8425, .F. ) ;
#2326 = DIRECTION ( 'NONE',  ( 1.000000000000000000, 0.000000000000000000, 0.000000000000000000 ) ) ;
#2327 = ORIENTED_EDGE ( 'NONE', *, *, #8300, .F. ) ;
#2328 = VECTOR ( 'NONE', #8901, 1000.000000000000000 ) ;
#2329 = CYLINDRICAL_SURFACE ( 'NONE', #8611, 2.499999999999946709 ) ;
#2330 = UNCERTAINTY_MEASURE_WITH_UNIT (LENGTH_MEASURE( 1.000000000000000082E-05 ), #4085, 'distance_accuracy_value', 'NONE');
#2331 = CARTESIAN_POINT ( 'NONE',  ( 794.5000000000000000, 302.0000000000000000, 2.000000000000001776 ) ) ;
#2332 = AXIS2_PLACEMENT_3D ( 'NONE', #1795, #4026, #385 ) ;
#2333 = ORIENTED_EDGE ( 'NONE', *, *, #2705, .T. ) ;
#2334 = FACE_OUTER_BOUND ( 'NONE', #7925, .T. ) ;
#2335 = DIRECTION ( 'NONE',  ( 0.000000000000000000, 0.000000000000000000, 1.000000000000000000 ) ) ;
#2336 = ORIENTED_EDGE ( 'NONE', *, *, #3482, .F. ) ;
#2337 = CARTESIAN_POINT ( 'NONE',  ( 799.5000000000001137, 15.00000000000000000, 3.938622682688461397E-14 ) ) ;
#2338 = ORIENTED_EDGE ( 'NONE', *, *, #7574, .F. ) ;
#2339 = EDGE_CURVE ( 'NONE', #1197, #1516, #6237, .T. ) ;
#2340 = CARTESIAN_POINT ( 'NONE',  ( 451.9999999999998863, 379.9999999999997726, 15.00000000000012434 ) ) ;
#2341 = EDGE_CURVE ( 'NONE', #2236, #8129, #4720, .T. ) ;
#2342 = FACE_OUTER_BOUND ( 'NONE', #8947, .T. ) ;
#2343 = DIRECTION ( 'NONE',  ( -0.000000000000000000, -0.000000000000000000, -1.000000000000000000 ) ) ;
#2344 = ADVANCED_FACE ( 'NONE', ( #3461 ), #7070, .T. ) ;
#2345 = EDGE_CURVE ( 'NONE', #5017, #449, #1469, .T. ) ;
#2346 = MANIFOLD_SOLID_BREP ( 'Cortar-Extruir1', #8885 ) ;
#2347 = AXIS2_PLACEMENT_3D ( 'NONE', #5762, #622, #8845 ) ;
#2348 = CARTESIAN_POINT ( 'NONE',  ( 0.000000000000000000, 0.000000000000000000, 15.00000000000001421 ) ) ;
#2349 = AXIS2_PLACEMENT_3D ( 'NONE', #1579, #28, #6844 ) ;
#2350 = VERTEX_POINT ( 'NONE', #6267 ) ;
#2351 = DIRECTION ( 'NONE',  ( -1.000000000000000000, -0.000000000000000000, -0.000000000000000000 ) ) ;
#2352 = CARTESIAN_POINT ( 'NONE',  ( 457.4737954746956916, 298.2114252885299379, -6.190759810218981585 ) ) ;
#2353 = PLANE ( 'NONE',  #6140 ) ;
#2354 = CARTESIAN_POINT ( 'NONE',  ( 767.4999999999998863, 46.00000000000005684, 7.500000000000062172 ) ) ;
#2355 = DIRECTION ( 'NONE',  ( 0.000000000000000000, 0.000000000000000000, -1.000000000000000000 ) ) ;
#2356 = ORIENTED_EDGE ( 'NONE', *, *, #79, .F. ) ;
#2357 = CARTESIAN_POINT ( 'NONE',  ( 629.5000000000007958, 266.0000000000004547, 15.00000000000001421 ) ) ;
#2358 = EDGE_CURVE ( 'NONE', #682, #8032, #2056, .T. ) ;
#2359 = DIRECTION ( 'NONE',  ( 1.000000000000000000, 0.000000000000000000, 0.000000000000000000 ) ) ;
#2360 = AXIS2_PLACEMENT_3D ( 'NONE', #1825, #2622, #7786 ) ;
#2361 = PRODUCT_DEFINITION_FORMATION_WITH_SPECIFIED_SOURCE ( 'ANY', '', #2848, .NOT_KNOWN. ) ;
#2362 = CARTESIAN_POINT ( 'NONE',  ( -6.245004513516505540E-14, 144.0000000000001137, -1.110223024625156540E-13 ) ) ;
#2363 = ORIENTED_EDGE ( 'NONE', *, *, #8256, .T. ) ;
#2364 = CARTESIAN_POINT ( 'NONE',  ( 0.000000000000000000, 0.000000000000000000, 0.000000000000000000 ) ) ;
#2365 = CARTESIAN_POINT ( 'NONE',  ( 98.00000000000005684, 361.9999999999998863, 3.000000000000113687 ) ) ;
#2366 = EDGE_CURVE ( 'NONE', #5963, #4572, #4023, .T. ) ;
#2367 = ORIENTED_EDGE ( 'NONE', *, *, #6997, .F. ) ;
#2368 = DIRECTION ( 'NONE',  ( -1.000000000000000000, 0.000000000000000000, 4.041334437186268961E-17 ) ) ;
#2369 = PRESENTATION_LAYER_ASSIGNMENT (  '', '', ( #8309 ) ) ;
#2370 = CARTESIAN_POINT ( 'NONE',  ( 792.0000000000000000, 302.0000000000000000, 15.00000000000001421 ) ) ;
#2371 = CARTESIAN_POINT ( 'NONE',  ( 275.5000000000000000, 47.99999999999998579, -3.000000000000113687 ) ) ;
#2372 = ORIENTED_EDGE ( 'NONE', *, *, #717, .T. ) ;
#2373 = CARTESIAN_POINT ( 'NONE',  ( 792.0000000000000000, 78.00000000000001421, 2.000000000000001776 ) ) ;
#2374 = ADVANCED_FACE ( 'NONE', ( #7162 ), #7010, .F. ) ;
#2375 = STYLED_ITEM ( 'NONE', ( #8069 ), #5907 ) ;
#2376 = CARTESIAN_POINT ( 'NONE',  ( 12.00000000000001421, 78.00000000000001421, 15.00000000000001421 ) ) ;
#2377 = EDGE_LOOP ( 'NONE', ( #5754, #8080 ) ) ;
#2378 = CARTESIAN_POINT ( 'NONE',  ( 458.2260347795408393, 299.9787537729571909, -4.038470298588487495 ) ) ;
#2379 = CARTESIAN_POINT ( 'NONE',  ( 457.3611216232057473, 305.9736517227242985, 6.970386288874947489 ) ) ;
#2380 = EDGE_CURVE ( 'NONE', #2734, #8238, #7727, .T. ) ;
#2381 = CARTESIAN_POINT ( 'NONE',  ( 450.9999999999999432, 302.0000000000000000, -1.500000000000056843 ) ) ;
#2382 = ORIENTED_EDGE ( 'NONE', *, *, #4101, .T. ) ;
#2383 = CARTESIAN_POINT ( 'NONE',  ( 458.4999999999999432, 302.0000000000000000, -15.00000000000012434 ) ) ;
#2384 = CARTESIAN_POINT ( 'NONE',  ( 451.9999999999998863, 187.9999999999999432, 4.000000000000114575 ) ) ;
#2385 = DIRECTION ( 'NONE',  ( -1.000000000000000000, 0.000000000000000000, 0.000000000000000000 ) ) ;
#2386 = ORIENTED_EDGE ( 'NONE', *, *, #4727, .F. ) ;
#2387 = ADVANCED_FACE ( 'NONE', ( #2766 ), #1100, .F. ) ;
#2388 = CARTESIAN_POINT ( 'NONE',  ( 632.0000000000007958, 266.0000000000004547, 15.00000000000001421 ) ) ;
#2389 = AXIS2_PLACEMENT_3D ( 'NONE', #6717, #4506, #783 ) ;
#2390 = CARTESIAN_POINT ( 'NONE',  ( 122.0000000000003268, 35.99999999999997868, 9.000000000000007105 ) ) ;
#2391 = ORIENTED_EDGE ( 'NONE', *, *, #1685, .T. ) ;
#2392 = DIRECTION ( 'NONE',  ( 0.000000000000000000, 0.000000000000000000, 1.000000000000000000 ) ) ;
#2393 = FACE_OUTER_BOUND ( 'NONE', #3714, .T. ) ;
#2394 = EDGE_CURVE ( 'NONE', #1990, #9305, #3331, .T. ) ;
#2395 = CIRCLE ( 'NONE', #6260, 4.000000000000017764 ) ;
#2396 = EDGE_LOOP ( 'NONE', ( #6608, #8932, #476, #5702 ) ) ;
#2397 = DIRECTION ( 'NONE',  ( -0.000000000000000000, 0.000000000000000000, 1.000000000000000000 ) ) ;
#2398 = EDGE_CURVE ( 'NONE', #4706, #5231, #395, .T. ) ;
#2399 = DIRECTION ( 'NONE',  ( 0.000000000000000000, 0.000000000000000000, 1.000000000000000000 ) ) ;
#2400 = CARTESIAN_POINT ( 'NONE',  ( 40.00000000000003553, 78.00000000000001421, 4.499999999999948486 ) ) ;
#2401 = CARTESIAN_POINT ( 'NONE',  ( 211.4999999999999716, 272.0000000000000000, -3.000000000000113687 ) ) ;
#2402 = ORIENTED_EDGE ( 'NONE', *, *, #2533, .F. ) ;
#2403 = DIRECTION ( 'NONE',  ( 0.000000000000000000, -1.000000000000000000, 0.000000000000000000 ) ) ;
#2404 = DIRECTION ( 'NONE',  ( 0.000000000000000000, 0.000000000000000000, 1.000000000000000000 ) ) ;
#2405 = VECTOR ( 'NONE', #2318, 1000.000000000000000 ) ;
#2406 = ORIENTED_EDGE ( 'NONE', *, *, #9052, .F. ) ;
#2407 = CARTESIAN_POINT ( 'NONE',  ( 40.00000000000003553, 78.00000000000001421, -7.499999999999840128 ) ) ;
#2408 = CARTESIAN_POINT ( 'NONE',  ( 62.99999999999997158, 155.0000000000000000, 15.49999999999999822 ) ) ;
#2409 = CARTESIAN_POINT ( 'NONE',  ( 458.2866783060233047, 300.2068896588989446, -3.914835784499584470 ) ) ;
#2410 = VECTOR ( 'NONE', #8089, 1000.000000000000000 ) ;
#2411 = DIRECTION ( 'NONE',  ( 0.000000000000000000, 0.000000000000000000, -1.000000000000000000 ) ) ;
#2412 = CYLINDRICAL_SURFACE ( 'NONE', #3369, 2.499999999999995115 ) ;
#2413 = LINE ( 'NONE', #9046, #6579 ) ;
#2414 = PRESENTATION_LAYER_ASSIGNMENT (  '', '', ( #376 ) ) ;
#2415 = DIRECTION ( 'NONE',  ( 0.000000000000000000, 0.000000000000000000, 1.000000000000000000 ) ) ;
#2416 = ADVANCED_FACE ( 'NONE', ( #2873 ), #732, .F. ) ;
#2417 = CYLINDRICAL_SURFACE ( 'NONE', #1527, 2.500000000000002220 ) ;
#2418 = CARTESIAN_POINT ( 'NONE',  ( 458.4267950260535827, 76.94686168353678113, 11.36113985367837387 ) ) ;
#2419 = CARTESIAN_POINT ( 'NONE',  ( 46.00000000000004263, 298.0000000000004547, 9.000000000000007105 ) ) ;
#2420 = FACE_BOUND ( 'NONE', #6592, .T. ) ;
#2421 = DIRECTION ( 'NONE',  ( 0.000000000000000000, 1.000000000000000000, 0.000000000000000000 ) ) ;
#2422 = FACE_OUTER_BOUND ( 'NONE', #3896, .T. ) ;
#2423 = LINE ( 'NONE', #7952, #883 ) ;
#2424 = DIRECTION ( 'NONE',  ( 1.000000000000000000, 0.000000000000000000, 0.000000000000000000 ) ) ;
#2425 = EDGE_CURVE ( 'NONE', #5104, #3191, #9615, .T. ) ;
#2426 = ORIENTED_EDGE ( 'NONE', *, *, #2028, .F. ) ;
#2427 = VECTOR ( 'NONE', #3448, 1000.000000000000000 ) ;
#2428 = CARTESIAN_POINT ( 'NONE',  ( 0.000000000000000000, 0.000000000000000000, 15.00000000000001421 ) ) ;
#2429 = ORIENTED_EDGE ( 'NONE', *, *, #9014, .F. ) ;
#2430 = DIRECTION ( 'NONE',  ( 1.000000000000000000, 0.000000000000000000, 0.000000000000000000 ) ) ;
#2431 = VERTEX_POINT ( 'NONE', #448 ) ;
#2432 = CIRCLE ( 'NONE', #3070, 4.000000000000007105 ) ;
#2433 = CARTESIAN_POINT ( 'NONE',  ( 275.4999999999998863, 272.0000000000000000, -3.000000000000113687 ) ) ;
#2434 = VECTOR ( 'NONE', #7813, 1000.000000000000000 ) ;
#2435 = DIRECTION ( 'NONE',  ( -0.000000000000000000, -0.000000000000000000, -1.000000000000000000 ) ) ;
#2436 = ADVANCED_FACE ( 'NONE', ( #4711 ), #146, .F. ) ;
#2437 = ORIENTED_EDGE ( 'NONE', *, *, #4673, .F. ) ;
#2438 = EDGE_CURVE ( 'NONE', #5182, #8336, #5656, .T. ) ;
#2439 = CIRCLE ( 'NONE', #9469, 6.000000000000005329 ) ;
#2440 = APPLICATION_CONTEXT ( 'automotive_design' ) ;
#2441 = VERTEX_POINT ( 'NONE', #4190 ) ;
#2442 =( GEOMETRIC_REPRESENTATION_CONTEXT ( 3 ) GLOBAL_UNCERTAINTY_ASSIGNED_CONTEXT ( ( #6207 ) ) GLOBAL_UNIT_ASSIGNED_CONTEXT ( ( #669, #5798, #6643 ) ) REPRESENTATION_CONTEXT ( 'NONE', 'WORKASPACE' ) );
#2443 = DIRECTION ( 'NONE',  ( 0.000000000000000000, -0.000000000000000000, 1.000000000000000000 ) ) ;
#2444 = ORIENTED_EDGE ( 'NONE', *, *, #2148, .T. ) ;
#2445 = VECTOR ( 'NONE', #8850, 1000.000000000000000 ) ;
#2446 = DIRECTION ( 'NONE',  ( 0.000000000000000000, 0.000000000000000000, 1.000000000000000000 ) ) ;
#2447 = VECTOR ( 'NONE', #4669, 1000.000000000000000 ) ;
#2448 = CARTESIAN_POINT ( 'NONE',  ( 457.7964291248334803, 298.8244010080290991, -9.945902851269257994 ) ) ;
#2449 = ADVANCED_FACE ( 'NONE', ( #6403 ), #2222, .F. ) ;
#2450 = DIRECTION ( 'NONE',  ( -0.000000000000000000, -0.000000000000000000, -1.000000000000000000 ) ) ;
#2451 = CARTESIAN_POINT ( 'NONE',  ( 485.0000000000000000, 380.0000000000000000, 15.00000000000001421 ) ) ;
#2452 = ORIENTED_EDGE ( 'NONE', *, *, #2662, .T. ) ;
#2453 = LINE ( 'NONE', #6437, #427 ) ;
#2454 = ORIENTED_EDGE ( 'NONE', *, *, #6090, .F. ) ;
#2455 = EDGE_LOOP ( 'NONE', ( #9368, #6484, #9335, #8382 ) ) ;
#2456 = ORIENTED_EDGE ( 'NONE', *, *, #5137, .T. ) ;
#2457 = CARTESIAN_POINT ( 'NONE',  ( 0.000000000000000000, 0.000000000000000000, 31.00000000000000000 ) ) ;
#2458 = ORIENTED_EDGE ( 'NONE', *, *, #2747, .F. ) ;
#2459 = CARTESIAN_POINT ( 'NONE',  ( 457.3441915583385367, 73.99984581478020118, 7.628838827406169365 ) ) ;
#2460 = VECTOR ( 'NONE', #6659, 1000.000000000000000 ) ;
#2461 = DIRECTION ( 'NONE',  ( 0.000000000000000000, 0.000000000000000000, 1.000000000000000000 ) ) ;
#2462 = CARTESIAN_POINT ( 'NONE',  ( 0.000000000000000000, 0.000000000000000000, 3.000000000000113687 ) ) ;
#2463 = ORIENTED_EDGE ( 'NONE', *, *, #4690, .T. ) ;
#2464 = FACE_OUTER_BOUND ( 'NONE', #7129, .T. ) ;
#2465 = ORIENTED_EDGE ( 'NONE', *, *, #7748, .F. ) ;
#2466 = DIRECTION ( 'NONE',  ( -0.000000000000000000, 0.000000000000000000, 1.000000000000000000 ) ) ;
#2467 = VERTEX_POINT ( 'NONE', #4245 ) ;
#2468 = CYLINDRICAL_SURFACE ( 'NONE', #4364, 2.500000000000002220 ) ;
#2469 = PLANE ( 'NONE',  #662 ) ;
#2470 = AXIS2_PLACEMENT_3D ( 'NONE', #2677, #5517, #1116 ) ;
#2471 = ORIENTED_EDGE ( 'NONE', *, *, #609, .F. ) ;
#2472 = VERTEX_POINT ( 'NONE', #7139 ) ;
#2473 = EDGE_CURVE ( 'NONE', #4171, #6732, #8662, .T. ) ;
#2474 = DIRECTION ( 'NONE',  ( 1.000000000000000000, 0.000000000000000000, 0.000000000000000000 ) ) ;
#2475 = CARTESIAN_POINT ( 'NONE',  ( 450.9999999999999432, 78.00000000000001421, 1.499999999999945821 ) ) ;
#2476 = EDGE_CURVE ( 'NONE', #8393, #8719, #8541, .T. ) ;
#2477 = PRODUCT_CONTEXT ( 'NONE', #3959, 'mechanical' ) ;
#2478 = PRESENTATION_LAYER_ASSIGNMENT (  '', '', ( #2375 ) ) ;
#2479 = PRODUCT_DEFINITION_CONTEXT ( 'detailed design', #5514, 'design' ) ;
#2480 = DIRECTION ( 'NONE',  ( 1.000000000000000000, 0.000000000000000000, 0.000000000000000000 ) ) ;
#2481 = AXIS2_PLACEMENT_3D ( 'NONE', #3705, #9627, #2868 ) ;
#2482 = PLANE ( 'NONE',  #4998 ) ;
#2483 = EDGE_LOOP ( 'NONE', ( #7581, #5305, #1851, #2926 ) ) ;
#2484 = DIRECTION ( 'NONE',  ( -1.000000000000000000, 0.000000000000000000, 0.000000000000000000 ) ) ;
#2485 = DIRECTION ( 'NONE',  ( 9.860761315262643189E-32, 1.000000000000000000, 6.938893903907225296E-18 ) ) ;
#2486 = DIRECTION ( 'NONE',  ( 0.000000000000000000, 1.000000000000000000, 0.000000000000000000 ) ) ;
#2487 = ORIENTED_EDGE ( 'NONE', *, *, #8717, .T. ) ;
#2488 = CARTESIAN_POINT ( 'NONE',  ( 0.000000000000000000, 340.0000000000002842, 0.000000000000000000 ) ) ;
#2489 = DIRECTION ( 'NONE',  ( 0.000000000000000000, 0.000000000000000000, 1.000000000000000000 ) ) ;
#2490 = ORIENTED_EDGE ( 'NONE', *, *, #1932, .T. ) ;
#2491 = ADVANCED_FACE ( 'NONE', ( #1348 ), #5685, .F. ) ;
#2492 = EDGE_CURVE ( 'NONE', #4343, #2265, #8777, .T. ) ;
#2493 = AXIS2_PLACEMENT_3D ( 'NONE', #8413, #1712, #4622 ) ;
#2494 = EDGE_LOOP ( 'NONE', ( #3034, #4198 ) ) ;
#2495 = CARTESIAN_POINT ( 'NONE',  ( 280.4999999999999432, 272.0000000000000000, 3.000000000000002665 ) ) ;
#2496 = ORIENTED_EDGE ( 'NONE', *, *, #8051, .T. ) ;
#2497 = DIRECTION ( 'NONE',  ( 1.000000000000000000, 0.000000000000000000, 0.000000000000000000 ) ) ;
#2498 = ORIENTED_EDGE ( 'NONE', *, *, #5243, .T. ) ;
#2499 = DIRECTION ( 'NONE',  ( 9.860761315262643189E-32, 1.000000000000000000, 6.938893903907225296E-18 ) ) ;
#2500 = ORIENTED_EDGE ( 'NONE', *, *, #8855, .T. ) ;
#2501 = ORIENTED_EDGE ( 'NONE', *, *, #19, .F. ) ;
#2502 = DIRECTION ( 'NONE',  ( -0.000000000000000000, 0.000000000000000000, 1.000000000000000000 ) ) ;
#2503 = EDGE_CURVE ( 'NONE', #7319, #2516, #1940, .T. ) ;
#2504 = CARTESIAN_POINT ( 'NONE',  ( 675.0000000000000000, 190.0000000000000000, 0.000000000000000000 ) ) ;
#2505 = EDGE_CURVE ( 'NONE', #7256, #8929, #4941, .T. ) ;
#2506 = ORIENTED_EDGE ( 'NONE', *, *, #9645, .T. ) ;
#2507 = PLANE ( 'NONE',  #7787 ) ;
#2508 = APPLICATION_PROTOCOL_DEFINITION ( 'draft international standard', 'automotive_design', 1998, #5488 ) ;
#2509 = ORIENTED_EDGE ( 'NONE', *, *, #7686, .T. ) ;
#2510 = CARTESIAN_POINT ( 'NONE',  ( -6.938893903907228378E-15, 380.0000000000000000, 14.99999999999990230 ) ) ;
#2511 = AXIS2_PLACEMENT_3D ( 'NONE', #2566, #1777, #7724 ) ;
#2512 = LINE ( 'NONE', #154, #4460 ) ;
#2513 = PLANE ( 'NONE',  #2983 ) ;
#2514 = VECTOR ( 'NONE', #4809, 1000.000000000000000 ) ;
#2515 = EDGE_CURVE ( 'NONE', #5002, #5400, #9144, .T. ) ;
#2516 = VERTEX_POINT ( 'NONE', #5766 ) ;
#2517 = AXIS2_PLACEMENT_3D ( 'NONE', #7723, #4787, #3362 ) ;
#2518 = VERTEX_POINT ( 'NONE', #565 ) ;
#2519 = DIRECTION ( 'NONE',  ( 0.000000000000000000, 0.000000000000000000, -1.000000000000000000 ) ) ;
#2520 = DIRECTION ( 'NONE',  ( 0.000000000000000000, 0.000000000000000000, 1.000000000000000000 ) ) ;
#2521 = ADVANCED_FACE ( 'NONE', ( #6803 ), #2165, .F. ) ;
#2522 = CARTESIAN_POINT ( 'NONE',  ( 457.4256452383398823, 74.13155615569640133, 8.551245107742486695 ) ) ;
#2523 = CARTESIAN_POINT ( 'NONE',  ( 338.4999999999999432, 323.0000000000000000, -14.00000000000001243 ) ) ;
#2524 = CARTESIAN_POINT ( 'NONE',  ( 451.9999999999999432, 48.00000000000004263, 4.000000000000114575 ) ) ;
#2525 = VECTOR ( 'NONE', #7941, 1000.000000000000000 ) ;
#2526 = ORIENTED_EDGE ( 'NONE', *, *, #5029, .T. ) ;
#2527 = VECTOR ( 'NONE', #8216, 1000.000000000000000 ) ;
#2528 = VECTOR ( 'NONE', #3697, 1000.000000000000000 ) ;
#2529 = AXIS2_PLACEMENT_3D ( 'NONE', #6577, #8025, #1357 ) ;
#2530 = DIRECTION ( 'NONE',  ( 1.000000000000000000, 0.000000000000000000, 0.000000000000000000 ) ) ;
#2531 = ORIENTED_EDGE ( 'NONE', *, *, #2981, .T. ) ;
#2532 = DIRECTION ( 'NONE',  ( 1.000000000000000000, 0.000000000000000000, 0.000000000000000000 ) ) ;
#2533 = EDGE_CURVE ( 'NONE', #150, #4449, #3905, .T. ) ;
#2534 = EDGE_CURVE ( 'NONE', #3529, #1925, #1696, .T. ) ;
#2535 = DIRECTION ( 'NONE',  ( 0.000000000000000000, 0.000000000000000000, -1.000000000000000000 ) ) ;
#2536 = VECTOR ( 'NONE', #2946, 1000.000000000000000 ) ;
#2537 = AXIS2_PLACEMENT_3D ( 'NONE', #2657, #7821, #3409 ) ;
#2538 = LINE ( 'NONE', #8774, #758 ) ;
#2539 = DIRECTION ( 'NONE',  ( 0.000000000000000000, 0.000000000000000000, 1.000000000000000000 ) ) ;
#2540 = ADVANCED_FACE ( 'NONE', ( #382 ), #6569, .F. ) ;
#2541 = CARTESIAN_POINT ( 'NONE',  ( 674.0000000000010232, 48.00000000000015632, 9.000000000000007105 ) ) ;
#2542 = CYLINDRICAL_SURFACE ( 'NONE', #814, 3.000000000000002665 ) ;
#2543 = APPLICATION_CONTEXT ( 'automotive_design' ) ;
#2544 = FACE_BOUND ( 'NONE', #3878, .T. ) ;
#2545 = VECTOR ( 'NONE', #4301, 1000.000000000000000 ) ;
#2546 = DIRECTION ( 'NONE',  ( -1.000000000000000000, 0.000000000000000000, 0.000000000000000000 ) ) ;
#2547 = CARTESIAN_POINT ( 'NONE',  ( 458.2271227098323152, 299.9825646480347245, -10.96380621849297476 ) ) ;
#2548 = DIRECTION ( 'NONE',  ( -9.860761315262643189E-32, -1.000000000000000000, -6.938893903907225296E-18 ) ) ;
#2549 = VECTOR ( 'NONE', #5226, 1000.000000000000000 ) ;
#2550 = EDGE_CURVE ( 'NONE', #234, #1967, #3103, .T. ) ;
#2551 = FACE_OUTER_BOUND ( 'NONE', #5789, .T. ) ;
#2552 = AXIS2_PLACEMENT_3D ( 'NONE', #3778, #6075, #3047 ) ;
#2553 = ORIENTED_EDGE ( 'NONE', *, *, #5604, .T. ) ;
#2554 = AXIS2_PLACEMENT_3D ( 'NONE', #2887, #5992, #9015 ) ;
#2555 = CIRCLE ( 'NONE', #1506, 2.500000000000002220 ) ;
#2556 = CARTESIAN_POINT ( 'NONE',  ( 370.5000000000000000, 323.0000000000000000, -15.00000000000012434 ) ) ;
#2557 = FACE_OUTER_BOUND ( 'NONE', #324, .T. ) ;
#2558 = CARTESIAN_POINT ( 'NONE',  ( 457.5873277670977473, 74.41246058120584905, 5.711992970504223166 ) ) ;
#2559 = DIRECTION ( 'NONE',  ( 0.000000000000000000, 0.000000000000000000, -1.000000000000000000 ) ) ;
#2560 = CARTESIAN_POINT ( 'NONE',  ( 485.0000000000000000, 0.000000000000000000, 0.000000000000000000 ) ) ;
#2561 = ORIENTED_EDGE ( 'NONE', *, *, #3225, .F. ) ;
#2562 = LINE ( 'NONE', #6301, #5216 ) ;
#2563 = DIRECTION ( 'NONE',  ( -1.000000000000000000, -9.860761315262647568E-32, -4.440892098500629120E-16 ) ) ;
#2564 = EDGE_LOOP ( 'NONE', ( #118, #3679, #7899, #1697, #7664 ) ) ;
#2565 = EDGE_CURVE ( 'NONE', #1878, #9662, #6921, .T. ) ;
#2566 = CARTESIAN_POINT ( 'NONE',  ( 0.000000000000000000, 0.000000000000000000, 3.999999999999892530 ) ) ;
#2567 = ORIENTED_EDGE ( 'NONE', *, *, #8841, .F. ) ;
#2568 = FACE_OUTER_BOUND ( 'NONE', #7204, .T. ) ;
#2569 = CYLINDRICAL_SURFACE ( 'NONE', #6992, 4.000000000000003553 ) ;
#2570 = AXIS2_PLACEMENT_3D ( 'NONE', #8423, #4734, #1020 ) ;
#2571 = CARTESIAN_POINT ( 'NONE',  ( 485.0000000000000000, 302.0000000000000000, -3.499999999999833911 ) ) ;
#2572 = EDGE_LOOP ( 'NONE', ( #4326, #1702 ) ) ;
#2573 = LINE ( 'NONE', #4566, #3496 ) ;
#2574 = DIRECTION ( 'NONE',  ( 0.000000000000000000, 0.000000000000000000, 1.000000000000000000 ) ) ;
#2575 = ORIENTED_EDGE ( 'NONE', *, *, #9158, .F. ) ;
#2576 = VERTEX_POINT ( 'NONE', #5802 ) ;
#2577 = ORIENTED_EDGE ( 'NONE', *, *, #5735, .F. ) ;
#2578 = VECTOR ( 'NONE', #3739, 1000.000000000000000 ) ;
#2579 = ADVANCED_FACE ( 'NONE', ( #9021 ), #3675, .F. ) ;
#2580 = CIRCLE ( 'NONE', #5690, 2.500000000000002220 ) ;
#2581 = CARTESIAN_POINT ( 'NONE',  ( 632.0000000000010232, 74.00000000000017053, 15.00000000000001421 ) ) ;
#2582 = EDGE_CURVE ( 'NONE', #8958, #1452, #4246, .T. ) ;
#2583 = EDGE_LOOP ( 'NONE', ( #244, #113 ) ) ;
#2584 = CYLINDRICAL_SURFACE ( 'NONE', #7687, 2.500000000000002220 ) ;
#2585 = AXIS2_PLACEMENT_3D ( 'NONE', #9563, #5155, #8076 ) ;
#2586 =( NAMED_UNIT ( * ) SI_UNIT ( $, .STERADIAN. ) SOLID_ANGLE_UNIT ( ) );
#2587 = ORIENTED_EDGE ( 'NONE', *, *, #4673, .T. ) ;
#2588 = CARTESIAN_POINT ( 'NONE',  ( 0.000000000000000000, 0.000000000000000000, 3.000000000000002665 ) ) ;
#2589 = ORIENTED_EDGE ( 'NONE', *, *, #4247, .F. ) ;
#2590 = CARTESIAN_POINT ( 'NONE',  ( 458.2255256538929871, 80.02289542924845023, -10.96043497591289473 ) ) ;
#2591 =( NAMED_UNIT ( * ) PLANE_ANGLE_UNIT ( ) SI_UNIT ( $, .RADIAN. ) );
#2592 = CARTESIAN_POINT ( 'NONE',  ( 0.000000000000000000, 0.000000000000000000, 0.000000000000000000 ) ) ;
#2593 = EDGE_LOOP ( 'NONE', ( #4062, #1538 ) ) ;
#2594 = LINE ( 'NONE', #4719, #4202 ) ;
#2595 = COLOUR_RGB ( '',1.000000000000000000, 1.000000000000000000, 1.000000000000000000 ) ;
#2596 = AXIS2_PLACEMENT_3D ( 'NONE', #7726, #5481, #7020 ) ;
#2597 = ORIENTED_EDGE ( 'NONE', *, *, #6332, .F. ) ;
#2598 = DIRECTION ( 'NONE',  ( -1.000000000000000000, 0.000000000000000000, 0.000000000000000000 ) ) ;
#2599 = DIRECTION ( 'NONE',  ( 1.000000000000000000, 0.000000000000000000, 0.000000000000000000 ) ) ;
#2600 = ADVANCED_FACE ( 'NONE', ( #4473 ), #2647, .F. ) ;
#2601 = DIRECTION ( 'NONE',  ( 1.000000000000000000, 0.000000000000000000, 0.000000000000000000 ) ) ;
#2602 = EDGE_CURVE ( 'NONE', #5572, #4323, #7037, .T. ) ;
#2603 = DIRECTION ( 'NONE',  ( -1.000000000000000000, -0.000000000000000000, -0.000000000000000000 ) ) ;
#2604 = CARTESIAN_POINT ( 'NONE',  ( 485.0000000000000000, 0.000000000000000000, 15.00000000000001421 ) ) ;
#2605 = EDGE_LOOP ( 'NONE', ( #5072, #5630 ) ) ;
#2606 = DIRECTION ( 'NONE',  ( 1.000000000000000000, 0.000000000000000000, 0.000000000000000000 ) ) ;
#2607 = ORIENTED_EDGE ( 'NONE', *, *, #4096, .T. ) ;
#2608 = DIRECTION ( 'NONE',  ( 0.000000000000000000, 0.000000000000000000, 1.000000000000000000 ) ) ;
#2609 = CARTESIAN_POINT ( 'NONE',  ( 0.000000000000000000, 60.00000000000012079, 15.00000000000006928 ) ) ;
#2610 = ORIENTED_EDGE ( 'NONE', *, *, #4096, .F. ) ;
#2611 = DIRECTION ( 'NONE',  ( 1.000000000000000000, 0.000000000000000000, 0.000000000000000000 ) ) ;
#2612 = AXIS2_PLACEMENT_3D ( 'NONE', #6060, #2335, #8184 ) ;
#2613 =( NAMED_UNIT ( * ) PLANE_ANGLE_UNIT ( ) SI_UNIT ( $, .RADIAN. ) );
#2614 = ORIENTED_EDGE ( 'NONE', *, *, #1091, .F. ) ;
#2615 = MECHANICAL_DESIGN_GEOMETRIC_PRESENTATION_REPRESENTATION (  '', ( #7443 ), #6755 ) ;
#2616 = CARTESIAN_POINT ( 'NONE',  ( 213.9999999999999716, 47.99999999999998579, 15.00000000000001421 ) ) ;
#2617 = CARTESIAN_POINT ( 'NONE',  ( 457.6538778094336521, 81.46435572695716587, -9.516200785132415518 ) ) ;
#2618 = DIRECTION ( 'NONE',  ( -0.000000000000000000, 0.000000000000000000, 1.000000000000000000 ) ) ;
#2619 = DIRECTION ( 'NONE',  ( 0.000000000000000000, -1.000000000000000000, 0.000000000000000000 ) ) ;
#2620 = ORIENTED_EDGE ( 'NONE', *, *, #9030, .F. ) ;
#2621 = ADVANCED_FACE ( 'NONE', ( #7155 ), #5177, .F. ) ;
#2622 = DIRECTION ( 'NONE',  ( -0.000000000000000000, 0.000000000000000000, 1.000000000000000000 ) ) ;
#2623 = EDGE_LOOP ( 'NONE', ( #6960, #2015, #2627, #585 ) ) ;
#2624 = CARTESIAN_POINT ( 'NONE',  ( 636.0000000000010232, 42.00000000000014921, 15.00000000000001421 ) ) ;
#2625 = EDGE_CURVE ( 'NONE', #5808, #5059, #6453, .T. ) ;
#2626 = CARTESIAN_POINT ( 'NONE',  ( 275.5000000000000000, 47.99999999999998579, 3.000000000000002665 ) ) ;
#2627 = ORIENTED_EDGE ( 'NONE', *, *, #3080, .F. ) ;
#2628 = CARTESIAN_POINT ( 'NONE',  ( 450.9999999999999432, 78.00000000000001421, 1.499999999999945821 ) ) ;
#2629 = DIRECTION ( 'NONE',  ( 1.000000000000000000, 0.000000000000000000, 0.000000000000000000 ) ) ;
#2630 = DIRECTION ( 'NONE',  ( -0.000000000000000000, 0.000000000000000000, 1.000000000000000000 ) ) ;
#2631 = CYLINDRICAL_SURFACE ( 'NONE', #9106, 6.000000000000005329 ) ;
#2632 = CARTESIAN_POINT ( 'NONE',  ( 0.000000000000000000, 380.0000000000000000, 0.000000000000000000 ) ) ;
#2633 = ORIENTED_EDGE ( 'NONE', *, *, #1598, .T. ) ;
#2634 = EDGE_CURVE ( 'NONE', #2019, #5348, #2279, .T. ) ;
#2635 = EDGE_LOOP ( 'NONE', ( #5734, #964, #4064, #9104 ) ) ;
#2636 = DIRECTION ( 'NONE',  ( -1.000000000000000000, 0.000000000000000000, 0.000000000000000000 ) ) ;
#2637 = EDGE_CURVE ( 'NONE', #7556, #2224, #4592, .T. ) ;
#2638 = CARTESIAN_POINT ( 'NONE',  ( 0.000000000000000000, 380.0000000000000000, 15.00000000000001421 ) ) ;
#2639 = ADVANCED_FACE ( 'NONE', ( #9392 ), #7267, .F. ) ;
#2640 = FACE_OUTER_BOUND ( 'NONE', #2947, .T. ) ;
#2641 = FACE_OUTER_BOUND ( 'NONE', #1779, .T. ) ;
#2642 = ORIENTED_EDGE ( 'NONE', *, *, #4235, .F. ) ;
#2643 =( NAMED_UNIT ( * ) PLANE_ANGLE_UNIT ( ) SI_UNIT ( $, .RADIAN. ) );
#2644 = AXIS2_PLACEMENT_3D ( 'NONE', #10, #6665, #4483 ) ;
#2645 = CARTESIAN_POINT ( 'NONE',  ( 458.4999999999999432, 78.26935691232880288, -3.499999999999837019 ) ) ;
#2646 = EDGE_LOOP ( 'NONE', ( #2487, #6730, #1092, #4499 ) ) ;
#2647 = CYLINDRICAL_SURFACE ( 'NONE', #7018, 4.000000000000007105 ) ;
#2648 = VECTOR ( 'NONE', #2186, 1000.000000000000000 ) ;
#2649 = UNCERTAINTY_MEASURE_WITH_UNIT (LENGTH_MEASURE( 1.000000000000000082E-05 ), #1290, 'distance_accuracy_value', 'NONE');
#2650 = ORIENTED_EDGE ( 'NONE', *, *, #5338, .F. ) ;
#2651 = MANIFOLD_SOLID_BREP ( 'Saliente-Extruir1', #3547 ) ;
#2652 = CARTESIAN_POINT ( 'NONE',  ( 100.9999999999999716, 155.0000000000000000, 15.49999999999999822 ) ) ;
#2653 = CARTESIAN_POINT ( 'NONE',  ( 100.9999999999999716, 155.0000000000000000, 15.49999999999999822 ) ) ;
#2654 = DIRECTION ( 'NONE',  ( 1.000000000000000000, -7.304098846218143542E-16, 0.000000000000000000 ) ) ;
#2655 = CIRCLE ( 'NONE', #613, 2.500000000000002220 ) ;
#2656 = DIRECTION ( 'NONE',  ( 0.000000000000000000, -1.000000000000000000, 0.000000000000000000 ) ) ;
#2657 = CARTESIAN_POINT ( 'NONE',  ( 100.9999999999999716, 155.0000000000000000, 15.49999999999999822 ) ) ;
#2658 = FACE_BOUND ( 'NONE', #2072, .T. ) ;
#2659 = LINE ( 'NONE', #1703, #7624 ) ;
#2660 = CARTESIAN_POINT ( 'NONE',  ( 370.5000000000000000, 323.0000000000000000, -15.00000000000012434 ) ) ;
#2661 = EDGE_CURVE ( 'NONE', #5739, #5038, #3451, .T. ) ;
#2662 = EDGE_CURVE ( 'NONE', #1879, #380, #8180, .T. ) ;
#2663 = LINE ( 'NONE', #5542, #625 ) ;
#2664 = CARTESIAN_POINT ( 'NONE',  ( 0.000000000000000000, 8.326672684688674053E-14, 15.00000000000006928 ) ) ;
#2665 = COLOUR_RGB ( '',1.000000000000000000, 1.000000000000000000, 1.000000000000000000 ) ;
#2666 = EDGE_CURVE ( 'NONE', #8217, #5059, #4135, .T. ) ;
#2667 = CYLINDRICAL_SURFACE ( 'NONE', #5429, 3.000000000000007994 ) ;
#2668 = AXIS2_PLACEMENT_3D ( 'NONE', #1911, #1782, #9254 ) ;
#2669 = VECTOR ( 'NONE', #558, 1000.000000000000000 ) ;
#2670 = AXIS2_PLACEMENT_3D ( 'NONE', #1718, #6880, #1815 ) ;
#2671 = ADVANCED_FACE ( 'NONE', ( #1458, #6104, #1934, #263, #6561 ), #7218, .T. ) ;
#2672 = CARTESIAN_POINT ( 'NONE',  ( 213.9999999999999716, 47.99999999999998579, -15.00000000000012434 ) ) ;
#2673 = ORIENTED_EDGE ( 'NONE', *, *, #5389, .F. ) ;
#2674 = VERTEX_POINT ( 'NONE', #3008 ) ;
#2675 = EDGE_LOOP ( 'NONE', ( #1280, #3611, #5794, #9117 ) ) ;
#2676 = LINE ( 'NONE', #4427, #5099 ) ;
#2677 = CARTESIAN_POINT ( 'NONE',  ( 450.9999999999999432, 302.0000000000000000, -15.00000000000012434 ) ) ;
#2678 = CARTESIAN_POINT ( 'NONE',  ( 130.9999999999999716, 190.0000000000000000, 21.50000000000000000 ) ) ;
#2679 = VECTOR ( 'NONE', #6240, 1000.000000000000000 ) ;
#2680 = DIRECTION ( 'NONE',  ( -1.000000000000000000, 0.000000000000000000, 0.000000000000000000 ) ) ;
#2681 = DIRECTION ( 'NONE',  ( -1.000000000000000000, 0.000000000000000000, 0.000000000000000000 ) ) ;
#2682 = ORIENTED_EDGE ( 'NONE', *, *, #1167, .T. ) ;
#2683 = EDGE_CURVE ( 'NONE', #5860, #8492, #9609, .T. ) ;
#2684 = PRESENTATION_LAYER_ASSIGNMENT (  '', '', ( #6955 ) ) ;
#2685 = ORIENTED_EDGE ( 'NONE', *, *, #3049, .T. ) ;
#2686 = VECTOR ( 'NONE', #7518, 1000.000000000000000 ) ;
#2687 = PRODUCT_DEFINITION_FORMATION_WITH_SPECIFIED_SOURCE ( 'ANY', '', #8801, .NOT_KNOWN. ) ;
#2688 = ORIENTED_EDGE ( 'NONE', *, *, #7607, .T. ) ;
#2689 = DIRECTION ( 'NONE',  ( 0.000000000000000000, 0.000000000000000000, 1.000000000000000000 ) ) ;
#2690 = DIRECTION ( 'NONE',  ( -0.000000000000000000, 0.000000000000000000, 1.000000000000000000 ) ) ;
#2691 = ORIENTED_EDGE ( 'NONE', *, *, #1858, .T. ) ;
#2692 = CYLINDRICAL_SURFACE ( 'NONE', #9230, 6.000000000000012434 ) ;
#2693 = FACE_OUTER_BOUND ( 'NONE', #6533, .T. ) ;
#2694 = CARTESIAN_POINT ( 'NONE',  ( 10.50000000000000178, 78.00000000000001421, 15.00000000000001421 ) ) ;
#2695 = ADVANCED_FACE ( 'NONE', ( #7602 ), #1811, .F. ) ;
#2696 = CARTESIAN_POINT ( 'NONE',  ( 8.000000000000007105, 302.0000000000000568, 15.00000000000001421 ) ) ;
#2697 = CONTEXT_DEPENDENT_SHAPE_REPRESENTATION ( #7734, #929 ) ;
#2698 = DIRECTION ( 'NONE',  ( 0.000000000000000000, 0.000000000000000000, 1.000000000000000000 ) ) ;
#2699 =( LENGTH_UNIT ( ) NAMED_UNIT ( * ) SI_UNIT ( .MILLI., .METRE. ) );
#2700 = EDGE_LOOP ( 'NONE', ( #1606, #8153, #2315, #2850 ) ) ;
#2701 = FACE_OUTER_BOUND ( 'NONE', #3323, .T. ) ;
#2702 = ORIENTED_EDGE ( 'NONE', *, *, #6043, .T. ) ;
#2703 = VERTEX_POINT ( 'NONE', #9040 ) ;
#2704 = VERTEX_POINT ( 'NONE', #728 ) ;
#2705 = EDGE_CURVE ( 'NONE', #1375, #8723, #9137, .T. ) ;
#2706 = VECTOR ( 'NONE', #199, 1000.000000000000000 ) ;
#2707 = ORIENTED_EDGE ( 'NONE', *, *, #6586, .T. ) ;
#2708 = CIRCLE ( 'NONE', #8099, 2.500000000000002220 ) ;
#2709 = ORIENTED_EDGE ( 'NONE', *, *, #3769, .F. ) ;
#2710 = EDGE_LOOP ( 'NONE', ( #8747, #1271, #9397, #7426 ) ) ;
#2711 = CARTESIAN_POINT ( 'NONE',  ( 0.000000000000000000, 380.0000000000000000, 0.000000000000000000 ) ) ;
#2712 = EDGE_CURVE ( 'NONE', #777, #8943, #2158, .T. ) ;
#2713 = AXIS2_PLACEMENT_3D ( 'NONE', #8403, #7600, #3977 ) ;
#2714 =( NAMED_UNIT ( * ) SI_UNIT ( $, .STERADIAN. ) SOLID_ANGLE_UNIT ( ) );
#2715 = ORIENTED_EDGE ( 'NONE', *, *, #1973, .F. ) ;
#2716 = DIRECTION ( 'NONE',  ( 4.440892098500626162E-16, -6.938893903907225296E-18, 1.000000000000000000 ) ) ;
#2717 = DIRECTION ( 'NONE',  ( 0.000000000000000000, 0.000000000000000000, 1.000000000000000000 ) ) ;
#2718 = CARTESIAN_POINT ( 'NONE',  ( 788.0000000000000000, 78.00000000000001421, 15.00000000000001421 ) ) ;
#2719 = ORIENTED_EDGE ( 'NONE', *, *, #4649, .T. ) ;
#2720 = CARTESIAN_POINT ( 'NONE',  ( 800.0000000000000000, 380.0000000000000000, 0.000000000000000000 ) ) ;
#2721 = AXIS2_PLACEMENT_3D ( 'NONE', #4940, #9327, #364 ) ;
#2722 = ADVANCED_FACE ( 'NONE', ( #5755 ), #6013, .T. ) ;
#2723 = CARTESIAN_POINT ( 'NONE',  ( 451.9999999999999432, 48.00000000000004263, 4.000000000000114575 ) ) ;
#2724 = EDGE_LOOP ( 'NONE', ( #5927, #4365 ) ) ;
#2725 = DIRECTION ( 'NONE',  ( 9.860761315262643189E-32, 1.000000000000000000, 6.938893903907225296E-18 ) ) ;
#2726 = EDGE_CURVE ( 'NONE', #8986, #3831, #7491, .T. ) ;
#2727 = CARTESIAN_POINT ( 'NONE',  ( 800.0000000000000000, 0.000000000000000000, 15.00000000000001421 ) ) ;
#2728 = EDGE_CURVE ( 'NONE', #3578, #3532, #6097, .T. ) ;
#2729 = ORIENTED_EDGE ( 'NONE', *, *, #5171, .T. ) ;
#2730 = ORIENTED_EDGE ( 'NONE', *, *, #3025, .F. ) ;
#2731 = ORIENTED_EDGE ( 'NONE', *, *, #9467, .T. ) ;
#2732 = ORIENTED_EDGE ( 'NONE', *, *, #4046, .T. ) ;
#2733 = ADVANCED_FACE ( 'NONE', ( #4125, #5528, #3204 ), #1468, .T. ) ;
#2734 = VERTEX_POINT ( 'NONE', #827 ) ;
#2735 = EDGE_LOOP ( 'NONE', ( #430, #8110, #9290, #2221 ) ) ;
#2736 = EDGE_CURVE ( 'NONE', #4386, #7889, #7832, .T. ) ;
#2737 = VERTEX_POINT ( 'NONE', #1503 ) ;
#2738 = AXIS2_PLACEMENT_3D ( 'NONE', #9459, #8648, #5756 ) ;
#2739 = PRODUCT_RELATED_PRODUCT_CATEGORY ( 'part', '', ( #5075 ) ) ;
#2740 = CARTESIAN_POINT ( 'NONE',  ( 457.6533211089977726, 74.53459230933664514, -5.485656285389790554 ) ) ;
#2741 = ORIENTED_EDGE ( 'NONE', *, *, #6414, .T. ) ;
#2742 = CARTESIAN_POINT ( 'NONE',  ( 46.00000000000004263, 48.00000000000009948, 9.000000000000007105 ) ) ;
#2743 = EDGE_LOOP ( 'NONE', ( #8810, #5469, #5035, #2269 ) ) ;
#2744 = CARTESIAN_POINT ( 'NONE',  ( 674.0000000000010232, 42.00000000000014921, 15.00000000000001421 ) ) ;
#2745 = AXIS2_PLACEMENT_3D ( 'NONE', #3911, #214, #3874 ) ;
#2746 = CARTESIAN_POINT ( 'NONE',  ( 0.000000000000000000, 288.0000000000000568, 3.999999999999781508 ) ) ;
#2747 = EDGE_CURVE ( 'NONE', #5352, #902, #9491, .T. ) ;
#2748 = CARTESIAN_POINT ( 'NONE',  ( 457.4269269584413564, 305.8663328592067501, -8.559794278224510222 ) ) ;
#2749 = CIRCLE ( 'NONE', #3669, 2.500000000000002220 ) ;
#2750 = VECTOR ( 'NONE', #1176, 1000.000000000000000 ) ;
#2751 = ORIENTED_EDGE ( 'NONE', *, *, #340, .T. ) ;
#2752 = CARTESIAN_POINT ( 'NONE',  ( 88.00000000000052580, 74.00000000000007105, 0.000000000000000000 ) ) ;
#2753 = VERTEX_POINT ( 'NONE', #6786 ) ;
#2754 = EDGE_LOOP ( 'NONE', ( #8304, #5742 ) ) ;
#2755 = DIRECTION ( 'NONE',  ( 0.000000000000000000, 0.000000000000000000, 1.000000000000000000 ) ) ;
#2756 = VECTOR ( 'NONE', #510, 1000.000000000000000 ) ;
#2757 = EDGE_CURVE ( 'NONE', #5, #4343, #138, .T. ) ;
#2758 = EDGE_LOOP ( 'NONE', ( #1565, #7778, #7075, #7307 ) ) ;
#2759 = CARTESIAN_POINT ( 'NONE',  ( 62.99999999999997158, 155.0000000000000000, 18.50000000000000711 ) ) ;
#2760 = FACE_OUTER_BOUND ( 'NONE', #2984, .T. ) ;
#2761 = VECTOR ( 'NONE', #6746, 1000.000000000000000 ) ;
#2762 = ORIENTED_EDGE ( 'NONE', *, *, #5888, .F. ) ;
#2763 = AXIS2_PLACEMENT_3D ( 'NONE', #6902, #1751, #6932 ) ;
#2764 = ADVANCED_FACE ( 'NONE', ( #7946 ), #5170, .F. ) ;
#2765 = DIRECTION ( 'NONE',  ( -1.000000000000000000, 0.000000000000000000, 0.000000000000000000 ) ) ;
#2766 = FACE_OUTER_BOUND ( 'NONE', #4277, .T. ) ;
#2767 = VECTOR ( 'NONE', #472, 1000.000000000000000 ) ;
#2768 = FILL_AREA_STYLE_COLOUR ( '', #8233 ) ;
#2769 = UNCERTAINTY_MEASURE_WITH_UNIT (LENGTH_MEASURE( 1.000000000000000082E-05 ), #5105, 'distance_accuracy_value', 'NONE');
#2770 = CARTESIAN_POINT ( 'NONE',  ( 458.4858125066269281, 77.46928694552927652, -11.47358841132561125 ) ) ;
#2771 = DIRECTION ( 'NONE',  ( -4.440892098500626162E-16, 6.938893903907225296E-18, -1.000000000000000000 ) ) ;
#2772 = CYLINDRICAL_SURFACE ( 'NONE', #3157, 4.000000000000006217 ) ;
#2773 = DIRECTION ( 'NONE',  ( 0.000000000000000000, 0.000000000000000000, -1.000000000000000000 ) ) ;
#2774 = CIRCLE ( 'NONE', #7130, 4.000000000000007105 ) ;
#2775 = FACE_BOUND ( 'NONE', #9079, .T. ) ;
#2776 = CIRCLE ( 'NONE', #6846, 4.000000000000023981 ) ;
#2777 = DIRECTION ( 'NONE',  ( 1.000000000000000000, 0.000000000000000000, 0.000000000000000000 ) ) ;
#2778 = ADVANCED_FACE ( 'NONE', ( #9009, #8292, #7257 ), #109, .F. ) ;
#2779 = CARTESIAN_POINT ( 'NONE',  ( 457.4719811109524699, 305.7917074619546725, -6.199188799058365618 ) ) ;
#2780 = FACE_BOUND ( 'NONE', #660, .T. ) ;
#2781 = CARTESIAN_POINT ( 'NONE',  ( 117.0000000000000000, 323.0000000000000000, 15.00000000000001421 ) ) ;
#2782 = DIRECTION ( 'NONE',  ( 4.440892098500626162E-16, -6.938893903907225296E-18, 1.000000000000000000 ) ) ;
#2783 = FACE_OUTER_BOUND ( 'NONE', #426, .T. ) ;
#2784 = ORIENTED_EDGE ( 'NONE', *, *, #9456, .T. ) ;
#2785 = FACE_OUTER_BOUND ( 'NONE', #2897, .T. ) ;
#2786 = CIRCLE ( 'NONE', #5371, 2.500000000000002220 ) ;
#2787 = EDGE_CURVE ( 'NONE', #7780, #6274, #3784, .T. ) ;
#2788 = CARTESIAN_POINT ( 'NONE',  ( 458.4999999999999432, 302.0000000000000000, 11.49999999999995737 ) ) ;
#2789 = ORIENTED_EDGE ( 'NONE', *, *, #8338, .F. ) ;
#2790 = FACE_OUTER_BOUND ( 'NONE', #9552, .T. ) ;
#2791 = CARTESIAN_POINT ( 'NONE',  ( 216.4999999999999716, 47.99999999999998579, -15.00000000000012434 ) ) ;
#2792 = ORIENTED_EDGE ( 'NONE', *, *, #5844, .T. ) ;
#2793 = PRODUCT_DEFINITION_CONTEXT ( 'detailed design', #9096, 'design' ) ;
#2794 = MECHANICAL_DESIGN_GEOMETRIC_PRESENTATION_REPRESENTATION (  '', ( #8237 ), #1282 ) ;
#2795 = ORIENTED_EDGE ( 'NONE', *, *, #4584, .T. ) ;
#2796 = CYLINDRICAL_SURFACE ( 'NONE', #4237, 3.000000000000002665 ) ;
#2797 = FACE_OUTER_BOUND ( 'NONE', #2260, .T. ) ;
#2798 = DIRECTION ( 'NONE',  ( 1.000000000000000000, 0.000000000000000000, 0.000000000000000000 ) ) ;
#2799 = EDGE_LOOP ( 'NONE', ( #9171, #9621, #1601, #8544 ) ) ;
#2800 = VECTOR ( 'NONE', #8258, 1000.000000000000000 ) ;
#2801 = DIRECTION ( 'NONE',  ( -0.000000000000000000, -1.000000000000000000, -0.000000000000000000 ) ) ;
#2802 = ORIENTED_EDGE ( 'NONE', *, *, #3958, .F. ) ;
#2803 = ORIENTED_EDGE ( 'NONE', *, *, #6170, .T. ) ;
#2804 = ORIENTED_EDGE ( 'NONE', *, *, #4132, .T. ) ;
#2805 = DIRECTION ( 'NONE',  ( 0.000000000000000000, 1.000000000000000000, 0.000000000000000000 ) ) ;
#2806 = CARTESIAN_POINT ( 'NONE',  ( 451.9999999999999432, 236.0000000000000000, 4.000000000000114575 ) ) ;
#2807 = EDGE_LOOP ( 'NONE', ( #7153, #316, #3982, #358 ) ) ;
#2808 = FACE_OUTER_BOUND ( 'NONE', #437, .T. ) ;
#2809 = VECTOR ( 'NONE', #6888, 1000.000000000000000 ) ;
#2810 = EDGE_CURVE ( 'NONE', #7273, #3371, #6340, .T. ) ;
#2811 = DIRECTION ( 'NONE',  ( -0.000000000000000000, 0.000000000000000000, 1.000000000000000000 ) ) ;
#2812 = ORIENTED_EDGE ( 'NONE', *, *, #4022, .F. ) ;
#2813 = CIRCLE ( 'NONE', #4900, 2.500000000000002220 ) ;
#2814 = CARTESIAN_POINT ( 'NONE',  ( 33.20359410748688589, 0.000000000000000000, 0.000000000000000000 ) ) ;
#2815 = ORIENTED_EDGE ( 'NONE', *, *, #705, .F. ) ;
#2816 = EDGE_LOOP ( 'NONE', ( #5748, #4932 ) ) ;
#2817 = ADVANCED_FACE ( 'NONE', ( #1093 ), #7598, .F. ) ;
#2818 = ORIENTED_EDGE ( 'NONE', *, *, #4131, .F. ) ;
#2819 = CARTESIAN_POINT ( 'NONE',  ( 485.0000000000000000, 380.0000000000000000, -15.00000000000012434 ) ) ;
#2820 = VECTOR ( 'NONE', #3715, 1000.000000000000000 ) ;
#2821 = ORIENTED_EDGE ( 'NONE', *, *, #7364, .F. ) ;
#2822 = CARTESIAN_POINT ( 'NONE',  ( 445.0000000000000000, 78.00000000000001421, 7.499999999999951150 ) ) ;
#2823 = CARTESIAN_POINT ( 'NONE',  ( 0.000000000000000000, 511.0000000000000000, 0.000000000000000000 ) ) ;
#2824 = AXIS2_PLACEMENT_3D ( 'NONE', #1906, #7275, #4890 ) ;
#2825 = PRODUCT_DEFINITION_SHAPE ( 'NONE', 'NONE',  #9692 ) ;
#2826 = DIRECTION ( 'NONE',  ( 1.000000000000000000, 0.000000000000000000, -0.000000000000000000 ) ) ;
#2827 = ADVANCED_FACE ( 'NONE', ( #3554, #7150, #5056 ), #8330, .F. ) ;
#2828 = ORIENTED_EDGE ( 'NONE', *, *, #4813, .F. ) ;
#2829 = DIRECTION ( 'NONE',  ( 0.000000000000000000, 0.000000000000000000, 1.000000000000000000 ) ) ;
#2830 = VERTEX_POINT ( 'NONE', #3936 ) ;
#2831 = CARTESIAN_POINT ( 'NONE',  ( 117.0000000000000000, 323.0000000000000000, -15.00000000000012434 ) ) ;
#2832 = DIRECTION ( 'NONE',  ( -1.000000000000000000, 0.000000000000000000, 0.000000000000000000 ) ) ;
#2833 = CLOSED_SHELL ( 'NONE', ( #1781, #2600, #831, #3745, #4768, #2416, #369, #9498, #8146, #5727, #6349, #2966, #4608, #9451, #5448, #8636, #7131, #8889, #1053, #1125 ) ) ;
#2834 = AXIS2_PLACEMENT_3D ( 'NONE', #25, #3060, #8158 ) ;
#2835 = DIRECTION ( 'NONE',  ( 0.000000000000000000, 1.000000000000000000, 0.000000000000000000 ) ) ;
#2836 = CARTESIAN_POINT ( 'NONE',  ( 0.000000000000000000, 0.000000000000000000, 0.000000000000000000 ) ) ;
#2837 = ORIENTED_EDGE ( 'NONE', *, *, #5277, .F. ) ;
#2838 = CARTESIAN_POINT ( 'NONE',  ( 457.7962305678202029, 305.1760196118414115, -9.945347753197511409 ) ) ;
#2839 = EDGE_CURVE ( 'NONE', #474, #5587, #2861, .T. ) ;
#2840 = EDGE_CURVE ( 'NONE', #4283, #7819, #8769, .T. ) ;
#2841 = DIRECTION ( 'NONE',  ( 0.000000000000000000, 0.000000000000000000, 1.000000000000000000 ) ) ;
#2842 = ORIENTED_EDGE ( 'NONE', *, *, #8953, .F. ) ;
#2843 = EDGE_CURVE ( 'NONE', #902, #5352, #1451, .T. ) ;
#2844 = AXIS2_PLACEMENT_3D ( 'NONE', #9549, #1416, #584 ) ;
#2845 = AXIS2_PLACEMENT_3D ( 'NONE', #7514, #5370, #7486 ) ;
#2846 = ORIENTED_EDGE ( 'NONE', *, *, #1101, .T. ) ;
#2847 = CARTESIAN_POINT ( 'NONE',  ( 211.4999999999999716, 272.0000000000000000, -15.00000000000012434 ) ) ;
#2848 = PRODUCT ( 'A760250-PUERTASXPT', 'A760250-PUERTASXPT', '', ( #6975 ) ) ;
#2849 = DIRECTION ( 'NONE',  ( -1.000000000000000000, 0.000000000000000000, 0.000000000000000000 ) ) ;
#2850 = ORIENTED_EDGE ( 'NONE', *, *, #2879, .T. ) ;
#2851 = DIRECTION ( 'NONE',  ( 1.000000000000000000, 0.000000000000000000, 0.000000000000000000 ) ) ;
#2852 = VECTOR ( 'NONE', #1323, 1000.000000000000227 ) ;
#2853 = EDGE_LOOP ( 'NONE', ( #4016, #461, #1847, #6347 ) ) ;
#2854 = EDGE_CURVE ( 'NONE', #9321, #816, #4350, .T. ) ;
#2855 = AXIS2_PLACEMENT_3D ( 'NONE', #5878, #3573, #8034 ) ;
#2856 =( NAMED_UNIT ( * ) SI_UNIT ( $, .STERADIAN. ) SOLID_ANGLE_UNIT ( ) );
#2857 = CARTESIAN_POINT ( 'NONE',  ( 672.0000000000001137, 190.0000000000000000, 12.00000000000001066 ) ) ;
#2858 = ORIENTED_EDGE ( 'NONE', *, *, #6313, .F. ) ;
#2859 = CARTESIAN_POINT ( 'NONE',  ( 4.000000000000000000, 78.00000000000001421, 15.00000000000001421 ) ) ;
#2860 = CARTESIAN_POINT ( 'NONE',  ( 88.00000000000052580, 266.0000000000003411, 15.00000000000001421 ) ) ;
#2861 = CIRCLE ( 'NONE', #4110, 2.499999999999946709 ) ;
#2862 = VECTOR ( 'NONE', #4428, 1000.000000000000000 ) ;
#2863 = ORIENTED_EDGE ( 'NONE', *, *, #3069, .F. ) ;
#2864 = CARTESIAN_POINT ( 'NONE',  ( 152.4999999999999716, 47.99999999999998579, 15.00000000000001421 ) ) ;
#2865 = CARTESIAN_POINT ( 'NONE',  ( 439.2089883689056933, 348.1640233375465527, 15.00000000000001421 ) ) ;
#2866 = PLANE ( 'NONE',  #289 ) ;
#2867 = AXIS2_PLACEMENT_3D ( 'NONE', #576, #6583, #2087 ) ;
#2868 = DIRECTION ( 'NONE',  ( -1.000000000000000000, -7.304098846218140584E-16, 0.000000000000000000 ) ) ;
#2869 = ADVANCED_FACE ( 'NONE', ( #4012 ), #3172, .F. ) ;
#2870 =( LENGTH_UNIT ( ) NAMED_UNIT ( * ) SI_UNIT ( .MILLI., .METRE. ) );
#2871 = DIRECTION ( 'NONE',  ( 1.000000000000000000, 0.000000000000000000, 0.000000000000000000 ) ) ;
#2872 = ORIENTED_EDGE ( 'NONE', *, *, #2366, .T. ) ;
#2873 = FACE_OUTER_BOUND ( 'NONE', #9308, .T. ) ;
#2874 = LINE ( 'NONE', #7958, #610 ) ;
#2875 = ORIENTED_EDGE ( 'NONE', *, *, #6885, .T. ) ;
#2876 = AXIS2_PLACEMENT_3D ( 'NONE', #8848, #9559, #2884 ) ;
#2877 = CARTESIAN_POINT ( 'NONE',  ( 0.000000000000000000, 320.0000000000000000, 0.000000000000000000 ) ) ;
#2878 = CYLINDRICAL_SURFACE ( 'NONE', #4445, 3.000000000000002665 ) ;
#2879 = EDGE_CURVE ( 'NONE', #8468, #9321, #4585, .T. ) ;
#2880 = CARTESIAN_POINT ( 'NONE',  ( 147.4999999999999716, 272.0000000000000000, 3.000000000000002665 ) ) ;
#2881 = FACE_OUTER_BOUND ( 'NONE', #2377, .T. ) ;
#2882 = LINE ( 'NONE', #237, #9516 ) ;
#2883 = AXIS2_PLACEMENT_3D ( 'NONE', #2245, #3061, #8128 ) ;
#2884 = DIRECTION ( 'NONE',  ( 0.000000000000000000, 0.000000000000000000, 1.000000000000000000 ) ) ;
#2885 = LINE ( 'NONE', #8886, #2549 ) ;
#2886 = VECTOR ( 'NONE', #756, 1000.000000000000000 ) ;
#2887 = CARTESIAN_POINT ( 'NONE',  ( 26.99999999999999645, -205.0000000000000284, 46.50000000000014921 ) ) ;
#2888 = CARTESIAN_POINT ( 'NONE',  ( 8.000000000000007105, 302.0000000000000568, 2.000000000000001776 ) ) ;
#2889 = AXIS2_PLACEMENT_3D ( 'NONE', #7515, #2351, #1529 ) ;
#2890 = LINE ( 'NONE', #8275, #7743 ) ;
#2891 = DIRECTION ( 'NONE',  ( -4.440892098500626162E-16, 6.938893903907225296E-18, -1.000000000000000000 ) ) ;
#2892 = LINE ( 'NONE', #9399, #167 ) ;
#2893 = EDGE_CURVE ( 'NONE', #3384, #8238, #6791, .T. ) ;
#2894 = EDGE_LOOP ( 'NONE', ( #1134, #6810, #9131, #5285 ) ) ;
#2895 = CARTESIAN_POINT ( 'NONE',  ( 742.4999999999998863, 46.00000000000005684, 10.50000000000006395 ) ) ;
#2896 = EDGE_CURVE ( 'NONE', #5963, #589, #3091, .T. ) ;
#2897 = EDGE_LOOP ( 'NONE', ( #4752, #7322, #3606, #9531 ) ) ;
#2898 = EDGE_LOOP ( 'NONE', ( #8050, #7975 ) ) ;
#2899 = FACE_BOUND ( 'NONE', #9268, .T. ) ;
#2900 = VECTOR ( 'NONE', #8495, 1000.000000000000000 ) ;
#2901 = CARTESIAN_POINT ( 'NONE',  ( 131.0000000000000000, 190.0000000000000000, 0.000000000000000000 ) ) ;
#2902 = DIRECTION ( 'NONE',  ( 1.000000000000000000, 0.000000000000000000, 0.000000000000000000 ) ) ;
#2903 = ORIENTED_EDGE ( 'NONE', *, *, #5206, .F. ) ;
#2904 = DIRECTION ( 'NONE',  ( 0.000000000000000000, 0.000000000000000000, -1.000000000000000000 ) ) ;
#2905 = DIRECTION ( 'NONE',  ( 1.000000000000000000, 0.000000000000000000, 4.336808689942014285E-16 ) ) ;
#2906 = ORIENTED_EDGE ( 'NONE', *, *, #361, .F. ) ;
#2907 = LINE ( 'NONE', #2970, #8097 ) ;
#2908 = ORIENTED_EDGE ( 'NONE', *, *, #3249, .F. ) ;
#2909 = LINE ( 'NONE', #3768, #9032 ) ;
#2910 = DIRECTION ( 'NONE',  ( 0.000000000000000000, 0.000000000000000000, 1.000000000000000000 ) ) ;
#2911 = LINE ( 'NONE', #1682, #2447 ) ;
#2912 = CARTESIAN_POINT ( 'NONE',  ( 634.5000000000009095, 74.00000000000017053, 15.00000000000001421 ) ) ;
#2913 = PRODUCT ( 'A760250-TAPASXXXTA', 'A760250-TAPASXXXTA', '', ( #2477 ) ) ;
#2914 = DIRECTION ( 'NONE',  ( 4.440892098500629120E-16, 6.938893903907225296E-18, -1.000000000000000000 ) ) ;
#2915 = AXIS2_PLACEMENT_3D ( 'NONE', #8432, #1034, #4744 ) ;
#2916 = VERTEX_POINT ( 'NONE', #859 ) ;
#2917 = FACE_BOUND ( 'NONE', #954, .T. ) ;
#2918 = STYLED_ITEM ( 'NONE', ( #7439 ), #6368 ) ;
#2919 = ORIENTED_EDGE ( 'NONE', *, *, #9212, .T. ) ;
#2920 = ORIENTED_EDGE ( 'NONE', *, *, #6630, .T. ) ;
#2921 = VERTEX_POINT ( 'NONE', #3879 ) ;
#2922 = DIRECTION ( 'NONE',  ( 9.860761315262643189E-32, 1.000000000000000000, 6.938893903907225296E-18 ) ) ;
#2923 = ADVANCED_FACE ( 'NONE', ( #2393 ), #7719, .F. ) ;
#2924 = DIRECTION ( 'NONE',  ( -1.000000000000000000, 0.000000000000000000, 0.000000000000000000 ) ) ;
#2925 = CIRCLE ( 'NONE', #2389, 3.000000000000004441 ) ;
#2926 = ORIENTED_EDGE ( 'NONE', *, *, #3568, .T. ) ;
#2927 = LINE ( 'NONE', #2965, #672 ) ;
#2928 = CARTESIAN_POINT ( 'NONE',  ( 0.000000000000000000, 0.000000000000000000, 0.000000000000000000 ) ) ;
#2929 = ORIENTED_EDGE ( 'NONE', *, *, #220, .T. ) ;
#2930 = EDGE_CURVE ( 'NONE', #3129, #605, #5646, .T. ) ;
#2931 = PLANE ( 'NONE',  #628 ) ;
#2932 = CARTESIAN_POINT ( 'NONE',  ( -5.551115123125782702E-14, 47.99999999999982236, 4.000000000000003553 ) ) ;
#2933 = COLOUR_RGB ( '',1.000000000000000000, 1.000000000000000000, 1.000000000000000000 ) ;
#2934 = CARTESIAN_POINT ( 'NONE',  ( 457.8706551132594313, 81.01366669363785888, 10.14259942229810285 ) ) ;
#2935 = ORIENTED_EDGE ( 'NONE', *, *, #5531, .F. ) ;
#2936 = DIRECTION ( 'NONE',  ( 1.000000000000000000, 0.000000000000000000, 4.336808689942014285E-16 ) ) ;
#2937 = CARTESIAN_POINT ( 'NONE',  ( 0.000000000000000000, 0.000000000000000000, 15.00000000000012434 ) ) ;
#2938 = CLOSED_SHELL ( 'NONE', ( #3983, #1900, #6322, #6178, #7982, #683 ) ) ;
#2939 = CARTESIAN_POINT ( 'NONE',  ( 0.000000000000000000, 0.000000000000000000, 0.000000000000000000 ) ) ;
#2940 = CARTESIAN_POINT ( 'NONE',  ( 632.0000000000010232, 42.00000000000014921, 9.000000000000007105 ) ) ;
#2941 = DIRECTION ( 'NONE',  ( 0.2760228707098010270, 0.9611510676502006412, 0.000000000000000000 ) ) ;
#2942 = EDGE_CURVE ( 'NONE', #835, #2149, #372, .T. ) ;
#2943 = MANIFOLD_SOLID_BREP ( 'Saliente-Extruir2', #8235 ) ;
#2944 = PRODUCT_DEFINITION_SHAPE ( 'NONE', 'NONE',  #829 ) ;
#2945 = AXIS2_PLACEMENT_3D ( 'NONE', #4793, #1073, #2636 ) ;
#2946 = DIRECTION ( 'NONE',  ( -0.000000000000000000, 0.000000000000000000, 1.000000000000000000 ) ) ;
#2947 = EDGE_LOOP ( 'NONE', ( #2673, #9018, #3042, #7944 ) ) ;
#2948 = CARTESIAN_POINT ( 'NONE',  ( 100.9999999999999716, 155.0000000000000000, 15.49999999999999822 ) ) ;
#2949 = CARTESIAN_POINT ( 'NONE',  ( 62.99999999999997158, 195.0000000000000000, 12.49999999999999112 ) ) ;
#2950 = ORIENTED_EDGE ( 'NONE', *, *, #2840, .F. ) ;
#2951 = AXIS2_PLACEMENT_3D ( 'NONE', #6716, #2450, #7459 ) ;
#2952 = CARTESIAN_POINT ( 'NONE',  ( 451.9999999999998863, 192.0000000000000568, -1.110223024625156540E-13 ) ) ;
#2953 = EDGE_LOOP ( 'NONE', ( #4095, #9502, #3429, #7933 ) ) ;
#2954 = VERTEX_POINT ( 'NONE', #1637 ) ;
#2955 = CARTESIAN_POINT ( 'NONE',  ( 0.000000000000000000, 0.000000000000000000, 31.00000000000000000 ) ) ;
#2956 = DIRECTION ( 'NONE',  ( -1.000000000000000000, 0.000000000000000000, 0.000000000000000000 ) ) ;
#2957 = EDGE_LOOP ( 'NONE', ( #8359, #4048 ) ) ;
#2958 = ORIENTED_EDGE ( 'NONE', *, *, #6280, .F. ) ;
#2959 = EDGE_LOOP ( 'NONE', ( #4947, #348, #6159, #4716 ) ) ;
#2960 = CARTESIAN_POINT ( 'NONE',  ( 27.54347181479136353, 0.000000000000000000, 0.000000000000000000 ) ) ;
#2961 = ORIENTED_EDGE ( 'NONE', *, *, #305, .F. ) ;
#2962 = DIRECTION ( 'NONE',  ( 0.2760228707098010270, 0.9611510676502006412, 0.000000000000000000 ) ) ;
#2963 = ORIENTED_EDGE ( 'NONE', *, *, #2366, .F. ) ;
#2964 = CARTESIAN_POINT ( 'NONE',  ( 458.4999999999999432, 78.00000000000000000, 3.499999999999947597 ) ) ;
#2965 = CARTESIAN_POINT ( 'NONE',  ( 451.9999999999998863, 379.9999999999997726, 15.00000000000012434 ) ) ;
#2966 = ADVANCED_FACE ( 'NONE', ( #2640 ), #5045, .F. ) ;
#2967 = DIRECTION ( 'NONE',  ( 1.000000000000000000, 0.000000000000000000, 0.000000000000000000 ) ) ;
#2968 = EDGE_CURVE ( 'NONE', #8719, #8393, #1325, .T. ) ;
#2969 = ORIENTED_EDGE ( 'NONE', *, *, #6548, .T. ) ;
#2970 = CARTESIAN_POINT ( 'NONE',  ( 108.2035941074868930, -6.907806440147400806E-18, 0.000000000000000000 ) ) ;
#2971 = EDGE_CURVE ( 'NONE', #3601, #6342, #6915, .T. ) ;
#2972 = EDGE_LOOP ( 'NONE', ( #8896, #3779, #8712, #1328, #1646 ) ) ;
#2973 = AXIS2_PLACEMENT_3D ( 'NONE', #7747, #3297, #1175 ) ;
#2974 = CARTESIAN_POINT ( 'NONE',  ( 130.9999999999999716, 195.0000000000000000, 0.000000000000000000 ) ) ;
#2975 = DIRECTION ( 'NONE',  ( 0.000000000000000000, -0.000000000000000000, 1.000000000000000000 ) ) ;
#2976 = CYLINDRICAL_SURFACE ( 'NONE', #7409, 4.000000000000003553 ) ;
#2977 = CARTESIAN_POINT ( 'NONE',  ( 277.9999999999998863, 272.0000000000000000, 15.00000000000001421 ) ) ;
#2978 = ORIENTED_EDGE ( 'NONE', *, *, #3239, .F. ) ;
#2979 = DIRECTION ( 'NONE',  ( 0.000000000000000000, 1.000000000000000000, 0.000000000000000000 ) ) ;
#2980 = EDGE_LOOP ( 'NONE', ( #941, #1129, #6220, #5466 ) ) ;
#2981 = EDGE_CURVE ( 'NONE', #5182, #5413, #8758, .T. ) ;
#2982 = VECTOR ( 'NONE', #5651, 1000.000000000000000 ) ;
#2983 = AXIS2_PLACEMENT_3D ( 'NONE', #8424, #597, #2173 ) ;
#2984 = EDGE_LOOP ( 'NONE', ( #1750, #3610, #8866, #2707 ) ) ;
#2985 = LINE ( 'NONE', #872, #6562 ) ;
#2986 = FACE_OUTER_BOUND ( 'NONE', #308, .T. ) ;
#2987 = DIRECTION ( 'NONE',  ( -4.440892098500626162E-16, 6.938893903907225296E-18, -1.000000000000000000 ) ) ;
#2988 = ORIENTED_EDGE ( 'NONE', *, *, #3055, .F. ) ;
#2989 = DIRECTION ( 'NONE',  ( 0.000000000000000000, 0.000000000000000000, 1.000000000000000000 ) ) ;
#2990 = DIRECTION ( 'NONE',  ( 0.000000000000000000, 0.000000000000000000, 1.000000000000000000 ) ) ;
#2991 = VECTOR ( 'NONE', #6811, 1000.000000000000227 ) ;
#2992 = CIRCLE ( 'NONE', #5976, 7.500000000000007105 ) ;
#2993 = DIRECTION ( 'NONE',  ( 0.000000000000000000, 0.000000000000000000, 1.000000000000000000 ) ) ;
#2994 = EDGE_CURVE ( 'NONE', #6430, #8590, #4576, .T. ) ;
#2995 = CARTESIAN_POINT ( 'NONE',  ( -6.938893903907228378E-15, 191.9999999999999432, 4.000000000000003553 ) ) ;
#2996 = CARTESIAN_POINT ( 'NONE',  ( 443.4999999999999432, 302.0000000000000000, 15.00000000000001421 ) ) ;
#2997 = DIRECTION ( 'NONE',  ( -1.000000000000000000, 0.000000000000000000, 0.000000000000000000 ) ) ;
#2998 = VECTOR ( 'NONE', #5792, 1000.000000000000000 ) ;
#2999 = DIRECTION ( 'NONE',  ( -0.000000000000000000, 0.000000000000000000, 1.000000000000000000 ) ) ;
#3000 = DIRECTION ( 'NONE',  ( 0.000000000000000000, 0.000000000000000000, 1.000000000000000000 ) ) ;
#3001 = VECTOR ( 'NONE', #294, 1000.000000000000000 ) ;
#3002 = FACE_BOUND ( 'NONE', #1130, .T. ) ;
#3003 = LINE ( 'NONE', #8210, #6706 ) ;
#3004 = AXIS2_PLACEMENT_3D ( 'NONE', #3628, #3690, #5084 ) ;
#3005 = CARTESIAN_POINT ( 'NONE',  ( 0.000000000000000000, 78.00000000000001421, -7.499999999999840128 ) ) ;
#3006 = CARTESIAN_POINT ( 'NONE',  ( 366.9999999999999432, 362.0000000000001137, 15.00000000000012967 ) ) ;
#3007 = DIRECTION ( 'NONE',  ( 0.000000000000000000, -0.000000000000000000, 1.000000000000000000 ) ) ;
#3008 = CARTESIAN_POINT ( 'NONE',  ( 340.9999999999998863, 362.0000000000001137, 3.000000000000119460 ) ) ;
#3009 = CIRCLE ( 'NONE', #1011, 2.500000000000002220 ) ;
#3010 = ORIENTED_EDGE ( 'NONE', *, *, #5844, .F. ) ;
#3011 = AXIS2_PLACEMENT_3D ( 'NONE', #1775, #5606, #2530 ) ;
#3012 = FACE_BOUND ( 'NONE', #4392, .T. ) ;
#3013 = CIRCLE ( 'NONE', #3635, 3.000000000000002665 ) ;
#3014 = ADVANCED_FACE ( 'NONE', ( #8279 ), #4341, .F. ) ;
#3015 = DIRECTION ( 'NONE',  ( 0.000000000000000000, 0.000000000000000000, 1.000000000000000000 ) ) ;
#3016 = VERTEX_POINT ( 'NONE', #7749 ) ;
#3017 = SURFACE_STYLE_FILL_AREA ( #8263 ) ;
#3018 = AXIS2_PLACEMENT_3D ( 'NONE', #2865, #3668, #2143 ) ;
#3019 = ORIENTED_EDGE ( 'NONE', *, *, #44, .F. ) ;
#3020 = CARTESIAN_POINT ( 'NONE',  ( 720.0000000000010232, 0.000000000000000000, 15.00000000000001421 ) ) ;
#3021 = ORIENTED_EDGE ( 'NONE', *, *, #7458, .T. ) ;
#3022 = LINE ( 'NONE', #4332, #2445 ) ;
#3023 = CIRCLE ( 'NONE', #5990, 6.000000000000227374 ) ;
#3024 = PLANE ( 'NONE',  #5613 ) ;
#3025 = EDGE_CURVE ( 'NONE', #6510, #8616, #971, .T. ) ;
#3026 = CARTESIAN_POINT ( 'NONE',  ( 451.9999999999998863, 144.0000000000002274, 0.000000000000000000 ) ) ;
#3027 = EDGE_CURVE ( 'NONE', #4138, #8028, #8406, .T. ) ;
#3028 = ORIENTED_EDGE ( 'NONE', *, *, #4886, .F. ) ;
#3029 = LINE ( 'NONE', #1774, #1614 ) ;
#3030 = CARTESIAN_POINT ( 'NONE',  ( 458.0185965569544919, 80.65095779836525480, 4.493635309432169045 ) ) ;
#3031 = VERTEX_POINT ( 'NONE', #6991 ) ;
#3032 = VERTEX_POINT ( 'NONE', #3319 ) ;
#3033 = MECHANICAL_DESIGN_GEOMETRIC_PRESENTATION_REPRESENTATION (  '', ( #7678 ), #4010 ) ;
#3034 = ORIENTED_EDGE ( 'NONE', *, *, #1426, .F. ) ;
#3035 = ORIENTED_EDGE ( 'NONE', *, *, #3853, .T. ) ;
#3036 = LINE ( 'NONE', #738, #6971 ) ;
#3037 = CARTESIAN_POINT ( 'NONE',  ( 436.2089883689056933, 348.1640233375465527, -3.000000000000113687 ) ) ;
#3038 = VECTOR ( 'NONE', #8759, 1000.000000000000000 ) ;
#3039 = CARTESIAN_POINT ( 'NONE',  ( 0.000000000000000000, 0.000000000000000000, 15.00000000000001421 ) ) ;
#3040 = ORIENTED_EDGE ( 'NONE', *, *, #7702, .F. ) ;
#3041 = CIRCLE ( 'NONE', #695, 2.500000000000002220 ) ;
#3042 = ORIENTED_EDGE ( 'NONE', *, *, #7851, .T. ) ;
#3043 = ORIENTED_EDGE ( 'NONE', *, *, #5506, .T. ) ;
#3044 = DIRECTION ( 'NONE',  ( 0.000000000000000000, 0.000000000000000000, 1.000000000000000000 ) ) ;
#3045 = DIRECTION ( 'NONE',  ( 0.000000000000000000, 0.000000000000000000, -1.000000000000000000 ) ) ;
#3046 = ORIENTED_EDGE ( 'NONE', *, *, #1042, .F. ) ;
#3047 = DIRECTION ( 'NONE',  ( 1.000000000000000000, 0.000000000000000000, 0.000000000000000000 ) ) ;
#3048 = VECTOR ( 'NONE', #1209, 1000.000000000000000 ) ;
#3049 = EDGE_CURVE ( 'NONE', #8594, #71, #6445, .T. ) ;
#3050 = DIRECTION ( 'NONE',  ( 0.000000000000000000, 0.000000000000000000, 1.000000000000000000 ) ) ;
#3051 = AXIS2_PLACEMENT_3D ( 'NONE', #1564, #2319, #7495 ) ;
#3052 = PRODUCT_RELATED_PRODUCT_CATEGORY ( 'part', '', ( #8036 ) ) ;
#3053 = VERTEX_POINT ( 'NONE', #2626 ) ;
#3054 = CARTESIAN_POINT ( 'NONE',  ( 213.9999999999999716, 47.99999999999998579, -15.00000000000012434 ) ) ;
#3055 = EDGE_CURVE ( 'NONE', #6300, #6529, #6674, .T. ) ;
#3056 = DIRECTION ( 'NONE',  ( 1.000000000000000000, 0.000000000000000000, 0.000000000000000000 ) ) ;
#3057 = MECHANICAL_DESIGN_GEOMETRIC_PRESENTATION_REPRESENTATION (  '', ( #8309 ), #1673 ) ;
#3058 = ORIENTED_EDGE ( 'NONE', *, *, #6139, .T. ) ;
#3059 = DIRECTION ( 'NONE',  ( 1.000000000000000000, 0.000000000000000000, 0.000000000000000000 ) ) ;
#3060 = DIRECTION ( 'NONE',  ( -0.000000000000000000, 0.000000000000000000, 1.000000000000000000 ) ) ;
#3061 = DIRECTION ( 'NONE',  ( -9.860761315262643189E-32, -1.000000000000000000, -6.938893903907225296E-18 ) ) ;
#3062 = ORIENTED_EDGE ( 'NONE', *, *, #1571, .T. ) ;
#3063 = UNCERTAINTY_MEASURE_WITH_UNIT (LENGTH_MEASURE( 1.000000000000000082E-05 ), #8531, 'distance_accuracy_value', 'NONE');
#3064 = CARTESIAN_POINT ( 'NONE',  ( 0.000000000000000000, 380.0000000000000000, 15.00000000000001421 ) ) ;
#3065 = DIRECTION ( 'NONE',  ( 1.000000000000000000, 9.860761315262647568E-32, 4.440892098500629120E-16 ) ) ;
#3066 = VERTEX_POINT ( 'NONE', #2560 ) ;
#3067 = CARTESIAN_POINT ( 'NONE',  ( 0.000000000000000000, 0.000000000000000000, 15.00000000000001421 ) ) ;
#3068 = CARTESIAN_POINT ( 'NONE',  ( 119.5000000000000000, 323.0000000000000000, -14.00000000000001243 ) ) ;
#3069 = EDGE_CURVE ( 'NONE', #2954, #7450, #4462, .T. ) ;
#3070 = AXIS2_PLACEMENT_3D ( 'NONE', #4309, #5872, #6580 ) ;
#3071 = VERTEX_POINT ( 'NONE', #1128 ) ;
#3072 = CARTESIAN_POINT ( 'NONE',  ( 340.9999999999999432, 323.0000000000000000, -15.00000000000012434 ) ) ;
#3073 = DIRECTION ( 'NONE',  ( 0.000000000000000000, -1.000000000000000000, 0.000000000000000000 ) ) ;
#3074 = DIRECTION ( 'NONE',  ( -0.000000000000000000, -0.000000000000000000, -1.000000000000000000 ) ) ;
#3075 = EDGE_LOOP ( 'NONE', ( #3955, #9216, #8296, #7876 ) ) ;
#3076 = DIRECTION ( 'NONE',  ( 1.000000000000000000, 0.000000000000000000, 0.000000000000000000 ) ) ;
#3077 = AXIS2_PLACEMENT_3D ( 'NONE', #3526, #8766, #8739 ) ;
#3078 = DIRECTION ( 'NONE',  ( 0.000000000000000000, 0.000000000000000000, -1.000000000000000000 ) ) ;
#3079 = ORIENTED_EDGE ( 'NONE', *, *, #4686, .F. ) ;
#3080 = EDGE_CURVE ( 'NONE', #1627, #3221, #4814, .T. ) ;
#3081 = ORIENTED_EDGE ( 'NONE', *, *, #8620, .T. ) ;
#3082 = DIRECTION ( 'NONE',  ( 1.000000000000000000, 0.000000000000000000, 0.000000000000000000 ) ) ;
#3083 = DIRECTION ( 'NONE',  ( 1.000000000000000000, 0.000000000000000000, 0.000000000000000000 ) ) ;
#3084 = ORIENTED_EDGE ( 'NONE', *, *, #8953, .T. ) ;
#3085 = CARTESIAN_POINT ( 'NONE',  ( 457.7962305678202029, 81.17601961184142567, -9.945347753197474105 ) ) ;
#3086 = ORIENTED_EDGE ( 'NONE', *, *, #868, .T. ) ;
#3087 =( LENGTH_UNIT ( ) NAMED_UNIT ( * ) SI_UNIT ( .MILLI., .METRE. ) );
#3088 = CARTESIAN_POINT ( 'NONE',  ( 466.2791522340547772, 337.2193787511251912, -3.000000000000113687 ) ) ;
#3089 = DIRECTION ( 'NONE',  ( -0.000000000000000000, -0.000000000000000000, -1.000000000000000000 ) ) ;
#3090 = VERTEX_POINT ( 'NONE', #7118 ) ;
#3091 = CIRCLE ( 'NONE', #4424, 2.500000000000002220 ) ;
#3092 = VECTOR ( 'NONE', #4588, 1000.000000000000000 ) ;
#3093 = ORIENTED_EDGE ( 'NONE', *, *, #9629, .T. ) ;
#3094 = AXIS2_PLACEMENT_3D ( 'NONE', #3600, #593, #5052 ) ;
#3095 = PLANE ( 'NONE',  #3253 ) ;
#3096 =( GEOMETRIC_REPRESENTATION_CONTEXT ( 3 ) GLOBAL_UNCERTAINTY_ASSIGNED_CONTEXT ( ( #2649 ) ) GLOBAL_UNIT_ASSIGNED_CONTEXT ( ( #1290, #7285, #2856 ) ) REPRESENTATION_CONTEXT ( 'NONE', 'WORKASPACE' ) );
#3097 = DIRECTION ( 'NONE',  ( -1.000000000000000000, 0.000000000000000000, 0.000000000000000000 ) ) ;
#3098 = CARTESIAN_POINT ( 'NONE',  ( 0.000000000000000000, 0.000000000000000000, 0.000000000000000000 ) ) ;
#3099 = ORIENTED_EDGE ( 'NONE', *, *, #6662, .T. ) ;
#3100 = DIRECTION ( 'NONE',  ( 0.000000000000000000, 0.000000000000000000, -1.000000000000000000 ) ) ;
#3101 = DIRECTION ( 'NONE',  ( -0.000000000000000000, -0.000000000000000000, -1.000000000000000000 ) ) ;
#3102 = CARTESIAN_POINT ( 'NONE',  ( 674.0000000000010232, 42.00000000000014921, 9.000000000000007105 ) ) ;
#3103 = CIRCLE ( 'NONE', #6029, 4.000000000000017764 ) ;
#3104 = FACE_OUTER_BOUND ( 'NONE', #3128, .T. ) ;
#3105 = VERTEX_POINT ( 'NONE', #4841 ) ;
#3106 = ADVANCED_FACE ( 'NONE', ( #1084 ), #483, .F. ) ;
#3107 = DIRECTION ( 'NONE',  ( 1.000000000000000000, 9.860761315262647568E-32, 4.440892098500629120E-16 ) ) ;
#3108 = ORIENTED_EDGE ( 'NONE', *, *, #4440, .T. ) ;
#3109 = EDGE_CURVE ( 'NONE', #4530, #5415, #6330, .T. ) ;
#3110 = CIRCLE ( 'NONE', #3160, 2.500000000000002220 ) ;
#3111 = LINE ( 'NONE', #4231, #9163 ) ;
#3112 = CARTESIAN_POINT ( 'NONE',  ( 451.9999999999998863, 140.0000000000000000, 4.000000000000003553 ) ) ;
#3113 = CARTESIAN_POINT ( 'NONE',  ( 680.0000000000012506, 298.0000000000004547, 9.000000000000007105 ) ) ;
#3114 = CARTESIAN_POINT ( 'NONE',  ( 450.9999999999999432, 302.0000000000000000, -1.500000000000056843 ) ) ;
#3115 = CIRCLE ( 'NONE', #4152, 2.500000000000002220 ) ;
#3116 = ADVANCED_FACE ( 'NONE', ( #7477 ), #2631, .F. ) ;
#3117 = CARTESIAN_POINT ( 'NONE',  ( 0.000000000000000000, 0.000000000000000000, -1.500000000000056843 ) ) ;
#3118 = LINE ( 'NONE', #8973, #5556 ) ;
#3119 = EDGE_CURVE ( 'NONE', #4670, #7652, #8654, .T. ) ;
#3120 = FACE_OUTER_BOUND ( 'NONE', #5386, .T. ) ;
#3121 = CARTESIAN_POINT ( 'NONE',  ( 46.00000000000002842, 298.0000000000004547, 9.000000000000007105 ) ) ;
#3122 = CARTESIAN_POINT ( 'NONE',  ( 792.0000000000000000, 78.00000000000001421, 15.00000000000001421 ) ) ;
#3123 = ORIENTED_EDGE ( 'NONE', *, *, #743, .T. ) ;
#3124 = CARTESIAN_POINT ( 'NONE',  ( 457.3615938947220911, 298.0271028140448379, -6.965220143283759491 ) ) ;
#3125 =( LENGTH_UNIT ( ) NAMED_UNIT ( * ) SI_UNIT ( .MILLI., .METRE. ) );
#3126 = VERTEX_POINT ( 'NONE', #5750 ) ;
#3127 = CARTESIAN_POINT ( 'NONE',  ( 343.5000000000000000, 323.0000000000000000, 15.00000000000001421 ) ) ;
#3128 = EDGE_LOOP ( 'NONE', ( #1400, #7350, #7321, #1463 ) ) ;
#3129 = VERTEX_POINT ( 'NONE', #7216 ) ;
#3130 = VECTOR ( 'NONE', #9573, 1000.000000000000000 ) ;
#3131 = CARTESIAN_POINT ( 'NONE',  ( 88.00000000000052580, 298.0000000000003979, 15.00000000000001421 ) ) ;
#3132 = VECTOR ( 'NONE', #1954, 1000.000000000000000 ) ;
#3133 = DIRECTION ( 'NONE',  ( 1.000000000000000000, 0.000000000000000000, 0.000000000000000000 ) ) ;
#3134 = ORIENTED_EDGE ( 'NONE', *, *, #6763, .T. ) ;
#3135 = EDGE_LOOP ( 'NONE', ( #4864, #1550, #5592, #4939 ) ) ;
#3136 = FACE_BOUND ( 'NONE', #8569, .T. ) ;
#3137 = CARTESIAN_POINT ( 'NONE',  ( -5.551115123125782702E-14, 336.0000000000000568, 3.999999999999892530 ) ) ;
#3138 = CARTESIAN_POINT ( 'NONE',  ( 0.000000000000000000, 380.0000000000000000, 15.00000000000001421 ) ) ;
#3139 = VERTEX_POINT ( 'NONE', #1265 ) ;
#3140 = LINE ( 'NONE', #158, #9445 ) ;
#3141 = CIRCLE ( 'NONE', #477, 3.000000000000002665 ) ;
#3142 =( NAMED_UNIT ( * ) PLANE_ANGLE_UNIT ( ) SI_UNIT ( $, .RADIAN. ) );
#3143 = CARTESIAN_POINT ( 'NONE',  ( 0.000000000000000000, 0.000000000000000000, 3.000000000000002665 ) ) ;
#3144 = ORIENTED_EDGE ( 'NONE', *, *, #7233, .T. ) ;
#3145 = FACE_OUTER_BOUND ( 'NONE', #9085, .T. ) ;
#3146 = ORIENTED_EDGE ( 'NONE', *, *, #3824, .T. ) ;
#3147 = ORIENTED_EDGE ( 'NONE', *, *, #8537, .F. ) ;
#3148 = ORIENTED_EDGE ( 'NONE', *, *, #5611, .T. ) ;
#3149 = DIRECTION ( 'NONE',  ( 1.000000000000000000, 0.000000000000000000, 0.000000000000000000 ) ) ;
#3150 = EDGE_CURVE ( 'NONE', #816, #3126, #839, .T. ) ;
#3151 = EDGE_CURVE ( 'NONE', #8317, #4756, #363, .T. ) ;
#3152 = ADVANCED_FACE ( 'NONE', ( #8045 ), #456, .F. ) ;
#3153 = VECTOR ( 'NONE', #6626, 1000.000000000000000 ) ;
#3154 = CARTESIAN_POINT ( 'NONE',  ( 280.4999999999999432, 272.0000000000000000, 15.00000000000001421 ) ) ;
#3155 = EDGE_CURVE ( 'NONE', #9192, #2350, #6553, .T. ) ;
#3156 = APPLICATION_CONTEXT ( 'automotive_design' ) ;
#3157 = AXIS2_PLACEMENT_3D ( 'NONE', #7351, #7324, #8071 ) ;
#3158 = ORIENTED_EDGE ( 'NONE', *, *, #7303, .F. ) ;
#3159 = CIRCLE ( 'NONE', #1148, 4.000000000000003553 ) ;
#3160 = AXIS2_PLACEMENT_3D ( 'NONE', #5407, #2489, #7669 ) ;
#3161 = EDGE_LOOP ( 'NONE', ( #8331, #5357, #6035, #1207 ) ) ;
#3162 = CARTESIAN_POINT ( 'NONE',  ( 458.4999999999999432, 78.00000000000000000, 3.499999999999947597 ) ) ;
#3163 = DIRECTION ( 'NONE',  ( -0.000000000000000000, 0.000000000000000000, 1.000000000000000000 ) ) ;
#3164 = CARTESIAN_POINT ( 'NONE',  ( 442.2089883689056933, 348.1640233375465527, 15.00000000000001421 ) ) ;
#3165 = ORIENTED_EDGE ( 'NONE', *, *, #4101, .F. ) ;
#3166 = CARTESIAN_POINT ( 'NONE',  ( 373.0000000000000000, 323.0000000000000000, 14.00000000000001243 ) ) ;
#3167 = ORIENTED_EDGE ( 'NONE', *, *, #9030, .T. ) ;
#3168 = CARTESIAN_POINT ( 'NONE',  ( 458.5000000000001137, 77.73327978764265822, 11.49999999999996803 ) ) ;
#3169 = DIRECTION ( 'NONE',  ( 1.000000000000000000, 0.000000000000000000, 0.000000000000000000 ) ) ;
#3170 = ADVANCED_FACE ( 'NONE', ( #2147, #8172, #7939 ), #5664, .F. ) ;
#3171 = EDGE_CURVE ( 'NONE', #2441, #7273, #9476, .T. ) ;
#3172 = PLANE ( 'NONE',  #4929 ) ;
#3173 = AXIS2_PLACEMENT_3D ( 'NONE', #5060, #4334, #7840 ) ;
#3174 = PRODUCT_DEFINITION ( 'UNKNOWN', '', #5343, #7898 ) ;
#3175 = PLANE ( 'NONE',  #2191 ) ;
#3176 = DIRECTION ( 'NONE',  ( -1.000000000000000000, 0.000000000000000000, 0.000000000000000000 ) ) ;
#3177 = EDGE_LOOP ( 'NONE', ( #3588, #4223, #4126, #7994 ) ) ;
#3178 = CARTESIAN_POINT ( 'NONE',  ( 277.9999999999998863, 272.0000000000000000, -3.000000000000113687 ) ) ;
#3179 = EDGE_CURVE ( 'NONE', #59, #7207, #2039, .T. ) ;
#3180 = ORIENTED_EDGE ( 'NONE', *, *, #1347, .F. ) ;
#3181 = MANIFOLD_SOLID_BREP ( 'Saliente-Extruir1', #2938 ) ;
#3182 = CARTESIAN_POINT ( 'NONE',  ( 628.0000000000010232, 298.0000000000005684, 0.000000000000000000 ) ) ;
#3183 = VERTEX_POINT ( 'NONE', #9574 ) ;
#3184 = DIRECTION ( 'NONE',  ( 1.000000000000000000, 0.000000000000000000, 0.000000000000000000 ) ) ;
#3185 = ORIENTED_EDGE ( 'NONE', *, *, #5314, .T. ) ;
#3186 = APPLICATION_CONTEXT ( 'automotive_design' ) ;
#3187 = CARTESIAN_POINT ( 'NONE',  ( 800.0000000000000000, 0.000000000000000000, 15.00000000000001421 ) ) ;
#3188 = ORIENTED_EDGE ( 'NONE', *, *, #9570, .F. ) ;
#3189 = AXIS2_PLACEMENT_3D ( 'NONE', #3510, #5717, #1214 ) ;
#3190 = DIRECTION ( 'NONE',  ( 0.000000000000000000, 0.000000000000000000, 1.000000000000000000 ) ) ;
#3191 = VERTEX_POINT ( 'NONE', #1233 ) ;
#3192 = EDGE_LOOP ( 'NONE', ( #8965, #3411 ) ) ;
#3193 = CARTESIAN_POINT ( 'NONE',  ( 458.0194444435505261, 299.3513090169492443, -10.50831425655674778 ) ) ;
#3194 = CARTESIAN_POINT ( 'NONE',  ( 119.5000000000000000, 323.0000000000000000, 15.00000000000001421 ) ) ;
#3195 = EDGE_CURVE ( 'NONE', #5653, #4792, #4114, .T. ) ;
#3196 = DIRECTION ( 'NONE',  ( -1.000000000000000000, 0.000000000000000000, 0.000000000000000000 ) ) ;
#3197 = ORIENTED_EDGE ( 'NONE', *, *, #2726, .T. ) ;
#3198 = ORIENTED_EDGE ( 'NONE', *, *, #3643, .F. ) ;
#3199 = ORIENTED_EDGE ( 'NONE', *, *, #2942, .F. ) ;
#3200 = CARTESIAN_POINT ( 'NONE',  ( 0.000000000000000000, 0.000000000000000000, 0.000000000000000000 ) ) ;
#3201 = DIRECTION ( 'NONE',  ( 0.000000000000000000, 0.000000000000000000, 1.000000000000000000 ) ) ;
#3202 = ORIENTED_EDGE ( 'NONE', *, *, #1139, .F. ) ;
#3203 = AXIS2_PLACEMENT_3D ( 'NONE', #5468, #6949, #2519 ) ;
#3204 = FACE_OUTER_BOUND ( 'NONE', #2564, .T. ) ;
#3205 = EDGE_CURVE ( 'NONE', #788, #7134, #8884, .T. ) ;
#3206 = DIRECTION ( 'NONE',  ( -1.000000000000000000, 0.000000000000000000, 0.000000000000000000 ) ) ;
#3207 = ORIENTED_EDGE ( 'NONE', *, *, #3179, .T. ) ;
#3208 = DIRECTION ( 'NONE',  ( 1.000000000000000000, 0.000000000000000000, 0.000000000000000000 ) ) ;
#3209 = EDGE_CURVE ( 'NONE', #488, #1990, #5979, .T. ) ;
#3210 = DIRECTION ( 'NONE',  ( 0.000000000000000000, -1.000000000000000000, 0.000000000000000000 ) ) ;
#3211 = CARTESIAN_POINT ( 'NONE',  ( 27.54347181479136353, 0.000000000000000000, 21.50000000000000000 ) ) ;
#3212 = VERTEX_POINT ( 'NONE', #3614 ) ;
#3213 = DIRECTION ( 'NONE',  ( 0.000000000000000000, -1.000000000000000000, 0.000000000000000000 ) ) ;
#3214 = ADVANCED_FACE ( 'NONE', ( #7594 ), #5636, .F. ) ;
#3215 = CARTESIAN_POINT ( 'NONE',  ( -6.938893903907228378E-15, 380.0000000000000000, 0.000000000000000000 ) ) ;
#3216 = PRESENTATION_STYLE_ASSIGNMENT (( #5820 ) ) ;
#3217 = ORIENTED_EDGE ( 'NONE', *, *, #2930, .F. ) ;
#3218 = APPLICATION_PROTOCOL_DEFINITION ( 'draft international standard', 'automotive_design', 1998, #3920 ) ;
#3219 = FACE_OUTER_BOUND ( 'NONE', #1202, .T. ) ;
#3220 = FACE_OUTER_BOUND ( 'NONE', #4525, .T. ) ;
#3221 = VERTEX_POINT ( 'NONE', #2901 ) ;
#3222 = SURFACE_STYLE_USAGE ( .BOTH. , #280 ) ;
#3223 = DIRECTION ( 'NONE',  ( -4.440892098500626162E-16, 6.938893903907225296E-18, -1.000000000000000000 ) ) ;
#3224 = DIRECTION ( 'NONE',  ( 0.000000000000000000, -1.000000000000000000, -0.000000000000000000 ) ) ;
#3225 = EDGE_CURVE ( 'NONE', #3845, #714, #7824, .T. ) ;
#3226 = FACE_OUTER_BOUND ( 'NONE', #8109, .T. ) ;
#3227 = AXIS2_PLACEMENT_3D ( 'NONE', #6010, #8242, #755 ) ;
#3228 = VECTOR ( 'NONE', #970, 1000.000000000000000 ) ;
#3229 = PRODUCT_DEFINITION ( 'UNKNOWN', '', #6017, #2007 ) ;
#3230 = LINE ( 'NONE', #3441, #1250 ) ;
#3231 = DIRECTION ( 'NONE',  ( 1.000000000000000000, 0.000000000000000000, 0.000000000000000000 ) ) ;
#3232 = CARTESIAN_POINT ( 'NONE',  ( 0.000000000000000000, 380.0000000000000000, 0.000000000000000000 ) ) ;
#3233 = CARTESIAN_POINT ( 'NONE',  ( 0.000000000000000000, 0.000000000000000000, 0.000000000000000000 ) ) ;
#3234 = VECTOR ( 'NONE', #3405, 1000.000000000000000 ) ;
#3235 = CYLINDRICAL_SURFACE ( 'NONE', #4987, 4.000000000000003553 ) ;
#3236 = VECTOR ( 'NONE', #9586, 1000.000000000000000 ) ;
#3237 = DIRECTION ( 'NONE',  ( 0.000000000000000000, 1.000000000000000000, 0.000000000000000000 ) ) ;
#3238 = AXIS2_PLACEMENT_3D ( 'NONE', #4088, #4020, #6235 ) ;
#3239 = EDGE_CURVE ( 'NONE', #449, #1882, #5859, .T. ) ;
#3240 = CARTESIAN_POINT ( 'NONE',  ( 485.0000000000000000, 0.000000000000000000, 0.000000000000000000 ) ) ;
#3241 = FACE_BOUND ( 'NONE', #1569, .T. ) ;
#3242 = VERTEX_POINT ( 'NONE', #5911 ) ;
#3243 = CIRCLE ( 'NONE', #37, 6.000000000000005329 ) ;
#3244 = CIRCLE ( 'NONE', #6348, 3.000000000000002665 ) ;
#3245 = ADVANCED_FACE ( 'NONE', ( #6611 ), #2667, .F. ) ;
#3246 = ORIENTED_EDGE ( 'NONE', *, *, #2473, .F. ) ;
#3247 = DIRECTION ( 'NONE',  ( 0.000000000000000000, 0.000000000000000000, -1.000000000000000000 ) ) ;
#3248 = ORIENTED_EDGE ( 'NONE', *, *, #4817, .F. ) ;
#3249 = EDGE_CURVE ( 'NONE', #9140, #5943, #290, .T. ) ;
#3250 = APPLICATION_CONTEXT ( 'automotive_design' ) ;
#3251 = ORIENTED_EDGE ( 'NONE', *, *, #2994, .T. ) ;
#3252 = PRODUCT_DEFINITION_SHAPE ( 'NONE', 'NONE',  #9680 ) ;
#3253 = AXIS2_PLACEMENT_3D ( 'NONE', #6047, #9670, #7464 ) ;
#3254 = CARTESIAN_POINT ( 'NONE',  ( 24.99999999999991118, 13.99999999999999822, 10.50000000000006573 ) ) ;
#3255 = EDGE_LOOP ( 'NONE', ( #249, #948, #1617, #1559 ) ) ;
#3256 = LINE ( 'NONE', #1105, #7653 ) ;
#3257 = CARTESIAN_POINT ( 'NONE',  ( 117.0000000000000000, 323.0000000000000000, 15.00000000000001421 ) ) ;
#3258 = LINE ( 'NONE', #6125, #7539 ) ;
#3259 = CARTESIAN_POINT ( 'NONE',  ( 670.0000000000010232, 42.00000000000014921, 9.000000000000007105 ) ) ;
#3260 = AXIS2_PLACEMENT_3D ( 'NONE', #2638, #1108, #5614 ) ;
#3261 = ORIENTED_EDGE ( 'NONE', *, *, #4414, .T. ) ;
#3262 = VECTOR ( 'NONE', #5140, 1000.000000000000000 ) ;
#3263 = AXIS2_PLACEMENT_3D ( 'NONE', #5535, #9152, #239 ) ;
#3264 = ORIENTED_EDGE ( 'NONE', *, *, #3209, .F. ) ;
#3265 = ORIENTED_EDGE ( 'NONE', *, *, #1653, .T. ) ;
#3266 = ORIENTED_EDGE ( 'NONE', *, *, #8826, .T. ) ;
#3267 = VERTEX_POINT ( 'NONE', #8923 ) ;
#3268 = VECTOR ( 'NONE', #8411, 1000.000000000000000 ) ;
#3269 = CARTESIAN_POINT ( 'NONE',  ( 457.7964291248334234, 74.82440100802907068, 9.945902851269364575 ) ) ;
#3270 = FACE_OUTER_BOUND ( 'NONE', #2605, .T. ) ;
#3271 = DIRECTION ( 'NONE',  ( -1.000000000000000000, 0.000000000000000000, 0.000000000000000000 ) ) ;
#3272 = ADVANCED_FACE ( 'NONE', ( #7047 ), #2976, .F. ) ;
#3273 = ORIENTED_EDGE ( 'NONE', *, *, #6895, .T. ) ;
#3274 = CIRCLE ( 'NONE', #9508, 3.000000000000002665 ) ;
#3275 = ORIENTED_EDGE ( 'NONE', *, *, #4132, .F. ) ;
#3276 = CARTESIAN_POINT ( 'NONE',  ( 130.9999999999999716, 195.0000000000000000, 21.50000000000000000 ) ) ;
#3277 = ORIENTED_EDGE ( 'NONE', *, *, #3467, .T. ) ;
#3278 = CARTESIAN_POINT ( 'NONE',  ( 40.00000000000003553, 78.00000000000001421, -7.499999999999840128 ) ) ;
#3279 = VECTOR ( 'NONE', #3551, 1000.000000000000000 ) ;
#3280 = DIRECTION ( 'NONE',  ( -4.440892098500626162E-16, 6.938893903907225296E-18, -1.000000000000000000 ) ) ;
#3281 = DIRECTION ( 'NONE',  ( 1.000000000000000000, 0.000000000000000000, 0.000000000000000000 ) ) ;
#3282 = ORIENTED_EDGE ( 'NONE', *, *, #8341, .F. ) ;
#3283 = EDGE_CURVE ( 'NONE', #9452, #685, #8532, .T. ) ;
#3284 = DIRECTION ( 'NONE',  ( 1.000000000000000000, 0.000000000000000000, 0.000000000000000000 ) ) ;
#3285 = PRODUCT_CONTEXT ( 'NONE', #3250, 'mechanical' ) ;
#3286 = AXIS2_PLACEMENT_3D ( 'NONE', #4895, #401, #2574 ) ;
#3287 = SHAPE_REPRESENTATION_RELATIONSHIP ( 'NONE' , 'NONE' ,  #8277, #4044 ) ;
#3288 = CARTESIAN_POINT ( 'NONE',  ( 466.2791522340547772, 337.2193787511251912, 15.00000000000001421 ) ) ;
#3289 = STYLED_ITEM ( 'NONE', ( #1177 ), #2220 ) ;
#3290 = DIRECTION ( 'NONE',  ( -0.000000000000000000, 1.000000000000000000, -0.000000000000000000 ) ) ;
#3291 = CARTESIAN_POINT ( 'NONE',  ( 457.3614843386388316, 81.97308908993672105, -8.035029694283721824 ) ) ;
#3292 = FILL_AREA_STYLE ('',( #254 ) ) ;
#3293 = VERTEX_POINT ( 'NONE', #573 ) ;
#3294 = CARTESIAN_POINT ( 'NONE',  ( 149.9999999999999716, 272.0000000000000000, -3.000000000000113687 ) ) ;
#3295 = ORIENTED_EDGE ( 'NONE', *, *, #9634, .F. ) ;
#3296 = ADVANCED_FACE ( 'NONE', ( #1922 ), #7755, .F. ) ;
#3297 = DIRECTION ( 'NONE',  ( -0.000000000000000000, -0.000000000000000000, -1.000000000000000000 ) ) ;
#3298 = ORIENTED_EDGE ( 'NONE', *, *, #3919, .F. ) ;
#3299 = EDGE_CURVE ( 'NONE', #6598, #9437, #2909, .T. ) ;
#3300 = AXIS2_PLACEMENT_3D ( 'NONE', #1480, #2243, #7421 ) ;
#3301 = CARTESIAN_POINT ( 'NONE',  ( 213.9999999999999716, 272.0000000000000000, -15.00000000000012434 ) ) ;
#3302 = EDGE_LOOP ( 'NONE', ( #2919, #6527, #3484, #1998 ) ) ;
#3303 = DIRECTION ( 'NONE',  ( -1.000000000000000000, 0.000000000000000000, 0.000000000000000000 ) ) ;
#3304 = CARTESIAN_POINT ( 'NONE',  ( 789.5000000000001137, 302.0000000000000000, 15.00000000000001421 ) ) ;
#3305 = ORIENTED_EDGE ( 'NONE', *, *, #8988, .T. ) ;
#3306 = CARTESIAN_POINT ( 'NONE',  ( 674.0000000000010232, 48.00000000000015632, 9.000000000000007105 ) ) ;
#3307 = AXIS2_PLACEMENT_3D ( 'NONE', #7420, #4461, #8187 ) ;
#3308 = ORIENTED_EDGE ( 'NONE', *, *, #3027, .T. ) ;
#3309 = ADVANCED_FACE ( 'NONE', ( #9599 ), #1686, .T. ) ;
#3310 = ORIENTED_EDGE ( 'NONE', *, *, #7810, .F. ) ;
#3311 =( LENGTH_UNIT ( ) NAMED_UNIT ( * ) SI_UNIT ( .MILLI., .METRE. ) );
#3312 = AXIS2_PLACEMENT_3D ( 'NONE', #3054, #2392, #832 ) ;
#3313 = CARTESIAN_POINT ( 'NONE',  ( 674.0000000000010232, 42.00000000000014921, 9.000000000000007105 ) ) ;
#3314 = CARTESIAN_POINT ( 'NONE',  ( 457.4253799776121809, 81.86888465349231581, -6.450176093578789960 ) ) ;
#3315 = ORIENTED_EDGE ( 'NONE', *, *, #4533, .F. ) ;
#3316 = ORIENTED_EDGE ( 'NONE', *, *, #243, .T. ) ;
#3317 = CARTESIAN_POINT ( 'NONE',  ( 0.000000000000000000, 91.99999999999985789, 0.000000000000000000 ) ) ;
#3318 = DIRECTION ( 'NONE',  ( -1.000000000000000000, 0.000000000000000000, 0.000000000000000000 ) ) ;
#3319 = CARTESIAN_POINT ( 'NONE',  ( 794.5000000000000000, 78.00000000000001421, 2.000000000000001776 ) ) ;
#3320 = ORIENTED_EDGE ( 'NONE', *, *, #5171, .F. ) ;
#3321 = VECTOR ( 'NONE', #5956, 1000.000000000000000 ) ;
#3322 = VECTOR ( 'NONE', #2032, 1000.000000000000000 ) ;
#3323 = EDGE_LOOP ( 'NONE', ( #1262, #640, #6331, #1171 ) ) ;
#3324 = AXIS2_PLACEMENT_3D ( 'NONE', #8282, #6974, #5366 ) ;
#3325 = PLANE ( 'NONE',  #2241 ) ;
#3326 =( NAMED_UNIT ( * ) SI_UNIT ( $, .STERADIAN. ) SOLID_ANGLE_UNIT ( ) );
#3327 = EDGE_CURVE ( 'NONE', #3612, #1136, #9505, .T. ) ;
#3328 = EDGE_CURVE ( 'NONE', #3820, #2190, #9266, .T. ) ;
#3329 = ORIENTED_EDGE ( 'NONE', *, *, #7438, .F. ) ;
#3330 = CARTESIAN_POINT ( 'NONE',  ( 278.0000000000000000, 47.99999999999998579, -15.00000000000012434 ) ) ;
#3331 = CIRCLE ( 'NONE', #9220, 3.000000000000002665 ) ;
#3332 = EDGE_CURVE ( 'NONE', #3497, #7887, #7903, .T. ) ;
#3333 = CARTESIAN_POINT ( 'NONE',  ( 340.9999999999998863, 362.0000000000001137, 15.00000000000011902 ) ) ;
#3334 = VECTOR ( 'NONE', #2891, 1000.000000000000000 ) ;
#3335 = ORIENTED_EDGE ( 'NONE', *, *, #6158, .T. ) ;
#3336 = AXIS2_PLACEMENT_3D ( 'NONE', #9434, #4238, #3472 ) ;
#3337 = CARTESIAN_POINT ( 'NONE',  ( 0.000000000000000000, 0.000000000000000000, 0.000000000000000000 ) ) ;
#3338 = AXIS2_PLACEMENT_3D ( 'NONE', #5101, #7337, #5133 ) ;
#3339 = ADVANCED_FACE ( 'NONE', ( #545 ), #6143, .F. ) ;
#3340 = EDGE_LOOP ( 'NONE', ( #3587, #4979 ) ) ;
#3341 = DIRECTION ( 'NONE',  ( -0.000000000000000000, 0.000000000000000000, 1.000000000000000000 ) ) ;
#3342 = DIRECTION ( 'NONE',  ( 0.000000000000000000, 0.000000000000000000, 1.000000000000000000 ) ) ;
#3343 = VECTOR ( 'NONE', #4068, 1000.000000000000000 ) ;
#3344 = LINE ( 'NONE', #5699, #747 ) ;
#3345 = LINE ( 'NONE', #4583, #7163 ) ;
#3346 = SURFACE_SIDE_STYLE ('',( #554 ) ) ;
#3347 = CARTESIAN_POINT ( 'NONE',  ( 458.4999999999999432, 78.00000000000001421, 15.00000000000001421 ) ) ;
#3348 = CARTESIAN_POINT ( 'NONE',  ( 457.5866782359841523, 81.58876786560233541, -5.713970754898511473 ) ) ;
#3349 = CARTESIAN_POINT ( 'NONE',  ( 216.4999999999999716, 272.0000000000000000, 15.00000000000001421 ) ) ;
#3350 = LINE ( 'NONE', #7455, #9279 ) ;
#3351 = EDGE_CURVE ( 'NONE', #4138, #4386, #6289, .T. ) ;
#3352 = CIRCLE ( 'NONE', #5011, 4.000000000000023981 ) ;
#3353 = AXIS2_PLACEMENT_3D ( 'NONE', #8529, #354, #6338 ) ;
#3354 = VECTOR ( 'NONE', #8910, 1000.000000000000000 ) ;
#3355 = DIRECTION ( 'NONE',  ( 1.000000000000000000, 0.000000000000000000, 0.000000000000000000 ) ) ;
#3356 = FACE_BOUND ( 'NONE', #5168, .T. ) ;
#3357 = DIRECTION ( 'NONE',  ( -1.000000000000000000, 0.000000000000000000, 0.000000000000000000 ) ) ;
#3358 = ADVANCED_FACE ( 'NONE', ( #8006, #1635, #4077 ), #9222, .T. ) ;
#3359 = ORIENTED_EDGE ( 'NONE', *, *, #8415, .T. ) ;
#3360 = ORIENTED_EDGE ( 'NONE', *, *, #7387, .F. ) ;
#3361 = LINE ( 'NONE', #8822, #1131 ) ;
#3362 = DIRECTION ( 'NONE',  ( 1.000000000000000000, 0.000000000000000000, 0.000000000000000000 ) ) ;
#3363 = CARTESIAN_POINT ( 'NONE',  ( -6.938893903907228378E-15, 380.0000000000000000, 14.99999999999990230 ) ) ;
#3364 = VERTEX_POINT ( 'NONE', #1836 ) ;
#3365 = DIRECTION ( 'NONE',  ( -0.000000000000000000, 0.000000000000000000, 1.000000000000000000 ) ) ;
#3366 = VERTEX_POINT ( 'NONE', #942 ) ;
#3367 = FACE_OUTER_BOUND ( 'NONE', #6084, .T. ) ;
#3368 = LINE ( 'NONE', #7294, #8219 ) ;
#3369 = AXIS2_PLACEMENT_3D ( 'NONE', #5461, #6095, #2484 ) ;
#3370 = DIRECTION ( 'NONE',  ( -1.000000000000000000, -9.860761315262647568E-32, -4.440892098500629120E-16 ) ) ;
#3371 = VERTEX_POINT ( 'NONE', #2571 ) ;
#3372 = LINE ( 'NONE', #9602, #309 ) ;
#3373 = DIRECTION ( 'NONE',  ( 1.000000000000000000, 0.000000000000000000, 0.000000000000000000 ) ) ;
#3374 = ORIENTED_EDGE ( 'NONE', *, *, #5546, .T. ) ;
#3375 = CARTESIAN_POINT ( 'NONE',  ( 84.00000000000051159, 298.0000000000003979, 0.000000000000000000 ) ) ;
#3376 = AXIS2_PLACEMENT_3D ( 'NONE', #345, #1950, #8451 ) ;
#3377 = ORIENTED_EDGE ( 'NONE', *, *, #1649, .T. ) ;
#3378 = CIRCLE ( 'NONE', #6722, 6.000000000000227374 ) ;
#3379 = VECTOR ( 'NONE', #8260, 1000.000000000000000 ) ;
#3380 = PLANE ( 'NONE',  #3260 ) ;
#3381 = DIRECTION ( 'NONE',  ( 0.000000000000000000, 0.000000000000000000, 1.000000000000000000 ) ) ;
#3382 = ITEM_DEFINED_TRANSFORMATION ( 'NONE', 'NONE', #5082,  #2670 ) ;
#3383 = EDGE_CURVE ( 'NONE', #9644, #696, #1523, .T. ) ;
#3384 = VERTEX_POINT ( 'NONE', #4790 ) ;
#3385 = CYLINDRICAL_SURFACE ( 'NONE', #5209, 2.500000000000002220 ) ;
#3386 = ORIENTED_EDGE ( 'NONE', *, *, #1456, .F. ) ;
#3387 = AXIS2_PLACEMENT_3D ( 'NONE', #4466, #5806, #5191 ) ;
#3388 = SURFACE_STYLE_USAGE ( .BOTH. , #1892 ) ;
#3389 = ORIENTED_EDGE ( 'NONE', *, *, #304, .T. ) ;
#3390 = VERTEX_POINT ( 'NONE', #9187 ) ;
#3391 = CARTESIAN_POINT ( 'NONE',  ( 90.50000000000052580, 266.0000000000003411, 15.00000000000001421 ) ) ;
#3392 = ORIENTED_EDGE ( 'NONE', *, *, #6720, .T. ) ;
#3393 = CARTESIAN_POINT ( 'NONE',  ( 458.0183263918112857, 75.34836374547691662, -4.494287997055299577 ) ) ;
#3394 = CARTESIAN_POINT ( 'NONE',  ( 670.0000000000010232, 42.00000000000014921, 9.000000000000007105 ) ) ;
#3395 = CARTESIAN_POINT ( 'NONE',  ( 0.000000000000000000, 0.000000000000000000, 2.000000000000001776 ) ) ;
#3396 = CIRCLE ( 'NONE', #1567, 2.500000000000002220 ) ;
#3397 = DIRECTION ( 'NONE',  ( 1.000000000000000000, 0.000000000000000000, 0.000000000000000000 ) ) ;
#3398 = AXIS2_PLACEMENT_3D ( 'NONE', #9026, #4568, #8925 ) ;
#3399 = EDGE_LOOP ( 'NONE', ( #7844, #3010 ) ) ;
#3400 = SURFACE_STYLE_FILL_AREA ( #6808 ) ;
#3401 = DIRECTION ( 'NONE',  ( 1.000000000000000000, 0.000000000000000000, 0.000000000000000000 ) ) ;
#3402 = EDGE_LOOP ( 'NONE', ( #4555, #6261, #3965, #6543 ) ) ;
#3403 = ADVANCED_FACE ( 'NONE', ( #2342 ), #5718, .F. ) ;
#3404 = CARTESIAN_POINT ( 'NONE',  ( 485.0000000000000000, 0.000000000000000000, -15.00000000000012434 ) ) ;
#3405 = DIRECTION ( 'NONE',  ( 1.000000000000000000, 0.000000000000000000, -0.000000000000000000 ) ) ;
#3406 =( NAMED_UNIT ( * ) SI_UNIT ( $, .STERADIAN. ) SOLID_ANGLE_UNIT ( ) );
#3407 = EDGE_CURVE ( 'NONE', #1496, #9439, #2594, .T. ) ;
#3408 = DIRECTION ( 'NONE',  ( 0.000000000000000000, 0.000000000000000000, 1.000000000000000000 ) ) ;
#3409 = DIRECTION ( 'NONE',  ( 0.000000000000000000, 0.000000000000000000, 1.000000000000000000 ) ) ;
#3410 = EDGE_CURVE ( 'NONE', #8649, #5153, #9560, .T. ) ;
#3411 = ORIENTED_EDGE ( 'NONE', *, *, #5855, .F. ) ;
#3412 = VERTEX_POINT ( 'NONE', #3304 ) ;
#3413 = DIRECTION ( 'NONE',  ( -0.000000000000000000, 0.000000000000000000, 1.000000000000000000 ) ) ;
#3414 = DIRECTION ( 'NONE',  ( -0.000000000000000000, 0.000000000000000000, -1.000000000000000000 ) ) ;
#3415 = ORIENTED_EDGE ( 'NONE', *, *, #3975, .T. ) ;
#3416 = ADVANCED_FACE ( 'NONE', ( #1881 ), #1705, .T. ) ;
#3417 = DIRECTION ( 'NONE',  ( 1.000000000000000000, 0.000000000000000000, 0.000000000000000000 ) ) ;
#3418 = AXIS2_PLACEMENT_3D ( 'NONE', #688, #7398, #4508 ) ;
#3419 =( LENGTH_UNIT ( ) NAMED_UNIT ( * ) SI_UNIT ( .MILLI., .METRE. ) );
#3420 = VERTEX_POINT ( 'NONE', #5504 ) ;
#3421 = AXIS2_PLACEMENT_3D ( 'NONE', #8047, #771, #5257 ) ;
#3422 = CARTESIAN_POINT ( 'NONE',  ( 436.2089883689056933, 348.1640233375465527, 15.00000000000001421 ) ) ;
#3423 = CARTESIAN_POINT ( 'NONE',  ( 458.2875444242312710, 76.21059791523181559, -11.08690865206840037 ) ) ;
#3424 = DIRECTION ( 'NONE',  ( 1.000000000000000000, 0.000000000000000000, 0.000000000000000000 ) ) ;
#3425 =( NAMED_UNIT ( * ) SI_UNIT ( $, .STERADIAN. ) SOLID_ANGLE_UNIT ( ) );
#3426 = ORIENTED_EDGE ( 'NONE', *, *, #7084, .F. ) ;
#3427 = CARTESIAN_POINT ( 'NONE',  ( 211.4999999999999716, 272.0000000000000000, 15.00000000000001421 ) ) ;
#3428 = ORIENTED_EDGE ( 'NONE', *, *, #8731, .T. ) ;
#3429 = ORIENTED_EDGE ( 'NONE', *, *, #4625, .F. ) ;
#3430 = CARTESIAN_POINT ( 'NONE',  ( 0.000000000000000000, 0.000000000000000000, 0.000000000000000000 ) ) ;
#3431 = EDGE_CURVE ( 'NONE', #8226, #3183, #8487, .T. ) ;
#3432 = ORIENTED_EDGE ( 'NONE', *, *, #2148, .F. ) ;
#3433 = ORIENTED_EDGE ( 'NONE', *, *, #7221, .T. ) ;
#3434 = DIRECTION ( 'NONE',  ( 0.000000000000000000, 0.000000000000000000, 1.000000000000000000 ) ) ;
#3435 = ORIENTED_EDGE ( 'NONE', *, *, #6995, .T. ) ;
#3436 = EDGE_CURVE ( 'NONE', #6033, #2734, #7217, .T. ) ;
#3437 = ORIENTED_EDGE ( 'NONE', *, *, #871, .T. ) ;
#3438 = EDGE_LOOP ( 'NONE', ( #23, #2803, #7042, #2553 ) ) ;
#3439 = ADVANCED_FACE ( 'NONE', ( #7782 ), #2468, .F. ) ;
#3440 = PRODUCT_DEFINITION_SHAPE ( 'NONE', 'NONE',  #9686 ) ;
#3441 = CARTESIAN_POINT ( 'NONE',  ( 84.00000000000051159, 298.0000000000003979, 15.00000000000001421 ) ) ;
#3442 = CARTESIAN_POINT ( 'NONE',  ( 451.9999999999998863, 187.9999999999999432, 4.000000000000114575 ) ) ;
#3443 = EDGE_LOOP ( 'NONE', ( #5527, #3659 ) ) ;
#3444 = FILL_AREA_STYLE_COLOUR ( '', #940 ) ;
#3445 = AXIS2_PLACEMENT_3D ( 'NONE', #29, #5235, #742 ) ;
#3446 = CARTESIAN_POINT ( 'NONE',  ( 338.4999999999999432, 323.0000000000000000, 14.00000000000001243 ) ) ;
#3447 = CARTESIAN_POINT ( 'NONE',  ( 451.9999999999999432, 236.0000000000000000, 4.000000000000114575 ) ) ;
#3448 = DIRECTION ( 'NONE',  ( 1.000000000000000000, 0.000000000000000000, -0.000000000000000000 ) ) ;
#3449 = ORIENTED_EDGE ( 'NONE', *, *, #5416, .F. ) ;
#3450 = DIRECTION ( 'NONE',  ( 0.000000000000000000, 0.000000000000000000, 1.000000000000000000 ) ) ;
#3451 = CIRCLE ( 'NONE', #6239, 3.000000000000002665 ) ;
#3452 = VERTEX_POINT ( 'NONE', #1048 ) ;
#3453 = CIRCLE ( 'NONE', #5586, 2.500000000000002220 ) ;
#3454 = LINE ( 'NONE', #3164, #20 ) ;
#3455 = ORIENTED_EDGE ( 'NONE', *, *, #2736, .T. ) ;
#3456 = DIRECTION ( 'NONE',  ( -9.860761315262643189E-32, -1.000000000000000000, -6.938893903907225296E-18 ) ) ;
#3457 = ADVANCED_FACE ( 'NONE', ( #6171 ), #6051, .F. ) ;
#3458 = CARTESIAN_POINT ( 'NONE',  ( 458.2255256538929871, 304.0228954292484218, -10.96043497591289650 ) ) ;
#3459 = DIRECTION ( 'NONE',  ( 0.000000000000000000, 1.000000000000000000, 0.000000000000000000 ) ) ;
#3460 =( NAMED_UNIT ( * ) SI_UNIT ( $, .STERADIAN. ) SOLID_ANGLE_UNIT ( ) );
#3461 = FACE_OUTER_BOUND ( 'NONE', #6889, .T. ) ;
#3462 = VECTOR ( 'NONE', #4102, 1000.000000000000000 ) ;
#3463 = EDGE_CURVE ( 'NONE', #9486, #3529, #2227, .T. ) ;
#3464 = FACE_OUTER_BOUND ( 'NONE', #7121, .T. ) ;
#3465 = DIRECTION ( 'NONE',  ( 0.000000000000000000, 0.000000000000000000, -1.000000000000000000 ) ) ;
#3466 = FACE_OUTER_BOUND ( 'NONE', #9450, .T. ) ;
#3467 = EDGE_CURVE ( 'NONE', #6963, #6016, #7448, .T. ) ;
#3468 = DIRECTION ( 'NONE',  ( -1.000000000000000000, -0.000000000000000000, -0.000000000000000000 ) ) ;
#3469 = FACE_OUTER_BOUND ( 'NONE', #6886, .T. ) ;
#3470 = LINE ( 'NONE', #3138, #1477 ) ;
#3471 = AXIS2_PLACEMENT_3D ( 'NONE', #7569, #3271, #8298 ) ;
#3472 = DIRECTION ( 'NONE',  ( 0.000000000000000000, -0.000000000000000000, 1.000000000000000000 ) ) ;
#3473 = DIRECTION ( 'NONE',  ( 1.000000000000000000, 0.000000000000000000, 0.000000000000000000 ) ) ;
#3474 = LINE ( 'NONE', #7510, #3572 ) ;
#3475 = LINE ( 'NONE', #1206, #5431 ) ;
#3476 = ORIENTED_EDGE ( 'NONE', *, *, #9142, .T. ) ;
#3477 =( NAMED_UNIT ( * ) PLANE_ANGLE_UNIT ( ) SI_UNIT ( $, .RADIAN. ) );
#3478 = CIRCLE ( 'NONE', #4356, 6.000000000000116351 ) ;
#3479 = CARTESIAN_POINT ( 'NONE',  ( 458.3888082944304756, 76.68987122045611216, -3.711568962158700469 ) ) ;
#3480 = LINE ( 'NONE', #3026, #1124 ) ;
#3481 = VERTEX_POINT ( 'NONE', #9361 ) ;
#3482 = EDGE_CURVE ( 'NONE', #764, #1268, #3616, .T. ) ;
#3483 =( GEOMETRIC_REPRESENTATION_CONTEXT ( 3 ) GLOBAL_UNCERTAINTY_ASSIGNED_CONTEXT ( ( #8817 ) ) GLOBAL_UNIT_ASSIGNED_CONTEXT ( ( #3125, #3871, #9070 ) ) REPRESENTATION_CONTEXT ( 'NONE', 'WORKASPACE' ) );
#3484 = ORIENTED_EDGE ( 'NONE', *, *, #6771, .F. ) ;
#3485 = CIRCLE ( 'NONE', #7812, 2.499999999999995115 ) ;
#3486 = EDGE_LOOP ( 'NONE', ( #76, #7577, #3608, #5915 ) ) ;
#3487 = DIRECTION ( 'NONE',  ( 0.000000000000000000, 0.000000000000000000, 1.000000000000000000 ) ) ;
#3488 = ORIENTED_EDGE ( 'NONE', *, *, #6204, .F. ) ;
#3489 = VECTOR ( 'NONE', #3663, 1000.000000000000000 ) ;
#3490 = ADVANCED_FACE ( 'NONE', ( #7552 ), #8577, .T. ) ;
#3491 = VECTOR ( 'NONE', #1854, 1000.000000000000000 ) ;
#3492 = CARTESIAN_POINT ( 'NONE',  ( 458.4999999999999432, 302.0000000000000000, -11.49999999999984723 ) ) ;
#3493 = ITEM_DEFINED_TRANSFORMATION ( 'NONE', 'NONE', #333,  #2670 ) ;
#3494 = PLANE ( 'NONE',  #2745 ) ;
#3495 = ORIENTED_EDGE ( 'NONE', *, *, #8632, .F. ) ;
#3496 = VECTOR ( 'NONE', #1117, 1000.000000000000000 ) ;
#3497 = VERTEX_POINT ( 'NONE', #7916 ) ;
#3498 = ORIENTED_EDGE ( 'NONE', *, *, #7048, .F. ) ;
#3499 = ORIENTED_EDGE ( 'NONE', *, *, #7182, .F. ) ;
#3500 = AXIS2_PLACEMENT_3D ( 'NONE', #6333, #4150, #4832 ) ;
#3501 = VERTEX_POINT ( 'NONE', #2006 ) ;
#3502 = LINE ( 'NONE', #7591, #9067 ) ;
#3503 = VECTOR ( 'NONE', #574, 1000.000000000000000 ) ;
#3504 = EDGE_LOOP ( 'NONE', ( #5097, #459, #4999, #825 ) ) ;
#3505 = LINE ( 'NONE', #2348, #206 ) ;
#3506 = VERTEX_POINT ( 'NONE', #4851 ) ;
#3507 = ORIENTED_EDGE ( 'NONE', *, *, #8895, .F. ) ;
#3508 = DIRECTION ( 'NONE',  ( -0.000000000000000000, 0.000000000000000000, 1.000000000000000000 ) ) ;
#3509 = ADVANCED_FACE ( 'NONE', ( #4538 ), #8125, .F. ) ;
#3510 = CARTESIAN_POINT ( 'NONE',  ( 149.9999999999999716, 272.0000000000000000, -15.00000000000012434 ) ) ;
#3511 = LINE ( 'NONE', #6726, #5007 ) ;
#3512 = COLOUR_RGB ( '',1.000000000000000000, 1.000000000000000000, 1.000000000000000000 ) ;
#3513 = AXIS2_PLACEMENT_3D ( 'NONE', #2628, #9316, #8536 ) ;
#3514 = CARTESIAN_POINT ( 'NONE',  ( 0.000000000000000000, 0.000000000000000000, 0.000000000000000000 ) ) ;
#3515 = CARTESIAN_POINT ( 'NONE',  ( 457.8709385527711220, 74.98698098706019266, -4.856669544190453713 ) ) ;
#3516 = ORIENTED_EDGE ( 'NONE', *, *, #2473, .T. ) ;
#3517 = SURFACE_STYLE_FILL_AREA ( #4799 ) ;
#3518 = DIRECTION ( 'NONE',  ( -1.000000000000000000, 0.000000000000000000, 0.000000000000000000 ) ) ;
#3519 = DIRECTION ( 'NONE',  ( 0.000000000000000000, 0.000000000000000000, 1.000000000000000000 ) ) ;
#3520 = CARTESIAN_POINT ( 'NONE',  ( 457.8708435967878927, 305.0132678517660452, -4.856891459867700434 ) ) ;
#3521 = EDGE_CURVE ( 'NONE', #8647, #9616, #2108, .T. ) ;
#3522 = CARTESIAN_POINT ( 'NONE',  ( 0.000000000000000000, 0.000000000000000000, 3.000000000000002665 ) ) ;
#3523 = DIRECTION ( 'NONE',  ( 1.000000000000000000, 0.000000000000000000, 0.000000000000000000 ) ) ;
#3524 = EDGE_CURVE ( 'NONE', #5451, #9027, #5596, .T. ) ;
#3525 = ORIENTED_EDGE ( 'NONE', *, *, #4649, .F. ) ;
#3526 = CARTESIAN_POINT ( 'NONE',  ( 485.0000000000000000, 380.0000000000000000, 15.00000000000001421 ) ) ;
#3527 = ORIENTED_EDGE ( 'NONE', *, *, #8175, .F. ) ;
#3528 = DIRECTION ( 'NONE',  ( 1.000000000000000000, 0.000000000000000000, 0.000000000000000000 ) ) ;
#3529 = VERTEX_POINT ( 'NONE', #6315 ) ;
#3530 = ADVANCED_FACE ( 'NONE', ( #9328 ), #4422, .F. ) ;
#3531 = CARTESIAN_POINT ( 'NONE',  ( 278.0000000000000000, 47.99999999999998579, -3.000000000000113687 ) ) ;
#3532 = VERTEX_POINT ( 'NONE', #2632 ) ;
#3533 = EDGE_CURVE ( 'NONE', #5262, #5943, #5819, .T. ) ;
#3534 = DIRECTION ( 'NONE',  ( 1.000000000000000000, 0.000000000000000000, 0.000000000000000000 ) ) ;
#3535 = PRODUCT_DEFINITION ( 'UNKNOWN', '', #631, #9164 ) ;
#3536 = DIRECTION ( 'NONE',  ( 0.000000000000000000, 0.000000000000000000, 1.000000000000000000 ) ) ;
#3537 = DIRECTION ( 'NONE',  ( 0.000000000000000000, 0.000000000000000000, 1.000000000000000000 ) ) ;
#3538 = VERTEX_POINT ( 'NONE', #398 ) ;
#3539 = DIRECTION ( 'NONE',  ( 1.000000000000000000, 0.000000000000000000, 0.000000000000000000 ) ) ;
#3540 = ORIENTED_EDGE ( 'NONE', *, *, #5255, .F. ) ;
#3541 = CARTESIAN_POINT ( 'NONE',  ( 769.0000000000000000, 320.0000000000000000, 15.00000000000001421 ) ) ;
#3542 = EDGE_CURVE ( 'NONE', #6598, #1925, #6514, .T. ) ;
#3543 = AXIS2_PLACEMENT_3D ( 'NONE', #5025, #8598, #3537 ) ;
#3544 = CARTESIAN_POINT ( 'NONE',  ( 0.000000000000000000, 0.000000000000000000, 3.999999999999892530 ) ) ;
#3545 = ADVANCED_FACE ( 'NONE', ( #3740 ), #1239, .F. ) ;
#3546 = CARTESIAN_POINT ( 'NONE',  ( 458.0907939283355290, 304.4537866511627158, -4.330483797775185550 ) ) ;
#3547 = CLOSED_SHELL ( 'NONE', ( #5287, #6651, #7718, #6078, #6934, #9288 ) ) ;
#3548 = DIRECTION ( 'NONE',  ( -0.000000000000000000, -0.000000000000000000, -1.000000000000000000 ) ) ;
#3549 = DIRECTION ( 'NONE',  ( 1.000000000000000000, 0.000000000000000000, 0.000000000000000000 ) ) ;
#3550 = ORIENTED_EDGE ( 'NONE', *, *, #2152, .F. ) ;
#3551 = DIRECTION ( 'NONE',  ( -1.000000000000000000, -9.860761315262647568E-32, -4.440892098500629120E-16 ) ) ;
#3552 = CARTESIAN_POINT ( 'NONE',  ( 445.0000000000000000, 78.00000000000001421, -3.499999999999833911 ) ) ;
#3553 = ORIENTED_EDGE ( 'NONE', *, *, #7346, .F. ) ;
#3554 = FACE_BOUND ( 'NONE', #198, .T. ) ;
#3555 = EDGE_CURVE ( 'NONE', #5451, #4810, #8243, .T. ) ;
#3556 = DIRECTION ( 'NONE',  ( 0.000000000000000000, 0.000000000000000000, -1.000000000000000000 ) ) ;
#3557 = VECTOR ( 'NONE', #3887, 1000.000000000000000 ) ;
#3558 = ORIENTED_EDGE ( 'NONE', *, *, #7451, .F. ) ;
#3559 = DIRECTION ( 'NONE',  ( 1.000000000000000000, 0.000000000000000000, 0.000000000000000000 ) ) ;
#3560 = DIRECTION ( 'NONE',  ( -4.440892098500629120E-16, -6.938893903907225296E-18, 1.000000000000000000 ) ) ;
#3561 = VERTEX_POINT ( 'NONE', #9457 ) ;
#3562 = CIRCLE ( 'NONE', #5846, 7.500000000000007105 ) ;
#3563 = FACE_OUTER_BOUND ( 'NONE', #8483, .T. ) ;
#3564 = AXIS2_PLACEMENT_3D ( 'NONE', #4446, #5201, #4480 ) ;
#3565 = DIRECTION ( 'NONE',  ( 1.000000000000000000, 0.000000000000000000, 0.000000000000000000 ) ) ;
#3566 = EDGE_LOOP ( 'NONE', ( #8535, #9320 ) ) ;
#3567 = VECTOR ( 'NONE', #8637, 1000.000000000000000 ) ;
#3568 = EDGE_CURVE ( 'NONE', #5335, #2916, #7326, .T. ) ;
#3569 = FACE_BOUND ( 'NONE', #4173, .T. ) ;
#3570 = CIRCLE ( 'NONE', #9483, 2.500000000000002220 ) ;
#3571 = CARTESIAN_POINT ( 'NONE',  ( 458.5000000000000000, 302.2661328690684854, -11.49999999999985612 ) ) ;
#3572 = VECTOR ( 'NONE', #708, 1000.000000000000000 ) ;
#3573 = DIRECTION ( 'NONE',  ( -2.739037067331801610E-16, 1.000000000000000000, 0.000000000000000000 ) ) ;
#3574 = UNCERTAINTY_MEASURE_WITH_UNIT (LENGTH_MEASURE( 1.000000000000000082E-05 ), #4017, 'distance_accuracy_value', 'NONE');
#3575 = VECTOR ( 'NONE', #3756, 1000.000000000000000 ) ;
#3576 = CIRCLE ( 'NONE', #7342, 7.500000000000007105 ) ;
#3577 = CARTESIAN_POINT ( 'NONE',  ( 458.0913089723237590, 299.5475824163677885, 4.329310456764964954 ) ) ;
#3578 = VERTEX_POINT ( 'NONE', #8646 ) ;
#3579 = B_SPLINE_CURVE_WITH_KNOTS ( 'NONE', 3,
 ( #5367, #121, #5518, #1018, #7781, #9301, #2590, #9234, #6234, #4779, #3085, #2617, #1790, #6982, #7708, #3291, #6327, #1058, #6265, #3314, #7738, #3348, #9264, #8496, #4802, #327, #1081, #1893, #8520, #6298, #1855, #7068, #2645, #7806 ),
 .UNSPECIFIED., .F., .F.,
 ( 4, 2, 2, 2, 2, 2, 2, 2, 2, 2, 2, 2, 2, 2, 2, 2, 4 ),
 ( 0.01275821409129072534, 0.01355384654690221929, 0.01434947900251371325, 0.01514511145812520894, 0.01594074391373670463, 0.01673637636934819511, 0.01753200882495969254, 0.01832764128057118649, 0.01912327373618268045, 0.01991890619179417440, 0.02071453864740566836, 0.02151017110301716578, 0.02230580355862865627, 0.02310143601424015369, 0.02389706846985164765, 0.02469270092546314160, 0.02548833338107463556 ),
 .UNSPECIFIED. ) ;
#3580 = EDGE_LOOP ( 'NONE', ( #7271, #3701 ) ) ;
#3581 = FACE_OUTER_BOUND ( 'NONE', #9101, .T. ) ;
#3582 = PLANE ( 'NONE',  #8499 ) ;
#3583 = PLANE ( 'NONE',  #5508 ) ;
#3584 = AXIS2_PLACEMENT_3D ( 'NONE', #8800, #9608, #5854 ) ;
#3585 = EDGE_LOOP ( 'NONE', ( #2321, #7468 ) ) ;
#3586 = STYLED_ITEM ( 'NONE', ( #8954 ), #880 ) ;
#3587 = ORIENTED_EDGE ( 'NONE', *, *, #4131, .T. ) ;
#3588 = ORIENTED_EDGE ( 'NONE', *, *, #7272, .F. ) ;
#3589 = FACE_BOUND ( 'NONE', #6922, .T. ) ;
#3590 = CIRCLE ( 'NONE', #1132, 2.499999999999946709 ) ;
#3591 = CARTESIAN_POINT ( 'NONE',  ( 46.00000000000004263, 292.0000000000003979, 9.000000000000007105 ) ) ;
#3592 = ADVANCED_FACE ( 'NONE', ( #9676 ), #7893, .F. ) ;
#3593 = CARTESIAN_POINT ( 'NONE',  ( 0.000000000000000000, 8.326672684688674053E-14, 15.00000000000006928 ) ) ;
#3594 = ORIENTED_EDGE ( 'NONE', *, *, #1558, .T. ) ;
#3595 = FACE_BOUND ( 'NONE', #4468, .T. ) ;
#3596 = SURFACE_STYLE_USAGE ( .BOTH. , #1312 ) ;
#3597 = DIRECTION ( 'NONE',  ( 0.000000000000000000, 0.000000000000000000, -1.000000000000000000 ) ) ;
#3598 = DIRECTION ( 'NONE',  ( 1.000000000000000000, 0.000000000000000000, 0.000000000000000000 ) ) ;
#3599 = ORIENTED_EDGE ( 'NONE', *, *, #2712, .F. ) ;
#3600 = CARTESIAN_POINT ( 'NONE',  ( 117.0000000000000000, 323.0000000000000000, 15.00000000000001421 ) ) ;
#3601 = VERTEX_POINT ( 'NONE', #2157 ) ;
#3602 = CIRCLE ( 'NONE', #8201, 4.000000000000017764 ) ;
#3603 = CYLINDRICAL_SURFACE ( 'NONE', #6309, 3.000000000000007994 ) ;
#3604 = EDGE_CURVE ( 'NONE', #3126, #7243, #444, .T. ) ;
#3605 = SHAPE_DEFINITION_REPRESENTATION ( #251, #8136 ) ;
#3606 = ORIENTED_EDGE ( 'NONE', *, *, #8752, .F. ) ;
#3607 = FACE_OUTER_BOUND ( 'NONE', #9679, .T. ) ;
#3608 = ORIENTED_EDGE ( 'NONE', *, *, #3283, .F. ) ;
#3609 = CARTESIAN_POINT ( 'NONE',  ( 458.4853289147479245, 78.53658858356963890, 11.47267639197875333 ) ) ;
#3610 = ORIENTED_EDGE ( 'NONE', *, *, #262, .F. ) ;
#3611 = ORIENTED_EDGE ( 'NONE', *, *, #1241, .T. ) ;
#3612 = VERTEX_POINT ( 'NONE', #6434 ) ;
#3613 = CARTESIAN_POINT ( 'NONE',  ( 40.00000000000003553, 78.00000000000001421, -7.499999999999840128 ) ) ;
#3614 = CARTESIAN_POINT ( 'NONE',  ( 0.000000000000000000, 78.00000000000001421, 4.499999999999947597 ) ) ;
#3615 = CARTESIAN_POINT ( 'NONE',  ( 46.00000000000004263, 48.00000000000009948, 15.00000000000001421 ) ) ;
#3616 = CIRCLE ( 'NONE', #1386, 2.999999999999891642 ) ;
#3617 = CARTESIAN_POINT ( 'NONE',  ( 397.9999999999998863, 511.0000000000000000, -2.775557561562891351E-14 ) ) ;
#3618 = EDGE_CURVE ( 'NONE', #557, #2265, #3968, .T. ) ;
#3619 = ORIENTED_EDGE ( 'NONE', *, *, #5137, .F. ) ;
#3620 = AXIS2_PLACEMENT_3D ( 'NONE', #6401, #1223, #451 ) ;
#3621 = ORIENTED_EDGE ( 'NONE', *, *, #3700, .F. ) ;
#3622 = CARTESIAN_POINT ( 'NONE',  ( 457.4256452383399392, 298.1315561556964440, 8.551245107742493801 ) ) ;
#3623 = DIRECTION ( 'NONE',  ( -0.2760228707098010270, -0.9611510676502006412, 0.000000000000000000 ) ) ;
#3624 =( GEOMETRIC_REPRESENTATION_CONTEXT ( 3 ) GLOBAL_UNCERTAINTY_ASSIGNED_CONTEXT ( ( #3063 ) ) GLOBAL_UNIT_ASSIGNED_CONTEXT ( ( #8531, #339, #3406 ) ) REPRESENTATION_CONTEXT ( 'NONE', 'WORKASPACE' ) );
#3625 = ORIENTED_EDGE ( 'NONE', *, *, #1042, .T. ) ;
#3626 = CARTESIAN_POINT ( 'NONE',  ( 122.0000000000005542, 298.0000000000002842, 9.000000000000007105 ) ) ;
#3627 = EDGE_LOOP ( 'NONE', ( #562, #7023, #8215, #7587 ) ) ;
#3628 = CARTESIAN_POINT ( 'NONE',  ( 792.0000000000000000, 78.00000000000001421, 15.00000000000001421 ) ) ;
#3629 = DIRECTION ( 'NONE',  ( -1.000000000000000000, 0.000000000000000000, 4.041334437186268961E-17 ) ) ;
#3630 = CARTESIAN_POINT ( 'NONE',  ( 278.0000000000000000, 47.99999999999998579, 15.00000000000001421 ) ) ;
#3631 = DIRECTION ( 'NONE',  ( 1.000000000000000000, 0.000000000000000000, 0.000000000000000000 ) ) ;
#3632 = ORIENTED_EDGE ( 'NONE', *, *, #1217, .T. ) ;
#3633 = ADVANCED_BREP_SHAPE_REPRESENTATION ( '', ( #2346, #2670 ), #7247 ) ;
#3634 = DIRECTION ( 'NONE',  ( 0.000000000000000000, 0.000000000000000000, 1.000000000000000000 ) ) ;
#3635 = AXIS2_PLACEMENT_3D ( 'NONE', #8255, #7511, #1481 ) ;
#3636 = DIRECTION ( 'NONE',  ( 9.860761315262643189E-32, 1.000000000000000000, 6.938893903907225296E-18 ) ) ;
#3637 = CARTESIAN_POINT ( 'NONE',  ( 457.3611216232056904, 81.97365172272429845, 6.970386288874951930 ) ) ;
#3638 = VERTEX_POINT ( 'NONE', #2877 ) ;
#3639 = CARTESIAN_POINT ( 'NONE',  ( 128.0000000000000000, 190.0000000000000000, 15.00000000000001421 ) ) ;
#3640 = ADVANCED_FACE ( 'NONE', ( #213 ), #2030, .F. ) ;
#3641 = CARTESIAN_POINT ( 'NONE',  ( 343.5000000000000000, 323.0000000000000000, 15.00000000000001421 ) ) ;
#3642 = EDGE_CURVE ( 'NONE', #1446, #5752, #1769, .T. ) ;
#3643 = EDGE_CURVE ( 'NONE', #5712, #2031, #9454, .T. ) ;
#3644 = DIRECTION ( 'NONE',  ( -1.000000000000000000, 0.000000000000000000, 0.000000000000000000 ) ) ;
#3645 = EDGE_LOOP ( 'NONE', ( #259, #9331, #8347, #6167 ) ) ;
#3646 = DIRECTION ( 'NONE',  ( -0.000000000000000000, 1.000000000000000000, -0.000000000000000000 ) ) ;
#3647 = CARTESIAN_POINT ( 'NONE',  ( 278.0000000000000000, 47.99999999999998579, 3.000000000000002665 ) ) ;
#3648 = EDGE_CURVE ( 'NONE', #3538, #7021, #4282, .T. ) ;
#3649 = ADVANCED_BREP_SHAPE_REPRESENTATION ( '', ( #1009, #2670 ), #4775 ) ;
#3650 = AXIS2_PLACEMENT_3D ( 'NONE', #965, #3357, #1127 ) ;
#3651 = CARTESIAN_POINT ( 'NONE',  ( 458.4999999999999432, 302.0000000000000000, 3.499999999999947597 ) ) ;
#3652 = ORIENTED_EDGE ( 'NONE', *, *, #4546, .F. ) ;
#3653 = CARTESIAN_POINT ( 'NONE',  ( 598.0000000000010232, 292.0000000000003979, 9.000000000000007105 ) ) ;
#3654 = B_SPLINE_CURVE_WITH_KNOTS ( 'NONE', 3,
 ( #6137, #9108, #1692, #9217, #6241, #260, #8327, #4646, #5432, #8473, #201, #6989, #2558, #1660, #5526, #6177, #7716, #2459, #5405, #4028, #1732, #2522, #9240, #6210, #7628, #3269, #8368, #4784, #293, #8397, #3973, #3932, #6862, #2418, #7595, #9175, #3168, #9141 ),
 .UNSPECIFIED., .F., .F.,
 ( 4, 2, 2, 2, 2, 2, 2, 2, 2, 2, 2, 2, 2, 2, 2, 2, 2, 2, 4 ),
 ( 1.404617285391336434E-17, 0.0007973883807056878978, 0.001594776761411361701, 0.002392165142117035070, 0.003189553522822709090, 0.003986941903528383110, 0.004784330284234056263, 0.005581718664939730283, 0.006379107045645404303, 0.006777801235998239145, 0.007176495426351074854, 0.007973883807056734996, 0.008771272187762394271, 0.009568660568468053546, 0.01036604894917371456, 0.01116343732987937210, 0.01156213152023222168, 0.01196082571058507300, 0.01275821409129078605 ),
 .UNSPECIFIED. ) ;
#3655 = PLANE ( 'NONE',  #4214 ) ;
#3656 = CARTESIAN_POINT ( 'NONE',  ( 0.000000000000000000, 0.000000000000000000, 15.00000000000001421 ) ) ;
#3657 = EDGE_LOOP ( 'NONE', ( #3202, #2312 ) ) ;
#3658 = CARTESIAN_POINT ( 'NONE',  ( 794.5000000000000000, 78.00000000000001421, 15.00000000000001421 ) ) ;
#3659 = ORIENTED_EDGE ( 'NONE', *, *, #1571, .F. ) ;
#3660 = EDGE_CURVE ( 'NONE', #6402, #7603, #2000, .T. ) ;
#3661 = AXIS2_PLACEMENT_3D ( 'NONE', #3294, #9236, #256 ) ;
#3662 = DIRECTION ( 'NONE',  ( 1.000000000000000000, 0.000000000000000000, 0.000000000000000000 ) ) ;
#3663 = DIRECTION ( 'NONE',  ( 1.000000000000000000, 9.860761315262647568E-32, 4.440892098500629120E-16 ) ) ;
#3664 = ORIENTED_EDGE ( 'NONE', *, *, #5816, .F. ) ;
#3665 = VERTEX_POINT ( 'NONE', #8715 ) ;
#3666 = PLANE ( 'NONE',  #8552 ) ;
#3667 = ORIENTED_EDGE ( 'NONE', *, *, #3660, .T. ) ;
#3668 = DIRECTION ( 'NONE',  ( -0.000000000000000000, -0.000000000000000000, -1.000000000000000000 ) ) ;
#3669 = AXIS2_PLACEMENT_3D ( 'NONE', #8155, #838, #9654 ) ;
#3670 = DIRECTION ( 'NONE',  ( -0.000000000000000000, 0.000000000000000000, 1.000000000000000000 ) ) ;
#3671 = CARTESIAN_POINT ( 'NONE',  ( 458.4852164415978564, 302.5392082597682020, -3.527528112577051456 ) ) ;
#3672 = DIRECTION ( 'NONE',  ( 0.000000000000000000, 0.000000000000000000, -1.000000000000000000 ) ) ;
#3673 = EDGE_LOOP ( 'NONE', ( #5803, #2642, #1, #5394 ) ) ;
#3674 = CARTESIAN_POINT ( 'NONE',  ( 397.9999999999998863, 511.0000000000000000, 2.999999999999975131 ) ) ;
#3675 = CYLINDRICAL_SURFACE ( 'NONE', #704, 2.500000000000002220 ) ;
#3676 = EDGE_LOOP ( 'NONE', ( #485, #4818 ) ) ;
#3677 = FACE_OUTER_BOUND ( 'NONE', #9672, .T. ) ;
#3678 = VECTOR ( 'NONE', #3196, 1000.000000000000000 ) ;
#3679 = ORIENTED_EDGE ( 'NONE', *, *, #5946, .T. ) ;
#3680 = AXIS2_PLACEMENT_3D ( 'NONE', #4359, #2851, #8147 ) ;
#3681 = CARTESIAN_POINT ( 'NONE',  ( 666.0000000000010232, 298.0000000000005684, 9.000000000000007105 ) ) ;
#3682 = DIRECTION ( 'NONE',  ( 1.000000000000000000, 0.000000000000000000, 0.000000000000000000 ) ) ;
#3683 = EDGE_CURVE ( 'NONE', #3906, #235, #1288, .T. ) ;
#3684 = CARTESIAN_POINT ( 'NONE',  ( 277.9999999999998863, 272.0000000000000000, 15.00000000000001421 ) ) ;
#3685 = CARTESIAN_POINT ( 'NONE',  ( 789.5000000000001137, 302.0000000000000000, 2.000000000000001776 ) ) ;
#3686 = SURFACE_STYLE_FILL_AREA ( #3292 ) ;
#3687 = CIRCLE ( 'NONE', #985, 2.499999999999946709 ) ;
#3688 =( GEOMETRIC_REPRESENTATION_CONTEXT ( 3 ) GLOBAL_UNCERTAINTY_ASSIGNED_CONTEXT ( ( #4467 ) ) GLOBAL_UNIT_ASSIGNED_CONTEXT ( ( #81, #6765, #45 ) ) REPRESENTATION_CONTEXT ( 'NONE', 'WORKASPACE' ) );
#3689 = ADVANCED_FACE ( 'NONE', ( #4303 ), #1049, .F. ) ;
#3690 = DIRECTION ( 'NONE',  ( 0.000000000000000000, 0.000000000000000000, -1.000000000000000000 ) ) ;
#3691 = LINE ( 'NONE', #6936, #6819 ) ;
#3692 = VECTOR ( 'NONE', #4293, 1000.000000000000000 ) ;
#3693 = FILL_AREA_STYLE_COLOUR ( '', #1485 ) ;
#3694 = CARTESIAN_POINT ( 'NONE',  ( 216.4999999999999716, 272.0000000000000000, -15.00000000000012434 ) ) ;
#3695 = FACE_OUTER_BOUND ( 'NONE', #539, .T. ) ;
#3696 = LINE ( 'NONE', #6735, #749 ) ;
#3697 = DIRECTION ( 'NONE',  ( 0.000000000000000000, 0.000000000000000000, -1.000000000000000000 ) ) ;
#3698 = EDGE_CURVE ( 'NONE', #7828, #5236, #3511, .T. ) ;
#3699 = DIRECTION ( 'NONE',  ( 1.000000000000000000, 0.000000000000000000, 0.000000000000000000 ) ) ;
#3700 = EDGE_CURVE ( 'NONE', #3364, #1667, #8960, .T. ) ;
#3701 = ORIENTED_EDGE ( 'NONE', *, *, #7574, .T. ) ;
#3702 = DIRECTION ( 'NONE',  ( 0.000000000000000000, -0.000000000000000000, 1.000000000000000000 ) ) ;
#3703 = LINE ( 'NONE', #1384, #4617 ) ;
#3704 = LINE ( 'NONE', #1576, #760 ) ;
#3705 = CARTESIAN_POINT ( 'NONE',  ( 674.0000000000010232, 304.0000000000006821, 9.000000000000007105 ) ) ;
#3706 = DIRECTION ( 'NONE',  ( -0.000000000000000000, -0.000000000000000000, -1.000000000000000000 ) ) ;
#3707 = ORIENTED_EDGE ( 'NONE', *, *, #4914, .F. ) ;
#3708 = DIRECTION ( 'NONE',  ( 0.000000000000000000, 1.000000000000000000, 0.000000000000000000 ) ) ;
#3709 = CARTESIAN_POINT ( 'NONE',  ( 451.9999999999999432, 91.99999999999985789, 4.000000000000225597 ) ) ;
#3710 = ORIENTED_EDGE ( 'NONE', *, *, #921, .F. ) ;
#3711 = FACE_BOUND ( 'NONE', #128, .T. ) ;
#3712 = VERTEX_POINT ( 'NONE', #3681 ) ;
#3713 = PRODUCT_DEFINITION_SHAPE ( 'NONE', 'NONE',  #3174 ) ;
#3714 = EDGE_LOOP ( 'NONE', ( #1494, #9541, #3892, #1542 ) ) ;
#3715 = DIRECTION ( 'NONE',  ( -0.000000000000000000, 0.000000000000000000, 1.000000000000000000 ) ) ;
#3716 = LINE ( 'NONE', #6233, #1868 ) ;
#3717 = CARTESIAN_POINT ( 'NONE',  ( 466.2791522340547772, 337.2193787511251912, 3.000000000000002665 ) ) ;
#3718 = CONTEXT_DEPENDENT_SHAPE_REPRESENTATION ( #7061, #2825 ) ;
#3719 = PLANE ( 'NONE',  #1332 ) ;
#3720 = EDGE_CURVE ( 'NONE', #5860, #6156, #4782, .T. ) ;
#3721 = DIRECTION ( 'NONE',  ( -0.000000000000000000, 0.000000000000000000, 1.000000000000000000 ) ) ;
#3722 = ORIENTED_EDGE ( 'NONE', *, *, #7865, .T. ) ;
#3723 = LINE ( 'NONE', #5069, #5795 ) ;
#3724 = ORIENTED_EDGE ( 'NONE', *, *, #7272, .T. ) ;
#3725 = VERTEX_POINT ( 'NONE', #7446 ) ;
#3726 = VERTEX_POINT ( 'NONE', #8937 ) ;
#3727 = DIRECTION ( 'NONE',  ( 1.000000000000000000, 0.000000000000000000, 0.000000000000000000 ) ) ;
#3728 = EDGE_LOOP ( 'NONE', ( #7913, #16, #3199, #5215 ) ) ;
#3729 = CIRCLE ( 'NONE', #9097, 4.000000000000003553 ) ;
#3730 = FACE_OUTER_BOUND ( 'NONE', #5178, .T. ) ;
#3731 = CARTESIAN_POINT ( 'NONE',  ( 213.9999999999999716, 47.99999999999998579, 15.00000000000001421 ) ) ;
#3732 = ORIENTED_EDGE ( 'NONE', *, *, #8673, .F. ) ;
#3733 = VECTOR ( 'NONE', #5489, 1000.000000000000000 ) ;
#3734 = CARTESIAN_POINT ( 'NONE',  ( 117.0000000000000000, 323.0000000000000000, -14.00000000000001243 ) ) ;
#3735 = ORIENTED_EDGE ( 'NONE', *, *, #1232, .T. ) ;
#3736 = ORIENTED_EDGE ( 'NONE', *, *, #5319, .F. ) ;
#3737 = AXIS2_PLACEMENT_3D ( 'NONE', #2752, #6372, #8612 ) ;
#3738 = EDGE_CURVE ( 'NONE', #6963, #5, #6747, .T. ) ;
#3739 = DIRECTION ( 'NONE',  ( 0.000000000000000000, 0.000000000000000000, 1.000000000000000000 ) ) ;
#3740 = FACE_OUTER_BOUND ( 'NONE', #2272, .T. ) ;
#3741 = DIRECTION ( 'NONE',  ( 1.000000000000000000, 0.000000000000000000, 0.000000000000000000 ) ) ;
#3742 = DIRECTION ( 'NONE',  ( 0.000000000000000000, 0.000000000000000000, -1.000000000000000000 ) ) ;
#3743 = CARTESIAN_POINT ( 'NONE',  ( 458.2248997586823407, 80.02515454732130706, 4.040859796849339602 ) ) ;
#3744 = CARTESIAN_POINT ( 'NONE',  ( 720.0000000000010232, 340.0000000000004547, 15.00000000000001421 ) ) ;
#3745 = ADVANCED_FACE ( 'NONE', ( #5251 ), #6972, .F. ) ;
#3746 = DIRECTION ( 'NONE',  ( -1.000000000000000000, 0.000000000000000000, 0.000000000000000000 ) ) ;
#3747 = ORIENTED_EDGE ( 'NONE', *, *, #5994, .F. ) ;
#3748 = CARTESIAN_POINT ( 'NONE',  ( 84.00000000000051159, 298.0000000000003979, 9.000000000000007105 ) ) ;
#3749 = CARTESIAN_POINT ( 'NONE',  ( 485.0000000000000000, 0.000000000000000000, 0.000000000000000000 ) ) ;
#3750 = EDGE_CURVE ( 'NONE', #1433, #2518, #5239, .T. ) ;
#3751 = AXIS2_PLACEMENT_3D ( 'NONE', #1659, #9105, #6131 ) ;
#3752 = DIRECTION ( 'NONE',  ( 0.000000000000000000, 0.000000000000000000, 1.000000000000000000 ) ) ;
#3753 = DIRECTION ( 'NONE',  ( 4.440892098500626162E-16, -6.938893903907225296E-18, 1.000000000000000000 ) ) ;
#3754 = PLANE ( 'NONE',  #374 ) ;
#3755 = CARTESIAN_POINT ( 'NONE',  ( 458.4999999999999432, 78.00000000000001421, -15.00000000000012434 ) ) ;
#3756 = DIRECTION ( 'NONE',  ( 1.000000000000000000, 0.000000000000000000, 0.000000000000000000 ) ) ;
#3757 = VERTEX_POINT ( 'NONE', #4515 ) ;
#3758 = AXIS2_PLACEMENT_3D ( 'NONE', #2122, #2499, #342 ) ;
#3759 = DIRECTION ( 'NONE',  ( -0.000000000000000000, -0.000000000000000000, -1.000000000000000000 ) ) ;
#3760 = ORIENTED_EDGE ( 'NONE', *, *, #7122, .F. ) ;
#3761 = EDGE_CURVE ( 'NONE', #7134, #788, #8349, .T. ) ;
#3762 = CARTESIAN_POINT ( 'NONE',  ( 353.9999999999999432, 361.9999999999998863, 3.000000000000113687 ) ) ;
#3763 = ORIENTED_EDGE ( 'NONE', *, *, #7432, .T. ) ;
#3764 = DIRECTION ( 'NONE',  ( 6.384082245258276637E-20, 1.000000000000000000, -0.000000000000000000 ) ) ;
#3765 = CARTESIAN_POINT ( 'NONE',  ( 666.0000000000010232, 42.00000000000014921, 9.000000000000007105 ) ) ;
#3766 = ORIENTED_EDGE ( 'NONE', *, *, #2968, .T. ) ;
#3767 = CARTESIAN_POINT ( 'NONE',  ( 50.00000000000004263, 298.0000000000004547, 15.00000000000001421 ) ) ;
#3768 = CARTESIAN_POINT ( 'NONE',  ( 674.0000000000010232, 36.00000000000014211, 9.000000000000007105 ) ) ;
#3769 = EDGE_CURVE ( 'NONE', #9001, #5176, #6627, .T. ) ;
#3770 = VERTEX_POINT ( 'NONE', #4419 ) ;
#3771 = CARTESIAN_POINT ( 'NONE',  ( 720.0000000000010232, 0.000000000000000000, 0.000000000000000000 ) ) ;
#3772 = CARTESIAN_POINT ( 'NONE',  ( 458.2255256538928734, 304.0228954292484218, 10.96043497591299776 ) ) ;
#3773 = ORIENTED_EDGE ( 'NONE', *, *, #2242, .F. ) ;
#3774 = AXIS2_PLACEMENT_3D ( 'NONE', #5507, #6290, #9363 ) ;
#3775 =( GEOMETRIC_REPRESENTATION_CONTEXT ( 3 ) GLOBAL_UNCERTAINTY_ASSIGNED_CONTEXT ( ( #1926 ) ) GLOBAL_UNIT_ASSIGNED_CONTEXT ( ( #375, #2613, #8554 ) ) REPRESENTATION_CONTEXT ( 'NONE', 'WORKASPACE' ) );
#3776 = DIRECTION ( 'NONE',  ( 1.000000000000000000, 0.000000000000000000, -0.000000000000000000 ) ) ;
#3777 = PLANE ( 'NONE',  #953 ) ;
#3778 = CARTESIAN_POINT ( 'NONE',  ( 0.000000000000000000, 0.000000000000000000, 15.00000000000001421 ) ) ;
#3779 = ORIENTED_EDGE ( 'NONE', *, *, #7882, .T. ) ;
#3780 = DIRECTION ( 'NONE',  ( -4.440892098500626162E-16, 6.938893903907225296E-18, -1.000000000000000000 ) ) ;
#3781 = ORIENTED_EDGE ( 'NONE', *, *, #7612, .T. ) ;
#3782 = CARTESIAN_POINT ( 'NONE',  ( 27.54347181479136353, -1.758397893855812784E-18, 0.000000000000000000 ) ) ;
#3783 = EDGE_CURVE ( 'NONE', #5, #557, #7209, .T. ) ;
#3784 = LINE ( 'NONE', #8205, #5986 ) ;
#3785 = AXIS2_PLACEMENT_3D ( 'NONE', #7011, #285, #1895 ) ;
#3786 = LINE ( 'NONE', #5641, #5293 ) ;
#3787 = ORIENTED_EDGE ( 'NONE', *, *, #7451, .T. ) ;
#3788 = PLANE ( 'NONE',  #801 ) ;
#3789 = DIRECTION ( 'NONE',  ( 0.000000000000000000, 0.000000000000000000, 1.000000000000000000 ) ) ;
#3790 = CARTESIAN_POINT ( 'NONE',  ( 15.50000000000001421, 438.4881406029604705, 345.9046106882116192 ) ) ;
#3791 = CARTESIAN_POINT ( 'NONE',  ( 100.9999999999999716, 195.0000000000000000, 12.49999999999999112 ) ) ;
#3792 = ORIENTED_EDGE ( 'NONE', *, *, #8685, .T. ) ;
#3793 = CARTESIAN_POINT ( 'NONE',  ( 450.9999999999999432, 78.00000000000001421, 15.00000000000001421 ) ) ;
#3794 = DIRECTION ( 'NONE',  ( 0.000000000000000000, -0.000000000000000000, 1.000000000000000000 ) ) ;
#3795 = VECTOR ( 'NONE', #855, 1000.000000000000000 ) ;
#3796 = EDGE_CURVE ( 'NONE', #2516, #7319, #434, .T. ) ;
#3797 =( NAMED_UNIT ( * ) SI_UNIT ( $, .STERADIAN. ) SOLID_ANGLE_UNIT ( ) );
#3798 = PLANE ( 'NONE',  #9315 ) ;
#3799 = CYLINDRICAL_SURFACE ( 'NONE', #1147, 2.500000000000002220 ) ;
#3800 = CARTESIAN_POINT ( 'NONE',  ( 457.3614843386388316, 305.9730890899366500, 8.035029694283839063 ) ) ;
#3801 = VECTOR ( 'NONE', #995, 1000.000000000000000 ) ;
#3802 = DIRECTION ( 'NONE',  ( -9.860761315262643189E-32, -1.000000000000000000, -6.938893903907225296E-18 ) ) ;
#3803 = VECTOR ( 'NONE', #7369, 1000.000000000000000 ) ;
#3804 = CARTESIAN_POINT ( 'NONE',  ( 211.4999999999999716, 47.99999999999998579, -15.00000000000012434 ) ) ;
#3805 = AXIS2_PLACEMENT_3D ( 'NONE', #269, #6181, #2532 ) ;
#3806 = CARTESIAN_POINT ( 'NONE',  ( 340.9999999999999432, 323.0000000000000000, -14.00000000000001243 ) ) ;
#3807 = FACE_OUTER_BOUND ( 'NONE', #7065, .T. ) ;
#3808 = CARTESIAN_POINT ( 'NONE',  ( 122.0000000000003268, 41.99999999999997868, 9.000000000000007105 ) ) ;
#3809 = FACE_OUTER_BOUND ( 'NONE', #1204, .T. ) ;
#3810 = ORIENTED_EDGE ( 'NONE', *, *, #6466, .T. ) ;
#3811 = FACE_OUTER_BOUND ( 'NONE', #6384, .T. ) ;
#3812 = FACE_OUTER_BOUND ( 'NONE', #4443, .T. ) ;
#3813 = DIRECTION ( 'NONE',  ( -0.000000000000000000, 0.000000000000000000, 1.000000000000000000 ) ) ;
#3814 = VERTEX_POINT ( 'NONE', #794 ) ;
#3815 = ORIENTED_EDGE ( 'NONE', *, *, #5900, .F. ) ;
#3816 = CIRCLE ( 'NONE', #3661, 2.500000000000002220 ) ;
#3817 = CARTESIAN_POINT ( 'NONE',  ( 100.9999999999999716, 195.0000000000000000, 15.49999999999999822 ) ) ;
#3818 = ORIENTED_EDGE ( 'NONE', *, *, #3524, .F. ) ;
#3819 = CARTESIAN_POINT ( 'NONE',  ( 0.000000000000000000, 0.000000000000000000, 15.00000000000001421 ) ) ;
#3820 = VERTEX_POINT ( 'NONE', #8102 ) ;
#3821 = FACE_OUTER_BOUND ( 'NONE', #1745, .T. ) ;
#3822 = DIRECTION ( 'NONE',  ( 0.000000000000000000, 0.3420201433256673251, 0.9396926207859089830 ) ) ;
#3823 = VECTOR ( 'NONE', #8783, 1000.000000000000000 ) ;
#3824 = EDGE_CURVE ( 'NONE', #3242, #3364, #8716, .T. ) ;
#3825 = CARTESIAN_POINT ( 'NONE',  ( 117.0000000000000000, 323.0000000000000000, -15.00000000000012434 ) ) ;
#3826 = EDGE_CURVE ( 'NONE', #6044, #7874, #202, .T. ) ;
#3827 = CARTESIAN_POINT ( 'NONE',  ( 450.9999999999999432, 302.0000000000000000, 15.00000000000001421 ) ) ;
#3828 = EDGE_CURVE ( 'NONE', #8723, #7127, #3396, .T. ) ;
#3829 = VERTEX_POINT ( 'NONE', #2185 ) ;
#3830 = LINE ( 'NONE', #232, #5464 ) ;
#3831 = VERTEX_POINT ( 'NONE', #3875 ) ;
#3832 = ORIENTED_EDGE ( 'NONE', *, *, #1707, .T. ) ;
#3833 = DIRECTION ( 'NONE',  ( 0.000000000000000000, -0.000000000000000000, 1.000000000000000000 ) ) ;
#3834 = ADVANCED_FACE ( 'NONE', ( #3730 ), #8474, .F. ) ;
#3835 = AXIS2_PLACEMENT_3D ( 'NONE', #6650, #8786, #4339 ) ;
#3836 = ORIENTED_EDGE ( 'NONE', *, *, #2146, .F. ) ;
#3837 = FACE_OUTER_BOUND ( 'NONE', #2972, .T. ) ;
#3838 = LINE ( 'NONE', #4040, #4880 ) ;
#3839 = CARTESIAN_POINT ( 'NONE',  ( 457.3444884193503412, 298.0003166582307585, -7.228218908881094862 ) ) ;
#3840 = CARTESIAN_POINT ( 'NONE',  ( 458.2866928170456617, 303.7928570940028976, 3.914816764090750745 ) ) ;
#3841 = ITEM_DEFINED_TRANSFORMATION ( 'NONE', 'NONE', #1788,  #2670 ) ;
#3842 = DIRECTION ( 'NONE',  ( 0.000000000000000000, 0.000000000000000000, -1.000000000000000000 ) ) ;
#3843 = ORIENTED_EDGE ( 'NONE', *, *, #9221, .F. ) ;
#3844 = CIRCLE ( 'NONE', #4704, 2.500000000000002220 ) ;
#3845 = VERTEX_POINT ( 'NONE', #1632 ) ;
#3846 = CARTESIAN_POINT ( 'NONE',  ( 458.4999999999999432, 78.00000000000000000, -3.499999999999836575 ) ) ;
#3847 = ORIENTED_EDGE ( 'NONE', *, *, #460, .T. ) ;
#3848 = ORIENTED_EDGE ( 'NONE', *, *, #4254, .F. ) ;
#3849 = ORIENTED_EDGE ( 'NONE', *, *, #4625, .T. ) ;
#3850 = CARTESIAN_POINT ( 'NONE',  ( 88.00000000000052580, 42.00000000000003553, 9.000000000000007105 ) ) ;
#3851 = VECTOR ( 'NONE', #4168, 1000.000000000000000 ) ;
#3852 = ADVANCED_FACE ( 'NONE', ( #919 ), #8114, .F. ) ;
#3853 = EDGE_CURVE ( 'NONE', #1195, #9488, #8600, .T. ) ;
#3854 = DIRECTION ( 'NONE',  ( -1.000000000000000000, -9.860761315262647568E-32, -4.440892098500629120E-16 ) ) ;
#3855 = AXIS2_PLACEMENT_3D ( 'NONE', #2977, #9581, #1466 ) ;
#3856 = CARTESIAN_POINT ( 'NONE',  ( 451.9999999999998863, 192.0000000000000568, -1.110223024625156540E-13 ) ) ;
#3857 = ORIENTED_EDGE ( 'NONE', *, *, #4498, .F. ) ;
#3858 = LINE ( 'NONE', #1553, #5936 ) ;
#3859 = VERTEX_POINT ( 'NONE', #2384 ) ;
#3860 = DIRECTION ( 'NONE',  ( 0.000000000000000000, 0.000000000000000000, -1.000000000000000000 ) ) ;
#3861 = CARTESIAN_POINT ( 'NONE',  ( 40.00000000000003553, 78.00000000000001421, -7.499999999999840128 ) ) ;
#3862 = AXIS2_PLACEMENT_3D ( 'NONE', #4937, #7120, #2698 ) ;
#3863 = ORIENTED_EDGE ( 'NONE', *, *, #5401, .T. ) ;
#3864 = DIRECTION ( 'NONE',  ( 0.000000000000000000, 0.000000000000000000, 1.000000000000000000 ) ) ;
#3865 = DIRECTION ( 'NONE',  ( -1.000000000000000000, -0.000000000000000000, -0.000000000000000000 ) ) ;
#3866 = CARTESIAN_POINT ( 'NONE',  ( 4.000000000000000000, 78.00000000000001421, 15.00000000000001421 ) ) ;
#3867 = AXIS2_PLACEMENT_3D ( 'NONE', #5858, #7352, #2924 ) ;
#3868 = CARTESIAN_POINT ( 'NONE',  ( 375.5000000000000000, 323.0000000000000000, -14.00000000000001243 ) ) ;
#3869 = VERTEX_POINT ( 'NONE', #962 ) ;
#3870 = DIRECTION ( 'NONE',  ( 1.000000000000000000, 0.000000000000000000, 0.000000000000000000 ) ) ;
#3871 =( NAMED_UNIT ( * ) PLANE_ANGLE_UNIT ( ) SI_UNIT ( $, .RADIAN. ) );
#3872 = EDGE_CURVE ( 'NONE', #3412, #8751, #784, .T. ) ;
#3873 = EDGE_LOOP ( 'NONE', ( #7012, #6967, #2083, #321 ) ) ;
#3874 = DIRECTION ( 'NONE',  ( -1.000000000000000000, -9.860761315262647568E-32, -4.440892098500629120E-16 ) ) ;
#3875 = CARTESIAN_POINT ( 'NONE',  ( -6.245004513516505540E-14, 332.0000000000000568, -3.330669073875469621E-13 ) ) ;
#3876 = CARTESIAN_POINT ( 'NONE',  ( 370.5000000000000000, 323.0000000000000000, 15.00000000000001421 ) ) ;
#3877 = DIRECTION ( 'NONE',  ( -1.000000000000000000, 0.000000000000000000, 0.000000000000000000 ) ) ;
#3878 = EDGE_LOOP ( 'NONE', ( #54, #3134 ) ) ;
#3879 = CARTESIAN_POINT ( 'NONE',  ( -6.245004513516505540E-14, 332.0000000000000568, 4.000000000000003553 ) ) ;
#3880 = CARTESIAN_POINT ( 'NONE',  ( 629.5000000000010232, 74.00000000000017053, 15.00000000000001421 ) ) ;
#3881 = DIRECTION ( 'NONE',  ( -0.000000000000000000, -0.000000000000000000, -1.000000000000000000 ) ) ;
#3882 = EDGE_LOOP ( 'NONE', ( #7692, #6981 ) ) ;
#3883 = EDGE_CURVE ( 'NONE', #8616, #9246, #1513, .T. ) ;
#3884 = CARTESIAN_POINT ( 'NONE',  ( 598.0000000000010232, 42.00000000000003553, 9.000000000000007105 ) ) ;
#3885 = EDGE_LOOP ( 'NONE', ( #5098, #1519 ) ) ;
#3886 = EDGE_CURVE ( 'NONE', #5918, #6719, #7668, .T. ) ;
#3887 = DIRECTION ( 'NONE',  ( 1.000000000000000000, 9.860761315262647568E-32, 4.440892098500629120E-16 ) ) ;
#3888 = VECTOR ( 'NONE', #684, 1000.000000000000000 ) ;
#3889 = ORIENTED_EDGE ( 'NONE', *, *, #7478, .T. ) ;
#3890 = ADVANCED_FACE ( 'NONE', ( #6160 ), #5711, .F. ) ;
#3891 = ORIENTED_EDGE ( 'NONE', *, *, #1970, .T. ) ;
#3892 = ORIENTED_EDGE ( 'NONE', *, *, #7096, .T. ) ;
#3893 = DIRECTION ( 'NONE',  ( 1.000000000000000000, 0.000000000000000000, 0.000000000000000000 ) ) ;
#3894 = DIRECTION ( 'NONE',  ( 1.000000000000000000, 0.000000000000000000, 0.000000000000000000 ) ) ;
#3895 = VECTOR ( 'NONE', #7469, 1000.000000000000000 ) ;
#3896 = EDGE_LOOP ( 'NONE', ( #7159, #2091, #1421, #6524 ) ) ;
#3897 = AXIS2_PLACEMENT_3D ( 'NONE', #2123, #6584, #3523 ) ;
#3898 = DIRECTION ( 'NONE',  ( 0.000000000000000000, -1.000000000000000000, 0.000000000000000000 ) ) ;
#3899 = AXIS2_PLACEMENT_3D ( 'NONE', #8218, #9588, #3082 ) ;
#3900 = DIRECTION ( 'NONE',  ( -1.000000000000000000, 0.000000000000000000, 0.000000000000000000 ) ) ;
#3901 = ORIENTED_EDGE ( 'NONE', *, *, #7758, .F. ) ;
#3902 = DIRECTION ( 'NONE',  ( 0.000000000000000000, 0.000000000000000000, 1.000000000000000000 ) ) ;
#3903 = DIRECTION ( 'NONE',  ( 1.000000000000000000, 0.000000000000000000, 0.000000000000000000 ) ) ;
#3904 = DIRECTION ( 'NONE',  ( -0.000000000000000000, 0.000000000000000000, 1.000000000000000000 ) ) ;
#3905 = LINE ( 'NONE', #7993, #978 ) ;
#3906 = VERTEX_POINT ( 'NONE', #9107 ) ;
#3907 = CIRCLE ( 'NONE', #5951, 2.500000000000002220 ) ;
#3908 = LINE ( 'NONE', #1478, #2578 ) ;
#3909 = EDGE_LOOP ( 'NONE', ( #7372, #6835, #6418, #1024 ) ) ;
#3910 = EDGE_CURVE ( 'NONE', #8032, #5920, #8833, .T. ) ;
#3911 = CARTESIAN_POINT ( 'NONE',  ( 0.000000000000000000, 0.000000000000000000, 3.999999999999892530 ) ) ;
#3912 = CIRCLE ( 'NONE', #8830, 4.000000000000003553 ) ;
#3913 = CARTESIAN_POINT ( 'NONE',  ( 55.99999999999997158, 195.0000000000000000, 31.00000000000000000 ) ) ;
#3914 = LINE ( 'NONE', #1097, #7505 ) ;
#3915 = CIRCLE ( 'NONE', #2155, 2.500000000000002220 ) ;
#3916 = PLANE ( 'NONE',  #1295 ) ;
#3917 = PLANE ( 'NONE',  #7465 ) ;
#3918 = FACE_BOUND ( 'NONE', #2199, .T. ) ;
#3919 = EDGE_CURVE ( 'NONE', #6098, #3757, #4193, .T. ) ;
#3920 = APPLICATION_CONTEXT ( 'automotive_design' ) ;
#3921 = FACE_OUTER_BOUND ( 'NONE', #8526, .T. ) ;
#3922 = DIRECTION ( 'NONE',  ( -0.000000000000000000, 0.000000000000000000, 1.000000000000000000 ) ) ;
#3923 = CARTESIAN_POINT ( 'NONE',  ( 458.0921438139469615, 299.5499297592461971, -10.67256280221559628 ) ) ;
#3924 = CARTESIAN_POINT ( 'NONE',  ( 458.4999999999999432, 302.2693569123288171, 3.499999999999948042 ) ) ;
#3925 = EDGE_LOOP ( 'NONE', ( #9354, #82, #2567, #3942 ) ) ;
#3926 = LINE ( 'NONE', #4735, #5567 ) ;
#3927 = CARTESIAN_POINT ( 'NONE',  ( 0.000000000000000000, 511.0000000000000000, 3.000000000000002665 ) ) ;
#3928 = ORIENTED_EDGE ( 'NONE', *, *, #8023, .T. ) ;
#3929 = AXIS2_PLACEMENT_3D ( 'NONE', #780, #2359, #4746 ) ;
#3930 = LINE ( 'NONE', #5230, #8087 ) ;
#3931 = LINE ( 'NONE', #4107, #1596 ) ;
#3932 = CARTESIAN_POINT ( 'NONE',  ( 458.3636064091181765, 76.57088609949258284, 11.23826187340993954 ) ) ;
#3933 = ORIENTED_EDGE ( 'NONE', *, *, #7945, .T. ) ;
#3934 = DIRECTION ( 'NONE',  ( 1.000000000000000000, 0.000000000000000000, 0.000000000000000000 ) ) ;
#3935 = ADVANCED_FACE ( 'NONE', ( #3270 ), #5379, .T. ) ;
#3936 = CARTESIAN_POINT ( 'NONE',  ( 33.20359410748688589, 0.000000000000000000, 31.00000000000000000 ) ) ;
#3937 = VERTEX_POINT ( 'NONE', #159 ) ;
#3938 = LINE ( 'NONE', #4439, #765 ) ;
#3939 = CARTESIAN_POINT ( 'NONE',  ( 277.9999999999998863, 272.0000000000000000, -15.00000000000012434 ) ) ;
#3940 = VERTEX_POINT ( 'NONE', #1690 ) ;
#3941 = CARTESIAN_POINT ( 'NONE',  ( 439.2089883689056933, 348.1640233375465527, -15.00000000000012434 ) ) ;
#3942 = ORIENTED_EDGE ( 'NONE', *, *, #6369, .T. ) ;
#3943 = FACE_OUTER_BOUND ( 'NONE', #1052, .T. ) ;
#3944 = LINE ( 'NONE', #3422, #3491 ) ;
#3945 = CARTESIAN_POINT ( 'NONE',  ( 40.00000000000003553, 302.0000000000000000, 7.499999999999951150 ) ) ;
#3946 = CARTESIAN_POINT ( 'NONE',  ( 370.5000000000000000, 323.0000000000000000, -14.00000000000001243 ) ) ;
#3947 = VERTEX_POINT ( 'NONE', #2457 ) ;
#3948 = CIRCLE ( 'NONE', #3897, 2.500000000000002220 ) ;
#3949 = CARTESIAN_POINT ( 'NONE',  ( 485.0000000000000000, 380.0000000000000000, 0.000000000000000000 ) ) ;
#3950 = ORIENTED_EDGE ( 'NONE', *, *, #6408, .F. ) ;
#3951 = VERTEX_POINT ( 'NONE', #8366 ) ;
#3952 = EDGE_LOOP ( 'NONE', ( #5380, #1228 ) ) ;
#3953 = PLANE ( 'NONE',  #9606 ) ;
#3954 = EDGE_CURVE ( 'NONE', #7253, #4760, #6400, .T. ) ;
#3955 = ORIENTED_EDGE ( 'NONE', *, *, #3826, .T. ) ;
#3956 = VECTOR ( 'NONE', #6101, 1000.000000000000000 ) ;
#3957 = DIRECTION ( 'NONE',  ( -9.345988730335148917E-18, -1.000000000000000000, -6.938893903907225296E-18 ) ) ;
#3958 = EDGE_CURVE ( 'NONE', #1429, #4524, #6504, .T. ) ;
#3959 = APPLICATION_CONTEXT ( 'automotive_design' ) ;
#3960 = VERTEX_POINT ( 'NONE', #6175 ) ;
#3961 = CYLINDRICAL_SURFACE ( 'NONE', #3338, 3.000000000000002665 ) ;
#3962 = AXIS2_PLACEMENT_3D ( 'NONE', #3544, #9453, #4965 ) ;
#3963 = ORIENTED_EDGE ( 'NONE', *, *, #5747, .T. ) ;
#3964 = DIRECTION ( 'NONE',  ( -0.4686703492876502231, -0.8833731395614154991, -0.000000000000000000 ) ) ;
#3965 = ORIENTED_EDGE ( 'NONE', *, *, #8415, .F. ) ;
#3966 = DIRECTION ( 'NONE',  ( -0.000000000000000000, -0.000000000000000000, -1.000000000000000000 ) ) ;
#3967 = CARTESIAN_POINT ( 'NONE',  ( 457.6533941124183116, 305.4652414593566618, 5.485479723370212390 ) ) ;
#3968 = LINE ( 'NONE', #4291, #5482 ) ;
#3969 = DIRECTION ( 'NONE',  ( 0.000000000000000000, 0.000000000000000000, -1.000000000000000000 ) ) ;
#3970 = DIRECTION ( 'NONE',  ( 1.000000000000000000, 0.000000000000000000, 0.000000000000000000 ) ) ;
#3971 = ORIENTED_EDGE ( 'NONE', *, *, #8026, .F. ) ;
#3972 = ADVANCED_FACE ( 'NONE', ( #4995 ), #3994, .T. ) ;
#3973 = CARTESIAN_POINT ( 'NONE',  ( 458.2875444242312142, 76.21059791523181559, 11.08690865206851939 ) ) ;
#3974 = DIRECTION ( 'NONE',  ( 0.000000000000000000, 0.000000000000000000, 1.000000000000000000 ) ) ;
#3975 = EDGE_CURVE ( 'NONE', #6048, #215, #667, .T. ) ;
#3976 = SURFACE_SIDE_STYLE ('',( #33 ) ) ;
#3977 = DIRECTION ( 'NONE',  ( -1.000000000000000000, 0.000000000000000000, 0.000000000000000000 ) ) ;
#3978 = DIRECTION ( 'NONE',  ( 1.000000000000000000, 0.000000000000000000, 0.000000000000000000 ) ) ;
#3979 = CARTESIAN_POINT ( 'NONE',  ( 24.99999999999991118, 46.00000000000005684, 10.50000000000006573 ) ) ;
#3980 = EDGE_LOOP ( 'NONE', ( #4045, #5026, #4397, #1764, #8334, #2908 ) ) ;
#3981 = CARTESIAN_POINT ( 'NONE',  ( 46.00000000000004263, 36.00000000000002842, 9.000000000000007105 ) ) ;
#3982 = ORIENTED_EDGE ( 'NONE', *, *, #2028, .T. ) ;
#3983 = ADVANCED_FACE ( 'NONE', ( #2216 ), #4707, .F. ) ;
#3984 = CARTESIAN_POINT ( 'NONE',  ( 451.9999999999999432, 288.0000000000000568, 4.000000000000003553 ) ) ;
#3985 = ORIENTED_EDGE ( 'NONE', *, *, #4593, .T. ) ;
#3986 =( REPRESENTATION_RELATIONSHIP ('NONE','NONE', #5015, #4962 ) REPRESENTATION_RELATIONSHIP_WITH_TRANSFORMATION ( #2098 )SHAPE_REPRESENTATION_RELATIONSHIP( ) );
#3987 = FILL_AREA_STYLE ('',( #7650 ) ) ;
#3988 = EDGE_LOOP ( 'NONE', ( #3963, #4582 ) ) ;
#3989 = AXIS2_PLACEMENT_3D ( 'NONE', #6700, #9613, #5150 ) ;
#3990 = ORIENTED_EDGE ( 'NONE', *, *, #1970, .F. ) ;
#3991 = DIRECTION ( 'NONE',  ( 1.000000000000000000, 0.000000000000000000, 0.000000000000000000 ) ) ;
#3992 = DIRECTION ( 'NONE',  ( -4.440892098500626162E-16, 6.938893903907225296E-18, -1.000000000000000000 ) ) ;
#3993 = ORIENTED_EDGE ( 'NONE', *, *, #5040, .F. ) ;
#3994 = PLANE ( 'NONE',  #6179 ) ;
#3995 = CARTESIAN_POINT ( 'NONE',  ( 628.0000000000010232, 42.00000000000014921, 0.000000000000000000 ) ) ;
#3996 = DIRECTION ( 'NONE',  ( -0.000000000000000000, 0.000000000000000000, 1.000000000000000000 ) ) ;
#3997 = EDGE_LOOP ( 'NONE', ( #9530, #9669 ) ) ;
#3998 = DIRECTION ( 'NONE',  ( 1.000000000000000000, 0.000000000000000000, 0.000000000000000000 ) ) ;
#3999 = ORIENTED_EDGE ( 'NONE', *, *, #9529, .T. ) ;
#4000 = AXIS2_PLACEMENT_3D ( 'NONE', #2652, #7690, #9349 ) ;
#4001 = PLANE ( 'NONE',  #4036 ) ;
#4002 = CARTESIAN_POINT ( 'NONE',  ( 12.00000000000001421, 302.0000000000000000, 15.00000000000001421 ) ) ;
#4003 = LINE ( 'NONE', #5267, #5660 ) ;
#4004 = PRESENTATION_STYLE_ASSIGNMENT (( #5874 ) ) ;
#4005 = EDGE_CURVE ( 'NONE', #3066, #9439, #4529, .T. ) ;
#4006 = VERTEX_POINT ( 'NONE', #1794 ) ;
#4007 = EDGE_CURVE ( 'NONE', #3960, #8096, #2580, .T. ) ;
#4008 = CARTESIAN_POINT ( 'NONE',  ( 108.2035941074868930, -6.907806440147400806E-18, 0.000000000000000000 ) ) ;
#4009 = ORIENTED_EDGE ( 'NONE', *, *, #1203, .T. ) ;
#4010 =( GEOMETRIC_REPRESENTATION_CONTEXT ( 3 ) GLOBAL_UNCERTAINTY_ASSIGNED_CONTEXT ( ( #564 ) ) GLOBAL_UNIT_ASSIGNED_CONTEXT ( ( #2699, #7886, #3460 ) ) REPRESENTATION_CONTEXT ( 'NONE', 'WORKASPACE' ) );
#4011 = ADVANCED_FACE ( 'NONE', ( #1754 ), #4154, .F. ) ;
#4012 = FACE_OUTER_BOUND ( 'NONE', #4306, .T. ) ;
#4013 = APPLICATION_PROTOCOL_DEFINITION ( 'draft international standard', 'automotive_design', 1998, #1677 ) ;
#4014 = VECTOR ( 'NONE', #2502, 1000.000000000000000 ) ;
#4015 = CIRCLE ( 'NONE', #8963, 2.500000000000002220 ) ;
#4016 = ORIENTED_EDGE ( 'NONE', *, *, #5206, .T. ) ;
#4017 =( LENGTH_UNIT ( ) NAMED_UNIT ( * ) SI_UNIT ( .MILLI., .METRE. ) );
#4018 = CARTESIAN_POINT ( 'NONE',  ( 375.5000000000000000, 323.0000000000000000, 15.00000000000001421 ) ) ;
#4019 = DIRECTION ( 'NONE',  ( 9.860761315262643189E-32, 1.000000000000000000, 6.938893903907225296E-18 ) ) ;
#4020 = DIRECTION ( 'NONE',  ( -1.000000000000000000, 0.000000000000000000, 0.000000000000000000 ) ) ;
#4021 = ORIENTED_EDGE ( 'NONE', *, *, #6215, .F. ) ;
#4022 = EDGE_CURVE ( 'NONE', #3221, #1627, #536, .T. ) ;
#4023 = LINE ( 'NONE', #3349, #41 ) ;
#4024 = LINE ( 'NONE', #8241, #6238 ) ;
#4025 = PRODUCT_RELATED_PRODUCT_CATEGORY ( 'part', '', ( #6560 ) ) ;
#4026 = DIRECTION ( 'NONE',  ( 0.000000000000000000, 0.000000000000000000, 1.000000000000000000 ) ) ;
#4027 = LINE ( 'NONE', #5148, #8908 ) ;
#4028 = CARTESIAN_POINT ( 'NONE',  ( 457.3650736390342786, 74.03312662932437149, 8.030900262627808317 ) ) ;
#4029 = ADVANCED_FACE ( 'NONE', ( #8230 ), #6363, .F. ) ;
#4030 = LINE ( 'NONE', #8530, #3001 ) ;
#4031 = DIRECTION ( 'NONE',  ( 0.000000000000000000, -0.000000000000000000, -1.000000000000000000 ) ) ;
#4032 = VECTOR ( 'NONE', #3708, 1000.000000000000000 ) ;
#4033 = CYLINDRICAL_SURFACE ( 'NONE', #2876, 3.000000000000004441 ) ;
#4034 = EDGE_CURVE ( 'NONE', #1979, #215, #7436, .T. ) ;
#4035 = DIRECTION ( 'NONE',  ( -9.345988730335148917E-18, -1.000000000000000000, -6.938893903907225296E-18 ) ) ;
#4036 = AXIS2_PLACEMENT_3D ( 'NONE', #9247, #2656, #4031 ) ;
#4037 = VECTOR ( 'NONE', #5512, 1000.000000000000000 ) ;
#4038 = CIRCLE ( 'NONE', #5999, 2.500000000000002220 ) ;
#4039 = VERTEX_POINT ( 'NONE', #1327 ) ;
#4040 = CARTESIAN_POINT ( 'NONE',  ( 0.000000000000000000, 380.0000000000000000, 0.000000000000000000 ) ) ;
#4041 = FACE_OUTER_BOUND ( 'NONE', #8779, .T. ) ;
#4042 = CARTESIAN_POINT ( 'NONE',  ( 213.9999999999999716, 272.0000000000000000, 15.00000000000001421 ) ) ;
#4043 = PLANE ( 'NONE',  #3376 ) ;
#4044 = ADVANCED_BREP_SHAPE_REPRESENTATION ( '', ( #1443, #2670 ), #893 ) ;
#4045 = ORIENTED_EDGE ( 'NONE', *, *, #4958, .T. ) ;
#4046 = EDGE_CURVE ( 'NONE', #6947, #7412, #7894, .T. ) ;
#4047 = FACE_OUTER_BOUND ( 'NONE', #4164, .T. ) ;
#4048 = ORIENTED_EDGE ( 'NONE', *, *, #4942, .T. ) ;
#4049 = AXIS2_PLACEMENT_3D ( 'NONE', #1532, #3752, #6754 ) ;
#4050 = FILL_AREA_STYLE_COLOUR ( '', #6521 ) ;
#4051 = ORIENTED_EDGE ( 'NONE', *, *, #431, .F. ) ;
#4052 = CIRCLE ( 'NONE', #5246, 2.499999999999946709 ) ;
#4053 = CARTESIAN_POINT ( 'NONE',  ( 0.000000000000000000, 0.000000000000000000, 0.000000000000000000 ) ) ;
#4054 = DIRECTION ( 'NONE',  ( 0.000000000000000000, 0.000000000000000000, -1.000000000000000000 ) ) ;
#4055 = CYLINDRICAL_SURFACE ( 'NONE', #2332, 3.000000000000002665 ) ;
#4056 = CARTESIAN_POINT ( 'NONE',  ( 458.4441901530435644, 301.0773439031962084, -11.39441536424037693 ) ) ;
#4057 = DIRECTION ( 'NONE',  ( 1.000000000000000000, 0.000000000000000000, 0.000000000000000000 ) ) ;
#4058 = ORIENTED_EDGE ( 'NONE', *, *, #9052, .T. ) ;
#4059 = LINE ( 'NONE', #5036, #7759 ) ;
#4060 = AXIS2_PLACEMENT_3D ( 'NONE', #5575, #1099, #7857 ) ;
#4061 = ORIENTED_EDGE ( 'NONE', *, *, #2942, .T. ) ;
#4062 = ORIENTED_EDGE ( 'NONE', *, *, #6113, .T. ) ;
#4063 = DIRECTION ( 'NONE',  ( 9.860761315262643189E-32, 1.000000000000000000, 6.938893903907225296E-18 ) ) ;
#4064 = ORIENTED_EDGE ( 'NONE', *, *, #2078, .F. ) ;
#4065 = FACE_OUTER_BOUND ( 'NONE', #1307, .T. ) ;
#4066 = ADVANCED_FACE ( 'NONE', ( #5932 ), #5624, .F. ) ;
#4067 = CIRCLE ( 'NONE', #598, 2.500000000000002220 ) ;
#4068 = DIRECTION ( 'NONE',  ( -4.440892098500626162E-16, 6.938893903907225296E-18, -1.000000000000000000 ) ) ;
#4069 = CARTESIAN_POINT ( 'NONE',  ( -6.938893903907228378E-15, 380.0000000000000000, 14.99999999999990230 ) ) ;
#4070 = EDGE_CURVE ( 'NONE', #5335, #975, #8952, .T. ) ;
#4071 = DIRECTION ( 'NONE',  ( 0.000000000000000000, 0.000000000000000000, 1.000000000000000000 ) ) ;
#4072 = EDGE_LOOP ( 'NONE', ( #9224, #6218 ) ) ;
#4073 = VECTOR ( 'NONE', #69, 1000.000000000000227 ) ;
#4074 = EDGE_LOOP ( 'NONE', ( #7526, #6596, #7427, #8804 ) ) ;
#4075 = DIRECTION ( 'NONE',  ( 1.000000000000000000, 0.000000000000000000, 0.000000000000000000 ) ) ;
#4076 = ORIENTED_EDGE ( 'NONE', *, *, #3769, .T. ) ;
#4077 = FACE_BOUND ( 'NONE', #1935, .T. ) ;
#4078 = CARTESIAN_POINT ( 'NONE',  ( 450.9999999999999432, 78.00000000000001421, -15.00000000000012434 ) ) ;
#4079 = CARTESIAN_POINT ( 'NONE',  ( 0.000000000000000000, 340.0000000000002842, 15.00000000000001421 ) ) ;
#4080 = CIRCLE ( 'NONE', #8992, 2.500000000000002220 ) ;
#4081 = ORIENTED_EDGE ( 'NONE', *, *, #2550, .T. ) ;
#4082 = CARTESIAN_POINT ( 'NONE',  ( 443.4999999999999432, 302.0000000000000000, -15.00000000000012434 ) ) ;
#4083 = ADVANCED_FACE ( 'NONE', ( #1992 ), #9446, .F. ) ;
#4084 = AXIS2_PLACEMENT_3D ( 'NONE', #4305, #3565, #5841 ) ;
#4085 =( LENGTH_UNIT ( ) NAMED_UNIT ( * ) SI_UNIT ( .MILLI., .METRE. ) );
#4086 = PRESENTATION_LAYER_ASSIGNMENT (  '', '', ( #6262 ) ) ;
#4087 = DIRECTION ( 'NONE',  ( -1.000000000000000000, 0.000000000000000000, 0.000000000000000000 ) ) ;
#4088 = CARTESIAN_POINT ( 'NONE',  ( 40.00000000000003553, 302.0000000000000000, -7.499999999999840128 ) ) ;
#4089 = VERTEX_POINT ( 'NONE', #9536 ) ;
#4090 = DIRECTION ( 'NONE',  ( -4.440892098500626162E-16, 6.938893903907225296E-18, -1.000000000000000000 ) ) ;
#4091 = CARTESIAN_POINT ( 'NONE',  ( 0.000000000000000000, 0.000000000000000000, 9.500000000000001776 ) ) ;
#4092 = PLANE ( 'NONE',  #2017 ) ;
#4093 = DIRECTION ( 'NONE',  ( 0.000000000000000000, 1.000000000000000000, 0.000000000000000000 ) ) ;
#4094 = CARTESIAN_POINT ( 'NONE',  ( -5.551115123125782702E-14, 47.99999999999960210, 0.000000000000000000 ) ) ;
#4095 = ORIENTED_EDGE ( 'NONE', *, *, #6024, .T. ) ;
#4096 = EDGE_CURVE ( 'NONE', #8257, #5244, #5123, .T. ) ;
#4097 = CARTESIAN_POINT ( 'NONE',  ( 373.0000000000000000, 323.0000000000000000, -15.00000000000012434 ) ) ;
#4098 = ORIENTED_EDGE ( 'NONE', *, *, #8763, .T. ) ;
#4099 = DIRECTION ( 'NONE',  ( 0.000000000000000000, 0.000000000000000000, -1.000000000000000000 ) ) ;
#4100 = ORIENTED_EDGE ( 'NONE', *, *, #810, .F. ) ;
#4101 = EDGE_CURVE ( 'NONE', #6430, #6432, #5472, .T. ) ;
#4102 = DIRECTION ( 'NONE',  ( 1.000000000000000000, 9.860761315262647568E-32, 4.440892098500629120E-16 ) ) ;
#4103 = DIRECTION ( 'NONE',  ( -0.000000000000000000, 0.000000000000000000, 1.000000000000000000 ) ) ;
#4104 = AXIS2_PLACEMENT_3D ( 'NONE', #1294, #2811, #1316 ) ;
#4105 = ADVANCED_FACE ( 'NONE', ( #1035 ), #4292, .F. ) ;
#4106 = EDGE_LOOP ( 'NONE', ( #4021, #3043, #5455, #7774 ) ) ;
#4107 = CARTESIAN_POINT ( 'NONE',  ( 472.2791522340548340, 337.2193787511251912, -15.00000000000012434 ) ) ;
#4108 = ORIENTED_EDGE ( 'NONE', *, *, #3209, .T. ) ;
#4109 =( LENGTH_UNIT ( ) NAMED_UNIT ( * ) SI_UNIT ( .MILLI., .METRE. ) );
#4110 = AXIS2_PLACEMENT_3D ( 'NONE', #2388, #3904, #997 ) ;
#4111 = DIRECTION ( 'NONE',  ( 1.000000000000000000, 0.000000000000000000, 0.000000000000000000 ) ) ;
#4112 = CARTESIAN_POINT ( 'NONE',  ( 457.3615938947220343, 74.02710281404479531, -6.965220143283770149 ) ) ;
#4113 = CARTESIAN_POINT ( 'NONE',  ( 0.000000000000000000, 0.000000000000000000, 15.00000000000001421 ) ) ;
#4114 = CIRCLE ( 'NONE', #7106, 6.000000000000227374 ) ;
#4115 = ORIENTED_EDGE ( 'NONE', *, *, #4368, .T. ) ;
#4116 = CARTESIAN_POINT ( 'NONE',  ( 788.0000000000000000, 301.9999999999999432, 0.000000000000000000 ) ) ;
#4117 = ORIENTED_EDGE ( 'NONE', *, *, #5223, .T. ) ;
#4118 = EDGE_LOOP ( 'NONE', ( #4877, #2090 ) ) ;
#4119 = DIRECTION ( 'NONE',  ( 0.000000000000000000, 0.000000000000000000, -1.000000000000000000 ) ) ;
#4120 = PLANE ( 'NONE',  #7705 ) ;
#4121 = CARTESIAN_POINT ( 'NONE',  ( 0.000000000000000000, 288.0000000000000568, 2.220446049250313081E-13 ) ) ;
#4122 = DIRECTION ( 'NONE',  ( -1.000000000000000000, 0.000000000000000000, 0.000000000000000000 ) ) ;
#4123 = ADVANCED_FACE ( 'NONE', ( #6277 ), #646, .T. ) ;
#4124 = DIRECTION ( 'NONE',  ( -1.000000000000000000, -9.860761315262647568E-32, -4.440892098500629120E-16 ) ) ;
#4125 = FACE_BOUND ( 'NONE', #4169, .T. ) ;
#4126 = ORIENTED_EDGE ( 'NONE', *, *, #2380, .T. ) ;
#4127 = AXIS2_PLACEMENT_3D ( 'NONE', #6802, #2244, #1525 ) ;
#4128 = CARTESIAN_POINT ( 'NONE',  ( 472.2791522340548340, 337.2193787511251912, 15.00000000000001421 ) ) ;
#4129 = CARTESIAN_POINT ( 'NONE',  ( 796.0000000000000000, 301.9999999999999432, 15.00000000000001421 ) ) ;
#4130 = PLANE ( 'NONE',  #1884 ) ;
#4131 = EDGE_CURVE ( 'NONE', #2224, #7556, #6738, .T. ) ;
#4132 = EDGE_CURVE ( 'NONE', #2467, #6274, #9082, .T. ) ;
#4133 = ORIENTED_EDGE ( 'NONE', *, *, #9529, .F. ) ;
#4134 = CARTESIAN_POINT ( 'NONE',  ( 632.0000000000010232, 298.0000000000005684, 15.00000000000001421 ) ) ;
#4135 = LINE ( 'NONE', #9474, #6684 ) ;
#4136 = EDGE_CURVE ( 'NONE', #3859, #8643, #1166, .T. ) ;
#4137 = VECTOR ( 'NONE', #2717, 1000.000000000000000 ) ;
#4138 = VERTEX_POINT ( 'NONE', #5238 ) ;
#4139 = AXIS2_PLACEMENT_3D ( 'NONE', #8204, #5272, #7467 ) ;
#4140 = AXIS2_PLACEMENT_3D ( 'NONE', #7083, #9353, #2599 ) ;
#4141 = CARTESIAN_POINT ( 'NONE',  ( 767.4999999999998863, 8.326672684688674053E-14, 15.00000000000006928 ) ) ;
#4142 = FACE_OUTER_BOUND ( 'NONE', #258, .T. ) ;
#4143 = VECTOR ( 'NONE', #8262, 1000.000000000000000 ) ;
#4144 = VECTOR ( 'NONE', #9322, 1000.000000000000000 ) ;
#4145 = SURFACE_SIDE_STYLE ('',( #689 ) ) ;
#4146 = CARTESIAN_POINT ( 'NONE',  ( 458.4999999999999432, 78.00000000000001421, -11.49999999999984723 ) ) ;
#4147 = DIRECTION ( 'NONE',  ( -4.440892098500626162E-16, 6.938893903907225296E-18, -1.000000000000000000 ) ) ;
#4148 = FACE_OUTER_BOUND ( 'NONE', #184, .T. ) ;
#4149 = EDGE_CURVE ( 'NONE', #5714, #3712, #4893, .T. ) ;
#4150 = DIRECTION ( 'NONE',  ( 0.000000000000000000, 0.000000000000000000, 1.000000000000000000 ) ) ;
#4151 = LINE ( 'NONE', #2228, #627 ) ;
#4152 = AXIS2_PLACEMENT_3D ( 'NONE', #5283, #2300, #5186 ) ;
#4153 = CIRCLE ( 'NONE', #7349, 2.500000000000002220 ) ;
#4154 = PLANE ( 'NONE',  #8666 ) ;
#4155 = LINE ( 'NONE', #3442, #403 ) ;
#4156 = DIRECTION ( 'NONE',  ( 1.000000000000000000, 0.000000000000000000, 0.000000000000000000 ) ) ;
#4157 = ADVANCED_FACE ( 'NONE', ( #4766 ), #5350, .F. ) ;
#4158 = DIRECTION ( 'NONE',  ( 1.000000000000000000, 0.000000000000000000, 0.000000000000000000 ) ) ;
#4159 = EDGE_LOOP ( 'NONE', ( #9062, #5530 ) ) ;
#4160 = VECTOR ( 'NONE', #7711, 1000.000000000000000 ) ;
#4161 = DIRECTION ( 'NONE',  ( 1.000000000000000000, 0.000000000000000000, -0.000000000000000000 ) ) ;
#4162 = CARTESIAN_POINT ( 'NONE',  ( 451.9999999999999432, 288.0000000000000568, 1.110223024625156540E-13 ) ) ;
#4163 = ORIENTED_EDGE ( 'NONE', *, *, #9329, .F. ) ;
#4164 = EDGE_LOOP ( 'NONE', ( #7479, #5929 ) ) ;
#4165 = LINE ( 'NONE', #6549, #5908 ) ;
#4166 = CYLINDRICAL_SURFACE ( 'NONE', #2142, 3.000000000000002665 ) ;
#4167 = EDGE_CURVE ( 'NONE', #5231, #1625, #2925, .T. ) ;
#4168 = DIRECTION ( 'NONE',  ( -0.000000000000000000, 0.000000000000000000, 1.000000000000000000 ) ) ;
#4169 = EDGE_LOOP ( 'NONE', ( #5609, #638 ) ) ;
#4170 = DIRECTION ( 'NONE',  ( -1.000000000000000000, 0.000000000000000000, 0.000000000000000000 ) ) ;
#4171 = VERTEX_POINT ( 'NONE', #5972 ) ;
#4172 = PRODUCT_DEFINITION_CONTEXT ( 'detailed design', #1633, 'design' ) ;
#4173 = EDGE_LOOP ( 'NONE', ( #4454, #1258 ) ) ;
#4174 = VECTOR ( 'NONE', #4222, 1000.000000000000000 ) ;
#4175 = FACE_OUTER_BOUND ( 'NONE', #2141, .T. ) ;
#4176 = CARTESIAN_POINT ( 'NONE',  ( 213.9999999999999716, 272.0000000000000000, -15.00000000000012434 ) ) ;
#4177 = ADVANCED_FACE ( 'NONE', ( #5921 ), #8337, .F. ) ;
#4178 = DIRECTION ( 'NONE',  ( 0.000000000000000000, 0.000000000000000000, -1.000000000000000000 ) ) ;
#4179 = CONTEXT_DEPENDENT_SHAPE_REPRESENTATION ( #248, #3440 ) ;
#4180 = EDGE_CURVE ( 'NONE', #7780, #709, #6040, .T. ) ;
#4181 = ORIENTED_EDGE ( 'NONE', *, *, #6854, .F. ) ;
#4182 = LINE ( 'NONE', #6594, #4531 ) ;
#4183 = AXIS2_PLACEMENT_3D ( 'NONE', #5797, #8020, #5088 ) ;
#4184 =( NAMED_UNIT ( * ) PLANE_ANGLE_UNIT ( ) SI_UNIT ( $, .RADIAN. ) );
#4185 = ORIENTED_EDGE ( 'NONE', *, *, #2164, .T. ) ;
#4186 = VERTEX_POINT ( 'NONE', #8891 ) ;
#4187 = DIRECTION ( 'NONE',  ( 9.860761315262643189E-32, 1.000000000000000000, 6.938893903907225296E-18 ) ) ;
#4188 = ORIENTED_EDGE ( 'NONE', *, *, #8448, .F. ) ;
#4189 = CARTESIAN_POINT ( 'NONE',  ( 457.5875855895271229, 74.41290151021316035, -9.289245272046439794 ) ) ;
#4190 = CARTESIAN_POINT ( 'NONE',  ( 458.4999999999999432, 302.0000000000000000, -11.49999999999984723 ) ) ;
#4191 = CARTESIAN_POINT ( 'NONE',  ( 451.9999999999998863, 140.0000000000000000, 4.000000000000003553 ) ) ;
#4192 = ORIENTED_EDGE ( 'NONE', *, *, #4813, .T. ) ;
#4193 = CIRCLE ( 'NONE', #5383, 2.500000000000002220 ) ;
#4194 = AXIS2_PLACEMENT_3D ( 'NONE', #9080, #854, #7626 ) ;
#4195 = ORIENTED_EDGE ( 'NONE', *, *, #247, .T. ) ;
#4196 = CIRCLE ( 'NONE', #8622, 4.000000000000003553 ) ;
#4197 = EDGE_LOOP ( 'NONE', ( #957, #2863, #6320, #2812 ) ) ;
#4198 = ORIENTED_EDGE ( 'NONE', *, *, #2565, .F. ) ;
#4199 = DIRECTION ( 'NONE',  ( 0.000000000000000000, 0.000000000000000000, 1.000000000000000000 ) ) ;
#4200 = DIRECTION ( 'NONE',  ( 0.000000000000000000, 1.000000000000000000, 0.000000000000000000 ) ) ;
#4201 = EDGE_CURVE ( 'NONE', #1452, #3829, #6612, .T. ) ;
#4202 = VECTOR ( 'NONE', #9280, 1000.000000000000000 ) ;
#4203 = CARTESIAN_POINT ( 'NONE',  ( 451.9999999999999432, 284.0000000000000568, 4.000000000000225597 ) ) ;
#4204 = DIRECTION ( 'NONE',  ( -1.000000000000000000, 0.000000000000000000, 0.000000000000000000 ) ) ;
#4205 = EDGE_CURVE ( 'NONE', #4891, #3529, #7767, .T. ) ;
#4206 = ORIENTED_EDGE ( 'NONE', *, *, #810, .T. ) ;
#4207 = EDGE_LOOP ( 'NONE', ( #5151, #4051 ) ) ;
#4208 = DIRECTION ( 'NONE',  ( 1.000000000000000000, 0.000000000000000000, 0.000000000000000000 ) ) ;
#4209 = ADVANCED_FACE ( 'NONE', ( #4175 ), #8193, .F. ) ;
#4210 = PRODUCT_DEFINITION_SHAPE ( 'NONE', 'NONE',  #9694 ) ;
#4211 = ORIENTED_EDGE ( 'NONE', *, *, #7122, .T. ) ;
#4212 = CARTESIAN_POINT ( 'NONE',  ( -6.938893903907228378E-15, 95.99999999999964473, 1.110223024625156540E-13 ) ) ;
#4213 = EDGE_CURVE ( 'NONE', #3481, #9066, #3141, .T. ) ;
#4214 = AXIS2_PLACEMENT_3D ( 'NONE', #4352, #5856, #1415 ) ;
#4215 =( NAMED_UNIT ( * ) SI_UNIT ( $, .STERADIAN. ) SOLID_ANGLE_UNIT ( ) );
#4216 = VERTEX_POINT ( 'NONE', #3037 ) ;
#4217 = CARTESIAN_POINT ( 'NONE',  ( 457.4259455803459673, 74.13205321520996449, -6.446961911727492556 ) ) ;
#4218 = DIRECTION ( 'NONE',  ( 1.000000000000000000, 0.000000000000000000, 0.000000000000000000 ) ) ;
#4219 = ORIENTED_EDGE ( 'NONE', *, *, #1613, .T. ) ;
#4220 = CARTESIAN_POINT ( 'NONE',  ( 62.99999999999997158, 155.0000000000000000, 18.50000000000000711 ) ) ;
#4221 = EDGE_LOOP ( 'NONE', ( #1630, #4652 ) ) ;
#4222 = DIRECTION ( 'NONE',  ( 0.000000000000000000, 0.000000000000000000, -1.000000000000000000 ) ) ;
#4223 = ORIENTED_EDGE ( 'NONE', *, *, #3436, .T. ) ;
#4224 = AXIS2_PLACEMENT_3D ( 'NONE', #9102, #188, #1720 ) ;
#4225 = PLANE ( 'NONE',  #3962 ) ;
#4226 = ADVANCED_FACE ( 'NONE', ( #78 ), #5460, .F. ) ;
#4227 = EDGE_CURVE ( 'NONE', #1805, #1460, #7082, .T. ) ;
#4228 = DIRECTION ( 'NONE',  ( -0.000000000000000000, 0.000000000000000000, 1.000000000000000000 ) ) ;
#4229 = ORIENTED_EDGE ( 'NONE', *, *, #6933, .F. ) ;
#4230 = EDGE_LOOP ( 'NONE', ( #8663, #4596, #3273, #8899 ) ) ;
#4231 = CARTESIAN_POINT ( 'NONE',  ( 85.50000000000052580, 266.0000000000003411, 15.00000000000001421 ) ) ;
#4232 = DIRECTION ( 'NONE',  ( 0.000000000000000000, 0.000000000000000000, 1.000000000000000000 ) ) ;
#4233 = DIRECTION ( 'NONE',  ( 1.000000000000000000, 0.000000000000000000, 0.000000000000000000 ) ) ;
#4234 = ORIENTED_EDGE ( 'NONE', *, *, #2345, .F. ) ;
#4235 = EDGE_CURVE ( 'NONE', #5228, #8049, #1151, .T. ) ;
#4236 = ORIENTED_EDGE ( 'NONE', *, *, #2896, .T. ) ;
#4237 = AXIS2_PLACEMENT_3D ( 'NONE', #1352, #4394, #8118 ) ;
#4238 = DIRECTION ( 'NONE',  ( 0.000000000000000000, 1.000000000000000000, 0.000000000000000000 ) ) ;
#4239 = CIRCLE ( 'NONE', #3500, 2.500000000000002220 ) ;
#4240 = DIRECTION ( 'NONE',  ( 1.000000000000000000, 0.000000000000000000, 0.000000000000000000 ) ) ;
#4241 = ORIENTED_EDGE ( 'NONE', *, *, #3618, .T. ) ;
#4242 = SURFACE_STYLE_USAGE ( .BOTH. , #5087 ) ;
#4243 = ORIENTED_EDGE ( 'NONE', *, *, #7302, .T. ) ;
#4244 = CARTESIAN_POINT ( 'NONE',  ( 88.00000000000052580, 74.00000000000007105, 15.00000000000001421 ) ) ;
#4245 = CARTESIAN_POINT ( 'NONE',  ( 122.0000000000003268, 47.99999999999998579, 15.00000000000001421 ) ) ;
#4246 = LINE ( 'NONE', #7969, #2756 ) ;
#4247 = EDGE_CURVE ( 'NONE', #4386, #4138, #1623, .T. ) ;
#4248 = CYLINDRICAL_SURFACE ( 'NONE', #4573, 2.500000000000002220 ) ;
#4249 = VECTOR ( 'NONE', #6814, 1000.000000000000000 ) ;
#4250 = ORIENTED_EDGE ( 'NONE', *, *, #2003, .F. ) ;
#4251 = ADVANCED_FACE ( 'NONE', ( #6148 ), #3798, .T. ) ;
#4252 = CARTESIAN_POINT ( 'NONE',  ( 458.0180923321901219, 304.6522572730704042, -10.50517054499687575 ) ) ;
#4253 = FACE_OUTER_BOUND ( 'NONE', #3302, .T. ) ;
#4254 = EDGE_CURVE ( 'NONE', #200, #9343, #187, .T. ) ;
#4255 = CARTESIAN_POINT ( 'NONE',  ( 458.4854804418994831, 301.4655450815179734, 3.527039594063833938 ) ) ;
#4256 = LINE ( 'NONE', #388, #8677 ) ;
#4257 = PLANE ( 'NONE',  #1726 ) ;
#4258 = CARTESIAN_POINT ( 'NONE',  ( 0.000000000000000000, 0.000000000000000000, 0.000000000000000000 ) ) ;
#4259 = CIRCLE ( 'NONE', #1047, 2.500000000000002220 ) ;
#4260 = AXIS2_PLACEMENT_3D ( 'NONE', #633, #4366, #6573 ) ;
#4261 = LINE ( 'NONE', #6444, #2545 ) ;
#4262 = AXIS2_PLACEMENT_3D ( 'NONE', #5743, #2801, #8726 ) ;
#4263 = ADVANCED_FACE ( 'NONE', ( #1740 ), #2329, .F. ) ;
#4264 = FACE_OUTER_BOUND ( 'NONE', #4563, .T. ) ;
#4265 = FACE_OUTER_BOUND ( 'NONE', #8157, .T. ) ;
#4266 = EDGE_LOOP ( 'NONE', ( #9376, #84, #6661, #7917 ) ) ;
#4267 = FILL_AREA_STYLE_COLOUR ( '', #2595 ) ;
#4268 = VECTOR ( 'NONE', #4820, 1000.000000000000000 ) ;
#4269 = PLANE ( 'NONE',  #7921 ) ;
#4270 = LINE ( 'NONE', #2541, #7643 ) ;
#4271 = DIRECTION ( 'NONE',  ( 0.000000000000000000, 0.000000000000000000, -1.000000000000000000 ) ) ;
#4272 = EDGE_CURVE ( 'NONE', #3726, #3869, #7655, .T. ) ;
#4273 =( GEOMETRIC_REPRESENTATION_CONTEXT ( 3 ) GLOBAL_UNCERTAINTY_ASSIGNED_CONTEXT ( ( #5781 ) ) GLOBAL_UNIT_ASSIGNED_CONTEXT ( ( #1921, #9593, #3425 ) ) REPRESENTATION_CONTEXT ( 'NONE', 'WORKASPACE' ) );
#4274 = ORIENTED_EDGE ( 'NONE', *, *, #1941, .F. ) ;
#4275 = VERTEX_POINT ( 'NONE', #3868 ) ;
#4276 = PLANE ( 'NONE',  #1376 ) ;
#4277 = EDGE_LOOP ( 'NONE', ( #769, #5593, #4887, #2429 ) ) ;
#4278 = CYLINDRICAL_SURFACE ( 'NONE', #6231, 3.000000000000002665 ) ;
#4279 = LINE ( 'NONE', #8429, #2434 ) ;
#4280 = DIRECTION ( 'NONE',  ( 1.000000000000000000, 0.000000000000000000, 0.000000000000000000 ) ) ;
#4281 = DIRECTION ( 'NONE',  ( 0.000000000000000000, 0.000000000000000000, 1.000000000000000000 ) ) ;
#4282 = B_SPLINE_CURVE_WITH_KNOTS ( 'NONE', 3,
 ( #3651, #549, #4255, #1303, #5073, #9543, #6559, #3577, #2126, #5113, #9478, #1334, #9607, #6528, #5014, #2058, #7274, #7220, #515, #4321, #8839, #3622, #1412, #580, #4348, #489, #5828, #7314, #8799, #9578, #614, #6468, #5733, #5852, #6590, #7343, #1276, #2788 ),
 .UNSPECIFIED., .F., .F.,
 ( 4, 2, 2, 2, 2, 2, 2, 2, 2, 2, 2, 2, 2, 2, 2, 2, 2, 2, 4 ),
 ( 0.000000000000000000, 0.0007973883807057229175, 0.001594776761411445835, 0.002392165142117169511, 0.003189553522822892971, 0.003986941903528616431, 0.004784330284234340758, 0.005581718664940063350, 0.006379107045645786810, 0.006777801235998648539, 0.007176495426351512871, 0.007973883807057189493, 0.008771272187762866115, 0.009568660568468541003, 0.01036604894917421762, 0.01116343732987989251, 0.01156213152023265536, 0.01196082571058541821, 0.01275821409129079820 ),
 .UNSPECIFIED. ) ;
#4283 = VERTEX_POINT ( 'NONE', #1622 ) ;
#4284 = LINE ( 'NONE', #1431, #1746 ) ;
#4285 = ORIENTED_EDGE ( 'NONE', *, *, #5416, .T. ) ;
#4286 = ORIENTED_EDGE ( 'NONE', *, *, #3119, .T. ) ;
#4287 = EDGE_CURVE ( 'NONE', #3420, #2704, #2911, .T. ) ;
#4288 = DIRECTION ( 'NONE',  ( 0.000000000000000000, 0.000000000000000000, 1.000000000000000000 ) ) ;
#4289 = ORIENTED_EDGE ( 'NONE', *, *, #8618, .T. ) ;
#4290 = FACE_OUTER_BOUND ( 'NONE', #6688, .T. ) ;
#4291 = CARTESIAN_POINT ( 'NONE',  ( 128.0000000000005684, 298.0000000000002842, 9.000000000000007105 ) ) ;
#4292 = CYLINDRICAL_SURFACE ( 'NONE', #8727, 3.000000000000002665 ) ;
#4293 = DIRECTION ( 'NONE',  ( 1.000000000000000000, 0.000000000000000000, 0.000000000000000000 ) ) ;
#4294 = ORIENTED_EDGE ( 'NONE', *, *, #3919, .T. ) ;
#4295 = CIRCLE ( 'NONE', #8177, 2.500000000000002220 ) ;
#4296 = AXIS2_PLACEMENT_3D ( 'NONE', #6996, #1804, #4687 ) ;
#4297 = ORIENTED_EDGE ( 'NONE', *, *, #5401, .F. ) ;
#4298 = ADVANCED_FACE ( 'NONE', ( #1391 ), #2482, .F. ) ;
#4299 = ORIENTED_EDGE ( 'NONE', *, *, #9221, .T. ) ;
#4300 = DIRECTION ( 'NONE',  ( -1.000000000000000000, 0.000000000000000000, 0.000000000000000000 ) ) ;
#4301 = DIRECTION ( 'NONE',  ( -1.000000000000000000, -9.860761315262647568E-32, -4.440892098500629120E-16 ) ) ;
#4302 = VERTEX_POINT ( 'NONE', #9100 ) ;
#4303 = FACE_OUTER_BOUND ( 'NONE', #6377, .T. ) ;
#4304 = DIRECTION ( 'NONE',  ( 1.000000000000000000, 0.000000000000000000, 0.000000000000000000 ) ) ;
#4305 = CARTESIAN_POINT ( 'NONE',  ( 742.4999999999998863, 46.00000000000005684, 7.500000000000062172 ) ) ;
#4306 = EDGE_LOOP ( 'NONE', ( #1766, #1849, #6381, #2159 ) ) ;
#4307 = AXIS2_PLACEMENT_3D ( 'NONE', #5459, #9167, #3190 ) ;
#4308 = CARTESIAN_POINT ( 'NONE',  ( 0.000000000000000000, 0.000000000000000000, 31.00000000000000000 ) ) ;
#4309 = CARTESIAN_POINT ( 'NONE',  ( 8.000000000000007105, 302.0000000000000000, 0.000000000000000000 ) ) ;
#4310 = ADVANCED_FACE ( 'NONE', ( #5694 ), #885, .T. ) ;
#4311 = CARTESIAN_POINT ( 'NONE',  ( 122.0000000000005542, 298.0000000000002842, 9.000000000000007105 ) ) ;
#4312 = ORIENTED_EDGE ( 'NONE', *, *, #4149, .F. ) ;
#4313 = EDGE_CURVE ( 'NONE', #8285, #8590, #3258, .T. ) ;
#4314 = EDGE_CURVE ( 'NONE', #916, #9246, #422, .T. ) ;
#4315 = CARTESIAN_POINT ( 'NONE',  ( 46.00000000000002132, 42.00000000000014921, 15.00000000000001421 ) ) ;
#4316 = FILL_AREA_STYLE ('',( #8761 ) ) ;
#4317 = DIRECTION ( 'NONE',  ( 1.000000000000000000, 0.000000000000000000, 0.000000000000000000 ) ) ;
#4318 = EDGE_CURVE ( 'NONE', #5918, #9444, #7419, .T. ) ;
#4319 = AXIS2_PLACEMENT_3D ( 'NONE', #9126, #4664, #7646 ) ;
#4320 = AXIS2_PLACEMENT_3D ( 'NONE', #8475, #6339, #4745 ) ;
#4321 = CARTESIAN_POINT ( 'NONE',  ( 457.3650736390343354, 298.0331266293242720, 8.030900262627811870 ) ) ;
#4322 = CARTESIAN_POINT ( 'NONE',  ( 152.4999999999999716, 272.0000000000000000, 15.00000000000001421 ) ) ;
#4323 = VERTEX_POINT ( 'NONE', #1765 ) ;
#4324 = PRODUCT ( 'A760250-FONDOSXXMU', 'A760250-FONDOSXXMU', '', ( #1785 ) ) ;
#4325 = DIRECTION ( 'NONE',  ( -1.000000000000000000, 0.000000000000000000, 0.000000000000000000 ) ) ;
#4326 = ORIENTED_EDGE ( 'NONE', *, *, #9326, .T. ) ;
#4327 = VERTEX_POINT ( 'NONE', #4599 ) ;
#4328 = EDGE_CURVE ( 'NONE', #2472, #5642, #5805, .T. ) ;
#4329 = AXIS2_PLACEMENT_3D ( 'NONE', #7341, #8008, #3549 ) ;
#4330 =( NAMED_UNIT ( * ) PLANE_ANGLE_UNIT ( ) SI_UNIT ( $, .RADIAN. ) );
#4331 = CARTESIAN_POINT ( 'NONE',  ( 275.5000000000000000, 47.99999999999998579, 15.00000000000001421 ) ) ;
#4332 = CARTESIAN_POINT ( 'NONE',  ( 0.000000000000000000, 340.0000000000002842, 0.000000000000000000 ) ) ;
#4333 = ORIENTED_EDGE ( 'NONE', *, *, #9095, .T. ) ;
#4334 = DIRECTION ( 'NONE',  ( 0.000000000000000000, 0.000000000000000000, 1.000000000000000000 ) ) ;
#4335 = ORIENTED_EDGE ( 'NONE', *, *, #9014, .T. ) ;
#4336 = DIRECTION ( 'NONE',  ( -0.000000000000000000, 0.000000000000000000, 1.000000000000000000 ) ) ;
#4337 = CARTESIAN_POINT ( 'NONE',  ( 458.0917001862240454, 80.45114572423774746, 10.67152972219203022 ) ) ;
#4338 = AXIS2_PLACEMENT_3D ( 'NONE', #1234, #7852, #4161 ) ;
#4339 = DIRECTION ( 'NONE',  ( 0.000000000000000000, 0.000000000000000000, 1.000000000000000000 ) ) ;
#4340 = CARTESIAN_POINT ( 'NONE',  ( 458.3883117758932713, 303.3126606079629823, -3.712547357013617155 ) ) ;
#4341 = CYLINDRICAL_SURFACE ( 'NONE', #1953, 4.000000000000003553 ) ;
#4342 = DIRECTION ( 'NONE',  ( -0.000000000000000000, -0.000000000000000000, -1.000000000000000000 ) ) ;
#4343 = VERTEX_POINT ( 'NONE', #5424 ) ;
#4344 = DIRECTION ( 'NONE',  ( 0.000000000000000000, 0.000000000000000000, -1.000000000000000000 ) ) ;
#4345 = UNCERTAINTY_MEASURE_WITH_UNIT (LENGTH_MEASURE( 1.000000000000000082E-05 ), #6165, 'distance_accuracy_value', 'NONE');
#4346 = VERTEX_POINT ( 'NONE', #847 ) ;
#4347 = AXIS2_PLACEMENT_3D ( 'NONE', #5532, #2466, #2424 ) ;
#4348 = CARTESIAN_POINT ( 'NONE',  ( 457.6540158402143561, 298.5359054567076100, 9.516660286410660419 ) ) ;
#4349 = CARTESIAN_POINT ( 'NONE',  ( 674.0000000000010232, 36.00000000000014211, 9.000000000000007105 ) ) ;
#4350 = LINE ( 'NONE', #4650, #9258 ) ;
#4351 = EDGE_CURVE ( 'NONE', #5153, #200, #5114, .T. ) ;
#4352 = CARTESIAN_POINT ( 'NONE',  ( 40.00000000000003553, 78.00000000000001421, 7.499999999999951150 ) ) ;
#4353 = LINE ( 'NONE', #7795, #8293 ) ;
#4354 = EDGE_LOOP ( 'NONE', ( #7663, #2187, #5116, #544 ) ) ;
#4355 = DIRECTION ( 'NONE',  ( 0.000000000000000000, 0.000000000000000000, 1.000000000000000000 ) ) ;
#4356 = AXIS2_PLACEMENT_3D ( 'NONE', #1351, #8075, #3662 ) ;
#4357 = DIRECTION ( 'NONE',  ( 1.000000000000000000, 0.000000000000000000, 0.000000000000000000 ) ) ;
#4358 = ADVANCED_FACE ( 'NONE', ( #2203 ), #7194, .F. ) ;
#4359 = CARTESIAN_POINT ( 'NONE',  ( 40.00000000000003553, 302.0000000000000000, -7.499999999999840128 ) ) ;
#4360 = VERTEX_POINT ( 'NONE', #2376 ) ;
#4361 = LINE ( 'NONE', #490, #6687 ) ;
#4362 = DIRECTION ( 'NONE',  ( -1.000000000000000000, 0.000000000000000000, 4.041334437186268961E-17 ) ) ;
#4363 = CARTESIAN_POINT ( 'NONE',  ( 85.50000000000052580, 266.0000000000003411, 15.00000000000001421 ) ) ;
#4364 = AXIS2_PLACEMENT_3D ( 'NONE', #3330, #212, #3206 ) ;
#4365 = ORIENTED_EDGE ( 'NONE', *, *, #1858, .F. ) ;
#4366 = DIRECTION ( 'NONE',  ( -1.000000000000000000, 0.000000000000000000, 0.000000000000000000 ) ) ;
#4367 = LINE ( 'NONE', #8888, #2410 ) ;
#4368 = EDGE_CURVE ( 'NONE', #777, #2100, #4067, .T. ) ;
#4369 = DIRECTION ( 'NONE',  ( 0.000000000000000000, 0.000000000000000000, -1.000000000000000000 ) ) ;
#4370 = CARTESIAN_POINT ( 'NONE',  ( 445.0000000000000000, 78.00000000000001421, -11.49999999999984723 ) ) ;
#4371 = LINE ( 'NONE', #9275, #8784 ) ;
#4372 = EDGE_CURVE ( 'NONE', #1317, #6406, #7880, .T. ) ;
#4373 = CARTESIAN_POINT ( 'NONE',  ( 458.4299434818552754, 79.05546962363426644, 11.36730770653020883 ) ) ;
#4374 = DIRECTION ( 'NONE',  ( -0.000000000000000000, -0.000000000000000000, -1.000000000000000000 ) ) ;
#4375 = DIRECTION ( 'NONE',  ( -0.000000000000000000, 0.000000000000000000, 1.000000000000000000 ) ) ;
#4376 = VECTOR ( 'NONE', #8745, 1000.000000000000000 ) ;
#4377 = DIRECTION ( 'NONE',  ( 0.000000000000000000, 0.000000000000000000, 1.000000000000000000 ) ) ;
#4378 = PRODUCT_CONTEXT ( 'NONE', #1235, 'mechanical' ) ;
#4379 = VECTOR ( 'NONE', #6076, 1000.000000000000000 ) ;
#4380 = CIRCLE ( 'NONE', #1187, 2.500000000000002220 ) ;
#4381 = FACE_OUTER_BOUND ( 'NONE', #1599, .T. ) ;
#4382 = CARTESIAN_POINT ( 'NONE',  ( 216.4999999999999716, 272.0000000000000000, 15.00000000000001421 ) ) ;
#4383 = ORIENTED_EDGE ( 'NONE', *, *, #5093, .F. ) ;
#4384 = CYLINDRICAL_SURFACE ( 'NONE', #5278, 2.500000000000002220 ) ;
#4385 = AXIS2_PLACEMENT_3D ( 'NONE', #552, #6415, #1943 ) ;
#4386 = VERTEX_POINT ( 'NONE', #1789 ) ;
#4387 = AXIS2_PLACEMENT_3D ( 'NONE', #805, #7328, #8251 ) ;
#4388 = VERTEX_POINT ( 'NONE', #4053 ) ;
#4389 = VECTOR ( 'NONE', #6538, 1000.000000000000114 ) ;
#4390 = FACE_OUTER_BOUND ( 'NONE', #6860, .T. ) ;
#4391 = CARTESIAN_POINT ( 'NONE',  ( 0.000000000000000000, 0.000000000000000000, 15.00000000000001421 ) ) ;
#4392 = EDGE_LOOP ( 'NONE', ( #6633, #4993 ) ) ;
#4393 = DIRECTION ( 'NONE',  ( -4.440892098500626162E-16, 6.938893903907225296E-18, -1.000000000000000000 ) ) ;
#4394 = DIRECTION ( 'NONE',  ( 0.000000000000000000, 0.000000000000000000, -1.000000000000000000 ) ) ;
#4395 = EDGE_LOOP ( 'NONE', ( #9049, #1997, #1162, #8107 ) ) ;
#4396 = CARTESIAN_POINT ( 'NONE',  ( -5.551115123125782702E-14, 336.0000000000000568, 3.999999999999892530 ) ) ;
#4397 = ORIENTED_EDGE ( 'NONE', *, *, #3648, .F. ) ;
#4398 = VECTOR ( 'NONE', #1719, 1000.000000000000114 ) ;
#4399 = EDGE_CURVE ( 'NONE', #2518, #4323, #3944, .T. ) ;
#4400 = CARTESIAN_POINT ( 'NONE',  ( 794.5000000000000000, 78.00000000000001421, 15.00000000000001421 ) ) ;
#4401 = DIRECTION ( 'NONE',  ( -4.440892098500626162E-16, 6.938893903907225296E-18, -1.000000000000000000 ) ) ;
#4402 = ORIENTED_EDGE ( 'NONE', *, *, #9384, .F. ) ;
#4403 = FACE_OUTER_BOUND ( 'NONE', #3580, .T. ) ;
#4404 = CARTESIAN_POINT ( 'NONE',  ( 457.6538778094337090, 81.46435572695713745, 9.516200785132561180 ) ) ;
#4405 = EDGE_LOOP ( 'NONE', ( #1987, #4241, #9297, #1160 ) ) ;
#4406 = EDGE_LOOP ( 'NONE', ( #5825, #9055 ) ) ;
#4407 = EDGE_LOOP ( 'NONE', ( #4061, #2715, #7892, #7599 ) ) ;
#4408 = PLANE ( 'NONE',  #2481 ) ;
#4409 = ADVANCED_FACE ( 'NONE', ( #6850 ), #3603, .F. ) ;
#4410 = CARTESIAN_POINT ( 'NONE',  ( 458.2866928170456617, 303.7928570940028976, -3.914816764090610857 ) ) ;
#4411 = VECTOR ( 'NONE', #4575, 1000.000000000000000 ) ;
#4412 = CARTESIAN_POINT ( 'NONE',  ( 792.0000000000000000, 301.9999999999999432, 0.000000000000000000 ) ) ;
#4413 = CARTESIAN_POINT ( 'NONE',  ( 742.4999999999998863, 46.00000000000005684, 7.500000000000062172 ) ) ;
#4414 = EDGE_CURVE ( 'NONE', #1496, #4708, #1981, .T. ) ;
#4415 = ORIENTED_EDGE ( 'NONE', *, *, #2662, .F. ) ;
#4416 = AXIS2_PLACEMENT_3D ( 'NONE', #2370, #6840, #7551 ) ;
#4417 = ORIENTED_EDGE ( 'NONE', *, *, #7482, .T. ) ;
#4418 = ORIENTED_EDGE ( 'NONE', *, *, #5522, .T. ) ;
#4419 = CARTESIAN_POINT ( 'NONE',  ( 108.2035941074868930, -6.907806440147400806E-18, 31.00000000000000000 ) ) ;
#4420 = PLANE ( 'NONE',  #8742 ) ;
#4421 = PLANE ( 'NONE',  #8363 ) ;
#4422 = CYLINDRICAL_SURFACE ( 'NONE', #8851, 2.500000000000002220 ) ;
#4423 = CARTESIAN_POINT ( 'NONE',  ( 0.000000000000000000, 0.000000000000000000, 15.00000000000001421 ) ) ;
#4424 = AXIS2_PLACEMENT_3D ( 'NONE', #9143, #3201, #3998 ) ;
#4425 = ORIENTED_EDGE ( 'NONE', *, *, #5654, .F. ) ;
#4426 = VERTEX_POINT ( 'NONE', #4018 ) ;
#4427 = CARTESIAN_POINT ( 'NONE',  ( 451.9999999999999432, 288.0000000000000568, 4.000000000000003553 ) ) ;
#4428 = DIRECTION ( 'NONE',  ( 0.000000000000000000, 0.000000000000000000, 1.000000000000000000 ) ) ;
#4429 = EDGE_LOOP ( 'NONE', ( #7673, #9550 ) ) ;
#4430 = DIRECTION ( 'NONE',  ( -1.000000000000000000, 0.000000000000000000, 0.000000000000000000 ) ) ;
#4431 = DIRECTION ( 'NONE',  ( 1.000000000000000000, 0.000000000000000000, 0.000000000000000000 ) ) ;
#4432 = CARTESIAN_POINT ( 'NONE',  ( 457.4719811109524130, 81.79170746195460140, 6.199188799058488186 ) ) ;
#4433 = ORIENTED_EDGE ( 'NONE', *, *, #1106, .T. ) ;
#4434 = DIRECTION ( 'NONE',  ( -1.000000000000000000, 0.000000000000000000, 0.000000000000000000 ) ) ;
#4435 = CARTESIAN_POINT ( 'NONE',  ( 674.0000000000010232, 298.0000000000004547, 15.00000000000001421 ) ) ;
#4436 = EDGE_CURVE ( 'NONE', #6751, #380, #9311, .T. ) ;
#4437 = CARTESIAN_POINT ( 'NONE',  ( 128.0000000000003411, 41.99999999999997868, 15.00000000000001421 ) ) ;
#4438 = ORIENTED_EDGE ( 'NONE', *, *, #4557, .F. ) ;
#4439 = CARTESIAN_POINT ( 'NONE',  ( 800.0000000000000000, 380.0000000000000000, 15.00000000000001421 ) ) ;
#4440 = EDGE_CURVE ( 'NONE', #6713, #1136, #4634, .T. ) ;
#4441 = ORIENTED_EDGE ( 'NONE', *, *, #5338, .T. ) ;
#4442 =( GEOMETRIC_REPRESENTATION_CONTEXT ( 3 ) GLOBAL_UNCERTAINTY_ASSIGNED_CONTEXT ( ( #881 ) ) GLOBAL_UNIT_ASSIGNED_CONTEXT ( ( #5634, #1178, #3326 ) ) REPRESENTATION_CONTEXT ( 'NONE', 'WORKASPACE' ) );
#4443 = EDGE_LOOP ( 'NONE', ( #6892, #5396, #373, #6283 ) ) ;
#4444 = CARTESIAN_POINT ( 'NONE',  ( 451.9999999999998863, 380.0000000000000000, 2.220446049250313081E-13 ) ) ;
#4445 = AXIS2_PLACEMENT_3D ( 'NONE', #1231, #7236, #7936 ) ;
#4446 = CARTESIAN_POINT ( 'NONE',  ( 8.000000000000007105, 302.0000000000000000, 15.00000000000001421 ) ) ;
#4447 = ORIENTED_EDGE ( 'NONE', *, *, #435, .T. ) ;
#4448 = CARTESIAN_POINT ( 'NONE',  ( 0.000000000000000000, 302.0000000000000000, 7.499999999999951150 ) ) ;
#4449 = VERTEX_POINT ( 'NONE', #4866 ) ;
#4450 = DIRECTION ( 'NONE',  ( -0.000000000000000000, -0.000000000000000000, -1.000000000000000000 ) ) ;
#4451 = ORIENTED_EDGE ( 'NONE', *, *, #8537, .T. ) ;
#4452 = ADVANCED_FACE ( 'NONE', ( #7996 ), #9184, .F. ) ;
#4453 = DIRECTION ( 'NONE',  ( 1.000000000000000000, 0.000000000000000000, 0.000000000000000000 ) ) ;
#4454 = ORIENTED_EDGE ( 'NONE', *, *, #2843, .T. ) ;
#4455 = EDGE_CURVE ( 'NONE', #8064, #6713, #5222, .T. ) ;
#4456 = AXIS2_PLACEMENT_3D ( 'NONE', #379, #4829, #1165 ) ;
#4457 = CARTESIAN_POINT ( 'NONE',  ( 800.0000000000000000, 0.000000000000000000, 15.00000000000001421 ) ) ;
#4458 = VERTEX_POINT ( 'NONE', #7108 ) ;
#4459 = DIRECTION ( 'NONE',  ( 4.440892098500626162E-16, -6.938893903907225296E-18, 1.000000000000000000 ) ) ;
#4460 = VECTOR ( 'NONE', #3224, 1000.000000000000000 ) ;
#4461 = DIRECTION ( 'NONE',  ( -0.000000000000000000, -0.000000000000000000, -1.000000000000000000 ) ) ;
#4462 = CIRCLE ( 'NONE', #2262, 3.000000000000002665 ) ;
#4463 = EDGE_LOOP ( 'NONE', ( #7647, #3108, #8768, #5813 ) ) ;
#4464 = CARTESIAN_POINT ( 'NONE',  ( 485.0000000000000000, 302.0000000000000000, 11.49999999999995737 ) ) ;
#4465 = CARTESIAN_POINT ( 'NONE',  ( 0.000000000000000000, 0.000000000000000000, 2.000000000000001776 ) ) ;
#4466 = CARTESIAN_POINT ( 'NONE',  ( 1.163414459189985485E-15, 190.0000000000000000, 9.500000000000000000 ) ) ;
#4467 = UNCERTAINTY_MEASURE_WITH_UNIT (LENGTH_MEASURE( 1.000000000000000082E-05 ), #81, 'distance_accuracy_value', 'NONE');
#4468 = EDGE_LOOP ( 'NONE', ( #2498, #6413 ) ) ;
#4469 = AXIS2_PLACEMENT_3D ( 'NONE', #7210, #2773, #3397 ) ;
#4470 = CARTESIAN_POINT ( 'NONE',  ( 0.000000000000000000, 0.000000000000000000, 3.999999999999892530 ) ) ;
#4471 = CARTESIAN_POINT ( 'NONE',  ( 450.9999999999999432, 302.0000000000000000, -15.00000000000012434 ) ) ;
#4472 = CARTESIAN_POINT ( 'NONE',  ( 767.4999999999998863, 46.00000000000005684, 4.500000000000061284 ) ) ;
#4473 = FACE_OUTER_BOUND ( 'NONE', #9479, .T. ) ;
#4474 = ORIENTED_EDGE ( 'NONE', *, *, #1395, .F. ) ;
#4475 = LINE ( 'NONE', #6187, #4014 ) ;
#4476 = LINE ( 'NONE', #5427, #6457 ) ;
#4477 = ORIENTED_EDGE ( 'NONE', *, *, #5669, .T. ) ;
#4478 = PRODUCT_DEFINITION_CONTEXT ( 'detailed design', #7703, 'design' ) ;
#4479 = AXIS2_PLACEMENT_3D ( 'NONE', #1597, #1541, #4486 ) ;
#4480 = DIRECTION ( 'NONE',  ( -1.000000000000000000, 0.000000000000000000, 0.000000000000000000 ) ) ;
#4481 = DIRECTION ( 'NONE',  ( -4.440892098500626162E-16, 6.938893903907225296E-18, -1.000000000000000000 ) ) ;
#4482 = DIRECTION ( 'NONE',  ( 0.000000000000000000, 0.000000000000000000, 1.000000000000000000 ) ) ;
#4483 = DIRECTION ( 'NONE',  ( 1.000000000000000000, 0.000000000000000000, 0.000000000000000000 ) ) ;
#4484 = CYLINDRICAL_SURFACE ( 'NONE', #9582, 3.000000000000004441 ) ;
#4485 = AXIS2_PLACEMENT_3D ( 'NONE', #9659, #5261, #775 ) ;
#4486 = DIRECTION ( 'NONE',  ( 0.000000000000000000, 0.000000000000000000, 1.000000000000000000 ) ) ;
#4487 = LINE ( 'NONE', #6463, #500 ) ;
#4488 = CIRCLE ( 'NONE', #439, 2.500000000000002220 ) ;
#4489 = AXIS2_PLACEMENT_3D ( 'NONE', #30, #7435, #686 ) ;
#4490 = CIRCLE ( 'NONE', #9172, 2.500000000000002220 ) ;
#4491 = CYLINDRICAL_SURFACE ( 'NONE', #6472, 4.000000000000003553 ) ;
#4492 = CARTESIAN_POINT ( 'NONE',  ( 213.9999999999999716, 47.99999999999998579, -15.00000000000012434 ) ) ;
#4493 = EDGE_CURVE ( 'NONE', #488, #3814, #2095, .T. ) ;
#4494 = LINE ( 'NONE', #7701, #4037 ) ;
#4495 = DIRECTION ( 'NONE',  ( 0.000000000000000000, 0.000000000000000000, 1.000000000000000000 ) ) ;
#4496 = DIRECTION ( 'NONE',  ( 1.000000000000000000, 0.000000000000000000, 0.000000000000000000 ) ) ;
#4497 = VECTOR ( 'NONE', #6506, 1000.000000000000000 ) ;
#4498 = EDGE_CURVE ( 'NONE', #7639, #2031, #3716, .T. ) ;
#4499 = ORIENTED_EDGE ( 'NONE', *, *, #2666, .T. ) ;
#4500 = CYLINDRICAL_SURFACE ( 'NONE', #6857, 3.000000000000002665 ) ;
#4501 = AXIS2_PLACEMENT_3D ( 'NONE', #1306, #8741, #5831 ) ;
#4502 = VECTOR ( 'NONE', #878, 1000.000000000000000 ) ;
#4503 = SURFACE_STYLE_USAGE ( .BOTH. , #4567 ) ;
#4504 = ADVANCED_FACE ( 'NONE', ( #2693 ), #8587, .F. ) ;
#4505 = AXIS2_PLACEMENT_3D ( 'NONE', #1693, #203, #5433 ) ;
#4506 = DIRECTION ( 'NONE',  ( -1.000000000000000000, 0.000000000000000000, 0.000000000000000000 ) ) ;
#4507 = CARTESIAN_POINT ( 'NONE',  ( 674.0000000000010232, 298.0000000000004547, 9.000000000000007105 ) ) ;
#4508 = DIRECTION ( 'NONE',  ( 1.000000000000000000, 0.000000000000000000, 0.000000000000000000 ) ) ;
#4509 = ORIENTED_EDGE ( 'NONE', *, *, #2879, .F. ) ;
#4510 = LINE ( 'NONE', #7808, #2197 ) ;
#4511 = ORIENTED_EDGE ( 'NONE', *, *, #2602, .F. ) ;
#4512 = DIRECTION ( 'NONE',  ( 0.000000000000000000, 0.000000000000000000, 1.000000000000000000 ) ) ;
#4513 = ORIENTED_EDGE ( 'NONE', *, *, #1101, .F. ) ;
#4514 = LINE ( 'NONE', #5749, #4174 ) ;
#4515 = CARTESIAN_POINT ( 'NONE',  ( 375.5000000000000000, 323.0000000000000000, 14.00000000000001243 ) ) ;
#4516 = VECTOR ( 'NONE', #6986, 1000.000000000000000 ) ;
#4517 = PRODUCT_DEFINITION_SHAPE ( 'NONE', 'NONE',  #9691 ) ;
#4518 = PLANE ( 'NONE',  #3051 ) ;
#4519 = CARTESIAN_POINT ( 'NONE',  ( 8.000000000000007105, 78.00000000000001421, 15.00000000000001421 ) ) ;
#4520 = EDGE_CURVE ( 'NONE', #2019, #4919, #9544, .T. ) ;
#4521 = EDGE_LOOP ( 'NONE', ( #6448, #5269, #355, #1631, #7345 ) ) ;
#4522 = VECTOR ( 'NONE', #4827, 1000.000000000000000 ) ;
#4523 = AXIS2_PLACEMENT_3D ( 'NONE', #88, #5281, #3629 ) ;
#4524 = VERTEX_POINT ( 'NONE', #3391 ) ;
#4525 = EDGE_LOOP ( 'NONE', ( #5254, #5928, #6071, #3495 ) ) ;
#4526 = ORIENTED_EDGE ( 'NONE', *, *, #4659, .F. ) ;
#4527 = ORIENTED_EDGE ( 'NONE', *, *, #6243, .T. ) ;
#4528 = LINE ( 'NONE', #8969, #6275 ) ;
#4529 = LINE ( 'NONE', #3240, #2460 ) ;
#4530 = VERTEX_POINT ( 'NONE', #1057 ) ;
#4531 = VECTOR ( 'NONE', #9638, 1000.000000000000000 ) ;
#4532 = DIRECTION ( 'NONE',  ( 1.000000000000000000, 0.000000000000000000, 0.000000000000000000 ) ) ;
#4533 = EDGE_CURVE ( 'NONE', #6152, #4792, #6266, .T. ) ;
#4534 = ORIENTED_EDGE ( 'NONE', *, *, #1273, .T. ) ;
#4535 = ORIENTED_EDGE ( 'NONE', *, *, #131, .T. ) ;
#4536 = AXIS2_PLACEMENT_3D ( 'NONE', #412, #8750, #2114 ) ;
#4537 = DIRECTION ( 'NONE',  ( 1.000000000000000000, 0.000000000000000000, 0.000000000000000000 ) ) ;
#4538 = FACE_OUTER_BOUND ( 'NONE', #9150, .T. ) ;
#4539 = CARTESIAN_POINT ( 'NONE',  ( 789.5000000000001137, 78.00000000000001421, 15.00000000000001421 ) ) ;
#4540 = DIRECTION ( 'NONE',  ( 0.000000000000000000, 0.000000000000000000, 1.000000000000000000 ) ) ;
#4541 = CARTESIAN_POINT ( 'NONE',  ( 436.2089883689056933, 348.1640233375465527, -15.00000000000012434 ) ) ;
#4542 = ORIENTED_EDGE ( 'NONE', *, *, #8341, .T. ) ;
#4543 = CARTESIAN_POINT ( 'NONE',  ( 742.4999999999998863, 13.99999999999999822, 7.500000000000062172 ) ) ;
#4544 = CARTESIAN_POINT ( 'NONE',  ( 46.00000000000004263, 304.0000000000004547, 15.00000000000001421 ) ) ;
#4545 = CARTESIAN_POINT ( 'NONE',  ( 458.4853289147479245, 302.5365885835697100, 11.47267639197876044 ) ) ;
#4546 = EDGE_CURVE ( 'NONE', #7145, #6098, #2317, .T. ) ;
#4547 = CARTESIAN_POINT ( 'NONE',  ( 91.00000000000052580, 170.0000000000001990, 15.00000000000001421 ) ) ;
#4548 = CARTESIAN_POINT ( 'NONE',  ( 280.5000000000000000, 47.99999999999998579, 15.00000000000001421 ) ) ;
#4549 = DIRECTION ( 'NONE',  ( -0.000000000000000000, -0.000000000000000000, 1.000000000000000000 ) ) ;
#4550 = CARTESIAN_POINT ( 'NONE',  ( 4.000000000000000000, 302.0000000000000000, 0.000000000000000000 ) ) ;
#4551 = EDGE_LOOP ( 'NONE', ( #1354, #792, #8736, #9006 ) ) ;
#4552 = DIRECTION ( 'NONE',  ( -0.000000000000000000, 0.000000000000000000, 1.000000000000000000 ) ) ;
#4553 = CARTESIAN_POINT ( 'NONE',  ( 0.000000000000000000, 0.000000000000000000, 0.000000000000000000 ) ) ;
#4554 = DIRECTION ( 'NONE',  ( 1.000000000000000000, 0.000000000000000000, 0.000000000000000000 ) ) ;
#4555 = ORIENTED_EDGE ( 'NONE', *, *, #6433, .T. ) ;
#4556 = ORIENTED_EDGE ( 'NONE', *, *, #5822, .T. ) ;
#4557 = EDGE_CURVE ( 'NONE', #4760, #9666, #8326, .T. ) ;
#4558 = DIRECTION ( 'NONE',  ( 0.000000000000000000, 1.000000000000000000, 0.000000000000000000 ) ) ;
#4559 = CARTESIAN_POINT ( 'NONE',  ( 632.0000000000010232, 170.0000000000001990, 15.00000000000001421 ) ) ;
#4560 = VERTEX_POINT ( 'NONE', #5551 ) ;
#4561 = DIRECTION ( 'NONE',  ( -4.041334437186268961E-17, 0.000000000000000000, -1.000000000000000000 ) ) ;
#4562 = DIRECTION ( 'NONE',  ( 0.000000000000000000, 0.000000000000000000, 1.000000000000000000 ) ) ;
#4563 = EDGE_LOOP ( 'NONE', ( #5467, #4417 ) ) ;
#4564 = ADVANCED_FACE ( 'NONE', ( #8576 ), #4826, .F. ) ;
#4565 = CARTESIAN_POINT ( 'NONE',  ( 211.4999999999999716, 272.0000000000000000, -15.00000000000012434 ) ) ;
#4566 = CARTESIAN_POINT ( 'NONE',  ( 0.000000000000000000, 284.0000000000000568, 4.000000000000003553 ) ) ;
#4567 = SURFACE_SIDE_STYLE ('',( #3400 ) ) ;
#4568 = DIRECTION ( 'NONE',  ( -0.000000000000000000, 0.000000000000000000, 1.000000000000000000 ) ) ;
#4569 = ORIENTED_EDGE ( 'NONE', *, *, #331, .F. ) ;
#4570 = CARTESIAN_POINT ( 'NONE',  ( 0.000000000000000000, 0.000000000000000000, 31.00000000000000000 ) ) ;
#4571 = DIRECTION ( 'NONE',  ( 1.000000000000000000, 0.000000000000000000, 0.000000000000000000 ) ) ;
#4572 = VERTEX_POINT ( 'NONE', #9300 ) ;
#4573 = AXIS2_PLACEMENT_3D ( 'NONE', #6743, #2240, #702 ) ;
#4574 = AXIS2_PLACEMENT_3D ( 'NONE', #9098, #9464, #4304 ) ;
#4575 = DIRECTION ( 'NONE',  ( 1.000000000000000000, 9.860761315262647568E-32, 4.440892098500629120E-16 ) ) ;
#4576 = LINE ( 'NONE', #296, #2514 ) ;
#4577 = CARTESIAN_POINT ( 'NONE',  ( 485.0000000000000000, 78.00000000000001421, -7.499999999999840128 ) ) ;
#4578 = ORIENTED_EDGE ( 'NONE', *, *, #3883, .T. ) ;
#4579 = CARTESIAN_POINT ( 'NONE',  ( 443.4999999999999432, 78.00000000000001421, -15.00000000000012434 ) ) ;
#4580 = CARTESIAN_POINT ( 'NONE',  ( 0.000000000000000000, 380.0000000000000000, 15.00000000000001421 ) ) ;
#4581 = CARTESIAN_POINT ( 'NONE',  ( 84.99999999999997158, 323.0000000000000000, -15.00000000000012434 ) ) ;
#4582 = ORIENTED_EDGE ( 'NONE', *, *, #9501, .T. ) ;
#4583 = CARTESIAN_POINT ( 'NONE',  ( 451.9999999999999432, 288.0000000000000568, 1.110223024625156540E-13 ) ) ;
#4584 = EDGE_CURVE ( 'NONE', #8492, #2467, #303, .T. ) ;
#4585 = LINE ( 'NONE', #2524, #849 ) ;
#4586 = CYLINDRICAL_SURFACE ( 'NONE', #497, 7.500000000000007105 ) ;
#4587 = ORIENTED_EDGE ( 'NONE', *, *, #5141, .F. ) ;
#4588 = DIRECTION ( 'NONE',  ( 9.860761315262643189E-32, 1.000000000000000000, 6.938893903907225296E-18 ) ) ;
#4589 = DIRECTION ( 'NONE',  ( 0.000000000000000000, 0.000000000000000000, 1.000000000000000000 ) ) ;
#4590 = ORIENTED_EDGE ( 'NONE', *, *, #6433, .F. ) ;
#4591 = CARTESIAN_POINT ( 'NONE',  ( 88.00000000000052580, 170.0000000000001990, 0.000000000000000000 ) ) ;
#4592 = CIRCLE ( 'NONE', #2867, 2.500000000000002220 ) ;
#4593 = EDGE_CURVE ( 'NONE', #197, #788, #6727, .T. ) ;
#4594 = LINE ( 'NONE', #104, #3795 ) ;
#4595 = CARTESIAN_POINT ( 'NONE',  ( 674.0000000000010232, 42.00000000000014921, 0.000000000000000000 ) ) ;
#4596 = ORIENTED_EDGE ( 'NONE', *, *, #6113, .F. ) ;
#4597 = AXIS2_PLACEMENT_3D ( 'NONE', #392, #4872, #7842 ) ;
#4598 = PLANE ( 'NONE',  #1978 ) ;
#4599 = CARTESIAN_POINT ( 'NONE',  ( 0.000000000000000000, 320.0000000000000000, 15.00000000000001421 ) ) ;
#4600 = DIRECTION ( 'NONE',  ( -9.860761315262643189E-32, -1.000000000000000000, -6.938893903907225296E-18 ) ) ;
#4601 = PRESENTATION_STYLE_ASSIGNMENT (( #3222 ) ) ;
#4602 = CARTESIAN_POINT ( 'NONE',  ( 769.0000000000000000, 320.0000000000000000, 0.000000000000000000 ) ) ;
#4603 = FACE_OUTER_BOUND ( 'NONE', #3728, .T. ) ;
#4604 = FACE_OUTER_BOUND ( 'NONE', #1814, .T. ) ;
#4605 = CARTESIAN_POINT ( 'NONE',  ( 0.000000000000000000, 340.0000000000002842, 15.00000000000001421 ) ) ;
#4606 = CIRCLE ( 'NONE', #1664, 4.000000000000003553 ) ;
#4607 = CARTESIAN_POINT ( 'NONE',  ( 458.4999999999999432, 302.0000000000000000, 15.00000000000001421 ) ) ;
#4608 = ADVANCED_FACE ( 'NONE', ( #7300 ), #6379, .F. ) ;
#4609 = DIRECTION ( 'NONE',  ( 9.860761315262643189E-32, 1.000000000000000000, 6.938893903907225296E-18 ) ) ;
#4610 = CIRCLE ( 'NONE', #7000, 6.000000000000012434 ) ;
#4611 = FACE_OUTER_BOUND ( 'NONE', #1409, .T. ) ;
#4612 = LINE ( 'NONE', #443, #2669 ) ;
#4613 = VERTEX_POINT ( 'NONE', #8628 ) ;
#4614 = FACE_BOUND ( 'NONE', #5111, .T. ) ;
#4615 = ORIENTED_EDGE ( 'NONE', *, *, #8717, .F. ) ;
#4616 = EDGE_LOOP ( 'NONE', ( #5571, #8168 ) ) ;
#4617 = VECTOR ( 'NONE', #4393, 1000.000000000000000 ) ;
#4618 = DIRECTION ( 'NONE',  ( 0.000000000000000000, 0.000000000000000000, -1.000000000000000000 ) ) ;
#4619 = VECTOR ( 'NONE', #4837, 1000.000000000000000 ) ;
#4620 = EDGE_CURVE ( 'NONE', #6342, #471, #6600, .T. ) ;
#4621 = EDGE_CURVE ( 'NONE', #8035, #5480, #3590, .T. ) ;
#4622 = DIRECTION ( 'NONE',  ( -1.000000000000000000, 6.384082245258276637E-20, 0.000000000000000000 ) ) ;
#4623 = ORIENTED_EDGE ( 'NONE', *, *, #6314, .F. ) ;
#4624 = DIRECTION ( 'NONE',  ( 4.440892098500626162E-16, -6.938893903907225296E-18, 1.000000000000000000 ) ) ;
#4625 = EDGE_CURVE ( 'NONE', #7256, #3937, #7983, .T. ) ;
#4626 = VERTEX_POINT ( 'NONE', #3446 ) ;
#4627 = APPLICATION_PROTOCOL_DEFINITION ( 'draft international standard', 'automotive_design', 1998, #221 ) ;
#4628 = AXIS2_PLACEMENT_3D ( 'NONE', #7034, #1449, #3559 ) ;
#4629 = ORIENTED_EDGE ( 'NONE', *, *, #4314, .T. ) ;
#4630 = DIRECTION ( 'NONE',  ( 0.000000000000000000, -0.000000000000000000, 1.000000000000000000 ) ) ;
#4631 = ORIENTED_EDGE ( 'NONE', *, *, #4227, .F. ) ;
#4632 = CIRCLE ( 'NONE', #4921, 2.500000000000002220 ) ;
#4633 = DIRECTION ( 'NONE',  ( 4.440892098500629120E-16, 6.938893903907225296E-18, -1.000000000000000000 ) ) ;
#4634 = LINE ( 'NONE', #5594, #1500 ) ;
#4635 = CARTESIAN_POINT ( 'NONE',  ( 457.3441915583384230, 297.9998458147801443, -7.628838827406007717 ) ) ;
#4636 = CARTESIAN_POINT ( 'NONE',  ( 0.000000000000000000, 302.0000000000000000, -4.499999999999836575 ) ) ;
#4637 = UNCERTAINTY_MEASURE_WITH_UNIT (LENGTH_MEASURE( 1.000000000000000082E-05 ), #9205, 'distance_accuracy_value', 'NONE');
#4638 = SHAPE_DEFINITION_REPRESENTATION ( #7441, #8277 ) ;
#4639 = DIRECTION ( 'NONE',  ( 1.000000000000000000, 0.000000000000000000, 0.000000000000000000 ) ) ;
#4640 = ORIENTED_EDGE ( 'NONE', *, *, #6243, .F. ) ;
#4641 = DIRECTION ( 'NONE',  ( -1.000000000000000000, 0.000000000000000000, 0.000000000000000000 ) ) ;
#4642 = EDGE_LOOP ( 'NONE', ( #2363, #2509, #1874, #1274 ) ) ;
#4643 = VERTEX_POINT ( 'NONE', #4741 ) ;
#4644 = ORIENTED_EDGE ( 'NONE', *, *, #7854, .T. ) ;
#4645 = DIRECTION ( 'NONE',  ( 1.000000000000000000, 0.000000000000000000, 0.000000000000000000 ) ) ;
#4646 = CARTESIAN_POINT ( 'NONE',  ( 458.0913089723237590, 75.54758241636785954, 4.329310456764950743 ) ) ;
#4647 = VECTOR ( 'NONE', #66, 1000.000000000000000 ) ;
#4648 = CARTESIAN_POINT ( 'NONE',  ( 275.5000000000000000, 47.99999999999998579, 15.00000000000001421 ) ) ;
#4649 = EDGE_CURVE ( 'NONE', #3071, #6869, #1264, .T. ) ;
#4650 = CARTESIAN_POINT ( 'NONE',  ( 451.9999999999999432, 48.00000000000004263, 4.000000000000114575 ) ) ;
#4651 = AXIS2_PLACEMENT_3D ( 'NONE', #3793, #4495, #6710 ) ;
#4652 = ORIENTED_EDGE ( 'NONE', *, *, #2125, .F. ) ;
#4653 = VECTOR ( 'NONE', #846, 1000.000000000000000 ) ;
#4654 = EDGE_LOOP ( 'NONE', ( #5378, #4117, #703, #6903 ) ) ;
#4655 = DIRECTION ( 'NONE',  ( 0.000000000000000000, 0.000000000000000000, -1.000000000000000000 ) ) ;
#4656 = EDGE_LOOP ( 'NONE', ( #3086, #4903, #6777, #9226 ) ) ;
#4657 = CARTESIAN_POINT ( 'NONE',  ( 373.0000000000000000, 323.0000000000000000, -14.00000000000001243 ) ) ;
#4658 = PLANE ( 'NONE',  #5759 ) ;
#4659 = EDGE_CURVE ( 'NONE', #4186, #6316, #9302, .T. ) ;
#4660 = VERTEX_POINT ( 'NONE', #353 ) ;
#4661 = CARTESIAN_POINT ( 'NONE',  ( 680.0000000000010232, 42.00000000000014921, 15.00000000000001421 ) ) ;
#4662 = AXIS2_PLACEMENT_3D ( 'NONE', #9031, #4571, #2411 ) ;
#4663 = EDGE_LOOP ( 'NONE', ( #8853, #5628 ) ) ;
#4664 = DIRECTION ( 'NONE',  ( 1.000000000000000000, 0.000000000000000000, 0.000000000000000000 ) ) ;
#4665 = ADVANCED_FACE ( 'NONE', ( #897 ), #4055, .F. ) ;
#4666 = DIRECTION ( 'NONE',  ( -0.000000000000000000, 0.000000000000000000, 1.000000000000000000 ) ) ;
#4667 = APPLICATION_PROTOCOL_DEFINITION ( 'draft international standard', 'automotive_design', 1998, #4728 ) ;
#4668 = AXIS2_PLACEMENT_3D ( 'NONE', #2672, #7103, #4769 ) ;
#4669 = DIRECTION ( 'NONE',  ( 0.000000000000000000, -1.000000000000000000, 0.000000000000000000 ) ) ;
#4670 = VERTEX_POINT ( 'NONE', #1062 ) ;
#4671 = DIRECTION ( 'NONE',  ( 0.000000000000000000, 0.000000000000000000, 1.000000000000000000 ) ) ;
#4672 = CARTESIAN_POINT ( 'NONE',  ( 457.8708435967878927, 305.0132678517660452, 4.856891459867815009 ) ) ;
#4673 = EDGE_CURVE ( 'NONE', #975, #3366, #411, .T. ) ;
#4674 = CARTESIAN_POINT ( 'NONE',  ( 128.3472685080715507, 190.0000000000000000, 21.50000000000000000 ) ) ;
#4675 = AXIS2_PLACEMENT_3D ( 'NONE', #5906, #5063, #6618 ) ;
#4676 = ORIENTED_EDGE ( 'NONE', *, *, #34, .F. ) ;
#4677 = DIRECTION ( 'NONE',  ( 0.000000000000000000, 0.000000000000000000, 1.000000000000000000 ) ) ;
#4678 = ORIENTED_EDGE ( 'NONE', *, *, #8645, .T. ) ;
#4679 = DIRECTION ( 'NONE',  ( -9.345988730335148917E-18, -1.000000000000000000, -6.938893903907225296E-18 ) ) ;
#4680 = ORIENTED_EDGE ( 'NONE', *, *, #4167, .F. ) ;
#4681 = AXIS2_PLACEMENT_3D ( 'NONE', #1589, #934, #4677 ) ;
#4682 = CARTESIAN_POINT ( 'NONE',  ( 0.000000000000000000, 13.99999999999999822, 7.500000000000062172 ) ) ;
#4683 = ORIENTED_EDGE ( 'NONE', *, *, #9326, .F. ) ;
#4684 = CARTESIAN_POINT ( 'NONE',  ( 40.00000000000003553, 78.00000000000001421, 7.499999999999951150 ) ) ;
#4685 = EDGE_LOOP ( 'NONE', ( #9087, #3386, #3165, #3251 ) ) ;
#4686 = EDGE_CURVE ( 'NONE', #4360, #6311, #5333, .T. ) ;
#4687 = DIRECTION ( 'NONE',  ( 1.000000000000000000, 9.860761315262647568E-32, 4.440892098500629120E-16 ) ) ;
#4688 = ORIENTED_EDGE ( 'NONE', *, *, #94, .F. ) ;
#4689 = VERTEX_POINT ( 'NONE', #6337 ) ;
#4690 = EDGE_CURVE ( 'NONE', #4708, #1865, #6028, .T. ) ;
#4691 = DIRECTION ( 'NONE',  ( 0.000000000000000000, 0.000000000000000000, -1.000000000000000000 ) ) ;
#4692 = DIRECTION ( 'NONE',  ( 0.000000000000000000, 0.000000000000000000, 1.000000000000000000 ) ) ;
#4693 = ADVANCED_FACE ( 'NONE', ( #2194 ), #2569, .F. ) ;
#4694 = ORIENTED_EDGE ( 'NONE', *, *, #7029, .F. ) ;
#4695 = APPLICATION_PROTOCOL_DEFINITION ( 'draft international standard', 'automotive_design', 1998, #7703 ) ;
#4696 = ORIENTED_EDGE ( 'NONE', *, *, #5375, .F. ) ;
#4697 = DIRECTION ( 'NONE',  ( 9.860761315262643189E-32, 1.000000000000000000, 6.938893903907225296E-18 ) ) ;
#4698 = CARTESIAN_POINT ( 'NONE',  ( 0.000000000000000000, 0.000000000000000000, 0.000000000000000000 ) ) ;
#4699 = CARTESIAN_POINT ( 'NONE',  ( 458.0183263918112289, 299.3483637454767745, -4.494287997055294248 ) ) ;
#4700 = CARTESIAN_POINT ( 'NONE',  ( 451.9999999999998863, 336.0000000000000568, 2.220446049250313081E-13 ) ) ;
#4701 = EDGE_LOOP ( 'NONE', ( #7408, #4873, #7428, #4195, #4163, #7754, #7027, #3180 ) ) ;
#4702 = CARTESIAN_POINT ( 'NONE',  ( 451.9999999999998863, 335.9999999999999432, 4.000000000000114575 ) ) ;
#4703 = EDGE_CURVE ( 'NONE', #5883, #1604, #6135, .T. ) ;
#4704 = AXIS2_PLACEMENT_3D ( 'NONE', #8297, #857, #9038 ) ;
#4705 = PRODUCT_DEFINITION ( 'UNKNOWN', '', #2043, #5422 ) ;
#4706 = VERTEX_POINT ( 'NONE', #6303 ) ;
#4707 = PLANE ( 'NONE',  #3203 ) ;
#4708 = VERTEX_POINT ( 'NONE', #6950 ) ;
#4709 = ADVANCED_FACE ( 'NONE', ( #4390 ), #5574, .F. ) ;
#4710 = DIRECTION ( 'NONE',  ( -4.440892098500626162E-16, 6.938893903907225296E-18, -1.000000000000000000 ) ) ;
#4711 = FACE_OUTER_BOUND ( 'NONE', #2758, .T. ) ;
#4712 = ORIENTED_EDGE ( 'NONE', *, *, #2476, .F. ) ;
#4713 = FACE_OUTER_BOUND ( 'NONE', #3676, .T. ) ;
#4714 = LINE ( 'NONE', #50, #2761 ) ;
#4715 = DIRECTION ( 'NONE',  ( 1.000000000000000000, 9.860761315262647568E-32, 4.440892098500629120E-16 ) ) ;
#4716 = ORIENTED_EDGE ( 'NONE', *, *, #1558, .F. ) ;
#4717 = DIRECTION ( 'NONE',  ( -1.000000000000000000, 0.000000000000000000, 0.000000000000000000 ) ) ;
#4718 = EDGE_CURVE ( 'NONE', #2954, #1627, #4279, .T. ) ;
#4719 = CARTESIAN_POINT ( 'NONE',  ( 485.0000000000000000, 380.0000000000000000, -15.00000000000012434 ) ) ;
#4720 = CIRCLE ( 'NONE', #2051, 2.500000000000002220 ) ;
#4721 = CARTESIAN_POINT ( 'NONE',  ( 213.9999999999999716, 47.99999999999998579, 3.000000000000002665 ) ) ;
#4722 = LINE ( 'NONE', #4349, #2536 ) ;
#4723 = CIRCLE ( 'NONE', #2347, 2.500000000000002220 ) ;
#4724 = CARTESIAN_POINT ( 'NONE',  ( 458.4999999999999432, 78.00000000000001421, 15.00000000000001421 ) ) ;
#4725 = CARTESIAN_POINT ( 'NONE',  ( 84.99999999999997158, 323.0000000000000000, -14.00000000000001243 ) ) ;
#4726 = CYLINDRICAL_SURFACE ( 'NONE', #6000, 4.000000000000023981 ) ;
#4727 = EDGE_CURVE ( 'NONE', #8049, #8643, #2085, .T. ) ;
#4728 = APPLICATION_CONTEXT ( 'automotive_design' ) ;
#4729 = FACE_OUTER_BOUND ( 'NONE', #9362, .T. ) ;
#4730 = CYLINDRICAL_SURFACE ( 'NONE', #1816, 6.000000000000005329 ) ;
#4731 = AXIS2_PLACEMENT_3D ( 'NONE', #2857, #5726, #8564 ) ;
#4732 = CARTESIAN_POINT ( 'NONE',  ( 792.0000000000000000, 302.0000000000000000, 2.000000000000001776 ) ) ;
#4733 = DIRECTION ( 'NONE',  ( 0.000000000000000000, 0.000000000000000000, -1.000000000000000000 ) ) ;
#4734 = DIRECTION ( 'NONE',  ( 0.000000000000000000, 0.000000000000000000, -1.000000000000000000 ) ) ;
#4735 = CARTESIAN_POINT ( 'NONE',  ( 0.000000000000000000, 0.000000000000000000, 0.000000000000000000 ) ) ;
#4736 = VECTOR ( 'NONE', #4967, 1000.000000000000000 ) ;
#4737 = EDGE_LOOP ( 'NONE', ( #6734, #4906, #7567, #3476 ) ) ;
#4738 = AXIS2_PLACEMENT_3D ( 'NONE', #7818, #1933, #4158 ) ;
#4739 = PRESENTATION_STYLE_ASSIGNMENT (( #7286 ) ) ;
#4740 = DIRECTION ( 'NONE',  ( 0.000000000000000000, 0.000000000000000000, -1.000000000000000000 ) ) ;
#4741 = CARTESIAN_POINT ( 'NONE',  ( 598.0000000000010232, 304.0000000000006821, 15.00000000000001421 ) ) ;
#4742 = FACE_OUTER_BOUND ( 'NONE', #1972, .T. ) ;
#4743 = ADVANCED_FACE ( 'NONE', ( #4754 ), #4092, .F. ) ;
#4744 = DIRECTION ( 'NONE',  ( -1.000000000000000000, 0.000000000000000000, 0.000000000000000000 ) ) ;
#4745 = DIRECTION ( 'NONE',  ( -1.000000000000000000, 0.000000000000000000, -4.003208021484936073E-16 ) ) ;
#4746 = DIRECTION ( 'NONE',  ( 0.000000000000000000, 0.000000000000000000, -1.000000000000000000 ) ) ;
#4747 = EDGE_CURVE ( 'NONE', #4792, #4643, #67, .T. ) ;
#4748 = ORIENTED_EDGE ( 'NONE', *, *, #3750, .F. ) ;
#4749 = FACE_OUTER_BOUND ( 'NONE', #4825, .T. ) ;
#4750 = CARTESIAN_POINT ( 'NONE',  ( 632.0000000000010232, 298.0000000000005684, 15.00000000000001421 ) ) ;
#4751 = ORIENTED_EDGE ( 'NONE', *, *, #5389, .T. ) ;
#4752 = ORIENTED_EDGE ( 'NONE', *, *, #9603, .T. ) ;
#4753 = COLOUR_RGB ( '',1.000000000000000000, 1.000000000000000000, 1.000000000000000000 ) ;
#4754 = FACE_OUTER_BOUND ( 'NONE', #2012, .T. ) ;
#4755 = DIRECTION ( 'NONE',  ( 0.000000000000000000, 0.000000000000000000, 1.000000000000000000 ) ) ;
#4756 = VERTEX_POINT ( 'NONE', #5559 ) ;
#4757 = LINE ( 'NONE', #350, #9306 ) ;
#4758 = DIRECTION ( 'NONE',  ( 1.000000000000000000, 0.000000000000000000, 0.000000000000000000 ) ) ;
#4759 = ORIENTED_EDGE ( 'NONE', *, *, #3150, .T. ) ;
#4760 = VERTEX_POINT ( 'NONE', #3995 ) ;
#4761 = ORIENTED_EDGE ( 'NONE', *, *, #1544, .T. ) ;
#4762 = DIRECTION ( 'NONE',  ( 1.000000000000000000, 0.000000000000000000, 0.000000000000000000 ) ) ;
#4763 = EDGE_CURVE ( 'NONE', #9439, #1865, #523, .T. ) ;
#4764 = ORIENTED_EDGE ( 'NONE', *, *, #7915, .T. ) ;
#4765 = FACE_OUTER_BOUND ( 'NONE', #6976, .T. ) ;
#4766 = FACE_OUTER_BOUND ( 'NONE', #8760, .T. ) ;
#4767 = CARTESIAN_POINT ( 'NONE',  ( 788.0000000000000000, 78.00000000000001421, 0.000000000000000000 ) ) ;
#4768 = ADVANCED_FACE ( 'NONE', ( #7756 ), #4166, .F. ) ;
#4769 = DIRECTION ( 'NONE',  ( 1.000000000000000000, 0.000000000000000000, 0.000000000000000000 ) ) ;
#4770 = APPLICATION_CONTEXT ( 'automotive_design' ) ;
#4771 = AXIS2_PLACEMENT_3D ( 'NONE', #5127, #2805, #3536 ) ;
#4772 = ORIENTED_EDGE ( 'NONE', *, *, #5969, .F. ) ;
#4773 = CYLINDRICAL_SURFACE ( 'NONE', #3227, 2.500000000000002220 ) ;
#4774 = CARTESIAN_POINT ( 'NONE',  ( 632.0000000000010232, 42.00000000000014921, 9.000000000000007105 ) ) ;
#4775 =( GEOMETRIC_REPRESENTATION_CONTEXT ( 3 ) GLOBAL_UNCERTAINTY_ASSIGNED_CONTEXT ( ( #4345 ) ) GLOBAL_UNIT_ASSIGNED_CONTEXT ( ( #6165, #8421, #8591 ) ) REPRESENTATION_CONTEXT ( 'NONE', 'WORKASPACE' ) );
#4776 = VERTEX_POINT ( 'NONE', #3541 ) ;
#4777 = ORIENTED_EDGE ( 'NONE', *, *, #9518, .F. ) ;
#4778 = ORIENTED_EDGE ( 'NONE', *, *, #5484, .F. ) ;
#4779 = CARTESIAN_POINT ( 'NONE',  ( 457.8706551132594313, 81.01366669363785888, -10.14259942229797495 ) ) ;
#4780 = CARTESIAN_POINT ( 'NONE',  ( 458.3865322955416559, 300.6940423745236330, -11.28311722838795994 ) ) ;
#4781 = CARTESIAN_POINT ( 'NONE',  ( 628.0000000000010232, 298.0000000000005684, 15.00000000000001421 ) ) ;
#4782 = LINE ( 'NONE', #8864, #2820 ) ;
#4783 = CLOSED_SHELL ( 'NONE', ( #996, #2325, #5192, #4226, #8682, #2923, #7667, #1731, #8350, #6366, #1444, #4665, #623, #5004, #4452, #4083, #5761, #5486, #7530, #2374, #2827, #2639, #7225, #3152, #9002, #8586, #3689, #4177, #6699, #6253, #5741, #4105, #6441, #7799, #974, #4935, #5603, #3439, #5044, #246, #5833, #3309, #8504, #2274, #1344, #7237, #2344, #1404, #2722, #6304, #1999, #5031, #2436, #4899, #7849, #1930, #9643, #3416 ) ) ;
#4784 = CARTESIAN_POINT ( 'NONE',  ( 458.0194444435505829, 75.35130901694935801, 10.50831425655688633 ) ) ;
#4785 = CARTESIAN_POINT ( 'NONE',  ( 0.000000000000000000, 46.00000000000005684, 4.500000000000061284 ) ) ;
#4786 = EDGE_CURVE ( 'NONE', #793, #3129, #3368, .T. ) ;
#4787 = DIRECTION ( 'NONE',  ( 0.000000000000000000, 0.000000000000000000, 1.000000000000000000 ) ) ;
#4788 = PLANE ( 'NONE',  #2314 ) ;
#4789 = ORIENTED_EDGE ( 'NONE', *, *, #1203, .F. ) ;
#4790 = CARTESIAN_POINT ( 'NONE',  ( 796.0000000000000000, 78.00000000000001421, 0.000000000000000000 ) ) ;
#4791 = CARTESIAN_POINT ( 'NONE',  ( 443.4999999999999432, 302.0000000000000000, -15.00000000000012434 ) ) ;
#4792 = VERTEX_POINT ( 'NONE', #5771 ) ;
#4793 = CARTESIAN_POINT ( 'NONE',  ( 792.0000000000000000, 301.9999999999999432, 15.00000000000001421 ) ) ;
#4794 = EDGE_CURVE ( 'NONE', #3814, #488, #5100, .T. ) ;
#4795 = ADVANCED_FACE ( 'NONE', ( #4982 ), #772, .F. ) ;
#4796 = CARTESIAN_POINT ( 'NONE',  ( 0.000000000000000000, 380.0000000000000000, 15.00000000000001421 ) ) ;
#4797 = VERTEX_POINT ( 'NONE', #678 ) ;
#4798 = DIRECTION ( 'NONE',  ( 1.000000000000000000, 0.000000000000000000, 0.000000000000000000 ) ) ;
#4799 = FILL_AREA_STYLE ('',( #5550 ) ) ;
#4800 = ORIENTED_EDGE ( 'NONE', *, *, #7221, .F. ) ;
#4801 = AXIS2_PLACEMENT_3D ( 'NONE', #8144, #3721, #5252 ) ;
#4802 = CARTESIAN_POINT ( 'NONE',  ( 457.8708435967878927, 81.01326785176607359, -4.856891459867711980 ) ) ;
#4803 = DIRECTION ( 'NONE',  ( -1.000000000000000000, 0.000000000000000000, 0.000000000000000000 ) ) ;
#4804 = VERTEX_POINT ( 'NONE', #5843 ) ;
#4805 = DIRECTION ( 'NONE',  ( -1.000000000000000000, -7.304098846218140584E-16, 0.000000000000000000 ) ) ;
#4806 = CARTESIAN_POINT ( 'NONE',  ( 628.0000000000010232, 42.00000000000014921, 9.000000000000007105 ) ) ;
#4807 = ORIENTED_EDGE ( 'NONE', *, *, #6204, .T. ) ;
#4808 = ADVANCED_FACE ( 'NONE', ( #2797 ), #8055, .F. ) ;
#4809 = DIRECTION ( 'NONE',  ( -4.440892098500626162E-16, 6.938893903907225296E-18, -1.000000000000000000 ) ) ;
#4810 = VERTEX_POINT ( 'NONE', #7260 ) ;
#4811 = AXIS2_PLACEMENT_3D ( 'NONE', #9495, #5161, #2080 ) ;
#4812 = DIRECTION ( 'NONE',  ( 0.000000000000000000, 0.000000000000000000, -1.000000000000000000 ) ) ;
#4813 = EDGE_CURVE ( 'NONE', #4810, #6572, #9058, .T. ) ;
#4814 = CIRCLE ( 'NONE', #7592, 3.000000000000002665 ) ;
#4815 = EDGE_CURVE ( 'NONE', #3366, #9358, #5791, .T. ) ;
#4816 = ORIENTED_EDGE ( 'NONE', *, *, #5950, .T. ) ;
#4817 = EDGE_CURVE ( 'NONE', #979, #6152, #3023, .T. ) ;
#4818 = ORIENTED_EDGE ( 'NONE', *, *, #4007, .T. ) ;
#4819 = AXIS2_PLACEMENT_3D ( 'NONE', #8016, #5083, #6567 ) ;
#4820 = DIRECTION ( 'NONE',  ( 1.000000000000000000, 0.000000000000000000, 0.000000000000000000 ) ) ;
#4821 = PRESENTATION_LAYER_ASSIGNMENT (  '', '', ( #7311 ) ) ;
#4822 = DIRECTION ( 'NONE',  ( 0.000000000000000000, 0.000000000000000000, 1.000000000000000000 ) ) ;
#4823 = VECTOR ( 'NONE', #5923, 1000.000000000000000 ) ;
#4824 = CYLINDRICAL_SURFACE ( 'NONE', #748, 2.500000000000002220 ) ;
#4825 = EDGE_LOOP ( 'NONE', ( #1302, #2246, #1014, #4234 ) ) ;
#4826 = PLANE ( 'NONE',  #5501 ) ;
#4827 = DIRECTION ( 'NONE',  ( 9.860761315262643189E-32, 1.000000000000000000, 6.938893903907225296E-18 ) ) ;
#4828 = DIRECTION ( 'NONE',  ( 0.000000000000000000, 0.000000000000000000, -1.000000000000000000 ) ) ;
#4829 = DIRECTION ( 'NONE',  ( 0.000000000000000000, 0.000000000000000000, 1.000000000000000000 ) ) ;
#4830 = ORIENTED_EDGE ( 'NONE', *, *, #2124, .T. ) ;
#4831 = EDGE_CURVE ( 'NONE', #7207, #4626, #1138, .T. ) ;
#4832 = DIRECTION ( 'NONE',  ( 1.000000000000000000, 0.000000000000000000, 0.000000000000000000 ) ) ;
#4833 = VECTOR ( 'NONE', #3646, 1000.000000000000000 ) ;
#4834 = PRESENTATION_LAYER_ASSIGNMENT (  '', '', ( #6334 ) ) ;
#4835 = CYLINDRICAL_SURFACE ( 'NONE', #1417, 2.500000000000002220 ) ;
#4836 = ORIENTED_EDGE ( 'NONE', *, *, #2625, .F. ) ;
#4837 = DIRECTION ( 'NONE',  ( 1.000000000000000000, 9.860761315262647568E-32, 4.440892098500629120E-16 ) ) ;
#4838 = ADVANCED_FACE ( 'NONE', ( #1379 ), #6547, .F. ) ;
#4839 = PLANE ( 'NONE',  #7198 ) ;
#4840 = CARTESIAN_POINT ( 'NONE',  ( 443.4999999999999432, 302.0000000000000000, 15.00000000000001421 ) ) ;
#4841 = CARTESIAN_POINT ( 'NONE',  ( 466.2791522340547772, 337.2193787511251912, -15.00000000000012434 ) ) ;
#4842 = FACE_OUTER_BOUND ( 'NONE', #1040, .T. ) ;
#4843 = DIRECTION ( 'NONE',  ( 1.000000000000000000, 0.000000000000000000, 0.000000000000000000 ) ) ;
#4844 = DIRECTION ( 'NONE',  ( 0.000000000000000000, 0.000000000000000000, -1.000000000000000000 ) ) ;
#4845 = LINE ( 'NONE', #1801, #8551 ) ;
#4846 = LINE ( 'NONE', #1070, #8906 ) ;
#4847 = EDGE_CURVE ( 'NONE', #1043, #5002, #1856, .T. ) ;
#4848 = CARTESIAN_POINT ( 'NONE',  ( 40.00000000000003553, 302.0000000000000000, 4.499999999999947597 ) ) ;
#4849 = AXIS2_PLACEMENT_3D ( 'NONE', #1205, #7152, #2001 ) ;
#4850 = CIRCLE ( 'NONE', #4651, 7.500000000000007105 ) ;
#4851 = CARTESIAN_POINT ( 'NONE',  ( 674.0000000000010232, 292.0000000000003411, 9.000000000000007105 ) ) ;
#4852 = CIRCLE ( 'NONE', #315, 4.000000000000003553 ) ;
#4853 = CIRCLE ( 'NONE', #8322, 3.000000000000004441 ) ;
#4854 = DIRECTION ( 'NONE',  ( 0.000000000000000000, 0.000000000000000000, -1.000000000000000000 ) ) ;
#4855 = LINE ( 'NONE', #9283, #3462 ) ;
#4856 = AXIS2_PLACEMENT_3D ( 'NONE', #7249, #3560, #5793 ) ;
#4857 = DIRECTION ( 'NONE',  ( -0.000000000000000000, 0.000000000000000000, 1.000000000000000000 ) ) ;
#4858 = ADVANCED_FACE ( 'NONE', ( #1609 ), #2117, .F. ) ;
#4859 = VERTEX_POINT ( 'NONE', #5027 ) ;
#4860 = EDGE_CURVE ( 'NONE', #4524, #3016, #4868, .T. ) ;
#4861 = EDGE_LOOP ( 'NONE', ( #89, #3857, #915, #4989 ) ) ;
#4862 = AXIS2_PLACEMENT_3D ( 'NONE', #3630, #2829, #1422 ) ;
#4863 = SURFACE_STYLE_USAGE ( .BOTH. , #3346 ) ;
#4864 = ORIENTED_EDGE ( 'NONE', *, *, #5223, .F. ) ;
#4865 = VECTOR ( 'NONE', #478, 1000.000000000000000 ) ;
#4866 = CARTESIAN_POINT ( 'NONE',  ( 128.3472685080715507, 190.0000000000000000, 31.00000000000000000 ) ) ;
#4867 = CARTESIAN_POINT ( 'NONE',  ( 457.4256452383399960, 74.13155615569640133, -8.551245107742360574 ) ) ;
#4868 = LINE ( 'NONE', #9571, #1730 ) ;
#4869 = CARTESIAN_POINT ( 'NONE',  ( 458.3636064091180060, 300.5708860994923839, -11.23826187340980631 ) ) ;
#4870 = DIRECTION ( 'NONE',  ( 0.000000000000000000, 0.000000000000000000, 1.000000000000000000 ) ) ;
#4871 = VERTEX_POINT ( 'NONE', #1428 ) ;
#4872 = DIRECTION ( 'NONE',  ( -0.000000000000000000, 0.000000000000000000, 1.000000000000000000 ) ) ;
#4873 = ORIENTED_EDGE ( 'NONE', *, *, #4659, .T. ) ;
#4874 = VECTOR ( 'NONE', #1126, 1000.000000000000000 ) ;
#4875 = AXIS2_PLACEMENT_3D ( 'NONE', #4471, #6039, #8966 ) ;
#4876 = DIRECTION ( 'NONE',  ( 0.2760228707098010825, 0.9611510676502006412, 0.000000000000000000 ) ) ;
#4877 = ORIENTED_EDGE ( 'NONE', *, *, #211, .T. ) ;
#4878 = LINE ( 'NONE', #3981, #5349 ) ;
#4879 = CARTESIAN_POINT ( 'NONE',  ( 451.9999999999998863, 0.000000000000000000, 2.220446049250313081E-13 ) ) ;
#4880 = VECTOR ( 'NONE', #1072, 1000.000000000000000 ) ;
#4881 = CARTESIAN_POINT ( 'NONE',  ( 0.000000000000000000, 320.0000000000000000, 15.00000000000001421 ) ) ;
#4882 = DIRECTION ( 'NONE',  ( 0.000000000000000000, 0.000000000000000000, 1.000000000000000000 ) ) ;
#4883 = EDGE_CURVE ( 'NONE', #8468, #9130, #6838, .T. ) ;
#4884 = CONTEXT_DEPENDENT_SHAPE_REPRESENTATION ( #6351, #4517 ) ;
#4885 = FILL_AREA_STYLE_COLOUR ( '', #5541 ) ;
#4886 = EDGE_CURVE ( 'NONE', #300, #7266, #2076, .T. ) ;
#4887 = ORIENTED_EDGE ( 'NONE', *, *, #7791, .F. ) ;
#4888 = CIRCLE ( 'NONE', #9520, 2.500000000000002220 ) ;
#4889 = ORIENTED_EDGE ( 'NONE', *, *, #6662, .F. ) ;
#4890 = DIRECTION ( 'NONE',  ( 1.000000000000000000, 0.000000000000000000, 0.000000000000000000 ) ) ;
#4891 = VERTEX_POINT ( 'NONE', #6646 ) ;
#4892 = VERTEX_POINT ( 'NONE', #8916 ) ;
#4893 = CIRCLE ( 'NONE', #8821, 4.000000000000003553 ) ;
#4894 = ADVANCED_BREP_SHAPE_REPRESENTATION ( '', ( #7914, #2670 ), #9134 ) ;
#4895 = CARTESIAN_POINT ( 'NONE',  ( 485.0000000000000000, 78.00000000000001421, -7.499999999999840128 ) ) ;
#4896 = ORIENTED_EDGE ( 'NONE', *, *, #361, .T. ) ;
#4897 = VECTOR ( 'NONE', #8227, 1000.000000000000000 ) ;
#4898 = ORIENTED_EDGE ( 'NONE', *, *, #8000, .T. ) ;
#4899 = ADVANCED_FACE ( 'NONE', ( #4742 ), #2306, .F. ) ;
#4900 = AXIS2_PLACEMENT_3D ( 'NONE', #9081, #8940, #3133 ) ;
#4901 =( NAMED_UNIT ( * ) SI_UNIT ( $, .STERADIAN. ) SOLID_ANGLE_UNIT ( ) );
#4902 = MECHANICAL_DESIGN_GEOMETRIC_PRESENTATION_REPRESENTATION (  '', ( #3289 ), #3775 ) ;
#4903 = ORIENTED_EDGE ( 'NONE', *, *, #2728, .F. ) ;
#4904 = DIRECTION ( 'NONE',  ( 0.000000000000000000, 0.000000000000000000, -1.000000000000000000 ) ) ;
#4905 = CARTESIAN_POINT ( 'NONE',  ( 457.7964291248335371, 74.82440100802904226, -9.945902851269242007 ) ) ;
#4906 = ORIENTED_EDGE ( 'NONE', *, *, #3568, .F. ) ;
#4907 = DIRECTION ( 'NONE',  ( 0.000000000000000000, 0.000000000000000000, -1.000000000000000000 ) ) ;
#4908 = DIRECTION ( 'NONE',  ( -1.000000000000000000, 0.000000000000000000, -0.000000000000000000 ) ) ;
#4909 = PRESENTATION_STYLE_ASSIGNMENT (( #8626 ) ) ;
#4910 = CARTESIAN_POINT ( 'NONE',  ( 0.000000000000000000, 0.000000000000000000, 12.00000000000001066 ) ) ;
#4911 = DIRECTION ( 'NONE',  ( 1.000000000000000000, 0.000000000000000000, 0.000000000000000000 ) ) ;
#4912 = ORIENTED_EDGE ( 'NONE', *, *, #5057, .F. ) ;
#4913 = ADVANCED_FACE ( 'NONE', ( #9174 ), #8222, .T. ) ;
#4914 = EDGE_CURVE ( 'NONE', #3947, #7472, #7411, .T. ) ;
#4915 = DIRECTION ( 'NONE',  ( 0.000000000000000000, -1.000000000000000000, 0.000000000000000000 ) ) ;
#4916 = VERTEX_POINT ( 'NONE', #8127 ) ;
#4917 = ORIENTED_EDGE ( 'NONE', *, *, #7316, .F. ) ;
#4918 = EDGE_CURVE ( 'NONE', #6497, #5639, #3704, .T. ) ;
#4919 = VERTEX_POINT ( 'NONE', #739 ) ;
#4920 = DIRECTION ( 'NONE',  ( 0.000000000000000000, 0.000000000000000000, 1.000000000000000000 ) ) ;
#4921 = AXIS2_PLACEMENT_3D ( 'NONE', #7934, #3487, #7814 ) ;
#4922 = ORIENTED_EDGE ( 'NONE', *, *, #5356, .T. ) ;
#4923 = EDGE_LOOP ( 'NONE', ( #4009, #6519, #3449, #6020 ) ) ;
#4924 = CARTESIAN_POINT ( 'NONE',  ( 100.9999999999999716, 155.0000000000000000, 18.50000000000000711 ) ) ;
#4925 = EDGE_LOOP ( 'NONE', ( #2079, #2372, #5880, #3040 ) ) ;
#4926 = VERTEX_POINT ( 'NONE', #843 ) ;
#4927 = ORIENTED_EDGE ( 'NONE', *, *, #5255, .T. ) ;
#4928 = FILL_AREA_STYLE ('',( #7775 ) ) ;
#4929 = AXIS2_PLACEMENT_3D ( 'NONE', #6954, #8370, #9112 ) ;
#4930 = CARTESIAN_POINT ( 'NONE',  ( 10.50000000000000178, 302.0000000000000568, 15.00000000000001421 ) ) ;
#4931 = CARTESIAN_POINT ( 'NONE',  ( 457.3650736390340512, 74.03312662932434307, -8.030900262627673314 ) ) ;
#4932 = ORIENTED_EDGE ( 'NONE', *, *, #4034, .T. ) ;
#4933 = ORIENTED_EDGE ( 'NONE', *, *, #2981, .F. ) ;
#4934 = CARTESIAN_POINT ( 'NONE',  ( 24.99999999999991118, 46.00000000000005684, 7.500000000000062172 ) ) ;
#4935 = ADVANCED_FACE ( 'NONE', ( #7973 ), #6018, .F. ) ;
#4936 = ORIENTED_EDGE ( 'NONE', *, *, #4621, .T. ) ;
#4937 = CARTESIAN_POINT ( 'NONE',  ( 0.000000000000000000, 78.00000000000001421, 7.499999999999951150 ) ) ;
#4938 = EDGE_CURVE ( 'NONE', #9305, #1990, #1486, .T. ) ;
#4939 = ORIENTED_EDGE ( 'NONE', *, *, #947, .T. ) ;
#4940 = CARTESIAN_POINT ( 'NONE',  ( 0.000000000000000000, 0.000000000000000000, 0.000000000000000000 ) ) ;
#4941 = LINE ( 'NONE', #1256, #1224 ) ;
#4942 = EDGE_CURVE ( 'NONE', #7450, #2954, #3013, .T. ) ;
#4943 = ORIENTED_EDGE ( 'NONE', *, *, #487, .T. ) ;
#4944 = DIRECTION ( 'NONE',  ( -0.000000000000000000, 0.000000000000000000, 1.000000000000000000 ) ) ;
#4945 = LINE ( 'NONE', #5355, #7721 ) ;
#4946 = LINE ( 'NONE', #1896, #8171 ) ;
#4947 = ORIENTED_EDGE ( 'NONE', *, *, #4287, .F. ) ;
#4948 = AXIS2_PLACEMENT_3D ( 'NONE', #6591, #2127, #9579 ) ;
#4949 = PRODUCT_DEFINITION_SHAPE ( 'NONE', 'NONE',  #8178 ) ;
#4950 = AXIS2_PLACEMENT_3D ( 'NONE', #9039, #3974, #7597 ) ;
#4951 = CARTESIAN_POINT ( 'NONE',  ( 0.000000000000000000, 380.0000000000000000, 0.000000000000000000 ) ) ;
#4952 = ADVANCED_FACE ( 'NONE', ( #56 ), #292, .F. ) ;
#4953 = DIRECTION ( 'NONE',  ( -0.000000000000000000, 0.000000000000000000, 1.000000000000000000 ) ) ;
#4954 = FACE_OUTER_BOUND ( 'NONE', #2735, .T. ) ;
#4955 = VECTOR ( 'NONE', #3759, 1000.000000000000000 ) ;
#4956 = DIRECTION ( 'NONE',  ( 0.000000000000000000, 0.000000000000000000, 1.000000000000000000 ) ) ;
#4957 = CIRCLE ( 'NONE', #8286, 6.000000000000005329 ) ;
#4958 = EDGE_CURVE ( 'NONE', #9140, #2737, #5323, .T. ) ;
#4959 = CARTESIAN_POINT ( 'NONE',  ( 0.000000000000000000, 284.0000000000000568, -1.110223024625156540E-13 ) ) ;
#4960 = FACE_OUTER_BOUND ( 'NONE', #6832, .T. ) ;
#4961 = FACE_BOUND ( 'NONE', #2816, .T. ) ;
#4962 = SHAPE_REPRESENTATION ( 'A760250-FONDOSXXMU', ( #2670 ), #555 ) ;
#4963 = CYLINDRICAL_SURFACE ( 'NONE', #465, 13.00000000000001066 ) ;
#4964 = DIRECTION ( 'NONE',  ( 1.000000000000000000, 0.000000000000000000, 0.000000000000000000 ) ) ;
#4965 = DIRECTION ( 'NONE',  ( -1.000000000000000000, -9.860761315262647568E-32, -4.440892098500629120E-16 ) ) ;
#4966 = CARTESIAN_POINT ( 'NONE',  ( 91.00000000000051159, 170.0000000000001990, 0.000000000000000000 ) ) ;
#4967 = DIRECTION ( 'NONE',  ( -4.440892098500626162E-16, 6.938893903907225296E-18, -1.000000000000000000 ) ) ;
#4968 = LINE ( 'NONE', #2068, #5208 ) ;
#4969 = VERTEX_POINT ( 'NONE', #93 ) ;
#4970 = FACE_BOUND ( 'NONE', #8972, .T. ) ;
#4971 = VECTOR ( 'NONE', #275, 1000.000000000000000 ) ;
#4972 = AXIS2_PLACEMENT_3D ( 'NONE', #5184, #4288, #2204 ) ;
#4973 = DIRECTION ( 'NONE',  ( 4.440892098500629120E-16, 6.938893903907225296E-18, -1.000000000000000000 ) ) ;
#4974 = ORIENTED_EDGE ( 'NONE', *, *, #5868, .T. ) ;
#4975 = COLOUR_RGB ( '',1.000000000000000000, 1.000000000000000000, 1.000000000000000000 ) ;
#4976 = PLANE ( 'NONE',  #7866 ) ;
#4977 = ORIENTED_EDGE ( 'NONE', *, *, #7335, .F. ) ;
#4978 = AXIS2_PLACEMENT_3D ( 'NONE', #6286, #2497, #1045 ) ;
#4979 = ORIENTED_EDGE ( 'NONE', *, *, #2637, .T. ) ;
#4980 = FACE_OUTER_BOUND ( 'NONE', #2853, .T. ) ;
#4981 = ADVANCED_FACE ( 'NONE', ( #1368 ), #8987, .F. ) ;
#4982 = FACE_OUTER_BOUND ( 'NONE', #3402, .T. ) ;
#4983 = CARTESIAN_POINT ( 'NONE',  ( 767.4999999999998863, 13.99999999999999822, 10.50000000000006395 ) ) ;
#4984 = CARTESIAN_POINT ( 'NONE',  ( 119.5000000000000000, 323.0000000000000000, 15.00000000000001421 ) ) ;
#4985 = ORIENTED_EDGE ( 'NONE', *, *, #3720, .F. ) ;
#4986 = LINE ( 'NONE', #1818, #4522 ) ;
#4987 = AXIS2_PLACEMENT_3D ( 'NONE', #4750, #1829, #7820 ) ;
#4988 =( NAMED_UNIT ( * ) PLANE_ANGLE_UNIT ( ) SI_UNIT ( $, .RADIAN. ) );
#4989 = ORIENTED_EDGE ( 'NONE', *, *, #7675, .T. ) ;
#4990 = ORIENTED_EDGE ( 'NONE', *, *, #1501, .F. ) ;
#4991 = EDGE_LOOP ( 'NONE', ( #7694, #1077, #8578, #7457 ) ) ;
#4992 = CARTESIAN_POINT ( 'NONE',  ( 0.000000000000000000, 320.0000000000000000, 15.00000000000001421 ) ) ;
#4993 = ORIENTED_EDGE ( 'NONE', *, *, #6649, .F. ) ;
#4994 = FACE_OUTER_BOUND ( 'NONE', #5991, .T. ) ;
#4995 = FACE_OUTER_BOUND ( 'NONE', #3438, .T. ) ;
#4996 = CARTESIAN_POINT ( 'NONE',  ( 0.000000000000000000, 46.00000000000005684, 7.500000000000062172 ) ) ;
#4997 = SHAPE_REPRESENTATION_RELATIONSHIP ( 'NONE' , 'NONE' ,  #8198, #6368 ) ;
#4998 = AXIS2_PLACEMENT_3D ( 'NONE', #6912, #9135, #3223 ) ;
#4999 = ORIENTED_EDGE ( 'NONE', *, *, #7046, .F. ) ;
#5000 = SHAPE_REPRESENTATION ( 'A760250-TAPASXXXTA', ( #2670 ), #2103 ) ;
#5001 = VECTOR ( 'NONE', #3074, 1000.000000000000000 ) ;
#5002 = VERTEX_POINT ( 'NONE', #5187 ) ;
#5003 = ORIENTED_EDGE ( 'NONE', *, *, #8259, .T. ) ;
#5004 = ADVANCED_FACE ( 'NONE', ( #9422 ), #7744, .F. ) ;
#5005 = CARTESIAN_POINT ( 'NONE',  ( 451.9999999999998863, 0.000000000000000000, 2.220446049250313081E-13 ) ) ;
#5006 = EDGE_CURVE ( 'NONE', #5639, #8049, #3480, .T. ) ;
#5007 = VECTOR ( 'NONE', #8998, 1000.000000000000000 ) ;
#5008 =( NAMED_UNIT ( * ) SI_UNIT ( $, .STERADIAN. ) SOLID_ANGLE_UNIT ( ) );
#5009 = DIRECTION ( 'NONE',  ( 1.000000000000000000, 0.000000000000000000, 0.000000000000000000 ) ) ;
#5010 = EDGE_CURVE ( 'NONE', #3105, #6784, #7186, .T. ) ;
#5011 = AXIS2_PLACEMENT_3D ( 'NONE', #5078, #520, #8773 ) ;
#5012 = AXIS2_PLACEMENT_3D ( 'NONE', #338, #1089, #6306 ) ;
#5013 = ORIENTED_EDGE ( 'NONE', *, *, #6491, .F. ) ;
#5014 = CARTESIAN_POINT ( 'NONE',  ( 457.4259455803459105, 298.1320532152099076, 6.446961911727617789 ) ) ;
#5015 = SHAPE_REPRESENTATION ( 'A760250-COMPLETO-IM00', ( #1219, #8744, #9404, #4262, #5082, #5591, #195, #3421, #8934, #5404, #3899, #4387, #1788, #2554, #333, #4523 ), #9005 ) ;
#5016 = CARTESIAN_POINT ( 'NONE',  ( 114.4999999999999858, 323.0000000000000000, 15.00000000000001421 ) ) ;
#5017 = VERTEX_POINT ( 'NONE', #6711 ) ;
#5018 = DIRECTION ( 'NONE',  ( 1.000000000000000000, 0.000000000000000000, 0.000000000000000000 ) ) ;
#5019 = EDGE_CURVE ( 'NONE', #5827, #464, #7873, .T. ) ;
#5020 = AXIS2_PLACEMENT_3D ( 'NONE', #9548, #2129, #4325 ) ;
#5021 =( LENGTH_UNIT ( ) NAMED_UNIT ( * ) SI_UNIT ( .MILLI., .METRE. ) );
#5022 = ORIENTED_EDGE ( 'NONE', *, *, #8026, .T. ) ;
#5023 = PRODUCT_RELATED_PRODUCT_CATEGORY ( 'part', '', ( #9511 ) ) ;
#5024 = DIRECTION ( 'NONE',  ( 0.000000000000000000, 0.000000000000000000, -1.000000000000000000 ) ) ;
#5025 = CARTESIAN_POINT ( 'NONE',  ( 445.0000000000000000, 302.0000000000000000, -7.499999999999840128 ) ) ;
#5026 = ORIENTED_EDGE ( 'NONE', *, *, #7161, .T. ) ;
#5027 = CARTESIAN_POINT ( 'NONE',  ( 280.4999999999999432, 272.0000000000000000, -3.000000000000113687 ) ) ;
#5028 = DIRECTION ( 'NONE',  ( 1.000000000000000000, 0.000000000000000000, 0.000000000000000000 ) ) ;
#5029 = EDGE_CURVE ( 'NONE', #7652, #1225, #6951, .T. ) ;
#5030 = ORIENTED_EDGE ( 'NONE', *, *, #3720, .T. ) ;
#5031 = ADVANCED_FACE ( 'NONE', ( #5212 ), #2507, .T. ) ;
#5032 = AXIS2_PLACEMENT_3D ( 'NONE', #6542, #7289, #5053 ) ;
#5033 = DIRECTION ( 'NONE',  ( -0.000000000000000000, -0.000000000000000000, -1.000000000000000000 ) ) ;
#5034 = CARTESIAN_POINT ( 'NONE',  ( 458.2248997586822270, 304.0251545473214492, -4.040859796849258778 ) ) ;
#5035 = ORIENTED_EDGE ( 'NONE', *, *, #6280, .T. ) ;
#5036 = CARTESIAN_POINT ( 'NONE',  ( 128.3472685080715507, 190.0000000000000000, 0.000000000000000000 ) ) ;
#5037 = DIRECTION ( 'NONE',  ( 1.000000000000000000, 0.000000000000000000, 0.000000000000000000 ) ) ;
#5038 = VERTEX_POINT ( 'NONE', #7682 ) ;
#5039 = CARTESIAN_POINT ( 'NONE',  ( 666.0000000000010232, 42.00000000000014921, 0.000000000000000000 ) ) ;
#5040 = EDGE_CURVE ( 'NONE', #2431, #7649, #177, .T. ) ;
#5041 = EDGE_LOOP ( 'NONE', ( #1691, #7906 ) ) ;
#5042 = AXIS2_PLACEMENT_3D ( 'NONE', #8169, #7524, #6816 ) ;
#5043 = CARTESIAN_POINT ( 'NONE',  ( 451.9999999999998863, 140.0000000000000000, 4.000000000000003553 ) ) ;
#5044 = ADVANCED_FACE ( 'NONE', ( #4041 ), #8380, .T. ) ;
#5045 = CYLINDRICAL_SURFACE ( 'NONE', #6422, 4.000000000000007105 ) ;
#5046 = ORIENTED_EDGE ( 'NONE', *, *, #2251, .T. ) ;
#5047 = DIRECTION ( 'NONE',  ( 0.000000000000000000, 1.000000000000000000, 0.000000000000000000 ) ) ;
#5048 = DIRECTION ( 'NONE',  ( -4.440892098500626162E-16, 6.938893903907225296E-18, -1.000000000000000000 ) ) ;
#5049 = DIRECTION ( 'NONE',  ( 0.000000000000000000, 0.000000000000000000, -1.000000000000000000 ) ) ;
#5050 = AXIS2_PLACEMENT_3D ( 'NONE', #7466, #3044, #5884 ) ;
#5051 = ORIENTED_EDGE ( 'NONE', *, *, #9547, .T. ) ;
#5052 = DIRECTION ( 'NONE',  ( 1.000000000000000000, 0.000000000000000000, 0.000000000000000000 ) ) ;
#5053 = DIRECTION ( 'NONE',  ( 1.000000000000000000, 0.000000000000000000, 0.000000000000000000 ) ) ;
#5054 = ORIENTED_EDGE ( 'NONE', *, *, #346, .T. ) ;
#5055 = UNCERTAINTY_MEASURE_WITH_UNIT (LENGTH_MEASURE( 1.000000000000000082E-05 ), #6325, 'distance_accuracy_value', 'NONE');
#5056 = FACE_OUTER_BOUND ( 'NONE', #1783, .T. ) ;
#5057 = EDGE_CURVE ( 'NONE', #685, #446, #5444, .T. ) ;
#5058 = VECTOR ( 'NONE', #1747, 1000.000000000000000 ) ;
#5059 = VERTEX_POINT ( 'NONE', #9202 ) ;
#5060 = CARTESIAN_POINT ( 'NONE',  ( 278.0000000000000000, 47.99999999999998579, -15.00000000000012434 ) ) ;
#5061 = CARTESIAN_POINT ( 'NONE',  ( 451.9999999999998863, -2.220446049250313081E-13, 15.00000000000012434 ) ) ;
#5062 = EDGE_CURVE ( 'NONE', #215, #1979, #1969, .T. ) ;
#5063 = DIRECTION ( 'NONE',  ( -0.000000000000000000, 0.000000000000000000, 1.000000000000000000 ) ) ;
#5064 = CARTESIAN_POINT ( 'NONE',  ( 485.0000000000000000, 380.0000000000000000, 0.000000000000000000 ) ) ;
#5065 = FILL_AREA_STYLE ('',( #645 ) ) ;
#5066 = CARTESIAN_POINT ( 'NONE',  ( 451.9999999999998863, 191.9999999999999432, 4.000000000000225597 ) ) ;
#5067 = ORIENTED_EDGE ( 'NONE', *, *, #3205, .T. ) ;
#5068 = DIRECTION ( 'NONE',  ( 1.000000000000000000, 0.000000000000000000, 0.000000000000000000 ) ) ;
#5069 = CARTESIAN_POINT ( 'NONE',  ( 720.0000000000010232, 0.000000000000000000, 15.00000000000001421 ) ) ;
#5070 = LINE ( 'NONE', #6757, #5997 ) ;
#5071 = VERTEX_POINT ( 'NONE', #1676 ) ;
#5072 = ORIENTED_EDGE ( 'NONE', *, *, #3828, .T. ) ;
#5073 = CARTESIAN_POINT ( 'NONE',  ( 458.3888082944305324, 300.6898712204560979, 3.711568962158813267 ) ) ;
#5074 = DIRECTION ( 'NONE',  ( 0.000000000000000000, 0.000000000000000000, 1.000000000000000000 ) ) ;
#5075 = PRODUCT ( 'A760250-PISOSXXXPI', 'A760250-PISOSXXXPI', '', ( #7584 ) ) ;
#5076 = LINE ( 'NONE', #4881, #5545 ) ;
#5077 = DIRECTION ( 'NONE',  ( 1.000000000000000000, 0.000000000000000000, 0.000000000000000000 ) ) ;
#5078 = CARTESIAN_POINT ( 'NONE',  ( 50.00000000000004263, 298.0000000000004547, 0.000000000000000000 ) ) ;
#5079 = VECTOR ( 'NONE', #6628, 1000.000000000000000 ) ;
#5080 = AXIS2_PLACEMENT_3D ( 'NONE', #4559, #6705, #5256 ) ;
#5081 = VECTOR ( 'NONE', #6376, 1000.000000000000000 ) ;
#5082 = AXIS2_PLACEMENT_3D ( 'NONE', #8019, #7165, #5765 ) ;
#5083 = DIRECTION ( 'NONE',  ( 0.000000000000000000, 0.000000000000000000, -1.000000000000000000 ) ) ;
#5084 = DIRECTION ( 'NONE',  ( -1.000000000000000000, 0.000000000000000000, 0.000000000000000000 ) ) ;
#5085 = CIRCLE ( 'NONE', #5142, 4.000000000000023981 ) ;
#5086 = CYLINDRICAL_SURFACE ( 'NONE', #7310, 2.500000000000002220 ) ;
#5087 = SURFACE_SIDE_STYLE ('',( #787 ) ) ;
#5088 = DIRECTION ( 'NONE',  ( 1.000000000000000000, 0.000000000000000000, 0.000000000000000000 ) ) ;
#5089 = DIRECTION ( 'NONE',  ( 0.000000000000000000, 0.000000000000000000, 1.000000000000000000 ) ) ;
#5090 = LINE ( 'NONE', #3880, #6587 ) ;
#5091 = DIRECTION ( 'NONE',  ( 9.860761315262643189E-32, 1.000000000000000000, 6.938893903907225296E-18 ) ) ;
#5092 = VECTOR ( 'NONE', #6505, 1000.000000000000000 ) ;
#5093 = EDGE_CURVE ( 'NONE', #5244, #3090, #1255, .T. ) ;
#5094 = ORIENTED_EDGE ( 'NONE', *, *, #5916, .T. ) ;
#5095 = EDGE_LOOP ( 'NONE', ( #4922, #7752, #5297, #4974 ) ) ;
#5096 = FACE_BOUND ( 'NONE', #2044, .T. ) ;
#5097 = ORIENTED_EDGE ( 'NONE', *, *, #2839, .T. ) ;
#5098 = ORIENTED_EDGE ( 'NONE', *, *, #5994, .T. ) ;
#5099 = VECTOR ( 'NONE', #5048, 1000.000000000000000 ) ;
#5100 = CIRCLE ( 'NONE', #2529, 3.000000000000002665 ) ;
#5101 = CARTESIAN_POINT ( 'NONE',  ( 40.00000000000003553, 78.00000000000001421, 7.499999999999951150 ) ) ;
#5102 = ADVANCED_FACE ( 'NONE', ( #3812 ), #3917, .F. ) ;
#5103 = DIRECTION ( 'NONE',  ( 1.000000000000000000, 9.860761315262647568E-32, 4.440892098500629120E-16 ) ) ;
#5104 = VERTEX_POINT ( 'NONE', #219 ) ;
#5105 =( LENGTH_UNIT ( ) NAMED_UNIT ( * ) SI_UNIT ( .MILLI., .METRE. ) );
#5106 = CARTESIAN_POINT ( 'NONE',  ( 275.4999999999998863, 272.0000000000000000, 15.00000000000001421 ) ) ;
#5107 = ORIENTED_EDGE ( 'NONE', *, *, #7096, .F. ) ;
#5108 = EDGE_CURVE ( 'NONE', #864, #4891, #4270, .T. ) ;
#5109 = CYLINDRICAL_SURFACE ( 'NONE', #6015, 2.500000000000002220 ) ;
#5110 = AXIS2_PLACEMENT_3D ( 'NONE', #1257, #9304, #6452 ) ;
#5111 = EDGE_LOOP ( 'NONE', ( #8868, #8276, #1437, #8710, #1304 ) ) ;
#5112 = FACE_BOUND ( 'NONE', #2303, .T. ) ;
#5113 = CARTESIAN_POINT ( 'NONE',  ( 457.8709385527712925, 298.9869809870601784, 4.856669544190570065 ) ) ;
#5114 = LINE ( 'NONE', #7684, #8820 ) ;
#5115 = ITEM_DEFINED_TRANSFORMATION ( 'NONE', 'NONE', #4262,  #2670 ) ;
#5116 = ORIENTED_EDGE ( 'NONE', *, *, #6466, .F. ) ;
#5117 = VECTOR ( 'NONE', #1634, 1000.000000000000000 ) ;
#5118 = MECHANICAL_DESIGN_GEOMETRIC_PRESENTATION_REPRESENTATION (  '', ( #9296 ), #6100 ) ;
#5119 = VERTEX_POINT ( 'NONE', #6161 ) ;
#5120 = ORIENTED_EDGE ( 'NONE', *, *, #357, .F. ) ;
#5121 = ORIENTED_EDGE ( 'NONE', *, *, #8259, .F. ) ;
#5122 = DIRECTION ( 'NONE',  ( -0.000000000000000000, 0.000000000000000000, 1.000000000000000000 ) ) ;
#5123 = LINE ( 'NONE', #5662, #1406 ) ;
#5124 = CARTESIAN_POINT ( 'NONE',  ( 442.2089883689056933, 348.1640233375465527, 15.00000000000001421 ) ) ;
#5125 = DIRECTION ( 'NONE',  ( -1.000000000000000000, 0.000000000000000000, 0.000000000000000000 ) ) ;
#5126 = EDGE_LOOP ( 'NONE', ( #6025, #9509, #4761, #8342 ) ) ;
#5127 = CARTESIAN_POINT ( 'NONE',  ( 0.000000000000000000, 0.000000000000000000, 15.00000000000001421 ) ) ;
#5128 = ORIENTED_EDGE ( 'NONE', *, *, #4046, .F. ) ;
#5129 = DIRECTION ( 'NONE',  ( 1.000000000000000000, 0.000000000000000000, 0.000000000000000000 ) ) ;
#5130 = AXIS2_PLACEMENT_3D ( 'NONE', #4725, #2404, #9094 ) ;
#5131 = CARTESIAN_POINT ( 'NONE',  ( 87.49999999999997158, 323.0000000000000000, -14.00000000000001243 ) ) ;
#5132 = ORIENTED_EDGE ( 'NONE', *, *, #272, .F. ) ;
#5133 = DIRECTION ( 'NONE',  ( 0.000000000000000000, 0.000000000000000000, 1.000000000000000000 ) ) ;
#5134 = DIRECTION ( 'NONE',  ( 0.000000000000000000, 0.000000000000000000, -1.000000000000000000 ) ) ;
#5135 = ORIENTED_EDGE ( 'NONE', *, *, #4328, .T. ) ;
#5136 = EDGE_CURVE ( 'NONE', #7243, #9130, #5560, .T. ) ;
#5137 = EDGE_CURVE ( 'NONE', #9444, #5918, #3244, .T. ) ;
#5138 = DIRECTION ( 'NONE',  ( -1.000000000000000000, 0.000000000000000000, 0.000000000000000000 ) ) ;
#5139 = DIRECTION ( 'NONE',  ( 1.000000000000000000, 0.000000000000000000, 0.000000000000000000 ) ) ;
#5140 = DIRECTION ( 'NONE',  ( -1.000000000000000000, 0.000000000000000000, 0.000000000000000000 ) ) ;
#5141 = EDGE_CURVE ( 'NONE', #1411, #7057, #5684, .T. ) ;
#5142 = AXIS2_PLACEMENT_3D ( 'NONE', #7768, #3341, #9289 ) ;
#5143 = CARTESIAN_POINT ( 'NONE',  ( 84.99999999999997158, 323.0000000000000000, 15.00000000000001421 ) ) ;
#5144 = DIRECTION ( 'NONE',  ( 1.000000000000000000, 0.000000000000000000, 0.000000000000000000 ) ) ;
#5145 = ORIENTED_EDGE ( 'NONE', *, *, #262, .T. ) ;
#5146 = CARTESIAN_POINT ( 'NONE',  ( 598.0000000000010232, 298.0000000000005684, 15.00000000000001421 ) ) ;
#5147 = ORIENTED_EDGE ( 'NONE', *, *, #6693, .F. ) ;
#5148 = CARTESIAN_POINT ( 'NONE',  ( -6.245004513516505540E-14, 143.9999999999998010, 4.000000000000003553 ) ) ;
#5149 = ADVANCED_FACE ( 'NONE', ( #3120 ), #6192, .F. ) ;
#5150 = DIRECTION ( 'NONE',  ( 1.000000000000000000, 0.000000000000000000, 0.000000000000000000 ) ) ;
#5151 = ORIENTED_EDGE ( 'NONE', *, *, #3826, .F. ) ;
#5152 = EDGE_CURVE ( 'NONE', #4969, #8986, #6252, .T. ) ;
#5153 = VERTEX_POINT ( 'NONE', #1713 ) ;
#5154 = CARTESIAN_POINT ( 'NONE',  ( 636.0000000000010232, 298.0000000000005684, 9.000000000000007105 ) ) ;
#5155 = DIRECTION ( 'NONE',  ( 0.000000000000000000, 0.000000000000000000, 1.000000000000000000 ) ) ;
#5156 = EDGE_LOOP ( 'NONE', ( #4474, #6498, #5341, #351 ) ) ;
#5157 = ORIENTED_EDGE ( 'NONE', *, *, #4621, .F. ) ;
#5158 = VERTEX_POINT ( 'NONE', #7802 ) ;
#5159 = PLANE ( 'NONE',  #9347 ) ;
#5160 = ORIENTED_EDGE ( 'NONE', *, *, #470, .F. ) ;
#5161 = DIRECTION ( 'NONE',  ( 0.000000000000000000, 0.000000000000000000, 1.000000000000000000 ) ) ;
#5162 = ORIENTED_EDGE ( 'NONE', *, *, #2009, .T. ) ;
#5163 = DIRECTION ( 'NONE',  ( -0.000000000000000000, 0.000000000000000000, -1.000000000000000000 ) ) ;
#5164 = AXIS2_PLACEMENT_3D ( 'NONE', #6030, #8220, #2298 ) ;
#5165 = DIRECTION ( 'NONE',  ( -4.440892098500626162E-16, 6.938893903907225296E-18, -1.000000000000000000 ) ) ;
#5166 = ORIENTED_EDGE ( 'NONE', *, *, #1663, .F. ) ;
#5167 = CARTESIAN_POINT ( 'NONE',  ( 632.0000000000010232, 74.00000000000017053, 15.00000000000001421 ) ) ;
#5168 = EDGE_LOOP ( 'NONE', ( #3766, #2211 ) ) ;
#5169 = DIRECTION ( 'NONE',  ( 1.000000000000000000, 0.000000000000000000, 0.000000000000000000 ) ) ;
#5170 = CYLINDRICAL_SURFACE ( 'NONE', #586, 13.00000000000001066 ) ;
#5171 = EDGE_CURVE ( 'NONE', #5984, #3497, #1842, .T. ) ;
#5172 = ORIENTED_EDGE ( 'NONE', *, *, #6056, .T. ) ;
#5173 = CARTESIAN_POINT ( 'NONE',  ( 216.4999999999999716, 47.99999999999998579, 3.000000000000002665 ) ) ;
#5174 = AXIS2_PLACEMENT_3D ( 'NONE', #629, #5861, #9619 ) ;
#5175 = DIRECTION ( 'NONE',  ( 0.000000000000000000, -0.000000000000000000, 1.000000000000000000 ) ) ;
#5176 = VERTEX_POINT ( 'NONE', #9227 ) ;
#5177 = CYLINDRICAL_SURFACE ( 'NONE', #7823, 2.500000000000002220 ) ;
#5178 = EDGE_LOOP ( 'NONE', ( #3058, #5172, #7516, #8 ) ) ;
#5179 = LINE ( 'NONE', #3819, #9395 ) ;
#5180 = VECTOR ( 'NONE', #6099, 1000.000000000000000 ) ;
#5181 = PLANE ( 'NONE',  #4183 ) ;
#5182 = VERTEX_POINT ( 'NONE', #5513 ) ;
#5183 = DIRECTION ( 'NONE',  ( 4.440892098500626162E-16, -6.938893903907225296E-18, 1.000000000000000000 ) ) ;
#5184 = CARTESIAN_POINT ( 'NONE',  ( 0.000000000000000000, 0.000000000000000000, 3.000000000000002665 ) ) ;
#5185 = EDGE_CURVE ( 'NONE', #2753, #516, #7513, .T. ) ;
#5186 = DIRECTION ( 'NONE',  ( 1.000000000000000000, 0.000000000000000000, 0.000000000000000000 ) ) ;
#5187 = CARTESIAN_POINT ( 'NONE',  ( -6.938893903907228378E-15, 96.00000000000008527, 4.000000000000003553 ) ) ;
#5188 = CYLINDRICAL_SURFACE ( 'NONE', #643, 3.000000000000002665 ) ;
#5189 = EDGE_CURVE ( 'NONE', #6529, #8270, #1012, .T. ) ;
#5190 = CYLINDRICAL_SURFACE ( 'NONE', #652, 2.500000000000002220 ) ;
#5191 = DIRECTION ( 'NONE',  ( 1.000000000000000000, 0.000000000000000000, 0.000000000000000000 ) ) ;
#5192 = ADVANCED_FACE ( 'NONE', ( #8692 ), #6715, .F. ) ;
#5193 = CARTESIAN_POINT ( 'NONE',  ( 458.4999999999999432, 302.2693569123288171, -3.499999999999837019 ) ) ;
#5194 = CARTESIAN_POINT ( 'NONE',  ( 88.00000000000052580, 74.00000000000007105, 15.00000000000001421 ) ) ;
#5195 = LINE ( 'NONE', #9357, #8676 ) ;
#5196 = DIRECTION ( 'NONE',  ( 0.000000000000000000, 0.000000000000000000, -1.000000000000000000 ) ) ;
#5197 = FACE_OUTER_BOUND ( 'NONE', #209, .T. ) ;
#5198 = FACE_OUTER_BOUND ( 'NONE', #6203, .T. ) ;
#5199 = FACE_OUTER_BOUND ( 'NONE', #5303, .T. ) ;
#5200 = DIRECTION ( 'NONE',  ( 1.000000000000000000, 0.000000000000000000, 0.000000000000000000 ) ) ;
#5201 = DIRECTION ( 'NONE',  ( 0.000000000000000000, 0.000000000000000000, -1.000000000000000000 ) ) ;
#5202 = DIRECTION ( 'NONE',  ( 0.000000000000000000, 0.000000000000000000, 1.000000000000000000 ) ) ;
#5203 = FACE_OUTER_BOUND ( 'NONE', #983, .T. ) ;
#5204 = CARTESIAN_POINT ( 'NONE',  ( 458.4999999999999432, 302.0000000000000000, 11.49999999999995737 ) ) ;
#5205 = DIRECTION ( 'NONE',  ( 0.000000000000000000, 0.000000000000000000, 1.000000000000000000 ) ) ;
#5206 = EDGE_CURVE ( 'NONE', #2031, #6016, #6481, .T. ) ;
#5207 = CARTESIAN_POINT ( 'NONE',  ( 211.4999999999999716, 47.99999999999998579, 15.00000000000001421 ) ) ;
#5208 = VECTOR ( 'NONE', #8623, 1000.000000000000000 ) ;
#5209 = AXIS2_PLACEMENT_3D ( 'NONE', #40, #3100, #2385 ) ;
#5210 = ORIENTED_EDGE ( 'NONE', *, *, #3283, .T. ) ;
#5211 = CIRCLE ( 'NONE', #7836, 4.000000000000007105 ) ;
#5212 = FACE_OUTER_BOUND ( 'NONE', #1946, .T. ) ;
#5213 = DIRECTION ( 'NONE',  ( 0.000000000000000000, 0.000000000000000000, 1.000000000000000000 ) ) ;
#5214 = ORIENTED_EDGE ( 'NONE', *, *, #7542, .T. ) ;
#5215 = ORIENTED_EDGE ( 'NONE', *, *, #5356, .F. ) ;
#5216 = VECTOR ( 'NONE', #3992, 1000.000000000000000 ) ;
#5217 = DIRECTION ( 'NONE',  ( -1.000000000000000000, 0.000000000000000000, 0.000000000000000000 ) ) ;
#5218 = ORIENTED_EDGE ( 'NONE', *, *, #2492, .F. ) ;
#5219 = DIRECTION ( 'NONE',  ( -1.000000000000000000, -9.860761315262647568E-32, -4.440892098500629120E-16 ) ) ;
#5220 = ORIENTED_EDGE ( 'NONE', *, *, #4005, .T. ) ;
#5221 = CYLINDRICAL_SURFACE ( 'NONE', #6910, 2.499999999999995115 ) ;
#5222 = LINE ( 'NONE', #3347, #318 ) ;
#5223 = EDGE_CURVE ( 'NONE', #6784, #3820, #3931, .T. ) ;
#5224 = DIRECTION ( 'NONE',  ( -0.000000000000000000, 0.000000000000000000, 1.000000000000000000 ) ) ;
#5225 = CONTEXT_DEPENDENT_SHAPE_REPRESENTATION ( #6258, #2034 ) ;
#5226 = DIRECTION ( 'NONE',  ( 0.000000000000000000, 0.000000000000000000, 1.000000000000000000 ) ) ;
#5227 = DIRECTION ( 'NONE',  ( 1.000000000000000000, -6.384082245258276637E-20, 0.000000000000000000 ) ) ;
#5228 = VERTEX_POINT ( 'NONE', #7004 ) ;
#5229 = LINE ( 'NONE', #4879, #1025 ) ;
#5230 = CARTESIAN_POINT ( 'NONE',  ( 451.9999999999999432, 288.0000000000000568, 4.000000000000003553 ) ) ;
#5231 = VERTEX_POINT ( 'NONE', #1888 ) ;
#5232 = ORIENTED_EDGE ( 'NONE', *, *, #3886, .F. ) ;
#5233 = ORIENTED_EDGE ( 'NONE', *, *, #4493, .T. ) ;
#5234 = DIRECTION ( 'NONE',  ( 4.440892098500629120E-16, 6.938893903907225296E-18, -1.000000000000000000 ) ) ;
#5235 = DIRECTION ( 'NONE',  ( 0.000000000000000000, 0.000000000000000000, -1.000000000000000000 ) ) ;
#5236 = VERTEX_POINT ( 'NONE', #7058 ) ;
#5237 = CIRCLE ( 'NONE', #1560, 2.500000000000002220 ) ;
#5238 = CARTESIAN_POINT ( 'NONE',  ( 85.50000000000052580, 74.00000000000007105, 15.00000000000001421 ) ) ;
#5239 = CIRCLE ( 'NONE', #5050, 3.000000000000002665 ) ;
#5240 = DIRECTION ( 'NONE',  ( -0.000000000000000000, 0.000000000000000000, 1.000000000000000000 ) ) ;
#5241 = CARTESIAN_POINT ( 'NONE',  ( 458.4999999999998863, 302.2661328690685991, 11.49999999999996447 ) ) ;
#5242 = SHAPE_DEFINITION_REPRESENTATION ( #8199, #5015 ) ;
#5243 = EDGE_CURVE ( 'NONE', #9027, #5451, #3576, .T. ) ;
#5244 = VERTEX_POINT ( 'NONE', #8549 ) ;
#5245 = CIRCLE ( 'NONE', #2156, 2.499999999999995115 ) ;
#5246 = AXIS2_PLACEMENT_3D ( 'NONE', #9449, #9470, #7877 ) ;
#5247 = ORIENTED_EDGE ( 'NONE', *, *, #3225, .T. ) ;
#5248 = ORIENTED_EDGE ( 'NONE', *, *, #470, .T. ) ;
#5249 = DIRECTION ( 'NONE',  ( 0.000000000000000000, 0.000000000000000000, 1.000000000000000000 ) ) ;
#5250 = CARTESIAN_POINT ( 'NONE',  ( 46.00000000000004263, 292.0000000000003979, 15.00000000000001421 ) ) ;
#5251 = FACE_OUTER_BOUND ( 'NONE', #5616, .T. ) ;
#5252 = DIRECTION ( 'NONE',  ( 1.000000000000000000, 0.000000000000000000, 0.000000000000000000 ) ) ;
#5253 = ADVANCED_FACE ( 'NONE', ( #9286, #2557, #3356 ), #371, .F. ) ;
#5254 = ORIENTED_EDGE ( 'NONE', *, *, #3648, .T. ) ;
#5255 = EDGE_CURVE ( 'NONE', #7145, #4426, #9642, .T. ) ;
#5256 = DIRECTION ( 'NONE',  ( -1.000000000000000000, 0.000000000000000000, 0.000000000000000000 ) ) ;
#5257 = DIRECTION ( 'NONE',  ( 8.973565084749489834E-33, 1.000000000000000000, 2.220446049250313574E-16 ) ) ;
#5258 = ORIENTED_EDGE ( 'NONE', *, *, #1535, .F. ) ;
#5259 = DIRECTION ( 'NONE',  ( -1.000000000000000000, 6.384082245258276637E-20, 0.000000000000000000 ) ) ;
#5260 = DIRECTION ( 'NONE',  ( 1.000000000000000000, -0.000000000000000000, 0.000000000000000000 ) ) ;
#5261 = DIRECTION ( 'NONE',  ( -4.440892098500629120E-16, -6.938893903907225296E-18, 1.000000000000000000 ) ) ;
#5262 = VERTEX_POINT ( 'NONE', #1185 ) ;
#5263 = CARTESIAN_POINT ( 'NONE',  ( 451.9999999999998863, 143.9999999999996874, 4.000000000000225597 ) ) ;
#5264 = ORIENTED_EDGE ( 'NONE', *, *, #7748, .T. ) ;
#5265 = DIRECTION ( 'NONE',  ( 0.000000000000000000, 0.000000000000000000, 1.000000000000000000 ) ) ;
#5266 = CARTESIAN_POINT ( 'NONE',  ( 457.8706551132594313, 305.0136666936379015, 10.14259942229809397 ) ) ;
#5267 = CARTESIAN_POINT ( 'NONE',  ( 451.9999999999998863, 335.9999999999999432, 4.000000000000114575 ) ) ;
#5268 = AXIS2_PLACEMENT_3D ( 'NONE', #7386, #5183, #9013 ) ;
#5269 = ORIENTED_EDGE ( 'NONE', *, *, #2041, .F. ) ;
#5270 = STYLED_ITEM ( 'NONE', ( #7904 ), #3633 ) ;
#5271 = DIRECTION ( 'NONE',  ( 0.000000000000000000, 1.000000000000000000, 0.000000000000000000 ) ) ;
#5272 = DIRECTION ( 'NONE',  ( 0.000000000000000000, 0.000000000000000000, 1.000000000000000000 ) ) ;
#5273 = ORIENTED_EDGE ( 'NONE', *, *, #5635, .F. ) ;
#5274 = CARTESIAN_POINT ( 'NONE',  ( 0.000000000000000000, 380.0000000000000000, 15.00000000000001421 ) ) ;
#5275 = CARTESIAN_POINT ( 'NONE',  ( 280.4999999999999432, 272.0000000000000000, -15.00000000000012434 ) ) ;
#5276 = ORIENTED_EDGE ( 'NONE', *, *, #116, .F. ) ;
#5277 = EDGE_CURVE ( 'NONE', #2166, #2134, #514, .T. ) ;
#5278 = AXIS2_PLACEMENT_3D ( 'NONE', #9375, #8599, #1427 ) ;
#5279 = ORIENTED_EDGE ( 'NONE', *, *, #1067, .F. ) ;
#5280 = CARTESIAN_POINT ( 'NONE',  ( 451.9999999999998863, 191.9999999999999432, 4.000000000000225597 ) ) ;
#5281 = DIRECTION ( 'NONE',  ( -4.041334437186268961E-17, 0.000000000000000000, -1.000000000000000000 ) ) ;
#5282 = VERTEX_POINT ( 'NONE', #1154 ) ;
#5283 = CARTESIAN_POINT ( 'NONE',  ( 149.9999999999999716, 47.99999999999998579, -15.00000000000012434 ) ) ;
#5284 = DIRECTION ( 'NONE',  ( 0.000000000000000000, 0.000000000000000000, -1.000000000000000000 ) ) ;
#5285 = ORIENTED_EDGE ( 'NONE', *, *, #2188, .F. ) ;
#5286 = CARTESIAN_POINT ( 'NONE',  ( 0.000000000000000000, 190.0000000000000000, 0.000000000000000000 ) ) ;
#5287 = ADVANCED_FACE ( 'NONE', ( #8447 ), #4043, .F. ) ;
#5288 = CARTESIAN_POINT ( 'NONE',  ( 0.000000000000000000, 8.326672684688674053E-14, 15.00000000000006928 ) ) ;
#5289 = CARTESIAN_POINT ( 'NONE',  ( 450.9999999999999432, 302.0000000000000000, 15.00000000000001421 ) ) ;
#5290 = CARTESIAN_POINT ( 'NONE',  ( 457.3445397373841388, 305.9996019473580873, 7.771201993719895285 ) ) ;
#5291 = EDGE_LOOP ( 'NONE', ( #7073, #6762 ) ) ;
#5292 = PRESENTATION_STYLE_ASSIGNMENT (( #1066 ) ) ;
#5293 = VECTOR ( 'NONE', #2535, 1000.000000000000000 ) ;
#5294 = ORIENTED_EDGE ( 'NONE', *, *, #1758, .T. ) ;
#5295 = AXIS2_PLACEMENT_3D ( 'NONE', #2819, #9499, #8735 ) ;
#5296 = DIRECTION ( 'NONE',  ( -0.000000000000000000, 0.000000000000000000, 1.000000000000000000 ) ) ;
#5297 = ORIENTED_EDGE ( 'NONE', *, *, #4372, .F. ) ;
#5298 = ADVANCED_FACE ( 'NONE', ( #9045 ), #8200, .F. ) ;
#5299 = UNCERTAINTY_MEASURE_WITH_UNIT (LENGTH_MEASURE( 1.000000000000000082E-05 ), #3087, 'distance_accuracy_value', 'NONE');
#5300 = VECTOR ( 'NONE', #7397, 1000.000000000000000 ) ;
#5301 = LINE ( 'NONE', #8728, #3334 ) ;
#5302 = PLANE ( 'NONE',  #9314 ) ;
#5303 = EDGE_LOOP ( 'NONE', ( #8877, #776, #531, #441 ) ) ;
#5304 = CARTESIAN_POINT ( 'NONE',  ( 472.2791522340548340, 337.2193787511251912, 3.000000000000002665 ) ) ;
#5305 = ORIENTED_EDGE ( 'NONE', *, *, #7583, .F. ) ;
#5306 = CYLINDRICAL_SURFACE ( 'NONE', #4950, 2.500000000000002220 ) ;
#5307 = CARTESIAN_POINT ( 'NONE',  ( 24.99999999999991118, 46.00000000000005684, 7.500000000000062172 ) ) ;
#5308 = AXIS2_PLACEMENT_3D ( 'NONE', #5967, #5260, #3742 ) ;
#5309 = CIRCLE ( 'NONE', #5493, 3.000000000000002665 ) ;
#5310 = CARTESIAN_POINT ( 'NONE',  ( 111.0000000000000711, 362.0000000000001137, 15.00000000000011902 ) ) ;
#5311 = CIRCLE ( 'NONE', #6979, 3.000000000000002665 ) ;
#5312 =( NAMED_UNIT ( * ) PLANE_ANGLE_UNIT ( ) SI_UNIT ( $, .RADIAN. ) );
#5313 = EDGE_CURVE ( 'NONE', #912, #3191, #2786, .T. ) ;
#5314 = EDGE_CURVE ( 'NONE', #446, #8594, #4261, .T. ) ;
#5315 = LINE ( 'NONE', #7680, #6009 ) ;
#5316 = CARTESIAN_POINT ( 'NONE',  ( 451.9999999999998863, 144.0000000000002274, 0.000000000000000000 ) ) ;
#5317 = CARTESIAN_POINT ( 'NONE',  ( 0.000000000000000000, 0.000000000000000000, 31.00000000000000000 ) ) ;
#5318 = CIRCLE ( 'NONE', #4628, 7.500000000000007105 ) ;
#5319 = EDGE_CURVE ( 'NONE', #8829, #5071, #2892, .T. ) ;
#5320 = CARTESIAN_POINT ( 'NONE',  ( 451.9999999999998863, 0.000000000000000000, 2.220446049250313081E-13 ) ) ;
#5321 = VECTOR ( 'NONE', #6703, 1000.000000000000000 ) ;
#5322 = AXIS2_PLACEMENT_3D ( 'NONE', #4042, #9366, #274 ) ;
#5323 = CIRCLE ( 'NONE', #7604, 7.500000000000007105 ) ;
#5324 = EDGE_LOOP ( 'NONE', ( #5705, #3664, #3621, #2406 ) ) ;
#5325 = CARTESIAN_POINT ( 'NONE',  ( 457.5875855895269524, 298.4129015102131461, -9.289245272046423807 ) ) ;
#5326 = DIRECTION ( 'NONE',  ( -4.440892098500626162E-16, 6.938893903907225296E-18, -1.000000000000000000 ) ) ;
#5327 = ORIENTED_EDGE ( 'NONE', *, *, #3533, .F. ) ;
#5328 = DIRECTION ( 'NONE',  ( 0.000000000000000000, 0.000000000000000000, 1.000000000000000000 ) ) ;
#5329 = CLOSED_SHELL ( 'NONE', ( #4157, #2086, #6905, #108, #8450, #9255, #3852, #9398, #8287, #3530, #8991, #4795, #4358, #2449, #3296, #9367, #5696, #949, #1200, #5626, #2778, #2869, #572, #3640, #6952, #6405, #7338, #295, #2695, #2621, #389, #9313, #9199, #7080, #273, #5675, #7861, #2579, #4123, #5365, #6845, #731, #6551, #6602, #7471, #1651, #7681, #7935, #3935, #8733, #336, #8005, #8548, #2179, #3457, #9099, #9484, #7025 ) ) ;
#5330 = CARTESIAN_POINT ( 'NONE',  ( 128.0000000000005684, 298.0000000000002842, 9.000000000000007105 ) ) ;
#5331 = EDGE_LOOP ( 'NONE', ( #6621, #8708, #8827, #2587 ) ) ;
#5332 = CYLINDRICAL_SURFACE ( 'NONE', #1891, 3.000000000000004441 ) ;
#5333 = CIRCLE ( 'NONE', #1515, 4.000000000000007105 ) ;
#5334 = DIRECTION ( 'NONE',  ( -0.000000000000000000, -0.000000000000000000, -1.000000000000000000 ) ) ;
#5335 = VERTEX_POINT ( 'NONE', #3187 ) ;
#5336 = CARTESIAN_POINT ( 'NONE',  ( 92.00000000000052580, 298.0000000000003979, 9.000000000000007105 ) ) ;
#5337 = DIRECTION ( 'NONE',  ( -0.8833731395614154991, 0.4686703492876502231, 0.000000000000000000 ) ) ;
#5338 = EDGE_CURVE ( 'NONE', #6987, #1419, #2776, .T. ) ;
#5339 = CARTESIAN_POINT ( 'NONE',  ( 90.50000000000052580, 74.00000000000007105, 15.00000000000001421 ) ) ;
#5340 = AXIS2_PLACEMENT_3D ( 'NONE', #189, #959, #6852 ) ;
#5341 = ORIENTED_EDGE ( 'NONE', *, *, #4313, .F. ) ;
#5342 = FACE_BOUND ( 'NONE', #1938, .T. ) ;
#5343 = PRODUCT_DEFINITION_FORMATION_WITH_SPECIFIED_SOURCE ( 'ANY', '', #2097, .NOT_KNOWN. ) ;
#5344 = DIRECTION ( 'NONE',  ( 0.000000000000000000, 0.000000000000000000, 1.000000000000000000 ) ) ;
#5345 = ORIENTED_EDGE ( 'NONE', *, *, #9500, .T. ) ;
#5346 = ADVANCED_FACE ( 'NONE', ( #5199 ), #4491, .F. ) ;
#5347 = DIRECTION ( 'NONE',  ( -0.000000000000000000, -0.000000000000000000, -1.000000000000000000 ) ) ;
#5348 = VERTEX_POINT ( 'NONE', #469 ) ;
#5349 = VECTOR ( 'NONE', #874, 1000.000000000000000 ) ;
#5350 = CYLINDRICAL_SURFACE ( 'NONE', #2889, 3.000000000000002665 ) ;
#5351 = SHAPE_DEFINITION_REPRESENTATION ( #9636, #8198 ) ;
#5352 = VERTEX_POINT ( 'NONE', #6535 ) ;
#5353 = LINE ( 'NONE', #3755, #5117 ) ;
#5354 = VERTEX_POINT ( 'NONE', #8724 ) ;
#5355 = CARTESIAN_POINT ( 'NONE',  ( 485.0000000000000000, 0.000000000000000000, -15.00000000000012434 ) ) ;
#5356 = EDGE_CURVE ( 'NONE', #7188, #835, #7636, .T. ) ;
#5357 = ORIENTED_EDGE ( 'NONE', *, *, #6436, .T. ) ;
#5358 = ORIENTED_EDGE ( 'NONE', *, *, #1372, .T. ) ;
#5359 = ORIENTED_EDGE ( 'NONE', *, *, #8434, .T. ) ;
#5360 = CARTESIAN_POINT ( 'NONE',  ( 451.9999999999999432, 43.99999999999981526, 2.220446049250313081E-13 ) ) ;
#5361 = AXIS2_PLACEMENT_3D ( 'NONE', #2249, #8094, #7437 ) ;
#5362 = DIRECTION ( 'NONE',  ( -0.000000000000000000, 0.000000000000000000, 1.000000000000000000 ) ) ;
#5363 = VECTOR ( 'NONE', #2755, 1000.000000000000000 ) ;
#5364 = PLANE ( 'NONE',  #2493 ) ;
#5365 = ADVANCED_FACE ( 'NONE', ( #4381 ), #7902, .T. ) ;
#5366 = DIRECTION ( 'NONE',  ( 1.000000000000000000, 0.000000000000000000, 0.000000000000000000 ) ) ;
#5367 = CARTESIAN_POINT ( 'NONE',  ( 458.4999999999999432, 78.00000000000001421, -11.49999999999984723 ) ) ;
#5368 = ORIENTED_EDGE ( 'NONE', *, *, #6215, .T. ) ;
#5369 = CIRCLE ( 'NONE', #124, 2.499999999999946709 ) ;
#5370 = DIRECTION ( 'NONE',  ( -0.000000000000000000, 0.000000000000000000, 1.000000000000000000 ) ) ;
#5371 = AXIS2_PLACEMENT_3D ( 'NONE', #526, #8683, #3473 ) ;
#5372 = VERTEX_POINT ( 'NONE', #4984 ) ;
#5373 = CARTESIAN_POINT ( 'NONE',  ( 458.3888082944304756, 300.6898712204561548, -3.711568962158688478 ) ) ;
#5374 = UNCERTAINTY_MEASURE_WITH_UNIT (LENGTH_MEASURE( 1.000000000000000082E-05 ), #3419, 'distance_accuracy_value', 'NONE');
#5375 = EDGE_CURVE ( 'NONE', #2154, #5104, #9165, .T. ) ;
#5376 = PRESENTATION_LAYER_ASSIGNMENT (  '', '', ( #7956 ) ) ;
#5377 = DIRECTION ( 'NONE',  ( -0.000000000000000000, 0.000000000000000000, 1.000000000000000000 ) ) ;
#5378 = ORIENTED_EDGE ( 'NONE', *, *, #7918, .F. ) ;
#5379 = PLANE ( 'NONE',  #1700 ) ;
#5380 = ORIENTED_EDGE ( 'NONE', *, *, #8211, .T. ) ;
#5381 = DIRECTION ( 'NONE',  ( -0.000000000000000000, 0.000000000000000000, 1.000000000000000000 ) ) ;
#5382 = CARTESIAN_POINT ( 'NONE',  ( 0.000000000000000000, 380.0000000000000000, -15.00000000000012434 ) ) ;
#5383 = AXIS2_PLACEMENT_3D ( 'NONE', #3166, #8325, #4645 ) ;
#5384 = DIRECTION ( 'NONE',  ( 0.000000000000000000, 0.000000000000000000, -1.000000000000000000 ) ) ;
#5385 = SURFACE_STYLE_FILL_AREA ( #4928 ) ;
#5386 = EDGE_LOOP ( 'NONE', ( #7331, #9424, #8996, #7219, #7336, #9569, #8743, #2685, #521, #6230, #4623, #4299, #2263, #8365, #9556, #566, #781, #2323, #7785, #6604, #1752, #7930, #3295, #9090, #9650, #6909, #675, #699, #6211, #6900, #767, #9647 ) ) ;
#5387 = EDGE_CURVE ( 'NONE', #7819, #1156, #2423, .T. ) ;
#5388 = DIRECTION ( 'NONE',  ( -1.000000000000000000, 0.000000000000000000, 0.000000000000000000 ) ) ;
#5389 = EDGE_CURVE ( 'NONE', #5724, #9186, #4612, .T. ) ;
#5390 = VERTEX_POINT ( 'NONE', #2038 ) ;
#5391 = CARTESIAN_POINT ( 'NONE',  ( 674.0000000000010232, 298.0000000000005684, 0.000000000000000000 ) ) ;
#5392 = VERTEX_POINT ( 'NONE', #495 ) ;
#5393 = DIRECTION ( 'NONE',  ( 1.000000000000000000, 0.000000000000000000, 4.003208021484936073E-16 ) ) ;
#5394 = ORIENTED_EDGE ( 'NONE', *, *, #4918, .T. ) ;
#5395 = DIRECTION ( 'NONE',  ( 1.000000000000000000, 0.000000000000000000, 0.000000000000000000 ) ) ;
#5396 = ORIENTED_EDGE ( 'NONE', *, *, #1324, .F. ) ;
#5397 = EDGE_LOOP ( 'NONE', ( #4644, #9365 ) ) ;
#5398 = CARTESIAN_POINT ( 'NONE',  ( 457.4256452383400529, 298.1315561556964440, -8.551245107742341034 ) ) ;
#5399 = CARTESIAN_POINT ( 'NONE',  ( 122.0000000000005542, 304.0000000000003979, 9.000000000000007105 ) ) ;
#5400 = VERTEX_POINT ( 'NONE', #4212 ) ;
#5401 = EDGE_CURVE ( 'NONE', #8129, #2236, #7172, .T. ) ;
#5402 = AXIS2_PLACEMENT_3D ( 'NONE', #4577, #797, #8203 ) ;
#5403 = DIRECTION ( 'NONE',  ( -0.000000000000000000, -0.000000000000000000, -1.000000000000000000 ) ) ;
#5404 = AXIS2_PLACEMENT_3D ( 'NONE', #49, #7549, #4362 ) ;
#5405 = CARTESIAN_POINT ( 'NONE',  ( 457.3484004815983894, 74.00649801620879487, 7.764350776979239477 ) ) ;
#5406 = ORIENTED_EDGE ( 'NONE', *, *, #676, .T. ) ;
#5407 = CARTESIAN_POINT ( 'NONE',  ( 149.9999999999999716, 272.0000000000000000, -15.00000000000012434 ) ) ;
#5408 = ADVANCED_FACE ( 'NONE', ( #8313 ), #6513, .T. ) ;
#5409 = ORIENTED_EDGE ( 'NONE', *, *, #19, .T. ) ;
#5410 = DIRECTION ( 'NONE',  ( -4.440892098500629120E-16, -6.938893903907225296E-18, 1.000000000000000000 ) ) ;
#5411 = ORIENTED_EDGE ( 'NONE', *, *, #1833, .T. ) ;
#5412 = EDGE_CURVE ( 'NONE', #9176, #3139, #1001, .T. ) ;
#5413 = VERTEX_POINT ( 'NONE', #1345 ) ;
#5414 = CARTESIAN_POINT ( 'NONE',  ( 46.00000000000004263, 36.00000000000002842, 9.000000000000007105 ) ) ;
#5415 = VERTEX_POINT ( 'NONE', #2107 ) ;
#5416 = EDGE_CURVE ( 'NONE', #3859, #7828, #4155, .T. ) ;
#5417 = ORIENTED_EDGE ( 'NONE', *, *, #8362, .T. ) ;
#5418 = APPLICATION_PROTOCOL_DEFINITION ( 'draft international standard', 'automotive_design', 1998, #8453 ) ;
#5419 = LINE ( 'NONE', #8912, #2862 ) ;
#5420 = LINE ( 'NONE', #1688, #3678 ) ;
#5421 = VERTEX_POINT ( 'NONE', #8044 ) ;
#5422 = PRODUCT_DEFINITION_CONTEXT ( 'detailed design', #4728, 'design' ) ;
#5423 = AXIS2_PLACEMENT_3D ( 'NONE', #4910, #6365, #1929 ) ;
#5424 = CARTESIAN_POINT ( 'NONE',  ( 122.0000000000005542, 292.0000000000002842, 15.00000000000001421 ) ) ;
#5425 = DIRECTION ( 'NONE',  ( -4.440892098500626162E-16, 6.938893903907225296E-18, -1.000000000000000000 ) ) ;
#5426 = CARTESIAN_POINT ( 'NONE',  ( 458.4852164415978564, 302.5392082597682020, 3.527528112577161590 ) ) ;
#5427 = CARTESIAN_POINT ( 'NONE',  ( 769.0000000000000000, 0.000000000000000000, 0.000000000000000000 ) ) ;
#5428 = VECTOR ( 'NONE', #4828, 1000.000000000000000 ) ;
#5429 = AXIS2_PLACEMENT_3D ( 'NONE', #7394, #8132, #5944 ) ;
#5430 = DIRECTION ( 'NONE',  ( 1.000000000000000000, 0.000000000000000000, 0.000000000000000000 ) ) ;
#5431 = VECTOR ( 'NONE', #8642, 1000.000000000000000 ) ;
#5432 = CARTESIAN_POINT ( 'NONE',  ( 458.0183263918111720, 75.34836374547688820, 4.494287997055408823 ) ) ;
#5433 = DIRECTION ( 'NONE',  ( 1.000000000000000000, 0.000000000000000000, 0.000000000000000000 ) ) ;
#5434 = DIRECTION ( 'NONE',  ( 0.000000000000000000, 0.000000000000000000, -1.000000000000000000 ) ) ;
#5435 = FACE_OUTER_BOUND ( 'NONE', #1679, .T. ) ;
#5436 = PLANE ( 'NONE',  #2010 ) ;
#5437 = VECTOR ( 'NONE', #9012, 1000.000000000000000 ) ;
#5438 = CYLINDRICAL_SURFACE ( 'NONE', #3312, 2.500000000000002220 ) ;
#5439 = VECTOR ( 'NONE', #637, 1000.000000000000000 ) ;
#5440 = DIRECTION ( 'NONE',  ( 0.000000000000000000, 0.000000000000000000, 1.000000000000000000 ) ) ;
#5441 = CARTESIAN_POINT ( 'NONE',  ( 62.99999999999997158, 155.0000000000000000, 12.49999999999999112 ) ) ;
#5442 = ORIENTED_EDGE ( 'NONE', *, *, #567, .F. ) ;
#5443 = CIRCLE ( 'NONE', #4862, 2.500000000000002220 ) ;
#5444 = LINE ( 'NONE', #8414, #5783 ) ;
#5445 = EDGE_CURVE ( 'NONE', #6869, #8719, #2297, .T. ) ;
#5446 = ORIENTED_EDGE ( 'NONE', *, *, #7177, .F. ) ;
#5447 = DIRECTION ( 'NONE',  ( 0.000000000000000000, 0.000000000000000000, 1.000000000000000000 ) ) ;
#5448 = ADVANCED_FACE ( 'NONE', ( #634 ), #8797, .F. ) ;
#5449 = DIRECTION ( 'NONE',  ( -1.000000000000000000, 0.000000000000000000, 0.000000000000000000 ) ) ;
#5450 = EDGE_CURVE ( 'NONE', #4039, #6300, #6005, .T. ) ;
#5451 = VERTEX_POINT ( 'NONE', #2133 ) ;
#5452 = VECTOR ( 'NONE', #2619, 1000.000000000000000 ) ;
#5453 =( REPRESENTATION_RELATIONSHIP ('NONE','NONE', #5015, #8426 ) REPRESENTATION_RELATIONSHIP_WITH_TRANSFORMATION ( #7771 )SHAPE_REPRESENTATION_RELATIONSHIP( ) );
#5454 = AXIS2_PLACEMENT_3D ( 'NONE', #8440, #2059, #8104 ) ;
#5455 = ORIENTED_EDGE ( 'NONE', *, *, #1704, .T. ) ;
#5456 = AXIS2_PLACEMENT_3D ( 'NONE', #7175, #2052, #454 ) ;
#5457 = ORIENTED_EDGE ( 'NONE', *, *, #5019, .F. ) ;
#5458 = CIRCLE ( 'NONE', #1434, 2.499999999999995115 ) ;
#5459 = CARTESIAN_POINT ( 'NONE',  ( 40.00000000000003553, 302.0000000000000000, 7.499999999999951150 ) ) ;
#5460 = CYLINDRICAL_SURFACE ( 'NONE', #4489, 4.000000000000006217 ) ;
#5461 = CARTESIAN_POINT ( 'NONE',  ( 8.000000000000007105, 302.0000000000000568, 15.00000000000001421 ) ) ;
#5462 = CONTEXT_DEPENDENT_SHAPE_REPRESENTATION ( #5453, #6195 ) ;
#5463 = ORIENTED_EDGE ( 'NONE', *, *, #4213, .T. ) ;
#5464 = VECTOR ( 'NONE', #3996, 1000.000000000000000 ) ;
#5465 = EDGE_LOOP ( 'NONE', ( #3389, #2875 ) ) ;
#5466 = ORIENTED_EDGE ( 'NONE', *, *, #6763, .F. ) ;
#5467 = ORIENTED_EDGE ( 'NONE', *, *, #1834, .T. ) ;
#5468 = CARTESIAN_POINT ( 'NONE',  ( 0.000000000000000000, 0.000000000000000000, 15.00000000000001421 ) ) ;
#5469 = ORIENTED_EDGE ( 'NONE', *, *, #3886, .T. ) ;
#5470 = VECTOR ( 'NONE', #9196, 1000.000000000000000 ) ;
#5471 = CARTESIAN_POINT ( 'NONE',  ( 62.99999999999997158, 195.0000000000000000, 18.50000000000000711 ) ) ;
#5472 = LINE ( 'NONE', #5066, #3503 ) ;
#5473 = EDGE_CURVE ( 'NONE', #1967, #234, #6364, .T. ) ;
#5474 = DIRECTION ( 'NONE',  ( 1.000000000000000000, 0.000000000000000000, -0.000000000000000000 ) ) ;
#5475 = AXIS2_PLACEMENT_3D ( 'NONE', #5621, #4803, #4870 ) ;
#5476 = ORIENTED_EDGE ( 'NONE', *, *, #1139, .T. ) ;
#5477 = CYLINDRICAL_SURFACE ( 'NONE', #1464, 4.000000000000007105 ) ;
#5478 = ORIENTED_EDGE ( 'NONE', *, *, #114, .F. ) ;
#5479 = CARTESIAN_POINT ( 'NONE',  ( 397.9999999999998863, 0.000000000000000000, -2.775557561562891351E-14 ) ) ;
#5480 = VERTEX_POINT ( 'NONE', #3658 ) ;
#5481 = DIRECTION ( 'NONE',  ( 0.000000000000000000, 0.000000000000000000, -1.000000000000000000 ) ) ;
#5482 = VECTOR ( 'NONE', #9510, 1000.000000000000000 ) ;
#5483 = CARTESIAN_POINT ( 'NONE',  ( 0.000000000000000000, 0.000000000000000000, 14.00000000000001243 ) ) ;
#5484 = EDGE_CURVE ( 'NONE', #5580, #4871, #6246, .T. ) ;
#5485 = ORIENTED_EDGE ( 'NONE', *, *, #3299, .F. ) ;
#5486 = ADVANCED_FACE ( 'NONE', ( #2065 ), #6122, .F. ) ;
#5487 = DIRECTION ( 'NONE',  ( 1.000000000000000000, 0.000000000000000000, -0.000000000000000000 ) ) ;
#5488 = APPLICATION_CONTEXT ( 'automotive_design' ) ;
#5489 = DIRECTION ( 'NONE',  ( -9.345988730335148917E-18, -1.000000000000000000, -6.938893903907225296E-18 ) ) ;
#5490 = AXIS2_PLACEMENT_3D ( 'NONE', #3941, #208, #8482 ) ;
#5491 = DIRECTION ( 'NONE',  ( 0.000000000000000000, 1.000000000000000000, 0.000000000000000000 ) ) ;
#5492 = DIRECTION ( 'NONE',  ( 1.000000000000000000, 0.000000000000000000, 0.000000000000000000 ) ) ;
#5493 = AXIS2_PLACEMENT_3D ( 'NONE', #6282, #6993, #4843 ) ;
#5494 = ORIENTED_EDGE ( 'NONE', *, *, #3738, .F. ) ;
#5495 = DIRECTION ( 'NONE',  ( -0.000000000000000000, 0.000000000000000000, 1.000000000000000000 ) ) ;
#5496 = DIRECTION ( 'NONE',  ( 0.000000000000000000, 0.000000000000000000, 1.000000000000000000 ) ) ;
#5497 = CARTESIAN_POINT ( 'NONE',  ( 149.9999999999999716, 272.0000000000000000, 3.000000000000002665 ) ) ;
#5498 = DIRECTION ( 'NONE',  ( 1.000000000000000000, 0.000000000000000000, 0.000000000000000000 ) ) ;
#5499 = VERTEX_POINT ( 'NONE', #1380 ) ;
#5500 = ADVANCED_FACE ( 'NONE', ( #1244 ), #6588, .F. ) ;
#5501 = AXIS2_PLACEMENT_3D ( 'NONE', #5649, #4187, #2716 ) ;
#5502 = ORIENTED_EDGE ( 'NONE', *, *, #5611, .F. ) ;
#5503 = EDGE_CURVE ( 'NONE', #6406, #6421, #8913, .T. ) ;
#5504 = CARTESIAN_POINT ( 'NONE',  ( 0.000000000000000000, 60.00000000000014921, -1.110223024625156540E-13 ) ) ;
#5505 = VERTEX_POINT ( 'NONE', #7325 ) ;
#5506 = EDGE_CURVE ( 'NONE', #6037, #5505, #8681, .T. ) ;
#5507 = CARTESIAN_POINT ( 'NONE',  ( 0.000000000000000000, 0.000000000000000000, 3.000000000000002665 ) ) ;
#5508 = AXIS2_PLACEMENT_3D ( 'NONE', #6564, #6595, #7348 ) ;
#5509 = PLANE ( 'NONE',  #6532 ) ;
#5510 = AXIS2_PLACEMENT_3D ( 'NONE', #1898, #7816, #1931 ) ;
#5511 = ORIENTED_EDGE ( 'NONE', *, *, #7833, .T. ) ;
#5512 = DIRECTION ( 'NONE',  ( -0.000000000000000000, -0.000000000000000000, -1.000000000000000000 ) ) ;
#5513 = CARTESIAN_POINT ( 'NONE',  ( 451.9999999999999432, 236.0000000000000000, 4.000000000000114575 ) ) ;
#5514 = APPLICATION_CONTEXT ( 'automotive_design' ) ;
#5515 = ORIENTED_EDGE ( 'NONE', *, *, #307, .T. ) ;
#5516 = CARTESIAN_POINT ( 'NONE',  ( 12.00000000000001421, 302.0000000000000000, 0.000000000000000000 ) ) ;
#5517 = DIRECTION ( 'NONE',  ( 0.000000000000000000, 0.000000000000000000, 1.000000000000000000 ) ) ;
#5518 = CARTESIAN_POINT ( 'NONE',  ( 458.4853289147479245, 78.53658858356961048, -11.47267639197864852 ) ) ;
#5519 =( LENGTH_UNIT ( ) NAMED_UNIT ( * ) SI_UNIT ( .MILLI., .METRE. ) );
#5520 = DIRECTION ( 'NONE',  ( 0.000000000000000000, -0.000000000000000000, 1.000000000000000000 ) ) ;
#5521 = ORIENTED_EDGE ( 'NONE', *, *, #331, .T. ) ;
#5522 = EDGE_CURVE ( 'NONE', #3712, #5714, #5899, .T. ) ;
#5523 = ORIENTED_EDGE ( 'NONE', *, *, #3249, .T. ) ;
#5524 = DIRECTION ( 'NONE',  ( 0.000000000000000000, 0.000000000000000000, -1.000000000000000000 ) ) ;
#5525 = ADVANCED_FACE ( 'NONE', ( #3921 ), #4033, .F. ) ;
#5526 = CARTESIAN_POINT ( 'NONE',  ( 457.4259455803459673, 74.13205321520993607, 6.446961911727619565 ) ) ;
#5527 = ORIENTED_EDGE ( 'NONE', *, *, #4436, .F. ) ;
#5528 = FACE_BOUND ( 'NONE', #4221, .T. ) ;
#5529 = LINE ( 'NONE', #6766, #8897 ) ;
#5530 = ORIENTED_EDGE ( 'NONE', *, *, #579, .T. ) ;
#5531 = EDGE_CURVE ( 'NONE', #3578, #7474, #8563, .T. ) ;
#5532 = CARTESIAN_POINT ( 'NONE',  ( 88.00000000000052580, 266.0000000000003411, 15.00000000000001421 ) ) ;
#5533 = AXIS2_PLACEMENT_3D ( 'NONE', #2940, #2999, #8166 ) ;
#5534 = ORIENTED_EDGE ( 'NONE', *, *, #3555, .T. ) ;
#5535 = CARTESIAN_POINT ( 'NONE',  ( 88.00000000000052580, 74.00000000000007105, 15.00000000000001421 ) ) ;
#5536 = FACE_OUTER_BOUND ( 'NONE', #5564, .T. ) ;
#5537 = DIRECTION ( 'NONE',  ( 0.000000000000000000, 0.000000000000000000, 1.000000000000000000 ) ) ;
#5538 = CIRCLE ( 'NONE', #3094, 2.500000000000002220 ) ;
#5539 = CARTESIAN_POINT ( 'NONE',  ( 469.2791522340548340, 337.2193787511251912, 3.000000000000002665 ) ) ;
#5540 = ORIENTED_EDGE ( 'NONE', *, *, #743, .F. ) ;
#5541 = COLOUR_RGB ( '',1.000000000000000000, 1.000000000000000000, 1.000000000000000000 ) ;
#5542 = CARTESIAN_POINT ( 'NONE',  ( 24.99999999999991118, 13.99999999999999822, 10.50000000000006573 ) ) ;
#5543 = ADVANCED_FACE ( 'NONE', ( #8079 ), #4963, .F. ) ;
#5544 = CARTESIAN_POINT ( 'NONE',  ( 451.9999999999998863, 332.0000000000001705, 4.000000000000225597 ) ) ;
#5545 = VECTOR ( 'NONE', #4122, 1000.000000000000000 ) ;
#5546 = EDGE_CURVE ( 'NONE', #3452, #4859, #2184, .T. ) ;
#5547 = CIRCLE ( 'NONE', #3862, 3.000000000000002665 ) ;
#5548 = CIRCLE ( 'NONE', #3805, 2.499999999999946709 ) ;
#5549 = AXIS2_PLACEMENT_3D ( 'NONE', #8446, #9225, #6086 ) ;
#5550 = FILL_AREA_STYLE_COLOUR ( '', #2933 ) ;
#5551 = CARTESIAN_POINT ( 'NONE',  ( 211.4999999999999716, 47.99999999999998579, -3.000000000000113687 ) ) ;
#5552 = CARTESIAN_POINT ( 'NONE',  ( 24.99999999999991118, 13.99999999999999822, 7.500000000000062172 ) ) ;
#5553 = DIRECTION ( 'NONE',  ( -0.000000000000000000, 0.000000000000000000, 1.000000000000000000 ) ) ;
#5554 = PLANE ( 'NONE',  #3785 ) ;
#5555 = FACE_OUTER_BOUND ( 'NONE', #2593, .T. ) ;
#5556 = VECTOR ( 'NONE', #2979, 1000.000000000000000 ) ;
#5557 = AXIS2_PLACEMENT_3D ( 'NONE', #8970, #1465, #5952 ) ;
#5558 = LINE ( 'NONE', #2238, #7859 ) ;
#5559 = CARTESIAN_POINT ( 'NONE',  ( 136.6601222926954904, 195.0000000000000000, 31.00000000000000000 ) ) ;
#5560 = LINE ( 'NONE', #3215, #9524 ) ;
#5561 = CARTESIAN_POINT ( 'NONE',  ( 0.000000000000000000, 0.000000000000000000, -3.000000000000113687 ) ) ;
#5562 = CARTESIAN_POINT ( 'NONE',  ( 800.0000000000000000, 0.000000000000000000, 0.000000000000000000 ) ) ;
#5563 = DIRECTION ( 'NONE',  ( -1.000000000000000000, 0.000000000000000000, 0.000000000000000000 ) ) ;
#5564 = EDGE_LOOP ( 'NONE', ( #6425, #647, #3747, #1060 ) ) ;
#5565 = EDGE_CURVE ( 'NONE', #856, #5176, #9411, .T. ) ;
#5566 = ORIENTED_EDGE ( 'NONE', *, *, #7794, .T. ) ;
#5567 = VECTOR ( 'NONE', #9344, 1000.000000000000000 ) ;
#5568 = EDGE_CURVE ( 'NONE', #8699, #7202, #7402, .T. ) ;
#5569 = VERTEX_POINT ( 'NONE', #2952 ) ;
#5570 = DIRECTION ( 'NONE',  ( 0.000000000000000000, 1.000000000000000000, 0.000000000000000000 ) ) ;
#5571 = ORIENTED_EDGE ( 'NONE', *, *, #808, .F. ) ;
#5572 = VERTEX_POINT ( 'NONE', #13 ) ;
#5573 = VECTOR ( 'NONE', #9562, 1000.000000000000000 ) ;
#5574 = CYLINDRICAL_SURFACE ( 'NONE', #4000, 3.000000000000007994 ) ;
#5575 = CARTESIAN_POINT ( 'NONE',  ( 50.00000000000004263, 298.0000000000004547, 9.000000000000007105 ) ) ;
#5576 = ORIENTED_EDGE ( 'NONE', *, *, #4351, .F. ) ;
#5577 = FACE_BOUND ( 'NONE', #1910, .T. ) ;
#5578 = CARTESIAN_POINT ( 'NONE',  ( 450.9999999999999432, 302.0000000000000000, -15.00000000000012434 ) ) ;
#5579 = ORIENTED_EDGE ( 'NONE', *, *, #1838, .F. ) ;
#5580 = VERTEX_POINT ( 'NONE', #6761 ) ;
#5581 = LINE ( 'NONE', #3211, #5470 ) ;
#5582 = ADVANCED_FACE ( 'NONE', ( #5673 ), #4730, .F. ) ;
#5583 = VECTOR ( 'NONE', #7560, 1000.000000000000000 ) ;
#5584 = CARTESIAN_POINT ( 'NONE',  ( 84.99999999999997158, 323.0000000000000000, 14.00000000000001243 ) ) ;
#5585 = DIRECTION ( 'NONE',  ( 1.000000000000000000, 0.000000000000000000, 0.000000000000000000 ) ) ;
#5586 = AXIS2_PLACEMENT_3D ( 'NONE', #3734, #836, #4532 ) ;
#5587 = VERTEX_POINT ( 'NONE', #5985 ) ;
#5588 = FACE_BOUND ( 'NONE', #7132, .T. ) ;
#5589 = ORIENTED_EDGE ( 'NONE', *, *, #6058, .F. ) ;
#5590 = SURFACE_STYLE_USAGE ( .BOTH. , #9403 ) ;
#5591 = AXIS2_PLACEMENT_3D ( 'NONE', #9521, #5047, #559 ) ;
#5592 = ORIENTED_EDGE ( 'NONE', *, *, #6186, .T. ) ;
#5593 = ORIENTED_EDGE ( 'NONE', *, *, #9228, .T. ) ;
#5594 = CARTESIAN_POINT ( 'NONE',  ( 445.0000000000000000, 78.00000000000001421, 11.49999999999995737 ) ) ;
#5595 = VERTEX_POINT ( 'NONE', #5304 ) ;
#5596 = CIRCLE ( 'NONE', #530, 7.500000000000007105 ) ;
#5597 = ORIENTED_EDGE ( 'NONE', *, *, #4149, .T. ) ;
#5598 = CYLINDRICAL_SURFACE ( 'NONE', #6632, 3.000000000000002665 ) ;
#5599 = CARTESIAN_POINT ( 'NONE',  ( 800.0000000000000000, 380.0000000000000000, 15.00000000000001421 ) ) ;
#5600 = ORIENTED_EDGE ( 'NONE', *, *, #3796, .F. ) ;
#5601 = DIRECTION ( 'NONE',  ( 0.000000000000000000, 0.000000000000000000, 1.000000000000000000 ) ) ;
#5602 = DIRECTION ( 'NONE',  ( 0.000000000000000000, 0.000000000000000000, -1.000000000000000000 ) ) ;
#5603 = ADVANCED_FACE ( 'NONE', ( #1960 ), #5438, .F. ) ;
#5604 = EDGE_CURVE ( 'NONE', #2472, #3726, #3003, .T. ) ;
#5605 = DIRECTION ( 'NONE',  ( -0.000000000000000000, -0.000000000000000000, -1.000000000000000000 ) ) ;
#5606 = DIRECTION ( 'NONE',  ( 0.000000000000000000, -0.000000000000000000, 1.000000000000000000 ) ) ;
#5607 = CARTESIAN_POINT ( 'NONE',  ( 280.4999999999999432, 272.0000000000000000, 15.00000000000001421 ) ) ;
#5608 = VERTEX_POINT ( 'NONE', #6828 ) ;
#5609 = ORIENTED_EDGE ( 'NONE', *, *, #2276, .F. ) ;
#5610 = CARTESIAN_POINT ( 'NONE',  ( 458.4999999999999432, 78.00000000000001421, -15.00000000000012434 ) ) ;
#5611 = EDGE_CURVE ( 'NONE', #9540, #8524, #3470, .T. ) ;
#5612 = CARTESIAN_POINT ( 'NONE',  ( 670.0000000000010232, 42.00000000000014921, 0.000000000000000000 ) ) ;
#5613 = AXIS2_PLACEMENT_3D ( 'NONE', #9017, #5993, #7454 ) ;
#5614 = DIRECTION ( 'NONE',  ( -1.063509062417436605E-18, 1.000000000000000000, -0.000000000000000000 ) ) ;
#5615 = EDGE_LOOP ( 'NONE', ( #2257, #6616, #417, #3329 ) ) ;
#5616 = EDGE_LOOP ( 'NONE', ( #3316, #4751, #7714, #7031 ) ) ;
#5617 = AXIS2_PLACEMENT_3D ( 'NONE', #7264, #1298, #1201 ) ;
#5618 = DIRECTION ( 'NONE',  ( -0.000000000000000000, 0.000000000000000000, 1.000000000000000000 ) ) ;
#5619 = CARTESIAN_POINT ( 'NONE',  ( 458.3636064091181765, 76.57088609949259705, -11.23826187340982408 ) ) ;
#5620 = DIRECTION ( 'NONE',  ( -9.860761315262643189E-32, -1.000000000000000000, -6.938893903907225296E-18 ) ) ;
#5621 = CARTESIAN_POINT ( 'NONE',  ( 397.9999999999998863, 511.0000000000000000, 2.999999999999975131 ) ) ;
#5622 = ORIENTED_EDGE ( 'NONE', *, *, #7506, .T. ) ;
#5623 = CARTESIAN_POINT ( 'NONE',  ( 85.00000000000054001, 170.0000000000001990, 0.000000000000000000 ) ) ;
#5624 = PLANE ( 'NONE',  #352 ) ;
#5625 = CARTESIAN_POINT ( 'NONE',  ( 485.0000000000000000, 78.00000000000001421, 11.49999999999995737 ) ) ;
#5626 = ADVANCED_FACE ( 'NONE', ( #6827 ), #8247, .F. ) ;
#5627 = DIRECTION ( 'NONE',  ( 1.000000000000000000, 0.000000000000000000, 0.000000000000000000 ) ) ;
#5628 = ORIENTED_EDGE ( 'NONE', *, *, #7316, .T. ) ;
#5629 = DIRECTION ( 'NONE',  ( 1.000000000000000000, 0.000000000000000000, 0.000000000000000000 ) ) ;
#5630 = ORIENTED_EDGE ( 'NONE', *, *, #7182, .T. ) ;
#5631 = AXIS2_PLACEMENT_3D ( 'NONE', #4465, #3794, #4431 ) ;
#5632 = DIRECTION ( 'NONE',  ( 1.000000000000000000, 0.000000000000000000, 0.000000000000000000 ) ) ;
#5633 = DIRECTION ( 'NONE',  ( -1.000000000000000000, 0.000000000000000000, 0.000000000000000000 ) ) ;
#5634 =( LENGTH_UNIT ( ) NAMED_UNIT ( * ) SI_UNIT ( .MILLI., .METRE. ) );
#5635 = EDGE_CURVE ( 'NONE', #6882, #793, #3696, .T. ) ;
#5636 = CYLINDRICAL_SURFACE ( 'NONE', #1442, 2.499999999999946709 ) ;
#5637 = EDGE_CURVE ( 'NONE', #5390, #2224, #1717, .T. ) ;
#5638 = CARTESIAN_POINT ( 'NONE',  ( 0.000000000000000000, 0.000000000000000000, 3.999999999999892530 ) ) ;
#5639 = VERTEX_POINT ( 'NONE', #2362 ) ;
#5640 = EDGE_CURVE ( 'NONE', #7295, #8593, #3345, .T. ) ;
#5641 = CARTESIAN_POINT ( 'NONE',  ( 0.000000000000000000, 0.000000000000000000, 15.00000000000001421 ) ) ;
#5642 = VERTEX_POINT ( 'NONE', #3782 ) ;
#5643 = EDGE_LOOP ( 'NONE', ( #2821, #4192, #6610, #2762 ) ) ;
#5644 = ADVANCED_FACE ( 'NONE', ( #9637 ), #1237, .F. ) ;
#5645 = CARTESIAN_POINT ( 'NONE',  ( 742.4999999999998863, 46.00000000000005684, 4.500000000000057732 ) ) ;
#5646 = LINE ( 'NONE', #7670, #1570 ) ;
#5647 = ORIENTED_EDGE ( 'NONE', *, *, #762, .F. ) ;
#5648 = FILL_AREA_STYLE_COLOUR ( '', #1289 ) ;
#5649 = CARTESIAN_POINT ( 'NONE',  ( 0.000000000000000000, 0.000000000000000000, 15.00000000000012434 ) ) ;
#5650 = CARTESIAN_POINT ( 'NONE',  ( 466.2791522340547772, 337.2193787511251912, -15.00000000000012434 ) ) ;
#5651 = DIRECTION ( 'NONE',  ( -1.000000000000000000, 0.000000000000000000, 0.000000000000000000 ) ) ;
#5652 = DIRECTION ( 'NONE',  ( -9.860761315262643189E-32, -1.000000000000000000, -6.938893903907225296E-18 ) ) ;
#5653 = VERTEX_POINT ( 'NONE', #8273 ) ;
#5654 = EDGE_CURVE ( 'NONE', #7444, #6733, #1831, .T. ) ;
#5655 = PLANE ( 'NONE',  #4469 ) ;
#5656 = LINE ( 'NONE', #3447, #7843 ) ;
#5657 = AXIS2_PLACEMENT_3D ( 'NONE', #7196, #8961, #8126 ) ;
#5658 = ORIENTED_EDGE ( 'NONE', *, *, #3533, .T. ) ;
#5659 = FACE_OUTER_BOUND ( 'NONE', #6847, .T. ) ;
#5660 = VECTOR ( 'NONE', #3802, 1000.000000000000000 ) ;
#5661 = ORIENTED_EDGE ( 'NONE', *, *, #6389, .F. ) ;
#5662 = CARTESIAN_POINT ( 'NONE',  ( 443.4999999999999432, 78.00000000000001421, 15.00000000000001421 ) ) ;
#5663 = CARTESIAN_POINT ( 'NONE',  ( 46.00000000000004263, 298.0000000000004547, 9.000000000000007105 ) ) ;
#5664 = PLANE ( 'NONE',  #5617 ) ;
#5665 = PLANE ( 'NONE',  #4849 ) ;
#5666 = DIRECTION ( 'NONE',  ( 0.000000000000000000, 0.000000000000000000, -1.000000000000000000 ) ) ;
#5667 = VECTOR ( 'NONE', #6913, 1000.000000000000000 ) ;
#5668 = LINE ( 'NONE', #9182, #3228 ) ;
#5669 = EDGE_CURVE ( 'NONE', #4327, #4283, #2413, .T. ) ;
#5670 = FACE_OUTER_BOUND ( 'NONE', #193, .T. ) ;
#5671 = LINE ( 'NONE', #7318, #4497 ) ;
#5672 = UNCERTAINTY_MEASURE_WITH_UNIT (LENGTH_MEASURE( 1.000000000000000082E-05 ), #3311, 'distance_accuracy_value', 'NONE');
#5673 = FACE_OUTER_BOUND ( 'NONE', #2710, .T. ) ;
#5674 = AXIS2_PLACEMENT_3D ( 'NONE', #6603, #5213, #2162 ) ;
#5675 = ADVANCED_FACE ( 'NONE', ( #1113 ), #873, .F. ) ;
#5676 = DIRECTION ( 'NONE',  ( -0.000000000000000000, 0.000000000000000000, 1.000000000000000000 ) ) ;
#5677 = DIRECTION ( 'NONE',  ( -1.000000000000000000, 0.000000000000000000, 0.000000000000000000 ) ) ;
#5678 = EDGE_CURVE ( 'NONE', #5158, #4275, #2659, .T. ) ;
#5679 = FACE_BOUND ( 'NONE', #4521, .T. ) ;
#5680 = ORIENTED_EDGE ( 'NONE', *, *, #247, .F. ) ;
#5681 = AXIS2_PLACEMENT_3D ( 'NONE', #4457, #7473, #8214 ) ;
#5682 = FACE_OUTER_BOUND ( 'NONE', #6458, .T. ) ;
#5683 = CARTESIAN_POINT ( 'NONE',  ( 457.5873277670978041, 74.41246058120587747, -5.711992970504089051 ) ) ;
#5684 = CIRCLE ( 'NONE', #281, 2.999999999999891642 ) ;
#5685 = PLANE ( 'NONE',  #1880 ) ;
#5686 = ORIENTED_EDGE ( 'NONE', *, *, #1889, .T. ) ;
#5687 = CARTESIAN_POINT ( 'NONE',  ( 451.9999999999999432, 91.99999999999985789, 4.000000000000225597 ) ) ;
#5688 = ORIENTED_EDGE ( 'NONE', *, *, #9272, .T. ) ;
#5689 = CYLINDRICAL_SURFACE ( 'NONE', #5340, 2.500000000000002220 ) ;
#5690 = AXIS2_PLACEMENT_3D ( 'NONE', #5818, #8604, #9600 ) ;
#5691 = EDGE_LOOP ( 'NONE', ( #8627, #4680 ) ) ;
#5692 = ORIENTED_EDGE ( 'NONE', *, *, #7583, .T. ) ;
#5693 = CIRCLE ( 'NONE', #223, 3.000000000000002665 ) ;
#5694 = FACE_OUTER_BOUND ( 'NONE', #956, .T. ) ;
#5695 = CARTESIAN_POINT ( 'NONE',  ( 8.000000000000007105, 302.0000000000000000, 0.000000000000000000 ) ) ;
#5696 = ADVANCED_FACE ( 'NONE', ( #2175 ), #5190, .F. ) ;
#5697 = CARTESIAN_POINT ( 'NONE',  ( 457.3614843386388316, 305.9730890899366500, -8.035029694283737811 ) ) ;
#5698 = EDGE_CURVE ( 'NONE', #9339, #1225, #5668, .T. ) ;
#5699 = CARTESIAN_POINT ( 'NONE',  ( 800.0000000000000000, 0.000000000000000000, 0.000000000000000000 ) ) ;
#5700 = CARTESIAN_POINT ( 'NONE',  ( 800.0000000000000000, 380.0000000000000000, 15.00000000000001421 ) ) ;
#5701 = EDGE_CURVE ( 'NONE', #3242, #2472, #4846, .T. ) ;
#5702 = ORIENTED_EDGE ( 'NONE', *, *, #8412, .T. ) ;
#5703 = LINE ( 'NONE', #1102, #1505 ) ;
#5704 = ORIENTED_EDGE ( 'NONE', *, *, #7303, .T. ) ;
#5705 = ORIENTED_EDGE ( 'NONE', *, *, #8196, .F. ) ;
#5706 = PRESENTATION_LAYER_ASSIGNMENT (  '', '', ( #7678 ) ) ;
#5707 = EDGE_LOOP ( 'NONE', ( #4058, #6891, #428, #5680 ) ) ;
#5708 = ORIENTED_EDGE ( 'NONE', *, *, #8516, .T. ) ;
#5709 = VECTOR ( 'NONE', #242, 1000.000000000000000 ) ;
#5710 = DIRECTION ( 'NONE',  ( 1.000000000000000000, 0.000000000000000000, 0.000000000000000000 ) ) ;
#5711 = CYLINDRICAL_SURFACE ( 'NONE', #8525, 4.000000000000003553 ) ;
#5712 = VERTEX_POINT ( 'NONE', #168 ) ;
#5713 = FACE_OUTER_BOUND ( 'NONE', #2040, .T. ) ;
#5714 = VERTEX_POINT ( 'NONE', #6893 ) ;
#5715 = ORIENTED_EDGE ( 'NONE', *, *, #5473, .T. ) ;
#5716 = CARTESIAN_POINT ( 'NONE',  ( 439.2089883689056933, 348.1640233375465527, 3.000000000000002665 ) ) ;
#5717 = DIRECTION ( 'NONE',  ( 0.000000000000000000, 0.000000000000000000, 1.000000000000000000 ) ) ;
#5718 = CYLINDRICAL_SURFACE ( 'NONE', #2596, 3.000000000000002665 ) ;
#5719 = EDGE_CURVE ( 'NONE', #9066, #3481, #7279, .T. ) ;
#5720 =( NAMED_UNIT ( * ) SI_UNIT ( $, .STERADIAN. ) SOLID_ANGLE_UNIT ( ) );
#5721 = PRODUCT_RELATED_PRODUCT_CATEGORY ( 'part', '', ( #5829 ) ) ;
#5722 = CARTESIAN_POINT ( 'NONE',  ( 458.2866783060233047, 76.20688965889887356, -3.914835784499602678 ) ) ;
#5723 = DIRECTION ( 'NONE',  ( -1.000000000000000000, 0.000000000000000000, 0.000000000000000000 ) ) ;
#5724 = VERTEX_POINT ( 'NONE', #4002 ) ;
#5725 = PLANE ( 'NONE',  #1808 ) ;
#5726 = DIRECTION ( 'NONE',  ( -0.000000000000000000, -0.000000000000000000, -1.000000000000000000 ) ) ;
#5727 = ADVANCED_FACE ( 'NONE', ( #9626 ), #6871, .F. ) ;
#5728 = AXIS2_PLACEMENT_3D ( 'NONE', #3259, #5553, #5492 ) ;
#5729 = DIRECTION ( 'NONE',  ( -1.000000000000000000, 0.000000000000000000, 0.000000000000000000 ) ) ;
#5730 = EDGE_CURVE ( 'NONE', #7202, #8699, #991, .T. ) ;
#5731 = CARTESIAN_POINT ( 'NONE',  ( 457.6538778094337090, 305.4643557269570238, -9.516200785132452822 ) ) ;
#5732 = ORIENTED_EDGE ( 'NONE', *, *, #1993, .F. ) ;
#5733 = CARTESIAN_POINT ( 'NONE',  ( 458.3865322955415422, 300.6940423745236899, 11.28311722838810915 ) ) ;
#5734 = ORIENTED_EDGE ( 'NONE', *, *, #2625, .T. ) ;
#5735 = EDGE_CURVE ( 'NONE', #4524, #1429, #7736, .T. ) ;
#5736 = CARTESIAN_POINT ( 'NONE',  ( 472.2791522340548340, 337.2193787511251912, -15.00000000000012434 ) ) ;
#5737 = PRODUCT_DEFINITION_CONTEXT ( 'detailed design', #6162, 'design' ) ;
#5738 = AXIS2_PLACEMENT_3D ( 'NONE', #1961, #7146, #3401 ) ;
#5739 = VERTEX_POINT ( 'NONE', #8371 ) ;
#5740 = CARTESIAN_POINT ( 'NONE',  ( 88.00000000000052580, 74.00000000000007105, 0.000000000000000000 ) ) ;
#5741 = ADVANCED_FACE ( 'NONE', ( #5890 ), #1359, .F. ) ;
#5742 = ORIENTED_EDGE ( 'NONE', *, *, #4938, .T. ) ;
#5743 = CARTESIAN_POINT ( 'NONE',  ( 800.0000000000000000, 515.0000000000000000, 380.0000000000000568 ) ) ;
#5744 = AXIS2_PLACEMENT_3D ( 'NONE', #6150, #6928, #8486 ) ;
#5745 = DIRECTION ( 'NONE',  ( 0.000000000000000000, 0.000000000000000000, -1.000000000000000000 ) ) ;
#5746 = ORIENTED_EDGE ( 'NONE', *, *, #7931, .T. ) ;
#5747 = EDGE_CURVE ( 'NONE', #4804, #3032, #5548, .T. ) ;
#5748 = ORIENTED_EDGE ( 'NONE', *, *, #5062, .T. ) ;
#5749 = CARTESIAN_POINT ( 'NONE',  ( 635.0000000000010232, 170.0000000000001990, 15.00000000000001421 ) ) ;
#5750 = CARTESIAN_POINT ( 'NONE',  ( 451.9999999999999432, 91.99999999999985789, 2.220446049250313081E-13 ) ) ;
#5751 = VECTOR ( 'NONE', #3706, 1000.000000000000000 ) ;
#5752 = VERTEX_POINT ( 'NONE', #8335 ) ;
#5753 = CARTESIAN_POINT ( 'NONE',  ( 8.000000000000007105, 78.00000000000001421, 15.00000000000001421 ) ) ;
#5754 = ORIENTED_EDGE ( 'NONE', *, *, #6530, .T. ) ;
#5755 = FACE_OUTER_BOUND ( 'NONE', #2088, .T. ) ;
#5756 = DIRECTION ( 'NONE',  ( 1.000000000000000000, 0.000000000000000000, 0.000000000000000000 ) ) ;
#5757 = CIRCLE ( 'NONE', #3286, 4.000000000000006217 ) ;
#5758 = LINE ( 'NONE', #9072, #5180 ) ;
#5759 = AXIS2_PLACEMENT_3D ( 'NONE', #1708, #141, #7546 ) ;
#5760 = MECHANICAL_DESIGN_GEOMETRIC_PRESENTATION_REPRESENTATION (  '', ( #9262 ), #5891 ) ;
#5761 = ADVANCED_FACE ( 'NONE', ( #4604 ), #9033, .F. ) ;
#5762 = CARTESIAN_POINT ( 'NONE',  ( 340.9999999999999432, 323.0000000000000000, -15.00000000000012434 ) ) ;
#5763 = ORIENTED_EDGE ( 'NONE', *, *, #4201, .F. ) ;
#5764 = CIRCLE ( 'NONE', #3584, 6.000000000000005329 ) ;
#5765 = DIRECTION ( 'NONE',  ( 0.000000000000000000, -1.000000000000000000, -2.220446049250313574E-16 ) ) ;
#5766 = CARTESIAN_POINT ( 'NONE',  ( 87.49999999999997158, 323.0000000000000000, 15.00000000000001421 ) ) ;
#5767 = LINE ( 'NONE', #2106, #2998 ) ;
#5768 = EDGE_CURVE ( 'NONE', #5282, #4626, #156, .T. ) ;
#5769 = DIRECTION ( 'NONE',  ( -1.000000000000000000, 0.000000000000000000, 0.000000000000000000 ) ) ;
#5770 = FACE_OUTER_BOUND ( 'NONE', #6558, .T. ) ;
#5771 = CARTESIAN_POINT ( 'NONE',  ( 674.0000000000010232, 304.0000000000006821, 15.00000000000001421 ) ) ;
#5772 = LINE ( 'NONE', #57, #3803 ) ;
#5773 = FACE_OUTER_BOUND ( 'NONE', #7891, .T. ) ;
#5774 = CARTESIAN_POINT ( 'NONE',  ( 458.2255256538928734, 80.02289542924846444, 10.96043497591299953 ) ) ;
#5775 = CARTESIAN_POINT ( 'NONE',  ( 0.000000000000000000, 0.000000000000000000, 15.00000000000001421 ) ) ;
#5776 = ADVANCED_FACE ( 'NONE', ( #5773 ), #6213, .T. ) ;
#5777 = DIRECTION ( 'NONE',  ( 0.000000000000000000, 0.000000000000000000, 1.000000000000000000 ) ) ;
#5778 = CIRCLE ( 'NONE', #7452, 3.000000000000002665 ) ;
#5779 = LINE ( 'NONE', #7449, #2886 ) ;
#5780 = VERTEX_POINT ( 'NONE', #1803 ) ;
#5781 = UNCERTAINTY_MEASURE_WITH_UNIT (LENGTH_MEASURE( 1.000000000000000082E-05 ), #1921, 'distance_accuracy_value', 'NONE');
#5782 = CIRCLE ( 'NONE', #6667, 3.000000000000007994 ) ;
#5783 = VECTOR ( 'NONE', #9127, 1000.000000000000000 ) ;
#5784 = AXIS2_PLACEMENT_3D ( 'NONE', #4702, #6172, #989 ) ;
#5785 = ORIENTED_EDGE ( 'NONE', *, *, #6675, .T. ) ;
#5786 = LINE ( 'NONE', #1819, #4160 ) ;
#5787 = DIRECTION ( 'NONE',  ( 1.000000000000000000, 0.000000000000000000, -0.000000000000000000 ) ) ;
#5788 = ORIENTED_EDGE ( 'NONE', *, *, #7215, .F. ) ;
#5789 = EDGE_LOOP ( 'NONE', ( #961, #1447, #5931, #8582 ) ) ;
#5790 = FACE_OUTER_BOUND ( 'NONE', #6486, .T. ) ;
#5791 = LINE ( 'NONE', #569, #3823 ) ;
#5792 = DIRECTION ( 'NONE',  ( -4.440892098500626162E-16, 6.938893903907225296E-18, -1.000000000000000000 ) ) ;
#5793 = DIRECTION ( 'NONE',  ( 1.000000000000000000, 9.860761315262647568E-32, 4.440892098500629120E-16 ) ) ;
#5794 = ORIENTED_EDGE ( 'NONE', *, *, #6953, .T. ) ;
#5795 = VECTOR ( 'NONE', #8792, 1000.000000000000000 ) ;
#5796 = CARTESIAN_POINT ( 'NONE',  ( 2.000000000000001776, 2.000000000000000000, -3.000000000000000000 ) ) ;
#5797 = CARTESIAN_POINT ( 'NONE',  ( 0.000000000000000000, 0.000000000000000000, -3.000000000000113687 ) ) ;
#5798 =( NAMED_UNIT ( * ) PLANE_ANGLE_UNIT ( ) SI_UNIT ( $, .RADIAN. ) );
#5799 = ORIENTED_EDGE ( 'NONE', *, *, #2425, .F. ) ;
#5800 = ORIENTED_EDGE ( 'NONE', *, *, #679, .T. ) ;
#5801 = CARTESIAN_POINT ( 'NONE',  ( 340.9999999999999432, 323.0000000000000000, -14.00000000000001243 ) ) ;
#5802 = CARTESIAN_POINT ( 'NONE',  ( 443.4999999999999432, 302.0000000000000000, -1.500000000000056843 ) ) ;
#5803 = ORIENTED_EDGE ( 'NONE', *, *, #5006, .T. ) ;
#5804 = VECTOR ( 'NONE', #7578, 1000.000000000000000 ) ;
#5805 = LINE ( 'NONE', #7621, #9433 ) ;
#5806 = DIRECTION ( 'NONE',  ( -0.000000000000000000, 0.000000000000000000, 1.000000000000000000 ) ) ;
#5807 = AXIS2_PLACEMENT_3D ( 'NONE', #8351, #4624, #5393 ) ;
#5808 = VERTEX_POINT ( 'NONE', #5479 ) ;
#5809 = FACE_OUTER_BOUND ( 'NONE', #1497, .T. ) ;
#5810 = ORIENTED_EDGE ( 'NONE', *, *, #8318, .T. ) ;
#5811 = ORIENTED_EDGE ( 'NONE', *, *, #5108, .T. ) ;
#5812 = EDGE_LOOP ( 'NONE', ( #4294, #4534 ) ) ;
#5813 = ORIENTED_EDGE ( 'NONE', *, *, #6953, .F. ) ;
#5814 = CARTESIAN_POINT ( 'NONE',  ( 88.00000000000052580, 266.0000000000003411, 0.000000000000000000 ) ) ;
#5815 = DIRECTION ( 'NONE',  ( 1.000000000000000000, 0.000000000000000000, 0.000000000000000000 ) ) ;
#5816 = EDGE_CURVE ( 'NONE', #1667, #6316, #7049, .T. ) ;
#5817 = EDGE_CURVE ( 'NONE', #71, #7333, #2882, .T. ) ;
#5818 = CARTESIAN_POINT ( 'NONE',  ( 117.0000000000000000, 323.0000000000000000, 14.00000000000001243 ) ) ;
#5819 = CIRCLE ( 'NONE', #6867, 7.500000000000007105 ) ;
#5820 = SURFACE_STYLE_USAGE ( .BOTH. , #606 ) ;
#5821 = DIRECTION ( 'NONE',  ( 0.000000000000000000, 0.000000000000000000, -1.000000000000000000 ) ) ;
#5822 = EDGE_CURVE ( 'NONE', #5480, #8035, #3687, .T. ) ;
#5823 = SURFACE_STYLE_FILL_AREA ( #1188 ) ;
#5824 = AXIS2_PLACEMENT_3D ( 'NONE', #5700, #4915, #4844 ) ;
#5825 = ORIENTED_EDGE ( 'NONE', *, *, #2971, .F. ) ;
#5826 = AXIS2_PLACEMENT_3D ( 'NONE', #8162, #8922, #7619 ) ;
#5827 = VERTEX_POINT ( 'NONE', #2847 ) ;
#5828 = CARTESIAN_POINT ( 'NONE',  ( 457.8720355837429565, 298.9894699543837646, 10.14617222310626588 ) ) ;
#5829 = PRODUCT ( 'A760250-COMPLETO-IM00', 'A760250-COMPLETO-IM00', '', ( #4378 ) ) ;
#5830 = DIRECTION ( 'NONE',  ( 1.000000000000000000, 0.000000000000000000, 0.000000000000000000 ) ) ;
#5831 = DIRECTION ( 'NONE',  ( 1.000000000000000000, 0.000000000000000000, 0.000000000000000000 ) ) ;
#5832 = DIRECTION ( 'NONE',  ( -0.000000000000000000, -0.000000000000000000, -1.000000000000000000 ) ) ;
#5833 = ADVANCED_FACE ( 'NONE', ( #8553 ), #4788, .T. ) ;
#5834 = VERTEX_POINT ( 'NONE', #5607 ) ;
#5835 = DIRECTION ( 'NONE',  ( -1.000000000000000000, -9.860761315262647568E-32, -4.440892098500629120E-16 ) ) ;
#5836 = EDGE_CURVE ( 'NONE', #9370, #2703, #2992, .T. ) ;
#5837 = MECHANICAL_DESIGN_GEOMETRIC_PRESENTATION_REPRESENTATION (  '', ( #6334 ), #3483 ) ;
#5838 = FILL_AREA_STYLE ('',( #2768 ) ) ;
#5839 = CARTESIAN_POINT ( 'NONE',  ( 147.4999999999999716, 272.0000000000000000, 15.00000000000001421 ) ) ;
#5840 = DIRECTION ( 'NONE',  ( 0.000000000000000000, 0.000000000000000000, 1.000000000000000000 ) ) ;
#5841 = DIRECTION ( 'NONE',  ( 0.000000000000000000, 0.000000000000000000, -1.000000000000000000 ) ) ;
#5842 = EDGE_LOOP ( 'NONE', ( #3377, #8844 ) ) ;
#5843 = CARTESIAN_POINT ( 'NONE',  ( 789.5000000000001137, 78.00000000000001421, 2.000000000000001776 ) ) ;
#5844 = EDGE_CURVE ( 'NONE', #4275, #1604, #8674, .T. ) ;
#5845 = ORIENTED_EDGE ( 'NONE', *, *, #3463, .F. ) ;
#5846 = AXIS2_PLACEMENT_3D ( 'NONE', #5289, #5265, #785 ) ;
#5847 = CARTESIAN_POINT ( 'NONE',  ( 0.000000000000000000, 78.00000000000001421, -7.499999999999840128 ) ) ;
#5848 = DIRECTION ( 'NONE',  ( -4.440892098500626162E-16, 6.938893903907225296E-18, -1.000000000000000000 ) ) ;
#5849 = VERTEX_POINT ( 'NONE', #4322 ) ;
#5850 = DIRECTION ( 'NONE',  ( 1.000000000000000000, 0.000000000000000000, 0.000000000000000000 ) ) ;
#5851 = AXIS2_PLACEMENT_3D ( 'NONE', #7770, #4822, #3417 ) ;
#5852 = CARTESIAN_POINT ( 'NONE',  ( 458.4267950260536395, 300.9468616835367811, 11.36113985367839163 ) ) ;
#5853 = ORIENTED_EDGE ( 'NONE', *, *, #3151, .T. ) ;
#5854 = DIRECTION ( 'NONE',  ( 1.000000000000000000, 0.000000000000000000, 0.000000000000000000 ) ) ;
#5855 = EDGE_CURVE ( 'NONE', #3267, #6048, #5311, .T. ) ;
#5856 = DIRECTION ( 'NONE',  ( -1.000000000000000000, 0.000000000000000000, 0.000000000000000000 ) ) ;
#5857 = ORIENTED_EDGE ( 'NONE', *, *, #7377, .F. ) ;
#5858 = CARTESIAN_POINT ( 'NONE',  ( 88.00000000000052580, 42.00000000000003553, 15.00000000000001421 ) ) ;
#5859 = CIRCLE ( 'NONE', #729, 2.500000000000002220 ) ;
#5860 = VERTEX_POINT ( 'NONE', #582 ) ;
#5861 = DIRECTION ( 'NONE',  ( 0.000000000000000000, 0.000000000000000000, 1.000000000000000000 ) ) ;
#5862 = CARTESIAN_POINT ( 'NONE',  ( 445.0000000000000000, 302.0000000000000000, 11.49999999999995737 ) ) ;
#5863 = VERTEX_POINT ( 'NONE', #8767 ) ;
#5864 = AXIS2_PLACEMENT_3D ( 'NONE', #7265, #2841, #3644 ) ;
#5865 = ORIENTED_EDGE ( 'NONE', *, *, #9500, .F. ) ;
#5866 = CARTESIAN_POINT ( 'NONE',  ( -6.245004513516505540E-14, 43.99999999999959499, 4.000000000000003553 ) ) ;
#5867 = VECTOR ( 'NONE', #757, 1000.000000000000000 ) ;
#5868 = EDGE_CURVE ( 'NONE', #1317, #7188, #9277, .T. ) ;
#5869 = EDGE_LOOP ( 'NONE', ( #7901, #2589 ) ) ;
#5870 = CARTESIAN_POINT ( 'NONE',  ( 40.00000000000003553, 302.0000000000000000, -7.499999999999840128 ) ) ;
#5871 = EDGE_CURVE ( 'NONE', #7094, #718, #3914, .T. ) ;
#5872 = DIRECTION ( 'NONE',  ( 0.000000000000000000, 0.000000000000000000, 1.000000000000000000 ) ) ;
#5873 = ADVANCED_FACE ( 'NONE', ( #6110 ), #4130, .F. ) ;
#5874 = SURFACE_STYLE_USAGE ( .BOTH. , #8832 ) ;
#5875 = CARTESIAN_POINT ( 'NONE',  ( 800.0000000000000000, 0.000000000000000000, 15.00000000000001421 ) ) ;
#5876 = ORIENTED_EDGE ( 'NONE', *, *, #7327, .T. ) ;
#5877 = CARTESIAN_POINT ( 'NONE',  ( 278.0000000000000000, 47.99999999999998579, 15.00000000000001421 ) ) ;
#5878 = CARTESIAN_POINT ( 'NONE',  ( 674.0000000000010232, 48.00000000000015632, 9.000000000000007105 ) ) ;
#5879 = VECTOR ( 'NONE', #473, 1000.000000000000000 ) ;
#5880 = ORIENTED_EDGE ( 'NONE', *, *, #6530, .F. ) ;
#5881 = FACE_OUTER_BOUND ( 'NONE', #6146, .T. ) ;
#5882 = CIRCLE ( 'NONE', #6292, 3.000000000000004441 ) ;
#5883 = VERTEX_POINT ( 'NONE', #2660 ) ;
#5884 = DIRECTION ( 'NONE',  ( 1.000000000000000000, 0.000000000000000000, 0.000000000000000000 ) ) ;
#5885 = CARTESIAN_POINT ( 'NONE',  ( 796.0000000000000000, 78.00000000000001421, 15.00000000000001421 ) ) ;
#5886 = DIRECTION ( 'NONE',  ( -1.000000000000000000, -9.860761315262647568E-32, -4.440892098500629120E-16 ) ) ;
#5887 = DIRECTION ( 'NONE',  ( 1.000000000000000000, -7.304098846218143542E-16, 0.000000000000000000 ) ) ;
#5888 = EDGE_CURVE ( 'NONE', #596, #4797, #1586, .T. ) ;
#5889 = VECTOR ( 'NONE', #3870, 1000.000000000000000 ) ;
#5890 = FACE_OUTER_BOUND ( 'NONE', #7665, .T. ) ;
#5891 =( GEOMETRIC_REPRESENTATION_CONTEXT ( 3 ) GLOBAL_UNCERTAINTY_ASSIGNED_CONTEXT ( ( #5672 ) ) GLOBAL_UNIT_ASSIGNED_CONTEXT ( ( #3311, #9372, #1952 ) ) REPRESENTATION_CONTEXT ( 'NONE', 'WORKASPACE' ) );
#5892 = DIRECTION ( 'NONE',  ( -4.440892098500626162E-16, 6.938893903907225296E-18, -1.000000000000000000 ) ) ;
#5893 = LINE ( 'NONE', #6222, #7856 ) ;
#5894 = CYLINDRICAL_SURFACE ( 'NONE', #9330, 4.000000000000023981 ) ;
#5895 = DIRECTION ( 'NONE',  ( -0.000000000000000000, 0.000000000000000000, 1.000000000000000000 ) ) ;
#5896 = CARTESIAN_POINT ( 'NONE',  ( 216.4999999999999716, 272.0000000000000000, -15.00000000000012434 ) ) ;
#5897 = CIRCLE ( 'NONE', #8657, 3.000000000000004441 ) ;
#5898 = DIRECTION ( 'NONE',  ( 0.000000000000000000, -1.000000000000000000, 0.000000000000000000 ) ) ;
#5899 = CIRCLE ( 'NONE', #3989, 4.000000000000003553 ) ;
#5900 = EDGE_CURVE ( 'NONE', #4572, #4346, #3570, .T. ) ;
#5901 = ORIENTED_EDGE ( 'NONE', *, *, #2207, .F. ) ;
#5902 = CYLINDRICAL_SURFACE ( 'NONE', #8812, 3.000000000000002665 ) ;
#5903 = DIRECTION ( 'NONE',  ( 1.000000000000000000, 0.000000000000000000, -0.000000000000000000 ) ) ;
#5904 = DIRECTION ( 'NONE',  ( 0.000000000000000000, -0.000000000000000000, 1.000000000000000000 ) ) ;
#5905 = VERTEX_POINT ( 'NONE', #2604 ) ;
#5906 = CARTESIAN_POINT ( 'NONE',  ( 122.0000000000003268, 41.99999999999997868, 15.00000000000001421 ) ) ;
#5907 = MANIFOLD_SOLID_BREP ( 'Cortar-Extruir1[2]', #1272 ) ;
#5908 = VECTOR ( 'NONE', #8856, 1000.000000000000000 ) ;
#5909 = VECTOR ( 'NONE', #7026, 1000.000000000000000 ) ;
#5910 = DIRECTION ( 'NONE',  ( 1.000000000000000000, 0.000000000000000000, 0.000000000000000000 ) ) ;
#5911 = CARTESIAN_POINT ( 'NONE',  ( 128.3472685080715507, 190.0000000000000000, 9.500000000000000000 ) ) ;
#5912 = DIRECTION ( 'NONE',  ( -0.000000000000000000, 0.000000000000000000, 1.000000000000000000 ) ) ;
#5913 = ORIENTED_EDGE ( 'NONE', *, *, #9384, .T. ) ;
#5914 = CARTESIAN_POINT ( 'NONE',  ( 451.9999999999999432, 240.0000000000001137, 4.000000000000003553 ) ) ;
#5915 = ORIENTED_EDGE ( 'NONE', *, *, #6515, .T. ) ;
#5916 = EDGE_CURVE ( 'NONE', #4916, #3066, #9156, .T. ) ;
#5917 = FACE_OUTER_BOUND ( 'NONE', #2635, .T. ) ;
#5918 = VERTEX_POINT ( 'NONE', #4848 ) ;
#5919 = AXIS2_PLACEMENT_3D ( 'NONE', #419, #7848, #8698 ) ;
#5920 = VERTEX_POINT ( 'NONE', #5039 ) ;
#5921 = FACE_OUTER_BOUND ( 'NONE', #7919, .T. ) ;
#5922 = DIRECTION ( 'NONE',  ( -1.000000000000000000, 0.000000000000000000, 0.000000000000000000 ) ) ;
#5923 = DIRECTION ( 'NONE',  ( 0.000000000000000000, 0.000000000000000000, -1.000000000000000000 ) ) ;
#5924 = ORIENTED_EDGE ( 'NONE', *, *, #2565, .T. ) ;
#5925 = LINE ( 'NONE', #2759, #661 ) ;
#5926 = PRESENTATION_LAYER_ASSIGNMENT (  '', '', ( #408 ) ) ;
#5927 = ORIENTED_EDGE ( 'NONE', *, *, #9169, .F. ) ;
#5928 = ORIENTED_EDGE ( 'NONE', *, *, #1003, .T. ) ;
#5929 = ORIENTED_EDGE ( 'NONE', *, *, #8895, .T. ) ;
#5930 = ADVANCED_FACE ( 'NONE', ( #7499 ), #722, .F. ) ;
#5931 = ORIENTED_EDGE ( 'NONE', *, *, #2341, .T. ) ;
#5932 = FACE_OUTER_BOUND ( 'NONE', #2953, .T. ) ;
#5933 = PLANE ( 'NONE',  #7470 ) ;
#5934 = DIRECTION ( 'NONE',  ( 1.000000000000000000, 0.000000000000000000, 0.000000000000000000 ) ) ;
#5935 = ORIENTED_EDGE ( 'NONE', *, *, #5040, .T. ) ;
#5936 = VECTOR ( 'NONE', #8990, 1000.000000000000000 ) ;
#5937 = CARTESIAN_POINT ( 'NONE',  ( 0.000000000000000000, 0.000000000000000000, 15.00000000000001421 ) ) ;
#5938 = ORIENTED_EDGE ( 'NONE', *, *, #3750, .T. ) ;
#5939 = ORIENTED_EDGE ( 'NONE', *, *, #3205, .F. ) ;
#5940 = PLANE ( 'NONE',  #2307 ) ;
#5941 = VECTOR ( 'NONE', #7793, 1000.000000000000000 ) ;
#5942 = CARTESIAN_POINT ( 'NONE',  ( 457.7949956088452268, 81.17861389013812357, 5.058155604052941179 ) ) ;
#5943 = VERTEX_POINT ( 'NONE', #8867 ) ;
#5944 = DIRECTION ( 'NONE',  ( 0.000000000000000000, 0.000000000000000000, 1.000000000000000000 ) ) ;
#5945 = ORIENTED_EDGE ( 'NONE', *, *, #8811, .F. ) ;
#5946 = EDGE_CURVE ( 'NONE', #3845, #864, #5764, .T. ) ;
#5947 = CARTESIAN_POINT ( 'NONE',  ( 800.0000000000000000, 380.0000000000000000, 15.00000000000001421 ) ) ;
#5948 = DIRECTION ( 'NONE',  ( 0.000000000000000000, 0.000000000000000000, 1.000000000000000000 ) ) ;
#5949 = DIRECTION ( 'NONE',  ( 1.000000000000000000, 0.000000000000000000, 0.000000000000000000 ) ) ;
#5950 = EDGE_CURVE ( 'NONE', #9437, #6655, #4722, .T. ) ;
#5951 = AXIS2_PLACEMENT_3D ( 'NONE', #5801, #1313, #7254 ) ;
#5952 = DIRECTION ( 'NONE',  ( 1.000000000000000000, 0.000000000000000000, 0.000000000000000000 ) ) ;
#5953 = CARTESIAN_POINT ( 'NONE',  ( 213.9999999999999716, 272.0000000000000000, 15.00000000000001421 ) ) ;
#5954 = CARTESIAN_POINT ( 'NONE',  ( 84.99999999999997158, 323.0000000000000000, 15.00000000000001421 ) ) ;
#5955 = DIRECTION ( 'NONE',  ( 1.000000000000000000, 0.000000000000000000, 0.000000000000000000 ) ) ;
#5956 = DIRECTION ( 'NONE',  ( -0.000000000000000000, -0.000000000000000000, -1.000000000000000000 ) ) ;
#5957 = ORIENTED_EDGE ( 'NONE', *, *, #1526, .F. ) ;
#5958 = CARTESIAN_POINT ( 'NONE',  ( 353.9999999999999432, 362.0000000000001137, 15.00000000000012434 ) ) ;
#5959 = VERTEX_POINT ( 'NONE', #3717 ) ;
#5960 = EDGE_CURVE ( 'NONE', #7474, #7309, #9617, .T. ) ;
#5961 = ORIENTED_EDGE ( 'NONE', *, *, #4136, .F. ) ;
#5962 = DIRECTION ( 'NONE',  ( 0.000000000000000000, 0.000000000000000000, 1.000000000000000000 ) ) ;
#5963 = VERTEX_POINT ( 'NONE', #4382 ) ;
#5964 = EDGE_LOOP ( 'NONE', ( #1104, #133, #4286, #2526 ) ) ;
#5965 = PLANE ( 'NONE',  #6093 ) ;
#5966 = ORIENTED_EDGE ( 'NONE', *, *, #9142, .F. ) ;
#5967 = CARTESIAN_POINT ( 'NONE',  ( 0.000000000000000000, 0.000000000000000000, 15.00000000000001421 ) ) ;
#5968 = PLANE ( 'NONE',  #2883 ) ;
#5969 = EDGE_CURVE ( 'NONE', #8010, #5863, #1944, .T. ) ;
#5970 = DIRECTION ( 'NONE',  ( 0.000000000000000000, 0.000000000000000000, -1.000000000000000000 ) ) ;
#5971 = ADVANCED_FACE ( 'NONE', ( #383 ), #4420, .F. ) ;
#5972 = CARTESIAN_POINT ( 'NONE',  ( 629.5000000000010232, 74.00000000000017053, 0.000000000000000000 ) ) ;
#5973 = ORIENTED_EDGE ( 'NONE', *, *, #6012, .T. ) ;
#5974 = DIRECTION ( 'NONE',  ( -1.000000000000000000, 0.000000000000000000, 0.000000000000000000 ) ) ;
#5975 = ORIENTED_EDGE ( 'NONE', *, *, #4328, .F. ) ;
#5976 = AXIS2_PLACEMENT_3D ( 'NONE', #1135, #8507, #6312 ) ;
#5977 = CARTESIAN_POINT ( 'NONE',  ( 84.00000000000051159, 42.00000000000003553, 9.000000000000007105 ) ) ;
#5978 = VECTOR ( 'NONE', #8633, 1000.000000000000000 ) ;
#5979 = LINE ( 'NONE', #2145, #7250 ) ;
#5980 = ORIENTED_EDGE ( 'NONE', *, *, #6317, .F. ) ;
#5981 = DIRECTION ( 'NONE',  ( 0.000000000000000000, 0.000000000000000000, 1.000000000000000000 ) ) ;
#5982 = CARTESIAN_POINT ( 'NONE',  ( 98.00000000000005684, 362.0000000000001137, 15.00000000000012434 ) ) ;
#5983 = AXIS2_PLACEMENT_3D ( 'NONE', #2144, #2082, #8755 ) ;
#5984 = VERTEX_POINT ( 'NONE', #3653 ) ;
#5985 = CARTESIAN_POINT ( 'NONE',  ( 634.5000000000006821, 266.0000000000004547, 15.00000000000001421 ) ) ;
#5986 = VECTOR ( 'NONE', #9004, 1000.000000000000000 ) ;
#5987 = LINE ( 'NONE', #1518, #265 ) ;
#5988 = FACE_OUTER_BOUND ( 'NONE', #8823, .T. ) ;
#5989 = CARTESIAN_POINT ( 'NONE',  ( 353.9999999999999432, 362.0000000000001137, 15.00000000000012434 ) ) ;
#5990 = AXIS2_PLACEMENT_3D ( 'NONE', #9624, #4336, #538 ) ;
#5991 = EDGE_LOOP ( 'NONE', ( #4985, #3732, #6500, #8813 ) ) ;
#5992 = DIRECTION ( 'NONE',  ( 0.000000000000000000, 0.000000000000000000, 1.000000000000000000 ) ) ;
#5993 = DIRECTION ( 'NONE',  ( 0.000000000000000000, 0.000000000000000000, 1.000000000000000000 ) ) ;
#5994 = EDGE_CURVE ( 'NONE', #5119, #7704, #2289, .T. ) ;
#5995 = ORIENTED_EDGE ( 'NONE', *, *, #8211, .F. ) ;
#5996 = EDGE_CURVE ( 'NONE', #589, #5963, #1822, .T. ) ;
#5997 = VECTOR ( 'NONE', #8268, 1000.000000000000000 ) ;
#5998 = CARTESIAN_POINT ( 'NONE',  ( 457.8708435967878358, 81.01326785176604517, 4.856891459867828331 ) ) ;
#5999 = AXIS2_PLACEMENT_3D ( 'NONE', #8870, #5981, #9639 ) ;
#6000 = AXIS2_PLACEMENT_3D ( 'NONE', #7116, #5602, #3318 ) ;
#6001 = CARTESIAN_POINT ( 'NONE',  ( 451.9999999999999432, 43.99999999999959499, 4.000000000000225597 ) ) ;
#6002 = CARTESIAN_POINT ( 'NONE',  ( 457.6538778094337090, 305.4643557269570238, 9.516200785132571838 ) ) ;
#6003 = LINE ( 'NONE', #2694, #2060 ) ;
#6004 = FACE_BOUND ( 'NONE', #8410, .T. ) ;
#6005 = LINE ( 'NONE', #3593, #3236 ) ;
#6006 = PLANE ( 'NONE',  #7585 ) ;
#6007 = CARTESIAN_POINT ( 'NONE',  ( 27.54347181479136353, 0.000000000000000000, 9.500000000000000000 ) ) ;
#6008 = DIRECTION ( 'NONE',  ( 0.000000000000000000, 0.000000000000000000, 1.000000000000000000 ) ) ;
#6009 = VECTOR ( 'NONE', #3213, 1000.000000000000000 ) ;
#6010 = CARTESIAN_POINT ( 'NONE',  ( 213.9999999999999716, 272.0000000000000000, 15.00000000000001421 ) ) ;
#6011 = DIRECTION ( 'NONE',  ( -9.345988730335148917E-18, -1.000000000000000000, -6.938893903907225296E-18 ) ) ;
#6012 = EDGE_CURVE ( 'NONE', #6342, #3601, #8778, .T. ) ;
#6013 = PLANE ( 'NONE',  #9611 ) ;
#6014 = CIRCLE ( 'NONE', #6499, 2.499999999999995115 ) ;
#6015 = AXIS2_PLACEMENT_3D ( 'NONE', #7008, #844, #1616 ) ;
#6016 = VERTEX_POINT ( 'NONE', #5250 ) ;
#6017 = PRODUCT_DEFINITION_FORMATION_WITH_SPECIFIED_SOURCE ( 'ANY', '', #8036, .NOT_KNOWN. ) ;
#6018 = CYLINDRICAL_SURFACE ( 'NONE', #299, 2.500000000000002220 ) ;
#6019 = ADVANCED_FACE ( 'NONE', ( #6105 ), #3754, .T. ) ;
#6020 = ORIENTED_EDGE ( 'NONE', *, *, #4136, .T. ) ;
#6021 = CIRCLE ( 'NONE', #763, 2.500000000000002220 ) ;
#6022 = ORIENTED_EDGE ( 'NONE', *, *, #1522, .F. ) ;
#6023 = DIRECTION ( 'NONE',  ( 0.000000000000000000, 0.000000000000000000, 1.000000000000000000 ) ) ;
#6024 = EDGE_CURVE ( 'NONE', #8929, #3940, #8190, .T. ) ;
#6025 = ORIENTED_EDGE ( 'NONE', *, *, #6872, .F. ) ;
#6026 = CYLINDRICAL_SURFACE ( 'NONE', #2585, 2.500000000000002220 ) ;
#6027 = DIRECTION ( 'NONE',  ( 0.000000000000000000, 0.000000000000000000, 1.000000000000000000 ) ) ;
#6028 = LINE ( 'NONE', #1123, #2679 ) ;
#6029 = AXIS2_PLACEMENT_3D ( 'NONE', #6492, #7240, #5068 ) ;
#6030 = CARTESIAN_POINT ( 'NONE',  ( 672.0000000000001137, 190.0000000000000000, 15.00000000000001421 ) ) ;
#6031 = CARTESIAN_POINT ( 'NONE',  ( 0.000000000000000000, 0.000000000000000000, 15.00000000000001421 ) ) ;
#6032 = DIRECTION ( 'NONE',  ( 0.000000000000000000, -0.000000000000000000, 1.000000000000000000 ) ) ;
#6033 = VERTEX_POINT ( 'NONE', #5885 ) ;
#6034 = CIRCLE ( 'NONE', #1915, 2.500000000000002220 ) ;
#6035 = ORIENTED_EDGE ( 'NONE', *, *, #694, .T. ) ;
#6036 = ORIENTED_EDGE ( 'NONE', *, *, #5916, .F. ) ;
#6037 = VERTEX_POINT ( 'NONE', #2912 ) ;
#6038 = CYLINDRICAL_SURFACE ( 'NONE', #4416, 2.499999999999946709 ) ;
#6039 = DIRECTION ( 'NONE',  ( 0.000000000000000000, 0.000000000000000000, 1.000000000000000000 ) ) ;
#6040 = CIRCLE ( 'NONE', #3398, 6.000000000000012434 ) ;
#6041 = CARTESIAN_POINT ( 'NONE',  ( 457.3440433568522963, 306.0003892439281685, 7.240669793945500032 ) ) ;
#6042 = EDGE_CURVE ( 'NONE', #5849, #1375, #2708, .T. ) ;
#6043 = EDGE_CURVE ( 'NONE', #7649, #139, #8427, .T. ) ;
#6044 = VERTEX_POINT ( 'NONE', #5977 ) ;
#6045 = FACE_BOUND ( 'NONE', #3657, .T. ) ;
#6046 = AXIS2_PLACEMENT_3D ( 'NONE', #8997, #62, #820 ) ;
#6047 = CARTESIAN_POINT ( 'NONE',  ( 0.000000000000000000, 60.00000000000012079, 15.00000000000006928 ) ) ;
#6048 = VERTEX_POINT ( 'NONE', #691 ) ;
#6049 = ORIENTED_EDGE ( 'NONE', *, *, #5950, .F. ) ;
#6050 = CARTESIAN_POINT ( 'NONE',  ( 27.54347181479136353, 0.000000000000000000, 31.00000000000000000 ) ) ;
#6051 = CYLINDRICAL_SURFACE ( 'NONE', #6052, 3.000000000000002665 ) ;
#6052 = AXIS2_PLACEMENT_3D ( 'NONE', #3945, #9249, #5440 ) ;
#6053 = DIRECTION ( 'NONE',  ( 1.000000000000000000, 9.860761315262647568E-32, 4.440892098500629120E-16 ) ) ;
#6054 = LINE ( 'NONE', #8004, #95 ) ;
#6055 = ORIENTED_EDGE ( 'NONE', *, *, #8854, .T. ) ;
#6056 = EDGE_CURVE ( 'NONE', #7063, #5352, #7615, .T. ) ;
#6057 = DIRECTION ( 'NONE',  ( 0.000000000000000000, 0.000000000000000000, 1.000000000000000000 ) ) ;
#6058 = EDGE_CURVE ( 'NONE', #1043, #7243, #5070, .T. ) ;
#6059 = SURFACE_STYLE_FILL_AREA ( #7105 ) ;
#6060 = CARTESIAN_POINT ( 'NONE',  ( 277.9999999999998863, 272.0000000000000000, -15.00000000000012434 ) ) ;
#6061 =( NAMED_UNIT ( * ) SI_UNIT ( $, .STERADIAN. ) SOLID_ANGLE_UNIT ( ) );
#6062 = ORIENTED_EDGE ( 'NONE', *, *, #6436, .F. ) ;
#6063 = CARTESIAN_POINT ( 'NONE',  ( 122.0000000000003268, 41.99999999999997868, 9.000000000000007105 ) ) ;
#6064 = DIRECTION ( 'NONE',  ( -1.000000000000000000, -0.000000000000000000, -0.000000000000000000 ) ) ;
#6065 = DIRECTION ( 'NONE',  ( 9.860761315262643189E-32, 1.000000000000000000, 6.938893903907225296E-18 ) ) ;
#6066 = PLANE ( 'NONE',  #8288 ) ;
#6067 = DIRECTION ( 'NONE',  ( -1.000000000000000000, 0.000000000000000000, 0.000000000000000000 ) ) ;
#6068 = EDGE_LOOP ( 'NONE', ( #7111, #3553, #4542, #3832 ) ) ;
#6069 = CARTESIAN_POINT ( 'NONE',  ( 451.9999999999998863, 335.9999999999999432, 4.000000000000114575 ) ) ;
#6070 = AXIS2_PLACEMENT_3D ( 'NONE', #3913, #3210, #6930 ) ;
#6071 = ORIENTED_EDGE ( 'NONE', *, *, #5969, .T. ) ;
#6072 = DIRECTION ( 'NONE',  ( 0.000000000000000000, 0.000000000000000000, 1.000000000000000000 ) ) ;
#6073 = AXIS2_PLACEMENT_3D ( 'NONE', #926, #8356, #1015 ) ;
#6074 = DIRECTION ( 'NONE',  ( 0.000000000000000000, 0.000000000000000000, -1.000000000000000000 ) ) ;
#6075 = DIRECTION ( 'NONE',  ( 0.000000000000000000, 0.000000000000000000, 1.000000000000000000 ) ) ;
#6076 = DIRECTION ( 'NONE',  ( 0.000000000000000000, -1.000000000000000000, 0.000000000000000000 ) ) ;
#6077 = ORIENTED_EDGE ( 'NONE', *, *, #4287, .T. ) ;
#6078 = ADVANCED_FACE ( 'NONE', ( #6465 ), #3777, .F. ) ;
#6079 = DIRECTION ( 'NONE',  ( -1.000000000000000000, 0.000000000000000000, 0.000000000000000000 ) ) ;
#6080 = DIRECTION ( 'NONE',  ( -0.000000000000000000, -0.000000000000000000, -1.000000000000000000 ) ) ;
#6081 = FACE_OUTER_BOUND ( 'NONE', #7290, .T. ) ;
#6082 = EDGE_CURVE ( 'NONE', #5421, #9001, #4024, .T. ) ;
#6083 = CARTESIAN_POINT ( 'NONE',  ( 0.000000000000000000, 60.00000000000014921, -1.110223024625156540E-13 ) ) ;
#6084 = EDGE_LOOP ( 'NONE', ( #7002, #5589, #9673, #4219 ) ) ;
#6085 = CARTESIAN_POINT ( 'NONE',  ( 598.0000000000010232, 36.00000000000014211, 9.000000000000007105 ) ) ;
#6086 = DIRECTION ( 'NONE',  ( 1.000000000000000000, 0.000000000000000000, 4.003208021484936073E-16 ) ) ;
#6087 = VERTEX_POINT ( 'NONE', #8971 ) ;
#6088 = CARTESIAN_POINT ( 'NONE',  ( 458.4999999999999432, 78.00000000000001421, 15.00000000000001421 ) ) ;
#6089 = DIRECTION ( 'NONE',  ( 0.000000000000000000, 0.000000000000000000, -1.000000000000000000 ) ) ;
#6090 = EDGE_CURVE ( 'NONE', #2100, #8835, #6805, .T. ) ;
#6091 = ORIENTED_EDGE ( 'NONE', *, *, #2152, .T. ) ;
#6092 = ORIENTED_EDGE ( 'NONE', *, *, #5108, .F. ) ;
#6093 = AXIS2_PLACEMENT_3D ( 'NONE', #1521, #3764, #5259 ) ;
#6094 = CARTESIAN_POINT ( 'NONE',  ( 0.000000000000000000, 0.000000000000000000, 15.00000000000001421 ) ) ;
#6095 = DIRECTION ( 'NONE',  ( 0.000000000000000000, 0.000000000000000000, -1.000000000000000000 ) ) ;
#6096 = CARTESIAN_POINT ( 'NONE',  ( 457.4253799776121809, 305.8688846534922732, 6.450176093578916081 ) ) ;
#6097 = LINE ( 'NONE', #4580, #7028 ) ;
#6098 = VERTEX_POINT ( 'NONE', #2286 ) ;
#6099 = DIRECTION ( 'NONE',  ( -0.000000000000000000, 0.000000000000000000, 1.000000000000000000 ) ) ;
#6100 =( GEOMETRIC_REPRESENTATION_CONTEXT ( 3 ) GLOBAL_UNCERTAINTY_ASSIGNED_CONTEXT ( ( #7500 ) ) GLOBAL_UNIT_ASSIGNED_CONTEXT ( ( #2870, #2247, #9628 ) ) REPRESENTATION_CONTEXT ( 'NONE', 'WORKASPACE' ) );
#6101 = DIRECTION ( 'NONE',  ( 0.000000000000000000, 0.000000000000000000, -1.000000000000000000 ) ) ;
#6102 = EDGE_LOOP ( 'NONE', ( #8738, #1387 ) ) ;
#6103 = PLANE ( 'NONE',  #1333 ) ;
#6104 = FACE_BOUND ( 'NONE', #4406, .T. ) ;
#6105 = FACE_OUTER_BOUND ( 'NONE', #9440, .T. ) ;
#6106 = ORIENTED_EDGE ( 'NONE', *, *, #1932, .F. ) ;
#6107 = CARTESIAN_POINT ( 'NONE',  ( 598.0000000000010232, 42.00000000000003553, 9.000000000000007105 ) ) ;
#6108 = CARTESIAN_POINT ( 'NONE',  ( 0.000000000000000000, 13.99999999999999822, 10.50000000000006573 ) ) ;
#6109 = DIRECTION ( 'NONE',  ( 1.000000000000000000, 0.000000000000000000, 0.000000000000000000 ) ) ;
#6110 = FACE_OUTER_BOUND ( 'NONE', #4861, .T. ) ;
#6111 = CARTESIAN_POINT ( 'NONE',  ( 0.000000000000000000, 0.000000000000000000, 0.000000000000000000 ) ) ;
#6112 = EDGE_CURVE ( 'NONE', #5863, #8010, #2167, .T. ) ;
#6113 = EDGE_CURVE ( 'NONE', #235, #3906, #498, .T. ) ;
#6114 = VECTOR ( 'NONE', #6904, 1000.000000000000000 ) ;
#6115 = DIRECTION ( 'NONE',  ( 1.000000000000000000, 0.000000000000000000, 0.000000000000000000 ) ) ;
#6116 = ADVANCED_FACE ( 'NONE', ( #8063 ), #4484, .F. ) ;
#6117 = CYLINDRICAL_SURFACE ( 'NONE', #9194, 4.000000000000003553 ) ;
#6118 = EDGE_CURVE ( 'NONE', #6285, #3129, #4594, .T. ) ;
#6119 = APPLICATION_PROTOCOL_DEFINITION ( 'draft international standard', 'automotive_design', 1998, #9129 ) ;
#6120 = VECTOR ( 'NONE', #8150, 1000.000000000000000 ) ;
#6121 = AXIS2_PLACEMENT_3D ( 'NONE', #8038, #8803, #3623 ) ;
#6122 = CYLINDRICAL_SURFACE ( 'NONE', #5674, 2.500000000000002220 ) ;
#6123 =( LENGTH_UNIT ( ) NAMED_UNIT ( * ) SI_UNIT ( .MILLI., .METRE. ) );
#6124 =( GEOMETRIC_REPRESENTATION_CONTEXT ( 3 ) GLOBAL_UNCERTAINTY_ASSIGNED_CONTEXT ( ( #5299 ) ) GLOBAL_UNIT_ASSIGNED_CONTEXT ( ( #3087, #3142, #3797 ) ) REPRESENTATION_CONTEXT ( 'NONE', 'WORKASPACE' ) );
#6125 = CARTESIAN_POINT ( 'NONE',  ( -6.938893903907228378E-15, 380.0000000000000000, 0.000000000000000000 ) ) ;
#6126 = CARTESIAN_POINT ( 'NONE',  ( 457.6540158402144129, 298.5359054567076100, -9.516660286410512981 ) ) ;
#6127 = ORIENTED_EDGE ( 'NONE', *, *, #7432, .F. ) ;
#6128 = CYLINDRICAL_SURFACE ( 'NONE', #5657, 2.499999999999946709 ) ;
#6129 = CARTESIAN_POINT ( 'NONE',  ( 466.2791522340547772, 337.2193787511251912, 15.00000000000001421 ) ) ;
#6130 = VERTEX_POINT ( 'NONE', #3098 ) ;
#6131 = DIRECTION ( 'NONE',  ( -1.000000000000000000, 0.000000000000000000, 0.000000000000000000 ) ) ;
#6132 = ORIENTED_EDGE ( 'NONE', *, *, #5185, .T. ) ;
#6133 = VECTOR ( 'NONE', #9522, 1000.000000000000000 ) ;
#6134 = DIRECTION ( 'NONE',  ( 0.000000000000000000, 0.000000000000000000, -1.000000000000000000 ) ) ;
#6135 = LINE ( 'NONE', #2556, #9533 ) ;
#6136 = CONTEXT_DEPENDENT_SHAPE_REPRESENTATION ( #7834, #4210 ) ;
#6137 = CARTESIAN_POINT ( 'NONE',  ( 458.4999999999999432, 78.00000000000000000, 3.499999999999947597 ) ) ;
#6138 = DIRECTION ( 'NONE',  ( -0.000000000000000000, 0.000000000000000000, 1.000000000000000000 ) ) ;
#6139 = EDGE_CURVE ( 'NONE', #2092, #7063, #8543, .T. ) ;
#6140 = AXIS2_PLACEMENT_3D ( 'NONE', #848, #1684, #6884 ) ;
#6141 = ORIENTED_EDGE ( 'NONE', *, *, #307, .F. ) ;
#6142 = PRESENTATION_STYLE_ASSIGNMENT (( #6914 ) ) ;
#6143 = PLANE ( 'NONE',  #3758 ) ;
#6144 = ORIENTED_EDGE ( 'NONE', *, *, #3109, .T. ) ;
#6145 = DIRECTION ( 'NONE',  ( 0.000000000000000000, 0.000000000000000000, 1.000000000000000000 ) ) ;
#6146 = EDGE_LOOP ( 'NONE', ( #4100, #5214, #8862, #6605 ) ) ;
#6147 = LINE ( 'NONE', #5862, #7193 ) ;
#6148 = FACE_OUTER_BOUND ( 'NONE', #2208, .T. ) ;
#6149 = CONTEXT_DEPENDENT_SHAPE_REPRESENTATION ( #1111, #125 ) ;
#6150 = CARTESIAN_POINT ( 'NONE',  ( 792.0000000000000000, 301.9999999999999432, 15.00000000000001421 ) ) ;
#6151 = CARTESIAN_POINT ( 'NONE',  ( 125.0000000000000000, 190.0000000000000000, 0.000000000000000000 ) ) ;
#6152 = VERTEX_POINT ( 'NONE', #1590 ) ;
#6153 = VECTOR ( 'NONE', #1339, 1000.000000000000000 ) ;
#6154 = EDGE_LOOP ( 'NONE', ( #8596, #341 ) ) ;
#6155 = VERTEX_POINT ( 'NONE', #4550 ) ;
#6156 = VERTEX_POINT ( 'NONE', #4437 ) ;
#6157 = DIRECTION ( 'NONE',  ( -1.000000000000000000, 0.000000000000000000, 0.000000000000000000 ) ) ;
#6158 = EDGE_CURVE ( 'NONE', #596, #4810, #7943, .T. ) ;
#6159 = ORIENTED_EDGE ( 'NONE', *, *, #3155, .F. ) ;
#6160 = FACE_OUTER_BOUND ( 'NONE', #7573, .T. ) ;
#6161 = CARTESIAN_POINT ( 'NONE',  ( 0.000000000000000000, 302.0000000000000000, -10.49999999999984368 ) ) ;
#6162 = APPLICATION_CONTEXT ( 'automotive_design' ) ;
#6163 = EDGE_LOOP ( 'NONE', ( #1658, #5030, #1674, #7107 ) ) ;
#6164 = COLOUR_RGB ( '',1.000000000000000000, 1.000000000000000000, 1.000000000000000000 ) ;
#6165 =( LENGTH_UNIT ( ) NAMED_UNIT ( * ) SI_UNIT ( .MILLI., .METRE. ) );
#6166 = AXIS2_PLACEMENT_3D ( 'NONE', #4141, #9291, #7831 ) ;
#6167 = ORIENTED_EDGE ( 'NONE', *, *, #2009, .F. ) ;
#6168 = EDGE_LOOP ( 'NONE', ( #2252, #7972, #8113, #1908, #3428 ) ) ;
#6169 = CARTESIAN_POINT ( 'NONE',  ( 457.7949956088453405, 305.1786138901381946, 5.058155604052941179 ) ) ;
#6170 = EDGE_CURVE ( 'NONE', #4006, #3242, #8302, .T. ) ;
#6171 = FACE_OUTER_BOUND ( 'NONE', #9554, .T. ) ;
#6172 = DIRECTION ( 'NONE',  ( 9.860761315262643189E-32, 1.000000000000000000, 6.938893903907225296E-18 ) ) ;
#6173 = SHAPE_REPRESENTATION_RELATIONSHIP ( 'NONE' , 'NONE' ,  #8136, #3633 ) ;
#6174 = ORIENTED_EDGE ( 'NONE', *, *, #7630, .T. ) ;
#6175 = CARTESIAN_POINT ( 'NONE',  ( 119.5000000000000000, 323.0000000000000000, 14.00000000000001243 ) ) ;
#6176 = ORIENTED_EDGE ( 'NONE', *, *, #6112, .T. ) ;
#6177 = CARTESIAN_POINT ( 'NONE',  ( 457.3615938947221480, 74.02710281404479531, 6.965220143283904264 ) ) ;
#6178 = ADVANCED_FACE ( 'NONE', ( #3104 ), #9442, .F. ) ;
#6179 = AXIS2_PLACEMENT_3D ( 'NONE', #1771, #9214, #1029 ) ;
#6180 = CARTESIAN_POINT ( 'NONE',  ( 0.000000000000000000, 320.0000000000000000, 0.000000000000000000 ) ) ;
#6181 = DIRECTION ( 'NONE',  ( 0.000000000000000000, -0.000000000000000000, 1.000000000000000000 ) ) ;
#6182 = ORIENTED_EDGE ( 'NONE', *, *, #8705, .F. ) ;
#6183 = EDGE_CURVE ( 'NONE', #130, #4186, #2057, .T. ) ;
#6184 = CARTESIAN_POINT ( 'NONE',  ( 46.00000000000004263, 292.0000000000003979, 9.000000000000007105 ) ) ;
#6185 = DIRECTION ( 'NONE',  ( 0.000000000000000000, 1.000000000000000000, 0.000000000000000000 ) ) ;
#6186 = EDGE_CURVE ( 'NONE', #3105, #2190, #7729, .T. ) ;
#6187 = CARTESIAN_POINT ( 'NONE',  ( 598.0000000000010232, 304.0000000000006821, 9.000000000000007105 ) ) ;
#6188 = EDGE_LOOP ( 'NONE', ( #6426, #5210, #542, #3185 ) ) ;
#6189 = CARTESIAN_POINT ( 'NONE',  ( 451.9999999999998863, -2.220446049250313081E-13, 15.00000000000012434 ) ) ;
#6190 = CARTESIAN_POINT ( 'NONE',  ( 0.000000000000000000, 302.0000000000000000, -7.499999999999840128 ) ) ;
#6191 = ORIENTED_EDGE ( 'NONE', *, *, #6907, .F. ) ;
#6192 = PLANE ( 'NONE',  #9364 ) ;
#6193 = ORIENTED_EDGE ( 'NONE', *, *, #6624, .F. ) ;
#6194 = APPLICATION_PROTOCOL_DEFINITION ( 'draft international standard', 'automotive_design', 1998, #5514 ) ;
#6195 = PRODUCT_DEFINITION_SHAPE ( 'NONE', 'NONE',  #9681 ) ;
#6196 =( NAMED_UNIT ( * ) PLANE_ANGLE_UNIT ( ) SI_UNIT ( $, .RADIAN. ) );
#6197 = ORIENTED_EDGE ( 'NONE', *, *, #6112, .F. ) ;
#6198 = CARTESIAN_POINT ( 'NONE',  ( 24.99999999999991118, 46.00000000000005684, 4.500000000000057732 ) ) ;
#6199 = ORIENTED_EDGE ( 'NONE', *, *, #5946, .F. ) ;
#6200 = CARTESIAN_POINT ( 'NONE',  ( 0.000000000000000000, 0.000000000000000000, -3.000000000000113687 ) ) ;
#6201 = CARTESIAN_POINT ( 'NONE',  ( 275.5000000000000000, 47.99999999999998579, -15.00000000000012434 ) ) ;
#6202 = CARTESIAN_POINT ( 'NONE',  ( 54.56410256410254789, 190.0000000000000000, 31.00000000000001066 ) ) ;
#6203 = EDGE_LOOP ( 'NONE', ( #7543, #3928, #440, #6393 ) ) ;
#6204 = EDGE_CURVE ( 'NONE', #8481, #6751, #7845, .T. ) ;
#6205 = AXIS2_PLACEMENT_3D ( 'NONE', #963, #3231, #161 ) ;
#6206 = PRODUCT_RELATED_PRODUCT_CATEGORY ( 'part', '', ( #2913 ) ) ;
#6207 = UNCERTAINTY_MEASURE_WITH_UNIT (LENGTH_MEASURE( 1.000000000000000082E-05 ), #669, 'distance_accuracy_value', 'NONE');
#6208 = DIRECTION ( 'NONE',  ( -1.000000000000000000, 0.000000000000000000, 0.000000000000000000 ) ) ;
#6209 = ADVANCED_FACE ( 'NONE', ( #1103 ), #7038, .F. ) ;
#6210 = CARTESIAN_POINT ( 'NONE',  ( 457.5875855895269524, 74.41290151021316035, 9.289245272046567692 ) ) ;
#6211 = ORIENTED_EDGE ( 'NONE', *, *, #6317, .T. ) ;
#6212 = ORIENTED_EDGE ( 'NONE', *, *, #9188, .T. ) ;
#6213 = PLANE ( 'NONE',  #2511 ) ;
#6214 = AXIS2_PLACEMENT_3D ( 'NONE', #4203, #8641, #457 ) ;
#6215 = EDGE_CURVE ( 'NONE', #6037, #6732, #271, .T. ) ;
#6216 = FACE_OUTER_BOUND ( 'NONE', #6154, .T. ) ;
#6217 = VECTOR ( 'NONE', #2725, 1000.000000000000000 ) ;
#6218 = ORIENTED_EDGE ( 'NONE', *, *, #5568, .F. ) ;
#6219 = DIRECTION ( 'NONE',  ( -4.440892098500626162E-16, 6.938893903907225296E-18, -1.000000000000000000 ) ) ;
#6220 = ORIENTED_EDGE ( 'NONE', *, *, #3910, .T. ) ;
#6221 = DIRECTION ( 'NONE',  ( 0.000000000000000000, 0.000000000000000000, -1.000000000000000000 ) ) ;
#6222 = CARTESIAN_POINT ( 'NONE',  ( -5.551115123125782702E-14, 336.0000000000000568, 3.999999999999892530 ) ) ;
#6223 = ADVANCED_FACE ( 'NONE', ( #4253 ), #3666, .F. ) ;
#6224 = CARTESIAN_POINT ( 'NONE',  ( 40.00000000000003553, 302.0000000000000000, 7.499999999999951150 ) ) ;
#6225 = VECTOR ( 'NONE', #9443, 1000.000000000000000 ) ;
#6226 = EDGE_CURVE ( 'NONE', #5176, #9001, #3907, .T. ) ;
#6227 = PRODUCT_CONTEXT ( 'NONE', #4770, 'mechanical' ) ;
#6228 = LINE ( 'NONE', #8376, #3092 ) ;
#6229 = VECTOR ( 'NONE', #7143, 1000.000000000000000 ) ;
#6230 = ORIENTED_EDGE ( 'NONE', *, *, #8248, .F. ) ;
#6231 = AXIS2_PLACEMENT_3D ( 'NONE', #3861, #5125, #5049 ) ;
#6232 = DIRECTION ( 'NONE',  ( 1.000000000000000000, 0.000000000000000000, 0.000000000000000000 ) ) ;
#6233 = CARTESIAN_POINT ( 'NONE',  ( 46.00000000000004263, 304.0000000000004547, 9.000000000000007105 ) ) ;
#6234 = CARTESIAN_POINT ( 'NONE',  ( 458.0180923321901219, 80.65225727307044679, -10.50517054499683667 ) ) ;
#6235 = DIRECTION ( 'NONE',  ( 0.000000000000000000, 0.000000000000000000, -1.000000000000000000 ) ) ;
#6236 = DIRECTION ( 'NONE',  ( 0.000000000000000000, 0.000000000000000000, -1.000000000000000000 ) ) ;
#6237 = LINE ( 'NONE', #328, #7954 ) ;
#6238 = VECTOR ( 'NONE', #68, 1000.000000000000000 ) ;
#6239 = AXIS2_PLACEMENT_3D ( 'NONE', #9577, #4377, #5139 ) ;
#6240 = DIRECTION ( 'NONE',  ( 0.000000000000000000, 0.000000000000000000, 1.000000000000000000 ) ) ;
#6241 = CARTESIAN_POINT ( 'NONE',  ( 458.3888082944304756, 76.68987122045608373, 3.711568962158818152 ) ) ;
#6242 = LINE ( 'NONE', #1064, #3343 ) ;
#6243 = EDGE_CURVE ( 'NONE', #5372, #8345, #5538, .T. ) ;
#6244 = PLANE ( 'NONE',  #9016 ) ;
#6245 = CIRCLE ( 'NONE', #2517, 2.500000000000002220 ) ;
#6246 = CIRCLE ( 'NONE', #3680, 3.000000000000002665 ) ;
#6247 = CARTESIAN_POINT ( 'NONE',  ( 373.0000000000000000, 323.0000000000000000, -15.00000000000012434 ) ) ;
#6248 = CIRCLE ( 'NONE', #2668, 2.500000000000002220 ) ;
#6249 = VECTOR ( 'NONE', #8842, 1000.000000000000000 ) ;
#6250 = ORIENTED_EDGE ( 'NONE', *, *, #2492, .T. ) ;
#6251 = VECTOR ( 'NONE', #911, 1000.000000000000000 ) ;
#6252 = LINE ( 'NONE', #5544, #8921 ) ;
#6253 = ADVANCED_FACE ( 'NONE', ( #3563 ), #4835, .F. ) ;
#6254 = CARTESIAN_POINT ( 'NONE',  ( 634.5000000000006821, 266.0000000000004547, 15.00000000000001421 ) ) ;
#6255 = DIRECTION ( 'NONE',  ( 1.000000000000000000, -9.345988730335151999E-18, 4.440892098500629120E-16 ) ) ;
#6256 = ORIENTED_EDGE ( 'NONE', *, *, #2438, .T. ) ;
#6257 = LINE ( 'NONE', #5399, #2686 ) ;
#6258 =( REPRESENTATION_RELATIONSHIP ('NONE','NONE', #5015, #8464 ) REPRESENTATION_RELATIONSHIP_WITH_TRANSFORMATION ( #3382 )SHAPE_REPRESENTATION_RELATIONSHIP( ) );
#6259 = UNCERTAINTY_MEASURE_WITH_UNIT (LENGTH_MEASURE( 1.000000000000000082E-05 ), #1546, 'distance_accuracy_value', 'NONE');
#6260 = AXIS2_PLACEMENT_3D ( 'NONE', #7022, #7760, #8511 ) ;
#6261 = ORIENTED_EDGE ( 'NONE', *, *, #114, .T. ) ;
#6262 = STYLED_ITEM ( 'NONE', ( #680 ), #9244 ) ;
#6263 = ORIENTED_EDGE ( 'NONE', *, *, #5654, .T. ) ;
#6264 = CIRCLE ( 'NONE', #7224, 4.000000000000003553 ) ;
#6265 = CARTESIAN_POINT ( 'NONE',  ( 457.3611216232057473, 81.97365172272429845, -6.970386288874815151 ) ) ;
#6266 = LINE ( 'NONE', #9340, #2900 ) ;
#6267 = CARTESIAN_POINT ( 'NONE',  ( 767.4999999999998863, 60.00000000000014921, -1.110223024625156540E-13 ) ) ;
#6268 = DIRECTION ( 'NONE',  ( -9.345988730335148917E-18, -1.000000000000000000, -6.938893903907225296E-18 ) ) ;
#6269 = EDGE_LOOP ( 'NONE', ( #6495, #5368, #3246, #8946 ) ) ;
#6270 = LINE ( 'NONE', #8284, #2800 ) ;
#6271 = EDGE_LOOP ( 'NONE', ( #5913, #5540, #8420, #1605 ) ) ;
#6272 = ORIENTED_EDGE ( 'NONE', *, *, #6183, .F. ) ;
#6273 = CARTESIAN_POINT ( 'NONE',  ( 451.9999999999998863, 0.000000000000000000, 2.220446049250313081E-13 ) ) ;
#6274 = VERTEX_POINT ( 'NONE', #2075 ) ;
#6275 = VECTOR ( 'NONE', #6723, 1000.000000000000000 ) ;
#6276 = CARTESIAN_POINT ( 'NONE',  ( 451.9999999999999432, 96.00000000000008527, 4.000000000000447642 ) ) ;
#6277 = FACE_OUTER_BOUND ( 'NONE', #806, .T. ) ;
#6278 = CARTESIAN_POINT ( 'NONE',  ( 451.9999999999999432, 95.99999999999964473, 3.330669073875469621E-13 ) ) ;
#6279 = ADVANCED_FACE ( 'NONE', ( #5881 ), #9267, .F. ) ;
#6280 = EDGE_CURVE ( 'NONE', #6719, #5499, #6346, .T. ) ;
#6281 = DIRECTION ( 'NONE',  ( -4.440892098500626162E-16, 6.938893903907225296E-18, -1.000000000000000000 ) ) ;
#6282 = CARTESIAN_POINT ( 'NONE',  ( 439.2089883689056933, 348.1640233375465527, -15.00000000000012434 ) ) ;
#6283 = ORIENTED_EDGE ( 'NONE', *, *, #9325, .T. ) ;
#6284 = VECTOR ( 'NONE', #8014, 1000.000000000000000 ) ;
#6285 = VERTEX_POINT ( 'NONE', #5866 ) ;
#6286 = CARTESIAN_POINT ( 'NONE',  ( 0.000000000000000000, 0.000000000000000000, 15.00000000000001421 ) ) ;
#6287 = ORIENTED_EDGE ( 'NONE', *, *, #988, .T. ) ;
#6288 = CARTESIAN_POINT ( 'NONE',  ( 792.0000000000000000, 78.00000000000001421, 15.00000000000001421 ) ) ;
#6289 = CIRCLE ( 'NONE', #3263, 2.500000000000002220 ) ;
#6290 = DIRECTION ( 'NONE',  ( 0.000000000000000000, 1.000000000000000000, 0.000000000000000000 ) ) ;
#6291 = CARTESIAN_POINT ( 'NONE',  ( 8.000000000000007105, 78.00000000000001421, 15.00000000000001421 ) ) ;
#6292 = AXIS2_PLACEMENT_3D ( 'NONE', #4996, #5769, #501 ) ;
#6293 = VERTEX_POINT ( 'NONE', #6541 ) ;
#6294 = CARTESIAN_POINT ( 'NONE',  ( 451.9999999999999432, 235.9999999999998863, 0.000000000000000000 ) ) ;
#6295 = CARTESIAN_POINT ( 'NONE',  ( 445.0000000000000000, 78.00000000000001421, -7.499999999999840128 ) ) ;
#6296 = FILL_AREA_STYLE ('',( #1114 ) ) ;
#6297 = AXIS2_PLACEMENT_3D ( 'NONE', #162, #1695, #7631 ) ;
#6298 = CARTESIAN_POINT ( 'NONE',  ( 458.3883117758933281, 79.31266060796301076, -3.712547357013615379 ) ) ;
#6299 = DIRECTION ( 'NONE',  ( 1.000000000000000000, 0.000000000000000000, 0.000000000000000000 ) ) ;
#6300 = VERTEX_POINT ( 'NONE', #1388 ) ;
#6301 = CARTESIAN_POINT ( 'NONE',  ( 85.00000000000004263, 362.0000000000001137, 15.00000000000011902 ) ) ;
#6302 = ORIENTED_EDGE ( 'NONE', *, *, #2854, .T. ) ;
#6303 = CARTESIAN_POINT ( 'NONE',  ( 24.99999999999991118, 13.99999999999999822, 4.500000000000061284 ) ) ;
#6304 = ADVANCED_FACE ( 'NONE', ( #861 ), #4269, .T. ) ;
#6305 = CARTESIAN_POINT ( 'NONE',  ( 458.4999999999999432, 302.0000000000000000, -3.499999999999836575 ) ) ;
#6306 = DIRECTION ( 'NONE',  ( 0.000000000000000000, 0.000000000000000000, 1.000000000000000000 ) ) ;
#6307 = EDGE_LOOP ( 'NONE', ( #7093, #3724, #3147, #1396 ) ) ;
#6308 = DIRECTION ( 'NONE',  ( 0.000000000000000000, -0.000000000000000000, 1.000000000000000000 ) ) ;
#6309 = AXIS2_PLACEMENT_3D ( 'NONE', #2408, #3290, #1918 ) ;
#6310 = CARTESIAN_POINT ( 'NONE',  ( 451.9999999999999432, 47.99999999999960210, 2.220446049250313081E-13 ) ) ;
#6311 = VERTEX_POINT ( 'NONE', #2859 ) ;
#6312 = DIRECTION ( 'NONE',  ( 1.000000000000000000, 0.000000000000000000, 0.000000000000000000 ) ) ;
#6313 = EDGE_CURVE ( 'NONE', #8829, #9525, #5301, .T. ) ;
#6314 = EDGE_CURVE ( 'NONE', #2921, #1805, #1349, .T. ) ;
#6315 = CARTESIAN_POINT ( 'NONE',  ( 598.0000000000010232, 48.00000000000004263, 15.00000000000001421 ) ) ;
#6316 = VERTEX_POINT ( 'NONE', #9568 ) ;
#6317 = EDGE_CURVE ( 'NONE', #9471, #5400, #2874, .T. ) ;
#6318 = AXIS2_PLACEMENT_3D ( 'NONE', #24, #6321, #7226 ) ;
#6319 = AXIS2_PLACEMENT_3D ( 'NONE', #4553, #6729, #824 ) ;
#6320 = ORIENTED_EDGE ( 'NONE', *, *, #4718, .T. ) ;
#6321 = DIRECTION ( 'NONE',  ( -0.000000000000000000, 0.000000000000000000, 1.000000000000000000 ) ) ;
#6322 = ADVANCED_FACE ( 'NONE', ( #6570 ), #1424, .F. ) ;
#6323 = CARTESIAN_POINT ( 'NONE',  ( 598.0000000000010232, 292.0000000000003979, 9.000000000000007105 ) ) ;
#6324 = ORIENTED_EDGE ( 'NONE', *, *, #8872, .T. ) ;
#6325 =( LENGTH_UNIT ( ) NAMED_UNIT ( * ) SI_UNIT ( .MILLI., .METRE. ) );
#6326 = CARTESIAN_POINT ( 'NONE',  ( 100.9999999999999716, 195.0000000000000000, 15.49999999999999822 ) ) ;
#6327 = CARTESIAN_POINT ( 'NONE',  ( 457.3445397373841388, 81.99960194735812991, -7.771201993719772716 ) ) ;
#6328 = CARTESIAN_POINT ( 'NONE',  ( 458.4267950260536963, 300.9468616835367243, -11.36113985367824952 ) ) ;
#6329 = PLANE ( 'NONE',  #6454 ) ;
#6330 = LINE ( 'NONE', #9472, #2852 ) ;
#6331 = ORIENTED_EDGE ( 'NONE', *, *, #1904, .T. ) ;
#6332 = EDGE_CURVE ( 'NONE', #8524, #6130, #7492, .T. ) ;
#6333 = CARTESIAN_POINT ( 'NONE',  ( 277.9999999999998863, 272.0000000000000000, -15.00000000000012434 ) ) ;
#6334 = STYLED_ITEM ( 'NONE', ( #6142 ), #7625 ) ;
#6335 = PRODUCT_DEFINITION ( 'UNKNOWN', '', #1170, #2793 ) ;
#6336 = EDGE_LOOP ( 'NONE', ( #706, #8398, #6174, #3035 ) ) ;
#6337 = CARTESIAN_POINT ( 'NONE',  ( 85.50000000000052580, 266.0000000000003411, 0.000000000000000000 ) ) ;
#6338 = DIRECTION ( 'NONE',  ( 1.000000000000000000, 0.000000000000000000, 0.000000000000000000 ) ) ;
#6339 = DIRECTION ( 'NONE',  ( -4.440892098500626162E-16, 6.938893903907225296E-18, -1.000000000000000000 ) ) ;
#6340 = LINE ( 'NONE', #800, #594 ) ;
#6341 = VECTOR ( 'NONE', #3280, 1000.000000000000000 ) ;
#6342 = VERTEX_POINT ( 'NONE', #673 ) ;
#6343 = CARTESIAN_POINT ( 'NONE',  ( 40.00000000000003553, 78.00000000000001421, 10.49999999999995381 ) ) ;
#6344 = EDGE_LOOP ( 'NONE', ( #2386, #8377, #2212, #4789 ) ) ;
#6345 = DIRECTION ( 'NONE',  ( -1.000000000000000000, 0.000000000000000000, 0.000000000000000000 ) ) ;
#6346 = CIRCLE ( 'NONE', #4260, 3.000000000000002665 ) ;
#6347 = ORIENTED_EDGE ( 'NONE', *, *, #4498, .T. ) ;
#6348 = AXIS2_PLACEMENT_3D ( 'NONE', #6224, #5449, #977 ) ;
#6349 = ADVANCED_FACE ( 'NONE', ( #1340 ), #2200, .F. ) ;
#6350 = EDGE_CURVE ( 'NONE', #4969, #2921, #5987, .T. ) ;
#6351 =( REPRESENTATION_RELATIONSHIP ('NONE','NONE', #5015, #1802 ) REPRESENTATION_RELATIONSHIP_WITH_TRANSFORMATION ( #3841 )SHAPE_REPRESENTATION_RELATIONSHIP( ) );
#6352 = LINE ( 'NONE', #6310, #46 ) ;
#6353 = VECTOR ( 'NONE', #7789, 1000.000000000000000 ) ;
#6354 =( NAMED_UNIT ( * ) SI_UNIT ( $, .STERADIAN. ) SOLID_ANGLE_UNIT ( ) );
#6355 = DIRECTION ( 'NONE',  ( 0.000000000000000000, 0.000000000000000000, 1.000000000000000000 ) ) ;
#6356 = CARTESIAN_POINT ( 'NONE',  ( 458.0913089723238727, 75.54758241636790217, -4.329310456764805970 ) ) ;
#6357 = CARTESIAN_POINT ( 'NONE',  ( 147.4999999999999716, 272.0000000000000000, -15.00000000000012434 ) ) ;
#6358 = DIRECTION ( 'NONE',  ( -9.860761315262643189E-32, -1.000000000000000000, -6.938893903907225296E-18 ) ) ;
#6359 = LINE ( 'NONE', #7924, #4376 ) ;
#6360 = DIRECTION ( 'NONE',  ( 9.860761315262643189E-32, 1.000000000000000000, 6.938893903907225296E-18 ) ) ;
#6361 = FACE_OUTER_BOUND ( 'NONE', #7537, .T. ) ;
#6362 = LINE ( 'NONE', #869, #5321 ) ;
#6363 = PLANE ( 'NONE',  #9378 ) ;
#6364 = CIRCLE ( 'NONE', #791, 4.000000000000017764 ) ;
#6365 = DIRECTION ( 'NONE',  ( 0.000000000000000000, 0.000000000000000000, 1.000000000000000000 ) ) ;
#6366 = ADVANCED_FACE ( 'NONE', ( #5659 ), #7157, .F. ) ;
#6367 = CARTESIAN_POINT ( 'NONE',  ( 8.000000000000007105, 302.0000000000000000, 15.00000000000001421 ) ) ;
#6368 = ADVANCED_BREP_SHAPE_REPRESENTATION ( '', ( #5907, #8644, #2670 ), #8364 ) ;
#6369 = EDGE_CURVE ( 'NONE', #7596, #6130, #5179, .T. ) ;
#6370 = ORIENTED_EDGE ( 'NONE', *, *, #3049, .F. ) ;
#6371 = LINE ( 'NONE', #8221, #8914 ) ;
#6372 = DIRECTION ( 'NONE',  ( -0.000000000000000000, 0.000000000000000000, 1.000000000000000000 ) ) ;
#6373 = APPLICATION_PROTOCOL_DEFINITION ( 'draft international standard', 'automotive_design', 1998, #1235 ) ;
#6374 = EDGE_CURVE ( 'NONE', #7649, #2431, #1226, .T. ) ;
#6375 = ORIENTED_EDGE ( 'NONE', *, *, #8362, .F. ) ;
#6376 = DIRECTION ( 'NONE',  ( 0.000000000000000000, 0.000000000000000000, 1.000000000000000000 ) ) ;
#6377 = EDGE_LOOP ( 'NONE', ( #9660, #8510, #7229, #4076 ) ) ;
#6378 = FACE_OUTER_BOUND ( 'NONE', #5707, .T. ) ;
#6379 = CYLINDRICAL_SURFACE ( 'NONE', #1643, 4.000000000000003553 ) ;
#6380 = ORIENTED_EDGE ( 'NONE', *, *, #79, .T. ) ;
#6381 = ORIENTED_EDGE ( 'NONE', *, *, #9572, .F. ) ;
#6382 = LINE ( 'NONE', #3194, #1975 ) ;
#6383 = ORIENTED_EDGE ( 'NONE', *, *, #5637, .F. ) ;
#6384 = EDGE_LOOP ( 'NONE', ( #4696, #2741, #9377, #5799 ) ) ;
#6385 = SURFACE_STYLE_FILL_AREA ( #2169 ) ;
#6386 = VECTOR ( 'NONE', #1554, 1000.000000000000000 ) ;
#6387 = CARTESIAN_POINT ( 'NONE',  ( 674.0000000000010232, 42.00000000000014921, 15.00000000000001421 ) ) ;
#6388 = DIRECTION ( 'NONE',  ( 0.000000000000000000, 0.000000000000000000, -1.000000000000000000 ) ) ;
#6389 = EDGE_CURVE ( 'NONE', #6869, #3071, #2280, .T. ) ;
#6390 = ORIENTED_EDGE ( 'NONE', *, *, #7123, .F. ) ;
#6391 = CIRCLE ( 'NONE', #8687, 2.500000000000002220 ) ;
#6392 = PRESENTATION_LAYER_ASSIGNMENT (  '', '', ( #63 ) ) ;
#6393 = ORIENTED_EDGE ( 'NONE', *, *, #169, .F. ) ;
#6394 = ORIENTED_EDGE ( 'NONE', *, *, #9592, .T. ) ;
#6395 = CARTESIAN_POINT ( 'NONE',  ( 122.0000000000003268, 47.99999999999998579, 9.000000000000007105 ) ) ;
#6396 = EDGE_LOOP ( 'NONE', ( #9526, #5502, #8001, #581 ) ) ;
#6397 = CARTESIAN_POINT ( 'NONE',  ( 1.163414459189985485E-15, 190.0000000000000000, 9.500000000000000000 ) ) ;
#6398 = DIRECTION ( 'NONE',  ( 0.000000000000000000, 0.000000000000000000, -1.000000000000000000 ) ) ;
#6399 = DIRECTION ( 'NONE',  ( 0.000000000000000000, 0.000000000000000000, -1.000000000000000000 ) ) ;
#6400 = LINE ( 'NONE', #7593, #2809 ) ;
#6401 = CARTESIAN_POINT ( 'NONE',  ( 149.9999999999999716, 272.0000000000000000, 15.00000000000001421 ) ) ;
#6402 = VERTEX_POINT ( 'NONE', #5310 ) ;
#6403 = FACE_OUTER_BOUND ( 'NONE', #1311, .T. ) ;
#6404 = ORIENTED_EDGE ( 'NONE', *, *, #7702, .T. ) ;
#6405 = ADVANCED_FACE ( 'NONE', ( #9147 ), #4248, .F. ) ;
#6406 = VERTEX_POINT ( 'NONE', #5937 ) ;
#6407 = DIRECTION ( 'NONE',  ( -0.000000000000000000, 0.000000000000000000, 1.000000000000000000 ) ) ;
#6408 = EDGE_CURVE ( 'NONE', #2674, #139, #8771, .T. ) ;
#6409 = CARTESIAN_POINT ( 'NONE',  ( 457.4253799776121809, 305.8688846534922732, -6.450176093578808612 ) ) ;
#6410 = CARTESIAN_POINT ( 'NONE',  ( 277.9999999999998863, 272.0000000000000000, 3.000000000000002665 ) ) ;
#6411 = SURFACE_STYLE_USAGE ( .BOTH. , #1936 ) ;
#6412 = ORIENTED_EDGE ( 'NONE', *, *, #603, .T. ) ;
#6413 = ORIENTED_EDGE ( 'NONE', *, *, #3524, .T. ) ;
#6414 = EDGE_CURVE ( 'NONE', #2154, #912, #6792, .T. ) ;
#6415 = DIRECTION ( 'NONE',  ( 0.000000000000000000, 0.000000000000000000, 1.000000000000000000 ) ) ;
#6416 = PRESENTATION_STYLE_ASSIGNMENT (( #3388 ) ) ;
#6417 = CARTESIAN_POINT ( 'NONE',  ( 122.0000000000003268, 47.99999999999998579, 9.000000000000007105 ) ) ;
#6418 = ORIENTED_EDGE ( 'NONE', *, *, #5637, .T. ) ;
#6419 = ADVANCED_FACE ( 'NONE', ( #3219 ), #1813, .F. ) ;
#6420 = CARTESIAN_POINT ( 'NONE',  ( 0.000000000000000000, 0.000000000000000000, 0.000000000000000000 ) ) ;
#6421 = VERTEX_POINT ( 'NONE', #3020 ) ;
#6422 = AXIS2_PLACEMENT_3D ( 'NONE', #6367, #9273, #5563 ) ;
#6423 = DIRECTION ( 'NONE',  ( 0.000000000000000000, 0.000000000000000000, -1.000000000000000000 ) ) ;
#6424 = DIRECTION ( 'NONE',  ( 1.000000000000000000, 0.000000000000000000, 0.000000000000000000 ) ) ;
#6425 = ORIENTED_EDGE ( 'NONE', *, *, #5484, .T. ) ;
#6426 = ORIENTED_EDGE ( 'NONE', *, *, #9674, .T. ) ;
#6427 = EDGE_LOOP ( 'NONE', ( #4896, #4211 ) ) ;
#6428 = CARTESIAN_POINT ( 'NONE',  ( 340.9999999999999432, 323.0000000000000000, 14.00000000000001243 ) ) ;
#6429 = CARTESIAN_POINT ( 'NONE',  ( 457.5866782359841523, 305.5887678656023354, -5.713970754898516802 ) ) ;
#6430 = VERTEX_POINT ( 'NONE', #8152 ) ;
#6431 = ORIENTED_EDGE ( 'NONE', *, *, #7364, .T. ) ;
#6432 = VERTEX_POINT ( 'NONE', #5280 ) ;
#6433 = EDGE_CURVE ( 'NONE', #2518, #1433, #7383, .T. ) ;
#6434 = CARTESIAN_POINT ( 'NONE',  ( 485.0000000000000000, 78.00000000000001421, 3.499999999999944933 ) ) ;
#6435 = ORIENTED_EDGE ( 'NONE', *, *, #8412, .F. ) ;
#6436 = EDGE_CURVE ( 'NONE', #5739, #7214, #5419, .T. ) ;
#6437 = CARTESIAN_POINT ( 'NONE',  ( 55.99999999999997158, 195.0000000000000000, 0.000000000000000000 ) ) ;
#6438 = ORIENTED_EDGE ( 'NONE', *, *, #2705, .F. ) ;
#6439 = AXIS2_PLACEMENT_3D ( 'NONE', #5953, #5202, #3682 ) ;
#6440 = AXIS2_PLACEMENT_3D ( 'NONE', #6459, #8607, #2021 ) ;
#6441 = ADVANCED_FACE ( 'NONE', ( #2760 ), #4824, .F. ) ;
#6442 = CARTESIAN_POINT ( 'NONE',  ( 278.0000000000000000, 47.99999999999998579, 15.00000000000001421 ) ) ;
#6443 = LINE ( 'NONE', #3927, #7158 ) ;
#6444 = CARTESIAN_POINT ( 'NONE',  ( 451.9999999999998863, 379.9999999999997726, 15.00000000000012434 ) ) ;
#6445 = LINE ( 'NONE', #4069, #7019 ) ;
#6446 = ORIENTED_EDGE ( 'NONE', *, *, #4763, .F. ) ;
#6447 = SURFACE_STYLE_USAGE ( .BOTH. , #590 ) ;
#6448 = ORIENTED_EDGE ( 'NONE', *, *, #8373, .F. ) ;
#6449 = CARTESIAN_POINT ( 'NONE',  ( 458.4267950260536395, 76.94686168353678113, -11.36113985367826018 ) ) ;
#6450 = CARTESIAN_POINT ( 'NONE',  ( 672.0000000000001137, 190.0000000000000000, 15.00000000000001421 ) ) ;
#6451 = EDGE_CURVE ( 'NONE', #7550, #3951, #3453, .T. ) ;
#6452 = DIRECTION ( 'NONE',  ( 1.000000000000000000, 0.000000000000000000, 0.000000000000000000 ) ) ;
#6453 = LINE ( 'NONE', #3617, #7611 ) ;
#6454 = AXIS2_PLACEMENT_3D ( 'NONE', #3395, #329, #7739 ) ;
#6455 = ORIENTED_EDGE ( 'NONE', *, *, #8484, .T. ) ;
#6456 = LINE ( 'NONE', #3333, #6341 ) ;
#6457 = VECTOR ( 'NONE', #2486, 1000.000000000000000 ) ;
#6458 = EDGE_LOOP ( 'NONE', ( #8173, #8140 ) ) ;
#6459 = CARTESIAN_POINT ( 'NONE',  ( 50.00000000000004263, 42.00000000000014921, 9.000000000000007105 ) ) ;
#6460 = ADVANCED_FACE ( 'NONE', ( #6923 ), #8534, .F. ) ;
#6461 = CARTESIAN_POINT ( 'NONE',  ( 469.2791522340548340, 337.2193787511251912, -3.000000000000113687 ) ) ;
#6462 = DIRECTION ( 'NONE',  ( -0.000000000000000000, -0.000000000000000000, -1.000000000000000000 ) ) ;
#6463 = CARTESIAN_POINT ( 'NONE',  ( 445.0000000000000000, 302.0000000000000000, 3.499999999999944933 ) ) ;
#6464 = VECTOR ( 'NONE', #1082, 1000.000000000000000 ) ;
#6465 = FACE_OUTER_BOUND ( 'NONE', #2646, .T. ) ;
#6466 = EDGE_CURVE ( 'NONE', #4916, #1496, #4945, .T. ) ;
#6467 = SURFACE_STYLE_FILL_AREA ( #394 ) ;
#6468 = CARTESIAN_POINT ( 'NONE',  ( 458.3636064091180629, 300.5708860994924976, 11.23826187340996086 ) ) ;
#6469 = CIRCLE ( 'NONE', #6440, 4.000000000000023981 ) ;
#6470 = DIRECTION ( 'NONE',  ( 0.000000000000000000, 0.000000000000000000, 1.000000000000000000 ) ) ;
#6471 = LINE ( 'NONE', #5914, #8197 ) ;
#6472 = AXIS2_PLACEMENT_3D ( 'NONE', #2069, #4178, #5677 ) ;
#6473 = DIRECTION ( 'NONE',  ( -4.440892098500626162E-16, 6.938893903907225296E-18, -1.000000000000000000 ) ) ;
#6474 = VECTOR ( 'NONE', #1611, 1000.000000000000000 ) ;
#6475 = FACE_OUTER_BOUND ( 'NONE', #8346, .T. ) ;
#6476 = ORIENTED_EDGE ( 'NONE', *, *, #6158, .F. ) ;
#6477 = AXIS2_PLACEMENT_3D ( 'NONE', #3767, #7261, #4641 ) ;
#6478 = SURFACE_SIDE_STYLE ('',( #2219 ) ) ;
#6479 = LINE ( 'NONE', #2955, #4389 ) ;
#6480 = CARTESIAN_POINT ( 'NONE',  ( 634.5000000000009095, 74.00000000000017053, 15.00000000000001421 ) ) ;
#6481 = CIRCLE ( 'NONE', #2008, 6.000000000000012434 ) ;
#6482 = DIRECTION ( 'NONE',  ( 0.000000000000000000, 0.000000000000000000, -1.000000000000000000 ) ) ;
#6483 = CARTESIAN_POINT ( 'NONE',  ( 5.500000000000011546, 78.00000000000001421, 15.00000000000001421 ) ) ;
#6484 = ORIENTED_EDGE ( 'NONE', *, *, #7497, .T. ) ;
#6485 = ORIENTED_EDGE ( 'NONE', *, *, #6771, .T. ) ;
#6486 = EDGE_LOOP ( 'NONE', ( #1645, #802, #6191, #5345 ) ) ;
#6487 = CIRCLE ( 'NONE', #5919, 6.000000000000005329 ) ;
#6488 = ADVANCED_FACE ( 'NONE', ( #3677 ), #8250, .F. ) ;
#6489 = VECTOR ( 'NONE', #4401, 1000.000000000000000 ) ;
#6490 = CARTESIAN_POINT ( 'NONE',  ( 458.4299434818552186, 303.0554696236342238, -11.36730770653010048 ) ) ;
#6491 = EDGE_CURVE ( 'NONE', #3532, #7309, #8181, .T. ) ;
#6492 = CARTESIAN_POINT ( 'NONE',  ( 88.00000000000052580, 42.00000000000003553, 0.000000000000000000 ) ) ;
#6493 = CARTESIAN_POINT ( 'NONE',  ( 742.4999999999998863, 46.00000000000005684, 7.500000000000062172 ) ) ;
#6494 = EDGE_CURVE ( 'NONE', #7450, #3221, #5529, .T. ) ;
#6495 = ORIENTED_EDGE ( 'NONE', *, *, #8278, .T. ) ;
#6496 = FACE_OUTER_BOUND ( 'NONE', #6788, .T. ) ;
#6497 = VERTEX_POINT ( 'NONE', #6901 ) ;
#6498 = ORIENTED_EDGE ( 'NONE', *, *, #1724, .F. ) ;
#6499 = AXIS2_PLACEMENT_3D ( 'NONE', #4519, #3007, #1467 ) ;
#6500 = ORIENTED_EDGE ( 'NONE', *, *, #1535, .T. ) ;
#6501 = AXIS2_PLACEMENT_3D ( 'NONE', #712, #3670, #6581 ) ;
#6502 = ORIENTED_EDGE ( 'NONE', *, *, #3683, .F. ) ;
#6503 = LINE ( 'NONE', #2383, #2328 ) ;
#6504 = CIRCLE ( 'NONE', #8151, 2.500000000000002220 ) ;
#6505 = DIRECTION ( 'NONE',  ( 1.000000000000000000, 9.860761315262647568E-32, 4.440892098500629120E-16 ) ) ;
#6506 = DIRECTION ( 'NONE',  ( 1.000000000000000000, -6.384082245258276637E-20, 0.000000000000000000 ) ) ;
#6507 = EDGE_LOOP ( 'NONE', ( #6676, #2444, #5523, #5327, #3188, #833 ) ) ;
#6508 = LINE ( 'NONE', #2791, #8108 ) ;
#6509 = EDGE_LOOP ( 'NONE', ( #2490, #14, #4509, #9206 ) ) ;
#6510 = VERTEX_POINT ( 'NONE', #3979 ) ;
#6511 = PLANE ( 'NONE',  #3336 ) ;
#6512 = ADVANCED_FACE ( 'NONE', ( #981, #1698, #491 ), #944, .F. ) ;
#6513 = PLANE ( 'NONE',  #4856 ) ;
#6514 = LINE ( 'NONE', #7154, #5941 ) ;
#6515 = EDGE_CURVE ( 'NONE', #9452, #605, #2985, .T. ) ;
#6516 =( LENGTH_UNIT ( ) NAMED_UNIT ( * ) SI_UNIT ( .MILLI., .METRE. ) );
#6517 = SURFACE_SIDE_STYLE ('',( #1010 ) ) ;
#6518 = PRODUCT_DEFINITION_FORMATION_WITH_SPECIFIED_SOURCE ( 'ANY', '', #5075, .NOT_KNOWN. ) ;
#6519 = ORIENTED_EDGE ( 'NONE', *, *, #3698, .F. ) ;
#6520 = CARTESIAN_POINT ( 'NONE',  ( 0.000000000000000000, 0.000000000000000000, 15.00000000000001421 ) ) ;
#6521 = COLOUR_RGB ( '',1.000000000000000000, 1.000000000000000000, 1.000000000000000000 ) ;
#6522 = CARTESIAN_POINT ( 'NONE',  ( 457.3445397373841388, 81.99960194735811569, 7.771201993719905055 ) ) ;
#6523 = CARTESIAN_POINT ( 'NONE',  ( 767.4999999999998863, 0.000000000000000000, 0.000000000000000000 ) ) ;
#6524 = ORIENTED_EDGE ( 'NONE', *, *, #2726, .F. ) ;
#6525 = CARTESIAN_POINT ( 'NONE',  ( 88.00000000000052580, 170.0000000000001990, 0.000000000000000000 ) ) ;
#6526 = CARTESIAN_POINT ( 'NONE',  ( 27.54347181479136353, 0.000000000000000000, 31.00000000000000000 ) ) ;
#6527 = ORIENTED_EDGE ( 'NONE', *, *, #871, .F. ) ;
#6528 = CARTESIAN_POINT ( 'NONE',  ( 457.4737954746956348, 298.2114252885298242, 6.190759810219127246 ) ) ;
#6529 = VERTEX_POINT ( 'NONE', #6874 ) ;
#6530 = EDGE_CURVE ( 'NONE', #384, #3561, #8664, .T. ) ;
#6531 = CARTESIAN_POINT ( 'NONE',  ( 767.4999999999998863, 13.99999999999999822, 4.500000000000061284 ) ) ;
#6532 = AXIS2_PLACEMENT_3D ( 'NONE', #4079, #7797, #4854 ) ;
#6533 = EDGE_LOOP ( 'NONE', ( #2561, #5279, #4816, #8695 ) ) ;
#6534 = DIRECTION ( 'NONE',  ( 0.000000000000000000, 0.000000000000000000, -1.000000000000000000 ) ) ;
#6535 = CARTESIAN_POINT ( 'NONE',  ( 92.00000000000052580, 298.0000000000003979, 0.000000000000000000 ) ) ;
#6536 = ORIENTED_EDGE ( 'NONE', *, *, #5136, .F. ) ;
#6537 = FILL_AREA_STYLE ('',( #4267 ) ) ;
#6538 = DIRECTION ( 'NONE',  ( -0.2760228707098010270, -0.9611510676502006412, -0.000000000000000000 ) ) ;
#6539 = DIRECTION ( 'NONE',  ( -0.000000000000000000, -0.000000000000000000, -1.000000000000000000 ) ) ;
#6540 = AXIS2_PLACEMENT_3D ( 'NONE', #4134, #4099, #7124 ) ;
#6541 = CARTESIAN_POINT ( 'NONE',  ( 636.0000000000010232, 42.00000000000014921, 9.000000000000007105 ) ) ;
#6542 = CARTESIAN_POINT ( 'NONE',  ( 598.0000000000010232, 42.00000000000003553, 15.00000000000001421 ) ) ;
#6543 = ORIENTED_EDGE ( 'NONE', *, *, #4399, .F. ) ;
#6544 = EDGE_CURVE ( 'NONE', #8835, #8943, #7030, .T. ) ;
#6545 = FILL_AREA_STYLE ('',( #7361 ) ) ;
#6546 = ORIENTED_EDGE ( 'NONE', *, *, #5093, .T. ) ;
#6547 = PLANE ( 'NONE',  #8477 ) ;
#6548 = EDGE_CURVE ( 'NONE', #4660, #1184, #7947, .T. ) ;
#6549 = CARTESIAN_POINT ( 'NONE',  ( 451.9999999999998863, 187.9999999999999432, 2.220446049250313081E-13 ) ) ;
#6550 = DIRECTION ( 'NONE',  ( 0.000000000000000000, 0.000000000000000000, -1.000000000000000000 ) ) ;
#6551 = ADVANCED_FACE ( 'NONE', ( #4713 ), #9122, .T. ) ;
#6552 = CARTESIAN_POINT ( 'NONE',  ( 670.0000000000010232, 42.00000000000014921, 15.00000000000001421 ) ) ;
#6553 = LINE ( 'NONE', #6523, #2268 ) ;
#6554 = CARTESIAN_POINT ( 'NONE',  ( 128.0000000000000000, 190.0000000000000000, 0.000000000000000000 ) ) ;
#6555 = ORIENTED_EDGE ( 'NONE', *, *, #7895, .T. ) ;
#6556 = CARTESIAN_POINT ( 'NONE',  ( 100.9999999999999716, 155.0000000000000000, 12.49999999999999112 ) ) ;
#6557 = PLANE ( 'NONE',  #2855 ) ;
#6558 = EDGE_LOOP ( 'NONE', ( #7997, #3667, #6404, #1028 ) ) ;
#6559 = CARTESIAN_POINT ( 'NONE',  ( 458.2260347795408393, 299.9787537729571341, 4.038470298588620722 ) ) ;
#6560 = PRODUCT ( 'SimetríaA760250-COSTADOSCOST', 'SimetríaA760250-COSTADOSCOST', '', ( #6908 ) ) ;
#6561 = FACE_BOUND ( 'NONE', #7213, .T. ) ;
#6562 = VECTOR ( 'NONE', #6219, 1000.000000000000000 ) ;
#6563 = ORIENTED_EDGE ( 'NONE', *, *, #3151, .F. ) ;
#6564 = CARTESIAN_POINT ( 'NONE',  ( 46.00000000000004263, 48.00000000000009948, 9.000000000000007105 ) ) ;
#6565 = AXIS2_PLACEMENT_3D ( 'NONE', #6660, #2975, #5169 ) ;
#6566 = MECHANICAL_DESIGN_GEOMETRIC_PRESENTATION_REPRESENTATION (  '', ( #63 ), #9076 ) ;
#6567 = DIRECTION ( 'NONE',  ( -1.000000000000000000, 0.000000000000000000, 0.000000000000000000 ) ) ;
#6568 = ORIENTED_EDGE ( 'NONE', *, *, #7029, .T. ) ;
#6569 = CYLINDRICAL_SURFACE ( 'NONE', #1361, 2.500000000000002220 ) ;
#6570 = FACE_OUTER_BOUND ( 'NONE', #9257, .T. ) ;
#6571 = DIRECTION ( 'NONE',  ( 0.000000000000000000, 0.000000000000000000, 1.000000000000000000 ) ) ;
#6572 = VERTEX_POINT ( 'NONE', #8344 ) ;
#6573 = DIRECTION ( 'NONE',  ( 0.000000000000000000, 0.000000000000000000, 1.000000000000000000 ) ) ;
#6574 = EDGE_CURVE ( 'NONE', #6285, #8468, #6228, .T. ) ;
#6575 = LINE ( 'NONE', #107, #3801 ) ;
#6576 = SURFACE_SIDE_STYLE ('',( #1602 ) ) ;
#6577 = CARTESIAN_POINT ( 'NONE',  ( 632.0000000000010232, 170.0000000000001990, 15.00000000000001421 ) ) ;
#6578 = FACE_OUTER_BOUND ( 'NONE', #2743, .T. ) ;
#6579 = VECTOR ( 'NONE', #1641, 1000.000000000000000 ) ;
#6580 = DIRECTION ( 'NONE',  ( 1.000000000000000000, 0.000000000000000000, 0.000000000000000000 ) ) ;
#6581 = DIRECTION ( 'NONE',  ( 1.000000000000000000, 0.000000000000000000, 0.000000000000000000 ) ) ;
#6582 = LINE ( 'NONE', #4724, #6114 ) ;
#6583 = DIRECTION ( 'NONE',  ( 0.000000000000000000, 0.000000000000000000, 1.000000000000000000 ) ) ;
#6584 = DIRECTION ( 'NONE',  ( 0.000000000000000000, 0.000000000000000000, 1.000000000000000000 ) ) ;
#6585 = VECTOR ( 'NONE', #8399, 1000.000000000000000 ) ;
#6586 = EDGE_CURVE ( 'NONE', #718, #4859, #6686, .T. ) ;
#6587 = VECTOR ( 'NONE', #5384, 1000.000000000000000 ) ;
#6588 = CYLINDRICAL_SURFACE ( 'NONE', #3867, 4.000000000000017764 ) ;
#6589 = AXIS2_PLACEMENT_3D ( 'NONE', #2354, #9035, #853 ) ;
#6590 = CARTESIAN_POINT ( 'NONE',  ( 458.4441901530435075, 301.0773439031962653, 11.39441536424050128 ) ) ;
#6591 = CARTESIAN_POINT ( 'NONE',  ( 485.0000000000000000, 302.0000000000000000, 7.499999999999951150 ) ) ;
#6592 = EDGE_LOOP ( 'NONE', ( #3435, #9177 ) ) ;
#6593 = FACE_BOUND ( 'NONE', #5041, .T. ) ;
#6594 = CARTESIAN_POINT ( 'NONE',  ( 445.0000000000000000, 78.00000000000001421, 3.499999999999944933 ) ) ;
#6595 = DIRECTION ( 'NONE',  ( 0.000000000000000000, 1.000000000000000000, 0.000000000000000000 ) ) ;
#6596 = ORIENTED_EDGE ( 'NONE', *, *, #4213, .F. ) ;
#6597 = AXIS2_PLACEMENT_3D ( 'NONE', #6890, #2461, #9219 ) ;
#6598 = VERTEX_POINT ( 'NONE', #6085 ) ;
#6599 = CIRCLE ( 'NONE', #9034, 3.000000000000002665 ) ;
#6600 = LINE ( 'NONE', #4930, #6962 ) ;
#6601 = DIRECTION ( 'NONE',  ( 1.000000000000000000, 0.000000000000000000, 0.000000000000000000 ) ) ;
#6602 = ADVANCED_FACE ( 'NONE', ( #9010 ), #4658, .T. ) ;
#6603 = CARTESIAN_POINT ( 'NONE',  ( 84.99999999999997158, 323.0000000000000000, -15.00000000000012434 ) ) ;
#6604 = ORIENTED_EDGE ( 'NONE', *, *, #8488, .T. ) ;
#6605 = ORIENTED_EDGE ( 'NONE', *, *, #578, .F. ) ;
#6606 = CIRCLE ( 'NONE', #6824, 4.000000000000006217 ) ;
#6607 = DIRECTION ( 'NONE',  ( 1.000000000000000000, 0.000000000000000000, 0.000000000000000000 ) ) ;
#6608 = ORIENTED_EDGE ( 'NONE', *, *, #1901, .T. ) ;
#6609 = CARTESIAN_POINT ( 'NONE',  ( 769.0000000000000000, 0.000000000000000000, 15.00000000000001421 ) ) ;
#6610 = ORIENTED_EDGE ( 'NONE', *, *, #7126, .F. ) ;
#6611 = FACE_OUTER_BOUND ( 'NONE', #4230, .T. ) ;
#6612 = LINE ( 'NONE', #5947, #908 ) ;
#6613 = CONTEXT_DEPENDENT_SHAPE_REPRESENTATION ( #3986, #1887 ) ;
#6614 = CARTESIAN_POINT ( 'NONE',  ( 0.000000000000000000, 0.000000000000000000, 3.000000000000002665 ) ) ;
#6615 = DIRECTION ( 'NONE',  ( 0.000000000000000000, 0.000000000000000000, -1.000000000000000000 ) ) ;
#6616 = ORIENTED_EDGE ( 'NONE', *, *, #6374, .T. ) ;
#6617 = CYLINDRICAL_SURFACE ( 'NONE', #1859, 6.000000000000005329 ) ;
#6618 = DIRECTION ( 'NONE',  ( 1.000000000000000000, 0.000000000000000000, 0.000000000000000000 ) ) ;
#6619 = VERTEX_POINT ( 'NONE', #7640 ) ;
#6620 = VERTEX_POINT ( 'NONE', #3949 ) ;
#6621 = ORIENTED_EDGE ( 'NONE', *, *, #4815, .T. ) ;
#6622 = DIRECTION ( 'NONE',  ( -1.000000000000000000, 0.000000000000000000, 0.000000000000000000 ) ) ;
#6623 = DIRECTION ( 'NONE',  ( 0.000000000000000000, 0.000000000000000000, -1.000000000000000000 ) ) ;
#6624 = EDGE_CURVE ( 'NONE', #1174, #4643, #4475, .T. ) ;
#6625 = EDGE_CURVE ( 'NONE', #7333, #7672, #8418, .T. ) ;
#6626 = DIRECTION ( 'NONE',  ( -1.000000000000000000, 0.000000000000000000, 0.000000000000000000 ) ) ;
#6627 = CIRCLE ( 'NONE', #9042, 2.500000000000002220 ) ;
#6628 = DIRECTION ( 'NONE',  ( 0.000000000000000000, 1.000000000000000000, 0.000000000000000000 ) ) ;
#6629 = DIRECTION ( 'NONE',  ( 1.000000000000000000, 0.000000000000000000, -0.000000000000000000 ) ) ;
#6630 = EDGE_CURVE ( 'NONE', #311, #6666, #734, .T. ) ;
#6631 = ORIENTED_EDGE ( 'NONE', *, *, #9518, .T. ) ;
#6632 = AXIS2_PLACEMENT_3D ( 'NONE', #2407, #2546, #8386 ) ;
#6633 = ORIENTED_EDGE ( 'NONE', *, *, #8854, .F. ) ;
#6634 = DIRECTION ( 'NONE',  ( 1.000000000000000000, 0.000000000000000000, 0.000000000000000000 ) ) ;
#6635 = DIRECTION ( 'NONE',  ( -0.000000000000000000, -0.000000000000000000, -1.000000000000000000 ) ) ;
#6636 = DIRECTION ( 'NONE',  ( -1.000000000000000000, 0.000000000000000000, 0.000000000000000000 ) ) ;
#6637 = VERTEX_POINT ( 'NONE', #4008 ) ;
#6638 = ORIENTED_EDGE ( 'NONE', *, *, #2394, .F. ) ;
#6639 = DIRECTION ( 'NONE',  ( -0.000000000000000000, 0.000000000000000000, 1.000000000000000000 ) ) ;
#6640 = EDGE_CURVE ( 'NONE', #1184, #9471, #35, .T. ) ;
#6641 = MECHANICAL_DESIGN_GEOMETRIC_PRESENTATION_REPRESENTATION (  '', ( #6955 ), #4273 ) ;
#6642 = CARTESIAN_POINT ( 'NONE',  ( 54.00000000000006395, 42.00000000000014921, 0.000000000000000000 ) ) ;
#6643 =( NAMED_UNIT ( * ) SI_UNIT ( $, .STERADIAN. ) SOLID_ANGLE_UNIT ( ) );
#6644 = ORIENTED_EDGE ( 'NONE', *, *, #3642, .F. ) ;
#6645 = CARTESIAN_POINT ( 'NONE',  ( 33.20359410748688589, 0.000000000000000000, 0.000000000000000000 ) ) ;
#6646 = CARTESIAN_POINT ( 'NONE',  ( 674.0000000000010232, 48.00000000000015632, 15.00000000000001421 ) ) ;
#6647 = CARTESIAN_POINT ( 'NONE',  ( 457.3440433568522963, 82.00038924392819695, 7.240669793945509802 ) ) ;
#6648 = ORIENTED_EDGE ( 'NONE', *, *, #9506, .T. ) ;
#6649 = EDGE_CURVE ( 'NONE', #5354, #5390, #2048, .T. ) ;
#6650 = CARTESIAN_POINT ( 'NONE',  ( 24.99999999999991118, 46.00000000000005684, 7.500000000000062172 ) ) ;
#6651 = ADVANCED_FACE ( 'NONE', ( #9259 ), #270, .F. ) ;
#6652 = ORIENTED_EDGE ( 'NONE', *, *, #9345, .F. ) ;
#6653 = DIRECTION ( 'NONE',  ( 0.000000000000000000, 0.000000000000000000, 1.000000000000000000 ) ) ;
#6654 = DIRECTION ( 'NONE',  ( 1.000000000000000000, 9.860761315262647568E-32, 4.440892098500629120E-16 ) ) ;
#6655 = VERTEX_POINT ( 'NONE', #1050 ) ;
#6656 = PRODUCT_DEFINITION_SHAPE ( 'NONE', 'NONE',  #1665 ) ;
#6657 = ORIENTED_EDGE ( 'NONE', *, *, #7540, .F. ) ;
#6658 = AXIS2_PLACEMENT_3D ( 'NONE', #7536, #8977, #1666 ) ;
#6659 = DIRECTION ( 'NONE',  ( 0.000000000000000000, 1.000000000000000000, 0.000000000000000000 ) ) ;
#6660 = CARTESIAN_POINT ( 'NONE',  ( 8.000000000000007105, 302.0000000000000568, 15.00000000000001421 ) ) ;
#6661 = ORIENTED_EDGE ( 'NONE', *, *, #5768, .T. ) ;
#6662 = EDGE_CURVE ( 'NONE', #6572, #4797, #5757, .T. ) ;
#6663 = DIRECTION ( 'NONE',  ( -1.000000000000000000, -9.860761315262647568E-32, -4.440892098500629120E-16 ) ) ;
#6664 = ORIENTED_EDGE ( 'NONE', *, *, #8794, .F. ) ;
#6665 = DIRECTION ( 'NONE',  ( -0.000000000000000000, 0.000000000000000000, 1.000000000000000000 ) ) ;
#6666 = VERTEX_POINT ( 'NONE', #4791 ) ;
#6667 = AXIS2_PLACEMENT_3D ( 'NONE', #1642, #2168, #668 ) ;
#6668 = ORIENTED_EDGE ( 'NONE', *, *, #8485, .F. ) ;
#6669 = CARTESIAN_POINT ( 'NONE',  ( 12.00000000000001421, 78.00000000000001421, 0.000000000000000000 ) ) ;
#6670 = ORIENTED_EDGE ( 'NONE', *, *, #5450, .F. ) ;
#6671 = UNCERTAINTY_MEASURE_WITH_UNIT (LENGTH_MEASURE( 1.000000000000000082E-05 ), #9261, 'distance_accuracy_value', 'NONE');
#6672 = AXIS2_PLACEMENT_3D ( 'NONE', #3131, #6780, #3097 ) ;
#6673 = CARTESIAN_POINT ( 'NONE',  ( 742.4999999999998863, 13.99999999999999822, 7.500000000000062172 ) ) ;
#6674 = LINE ( 'NONE', #9383, #2750 ) ;
#6675 = EDGE_CURVE ( 'NONE', #7251, #207, #9492, .T. ) ;
#6676 = ORIENTED_EDGE ( 'NONE', *, *, #7161, .F. ) ;
#6677 = EDGE_CURVE ( 'NONE', #6406, #835, #3786, .T. ) ;
#6678 = CARTESIAN_POINT ( 'NONE',  ( 457.4253799776121809, 81.86888465349231581, 6.450176093578923187 ) ) ;
#6679 = CARTESIAN_POINT ( 'NONE',  ( 149.9999999999999716, 272.0000000000000000, 15.00000000000001421 ) ) ;
#6680 = CARTESIAN_POINT ( 'NONE',  ( 792.0000000000000000, 78.00000000000001421, 15.00000000000001421 ) ) ;
#6681 = ORIENTED_EDGE ( 'NONE', *, *, #435, .F. ) ;
#6682 = CARTESIAN_POINT ( 'NONE',  ( 87.49999999999997158, 323.0000000000000000, 15.00000000000001421 ) ) ;
#6683 = DIRECTION ( 'NONE',  ( -1.000000000000000000, 0.000000000000000000, 0.000000000000000000 ) ) ;
#6684 = VECTOR ( 'NONE', #8994, 1000.000000000000000 ) ;
#6685 = ORIENTED_EDGE ( 'NONE', *, *, #8618, .F. ) ;
#6686 = CIRCLE ( 'NONE', #7246, 2.500000000000002220 ) ;
#6687 = VECTOR ( 'NONE', #3556, 1000.000000000000000 ) ;
#6688 = EDGE_LOOP ( 'NONE', ( #6324, #7100, #2426, #1398 ) ) ;
#6689 = PLANE ( 'NONE',  #6046 ) ;
#6690 = DIRECTION ( 'NONE',  ( -1.000000000000000000, 0.000000000000000000, 0.000000000000000000 ) ) ;
#6691 = DIRECTION ( 'NONE',  ( -1.000000000000000000, 0.000000000000000000, -0.000000000000000000 ) ) ;
#6692 = CARTESIAN_POINT ( 'NONE',  ( 213.9999999999999716, 47.99999999999998579, -3.000000000000113687 ) ) ;
#6693 = EDGE_CURVE ( 'NONE', #2431, #2674, #6456, .T. ) ;
#6694 = DIRECTION ( 'NONE',  ( -0.000000000000000000, -0.000000000000000000, -1.000000000000000000 ) ) ;
#6695 = LINE ( 'NONE', #4570, #1951 ) ;
#6696 = AXIS2_PLACEMENT_3D ( 'NONE', #6, #5381, #6820 ) ;
#6697 = VECTOR ( 'NONE', #5334, 1000.000000000000000 ) ;
#6698 = PRODUCT_RELATED_PRODUCT_CATEGORY ( 'part', '', ( #616 ) ) ;
#6699 = ADVANCED_FACE ( 'NONE', ( #2641 ), #4586, .F. ) ;
#6700 = CARTESIAN_POINT ( 'NONE',  ( 670.0000000000010232, 298.0000000000005684, 9.000000000000007105 ) ) ;
#6701 = LINE ( 'NONE', #2711, #1238 ) ;
#6702 = LINE ( 'NONE', #2746, #3567 ) ;
#6703 = DIRECTION ( 'NONE',  ( -4.440892098500626162E-16, 6.938893903907225296E-18, -1.000000000000000000 ) ) ;
#6704 = CIRCLE ( 'NONE', #3513, 7.500000000000007105 ) ;
#6705 = DIRECTION ( 'NONE',  ( 0.000000000000000000, 0.000000000000000000, -1.000000000000000000 ) ) ;
#6706 = VECTOR ( 'NONE', #761, 1000.000000000000000 ) ;
#6707 = EDGE_CURVE ( 'NONE', #9444, #5499, #4353, .T. ) ;
#6708 = DIRECTION ( 'NONE',  ( 0.000000000000000000, -0.000000000000000000, 1.000000000000000000 ) ) ;
#6709 = FACE_BOUND ( 'NONE', #3882, .T. ) ;
#6710 = DIRECTION ( 'NONE',  ( 1.000000000000000000, 0.000000000000000000, 0.000000000000000000 ) ) ;
#6711 = CARTESIAN_POINT ( 'NONE',  ( 147.4999999999999716, 47.99999999999998579, -15.00000000000012434 ) ) ;
#6712 = LINE ( 'NONE', #5043, #1471 ) ;
#6713 = VERTEX_POINT ( 'NONE', #8489 ) ;
#6714 = VECTOR ( 'NONE', #5028, 1000.000000000000000 ) ;
#6715 = CYLINDRICAL_SURFACE ( 'NONE', #7651, 4.000000000000006217 ) ;
#6716 = CARTESIAN_POINT ( 'NONE',  ( 450.9999999999999432, 302.0000000000000000, 15.00000000000001421 ) ) ;
#6717 = CARTESIAN_POINT ( 'NONE',  ( 0.000000000000000000, 13.99999999999999822, 7.500000000000062172 ) ) ;
#6718 = DIRECTION ( 'NONE',  ( 0.000000000000000000, 0.000000000000000000, 1.000000000000000000 ) ) ;
#6719 = VERTEX_POINT ( 'NONE', #8542 ) ;
#6720 = EDGE_CURVE ( 'NONE', #7063, #2092, #2395, .T. ) ;
#6721 = ORIENTED_EDGE ( 'NONE', *, *, #1472, .F. ) ;
#6722 = AXIS2_PLACEMENT_3D ( 'NONE', #946, #8348, #1710 ) ;
#6723 = DIRECTION ( 'NONE',  ( -1.000000000000000000, -7.304098846218140584E-16, 0.000000000000000000 ) ) ;
#6724 = ORIENTED_EDGE ( 'NONE', *, *, #5314, .F. ) ;
#6725 = VECTOR ( 'NONE', #7415, 1000.000000000000000 ) ;
#6726 = CARTESIAN_POINT ( 'NONE',  ( 0.000000000000000000, 187.9999999999999432, 3.999999999999670486 ) ) ;
#6727 = LINE ( 'NONE', #7033, #642 ) ;
#6728 = CARTESIAN_POINT ( 'NONE',  ( 0.000000000000000000, 511.0000000000000000, 3.000000000000002665 ) ) ;
#6729 = DIRECTION ( 'NONE',  ( 0.000000000000000000, 0.000000000000000000, -1.000000000000000000 ) ) ;
#6730 = ORIENTED_EDGE ( 'NONE', *, *, #131, .F. ) ;
#6731 = LINE ( 'NONE', #9310, #4874 ) ;
#6732 = VERTEX_POINT ( 'NONE', #366 ) ;
#6733 = VERTEX_POINT ( 'NONE', #310 ) ;
#6734 = ORIENTED_EDGE ( 'NONE', *, *, #2188, .T. ) ;
#6735 = CARTESIAN_POINT ( 'NONE',  ( 451.9999999999998863, 0.000000000000000000, 2.220446049250313081E-13 ) ) ;
#6736 = ORIENTED_EDGE ( 'NONE', *, *, #5836, .T. ) ;
#6737 = LINE ( 'NONE', #790, #317 ) ;
#6738 = CIRCLE ( 'NONE', #9564, 2.500000000000002220 ) ;
#6739 = EDGE_CURVE ( 'NONE', #8444, #4926, #3838, .T. ) ;
#6740 = CARTESIAN_POINT ( 'NONE',  ( 674.0000000000010232, 298.0000000000005684, 15.00000000000001421 ) ) ;
#6741 = ORIENTED_EDGE ( 'NONE', *, *, #1392, .T. ) ;
#6742 = FACE_OUTER_BOUND ( 'NONE', #9252, .T. ) ;
#6743 = CARTESIAN_POINT ( 'NONE',  ( 373.0000000000000000, 323.0000000000000000, 15.00000000000001421 ) ) ;
#6744 = ORIENTED_EDGE ( 'NONE', *, *, #6350, .T. ) ;
#6745 = ORIENTED_EDGE ( 'NONE', *, *, #5522, .F. ) ;
#6746 = DIRECTION ( 'NONE',  ( 0.000000000000000000, 0.000000000000000000, -1.000000000000000000 ) ) ;
#6747 = LINE ( 'NONE', #8902, #330 ) ;
#6748 = DIRECTION ( 'NONE',  ( -0.000000000000000000, -0.000000000000000000, 1.000000000000000000 ) ) ;
#6749 = CARTESIAN_POINT ( 'NONE',  ( 457.5866782359840954, 81.58876786560232119, 5.713970754898634041 ) ) ;
#6750 = DIRECTION ( 'NONE',  ( -0.000000000000000000, 0.000000000000000000, 1.000000000000000000 ) ) ;
#6751 = VERTEX_POINT ( 'NONE', #1909 ) ;
#6752 = DIRECTION ( 'NONE',  ( 1.000000000000000000, 0.000000000000000000, 0.000000000000000000 ) ) ;
#6753 = DIRECTION ( 'NONE',  ( 0.000000000000000000, 0.000000000000000000, 1.000000000000000000 ) ) ;
#6754 = DIRECTION ( 'NONE',  ( 1.000000000000000000, 0.000000000000000000, 0.000000000000000000 ) ) ;
#6755 =( GEOMETRIC_REPRESENTATION_CONTEXT ( 3 ) GLOBAL_UNCERTAINTY_ASSIGNED_CONTEXT ( ( #6776 ) ) GLOBAL_UNIT_ASSIGNED_CONTEXT ( ( #6516, #4330, #7252 ) ) REPRESENTATION_CONTEXT ( 'NONE', 'WORKASPACE' ) );
#6756 = DIRECTION ( 'NONE',  ( 0.000000000000000000, 0.000000000000000000, 1.000000000000000000 ) ) ;
#6757 = CARTESIAN_POINT ( 'NONE',  ( 0.000000000000000000, 91.99999999999963052, 4.000000000000003553 ) ) ;
#6758 = ORIENTED_EDGE ( 'NONE', *, *, #3521, .T. ) ;
#6759 = CARTESIAN_POINT ( 'NONE',  ( 277.9999999999998863, 272.0000000000000000, 3.000000000000002665 ) ) ;
#6760 = ORIENTED_EDGE ( 'NONE', *, *, #1501, .T. ) ;
#6761 = CARTESIAN_POINT ( 'NONE',  ( 40.00000000000003553, 302.0000000000000000, -10.49999999999984368 ) ) ;
#6762 = ORIENTED_EDGE ( 'NONE', *, *, #6720, .F. ) ;
#6763 = EDGE_CURVE ( 'NONE', #7368, #5920, #7056, .T. ) ;
#6764 = AXIS2_PLACEMENT_3D ( 'NONE', #8861, #2181, #6654 ) ;
#6765 =( NAMED_UNIT ( * ) PLANE_ANGLE_UNIT ( ) SI_UNIT ( $, .RADIAN. ) );
#6766 = CARTESIAN_POINT ( 'NONE',  ( 131.0000000000000000, 190.0000000000000000, 15.00000000000001421 ) ) ;
#6767 = ORIENTED_EDGE ( 'NONE', *, *, #1293, .F. ) ;
#6768 = DIRECTION ( 'NONE',  ( 1.000000000000000000, 0.000000000000000000, 0.000000000000000000 ) ) ;
#6769 = CARTESIAN_POINT ( 'NONE',  ( 632.0000000000010232, 298.0000000000005684, 9.000000000000007105 ) ) ;
#6770 = ORIENTED_EDGE ( 'NONE', *, *, #2602, .T. ) ;
#6771 = EDGE_CURVE ( 'NONE', #5002, #7251, #4855, .T. ) ;
#6772 = CARTESIAN_POINT ( 'NONE',  ( 670.0000000000010232, 298.0000000000005684, 9.000000000000007105 ) ) ;
#6773 = ORIENTED_EDGE ( 'NONE', *, *, #5412, .F. ) ;
#6774 = CARTESIAN_POINT ( 'NONE',  ( 457.6533211089978863, 298.5345923093367446, -5.485656285389764797 ) ) ;
#6775 = SURFACE_SIDE_STYLE ('',( #3017 ) ) ;
#6776 = UNCERTAINTY_MEASURE_WITH_UNIT (LENGTH_MEASURE( 1.000000000000000082E-05 ), #6516, 'distance_accuracy_value', 'NONE');
#6777 = ORIENTED_EDGE ( 'NONE', *, *, #7971, .F. ) ;
#6778 = CARTESIAN_POINT ( 'NONE',  ( 54.56410256410254078, 190.0000000000000000, 31.00000000000000000 ) ) ;
#6779 = MECHANICAL_DESIGN_GEOMETRIC_PRESENTATION_REPRESENTATION (  '', ( #408 ), #3624 ) ;
#6780 = DIRECTION ( 'NONE',  ( 0.000000000000000000, 0.000000000000000000, -1.000000000000000000 ) ) ;
#6781 = DIRECTION ( 'NONE',  ( 1.000000000000000000, 0.000000000000000000, 0.000000000000000000 ) ) ;
#6782 = VECTOR ( 'NONE', #4124, 1000.000000000000000 ) ;
#6783 = CARTESIAN_POINT ( 'NONE',  ( 769.0000000000000000, 0.000000000000000000, 15.00000000000001421 ) ) ;
#6784 = VERTEX_POINT ( 'NONE', #5736 ) ;
#6785 = DIRECTION ( 'NONE',  ( -1.000000000000000000, 0.000000000000000000, 0.000000000000000000 ) ) ;
#6786 = CARTESIAN_POINT ( 'NONE',  ( 216.4999999999999716, 47.99999999999998579, -15.00000000000012434 ) ) ;
#6787 = DIRECTION ( 'NONE',  ( 0.000000000000000000, 0.000000000000000000, 1.000000000000000000 ) ) ;
#6788 = EDGE_LOOP ( 'NONE', ( #1216, #6631 ) ) ;
#6789 = CARTESIAN_POINT ( 'NONE',  ( 147.4999999999999716, 47.99999999999998579, 15.00000000000001421 ) ) ;
#6790 = EDGE_LOOP ( 'NONE', ( #1027, #8959, #8022, #1031 ) ) ;
#6791 = CIRCLE ( 'NONE', #6597, 4.000000000000003553 ) ;
#6792 = LINE ( 'NONE', #17, #2527 ) ;
#6793 = VERTEX_POINT ( 'NONE', #1305 ) ;
#6794 = AXIS2_PLACEMENT_3D ( 'NONE', #2301, #6032, #8887 ) ;
#6795 = CARTESIAN_POINT ( 'NONE',  ( 773.0000000000000000, -205.0000000000000284, 77.50000000000014211 ) ) ;
#6796 = EDGE_CURVE ( 'NONE', #4776, #73, #7270, .T. ) ;
#6797 = DIRECTION ( 'NONE',  ( 0.000000000000000000, 0.000000000000000000, 1.000000000000000000 ) ) ;
#6798 = EDGE_CURVE ( 'NONE', #64, #6620, #595, .T. ) ;
#6799 = ORIENTED_EDGE ( 'NONE', *, *, #8670, .T. ) ;
#6800 = CARTESIAN_POINT ( 'NONE',  ( -6.938893903907228378E-15, 380.0000000000000000, 0.000000000000000000 ) ) ;
#6801 = ADVANCED_FACE ( 'NONE', ( #1578, #1094, #7095 ), #4257, .T. ) ;
#6802 = CARTESIAN_POINT ( 'NONE',  ( 450.9999999999999432, 78.00000000000001421, -15.00000000000012434 ) ) ;
#6803 = FACE_OUTER_BOUND ( 'NONE', #1988, .T. ) ;
#6804 = EDGE_CURVE ( 'NONE', #1787, #7688, #1470, .T. ) ;
#6805 = LINE ( 'NONE', #38, #6697 ) ;
#6806 = ORIENTED_EDGE ( 'NONE', *, *, #7458, .F. ) ;
#6807 = AXIS2_PLACEMENT_3D ( 'NONE', #1286, #7133, #2826 ) ;
#6808 = FILL_AREA_STYLE ('',( #8964 ) ) ;
#6809 = AXIS2_PLACEMENT_3D ( 'NONE', #3430, #7263, #7881 ) ;
#6810 = ORIENTED_EDGE ( 'NONE', *, *, #220, .F. ) ;
#6811 = DIRECTION ( 'NONE',  ( 0.4686703492876502231, 0.8833731395614154991, 0.000000000000000000 ) ) ;
#6812 = DIRECTION ( 'NONE',  ( -1.000000000000000000, -9.860761315262647568E-32, -4.440892098500629120E-16 ) ) ;
#6813 = CIRCLE ( 'NONE', #4140, 2.499999999999946709 ) ;
#6814 = DIRECTION ( 'NONE',  ( -0.000000000000000000, -0.000000000000000000, -1.000000000000000000 ) ) ;
#6815 = FACE_OUTER_BOUND ( 'NONE', #7192, .T. ) ;
#6816 = DIRECTION ( 'NONE',  ( 1.000000000000000000, 0.000000000000000000, 0.000000000000000000 ) ) ;
#6817 = CARTESIAN_POINT ( 'NONE',  ( 451.9999999999999432, 288.0000000000000568, 4.000000000000003553 ) ) ;
#6818 = APPLICATION_PROTOCOL_DEFINITION ( 'draft international standard', 'automotive_design', 1998, #1633 ) ;
#6819 = VECTOR ( 'NONE', #5487, 1000.000000000000000 ) ;
#6820 = DIRECTION ( 'NONE',  ( 1.000000000000000000, 0.000000000000000000, 0.000000000000000000 ) ) ;
#6821 = CARTESIAN_POINT ( 'NONE',  ( 800.0000000000000000, 0.000000000000000000, 15.00000000000001421 ) ) ;
#6822 = EDGE_CURVE ( 'NONE', #6497, #5228, #7069, .T. ) ;
#6823 = VECTOR ( 'NONE', #6011, 1000.000000000000000 ) ;
#6824 = AXIS2_PLACEMENT_3D ( 'NONE', #818, #9668, #5196 ) ;
#6825 = CARTESIAN_POINT ( 'NONE',  ( 280.5000000000000000, 47.99999999999998579, -15.00000000000012434 ) ) ;
#6826 = LINE ( 'NONE', #6740, #9523 ) ;
#6827 = FACE_OUTER_BOUND ( 'NONE', #8165, .T. ) ;
#6828 = CARTESIAN_POINT ( 'NONE',  ( 280.5000000000000000, 47.99999999999998579, 15.00000000000001421 ) ) ;
#6829 = ORIENTED_EDGE ( 'NONE', *, *, #4794, .T. ) ;
#6830 = CYLINDRICAL_SURFACE ( 'NONE', #4456, 2.500000000000002220 ) ;
#6831 = CARTESIAN_POINT ( 'NONE',  ( 767.4999999999998863, 46.00000000000005684, 7.500000000000062172 ) ) ;
#6832 = EDGE_LOOP ( 'NONE', ( #3527, #6568, #6263, #3507 ) ) ;
#6833 = DIRECTION ( 'NONE',  ( 1.000000000000000000, 0.000000000000000000, 4.336808689942014285E-16 ) ) ;
#6834 = EDGE_CURVE ( 'NONE', #7874, #234, #4361, .T. ) ;
#6835 = ORIENTED_EDGE ( 'NONE', *, *, #6649, .T. ) ;
#6836 = FACE_BOUND ( 'NONE', #7662, .T. ) ;
#6837 = CARTESIAN_POINT ( 'NONE',  ( 439.2089883689056933, 348.1640233375465527, -3.000000000000113687 ) ) ;
#6838 = LINE ( 'NONE', #2932, #6489 ) ;
#6839 = AXIS2_PLACEMENT_3D ( 'NONE', #5167, #656, #687 ) ;
#6840 = DIRECTION ( 'NONE',  ( 0.000000000000000000, 0.000000000000000000, -1.000000000000000000 ) ) ;
#6841 = EDGE_LOOP ( 'NONE', ( #2804, #8408, #1448, #2795 ) ) ;
#6842 = EDGE_LOOP ( 'NONE', ( #1179, #4556, #1260, #6916 ) ) ;
#6843 = LINE ( 'NONE', #547, #3262 ) ;
#6844 = DIRECTION ( 'NONE',  ( 1.000000000000000000, 0.000000000000000000, 0.000000000000000000 ) ) ;
#6845 = ADVANCED_FACE ( 'NONE', ( #655 ), #7920, .T. ) ;
#6846 = AXIS2_PLACEMENT_3D ( 'NONE', #1248, #4953, #1287 ) ;
#6847 = EDGE_LOOP ( 'NONE', ( #8740, #3374, #2688, #2128 ) ) ;
#6848 = CIRCLE ( 'NONE', #8900, 4.000000000000003553 ) ;
#6849 = DIRECTION ( 'NONE',  ( -9.345988730335148917E-18, -1.000000000000000000, -6.938893903907225296E-18 ) ) ;
#6850 = FACE_OUTER_BOUND ( 'NONE', #9298, .T. ) ;
#6851 = CARTESIAN_POINT ( 'NONE',  ( 280.5000000000000000, 47.99999999999998579, -3.000000000000113687 ) ) ;
#6852 = DIRECTION ( 'NONE',  ( -1.000000000000000000, 0.000000000000000000, 0.000000000000000000 ) ) ;
#6853 = SHAPE_DEFINITION_REPRESENTATION ( #2944, #8464 ) ;
#6854 = EDGE_CURVE ( 'NONE', #7057, #1268, #7544, .T. ) ;
#6855 = EDGE_LOOP ( 'NONE', ( #136, #5411 ) ) ;
#6856 = FACE_OUTER_BOUND ( 'NONE', #522, .T. ) ;
#6857 = AXIS2_PLACEMENT_3D ( 'NONE', #111, #5962, #1474 ) ;
#6858 = ORIENTED_EDGE ( 'NONE', *, *, #3351, .T. ) ;
#6859 = EDGE_LOOP ( 'NONE', ( #8772, #4527, #5876, #8635 ) ) ;
#6860 = EDGE_LOOP ( 'NONE', ( #4415, #6685, #4807, #8713 ) ) ;
#6861 = CARTESIAN_POINT ( 'NONE',  ( 0.000000000000000000, 0.000000000000000000, 3.000000000000002665 ) ) ;
#6862 = CARTESIAN_POINT ( 'NONE',  ( 458.3865322955417128, 76.69404237452373252, 11.28311722838809317 ) ) ;
#6863 = VECTOR ( 'NONE', #5848, 1000.000000000000000 ) ;
#6864 = PLANE ( 'NONE',  #3650 ) ;
#6865 = ADVANCED_FACE ( 'NONE', ( #4403 ), #4976, .T. ) ;
#6866 = DIRECTION ( 'NONE',  ( 0.000000000000000000, 0.000000000000000000, 1.000000000000000000 ) ) ;
#6867 = AXIS2_PLACEMENT_3D ( 'NONE', #7187, #9391, #8619 ) ;
#6868 = DIRECTION ( 'NONE',  ( -1.000000000000000000, 0.000000000000000000, 0.000000000000000000 ) ) ;
#6869 = VERTEX_POINT ( 'NONE', #9428 ) ;
#6870 = EDGE_LOOP ( 'NONE', ( #5857, #3046, #6919, #2336 ) ) ;
#6871 = PLANE ( 'NONE',  #4978 ) ;
#6872 = EDGE_CURVE ( 'NONE', #2753, #3501, #6508, .T. ) ;
#6873 = EDGE_CURVE ( 'NONE', #5883, #5158, #3041, .T. ) ;
#6874 = CARTESIAN_POINT ( 'NONE',  ( 767.4999999999998863, 60.00000000000012079, 15.00000000000006928 ) ) ;
#6875 = ORIENTED_EDGE ( 'NONE', *, *, #120, .T. ) ;
#6876 = CARTESIAN_POINT ( 'NONE',  ( 111.0000000000000711, 362.0000000000001137, 15.00000000000012967 ) ) ;
#6877 = ORIENTED_EDGE ( 'NONE', *, *, #4205, .T. ) ;
#6878 = APPLICATION_PROTOCOL_DEFINITION ( 'draft international standard', 'automotive_design', 1998, #922 ) ;
#6879 = SHAPE_REPRESENTATION_RELATIONSHIP ( 'NONE' , 'NONE' ,  #5000, #7086 ) ;
#6880 = DIRECTION ( 'NONE',  ( 0.000000000000000000, 0.000000000000000000, 1.000000000000000000 ) ) ;
#6881 = DIRECTION ( 'NONE',  ( 1.000000000000000000, 0.000000000000000000, 0.000000000000000000 ) ) ;
#6882 = VERTEX_POINT ( 'NONE', #1278 ) ;
#6883 = CARTESIAN_POINT ( 'NONE',  ( 458.4854804418994831, 301.4655450815179734, -3.527039594063723804 ) ) ;
#6884 = DIRECTION ( 'NONE',  ( 1.000000000000000000, 0.000000000000000000, 0.000000000000000000 ) ) ;
#6885 = EDGE_CURVE ( 'NONE', #1441, #7412, #9319, .T. ) ;
#6886 = EDGE_LOOP ( 'NONE', ( #4778, #5446 ) ) ;
#6887 =( GEOMETRIC_REPRESENTATION_CONTEXT ( 3 ) GLOBAL_UNCERTAINTY_ASSIGNED_CONTEXT ( ( #4637 ) ) GLOBAL_UNIT_ASSIGNED_CONTEXT ( ( #9205, #6196, #7006 ) ) REPRESENTATION_CONTEXT ( 'NONE', 'WORKASPACE' ) );
#6888 = DIRECTION ( 'NONE',  ( 0.000000000000000000, 0.000000000000000000, -1.000000000000000000 ) ) ;
#6889 = EDGE_LOOP ( 'NONE', ( #1402, #1370 ) ) ;
#6890 = CARTESIAN_POINT ( 'NONE',  ( 792.0000000000000000, 78.00000000000001421, 0.000000000000000000 ) ) ;
#6891 = ORIENTED_EDGE ( 'NONE', *, *, #3824, .F. ) ;
#6892 = ORIENTED_EDGE ( 'NONE', *, *, #5640, .T. ) ;
#6893 = CARTESIAN_POINT ( 'NONE',  ( 674.0000000000010232, 298.0000000000005684, 9.000000000000007105 ) ) ;
#6894 = EDGE_LOOP ( 'NONE', ( #8379, #8500, #5162, #326 ) ) ;
#6895 = EDGE_CURVE ( 'NONE', #235, #7202, #5925, .T. ) ;
#6896 = ORIENTED_EDGE ( 'NONE', *, *, #9, .T. ) ;
#6897 = DIRECTION ( 'NONE',  ( 0.000000000000000000, 0.000000000000000000, 1.000000000000000000 ) ) ;
#6898 = CARTESIAN_POINT ( 'NONE',  ( 130.9999999999999716, 195.0000000000000000, 21.50000000000000000 ) ) ;
#6899 = ORIENTED_EDGE ( 'NONE', *, *, #762, .T. ) ;
#6900 = ORIENTED_EDGE ( 'NONE', *, *, #2515, .F. ) ;
#6901 = CARTESIAN_POINT ( 'NONE',  ( -6.245004513516505540E-14, 143.9999999999998010, 4.000000000000003553 ) ) ;
#6902 = CARTESIAN_POINT ( 'NONE',  ( 340.9999999999999432, 323.0000000000000000, -15.00000000000012434 ) ) ;
#6903 = ORIENTED_EDGE ( 'NONE', *, *, #6186, .F. ) ;
#6904 = DIRECTION ( 'NONE',  ( -0.000000000000000000, -0.000000000000000000, -1.000000000000000000 ) ) ;
#6905 = ADVANCED_FACE ( 'NONE', ( #322 ), #789, .F. ) ;
#6906 = DIRECTION ( 'NONE',  ( -0.000000000000000000, 0.000000000000000000, 1.000000000000000000 ) ) ;
#6907 = EDGE_CURVE ( 'NONE', #8323, #1317, #540, .T. ) ;
#6908 = PRODUCT_CONTEXT ( 'NONE', #3156, 'mechanical' ) ;
#6909 = ORIENTED_EDGE ( 'NONE', *, *, #4918, .F. ) ;
#6910 = AXIS2_PLACEMENT_3D ( 'NONE', #6291, #8545, #8512 ) ;
#6911 = DIRECTION ( 'NONE',  ( -0.000000000000000000, 0.000000000000000000, 1.000000000000000000 ) ) ;
#6912 = CARTESIAN_POINT ( 'NONE',  ( 451.9999999999998863, 187.9999999999999432, 4.000000000000114575 ) ) ;
#6913 = DIRECTION ( 'NONE',  ( 1.000000000000000000, 0.000000000000000000, 0.000000000000000000 ) ) ;
#6914 = SURFACE_STYLE_USAGE ( .BOTH. , #6775 ) ;
#6915 = CIRCLE ( 'NONE', #8266, 2.499999999999995115 ) ;
#6916 = ORIENTED_EDGE ( 'NONE', *, *, #9501, .F. ) ;
#6917 = PLANE ( 'NONE',  #5784 ) ;
#6918 = DIRECTION ( 'NONE',  ( -1.000000000000000000, 0.000000000000000000, 0.000000000000000000 ) ) ;
#6919 = ORIENTED_EDGE ( 'NONE', *, *, #6854, .T. ) ;
#6920 = CARTESIAN_POINT ( 'NONE',  ( 88.00000000000052580, 298.0000000000003979, 0.000000000000000000 ) ) ;
#6921 = CIRCLE ( 'NONE', #9413, 3.000000000000002665 ) ;
#6922 = EDGE_LOOP ( 'NONE', ( #7772, #4694 ) ) ;
#6923 = FACE_OUTER_BOUND ( 'NONE', #6068, .T. ) ;
#6924 = FACE_OUTER_BOUND ( 'NONE', #2898, .T. ) ;
#6925 = CARTESIAN_POINT ( 'NONE',  ( 720.0000000000010232, 0.000000000000000000, 0.000000000000000000 ) ) ;
#6926 = EDGE_LOOP ( 'NONE', ( #9146, #8321, #1483, #3863 ) ) ;
#6927 = DIRECTION ( 'NONE',  ( 0.000000000000000000, 0.000000000000000000, 1.000000000000000000 ) ) ;
#6928 = DIRECTION ( 'NONE',  ( 0.000000000000000000, 0.000000000000000000, 1.000000000000000000 ) ) ;
#6929 = LINE ( 'NONE', #8290, #5889 ) ;
#6930 = DIRECTION ( 'NONE',  ( 0.000000000000000000, -0.000000000000000000, -1.000000000000000000 ) ) ;
#6931 = VECTOR ( 'NONE', #1002, 1000.000000000000000 ) ;
#6932 = DIRECTION ( 'NONE',  ( 1.000000000000000000, 0.000000000000000000, 0.000000000000000000 ) ) ;
#6933 = EDGE_CURVE ( 'NONE', #5392, #5415, #2453, .T. ) ;
#6934 = ADVANCED_FACE ( 'NONE', ( #7773 ), #4421, .F. ) ;
#6935 = CIRCLE ( 'NONE', #8675, 4.000000000000003553 ) ;
#6936 = CARTESIAN_POINT ( 'NONE',  ( 46.00000000000004263, 36.00000000000002842, 15.00000000000001421 ) ) ;
#6937 = CARTESIAN_POINT ( 'NONE',  ( 0.000000000000000000, 0.000000000000000000, -3.000000000000113687 ) ) ;
#6938 = LINE ( 'NONE', #7016, #7733 ) ;
#6939 = EDGE_CURVE ( 'NONE', #7273, #1044, #8343, .T. ) ;
#6940 = APPLICATION_PROTOCOL_DEFINITION ( 'draft international standard', 'automotive_design', 1998, #9096 ) ;
#6941 = FACE_BOUND ( 'NONE', #2754, .T. ) ;
#6942 = AXIS2_PLACEMENT_3D ( 'NONE', #3762, #4459, #8881 ) ;
#6943 = VECTOR ( 'NONE', #7282, 1000.000000000000000 ) ;
#6944 = DIRECTION ( 'NONE',  ( 0.000000000000000000, 0.000000000000000000, -1.000000000000000000 ) ) ;
#6945 =( NAMED_UNIT ( * ) SI_UNIT ( $, .STERADIAN. ) SOLID_ANGLE_UNIT ( ) );
#6946 = COLOUR_RGB ( '',1.000000000000000000, 1.000000000000000000, 1.000000000000000000 ) ;
#6947 = VERTEX_POINT ( 'NONE', #725 ) ;
#6948 = FACE_OUTER_BOUND ( 'NONE', #674, .T. ) ;
#6949 = DIRECTION ( 'NONE',  ( 1.000000000000000000, 0.000000000000000000, 0.000000000000000000 ) ) ;
#6950 = CARTESIAN_POINT ( 'NONE',  ( 0.000000000000000000, 380.0000000000000000, -15.00000000000012434 ) ) ;
#6951 = CIRCLE ( 'NONE', #5130, 2.500000000000002220 ) ;
#6952 = ADVANCED_FACE ( 'NONE', ( #3607 ), #2584, .F. ) ;
#6953 = EDGE_CURVE ( 'NONE', #2223, #3612, #4182, .T. ) ;
#6954 = CARTESIAN_POINT ( 'NONE',  ( 0.000000000000000000, 0.000000000000000000, 15.00000000000001421 ) ) ;
#6955 = STYLED_ITEM ( 'NONE', ( #7292 ), #7914 ) ;
#6956 = ORIENTED_EDGE ( 'NONE', *, *, #5816, .T. ) ;
#6957 = FACE_BOUND ( 'NONE', #6427, .T. ) ;
#6958 = CARTESIAN_POINT ( 'NONE',  ( 0.000000000000000000, 380.0000000000000000, 0.000000000000000000 ) ) ;
#6959 = ORIENTED_EDGE ( 'NONE', *, *, #5768, .F. ) ;
#6960 = ORIENTED_EDGE ( 'NONE', *, *, #4942, .F. ) ;
#6961 = FACE_OUTER_BOUND ( 'NONE', #2894, .T. ) ;
#6962 = VECTOR ( 'NONE', #1989, 1000.000000000000000 ) ;
#6963 = VERTEX_POINT ( 'NONE', #7347 ) ;
#6964 = CYLINDRICAL_SURFACE ( 'NONE', #2360, 6.000000000000012434 ) ;
#6965 = DIRECTION ( 'NONE',  ( -9.860761315262643189E-32, -1.000000000000000000, -6.938893903907225296E-18 ) ) ;
#6966 = ORIENTED_EDGE ( 'NONE', *, *, #4520, .F. ) ;
#6967 = ORIENTED_EDGE ( 'NONE', *, *, #9095, .F. ) ;
#6968 = ORIENTED_EDGE ( 'NONE', *, *, #2229, .F. ) ;
#6969 = EDGE_CURVE ( 'NONE', #8336, #8285, #2209, .T. ) ;
#6970 = ORIENTED_EDGE ( 'NONE', *, *, #9188, .F. ) ;
#6971 = VECTOR ( 'NONE', #90, 1000.000000000000000 ) ;
#6972 = CYLINDRICAL_SURFACE ( 'NONE', #3564, 4.000000000000007105 ) ;
#6973 = CARTESIAN_POINT ( 'NONE',  ( 443.4999999999999432, 78.00000000000001421, 15.00000000000001421 ) ) ;
#6974 = DIRECTION ( 'NONE',  ( 0.000000000000000000, 0.000000000000000000, 1.000000000000000000 ) ) ;
#6975 = PRODUCT_CONTEXT ( 'NONE', #8453, 'mechanical' ) ;
#6976 = EDGE_LOOP ( 'NONE', ( #3167, #3933, #3707, #4185 ) ) ;
#6977 = PRODUCT_DEFINITION_SHAPE ( 'NONE', 'NONE',  #9682 ) ;
#6978 = DIRECTION ( 'NONE',  ( 1.000000000000000000, 0.000000000000000000, 0.000000000000000000 ) ) ;
#6979 = AXIS2_PLACEMENT_3D ( 'NONE', #9545, #2630, #8012 ) ;
#6980 = EDGE_LOOP ( 'NONE', ( #3197, #3843, #8805, #1283 ) ) ;
#6981 = ORIENTED_EDGE ( 'NONE', *, *, #5506, .F. ) ;
#6982 = CARTESIAN_POINT ( 'NONE',  ( 457.4739305752833047, 81.78833172880895575, -8.809773601527076892 ) ) ;
#6983 = ORIENTED_EDGE ( 'NONE', *, *, #7400, .T. ) ;
#6984 = VECTOR ( 'NONE', #4549, 1000.000000000000000 ) ;
#6985 = DIRECTION ( 'NONE',  ( 1.000000000000000000, 0.000000000000000000, 0.000000000000000000 ) ) ;
#6986 = DIRECTION ( 'NONE',  ( -1.000000000000000000, 0.000000000000000000, 0.000000000000000000 ) ) ;
#6987 = VERTEX_POINT ( 'NONE', #8770 ) ;
#6988 = ADVANCED_FACE ( 'NONE', ( #2334 ), #1626, .F. ) ;
#6989 = CARTESIAN_POINT ( 'NONE',  ( 457.6533211089978863, 74.53459230933665935, 5.485656285389928222 ) ) ;
#6990 = DIRECTION ( 'NONE',  ( 0.000000000000000000, 0.000000000000000000, 1.000000000000000000 ) ) ;
#6991 = CARTESIAN_POINT ( 'NONE',  ( 280.5000000000000000, 47.99999999999998579, 3.000000000000002665 ) ) ;
#6992 = AXIS2_PLACEMENT_3D ( 'NONE', #8527, #5524, #7077 ) ;
#6993 = DIRECTION ( 'NONE',  ( 0.000000000000000000, 0.000000000000000000, 1.000000000000000000 ) ) ;
#6994 = ORIENTED_EDGE ( 'NONE', *, *, #5888, .T. ) ;
#6995 = EDGE_CURVE ( 'NONE', #1268, #764, #1873, .T. ) ;
#6996 = CARTESIAN_POINT ( 'NONE',  ( 0.000000000000000000, 0.000000000000000000, 15.00000000000012434 ) ) ;
#6997 = EDGE_CURVE ( 'NONE', #1882, #449, #6391, .T. ) ;
#6998 = ORIENTED_EDGE ( 'NONE', *, *, #5141, .T. ) ;
#6999 = AXIS2_PLACEMENT_3D ( 'NONE', #1342, #4355, #2160 ) ;
#7000 = AXIS2_PLACEMENT_3D ( 'NONE', #2419, #6138, #3934 ) ;
#7001 = DIRECTION ( 'NONE',  ( -4.440892098500626162E-16, 6.938893903907225296E-18, -1.000000000000000000 ) ) ;
#7002 = ORIENTED_EDGE ( 'NONE', *, *, #3604, .T. ) ;
#7003 = ADVANCED_FACE ( 'NONE', ( #5809 ), #3582, .T. ) ;
#7004 = CARTESIAN_POINT ( 'NONE',  ( 451.9999999999998863, 143.9999999999996874, 4.000000000000225597 ) ) ;
#7005 = SHAPE_REPRESENTATION ( 'A760250-PISOSXXXPI', ( #2670 ), #9134 ) ;
#7006 =( NAMED_UNIT ( * ) SI_UNIT ( $, .STERADIAN. ) SOLID_ANGLE_UNIT ( ) );
#7007 = EDGE_LOOP ( 'NONE', ( #8212, #2846 ) ) ;
#7008 = CARTESIAN_POINT ( 'NONE',  ( 340.9999999999999432, 323.0000000000000000, 15.00000000000001421 ) ) ;
#7009 = PRODUCT_DEFINITION_SHAPE ( 'NONE', 'NONE',  #9684 ) ;
#7010 = PLANE ( 'NONE',  #7696 ) ;
#7011 = CARTESIAN_POINT ( 'NONE',  ( 0.000000000000000000, 0.000000000000000000, 0.000000000000000000 ) ) ;
#7012 = ORIENTED_EDGE ( 'NONE', *, *, #6414, .F. ) ;
#7013 = EDGE_CURVE ( 'NONE', #7444, #5834, #2101, .T. ) ;
#7014 = AXIS2_PLACEMENT_3D ( 'NONE', #8737, #2782, #2905 ) ;
#7015 = EDGE_LOOP ( 'NONE', ( #1507, #9189 ) ) ;
#7016 = CARTESIAN_POINT ( 'NONE',  ( 0.000000000000000000, 0.000000000000000000, 15.00000000000001421 ) ) ;
#7017 = ORIENTED_EDGE ( 'NONE', *, *, #4005, .F. ) ;
#7018 = AXIS2_PLACEMENT_3D ( 'NONE', #5753, #2904, #546 ) ;
#7019 = VECTOR ( 'NONE', #6281, 1000.000000000000000 ) ;
#7020 = DIRECTION ( 'NONE',  ( -1.000000000000000000, 0.000000000000000000, 0.000000000000000000 ) ) ;
#7021 = VERTEX_POINT ( 'NONE', #5204 ) ;
#7022 = CARTESIAN_POINT ( 'NONE',  ( 88.00000000000052580, 298.0000000000003979, 9.000000000000007105 ) ) ;
#7023 = ORIENTED_EDGE ( 'NONE', *, *, #8789, .T. ) ;
#7024 = DIRECTION ( 'NONE',  ( -1.000000000000000000, 0.000000000000000000, 0.000000000000000000 ) ) ;
#7025 = ADVANCED_FACE ( 'NONE', ( #3145 ), #3655, .T. ) ;
#7026 = DIRECTION ( 'NONE',  ( -1.000000000000000000, 0.000000000000000000, 0.000000000000000000 ) ) ;
#7027 = ORIENTED_EDGE ( 'NONE', *, *, #2164, .F. ) ;
#7028 = VECTOR ( 'NONE', #6694, 1000.000000000000000 ) ;
#7029 = EDGE_CURVE ( 'NONE', #5834, #7444, #8236, .T. ) ;
#7030 = CIRCLE ( 'NONE', #7062, 2.500000000000002220 ) ;
#7031 = ORIENTED_EDGE ( 'NONE', *, *, #7851, .F. ) ;
#7032 =( NAMED_UNIT ( * ) PLANE_ANGLE_UNIT ( ) SI_UNIT ( $, .RADIAN. ) );
#7033 = CARTESIAN_POINT ( 'NONE',  ( 40.00000000000003553, 78.00000000000001421, -10.49999999999984368 ) ) ;
#7034 = CARTESIAN_POINT ( 'NONE',  ( 450.9999999999999432, 78.00000000000001421, -1.500000000000056843 ) ) ;
#7035 = CARTESIAN_POINT ( 'NONE',  ( 458.4858125066268713, 301.4692869455292339, -11.47358841132560237 ) ) ;
#7036 = EDGE_LOOP ( 'NONE', ( #5785, #7949, #710, #6485 ) ) ;
#7037 = CIRCLE ( 'NONE', #9534, 3.000000000000002665 ) ;
#7038 = CYLINDRICAL_SURFACE ( 'NONE', #250, 2.500000000000002220 ) ;
#7039 = AXIS2_PLACEMENT_3D ( 'NONE', #5638, #4973, #3370 ) ;
#7040 = ORIENTED_EDGE ( 'NONE', *, *, #5387, .T. ) ;
#7041 = DIRECTION ( 'NONE',  ( -1.000000000000000000, 0.000000000000000000, 0.000000000000000000 ) ) ;
#7042 = ORIENTED_EDGE ( 'NONE', *, *, #5701, .T. ) ;
#7043 = ADVANCED_FACE ( 'NONE', ( #194 ), #1439, .T. ) ;
#7044 = DIRECTION ( 'NONE',  ( 0.000000000000000000, 0.000000000000000000, -1.000000000000000000 ) ) ;
#7045 = LINE ( 'NONE', #261, #3234 ) ;
#7046 = EDGE_CURVE ( 'NONE', #1266, #240, #8720, .T. ) ;
#7047 = FACE_OUTER_BOUND ( 'NONE', #2980, .T. ) ;
#7048 = EDGE_CURVE ( 'NONE', #4560, #3501, #4295, .T. ) ;
#7049 = LINE ( 'NONE', #3276, #7855 ) ;
#7050 = CYLINDRICAL_SURFACE ( 'NONE', #5322, 2.500000000000002220 ) ;
#7051 = CARTESIAN_POINT ( 'NONE',  ( 450.9999999999999432, 78.00000000000001421, -15.00000000000012434 ) ) ;
#7052 = FACE_BOUND ( 'NONE', #8294, .T. ) ;
#7053 = CARTESIAN_POINT ( 'NONE',  ( 149.9999999999999716, 47.99999999999998579, 15.00000000000001421 ) ) ;
#7054 = CIRCLE ( 'NONE', #157, 2.500000000000002220 ) ;
#7055 = CARTESIAN_POINT ( 'NONE',  ( 451.9999999999999432, 47.99999999999960210, 2.220446049250313081E-13 ) ) ;
#7056 = CIRCLE ( 'NONE', #8234, 4.000000000000003553 ) ;
#7057 = VERTEX_POINT ( 'NONE', #2226 ) ;
#7058 = CARTESIAN_POINT ( 'NONE',  ( 0.000000000000000000, 187.9999999999999432, 2.220446049250313081E-13 ) ) ;
#7059 = VERTEX_POINT ( 'NONE', #6783 ) ;
#7060 = FACE_BOUND ( 'NONE', #3192, .T. ) ;
#7061 =( REPRESENTATION_RELATIONSHIP ('NONE','NONE', #5015, #8198 ) REPRESENTATION_RELATIONSHIP_WITH_TRANSFORMATION ( #910 )SHAPE_REPRESENTATION_RELATIONSHIP( ) );
#7062 = AXIS2_PLACEMENT_3D ( 'NONE', #4721, #9054, #2430 ) ;
#7063 = VERTEX_POINT ( 'NONE', #5336 ) ;
#7064 =( GEOMETRIC_REPRESENTATION_CONTEXT ( 3 ) GLOBAL_UNCERTAINTY_ASSIGNED_CONTEXT ( ( #866 ) ) GLOBAL_UNIT_ASSIGNED_CONTEXT ( ( #445, #7032, #1218 ) ) REPRESENTATION_CONTEXT ( 'NONE', 'WORKASPACE' ) );
#7065 = EDGE_LOOP ( 'NONE', ( #3019, #9292, #3415, #7660 ) ) ;
#7066 = FACE_BOUND ( 'NONE', #8329, .T. ) ;
#7067 = DIRECTION ( 'NONE',  ( 1.000000000000000000, 0.000000000000000000, 0.000000000000000000 ) ) ;
#7068 = CARTESIAN_POINT ( 'NONE',  ( 458.4852164415981974, 78.53920825976813092, -3.527528112577049235 ) ) ;
#7069 = LINE ( 'NONE', #9394, #5092 ) ;
#7070 = PLANE ( 'NONE',  #8702 ) ;
#7071 = CARTESIAN_POINT ( 'NONE',  ( 8.000000000000007105, 78.00000000000001421, 2.000000000000001776 ) ) ;
#7072 = CONTEXT_DEPENDENT_SHAPE_REPRESENTATION ( #1890, #8546 ) ;
#7073 = ORIENTED_EDGE ( 'NONE', *, *, #6139, .F. ) ;
#7074 = DIRECTION ( 'NONE',  ( -0.000000000000000000, -0.000000000000000000, -1.000000000000000000 ) ) ;
#7075 = ORIENTED_EDGE ( 'NONE', *, *, #2810, .T. ) ;
#7076 = FACE_BOUND ( 'NONE', #9580, .T. ) ;
#7077 = DIRECTION ( 'NONE',  ( -1.000000000000000000, 0.000000000000000000, 0.000000000000000000 ) ) ;
#7078 = ORIENTED_EDGE ( 'NONE', *, *, #1889, .F. ) ;
#7079 = FACE_OUTER_BOUND ( 'NONE', #7890, .T. ) ;
#7080 = ADVANCED_FACE ( 'NONE', ( #7998 ), #4773, .F. ) ;
#7081 = PLANE ( 'NONE',  #1023 ) ;
#7082 = LINE ( 'NONE', #8164, #9068 ) ;
#7083 = CARTESIAN_POINT ( 'NONE',  ( 792.0000000000000000, 302.0000000000000000, 15.00000000000001421 ) ) ;
#7084 = EDGE_CURVE ( 'NONE', #4449, #7472, #7888, .T. ) ;
#7085 = DIRECTION ( 'NONE',  ( -1.000000000000000000, 0.000000000000000000, 0.000000000000000000 ) ) ;
#7086 = ADVANCED_BREP_SHAPE_REPRESENTATION ( '', ( #2943, #2670 ), #2103 ) ;
#7087 = CONTEXT_DEPENDENT_SHAPE_REPRESENTATION ( #7104, #1413 ) ;
#7088 = DIRECTION ( 'NONE',  ( 0.000000000000000000, 0.000000000000000000, 1.000000000000000000 ) ) ;
#7089 = EDGE_LOOP ( 'NONE', ( #8246, #6412, #2102, #8982, #5406, #2789 ) ) ;
#7090 = CIRCLE ( 'NONE', #5402, 4.000000000000006217 ) ;
#7091 = EDGE_LOOP ( 'NONE', ( #1251, #7897 ) ) ;
#7092 = FILL_AREA_STYLE ('',( #1832 ) ) ;
#7093 = ORIENTED_EDGE ( 'NONE', *, *, #305, .T. ) ;
#7094 = VERTEX_POINT ( 'NONE', #7529 ) ;
#7095 = FACE_OUTER_BOUND ( 'NONE', #6168, .T. ) ;
#7096 = EDGE_CURVE ( 'NONE', #3501, #4560, #3844, .T. ) ;
#7097 = DIRECTION ( 'NONE',  ( 1.000000000000000000, 0.000000000000000000, 0.000000000000000000 ) ) ;
#7098 = VERTEX_POINT ( 'NONE', #2258 ) ;
#7099 = AXIS2_PLACEMENT_3D ( 'NONE', #7330, #5840, #5934 ) ;
#7100 = ORIENTED_EDGE ( 'NONE', *, *, #6798, .F. ) ;
#7101 = CARTESIAN_POINT ( 'NONE',  ( 87.49999999999997158, 323.0000000000000000, 14.00000000000001243 ) ) ;
#7102 = ADVANCED_FACE ( 'NONE', ( #6742 ), #3385, .F. ) ;
#7103 = DIRECTION ( 'NONE',  ( 0.000000000000000000, 0.000000000000000000, 1.000000000000000000 ) ) ;
#7104 =( REPRESENTATION_RELATIONSHIP ('NONE','NONE', #5015, #8277 ) REPRESENTATION_RELATIONSHIP_WITH_TRANSFORMATION ( #9436 )SHAPE_REPRESENTATION_RELATIONSHIP( ) );
#7105 = FILL_AREA_STYLE ('',( #4050 ) ) ;
#7106 = AXIS2_PLACEMENT_3D ( 'NONE', #4435, #8890, #8030 ) ;
#7107 = ORIENTED_EDGE ( 'NONE', *, *, #4584, .F. ) ;
#7108 = CARTESIAN_POINT ( 'NONE',  ( 451.9999999999999432, 43.99999999999959499, 4.000000000000225597 ) ) ;
#7109 = CARTESIAN_POINT ( 'NONE',  ( 458.4854804418994263, 77.46554508151794494, -3.527039594063724248 ) ) ;
#7110 = CARTESIAN_POINT ( 'NONE',  ( 632.0000000000010232, 74.00000000000017053, 0.000000000000000000 ) ) ;
#7111 = ORIENTED_EDGE ( 'NONE', *, *, #2398, .F. ) ;
#7112 = CARTESIAN_POINT ( 'NONE',  ( 674.0000000000010232, 292.0000000000003411, 15.00000000000001421 ) ) ;
#7113 = CARTESIAN_POINT ( 'NONE',  ( 634.5000000000006821, 266.0000000000004547, 0.000000000000000000 ) ) ;
#7114 = DIRECTION ( 'NONE',  ( 0.000000000000000000, 0.000000000000000000, 1.000000000000000000 ) ) ;
#7115 = CARTESIAN_POINT ( 'NONE',  ( 5.500000000000011546, 302.0000000000000568, 2.000000000000001776 ) ) ;
#7116 = CARTESIAN_POINT ( 'NONE',  ( 50.00000000000004263, 298.0000000000004547, 15.00000000000001421 ) ) ;
#7117 = ORIENTED_EDGE ( 'NONE', *, *, #8248, .T. ) ;
#7118 = CARTESIAN_POINT ( 'NONE',  ( 458.4999999999999432, 78.00000000000001421, 1.499999999999945821 ) ) ;
#7119 = AXIS2_PLACEMENT_3D ( 'NONE', #5061, #1394, #8083 ) ;
#7120 = DIRECTION ( 'NONE',  ( -1.000000000000000000, 0.000000000000000000, 0.000000000000000000 ) ) ;
#7121 = EDGE_LOOP ( 'NONE', ( #6212, #8467, #5494, #3277 ) ) ;
#7122 = EDGE_CURVE ( 'NONE', #7098, #455, #2813, .T. ) ;
#7123 = EDGE_CURVE ( 'NONE', #3293, #4388, #8480, .T. ) ;
#7124 = DIRECTION ( 'NONE',  ( -1.000000000000000000, 0.000000000000000000, 0.000000000000000000 ) ) ;
#7125 = ORIENTED_EDGE ( 'NONE', *, *, #4533, .T. ) ;
#7126 = EDGE_CURVE ( 'NONE', #4797, #6572, #7090, .T. ) ;
#7127 = VERTEX_POINT ( 'NONE', #106 ) ;
#7128 = AXIS2_PLACEMENT_3D ( 'NONE', #5146, #659, #70 ) ;
#7129 = EDGE_LOOP ( 'NONE', ( #1894, #7340, #5622, #9393 ) ) ;
#7130 = AXIS2_PLACEMENT_3D ( 'NONE', #5695, #7147, #1322 ) ;
#7131 = ADVANCED_FACE ( 'NONE', ( #2917, #5588, #6045, #9551, #9074 ), #9000, .T. ) ;
#7132 = EDGE_LOOP ( 'NONE', ( #6721, #3079 ) ) ;
#7133 = DIRECTION ( 'NONE',  ( 0.000000000000000000, 0.000000000000000000, 1.000000000000000000 ) ) ;
#7134 = VERTEX_POINT ( 'NONE', #7447 ) ;
#7135 = DIRECTION ( 'NONE',  ( -0.000000000000000000, -0.000000000000000000, -1.000000000000000000 ) ) ;
#7136 = ORIENTED_EDGE ( 'NONE', *, *, #8156, .F. ) ;
#7137 =( NAMED_UNIT ( * ) PLANE_ANGLE_UNIT ( ) SI_UNIT ( $, .RADIAN. ) );
#7138 = DIRECTION ( 'NONE',  ( -1.000000000000000000, 0.000000000000000000, 0.000000000000000000 ) ) ;
#7139 = CARTESIAN_POINT ( 'NONE',  ( 128.3472685080715507, 190.0000000000000000, 0.000000000000000000 ) ) ;
#7140 = CARTESIAN_POINT ( 'NONE',  ( 4.000000000000000000, 302.0000000000000000, 15.00000000000001421 ) ) ;
#7141 = ORIENTED_EDGE ( 'NONE', *, *, #2503, .T. ) ;
#7142 = EDGE_CURVE ( 'NONE', #596, #2703, #5353, .T. ) ;
#7143 = DIRECTION ( 'NONE',  ( -1.000000000000000000, 0.000000000000000000, 0.000000000000000000 ) ) ;
#7144 = AXIS2_PLACEMENT_3D ( 'NONE', #2206, #2989, #7389 ) ;
#7145 = VERTEX_POINT ( 'NONE', #3876 ) ;
#7146 = DIRECTION ( 'NONE',  ( 0.000000000000000000, -0.000000000000000000, 1.000000000000000000 ) ) ;
#7147 = DIRECTION ( 'NONE',  ( 0.000000000000000000, 0.000000000000000000, 1.000000000000000000 ) ) ;
#7148 = ADVANCED_FACE ( 'NONE', ( #6856 ), #4518, .F. ) ;
#7149 = CARTESIAN_POINT ( 'NONE',  ( 82.49999999999995737, 323.0000000000000000, -15.00000000000012434 ) ) ;
#7150 = FACE_BOUND ( 'NONE', #3885, .T. ) ;
#7151 = EDGE_LOOP ( 'NONE', ( #1189, #6141 ) ) ;
#7152 = DIRECTION ( 'NONE',  ( 0.000000000000000000, 0.000000000000000000, -1.000000000000000000 ) ) ;
#7153 = ORIENTED_EDGE ( 'NONE', *, *, #5531, .T. ) ;
#7154 = CARTESIAN_POINT ( 'NONE',  ( 598.0000000000010232, 36.00000000000014211, 9.000000000000007105 ) ) ;
#7155 = FACE_OUTER_BOUND ( 'NONE', #6859, .T. ) ;
#7156 = ORIENTED_EDGE ( 'NONE', *, *, #5719, .T. ) ;
#7157 = CYLINDRICAL_SURFACE ( 'NONE', #2612, 2.500000000000002220 ) ;
#7158 = VECTOR ( 'NONE', #3969, 1000.000000000000000 ) ;
#7159 = ORIENTED_EDGE ( 'NONE', *, *, #8620, .F. ) ;
#7160 = AXIS2_PLACEMENT_3D ( 'NONE', #8305, #6080, #8949 ) ;
#7161 = EDGE_CURVE ( 'NONE', #2737, #7021, #8824, .T. ) ;
#7162 = FACE_OUTER_BOUND ( 'NONE', #7235, .T. ) ;
#7163 = VECTOR ( 'NONE', #3107, 1000.000000000000000 ) ;
#7164 = AXIS2_PLACEMENT_3D ( 'NONE', #165, #1737, #6868 ) ;
#7165 = DIRECTION ( 'NONE',  ( 0.000000000000000000, -2.220446049250313574E-16, -1.000000000000000000 ) ) ;
#7166 = CARTESIAN_POINT ( 'NONE',  ( 458.4999999999999432, 78.00000000000000000, -3.499999999999836575 ) ) ;
#7167 = CARTESIAN_POINT ( 'NONE',  ( 632.0000000000010232, 170.0000000000001990, 0.000000000000000000 ) ) ;
#7168 = FACE_OUTER_BOUND ( 'NONE', #205, .T. ) ;
#7169 = DIRECTION ( 'NONE',  ( -0.2760228707098010825, -0.9611510676502006412, 0.000000000000000000 ) ) ;
#7170 = FACE_OUTER_BOUND ( 'NONE', #74, .T. ) ;
#7171 = FACE_OUTER_BOUND ( 'NONE', #7036, .T. ) ;
#7172 = CIRCLE ( 'NONE', #1181, 2.500000000000002220 ) ;
#7173 = DIRECTION ( 'NONE',  ( 0.000000000000000000, 0.000000000000000000, 1.000000000000000000 ) ) ;
#7174 = ADVANCED_FACE ( 'NONE', ( #913 ), #6617, .F. ) ;
#7175 = CARTESIAN_POINT ( 'NONE',  ( 213.9999999999999716, 47.99999999999998579, 15.00000000000001421 ) ) ;
#7176 = DIRECTION ( 'NONE',  ( -1.000000000000000000, -0.000000000000000000, -0.000000000000000000 ) ) ;
#7177 = EDGE_CURVE ( 'NONE', #4871, #5580, #1157, .T. ) ;
#7178 = FACE_OUTER_BOUND ( 'NONE', #2799, .T. ) ;
#7179 = CARTESIAN_POINT ( 'NONE',  ( 0.000000000000000000, 0.000000000000000000, 3.000000000000002665 ) ) ;
#7180 = PLANE ( 'NONE',  #5824 ) ;
#7181 = CIRCLE ( 'NONE', #2537, 3.000000000000007994 ) ;
#7182 = EDGE_CURVE ( 'NONE', #7127, #8723, #4888, .T. ) ;
#7183 = EDGE_LOOP ( 'NONE', ( #3359, #6770 ) ) ;
#7184 = CIRCLE ( 'NONE', #9553, 3.000000000000002665 ) ;
#7185 = AXIS2_PLACEMENT_3D ( 'NONE', #6387, #3508, #1948 ) ;
#7186 = CIRCLE ( 'NONE', #3324, 3.000000000000002665 ) ;
#7187 = CARTESIAN_POINT ( 'NONE',  ( 450.9999999999999432, 302.0000000000000000, 1.499999999999945821 ) ) ;
#7188 = VERTEX_POINT ( 'NONE', #2488 ) ;
#7189 = EDGE_LOOP ( 'NONE', ( #8274, #7953 ) ) ;
#7190 = CARTESIAN_POINT ( 'NONE',  ( 50.00000000000004263, 42.00000000000014921, 0.000000000000000000 ) ) ;
#7191 = EDGE_LOOP ( 'NONE', ( #7991, #8353, #1270, #4578 ) ) ;
#7192 = EDGE_LOOP ( 'NONE', ( #9482, #7445, #6563, #8264 ) ) ;
#7193 = VECTOR ( 'NONE', #8879, 1000.000000000000000 ) ;
#7194 = CYLINDRICAL_SURFACE ( 'NONE', #1453, 2.500000000000002220 ) ;
#7195 = ADVANCED_FACE ( 'NONE', ( #2701 ), #7200, .F. ) ;
#7196 = CARTESIAN_POINT ( 'NONE',  ( 632.0000000000010232, 74.00000000000017053, 15.00000000000001421 ) ) ;
#7197 = EDGE_CURVE ( 'NONE', #2223, #6713, #3654, .T. ) ;
#7198 = AXIS2_PLACEMENT_3D ( 'NONE', #3404, #2598, #8565 ) ;
#7199 = ORIENTED_EDGE ( 'NONE', *, *, #2078, .T. ) ;
#7200 = CYLINDRICAL_SURFACE ( 'NONE', #2915, 4.000000000000017764 ) ;
#7201 = DIRECTION ( 'NONE',  ( 0.000000000000000000, 1.000000000000000000, 0.000000000000000000 ) ) ;
#7202 = VERTEX_POINT ( 'NONE', #5471 ) ;
#7203 = EDGE_LOOP ( 'NONE', ( #7298, #1662 ) ) ;
#7204 = EDGE_LOOP ( 'NONE', ( #1872, #7908, #4335, #6773 ) ) ;
#7205 = CARTESIAN_POINT ( 'NONE',  ( 458.4441901530435075, 77.07734390319625106, -11.39441536424039114 ) ) ;
#7206 = DIRECTION ( 'NONE',  ( -0.000000000000000000, 0.000000000000000000, 1.000000000000000000 ) ) ;
#7207 = VERTEX_POINT ( 'NONE', #1796 ) ;
#7208 = CIRCLE ( 'NONE', #5549, 13.00000000000001066 ) ;
#7209 = CIRCLE ( 'NONE', #5557, 6.000000000000005329 ) ;
#7210 = CARTESIAN_POINT ( 'NONE',  ( 0.000000000000000000, 0.000000000000000000, -1.500000000000056843 ) ) ;
#7211 = EDGE_LOOP ( 'NONE', ( #301, #8053 ) ) ;
#7212 = CYLINDRICAL_SURFACE ( 'NONE', #3835, 3.000000000000004441 ) ;
#7213 = EDGE_LOOP ( 'NONE', ( #5157, #147 ) ) ;
#7214 = VERTEX_POINT ( 'NONE', #994 ) ;
#7215 = EDGE_CURVE ( 'NONE', #3506, #7887, #3830, .T. ) ;
#7216 = CARTESIAN_POINT ( 'NONE',  ( -6.245004513516505540E-14, 43.99999999999959499, -1.110223024625156540E-13 ) ) ;
#7217 = CIRCLE ( 'NONE', #862, 4.000000000000003553 ) ;
#7218 = PLANE ( 'NONE',  #7776 ) ;
#7219 = ORIENTED_EDGE ( 'NONE', *, *, #6118, .T. ) ;
#7220 = CARTESIAN_POINT ( 'NONE',  ( 457.3441915583383661, 297.9998458147802012, 7.628838827406177359 ) ) ;
#7221 = EDGE_CURVE ( 'NONE', #7319, #3183, #3029, .T. ) ;
#7222 = CARTESIAN_POINT ( 'NONE',  ( 0.000000000000000000, 340.0000000000002842, 15.00000000000001421 ) ) ;
#7223 = PRESENTATION_STYLE_ASSIGNMENT (( #1986 ) ) ;
#7224 = AXIS2_PLACEMENT_3D ( 'NONE', #505, #7173, #1296 ) ;
#7225 = ADVANCED_FACE ( 'NONE', ( #7076, #774, #9538 ), #4839, .F. ) ;
#7226 = DIRECTION ( 'NONE',  ( 1.000000000000000000, 0.000000000000000000, 0.000000000000000000 ) ) ;
#7227 = DIRECTION ( 'NONE',  ( 0.000000000000000000, -1.000000000000000000, 0.000000000000000000 ) ) ;
#7228 = DIRECTION ( 'NONE',  ( 0.000000000000000000, 1.000000000000000000, 0.000000000000000000 ) ) ;
#7229 = ORIENTED_EDGE ( 'NONE', *, *, #6082, .T. ) ;
#7230 = AXIS2_PLACEMENT_3D ( 'NONE', #3072, #5249, #6690 ) ;
#7231 = DIRECTION ( 'NONE',  ( 0.000000000000000000, 0.000000000000000000, -1.000000000000000000 ) ) ;
#7232 = ORIENTED_EDGE ( 'NONE', *, *, #8175, .T. ) ;
#7233 = EDGE_CURVE ( 'NONE', #1341, #464, #1985, .T. ) ;
#7234 = DIRECTION ( 'NONE',  ( -0.000000000000000000, 0.000000000000000000, 1.000000000000000000 ) ) ;
#7235 = EDGE_LOOP ( 'NONE', ( #3305, #5566, #5220, #8367 ) ) ;
#7236 = DIRECTION ( 'NONE',  ( -0.000000000000000000, -0.000000000000000000, -1.000000000000000000 ) ) ;
#7237 = ADVANCED_FACE ( 'NONE', ( #9063 ), #7081, .T. ) ;
#7238 = CARTESIAN_POINT ( 'NONE',  ( 457.5870743129739253, 305.5879919699532934, -9.286974481717274799 ) ) ;
#7239 = EDGE_LOOP ( 'NONE', ( #2456, #8780 ) ) ;
#7240 = DIRECTION ( 'NONE',  ( -0.000000000000000000, 0.000000000000000000, 1.000000000000000000 ) ) ;
#7241 = CARTESIAN_POINT ( 'NONE',  ( 152.4999999999999716, 47.99999999999998579, -15.00000000000012434 ) ) ;
#7242 = CARTESIAN_POINT ( 'NONE',  ( 8.000000000000007105, 78.00000000000001421, 0.000000000000000000 ) ) ;
#7243 = VERTEX_POINT ( 'NONE', #3317 ) ;
#7244 = CARTESIAN_POINT ( 'NONE',  ( 769.0000000000000000, 320.0000000000000000, 15.00000000000001421 ) ) ;
#7245 = ORIENTED_EDGE ( 'NONE', *, *, #3954, .F. ) ;
#7246 = AXIS2_PLACEMENT_3D ( 'NONE', #3178, #241, #6109 ) ;
#7247 =( GEOMETRIC_REPRESENTATION_CONTEXT ( 3 ) GLOBAL_UNCERTAINTY_ASSIGNED_CONTEXT ( ( #5055 ) ) GLOBAL_UNIT_ASSIGNED_CONTEXT ( ( #6325, #1252, #7905 ) ) REPRESENTATION_CONTEXT ( 'NONE', 'WORKASPACE' ) );
#7248 = PLANE ( 'NONE',  #6807 ) ;
#7249 = CARTESIAN_POINT ( 'NONE',  ( 0.000000000000000000, 0.000000000000000000, 3.000000000000113687 ) ) ;
#7250 = VECTOR ( 'NONE', #713, 1000.000000000000000 ) ;
#7251 = VERTEX_POINT ( 'NONE', #6276 ) ;
#7252 =( NAMED_UNIT ( * ) SI_UNIT ( $, .STERADIAN. ) SOLID_ANGLE_UNIT ( ) );
#7253 = VERTEX_POINT ( 'NONE', #4806 ) ;
#7254 = DIRECTION ( 'NONE',  ( 1.000000000000000000, 0.000000000000000000, 0.000000000000000000 ) ) ;
#7255 = EDGE_CURVE ( 'NONE', #8958, #9125, #7661, .T. ) ;
#7256 = VERTEX_POINT ( 'NONE', #1867 ) ;
#7257 = FACE_OUTER_BOUND ( 'NONE', #1629, .T. ) ;
#7258 = VECTOR ( 'NONE', #6965, 1000.000000000000000 ) ;
#7259 = ORIENTED_EDGE ( 'NONE', *, *, #172, .F. ) ;
#7260 = CARTESIAN_POINT ( 'NONE',  ( 458.4999999999999432, 78.00000000000001421, -11.49999999999984723 ) ) ;
#7261 = DIRECTION ( 'NONE',  ( 0.000000000000000000, 0.000000000000000000, -1.000000000000000000 ) ) ;
#7262 = ADVANCED_FACE ( 'NONE', ( #1145 ), #6964, .F. ) ;
#7263 = DIRECTION ( 'NONE',  ( 0.000000000000000000, 0.000000000000000000, -1.000000000000000000 ) ) ;
#7264 = CARTESIAN_POINT ( 'NONE',  ( 0.000000000000000000, 8.326672684688674053E-14, 15.00000000000006928 ) ) ;
#7265 = CARTESIAN_POINT ( 'NONE',  ( 340.9999999999999432, 323.0000000000000000, -15.00000000000012434 ) ) ;
#7266 = VERTEX_POINT ( 'NONE', #387 ) ;
#7267 = PLANE ( 'NONE',  #8003 ) ;
#7268 = FACE_OUTER_BOUND ( 'NONE', #2675, .T. ) ;
#7269 = EDGE_CURVE ( 'NONE', #7059, #4776, #8944, .T. ) ;
#7270 = LINE ( 'NONE', #7244, #3322 ) ;
#7271 = ORIENTED_EDGE ( 'NONE', *, *, #7346, .T. ) ;
#7272 = EDGE_CURVE ( 'NONE', #6033, #3384, #6731, .T. ) ;
#7273 = VERTEX_POINT ( 'NONE', #6305 ) ;
#7274 = CARTESIAN_POINT ( 'NONE',  ( 457.3444884193503412, 298.0003166582307017, 7.228218908881261839 ) ) ;
#7275 = DIRECTION ( 'NONE',  ( 0.000000000000000000, 0.000000000000000000, 1.000000000000000000 ) ) ;
#7276 = CYLINDRICAL_SURFACE ( 'NONE', #4320, 13.00000000000001066 ) ;
#7277 = CARTESIAN_POINT ( 'NONE',  ( 0.000000000000000000, 0.000000000000000000, 3.000000000000002665 ) ) ;
#7278 = FACE_BOUND ( 'NONE', #27, .T. ) ;
#7279 = CIRCLE ( 'NONE', #8137, 3.000000000000002665 ) ;
#7280 = AXIS2_PLACEMENT_3D ( 'NONE', #3102, #3050, #8176 ) ;
#7281 = ADVANCED_FACE ( 'NONE', ( #9438 ), #72, .F. ) ;
#7282 = DIRECTION ( 'NONE',  ( 0.000000000000000000, 0.000000000000000000, 1.000000000000000000 ) ) ;
#7283 = FACE_OUTER_BOUND ( 'NONE', #9110, .T. ) ;
#7284 = FACE_OUTER_BOUND ( 'NONE', #3340, .T. ) ;
#7285 =( NAMED_UNIT ( * ) PLANE_ANGLE_UNIT ( ) SI_UNIT ( $, .RADIAN. ) );
#7286 = SURFACE_STYLE_USAGE ( .BOTH. , #6517 ) ;
#7287 = LINE ( 'NONE', #15, #3354 ) ;
#7288 = VECTOR ( 'NONE', #5227, 1000.000000000000000 ) ;
#7289 = DIRECTION ( 'NONE',  ( -0.000000000000000000, 0.000000000000000000, 1.000000000000000000 ) ) ;
#7290 = EDGE_LOOP ( 'NONE', ( #5478, #5938, #1977, #4511 ) ) ;
#7291 = EDGE_LOOP ( 'NONE', ( #7417, #4977, #3736, #9390 ) ) ;
#7292 = PRESENTATION_STYLE_ASSIGNMENT (( #2140 ) ) ;
#7293 = AXIS2_PLACEMENT_3D ( 'NONE', #1454, #7390, #4540 ) ;
#7294 = CARTESIAN_POINT ( 'NONE',  ( 451.9999999999999432, 43.99999999999981526, 2.220446049250313081E-13 ) ) ;
#7295 = VERTEX_POINT ( 'NONE', #4121 ) ;
#7296 = CARTESIAN_POINT ( 'NONE',  ( 458.4999999999999432, 78.00000000000001421, 11.49999999999995737 ) ) ;
#7297 = ORIENTED_EDGE ( 'NONE', *, *, #3954, .T. ) ;
#7298 = ORIENTED_EDGE ( 'NONE', *, *, #1055, .F. ) ;
#7299 = LINE ( 'NONE', #7334, #6714 ) ;
#7300 = FACE_OUTER_BOUND ( 'NONE', #845, .T. ) ;
#7301 = CARTESIAN_POINT ( 'NONE',  ( 458.4290378739115681, 303.0623591638220660, -3.634424822770752961 ) ) ;
#7302 = EDGE_CURVE ( 'NONE', #3940, #9525, #5229, .T. ) ;
#7303 = EDGE_CURVE ( 'NONE', #8270, #4039, #4757, .T. ) ;
#7304 = CARTESIAN_POINT ( 'NONE',  ( 0.000000000000000000, 0.000000000000000000, 1.499999999999945821 ) ) ;
#7305 = CARTESIAN_POINT ( 'NONE',  ( 469.2791522340548340, 337.2193787511251912, 15.00000000000001421 ) ) ;
#7306 = EDGE_CURVE ( 'NONE', #7672, #532, #9658, .T. ) ;
#7307 = ORIENTED_EDGE ( 'NONE', *, *, #8051, .F. ) ;
#7308 = FACE_BOUND ( 'NONE', #888, .T. ) ;
#7309 = VERTEX_POINT ( 'NONE', #283 ) ;
#7310 = AXIS2_PLACEMENT_3D ( 'NONE', #7978, #8106, #6636 ) ;
#7311 = STYLED_ITEM ( 'NONE', ( #7557 ), #9565 ) ;
#7312 = ORIENTED_EDGE ( 'NONE', *, *, #909, .F. ) ;
#7313 = LINE ( 'NONE', #6876, #3268 ) ;
#7314 = CARTESIAN_POINT ( 'NONE',  ( 458.0194444435506398, 299.3513090169493580, 10.50831425655690410 ) ) ;
#7315 = VECTOR ( 'NONE', #7779, 1000.000000000000000 ) ;
#7316 = EDGE_CURVE ( 'NONE', #471, #1065, #5245, .T. ) ;
#7317 = DIRECTION ( 'NONE',  ( 0.000000000000000000, 0.000000000000000000, 1.000000000000000000 ) ) ;
#7318 = CARTESIAN_POINT ( 'NONE',  ( 0.000000000000000000, 0.000000000000000000, 0.000000000000000000 ) ) ;
#7319 = VERTEX_POINT ( 'NONE', #7555 ) ;
#7320 = ORIENTED_EDGE ( 'NONE', *, *, #9185, .T. ) ;
#7321 = ORIENTED_EDGE ( 'NONE', *, *, #9245, .F. ) ;
#7322 = ORIENTED_EDGE ( 'NONE', *, *, #705, .T. ) ;
#7323 = EDGE_LOOP ( 'NONE', ( #2282, #7232, #5732, #4425 ) ) ;
#7324 = DIRECTION ( 'NONE',  ( 1.000000000000000000, 0.000000000000000000, 0.000000000000000000 ) ) ;
#7325 = CARTESIAN_POINT ( 'NONE',  ( 629.5000000000010232, 74.00000000000017053, 15.00000000000001421 ) ) ;
#7326 = LINE ( 'NONE', #7825, #3048 ) ;
#7327 = EDGE_CURVE ( 'NONE', #8345, #8096, #6270, .T. ) ;
#7328 = DIRECTION ( 'NONE',  ( 0.000000000000000000, 0.000000000000000000, 1.000000000000000000 ) ) ;
#7329 = CARTESIAN_POINT ( 'NONE',  ( 46.00000000000002842, 298.0000000000004547, 0.000000000000000000 ) ) ;
#7330 = CARTESIAN_POINT ( 'NONE',  ( 213.9999999999999716, 272.0000000000000000, -15.00000000000012434 ) ) ;
#7331 = ORIENTED_EDGE ( 'NONE', *, *, #5136, .T. ) ;
#7332 = VECTOR ( 'NONE', #4697, 1000.000000000000000 ) ;
#7333 = VERTEX_POINT ( 'NONE', #9023 ) ;
#7334 = CARTESIAN_POINT ( 'NONE',  ( 0.000000000000000000, 0.000000000000000000, -15.00000000000012434 ) ) ;
#7335 = EDGE_CURVE ( 'NONE', #5071, #228, #2573, .T. ) ;
#7336 = ORIENTED_EDGE ( 'NONE', *, *, #2930, .T. ) ;
#7337 = DIRECTION ( 'NONE',  ( -1.000000000000000000, -0.000000000000000000, -0.000000000000000000 ) ) ;
#7338 = ADVANCED_FACE ( 'NONE', ( #7988 ), #5109, .F. ) ;
#7339 = DIRECTION ( 'NONE',  ( 0.000000000000000000, 0.000000000000000000, 1.000000000000000000 ) ) ;
#7340 = ORIENTED_EDGE ( 'NONE', *, *, #2533, .T. ) ;
#7341 = CARTESIAN_POINT ( 'NONE',  ( 450.9999999999999432, 302.0000000000000000, -15.00000000000012434 ) ) ;
#7342 = AXIS2_PLACEMENT_3D ( 'NONE', #8588, #3342, #3284 ) ;
#7343 = CARTESIAN_POINT ( 'NONE',  ( 458.4858125066266439, 301.4692869455291202, 11.47358841132571605 ) ) ;
#7344 = CARTESIAN_POINT ( 'NONE',  ( 0.000000000000000000, 302.0000000000000000, -7.499999999999840128 ) ) ;
#7345 = ORIENTED_EDGE ( 'NONE', *, *, #1143, .F. ) ;
#7346 = EDGE_CURVE ( 'NONE', #9661, #4706, #2089, .T. ) ;
#7347 = CARTESIAN_POINT ( 'NONE',  ( 46.00000000000004263, 292.0000000000003979, 9.000000000000007105 ) ) ;
#7348 = DIRECTION ( 'NONE',  ( -0.000000000000000000, 0.000000000000000000, 1.000000000000000000 ) ) ;
#7349 = AXIS2_PLACEMENT_3D ( 'NONE', #3731, #834, #8249 ) ;
#7350 = ORIENTED_EDGE ( 'NONE', *, *, #346, .F. ) ;
#7351 = CARTESIAN_POINT ( 'NONE',  ( 445.0000000000000000, 302.0000000000000000, 7.499999999999951150 ) ) ;
#7352 = DIRECTION ( 'NONE',  ( 0.000000000000000000, 0.000000000000000000, -1.000000000000000000 ) ) ;
#7353 = ORIENTED_EDGE ( 'NONE', *, *, #626, .T. ) ;
#7354 = EDGE_LOOP ( 'NONE', ( #534, #6193, #5442, #7125 ) ) ;
#7355 = DIRECTION ( 'NONE',  ( -1.000000000000000000, 0.000000000000000000, 0.000000000000000000 ) ) ;
#7356 = AXIS2_PLACEMENT_3D ( 'NONE', #3278, #8509, #8374 ) ;
#7357 = DIRECTION ( 'NONE',  ( -9.345988730335148917E-18, -1.000000000000000000, -6.938893903907225296E-18 ) ) ;
#7358 = EDGE_LOOP ( 'NONE', ( #468, #2496 ) ) ;
#7359 = ORIENTED_EDGE ( 'NONE', *, *, #6995, .F. ) ;
#7360 = EDGE_CURVE ( 'NONE', #5413, #7256, #4986, .T. ) ;
#7361 = FILL_AREA_STYLE_COLOUR ( '', #6946 ) ;
#7362 = ORIENTED_EDGE ( 'NONE', *, *, #6226, .F. ) ;
#7363 = DIRECTION ( 'NONE',  ( -1.000000000000000000, -9.860761315262647568E-32, -4.440892098500629120E-16 ) ) ;
#7364 = EDGE_CURVE ( 'NONE', #4810, #596, #3579, .T. ) ;
#7365 = CARTESIAN_POINT ( 'NONE',  ( 458.2862821281614742, 79.79496568517299693, 11.08437474064885286 ) ) ;
#7366 = DIRECTION ( 'NONE',  ( -0.000000000000000000, 0.000000000000000000, 1.000000000000000000 ) ) ;
#7367 = CARTESIAN_POINT ( 'NONE',  ( 149.9999999999999716, 47.99999999999998579, -3.000000000000113687 ) ) ;
#7368 = VERTEX_POINT ( 'NONE', #4595 ) ;
#7369 = DIRECTION ( 'NONE',  ( 1.000000000000000000, 0.000000000000000000, -0.000000000000000000 ) ) ;
#7370 = CARTESIAN_POINT ( 'NONE',  ( 85.00000000000004263, 362.0000000000001137, 15.00000000000012967 ) ) ;
#7371 = ORIENTED_EDGE ( 'NONE', *, *, #2736, .F. ) ;
#7372 = ORIENTED_EDGE ( 'NONE', *, *, #7931, .F. ) ;
#7373 = DIRECTION ( 'NONE',  ( 0.000000000000000000, -1.000000000000000000, 0.000000000000000000 ) ) ;
#7374 = DIRECTION ( 'NONE',  ( 0.000000000000000000, 0.000000000000000000, 1.000000000000000000 ) ) ;
#7375 = ORIENTED_EDGE ( 'NONE', *, *, #9185, .F. ) ;
#7376 = DIRECTION ( 'NONE',  ( -1.000000000000000000, 0.000000000000000000, 0.000000000000000000 ) ) ;
#7377 = EDGE_CURVE ( 'NONE', #1411, #764, #5703, .T. ) ;
#7378 = AXIS2_PLACEMENT_3D ( 'NONE', #4413, #5974, #6718 ) ;
#7379 = PRESENTATION_LAYER_ASSIGNMENT (  '', '', ( #5270 ) ) ;
#7380 = ADVANCED_FACE ( 'NONE', ( #528 ), #577, .T. ) ;
#7381 = ORIENTED_EDGE ( 'NONE', *, *, #496, .T. ) ;
#7382 = VERTEX_POINT ( 'NONE', #7241 ) ;
#7383 = CIRCLE ( 'NONE', #8621, 3.000000000000002665 ) ;
#7384 = LINE ( 'NONE', #3427, #9148 ) ;
#7385 = ORIENTED_EDGE ( 'NONE', *, *, #1663, .T. ) ;
#7386 = CARTESIAN_POINT ( 'NONE',  ( 353.9999999999999432, 362.0000000000001137, 15.00000000000012434 ) ) ;
#7387 = EDGE_CURVE ( 'NONE', #1225, #7652, #3948, .T. ) ;
#7388 = DIRECTION ( 'NONE',  ( 1.000000000000000000, 0.000000000000000000, 0.000000000000000000 ) ) ;
#7389 = DIRECTION ( 'NONE',  ( 1.000000000000000000, 0.000000000000000000, 0.000000000000000000 ) ) ;
#7390 = DIRECTION ( 'NONE',  ( 1.000000000000000000, 0.000000000000000000, 0.000000000000000000 ) ) ;
#7391 = CYLINDRICAL_SURFACE ( 'NONE', #4224, 4.000000000000006217 ) ;
#7392 = CARTESIAN_POINT ( 'NONE',  ( 457.6533941124182547, 81.46524145935666184, 5.485479723370215943 ) ) ;
#7393 = DIRECTION ( 'NONE',  ( 1.000000000000000000, 0.000000000000000000, 0.000000000000000000 ) ) ;
#7394 = CARTESIAN_POINT ( 'NONE',  ( 62.99999999999997158, 155.0000000000000000, 15.49999999999999822 ) ) ;
#7395 = CARTESIAN_POINT ( 'NONE',  ( 40.00000000000003553, 78.00000000000001421, 7.499999999999951150 ) ) ;
#7396 = FACE_BOUND ( 'NONE', #5291, .T. ) ;
#7397 = DIRECTION ( 'NONE',  ( -1.000000000000000000, -9.860761315262647568E-32, -4.440892098500629120E-16 ) ) ;
#7398 = DIRECTION ( 'NONE',  ( 0.000000000000000000, 0.000000000000000000, -1.000000000000000000 ) ) ;
#7399 = CYLINDRICAL_SURFACE ( 'NONE', #2973, 2.500000000000002220 ) ;
#7400 = EDGE_CURVE ( 'NONE', #1435, #8517, #8465, .T. ) ;
#7401 = LINE ( 'NONE', #5441, #6251 ) ;
#7402 = CIRCLE ( 'NONE', #4479, 3.000000000000007994 ) ;
#7403 = LINE ( 'NONE', #4400, #1848 ) ;
#7404 = DIRECTION ( 'NONE',  ( -1.000000000000000000, 0.000000000000000000, 0.000000000000000000 ) ) ;
#7405 = CARTESIAN_POINT ( 'NONE',  ( 5.500000000000011546, 302.0000000000000568, 15.00000000000001421 ) ) ;
#7406 = DIRECTION ( 'NONE',  ( 1.000000000000000000, 0.000000000000000000, 0.000000000000000000 ) ) ;
#7407 = CIRCLE ( 'NONE', #812, 3.000000000000002665 ) ;
#7408 = ORIENTED_EDGE ( 'NONE', *, *, #537, .F. ) ;
#7409 = AXIS2_PLACEMENT_3D ( 'NONE', #6552, #2120, #3746 ) ;
#7410 = LINE ( 'NONE', #8816, #5573 ) ;
#7411 = LINE ( 'NONE', #5317, #7288 ) ;
#7412 = VERTEX_POINT ( 'NONE', #2151 ) ;
#7413 = ORIENTED_EDGE ( 'NONE', *, *, #9088, .F. ) ;
#7414 = FACE_OUTER_BOUND ( 'NONE', #6980, .T. ) ;
#7415 = DIRECTION ( 'NONE',  ( 0.000000000000000000, 0.000000000000000000, -1.000000000000000000 ) ) ;
#7416 = ORIENTED_EDGE ( 'NONE', *, *, #3155, .T. ) ;
#7417 = ORIENTED_EDGE ( 'NONE', *, *, #7677, .T. ) ;
#7418 = LINE ( 'NONE', #1423, #3489 ) ;
#7419 = CIRCLE ( 'NONE', #4307, 3.000000000000002665 ) ;
#7420 = CARTESIAN_POINT ( 'NONE',  ( 439.2089883689056933, 348.1640233375465527, 15.00000000000001421 ) ) ;
#7421 = DIRECTION ( 'NONE',  ( 1.000000000000000000, 0.000000000000000000, 0.000000000000000000 ) ) ;
#7422 = CARTESIAN_POINT ( 'NONE',  ( 149.9999999999999716, 47.99999999999998579, -15.00000000000012434 ) ) ;
#7423 = ORIENTED_EDGE ( 'NONE', *, *, #3872, .F. ) ;
#7424 = VECTOR ( 'NONE', #4019, 1000.000000000000000 ) ;
#7425 = CARTESIAN_POINT ( 'NONE',  ( 669.0000000000002274, 190.0000000000000000, 0.000000000000000000 ) ) ;
#7426 = ORIENTED_EDGE ( 'NONE', *, *, #3463, .T. ) ;
#7427 = ORIENTED_EDGE ( 'NONE', *, *, #1875, .T. ) ;
#7428 = ORIENTED_EDGE ( 'NONE', *, *, #8196, .T. ) ;
#7429 = DIRECTION ( 'NONE',  ( -0.000000000000000000, 0.000000000000000000, 1.000000000000000000 ) ) ;
#7430 = ADVANCED_FACE ( 'NONE', ( #8224 ), #6557, .F. ) ;
#7431 = DIRECTION ( 'NONE',  ( -1.000000000000000000, 0.000000000000000000, 0.000000000000000000 ) ) ;
#7432 = EDGE_CURVE ( 'NONE', #3770, #8317, #3372, .T. ) ;
#7433 = ORIENTED_EDGE ( 'NONE', *, *, #2757, .T. ) ;
#7434 = LINE ( 'NONE', #4548, #1753 ) ;
#7435 = DIRECTION ( 'NONE',  ( 1.000000000000000000, 0.000000000000000000, 0.000000000000000000 ) ) ;
#7436 = CIRCLE ( 'NONE', #670, 3.000000000000002665 ) ;
#7437 = DIRECTION ( 'NONE',  ( 1.000000000000000000, 0.000000000000000000, 0.000000000000000000 ) ) ;
#7438 = EDGE_CURVE ( 'NONE', #139, #2674, #1382, .T. ) ;
#7439 = PRESENTATION_STYLE_ASSIGNMENT (( #4242 ) ) ;
#7440 = EDGE_LOOP ( 'NONE', ( #1371, #5966, #1687, #1749 ) ) ;
#7441 = PRODUCT_DEFINITION_SHAPE ( 'NONE', 'NONE',  #6335 ) ;
#7442 = CARTESIAN_POINT ( 'NONE',  ( 485.0000000000000000, 0.000000000000000000, 15.00000000000001421 ) ) ;
#7443 = STYLED_ITEM ( 'NONE', ( #8962 ), #4044 ) ;
#7444 = VERTEX_POINT ( 'NONE', #5106 ) ;
#7445 = ORIENTED_EDGE ( 'NONE', *, *, #8381, .T. ) ;
#7446 = CARTESIAN_POINT ( 'NONE',  ( 628.0000000000010232, 298.0000000000005684, 9.000000000000007105 ) ) ;
#7447 = CARTESIAN_POINT ( 'NONE',  ( 0.000000000000000000, 78.00000000000001421, -4.499999999999836575 ) ) ;
#7448 = LINE ( 'NONE', #6184, #91 ) ;
#7449 = CARTESIAN_POINT ( 'NONE',  ( 12.00000000000001421, 78.00000000000001421, 15.00000000000001421 ) ) ;
#7450 = VERTEX_POINT ( 'NONE', #2055 ) ;
#7451 = EDGE_CURVE ( 'NONE', #4216, #7214, #7532, .T. ) ;
#7452 = AXIS2_PLACEMENT_3D ( 'NONE', #6190, #2474, #3247 ) ;
#7453 = DIRECTION ( 'NONE',  ( -0.000000000000000000, -0.000000000000000000, -1.000000000000000000 ) ) ;
#7454 = DIRECTION ( 'NONE',  ( 1.000000000000000000, 0.000000000000000000, -0.000000000000000000 ) ) ;
#7455 = CARTESIAN_POINT ( 'NONE',  ( 0.000000000000000000, 380.0000000000000000, 15.00000000000001421 ) ) ;
#7456 = CARTESIAN_POINT ( 'NONE',  ( 373.0000000000000000, 323.0000000000000000, 14.00000000000001243 ) ) ;
#7457 = ORIENTED_EDGE ( 'NONE', *, *, #1360, .T. ) ;
#7458 = EDGE_CURVE ( 'NONE', #6666, #311, #8814, .T. ) ;
#7459 = DIRECTION ( 'NONE',  ( -1.000000000000000000, 0.000000000000000000, 0.000000000000000000 ) ) ;
#7460 = DIRECTION ( 'NONE',  ( 0.000000000000000000, 0.000000000000000000, 1.000000000000000000 ) ) ;
#7461 = ORIENTED_EDGE ( 'NONE', *, *, #1456, .T. ) ;
#7462 = FILL_AREA_STYLE_COLOUR ( '', #4975 ) ;
#7463 = ORIENTED_EDGE ( 'NONE', *, *, #7255, .T. ) ;
#7464 = DIRECTION ( 'NONE',  ( -0.000000000000000000, 0.000000000000000000, -1.000000000000000000 ) ) ;
#7465 = AXIS2_PLACEMENT_3D ( 'NONE', #3984, #920, #7610 ) ;
#7466 = CARTESIAN_POINT ( 'NONE',  ( 439.2089883689056933, 348.1640233375465527, 15.00000000000001421 ) ) ;
#7467 = DIRECTION ( 'NONE',  ( 1.000000000000000000, 0.000000000000000000, 0.000000000000000000 ) ) ;
#7468 = ORIENTED_EDGE ( 'NONE', *, *, #9458, .F. ) ;
#7469 = DIRECTION ( 'NONE',  ( -0.000000000000000000, -0.000000000000000000, -1.000000000000000000 ) ) ;
#7470 = AXIS2_PLACEMENT_3D ( 'NONE', #8749, #3597, #560 ) ;
#7471 = ADVANCED_FACE ( 'NONE', ( #6496 ), #607, .T. ) ;
#7472 = VERTEX_POINT ( 'NONE', #6526 ) ;
#7473 = DIRECTION ( 'NONE',  ( -1.000000000000000000, 0.000000000000000000, 0.000000000000000000 ) ) ;
#7474 = VERTEX_POINT ( 'NONE', #1329 ) ;
#7475 = AXIS2_PLACEMENT_3D ( 'NONE', #4308, #599, #2962 ) ;
#7476 = DIRECTION ( 'NONE',  ( -1.000000000000000000, 0.000000000000000000, 0.000000000000000000 ) ) ;
#7477 = FACE_OUTER_BOUND ( 'NONE', #4405, .T. ) ;
#7478 = EDGE_CURVE ( 'NONE', #8217, #8584, #6843, .T. ) ;
#7479 = ORIENTED_EDGE ( 'NONE', *, *, #1993, .T. ) ;
#7480 = DIRECTION ( 'NONE',  ( -0.000000000000000000, 0.000000000000000000, 1.000000000000000000 ) ) ;
#7481 = CARTESIAN_POINT ( 'NONE',  ( 88.00000000000052580, 266.0000000000003411, 15.00000000000001421 ) ) ;
#7482 = EDGE_CURVE ( 'NONE', #3031, #3053, #6034, .T. ) ;
#7483 = CARTESIAN_POINT ( 'NONE',  ( 458.4852164415980837, 78.53920825976814513, 3.527528112577160702 ) ) ;
#7484 = ORIENTED_EDGE ( 'NONE', *, *, #2061, .T. ) ;
#7485 = AXIS2_PLACEMENT_3D ( 'NONE', #2581, #4857, #7800 ) ;
#7486 = DIRECTION ( 'NONE',  ( 1.000000000000000000, 0.000000000000000000, 0.000000000000000000 ) ) ;
#7487 = AXIS2_PLACEMENT_3D ( 'NONE', #2653, #9312, #6990 ) ;
#7488 = DIRECTION ( 'NONE',  ( 0.000000000000000000, 0.000000000000000000, 1.000000000000000000 ) ) ;
#7489 = ORIENTED_EDGE ( 'NONE', *, *, #3407, .T. ) ;
#7490 = UNCERTAINTY_MEASURE_WITH_UNIT (LENGTH_MEASURE( 1.000000000000000082E-05 ), #347, 'distance_accuracy_value', 'NONE');
#7491 = LINE ( 'NONE', #8271, #1338 ) ;
#7492 = LINE ( 'NONE', #2928, #1461 ) ;
#7493 = ORIENTED_EDGE ( 'NONE', *, *, #8789, .F. ) ;
#7494 = ORIENTED_EDGE ( 'NONE', *, *, #1143, .T. ) ;
#7495 = DIRECTION ( 'NONE',  ( 1.000000000000000000, 9.860761315262647568E-32, 4.440892098500629120E-16 ) ) ;
#7496 = PLANE ( 'NONE',  #6319 ) ;
#7497 = EDGE_CURVE ( 'NONE', #2441, #9429, #4284, .T. ) ;
#7498 = AXIS2_PLACEMENT_3D ( 'NONE', #7190, #4944, #463 ) ;
#7499 = FACE_OUTER_BOUND ( 'NONE', #900, .T. ) ;
#7500 = UNCERTAINTY_MEASURE_WITH_UNIT (LENGTH_MEASURE( 1.000000000000000082E-05 ), #2870, 'distance_accuracy_value', 'NONE');
#7501 = ORIENTED_EDGE ( 'NONE', *, *, #7967, .T. ) ;
#7502 = VECTOR ( 'NONE', #8566, 1000.000000000000000 ) ;
#7503 = DIRECTION ( 'NONE',  ( 0.000000000000000000, 0.000000000000000000, 1.000000000000000000 ) ) ;
#7504 = FACE_OUTER_BOUND ( 'NONE', #7522, .T. ) ;
#7505 = VECTOR ( 'NONE', #5074, 1000.000000000000000 ) ;
#7506 = EDGE_CURVE ( 'NONE', #4449, #130, #4059, .T. ) ;
#7507 = DIRECTION ( 'NONE',  ( 0.000000000000000000, 1.000000000000000000, 0.000000000000000000 ) ) ;
#7508 = PRESENTATION_LAYER_ASSIGNMENT (  '', '', ( #1741 ) ) ;
#7509 = FACE_OUTER_BOUND ( 'NONE', #8828, .T. ) ;
#7510 = CARTESIAN_POINT ( 'NONE',  ( 485.0000000000000000, 380.0000000000000000, 15.00000000000001421 ) ) ;
#7511 = DIRECTION ( 'NONE',  ( -0.000000000000000000, -0.000000000000000000, -1.000000000000000000 ) ) ;
#7512 = VECTOR ( 'NONE', #799, 1000.000000000000000 ) ;
#7513 = CIRCLE ( 'NONE', #4668, 2.500000000000002220 ) ;
#7514 = CARTESIAN_POINT ( 'NONE',  ( 670.0000000000010232, 298.0000000000005684, 0.000000000000000000 ) ) ;
#7515 = CARTESIAN_POINT ( 'NONE',  ( 40.00000000000003553, 78.00000000000001421, 7.499999999999951150 ) ) ;
#7516 = ORIENTED_EDGE ( 'NONE', *, *, #2843, .F. ) ;
#7517 = CARTESIAN_POINT ( 'NONE',  ( 457.4259455803459105, 298.1320532152099645, -6.446961911727475680 ) ) ;
#7518 = DIRECTION ( 'NONE',  ( -0.000000000000000000, 0.000000000000000000, 1.000000000000000000 ) ) ;
#7519 = ORIENTED_EDGE ( 'NONE', *, *, #4022, .T. ) ;
#7520 = EDGE_CURVE ( 'NONE', #6421, #8323, #3723, .T. ) ;
#7521 = FACE_BOUND ( 'NONE', #5869, .T. ) ;
#7522 = EDGE_LOOP ( 'NONE', ( #3498, #5107 ) ) ;
#7523 = AXIS2_PLACEMENT_3D ( 'NONE', #591, #4589, #3598 ) ;
#7524 = DIRECTION ( 'NONE',  ( 0.000000000000000000, 0.000000000000000000, 1.000000000000000000 ) ) ;
#7525 = ORIENTED_EDGE ( 'NONE', *, *, #9169, .T. ) ;
#7526 = ORIENTED_EDGE ( 'NONE', *, *, #679, .F. ) ;
#7527 = CARTESIAN_POINT ( 'NONE',  ( 40.00000000000003553, 302.0000000000000000, 4.499999999999948486 ) ) ;
#7528 = VECTOR ( 'NONE', #3636, 1000.000000000000000 ) ;
#7529 = CARTESIAN_POINT ( 'NONE',  ( 275.4999999999998863, 272.0000000000000000, -15.00000000000012434 ) ) ;
#7530 = ADVANCED_FACE ( 'NONE', ( #5577, #2322, #3136, #1861, #3595, #7308, #5342, #9648, #903, #181, #6957, #650, #8696, #3711, #416 ), #2218, .T. ) ;
#7531 = ORIENTED_EDGE ( 'NONE', *, *, #4703, .T. ) ;
#7532 = CIRCLE ( 'NONE', #192, 3.000000000000002665 ) ;
#7533 = AXIS2_PLACEMENT_3D ( 'NONE', #5143, #721, #6634 ) ;
#7534 = DIRECTION ( 'NONE',  ( -1.000000000000000000, 0.000000000000000000, 0.000000000000000000 ) ) ;
#7535 = ORIENTED_EDGE ( 'NONE', *, *, #9634, .T. ) ;
#7536 = CARTESIAN_POINT ( 'NONE',  ( 742.4999999999998863, 13.99999999999999822, 7.500000000000062172 ) ) ;
#7537 = EDGE_LOOP ( 'NONE', ( #2248, #1885, #7312, #2501 ) ) ;
#7538 = FACE_OUTER_BOUND ( 'NONE', #2572, .T. ) ;
#7539 = VECTOR ( 'NONE', #6849, 1000.000000000000000 ) ;
#7540 = EDGE_CURVE ( 'NONE', #6637, #5392, #2907, .T. ) ;
#7541 = ITEM_DEFINED_TRANSFORMATION ( 'NONE', 'NONE', #3421,  #2670 ) ;
#7542 = EDGE_CURVE ( 'NONE', #7922, #2166, #8581, .T. ) ;
#7543 = ORIENTED_EDGE ( 'NONE', *, *, #7400, .F. ) ;
#7544 = LINE ( 'NONE', #1242, #6153 ) ;
#7545 = ORIENTED_EDGE ( 'NONE', *, *, #4620, .F. ) ;
#7546 = DIRECTION ( 'NONE',  ( 1.000000000000000000, 0.000000000000000000, 0.000000000000000000 ) ) ;
#7547 = ORIENTED_EDGE ( 'NONE', *, *, #7482, .F. ) ;
#7548 = ORIENTED_EDGE ( 'NONE', *, *, #6707, .T. ) ;
#7549 = DIRECTION ( 'NONE',  ( -4.041334437186268961E-17, 0.000000000000000000, -1.000000000000000000 ) ) ;
#7550 = VERTEX_POINT ( 'NONE', #3068 ) ;
#7551 = DIRECTION ( 'NONE',  ( -1.000000000000000000, 0.000000000000000000, 0.000000000000000000 ) ) ;
#7552 = FACE_OUTER_BOUND ( 'NONE', #6336, .T. ) ;
#7553 = CARTESIAN_POINT ( 'NONE',  ( 0.000000000000000000, 380.0000000000000000, 15.00000000000001421 ) ) ;
#7554 = DIRECTION ( 'NONE',  ( -4.440892098500626162E-16, 6.938893903907225296E-18, -1.000000000000000000 ) ) ;
#7555 = CARTESIAN_POINT ( 'NONE',  ( 82.49999999999995737, 323.0000000000000000, 15.00000000000001421 ) ) ;
#7556 = VERTEX_POINT ( 'NONE', #2250 ) ;
#7557 = PRESENTATION_STYLE_ASSIGNMENT (( #4503 ) ) ;
#7558 = DIRECTION ( 'NONE',  ( 0.000000000000000000, -0.000000000000000000, 1.000000000000000000 ) ) ;
#7559 = ORIENTED_EDGE ( 'NONE', *, *, #169, .T. ) ;
#7560 = DIRECTION ( 'NONE',  ( 0.000000000000000000, -1.000000000000000000, 0.000000000000000000 ) ) ;
#7561 = CARTESIAN_POINT ( 'NONE',  ( 458.0913089723238727, 299.5475824163679590, -4.329310456764814852 ) ) ;
#7562 = CARTESIAN_POINT ( 'NONE',  ( 458.4290378739115681, 303.0623591638221228, 3.634424822770863539 ) ) ;
#7563 = DIRECTION ( 'NONE',  ( 1.000000000000000000, 0.000000000000000000, 0.000000000000000000 ) ) ;
#7564 = DIRECTION ( 'NONE',  ( -0.000000000000000000, -0.000000000000000000, -1.000000000000000000 ) ) ;
#7565 = MECHANICAL_DESIGN_GEOMETRIC_PRESENTATION_REPRESENTATION (  '', ( #6262 ), #1080 ) ;
#7566 = CARTESIAN_POINT ( 'NONE',  ( 789.5000000000001137, 302.0000000000000000, 15.00000000000001421 ) ) ;
#7567 = ORIENTED_EDGE ( 'NONE', *, *, #1671, .F. ) ;
#7568 = DIRECTION ( 'NONE',  ( 0.000000000000000000, 0.000000000000000000, 1.000000000000000000 ) ) ;
#7569 = CARTESIAN_POINT ( 'NONE',  ( 24.99999999999991118, 46.00000000000005684, 7.500000000000062172 ) ) ;
#7570 = CARTESIAN_POINT ( 'NONE',  ( 674.0000000000010232, 292.0000000000003411, 15.00000000000001421 ) ) ;
#7571 = CARTESIAN_POINT ( 'NONE',  ( 674.0000000000010232, 292.0000000000003411, 9.000000000000007105 ) ) ;
#7572 = SHAPE_REPRESENTATION_RELATIONSHIP ( 'NONE' , 'NONE' ,  #4962, #9244 ) ;
#7573 = EDGE_LOOP ( 'NONE', ( #7375, #9115, #7297, #5160 ) ) ;
#7574 = EDGE_CURVE ( 'NONE', #4706, #9661, #7875, .T. ) ;
#7575 = DIRECTION ( 'NONE',  ( -4.440892098500626162E-16, 6.938893903907225296E-18, -1.000000000000000000 ) ) ;
#7576 = DIRECTION ( 'NONE',  ( 1.000000000000000000, 0.000000000000000000, 0.000000000000000000 ) ) ;
#7577 = ORIENTED_EDGE ( 'NONE', *, *, #8567, .F. ) ;
#7578 = DIRECTION ( 'NONE',  ( -1.000000000000000000, -0.000000000000000000, -0.000000000000000000 ) ) ;
#7579 = CARTESIAN_POINT ( 'NONE',  ( 443.4999999999999432, 78.00000000000001421, -15.00000000000012434 ) ) ;
#7580 = DIRECTION ( 'NONE',  ( 0.000000000000000000, 0.000000000000000000, -1.000000000000000000 ) ) ;
#7581 = ORIENTED_EDGE ( 'NONE', *, *, #1208, .T. ) ;
#7582 = ADVANCED_FACE ( 'NONE', ( #2790 ), #1582, .F. ) ;
#7583 = EDGE_CURVE ( 'NONE', #975, #7762, #3938, .T. ) ;
#7584 = PRODUCT_CONTEXT ( 'NONE', #1677, 'mechanical' ) ;
#7585 = AXIS2_PLACEMENT_3D ( 'NONE', #7442, #1561, #1587 ) ;
#7586 = DIRECTION ( 'NONE',  ( 0.000000000000000000, 0.000000000000000000, 1.000000000000000000 ) ) ;
#7587 = ORIENTED_EDGE ( 'NONE', *, *, #1273, .F. ) ;
#7588 = CARTESIAN_POINT ( 'NONE',  ( 33.20359410748688589, 0.000000000000000000, 31.00000000000000000 ) ) ;
#7589 = CARTESIAN_POINT ( 'NONE',  ( 457.4719811109524699, 305.7917074619546725, 6.199188799058478416 ) ) ;
#7590 = ORIENTED_EDGE ( 'NONE', *, *, #8381, .F. ) ;
#7591 = CARTESIAN_POINT ( 'NONE',  ( 0.000000000000000000, 380.0000000000000000, -15.00000000000012434 ) ) ;
#7592 = AXIS2_PLACEMENT_3D ( 'NONE', #391, #4882, #5629 ) ;
#7593 = CARTESIAN_POINT ( 'NONE',  ( 628.0000000000010232, 42.00000000000014921, 15.00000000000001421 ) ) ;
#7594 = FACE_OUTER_BOUND ( 'NONE', #9605, .T. ) ;
#7595 = CARTESIAN_POINT ( 'NONE',  ( 458.4441901530435075, 77.07734390319623685, 11.39441536424050483 ) ) ;
#7596 = VERTEX_POINT ( 'NONE', #3039 ) ;
#7597 = DIRECTION ( 'NONE',  ( -1.000000000000000000, 0.000000000000000000, 0.000000000000000000 ) ) ;
#7598 = PLANE ( 'NONE',  #932 ) ;
#7599 = ORIENTED_EDGE ( 'NONE', *, *, #6677, .T. ) ;
#7600 = DIRECTION ( 'NONE',  ( 0.000000000000000000, 0.000000000000000000, -1.000000000000000000 ) ) ;
#7601 = EDGE_LOOP ( 'NONE', ( #6446, #9490, #3261, #2463 ) ) ;
#7602 = FACE_OUTER_BOUND ( 'NONE', #9466, .T. ) ;
#7603 = VERTEX_POINT ( 'NONE', #7370 ) ;
#7604 = AXIS2_PLACEMENT_3D ( 'NONE', #3827, #9020, #4496 ) ;
#7605 = DIRECTION ( 'NONE',  ( 1.000000000000000000, 0.000000000000000000, 0.000000000000000000 ) ) ;
#7606 = EDGE_CURVE ( 'NONE', #1136, #3612, #6606, .T. ) ;
#7607 = EDGE_CURVE ( 'NONE', #4859, #718, #6021, .T. ) ;
#7608 = VERTEX_POINT ( 'NONE', #3749 ) ;
#7609 = CARTESIAN_POINT ( 'NONE',  ( 485.0000000000000000, 302.0000000000000000, -7.499999999999840128 ) ) ;
#7610 = DIRECTION ( 'NONE',  ( 4.440892098500626162E-16, -6.938893903907225296E-18, 1.000000000000000000 ) ) ;
#7611 = VECTOR ( 'NONE', #2150, 1000.000000000000000 ) ;
#7612 = EDGE_CURVE ( 'NONE', #7021, #3538, #1336, .T. ) ;
#7613 = EDGE_LOOP ( 'NONE', ( #4418, #6760, #4133, #9528 ) ) ;
#7614 = PRODUCT_CONTEXT ( 'NONE', #2440, 'mechanical' ) ;
#7615 = LINE ( 'NONE', #2256, #2405 ) ;
#7616 = VECTOR ( 'NONE', #4639, 1000.000000000000000 ) ;
#7617 = ORIENTED_EDGE ( 'NONE', *, *, #4272, .F. ) ;
#7618 = AXIS2_PLACEMENT_3D ( 'NONE', #467, #8651, #1246 ) ;
#7619 = DIRECTION ( 'NONE',  ( 1.000000000000000000, 0.000000000000000000, 0.000000000000000000 ) ) ;
#7620 = AXIS2_PLACEMENT_3D ( 'NONE', #3639, #644, #6622 ) ;
#7621 = CARTESIAN_POINT ( 'NONE',  ( 27.54347181479136353, 0.000000000000000000, 0.000000000000000000 ) ) ;
#7622 = CARTESIAN_POINT ( 'NONE',  ( 457.8720355837428997, 298.9894699543837646, -10.14617222310609712 ) ) ;
#7623 = LINE ( 'NONE', #6001, #5300 ) ;
#7624 = VECTOR ( 'NONE', #9151, 1000.000000000000000 ) ;
#7625 = MANIFOLD_SOLID_BREP ( 'Simetría1', #1860 ) ;
#7626 = DIRECTION ( 'NONE',  ( -1.000000000000000000, 0.000000000000000000, 0.000000000000000000 ) ) ;
#7627 = CIRCLE ( 'NONE', #2029, 2.500000000000002220 ) ;
#7628 = CARTESIAN_POINT ( 'NONE',  ( 457.6540158402143561, 74.53590545670753897, 9.516660286410631997 ) ) ;
#7629 = ADVANCED_FACE ( 'NONE', ( #518 ), #716, .F. ) ;
#7630 = EDGE_CURVE ( 'NONE', #5071, #1195, #8213, .T. ) ;
#7631 = DIRECTION ( 'NONE',  ( -1.000000000000000000, 0.000000000000000000, 0.000000000000000000 ) ) ;
#7632 = FACE_OUTER_BOUND ( 'NONE', #1974, .T. ) ;
#7633 = AXIS2_PLACEMENT_3D ( 'NONE', #1549, #809, #3699 ) ;
#7634 = DIRECTION ( 'NONE',  ( -4.440892098500629120E-16, -6.938893903907225296E-18, 1.000000000000000000 ) ) ;
#7635 = FACE_OUTER_BOUND ( 'NONE', #6307, .T. ) ;
#7636 = LINE ( 'NONE', #6420, #279 ) ;
#7637 = LINE ( 'NONE', #2864, #636 ) ;
#7638 = DIRECTION ( 'NONE',  ( 0.000000000000000000, 0.000000000000000000, 1.000000000000000000 ) ) ;
#7639 = VERTEX_POINT ( 'NONE', #127 ) ;
#7640 = CARTESIAN_POINT ( 'NONE',  ( 720.0000000000010232, 340.0000000000004547, 0.000000000000000000 ) ) ;
#7641 = LINE ( 'NONE', #4331, #6133 ) ;
#7642 = CARTESIAN_POINT ( 'NONE',  ( 0.000000000000000000, 78.00000000000001421, -10.49999999999984368 ) ) ;
#7643 = VECTOR ( 'NONE', #4666, 1000.000000000000000 ) ;
#7644 = EDGE_CURVE ( 'NONE', #207, #1043, #1259, .T. ) ;
#7645 = EDGE_LOOP ( 'NONE', ( #4590, #4748 ) ) ;
#7646 = DIRECTION ( 'NONE',  ( 0.000000000000000000, 0.000000000000000000, -1.000000000000000000 ) ) ;
#7647 = ORIENTED_EDGE ( 'NONE', *, *, #7197, .T. ) ;
#7648 =( REPRESENTATION_RELATIONSHIP ('NONE','NONE', #5015, #7005 ) REPRESENTATION_RELATIONSHIP_WITH_TRANSFORMATION ( #9655 )SHAPE_REPRESENTATION_RELATIONSHIP( ) );
#7649 = VERTEX_POINT ( 'NONE', #9028 ) ;
#7650 = FILL_AREA_STYLE_COLOUR ( '', #2665 ) ;
#7651 = AXIS2_PLACEMENT_3D ( 'NONE', #6295, #2611, #3381 ) ;
#7652 = VERTEX_POINT ( 'NONE', #9103 ) ;
#7653 = VECTOR ( 'NONE', #7024, 1000.000000000000000 ) ;
#7654 = CARTESIAN_POINT ( 'NONE',  ( 0.000000000000000000, 0.000000000000000000, 3.999999999999892530 ) ) ;
#7655 = LINE ( 'NONE', #4698, #4398 ) ;
#7656 = CARTESIAN_POINT ( 'NONE',  ( 458.5000000000000568, 301.7300486290638446, -3.499999999999837463 ) ) ;
#7657 = SHAPE_DEFINITION_REPRESENTATION ( #3713, #8426 ) ;
#7658 = EDGE_CURVE ( 'NONE', #2265, #5712, #2439, .T. ) ;
#7659 = DIRECTION ( 'NONE',  ( 0.000000000000000000, 0.000000000000000000, -1.000000000000000000 ) ) ;
#7660 = ORIENTED_EDGE ( 'NONE', *, *, #4034, .F. ) ;
#7661 = LINE ( 'NONE', #9271, #1269 ) ;
#7662 = EDGE_LOOP ( 'NONE', ( #8639, #1735 ) ) ;
#7663 = ORIENTED_EDGE ( 'NONE', *, *, #626, .F. ) ;
#7664 = ORIENTED_EDGE ( 'NONE', *, *, #3299, .T. ) ;
#7665 = EDGE_LOOP ( 'NONE', ( #6062, #7078, #6394, #3787 ) ) ;
#7666 = FACE_BOUND ( 'NONE', #7189, .T. ) ;
#7667 = ADVANCED_FACE ( 'NONE', ( #4749 ), #5689, .F. ) ;
#7668 = LINE ( 'NONE', #7527, #9200 ) ;
#7669 = DIRECTION ( 'NONE',  ( 1.000000000000000000, 0.000000000000000000, 0.000000000000000000 ) ) ;
#7670 = CARTESIAN_POINT ( 'NONE',  ( -6.938893903907228378E-15, 380.0000000000000000, 0.000000000000000000 ) ) ;
#7671 = AXIS2_PLACEMENT_3D ( 'NONE', #7304, #9576, #2871 ) ;
#7672 = VERTEX_POINT ( 'NONE', #4700 ) ;
#7673 = ORIENTED_EDGE ( 'NONE', *, *, #5010, .T. ) ;
#7674 = ORIENTED_EDGE ( 'NONE', *, *, #5445, .F. ) ;
#7675 = EDGE_CURVE ( 'NONE', #3390, #5712, #6257, .T. ) ;
#7676 = VECTOR ( 'NONE', #8407, 1000.000000000000000 ) ;
#7677 = EDGE_CURVE ( 'NONE', #9525, #228, #60, .T. ) ;
#7678 = STYLED_ITEM ( 'NONE', ( #7959 ), #8644 ) ;
#7679 = EDGE_LOOP ( 'NONE', ( #3625, #6998 ) ) ;
#7680 = CARTESIAN_POINT ( 'NONE',  ( 0.000000000000000000, 0.000000000000000000, 0.000000000000000000 ) ) ;
#7681 = ADVANCED_FACE ( 'NONE', ( #4047 ), #2353, .T. ) ;
#7682 = CARTESIAN_POINT ( 'NONE',  ( 436.2089883689056933, 348.1640233375465527, -15.00000000000012434 ) ) ;
#7683 =( REPRESENTATION_RELATIONSHIP ('NONE','NONE', #5015, #5000 ) REPRESENTATION_RELATIONSHIP_WITH_TRANSFORMATION ( #5115 )SHAPE_REPRESENTATION_RELATIONSHIP( ) );
#7684 = CARTESIAN_POINT ( 'NONE',  ( 788.0000000000000000, 301.9999999999999432, 15.00000000000001421 ) ) ;
#7685 = PLANE ( 'NONE',  #9145 ) ;
#7686 = EDGE_CURVE ( 'NONE', #5372, #3960, #6382, .T. ) ;
#7687 = AXIS2_PLACEMENT_3D ( 'NONE', #5954, #583, #5922 ) ;
#7688 = VERTEX_POINT ( 'NONE', #6201 ) ;
#7689 = PRODUCT_DEFINITION_FORMATION_WITH_SPECIFIED_SOURCE ( 'ANY', '', #9511, .NOT_KNOWN. ) ;
#7690 = DIRECTION ( 'NONE',  ( -0.000000000000000000, 1.000000000000000000, -0.000000000000000000 ) ) ;
#7691 = DIRECTION ( 'NONE',  ( -0.000000000000000000, -0.000000000000000000, -1.000000000000000000 ) ) ;
#7692 = ORIENTED_EDGE ( 'NONE', *, *, #8278, .F. ) ;
#7693 = ORIENTED_EDGE ( 'NONE', *, *, #6796, .F. ) ;
#7694 = ORIENTED_EDGE ( 'NONE', *, *, #4786, .T. ) ;
#7695 = CARTESIAN_POINT ( 'NONE',  ( 338.4999999999999432, 323.0000000000000000, 15.00000000000001421 ) ) ;
#7696 = AXIS2_PLACEMENT_3D ( 'NONE', #8461, #8521, #6424 ) ;
#7697 = EDGE_CURVE ( 'NONE', #1787, #2236, #4510, .T. ) ;
#7698 = ORIENTED_EDGE ( 'NONE', *, *, #6544, .F. ) ;
#7699 = ADVANCED_FACE ( 'NONE', ( #1736 ), #6329, .T. ) ;
#7700 = ORIENTED_EDGE ( 'NONE', *, *, #8498, .F. ) ;
#7701 = CARTESIAN_POINT ( 'NONE',  ( 55.99999999999997158, 195.0000000000000000, 31.00000000000000000 ) ) ;
#7702 = EDGE_CURVE ( 'NONE', #7603, #384, #2562, .T. ) ;
#7703 = APPLICATION_CONTEXT ( 'automotive_design' ) ;
#7704 = VERTEX_POINT ( 'NONE', #4636 ) ;
#7705 = AXIS2_PLACEMENT_3D ( 'NONE', #1229, #9350, #1196 ) ;
#7706 = CARTESIAN_POINT ( 'NONE',  ( 636.0000000000010232, 42.00000000000014921, 0.000000000000000000 ) ) ;
#7707 = DIRECTION ( 'NONE',  ( 1.000000000000000000, 0.000000000000000000, 0.000000000000000000 ) ) ;
#7708 = CARTESIAN_POINT ( 'NONE',  ( 457.4269269584413564, 81.86633285920677849, -8.559794278224492459 ) ) ;
#7709 = CARTESIAN_POINT ( 'NONE',  ( 278.0000000000000000, 47.99999999999998579, -3.000000000000113687 ) ) ;
#7710 = CYLINDRICAL_SURFACE ( 'NONE', #1487, 7.500000000000007105 ) ;
#7711 = DIRECTION ( 'NONE',  ( -1.000000000000000000, 0.000000000000000000, 0.000000000000000000 ) ) ;
#7712 = VECTOR ( 'NONE', #7176, 1000.000000000000000 ) ;
#7713 = EDGE_LOOP ( 'NONE', ( #2978, #2367 ) ) ;
#7714 = ORIENTED_EDGE ( 'NONE', *, *, #1167, .F. ) ;
#7715 = CARTESIAN_POINT ( 'NONE',  ( 792.0000000000000000, 78.00000000000001421, 15.00000000000001421 ) ) ;
#7716 = CARTESIAN_POINT ( 'NONE',  ( 457.3444884193502844, 74.00031665823067328, 7.228218908881250293 ) ) ;
#7717 = CARTESIAN_POINT ( 'NONE',  ( 10.50000000000000178, 78.00000000000001421, 2.000000000000001776 ) ) ;
#7718 = ADVANCED_FACE ( 'NONE', ( #5917 ), #8462, .F. ) ;
#7719 = CYLINDRICAL_SURFACE ( 'NONE', #6297, 2.500000000000002220 ) ;
#7720 = EDGE_CURVE ( 'NONE', #3191, #912, #3816, .T. ) ;
#7721 = VECTOR ( 'NONE', #8409, 1000.000000000000000 ) ;
#7722 = FACE_OUTER_BOUND ( 'NONE', #6870, .T. ) ;
#7723 = CARTESIAN_POINT ( 'NONE',  ( 278.0000000000000000, 47.99999999999998579, 3.000000000000002665 ) ) ;
#7724 = DIRECTION ( 'NONE',  ( -1.000000000000000000, -9.860761315262647568E-32, -4.440892098500629120E-16 ) ) ;
#7725 = ORIENTED_EDGE ( 'NONE', *, *, #1973, .T. ) ;
#7726 = CARTESIAN_POINT ( 'NONE',  ( 632.0000000000010232, 170.0000000000001990, 15.00000000000001421 ) ) ;
#7727 = LINE ( 'NONE', #2718, #1821 ) ;
#7728 = CARTESIAN_POINT ( 'NONE',  ( 451.9999999999999432, 96.00000000000008527, 4.000000000000447642 ) ) ;
#7729 = LINE ( 'NONE', #5650, #4137 ) ;
#7730 = DIRECTION ( 'NONE',  ( 1.000000000000000000, 0.000000000000000000, 0.000000000000000000 ) ) ;
#7731 = DIRECTION ( 'NONE',  ( 0.000000000000000000, 0.000000000000000000, -1.000000000000000000 ) ) ;
#7732 = DIRECTION ( 'NONE',  ( 1.000000000000000000, 0.000000000000000000, 0.000000000000000000 ) ) ;
#7733 = VECTOR ( 'NONE', #2559, 1000.000000000000000 ) ;
#7734 =( REPRESENTATION_RELATIONSHIP ('NONE','NONE', #5015, #4962 ) REPRESENTATION_RELATIONSHIP_WITH_TRANSFORMATION ( #1155 )SHAPE_REPRESENTATION_RELATIONSHIP( ) );
#7735 = CYLINDRICAL_SURFACE ( 'NONE', #9360, 6.000000000000227374 ) ;
#7736 = CIRCLE ( 'NONE', #4347, 2.500000000000002220 ) ;
#7737 = CARTESIAN_POINT ( 'NONE',  ( 370.5000000000000000, 323.0000000000000000, 15.00000000000001421 ) ) ;
#7738 = CARTESIAN_POINT ( 'NONE',  ( 457.4719811109524699, 81.79170746195461561, -6.199188799058360289 ) ) ;
#7739 = DIRECTION ( 'NONE',  ( 1.000000000000000000, 0.000000000000000000, 0.000000000000000000 ) ) ;
#7740 = VECTOR ( 'NONE', #3414, 1000.000000000000000 ) ;
#7741 = CIRCLE ( 'NONE', #312, 2.500000000000002220 ) ;
#7742 = EDGE_LOOP ( 'NONE', ( #8084, #9583, #4433, #1159 ) ) ;
#7743 = VECTOR ( 'NONE', #7575, 1000.000000000000000 ) ;
#7744 = CYLINDRICAL_SURFACE ( 'NONE', #4127, 7.500000000000007105 ) ;
#7745 = ADVANCED_FACE ( 'NONE', ( #7414 ), #7685, .F. ) ;
#7746 = CARTESIAN_POINT ( 'NONE',  ( 213.9999999999999716, 272.0000000000000000, -3.000000000000113687 ) ) ;
#7747 = CARTESIAN_POINT ( 'NONE',  ( 277.9999999999998863, 272.0000000000000000, 15.00000000000001421 ) ) ;
#7748 = EDGE_CURVE ( 'NONE', #8751, #1516, #2311, .T. ) ;
#7749 = CARTESIAN_POINT ( 'NONE',  ( 90.50000000000052580, 266.0000000000003411, 0.000000000000000000 ) ) ;
#7750 = ORIENTED_EDGE ( 'NONE', *, *, #826, .F. ) ;
#7751 = CARTESIAN_POINT ( 'NONE',  ( 100.9999999999999716, 155.0000000000000000, 12.49999999999999112 ) ) ;
#7752 = ORIENTED_EDGE ( 'NONE', *, *, #6677, .F. ) ;
#7753 = SURFACE_STYLE_USAGE ( .BOTH. , #2096 ) ;
#7754 = ORIENTED_EDGE ( 'NONE', *, *, #4272, .T. ) ;
#7755 = CYLINDRICAL_SURFACE ( 'NONE', #2951, 7.500000000000007105 ) ;
#7756 = FACE_OUTER_BOUND ( 'NONE', #2623, .T. ) ;
#7757 = ORIENTED_EDGE ( 'NONE', *, *, #1055, .T. ) ;
#7758 = EDGE_CURVE ( 'NONE', #9540, #7596, #9427, .T. ) ;
#7759 = VECTOR ( 'NONE', #5821, 1000.000000000000000 ) ;
#7760 = DIRECTION ( 'NONE',  ( -0.000000000000000000, 0.000000000000000000, 1.000000000000000000 ) ) ;
#7761 = ORIENTED_EDGE ( 'NONE', *, *, #1613, .F. ) ;
#7762 = VERTEX_POINT ( 'NONE', #1021 ) ;
#7763 = CARTESIAN_POINT ( 'NONE',  ( 340.9999999999999432, 323.0000000000000000, 15.00000000000001421 ) ) ;
#7764 = EDGE_CURVE ( 'NONE', #3725, #773, #1495, .T. ) ;
#7765 = ORIENTED_EDGE ( 'NONE', *, *, #8533, .T. ) ;
#7766 = CIRCLE ( 'NONE', #8385, 3.000000000000002665 ) ;
#7767 = LINE ( 'NONE', #2277, #3379 ) ;
#7768 = CARTESIAN_POINT ( 'NONE',  ( 50.00000000000004263, 42.00000000000014921, 9.000000000000007105 ) ) ;
#7769 = ADVANCED_FACE ( 'NONE', ( #298 ), #5554, .F. ) ;
#7770 = CARTESIAN_POINT ( 'NONE',  ( 373.0000000000000000, 323.0000000000000000, 15.00000000000001421 ) ) ;
#7771 = ITEM_DEFINED_TRANSFORMATION ( 'NONE', 'NONE', #9404,  #2670 ) ;
#7772 = ORIENTED_EDGE ( 'NONE', *, *, #7013, .F. ) ;
#7773 = FACE_OUTER_BOUND ( 'NONE', #7815, .T. ) ;
#7774 = ORIENTED_EDGE ( 'NONE', *, *, #8763, .F. ) ;
#7775 = FILL_AREA_STYLE_COLOUR ( '', #9461 ) ;
#7776 = AXIS2_PLACEMENT_3D ( 'NONE', #3067, #3702, #1536 ) ;
#7777 = ORIENTED_EDGE ( 'NONE', *, *, #3150, .F. ) ;
#7778 = ORIENTED_EDGE ( 'NONE', *, *, #2251, .F. ) ;
#7779 = DIRECTION ( 'NONE',  ( 0.000000000000000000, 0.000000000000000000, -1.000000000000000000 ) ) ;
#7780 = VERTEX_POINT ( 'NONE', #1119 ) ;
#7781 = CARTESIAN_POINT ( 'NONE',  ( 458.3891574431507934, 79.30849583203072939, -11.28912691129598400 ) ) ;
#7782 = FACE_OUTER_BOUND ( 'NONE', #6926, .T. ) ;
#7783 = LINE ( 'NONE', #3744, #4897 ) ;
#7784 = DIRECTION ( 'NONE',  ( 0.000000000000000000, -0.000000000000000000, 1.000000000000000000 ) ) ;
#7785 = ORIENTED_EDGE ( 'NONE', *, *, #7360, .F. ) ;
#7786 = DIRECTION ( 'NONE',  ( 1.000000000000000000, 0.000000000000000000, 0.000000000000000000 ) ) ;
#7787 = AXIS2_PLACEMENT_3D ( 'NONE', #6937, #6089, #1652 ) ;
#7788 = CARTESIAN_POINT ( 'NONE',  ( -6.938893903907228378E-15, 191.9999999999999432, 0.000000000000000000 ) ) ;
#7789 = DIRECTION ( 'NONE',  ( 0.000000000000000000, 0.000000000000000000, -1.000000000000000000 ) ) ;
#7790 = ORIENTED_EDGE ( 'NONE', *, *, #5189, .T. ) ;
#7791 = EDGE_CURVE ( 'NONE', #3139, #9176, #3485, .T. ) ;
#7792 = EDGE_CURVE ( 'NONE', #3390, #7639, #5786, .T. ) ;
#7793 = DIRECTION ( 'NONE',  ( -0.000000000000000000, 0.000000000000000000, 1.000000000000000000 ) ) ;
#7794 = EDGE_CURVE ( 'NONE', #4388, #3066, #3926, .T. ) ;
#7795 = CARTESIAN_POINT ( 'NONE',  ( 40.00000000000003553, 302.0000000000000000, 10.49999999999995381 ) ) ;
#7796 = AXIS2_PLACEMENT_3D ( 'NONE', #6442, #2035, #4300 ) ;
#7797 = DIRECTION ( 'NONE',  ( 0.000000000000000000, -1.000000000000000000, 0.000000000000000000 ) ) ;
#7798 = MECHANICAL_DESIGN_GEOMETRIC_PRESENTATION_REPRESENTATION (  '', ( #7311 ), #6124 ) ;
#7799 = ADVANCED_FACE ( 'NONE', ( #7178 ), #6830, .F. ) ;
#7800 = DIRECTION ( 'NONE',  ( 1.000000000000000000, 0.000000000000000000, 0.000000000000000000 ) ) ;
#7801 = ORIENTED_EDGE ( 'NONE', *, *, #9124, .T. ) ;
#7802 = CARTESIAN_POINT ( 'NONE',  ( 375.5000000000000000, 323.0000000000000000, -15.00000000000012434 ) ) ;
#7803 = SURFACE_SIDE_STYLE ('',( #6059 ) ) ;
#7804 = ORIENTED_EDGE ( 'NONE', *, *, #6885, .F. ) ;
#7805 = CARTESIAN_POINT ( 'NONE',  ( 632.0000000000010232, 170.0000000000001990, 15.00000000000001421 ) ) ;
#7806 = CARTESIAN_POINT ( 'NONE',  ( 458.4999999999999432, 78.00000000000000000, -3.499999999999836575 ) ) ;
#7807 = DIRECTION ( 'NONE',  ( 0.000000000000000000, 0.000000000000000000, -1.000000000000000000 ) ) ;
#7808 = CARTESIAN_POINT ( 'NONE',  ( 280.5000000000000000, 47.99999999999998579, -15.00000000000012434 ) ) ;
#7809 = ORIENTED_EDGE ( 'NONE', *, *, #5669, .F. ) ;
#7810 = EDGE_CURVE ( 'NONE', #228, #8929, #9293, .T. ) ;
#7811 = CARTESIAN_POINT ( 'NONE',  ( 450.9999999999999432, 302.0000000000000000, 15.00000000000001421 ) ) ;
#7812 = AXIS2_PLACEMENT_3D ( 'NONE', #7071, #9210, #1792 ) ;
#7813 = DIRECTION ( 'NONE',  ( 0.000000000000000000, 0.000000000000000000, -1.000000000000000000 ) ) ;
#7814 = DIRECTION ( 'NONE',  ( 1.000000000000000000, 0.000000000000000000, 0.000000000000000000 ) ) ;
#7815 = EDGE_LOOP ( 'NONE', ( #4764, #1353, #7199, #3889 ) ) ;
#7816 = DIRECTION ( 'NONE',  ( 0.000000000000000000, 0.000000000000000000, 1.000000000000000000 ) ) ;
#7817 = ADVANCED_FACE ( 'NONE', ( #8684 ), #2513, .F. ) ;
#7818 = CARTESIAN_POINT ( 'NONE',  ( 674.0000000000010232, 298.0000000000004547, 9.000000000000007105 ) ) ;
#7819 = VERTEX_POINT ( 'NONE', #2592 ) ;
#7820 = DIRECTION ( 'NONE',  ( -1.000000000000000000, 0.000000000000000000, 0.000000000000000000 ) ) ;
#7821 = DIRECTION ( 'NONE',  ( 0.000000000000000000, 1.000000000000000000, 0.000000000000000000 ) ) ;
#7822 = CARTESIAN_POINT ( 'NONE',  ( 213.9999999999999716, 272.0000000000000000, 3.000000000000002665 ) ) ;
#7823 = AXIS2_PLACEMENT_3D ( 'NONE', #2781, #6462, #8033 ) ;
#7824 = LINE ( 'NONE', #8859, #3888 ) ;
#7825 = CARTESIAN_POINT ( 'NONE',  ( 800.0000000000000000, 0.000000000000000000, 15.00000000000001421 ) ) ;
#7826 = EDGE_LOOP ( 'NONE', ( #1942, #8416, #1007, #1580 ) ) ;
#7827 = ORIENTED_EDGE ( 'NONE', *, *, #8091, .T. ) ;
#7828 = VERTEX_POINT ( 'NONE', #1956 ) ;
#7829 = AXIS2_PLACEMENT_3D ( 'NONE', #1445, #5175, #8018 ) ;
#7830 = DIRECTION ( 'NONE',  ( 0.000000000000000000, 0.000000000000000000, -1.000000000000000000 ) ) ;
#7831 = DIRECTION ( 'NONE',  ( 0.000000000000000000, 0.000000000000000000, 1.000000000000000000 ) ) ;
#7832 = LINE ( 'NONE', #5339, #4823 ) ;
#7833 = EDGE_CURVE ( 'NONE', #6432, #3859, #3361, .T. ) ;
#7834 =( REPRESENTATION_RELATIONSHIP ('NONE','NONE', #5015, #8198 ) REPRESENTATION_RELATIONSHIP_WITH_TRANSFORMATION ( #8809 )SHAPE_REPRESENTATION_RELATIONSHIP( ) );
#7835 = ORIENTED_EDGE ( 'NONE', *, *, #6332, .T. ) ;
#7836 = AXIS2_PLACEMENT_3D ( 'NONE', #766, #7503, #2294 ) ;
#7837 = DIRECTION ( 'NONE',  ( 0.000000000000000000, 0.000000000000000000, 1.000000000000000000 ) ) ;
#7838 = CARTESIAN_POINT ( 'NONE',  ( 458.2271227098322015, 75.98256464803483823, -10.96380621849298720 ) ) ;
#7839 = DIRECTION ( 'NONE',  ( 1.000000000000000000, 0.000000000000000000, 0.000000000000000000 ) ) ;
#7840 = DIRECTION ( 'NONE',  ( 1.000000000000000000, 0.000000000000000000, 0.000000000000000000 ) ) ;
#7841 = EDGE_LOOP ( 'NONE', ( #3028, #6664 ) ) ;
#7842 = DIRECTION ( 'NONE',  ( 1.000000000000000000, 0.000000000000000000, 0.000000000000000000 ) ) ;
#7843 = VECTOR ( 'NONE', #4147, 1000.000000000000000 ) ;
#7844 = ORIENTED_EDGE ( 'NONE', *, *, #1653, .F. ) ;
#7845 = LINE ( 'NONE', #7928, #42 ) ;
#7846 = AXIS2_PLACEMENT_3D ( 'NONE', #1562, #3753, #1499 ) ;
#7847 = ORIENTED_EDGE ( 'NONE', *, *, #6625, .F. ) ;
#7848 = DIRECTION ( 'NONE',  ( -0.000000000000000000, 0.000000000000000000, 1.000000000000000000 ) ) ;
#7849 = ADVANCED_FACE ( 'NONE', ( #1722 ), #5902, .F. ) ;
#7850 = DIRECTION ( 'NONE',  ( -1.000000000000000000, 0.000000000000000000, 0.000000000000000000 ) ) ;
#7851 = EDGE_CURVE ( 'NONE', #5780, #6155, #1004, .T. ) ;
#7852 = DIRECTION ( 'NONE',  ( 0.000000000000000000, 0.000000000000000000, 1.000000000000000000 ) ) ;
#7853 = VECTOR ( 'NONE', #8926, 1000.000000000000000 ) ;
#7854 = EDGE_CURVE ( 'NONE', #7688, #1787, #889, .T. ) ;
#7855 = VECTOR ( 'NONE', #3303, 1000.000000000000000 ) ;
#7856 = VECTOR ( 'NONE', #7001, 1000.000000000000000 ) ;
#7857 = DIRECTION ( 'NONE',  ( 1.000000000000000000, 0.000000000000000000, 0.000000000000000000 ) ) ;
#7858 = LINE ( 'NONE', #7405, #8311 ) ;
#7859 = VECTOR ( 'NONE', #7453, 1000.000000000000000 ) ;
#7860 = VECTOR ( 'NONE', #803, 1000.000000000000000 ) ;
#7861 = ADVANCED_FACE ( 'NONE', ( #5203 ), #4384, .F. ) ;
#7862 = DIRECTION ( 'NONE',  ( -1.000000000000000000, -9.860761315262647568E-32, -4.440892098500629120E-16 ) ) ;
#7863 = ORIENTED_EDGE ( 'NONE', *, *, #8924, .F. ) ;
#7864 = FACE_BOUND ( 'NONE', #9594, .T. ) ;
#7865 = EDGE_CURVE ( 'NONE', #3712, #6087, #1373, .T. ) ;
#7866 = AXIS2_PLACEMENT_3D ( 'NONE', #9513, #4170, #4920 ) ;
#7867 = ORIENTED_EDGE ( 'NONE', *, *, #8156, .T. ) ;
#7868 =( LENGTH_UNIT ( ) NAMED_UNIT ( * ) SI_UNIT ( .MILLI., .METRE. ) );
#7869 =( GEOMETRIC_REPRESENTATION_CONTEXT ( 3 ) GLOBAL_UNCERTAINTY_ASSIGNED_CONTEXT ( ( #1912 ) ) GLOBAL_UNIT_ASSIGNED_CONTEXT ( ( #2073, #3477, #5720 ) ) REPRESENTATION_CONTEXT ( 'NONE', 'WORKASPACE' ) );
#7870 = CIRCLE ( 'NONE', #4675, 6.000000000000005329 ) ;
#7871 = DIRECTION ( 'NONE',  ( -1.000000000000000000, 0.000000000000000000, 0.000000000000000000 ) ) ;
#7872 = DIRECTION ( 'NONE',  ( -0.000000000000000000, 1.000000000000000000, -0.000000000000000000 ) ) ;
#7873 = LINE ( 'NONE', #4565, #4502 ) ;
#7874 = VERTEX_POINT ( 'NONE', #9407 ) ;
#7875 = CIRCLE ( 'NONE', #828, 3.000000000000004441 ) ;
#7876 = ORIENTED_EDGE ( 'NONE', *, *, #1904, .F. ) ;
#7877 = DIRECTION ( 'NONE',  ( 1.000000000000000000, 0.000000000000000000, 0.000000000000000000 ) ) ;
#7878 = ORIENTED_EDGE ( 'NONE', *, *, #2728, .T. ) ;
#7879 = FACE_OUTER_BOUND ( 'NONE', #3873, .T. ) ;
#7880 = LINE ( 'NONE', #6094, #5583 ) ;
#7881 = DIRECTION ( 'NONE',  ( -1.000000000000000000, 0.000000000000000000, 0.000000000000000000 ) ) ;
#7882 = EDGE_CURVE ( 'NONE', #709, #1793, #9050, .T. ) ;
#7883 = CARTESIAN_POINT ( 'NONE',  ( 55.99999999999997158, 195.0000000000000000, 31.00000000000000000 ) ) ;
#7884 = CONTEXT_DEPENDENT_SHAPE_REPRESENTATION ( #7683, #6977 ) ;
#7885 = DIRECTION ( 'NONE',  ( 0.000000000000000000, 0.000000000000000000, -1.000000000000000000 ) ) ;
#7886 =( NAMED_UNIT ( * ) PLANE_ANGLE_UNIT ( ) SI_UNIT ( $, .RADIAN. ) );
#7887 = VERTEX_POINT ( 'NONE', #7112 ) ;
#7888 = LINE ( 'NONE', #6050, #4073 ) ;
#7889 = VERTEX_POINT ( 'NONE', #568 ) ;
#7890 = EDGE_LOOP ( 'NONE', ( #5264, #3093 ) ) ;
#7891 = EDGE_LOOP ( 'NONE', ( #6896, #6744, #9555, #8863 ) ) ;
#7892 = ORIENTED_EDGE ( 'NONE', *, *, #5503, .F. ) ;
#7893 = PLANE ( 'NONE',  #9179 ) ;
#7894 = LINE ( 'NONE', #4315, #3038 ) ;
#7895 = EDGE_CURVE ( 'NONE', #5480, #3032, #7403, .T. ) ;
#7896 = CARTESIAN_POINT ( 'NONE',  ( 373.0000000000000000, 323.0000000000000000, -15.00000000000012434 ) ) ;
#7897 = ORIENTED_EDGE ( 'NONE', *, *, #8318, .F. ) ;
#7898 = PRODUCT_DEFINITION_CONTEXT ( 'detailed design', #5488, 'design' ) ;
#7899 = ORIENTED_EDGE ( 'NONE', *, *, #1799, .T. ) ;
#7900 = ADVANCED_FACE ( 'NONE', ( #1249, #5679, #4614, #2780, #6593, #7060, #7864, #6709, #7521, #5096, #3581 ), #5159, .T. ) ;
#7901 = ORIENTED_EDGE ( 'NONE', *, *, #3351, .F. ) ;
#7902 = PLANE ( 'NONE',  #151 ) ;
#7903 = LINE ( 'NONE', #7570, #798 ) ;
#7904 = PRESENTATION_STYLE_ASSIGNMENT (( #6447 ) ) ;
#7905 =( NAMED_UNIT ( * ) SI_UNIT ( $, .STERADIAN. ) SOLID_ANGLE_UNIT ( ) );
#7906 = ORIENTED_EDGE ( 'NONE', *, *, #4794, .F. ) ;
#7907 = CARTESIAN_POINT ( 'NONE',  ( 457.3774685871067049, 74.05299632039066182, -8.162310702329959256 ) ) ;
#7908 = ORIENTED_EDGE ( 'NONE', *, *, #8794, .T. ) ;
#7909 = DIRECTION ( 'NONE',  ( 4.440892098500626162E-16, -6.938893903907225296E-18, 1.000000000000000000 ) ) ;
#7910 = ADVANCED_FACE ( 'NONE', ( #1964 ), #2931, .F. ) ;
#7911 = CARTESIAN_POINT ( 'NONE',  ( 457.4739305752833047, 305.7883317288089984, -8.809773601527103537 ) ) ;
#7912 = DIRECTION ( 'NONE',  ( 0.000000000000000000, 0.000000000000000000, -1.000000000000000000 ) ) ;
#7913 = ORIENTED_EDGE ( 'NONE', *, *, #966, .F. ) ;
#7914 = MANIFOLD_SOLID_BREP ( 'Saliente-Extruir2', #2833 ) ;
#7915 = EDGE_CURVE ( 'NONE', #8584, #2019, #8319, .T. ) ;
#7916 = CARTESIAN_POINT ( 'NONE',  ( 598.0000000000010232, 292.0000000000003979, 15.00000000000001421 ) ) ;
#7917 = ORIENTED_EDGE ( 'NONE', *, *, #4831, .F. ) ;
#7918 = EDGE_CURVE ( 'NONE', #6784, #3105, #8570, .T. ) ;
#7919 = EDGE_LOOP ( 'NONE', ( #1180, #6806, #1995, #8149, #8046, #5046 ) ) ;
#7920 = PLANE ( 'NONE',  #2738 ) ;
#7921 = AXIS2_PLACEMENT_3D ( 'NONE', #2138, #5024, #2113 ) ;
#7922 = VERTEX_POINT ( 'NONE', #2895 ) ;
#7923 = MECHANICAL_DESIGN_GEOMETRIC_PRESENTATION_REPRESENTATION (  '', ( #376 ), #6887 ) ;
#7924 = CARTESIAN_POINT ( 'NONE',  ( 0.000000000000000000, 8.326672684688674053E-14, 15.00000000000006928 ) ) ;
#7925 = EDGE_LOOP ( 'NONE', ( #7525, #726, #2465, #7423 ) ) ;
#7926 = EDGE_LOOP ( 'NONE', ( #5358, #6875, #5939, #1046 ) ) ;
#7927 = DIRECTION ( 'NONE',  ( 1.000000000000000000, 0.000000000000000000, 0.000000000000000000 ) ) ;
#7928 = CARTESIAN_POINT ( 'NONE',  ( 100.9999999999999716, 155.0000000000000000, 18.50000000000000711 ) ) ;
#7929 = DIRECTION ( 'NONE',  ( 1.000000000000000000, 0.000000000000000000, 0.000000000000000000 ) ) ;
#7930 = ORIENTED_EDGE ( 'NONE', *, *, #2994, .F. ) ;
#7931 = EDGE_CURVE ( 'NONE', #5354, #7556, #7637, .T. ) ;
#7932 = DIRECTION ( 'NONE',  ( -0.000000000000000000, 0.000000000000000000, 1.000000000000000000 ) ) ;
#7933 = ORIENTED_EDGE ( 'NONE', *, *, #2505, .T. ) ;
#7934 = CARTESIAN_POINT ( 'NONE',  ( 117.0000000000000000, 323.0000000000000000, -14.00000000000001243 ) ) ;
#7935 = ADVANCED_FACE ( 'NONE', ( #8081 ), #8985, .T. ) ;
#7936 = DIRECTION ( 'NONE',  ( -1.000000000000000000, 0.000000000000000000, 0.000000000000000000 ) ) ;
#7937 = CARTESIAN_POINT ( 'NONE',  ( 457.6533941124183116, 305.4652414593566618, -5.485479723370096927 ) ) ;
#7938 = VECTOR ( 'NONE', #3842, 1000.000000000000000 ) ;
#7939 = FACE_OUTER_BOUND ( 'NONE', #1222, .T. ) ;
#7940 = ORIENTED_EDGE ( 'NONE', *, *, #3783, .F. ) ;
#7941 = DIRECTION ( 'NONE',  ( 1.000000000000000000, 0.000000000000000000, 0.000000000000000000 ) ) ;
#7942 = CARTESIAN_POINT ( 'NONE',  ( 439.2089883689056933, 348.1640233375465527, -3.000000000000113687 ) ) ;
#7943 = B_SPLINE_CURVE_WITH_KNOTS ( 'NONE', 3,
 ( #7166, #8658, #7109, #1163, #3479, #5722, #8691, #6356, #3393, #3515, #8556, #2740, #5683, #2013, #4217, #4112, #1191, #8629, #9405, #4931, #7907, #4867, #2045, #4189, #1220, #4905, #1254, #1919, #447, #7838, #3423, #5619, #8597, #6449, #7205, #2770, #377, #4146 ),
 .UNSPECIFIED., .F., .F.,
 ( 4, 2, 2, 2, 2, 2, 2, 2, 2, 2, 2, 2, 2, 2, 2, 2, 2, 2, 4 ),
 ( 1.404617285391336434E-17, 0.0007973883807056902830, 0.001594776761411366471, 0.002392165142117042443, 0.003189553522822718631, 0.003986941903528395253, 0.004784330284234071008, 0.005581718664939746763, 0.006379107045645423385, 0.006777801235998260829, 0.007176495426351100007, 0.007973883807056767956, 0.008771272187762437639, 0.009568660568468107322, 0.01036604894917377701, 0.01116343732987944495, 0.01156213152023226158, 0.01196082571058507647, 0.01275821409129072534 ),
 .UNSPECIFIED. ) ;
#7944 = ORIENTED_EDGE ( 'NONE', *, *, #9282, .F. ) ;
#7945 = EDGE_CURVE ( 'NONE', #5642, #7472, #2189, .T. ) ;
#7946 = FACE_OUTER_BOUND ( 'NONE', #4925, .T. ) ;
#7947 = LINE ( 'NONE', #3112, #5058 ) ;
#7948 = FACE_OUTER_BOUND ( 'NONE', #6507, .T. ) ;
#7949 = ORIENTED_EDGE ( 'NONE', *, *, #7644, .T. ) ;
#7950 = CARTESIAN_POINT ( 'NONE',  ( -5.551115123125782702E-14, 47.99999999999982236, 4.000000000000003553 ) ) ;
#7951 = ADVANCED_FACE ( 'NONE', ( #9170 ), #6128, .F. ) ;
#7952 = CARTESIAN_POINT ( 'NONE',  ( 0.000000000000000000, 0.000000000000000000, 0.000000000000000000 ) ) ;
#7953 = ORIENTED_EDGE ( 'NONE', *, *, #7606, .F. ) ;
#7954 = VECTOR ( 'NONE', #1791, 1000.000000000000000 ) ;
#7955 = VECTOR ( 'NONE', #6635, 1000.000000000000000 ) ;
#7956 = STYLED_ITEM ( 'NONE', ( #4739 ), #1443 ) ;
#7957 = SURFACE_STYLE_USAGE ( .BOTH. , #6478 ) ;
#7958 = CARTESIAN_POINT ( 'NONE',  ( -6.938893903907228378E-15, 380.0000000000000000, 0.000000000000000000 ) ) ;
#7959 = PRESENTATION_STYLE_ASSIGNMENT (( #6411 ) ) ;
#7960 = CARTESIAN_POINT ( 'NONE',  ( 792.0000000000000000, 78.00000000000001421, 15.00000000000001421 ) ) ;
#7961 = FACE_OUTER_BOUND ( 'NONE', #7239, .T. ) ;
#7962 = LINE ( 'NONE', #715, #4032 ) ;
#7963 = VECTOR ( 'NONE', #8775, 1000.000000000000000 ) ;
#7964 = CARTESIAN_POINT ( 'NONE',  ( 457.7962305678202029, 81.17601961184139725, 9.945347753197607332 ) ) ;
#7965 = CARTESIAN_POINT ( 'NONE',  ( 635.0000000000010232, 170.0000000000001990, 0.000000000000000000 ) ) ;
#7966 = CARTESIAN_POINT ( 'NONE',  ( 457.7949956088453405, 305.1786138901381946, -5.058155604052833709 ) ) ;
#7967 = EDGE_CURVE ( 'NONE', #6529, #2350, #6371, .T. ) ;
#7968 = CIRCLE ( 'NONE', #3300, 7.500000000000007105 ) ;
#7969 = CARTESIAN_POINT ( 'NONE',  ( 800.0000000000000000, 0.000000000000000000, 15.00000000000001421 ) ) ;
#7970 = FACE_BOUND ( 'NONE', #4118, .T. ) ;
#7971 = EDGE_CURVE ( 'NONE', #64, #3578, #3474, .T. ) ;
#7972 = ORIENTED_EDGE ( 'NONE', *, *, #4817, .T. ) ;
#7973 = FACE_OUTER_BOUND ( 'NONE', #4551, .T. ) ;
#7974 = CARTESIAN_POINT ( 'NONE',  ( 451.9999999999999432, 91.99999999999985789, 2.220446049250313081E-13 ) ) ;
#7975 = ORIENTED_EDGE ( 'NONE', *, *, #5412, .T. ) ;
#7976 = VECTOR ( 'NONE', #6812, 1000.000000000000000 ) ;
#7977 = DIRECTION ( 'NONE',  ( 0.000000000000000000, 0.000000000000000000, -1.000000000000000000 ) ) ;
#7978 = CARTESIAN_POINT ( 'NONE',  ( 278.0000000000000000, 47.99999999999998579, -15.00000000000012434 ) ) ;
#7979 = ORIENTED_EDGE ( 'NONE', *, *, #2146, .T. ) ;
#7980 = ORIENTED_EDGE ( 'NONE', *, *, #9547, .F. ) ;
#7981 = VECTOR ( 'NONE', #3518, 1000.000000000000000 ) ;
#7982 = ADVANCED_FACE ( 'NONE', ( #7283 ), #92, .F. ) ;
#7983 = LINE ( 'NONE', #1864, #4619 ) ;
#7984 = DIRECTION ( 'NONE',  ( 0.000000000000000000, 0.000000000000000000, 1.000000000000000000 ) ) ;
#7985 = EDGE_CURVE ( 'NONE', #7098, #7550, #2885, .T. ) ;
#7986 = AXIS2_PLACEMENT_3D ( 'NONE', #8142, #7317, #5830 ) ;
#7987 = ORIENTED_EDGE ( 'NONE', *, *, #3618, .F. ) ;
#7988 = FACE_OUTER_BOUND ( 'NONE', #4266, .T. ) ;
#7989 = PRODUCT_RELATED_PRODUCT_CATEGORY ( 'part', '', ( #2848 ) ) ;
#7990 = ORIENTED_EDGE ( 'NONE', *, *, #6491, .T. ) ;
#7991 = ORIENTED_EDGE ( 'NONE', *, *, #4314, .F. ) ;
#7992 = DIRECTION ( 'NONE',  ( -1.000000000000000000, 0.000000000000000000, 0.000000000000000000 ) ) ;
#7993 = CARTESIAN_POINT ( 'NONE',  ( 130.9999999999999716, 190.0000000000000000, 31.00000000000000000 ) ) ;
#7994 = ORIENTED_EDGE ( 'NONE', *, *, #2893, .F. ) ;
#7995 = CIRCLE ( 'NONE', #5042, 2.500000000000002220 ) ;
#7996 = FACE_OUTER_BOUND ( 'NONE', #7089, .T. ) ;
#7997 = ORIENTED_EDGE ( 'NONE', *, *, #717, .F. ) ;
#7998 = FACE_OUTER_BOUND ( 'NONE', #1504, .T. ) ;
#7999 = DIRECTION ( 'NONE',  ( 0.000000000000000000, 0.000000000000000000, -1.000000000000000000 ) ) ;
#8000 = EDGE_CURVE ( 'NONE', #5017, #7382, #3115, .T. ) ;
#8001 = ORIENTED_EDGE ( 'NONE', *, *, #8062, .F. ) ;
#8002 = ORIENTED_EDGE ( 'NONE', *, *, #4235, .T. ) ;
#8003 = AXIS2_PLACEMENT_3D ( 'NONE', #9503, #2026, #8007 ) ;
#8004 = CARTESIAN_POINT ( 'NONE',  ( 769.0000000000000000, 0.000000000000000000, 15.00000000000001421 ) ) ;
#8005 = ADVANCED_FACE ( 'NONE', ( #4264 ), #841, .T. ) ;
#8006 = FACE_BOUND ( 'NONE', #4616, .T. ) ;
#8007 = DIRECTION ( 'NONE',  ( 0.000000000000000000, 0.000000000000000000, -1.000000000000000000 ) ) ;
#8008 = DIRECTION ( 'NONE',  ( 0.000000000000000000, 0.000000000000000000, 1.000000000000000000 ) ) ;
#8009 = SHAPE_REPRESENTATION_RELATIONSHIP ( 'NONE' , 'NONE' ,  #1802, #880 ) ;
#8010 = VERTEX_POINT ( 'NONE', #4464 ) ;
#8011 = CARTESIAN_POINT ( 'NONE',  ( 46.00000000000004263, 304.0000000000004547, 15.00000000000001421 ) ) ;
#8012 = DIRECTION ( 'NONE',  ( 1.000000000000000000, 0.000000000000000000, 0.000000000000000000 ) ) ;
#8013 = EDGE_CURVE ( 'NONE', #5943, #5262, #7968, .T. ) ;
#8014 = DIRECTION ( 'NONE',  ( 0.000000000000000000, 0.000000000000000000, 1.000000000000000000 ) ) ;
#8015 = AXIS2_PLACEMENT_3D ( 'NONE', #2239, #6539, #7355 ) ;
#8016 = CARTESIAN_POINT ( 'NONE',  ( 88.00000000000052580, 298.0000000000003979, 15.00000000000001421 ) ) ;
#8017 = ORIENTED_EDGE ( 'NONE', *, *, #6625, .T. ) ;
#8018 = DIRECTION ( 'NONE',  ( 1.000000000000000000, 0.000000000000000000, 0.000000000000000000 ) ) ;
#8019 = CARTESIAN_POINT ( 'NONE',  ( 398.5000000000000000, 469.9999999999999432, 374.9999999999997726 ) ) ;
#8020 = DIRECTION ( 'NONE',  ( 0.000000000000000000, 0.000000000000000000, -1.000000000000000000 ) ) ;
#8021 = AXIS2_PLACEMENT_3D ( 'NONE', #6554, #2689, #1405 ) ;
#8022 = ORIENTED_EDGE ( 'NONE', *, *, #153, .F. ) ;
#8023 = EDGE_CURVE ( 'NONE', #1435, #3725, #4606, .T. ) ;
#8024 = DIRECTION ( 'NONE',  ( -4.440892098500626162E-16, 6.938893903907225296E-18, -1.000000000000000000 ) ) ;
#8025 = DIRECTION ( 'NONE',  ( -0.000000000000000000, 0.000000000000000000, 1.000000000000000000 ) ) ;
#8026 = EDGE_CURVE ( 'NONE', #8257, #8064, #4850, .T. ) ;
#8027 = CARTESIAN_POINT ( 'NONE',  ( 458.5000000000000568, 78.26613286906854228, 11.49999999999996803 ) ) ;
#8028 = VERTEX_POINT ( 'NONE', #9019 ) ;
#8029 = CARTESIAN_POINT ( 'NONE',  ( 0.000000000000000000, 0.000000000000000000, 15.00000000000012434 ) ) ;
#8030 = DIRECTION ( 'NONE',  ( 1.000000000000000000, 0.000000000000000000, 0.000000000000000000 ) ) ;
#8031 = CARTESIAN_POINT ( 'NONE',  ( 0.000000000000000000, 0.000000000000000000, 31.00000000000000000 ) ) ;
#8032 = VERTEX_POINT ( 'NONE', #3765 ) ;
#8033 = DIRECTION ( 'NONE',  ( -1.000000000000000000, 0.000000000000000000, 0.000000000000000000 ) ) ;
#8034 = DIRECTION ( 'NONE',  ( -1.000000000000000000, -2.739037067331801610E-16, 0.000000000000000000 ) ) ;
#8035 = VERTEX_POINT ( 'NONE', #4539 ) ;
#8036 = PRODUCT ( 'A760250-FAJASXXXFR', 'A760250-FAJASXXXFR', '', ( #8352 ) ) ;
#8037 = DIRECTION ( 'NONE',  ( 0.000000000000000000, 0.000000000000000000, -1.000000000000000000 ) ) ;
#8038 = CARTESIAN_POINT ( 'NONE',  ( 108.2035941074868930, -6.907806440147400806E-18, 31.00000000000000000 ) ) ;
#8039 = ORIENTED_EDGE ( 'NONE', *, *, #5635, .T. ) ;
#8040 = MECHANICAL_DESIGN_GEOMETRIC_PRESENTATION_REPRESENTATION (  '', ( #2375 ), #4442 ) ;
#8041 = PRESENTATION_LAYER_ASSIGNMENT (  '', '', ( #8237 ) ) ;
#8042 = DIRECTION ( 'NONE',  ( 0.000000000000000000, -1.000000000000000000, 0.000000000000000000 ) ) ;
#8043 = ADVANCED_FACE ( 'NONE', ( #4148 ), #1575, .F. ) ;
#8044 = CARTESIAN_POINT ( 'NONE',  ( 338.4999999999999432, 323.0000000000000000, -15.00000000000012434 ) ) ;
#8045 = FACE_OUTER_BOUND ( 'NONE', #7601, .T. ) ;
#8046 = ORIENTED_EDGE ( 'NONE', *, *, #6939, .F. ) ;
#8047 = CARTESIAN_POINT ( 'NONE',  ( 401.4999999999999432, 17.99999999999998934, 374.9999999999996589 ) ) ;
#8048 = CARTESIAN_POINT ( 'NONE',  ( 40.00000000000003553, 78.00000000000001421, -7.499999999999840128 ) ) ;
#8049 = VERTEX_POINT ( 'NONE', #5316 ) ;
#8050 = ORIENTED_EDGE ( 'NONE', *, *, #7791, .T. ) ;
#8051 = EDGE_CURVE ( 'NONE', #9429, #3371, #286, .T. ) ;
#8052 = COLOUR_RGB ( '',1.000000000000000000, 1.000000000000000000, 1.000000000000000000 ) ;
#8053 = ORIENTED_EDGE ( 'NONE', *, *, #6544, .T. ) ;
#8054 = CARTESIAN_POINT ( 'NONE',  ( 469.2791522340548340, 337.2193787511251912, -15.00000000000012434 ) ) ;
#8055 = PLANE ( 'NONE',  #7119 ) ;
#8056 = CARTESIAN_POINT ( 'NONE',  ( 457.3614843386388884, 81.97308908993672105, 8.035029694283851498 ) ) ;
#8057 = CARTESIAN_POINT ( 'NONE',  ( -5.551115123125782702E-14, 139.9999999999999147, 1.110223024625156540E-13 ) ) ;
#8058 = DIRECTION ( 'NONE',  ( 0.000000000000000000, 0.000000000000000000, 1.000000000000000000 ) ) ;
#8059 = DIRECTION ( 'NONE',  ( 0.000000000000000000, 1.000000000000000000, -0.000000000000000000 ) ) ;
#8060 = EDGE_LOOP ( 'NONE', ( #5686, #9448 ) ) ;
#8061 = CARTESIAN_POINT ( 'NONE',  ( 0.000000000000000000, 0.000000000000000000, 3.000000000000002665 ) ) ;
#8062 = EDGE_CURVE ( 'NONE', #1452, #9540, #3350, .T. ) ;
#8063 = FACE_OUTER_BOUND ( 'NONE', #1738, .T. ) ;
#8064 = VERTEX_POINT ( 'NONE', #6088 ) ;
#8065 = CARTESIAN_POINT ( 'NONE',  ( 451.9999999999999432, 240.0000000000000000, 0.000000000000000000 ) ) ;
#8066 = ADVANCED_BREP_SHAPE_REPRESENTATION ( '', ( #3181, #2670 ), #7064 ) ;
#8067 = CYLINDRICAL_SURFACE ( 'NONE', #1843, 2.500000000000002220 ) ;
#8068 = LINE ( 'NONE', #7588, #2991 ) ;
#8069 = PRESENTATION_STYLE_ASSIGNMENT (( #7753 ) ) ;
#8070 = AXIS2_PLACEMENT_3D ( 'NONE', #5847, #9665, #6623 ) ;
#8071 = DIRECTION ( 'NONE',  ( 0.000000000000000000, 0.000000000000000000, -1.000000000000000000 ) ) ;
#8072 = CARTESIAN_POINT ( 'NONE',  ( 0.000000000000000000, 380.0000000000000000, 15.00000000000001421 ) ) ;
#8073 = FACE_OUTER_BOUND ( 'NONE', #8179, .T. ) ;
#8074 = SURFACE_STYLE_FILL_AREA ( #3987 ) ;
#8075 = DIRECTION ( 'NONE',  ( -0.000000000000000000, 0.000000000000000000, 1.000000000000000000 ) ) ;
#8076 = DIRECTION ( 'NONE',  ( -1.000000000000000000, 0.000000000000000000, 0.000000000000000000 ) ) ;
#8077 = LINE ( 'NONE', #135, #1716 ) ;
#8078 = DIRECTION ( 'NONE',  ( 0.000000000000000000, 0.000000000000000000, 1.000000000000000000 ) ) ;
#8079 = FACE_OUTER_BOUND ( 'NONE', #819, .T. ) ;
#8080 = ORIENTED_EDGE ( 'NONE', *, *, #9389, .T. ) ;
#8081 = FACE_OUTER_BOUND ( 'NONE', #9203, .T. ) ;
#8082 = AXIS2_PLACEMENT_3D ( 'NONE', #4591, #6906, #119 ) ;
#8083 = DIRECTION ( 'NONE',  ( 4.440892098500626162E-16, -6.938893903907225296E-18, 1.000000000000000000 ) ) ;
#8084 = ORIENTED_EDGE ( 'NONE', *, *, #9400, .F. ) ;
#8085 = CARTESIAN_POINT ( 'NONE',  ( 800.0000000000000000, 0.000000000000000000, 0.000000000000000000 ) ) ;
#8086 = ORIENTED_EDGE ( 'NONE', *, *, #2712, .T. ) ;
#8087 = VECTOR ( 'NONE', #8191, 1000.000000000000000 ) ;
#8088 = VECTOR ( 'NONE', #4063, 1000.000000000000000 ) ;
#8089 = DIRECTION ( 'NONE',  ( -1.000000000000000000, 0.000000000000000000, 0.000000000000000000 ) ) ;
#8090 = ADVANCED_FACE ( 'NONE', ( #8073 ), #5364, .F. ) ;
#8091 = EDGE_CURVE ( 'NONE', #3638, #7819, #5315, .T. ) ;
#8092 = EDGE_CURVE ( 'NONE', #3831, #7295, #509, .T. ) ;
#8093 = DIRECTION ( 'NONE',  ( -4.440892098500629120E-16, -6.938893903907225296E-18, 1.000000000000000000 ) ) ;
#8094 = DIRECTION ( 'NONE',  ( -0.000000000000000000, 0.000000000000000000, 1.000000000000000000 ) ) ;
#8095 = EDGE_CURVE ( 'NONE', #796, #6087, #754, .T. ) ;
#8096 = VERTEX_POINT ( 'NONE', #218 ) ;
#8097 = VECTOR ( 'NONE', #2941, 1000.000000000000114 ) ;
#8098 = ORIENTED_EDGE ( 'NONE', *, *, #8130, .F. ) ;
#8099 = AXIS2_PLACEMENT_3D ( 'NONE', #9166, #7586, #8455 ) ;
#8100 = ORIENTED_EDGE ( 'NONE', *, *, #8983, .T. ) ;
#8101 = LINE ( 'NONE', #8490, #65 ) ;
#8102 = CARTESIAN_POINT ( 'NONE',  ( 472.2791522340548340, 337.2193787511251912, -3.000000000000113687 ) ) ;
#8103 = VECTOR ( 'NONE', #8388, 1000.000000000000000 ) ;
#8104 = DIRECTION ( 'NONE',  ( 1.000000000000000000, 0.000000000000000000, 0.000000000000000000 ) ) ;
#8105 = DIRECTION ( 'NONE',  ( 0.000000000000000000, -0.000000000000000000, 1.000000000000000000 ) ) ;
#8106 = DIRECTION ( 'NONE',  ( 0.000000000000000000, 0.000000000000000000, 1.000000000000000000 ) ) ;
#8107 = ORIENTED_EDGE ( 'NONE', *, *, #3119, .F. ) ;
#8108 = VECTOR ( 'NONE', #2062, 1000.000000000000000 ) ;
#8109 = EDGE_LOOP ( 'NONE', ( #1016, #3360 ) ) ;
#8110 = ORIENTED_EDGE ( 'NONE', *, *, #4620, .T. ) ;
#8111 = ORIENTED_EDGE ( 'NONE', *, *, #1326, .T. ) ;
#8112 = DIRECTION ( 'NONE',  ( 0.000000000000000000, -1.000000000000000000, 0.000000000000000000 ) ) ;
#8113 = ORIENTED_EDGE ( 'NONE', *, *, #567, .T. ) ;
#8114 = CYLINDRICAL_SURFACE ( 'NONE', #4194, 2.500000000000002220 ) ;
#8115 = EDGE_CURVE ( 'NONE', #3371, #9429, #8441, .T. ) ;
#8116 = AXIS2_PLACEMENT_3D ( 'NONE', #6645, #8915, #1524 ) ;
#8117 = DIRECTION ( 'NONE',  ( 0.000000000000000000, 0.000000000000000000, -1.000000000000000000 ) ) ;
#8118 = DIRECTION ( 'NONE',  ( -1.000000000000000000, 0.000000000000000000, 0.000000000000000000 ) ) ;
#8119 = ORIENTED_EDGE ( 'NONE', *, *, #676, .F. ) ;
#8120 = FACE_OUTER_BOUND ( 'NONE', #9591, .T. ) ;
#8121 = DIRECTION ( 'NONE',  ( 0.000000000000000000, 0.000000000000000000, 1.000000000000000000 ) ) ;
#8122 = EDGE_LOOP ( 'NONE', ( #7617, #891, #5135, #2620 ) ) ;
#8123 = ORIENTED_EDGE ( 'NONE', *, *, #7506, .F. ) ;
#8124 = CARTESIAN_POINT ( 'NONE',  ( 114.4999999999999858, 323.0000000000000000, -15.00000000000012434 ) ) ;
#8125 = CYLINDRICAL_SURFACE ( 'NONE', #6540, 4.000000000000003553 ) ;
#8126 = DIRECTION ( 'NONE',  ( -1.000000000000000000, 0.000000000000000000, 0.000000000000000000 ) ) ;
#8127 = CARTESIAN_POINT ( 'NONE',  ( 485.0000000000000000, 0.000000000000000000, -15.00000000000012434 ) ) ;
#8128 = DIRECTION ( 'NONE',  ( -4.440892098500626162E-16, 6.938893903907225296E-18, -1.000000000000000000 ) ) ;
#8129 = VERTEX_POINT ( 'NONE', #2371 ) ;
#8130 = EDGE_CURVE ( 'NONE', #2223, #3090, #6582, .T. ) ;
#8131 = DIRECTION ( 'NONE',  ( 0.000000000000000000, 0.000000000000000000, -1.000000000000000000 ) ) ;
#8132 = DIRECTION ( 'NONE',  ( -0.000000000000000000, 1.000000000000000000, -0.000000000000000000 ) ) ;
#8133 = ORIENTED_EDGE ( 'NONE', *, *, #8882, .T. ) ;
#8134 = DIRECTION ( 'NONE',  ( -9.860761315262643189E-32, -1.000000000000000000, -6.938893903907225296E-18 ) ) ;
#8135 = SHAPE_REPRESENTATION_RELATIONSHIP ( 'NONE' , 'NONE' ,  #1937, #8066 ) ;
#8136 = SHAPE_REPRESENTATION ( 'A760250-PATASXXXBA', ( #2670 ), #7247 ) ;
#8137 = AXIS2_PLACEMENT_3D ( 'NONE', #4684, #3176, #6927 ) ;
#8138 = CARTESIAN_POINT ( 'NONE',  ( 62.99999999999997158, 155.0000000000000000, 15.49999999999999822 ) ) ;
#8139 = CARTESIAN_POINT ( 'NONE',  ( 46.00000000000004263, 36.00000000000002842, 9.000000000000007105 ) ) ;
#8140 = ORIENTED_EDGE ( 'NONE', *, *, #3328, .F. ) ;
#8141 = EDGE_CURVE ( 'NONE', #7704, #5119, #5778, .T. ) ;
#8142 = CARTESIAN_POINT ( 'NONE',  ( 672.0000000000001137, 190.0000000000000000, 0.000000000000000000 ) ) ;
#8143 = DIRECTION ( 'NONE',  ( 1.000000000000000000, 0.000000000000000000, 0.000000000000000000 ) ) ;
#8144 = CARTESIAN_POINT ( 'NONE',  ( 122.0000000000003268, 41.99999999999997868, 9.000000000000007105 ) ) ;
#8145 = ORIENTED_EDGE ( 'NONE', *, *, #7142, .F. ) ;
#8146 = ADVANCED_FACE ( 'NONE', ( #2180 ), #3916, .F. ) ;
#8147 = DIRECTION ( 'NONE',  ( 0.000000000000000000, 0.000000000000000000, -1.000000000000000000 ) ) ;
#8148 = EDGE_LOOP ( 'NONE', ( #2633, #5121, #8688, #7501 ) ) ;
#8149 = ORIENTED_EDGE ( 'NONE', *, *, #94, .T. ) ;
#8150 = DIRECTION ( 'NONE',  ( 0.000000000000000000, 0.000000000000000000, 1.000000000000000000 ) ) ;
#8151 = AXIS2_PLACEMENT_3D ( 'NONE', #8428, #5495, #6985 ) ;
#8152 = CARTESIAN_POINT ( 'NONE',  ( -6.938893903907228378E-15, 191.9999999999999432, 4.000000000000003553 ) ) ;
#8153 = ORIENTED_EDGE ( 'NONE', *, *, #2116, .T. ) ;
#8154 = ORIENTED_EDGE ( 'NONE', *, *, #8655, .F. ) ;
#8155 = CARTESIAN_POINT ( 'NONE',  ( 213.9999999999999716, 272.0000000000000000, -3.000000000000113687 ) ) ;
#8156 = EDGE_CURVE ( 'NONE', #4089, #1430, #3691, .T. ) ;
#8157 = EDGE_LOOP ( 'NONE', ( #1678, #5810, #2732, #7804 ) ) ;
#8158 = DIRECTION ( 'NONE',  ( 1.000000000000000000, 0.000000000000000000, 0.000000000000000000 ) ) ;
#8159 = EDGE_CURVE ( 'NONE', #7382, #5017, #51, .T. ) ;
#8160 = DIRECTION ( 'NONE',  ( 1.000000000000000000, 0.000000000000000000, 0.000000000000000000 ) ) ;
#8161 = AXIS2_PLACEMENT_3D ( 'NONE', #1267, #7088, #2629 ) ;
#8162 = CARTESIAN_POINT ( 'NONE',  ( 50.00000000000004263, 298.0000000000004547, 9.000000000000007105 ) ) ;
#8163 = DIRECTION ( 'NONE',  ( -0.000000000000000000, -0.000000000000000000, -1.000000000000000000 ) ) ;
#8164 = CARTESIAN_POINT ( 'NONE',  ( 451.9999999999998863, 335.9999999999999432, 4.000000000000114575 ) ) ;
#8165 = EDGE_LOOP ( 'NONE', ( #5013, #9120, #8387, #6182 ) ) ;
#8166 = DIRECTION ( 'NONE',  ( 1.000000000000000000, 0.000000000000000000, 0.000000000000000000 ) ) ;
#8167 = CARTESIAN_POINT ( 'NONE',  ( 458.4999999999999432, 302.0000000000000000, 11.49999999999995737 ) ) ;
#8168 = ORIENTED_EDGE ( 'NONE', *, *, #3660, .F. ) ;
#8169 = CARTESIAN_POINT ( 'NONE',  ( 373.0000000000000000, 323.0000000000000000, -15.00000000000012434 ) ) ;
#8170 = DIRECTION ( 'NONE',  ( 0.000000000000000000, 0.000000000000000000, -1.000000000000000000 ) ) ;
#8171 = VECTOR ( 'NONE', #7074, 1000.000000000000000 ) ;
#8172 = FACE_BOUND ( 'NONE', #7151, .T. ) ;
#8173 = ORIENTED_EDGE ( 'NONE', *, *, #947, .F. ) ;
#8174 = CARTESIAN_POINT ( 'NONE',  ( -6.938893903907228378E-15, 380.0000000000000000, 0.000000000000000000 ) ) ;
#8175 = EDGE_CURVE ( 'NONE', #5834, #1820, #8202, .T. ) ;
#8176 = DIRECTION ( 'NONE',  ( 1.000000000000000000, 0.000000000000000000, -0.000000000000000000 ) ) ;
#8177 = AXIS2_PLACEMENT_3D ( 'NONE', #6692, #4482, #1592 ) ;
#8178 = PRODUCT_DEFINITION ( 'UNKNOWN', '', #6518, #1212 ) ;
#8179 = EDGE_LOOP ( 'NONE', ( #6681, #61, #3792, #5945 ) ) ;
#8180 = LINE ( 'NONE', #6556, #4833 ) ;
#8181 = LINE ( 'NONE', #1670, #851 ) ;
#8182 = LINE ( 'NONE', #2742, #5978 ) ;
#8183 = ORIENTED_EDGE ( 'NONE', *, *, #3783, .T. ) ;
#8184 = DIRECTION ( 'NONE',  ( -1.000000000000000000, 0.000000000000000000, 0.000000000000000000 ) ) ;
#8185 = AXIS2_PLACEMENT_3D ( 'NONE', #3394, #2618, #3991 ) ;
#8186 = EDGE_CURVE ( 'NONE', #9616, #1419, #1711, .T. ) ;
#8187 = DIRECTION ( 'NONE',  ( -1.000000000000000000, 0.000000000000000000, 0.000000000000000000 ) ) ;
#8188 = DIRECTION ( 'NONE',  ( 1.000000000000000000, 9.860761315262647568E-32, 4.440892098500629120E-16 ) ) ;
#8189 = COLOUR_RGB ( '',1.000000000000000000, 1.000000000000000000, 1.000000000000000000 ) ;
#8190 = LINE ( 'NONE', #8065, #741 ) ;
#8191 = DIRECTION ( 'NONE',  ( -9.860761315262643189E-32, -1.000000000000000000, -6.938893903907225296E-18 ) ) ;
#8192 = ADVANCED_FACE ( 'NONE', ( #5670 ), #9631, .F. ) ;
#8193 = PLANE ( 'NONE',  #9623 ) ;
#8194 = FACE_OUTER_BOUND ( 'NONE', #313, .T. ) ;
#8195 = CIRCLE ( 'NONE', #4505, 2.500000000000002220 ) ;
#8196 = EDGE_CURVE ( 'NONE', #6316, #923, #4494, .T. ) ;
#8197 = VECTOR ( 'NONE', #9632, 1000.000000000000000 ) ;
#8198 = SHAPE_REPRESENTATION ( 'Pata 190', ( #2670 ), #8364 ) ;
#8199 = PRODUCT_DEFINITION_SHAPE ( 'NONE', 'NONE',  #2233 ) ;
#8200 = CYLINDRICAL_SURFACE ( 'NONE', #8650, 2.499999999999946709 ) ;
#8201 = AXIS2_PLACEMENT_3D ( 'NONE', #8589, #5224, #3083 ) ;
#8202 = LINE ( 'NONE', #3154, #9037 ) ;
#8203 = DIRECTION ( 'NONE',  ( 0.000000000000000000, 0.000000000000000000, 1.000000000000000000 ) ) ;
#8204 = CARTESIAN_POINT ( 'NONE',  ( 149.9999999999999716, 47.99999999999998579, 15.00000000000001421 ) ) ;
#8205 = CARTESIAN_POINT ( 'NONE',  ( 46.00000000000004263, 48.00000000000009948, 9.000000000000007105 ) ) ;
#8206 = VECTOR ( 'NONE', #5887, 1000.000000000000000 ) ;
#8207 = ORIENTED_EDGE ( 'NONE', *, *, #4520, .T. ) ;
#8208 = FACE_OUTER_BOUND ( 'NONE', #7183, .T. ) ;
#8209 = VECTOR ( 'NONE', #5585, 1000.000000000000000 ) ;
#8210 = CARTESIAN_POINT ( 'NONE',  ( 0.000000000000000000, 190.0000000000000000, 0.000000000000000000 ) ) ;
#8211 = EDGE_CURVE ( 'NONE', #3183, #8226, #3915, .T. ) ;
#8212 = ORIENTED_EDGE ( 'NONE', *, *, #7046, .T. ) ;
#8213 = LINE ( 'NONE', #99, #8332 ) ;
#8214 = DIRECTION ( 'NONE',  ( 0.000000000000000000, -0.000000000000000000, 1.000000000000000000 ) ) ;
#8215 = ORIENTED_EDGE ( 'NONE', *, *, #4546, .T. ) ;
#8216 = DIRECTION ( 'NONE',  ( 0.000000000000000000, 0.000000000000000000, 1.000000000000000000 ) ) ;
#8217 = VERTEX_POINT ( 'NONE', #179 ) ;
#8218 = CARTESIAN_POINT ( 'NONE',  ( 40.00000000000006395, 1.734723475976807094E-15, 19.99999999999998934 ) ) ;
#8219 = VECTOR ( 'NONE', #7363, 1000.000000000000000 ) ;
#8220 = DIRECTION ( 'NONE',  ( 0.000000000000000000, 0.000000000000000000, -1.000000000000000000 ) ) ;
#8221 = CARTESIAN_POINT ( 'NONE',  ( 767.4999999999998863, 60.00000000000012079, 15.00000000000006928 ) ) ;
#8222 = PLANE ( 'NONE',  #5631 ) ;
#8223 = EDGE_LOOP ( 'NONE', ( #3248, #1612, #9473, #3315 ) ) ;
#8224 = FACE_OUTER_BOUND ( 'NONE', #2105, .T. ) ;
#8225 = ORIENTED_EDGE ( 'NONE', *, *, #6090, .T. ) ;
#8226 = VERTEX_POINT ( 'NONE', #7101 ) ;
#8227 = DIRECTION ( 'NONE',  ( 0.000000000000000000, 0.000000000000000000, -1.000000000000000000 ) ) ;
#8228 = ORIENTED_EDGE ( 'NONE', *, *, #7967, .F. ) ;
#8229 = VECTOR ( 'NONE', #101, 1000.000000000000000 ) ;
#8230 = FACE_OUTER_BOUND ( 'NONE', #8456, .T. ) ;
#8231 = CARTESIAN_POINT ( 'NONE',  ( 451.9999999999999432, 240.0000000000001137, 4.000000000000003553 ) ) ;
#8232 = CARTESIAN_POINT ( 'NONE',  ( 457.4269269584413564, 305.8663328592067501, 8.559794278224609698 ) ) ;
#8233 = COLOUR_RGB ( '',1.000000000000000000, 1.000000000000000000, 1.000000000000000000 ) ;
#8234 = AXIS2_PLACEMENT_3D ( 'NONE', #5612, #1146, #7097 ) ;
#8235 = CLOSED_SHELL ( 'NONE', ( #3214, #2387, #6988, #2235, #2671, #1074, #8299, #4838, #1540, #8608, #1694, #466, #842, #4263, #525, #7699, #344, #4913 ) ) ;
#8236 = CIRCLE ( 'NONE', #2231, 2.500000000000002220 ) ;
#8237 = STYLED_ITEM ( 'NONE', ( #7223 ), #8066 ) ;
#8238 = VERTEX_POINT ( 'NONE', #4767 ) ;
#8239 = ORIENTED_EDGE ( 'NONE', *, *, #9629, .F. ) ;
#8240 = DIRECTION ( 'NONE',  ( 0.000000000000000000, 0.000000000000000000, -1.000000000000000000 ) ) ;
#8241 = CARTESIAN_POINT ( 'NONE',  ( 338.4999999999999432, 323.0000000000000000, -15.00000000000012434 ) ) ;
#8242 = DIRECTION ( 'NONE',  ( -0.000000000000000000, -0.000000000000000000, -1.000000000000000000 ) ) ;
#8243 = LINE ( 'NONE', #5610, #5363 ) ;
#8244 = CARTESIAN_POINT ( 'NONE',  ( 451.9999999999999432, 284.0000000000000568, 4.000000000000225597 ) ) ;
#8245 = DIRECTION ( 'NONE',  ( 0.000000000000000000, 0.000000000000000000, -1.000000000000000000 ) ) ;
#8246 = ORIENTED_EDGE ( 'NONE', *, *, #6630, .F. ) ;
#8247 = PLANE ( 'NONE',  #8837 ) ;
#8248 = EDGE_CURVE ( 'NONE', #1805, #7333, #5893, .T. ) ;
#8249 = DIRECTION ( 'NONE',  ( 1.000000000000000000, 0.000000000000000000, 0.000000000000000000 ) ) ;
#8250 = PLANE ( 'NONE',  #1279 ) ;
#8251 = DIRECTION ( 'NONE',  ( 1.000000000000000000, 0.000000000000000000, 0.000000000000000000 ) ) ;
#8252 = EDGE_LOOP ( 'NONE', ( #7987, #7940, #7433, #6250 ) ) ;
#8253 = DIRECTION ( 'NONE',  ( 0.000000000000000000, 0.000000000000000000, 1.000000000000000000 ) ) ;
#8254 = ADVANCED_FACE ( 'NONE', ( #3807 ), #2299, .F. ) ;
#8255 = CARTESIAN_POINT ( 'NONE',  ( 128.0000000000000000, 190.0000000000000000, 12.00000000000001066 ) ) ;
#8256 = EDGE_CURVE ( 'NONE', #8345, #5372, #6248, .T. ) ;
#8257 = VERTEX_POINT ( 'NONE', #6973 ) ;
#8258 = DIRECTION ( 'NONE',  ( -0.000000000000000000, -0.000000000000000000, -1.000000000000000000 ) ) ;
#8259 = EDGE_CURVE ( 'NONE', #8270, #3420, #876, .T. ) ;
#8260 = DIRECTION ( 'NONE',  ( -1.000000000000000000, -2.739037067331802103E-16, 0.000000000000000000 ) ) ;
#8261 = ORIENTED_EDGE ( 'NONE', *, *, #4686, .T. ) ;
#8262 = DIRECTION ( 'NONE',  ( -0.000000000000000000, -0.000000000000000000, -1.000000000000000000 ) ) ;
#8263 = FILL_AREA_STYLE ('',( #7462 ) ) ;
#8264 = ORIENTED_EDGE ( 'NONE', *, *, #2207, .T. ) ;
#8265 = DIRECTION ( 'NONE',  ( -1.000000000000000000, 0.000000000000000000, 0.000000000000000000 ) ) ;
#8266 = AXIS2_PLACEMENT_3D ( 'NONE', #2696, #6308, #2601 ) ;
#8267 = DIRECTION ( 'NONE',  ( -1.000000000000000000, -0.000000000000000000, -0.000000000000000000 ) ) ;
#8268 = DIRECTION ( 'NONE',  ( -4.440892098500626162E-16, 6.938893903907225296E-18, -1.000000000000000000 ) ) ;
#8269 = DIRECTION ( 'NONE',  ( 0.000000000000000000, 0.000000000000000000, -1.000000000000000000 ) ) ;
#8270 = VERTEX_POINT ( 'NONE', #1809 ) ;
#8271 = CARTESIAN_POINT ( 'NONE',  ( 451.9999999999998863, 332.0000000000001705, 0.000000000000000000 ) ) ;
#8272 = DIRECTION ( 'NONE',  ( 0.000000000000000000, 0.000000000000000000, 1.000000000000000000 ) ) ;
#8273 = CARTESIAN_POINT ( 'NONE',  ( 680.0000000000012506, 298.0000000000004547, 15.00000000000001421 ) ) ;
#8274 = ORIENTED_EDGE ( 'NONE', *, *, #3327, .F. ) ;
#8275 = CARTESIAN_POINT ( 'NONE',  ( 451.9999999999999432, 91.99999999999985789, 4.000000000000225597 ) ) ;
#8276 = ORIENTED_EDGE ( 'NONE', *, *, #3332, .F. ) ;
#8277 = SHAPE_REPRESENTATION ( 'SimetríaA760250-COSTADOSCOST', ( #2670 ), #893 ) ;
#8278 = EDGE_CURVE ( 'NONE', #5505, #6037, #1957, .T. ) ;
#8279 = FACE_OUTER_BOUND ( 'NONE', #7613, .T. ) ;
#8280 = EDGE_CURVE ( 'NONE', #5587, #240, #160, .T. ) ;
#8281 = EDGE_LOOP ( 'NONE', ( #1773, #4441 ) ) ;
#8282 = CARTESIAN_POINT ( 'NONE',  ( 469.2791522340548340, 337.2193787511251912, -15.00000000000012434 ) ) ;
#8283 = EDGE_CURVE ( 'NONE', #8096, #3960, #7627, .T. ) ;
#8284 = CARTESIAN_POINT ( 'NONE',  ( 114.4999999999999858, 323.0000000000000000, 15.00000000000001421 ) ) ;
#8285 = VERTEX_POINT ( 'NONE', #370 ) ;
#8286 = AXIS2_PLACEMENT_3D ( 'NONE', #3626, #587, #4357 ) ;
#8287 = ADVANCED_FACE ( 'NONE', ( #7509 ), #7050, .F. ) ;
#8288 = AXIS2_PLACEMENT_3D ( 'NONE', #5286, #813, #7558 ) ;
#8289 = DIRECTION ( 'NONE',  ( 1.000000000000000000, 0.000000000000000000, -0.000000000000000000 ) ) ;
#8290 = CARTESIAN_POINT ( 'NONE',  ( 0.000000000000000000, 0.000000000000000000, 0.000000000000000000 ) ) ;
#8291 = CARTESIAN_POINT ( 'NONE',  ( 458.0185965569544919, 304.6509577983651411, 4.493635309432157499 ) ) ;
#8292 = FACE_BOUND ( 'NONE', #9208, .T. ) ;
#8293 = VECTOR ( 'NONE', #1839, 1000.000000000000000 ) ;
#8294 = EDGE_LOOP ( 'NONE', ( #2682, #8873 ) ) ;
#8295 = CARTESIAN_POINT ( 'NONE',  ( -6.938893903907228378E-15, 380.0000000000000000, 0.000000000000000000 ) ) ;
#8296 = ORIENTED_EDGE ( 'NONE', *, *, #5473, .F. ) ;
#8297 = CARTESIAN_POINT ( 'NONE',  ( 213.9999999999999716, 47.99999999999998579, -3.000000000000113687 ) ) ;
#8298 = DIRECTION ( 'NONE',  ( 0.000000000000000000, 0.000000000000000000, 1.000000000000000000 ) ) ;
#8299 = ADVANCED_FACE ( 'NONE', ( #1591 ), #3380, .F. ) ;
#8300 = EDGE_CURVE ( 'NONE', #3366, #8444, #2070, .T. ) ;
#8301 = DIRECTION ( 'NONE',  ( -0.000000000000000000, 0.000000000000000000, 1.000000000000000000 ) ) ;
#8302 = LINE ( 'NONE', #6397, #148 ) ;
#8303 = DIRECTION ( 'NONE',  ( -7.304098846218142556E-16, -1.000000000000000000, 0.000000000000000000 ) ) ;
#8304 = ORIENTED_EDGE ( 'NONE', *, *, #2394, .T. ) ;
#8305 = CARTESIAN_POINT ( 'NONE',  ( 149.9999999999999716, 47.99999999999998579, 15.00000000000001421 ) ) ;
#8306 = FACE_OUTER_BOUND ( 'NONE', #692, .T. ) ;
#8307 = DIRECTION ( 'NONE',  ( 0.000000000000000000, 0.000000000000000000, 1.000000000000000000 ) ) ;
#8308 = VECTOR ( 'NONE', #2603, 1000.000000000000000 ) ;
#8309 = STYLED_ITEM ( 'NONE', ( #8672 ), #2346 ) ;
#8310 = DIRECTION ( 'NONE',  ( 1.000000000000000000, 0.000000000000000000, 0.000000000000000000 ) ) ;
#8311 = VECTOR ( 'NONE', #8269, 1000.000000000000000 ) ;
#8312 = LINE ( 'NONE', #6925, #513 ) ;
#8313 = FACE_OUTER_BOUND ( 'NONE', #9657, .T. ) ;
#8314 = FILL_AREA_STYLE_COLOUR ( '', #3512 ) ;
#8315 = AXIS2_PLACEMENT_3D ( 'NONE', #8876, #6639, #2237 ) ;
#8316 = CARTESIAN_POINT ( 'NONE',  ( 122.0000000000005542, 298.0000000000002842, 15.00000000000001421 ) ) ;
#8317 = VERTEX_POINT ( 'NONE', #9336 ) ;
#8318 = EDGE_CURVE ( 'NONE', #4892, #6947, #5085, .T. ) ;
#8319 = LINE ( 'NONE', #6614, #5439 ) ;
#8320 = DIRECTION ( 'NONE',  ( -0.000000000000000000, -0.000000000000000000, -1.000000000000000000 ) ) ;
#8321 = ORIENTED_EDGE ( 'NONE', *, *, #7854, .F. ) ;
#8322 = AXIS2_PLACEMENT_3D ( 'NONE', #5307, #5217, #6057 ) ;
#8323 = VERTEX_POINT ( 'NONE', #8494 ) ;
#8324 = FACE_BOUND ( 'NONE', #945, .T. ) ;
#8325 = DIRECTION ( 'NONE',  ( 0.000000000000000000, 0.000000000000000000, 1.000000000000000000 ) ) ;
#8326 = CIRCLE ( 'NONE', #9494, 4.000000000000003553 ) ;
#8327 = CARTESIAN_POINT ( 'NONE',  ( 458.2260347795408393, 75.97875377295711985, 4.038470298588609175 ) ) ;
#8328 = CARTESIAN_POINT ( 'NONE',  ( 1.163414459189985485E-15, 195.0000000000000000, 9.500000000000000000 ) ) ;
#8329 = EDGE_LOOP ( 'NONE', ( #1520, #5600 ) ) ;
#8330 = PLANE ( 'NONE',  #1770 ) ;
#8331 = ORIENTED_EDGE ( 'NONE', *, *, #2661, .F. ) ;
#8332 = VECTOR ( 'NONE', #2485, 1000.000000000000000 ) ;
#8333 = AXIS2_PLACEMENT_3D ( 'NONE', #3850, #5296, #3970 ) ;
#8334 = ORIENTED_EDGE ( 'NONE', *, *, #8013, .F. ) ;
#8335 = CARTESIAN_POINT ( 'NONE',  ( 4.000000000000000000, 78.00000000000001421, 0.000000000000000000 ) ) ;
#8336 = VERTEX_POINT ( 'NONE', #6294 ) ;
#8337 = CYLINDRICAL_SURFACE ( 'NONE', #4875, 7.500000000000007105 ) ;
#8338 = EDGE_CURVE ( 'NONE', #6666, #2576, #1120, .T. ) ;
#8339 = SHAPE_DEFINITION_REPRESENTATION ( #4949, #7005 ) ;
#8340 = DIRECTION ( 'NONE',  ( 0.000000000000000000, 0.000000000000000000, 1.000000000000000000 ) ) ;
#8341 = EDGE_CURVE ( 'NONE', #9661, #1625, #2663, .T. ) ;
#8342 = ORIENTED_EDGE ( 'NONE', *, *, #7048, .T. ) ;
#8343 = LINE ( 'NONE', #693, #6284 ) ;
#8344 = CARTESIAN_POINT ( 'NONE',  ( 485.0000000000000000, 78.00000000000001421, -11.49999999999984723 ) ) ;
#8345 = VERTEX_POINT ( 'NONE', #5016 ) ;
#8346 = EDGE_LOOP ( 'NONE', ( #2196, #7320, #4438, #7245 ) ) ;
#8347 = ORIENTED_EDGE ( 'NONE', *, *, #850, .F. ) ;
#8348 = DIRECTION ( 'NONE',  ( -0.000000000000000000, 0.000000000000000000, 1.000000000000000000 ) ) ;
#8349 = CIRCLE ( 'NONE', #164, 3.000000000000002665 ) ;
#8350 = ADVANCED_FACE ( 'NONE', ( #8791 ), #2417, .F. ) ;
#8351 = CARTESIAN_POINT ( 'NONE',  ( 353.9999999999999432, 362.0000000000001137, 15.00000000000012434 ) ) ;
#8352 = PRODUCT_CONTEXT ( 'NONE', #1608, 'mechanical' ) ;
#8353 = ORIENTED_EDGE ( 'NONE', *, *, #9048, .F. ) ;
#8354 = LINE ( 'NONE', #4541, #4653 ) ;
#8355 = PRODUCT_DEFINITION_CONTEXT ( 'detailed design', #9129, 'design' ) ;
#8356 = DIRECTION ( 'NONE',  ( -0.000000000000000000, -0.000000000000000000, -1.000000000000000000 ) ) ;
#8357 = EDGE_LOOP ( 'NONE', ( #180, #5763, #9073, #7463 ) ) ;
#8358 = DIRECTION ( 'NONE',  ( -0.000000000000000000, -0.000000000000000000, -1.000000000000000000 ) ) ;
#8359 = ORIENTED_EDGE ( 'NONE', *, *, #3069, .T. ) ;
#8360 = CARTESIAN_POINT ( 'NONE',  ( 128.0000000000005684, 298.0000000000002842, 15.00000000000001421 ) ) ;
#8361 = CARTESIAN_POINT ( 'NONE',  ( 458.4999999999999432, 302.0000000000000000, 3.499999999999947597 ) ) ;
#8362 = EDGE_CURVE ( 'NONE', #4039, #2704, #6359, .T. ) ;
#8363 = AXIS2_PLACEMENT_3D ( 'NONE', #7277, #8037, #2849 ) ;
#8364 =( GEOMETRIC_REPRESENTATION_CONTEXT ( 3 ) GLOBAL_UNCERTAINTY_ASSIGNED_CONTEXT ( ( #1615 ) ) GLOBAL_UNIT_ASSIGNED_CONTEXT ( ( #2011, #9561, #9487 ) ) REPRESENTATION_CONTEXT ( 'NONE', 'WORKASPACE' ) );
#8365 = ORIENTED_EDGE ( 'NONE', *, *, #9325, .F. ) ;
#8366 = CARTESIAN_POINT ( 'NONE',  ( 114.4999999999999858, 323.0000000000000000, -14.00000000000001243 ) ) ;
#8367 = ORIENTED_EDGE ( 'NONE', *, *, #4763, .T. ) ;
#8368 = CARTESIAN_POINT ( 'NONE',  ( 457.8720355837428428, 74.98946995438375041, 10.14617222310624989 ) ) ;
#8369 = DIRECTION ( 'NONE',  ( 1.000000000000000000, -6.384082245258276637E-20, 0.000000000000000000 ) ) ;
#8370 = DIRECTION ( 'NONE',  ( 0.000000000000000000, 1.000000000000000000, 0.000000000000000000 ) ) ;
#8371 = CARTESIAN_POINT ( 'NONE',  ( 442.2089883689056933, 348.1640233375465527, -15.00000000000012434 ) ) ;
#8372 = ORIENTED_EDGE ( 'NONE', *, *, #2229, .T. ) ;
#8373 = EDGE_CURVE ( 'NONE', #6655, #714, #397, .T. ) ;
#8374 = DIRECTION ( 'NONE',  ( 0.000000000000000000, 0.000000000000000000, -1.000000000000000000 ) ) ;
#8375 = DIRECTION ( 'NONE',  ( -0.000000000000000000, 0.000000000000000000, 1.000000000000000000 ) ) ;
#8376 = CARTESIAN_POINT ( 'NONE',  ( -5.551115123125782702E-14, 47.99999999999982236, 4.000000000000003553 ) ) ;
#8377 = ORIENTED_EDGE ( 'NONE', *, *, #5006, .F. ) ;
#8378 = ADVANCED_FACE ( 'NONE', ( #5555 ), #6511, .T. ) ;
#8379 = ORIENTED_EDGE ( 'NONE', *, *, #4860, .F. ) ;
#8380 = PLANE ( 'NONE',  #9121 ) ;
#8381 = EDGE_CURVE ( 'NONE', #5415, #4756, #4968, .T. ) ;
#8382 = ORIENTED_EDGE ( 'NONE', *, *, #2810, .F. ) ;
#8383 = PRODUCT_CONTEXT ( 'NONE', #3920, 'mechanical' ) ;
#8384 = UNCERTAINTY_MEASURE_WITH_UNIT (LENGTH_MEASURE( 1.000000000000000082E-05 ), #7868, 'distance_accuracy_value', 'NONE');
#8385 = AXIS2_PLACEMENT_3D ( 'NONE', #875, #1648, #6797 ) ;
#8386 = DIRECTION ( 'NONE',  ( 0.000000000000000000, 0.000000000000000000, -1.000000000000000000 ) ) ;
#8387 = ORIENTED_EDGE ( 'NONE', *, *, #8872, .F. ) ;
#8388 = DIRECTION ( 'NONE',  ( -1.000000000000000000, 0.000000000000000000, 0.000000000000000000 ) ) ;
#8389 = EDGE_LOOP ( 'NONE', ( #3818, #5534, #6431, #1285, #6799, #1797 ) ) ;
#8390 = CARTESIAN_POINT ( 'NONE',  ( 458.4302519308008073, 300.9467119336185306, -3.632101255688625407 ) ) ;
#8391 = DIRECTION ( 'NONE',  ( -1.000000000000000000, -9.860761315262647568E-32, -4.440892098500629120E-16 ) ) ;
#8392 = CARTESIAN_POINT ( 'NONE',  ( 366.9999999999999432, 362.0000000000001137, 3.000000000000107914 ) ) ;
#8393 = VERTEX_POINT ( 'NONE', #4983 ) ;
#8394 = ORIENTED_EDGE ( 'NONE', *, *, #6907, .T. ) ;
#8395 = AXIS2_PLACEMENT_3D ( 'NONE', #5274, #3076, #8245 ) ;
#8396 = CARTESIAN_POINT ( 'NONE',  ( 149.9999999999999716, 272.0000000000000000, 3.000000000000002665 ) ) ;
#8397 = CARTESIAN_POINT ( 'NONE',  ( 458.2271227098324289, 75.98256464803488086, 10.96380621849311332 ) ) ;
#8398 = ORIENTED_EDGE ( 'NONE', *, *, #5319, .T. ) ;
#8399 = DIRECTION ( 'NONE',  ( 0.000000000000000000, 0.000000000000000000, -1.000000000000000000 ) ) ;
#8400 = ADVANCED_FACE ( 'NONE', ( #3241, #7396, #8194 ), #7248, .T. ) ;
#8401 = FILL_AREA_STYLE ('',( #1734 ) ) ;
#8402 = ORIENTED_EDGE ( 'NONE', *, *, #1395, .T. ) ;
#8403 = CARTESIAN_POINT ( 'NONE',  ( 8.000000000000007105, 302.0000000000000568, 15.00000000000001421 ) ) ;
#8404 = CARTESIAN_POINT ( 'NONE',  ( 62.99999999999997158, 195.0000000000000000, 15.49999999999999822 ) ) ;
#8405 = LINE ( 'NONE', #6129, #4249 ) ;
#8406 = LINE ( 'NONE', #8505, #257 ) ;
#8407 = DIRECTION ( 'NONE',  ( 9.860761315262643189E-32, 1.000000000000000000, 6.938893903907225296E-18 ) ) ;
#8408 = ORIENTED_EDGE ( 'NONE', *, *, #2787, .F. ) ;
#8409 = DIRECTION ( 'NONE',  ( 0.000000000000000000, 1.000000000000000000, 0.000000000000000000 ) ) ;
#8410 = EDGE_LOOP ( 'NONE', ( #5715, #4081 ) ) ;
#8411 = DIRECTION ( 'NONE',  ( -4.440892098500626162E-16, 6.938893903907225296E-18, -1.000000000000000000 ) ) ;
#8412 = EDGE_CURVE ( 'NONE', #4660, #696, #6712, .T. ) ;
#8413 = CARTESIAN_POINT ( 'NONE',  ( 0.000000000000000000, 0.000000000000000000, 31.00000000000000000 ) ) ;
#8414 = CARTESIAN_POINT ( 'NONE',  ( 451.9999999999998863, -2.220446049250313081E-13, 15.00000000000012434 ) ) ;
#8415 = EDGE_CURVE ( 'NONE', #4323, #5572, #7407, .T. ) ;
#8416 = ORIENTED_EDGE ( 'NONE', *, *, #44, .T. ) ;
#8417 = APPLICATION_PROTOCOL_DEFINITION ( 'draft international standard', 'automotive_design', 1998, #3250 ) ;
#8418 = LINE ( 'NONE', #9191, #3557 ) ;
#8419 = CIRCLE ( 'NONE', #96, 7.500000000000007105 ) ;
#8420 = ORIENTED_EDGE ( 'NONE', *, *, #4180, .F. ) ;
#8421 =( NAMED_UNIT ( * ) PLANE_ANGLE_UNIT ( ) SI_UNIT ( $, .RADIAN. ) );
#8422 =( GEOMETRIC_REPRESENTATION_CONTEXT ( 3 ) GLOBAL_UNCERTAINTY_ASSIGNED_CONTEXT ( ( #8384 ) ) GLOBAL_UNIT_ASSIGNED_CONTEXT ( ( #7868, #4184, #9338 ) ) REPRESENTATION_CONTEXT ( 'NONE', 'WORKASPACE' ) );
#8423 = CARTESIAN_POINT ( 'NONE',  ( 0.000000000000000000, 0.000000000000000000, -14.00000000000001243 ) ) ;
#8424 = CARTESIAN_POINT ( 'NONE',  ( 0.000000000000000000, 0.000000000000000000, 0.000000000000000000 ) ) ;
#8425 = CYLINDRICAL_SURFACE ( 'NONE', #3238, 3.000000000000002665 ) ;
#8426 = SHAPE_REPRESENTATION ( 'A760250-COSTADOSCO', ( #2670 ), #4775 ) ;
#8427 = LINE ( 'NONE', #3006, #2648 ) ;
#8428 = CARTESIAN_POINT ( 'NONE',  ( 88.00000000000052580, 266.0000000000003411, 15.00000000000001421 ) ) ;
#8429 = CARTESIAN_POINT ( 'NONE',  ( 125.0000000000000000, 190.0000000000000000, 15.00000000000001421 ) ) ;
#8430 = ADVANCED_FACE ( 'NONE', ( #8431 ), #1725, .F. ) ;
#8431 = FACE_OUTER_BOUND ( 'NONE', #1059, .T. ) ;
#8432 = CARTESIAN_POINT ( 'NONE',  ( 88.00000000000052580, 42.00000000000003553, 15.00000000000001421 ) ) ;
#8433 = DIRECTION ( 'NONE',  ( 0.000000000000000000, 0.000000000000000000, -1.000000000000000000 ) ) ;
#8434 = EDGE_CURVE ( 'NONE', #2092, #902, #3230, .T. ) ;
#8435 = CARTESIAN_POINT ( 'NONE',  ( 0.000000000000000000, 0.000000000000000000, 15.00000000000001421 ) ) ;
#8436 = CYLINDRICAL_SURFACE ( 'NONE', #5456, 2.500000000000002220 ) ;
#8437 = AXIS2_PLACEMENT_3D ( 'NONE', #8558, #5520, #4057 ) ;
#8438 = FACE_BOUND ( 'NONE', #7007, .T. ) ;
#8439 = VECTOR ( 'NONE', #5347, 1000.000000000000000 ) ;
#8440 = CARTESIAN_POINT ( 'NONE',  ( 88.00000000000052580, 298.0000000000003979, 9.000000000000007105 ) ) ;
#8441 = CIRCLE ( 'NONE', #1994, 4.000000000000006217 ) ;
#8442 = CARTESIAN_POINT ( 'NONE',  ( 598.0000000000010232, 48.00000000000004263, 9.000000000000007105 ) ) ;
#8443 = LINE ( 'NONE', #3656, #163 ) ;
#8444 = VERTEX_POINT ( 'NONE', #4951 ) ;
#8445 = DIRECTION ( 'NONE',  ( -4.440892098500626162E-16, 6.938893903907225296E-18, -1.000000000000000000 ) ) ;
#8446 = CARTESIAN_POINT ( 'NONE',  ( 98.00000000000005684, 362.0000000000001137, 15.00000000000012434 ) ) ;
#8447 = FACE_OUTER_BOUND ( 'NONE', #927, .T. ) ;
#8448 = EDGE_CURVE ( 'NONE', #8028, #7889, #3009, .T. ) ;
#8449 = DIRECTION ( 'NONE',  ( 1.000000000000000000, 0.000000000000000000, 0.000000000000000000 ) ) ;
#8450 = ADVANCED_FACE ( 'NONE', ( #7168 ), #2291, .F. ) ;
#8451 = DIRECTION ( 'NONE',  ( 0.000000000000000000, 0.000000000000000000, -1.000000000000000000 ) ) ;
#8452 = ORIENTED_EDGE ( 'NONE', *, *, #6389, .T. ) ;
#8453 = APPLICATION_CONTEXT ( 'automotive_design' ) ;
#8454 = ORIENTED_EDGE ( 'NONE', *, *, #8448, .T. ) ;
#8455 = DIRECTION ( 'NONE',  ( 1.000000000000000000, 0.000000000000000000, 0.000000000000000000 ) ) ;
#8456 = EDGE_LOOP ( 'NONE', ( #5853, #3773, #4447, #3763 ) ) ;
#8457 = CIRCLE ( 'NONE', #7099, 2.500000000000002220 ) ;
#8458 = DIRECTION ( 'NONE',  ( -0.000000000000000000, 0.000000000000000000, 1.000000000000000000 ) ) ;
#8459 = DIRECTION ( 'NONE',  ( 0.000000000000000000, -1.000000000000000000, 0.000000000000000000 ) ) ;
#8460 = VECTOR ( 'NONE', #1319, 1000.000000000000000 ) ;
#8461 = CARTESIAN_POINT ( 'NONE',  ( 0.000000000000000000, 0.000000000000000000, 0.000000000000000000 ) ) ;
#8462 = PLANE ( 'NONE',  #5475 ) ;
#8463 = EDGE_LOOP ( 'NONE', ( #9077, #3320, #1075, #2171 ) ) ;
#8464 = SHAPE_REPRESENTATION ( 'A760250-PUERTASXPT', ( #2670 ), #8422 ) ;
#8465 = LINE ( 'NONE', #8834, #8709 ) ;
#8466 = MECHANICAL_DESIGN_GEOMETRIC_PRESENTATION_REPRESENTATION (  '', ( #7956 ), #3688 ) ;
#8467 = ORIENTED_EDGE ( 'NONE', *, *, #2757, .F. ) ;
#8468 = VERTEX_POINT ( 'NONE', #7950 ) ;
#8469 = EDGE_LOOP ( 'NONE', ( #1346, #6022 ) ) ;
#8470 = CARTESIAN_POINT ( 'NONE',  ( 674.0000000000010232, 36.00000000000014211, 9.000000000000007105 ) ) ;
#8471 = ORIENTED_EDGE ( 'NONE', *, *, #172, .T. ) ;
#8472 = CIRCLE ( 'NONE', #6589, 3.000000000000004441 ) ;
#8473 = CARTESIAN_POINT ( 'NONE',  ( 457.8709385527712925, 74.98698098706019266, 4.856669544190578947 ) ) ;
#8474 = CYLINDRICAL_SURFACE ( 'NONE', #6672, 4.000000000000017764 ) ;
#8475 = CARTESIAN_POINT ( 'NONE',  ( 98.00000000000005684, 362.0000000000001137, 15.00000000000012434 ) ) ;
#8476 = CARTESIAN_POINT ( 'NONE',  ( 451.9999999999999432, 236.0000000000000000, 4.000000000000114575 ) ) ;
#8477 = AXIS2_PLACEMENT_3D ( 'NONE', #6520, #2835, #5904 ) ;
#8478 = DIRECTION ( 'NONE',  ( 1.000000000000000000, 0.000000000000000000, 0.000000000000000000 ) ) ;
#8479 = EDGE_LOOP ( 'NONE', ( #8017, #6968, #4631, #7117 ) ) ;
#8480 = LINE ( 'NONE', #1533, #83 ) ;
#8481 = VERTEX_POINT ( 'NONE', #4924 ) ;
#8482 = DIRECTION ( 'NONE',  ( -1.000000000000000000, 0.000000000000000000, 0.000000000000000000 ) ) ;
#8483 = EDGE_LOOP ( 'NONE', ( #1905, #2906, #663, #7757 ) ) ;
#8484 = EDGE_CURVE ( 'NONE', #5421, #856, #4723, .T. ) ;
#8485 = EDGE_CURVE ( 'NONE', #3829, #8524, #6701, .T. ) ;
#8486 = DIRECTION ( 'NONE',  ( 1.000000000000000000, 0.000000000000000000, 0.000000000000000000 ) ) ;
#8487 = CIRCLE ( 'NONE', #1061, 2.500000000000002220 ) ;
#8488 = EDGE_CURVE ( 'NONE', #5413, #8285, #5767, .T. ) ;
#8489 = CARTESIAN_POINT ( 'NONE',  ( 458.4999999999999432, 78.00000000000001421, 11.49999999999995737 ) ) ;
#8490 = CARTESIAN_POINT ( 'NONE',  ( 451.9999999999999432, 96.00000000000008527, 4.000000000000447642 ) ) ;
#8491 = AXIS2_PLACEMENT_3D ( 'NONE', #571, #2178, #2936 ) ;
#8492 = VERTEX_POINT ( 'NONE', #6417 ) ;
#8493 = ADVANCED_FACE ( 'NONE', ( #3464 ), #556, .F. ) ;
#8494 = CARTESIAN_POINT ( 'NONE',  ( 720.0000000000010232, 340.0000000000004547, 15.00000000000001421 ) ) ;
#8495 = DIRECTION ( 'NONE',  ( -0.000000000000000000, 0.000000000000000000, 1.000000000000000000 ) ) ;
#8496 = CARTESIAN_POINT ( 'NONE',  ( 457.7949956088453405, 81.17861389013809514, -5.058155604052813281 ) ) ;
#8497 = ORIENTED_EDGE ( 'NONE', *, *, #5747, .F. ) ;
#8498 = EDGE_CURVE ( 'NONE', #1878, #5595, #2538, .T. ) ;
#8499 = AXIS2_PLACEMENT_3D ( 'NONE', #658, #2914, #5886 ) ;
#8500 = ORIENTED_EDGE ( 'NONE', *, *, #5735, .T. ) ;
#8501 = CARTESIAN_POINT ( 'NONE',  ( 8.000000000000007105, 78.00000000000001421, 15.00000000000001421 ) ) ;
#8502 = PLANE ( 'NONE',  #5012 ) ;
#8503 = ORIENTED_EDGE ( 'NONE', *, *, #2205, .T. ) ;
#8504 = ADVANCED_FACE ( 'NONE', ( #1005 ), #1343, .T. ) ;
#8505 = CARTESIAN_POINT ( 'NONE',  ( 85.50000000000052580, 74.00000000000007105, 15.00000000000001421 ) ) ;
#8506 = ORIENTED_EDGE ( 'NONE', *, *, #5678, .T. ) ;
#8507 = DIRECTION ( 'NONE',  ( 0.000000000000000000, 0.000000000000000000, 1.000000000000000000 ) ) ;
#8508 = AXIS2_PLACEMENT_3D ( 'NONE', #6450, #6482, #9406 ) ;
#8509 = DIRECTION ( 'NONE',  ( -1.000000000000000000, 0.000000000000000000, 0.000000000000000000 ) ) ;
#8510 = ORIENTED_EDGE ( 'NONE', *, *, #8484, .F. ) ;
#8511 = DIRECTION ( 'NONE',  ( 1.000000000000000000, 0.000000000000000000, 0.000000000000000000 ) ) ;
#8512 = DIRECTION ( 'NONE',  ( -1.000000000000000000, 0.000000000000000000, 0.000000000000000000 ) ) ;
#8513 = ORIENTED_EDGE ( 'NONE', *, *, #2893, .T. ) ;
#8514 = DIRECTION ( 'NONE',  ( 1.000000000000000000, 0.000000000000000000, 0.000000000000000000 ) ) ;
#8515 = CARTESIAN_POINT ( 'NONE',  ( 46.00000000000004263, 298.0000000000004547, 15.00000000000001421 ) ) ;
#8516 = EDGE_CURVE ( 'NONE', #557, #3390, #4957, .T. ) ;
#8517 = VERTEX_POINT ( 'NONE', #1420 ) ;
#8518 = AXIS2_PLACEMENT_3D ( 'NONE', #3817, #4558, #1668 ) ;
#8519 =( NAMED_UNIT ( * ) SI_UNIT ( $, .STERADIAN. ) SOLID_ANGLE_UNIT ( ) );
#8520 = CARTESIAN_POINT ( 'NONE',  ( 458.2866928170456617, 79.79285709400294024, -3.914816764090612633 ) ) ;
#8521 = DIRECTION ( 'NONE',  ( 0.000000000000000000, 0.000000000000000000, -1.000000000000000000 ) ) ;
#8522 = CARTESIAN_POINT ( 'NONE',  ( -6.938893903907228378E-15, 380.0000000000000000, 0.000000000000000000 ) ) ;
#8523 = COLOUR_RGB ( '',1.000000000000000000, 1.000000000000000000, 1.000000000000000000 ) ;
#8524 = VERTEX_POINT ( 'NONE', #9585 ) ;
#8525 = AXIS2_PLACEMENT_3D ( 'NONE', #9036, #6134, #3900 ) ;
#8526 = EDGE_LOOP ( 'NONE', ( #2338, #462, #649, #3282 ) ) ;
#8527 = CARTESIAN_POINT ( 'NONE',  ( 670.0000000000010232, 298.0000000000005684, 15.00000000000001421 ) ) ;
#8528 = ADVANCED_FACE ( 'NONE', ( #8686 ), #8917, .F. ) ;
#8529 = CARTESIAN_POINT ( 'NONE',  ( 122.0000000000005542, 298.0000000000002842, 9.000000000000007105 ) ) ;
#8530 = CARTESIAN_POINT ( 'NONE',  ( 152.4999999999999716, 47.99999999999998579, -15.00000000000012434 ) ) ;
#8531 =( LENGTH_UNIT ( ) NAMED_UNIT ( * ) SI_UNIT ( .MILLI., .METRE. ) );
#8532 = LINE ( 'NONE', #2937, #9248 ) ;
#8533 = EDGE_CURVE ( 'NONE', #1184, #6497, #4027, .T. ) ;
#8534 = CYLINDRICAL_SURFACE ( 'NONE', #9635, 3.000000000000004441 ) ;
#8535 = ORIENTED_EDGE ( 'NONE', *, *, #8580, .F. ) ;
#8536 = DIRECTION ( 'NONE',  ( 1.000000000000000000, 0.000000000000000000, 0.000000000000000000 ) ) ;
#8537 = EDGE_CURVE ( 'NONE', #8238, #3384, #6935, .T. ) ;
#8538 = DIRECTION ( 'NONE',  ( 0.000000000000000000, 0.000000000000000000, -1.000000000000000000 ) ) ;
#8539 = ORIENTED_EDGE ( 'NONE', *, *, #3796, .T. ) ;
#8540 = DIRECTION ( 'NONE',  ( -1.000000000000000000, 0.000000000000000000, 0.000000000000000000 ) ) ;
#8541 = CIRCLE ( 'NONE', #210, 3.000000000000004441 ) ;
#8542 = CARTESIAN_POINT ( 'NONE',  ( 0.000000000000000000, 302.0000000000000000, 4.499999999999947597 ) ) ;
#8543 = CIRCLE ( 'NONE', #5454, 4.000000000000017764 ) ;
#8544 = ORIENTED_EDGE ( 'NONE', *, *, #390, .T. ) ;
#8545 = DIRECTION ( 'NONE',  ( 0.000000000000000000, 0.000000000000000000, -1.000000000000000000 ) ) ;
#8546 = PRODUCT_DEFINITION_SHAPE ( 'NONE', 'NONE',  #9693 ) ;
#8547 = CARTESIAN_POINT ( 'NONE',  ( 117.0000000000000000, 323.0000000000000000, 14.00000000000001243 ) ) ;
#8548 = ADVANCED_FACE ( 'NONE', ( #1482 ), #2772, .F. ) ;
#8549 = CARTESIAN_POINT ( 'NONE',  ( 443.4999999999999432, 78.00000000000001421, 1.499999999999945821 ) ) ;
#8550 = FACE_OUTER_BOUND ( 'NONE', #2700, .T. ) ;
#8551 = VECTOR ( 'NONE', #9387, 1000.000000000000000 ) ;
#8552 = AXIS2_PLACEMENT_3D ( 'NONE', #533, #5091, #8852 ) ;
#8553 = FACE_OUTER_BOUND ( 'NONE', #3399, .T. ) ;
#8554 =( NAMED_UNIT ( * ) SI_UNIT ( $, .STERADIAN. ) SOLID_ANGLE_UNIT ( ) );
#8555 = PRESENTATION_LAYER_ASSIGNMENT (  '', '', ( #7443 ) ) ;
#8556 = CARTESIAN_POINT ( 'NONE',  ( 457.7954076220174784, 74.82223860358128320, -5.056956085018210700 ) ) ;
#8557 = PLANE ( 'NONE',  #2570 ) ;
#8558 = CARTESIAN_POINT ( 'NONE',  ( 792.0000000000000000, 302.0000000000000000, 2.000000000000001776 ) ) ;
#8559 = VECTOR ( 'NONE', #494, 1000.000000000000000 ) ;
#8560 = DIRECTION ( 'NONE',  ( -1.000000000000000000, 0.000000000000000000, 0.000000000000000000 ) ) ;
#8561 = LINE ( 'NONE', #2357, #6585 ) ;
#8562 = VECTOR ( 'NONE', #904, 1000.000000000000000 ) ;
#8563 = LINE ( 'NONE', #8072, #504 ) ;
#8564 = DIRECTION ( 'NONE',  ( 1.000000000000000000, 0.000000000000000000, 0.000000000000000000 ) ) ;
#8565 = DIRECTION ( 'NONE',  ( 0.000000000000000000, 0.000000000000000000, -1.000000000000000000 ) ) ;
#8566 = DIRECTION ( 'NONE',  ( 1.000000000000000000, 9.860761315262647568E-32, 4.440892098500629120E-16 ) ) ;
#8567 = EDGE_CURVE ( 'NONE', #685, #6882, #9419, .T. ) ;
#8568 = DIRECTION ( 'NONE',  ( 0.000000000000000000, 0.000000000000000000, 1.000000000000000000 ) ) ;
#8569 = EDGE_LOOP ( 'NONE', ( #5145, #1669 ) ) ;
#8570 = CIRCLE ( 'NONE', #968, 3.000000000000002665 ) ;
#8571 = CARTESIAN_POINT ( 'NONE',  ( 54.00000000000006395, 298.0000000000004547, 9.000000000000007105 ) ) ;
#8572 = ORIENTED_EDGE ( 'NONE', *, *, #7302, .F. ) ;
#8573 = DIRECTION ( 'NONE',  ( 0.000000000000000000, 0.000000000000000000, 1.000000000000000000 ) ) ;
#8574 = CLOSED_SHELL ( 'NONE', ( #5543, #2764, #7148, #3545, #7769, #1297, #7582, #1798, #4011, #3358, #7817, #5149, #4564, #4808, #5971, #9160, #1489, #5408, #1823, #145, #7745, #5776, #5102, #1949, #3490, #4066, #2491, #7003, #3339, #4298, #9558, #231, #7910, #4310, #6223, #1247, #2020, #2817, #7629, #9351 ) ) ;
#8575 = FACE_BOUND ( 'NONE', #1194, .T. ) ;
#8576 = FACE_OUTER_BOUND ( 'NONE', #3486, .T. ) ;
#8577 = PLANE ( 'NONE',  #7039 ) ;
#8578 = ORIENTED_EDGE ( 'NONE', *, *, #2116, .F. ) ;
#8579 = ORIENTED_EDGE ( 'NONE', *, *, #2840, .T. ) ;
#8580 = EDGE_CURVE ( 'NONE', #1375, #5849, #9408, .T. ) ;
#8581 = CIRCLE ( 'NONE', #7378, 3.000000000000004441 ) ;
#8582 = ORIENTED_EDGE ( 'NONE', *, *, #400, .F. ) ;
#8583 = AXIS2_PLACEMENT_3D ( 'NONE', #6837, #9123, #7605 ) ;
#8584 = VERTEX_POINT ( 'NONE', #1966 ) ;
#8585 = CIRCLE ( 'NONE', #4049, 4.000000000000007105 ) ;
#8586 = ADVANCED_FACE ( 'NONE', ( #2783 ), #3799, .F. ) ;
#8587 = CYLINDRICAL_SURFACE ( 'NONE', #424, 6.000000000000005329 ) ;
#8588 = CARTESIAN_POINT ( 'NONE',  ( 450.9999999999999432, 78.00000000000001421, -15.00000000000012434 ) ) ;
#8589 = CARTESIAN_POINT ( 'NONE',  ( 88.00000000000052580, 42.00000000000003553, 9.000000000000007105 ) ) ;
#8590 = VERTEX_POINT ( 'NONE', #7788 ) ;
#8591 =( NAMED_UNIT ( * ) SI_UNIT ( $, .STERADIAN. ) SOLID_ANGLE_UNIT ( ) );
#8592 = AXIS2_PLACEMENT_3D ( 'NONE', #6461, #7339, #5815 ) ;
#8593 = VERTEX_POINT ( 'NONE', #4162 ) ;
#8594 = VERTEX_POINT ( 'NONE', #3363 ) ;
#8595 = DIRECTION ( 'NONE',  ( -0.000000000000000000, 0.000000000000000000, 1.000000000000000000 ) ) ;
#8596 = ORIENTED_EDGE ( 'NONE', *, *, #5836, .F. ) ;
#8597 = CARTESIAN_POINT ( 'NONE',  ( 458.3865322955416559, 76.69404237452374673, -11.28311722838797948 ) ) ;
#8598 = DIRECTION ( 'NONE',  ( 1.000000000000000000, 0.000000000000000000, 0.000000000000000000 ) ) ;
#8599 = DIRECTION ( 'NONE',  ( -0.000000000000000000, -0.000000000000000000, -1.000000000000000000 ) ) ;
#8600 = LINE ( 'NONE', #6817, #4411 ) ;
#8601 = CARTESIAN_POINT ( 'NONE',  ( 40.00000000000003553, 78.00000000000001421, -10.49999999999984368 ) ) ;
#8602 = ORIENTED_EDGE ( 'NONE', *, *, #7233, .F. ) ;
#8603 = CIRCLE ( 'NONE', #2845, 4.000000000000003553 ) ;
#8604 = DIRECTION ( 'NONE',  ( 0.000000000000000000, 0.000000000000000000, 1.000000000000000000 ) ) ;
#8605 = CARTESIAN_POINT ( 'NONE',  ( 0.000000000000000000, 91.99999999999963052, 4.000000000000003553 ) ) ;
#8606 = ORIENTED_EDGE ( 'NONE', *, *, #8811, .T. ) ;
#8607 = DIRECTION ( 'NONE',  ( -0.000000000000000000, 0.000000000000000000, 1.000000000000000000 ) ) ;
#8608 = ADVANCED_FACE ( 'NONE', ( #993 ), #7180, .F. ) ;
#8609 = DIRECTION ( 'NONE',  ( -1.000000000000000000, 0.000000000000000000, 0.000000000000000000 ) ) ;
#8610 = B_SPLINE_CURVE_WITH_KNOTS ( 'NONE', 3,
 ( #7296, #8027, #3609, #4373, #1455, #7365, #5774, #4337, #8785, #2934, #7964, #4404, #639, #8732, #600, #8056, #6522, #6647, #3637, #6678, #4432, #6749, #7392, #5942, #5998, #3030, #1552, #3743, #8919, #711, #1484, #7483, #2304, #2964 ),
 .UNSPECIFIED., .F., .F.,
 ( 4, 2, 2, 2, 2, 2, 2, 2, 2, 2, 2, 2, 2, 2, 2, 2, 4 ),
 ( 0.01275821409129078605, 0.01355384654690228695, 0.01434947900251378611, 0.01514511145812528700, 0.01594074391373678790, 0.01673637636934828879, 0.01753200882495978968, 0.01832764128057129058, 0.01912327373618279147, 0.01991890619179428890, 0.02071453864740578632, 0.02151017110301728374, 0.02230580355862878117, 0.02310143601424027859, 0.02389706846985177602, 0.02469270092546327344, 0.02548833338107477087 ),
 .UNSPECIFIED. ) ;
#8611 = AXIS2_PLACEMENT_3D ( 'NONE', #3122, #6944, #928 ) ;
#8612 = DIRECTION ( 'NONE',  ( 1.000000000000000000, 0.000000000000000000, 0.000000000000000000 ) ) ;
#8613 = CARTESIAN_POINT ( 'NONE',  ( 451.9999999999998863, -2.220446049250313081E-13, 15.00000000000012434 ) ) ;
#8614 = COLOUR_RGB ( '',1.000000000000000000, 1.000000000000000000, 1.000000000000000000 ) ;
#8615 = ORIENTED_EDGE ( 'NONE', *, *, #5960, .F. ) ;
#8616 = VERTEX_POINT ( 'NONE', #2161 ) ;
#8617 = EDGE_CURVE ( 'NONE', #682, #7368, #5195, .T. ) ;
#8618 = EDGE_CURVE ( 'NONE', #8481, #1879, #7181, .T. ) ;
#8619 = DIRECTION ( 'NONE',  ( 1.000000000000000000, 0.000000000000000000, 0.000000000000000000 ) ) ;
#8620 = EDGE_CURVE ( 'NONE', #8593, #8986, #744, .T. ) ;
#8621 = AXIS2_PLACEMENT_3D ( 'NONE', #2296, #8121, #768 ) ;
#8622 = AXIS2_PLACEMENT_3D ( 'NONE', #4774, #6911, #6232 ) ;
#8623 = DIRECTION ( 'NONE',  ( -0.000000000000000000, -0.000000000000000000, 1.000000000000000000 ) ) ;
#8624 = ORIENTED_EDGE ( 'NONE', *, *, #5900, .T. ) ;
#8625 = DIRECTION ( 'NONE',  ( 0.000000000000000000, 0.000000000000000000, 1.000000000000000000 ) ) ;
#8626 = SURFACE_STYLE_USAGE ( .BOTH. , #4145 ) ;
#8627 = ORIENTED_EDGE ( 'NONE', *, *, #1707, .F. ) ;
#8628 = CARTESIAN_POINT ( 'NONE',  ( 40.00000000000003553, 78.00000000000001421, -4.499999999999836575 ) ) ;
#8629 = CARTESIAN_POINT ( 'NONE',  ( 457.3441915583384798, 73.99984581478018697, -7.628838827406033474 ) ) ;
#8630 = DIRECTION ( 'NONE',  ( 0.000000000000000000, 0.000000000000000000, -1.000000000000000000 ) ) ;
#8631 = ORIENTED_EDGE ( 'NONE', *, *, #4690, .F. ) ;
#8632 = EDGE_CURVE ( 'NONE', #3538, #5863, #4487, .T. ) ;
#8633 = DIRECTION ( 'NONE',  ( -1.000000000000000000, 0.000000000000000000, 0.000000000000000000 ) ) ;
#8634 = ORIENTED_EDGE ( 'NONE', *, *, #807, .F. ) ;
#8635 = ORIENTED_EDGE ( 'NONE', *, *, #4007, .F. ) ;
#8636 = ADVANCED_FACE ( 'NONE', ( #1824 ), #425, .F. ) ;
#8637 = DIRECTION ( 'NONE',  ( -4.440892098500626162E-16, 6.938893903907225296E-18, -1.000000000000000000 ) ) ;
#8638 = CARTESIAN_POINT ( 'NONE',  ( 458.3891574431507934, 303.3084958320307578, -11.28912691129599466 ) ) ;
#8639 = ORIENTED_EDGE ( 'NONE', *, *, #1392, .F. ) ;
#8640 = ORIENTED_EDGE ( 'NONE', *, *, #450, .F. ) ;
#8641 = DIRECTION ( 'NONE',  ( -9.860761315262643189E-32, -1.000000000000000000, -6.938893903907225296E-18 ) ) ;
#8643 = VERTEX_POINT ( 'NONE', #2002 ) ;
#8642 = DIRECTION ( 'NONE',  ( -9.860761315262643189E-32, -1.000000000000000000, -6.938893903907225296E-18 ) ) ;
#8644 = MANIFOLD_SOLID_BREP ( 'Cortar-Extruir4', #527 ) ;
#8645 = EDGE_CURVE ( 'NONE', #5228, #4660, #3475, .T. ) ;
#8646 = CARTESIAN_POINT ( 'NONE',  ( 0.000000000000000000, 380.0000000000000000, 15.00000000000001421 ) ) ;
#8647 = VERTEX_POINT ( 'NONE', #8571 ) ;
#8648 = DIRECTION ( 'NONE',  ( 0.000000000000000000, 0.000000000000000000, 1.000000000000000000 ) ) ;
#8649 = VERTEX_POINT ( 'NONE', #4129 ) ;
#8650 = AXIS2_PLACEMENT_3D ( 'NONE', #1109, #6388, #1310 ) ;
#8651 = DIRECTION ( 'NONE',  ( 0.000000000000000000, 0.000000000000000000, -1.000000000000000000 ) ) ;
#8652 = ADVANCED_FACE ( 'NONE', ( #6475 ), #6117, .F. ) ;
#8653 = DIRECTION ( 'NONE',  ( 0.000000000000000000, 0.000000000000000000, 1.000000000000000000 ) ) ;
#8654 = LINE ( 'NONE', #7149, #22 ) ;
#8655 = EDGE_CURVE ( 'NONE', #1430, #6156, #1837, .T. ) ;
#8656 = EDGE_LOOP ( 'NONE', ( #541, #6370, #6724, #143 ) ) ;
#8657 = AXIS2_PLACEMENT_3D ( 'NONE', #4682, #7534, #8272 ) ;
#8658 = CARTESIAN_POINT ( 'NONE',  ( 458.5000000000000568, 77.73004862906371670, -3.499999999999837463 ) ) ;
#8659 = CARTESIAN_POINT ( 'NONE',  ( 122.0000000000005542, 298.0000000000002842, 15.00000000000001421 ) ) ;
#8660 = ORIENTED_EDGE ( 'NONE', *, *, #7794, .F. ) ;
#8661 = CARTESIAN_POINT ( 'NONE',  ( 720.0000000000010232, 0.000000000000000000, 15.00000000000001421 ) ) ;
#8662 = CIRCLE ( 'NONE', #18, 2.499999999999946709 ) ;
#8663 = ORIENTED_EDGE ( 'NONE', *, *, #1618, .F. ) ;
#8664 = CIRCLE ( 'NONE', #1786, 13.00000000000001066 ) ;
#8665 = LINE ( 'NONE', #2720, #6229 ) ;
#8666 = AXIS2_PLACEMENT_3D ( 'NONE', #2939, #8093, #5103 ) ;
#8667 = ORIENTED_EDGE ( 'NONE', *, *, #7269, .T. ) ;
#8668 = CARTESIAN_POINT ( 'NONE',  ( 451.9999999999999432, 48.00000000000004263, 4.000000000000114575 ) ) ;
#8669 = CARTESIAN_POINT ( 'NONE',  ( 458.4853289147479245, 302.5365885835695963, -11.47267639197865208 ) ) ;
#8670 = EDGE_CURVE ( 'NONE', #2703, #9370, #5318, .T. ) ;
#8671 = DIRECTION ( 'NONE',  ( 9.860761315262643189E-32, 1.000000000000000000, 6.938893903907225296E-18 ) ) ;
#8672 = PRESENTATION_STYLE_ASSIGNMENT (( #9303 ) ) ;
#8673 = EDGE_CURVE ( 'NONE', #1793, #5860, #1594, .T. ) ;
#8674 = CIRCLE ( 'NONE', #2824, 2.500000000000002220 ) ;
#8675 = AXIS2_PLACEMENT_3D ( 'NONE', #8808, #666, #1903 ) ;
#8676 = VECTOR ( 'NONE', #7912, 1000.000000000000000 ) ;
#8677 = VECTOR ( 'NONE', #5498, 1000.000000000000000 ) ;
#8678 = DIRECTION ( 'NONE',  ( -0.000000000000000000, 1.000000000000000000, -0.000000000000000000 ) ) ;
#8679 = FACE_OUTER_BOUND ( 'NONE', #8223, .T. ) ;
#8680 = PRODUCT_DEFINITION_SHAPE ( 'NONE', 'NONE',  #1728 ) ;
#8681 = CIRCLE ( 'NONE', #8315, 2.499999999999946709 ) ;
#8682 = ADVANCED_FACE ( 'NONE', ( #2551 ), #5086, .F. ) ;
#8683 = DIRECTION ( 'NONE',  ( 0.000000000000000000, 0.000000000000000000, 1.000000000000000000 ) ) ;
#8684 = FACE_OUTER_BOUND ( 'NONE', #1545, .T. ) ;
#8685 = EDGE_CURVE ( 'NONE', #4530, #6637, #5671, .T. ) ;
#8686 = FACE_OUTER_BOUND ( 'NONE', #570, .T. ) ;
#8687 = AXIS2_PLACEMENT_3D ( 'NONE', #1374, #618, #5077 ) ;
#8688 = ORIENTED_EDGE ( 'NONE', *, *, #5189, .F. ) ;
#8689 =( LENGTH_UNIT ( ) NAMED_UNIT ( * ) SI_UNIT ( .MILLI., .METRE. ) );
#8690 = FACE_BOUND ( 'NONE', #7645, .T. ) ;
#8691 = CARTESIAN_POINT ( 'NONE',  ( 458.2260347795408393, 75.97875377295717669, -4.038470298588483054 ) ) ;
#8692 = FACE_OUTER_BOUND ( 'NONE', #5643, .T. ) ;
#8693 = CARTESIAN_POINT ( 'NONE',  ( 84.99999999999997158, 323.0000000000000000, 15.00000000000001421 ) ) ;
#8694 = CARTESIAN_POINT ( 'NONE',  ( 796.0000000000000000, 301.9999999999999432, 15.00000000000001421 ) ) ;
#8695 = ORIENTED_EDGE ( 'NONE', *, *, #8373, .T. ) ;
#8696 = FACE_BOUND ( 'NONE', #6855, .T. ) ;
#8697 = ORIENTED_EDGE ( 'NONE', *, *, #6451, .T. ) ;
#8698 = DIRECTION ( 'NONE',  ( 1.000000000000000000, 0.000000000000000000, 0.000000000000000000 ) ) ;
#8699 = VERTEX_POINT ( 'NONE', #2949 ) ;
#8700 = FACE_OUTER_BOUND ( 'NONE', #7926, .T. ) ;
#8701 = VECTOR ( 'NONE', #4876, 999.9999999999998863 ) ;
#8702 = AXIS2_PLACEMENT_3D ( 'NONE', #6200, #7807, #6299 ) ;
#8703 = CARTESIAN_POINT ( 'NONE',  ( 796.0000000000000000, 301.9999999999999432, 0.000000000000000000 ) ) ;
#8704 = ADVANCED_FACE ( 'NONE', ( #3809 ), #2063, .F. ) ;
#8705 = EDGE_CURVE ( 'NONE', #7309, #7608, #9281, .T. ) ;
#8706 = DIRECTION ( 'NONE',  ( 0.000000000000000000, 0.000000000000000000, 1.000000000000000000 ) ) ;
#8707 = DIRECTION ( 'NONE',  ( 1.000000000000000000, 0.000000000000000000, 0.000000000000000000 ) ) ;
#8708 = ORIENTED_EDGE ( 'NONE', *, *, #1671, .T. ) ;
#8709 = VECTOR ( 'NONE', #4344, 1000.000000000000000 ) ;
#8710 = ORIENTED_EDGE ( 'NONE', *, *, #4747, .F. ) ;
#8711 = ORIENTED_EDGE ( 'NONE', *, *, #116, .T. ) ;
#8712 = ORIENTED_EDGE ( 'NONE', *, *, #8673, .T. ) ;
#8713 = ORIENTED_EDGE ( 'NONE', *, *, #4436, .T. ) ;
#8714 = CYLINDRICAL_SURFACE ( 'NONE', #404, 6.000000000000005329 ) ;
#8715 = CARTESIAN_POINT ( 'NONE',  ( 767.4999999999998863, 46.00000000000005684, 10.50000000000006395 ) ) ;
#8716 = LINE ( 'NONE', #6007, #4647 ) ;
#8717 = EDGE_CURVE ( 'NONE', #5059, #4302, #2182, .T. ) ;
#8718 = CARTESIAN_POINT ( 'NONE',  ( 485.0000000000000000, 380.0000000000000000, 15.00000000000001421 ) ) ;
#8719 = VERTEX_POINT ( 'NONE', #6531 ) ;
#8720 = CIRCLE ( 'NONE', #6696, 2.499999999999946709 ) ;
#8721 = AXIS2_PLACEMENT_3D ( 'NONE', #2, #8265, #2313 ) ;
#8722 = ORIENTED_EDGE ( 'NONE', *, *, #1186, .F. ) ;
#8723 = VERTEX_POINT ( 'NONE', #2880 ) ;
#8724 = CARTESIAN_POINT ( 'NONE',  ( 152.4999999999999716, 47.99999999999998579, 15.00000000000001421 ) ) ;
#8725 = VECTOR ( 'NONE', #519, 1000.000000000000000 ) ;
#8726 = DIRECTION ( 'NONE',  ( -1.000000000000000000, 0.000000000000000000, 0.000000000000000000 ) ) ;
#8727 = AXIS2_PLACEMENT_3D ( 'NONE', #1363, #7114, #5138 ) ;
#8728 = CARTESIAN_POINT ( 'NONE',  ( 451.9999999999999432, 284.0000000000000568, 4.000000000000225597 ) ) ;
#8729 = ORIENTED_EDGE ( 'NONE', *, *, #4727, .T. ) ;
#8730 = CARTESIAN_POINT ( 'NONE',  ( 458.4999999999999432, 302.0000000000000000, -15.00000000000012434 ) ) ;
#8731 = EDGE_CURVE ( 'NONE', #5984, #3506, #511, .T. ) ;
#8732 = CARTESIAN_POINT ( 'NONE',  ( 457.4739305752833047, 81.78833172880896996, 8.809773601527197684 ) ) ;
#8733 = ADVANCED_FACE ( 'NONE', ( #7284 ), #1440, .T. ) ;
#8734 = CARTESIAN_POINT ( 'NONE',  ( 54.56410256410254078, 190.0000000000000000, 31.00000000000000000 ) ) ;
#8735 = DIRECTION ( 'NONE',  ( 0.000000000000000000, 0.000000000000000000, 1.000000000000000000 ) ) ;
#8736 = ORIENTED_EDGE ( 'NONE', *, *, #2345, .T. ) ;
#8737 = CARTESIAN_POINT ( 'NONE',  ( 353.9999999999999432, 361.9999999999998863, 3.000000000000113687 ) ) ;
#8738 = ORIENTED_EDGE ( 'NONE', *, *, #850, .T. ) ;
#8739 = DIRECTION ( 'NONE',  ( 0.000000000000000000, 0.000000000000000000, -1.000000000000000000 ) ) ;
#8740 = ORIENTED_EDGE ( 'NONE', *, *, #1780, .F. ) ;
#8741 = DIRECTION ( 'NONE',  ( -0.000000000000000000, 0.000000000000000000, 1.000000000000000000 ) ) ;
#8742 = AXIS2_PLACEMENT_3D ( 'NONE', #615, #753, #4481 ) ;
#8743 = ORIENTED_EDGE ( 'NONE', *, *, #9674, .F. ) ;
#8744 = AXIS2_PLACEMENT_3D ( 'NONE', #529, #7201, #7927 ) ;
#8745 = DIRECTION ( 'NONE',  ( -0.000000000000000000, 0.000000000000000000, -1.000000000000000000 ) ) ;
#8746 = ADVANCED_FACE ( 'NONE', ( #4265 ), #5894, .F. ) ;
#8747 = ORIENTED_EDGE ( 'NONE', *, *, #2534, .T. ) ;
#8748 =( NAMED_UNIT ( * ) SI_UNIT ( $, .STERADIAN. ) SOLID_ANGLE_UNIT ( ) );
#8749 = CARTESIAN_POINT ( 'NONE',  ( 0.000000000000000000, 0.000000000000000000, -3.000000000000113687 ) ) ;
#8750 = DIRECTION ( 'NONE',  ( 0.000000000000000000, 0.000000000000000000, -1.000000000000000000 ) ) ;
#8751 = VERTEX_POINT ( 'NONE', #3685 ) ;
#8752 = EDGE_CURVE ( 'NONE', #1419, #6987, #3352, .T. ) ;
#8753 = EDGE_LOOP ( 'NONE', ( #6380, #9455, #9193, #8207 ) ) ;
#8754 = CARTESIAN_POINT ( 'NONE',  ( -6.938893903907228378E-15, 96.00000000000008527, 4.000000000000003553 ) ) ;
#8755 = DIRECTION ( 'NONE',  ( 1.000000000000000000, 0.000000000000000000, 0.000000000000000000 ) ) ;
#8756 = CARTESIAN_POINT ( 'NONE',  ( 8.000000000000007105, 78.00000000000001421, 15.00000000000001421 ) ) ;
#8757 = CARTESIAN_POINT ( 'NONE',  ( 457.3445397373841388, 305.9996019473580873, -7.771201993719793144 ) ) ;
#8758 = LINE ( 'NONE', #8476, #6782 ) ;
#8759 = DIRECTION ( 'NONE',  ( 0.000000000000000000, 0.000000000000000000, -1.000000000000000000 ) ) ;
#8760 = EDGE_LOOP ( 'NONE', ( #611, #5800, #3891, #183 ) ) ;
#8761 = FILL_AREA_STYLE_COLOUR ( '', #860 ) ;
#8762 = DIRECTION ( 'NONE',  ( 0.000000000000000000, 0.000000000000000000, 1.000000000000000000 ) ) ;
#8763 = EDGE_CURVE ( 'NONE', #6732, #4171, #8793, .T. ) ;
#8764 = ORIENTED_EDGE ( 'NONE', *, *, #3109, .F. ) ;
#8765 = AXIS2_PLACEMENT_3D ( 'NONE', #4492, #8253, #3059 ) ;
#8766 = DIRECTION ( 'NONE',  ( 0.000000000000000000, -1.000000000000000000, 0.000000000000000000 ) ) ;
#8767 = CARTESIAN_POINT ( 'NONE',  ( 485.0000000000000000, 302.0000000000000000, 3.499999999999944933 ) ) ;
#8768 = ORIENTED_EDGE ( 'NONE', *, *, #7606, .T. ) ;
#8769 = LINE ( 'NONE', #8435, #1215 ) ;
#8770 = CARTESIAN_POINT ( 'NONE',  ( 54.00000000000006395, 298.0000000000004547, 0.000000000000000000 ) ) ;
#8771 = CIRCLE ( 'NONE', #6942, 13.00000000000001066 ) ;
#8772 = ORIENTED_EDGE ( 'NONE', *, *, #7686, .F. ) ;
#8773 = DIRECTION ( 'NONE',  ( 1.000000000000000000, 0.000000000000000000, 0.000000000000000000 ) ) ;
#8774 = CARTESIAN_POINT ( 'NONE',  ( 472.2791522340548340, 337.2193787511251912, 15.00000000000001421 ) ) ;
#8775 = DIRECTION ( 'NONE',  ( 1.000000000000000000, 0.000000000000000000, -0.000000000000000000 ) ) ;
#8776 = ORIENTED_EDGE ( 'NONE', *, *, #272, .T. ) ;
#8777 = CIRCLE ( 'NONE', #507, 6.000000000000005329 ) ;
#8778 = CIRCLE ( 'NONE', #6565, 2.499999999999995115 ) ;
#8779 = EDGE_LOOP ( 'NONE', ( #4688, #8119 ) ) ;
#8780 = ORIENTED_EDGE ( 'NONE', *, *, #4318, .T. ) ;
#8781 = VECTOR ( 'NONE', #3456, 1000.000000000000000 ) ;
#8782 = AXIS2_PLACEMENT_3D ( 'NONE', #334, #7041, #5496 ) ;
#8783 = DIRECTION ( 'NONE',  ( 1.063509062417436605E-18, -1.000000000000000000, 0.000000000000000000 ) ) ;
#8784 = VECTOR ( 'NONE', #4812, 1000.000000000000000 ) ;
#8785 = CARTESIAN_POINT ( 'NONE',  ( 458.0180923321901219, 80.65225727307043257, 10.50517054499695213 ) ) ;
#8786 = DIRECTION ( 'NONE',  ( -1.000000000000000000, 0.000000000000000000, 0.000000000000000000 ) ) ;
#8787 = ADVANCED_FACE ( 'NONE', ( #1714 ), #3583, .F. ) ;
#8788 = EDGE_CURVE ( 'NONE', #4643, #3497, #2302, .T. ) ;
#8789 = EDGE_CURVE ( 'NONE', #4426, #7145, #4038, .T. ) ;
#8790 = CARTESIAN_POINT ( 'NONE',  ( 451.9999999999998863, 187.9999999999999432, 4.000000000000114575 ) ) ;
#8791 = FACE_OUTER_BOUND ( 'NONE', #8838, .T. ) ;
#8792 = DIRECTION ( 'NONE',  ( 0.000000000000000000, 1.000000000000000000, 0.000000000000000000 ) ) ;
#8793 = CIRCLE ( 'NONE', #2844, 2.499999999999946709 ) ;
#8794 = EDGE_CURVE ( 'NONE', #7266, #300, #6014, .T. ) ;
#8795 = LINE ( 'NONE', #3856, #2074 ) ;
#8796 = AXIS2_PLACEMENT_3D ( 'NONE', #3591, #8042, #9612 ) ;
#8797 = CYLINDRICAL_SURFACE ( 'NONE', #3004, 4.000000000000003553 ) ;
#8798 = AXIS2_PLACEMENT_3D ( 'NONE', #2273, #6750, #1619 ) ;
#8799 = CARTESIAN_POINT ( 'NONE',  ( 458.0921438139469615, 299.5499297592461971, 10.67256280221575793 ) ) ;
#8800 = CARTESIAN_POINT ( 'NONE',  ( 674.0000000000010232, 42.00000000000014921, 9.000000000000007105 ) ) ;
#8801 = PRODUCT ( 'A760250-ESTANTESMO', 'A760250-ESTANTESMO', '', ( #3285 ) ) ;
#8802 = ORIENTED_EDGE ( 'NONE', *, *, #3410, .T. ) ;
#8803 = DIRECTION ( 'NONE',  ( -0.9611510676502006412, 0.2760228707098010270, 0.000000000000000000 ) ) ;
#8804 = ORIENTED_EDGE ( 'NONE', *, *, #450, .T. ) ;
#8805 = ORIENTED_EDGE ( 'NONE', *, *, #6350, .F. ) ;
#8806 = FACE_OUTER_BOUND ( 'NONE', #2807, .T. ) ;
#8807 = VECTOR ( 'NONE', #9263, 1000.000000000000000 ) ;
#8808 = CARTESIAN_POINT ( 'NONE',  ( 792.0000000000000000, 78.00000000000001421, 0.000000000000000000 ) ) ;
#8809 = ITEM_DEFINED_TRANSFORMATION ( 'NONE', 'NONE', #4523,  #2670 ) ;
#8810 = ORIENTED_EDGE ( 'NONE', *, *, #4318, .F. ) ;
#8811 = EDGE_CURVE ( 'NONE', #3770, #6637, #4151, .T. ) ;
#8812 = AXIS2_PLACEMENT_3D ( 'NONE', #5870, #2681, #6399 ) ;
#8813 = ORIENTED_EDGE ( 'NONE', *, *, #8655, .T. ) ;
#8814 = CIRCLE ( 'NONE', #4329, 7.500000000000007105 ) ;
#8815 = DIRECTION ( 'NONE',  ( 1.000000000000000000, 0.000000000000000000, 0.000000000000000000 ) ) ;
#8816 = CARTESIAN_POINT ( 'NONE',  ( 451.9999999999998863, 0.000000000000000000, 2.220446049250313081E-13 ) ) ;
#8817 = UNCERTAINTY_MEASURE_WITH_UNIT (LENGTH_MEASURE( 1.000000000000000082E-05 ), #3125, 'distance_accuracy_value', 'NONE');
#8818 = EDGE_LOOP ( 'NONE', ( #671, #3781, #9250, #6176 ) ) ;
#8819 = LINE ( 'NONE', #9157, #1621 ) ;
#8820 = VECTOR ( 'NONE', #4733, 1000.000000000000000 ) ;
#8821 = AXIS2_PLACEMENT_3D ( 'NONE', #6772, #5912, #815 ) ;
#8822 = CARTESIAN_POINT ( 'NONE',  ( 451.9999999999998863, 191.9999999999999432, 4.000000000000225597 ) ) ;
#8823 = EDGE_LOOP ( 'NONE', ( #5294, #5865, #2163, #7725 ) ) ;
#8824 = LINE ( 'NONE', #4607, #5001 ) ;
#8825 = CARTESIAN_POINT ( 'NONE',  ( 130.9999999999999716, 190.0000000000000000, 21.50000000000000000 ) ) ;
#8826 = EDGE_CURVE ( 'NONE', #4283, #7059, #1958, .T. ) ;
#8827 = ORIENTED_EDGE ( 'NONE', *, *, #4070, .T. ) ;
#8828 = EDGE_LOOP ( 'NONE', ( #9241, #2872, #7413, #5132 ) ) ;
#8829 = VERTEX_POINT ( 'NONE', #8244 ) ;
#8830 = AXIS2_PLACEMENT_3D ( 'NONE', #4412, #5948, #1493 ) ;
#8831 = CARTESIAN_POINT ( 'NONE',  ( 598.0000000000010232, 48.00000000000004263, 9.000000000000007105 ) ) ;
#8832 = SURFACE_SIDE_STYLE ('',( #588 ) ) ;
#8833 = LINE ( 'NONE', #896, #3956 ) ;
#8834 = CARTESIAN_POINT ( 'NONE',  ( 636.0000000000010232, 298.0000000000005684, 15.00000000000001421 ) ) ;
#8835 = VERTEX_POINT ( 'NONE', #5173 ) ;
#8836 = FACE_OUTER_BOUND ( 'NONE', #4074, .T. ) ;
#8837 = AXIS2_PLACEMENT_3D ( 'NONE', #2290, #3015, #9007 ) ;
#8838 = EDGE_LOOP ( 'NONE', ( #268, #6287, #3144, #5457 ) ) ;
#8839 = CARTESIAN_POINT ( 'NONE',  ( 457.3774685871065913, 298.0529963203905481, 8.162310702330096035 ) ) ;
#8840 = DIRECTION ( 'NONE',  ( 1.000000000000000000, 9.860761315262647568E-32, 4.440892098500629120E-16 ) ) ;
#8841 = EDGE_CURVE ( 'NONE', #7596, #8958, #8443, .T. ) ;
#8842 = DIRECTION ( 'NONE',  ( -1.000000000000000000, 0.000000000000000000, 0.000000000000000000 ) ) ;
#8843 = AXIS2_PLACEMENT_3D ( 'NONE', #3884, #8375, #9153 ) ;
#8844 = ORIENTED_EDGE ( 'NONE', *, *, #578, .T. ) ;
#8845 = DIRECTION ( 'NONE',  ( 1.000000000000000000, 0.000000000000000000, 0.000000000000000000 ) ) ;
#8846 = ADVANCED_FACE ( 'NONE', ( #1366 ), #2071, .F. ) ;
#8847 = EDGE_LOOP ( 'NONE', ( #4676, #1292, #1640, #6648 ) ) ;
#8848 = CARTESIAN_POINT ( 'NONE',  ( 24.99999999999991118, 13.99999999999999822, 7.500000000000062172 ) ) ;
#8849 = CARTESIAN_POINT ( 'NONE',  ( 88.00000000000052580, 170.0000000000001990, 15.00000000000001421 ) ) ;
#8850 = DIRECTION ( 'NONE',  ( -1.000000000000000000, 0.000000000000000000, 0.000000000000000000 ) ) ;
#8851 = AXIS2_PLACEMENT_3D ( 'NONE', #1907, #1971, #8540 ) ;
#8852 = DIRECTION ( 'NONE',  ( 4.440892098500626162E-16, -6.938893903907225296E-18, 1.000000000000000000 ) ) ;
#8853 = ORIENTED_EDGE ( 'NONE', *, *, #973, .T. ) ;
#8854 = EDGE_CURVE ( 'NONE', #5390, #5354, #879, .T. ) ;
#8855 = EDGE_CURVE ( 'NONE', #3601, #1065, #7858, .T. ) ;
#8856 = DIRECTION ( 'NONE',  ( -1.000000000000000000, -9.860761315262647568E-32, -4.440892098500629120E-16 ) ) ;
#8857 = EDGE_LOOP ( 'NONE', ( #3558, #592 ) ) ;
#8858 = DIRECTION ( 'NONE',  ( -1.000000000000000000, 0.000000000000000000, 0.000000000000000000 ) ) ;
#8859 = CARTESIAN_POINT ( 'NONE',  ( 680.0000000000010232, 42.00000000000014921, 9.000000000000007105 ) ) ;
#8860 = ORIENTED_EDGE ( 'NONE', *, *, #5243, .F. ) ;
#8861 = CARTESIAN_POINT ( 'NONE',  ( 0.000000000000000000, 0.000000000000000000, 0.000000000000000000 ) ) ;
#8862 = ORIENTED_EDGE ( 'NONE', *, *, #5277, .T. ) ;
#8863 = ORIENTED_EDGE ( 'NONE', *, *, #4227, .T. ) ;
#8864 = CARTESIAN_POINT ( 'NONE',  ( 128.0000000000003411, 41.99999999999997868, 9.000000000000007105 ) ) ;
#8865 = PRODUCT_DEFINITION_SHAPE ( 'NONE', 'NONE',  #9689 ) ;
#8866 = ORIENTED_EDGE ( 'NONE', *, *, #5871, .T. ) ;
#8867 = CARTESIAN_POINT ( 'NONE',  ( 443.4999999999999432, 302.0000000000000000, 1.499999999999945821 ) ) ;
#8868 = ORIENTED_EDGE ( 'NONE', *, *, #9506, .F. ) ;
#8869 = DIRECTION ( 'NONE',  ( 1.000000000000000000, 0.000000000000000000, 0.000000000000000000 ) ) ;
#8870 = CARTESIAN_POINT ( 'NONE',  ( 373.0000000000000000, 323.0000000000000000, 15.00000000000001421 ) ) ;
#8871 = EDGE_LOOP ( 'NONE', ( #4333, #653 ) ) ;
#8872 = EDGE_CURVE ( 'NONE', #7608, #6620, #3118, .T. ) ;
#8873 = ORIENTED_EDGE ( 'NONE', *, *, #9282, .T. ) ;
#8874 = AXIS2_PLACEMENT_3D ( 'NONE', #2948, #9675, #8105 ) ;
#8875 = PRESENTATION_LAYER_ASSIGNMENT (  '', '', ( #3586 ) ) ;
#8876 = CARTESIAN_POINT ( 'NONE',  ( 632.0000000000010232, 74.00000000000017053, 15.00000000000001421 ) ) ;
#8877 = ORIENTED_EDGE ( 'NONE', *, *, #2276, .T. ) ;
#8878 = CARTESIAN_POINT ( 'NONE',  ( 675.0000000000000000, 190.0000000000000000, 12.00000000000001066 ) ) ;
#8879 = DIRECTION ( 'NONE',  ( 1.000000000000000000, 0.000000000000000000, 0.000000000000000000 ) ) ;
#8880 = ORIENTED_EDGE ( 'NONE', *, *, #8023, .F. ) ;
#8881 = DIRECTION ( 'NONE',  ( 1.000000000000000000, 0.000000000000000000, 4.336808689942014285E-16 ) ) ;
#8882 = EDGE_CURVE ( 'NONE', #5499, #6719, #9041, .T. ) ;
#8883 = CARTESIAN_POINT ( 'NONE',  ( 147.4999999999999716, 47.99999999999998579, -3.000000000000113687 ) ) ;
#8884 = CIRCLE ( 'NONE', #8070, 3.000000000000002665 ) ;
#8885 = CLOSED_SHELL ( 'NONE', ( #7174, #8846, #2036, #3116, #3403, #1033, #5298, #7951, #6209, #2540, #3834, #1321, #3509, #3014, #8652, #5346, #5500, #8430, #8746, #7195, #3272, #3890, #4693, #1845, #9218, #8528, #899, #4981, #1593, #4952, #7102, #2067, #2521, #8254, #6419, #204, #7900, #1980, #1090, #5873, #7281, #8493, #8400, #3106, #1756, #2132, #9414, #6801, #4504, #4743, #5582, #7430, #2733, #7262, #8787, #480, #5930, #421 ) ) ;
#8886 = CARTESIAN_POINT ( 'NONE',  ( 119.5000000000000000, 323.0000000000000000, -15.00000000000012434 ) ) ;
#8887 = DIRECTION ( 'NONE',  ( 1.000000000000000000, 0.000000000000000000, 0.000000000000000000 ) ) ;
#8888 = CARTESIAN_POINT ( 'NONE',  ( 40.00000000000003553, 302.0000000000000000, -4.499999999999837463 ) ) ;
#8889 = ADVANCED_FACE ( 'NONE', ( #9519, #2420, #3918, #7970, #9633, #7052, #7632 ), #3719, .F. ) ;
#8890 = DIRECTION ( 'NONE',  ( -0.000000000000000000, 0.000000000000000000, 1.000000000000000000 ) ) ;
#8891 = CARTESIAN_POINT ( 'NONE',  ( 54.56410256410254789, 190.0000000000000000, 21.50000000000000000 ) ) ;
#8892 = ORIENTED_EDGE ( 'NONE', *, *, #3383, .T. ) ;
#8893 = DIRECTION ( 'NONE',  ( -1.000000000000000000, -0.000000000000000000, -0.000000000000000000 ) ) ;
#8894 = CARTESIAN_POINT ( 'NONE',  ( 24.99999999999991118, 13.99999999999999822, 7.500000000000062172 ) ) ;
#8895 = EDGE_CURVE ( 'NONE', #1820, #6733, #7741, .T. ) ;
#8896 = ORIENTED_EDGE ( 'NONE', *, *, #4180, .T. ) ;
#8897 = VECTOR ( 'NONE', #4691, 1000.000000000000000 ) ;
#8898 = LINE ( 'NONE', #4091, #266 ) ;
#8899 = ORIENTED_EDGE ( 'NONE', *, *, #5730, .T. ) ;
#8900 = AXIS2_PLACEMENT_3D ( 'NONE', #129, #5377, #892 ) ;
#8901 = DIRECTION ( 'NONE',  ( 0.000000000000000000, 0.000000000000000000, 1.000000000000000000 ) ) ;
#8902 = CARTESIAN_POINT ( 'NONE',  ( 46.00000000000004263, 292.0000000000003979, 9.000000000000007105 ) ) ;
#8903 = CARTESIAN_POINT ( 'NONE',  ( 451.9999999999999432, 235.9999999999998863, 0.000000000000000000 ) ) ;
#8904 = CARTESIAN_POINT ( 'NONE',  ( 0.000000000000000000, 0.000000000000000000, 0.000000000000000000 ) ) ;
#8905 = LINE ( 'NONE', #1657, #4143 ) ;
#8906 = VECTOR ( 'NONE', #4655, 1000.000000000000000 ) ;
#8907 = AXIS2_PLACEMENT_3D ( 'NONE', #6920, #8301, #901 ) ;
#8908 = VECTOR ( 'NONE', #2922, 1000.000000000000000 ) ;
#8909 = CIRCLE ( 'NONE', #3471, 3.000000000000004441 ) ;
#8910 = DIRECTION ( 'NONE',  ( -0.000000000000000000, 0.000000000000000000, 1.000000000000000000 ) ) ;
#8911 = CIRCLE ( 'NONE', #3737, 2.500000000000002220 ) ;
#8912 = CARTESIAN_POINT ( 'NONE',  ( 442.2089883689056933, 348.1640233375465527, -15.00000000000012434 ) ) ;
#8913 = LINE ( 'NONE', #4391, #7963 ) ;
#8914 = VECTOR ( 'NONE', #9656, 1000.000000000000000 ) ;
#8915 = DIRECTION ( 'NONE',  ( 0.8833731395614154991, -0.4686703492876502231, 0.000000000000000000 ) ) ;
#8916 = CARTESIAN_POINT ( 'NONE',  ( 54.00000000000006395, 42.00000000000014921, 9.000000000000007105 ) ) ;
#8917 = CYLINDRICAL_SURFACE ( 'NONE', #4819, 4.000000000000017764 ) ;
#8918 = ORIENTED_EDGE ( 'NONE', *, *, #1326, .F. ) ;
#8919 = CARTESIAN_POINT ( 'NONE',  ( 458.2866928170456049, 79.79285709400296867, 3.914816764090732981 ) ) ;
#8920 = FACE_OUTER_BOUND ( 'NONE', #5615, .T. ) ;
#8921 = VECTOR ( 'NONE', #1054, 1000.000000000000000 ) ;
#8922 = DIRECTION ( 'NONE',  ( -0.000000000000000000, 0.000000000000000000, 1.000000000000000000 ) ) ;
#8923 = CARTESIAN_POINT ( 'NONE',  ( 91.00000000000051159, 170.0000000000001990, 15.00000000000001421 ) ) ;
#8924 = EDGE_CURVE ( 'NONE', #4360, #1446, #5779, .T. ) ;
#8925 = DIRECTION ( 'NONE',  ( 1.000000000000000000, 0.000000000000000000, 0.000000000000000000 ) ) ;
#8926 = DIRECTION ( 'NONE',  ( -0.000000000000000000, -0.000000000000000000, -1.000000000000000000 ) ) ;
#8927 = CARTESIAN_POINT ( 'NONE',  ( 458.4299434818552186, 303.0554696236342238, 11.36730770653021594 ) ) ;
#8928 = EDGE_CURVE ( 'NONE', #5236, #5639, #9409, .T. ) ;
#8929 = VERTEX_POINT ( 'NONE', #1534 ) ;
#8930 = VECTOR ( 'NONE', #8391, 1000.000000000000000 ) ;
#8931 = AXIS2_PLACEMENT_3D ( 'NONE', #5578, #5537, #3373 ) ;
#8932 = ORIENTED_EDGE ( 'NONE', *, *, #6640, .F. ) ;
#8933 = CARTESIAN_POINT ( 'NONE',  ( 211.4999999999999716, 272.0000000000000000, 15.00000000000001421 ) ) ;
#8934 = AXIS2_PLACEMENT_3D ( 'NONE', #2337, #3056, #7507 ) ;
#8935 = ORIENTED_EDGE ( 'NONE', *, *, #9426, .F. ) ;
#8936 = CIRCLE ( 'NONE', #4731, 2.999999999999891642 ) ;
#8937 = CARTESIAN_POINT ( 'NONE',  ( 54.56410256410254078, 190.0000000000000000, 0.000000000000000000 ) ) ;
#8938 = VECTOR ( 'NONE', #4805, 1000.000000000000000 ) ;
#8939 = CARTESIAN_POINT ( 'NONE',  ( 0.000000000000000000, 0.000000000000000000, 15.00000000000001421 ) ) ;
#8940 = DIRECTION ( 'NONE',  ( 0.000000000000000000, 0.000000000000000000, 1.000000000000000000 ) ) ;
#8941 = DIRECTION ( 'NONE',  ( 1.000000000000000000, 0.000000000000000000, 0.000000000000000000 ) ) ;
#8942 = CARTESIAN_POINT ( 'NONE',  ( 122.0000000000005542, 292.0000000000002842, 9.000000000000007105 ) ) ;
#8943 = VERTEX_POINT ( 'NONE', #1502 ) ;
#8944 = LINE ( 'NONE', #1088, #9190 ) ;
#8945 = EDGE_LOOP ( 'NONE', ( #6055, #5746, #2818, #6383 ) ) ;
#8946 = ORIENTED_EDGE ( 'NONE', *, *, #1704, .F. ) ;
#8947 = EDGE_LOOP ( 'NONE', ( #5233, #9024, #6638, #3264 ) ) ;
#8948 = ADVANCED_FACE ( 'NONE', ( #53 ), #7496, .T. ) ;
#8949 = DIRECTION ( 'NONE',  ( -1.000000000000000000, 0.000000000000000000, 0.000000000000000000 ) ) ;
#8950 = ORIENTED_EDGE ( 'NONE', *, *, #1022, .T. ) ;
#8951 = LINE ( 'NONE', #176, #5709 ) ;
#8952 = LINE ( 'NONE', #5875, #9667 ) ;
#8953 = EDGE_CURVE ( 'NONE', #6300, #9192, #1121, .T. ) ;
#8954 = PRESENTATION_STYLE_ASSIGNMENT (( #7957 ) ) ;
#8955 = DIRECTION ( 'NONE',  ( -1.000000000000000000, 0.000000000000000000, -4.003208021484936073E-16 ) ) ;
#8956 = ORIENTED_EDGE ( 'NONE', *, *, #9467, .F. ) ;
#8957 = FACE_OUTER_BOUND ( 'NONE', #1739, .T. ) ;
#8958 = VERTEX_POINT ( 'NONE', #6821 ) ;
#8959 = ORIENTED_EDGE ( 'NONE', *, *, #1742, .F. ) ;
#8960 = LINE ( 'NONE', #2974, #6984 ) ;
#8961 = DIRECTION ( 'NONE',  ( 0.000000000000000000, 0.000000000000000000, -1.000000000000000000 ) ) ;
#8962 = PRESENTATION_STYLE_ASSIGNMENT (( #3596 ) ) ;
#8963 = AXIS2_PLACEMENT_3D ( 'NONE', #3825, #4562, #7388 ) ;
#8964 = FILL_AREA_STYLE_COLOUR ( '', #6164 ) ;
#8965 = ORIENTED_EDGE ( 'NONE', *, *, #1330, .F. ) ;
#8966 = DIRECTION ( 'NONE',  ( -1.000000000000000000, 0.000000000000000000, 0.000000000000000000 ) ) ;
#8967 = DIRECTION ( 'NONE',  ( 1.000000000000000000, 0.000000000000000000, 0.000000000000000000 ) ) ;
#8968 = CARTESIAN_POINT ( 'NONE',  ( 458.0917001862241591, 304.4511457242376764, 10.67152972219202667 ) ) ;
#8969 = CARTESIAN_POINT ( 'NONE',  ( 674.0000000000010232, 304.0000000000006821, 9.000000000000007105 ) ) ;
#8970 = CARTESIAN_POINT ( 'NONE',  ( 122.0000000000005542, 298.0000000000002842, 9.000000000000007105 ) ) ;
#8971 = CARTESIAN_POINT ( 'NONE',  ( 666.0000000000010232, 298.0000000000005684, 0.000000000000000000 ) ) ;
#8972 = EDGE_LOOP ( 'NONE', ( #1807, #3432 ) ) ;
#8973 = CARTESIAN_POINT ( 'NONE',  ( 485.0000000000000000, 0.000000000000000000, 0.000000000000000000 ) ) ;
#8974 = DIRECTION ( 'NONE',  ( -1.000000000000000000, 0.000000000000000000, -4.003208021484936073E-16 ) ) ;
#8975 = AXIS2_PLACEMENT_3D ( 'NONE', #5989, #2987, #8955 ) ;
#8976 = ORIENTED_EDGE ( 'NONE', *, *, #8488, .F. ) ;
#8977 = DIRECTION ( 'NONE',  ( 1.000000000000000000, 0.000000000000000000, 0.000000000000000000 ) ) ;
#8978 = ORIENTED_EDGE ( 'NONE', *, *, #9603, .F. ) ;
#8979 = CARTESIAN_POINT ( 'NONE',  ( 451.9999999999998863, 335.9999999999999432, 4.000000000000114575 ) ) ;
#8980 = AXIS2_PLACEMENT_3D ( 'NONE', #7654, #4633, #225 ) ;
#8981 = CARTESIAN_POINT ( 'NONE',  ( 24.99999999999991118, 13.99999999999999822, 7.500000000000062172 ) ) ;
#8982 = ORIENTED_EDGE ( 'NONE', *, *, #6939, .T. ) ;
#8983 = EDGE_CURVE ( 'NONE', #474, #1266, #8561, .T. ) ;
#8984 = EDGE_CURVE ( 'NONE', #7639, #6963, #4610, .T. ) ;
#8985 = PLANE ( 'NONE',  #7144 ) ;
#8986 = VERTEX_POINT ( 'NONE', #233 ) ;
#8987 = PLANE ( 'NONE',  #5308 ) ;
#8988 = EDGE_CURVE ( 'NONE', #1865, #4388, #287, .T. ) ;
#8989 = AXIS2_PLACEMENT_3D ( 'NONE', #4448, #6785, #9677 ) ;
#8990 = DIRECTION ( 'NONE',  ( -0.000000000000000000, -0.000000000000000000, -1.000000000000000000 ) ) ;
#8991 = ADVANCED_FACE ( 'NONE', ( #6361 ), #2542, .F. ) ;
#8992 = AXIS2_PLACEMENT_3D ( 'NONE', #5814, #7366, #5910 ) ;
#8993 = ORIENTED_EDGE ( 'NONE', *, *, #8826, .F. ) ;
#8994 = DIRECTION ( 'NONE',  ( 0.000000000000000000, 0.000000000000000000, -1.000000000000000000 ) ) ;
#8995 = CARTESIAN_POINT ( 'NONE',  ( 122.0000000000005542, 292.0000000000002842, 9.000000000000007105 ) ) ;
#8996 = ORIENTED_EDGE ( 'NONE', *, *, #6574, .F. ) ;
#8997 = CARTESIAN_POINT ( 'NONE',  ( 0.000000000000000000, 0.000000000000000000, 2.000000000000001776 ) ) ;
#8998 = DIRECTION ( 'NONE',  ( -4.440892098500626162E-16, 6.938893903907225296E-18, -1.000000000000000000 ) ) ;
#8999 = DIRECTION ( 'NONE',  ( 1.000000000000000000, 0.000000000000000000, 0.000000000000000000 ) ) ;
#9000 = PLANE ( 'NONE',  #2552 ) ;
#9001 = VERTEX_POINT ( 'NONE', #2523 ) ;
#9002 = ADVANCED_FACE ( 'NONE', ( #399 ), #5306, .F. ) ;
#9003 = EDGE_CURVE ( 'NONE', #5920, #7368, #4852, .T. ) ;
#9004 = DIRECTION ( 'NONE',  ( -0.000000000000000000, 0.000000000000000000, 1.000000000000000000 ) ) ;
#9005 =( GEOMETRIC_REPRESENTATION_CONTEXT ( 3 ) GLOBAL_UNCERTAINTY_ASSIGNED_CONTEXT ( ( #6259 ) ) GLOBAL_UNIT_ASSIGNED_CONTEXT ( ( #1546, #5312, #6061 ) ) REPRESENTATION_CONTEXT ( 'NONE', 'WORKASPACE' ) );
#9006 = ORIENTED_EDGE ( 'NONE', *, *, #3239, .T. ) ;
#9007 = DIRECTION ( 'NONE',  ( 1.000000000000000000, 0.000000000000000000, 0.000000000000000000 ) ) ;
#9008 = ORIENTED_EDGE ( 'NONE', *, *, #3604, .F. ) ;
#9009 = FACE_BOUND ( 'NONE', #9604, .T. ) ;
#9010 = FACE_OUTER_BOUND ( 'NONE', #3952, .T. ) ;
#9011 = ORIENTED_EDGE ( 'NONE', *, *, #4938, .F. ) ;
#9012 = DIRECTION ( 'NONE',  ( 1.000000000000000000, 0.000000000000000000, 0.000000000000000000 ) ) ;
#9013 = DIRECTION ( 'NONE',  ( 1.000000000000000000, 0.000000000000000000, 4.003208021484936073E-16 ) ) ;
#9014 = EDGE_CURVE ( 'NONE', #300, #3139, #6575, .T. ) ;
#9015 = DIRECTION ( 'NONE',  ( 1.000000000000000000, 0.000000000000000000, 0.000000000000000000 ) ) ;
#9016 = AXIS2_PLACEMENT_3D ( 'NONE', #1133, #1096, #1902 ) ;
#9017 = CARTESIAN_POINT ( 'NONE',  ( 46.00000000000004263, 42.00000000000003553, 9.000000000000007105 ) ) ;
#9018 = ORIENTED_EDGE ( 'NONE', *, *, #517, .T. ) ;
#9019 = CARTESIAN_POINT ( 'NONE',  ( 85.50000000000052580, 74.00000000000007105, 0.000000000000000000 ) ) ;
#9020 = DIRECTION ( 'NONE',  ( 0.000000000000000000, 0.000000000000000000, 1.000000000000000000 ) ) ;
#9021 = FACE_OUTER_BOUND ( 'NONE', #960, .T. ) ;
#9022 = VECTOR ( 'NONE', #9622, 1000.000000000000000 ) ;
#9023 = CARTESIAN_POINT ( 'NONE',  ( -5.551115123125782702E-14, 336.0000000000000568, 2.220446049250313081E-13 ) ) ;
#9024 = ORIENTED_EDGE ( 'NONE', *, *, #1091, .T. ) ;
#9025 = CARTESIAN_POINT ( 'NONE',  ( 451.9999999999999432, 284.0000000000001137, 0.000000000000000000 ) ) ;
#9026 = CARTESIAN_POINT ( 'NONE',  ( 46.00000000000004263, 42.00000000000003553, 9.000000000000007105 ) ) ;
#9027 = VERTEX_POINT ( 'NONE', #4579 ) ;
#9028 = CARTESIAN_POINT ( 'NONE',  ( 366.9999999999999432, 362.0000000000001137, 15.00000000000011902 ) ) ;
#9029 = LINE ( 'NONE', #8668, #8781 ) ;
#9030 = EDGE_CURVE ( 'NONE', #3869, #5642, #746, .T. ) ;
#9031 = CARTESIAN_POINT ( 'NONE',  ( 445.0000000000000000, 302.0000000000000000, 7.499999999999951150 ) ) ;
#9032 = VECTOR ( 'NONE', #2275, 1000.000000000000000 ) ;
#9033 = CYLINDRICAL_SURFACE ( 'NONE', #9671, 2.500000000000002220 ) ;
#9034 = AXIS2_PLACEMENT_3D ( 'NONE', #8849, #5895, #2198 ) ;
#9035 = DIRECTION ( 'NONE',  ( -1.000000000000000000, 0.000000000000000000, 0.000000000000000000 ) ) ;
#9036 = CARTESIAN_POINT ( 'NONE',  ( 632.0000000000010232, 42.00000000000014921, 15.00000000000001421 ) ) ;
#9037 = VECTOR ( 'NONE', #2435, 1000.000000000000000 ) ;
#9038 = DIRECTION ( 'NONE',  ( 1.000000000000000000, 0.000000000000000000, 0.000000000000000000 ) ) ;
#9039 = CARTESIAN_POINT ( 'NONE',  ( 84.99999999999997158, 323.0000000000000000, -15.00000000000012434 ) ) ;
#9040 = CARTESIAN_POINT ( 'NONE',  ( 458.4999999999999432, 78.00000000000001421, -1.500000000000056843 ) ) ;
#9041 = CIRCLE ( 'NONE', #8989, 3.000000000000002665 ) ;
#9042 = AXIS2_PLACEMENT_3D ( 'NONE', #3806, #6756, #1436 ) ;
#9043 = CARTESIAN_POINT ( 'NONE',  ( 149.9999999999999716, 272.0000000000000000, -15.00000000000012434 ) ) ;
#9044 = CIRCLE ( 'NONE', #8518, 3.000000000000007994 ) ;
#9045 = FACE_OUTER_BOUND ( 'NONE', #3504, .T. ) ;
#9046 = CARTESIAN_POINT ( 'NONE',  ( 0.000000000000000000, 0.000000000000000000, 15.00000000000001421 ) ) ;
#9047 = ORIENTED_EDGE ( 'NONE', *, *, #9, .F. ) ;
#9048 = EDGE_CURVE ( 'NONE', #6510, #916, #8909, .T. ) ;
#9049 = ORIENTED_EDGE ( 'NONE', *, *, #1685, .F. ) ;
#9050 = LINE ( 'NONE', #1356, #2427 ) ;
#9051 = CARTESIAN_POINT ( 'NONE',  ( 0.000000000000000000, 0.000000000000000000, 15.00000000000001421 ) ) ;
#9052 = EDGE_CURVE ( 'NONE', #923, #3364, #502, .T. ) ;
#9053 = ORIENTED_EDGE ( 'NONE', *, *, #8013, .T. ) ;
#9054 = DIRECTION ( 'NONE',  ( 0.000000000000000000, 0.000000000000000000, 1.000000000000000000 ) ) ;
#9055 = ORIENTED_EDGE ( 'NONE', *, *, #6012, .F. ) ;
#9056 = LINE ( 'NONE', #8085, #1968 ) ;
#9057 = FILL_AREA_STYLE_COLOUR ( '', #4753 ) ;
#9058 = LINE ( 'NONE', #4370, #8460 ) ;
#9059 = DIRECTION ( 'NONE',  ( 0.000000000000000000, 0.000000000000000000, 1.000000000000000000 ) ) ;
#9060 = ADVANCED_FACE ( 'NONE', ( #8306 ), #6103, .F. ) ;
#9061 = ORIENTED_EDGE ( 'NONE', *, *, #8580, .T. ) ;
#9062 = ORIENTED_EDGE ( 'NONE', *, *, #6873, .T. ) ;
#9063 = FACE_OUTER_BOUND ( 'NONE', #8857, .T. ) ;
#9064 = DIRECTION ( 'NONE',  ( 0.000000000000000000, 0.000000000000000000, 1.000000000000000000 ) ) ;
#9065 = DIRECTION ( 'NONE',  ( 1.000000000000000000, 0.000000000000000000, 0.000000000000000000 ) ) ;
#9066 = VERTEX_POINT ( 'NONE', #898 ) ;
#9067 = VECTOR ( 'NONE', #3898, 1000.000000000000000 ) ;
#9068 = VECTOR ( 'NONE', #3065, 1000.000000000000000 ) ;
#9069 = CARTESIAN_POINT ( 'NONE',  ( 742.4999999999998863, 13.99999999999999822, 10.50000000000006573 ) ) ;
#9070 =( NAMED_UNIT ( * ) SI_UNIT ( $, .STERADIAN. ) SOLID_ANGLE_UNIT ( ) );
#9071 = ITEM_DEFINED_TRANSFORMATION ( 'NONE', 'NONE', #5591,  #2670 ) ;
#9072 = CARTESIAN_POINT ( 'NONE',  ( 680.0000000000012506, 298.0000000000004547, 9.000000000000007105 ) ) ;
#9073 = ORIENTED_EDGE ( 'NONE', *, *, #2582, .F. ) ;
#9074 = FACE_OUTER_BOUND ( 'NONE', #3255, .T. ) ;
#9075 = ORIENTED_EDGE ( 'NONE', *, *, #1649, .F. ) ;
#9076 =( GEOMETRIC_REPRESENTATION_CONTEXT ( 3 ) GLOBAL_UNCERTAINTY_ASSIGNED_CONTEXT ( ( #2330 ) ) GLOBAL_UNIT_ASSIGNED_CONTEXT ( ( #4085, #9295, #6354 ) ) REPRESENTATION_CONTEXT ( 'NONE', 'WORKASPACE' ) );
#9077 = ORIENTED_EDGE ( 'NONE', *, *, #8788, .T. ) ;
#9078 = VERTEX_POINT ( 'NONE', #4648 ) ;
#9079 = EDGE_LOOP ( 'NONE', ( #3516, #4098 ) ) ;
#9080 = CARTESIAN_POINT ( 'NONE',  ( 149.9999999999999716, 47.99999999999998579, 15.00000000000001421 ) ) ;
#9081 = CARTESIAN_POINT ( 'NONE',  ( 117.0000000000000000, 323.0000000000000000, -15.00000000000012434 ) ) ;
#9082 = LINE ( 'NONE', #3615, #3153 ) ;
#9083 = CARTESIAN_POINT ( 'NONE',  ( 27.54347181479136353, 0.000000000000000000, 0.000000000000000000 ) ) ;
#9084 = CARTESIAN_POINT ( 'NONE',  ( 451.9999999999999432, 48.00000000000004263, 4.000000000000114575 ) ) ;
#9085 = EDGE_LOOP ( 'NONE', ( #5463, #7156 ) ) ;
#9086 = FACE_OUTER_BOUND ( 'NONE', #429, .T. ) ;
#9087 = ORIENTED_EDGE ( 'NONE', *, *, #1724, .T. ) ;
#9088 = EDGE_CURVE ( 'NONE', #4346, #4572, #8195, .T. ) ;
#9089 = DIRECTION ( 'NONE',  ( 0.000000000000000000, 0.000000000000000000, -1.000000000000000000 ) ) ;
#9090 = ORIENTED_EDGE ( 'NONE', *, *, #3698, .T. ) ;
#9091 = PLANE ( 'NONE',  #2066 ) ;
#9092 = EDGE_LOOP ( 'NONE', ( #6199, #5247, #7494, #6092 ) ) ;
#9093 = CARTESIAN_POINT ( 'NONE',  ( 46.00000000000002132, 298.0000000000004547, 15.00000000000001421 ) ) ;
#9094 = DIRECTION ( 'NONE',  ( 1.000000000000000000, 0.000000000000000000, 0.000000000000000000 ) ) ;
#9095 = EDGE_CURVE ( 'NONE', #5104, #2154, #3110, .T. ) ;
#9096 = APPLICATION_CONTEXT ( 'automotive_design' ) ;
#9097 = AXIS2_PLACEMENT_3D ( 'NONE', #1610, #5362, #1548 ) ;
#9098 = CARTESIAN_POINT ( 'NONE',  ( 0.000000000000000000, 0.000000000000000000, 0.000000000000000000 ) ) ;
#9099 = ADVANCED_FACE ( 'NONE', ( #7961 ), #6864, .T. ) ;
#9100 = CARTESIAN_POINT ( 'NONE',  ( 0.000000000000000000, 511.0000000000000000, 0.000000000000000000 ) ) ;
#9101 = EDGE_LOOP ( 'NONE', ( #8394, #2130, #2054, #2234 ) ) ;
#9102 = CARTESIAN_POINT ( 'NONE',  ( 445.0000000000000000, 78.00000000000001421, 7.499999999999951150 ) ) ;
#9103 = CARTESIAN_POINT ( 'NONE',  ( 82.49999999999995737, 323.0000000000000000, -14.00000000000001243 ) ) ;
#9104 = ORIENTED_EDGE ( 'NONE', *, *, #2292, .T. ) ;
#9105 = DIRECTION ( 'NONE',  ( 0.000000000000000000, 0.000000000000000000, 1.000000000000000000 ) ) ;
#9106 = AXIS2_PLACEMENT_3D ( 'NONE', #4311, #4228, #543 ) ;
#9107 = CARTESIAN_POINT ( 'NONE',  ( 62.99999999999997158, 155.0000000000000000, 12.49999999999999112 ) ) ;
#9108 = CARTESIAN_POINT ( 'NONE',  ( 458.4999999999999432, 77.73004862906371670, 3.499999999999948042 ) ) ;
#9109 = DIRECTION ( 'NONE',  ( -0.4686703492876502231, -0.8833731395614154991, 0.000000000000000000 ) ) ;
#9110 = EDGE_LOOP ( 'NONE', ( #4477, #3266, #8667, #9566 ) ) ;
#9111 = ADVANCED_FACE ( 'NONE', ( #1827 ), #43, .F. ) ;
#9112 = DIRECTION ( 'NONE',  ( 0.000000000000000000, 0.000000000000000000, 1.000000000000000000 ) ) ;
#9113 = ORIENTED_EDGE ( 'NONE', *, *, #7269, .F. ) ;
#9114 = DIRECTION ( 'NONE',  ( 0.000000000000000000, 0.000000000000000000, 1.000000000000000000 ) ) ;
#9115 = ORIENTED_EDGE ( 'NONE', *, *, #2125, .T. ) ;
#9116 = DIRECTION ( 'NONE',  ( 0.000000000000000000, 0.000000000000000000, 1.000000000000000000 ) ) ;
#9117 = ORIENTED_EDGE ( 'NONE', *, *, #3327, .T. ) ;
#9118 = ORIENTED_EDGE ( 'NONE', *, *, #1241, .F. ) ;
#9119 = DIRECTION ( 'NONE',  ( -1.000000000000000000, 0.000000000000000000, 0.000000000000000000 ) ) ;
#9120 = ORIENTED_EDGE ( 'NONE', *, *, #868, .F. ) ;
#9121 = AXIS2_PLACEMENT_3D ( 'NONE', #3117, #1784, #8310 ) ;
#9122 = PLANE ( 'NONE',  #436 ) ;
#9123 = DIRECTION ( 'NONE',  ( 0.000000000000000000, 0.000000000000000000, 1.000000000000000000 ) ) ;
#9124 = EDGE_CURVE ( 'NONE', #8064, #8257, #998, .T. ) ;
#9125 = VERTEX_POINT ( 'NONE', #5562 ) ;
#9126 = CARTESIAN_POINT ( 'NONE',  ( 742.4999999999998863, 46.00000000000005684, 7.500000000000062172 ) ) ;
#9127 = DIRECTION ( 'NONE',  ( 9.860761315262643189E-32, 1.000000000000000000, 6.938893903907225296E-18 ) ) ;
#9128 = EDGE_CURVE ( 'NONE', #7382, #1882, #4030, .T. ) ;
#9129 = APPLICATION_CONTEXT ( 'automotive_design' ) ;
#9130 = VERTEX_POINT ( 'NONE', #4094 ) ;
#9131 = ORIENTED_EDGE ( 'NONE', *, *, #1208, .F. ) ;
#9132 = AXIS2_PLACEMENT_3D ( 'NONE', #1563, #8999, #2355 ) ;
#9133 = DIRECTION ( 'NONE',  ( -0.000000000000000000, 0.000000000000000000, 1.000000000000000000 ) ) ;
#9134 =( GEOMETRIC_REPRESENTATION_CONTEXT ( 3 ) GLOBAL_UNCERTAINTY_ASSIGNED_CONTEXT ( ( #3574 ) ) GLOBAL_UNIT_ASSIGNED_CONTEXT ( ( #4017, #9231, #1763 ) ) REPRESENTATION_CONTEXT ( 'NONE', 'WORKASPACE' ) );
#9135 = DIRECTION ( 'NONE',  ( -9.860761315262643189E-32, -1.000000000000000000, -6.938893903907225296E-18 ) ) ;
#9136 = CARTESIAN_POINT ( 'NONE',  ( 457.3484004815983894, 298.0064980162088091, -7.764350776979084934 ) ) ;
#9137 = LINE ( 'NONE', #2288, #3895 ) ;
#9138 = ORIENTED_EDGE ( 'NONE', *, *, #7306, .T. ) ;
#9139 = DIRECTION ( 'NONE',  ( -0.000000000000000000, 0.000000000000000000, 1.000000000000000000 ) ) ;
#9140 = VERTEX_POINT ( 'NONE', #4840 ) ;
#9141 = CARTESIAN_POINT ( 'NONE',  ( 458.4999999999999432, 78.00000000000001421, 11.49999999999995737 ) ) ;
#9142 = EDGE_CURVE ( 'NONE', #9358, #4926, #6938, .T. ) ;
#9143 = CARTESIAN_POINT ( 'NONE',  ( 213.9999999999999716, 272.0000000000000000, 15.00000000000001421 ) ) ;
#9144 = LINE ( 'NONE', #1192, #6225 ) ;
#9145 = AXIS2_PLACEMENT_3D ( 'NONE', #1768, #2548, #4090 ) ;
#9146 = ORIENTED_EDGE ( 'NONE', *, *, #7697, .F. ) ;
#9147 = FACE_OUTER_BOUND ( 'NONE', #3627, .T. ) ;
#9148 = VECTOR ( 'NONE', #414, 1000.000000000000000 ) ;
#9149 = DIRECTION ( 'NONE',  ( 1.000000000000000000, 0.000000000000000000, 0.000000000000000000 ) ) ;
#9150 = EDGE_LOOP ( 'NONE', ( #2784, #6983, #2471, #1315 ) ) ;
#9151 = DIRECTION ( 'NONE',  ( 0.000000000000000000, 0.000000000000000000, 1.000000000000000000 ) ) ;
#9152 = DIRECTION ( 'NONE',  ( -0.000000000000000000, 0.000000000000000000, 1.000000000000000000 ) ) ;
#9153 = DIRECTION ( 'NONE',  ( 1.000000000000000000, 0.000000000000000000, 0.000000000000000000 ) ) ;
#9154 = LINE ( 'NONE', #6069, #1577 ) ;
#9155 = DIRECTION ( 'NONE',  ( -1.000000000000000000, 0.000000000000000000, -0.000000000000000000 ) ) ;
#9156 = LINE ( 'NONE', #1877, #5081 ) ;
#9157 = CARTESIAN_POINT ( 'NONE',  ( 54.00000000000007105, 298.0000000000004547, 15.00000000000001421 ) ) ;
#9158 = EDGE_CURVE ( 'NONE', #6130, #9125, #4256, .T. ) ;
#9159 = VECTOR ( 'NONE', #8671, 1000.000000000000000 ) ;
#9160 = ADVANCED_FACE ( 'NONE', ( #5770 ), #7276, .F. ) ;
#9161 = VECTOR ( 'NONE', #8369, 1000.000000000000000 ) ;
#9162 = APPLICATION_PROTOCOL_DEFINITION ( 'draft international standard', 'automotive_design', 1998, #2440 ) ;
#9163 = VECTOR ( 'NONE', #7885, 1000.000000000000000 ) ;
#9164 = PRODUCT_DEFINITION_CONTEXT ( 'detailed design', #3186, 'design' ) ;
#9165 = CIRCLE ( 'NONE', #3189, 2.500000000000002220 ) ;
#9166 = CARTESIAN_POINT ( 'NONE',  ( 149.9999999999999716, 272.0000000000000000, 15.00000000000001421 ) ) ;
#9167 = DIRECTION ( 'NONE',  ( -1.000000000000000000, 0.000000000000000000, 0.000000000000000000 ) ) ;
#9168 = CARTESIAN_POINT ( 'NONE',  ( 458.3883117758932713, 303.3126606079629823, 3.712547357013742833 ) ) ;
#9169 = EDGE_CURVE ( 'NONE', #3412, #1197, #6813, .T. ) ;
#9170 = FACE_OUTER_BOUND ( 'NONE', #6269, .T. ) ;
#9171 = ORIENTED_EDGE ( 'NONE', *, *, #988, .F. ) ;
#9172 = AXIS2_PLACEMENT_3D ( 'NONE', #3301, #3408, #8478 ) ;
#9173 = CIRCLE ( 'NONE', #5174, 3.000000000000002665 ) ;
#9174 = FACE_OUTER_BOUND ( 'NONE', #3988, .T. ) ;
#9175 = CARTESIAN_POINT ( 'NONE',  ( 458.4858125066268144, 77.46928694552930494, 11.47358841132571960 ) ) ;
#9176 = VERTEX_POINT ( 'NONE', #7717 ) ;
#9177 = ORIENTED_EDGE ( 'NONE', *, *, #3482, .T. ) ;
#9178 = VECTOR ( 'NONE', #6236, 1000.000000000000000 ) ;
#9179 = AXIS2_PLACEMENT_3D ( 'NONE', #2664, #3465, #9423 ) ;
#9180 = DIRECTION ( 'NONE',  ( 1.000000000000000000, -7.304098846218142556E-16, 0.000000000000000000 ) ) ;
#9181 = ORIENTED_EDGE ( 'NONE', *, *, #3738, .T. ) ;
#9182 = CARTESIAN_POINT ( 'NONE',  ( 87.49999999999997158, 323.0000000000000000, -15.00000000000012434 ) ) ;
#9183 = ORIENTED_EDGE ( 'NONE', *, *, #1360, .F. ) ;
#9184 = CYLINDRICAL_SURFACE ( 'NONE', #2470, 7.500000000000007105 ) ;
#9185 = EDGE_CURVE ( 'NONE', #6293, #9666, #1110, .T. ) ;
#9186 = VERTEX_POINT ( 'NONE', #5516 ) ;
#9187 = CARTESIAN_POINT ( 'NONE',  ( 122.0000000000005542, 304.0000000000003979, 9.000000000000007105 ) ) ;
#9188 = EDGE_CURVE ( 'NONE', #6016, #4343, #7045, .T. ) ;
#9189 = ORIENTED_EDGE ( 'NONE', *, *, #1526, .T. ) ;
#9190 = VECTOR ( 'NONE', #4093, 1000.000000000000000 ) ;
#9191 = CARTESIAN_POINT ( 'NONE',  ( 451.9999999999998863, 336.0000000000000568, 2.220446049250313081E-13 ) ) ;
#9192 = VERTEX_POINT ( 'NONE', #1036 ) ;
#9193 = ORIENTED_EDGE ( 'NONE', *, *, #2634, .F. ) ;
#9194 = AXIS2_PLACEMENT_3D ( 'NONE', #2027, #5666, #4204 ) ;
#9195 = ORIENTED_EDGE ( 'NONE', *, *, #5152, .F. ) ;
#9196 = DIRECTION ( 'NONE',  ( -0.4686703492876502231, -0.8833731395614153881, 0.000000000000000000 ) ) ;
#9197 = ORIENTED_EDGE ( 'NONE', *, *, #1140, .F. ) ;
#9198 = LINE ( 'NONE', #7579, #1032 ) ;
#9199 = ADVANCED_FACE ( 'NONE', ( #4960 ), #7399, .F. ) ;
#9200 = VECTOR ( 'NONE', #8267, 1000.000000000000000 ) ;
#9201 = CARTESIAN_POINT ( 'NONE',  ( 670.0000000000010232, 298.0000000000005684, 0.000000000000000000 ) ) ;
#9202 = CARTESIAN_POINT ( 'NONE',  ( 397.9999999999998863, 511.0000000000000000, -2.775557561562891351E-14 ) ) ;
#9203 = EDGE_LOOP ( 'NONE', ( #635, #8624 ) ) ;
#9204 = LINE ( 'NONE', #2995, #7332 ) ;
#9205 =( LENGTH_UNIT ( ) NAMED_UNIT ( * ) SI_UNIT ( .MILLI., .METRE. ) );
#9206 = ORIENTED_EDGE ( 'NONE', *, *, #4883, .T. ) ;
#9207 = CARTESIAN_POINT ( 'NONE',  ( 792.0000000000000000, 301.9999999999999432, 0.000000000000000000 ) ) ;
#9208 = EDGE_LOOP ( 'NONE', ( #9232, #2958 ) ) ;
#9209 = CARTESIAN_POINT ( 'NONE',  ( 458.4999999999999432, 302.0000000000000000, -11.49999999999984723 ) ) ;
#9210 = DIRECTION ( 'NONE',  ( 0.000000000000000000, -0.000000000000000000, 1.000000000000000000 ) ) ;
#9211 = VECTOR ( 'NONE', #2094, 1000.000000000000000 ) ;
#9212 = EDGE_CURVE ( 'NONE', #5400, #9644, #276, .T. ) ;
#9213 = AXIS2_PLACEMENT_3D ( 'NONE', #7746, #5601, #337 ) ;
#9214 = DIRECTION ( 'NONE',  ( 0.000000000000000000, 1.000000000000000000, 0.000000000000000000 ) ) ;
#9215 = DIRECTION ( 'NONE',  ( 1.000000000000000000, 0.000000000000000000, 0.000000000000000000 ) ) ;
#9216 = ORIENTED_EDGE ( 'NONE', *, *, #6834, .T. ) ;
#9217 = CARTESIAN_POINT ( 'NONE',  ( 458.4302519308006936, 76.94671193361858741, 3.632101255688740427 ) ) ;
#9218 = ADVANCED_FACE ( 'NONE', ( #3466 ), #4726, .F. ) ;
#9219 = DIRECTION ( 'NONE',  ( 1.000000000000000000, 0.000000000000000000, 0.000000000000000000 ) ) ;
#9220 = AXIS2_PLACEMENT_3D ( 'NONE', #7167, #2014, #3424 ) ;
#9221 = EDGE_CURVE ( 'NONE', #2921, #3831, #6242, .T. ) ;
#9222 = PLANE ( 'NONE',  #4296 ) ;
#9223 = DIRECTION ( 'NONE',  ( 0.000000000000000000, 0.000000000000000000, 1.000000000000000000 ) ) ;
#9224 = ORIENTED_EDGE ( 'NONE', *, *, #5730, .F. ) ;
#9225 = DIRECTION ( 'NONE',  ( 4.440892098500626162E-16, -6.938893903907225296E-18, 1.000000000000000000 ) ) ;
#9226 = ORIENTED_EDGE ( 'NONE', *, *, #6798, .T. ) ;
#9227 = CARTESIAN_POINT ( 'NONE',  ( 343.5000000000000000, 323.0000000000000000, -14.00000000000001243 ) ) ;
#9228 = EDGE_CURVE ( 'NONE', #7266, #9176, #6003, .T. ) ;
#9229 =( REPRESENTATION_RELATIONSHIP ('NONE','NONE', #5015, #1937 ) REPRESENTATION_RELATIONSHIP_WITH_TRANSFORMATION ( #9071 )SHAPE_REPRESENTATION_RELATIONSHIP( ) );
#9230 = AXIS2_PLACEMENT_3D ( 'NONE', #5663, #2690, #4156 ) ;
#9231 =( NAMED_UNIT ( * ) PLANE_ANGLE_UNIT ( ) SI_UNIT ( $, .RADIAN. ) );
#9232 = ORIENTED_EDGE ( 'NONE', *, *, #8882, .F. ) ;
#9233 = DIRECTION ( 'NONE',  ( -1.000000000000000000, 0.000000000000000000, 0.000000000000000000 ) ) ;
#9234 = CARTESIAN_POINT ( 'NONE',  ( 458.0917001862239886, 80.45114572423776167, -10.67152972219190943 ) ) ;
#9235 = DIRECTION ( 'NONE',  ( 0.000000000000000000, 0.000000000000000000, 1.000000000000000000 ) ) ;
#9236 = DIRECTION ( 'NONE',  ( 0.000000000000000000, 0.000000000000000000, 1.000000000000000000 ) ) ;
#9237 = ORIENTED_EDGE ( 'NONE', *, *, #211, .F. ) ;
#9238 = AXIS2_PLACEMENT_3D ( 'NONE', #7242, #2910, #5037 ) ;
#9239 = ADVANCED_FACE ( 'NONE', ( #9512 ), #8502, .T. ) ;
#9240 = CARTESIAN_POINT ( 'NONE',  ( 457.4730504942253333, 74.21012179958455590, 8.805946953359041984 ) ) ;
#9241 = ORIENTED_EDGE ( 'NONE', *, *, #5996, .T. ) ;
#9242 = DIRECTION ( 'NONE',  ( 0.000000000000000000, 0.000000000000000000, -1.000000000000000000 ) ) ;
#9243 = CARTESIAN_POINT ( 'NONE',  ( 24.99999999999991118, 46.00000000000005684, 10.50000000000006573 ) ) ;
#9244 = ADVANCED_BREP_SHAPE_REPRESENTATION ( '', ( #2651, #2670 ), #555 ) ;
#9245 = EDGE_CURVE ( 'NONE', #4776, #4327, #5076, .T. ) ;
#9246 = VERTEX_POINT ( 'NONE', #4785 ) ;
#9247 = CARTESIAN_POINT ( 'NONE',  ( 55.99999999999997158, 195.0000000000000000, 31.00000000000000000 ) ) ;
#9248 = VECTOR ( 'NONE', #1490, 1000.000000000000000 ) ;
#9249 = DIRECTION ( 'NONE',  ( -1.000000000000000000, -0.000000000000000000, -0.000000000000000000 ) ) ;
#9250 = ORIENTED_EDGE ( 'NONE', *, *, #8632, .T. ) ;
#9251 = UNCERTAINTY_MEASURE_WITH_UNIT (LENGTH_MEASURE( 1.000000000000000082E-05 ), #5519, 'distance_accuracy_value', 'NONE');
#9252 = EDGE_LOOP ( 'NONE', ( #7371, #217, #3308, #4274 ) ) ;
#9253 = DIRECTION ( 'NONE',  ( -4.440892098500626162E-16, 6.938893903907225296E-18, -1.000000000000000000 ) ) ;
#9254 = DIRECTION ( 'NONE',  ( 1.000000000000000000, 0.000000000000000000, 0.000000000000000000 ) ) ;
#9255 = ADVANCED_FACE ( 'NONE', ( #4842 ), #8436, .F. ) ;
#9256 = CARTESIAN_POINT ( 'NONE',  ( 0.000000000000000000, 60.00000000000012079, 15.00000000000006928 ) ) ;
#9257 = EDGE_LOOP ( 'NONE', ( #432, #7693, #9113, #2731 ) ) ;
#9258 = VECTOR ( 'NONE', #4710, 1000.000000000000000 ) ;
#9259 = FACE_OUTER_BOUND ( 'NONE', #8753, .T. ) ;
#9260 = EDGE_LOOP ( 'NONE', ( #8452, #8503, #972, #7674 ) ) ;
#9261 =( LENGTH_UNIT ( ) NAMED_UNIT ( * ) SI_UNIT ( .MILLI., .METRE. ) );
#9262 = STYLED_ITEM ( 'NONE', ( #4909 ), #3649 ) ;
#9263 = DIRECTION ( 'NONE',  ( -0.000000000000000000, -0.000000000000000000, -1.000000000000000000 ) ) ;
#9264 = CARTESIAN_POINT ( 'NONE',  ( 457.6533941124183116, 81.46524145935667605, -5.485479723370075611 ) ) ;
#9265 = ORIENTED_EDGE ( 'NONE', *, *, #7540, .T. ) ;
#9266 = CIRCLE ( 'NONE', #8592, 3.000000000000002665 ) ;
#9267 = CYLINDRICAL_SURFACE ( 'NONE', #4084, 3.000000000000004441 ) ;
#9268 = EDGE_LOOP ( 'NONE', ( #3550, #7750 ) ) ;
#9269 = CARTESIAN_POINT ( 'NONE',  ( 674.0000000000010232, 304.0000000000006821, 15.00000000000001421 ) ) ;
#9270 = ORIENTED_EDGE ( 'NONE', *, *, #7882, .F. ) ;
#9271 = CARTESIAN_POINT ( 'NONE',  ( 800.0000000000000000, 0.000000000000000000, 15.00000000000001421 ) ) ;
#9272 = EDGE_CURVE ( 'NONE', #6947, #4892, #6469, .T. ) ;
#9273 = DIRECTION ( 'NONE',  ( 0.000000000000000000, 0.000000000000000000, -1.000000000000000000 ) ) ;
#9274 = VECTOR ( 'NONE', #3903, 1000.000000000000000 ) ;
#9275 = CARTESIAN_POINT ( 'NONE',  ( 84.00000000000051159, 42.00000000000003553, 15.00000000000001421 ) ) ;
#9276 = FACE_OUTER_BOUND ( 'NONE', #7291, .T. ) ;
#9277 = LINE ( 'NONE', #396, #6353 ) ;
#9278 = CARTESIAN_POINT ( 'NONE',  ( 0.000000000000000000, 0.000000000000000000, -14.00000000000001243 ) ) ;
#9279 = VECTOR ( 'NONE', #144, 1000.000000000000000 ) ;
#9280 = DIRECTION ( 'NONE',  ( 0.000000000000000000, 0.000000000000000000, 1.000000000000000000 ) ) ;
#9281 = LINE ( 'NONE', #4258, #3692 ) ;
#9282 = EDGE_CURVE ( 'NONE', #9186, #6155, #2774, .T. ) ;
#9283 = CARTESIAN_POINT ( 'NONE',  ( 451.9999999999999432, 96.00000000000008527, 4.000000000000447642 ) ) ;
#9284 = CYLINDRICAL_SURFACE ( 'NONE', #8975, 13.00000000000001066 ) ;
#9285 = CARTESIAN_POINT ( 'NONE',  ( 343.5000000000000000, 323.0000000000000000, -15.00000000000012434 ) ) ;
#9286 = FACE_BOUND ( 'NONE', #5842, .T. ) ;
#9287 = AXIS2_PLACEMENT_3D ( 'NONE', #381, #3450, #9447 ) ;
#9288 = ADVANCED_FACE ( 'NONE', ( #5197 ), #9382, .T. ) ;
#9289 = DIRECTION ( 'NONE',  ( 1.000000000000000000, 0.000000000000000000, 0.000000000000000000 ) ) ;
#9290 = ORIENTED_EDGE ( 'NONE', *, *, #973, .F. ) ;
#9291 = DIRECTION ( 'NONE',  ( -1.000000000000000000, 0.000000000000000000, 0.000000000000000000 ) ) ;
#9292 = ORIENTED_EDGE ( 'NONE', *, *, #5855, .T. ) ;
#9293 = LINE ( 'NONE', #8522, #1479 ) ;
#9294 = ORIENTED_EDGE ( 'NONE', *, *, #8988, .F. ) ;
#9295 =( NAMED_UNIT ( * ) PLANE_ANGLE_UNIT ( ) SI_UNIT ( $, .RADIAN. ) );
#9296 = STYLED_ITEM ( 'NONE', ( #4004 ), #3181 ) ;
#9297 = ORIENTED_EDGE ( 'NONE', *, *, #7658, .T. ) ;
#9298 = EDGE_LOOP ( 'NONE', ( #6502, #9425, #1862, #9614 ) ) ;
#9299 = FACE_OUTER_BOUND ( 'NONE', #7191, .T. ) ;
#9300 = CARTESIAN_POINT ( 'NONE',  ( 216.4999999999999716, 272.0000000000000000, 3.000000000000002665 ) ) ;
#9301 = CARTESIAN_POINT ( 'NONE',  ( 458.2862821281613037, 79.79496568517302535, -11.08437474064874451 ) ) ;
#9302 = LINE ( 'NONE', #1030, #8701 ) ;
#9303 = SURFACE_STYLE_USAGE ( .BOTH. , #1767 ) ;
#9304 = DIRECTION ( 'NONE',  ( 0.000000000000000000, 0.000000000000000000, 1.000000000000000000 ) ) ;
#9305 = VERTEX_POINT ( 'NONE', #7965 ) ;
#9306 = VECTOR ( 'NONE', #8459, 1000.000000000000000 ) ;
#9307 = ORIENTED_EDGE ( 'NONE', *, *, #6822, .T. ) ;
#9308 = EDGE_LOOP ( 'NONE', ( #4587, #1069, #7359, #4181 ) ) ;
#9309 = CIRCLE ( 'NONE', #2763, 2.500000000000002220 ) ;
#9310 = CARTESIAN_POINT ( 'NONE',  ( 796.0000000000000000, 78.00000000000001421, 15.00000000000001421 ) ) ;
#9311 = CIRCLE ( 'NONE', #112, 3.000000000000007994 ) ;
#9312 = DIRECTION ( 'NONE',  ( -0.000000000000000000, 1.000000000000000000, -0.000000000000000000 ) ) ;
#9313 = ADVANCED_FACE ( 'NONE', ( #5435 ), #2878, .F. ) ;
#9314 = AXIS2_PLACEMENT_3D ( 'NONE', #2462, #7634, #6053 ) ;
#9315 = AXIS2_PLACEMENT_3D ( 'NONE', #4543, #8289, #186 ) ;
#9316 = DIRECTION ( 'NONE',  ( 0.000000000000000000, 0.000000000000000000, 1.000000000000000000 ) ) ;
#9317 = DIRECTION ( 'NONE',  ( -1.000000000000000000, 0.000000000000000000, 0.000000000000000000 ) ) ;
#9318 = ORIENTED_EDGE ( 'NONE', *, *, #487, .F. ) ;
#9319 = CIRCLE ( 'NONE', #7498, 4.000000000000023981 ) ;
#9320 = ORIENTED_EDGE ( 'NONE', *, *, #6042, .F. ) ;
#9321 = VERTEX_POINT ( 'NONE', #2723 ) ;
#9322 = DIRECTION ( 'NONE',  ( 1.000000000000000000, 0.000000000000000000, 0.000000000000000000 ) ) ;
#9323 = ORIENTED_EDGE ( 'NONE', *, *, #6024, .F. ) ;
#9324 = ORIENTED_EDGE ( 'NONE', *, *, #4703, .F. ) ;
#9325 = EDGE_CURVE ( 'NONE', #1195, #7295, #6702, .T. ) ;
#9326 = EDGE_CURVE ( 'NONE', #4626, #7207, #4488, .T. ) ;
#9327 = DIRECTION ( 'NONE',  ( -4.440892098500629120E-16, -6.938893903907225296E-18, 1.000000000000000000 ) ) ;
#9328 = FACE_OUTER_BOUND ( 'NONE', #7323, .T. ) ;
#9329 = EDGE_CURVE ( 'NONE', #3726, #4006, #867, .T. ) ;
#9330 = AXIS2_PLACEMENT_3D ( 'NONE', #619, #9481, #7376 ) ;
#9331 = ORIENTED_EDGE ( 'NONE', *, *, #4860, .T. ) ;
#9332 = CARTESIAN_POINT ( 'NONE',  ( 88.00000000000052580, 266.0000000000003411, 0.000000000000000000 ) ) ;
#9333 = CIRCLE ( 'NONE', #8798, 6.000000000000227374 ) ;
#9334 = AXIS2_PLACEMENT_3D ( 'NONE', #4732, #2443, #252 ) ;
#9335 = ORIENTED_EDGE ( 'NONE', *, *, #8115, .F. ) ;
#9336 = CARTESIAN_POINT ( 'NONE',  ( 164.2035941074868504, 195.0000000000000000, 31.00000000000000000 ) ) ;
#9337 = DIRECTION ( 'NONE',  ( 0.000000000000000000, 0.000000000000000000, 1.000000000000000000 ) ) ;
#9338 =( NAMED_UNIT ( * ) SI_UNIT ( $, .STERADIAN. ) SOLID_ANGLE_UNIT ( ) );
#9339 = VERTEX_POINT ( 'NONE', #1199 ) ;
#9340 = CARTESIAN_POINT ( 'NONE',  ( 674.0000000000010232, 304.0000000000006821, 9.000000000000007105 ) ) ;
#9341 = DIRECTION ( 'NONE',  ( 0.000000000000000000, -1.000000000000000000, 0.000000000000000000 ) ) ;
#9342 = DIRECTION ( 'NONE',  ( -0.000000000000000000, -0.000000000000000000, -1.000000000000000000 ) ) ;
#9343 = VERTEX_POINT ( 'NONE', #8703 ) ;
#9344 = DIRECTION ( 'NONE',  ( 1.000000000000000000, 0.000000000000000000, 0.000000000000000000 ) ) ;
#9345 = EDGE_CURVE ( 'NONE', #9321, #4458, #9029, .T. ) ;
#9346 = PLANE ( 'NONE',  #9477 ) ;
#9347 = AXIS2_PLACEMENT_3D ( 'NONE', #677, #413, #5903 ) ;
#9348 = PRODUCT_DEFINITION_FORMATION_WITH_SPECIFIED_SOURCE ( 'ANY', '', #5829, .NOT_KNOWN. ) ;
#9349 = DIRECTION ( 'NONE',  ( 0.000000000000000000, 0.000000000000000000, 1.000000000000000000 ) ) ;
#9350 = DIRECTION ( 'NONE',  ( 0.000000000000000000, 0.000000000000000000, 1.000000000000000000 ) ) ;
#9351 = ADVANCED_FACE ( 'NONE', ( #8550 ), #4225, .T. ) ;
#9352 = DIRECTION ( 'NONE',  ( 0.000000000000000000, 0.000000000000000000, -1.000000000000000000 ) ) ;
#9353 = DIRECTION ( 'NONE',  ( 0.000000000000000000, -0.000000000000000000, 1.000000000000000000 ) ) ;
#9354 = ORIENTED_EDGE ( 'NONE', *, *, #9158, .T. ) ;
#9355 = DIRECTION ( 'NONE',  ( 1.000000000000000000, 0.000000000000000000, 0.000000000000000000 ) ) ;
#9356 = DIRECTION ( 'NONE',  ( 0.000000000000000000, 1.000000000000000000, 0.000000000000000000 ) ) ;
#9357 = CARTESIAN_POINT ( 'NONE',  ( 674.0000000000010232, 42.00000000000014921, 15.00000000000001421 ) ) ;
#9358 = VERTEX_POINT ( 'NONE', #5775 ) ;
#9359 = DIRECTION ( 'NONE',  ( 1.000000000000000000, 0.000000000000000000, 0.000000000000000000 ) ) ;
#9360 = AXIS2_PLACEMENT_3D ( 'NONE', #4507, #5240, #8967 ) ;
#9361 = CARTESIAN_POINT ( 'NONE',  ( 40.00000000000003553, 78.00000000000001421, 10.49999999999995381 ) ) ;
#9362 = EDGE_LOOP ( 'NONE', ( #7040, #8956, #8993, #8579 ) ) ;
#9363 = DIRECTION ( 'NONE',  ( 0.000000000000000000, 0.000000000000000000, 1.000000000000000000 ) ) ;
#9364 = AXIS2_PLACEMENT_3D ( 'NONE', #1757, #6255, #319 ) ;
#9365 = ORIENTED_EDGE ( 'NONE', *, *, #6804, .T. ) ;
#9366 = DIRECTION ( 'NONE',  ( -0.000000000000000000, -0.000000000000000000, -1.000000000000000000 ) ) ;
#9367 = ADVANCED_FACE ( 'NONE', ( #7170 ), #617, .F. ) ;
#9368 = ORIENTED_EDGE ( 'NONE', *, *, #3171, .F. ) ;
#9369 = EDGE_CURVE ( 'NONE', #5608, #9078, #2655, .T. ) ;
#9370 = VERTEX_POINT ( 'NONE', #508 ) ;
#9371 = AXIS2_PLACEMENT_3D ( 'NONE', #6831, #5388, #8307 ) ;
#9372 =( NAMED_UNIT ( * ) PLANE_ANGLE_UNIT ( ) SI_UNIT ( $, .RADIAN. ) );
#9373 = CARTESIAN_POINT ( 'NONE',  ( 485.0000000000000000, 380.0000000000000000, -15.00000000000012434 ) ) ;
#9374 = DIRECTION ( 'NONE',  ( -0.000000000000000000, 0.000000000000000000, 1.000000000000000000 ) ) ;
#9375 = CARTESIAN_POINT ( 'NONE',  ( 213.9999999999999716, 47.99999999999998579, 15.00000000000001421 ) ) ;
#9376 = ORIENTED_EDGE ( 'NONE', *, *, #3179, .F. ) ;
#9377 = ORIENTED_EDGE ( 'NONE', *, *, #5313, .T. ) ;
#9378 = AXIS2_PLACEMENT_3D ( 'NONE', #8031, #3672, #9380 ) ;
#9379 = ORIENTED_EDGE ( 'NONE', *, *, #7720, .F. ) ;
#9380 = DIRECTION ( 'NONE',  ( -1.000000000000000000, 0.000000000000000000, -0.000000000000000000 ) ) ;
#9381 = PLANE ( 'NONE',  #5738 ) ;
#9382 = PLANE ( 'NONE',  #6809 ) ;
#9383 = CARTESIAN_POINT ( 'NONE',  ( 767.4999999999998863, 8.326672684688674053E-14, 15.00000000000006928 ) ) ;
#9384 = EDGE_CURVE ( 'NONE', #6274, #4089, #1583, .T. ) ;
#9385 = B_SPLINE_CURVE_WITH_KNOTS ( 'NONE', 3,
 ( #1624, #7656, #6883, #8390, #5373, #2409, #2378, #7561, #4699, #226, #1581, #6774, #1683, #2352, #7517, #3124, #3839, #4635, #9136, #98, #152, #5398, #886, #5325, #6126, #2448, #7622, #3193, #3923, #2547, #1118, #4869, #4780, #6328, #4056, #7035, #1857, #9209 ),
 .UNSPECIFIED., .F., .F.,
 ( 4, 2, 2, 2, 2, 2, 2, 2, 2, 2, 2, 2, 2, 2, 2, 2, 2, 2, 4 ),
 ( 0.000000000000000000, 0.0007973883807057019924, 0.001594776761411403985, 0.002392165142117106194, 0.003189553522822807970, 0.003986941903528509745, 0.004784330284234212388, 0.005581718664939914164, 0.006379107045645615939, 0.006777801235998467261, 0.007176495426351318582, 0.007973883807056962245, 0.008771272187762605907, 0.009568660568468249569, 0.01036604894917389323, 0.01116343732987953689, 0.01156213152023228413, 0.01196082571058502964, 0.01275821409129069932 ),
 .UNSPECIFIED. ) ;
#9386 = EDGE_LOOP ( 'NONE', ( #4289, #7385 ) ) ;
#9387 = DIRECTION ( 'NONE',  ( 0.000000000000000000, 0.000000000000000000, -1.000000000000000000 ) ) ;
#9388 = DIRECTION ( 'NONE',  ( 1.000000000000000000, 0.000000000000000000, 0.000000000000000000 ) ) ;
#9389 = EDGE_CURVE ( 'NONE', #3561, #384, #1240, .T. ) ;
#9390 = ORIENTED_EDGE ( 'NONE', *, *, #6313, .T. ) ;
#9391 = DIRECTION ( 'NONE',  ( 0.000000000000000000, 0.000000000000000000, 1.000000000000000000 ) ) ;
#9392 = FACE_OUTER_BOUND ( 'NONE', #1927, .T. ) ;
#9393 = ORIENTED_EDGE ( 'NONE', *, *, #6183, .T. ) ;
#9394 = CARTESIAN_POINT ( 'NONE',  ( 451.9999999999998863, 143.9999999999996874, 4.000000000000225597 ) ) ;
#9395 = VECTOR ( 'NONE', #1476, 1000.000000000000000 ) ;
#9396 = CIRCLE ( 'NONE', #8765, 2.500000000000002220 ) ;
#9397 = ORIENTED_EDGE ( 'NONE', *, *, #1647, .F. ) ;
#9398 = ADVANCED_FACE ( 'NONE', ( #4142 ), #8067, .F. ) ;
#9399 = CARTESIAN_POINT ( 'NONE',  ( 451.9999999999999432, 284.0000000000000568, 4.000000000000225597 ) ) ;
#9400 = EDGE_CURVE ( 'NONE', #4871, #7704, #4367, .T. ) ;
#9401 = CYLINDRICAL_SURFACE ( 'NONE', #5361, 6.000000000000116351 ) ;
#9402 = AXIS2_PLACEMENT_3D ( 'NONE', #5552, #4087, #9064 ) ;
#9403 = SURFACE_SIDE_STYLE ('',( #3517 ) ) ;
#9404 = AXIS2_PLACEMENT_3D ( 'NONE', #2042, #3534, #7228 ) ;
#9405 = CARTESIAN_POINT ( 'NONE',  ( 457.3484004815984463, 74.00649801620880908, -7.764350776979101809 ) ) ;
#9406 = DIRECTION ( 'NONE',  ( -1.000000000000000000, 0.000000000000000000, 0.000000000000000000 ) ) ;
#9407 = CARTESIAN_POINT ( 'NONE',  ( 92.00000000000052580, 42.00000000000003553, 9.000000000000007105 ) ) ;
#9408 = CIRCLE ( 'NONE', #8161, 2.500000000000002220 ) ;
#9409 = LINE ( 'NONE', #8174, #6823 ) ;
#9410 = FACE_OUTER_BOUND ( 'NONE', #2483, .T. ) ;
#9411 = LINE ( 'NONE', #1510, #6943 ) ;
#9412 = CARTESIAN_POINT ( 'NONE',  ( 451.9999999999998863, 380.0000000000000000, 2.220446049250313081E-13 ) ) ;
#9413 = AXIS2_PLACEMENT_3D ( 'NONE', #7305, #1407, #5850 ) ;
#9414 = ADVANCED_FACE ( 'NONE', ( #438 ), #4408, .F. ) ;
#9415 = EDGE_CURVE ( 'NONE', #3016, #4689, #4080, .T. ) ;
#9416 = CARTESIAN_POINT ( 'NONE',  ( 458.2862821281613037, 303.7949656851729969, -11.08437474064875872 ) ) ;
#9417 = VECTOR ( 'NONE', #4907, 1000.000000000000000 ) ;
#9418 = CARTESIAN_POINT ( 'NONE',  ( 629.0000000000010232, 170.0000000000001990, 0.000000000000000000 ) ) ;
#9419 = LINE ( 'NONE', #8613, #4736 ) ;
#9420 = ORIENTED_EDGE ( 'NONE', *, *, #2205, .F. ) ;
#9421 = CYLINDRICAL_SURFACE ( 'NONE', #6477, 4.000000000000023981 ) ;
#9422 = FACE_OUTER_BOUND ( 'NONE', #8389, .T. ) ;
#9423 = DIRECTION ( 'NONE',  ( -1.000000000000000000, 0.000000000000000000, 0.000000000000000000 ) ) ;
#9424 = ORIENTED_EDGE ( 'NONE', *, *, #4883, .F. ) ;
#9425 = ORIENTED_EDGE ( 'NONE', *, *, #1618, .T. ) ;
#9426 = EDGE_CURVE ( 'NONE', #446, #532, #2927, .T. ) ;
#9427 = LINE ( 'NONE', #4113, #5452 ) ;
#9428 = CARTESIAN_POINT ( 'NONE',  ( 742.4999999999998863, 13.99999999999999822, 4.500000000000061284 ) ) ;
#9429 = VERTEX_POINT ( 'NONE', #1488 ) ;
#9430 = AXIS2_PLACEMENT_3D ( 'NONE', #9332, #4103, #4762 ) ;
#9431 = ORIENTED_EDGE ( 'NONE', *, *, #8645, .F. ) ;
#9432 = LINE ( 'NONE', #5896, #2316 ) ;
#9433 = VECTOR ( 'NONE', #3964, 1000.000000000000227 ) ;
#9434 = CARTESIAN_POINT ( 'NONE',  ( 62.99999999999997158, 155.0000000000000000, 15.49999999999999822 ) ) ;
#9435 = DIRECTION ( 'NONE',  ( 1.000000000000000000, 0.000000000000000000, 0.000000000000000000 ) ) ;
#9436 = ITEM_DEFINED_TRANSFORMATION ( 'NONE', 'NONE', #8934,  #2670 ) ;
#9437 = VERTEX_POINT ( 'NONE', #1362 ) ;
#9438 = FACE_OUTER_BOUND ( 'NONE', #8252, .T. ) ;
#9439 = VERTEX_POINT ( 'NONE', #5064 ) ;
#9440 = EDGE_LOOP ( 'NONE', ( #6144, #4229, #6657, #9493 ) ) ;
#9441 = ORIENTED_EDGE ( 'NONE', *, *, #3383, .F. ) ;
#9442 = PLANE ( 'NONE',  #890 ) ;
#9443 = DIRECTION ( 'NONE',  ( -4.440892098500626162E-16, 6.938893903907225296E-18, -1.000000000000000000 ) ) ;
#9444 = VERTEX_POINT ( 'NONE', #1403 ) ;
#9445 = VECTOR ( 'NONE', #5403, 1000.000000000000000 ) ;
#9446 = CYLINDRICAL_SURFACE ( 'NONE', #5864, 2.500000000000002220 ) ;
#9447 = DIRECTION ( 'NONE',  ( 1.000000000000000000, 0.000000000000000000, 0.000000000000000000 ) ) ;
#9448 = ORIENTED_EDGE ( 'NONE', *, *, #2661, .T. ) ;
#9449 = CARTESIAN_POINT ( 'NONE',  ( 632.0000000000007958, 266.0000000000004547, 0.000000000000000000 ) ) ;
#9450 = EDGE_LOOP ( 'NONE', ( #2815, #6758, #2192, #2650 ) ) ;
#9451 = ADVANCED_FACE ( 'NONE', ( #9086 ), #5477, .F. ) ;
#9452 = VERTEX_POINT ( 'NONE', #8029 ) ;
#9453 = DIRECTION ( 'NONE',  ( 4.440892098500629120E-16, 6.938893903907225296E-18, -1.000000000000000000 ) ) ;
#9454 = LINE ( 'NONE', #8011, #9211 ) ;
#9455 = ORIENTED_EDGE ( 'NONE', *, *, #2292, .F. ) ;
#9456 = EDGE_CURVE ( 'NONE', #3725, #1435, #3159, .T. ) ;
#9457 = CARTESIAN_POINT ( 'NONE',  ( 111.0000000000000711, 362.0000000000001137, 3.000000000000107914 ) ) ;
#9458 = EDGE_CURVE ( 'NONE', #4613, #197, #3274, .T. ) ;
#9459 = CARTESIAN_POINT ( 'NONE',  ( 0.000000000000000000, 0.000000000000000000, 14.00000000000001243 ) ) ;
#9460 = AXIS2_PLACEMENT_3D ( 'NONE', #8139, #7373, #1414 ) ;
#9461 = COLOUR_RGB ( '',1.000000000000000000, 1.000000000000000000, 1.000000000000000000 ) ;
#9462 = PRESENTATION_LAYER_ASSIGNMENT (  '', '', ( #2918 ) ) ;
#9463 = ADVANCED_FACE ( 'NONE', ( #8120 ), #7212, .F. ) ;
#9464 = DIRECTION ( 'NONE',  ( 0.000000000000000000, 0.000000000000000000, 1.000000000000000000 ) ) ;
#9465 = ORIENTED_EDGE ( 'NONE', *, *, #807, .T. ) ;
#9466 = EDGE_LOOP ( 'NONE', ( #1899, #7801, #2607, #5579, #8098, #9118 ) ) ;
#9467 = EDGE_CURVE ( 'NONE', #7059, #1156, #6054, .T. ) ;
#9468 = DIRECTION ( 'NONE',  ( 0.000000000000000000, 0.000000000000000000, 1.000000000000000000 ) ) ;
#9469 = AXIS2_PLACEMENT_3D ( 'NONE', #8316, #3163, #3894 ) ;
#9470 = DIRECTION ( 'NONE',  ( -0.000000000000000000, 0.000000000000000000, 1.000000000000000000 ) ) ;
#9471 = VERTEX_POINT ( 'NONE', #8057 ) ;
#9472 = CARTESIAN_POINT ( 'NONE',  ( 33.20359410748688589, 0.000000000000000000, 0.000000000000000000 ) ) ;
#9473 = ORIENTED_EDGE ( 'NONE', *, *, #3195, .T. ) ;
#9474 = CARTESIAN_POINT ( 'NONE',  ( 397.9999999999998863, 511.0000000000000000, 2.999999999999975131 ) ) ;
#9475 = DIRECTION ( 'NONE',  ( 1.000000000000000000, 0.000000000000000000, 0.000000000000000000 ) ) ;
#9476 = B_SPLINE_CURVE_WITH_KNOTS ( 'NONE', 3,
 ( #3492, #3571, #8669, #6490, #8638, #9416, #3458, #481, #4252, #2053, #2838, #5731, #7238, #7911, #2748, #5697, #8757, #9535, #2022, #6409, #2779, #6429, #7937, #7966, #3520, #1962, #3546, #5034, #4410, #4340, #7301, #3671, #5193, #9598 ),
 .UNSPECIFIED., .F., .F.,
 ( 4, 2, 2, 2, 2, 2, 2, 2, 2, 2, 2, 2, 2, 2, 2, 2, 4 ),
 ( 0.01275821409129069932, 0.01355384654690219848, 0.01434947900251369590, 0.01514511145812519506, 0.01594074391373669422, 0.01673637636934819165, 0.01753200882495969254, 0.01832764128057118996, 0.01912327373618268739, 0.01991890619179418481, 0.02071453864740568571, 0.02151017110301718660, 0.02230580355862868402, 0.02310143601424018145, 0.02389706846985167887, 0.02469270092546317630, 0.02548833338107467719 ),
 .UNSPECIFIED. ) ;
#9477 = AXIS2_PLACEMENT_3D ( 'NONE', #1168, #6360, #7909 ) ;
#9478 = CARTESIAN_POINT ( 'NONE',  ( 457.7954076220175352, 298.8222386035812406, 5.056956085018326164 ) ) ;
#9479 = EDGE_LOOP ( 'NONE', ( #1377, #9640, #9237, #7980 ) ) ;
#9480 = DIRECTION ( 'NONE',  ( 0.000000000000000000, 0.000000000000000000, 1.000000000000000000 ) ) ;
#9481 = DIRECTION ( 'NONE',  ( 0.000000000000000000, 0.000000000000000000, -1.000000000000000000 ) ) ;
#9482 = ORIENTED_EDGE ( 'NONE', *, *, #6933, .T. ) ;
#9483 = AXIS2_PLACEMENT_3D ( 'NONE', #7822, #8573, #9359 ) ;
#9484 = ADVANCED_FACE ( 'NONE', ( #8836 ), #3961, .F. ) ;
#9485 = CARTESIAN_POINT ( 'NONE',  ( 0.000000000000000000, 0.000000000000000000, 1.499999999999945821 ) ) ;
#9486 = VERTEX_POINT ( 'NONE', #8831 ) ;
#9487 =( NAMED_UNIT ( * ) SI_UNIT ( $, .STERADIAN. ) SOLID_ANGLE_UNIT ( ) );
#9488 = VERTEX_POINT ( 'NONE', #9596 ) ;
#9489 = DIRECTION ( 'NONE',  ( 1.000000000000000000, 0.000000000000000000, 0.000000000000000000 ) ) ;
#9490 = ORIENTED_EDGE ( 'NONE', *, *, #3407, .F. ) ;
#9491 = CIRCLE ( 'NONE', #2644, 4.000000000000017764 ) ;
#9492 = LINE ( 'NONE', #7728, #7258 ) ;
#9493 = ORIENTED_EDGE ( 'NONE', *, *, #8685, .F. ) ;
#9494 = AXIS2_PLACEMENT_3D ( 'NONE', #349, #5618, #4111 ) ;
#9495 = CARTESIAN_POINT ( 'NONE',  ( 340.9999999999999432, 323.0000000000000000, 14.00000000000001243 ) ) ;
#9496 = PLANE ( 'NONE',  #5983 ) ;
#9497 = CARTESIAN_POINT ( 'NONE',  ( 278.0000000000000000, 47.99999999999998579, 15.00000000000001421 ) ) ;
#9498 = ADVANCED_FACE ( 'NONE', ( #1281 ), #924, .F. ) ;
#9499 = DIRECTION ( 'NONE',  ( 0.000000000000000000, -1.000000000000000000, 0.000000000000000000 ) ) ;
#9500 = EDGE_CURVE ( 'NONE', #8323, #6619, #7783, .T. ) ;
#9501 = EDGE_CURVE ( 'NONE', #3032, #4804, #1410, .T. ) ;
#9502 = ORIENTED_EDGE ( 'NONE', *, *, #2024, .F. ) ;
#9503 = CARTESIAN_POINT ( 'NONE',  ( 0.000000000000000000, 0.000000000000000000, -15.00000000000012434 ) ) ;
#9504 = DIRECTION ( 'NONE',  ( 0.000000000000000000, 0.000000000000000000, 1.000000000000000000 ) ) ;
#9505 = CIRCLE ( 'NONE', #3929, 4.000000000000006217 ) ;
#9506 = EDGE_CURVE ( 'NONE', #7887, #5653, #9333, .T. ) ;
#9507 = VECTOR ( 'NONE', #7231, 1000.000000000000000 ) ;
#9508 = AXIS2_PLACEMENT_3D ( 'NONE', #3613, #7393, #8131 ) ;
#9509 = ORIENTED_EDGE ( 'NONE', *, *, #340, .F. ) ;
#9510 = DIRECTION ( 'NONE',  ( -0.000000000000000000, 0.000000000000000000, 1.000000000000000000 ) ) ;
#9511 = PRODUCT ( 'Pata 190', 'Pata 190', '', ( #7614 ) ) ;
#9512 = FACE_OUTER_BOUND ( 'NONE', #7015, .T. ) ;
#9513 = CARTESIAN_POINT ( 'NONE',  ( 24.99999999999991118, 13.99999999999999822, 7.500000000000062172 ) ) ;
#9514 = CARTESIAN_POINT ( 'NONE',  ( 674.0000000000010232, 292.0000000000003411, 9.000000000000007105 ) ) ;
#9515 = FACE_BOUND ( 'NONE', #6102, .T. ) ;
#9516 = VECTOR ( 'NONE', #4035, 1000.000000000000000 ) ;
#9517 = VECTOR ( 'NONE', #405, 1000.000000000000000 ) ;
#9518 = EDGE_CURVE ( 'NONE', #5595, #5959, #2112, .T. ) ;
#9519 = FACE_BOUND ( 'NONE', #2023, .T. ) ;
#9520 = AXIS2_PLACEMENT_3D ( 'NONE', #5497, #3902, #936 ) ;
#9521 = CARTESIAN_POINT ( 'NONE',  ( 15.50000000000000711, 231.5000000000000568, 320.0000000000000000 ) ) ;
#9522 = DIRECTION ( 'NONE',  ( -0.000000000000000000, -0.000000000000000000, -1.000000000000000000 ) ) ;
#9523 = VECTOR ( 'NONE', #3860, 1000.000000000000000 ) ;
#9524 = VECTOR ( 'NONE', #3957, 1000.000000000000000 ) ;
#9525 = VERTEX_POINT ( 'NONE', #9025 ) ;
#9526 = ORIENTED_EDGE ( 'NONE', *, *, #8485, .T. ) ;
#9527 = VECTOR ( 'NONE', #8630, 1000.000000000000000 ) ;
#9528 = ORIENTED_EDGE ( 'NONE', *, *, #7865, .F. ) ;
#9529 = EDGE_CURVE ( 'NONE', #6087, #796, #8603, .T. ) ;
#9530 = ORIENTED_EDGE ( 'NONE', *, *, #496, .F. ) ;
#9531 = ORIENTED_EDGE ( 'NONE', *, *, #8186, .F. ) ;
#9532 = CYLINDRICAL_SURFACE ( 'NONE', #2945, 4.000000000000003553 ) ;
#9533 = VECTOR ( 'NONE', #1772, 1000.000000000000000 ) ;
#9534 = AXIS2_PLACEMENT_3D ( 'NONE', #648, #8706, #4280 ) ;
#9535 = CARTESIAN_POINT ( 'NONE',  ( 457.3440433568522963, 306.0003892439281685, -7.240669793945392563 ) ) ;
#9536 = CARTESIAN_POINT ( 'NONE',  ( 46.00000000000004263, 36.00000000000002842, 15.00000000000001421 ) ) ;
#9537 = ORIENTED_EDGE ( 'NONE', *, *, #1901, .F. ) ;
#9538 = FACE_OUTER_BOUND ( 'NONE', #917, .T. ) ;
#9539 = ORIENTED_EDGE ( 'NONE', *, *, #657, .T. ) ;
#9540 = VERTEX_POINT ( 'NONE', #3064 ) ;
#9541 = ORIENTED_EDGE ( 'NONE', *, *, #6872, .T. ) ;
#9542 = CIRCLE ( 'NONE', #8583, 3.000000000000002665 ) ;
#9543 = CARTESIAN_POINT ( 'NONE',  ( 458.2866783060232478, 300.2068896588988878, 3.914835784499721250 ) ) ;
#9544 = LINE ( 'NONE', #2588, #7315 ) ;
#9545 = CARTESIAN_POINT ( 'NONE',  ( 88.00000000000052580, 170.0000000000001990, 15.00000000000001421 ) ) ;
#9546 = CONTEXT_DEPENDENT_SHAPE_REPRESENTATION ( #7648, #3252 ) ;
#9547 = EDGE_CURVE ( 'NONE', #6311, #5752, #1517, .T. ) ;
#9548 = CARTESIAN_POINT ( 'NONE',  ( 792.0000000000000000, 302.0000000000000000, 15.00000000000001421 ) ) ;
#9549 = CARTESIAN_POINT ( 'NONE',  ( 632.0000000000010232, 74.00000000000017053, 0.000000000000000000 ) ) ;
#9550 = ORIENTED_EDGE ( 'NONE', *, *, #7918, .T. ) ;
#9551 = FACE_BOUND ( 'NONE', #2583, .T. ) ;
#9552 = EDGE_LOOP ( 'NONE', ( #8572, #9323, #3310, #1863 ) ) ;
#9553 = AXIS2_PLACEMENT_3D ( 'NONE', #8048, #2136, #8117 ) ;
#9554 = EDGE_LOOP ( 'NONE', ( #5232, #3619, #7548, #8133 ) ) ;
#9555 = ORIENTED_EDGE ( 'NONE', *, *, #6314, .T. ) ;
#9556 = ORIENTED_EDGE ( 'NONE', *, *, #7630, .F. ) ;
#9557 = CARTESIAN_POINT ( 'NONE',  ( 0.000000000000000000, 0.000000000000000000, -14.00000000000001243 ) ) ;
#9558 = ADVANCED_FACE ( 'NONE', ( #8957 ), #4598, .T. ) ;
#9559 = DIRECTION ( 'NONE',  ( -1.000000000000000000, 0.000000000000000000, 0.000000000000000000 ) ) ;
#9560 = CIRCLE ( 'NONE', #5744, 4.000000000000003553 ) ;
#9561 =( NAMED_UNIT ( * ) PLANE_ANGLE_UNIT ( ) SI_UNIT ( $, .RADIAN. ) );
#9562 = DIRECTION ( 'NONE',  ( 9.860761315262643189E-32, 1.000000000000000000, 6.938893903907225296E-18 ) ) ;
#9563 = CARTESIAN_POINT ( 'NONE',  ( 149.9999999999999716, 272.0000000000000000, -15.00000000000012434 ) ) ;
#9564 = AXIS2_PLACEMENT_3D ( 'NONE', #604, #2215, #6752 ) ;
#9565 = MANIFOLD_SOLID_BREP ( 'Cortar-Extruir1', #8574 ) ;
#9566 = ORIENTED_EDGE ( 'NONE', *, *, #9245, .T. ) ;
#9567 = LINE ( 'NONE', #2510, #3733 ) ;
#9568 = CARTESIAN_POINT ( 'NONE',  ( 55.99999999999996447, 195.0000000000000000, 21.50000000000000000 ) ) ;
#9569 = ORIENTED_EDGE ( 'NONE', *, *, #6515, .F. ) ;
#9570 = EDGE_CURVE ( 'NONE', #3538, #5262, #3858, .T. ) ;
#9571 = CARTESIAN_POINT ( 'NONE',  ( 90.50000000000052580, 266.0000000000003411, 15.00000000000001421 ) ) ;
#9572 = EDGE_CURVE ( 'NONE', #7474, #5905, #3505, .T. ) ;
#9573 = DIRECTION ( 'NONE',  ( -0.000000000000000000, -0.000000000000000000, 1.000000000000000000 ) ) ;
#9574 = CARTESIAN_POINT ( 'NONE',  ( 82.49999999999995737, 323.0000000000000000, 14.00000000000001243 ) ) ;
#9575 = ORIENTED_EDGE ( 'NONE', *, *, #3332, .T. ) ;
#9576 = DIRECTION ( 'NONE',  ( 0.000000000000000000, 0.000000000000000000, 1.000000000000000000 ) ) ;
#9577 = CARTESIAN_POINT ( 'NONE',  ( 439.2089883689056933, 348.1640233375465527, -15.00000000000012434 ) ) ;
#9578 = CARTESIAN_POINT ( 'NONE',  ( 458.2271227098324857, 299.9825646480349519, 10.96380621849312398 ) ) ;
#9579 = DIRECTION ( 'NONE',  ( 0.000000000000000000, 0.000000000000000000, -1.000000000000000000 ) ) ;
#9580 = EDGE_LOOP ( 'NONE', ( #1095, #3099 ) ) ;
#9581 = DIRECTION ( 'NONE',  ( 0.000000000000000000, 0.000000000000000000, 1.000000000000000000 ) ) ;
#9582 = AXIS2_PLACEMENT_3D ( 'NONE', #822, #6781, #3045 ) ;
#9583 = ORIENTED_EDGE ( 'NONE', *, *, #7177, .T. ) ;
#9584 = MECHANICAL_DESIGN_GEOMETRIC_PRESENTATION_REPRESENTATION (  '', ( #5270 ), #7869 ) ;
#9585 = CARTESIAN_POINT ( 'NONE',  ( 0.000000000000000000, 380.0000000000000000, 0.000000000000000000 ) ) ;
#9586 = DIRECTION ( 'NONE',  ( 1.000000000000000000, 0.000000000000000000, 0.000000000000000000 ) ) ;
#9587 = ORIENTED_EDGE ( 'NONE', *, *, #4914, .T. ) ;
#9588 = DIRECTION ( 'NONE',  ( 0.000000000000000000, -1.000000000000000000, 1.224646799147353207E-16 ) ) ;
#9589 = DIRECTION ( 'NONE',  ( 0.000000000000000000, -0.000000000000000000, 1.000000000000000000 ) ) ;
#9590 = DIRECTION ( 'NONE',  ( 0.000000000000000000, 0.000000000000000000, 1.000000000000000000 ) ) ;
#9591 = EDGE_LOOP ( 'NONE', ( #5957, #4629, #5515, #2730 ) ) ;
#9592 = EDGE_CURVE ( 'NONE', #5038, #4216, #8354, .T. ) ;
#9593 =( NAMED_UNIT ( * ) PLANE_ANGLE_UNIT ( ) SI_UNIT ( $, .RADIAN. ) );
#9594 = EDGE_LOOP ( 'NONE', ( #1991, #1800 ) ) ;
#9595 = CARTESIAN_POINT ( 'NONE',  ( 794.5000000000000000, 302.0000000000000000, 15.00000000000001421 ) ) ;
#9596 = CARTESIAN_POINT ( 'NONE',  ( 451.9999999999999432, 288.0000000000000568, 4.000000000000003553 ) ) ;
#9597 = ADVANCED_FACE ( 'NONE', ( #2464 ), #6066, .T. ) ;
#9598 = CARTESIAN_POINT ( 'NONE',  ( 458.4999999999999432, 302.0000000000000000, -3.499999999999836575 ) ) ;
#9599 = FACE_OUTER_BOUND ( 'NONE', #935, .T. ) ;
#9600 = DIRECTION ( 'NONE',  ( 1.000000000000000000, 0.000000000000000000, 0.000000000000000000 ) ) ;
#9601 = ORIENTED_EDGE ( 'NONE', *, *, #7915, .F. ) ;
#9602 = CARTESIAN_POINT ( 'NONE',  ( 108.2035941074868930, -6.907806440147400806E-18, 31.00000000000000000 ) ) ;
#9603 = EDGE_CURVE ( 'NONE', #9616, #8647, #1172, .T. ) ;
#9604 = EDGE_LOOP ( 'NONE', ( #8640, #3990 ) ) ;
#9605 = EDGE_LOOP ( 'NONE', ( #4936, #6555, #8497, #5120 ) ) ;
#9606 = AXIS2_PLACEMENT_3D ( 'NONE', #5483, #4692, #3149 ) ;
#9607 = CARTESIAN_POINT ( 'NONE',  ( 457.5873277670977473, 298.4124605812057780, 5.711992970504214284 ) ) ;
#9608 = DIRECTION ( 'NONE',  ( -0.000000000000000000, 0.000000000000000000, 1.000000000000000000 ) ) ;
#9609 = CIRCLE ( 'NONE', #4801, 6.000000000000005329 ) ;
#9610 = ORIENTED_EDGE ( 'NONE', *, *, #7123, .T. ) ;
#9611 = AXIS2_PLACEMENT_3D ( 'NONE', #2261, #1566, #7406 ) ;
#9612 = DIRECTION ( 'NONE',  ( 0.000000000000000000, 0.000000000000000000, -1.000000000000000000 ) ) ;
#9613 = DIRECTION ( 'NONE',  ( -0.000000000000000000, 0.000000000000000000, 1.000000000000000000 ) ) ;
#9614 = ORIENTED_EDGE ( 'NONE', *, *, #6895, .F. ) ;
#9615 = LINE ( 'NONE', #6357, #5879 ) ;
#9616 = VERTEX_POINT ( 'NONE', #3121 ) ;
#9617 = LINE ( 'NONE', #8939, #7955 ) ;
#9618 = VECTOR ( 'NONE', #7659, 1000.000000000000000 ) ;
#9619 = DIRECTION ( 'NONE',  ( 1.000000000000000000, 0.000000000000000000, 0.000000000000000000 ) ) ;
#9620 = SURFACE_STYLE_USAGE ( .BOTH. , #630 ) ;
#9621 = ORIENTED_EDGE ( 'NONE', *, *, #951, .F. ) ;
#9622 = DIRECTION ( 'NONE',  ( 9.860761315262643189E-32, 1.000000000000000000, 6.938893903907225296E-18 ) ) ;
#9623 = AXIS2_PLACEMENT_3D ( 'NONE', #5288, #1491, #7488 ) ;
#9624 = CARTESIAN_POINT ( 'NONE',  ( 674.0000000000010232, 298.0000000000004547, 9.000000000000007105 ) ) ;
#9625 = CIRCLE ( 'NONE', #5533, 4.000000000000003553 ) ;
#9626 = FACE_OUTER_BOUND ( 'NONE', #1389, .T. ) ;
#9627 = DIRECTION ( 'NONE',  ( -7.304098846218140584E-16, 1.000000000000000000, 0.000000000000000000 ) ) ;
#9628 =( NAMED_UNIT ( * ) SI_UNIT ( $, .STERADIAN. ) SOLID_ANGLE_UNIT ( ) );
#9629 = EDGE_CURVE ( 'NONE', #1516, #8751, #1639, .T. ) ;
#9630 = CARTESIAN_POINT ( 'NONE',  ( 451.9999999999999432, 240.0000000000001137, 4.000000000000003553 ) ) ;
#9631 = CYLINDRICAL_SURFACE ( 'NONE', #4319, 3.000000000000004441 ) ;
#9632 = DIRECTION ( 'NONE',  ( -4.440892098500626162E-16, 6.938893903907225296E-18, -1.000000000000000000 ) ) ;
#9633 = FACE_BOUND ( 'NONE', #1914, .T. ) ;
#9634 = EDGE_CURVE ( 'NONE', #7828, #6430, #9204, .T. ) ;
#9635 = AXIS2_PLACEMENT_3D ( 'NONE', #8981, #47, #6023 ) ;
#9636 = PRODUCT_DEFINITION_SHAPE ( 'NONE', 'NONE',  #2170 ) ;
#9637 = FACE_OUTER_BOUND ( 'NONE', #9260, .T. ) ;
#9638 = DIRECTION ( 'NONE',  ( 1.000000000000000000, 0.000000000000000000, 0.000000000000000000 ) ) ;
#9639 = DIRECTION ( 'NONE',  ( 1.000000000000000000, 0.000000000000000000, 0.000000000000000000 ) ) ;
#9640 = ORIENTED_EDGE ( 'NONE', *, *, #8924, .T. ) ;
#9641 = FACE_BOUND ( 'NONE', #1144, .T. ) ;
#9642 = CIRCLE ( 'NONE', #5851, 2.500000000000002220 ) ;
#9643 = ADVANCED_FACE ( 'NONE', ( #5713 ), #5598, .F. ) ;
#9644 = VERTEX_POINT ( 'NONE', #1680 ) ;
#9645 = EDGE_CURVE ( 'NONE', #5587, #474, #5369, .T. ) ;
#9646 = AXIS2_PLACEMENT_3D ( 'NONE', #7609, #6064, #5447 ) ;
#9647 = ORIENTED_EDGE ( 'NONE', *, *, #6058, .T. ) ;
#9648 = FACE_OUTER_BOUND ( 'NONE', #4354, .T. ) ;
#9649 = FILL_AREA_STYLE ('',( #3693 ) ) ;
#9650 = ORIENTED_EDGE ( 'NONE', *, *, #8928, .T. ) ;
#9651 = EDGE_LOOP ( 'NONE', ( #5704, #1508, #1733, #7790 ) ) ;
#9652 = FACE_OUTER_BOUND ( 'NONE', #7826, .T. ) ;
#9653 = VECTOR ( 'NONE', #9233, 1000.000000000000000 ) ;
#9654 = DIRECTION ( 'NONE',  ( 1.000000000000000000, 0.000000000000000000, 0.000000000000000000 ) ) ;
#9655 = ITEM_DEFINED_TRANSFORMATION ( 'NONE', 'NONE', #8744,  #2670 ) ;
#9656 = DIRECTION ( 'NONE',  ( -0.000000000000000000, 0.000000000000000000, -1.000000000000000000 ) ) ;
#9657 = EDGE_LOOP ( 'NONE', ( #2139, #1852 ) ) ;
#9658 = LINE ( 'NONE', #5320, #7424 ) ;
#9659 = CARTESIAN_POINT ( 'NONE',  ( 0.000000000000000000, 0.000000000000000000, 0.000000000000000000 ) ) ;
#9660 = ORIENTED_EDGE ( 'NONE', *, *, #5565, .F. ) ;
#9661 = VERTEX_POINT ( 'NONE', #3254 ) ;
#9662 = VERTEX_POINT ( 'NONE', #3288 ) ;
#9663 = EDGE_CURVE ( 'NONE', #7253, #6293, #4196, .T. ) ;
#9664 = CARTESIAN_POINT ( 'NONE',  ( 632.0000000000010232, 298.0000000000005684, 9.000000000000007105 ) ) ;
#9665 = DIRECTION ( 'NONE',  ( 1.000000000000000000, 0.000000000000000000, 0.000000000000000000 ) ) ;
#9666 = VERTEX_POINT ( 'NONE', #7706 ) ;
#9667 = VECTOR ( 'NONE', #8059, 1000.000000000000000 ) ;
#9668 = DIRECTION ( 'NONE',  ( 1.000000000000000000, 0.000000000000000000, 0.000000000000000000 ) ) ;
#9669 = ORIENTED_EDGE ( 'NONE', *, *, #7542, .F. ) ;
#9670 = DIRECTION ( 'NONE',  ( 0.000000000000000000, -1.000000000000000000, -0.000000000000000000 ) ) ;
#9671 = AXIS2_PLACEMENT_3D ( 'NONE', #6247, #9116, #4717 ) ;
#9672 = EDGE_LOOP ( 'NONE', ( #2402, #238, #9587, #3426 ) ) ;
#9673 = ORIENTED_EDGE ( 'NONE', *, *, #7644, .F. ) ;
#9674 = EDGE_CURVE ( 'NONE', #8594, #9452, #9567, .T. ) ;
#9675 = DIRECTION ( 'NONE',  ( 0.000000000000000000, 1.000000000000000000, 0.000000000000000000 ) ) ;
#9676 = FACE_OUTER_BOUND ( 'NONE', #9651, .T. ) ;
#9677 = DIRECTION ( 'NONE',  ( 0.000000000000000000, 0.000000000000000000, 1.000000000000000000 ) ) ;
#9678 = CARTESIAN_POINT ( 'NONE',  ( 450.9999999999999432, 78.00000000000001421, 15.00000000000001421 ) ) ;
#9679 = EDGE_LOOP ( 'NONE', ( #3836, #8539, #3433, #548 ) ) ;
#9680 = NEXT_ASSEMBLY_USAGE_OCCURRENCE ( 'NAUO1', ' ', ' ', #2233, #8178, $ ) ;
#9681 = NEXT_ASSEMBLY_USAGE_OCCURRENCE ( 'NAUO2', ' ', ' ', #2233, #3174, $ ) ;
#9682 = NEXT_ASSEMBLY_USAGE_OCCURRENCE ( 'NAUO3', ' ', ' ', #2233, #4705, $ ) ;
#9683 = NEXT_ASSEMBLY_USAGE_OCCURRENCE ( 'NAUO4', ' ', ' ', #2233, #829, $ ) ;
#9684 = NEXT_ASSEMBLY_USAGE_OCCURRENCE ( 'NAUO5', ' ', ' ', #2233, #1728, $ ) ;
#9685 = NEXT_ASSEMBLY_USAGE_OCCURRENCE ( 'NAUO6', ' ', ' ', #2233, #1665, $ ) ;
#9686 = NEXT_ASSEMBLY_USAGE_OCCURRENCE ( 'NAUO7', ' ', ' ', #2233, #829, $ ) ;
#9687 = NEXT_ASSEMBLY_USAGE_OCCURRENCE ( 'NAUO8', ' ', ' ', #2233, #6335, $ ) ;
#9688 = NEXT_ASSEMBLY_USAGE_OCCURRENCE ( 'NAUO9', ' ', ' ', #2233, #1665, $ ) ;
#9689 = NEXT_ASSEMBLY_USAGE_OCCURRENCE ( 'NAUO10', ' ', ' ', #2233, #3535, $ ) ;
#9690 = NEXT_ASSEMBLY_USAGE_OCCURRENCE ( 'NAUO11', ' ', ' ', #2233, #2170, $ ) ;
#9691 = NEXT_ASSEMBLY_USAGE_OCCURRENCE ( 'NAUO12', ' ', ' ', #2233, #3229, $ ) ;
#9692 = NEXT_ASSEMBLY_USAGE_OCCURRENCE ( 'NAUO13', ' ', ' ', #2233, #2170, $ ) ;
#9693 = NEXT_ASSEMBLY_USAGE_OCCURRENCE ( 'NAUO14', ' ', ' ', #2233, #2170, $ ) ;
#9694 = NEXT_ASSEMBLY_USAGE_OCCURRENCE ( 'NAUO15', ' ', ' ', #2233, #2170, $ ) ;
ENDSEC;
END-ISO-10303-21;
