ISO-10303-21;
HEADER;
FILE_DESCRIPTION (( 'STEP AP214' ),
    '1' );
FILE_NAME ('A000238-COMPLETO-IM00.STEP',
    '2026-05-28T19:48:56',
    ( '' ),
    ( '' ),
    'SwSTEP 2.0',
    'SolidWorks 2018',
    '' );
FILE_SCHEMA (( 'AUTOMOTIVE_DESIGN' ));
ENDSEC;

DATA;
#1 = CARTESIAN_POINT ( 'NONE',  ( -80.00000000000000000, 46.18802153516993769, 0.000000000000000000 ) ) ;
#2 = VERTEX_POINT ( 'NONE', #1423 ) ;
#3 = CIRCLE ( 'NONE', #767, 3.000000000000007994 ) ;
#4 = CARTESIAN_POINT ( 'NONE',  ( 51.09103465619126183, 27.18802153517004072, 0.000000000000000000 ) ) ;
#5 = CARTESIAN_POINT ( 'NONE',  ( 0.000000000000000000, 0.000000000000000000, 0.000000000000000000 ) ) ;
#6 = FACE_OUTER_BOUND ( 'NONE', #196, .T. ) ;
#7 = FACE_OUTER_BOUND ( 'NONE', #12, .T. ) ;
#8 = AXIS2_PLACEMENT_3D ( 'NONE', #870, #857, #744 ) ;
#9 = FACE_OUTER_BOUND ( 'NONE', #670, .T. ) ;
#10 = PRODUCT_DEFINITION_SHAPE ( 'NONE', 'NONE',  #615 ) ;
#11 = FILL_AREA_STYLE_COLOUR ( '', #838 ) ;
#12 = EDGE_LOOP ( 'NONE', ( #39, #1411, #966, #859 ) ) ;
#13 =( GEOMETRIC_REPRESENTATION_CONTEXT ( 3 ) GLOBAL_UNCERTAINTY_ASSIGNED_CONTEXT ( ( #991 ) ) GLOBAL_UNIT_ASSIGNED_CONTEXT ( ( #919, #1052, #252 ) ) REPRESENTATION_CONTEXT ( 'NONE', 'WORKASPACE' ) );
#14 = DIRECTION ( 'NONE',  ( -0.000000000000000000, 1.000000000000000000, -0.000000000000000000 ) ) ;
#15 = ADVANCED_FACE ( 'NONE', ( #203 ), #26, .F. ) ;
#16 = FILL_AREA_STYLE_COLOUR ( '', #1097 ) ;
#17 = PRESENTATION_LAYER_ASSIGNMENT (  '', '', ( #1535 ) ) ;
#18 = ORIENTED_EDGE ( 'NONE', *, *, #515, .F. ) ;
#19 = PRODUCT ( 'Pata 575_SIN-ESP', 'Pata 575_SIN-ESP', '', ( #1350 ) ) ;
#20 = ORIENTED_EDGE ( 'NONE', *, *, #111, .F. ) ;
#21 = DIRECTION ( 'NONE',  ( 1.000000000000000000, 0.000000000000000000, 0.000000000000000000 ) ) ;
#22 = MANIFOLD_SOLID_BREP ( 'Saliente-Extruir1', #387 ) ;
#23 = AXIS2_PLACEMENT_3D ( 'NONE', #622, #1525, #1137 ) ;
#24 = ORIENTED_EDGE ( 'NONE', *, *, #806, .F. ) ;
#25 = EDGE_CURVE ( 'NONE', #555, #323, #774, .T. ) ;
#26 = CYLINDRICAL_SURFACE ( 'NONE', #451, 3.999999999999989786 ) ;
#27 = PRESENTATION_STYLE_ASSIGNMENT (( #533 ) ) ;
#28 = FACE_OUTER_BOUND ( 'NONE', #773, .T. ) ;
#29 = AXIS2_PLACEMENT_3D ( 'NONE', #1632, #80, #359 ) ;
#30 = PLANE ( 'NONE',  #1000 ) ;
#31 = EDGE_LOOP ( 'NONE', ( #792, #379, #723, #697 ) ) ;
#32 = AXIS2_PLACEMENT_3D ( 'NONE', #242, #1637, #897 ) ;
#33 = SHAPE_DEFINITION_REPRESENTATION ( #58, #917 ) ;
#34 = DIRECTION ( 'NONE',  ( 0.000000000000000000, 0.000000000000000000, 1.000000000000000000 ) ) ;
#35 = ORIENTED_EDGE ( 'NONE', *, *, #257, .F. ) ;
#36 = AXIS2_PLACEMENT_3D ( 'NONE', #1106, #729, #211 ) ;
#37 = ORIENTED_EDGE ( 'NONE', *, *, #545, .F. ) ;
#38 = ADVANCED_FACE ( 'NONE', ( #688 ), #261, .T. ) ;
#39 = ORIENTED_EDGE ( 'NONE', *, *, #1386, .F. ) ;
#40 = VERTEX_POINT ( 'NONE', #386 ) ;
#41 = LINE ( 'NONE', #1135, #1117 ) ;
#42 = CIRCLE ( 'NONE', #36, 3.999999999999989786 ) ;
#43 = AXIS2_PLACEMENT_3D ( 'NONE', #728, #1247, #1375 ) ;
#44 = VECTOR ( 'NONE', #1200, 1000.000000000000000 ) ;
#45 = CIRCLE ( 'NONE', #834, 2.500000000000009326 ) ;
#46 = AXIS2_PLACEMENT_3D ( 'NONE', #430, #813, #1316 ) ;
#47 = CARTESIAN_POINT ( 'NONE',  ( -100.0000000000000284, 87.62395692965992566, -9.000000000000001776 ) ) ;
#48 = CARTESIAN_POINT ( 'NONE',  ( 79.99999999999998579, 46.18802153516993769, 0.000000000000000000 ) ) ;
#49 = VERTEX_POINT ( 'NONE', #1156 ) ;
#50 = PLANE ( 'NONE',  #498 ) ;
#51 = EDGE_CURVE ( 'NONE', #49, #422, #1622, .T. ) ;
#52 = VERTEX_POINT ( 'NONE', #1659 ) ;
#53 = CARTESIAN_POINT ( 'NONE',  ( 88.51368412738489155, 539.9999999999998863, 11.00000000000000000 ) ) ;
#54 = EDGE_LOOP ( 'NONE', ( #483, #250, #1011, #236 ) ) ;
#55 = ORIENTED_EDGE ( 'NONE', *, *, #257, .T. ) ;
#56 = AXIS2_PLACEMENT_3D ( 'NONE', #1307, #915, #256 ) ;
#57 = CARTESIAN_POINT ( 'NONE',  ( -62.15509903686739079, -580.0000000000000000, 180.9185841572321749 ) ) ;
#58 = PRODUCT_DEFINITION_SHAPE ( 'NONE', 'NONE',  #383 ) ;
#59 = DIRECTION ( 'NONE',  ( 0.000000000000000000, 0.000000000000000000, 1.000000000000000000 ) ) ;
#60 = EDGE_LOOP ( 'NONE', ( #602, #1526, #975, #341 ) ) ;
#61 = CIRCLE ( 'NONE', #505, 2.500000000000009326 ) ;
#62 = DIRECTION ( 'NONE',  ( 1.000000000000000000, 0.000000000000000000, 0.000000000000000000 ) ) ;
#63 = LINE ( 'NONE', #230, #1441 ) ;
#64 = MECHANICAL_DESIGN_GEOMETRIC_PRESENTATION_REPRESENTATION (  '', ( #932 ), #205 ) ;
#65 = FACE_BOUND ( 'NONE', #681, .T. ) ;
#66 = DIRECTION ( 'NONE',  ( 0.000000000000000000, 0.000000000000000000, 1.000000000000000000 ) ) ;
#67 = AXIS2_PLACEMENT_3D ( 'NONE', #437, #1459, #157 ) ;
#68 = APPLICATION_PROTOCOL_DEFINITION ( 'draft international standard', 'automotive_design', 1998, #442 ) ;
#69 = EDGE_LOOP ( 'NONE', ( #141, #213 ) ) ;
#70 = PLANE ( 'NONE',  #883 ) ;
#71 = CARTESIAN_POINT ( 'NONE',  ( 3.000000000000001332, 0.000000000000000000, -9.000000000000001776 ) ) ;
#72 = DIRECTION ( 'NONE',  ( 1.000000000000000000, 0.000000000000000000, 0.000000000000000000 ) ) ;
#73 = MECHANICAL_DESIGN_GEOMETRIC_PRESENTATION_REPRESENTATION (  '', ( #1119 ), #1457 ) ;
#74 = ORIENTED_EDGE ( 'NONE', *, *, #1319, .F. ) ;
#75 = ITEM_DEFINED_TRANSFORMATION ( 'NONE', 'NONE', #1017,  #155 ) ;
#76 = CARTESIAN_POINT ( 'NONE',  ( -43.09103465619129025, 27.18802153517003717, 0.000000000000000000 ) ) ;
#77 = EDGE_CURVE ( 'NONE', #628, #939, #302, .T. ) ;
#78 = CARTESIAN_POINT ( 'NONE',  ( 88.51368412738489155, 539.9999999999998863, 7.999999999999991118 ) ) ;
#79 = EDGE_LOOP ( 'NONE', ( #946, #796, #253, #910 ) ) ;
#80 = DIRECTION ( 'NONE',  ( 0.000000000000000000, 0.000000000000000000, 1.000000000000000000 ) ) ;
#81 = EDGE_LOOP ( 'NONE', ( #1543, #365 ) ) ;
#82 = CARTESIAN_POINT ( 'NONE',  ( 0.000000000000000000, 0.000000000000000000, 0.000000000000000000 ) ) ;
#83 = CARTESIAN_POINT ( 'NONE',  ( -29.49999999999999289, -54.37604307034006723, -9.000000000000001776 ) ) ;
#84 = FACE_OUTER_BOUND ( 'NONE', #1485, .T. ) ;
#85 = CYLINDRICAL_SURFACE ( 'NONE', #46, 3.000000000000001332 ) ;
#86 = DIRECTION ( 'NONE',  ( 1.000000000000000000, 0.000000000000000000, 0.000000000000000000 ) ) ;
#87 = LINE ( 'NONE', #1207, #1623 ) ;
#88 = LINE ( 'NONE', #334, #151 ) ;
#89 = DIRECTION ( 'NONE',  ( 1.000000000000000000, 0.000000000000000000, 0.000000000000000000 ) ) ;
#90 = LINE ( 'NONE', #92, #497 ) ;
#91 = PRODUCT_DEFINITION_SHAPE ( 'NONE', 'NONE',  #1276 ) ;
#92 = CARTESIAN_POINT ( 'NONE',  ( 43.09103465619128315, 27.18802153517004072, -9.000000000000001776 ) ) ;
#93 = AXIS2_PLACEMENT_3D ( 'NONE', #1649, #116, #1641 ) ;
#94 = DIRECTION ( 'NONE',  ( 0.000000000000000000, 0.000000000000000000, 1.000000000000000000 ) ) ;
#95 = CARTESIAN_POINT ( 'NONE',  ( 4.000000000000007105, -54.37604307034006723, -9.000000000000001776 ) ) ;
#96 = DIRECTION ( 'NONE',  ( 0.000000000000000000, 0.000000000000000000, 1.000000000000000000 ) ) ;
#97 = CARTESIAN_POINT ( 'NONE',  ( 126.5136841273848916, 580.0000000000000000, 13.99999999999999289 ) ) ;
#98 = EDGE_LOOP ( 'NONE', ( #1150, #507 ) ) ;
#99 = DIRECTION ( 'NONE',  ( 0.000000000000000000, -0.000000000000000000, 1.000000000000000000 ) ) ;
#100 = ORIENTED_EDGE ( 'NONE', *, *, #374, .T. ) ;
#101 = PRODUCT_DEFINITION_FORMATION_WITH_SPECIFIED_SOURCE ( 'ANY', '', #780, .NOT_KNOWN. ) ;
#102 = ORIENTED_EDGE ( 'NONE', *, *, #1515, .F. ) ;
#103 = DIRECTION ( 'NONE',  ( 0.000000000000000000, 0.000000000000000000, 1.000000000000000000 ) ) ;
#104 = AXIS2_PLACEMENT_3D ( 'NONE', #1308, #1303, #1540 ) ;
#105 = CARTESIAN_POINT ( 'NONE',  ( 28.00000000000000000, 0.000000000000000000, 22.00000000000000000 ) ) ;
#106 = ORIENTED_EDGE ( 'NONE', *, *, #1215, .F. ) ;
#107 = COLOUR_RGB ( '',1.000000000000000000, 1.000000000000000000, 1.000000000000000000 ) ;
#108 = DIRECTION ( 'NONE',  ( 1.000000000000000000, 0.000000000000000000, 0.000000000000000000 ) ) ;
#109 = VECTOR ( 'NONE', #296, 1000.000000000000000 ) ;
#110 = CARTESIAN_POINT ( 'NONE',  ( -13.49999999999999112, 46.18802153516994480, 0.000000000000000000 ) ) ;
#111 = EDGE_CURVE ( 'NONE', #277, #40, #1237, .T. ) ;
#112 = DIRECTION ( 'NONE',  ( 1.000000000000000000, 1.387778780781445676E-16, 0.000000000000000000 ) ) ;
#113 = CARTESIAN_POINT ( 'NONE',  ( -3.000000000000000444, 0.000000000000000000, 15.00000000000000000 ) ) ;
#114 = EDGE_LOOP ( 'NONE', ( #890, #1293, #173, #488 ) ) ;
#115 = AXIS2_PLACEMENT_3D ( 'NONE', #894, #1397, #381 ) ;
#116 = DIRECTION ( 'NONE',  ( 0.000000000000000000, 0.000000000000000000, 1.000000000000000000 ) ) ;
#117 = DIRECTION ( 'NONE',  ( -1.000000000000000000, 0.000000000000000000, 0.000000000000000000 ) ) ;
#118 = ORIENTED_EDGE ( 'NONE', *, *, #226, .T. ) ;
#119 = CONTEXT_DEPENDENT_SHAPE_REPRESENTATION ( #699, #245 ) ;
#120 = VERTEX_POINT ( 'NONE', #248 ) ;
#121 = DIRECTION ( 'NONE',  ( 0.000000000000000000, 0.000000000000000000, 1.000000000000000000 ) ) ;
#122 = AXIS2_PLACEMENT_3D ( 'NONE', #1652, #495, #1151 ) ;
#123 = PLANE ( 'NONE',  #67 ) ;
#124 =( LENGTH_UNIT ( ) NAMED_UNIT ( * ) SI_UNIT ( .MILLI., .METRE. ) );
#125 = ORIENTED_EDGE ( 'NONE', *, *, #1235, .T. ) ;
#126 = AXIS2_PLACEMENT_3D ( 'NONE', #1285, #794, #135 ) ;
#127 = UNCERTAINTY_MEASURE_WITH_UNIT (LENGTH_MEASURE( 1.000000000000000082E-05 ), #970, 'distance_accuracy_value', 'NONE');
#128 = CIRCLE ( 'NONE', #584, 2.999999999999993783 ) ;
#129 = CYLINDRICAL_SURFACE ( 'NONE', #1182, 3.000000000000001332 ) ;
#130 = FACE_OUTER_BOUND ( 'NONE', #446, .T. ) ;
#131 = DIRECTION ( 'NONE',  ( 1.387778780781445676E-16, -1.000000000000000000, 0.000000000000000000 ) ) ;
#132 = FACE_OUTER_BOUND ( 'NONE', #31, .T. ) ;
#133 = PRODUCT_RELATED_PRODUCT_CATEGORY ( 'part', '', ( #1291 ) ) ;
#134 = ADVANCED_FACE ( 'NONE', ( #988 ), #892, .F. ) ;
#135 = DIRECTION ( 'NONE',  ( 0.000000000000000000, 0.000000000000000000, 1.000000000000000000 ) ) ;
#136 = SURFACE_STYLE_USAGE ( .BOTH. , #907 ) ;
#137 = AXIS2_PLACEMENT_3D ( 'NONE', #1248, #972, #577 ) ;
#138 =( NAMED_UNIT ( * ) PLANE_ANGLE_UNIT ( ) SI_UNIT ( $, .RADIAN. ) );
#139 = ORIENTED_EDGE ( 'NONE', *, *, #1279, .T. ) ;
#140 = CARTESIAN_POINT ( 'NONE',  ( -47.09103465619127604, 27.18802153517003717, 0.000000000000000000 ) ) ;
#141 = ORIENTED_EDGE ( 'NONE', *, *, #941, .T. ) ;
#142 = ORIENTED_EDGE ( 'NONE', *, *, #1487, .F. ) ;
#143 = ADVANCED_FACE ( 'NONE', ( #284 ), #758, .F. ) ;
#144 = DIRECTION ( 'NONE',  ( 0.000000000000000000, 0.000000000000000000, 1.000000000000000000 ) ) ;
#145 = EDGE_CURVE ( 'NONE', #1129, #1183, #851, .T. ) ;
#146 = ORIENTED_EDGE ( 'NONE', *, *, #1085, .F. ) ;
#147 = CARTESIAN_POINT ( 'NONE',  ( -16.00000000000000000, 46.18802153516994480, 0.000000000000000000 ) ) ;
#148 =( NAMED_UNIT ( * ) SI_UNIT ( $, .STERADIAN. ) SOLID_ANGLE_UNIT ( ) );
#149 = UNCERTAINTY_MEASURE_WITH_UNIT (LENGTH_MEASURE( 1.000000000000000082E-05 ), #1548, 'distance_accuracy_value', 'NONE');
#150 = VECTOR ( 'NONE', #1111, 1000.000000000000000 ) ;
#151 = VECTOR ( 'NONE', #1497, 1000.000000000000000 ) ;
#152 = AXIS2_PLACEMENT_3D ( 'NONE', #582, #343, #1507 ) ;
#153 = CARTESIAN_POINT ( 'NONE',  ( 88.51368412738489155, 539.9999999999998863, 11.00000000000000000 ) ) ;
#154 = CIRCLE ( 'NONE', #1595, 3.999999999999989786 ) ;
#155 = AXIS2_PLACEMENT_3D ( 'NONE', #795, #1304, #1433 ) ;
#156 = VERTEX_POINT ( 'NONE', #1505 ) ;
#157 = DIRECTION ( 'NONE',  ( 1.000000000000000000, 0.000000000000000000, -0.000000000000000000 ) ) ;
#158 = ADVANCED_FACE ( 'NONE', ( #1583, #1256, #710 ), #606, .F. ) ;
#159 = EDGE_LOOP ( 'NONE', ( #1133, #1136 ) ) ;
#160 = ORIENTED_EDGE ( 'NONE', *, *, #111, .T. ) ;
#161 = EDGE_LOOP ( 'NONE', ( #1347, #295 ) ) ;
#162 = CARTESIAN_POINT ( 'NONE',  ( 16.00000000000000000, 46.18802153516994480, 0.000000000000000000 ) ) ;
#163 = EDGE_LOOP ( 'NONE', ( #1538, #320 ) ) ;
#164 = EDGE_CURVE ( 'NONE', #943, #1194, #41, .T. ) ;
#165 = VECTOR ( 'NONE', #1611, 1000.000000000000000 ) ;
#166 = ADVANCED_FACE ( 'NONE', ( #84 ), #1417, .F. ) ;
#167 = EDGE_CURVE ( 'NONE', #899, #415, #1354, .T. ) ;
#168 = FACE_OUTER_BOUND ( 'NONE', #560, .T. ) ;
#169 = FACE_OUTER_BOUND ( 'NONE', #1602, .T. ) ;
#170 = LINE ( 'NONE', #687, #271 ) ;
#171 = DIRECTION ( 'NONE',  ( 0.000000000000000000, 0.000000000000000000, 1.000000000000000000 ) ) ;
#172 = CARTESIAN_POINT ( 'NONE',  ( 28.00000000000000000, 0.000000000000000000, 22.00000000000000000 ) ) ;
#173 = ORIENTED_EDGE ( 'NONE', *, *, #971, .T. ) ;
#174 = DIRECTION ( 'NONE',  ( 0.000000000000000000, 0.000000000000000000, 1.000000000000000000 ) ) ;
#175 = ORIENTED_EDGE ( 'NONE', *, *, #1215, .T. ) ;
#176 = AXIS2_PLACEMENT_3D ( 'NONE', #918, #1195, #596 ) ;
#177 = VERTEX_POINT ( 'NONE', #1384 ) ;
#178 = ORIENTED_EDGE ( 'NONE', *, *, #594, .F. ) ;
#179 = DIRECTION ( 'NONE',  ( 0.000000000000000000, 0.000000000000000000, 1.000000000000000000 ) ) ;
#180 = DIRECTION ( 'NONE',  ( 0.000000000000000000, 0.000000000000000000, 1.000000000000000000 ) ) ;
#181 = EDGE_LOOP ( 'NONE', ( #24, #1616, #1053, #749 ) ) ;
#182 =( REPRESENTATION_RELATIONSHIP ('NONE','NONE', #880, #917 ) REPRESENTATION_RELATIONSHIP_WITH_TRANSFORMATION ( #461 )SHAPE_REPRESENTATION_RELATIONSHIP( ) );
#183 = CIRCLE ( 'NONE', #788, 3.999999999999989786 ) ;
#184 = FACE_BOUND ( 'NONE', #1508, .T. ) ;
#185 = DIRECTION ( 'NONE',  ( 0.000000000000000000, 0.000000000000000000, 1.000000000000000000 ) ) ;
#186 = CIRCLE ( 'NONE', #1406, 2.500000000000009326 ) ;
#187 = EDGE_CURVE ( 'NONE', #445, #506, #1096, .T. ) ;
#188 = EDGE_CURVE ( 'NONE', #544, #52, #241, .T. ) ;
#189 = APPLICATION_PROTOCOL_DEFINITION ( 'draft international standard', 'automotive_design', 1998, #704 ) ;
#190 = ORIENTED_EDGE ( 'NONE', *, *, #238, .F. ) ;
#191 = APPLICATION_PROTOCOL_DEFINITION ( 'draft international standard', 'automotive_design', 1998, #198 ) ;
#192 = EDGE_CURVE ( 'NONE', #787, #1392, #1377, .T. ) ;
#193 = CARTESIAN_POINT ( 'NONE',  ( 81.51368412738487734, 580.0000000000000000, 22.00000000000000000 ) ) ;
#194 = ORIENTED_EDGE ( 'NONE', *, *, #665, .F. ) ;
#195 = EDGE_CURVE ( 'NONE', #1453, #1369, #550, .T. ) ;
#196 = EDGE_LOOP ( 'NONE', ( #504, #1197 ) ) ;
#197 = AXIS2_PLACEMENT_3D ( 'NONE', #447, #827, #452 ) ;
#198 = APPLICATION_CONTEXT ( 'automotive_design' ) ;
#199 = CARTESIAN_POINT ( 'NONE',  ( 13.49999999999999112, 46.18802153516994480, 0.000000000000000000 ) ) ;
#200 = CARTESIAN_POINT ( 'NONE',  ( 156.5136841273848631, 580.0000000000000000, 0.000000000000000000 ) ) ;
#201 = DIRECTION ( 'NONE',  ( -0.000000000000000000, -0.000000000000000000, -1.000000000000000000 ) ) ;
#202 = ORIENTED_EDGE ( 'NONE', *, *, #1490, .F. ) ;
#203 = FACE_OUTER_BOUND ( 'NONE', #501, .T. ) ;
#204 = FACE_BOUND ( 'NONE', #771, .T. ) ;
#205 =( GEOMETRIC_REPRESENTATION_CONTEXT ( 3 ) GLOBAL_UNCERTAINTY_ASSIGNED_CONTEXT ( ( #617 ) ) GLOBAL_UNIT_ASSIGNED_CONTEXT ( ( #663, #1296, #148 ) ) REPRESENTATION_CONTEXT ( 'NONE', 'WORKASPACE' ) );
#206 = DIRECTION ( 'NONE',  ( 0.000000000000000000, 0.000000000000000000, 1.000000000000000000 ) ) ;
#207 = VECTOR ( 'NONE', #1281, 1000.000000000000000 ) ;
#208 = DIRECTION ( 'NONE',  ( 1.000000000000000000, 0.000000000000000000, 0.000000000000000000 ) ) ;
#209 = DIRECTION ( 'NONE',  ( 0.000000000000000000, 1.000000000000000000, 0.000000000000000000 ) ) ;
#210 = EDGE_LOOP ( 'NONE', ( #908, #896, #751, #1416 ) ) ;
#211 = DIRECTION ( 'NONE',  ( -1.000000000000000000, 0.000000000000000000, 0.000000000000000000 ) ) ;
#212 = CARTESIAN_POINT ( 'NONE',  ( 126.5136841273848916, 539.9999999999998863, 11.00000000000000000 ) ) ;
#213 = ORIENTED_EDGE ( 'NONE', *, *, #1598, .T. ) ;
#214 = ORIENTED_EDGE ( 'NONE', *, *, #858, .F. ) ;
#215 = CARTESIAN_POINT ( 'NONE',  ( 79.99999999999998579, 46.18802153516993769, -9.000000000000001776 ) ) ;
#216 = EDGE_CURVE ( 'NONE', #1394, #1194, #1201, .T. ) ;
#217 = VERTEX_POINT ( 'NONE', #1376 ) ;
#218 = EDGE_CURVE ( 'NONE', #1468, #1003, #61, .T. ) ;
#219 = CARTESIAN_POINT ( 'NONE',  ( -51.09103465619126894, 27.18802153517003717, 0.000000000000000000 ) ) ;
#220 = DIRECTION ( 'NONE',  ( -0.000000000000000000, -0.000000000000000000, -1.000000000000000000 ) ) ;
#221 = ORIENTED_EDGE ( 'NONE', *, *, #1240, .T. ) ;
#222 = CARTESIAN_POINT ( 'NONE',  ( 4.000000000000007105, -54.37604307034006723, 0.000000000000000000 ) ) ;
#223 = VECTOR ( 'NONE', #746, 1000.000000000000000 ) ;
#224 = DIRECTION ( 'NONE',  ( 0.000000000000000000, 0.000000000000000000, 1.000000000000000000 ) ) ;
#225 = CIRCLE ( 'NONE', #679, 2.999999999999993783 ) ;
#226 = EDGE_CURVE ( 'NONE', #323, #555, #1603, .T. ) ;
#227 = DIRECTION ( 'NONE',  ( 0.000000000000000000, 1.000000000000000000, 0.000000000000000000 ) ) ;
#228 = CARTESIAN_POINT ( 'NONE',  ( 47.09103465619126894, 27.18802153517004072, 0.000000000000000000 ) ) ;
#229 = AXIS2_PLACEMENT_3D ( 'NONE', #212, #990, #863 ) ;
#230 = CARTESIAN_POINT ( 'NONE',  ( 99.99999999999997158, 87.62395692965995408, 0.000000000000000000 ) ) ;
#231 = EDGE_LOOP ( 'NONE', ( #298, #1577, #811, #548 ) ) ;
#232 = DIRECTION ( 'NONE',  ( 0.000000000000000000, 0.000000000000000000, 1.000000000000000000 ) ) ;
#233 = DIRECTION ( 'NONE',  ( 0.000000000000000000, 1.000000000000000000, 0.000000000000000000 ) ) ;
#234 = ORIENTED_EDGE ( 'NONE', *, *, #188, .T. ) ;
#235 = STYLED_ITEM ( 'NONE', ( #884 ), #695 ) ;
#236 = ORIENTED_EDGE ( 'NONE', *, *, #273, .T. ) ;
#237 = DIRECTION ( 'NONE',  ( 1.000000000000000000, 0.000000000000000000, 0.000000000000000000 ) ) ;
#238 = EDGE_CURVE ( 'NONE', #866, #1523, #1647, .T. ) ;
#239 = DIRECTION ( 'NONE',  ( 1.000000000000000000, 0.000000000000000000, 0.000000000000000000 ) ) ;
#240 = ORIENTED_EDGE ( 'NONE', *, *, #515, .T. ) ;
#241 = CIRCLE ( 'NONE', #137, 2.500000000000009326 ) ;
#242 = CARTESIAN_POINT ( 'NONE',  ( 100.0000000000000000, -112.3760430703400601, -9.000000000000001776 ) ) ;
#243 = LINE ( 'NONE', #1365, #852 ) ;
#244 = UNCERTAINTY_MEASURE_WITH_UNIT (LENGTH_MEASURE( 1.000000000000000082E-05 ), #1113, 'distance_accuracy_value', 'NONE');
#245 = PRODUCT_DEFINITION_SHAPE ( 'NONE', 'NONE',  #1666 ) ;
#246 = EDGE_CURVE ( 'NONE', #1329, #1523, #1573, .T. ) ;
#247 = CARTESIAN_POINT ( 'NONE',  ( 126.5136841273848916, 539.9999999999998863, 11.00000000000000000 ) ) ;
#248 = CARTESIAN_POINT ( 'NONE',  ( -100.0000000000000284, 87.62395692965992566, 0.000000000000000000 ) ) ;
#249 = EDGE_CURVE ( 'NONE', #177, #848, #989, .T. ) ;
#250 = ORIENTED_EDGE ( 'NONE', *, *, #891, .F. ) ;
#251 = CARTESIAN_POINT ( 'NONE',  ( 126.5136841273848916, 539.9999999999998863, 11.00000000000000000 ) ) ;
#252 =( NAMED_UNIT ( * ) SI_UNIT ( $, .STERADIAN. ) SOLID_ANGLE_UNIT ( ) );
#253 = ORIENTED_EDGE ( 'NONE', *, *, #1154, .T. ) ;
#254 = SHAPE_REPRESENTATION_RELATIONSHIP ( 'NONE' , 'NONE' ,  #917, #695 ) ;
#255 = ORIENTED_EDGE ( 'NONE', *, *, #694, .T. ) ;
#256 = DIRECTION ( 'NONE',  ( -1.000000000000000000, 0.000000000000000000, 0.000000000000000000 ) ) ;
#257 = EDGE_CURVE ( 'NONE', #866, #963, #243, .T. ) ;
#258 = ORIENTED_EDGE ( 'NONE', *, *, #1660, .F. ) ;
#259 = DIRECTION ( 'NONE',  ( 1.000000000000000000, 0.000000000000000000, 0.000000000000000000 ) ) ;
#260 =( NAMED_UNIT ( * ) PLANE_ANGLE_UNIT ( ) SI_UNIT ( $, .RADIAN. ) );
#261 = PLANE ( 'NONE',  #487 ) ;
#262 = ORIENTED_EDGE ( 'NONE', *, *, #335, .T. ) ;
#263 = AXIS2_PLACEMENT_3D ( 'NONE', #592, #1124, #1230 ) ;
#264 = FACE_OUTER_BOUND ( 'NONE', #278, .T. ) ;
#265 =( LENGTH_UNIT ( ) NAMED_UNIT ( * ) SI_UNIT ( .MILLI., .METRE. ) );
#266 = PRESENTATION_STYLE_ASSIGNMENT (( #784 ) ) ;
#267 = VECTOR ( 'NONE', #574, 1000.000000000000000 ) ;
#268 = CYLINDRICAL_SURFACE ( 'NONE', #1530, 3.999999999999989786 ) ;
#269 = ADVANCED_FACE ( 'NONE', ( #168 ), #856, .T. ) ;
#270 = FILL_AREA_STYLE ('',( #11 ) ) ;
#271 = VECTOR ( 'NONE', #965, 1000.000000000000000 ) ;
#272 = CARTESIAN_POINT ( 'NONE',  ( 0.000000000000000000, 0.000000000000000000, 0.000000000000000000 ) ) ;
#273 = EDGE_CURVE ( 'NONE', #1615, #580, #1491, .T. ) ;
#274 = ADVANCED_FACE ( 'NONE', ( #1294 ), #895, .T. ) ;
#275 = CARTESIAN_POINT ( 'NONE',  ( 0.000000000000000000, -92.37604307034006013, 0.000000000000000000 ) ) ;
#276 = CARTESIAN_POINT ( 'NONE',  ( -51.09103465619126894, 27.18802153517003717, -9.000000000000001776 ) ) ;
#277 = VERTEX_POINT ( 'NONE', #83 ) ;
#278 = EDGE_LOOP ( 'NONE', ( #564, #1209, #944, #427 ) ) ;
#279 = EDGE_CURVE ( 'NONE', #573, #1138, #42, .T. ) ;
#280 = VERTEX_POINT ( 'NONE', #78 ) ;
#281 = ADVANCED_FACE ( 'NONE', ( #553 ), #70, .T. ) ;
#282 = DIRECTION ( 'NONE',  ( 0.000000000000000000, 0.000000000000000000, 1.000000000000000000 ) ) ;
#283 = EDGE_CURVE ( 'NONE', #217, #677, #947, .T. ) ;
#284 = FACE_OUTER_BOUND ( 'NONE', #79, .T. ) ;
#285 = CYLINDRICAL_SURFACE ( 'NONE', #1426, 3.000000000000007994 ) ;
#286 = AXIS2_PLACEMENT_3D ( 'NONE', #1501, #94, #753 ) ;
#287 = FACE_BOUND ( 'NONE', #528, .T. ) ;
#288 = ORIENTED_EDGE ( 'NONE', *, *, #1366, .T. ) ;
#289 = DIRECTION ( 'NONE',  ( 1.000000000000000000, 0.000000000000000000, 0.000000000000000000 ) ) ;
#290 = ADVANCED_FACE ( 'NONE', ( #1163 ), #129, .F. ) ;
#291 =( GEOMETRIC_REPRESENTATION_CONTEXT ( 3 ) GLOBAL_UNCERTAINTY_ASSIGNED_CONTEXT ( ( #402 ) ) GLOBAL_UNIT_ASSIGNED_CONTEXT ( ( #1040, #260, #1173 ) ) REPRESENTATION_CONTEXT ( 'NONE', 'WORKASPACE' ) );
#292 = VERTEX_POINT ( 'NONE', #655 ) ;
#293 = CARTESIAN_POINT ( 'NONE',  ( 34.50000000000000711, -54.37604307034006723, 0.000000000000000000 ) ) ;
#294 = AXIS2_PLACEMENT_3D ( 'NONE', #299, #425, #1320 ) ;
#295 = ORIENTED_EDGE ( 'NONE', *, *, #335, .F. ) ;
#296 = DIRECTION ( 'NONE',  ( 0.000000000000000000, 0.000000000000000000, 1.000000000000000000 ) ) ;
#297 = ORIENTED_EDGE ( 'NONE', *, *, #1403, .F. ) ;
#298 = ORIENTED_EDGE ( 'NONE', *, *, #216, .T. ) ;
#299 = CARTESIAN_POINT ( 'NONE',  ( 126.5136841273848916, 539.9999999999998863, 11.00000000000000000 ) ) ;
#300 = AXIS2_PLACEMENT_3D ( 'NONE', #1094, #1089, #1228 ) ;
#301 = ORIENTED_EDGE ( 'NONE', *, *, #364, .F. ) ;
#302 = CIRCLE ( 'NONE', #540, 3.000000000000000444 ) ;
#303 = FACE_BOUND ( 'NONE', #440, .T. ) ;
#304 = AXIS2_PLACEMENT_3D ( 'NONE', #766, #889, #117 ) ;
#305 = CARTESIAN_POINT ( 'NONE',  ( 88.51368412738489155, 539.9999999999998863, 7.999999999999991118 ) ) ;
#306 = EDGE_CURVE ( 'NONE', #983, #1529, #1203, .T. ) ;
#307 = FACE_OUTER_BOUND ( 'NONE', #1176, .T. ) ;
#308 = LINE ( 'NONE', #552, #1586 ) ;
#309 = LINE ( 'NONE', #331, #434 ) ;
#310 = CARTESIAN_POINT ( 'NONE',  ( 100.0000000000000000, 24.00000000000002132, 100.0000000000000568 ) ) ;
#311 = VECTOR ( 'NONE', #171, 1000.000000000000000 ) ;
#312 = DIRECTION ( 'NONE',  ( 0.000000000000000000, 0.000000000000000000, 1.000000000000000000 ) ) ;
#313 = APPLICATION_PROTOCOL_DEFINITION ( 'draft international standard', 'automotive_design', 1998, #448 ) ;
#314 = EDGE_CURVE ( 'NONE', #1465, #939, #1159, .T. ) ;
#315 = CARTESIAN_POINT ( 'NONE',  ( 0.000000000000000000, -92.37604307034006013, -9.000000000000001776 ) ) ;
#316 = CARTESIAN_POINT ( 'NONE',  ( -4.000000000000007994, -92.37604307034006013, 0.000000000000000000 ) ) ;
#317 = AXIS2_PLACEMENT_3D ( 'NONE', #1, #1655, #508 ) ;
#318 = ORIENTED_EDGE ( 'NONE', *, *, #438, .F. ) ;
#319 = DIRECTION ( 'NONE',  ( 0.4999999999999955591, 0.000000000000000000, 0.8660254037844411501 ) ) ;
#320 = ORIENTED_EDGE ( 'NONE', *, *, #716, .F. ) ;
#321 = DIRECTION ( 'NONE',  ( -1.000000000000000000, 0.000000000000000000, 0.000000000000000000 ) ) ;
#322 = DIRECTION ( 'NONE',  ( 0.000000000000000000, 0.000000000000000000, 1.000000000000000000 ) ) ;
#323 = VERTEX_POINT ( 'NONE', #1030 ) ;
#324 =( REPRESENTATION_RELATIONSHIP ('NONE','NONE', #880, #1425 ) REPRESENTATION_RELATIONSHIP_WITH_TRANSFORMATION ( #1152 )SHAPE_REPRESENTATION_RELATIONSHIP( ) );
#325 = STYLED_ITEM ( 'NONE', ( #503 ), #725 ) ;
#326 = VECTOR ( 'NONE', #1236, 1000.000000000000000 ) ;
#327 = CARTESIAN_POINT ( 'NONE',  ( -220.0000000000000000, 0.000000000000000000, 15.00000000000000000 ) ) ;
#328 = CIRCLE ( 'NONE', #1390, 3.999999999999989786 ) ;
#329 = AXIS2_PLACEMENT_3D ( 'NONE', #1581, #421, #1058 ) ;
#330 = SHAPE_REPRESENTATION ( 'Pata 575_SIN-ESP', ( #155 ), #879 ) ;
#331 = CARTESIAN_POINT ( 'NONE',  ( 100.0000000000000000, -112.3760430703400601, 0.000000000000000000 ) ) ;
#332 = ORIENTED_EDGE ( 'NONE', *, *, #1522, .F. ) ;
#333 = PLANE ( 'NONE',  #575 ) ;
#334 = CARTESIAN_POINT ( 'NONE',  ( -4.000000000000007994, -92.37604307034006013, -9.000000000000001776 ) ) ;
#335 = EDGE_CURVE ( 'NONE', #826, #1613, #775, .T. ) ;
#336 = CARTESIAN_POINT ( 'NONE',  ( 100.0000000000000000, -112.3760430703400601, -9.000000000000001776 ) ) ;
#337 = CARTESIAN_POINT ( 'NONE',  ( 0.000000000000000000, 0.000000000000000000, 15.00000000000000000 ) ) ;
#338 = ORIENTED_EDGE ( 'NONE', *, *, #594, .T. ) ;
#339 = EDGE_CURVE ( 'NONE', #677, #217, #1532, .T. ) ;
#340 = CARTESIAN_POINT ( 'NONE',  ( 13.49999999999999112, 46.18802153516994480, -9.000000000000001776 ) ) ;
#341 = ORIENTED_EDGE ( 'NONE', *, *, #1154, .F. ) ;
#342 = EDGE_LOOP ( 'NONE', ( #1288, #1567 ) ) ;
#343 = DIRECTION ( 'NONE',  ( 0.000000000000000000, 0.000000000000000000, 1.000000000000000000 ) ) ;
#344 = EDGE_LOOP ( 'NONE', ( #1527, #102, #409, #1006 ) ) ;
#345 = ORIENTED_EDGE ( 'NONE', *, *, #195, .T. ) ;
#346 = CYLINDRICAL_SURFACE ( 'NONE', #294, 2.999999999999993783 ) ;
#347 = EDGE_CURVE ( 'NONE', #1318, #848, #128, .T. ) ;
#348 = FACE_OUTER_BOUND ( 'NONE', #874, .T. ) ;
#349 = PLANE ( 'NONE',  #1571 ) ;
#350 = VECTOR ( 'NONE', #1349, 1000.000000000000000 ) ;
#351 = LINE ( 'NONE', #855, #1587 ) ;
#352 = DIRECTION ( 'NONE',  ( 0.000000000000000000, -1.000000000000000000, 0.000000000000000000 ) ) ;
#353 = CARTESIAN_POINT ( 'NONE',  ( -3.000000000000001332, 3.673940397442061347E-16, 0.000000000000000000 ) ) ;
#354 = CYLINDRICAL_SURFACE ( 'NONE', #1636, 3.999999999999989786 ) ;
#355 = MECHANICAL_DESIGN_GEOMETRIC_PRESENTATION_REPRESENTATION (  '', ( #1356 ), #441 ) ;
#356 = DIRECTION ( 'NONE',  ( 0.000000000000000000, 0.000000000000000000, 1.000000000000000000 ) ) ;
#357 = ORIENTED_EDGE ( 'NONE', *, *, #913, .T. ) ;
#358 = DIRECTION ( 'NONE',  ( -0.1391731009600618574, -0.9902680687415708061, 0.000000000000000000 ) ) ;
#359 = DIRECTION ( 'NONE',  ( -1.000000000000000000, 0.000000000000000000, 0.000000000000000000 ) ) ;
#360 = MECHANICAL_DESIGN_GEOMETRIC_PRESENTATION_REPRESENTATION (  '', ( #235 ), #291 ) ;
#361 = ORIENTED_EDGE ( 'NONE', *, *, #494, .F. ) ;
#362 = ORIENTED_EDGE ( 'NONE', *, *, #1191, .F. ) ;
#363 = DIRECTION ( 'NONE',  ( 0.000000000000000000, 0.000000000000000000, 1.000000000000000000 ) ) ;
#364 = EDGE_CURVE ( 'NONE', #961, #415, #1118, .T. ) ;
#365 = ORIENTED_EDGE ( 'NONE', *, *, #1408, .T. ) ;
#366 = CARTESIAN_POINT ( 'NONE',  ( 0.000000000000000000, 0.000000000000000000, 15.00000000000000000 ) ) ;
#367 = CARTESIAN_POINT ( 'NONE',  ( 0.000000000000000000, 0.000000000000000000, 15.00000000000000000 ) ) ;
#368 = ORIENTED_EDGE ( 'NONE', *, *, #51, .T. ) ;
#369 = CARTESIAN_POINT ( 'NONE',  ( -220.0000000000000000, 0.000000000000000000, 15.00000000000000000 ) ) ;
#370 = VECTOR ( 'NONE', #601, 1000.000000000000000 ) ;
#371 = SURFACE_STYLE_FILL_AREA ( #921 ) ;
#372 = CARTESIAN_POINT ( 'NONE',  ( -100.0000000000000284, 87.62395692965992566, -9.000000000000001776 ) ) ;
#373 = CYLINDRICAL_SURFACE ( 'NONE', #984, 4.000000000000007994 ) ;
#374 = EDGE_CURVE ( 'NONE', #942, #49, #734, .T. ) ;
#375 = CARTESIAN_POINT ( 'NONE',  ( -220.0000000000000000, 0.000000000000000000, 0.000000000000000000 ) ) ;
#376 = CARTESIAN_POINT ( 'NONE',  ( 0.000000000000000000, 0.000000000000000000, 22.00000000000000000 ) ) ;
#377 = UNCERTAINTY_MEASURE_WITH_UNIT (LENGTH_MEASURE( 1.000000000000000082E-05 ), #124, 'distance_accuracy_value', 'NONE');
#378 = AXIS2_PLACEMENT_3D ( 'NONE', #1407, #1009, #1661 ) ;
#379 = ORIENTED_EDGE ( 'NONE', *, *, #941, .F. ) ;
#380 = CONTEXT_DEPENDENT_SHAPE_REPRESENTATION ( #182, #1005 ) ;
#381 = DIRECTION ( 'NONE',  ( 0.1391731009600618574, 0.9902680687415708061, 0.000000000000000000 ) ) ;
#382 = ORIENTED_EDGE ( 'NONE', *, *, #1110, .T. ) ;
#383 = PRODUCT_DEFINITION ( 'UNKNOWN', '', #101, #549 ) ;
#384 = DIRECTION ( 'NONE',  ( 1.000000000000000000, 0.000000000000000000, 0.000000000000000000 ) ) ;
#385 = ORIENTED_EDGE ( 'NONE', *, *, #1412, .T. ) ;
#386 = CARTESIAN_POINT ( 'NONE',  ( -29.49999999999999289, -54.37604307034006723, 0.000000000000000000 ) ) ;
#387 = CLOSED_SHELL ( 'NONE', ( #525, #404, #805, #1192, #166, #1060, #1302, #1572, #1575, #1043, #1051, #281, #536, #269, #1558, #419, #1431, #1562, #1072, #674, #15, #789, #661, #1323, #1315, #1184, #134, #290 ) ) ;
#388 = AXIS2_PLACEMENT_3D ( 'NONE', #1367, #1131, #1264 ) ;
#389 = DIRECTION ( 'NONE',  ( 0.000000000000000000, 0.000000000000000000, 1.000000000000000000 ) ) ;
#390 = ORIENTED_EDGE ( 'NONE', *, *, #1344, .T. ) ;
#391 = VECTOR ( 'NONE', #466, 1000.000000000000000 ) ;
#392 = CYLINDRICAL_SURFACE ( 'NONE', #1148, 2.500000000000009326 ) ;
#393 = DIRECTION ( 'NONE',  ( 0.000000000000000000, 0.000000000000000000, 1.000000000000000000 ) ) ;
#394 = CARTESIAN_POINT ( 'NONE',  ( -80.00000000000000000, 46.18802153516993769, -9.000000000000001776 ) ) ;
#395 = CIRCLE ( 'NONE', #29, 3.999999999999989786 ) ;
#396 = CIRCLE ( 'NONE', #1220, 2.500000000000009326 ) ;
#397 = LINE ( 'NONE', #1018, #829 ) ;
#398 = AXIS2_PLACEMENT_3D ( 'NONE', #57, #319, #958 ) ;
#399 = VECTOR ( 'NONE', #1630, 1000.000000000000000 ) ;
#400 = CARTESIAN_POINT ( 'NONE',  ( 88.51368412738489155, 580.0000000000000000, 14.00000000000000711 ) ) ;
#401 = EDGE_CURVE ( 'NONE', #120, #1329, #1202, .T. ) ;
#402 = UNCERTAINTY_MEASURE_WITH_UNIT (LENGTH_MEASURE( 1.000000000000000082E-05 ), #1040, 'distance_accuracy_value', 'NONE');
#403 = ORIENTED_EDGE ( 'NONE', *, *, #1412, .F. ) ;
#404 = ADVANCED_FACE ( 'NONE', ( #1077 ), #392, .F. ) ;
#405 = CARTESIAN_POINT ( 'NONE',  ( -47.09103465619127604, 27.18802153517003717, -9.000000000000001776 ) ) ;
#406 = DIRECTION ( 'NONE',  ( 1.000000000000000000, 0.000000000000000000, 0.000000000000000000 ) ) ;
#407 =( NAMED_UNIT ( * ) SI_UNIT ( $, .STERADIAN. ) SOLID_ANGLE_UNIT ( ) );
#408 = ORIENTED_EDGE ( 'NONE', *, *, #347, .F. ) ;
#409 = ORIENTED_EDGE ( 'NONE', *, *, #1132, .T. ) ;
#410 = EDGE_CURVE ( 'NONE', #1392, #644, #854, .T. ) ;
#411 = EDGE_LOOP ( 'NONE', ( #1432, #255 ) ) ;
#412 = ADVANCED_FACE ( 'NONE', ( #433 ), #532, .T. ) ;
#413 = CARTESIAN_POINT ( 'NONE',  ( 3.000000000000000444, 3.673940397442060361E-16, 15.00000000000000000 ) ) ;
#414 = AXIS2_PLACEMENT_3D ( 'NONE', #366, #1266, #1149 ) ;
#415 = VERTEX_POINT ( 'NONE', #400 ) ;
#416 = VECTOR ( 'NONE', #66, 1000.000000000000000 ) ;
#417 = FACE_OUTER_BOUND ( 'NONE', #344, .T. ) ;
#418 = CIRCLE ( 'NONE', #1471, 2.500000000000009326 ) ;
#419 = ADVANCED_FACE ( 'NONE', ( #512, #303, #737, #204, #1533, #815, #513, #1333, #1035, #551, #689, #1075 ), #123, .F. ) ;
#420 = PRESENTATION_LAYER_ASSIGNMENT (  '', '', ( #235 ) ) ;
#421 = DIRECTION ( 'NONE',  ( 0.000000000000000000, 0.000000000000000000, 1.000000000000000000 ) ) ;
#422 = VERTEX_POINT ( 'NONE', #4 ) ;
#423 = AXIS2_PLACEMENT_3D ( 'NONE', #1435, #1440, #21 ) ;
#424 = ADVANCED_FACE ( 'NONE', ( #816 ), #346, .F. ) ;
#425 = DIRECTION ( 'NONE',  ( -0.000000000000000000, 1.000000000000000000, -0.000000000000000000 ) ) ;
#426 = ORIENTED_EDGE ( 'NONE', *, *, #1240, .F. ) ;
#427 = ORIENTED_EDGE ( 'NONE', *, *, #458, .T. ) ;
#428 = EDGE_CURVE ( 'NONE', #644, #1394, #607, .T. ) ;
#429 = VERTEX_POINT ( 'NONE', #690 ) ;
#430 = CARTESIAN_POINT ( 'NONE',  ( 0.000000000000000000, 0.000000000000000000, -9.000000000000001776 ) ) ;
#431 = VECTOR ( 'NONE', #1606, 1000.000000000000000 ) ;
#432 = VECTOR ( 'NONE', #282, 1000.000000000000000 ) ;
#433 = FACE_OUTER_BOUND ( 'NONE', #411, .T. ) ;
#434 = VECTOR ( 'NONE', #1363, 1000.000000000000000 ) ;
#435 = DIRECTION ( 'NONE',  ( 1.000000000000000000, 0.000000000000000000, 0.000000000000000000 ) ) ;
#436 = VECTOR ( 'NONE', #358, 1000.000000000000000 ) ;
#437 = CARTESIAN_POINT ( 'NONE',  ( 0.000000000000000000, 0.000000000000000000, -9.000000000000001776 ) ) ;
#438 = EDGE_CURVE ( 'NONE', #415, #961, #3, .T. ) ;
#439 = DIRECTION ( 'NONE',  ( -1.000000000000000000, 0.000000000000000000, 0.000000000000000000 ) ) ;
#440 = EDGE_LOOP ( 'NONE', ( #443, #686 ) ) ;
#441 =( GEOMETRIC_REPRESENTATION_CONTEXT ( 3 ) GLOBAL_UNCERTAINTY_ASSIGNED_CONTEXT ( ( #847 ) ) GLOBAL_UNIT_ASSIGNED_CONTEXT ( ( #265, #138, #1044 ) ) REPRESENTATION_CONTEXT ( 'NONE', 'WORKASPACE' ) );
#442 = APPLICATION_CONTEXT ( 'automotive_design' ) ;
#443 = ORIENTED_EDGE ( 'NONE', *, *, #632, .T. ) ;
#444 = CARTESIAN_POINT ( 'NONE',  ( -43.09103465619129025, 27.18802153517003717, -9.000000000000001776 ) ) ;
#445 = VERTEX_POINT ( 'NONE', #930 ) ;
#446 = EDGE_LOOP ( 'NONE', ( #202, #190, #55, #882 ) ) ;
#447 = CARTESIAN_POINT ( 'NONE',  ( 0.000000000000000000, -54.37604307034006723, 0.000000000000000000 ) ) ;
#448 = APPLICATION_CONTEXT ( 'automotive_design' ) ;
#449 = AXIS2_PLACEMENT_3D ( 'NONE', #310, #964, #571 ) ;
#450 = ORIENTED_EDGE ( 'NONE', *, *, #339, .F. ) ;
#451 = AXIS2_PLACEMENT_3D ( 'NONE', #394, #631, #901 ) ;
#452 = DIRECTION ( 'NONE',  ( -1.000000000000000000, 0.000000000000000000, 0.000000000000000000 ) ) ;
#453 = CIRCLE ( 'NONE', #1079, 2.999999999999993783 ) ;
#454 = APPLICATION_PROTOCOL_DEFINITION ( 'draft international standard', 'automotive_design', 1998, #1361 ) ;
#455 = LINE ( 'NONE', #1210, #311 ) ;
#456 = CARTESIAN_POINT ( 'NONE',  ( 79.99999999999998579, 46.18802153516993769, -9.000000000000001776 ) ) ;
#457 = CARTESIAN_POINT ( 'NONE',  ( 0.000000000000000000, 0.000000000000000000, 0.000000000000000000 ) ) ;
#458 = EDGE_CURVE ( 'NONE', #1460, #1329, #1454, .T. ) ;
#459 = ORIENTED_EDGE ( 'NONE', *, *, #218, .F. ) ;
#460 = DIRECTION ( 'NONE',  ( 1.000000000000000000, 0.000000000000000000, 0.000000000000000000 ) ) ;
#461 = ITEM_DEFINED_TRANSFORMATION ( 'NONE', 'NONE', #449,  #155 ) ;
#462 = AXIS2_PLACEMENT_3D ( 'NONE', #1243, #985, #724 ) ;
#463 = ORIENTED_EDGE ( 'NONE', *, *, #936, .T. ) ;
#464 = DIRECTION ( 'NONE',  ( 0.000000000000000000, 0.000000000000000000, 1.000000000000000000 ) ) ;
#465 = EDGE_LOOP ( 'NONE', ( #214, #1158, #1198, #1547 ) ) ;
#466 = DIRECTION ( 'NONE',  ( 0.000000000000000000, 0.000000000000000000, 1.000000000000000000 ) ) ;
#467 = ORIENTED_EDGE ( 'NONE', *, *, #1351, .F. ) ;
#468 = DIRECTION ( 'NONE',  ( -1.000000000000000000, 0.000000000000000000, 0.000000000000000000 ) ) ;
#469 = DIRECTION ( 'NONE',  ( 1.000000000000000000, 0.000000000000000000, -0.000000000000000000 ) ) ;
#470 = ORIENTED_EDGE ( 'NONE', *, *, #754, .F. ) ;
#471 = PRODUCT_DEFINITION_CONTEXT ( 'detailed design', #576, 'design' ) ;
#472 = DIRECTION ( 'NONE',  ( -0.000000000000000000, -0.000000000000000000, -1.000000000000000000 ) ) ;
#473 = ORIENTED_EDGE ( 'NONE', *, *, #246, .F. ) ;
#474 = CIRCLE ( 'NONE', #1225, 2.500000000000009326 ) ;
#475 = CARTESIAN_POINT ( 'NONE',  ( 3.000000000000001332, 0.000000000000000000, -9.000000000000001776 ) ) ;
#476 = VECTOR ( 'NONE', #1076, 1000.000000000000000 ) ;
#477 = CIRCLE ( 'NONE', #797, 4.000000000000007994 ) ;
#478 = AXIS2_PLACEMENT_3D ( 'NONE', #456, #59, #960 ) ;
#479 = PLANE ( 'NONE',  #286 ) ;
#480 = VECTOR ( 'NONE', #1073, 1000.000000000000000 ) ;
#481 = CARTESIAN_POINT ( 'NONE',  ( 0.000000000000000000, 0.000000000000000000, 0.000000000000000000 ) ) ;
#482 = CARTESIAN_POINT ( 'NONE',  ( -34.50000000000000711, -54.37604307034006723, -9.000000000000001776 ) ) ;
#483 = ORIENTED_EDGE ( 'NONE', *, *, #1033, .F. ) ;
#484 = CARTESIAN_POINT ( 'NONE',  ( 4.000000000000007994, -92.37604307034006013, -9.000000000000001776 ) ) ;
#485 = PRODUCT_RELATED_PRODUCT_CATEGORY ( 'part', '', ( #780 ) ) ;
#486 = CARTESIAN_POINT ( 'NONE',  ( 43.09103465619128315, 27.18802153517004072, 0.000000000000000000 ) ) ;
#487 = AXIS2_PLACEMENT_3D ( 'NONE', #376, #1019, #72 ) ;
#488 = ORIENTED_EDGE ( 'NONE', *, *, #887, .T. ) ;
#489 = EDGE_LOOP ( 'NONE', ( #923, #338, #1271, #1069 ) ) ;
#490 = ORIENTED_EDGE ( 'NONE', *, *, #1590, .F. ) ;
#491 = FILL_AREA_STYLE ('',( #1492 ) ) ;
#492 = DIRECTION ( 'NONE',  ( 0.000000000000000000, 1.000000000000000000, 0.000000000000000000 ) ) ;
#493 = EDGE_LOOP ( 'NONE', ( #142, #470 ) ) ;
#494 = EDGE_CURVE ( 'NONE', #1564, #1545, #1121, .T. ) ;
#495 = DIRECTION ( 'NONE',  ( 0.000000000000000000, 0.000000000000000000, 1.000000000000000000 ) ) ;
#496 = CIRCLE ( 'NONE', #1224, 3.000000000000000444 ) ;
#497 = VECTOR ( 'NONE', #206, 1000.000000000000000 ) ;
#498 = AXIS2_PLACEMENT_3D ( 'NONE', #1086, #1343, #700 ) ;
#499 = DIRECTION ( 'NONE',  ( -1.000000000000000000, -1.387778780781445676E-16, 0.000000000000000000 ) ) ;
#500 = DIRECTION ( 'NONE',  ( 1.000000000000000000, 0.000000000000000000, 0.000000000000000000 ) ) ;
#501 = EDGE_LOOP ( 'NONE', ( #490, #1398, #240, #1087 ) ) ;
#502 = DIRECTION ( 'NONE',  ( -1.000000000000000000, 0.000000000000000000, 0.000000000000000000 ) ) ;
#503 = PRESENTATION_STYLE_ASSIGNMENT (( #600 ) ) ;
#504 = ORIENTED_EDGE ( 'NONE', *, *, #891, .T. ) ;
#505 = AXIS2_PLACEMENT_3D ( 'NONE', #1352, #836, #208 ) ;
#506 = VERTEX_POINT ( 'NONE', #1070 ) ;
#507 = ORIENTED_EDGE ( 'NONE', *, *, #1191, .T. ) ;
#508 = DIRECTION ( 'NONE',  ( -1.000000000000000000, 0.000000000000000000, 0.000000000000000000 ) ) ;
#509 = CARTESIAN_POINT ( 'NONE',  ( -80.00000000000000000, 46.18802153516993769, -9.000000000000001776 ) ) ;
#510 = ORIENTED_EDGE ( 'NONE', *, *, #867, .F. ) ;
#511 = VECTOR ( 'NONE', #1600, 1000.000000000000000 ) ;
#512 = FACE_BOUND ( 'NONE', #81, .T. ) ;
#513 = FACE_BOUND ( 'NONE', #98, .T. ) ;
#514 = CIRCLE ( 'NONE', #1205, 220.0000000000000000 ) ;
#515 = EDGE_CURVE ( 'NONE', #323, #573, #87, .T. ) ;
#516 = DIRECTION ( 'NONE',  ( -1.000000000000000000, 0.000000000000000000, 0.000000000000000000 ) ) ;
#517 = CARTESIAN_POINT ( 'NONE',  ( 99.99999999999997158, 87.62395692965995408, -9.000000000000001776 ) ) ;
#518 = DIRECTION ( 'NONE',  ( 1.000000000000000000, 0.000000000000000000, 0.000000000000000000 ) ) ;
#519 = CARTESIAN_POINT ( 'NONE',  ( 0.000000000000000000, 0.000000000000000000, 0.000000000000000000 ) ) ;
#520 = EDGE_LOOP ( 'NONE', ( #1217, #1640, #1153, #1428 ) ) ;
#521 = CARTESIAN_POINT ( 'NONE',  ( 0.000000000000000000, -92.37604307034006013, 0.000000000000000000 ) ) ;
#522 = CARTESIAN_POINT ( 'NONE',  ( 100.0000000000000000, -112.3760430703400601, -9.000000000000001776 ) ) ;
#523 = EDGE_CURVE ( 'NONE', #604, #983, #1493, .T. ) ;
#524 = EDGE_LOOP ( 'NONE', ( #1472, #764 ) ) ;
#525 = ADVANCED_FACE ( 'NONE', ( #778 ), #85, .F. ) ;
#526 = DIRECTION ( 'NONE',  ( 0.000000000000000000, 0.000000000000000000, 1.000000000000000000 ) ) ;
#527 = ORIENTED_EDGE ( 'NONE', *, *, #694, .F. ) ;
#528 = EDGE_LOOP ( 'NONE', ( #1064, #940 ) ) ;
#529 = AXIS2_PLACEMENT_3D ( 'NONE', #405, #1185, #1056 ) ;
#530 = CARTESIAN_POINT ( 'NONE',  ( -3.000000000000001332, 3.673940397442061347E-16, -9.000000000000001776 ) ) ;
#531 = EDGE_LOOP ( 'NONE', ( #718, #1032, #1027, #35 ) ) ;
#532 = PLANE ( 'NONE',  #1436 ) ;
#533 = SURFACE_STYLE_USAGE ( .BOTH. , #783 ) ;
#534 = CIRCLE ( 'NONE', #388, 2.500000000000009326 ) ;
#535 = CIRCLE ( 'NONE', #43, 3.999999999999989786 ) ;
#536 = ADVANCED_FACE ( 'NONE', ( #264 ), #30, .T. ) ;
#537 =( GEOMETRIC_REPRESENTATION_CONTEXT ( 3 ) GLOBAL_UNCERTAINTY_ASSIGNED_CONTEXT ( ( #127 ) ) GLOBAL_UNIT_ASSIGNED_CONTEXT ( ( #970, #1221, #581 ) ) REPRESENTATION_CONTEXT ( 'NONE', 'WORKASPACE' ) );
#538 = CARTESIAN_POINT ( 'NONE',  ( 88.51368412738489155, 539.9999999999998863, 14.00000000000000711 ) ) ;
#539 = CYLINDRICAL_SURFACE ( 'NONE', #229, 2.999999999999993783 ) ;
#540 = AXIS2_PLACEMENT_3D ( 'NONE', #1162, #1283, #518 ) ;
#541 = ORIENTED_EDGE ( 'NONE', *, *, #1660, .T. ) ;
#542 = CARTESIAN_POINT ( 'NONE',  ( 126.5136841273848916, 539.9999999999998863, 13.99999999999999289 ) ) ;
#543 = SHAPE_REPRESENTATION_RELATIONSHIP ( 'NONE' , 'NONE' ,  #330, #725 ) ;
#544 = VERTEX_POINT ( 'NONE', #293 ) ;
#545 = EDGE_CURVE ( 'NONE', #1003, #1468, #474, .T. ) ;
#546 = ORIENTED_EDGE ( 'NONE', *, *, #187, .T. ) ;
#547 = EDGE_CURVE ( 'NONE', #429, #1318, #935, .T. ) ;
#548 = ORIENTED_EDGE ( 'NONE', *, *, #562, .T. ) ;
#549 = PRODUCT_DEFINITION_CONTEXT ( 'detailed design', #442, 'design' ) ;
#550 = LINE ( 'NONE', #1260, #391 ) ;
#551 = FACE_BOUND ( 'NONE', #1596, .T. ) ;
#552 = CARTESIAN_POINT ( 'NONE',  ( 34.50000000000000711, -54.37604307034006723, -9.000000000000001776 ) ) ;
#553 = FACE_OUTER_BOUND ( 'NONE', #599, .T. ) ;
#554 = VECTOR ( 'NONE', #900, 1000.000000000000000 ) ;
#555 = VERTEX_POINT ( 'NONE', #1563 ) ;
#556 = DIRECTION ( 'NONE',  ( 0.000000000000000000, 1.000000000000000000, 0.000000000000000000 ) ) ;
#557 = DIRECTION ( 'NONE',  ( 0.000000000000000000, 0.000000000000000000, 1.000000000000000000 ) ) ;
#558 = VERTEX_POINT ( 'NONE', #172 ) ;
#559 = ORIENTED_EDGE ( 'NONE', *, *, #1351, .T. ) ;
#560 = EDGE_LOOP ( 'NONE', ( #1512, #1580, #1054, #634 ) ) ;
#561 = DIRECTION ( 'NONE',  ( 0.000000000000000000, 0.000000000000000000, 1.000000000000000000 ) ) ;
#562 = EDGE_CURVE ( 'NONE', #726, #1394, #1584, .T. ) ;
#563 = PLANE ( 'NONE',  #176 ) ;
#564 = ORIENTED_EDGE ( 'NONE', *, *, #401, .F. ) ;
#565 = CARTESIAN_POINT ( 'NONE',  ( 251.1550990368661758, -580.0000000000000000, 199.9711430404920236 ) ) ;
#566 = UNCERTAINTY_MEASURE_WITH_UNIT (LENGTH_MEASURE( 1.000000000000000082E-05 ), #1519, 'distance_accuracy_value', 'NONE');
#567 = LINE ( 'NONE', #1658, #1122 ) ;
#568 = DIRECTION ( 'NONE',  ( 1.000000000000000000, 0.000000000000000000, 0.000000000000000000 ) ) ;
#569 = CYLINDRICAL_SURFACE ( 'NONE', #623, 2.500000000000009326 ) ;
#570 = CARTESIAN_POINT ( 'NONE',  ( -3.000000000000000444, 0.000000000000000000, 2.999999999999999112 ) ) ;
#571 = DIRECTION ( 'NONE',  ( 1.000000000000000000, 0.000000000000000000, 0.000000000000000000 ) ) ;
#572 = EDGE_CURVE ( 'NONE', #1057, #544, #308, .T. ) ;
#573 = VERTEX_POINT ( 'NONE', #675 ) ;
#574 = DIRECTION ( 'NONE',  ( 0.000000000000000000, 0.000000000000000000, 1.000000000000000000 ) ) ;
#575 = AXIS2_PLACEMENT_3D ( 'NONE', #873, #209, #99 ) ;
#576 = APPLICATION_CONTEXT ( 'automotive_design' ) ;
#577 = DIRECTION ( 'NONE',  ( -1.000000000000000000, 0.000000000000000000, 0.000000000000000000 ) ) ;
#578 = CARTESIAN_POINT ( 'NONE',  ( 34.50000000000000711, -54.37604307034006723, -9.000000000000001776 ) ) ;
#579 = ORIENTED_EDGE ( 'NONE', *, *, #1366, .F. ) ;
#580 = VERTEX_POINT ( 'NONE', #678 ) ;
#581 =( NAMED_UNIT ( * ) SI_UNIT ( $, .STERADIAN. ) SOLID_ANGLE_UNIT ( ) );
#582 = CARTESIAN_POINT ( 'NONE',  ( -16.00000000000000000, 46.18802153516994480, -9.000000000000001776 ) ) ;
#583 = ORIENTED_EDGE ( 'NONE', *, *, #1095, .F. ) ;
#584 = AXIS2_PLACEMENT_3D ( 'NONE', #662, #906, #1180 ) ;
#585 = ORIENTED_EDGE ( 'NONE', *, *, #846, .F. ) ;
#586 = CIRCLE ( 'NONE', #1048, 4.000000000000007105 ) ;
#587 = APPLICATION_CONTEXT ( 'automotive_design' ) ;
#588 = DIRECTION ( 'NONE',  ( 0.000000000000000000, -0.000000000000000000, 1.000000000000000000 ) ) ;
#589 = VECTOR ( 'NONE', #1324, 1000.000000000000000 ) ;
#590 = DIRECTION ( 'NONE',  ( -1.000000000000000000, -1.387778780781445676E-16, 0.000000000000000000 ) ) ;
#591 = ORIENTED_EDGE ( 'NONE', *, *, #1267, .T. ) ;
#592 = CARTESIAN_POINT ( 'NONE',  ( 88.51368412738489155, 539.9999999999998863, 11.00000000000000000 ) ) ;
#593 = PLANE ( 'NONE',  #635 ) ;
#594 = EDGE_CURVE ( 'NONE', #1489, #52, #1420, .T. ) ;
#595 = ORIENTED_EDGE ( 'NONE', *, *, #547, .F. ) ;
#596 = DIRECTION ( 'NONE',  ( 0.000000000000000000, -0.000000000000000000, 1.000000000000000000 ) ) ;
#597 = DIRECTION ( 'NONE',  ( 0.000000000000000000, 0.000000000000000000, 1.000000000000000000 ) ) ;
#598 = EDGE_CURVE ( 'NONE', #558, #726, #1037, .T. ) ;
#599 = EDGE_LOOP ( 'NONE', ( #473, #620, #1046, #835 ) ) ;
#600 = SURFACE_STYLE_USAGE ( .BOTH. , #1181 ) ;
#601 = DIRECTION ( 'NONE',  ( -0.000000000000000000, -0.000000000000000000, -1.000000000000000000 ) ) ;
#602 = ORIENTED_EDGE ( 'NONE', *, *, #1656, .T. ) ;
#603 = ORIENTED_EDGE ( 'NONE', *, *, #494, .T. ) ;
#604 = VERTEX_POINT ( 'NONE', #1585 ) ;
#605 = EDGE_CURVE ( 'NONE', #1183, #1369, #950, .T. ) ;
#606 = PLANE ( 'NONE',  #1609 ) ;
#607 = LINE ( 'NONE', #818, #1241 ) ;
#608 = VECTOR ( 'NONE', #1559, 1000.000000000000000 ) ;
#609 = VECTOR ( 'NONE', #1213, 1000.000000000000227 ) ;
#610 = FACE_OUTER_BOUND ( 'NONE', #465, .T. ) ;
#611 = CARTESIAN_POINT ( 'NONE',  ( 99.99999999999997158, 87.62395692965995408, -9.000000000000001776 ) ) ;
#612 = CYLINDRICAL_SURFACE ( 'NONE', #478, 3.999999999999989786 ) ;
#613 =( NAMED_UNIT ( * ) SI_UNIT ( $, .STERADIAN. ) SOLID_ANGLE_UNIT ( ) );
#614 = DIRECTION ( 'NONE',  ( 0.000000000000000000, -0.000000000000000000, -1.000000000000000000 ) ) ;
#615 = PRODUCT_DEFINITION ( 'UNKNOWN', '', #1145, #709 ) ;
#616 = AXIS2_PLACEMENT_3D ( 'NONE', #743, #1628, #877 ) ;
#617 = UNCERTAINTY_MEASURE_WITH_UNIT (LENGTH_MEASURE( 1.000000000000000082E-05 ), #663, 'distance_accuracy_value', 'NONE');
#618 = CARTESIAN_POINT ( 'NONE',  ( 126.5136841273848916, 539.9999999999998863, 11.00000000000000000 ) ) ;
#619 = EDGE_LOOP ( 'NONE', ( #118, #986 ) ) ;
#620 = ORIENTED_EDGE ( 'NONE', *, *, #458, .F. ) ;
#621 = CARTESIAN_POINT ( 'NONE',  ( 18.50000000000001066, 46.18802153516994480, -9.000000000000001776 ) ) ;
#622 = CARTESIAN_POINT ( 'NONE',  ( 16.00000000000000000, 46.18802153516994480, -9.000000000000001776 ) ) ;
#623 = AXIS2_PLACEMENT_3D ( 'NONE', #1265, #1635, #1270 ) ;
#624 = DIRECTION ( 'NONE',  ( -1.000000000000000000, 0.000000000000000000, 0.000000000000000000 ) ) ;
#625 = ORIENTED_EDGE ( 'NONE', *, *, #374, .F. ) ;
#626 = PRODUCT_DEFINITION_SHAPE ( 'NONE', 'NONE',  #1667 ) ;
#627 = EDGE_CURVE ( 'NONE', #642, #217, #691, .T. ) ;
#628 = VERTEX_POINT ( 'NONE', #570 ) ;
#629 = CIRCLE ( 'NONE', #1251, 4.000000000000007994 ) ;
#630 = DIRECTION ( 'NONE',  ( 0.000000000000000000, 0.000000000000000000, 1.000000000000000000 ) ) ;
#631 = DIRECTION ( 'NONE',  ( 0.000000000000000000, 0.000000000000000000, 1.000000000000000000 ) ) ;
#632 = EDGE_CURVE ( 'NONE', #277, #445, #993, .T. ) ;
#633 = CYLINDRICAL_SURFACE ( 'NONE', #1340, 3.999999999999989786 ) ;
#634 = ORIENTED_EDGE ( 'NONE', *, *, #822, .T. ) ;
#635 = AXIS2_PLACEMENT_3D ( 'NONE', #1496, #741, #469 ) ;
#636 = DIRECTION ( 'NONE',  ( 1.000000000000000000, 0.000000000000000000, 0.000000000000000000 ) ) ;
#637 = CARTESIAN_POINT ( 'NONE',  ( 220.0000000000000000, 2.694222958124177046E-14, 15.00000000000000000 ) ) ;
#638 = EDGE_LOOP ( 'NONE', ( #297, #403, #368, #1280 ) ) ;
#639 = CARTESIAN_POINT ( 'NONE',  ( -4.000000000000007994, -92.37604307034006013, -9.000000000000001776 ) ) ;
#640 = VERTEX_POINT ( 'NONE', #47 ) ;
#641 = AXIS2_PLACEMENT_3D ( 'NONE', #1336, #561, #952 ) ;
#642 = VERTEX_POINT ( 'NONE', #1470 ) ;
#643 = CARTESIAN_POINT ( 'NONE',  ( 32.00000000000000000, -54.37604307034006723, 0.000000000000000000 ) ) ;
#644 = VERTEX_POINT ( 'NONE', #824 ) ;
#645 = DIRECTION ( 'NONE',  ( -1.000000000000000000, 0.000000000000000000, 0.000000000000000000 ) ) ;
#646 =( LENGTH_UNIT ( ) NAMED_UNIT ( * ) SI_UNIT ( .MILLI., .METRE. ) );
#647 = ORIENTED_EDGE ( 'NONE', *, *, #831, .F. ) ;
#648 = PRESENTATION_STYLE_ASSIGNMENT (( #1013 ) ) ;
#649 = ADVANCED_FACE ( 'NONE', ( #7 ), #50, .F. ) ;
#650 = VECTOR ( 'NONE', #776, 1000.000000000000000 ) ;
#651 =( GEOMETRIC_REPRESENTATION_CONTEXT ( 3 ) GLOBAL_UNCERTAINTY_ASSIGNED_CONTEXT ( ( #752 ) ) GLOBAL_UNIT_ASSIGNED_CONTEXT ( ( #646, #1541, #407 ) ) REPRESENTATION_CONTEXT ( 'NONE', 'WORKASPACE' ) );
#652 = CIRCLE ( 'NONE', #414, 220.0000000000000000 ) ;
#653 = FACE_OUTER_BOUND ( 'NONE', #638, .T. ) ;
#654 = CIRCLE ( 'NONE', #1549, 3.000000000000001332 ) ;
#655 = CARTESIAN_POINT ( 'NONE',  ( 3.000000000000001332, 0.000000000000000000, 0.000000000000000000 ) ) ;
#656 = FILL_AREA_STYLE_COLOUR ( '', #702 ) ;
#657 = VECTOR ( 'NONE', #1379, 1000.000000000000000 ) ;
#658 = EDGE_CURVE ( 'NONE', #963, #2, #1380, .T. ) ;
#659 = DIRECTION ( 'NONE',  ( -1.000000000000000000, 0.000000000000000000, 0.000000000000000000 ) ) ;
#660 = PRODUCT_DEFINITION_SHAPE ( 'NONE', 'NONE',  #959 ) ;
#661 = ADVANCED_FACE ( 'NONE', ( #653 ), #798, .F. ) ;
#662 = CARTESIAN_POINT ( 'NONE',  ( 126.5136841273848916, 580.0000000000000000, 11.00000000000000000 ) ) ;
#663 =( LENGTH_UNIT ( ) NAMED_UNIT ( * ) SI_UNIT ( .MILLI., .METRE. ) );
#664 = CARTESIAN_POINT ( 'NONE',  ( 83.99999999999997158, 46.18802153516993769, -9.000000000000001776 ) ) ;
#665 = EDGE_CURVE ( 'NONE', #280, #961, #1298, .T. ) ;
#666 = ORIENTED_EDGE ( 'NONE', *, *, #1490, .T. ) ;
#667 = VERTEX_POINT ( 'NONE', #316 ) ;
#668 = AXIS2_PLACEMENT_3D ( 'NONE', #1479, #185, #837 ) ;
#669 = ADVANCED_FACE ( 'NONE', ( #1059 ), #563, .F. ) ;
#670 = EDGE_LOOP ( 'NONE', ( #178, #579, #1199, #234 ) ) ;
#671 = CYLINDRICAL_SURFACE ( 'NONE', #378, 4.000000000000007105 ) ;
#672 = AXIS2_PLACEMENT_3D ( 'NONE', #1161, #630, #765 ) ;
#673 = CYLINDRICAL_SURFACE ( 'NONE', #152, 2.500000000000009326 ) ;
#674 = ADVANCED_FACE ( 'NONE', ( #417 ), #1604, .F. ) ;
#675 = CARTESIAN_POINT ( 'NONE',  ( -76.00000000000001421, 46.18802153516993769, 0.000000000000000000 ) ) ;
#676 =( GEOMETRIC_REPRESENTATION_CONTEXT ( 3 ) GLOBAL_UNCERTAINTY_ASSIGNED_CONTEXT ( ( #377 ) ) GLOBAL_UNIT_ASSIGNED_CONTEXT ( ( #124, #1653, #1041 ) ) REPRESENTATION_CONTEXT ( 'NONE', 'WORKASPACE' ) );
#677 = VERTEX_POINT ( 'NONE', #110 ) ;
#678 = CARTESIAN_POINT ( 'NONE',  ( 220.0000000000000000, 2.694222958124177046E-14, 0.000000000000000000 ) ) ;
#679 = AXIS2_PLACEMENT_3D ( 'NONE', #1261, #492, #750 ) ;
#680 = ADVANCED_FACE ( 'NONE', ( #1355 ), #1186, .T. ) ;
#681 = EDGE_LOOP ( 'NONE', ( #450, #1109 ) ) ;
#682 = EDGE_CURVE ( 'NONE', #1453, #1129, #586, .T. ) ;
#683 = ORIENTED_EDGE ( 'NONE', *, *, #598, .T. ) ;
#684 = ORIENTED_EDGE ( 'NONE', *, *, #867, .T. ) ;
#685 = DIRECTION ( 'NONE',  ( 0.2163285518444474920, 0.9763206223658722482, 0.000000000000000000 ) ) ;
#686 = ORIENTED_EDGE ( 'NONE', *, *, #1574, .T. ) ;
#687 = CARTESIAN_POINT ( 'NONE',  ( -3.000000000000000444, 0.000000000000000000, 15.00000000000000000 ) ) ;
#688 = FACE_OUTER_BOUND ( 'NONE', #885, .T. ) ;
#689 = FACE_BOUND ( 'NONE', #1447, .T. ) ;
#690 = CARTESIAN_POINT ( 'NONE',  ( 126.5136841273848916, 539.9999999999998863, 13.99999999999999289 ) ) ;
#691 = LINE ( 'NONE', #1218, #267 ) ;
#692 = COLOUR_RGB ( '',1.000000000000000000, 1.000000000000000000, 1.000000000000000000 ) ;
#693 = VECTOR ( 'NONE', #977, 1000.000000000000000 ) ;
#694 = EDGE_CURVE ( 'NONE', #177, #429, #453, .T. ) ;
#695 = ADVANCED_BREP_SHAPE_REPRESENTATION ( '', ( #1462, #155 ), #13 ) ;
#696 = DIRECTION ( 'NONE',  ( 1.000000000000000000, 0.000000000000000000, 0.000000000000000000 ) ) ;
#697 = ORIENTED_EDGE ( 'NONE', *, *, #339, .T. ) ;
#698 = AXIS2_PLACEMENT_3D ( 'NONE', #772, #1275, #1157 ) ;
#699 =( REPRESENTATION_RELATIONSHIP ('NONE','NONE', #880, #330 ) REPRESENTATION_RELATIONSHIP_WITH_TRANSFORMATION ( #1066 )SHAPE_REPRESENTATION_RELATIONSHIP( ) );
#700 = DIRECTION ( 'NONE',  ( 1.000000000000000000, 0.000000000000000000, 0.000000000000000000 ) ) ;
#701 = EDGE_LOOP ( 'NONE', ( #868, #1372, #160, #175 ) ) ;
#702 = COLOUR_RGB ( '',1.000000000000000000, 1.000000000000000000, 1.000000000000000000 ) ;
#703 = ORIENTED_EDGE ( 'NONE', *, *, #1045, .F. ) ;
#704 = APPLICATION_CONTEXT ( 'automotive_design' ) ;
#705 =( GEOMETRIC_REPRESENTATION_CONTEXT ( 3 ) GLOBAL_UNCERTAINTY_ASSIGNED_CONTEXT ( ( #566 ) ) GLOBAL_UNIT_ASSIGNED_CONTEXT ( ( #1519, #1404, #793 ) ) REPRESENTATION_CONTEXT ( 'NONE', 'WORKASPACE' ) );
#706 = EDGE_LOOP ( 'NONE', ( #1292, #1206 ) ) ;
#707 = CARTESIAN_POINT ( 'NONE',  ( 220.0000000000000000, 2.694222958124177046E-14, 15.00000000000000000 ) ) ;
#708 = ORIENTED_EDGE ( 'NONE', *, *, #25, .F. ) ;
#709 = PRODUCT_DEFINITION_CONTEXT ( 'detailed design', #448, 'design' ) ;
#710 = FACE_OUTER_BOUND ( 'NONE', #231, .T. ) ;
#711 = CYLINDRICAL_SURFACE ( 'NONE', #93, 2.500000000000009326 ) ;
#712 = DIRECTION ( 'NONE',  ( 0.000000000000000000, 0.000000000000000000, 1.000000000000000000 ) ) ;
#713 = FACE_OUTER_BOUND ( 'NONE', #489, .T. ) ;
#714 = AXIS2_PLACEMENT_3D ( 'NONE', #1014, #233, #1396 ) ;
#715 = PRODUCT_CONTEXT ( 'NONE', #1361, 'mechanical' ) ;
#716 = EDGE_CURVE ( 'NONE', #52, #544, #1238, .T. ) ;
#717 = DIRECTION ( 'NONE',  ( -1.387778780781445676E-16, 1.000000000000000000, 0.000000000000000000 ) ) ;
#718 = ORIENTED_EDGE ( 'NONE', *, *, #1633, .F. ) ;
#719 = AXIS2_PLACEMENT_3D ( 'NONE', #945, #174, #62 ) ;
#720 = APPLICATION_PROTOCOL_DEFINITION ( 'draft international standard', 'automotive_design', 1998, #587 ) ;
#721 = DIRECTION ( 'NONE',  ( 0.000000000000000000, 0.000000000000000000, 1.000000000000000000 ) ) ;
#722 = SHAPE_DEFINITION_REPRESENTATION ( #10, #1425 ) ;
#723 = ORIENTED_EDGE ( 'NONE', *, *, #1443, .T. ) ;
#724 = DIRECTION ( 'NONE',  ( 1.000000000000000000, 0.000000000000000000, 0.000000000000000000 ) ) ;
#725 = ADVANCED_BREP_SHAPE_REPRESENTATION ( '', ( #871, #155 ), #879 ) ;
#726 = VERTEX_POINT ( 'NONE', #1528 ) ;
#727 = EDGE_LOOP ( 'NONE', ( #318, #301 ) ) ;
#728 = CARTESIAN_POINT ( 'NONE',  ( -47.09103465619127604, 27.18802153517003717, -9.000000000000001776 ) ) ;
#729 = DIRECTION ( 'NONE',  ( 0.000000000000000000, 0.000000000000000000, 1.000000000000000000 ) ) ;
#730 = DIRECTION ( 'NONE',  ( 0.000000000000000000, 0.000000000000000000, 1.000000000000000000 ) ) ;
#731 = EDGE_LOOP ( 'NONE', ( #1175, #1608, #647, #1413 ) ) ;
#732 = DIRECTION ( 'NONE',  ( 1.000000000000000000, 0.000000000000000000, 0.000000000000000000 ) ) ;
#733 = SURFACE_STYLE_FILL_AREA ( #1410 ) ;
#734 = CIRCLE ( 'NONE', #104, 3.999999999999989786 ) ;
#735 = CIRCLE ( 'NONE', #1331, 220.0000000000000000 ) ;
#736 = CARTESIAN_POINT ( 'NONE',  ( 0.000000000000000000, 0.000000000000000000, -9.000000000000001776 ) ) ;
#737 = FACE_BOUND ( 'NONE', #69, .T. ) ;
#738 = CIRCLE ( 'NONE', #1561, 2.999999999999993783 ) ;
#739 = CARTESIAN_POINT ( 'NONE',  ( 126.5136841273848916, 539.9999999999998863, 8.000000000000005329 ) ) ;
#740 = CIRCLE ( 'NONE', #641, 4.000000000000007994 ) ;
#741 = DIRECTION ( 'NONE',  ( 0.000000000000000000, 0.000000000000000000, 1.000000000000000000 ) ) ;
#742 = EDGE_LOOP ( 'NONE', ( #221, #463 ) ) ;
#743 = CARTESIAN_POINT ( 'NONE',  ( 0.000000000000000000, 0.000000000000000000, 15.00000000000000000 ) ) ;
#744 = DIRECTION ( 'NONE',  ( -1.000000000000000000, 0.000000000000000000, 0.000000000000000000 ) ) ;
#745 = AXIS2_PLACEMENT_3D ( 'NONE', #1244, #862, #1482 ) ;
#746 = DIRECTION ( 'NONE',  ( 0.000000000000000000, 0.000000000000000000, 1.000000000000000000 ) ) ;
#747 = ORIENTED_EDGE ( 'NONE', *, *, #1319, .T. ) ;
#748 = CARTESIAN_POINT ( 'NONE',  ( 28.00000000000000000, 0.000000000000000000, 22.00000000000000000 ) ) ;
#749 = ORIENTED_EDGE ( 'NONE', *, *, #1289, .F. ) ;
#750 = DIRECTION ( 'NONE',  ( 0.000000000000000000, 0.000000000000000000, 1.000000000000000000 ) ) ;
#751 = ORIENTED_EDGE ( 'NONE', *, *, #547, .T. ) ;
#752 = UNCERTAINTY_MEASURE_WITH_UNIT (LENGTH_MEASURE( 1.000000000000000082E-05 ), #646, 'distance_accuracy_value', 'NONE');
#753 = DIRECTION ( 'NONE',  ( 1.000000000000000000, 0.000000000000000000, -0.000000000000000000 ) ) ;
#754 = EDGE_CURVE ( 'NONE', #1232, #292, #1314, .T. ) ;
#755 = PLANE ( 'NONE',  #32 ) ;
#756 = EDGE_LOOP ( 'NONE', ( #1480, #426, #1155, #1550 ) ) ;
#757 = DIRECTION ( 'NONE',  ( -1.000000000000000000, 0.000000000000000000, 0.000000000000000000 ) ) ;
#758 = CYLINDRICAL_SURFACE ( 'NONE', #616, 3.000000000000000444 ) ;
#759 = LINE ( 'NONE', #664, #608 ) ;
#760 = AXIS2_PLACEMENT_3D ( 'NONE', #973, #845, #460 ) ;
#761 = FACE_OUTER_BOUND ( 'NONE', #1211, .T. ) ;
#762 = CARTESIAN_POINT ( 'NONE',  ( 76.00000000000000000, 46.18802153516993769, -9.000000000000001776 ) ) ;
#763 = PRESENTATION_LAYER_ASSIGNMENT (  '', '', ( #325 ) ) ;
#764 = ORIENTED_EDGE ( 'NONE', *, *, #306, .F. ) ;
#765 = DIRECTION ( 'NONE',  ( -1.000000000000000000, 0.000000000000000000, 0.000000000000000000 ) ) ;
#766 = CARTESIAN_POINT ( 'NONE',  ( -80.00000000000000000, 46.18802153516993769, -9.000000000000001776 ) ) ;
#767 = AXIS2_PLACEMENT_3D ( 'NONE', #1330, #556, #557 ) ;
#768 = DIRECTION ( 'NONE',  ( -1.000000000000000000, 0.000000000000000000, 0.000000000000000000 ) ) ;
#769 = DIRECTION ( 'NONE',  ( 0.000000000000000000, 0.000000000000000000, 1.000000000000000000 ) ) ;
#770 = ORIENTED_EDGE ( 'NONE', *, *, #51, .F. ) ;
#771 = EDGE_LOOP ( 'NONE', ( #288, #591 ) ) ;
#772 = CARTESIAN_POINT ( 'NONE',  ( 0.000000000000000000, 0.000000000000000000, 15.00000000000000000 ) ) ;
#773 = EDGE_LOOP ( 'NONE', ( #332, #821, #262, #510 ) ) ;
#774 = CIRCLE ( 'NONE', #304, 3.999999999999989786 ) ;
#775 = CIRCLE ( 'NONE', #1646, 3.999999999999989786 ) ;
#776 = DIRECTION ( 'NONE',  ( 1.387778780781445676E-16, -1.000000000000000000, 0.000000000000000000 ) ) ;
#777 = DIRECTION ( 'NONE',  ( 0.000000000000000000, 0.000000000000000000, 1.000000000000000000 ) ) ;
#778 = FACE_OUTER_BOUND ( 'NONE', #790, .T. ) ;
#779 = FACE_OUTER_BOUND ( 'NONE', #1531, .T. ) ;
#780 = PRODUCT ( 'A000238-TAPASXXXTAPA', 'A000238-TAPASXXXTAPA', '', ( #849 ) ) ;
#781 = CYLINDRICAL_SURFACE ( 'NONE', #1092, 3.000000000000000444 ) ;
#782 = DIRECTION ( 'NONE',  ( 0.000000000000000000, -0.000000000000000000, 1.000000000000000000 ) ) ;
#783 = SURFACE_SIDE_STYLE ('',( #1143 ) ) ;
#784 = SURFACE_STYLE_USAGE ( .BOTH. , #1546 ) ;
#785 = EDGE_CURVE ( 'NONE', #1138, #573, #992, .T. ) ;
#786 =( NAMED_UNIT ( * ) SI_UNIT ( $, .STERADIAN. ) SOLID_ANGLE_UNIT ( ) );
#787 = VERTEX_POINT ( 'NONE', #1419 ) ;
#788 = AXIS2_PLACEMENT_3D ( 'NONE', #1475, #1216, #1091 ) ;
#789 = ADVANCED_FACE ( 'NONE', ( #968 ), #671, .F. ) ;
#790 = EDGE_LOOP ( 'NONE', ( #1168, #819, #1067, #1364 ) ) ;
#791 = DIRECTION ( 'NONE',  ( 0.000000000000000000, 0.000000000000000000, 1.000000000000000000 ) ) ;
#792 = ORIENTED_EDGE ( 'NONE', *, *, #627, .F. ) ;
#793 =( NAMED_UNIT ( * ) SI_UNIT ( $, .STERADIAN. ) SOLID_ANGLE_UNIT ( ) );
#794 = DIRECTION ( 'NONE',  ( 0.000000000000000000, 1.000000000000000000, 0.000000000000000000 ) ) ;
#795 = CARTESIAN_POINT ( 'NONE',  ( 0.000000000000000000, 0.000000000000000000, 0.000000000000000000 ) ) ;
#796 = ORIENTED_EDGE ( 'NONE', *, *, #948, .T. ) ;
#797 = AXIS2_PLACEMENT_3D ( 'NONE', #521, #912, #1422 ) ;
#798 = CYLINDRICAL_SURFACE ( 'NONE', #719, 3.999999999999989786 ) ;
#799 = ADVANCED_FACE ( 'NONE', ( #1648 ), #1521, .F. ) ;
#800 = CARTESIAN_POINT ( 'NONE',  ( -16.00000000000000000, 46.18802153516994480, 0.000000000000000000 ) ) ;
#801 = FACE_OUTER_BOUND ( 'NONE', #1088, .T. ) ;
#802 = EDGE_CURVE ( 'NONE', #2, #120, #63, .T. ) ;
#803 = DIRECTION ( 'NONE',  ( -0.000000000000000000, 1.000000000000000000, -0.000000000000000000 ) ) ;
#804 = ORIENTED_EDGE ( 'NONE', *, *, #249, .T. ) ;
#805 = ADVANCED_FACE ( 'NONE', ( #307 ), #711, .F. ) ;
#806 = EDGE_CURVE ( 'NONE', #1662, #1309, #652, .T. ) ;
#807 = CARTESIAN_POINT ( 'NONE',  ( -100.0000000000000284, 87.62395692965992566, -9.000000000000001776 ) ) ;
#808 = ORIENTED_EDGE ( 'NONE', *, *, #283, .T. ) ;
#809 = EDGE_CURVE ( 'NONE', #640, #1460, #1334, .T. ) ;
#810 = CONTEXT_DEPENDENT_SHAPE_REPRESENTATION ( #1478, #626 ) ;
#811 = ORIENTED_EDGE ( 'NONE', *, *, #1279, .F. ) ;
#812 = ORIENTED_EDGE ( 'NONE', *, *, #1321, .F. ) ;
#813 = DIRECTION ( 'NONE',  ( 0.000000000000000000, 0.000000000000000000, 1.000000000000000000 ) ) ;
#814 = ORIENTED_EDGE ( 'NONE', *, *, #962, .T. ) ;
#815 = FACE_BOUND ( 'NONE', #1327, .T. ) ;
#816 = FACE_OUTER_BOUND ( 'NONE', #1029, .T. ) ;
#817 = CIRCLE ( 'NONE', #1008, 3.000000000000007994 ) ;
#818 = CARTESIAN_POINT ( 'NONE',  ( 28.00000000000000000, 0.000000000000000000, 0.000000000000000000 ) ) ;
#819 = ORIENTED_EDGE ( 'NONE', *, *, #1095, .T. ) ;
#820 = EDGE_LOOP ( 'NONE', ( #106, #1026 ) ) ;
#821 = ORIENTED_EDGE ( 'NONE', *, *, #1085, .T. ) ;
#822 = EDGE_CURVE ( 'NONE', #640, #120, #1624, .T. ) ;
#823 = VERTEX_POINT ( 'NONE', #1170 ) ;
#824 = CARTESIAN_POINT ( 'NONE',  ( 28.00000000000000000, 0.000000000000000000, 0.000000000000000000 ) ) ;
#825 = CARTESIAN_POINT ( 'NONE',  ( -83.99999999999998579, 46.18802153516993769, 0.000000000000000000 ) ) ;
#826 = VERTEX_POINT ( 'NONE', #1178 ) ;
#827 = DIRECTION ( 'NONE',  ( 0.000000000000000000, 0.000000000000000000, 1.000000000000000000 ) ) ;
#828 = CIRCLE ( 'NONE', #529, 3.999999999999989786 ) ;
#829 = VECTOR ( 'NONE', #1002, 1000.000000000000000 ) ;
#830 = LINE ( 'NONE', #327, #693 ) ;
#831 = EDGE_CURVE ( 'NONE', #787, #558, #1400, .T. ) ;
#832 = DIRECTION ( 'NONE',  ( 0.000000000000000000, 1.000000000000000000, 0.000000000000000000 ) ) ;
#833 = DIRECTION ( 'NONE',  ( -1.000000000000000000, 0.000000000000000000, 0.000000000000000000 ) ) ;
#834 = AXIS2_PLACEMENT_3D ( 'NONE', #853, #1239, #468 ) ;
#835 = ORIENTED_EDGE ( 'NONE', *, *, #238, .T. ) ;
#836 = DIRECTION ( 'NONE',  ( 0.000000000000000000, 0.000000000000000000, 1.000000000000000000 ) ) ;
#837 = DIRECTION ( 'NONE',  ( 1.000000000000000000, 0.000000000000000000, 0.000000000000000000 ) ) ;
#838 = COLOUR_RGB ( '',1.000000000000000000, 1.000000000000000000, 1.000000000000000000 ) ;
#839 = ORIENTED_EDGE ( 'NONE', *, *, #428, .T. ) ;
#840 = DIRECTION ( 'NONE',  ( 0.5000000000000004441, 0.000000000000000000, -0.8660254037844384856 ) ) ;
#841 = AXIS2_PLACEMENT_3D ( 'NONE', #5, #464, #1233 ) ;
#842 = ORIENTED_EDGE ( 'NONE', *, *, #936, .F. ) ;
#843 = DIRECTION ( 'NONE',  ( 1.000000000000000000, 1.387778780781445676E-16, 0.000000000000000000 ) ) ;
#844 = ORIENTED_EDGE ( 'NONE', *, *, #1045, .T. ) ;
#845 = DIRECTION ( 'NONE',  ( 0.000000000000000000, 0.000000000000000000, 1.000000000000000000 ) ) ;
#846 = EDGE_CURVE ( 'NONE', #1286, #864, #1297, .T. ) ;
#847 = UNCERTAINTY_MEASURE_WITH_UNIT (LENGTH_MEASURE( 1.000000000000000082E-05 ), #265, 'distance_accuracy_value', 'NONE');
#848 = VERTEX_POINT ( 'NONE', #1551 ) ;
#849 = PRODUCT_CONTEXT ( 'NONE', #956, 'mechanical' ) ;
#850 = DIRECTION ( 'NONE',  ( 1.000000000000000000, 0.000000000000000000, 0.000000000000000000 ) ) ;
#851 = LINE ( 'NONE', #869, #1274 ) ;
#852 = VECTOR ( 'NONE', #717, 1000.000000000000000 ) ;
#853 = CARTESIAN_POINT ( 'NONE',  ( 32.00000000000000000, -54.37604307034006723, -9.000000000000001776 ) ) ;
#854 = LINE ( 'NONE', #1415, #1378 ) ;
#855 = CARTESIAN_POINT ( 'NONE',  ( -13.49999999999999112, 46.18802153516994480, -9.000000000000001776 ) ) ;
#856 = PLANE ( 'NONE',  #1565 ) ;
#857 = DIRECTION ( 'NONE',  ( 0.000000000000000000, 0.000000000000000000, 1.000000000000000000 ) ) ;
#858 = EDGE_CURVE ( 'NONE', #604, #979, #828, .T. ) ;
#859 = ORIENTED_EDGE ( 'NONE', *, *, #410, .F. ) ;
#860 = CARTESIAN_POINT ( 'NONE',  ( 43.09103465619128315, 27.18802153517004072, -9.000000000000001776 ) ) ;
#861 = SURFACE_SIDE_STYLE ('',( #1534 ) ) ;
#862 = DIRECTION ( 'NONE',  ( 0.000000000000000000, 0.000000000000000000, 1.000000000000000000 ) ) ;
#863 = DIRECTION ( 'NONE',  ( 0.000000000000000000, 0.000000000000000000, 1.000000000000000000 ) ) ;
#864 = VERTEX_POINT ( 'NONE', #530 ) ;
#865 = CARTESIAN_POINT ( 'NONE',  ( -13.49999999999999112, 46.18802153516994480, -9.000000000000001776 ) ) ;
#866 = VERTEX_POINT ( 'NONE', #522 ) ;
#867 = EDGE_CURVE ( 'NONE', #156, #1613, #759, .T. ) ;
#868 = ORIENTED_EDGE ( 'NONE', *, *, #187, .F. ) ;
#869 = CARTESIAN_POINT ( 'NONE',  ( -4.000000000000007105, -54.37604307034006723, -9.000000000000001776 ) ) ;
#870 = CARTESIAN_POINT ( 'NONE',  ( 0.000000000000000000, -54.37604307034006723, -9.000000000000001776 ) ) ;
#871 = MANIFOLD_SOLID_BREP ( 'Cortar-Extruir3', #1373 ) ;
#872 = PRESENTATION_LAYER_ASSIGNMENT (  '', '', ( #1356 ) ) ;
#873 = CARTESIAN_POINT ( 'NONE',  ( 88.51368412738489155, 539.9999999999998863, 11.00000000000000000 ) ) ;
#874 = EDGE_LOOP ( 'NONE', ( #844, #390 ) ) ;
#875 = CIRCLE ( 'NONE', #1500, 3.000000000000000444 ) ;
#876 = DIRECTION ( 'NONE',  ( 1.000000000000000000, 0.000000000000000000, 0.000000000000000000 ) ) ;
#877 = DIRECTION ( 'NONE',  ( -1.000000000000000000, 0.000000000000000000, 0.000000000000000000 ) ) ;
#878 = CYLINDRICAL_SURFACE ( 'NONE', #1582, 4.000000000000007994 ) ;
#879 =( GEOMETRIC_REPRESENTATION_CONTEXT ( 3 ) GLOBAL_UNCERTAINTY_ASSIGNED_CONTEXT ( ( #149 ) ) GLOBAL_UNIT_ASSIGNED_CONTEXT ( ( #1548, #1047, #786 ) ) REPRESENTATION_CONTEXT ( 'NONE', 'WORKASPACE' ) );
#880 = SHAPE_REPRESENTATION ( 'A000238-COMPLETO-IM00', ( #1104, #300, #449, #995, #398, #1017 ), #537 ) ;
#881 = CARTESIAN_POINT ( 'NONE',  ( -100.0000000000000000, -112.3760430703400885, 0.000000000000000000 ) ) ;
#882 = ORIENTED_EDGE ( 'NONE', *, *, #658, .T. ) ;
#883 = AXIS2_PLACEMENT_3D ( 'NONE', #1504, #131, #1287 ) ;
#884 = PRESENTATION_STYLE_ASSIGNMENT (( #136 ) ) ;
#885 = EDGE_LOOP ( 'NONE', ( #125, #1405, #683, #139 ) ) ;
#886 = ORIENTED_EDGE ( 'NONE', *, *, #167, .T. ) ;
#887 = EDGE_CURVE ( 'NONE', #1093, #667, #629, .T. ) ;
#888 = CARTESIAN_POINT ( 'NONE',  ( 79.99999999999998579, 46.18802153516993769, -9.000000000000001776 ) ) ;
#889 = DIRECTION ( 'NONE',  ( 0.000000000000000000, 0.000000000000000000, 1.000000000000000000 ) ) ;
#890 = ORIENTED_EDGE ( 'NONE', *, *, #1544, .F. ) ;
#891 = EDGE_CURVE ( 'NONE', #1309, #1662, #735, .T. ) ;
#892 = CYLINDRICAL_SURFACE ( 'NONE', #423, 2.500000000000009326 ) ;
#893 = FACE_OUTER_BOUND ( 'NONE', #342, .T. ) ;
#894 = CARTESIAN_POINT ( 'NONE',  ( 81.51368412738487734, 580.0000000000000000, 22.00000000000000000 ) ) ;
#895 = CYLINDRICAL_SURFACE ( 'NONE', #1514, 220.0000000000000000 ) ;
#896 = ORIENTED_EDGE ( 'NONE', *, *, #1552, .F. ) ;
#897 = DIRECTION ( 'NONE',  ( -1.387778780781445676E-16, 1.000000000000000000, 0.000000000000000000 ) ) ;
#898 = DIRECTION ( 'NONE',  ( 0.000000000000000000, 0.000000000000000000, 1.000000000000000000 ) ) ;
#899 = VERTEX_POINT ( 'NONE', #538 ) ;
#900 = DIRECTION ( 'NONE',  ( -1.000000000000000000, -1.387778780781445676E-16, 0.000000000000000000 ) ) ;
#901 = DIRECTION ( 'NONE',  ( 1.000000000000000000, 0.000000000000000000, 0.000000000000000000 ) ) ;
#902 = AXIS2_PLACEMENT_3D ( 'NONE', #1536, #1028, #636 ) ;
#903 = ADVANCED_FACE ( 'NONE', ( #1142 ), #285, .F. ) ;
#904 = DIRECTION ( 'NONE',  ( 0.000000000000000000, 0.000000000000000000, 1.000000000000000000 ) ) ;
#905 = ORIENTED_EDGE ( 'NONE', *, *, #1487, .T. ) ;
#906 = DIRECTION ( 'NONE',  ( 0.000000000000000000, 1.000000000000000000, 0.000000000000000000 ) ) ;
#907 = SURFACE_SIDE_STYLE ('',( #1594 ) ) ;
#908 = ORIENTED_EDGE ( 'NONE', *, *, #249, .F. ) ;
#909 = ORIENTED_EDGE ( 'NONE', *, *, #401, .T. ) ;
#910 = ORIENTED_EDGE ( 'NONE', *, *, #1063, .F. ) ;
#911 = ADVANCED_FACE ( 'NONE', ( #348 ), #333, .T. ) ;
#912 = DIRECTION ( 'NONE',  ( 0.000000000000000000, 0.000000000000000000, 1.000000000000000000 ) ) ;
#913 = EDGE_CURVE ( 'NONE', #823, #1468, #934, .T. ) ;
#914 = VECTOR ( 'NONE', #1144, 1000.000000000000000 ) ;
#915 = DIRECTION ( 'NONE',  ( 0.000000000000000000, 0.000000000000000000, 1.000000000000000000 ) ) ;
#916 = CYLINDRICAL_SURFACE ( 'NONE', #1190, 4.000000000000007105 ) ;
#917 = SHAPE_REPRESENTATION ( 'A000238-TAPASXXXTAPA', ( #155 ), #13 ) ;
#918 = CARTESIAN_POINT ( 'NONE',  ( 0.000000000000000000, 0.000000000000000000, 22.00000000000000000 ) ) ;
#919 =( LENGTH_UNIT ( ) NAMED_UNIT ( * ) SI_UNIT ( .MILLI., .METRE. ) );
#920 = ADVANCED_FACE ( 'NONE', ( #1570 ), #1614, .F. ) ;
#921 = FILL_AREA_STYLE ('',( #1427 ) ) ;
#922 = EDGE_CURVE ( 'NONE', #1502, #422, #395, .T. ) ;
#923 = ORIENTED_EDGE ( 'NONE', *, *, #1267, .F. ) ;
#924 = ADVANCED_BREP_SHAPE_REPRESENTATION ( '', ( #22, #155 ), #651 ) ;
#925 = DIRECTION ( 'NONE',  ( 0.000000000000000000, 0.000000000000000000, 1.000000000000000000 ) ) ;
#926 = PRODUCT_DEFINITION_SHAPE ( 'NONE', 'NONE',  #1663 ) ;
#927 = ORIENTED_EDGE ( 'NONE', *, *, #195, .F. ) ;
#928 = ORIENTED_EDGE ( 'NONE', *, *, #1590, .T. ) ;
#929 = ADVANCED_FACE ( 'NONE', ( #6, #1553 ), #479, .T. ) ;
#930 = CARTESIAN_POINT ( 'NONE',  ( -34.50000000000000711, -54.37604307034006723, -9.000000000000001776 ) ) ;
#931 = ORIENTED_EDGE ( 'NONE', *, *, #192, .F. ) ;
#932 = STYLED_ITEM ( 'NONE', ( #27 ), #924 ) ;
#933 = ORIENTED_EDGE ( 'NONE', *, *, #145, .T. ) ;
#934 = LINE ( 'NONE', #340, #223 ) ;
#935 = LINE ( 'NONE', #542, #1455 ) ;
#936 = EDGE_CURVE ( 'NONE', #823, #1579, #1258, .T. ) ;
#937 = ADVANCED_FACE ( 'NONE', ( #893 ), #593, .T. ) ;
#938 = CARTESIAN_POINT ( 'NONE',  ( 29.49999999999999289, -54.37604307034006723, -9.000000000000001776 ) ) ;
#939 = VERTEX_POINT ( 'NONE', #994 ) ;
#940 = ORIENTED_EDGE ( 'NONE', *, *, #785, .F. ) ;
#941 = EDGE_CURVE ( 'NONE', #981, #642, #534, .T. ) ;
#942 = VERTEX_POINT ( 'NONE', #860 ) ;
#943 = VERTEX_POINT ( 'NONE', #978 ) ;
#944 = ORIENTED_EDGE ( 'NONE', *, *, #809, .T. ) ;
#945 = CARTESIAN_POINT ( 'NONE',  ( 47.09103465619126894, 27.18802153517004072, -9.000000000000001776 ) ) ;
#946 = ORIENTED_EDGE ( 'NONE', *, *, #314, .F. ) ;
#947 = CIRCLE ( 'NONE', #1481, 2.500000000000009326 ) ;
#948 = EDGE_CURVE ( 'NONE', #1465, #1348, #875, .T. ) ;
#949 = VECTOR ( 'NONE', #791, 1000.000000000000000 ) ;
#950 = CIRCLE ( 'NONE', #197, 4.000000000000007105 ) ;
#951 = LINE ( 'NONE', #1395, #1421 ) ;
#952 = DIRECTION ( 'NONE',  ( -1.000000000000000000, 0.000000000000000000, 0.000000000000000000 ) ) ;
#953 = CIRCLE ( 'NONE', #1305, 3.999999999999989786 ) ;
#954 = CARTESIAN_POINT ( 'NONE',  ( -32.00000000000000000, -54.37604307034006723, -9.000000000000001776 ) ) ;
#955 = AXIS2_PLACEMENT_3D ( 'NONE', #954, #180, #833 ) ;
#956 = APPLICATION_CONTEXT ( 'automotive_design' ) ;
#957 = DIRECTION ( 'NONE',  ( 0.000000000000000000, 0.000000000000000000, 1.000000000000000000 ) ) ;
#958 = DIRECTION ( 'NONE',  ( 0.8660254037844411501, 0.000000000000000000, -0.4999999999999955591 ) ) ;
#959 = PRODUCT_DEFINITION ( 'UNKNOWN', '', #1055, #471 ) ;
#960 = DIRECTION ( 'NONE',  ( 1.000000000000000000, 0.000000000000000000, 0.000000000000000000 ) ) ;
#961 = VERTEX_POINT ( 'NONE', #1116 ) ;
#962 = EDGE_CURVE ( 'NONE', #558, #644, #1516, .T. ) ;
#963 = VERTEX_POINT ( 'NONE', #611 ) ;
#964 = DIRECTION ( 'NONE',  ( 0.000000000000000000, -1.000000000000000000, 0.000000000000000000 ) ) ;
#965 = DIRECTION ( 'NONE',  ( -0.000000000000000000, -0.000000000000000000, -1.000000000000000000 ) ) ;
#966 = ORIENTED_EDGE ( 'NONE', *, *, #428, .F. ) ;
#967 = VECTOR ( 'NONE', #1542, 1000.000000000000000 ) ;
#968 = FACE_OUTER_BOUND ( 'NONE', #1657, .T. ) ;
#969 = AXIS2_PLACEMENT_3D ( 'NONE', #736, #103, #1510 ) ;
#970 =( LENGTH_UNIT ( ) NAMED_UNIT ( * ) SI_UNIT ( .MILLI., .METRE. ) );
#971 = EDGE_CURVE ( 'NONE', #1545, #1093, #1474, .T. ) ;
#972 = DIRECTION ( 'NONE',  ( 0.000000000000000000, 0.000000000000000000, 1.000000000000000000 ) ) ;
#973 = CARTESIAN_POINT ( 'NONE',  ( 16.00000000000000000, 46.18802153516994480, -9.000000000000001776 ) ) ;
#974 = DIRECTION ( 'NONE',  ( 0.000000000000000000, 0.000000000000000000, 1.000000000000000000 ) ) ;
#975 = ORIENTED_EDGE ( 'NONE', *, *, #77, .F. ) ;
#976 = CARTESIAN_POINT ( 'NONE',  ( 0.000000000000000000, 0.000000000000000000, 0.000000000000000000 ) ) ;
#977 = DIRECTION ( 'NONE',  ( -0.000000000000000000, -0.000000000000000000, -1.000000000000000000 ) ) ;
#978 = CARTESIAN_POINT ( 'NONE',  ( 81.51368412738487734, 580.0000000000000000, 22.00000000000000000 ) ) ;
#979 = VERTEX_POINT ( 'NONE', #1391 ) ;
#980 = SHAPE_DEFINITION_REPRESENTATION ( #91, #880 ) ;
#981 = VERTEX_POINT ( 'NONE', #865 ) ;
#982 = DIRECTION ( 'NONE',  ( 0.000000000000000000, 0.000000000000000000, 1.000000000000000000 ) ) ;
#983 = VERTEX_POINT ( 'NONE', #219 ) ;
#984 = AXIS2_PLACEMENT_3D ( 'NONE', #315, #1328, #435 ) ;
#985 = DIRECTION ( 'NONE',  ( 0.000000000000000000, 0.000000000000000000, 1.000000000000000000 ) ) ;
#986 = ORIENTED_EDGE ( 'NONE', *, *, #25, .T. ) ;
#987 = CARTESIAN_POINT ( 'NONE',  ( 0.000000000000000000, 0.000000000000000000, 15.00000000000000000 ) ) ;
#988 = FACE_OUTER_BOUND ( 'NONE', #701, .T. ) ;
#989 = LINE ( 'NONE', #739, #165 ) ;
#990 = DIRECTION ( 'NONE',  ( -0.000000000000000000, 1.000000000000000000, -0.000000000000000000 ) ) ;
#991 = UNCERTAINTY_MEASURE_WITH_UNIT (LENGTH_MEASURE( 1.000000000000000082E-05 ), #919, 'distance_accuracy_value', 'NONE');
#992 = CIRCLE ( 'NONE', #317, 3.999999999999989786 ) ;
#993 = CIRCLE ( 'NONE', #955, 2.500000000000009326 ) ;
#994 = CARTESIAN_POINT ( 'NONE',  ( 3.000000000000000444, 3.673940397442060361E-16, 2.999999999999999112 ) ) ;
#995 = AXIS2_PLACEMENT_3D ( 'NONE', #565, #840, #1223 ) ;
#996 = FACE_OUTER_BOUND ( 'NONE', #210, .T. ) ;
#997 = PLANE ( 'NONE',  #1231 ) ;
#998 = DIRECTION ( 'NONE',  ( 1.000000000000000000, 0.000000000000000000, 0.000000000000000000 ) ) ;
#999 = CARTESIAN_POINT ( 'NONE',  ( 81.51368412738487734, 580.0000000000000000, 0.000000000000000000 ) ) ;
#1000 = AXIS2_PLACEMENT_3D ( 'NONE', #807, #1193, #1568 ) ;
#1001 = DIRECTION ( 'NONE',  ( 0.000000000000000000, 0.000000000000000000, 1.000000000000000000 ) ) ;
#1002 = DIRECTION ( 'NONE',  ( 0.000000000000000000, 0.000000000000000000, 1.000000000000000000 ) ) ;
#1003 = VERTEX_POINT ( 'NONE', #1621 ) ;
#1004 = EDGE_CURVE ( 'NONE', #506, #40, #396, .T. ) ;
#1005 = PRODUCT_DEFINITION_SHAPE ( 'NONE', 'NONE',  #1664 ) ;
#1006 = ORIENTED_EDGE ( 'NONE', *, *, #1021, .T. ) ;
#1007 = CARTESIAN_POINT ( 'NONE',  ( 4.000000000000007994, -92.37604307034006013, -9.000000000000001776 ) ) ;
#1008 = AXIS2_PLACEMENT_3D ( 'NONE', #53, #832, #322 ) ;
#1009 = DIRECTION ( 'NONE',  ( 0.000000000000000000, 0.000000000000000000, 1.000000000000000000 ) ) ;
#1010 = ORIENTED_EDGE ( 'NONE', *, *, #1004, .T. ) ;
#1011 = ORIENTED_EDGE ( 'NONE', *, *, #1289, .T. ) ;
#1012 = DIRECTION ( 'NONE',  ( 0.000000000000000000, 0.000000000000000000, 1.000000000000000000 ) ) ;
#1013 = SURFACE_STYLE_USAGE ( .BOTH. , #1174 ) ;
#1014 = CARTESIAN_POINT ( 'NONE',  ( 88.51368412738489155, 539.9999999999998863, 11.00000000000000000 ) ) ;
#1015 = LINE ( 'NONE', #444, #109 ) ;
#1016 = DIRECTION ( 'NONE',  ( 0.000000000000000000, 1.000000000000000000, 0.000000000000000000 ) ) ;
#1017 = AXIS2_PLACEMENT_3D ( 'NONE', #1473, #1100, #1214 ) ;
#1018 = CARTESIAN_POINT ( 'NONE',  ( -83.99999999999998579, 46.18802153516993769, -9.000000000000001776 ) ) ;
#1019 = DIRECTION ( 'NONE',  ( -0.000000000000000000, 0.000000000000000000, 1.000000000000000000 ) ) ;
#1020 = ORIENTED_EDGE ( 'NONE', *, *, #922, .F. ) ;
#1021 = EDGE_CURVE ( 'NONE', #1529, #983, #183, .T. ) ;
#1022 = ITEM_DEFINED_TRANSFORMATION ( 'NONE', 'NONE', #995,  #155 ) ;
#1023 = DIRECTION ( 'NONE',  ( 0.000000000000000000, 0.000000000000000000, 1.000000000000000000 ) ) ;
#1024 = DIRECTION ( 'NONE',  ( -1.000000000000000000, 0.000000000000000000, 0.000000000000000000 ) ) ;
#1025 = CARTESIAN_POINT ( 'NONE',  ( 51.09103465619126183, 27.18802153517004072, -9.000000000000001776 ) ) ;
#1026 = ORIENTED_EDGE ( 'NONE', *, *, #1004, .F. ) ;
#1027 = ORIENTED_EDGE ( 'NONE', *, *, #1620, .F. ) ;
#1028 = DIRECTION ( 'NONE',  ( 0.000000000000000000, 0.000000000000000000, 1.000000000000000000 ) ) ;
#1029 = EDGE_LOOP ( 'NONE', ( #527, #804, #559, #595 ) ) ;
#1030 = CARTESIAN_POINT ( 'NONE',  ( -76.00000000000001421, 46.18802153516993769, -9.000000000000001776 ) ) ;
#1031 = CARTESIAN_POINT ( 'NONE',  ( -29.49999999999999289, -54.37604307034006723, -9.000000000000001776 ) ) ;
#1032 = ORIENTED_EDGE ( 'NONE', *, *, #809, .F. ) ;
#1033 = EDGE_CURVE ( 'NONE', #1662, #580, #1219, .T. ) ;
#1034 = VECTOR ( 'NONE', #1371, 1000.000000000000000 ) ;
#1035 = FACE_BOUND ( 'NONE', #706, .T. ) ;
#1036 = VECTOR ( 'NONE', #239, 1000.000000000000000 ) ;
#1037 = LINE ( 'NONE', #1593, #609 ) ;
#1038 = FACE_BOUND ( 'NONE', #1322, .T. ) ;
#1039 = CARTESIAN_POINT ( 'NONE',  ( -32.00000000000000000, -54.37604307034006723, -9.000000000000001776 ) ) ;
#1040 =( LENGTH_UNIT ( ) NAMED_UNIT ( * ) SI_UNIT ( .MILLI., .METRE. ) );
#1041 =( NAMED_UNIT ( * ) SI_UNIT ( $, .STERADIAN. ) SOLID_ANGLE_UNIT ( ) );
#1042 = FACE_BOUND ( 'NONE', #493, .T. ) ;
#1043 = ADVANCED_FACE ( 'NONE', ( #1626 ), #373, .F. ) ;
#1044 =( NAMED_UNIT ( * ) SI_UNIT ( $, .STERADIAN. ) SOLID_ANGLE_UNIT ( ) );
#1045 = EDGE_CURVE ( 'NONE', #899, #280, #817, .T. ) ;
#1046 = ORIENTED_EDGE ( 'NONE', *, *, #1633, .T. ) ;
#1047 =( NAMED_UNIT ( * ) PLANE_ANGLE_UNIT ( ) SI_UNIT ( $, .RADIAN. ) );
#1048 = AXIS2_PLACEMENT_3D ( 'NONE', #1272, #121, #502 ) ;
#1049 = CARTESIAN_POINT ( 'NONE',  ( 0.000000000000000000, 0.000000000000000000, 15.00000000000000000 ) ) ;
#1050 = ORIENTED_EDGE ( 'NONE', *, *, #438, .T. ) ;
#1051 = ADVANCED_FACE ( 'NONE', ( #28 ), #612, .F. ) ;
#1052 =( NAMED_UNIT ( * ) PLANE_ANGLE_UNIT ( ) SI_UNIT ( $, .RADIAN. ) );
#1053 = ORIENTED_EDGE ( 'NONE', *, *, #1467, .T. ) ;
#1054 = ORIENTED_EDGE ( 'NONE', *, *, #1620, .T. ) ;
#1055 = PRODUCT_DEFINITION_FORMATION_WITH_SPECIFIED_SOURCE ( 'ANY', '', #19, .NOT_KNOWN. ) ;
#1056 = DIRECTION ( 'NONE',  ( -1.000000000000000000, 0.000000000000000000, 0.000000000000000000 ) ) ;
#1057 = VERTEX_POINT ( 'NONE', #578 ) ;
#1058 = DIRECTION ( 'NONE',  ( -1.000000000000000000, 0.000000000000000000, 0.000000000000000000 ) ) ;
#1059 = FACE_OUTER_BOUND ( 'NONE', #731, .T. ) ;
#1060 = ADVANCED_FACE ( 'NONE', ( #1631 ), #354, .F. ) ;
#1061 = FACE_OUTER_BOUND ( 'NONE', #114, .T. ) ;
#1062 = AXIS2_PLACEMENT_3D ( 'NONE', #1128, #1625, #1503 ) ;
#1063 = EDGE_CURVE ( 'NONE', #939, #628, #1300, .T. ) ;
#1064 = ORIENTED_EDGE ( 'NONE', *, *, #279, .F. ) ;
#1065 = CARTESIAN_POINT ( 'NONE',  ( 156.5136841273848631, 580.0000000000000000, 22.00000000000000000 ) ) ;
#1066 = ITEM_DEFINED_TRANSFORMATION ( 'NONE', 'NONE', #398,  #155 ) ;
#1067 = ORIENTED_EDGE ( 'NONE', *, *, #754, .T. ) ;
#1068 = EDGE_LOOP ( 'NONE', ( #625, #1393, #1385, #770 ) ) ;
#1069 = ORIENTED_EDGE ( 'NONE', *, *, #572, .F. ) ;
#1070 = CARTESIAN_POINT ( 'NONE',  ( -34.50000000000000711, -54.37604307034006723, 0.000000000000000000 ) ) ;
#1071 = ORIENTED_EDGE ( 'NONE', *, *, #605, .T. ) ;
#1072 = ADVANCED_FACE ( 'NONE', ( #1061 ), #878, .F. ) ;
#1073 = DIRECTION ( 'NONE',  ( 0.000000000000000000, 0.000000000000000000, 1.000000000000000000 ) ) ;
#1074 = EDGE_LOOP ( 'NONE', ( #1389, #1090 ) ) ;
#1075 = FACE_OUTER_BOUND ( 'NONE', #531, .T. ) ;
#1076 = DIRECTION ( 'NONE',  ( 0.000000000000000000, 0.000000000000000000, 1.000000000000000000 ) ) ;
#1077 = FACE_OUTER_BOUND ( 'NONE', #1273, .T. ) ;
#1078 = SHAPE_REPRESENTATION_RELATIONSHIP ( 'NONE' , 'NONE' ,  #1425, #924 ) ;
#1079 = AXIS2_PLACEMENT_3D ( 'NONE', #618, #1016, #389 ) ;
#1080 = FACE_OUTER_BOUND ( 'NONE', #60, .T. ) ;
#1081 = CARTESIAN_POINT ( 'NONE',  ( 0.000000000000000000, -92.37604307034006013, -9.000000000000001776 ) ) ;
#1082 = ORIENTED_EDGE ( 'NONE', *, *, #1443, .F. ) ;
#1083 = PRODUCT_DEFINITION_FORMATION_WITH_SPECIFIED_SOURCE ( 'ANY', '', #1306, .NOT_KNOWN. ) ;
#1084 = DIRECTION ( 'NONE',  ( -1.000000000000000000, 0.000000000000000000, 0.000000000000000000 ) ) ;
#1085 = EDGE_CURVE ( 'NONE', #1618, #826, #455, .T. ) ;
#1086 = CARTESIAN_POINT ( 'NONE',  ( 0.000000000000000000, 0.000000000000000000, 0.000000000000000000 ) ) ;
#1087 = ORIENTED_EDGE ( 'NONE', *, *, #279, .T. ) ;
#1088 = EDGE_LOOP ( 'NONE', ( #362, #933, #1071, #927 ) ) ;
#1089 = DIRECTION ( 'NONE',  ( 0.000000000000000000, -1.000000000000000000, 0.000000000000000000 ) ) ;
#1090 = ORIENTED_EDGE ( 'NONE', *, *, #1467, .F. ) ;
#1091 = DIRECTION ( 'NONE',  ( -1.000000000000000000, 0.000000000000000000, 0.000000000000000000 ) ) ;
#1092 = AXIS2_PLACEMENT_3D ( 'NONE', #337, #201, #1245 ) ;
#1093 = VERTEX_POINT ( 'NONE', #1578 ) ;
#1094 = CARTESIAN_POINT ( 'NONE',  ( 100.0000000000000142, 0.000000000000000000, 100.0000000000000568 ) ) ;
#1095 = EDGE_CURVE ( 'NONE', #864, #1232, #1402, .T. ) ;
#1096 = LINE ( 'NONE', #482, #416 ) ;
#1097 = COLOUR_RGB ( '',1.000000000000000000, 1.000000000000000000, 1.000000000000000000 ) ;
#1098 = CARTESIAN_POINT ( 'NONE',  ( 47.09103465619126894, 27.18802153517004072, -9.000000000000001776 ) ) ;
#1099 = FACE_BOUND ( 'NONE', #820, .T. ) ;
#1100 = DIRECTION ( 'NONE',  ( -1.000000000000000000, 0.000000000000000000, -9.769962616701377556E-15 ) ) ;
#1101 = CARTESIAN_POINT ( 'NONE',  ( 99.99999999999997158, 87.62395692965995408, -9.000000000000001776 ) ) ;
#1102 = ORIENTED_EDGE ( 'NONE', *, *, #562, .F. ) ;
#1103 = PRODUCT_CONTEXT ( 'NONE', #198, 'mechanical' ) ;
#1104 = AXIS2_PLACEMENT_3D ( 'NONE', #457, #1597, #1345 ) ;
#1105 = CARTESIAN_POINT ( 'NONE',  ( 29.49999999999999289, -54.37604307034006723, -9.000000000000001776 ) ) ;
#1106 = CARTESIAN_POINT ( 'NONE',  ( -80.00000000000000000, 46.18802153516993769, 0.000000000000000000 ) ) ;
#1107 = CONTEXT_DEPENDENT_SHAPE_REPRESENTATION ( #324, #926 ) ;
#1108 = DIRECTION ( 'NONE',  ( -1.000000000000000000, 0.000000000000000000, 0.000000000000000000 ) ) ;
#1109 = ORIENTED_EDGE ( 'NONE', *, *, #283, .F. ) ;
#1110 = EDGE_CURVE ( 'NONE', #1545, #1564, #740, .T. ) ;
#1111 = DIRECTION ( 'NONE',  ( -0.000000000000000000, -0.000000000000000000, -1.000000000000000000 ) ) ;
#1112 = CLOSED_SHELL ( 'NONE', ( #1290, #274, #929, #920, #680, #143, #937 ) ) ;
#1113 =( LENGTH_UNIT ( ) NAMED_UNIT ( * ) SI_UNIT ( .MILLI., .METRE. ) );
#1114 = CARTESIAN_POINT ( 'NONE',  ( 88.51368412738489155, 539.9999999999998863, 14.00000000000000711 ) ) ;
#1115 = EDGE_LOOP ( 'NONE', ( #37, #459 ) ) ;
#1116 = CARTESIAN_POINT ( 'NONE',  ( 88.51368412738489155, 580.0000000000000000, 7.999999999999991118 ) ) ;
#1117 = VECTOR ( 'NONE', #220, 1000.000000000000000 ) ;
#1118 = CIRCLE ( 'NONE', #126, 3.000000000000007994 ) ;
#1119 = STYLED_ITEM ( 'NONE', ( #1164 ), #1462 ) ;
#1120 =( NAMED_UNIT ( * ) PLANE_ANGLE_UNIT ( ) SI_UNIT ( $, .RADIAN. ) );
#1121 = CIRCLE ( 'NONE', #329, 4.000000000000007994 ) ;
#1122 = VECTOR ( 'NONE', #1409, 1000.000000000000000 ) ;
#1123 = DIRECTION ( 'NONE',  ( -1.387778780781445676E-16, 1.000000000000000000, 0.000000000000000000 ) ) ;
#1124 = DIRECTION ( 'NONE',  ( -0.000000000000000000, 1.000000000000000000, -0.000000000000000000 ) ) ;
#1125 = LINE ( 'NONE', #999, #436 ) ;
#1126 = EDGE_CURVE ( 'NONE', #1613, #826, #953, .T. ) ;
#1127 = CARTESIAN_POINT ( 'NONE',  ( 0.000000000000000000, 0.000000000000000000, 15.00000000000000000 ) ) ;
#1128 = CARTESIAN_POINT ( 'NONE',  ( 47.09103465619126894, 27.18802153517004072, -9.000000000000001776 ) ) ;
#1129 = VERTEX_POINT ( 'NONE', #1461 ) ;
#1130 = DIRECTION ( 'NONE',  ( 0.000000000000000000, 0.000000000000000000, 1.000000000000000000 ) ) ;
#1131 = DIRECTION ( 'NONE',  ( 0.000000000000000000, 0.000000000000000000, 1.000000000000000000 ) ) ;
#1132 = EDGE_CURVE ( 'NONE', #979, #1529, #1015, .T. ) ;
#1133 = ORIENTED_EDGE ( 'NONE', *, *, #1656, .F. ) ;
#1134 = DIRECTION ( 'NONE',  ( 0.000000000000000000, 0.000000000000000000, 1.000000000000000000 ) ) ;
#1135 = CARTESIAN_POINT ( 'NONE',  ( 81.51368412738487734, 580.0000000000000000, 22.00000000000000000 ) ) ;
#1136 = ORIENTED_EDGE ( 'NONE', *, *, #948, .F. ) ;
#1137 = DIRECTION ( 'NONE',  ( 1.000000000000000000, 0.000000000000000000, 0.000000000000000000 ) ) ;
#1138 = VERTEX_POINT ( 'NONE', #825 ) ;
#1139 = DIRECTION ( 'NONE',  ( 1.000000000000000000, 0.000000000000000000, -0.000000000000000000 ) ) ;
#1140 = DIRECTION ( 'NONE',  ( 0.000000000000000000, 0.000000000000000000, 1.000000000000000000 ) ) ;
#1141 = EDGE_LOOP ( 'NONE', ( #708, #928, #1284, #18 ) ) ;
#1142 = FACE_OUTER_BOUND ( 'NONE', #520, .T. ) ;
#1143 = SURFACE_STYLE_FILL_AREA ( #1430 ) ;
#1144 = DIRECTION ( 'NONE',  ( 1.387778780781445676E-16, -1.000000000000000000, 0.000000000000000000 ) ) ;
#1145 = PRODUCT_DEFINITION_FORMATION_WITH_SPECIFIED_SOURCE ( 'ANY', '', #1291, .NOT_KNOWN. ) ;
#1146 = LINE ( 'NONE', #1607, #657 ) ;
#1147 = DIRECTION ( 'NONE',  ( 0.000000000000000000, 0.000000000000000000, 1.000000000000000000 ) ) ;
#1148 = AXIS2_PLACEMENT_3D ( 'NONE', #1039, #1429, #406 ) ;
#1149 = DIRECTION ( 'NONE',  ( 1.000000000000000000, 0.000000000000000000, 0.000000000000000000 ) ) ;
#1150 = ORIENTED_EDGE ( 'NONE', *, *, #682, .T. ) ;
#1151 = DIRECTION ( 'NONE',  ( 1.000000000000000000, 0.000000000000000000, 0.000000000000000000 ) ) ;
#1152 = ITEM_DEFINED_TRANSFORMATION ( 'NONE', 'NONE', #300,  #155 ) ;
#1153 = ORIENTED_EDGE ( 'NONE', *, *, #364, .T. ) ;
#1154 = EDGE_CURVE ( 'NONE', #1348, #628, #170, .T. ) ;
#1155 = ORIENTED_EDGE ( 'NONE', *, *, #1591, .T. ) ;
#1156 = CARTESIAN_POINT ( 'NONE',  ( 51.09103465619126183, 27.18802153517004072, -9.000000000000001776 ) ) ;
#1157 = DIRECTION ( 'NONE',  ( -1.000000000000000000, 0.000000000000000000, 0.000000000000000000 ) ) ;
#1158 = ORIENTED_EDGE ( 'NONE', *, *, #523, .T. ) ;
#1159 = LINE ( 'NONE', #413, #207 ) ;
#1160 = DIRECTION ( 'NONE',  ( 0.000000000000000000, 0.000000000000000000, 1.000000000000000000 ) ) ;
#1161 = CARTESIAN_POINT ( 'NONE',  ( -32.00000000000000000, -54.37604307034006723, -9.000000000000001776 ) ) ;
#1162 = CARTESIAN_POINT ( 'NONE',  ( 0.000000000000000000, 0.000000000000000000, 2.999999999999999112 ) ) ;
#1163 = FACE_OUTER_BOUND ( 'NONE', #1326, .T. ) ;
#1164 = PRESENTATION_STYLE_ASSIGNMENT (( #1387 ) ) ;
#1165 = CARTESIAN_POINT ( 'NONE',  ( 0.000000000000000000, 0.000000000000000000, 22.00000000000000000 ) ) ;
#1166 = FACE_OUTER_BOUND ( 'NONE', #756, .T. ) ;
#1167 = FILL_AREA_STYLE ('',( #656 ) ) ;
#1168 = ORIENTED_EDGE ( 'NONE', *, *, #1408, .F. ) ;
#1169 = AXIS2_PLACEMENT_3D ( 'NONE', #519, #769, #1414 ) ;
#1170 = CARTESIAN_POINT ( 'NONE',  ( 13.49999999999999112, 46.18802153516994480, -9.000000000000001776 ) ) ;
#1171 = ADVANCED_FACE ( 'NONE', ( #761 ), #1358, .F. ) ;
#1172 = DIRECTION ( 'NONE',  ( 0.000000000000000000, 1.000000000000000000, 0.000000000000000000 ) ) ;
#1173 =( NAMED_UNIT ( * ) SI_UNIT ( $, .STERADIAN. ) SOLID_ANGLE_UNIT ( ) );
#1174 = SURFACE_SIDE_STYLE ('',( #733 ) ) ;
#1175 = ORIENTED_EDGE ( 'NONE', *, *, #410, .T. ) ;
#1176 = EDGE_LOOP ( 'NONE', ( #1227, #1252, #808, #1082 ) ) ;
#1177 = MECHANICAL_DESIGN_GEOMETRIC_PRESENTATION_REPRESENTATION (  '', ( #325 ), #705 ) ;
#1178 = CARTESIAN_POINT ( 'NONE',  ( 76.00000000000000000, 46.18802153516993769, 0.000000000000000000 ) ) ;
#1179 = ORIENTED_EDGE ( 'NONE', *, *, #1386, .T. ) ;
#1180 = DIRECTION ( 'NONE',  ( 0.000000000000000000, 0.000000000000000000, 1.000000000000000000 ) ) ;
#1181 = SURFACE_SIDE_STYLE ('',( #1226 ) ) ;
#1182 = AXIS2_PLACEMENT_3D ( 'NONE', #1295, #526, #384 ) ;
#1183 = VERTEX_POINT ( 'NONE', #1360 ) ;
#1184 = ADVANCED_FACE ( 'NONE', ( #132 ), #673, .F. ) ;
#1185 = DIRECTION ( 'NONE',  ( 0.000000000000000000, 0.000000000000000000, 1.000000000000000000 ) ) ;
#1186 = CYLINDRICAL_SURFACE ( 'NONE', #698, 220.0000000000000000 ) ;
#1187 = CYLINDRICAL_SURFACE ( 'NONE', #122, 3.999999999999989786 ) ;
#1188 = DIRECTION ( 'NONE',  ( -1.000000000000000000, 0.000000000000000000, 0.000000000000000000 ) ) ;
#1189 = LINE ( 'NONE', #475, #1382 ) ;
#1190 = AXIS2_PLACEMENT_3D ( 'NONE', #1612, #982, #1639 ) ;
#1191 = EDGE_CURVE ( 'NONE', #1129, #1453, #1222, .T. ) ;
#1192 = ADVANCED_FACE ( 'NONE', ( #713 ), #1262, .F. ) ;
#1193 = DIRECTION ( 'NONE',  ( -1.000000000000000000, -1.387778780781445676E-16, 0.000000000000000000 ) ) ;
#1194 = VERTEX_POINT ( 'NONE', #1499 ) ;
#1195 = DIRECTION ( 'NONE',  ( 0.000000000000000000, 1.000000000000000000, 0.000000000000000000 ) ) ;
#1196 = ORIENTED_EDGE ( 'NONE', *, *, #1544, .T. ) ;
#1197 = ORIENTED_EDGE ( 'NONE', *, *, #806, .T. ) ;
#1198 = ORIENTED_EDGE ( 'NONE', *, *, #306, .T. ) ;
#1199 = ORIENTED_EDGE ( 'NONE', *, *, #572, .T. ) ;
#1200 = DIRECTION ( 'NONE',  ( -0.000000000000000000, -0.000000000000000000, -1.000000000000000000 ) ) ;
#1201 = LINE ( 'NONE', #200, #326 ) ;
#1202 = LINE ( 'NONE', #1555, #650 ) ;
#1203 = CIRCLE ( 'NONE', #1263, 3.999999999999989786 ) ;
#1204 = ADVANCED_FACE ( 'NONE', ( #996 ), #539, .F. ) ;
#1205 = AXIS2_PLACEMENT_3D ( 'NONE', #1486, #1234, #876 ) ;
#1206 = ORIENTED_EDGE ( 'NONE', *, *, #858, .T. ) ;
#1207 = CARTESIAN_POINT ( 'NONE',  ( -76.00000000000001421, 46.18802153516993769, -9.000000000000001776 ) ) ;
#1208 = EDGE_CURVE ( 'NONE', #156, #1618, #328, .T. ) ;
#1209 = ORIENTED_EDGE ( 'NONE', *, *, #822, .F. ) ;
#1210 = CARTESIAN_POINT ( 'NONE',  ( 76.00000000000000000, 46.18802153516993769, -9.000000000000001776 ) ) ;
#1211 = EDGE_LOOP ( 'NONE', ( #194, #703, #886, #1050 ) ) ;
#1212 = ORIENTED_EDGE ( 'NONE', *, *, #164, .T. ) ;
#1213 = DIRECTION ( 'NONE',  ( 0.2163285518444474920, 0.9763206223658722482, 0.000000000000000000 ) ) ;
#1214 = DIRECTION ( 'NONE',  ( -9.769962616701377556E-15, 0.000000000000000000, 1.000000000000000000 ) ) ;
#1215 = EDGE_CURVE ( 'NONE', #40, #506, #418, .T. ) ;
#1216 = DIRECTION ( 'NONE',  ( 0.000000000000000000, 0.000000000000000000, 1.000000000000000000 ) ) ;
#1217 = ORIENTED_EDGE ( 'NONE', *, *, #1344, .F. ) ;
#1218 = CARTESIAN_POINT ( 'NONE',  ( -18.50000000000001066, 46.18802153516994480, -9.000000000000001776 ) ) ;
#1219 = LINE ( 'NONE', #707, #511 ) ;
#1220 = AXIS2_PLACEMENT_3D ( 'NONE', #1509, #312, #439 ) ;
#1221 =( NAMED_UNIT ( * ) PLANE_ANGLE_UNIT ( ) SI_UNIT ( $, .RADIAN. ) );
#1222 = CIRCLE ( 'NONE', #8, 4.000000000000007105 ) ;
#1223 = DIRECTION ( 'NONE',  ( -0.8660254037844384856, 0.000000000000000000, -0.5000000000000004441 ) ) ;
#1224 = AXIS2_PLACEMENT_3D ( 'NONE', #367, #1268, #500 ) ;
#1225 = AXIS2_PLACEMENT_3D ( 'NONE', #162, #1576, #289 ) ;
#1226 = SURFACE_STYLE_FILL_AREA ( #270 ) ;
#1227 = ORIENTED_EDGE ( 'NONE', *, *, #1598, .F. ) ;
#1228 = DIRECTION ( 'NONE',  ( 1.000000000000000000, 0.000000000000000000, 0.000000000000000000 ) ) ;
#1229 = ORIENTED_EDGE ( 'NONE', *, *, #1591, .F. ) ;
#1230 = DIRECTION ( 'NONE',  ( 0.000000000000000000, 0.000000000000000000, 1.000000000000000000 ) ) ;
#1231 = AXIS2_PLACEMENT_3D ( 'NONE', #82, #588, #1610 ) ;
#1232 = VERTEX_POINT ( 'NONE', #353 ) ;
#1233 = DIRECTION ( 'NONE',  ( 1.000000000000000000, 0.000000000000000000, 0.000000000000000000 ) ) ;
#1234 = DIRECTION ( 'NONE',  ( 0.000000000000000000, 0.000000000000000000, 1.000000000000000000 ) ) ;
#1235 = EDGE_CURVE ( 'NONE', #943, #787, #1518, .T. ) ;
#1236 = DIRECTION ( 'NONE',  ( -1.000000000000000000, 0.000000000000000000, 0.000000000000000000 ) ) ;
#1237 = LINE ( 'NONE', #1031, #967 ) ;
#1238 = CIRCLE ( 'NONE', #1601, 2.500000000000009326 ) ;
#1239 = DIRECTION ( 'NONE',  ( 0.000000000000000000, 0.000000000000000000, 1.000000000000000000 ) ) ;
#1240 = EDGE_CURVE ( 'NONE', #1579, #823, #1495, .T. ) ;
#1241 = VECTOR ( 'NONE', #685, 1000.000000000000227 ) ;
#1242 = CIRCLE ( 'NONE', #672, 2.500000000000009326 ) ;
#1243 = CARTESIAN_POINT ( 'NONE',  ( 16.00000000000000000, 46.18802153516994480, -9.000000000000001776 ) ) ;
#1244 = CARTESIAN_POINT ( 'NONE',  ( -80.00000000000000000, 46.18802153516993769, -9.000000000000001776 ) ) ;
#1245 = DIRECTION ( 'NONE',  ( -1.000000000000000000, 0.000000000000000000, 0.000000000000000000 ) ) ;
#1246 = CARTESIAN_POINT ( 'NONE',  ( 0.000000000000000000, 0.000000000000000000, 0.000000000000000000 ) ) ;
#1247 = DIRECTION ( 'NONE',  ( 0.000000000000000000, 0.000000000000000000, 1.000000000000000000 ) ) ;
#1248 = CARTESIAN_POINT ( 'NONE',  ( 32.00000000000000000, -54.37604307034006723, 0.000000000000000000 ) ) ;
#1249 = CARTESIAN_POINT ( 'NONE',  ( 32.00000000000000000, -54.37604307034006723, -9.000000000000001776 ) ) ;
#1250 = ORIENTED_EDGE ( 'NONE', *, *, #1208, .T. ) ;
#1251 = AXIS2_PLACEMENT_3D ( 'NONE', #275, #1438, #659 ) ;
#1252 = ORIENTED_EDGE ( 'NONE', *, *, #627, .T. ) ;
#1253 = ORIENTED_EDGE ( 'NONE', *, *, #145, .F. ) ;
#1254 = DIRECTION ( 'NONE',  ( -0.9763206223658723593, 0.2163285518444475197, 0.000000000000000000 ) ) ;
#1255 = CARTESIAN_POINT ( 'NONE',  ( 156.5136841273848631, 580.0000000000000000, 22.00000000000000000 ) ) ;
#1256 = FACE_BOUND ( 'NONE', #727, .T. ) ;
#1257 = VECTOR ( 'NONE', #1381, 1000.000000000000000 ) ;
#1258 = CIRCLE ( 'NONE', #462, 2.500000000000009326 ) ;
#1259 = DIRECTION ( 'NONE',  ( -0.2163285518444474920, -0.9763206223658722482, 0.000000000000000000 ) ) ;
#1260 = CARTESIAN_POINT ( 'NONE',  ( 4.000000000000007105, -54.37604307034006723, -9.000000000000001776 ) ) ;
#1261 = CARTESIAN_POINT ( 'NONE',  ( 126.5136841273848916, 580.0000000000000000, 11.00000000000000000 ) ) ;
#1262 = CYLINDRICAL_SURFACE ( 'NONE', #1557, 2.500000000000009326 ) ;
#1263 = AXIS2_PLACEMENT_3D ( 'NONE', #140, #1160, #1537 ) ;
#1264 = DIRECTION ( 'NONE',  ( -1.000000000000000000, 0.000000000000000000, 0.000000000000000000 ) ) ;
#1265 = CARTESIAN_POINT ( 'NONE',  ( 32.00000000000000000, -54.37604307034006723, -9.000000000000001776 ) ) ;
#1266 = DIRECTION ( 'NONE',  ( 0.000000000000000000, 0.000000000000000000, 1.000000000000000000 ) ) ;
#1267 = EDGE_CURVE ( 'NONE', #1489, #1057, #45, .T. ) ;
#1268 = DIRECTION ( 'NONE',  ( 0.000000000000000000, 0.000000000000000000, 1.000000000000000000 ) ) ;
#1269 = EDGE_LOOP ( 'NONE', ( #408, #467 ) ) ;
#1270 = DIRECTION ( 'NONE',  ( 1.000000000000000000, 0.000000000000000000, 0.000000000000000000 ) ) ;
#1271 = ORIENTED_EDGE ( 'NONE', *, *, #716, .T. ) ;
#1272 = CARTESIAN_POINT ( 'NONE',  ( 0.000000000000000000, -54.37604307034006723, -9.000000000000001776 ) ) ;
#1273 = EDGE_LOOP ( 'NONE', ( #1645, #546, #1010, #20 ) ) ;
#1274 = VECTOR ( 'NONE', #1629, 1000.000000000000000 ) ;
#1275 = DIRECTION ( 'NONE',  ( -0.000000000000000000, -0.000000000000000000, -1.000000000000000000 ) ) ;
#1276 = PRODUCT_DEFINITION ( 'UNKNOWN', '', #1083, #1642 ) ;
#1277 = CIRCLE ( 'NONE', #1643, 2.500000000000009326 ) ;
#1278 = FILL_AREA_STYLE_COLOUR ( '', #1569 ) ;
#1279 = EDGE_CURVE ( 'NONE', #726, #943, #1146, .T. ) ;
#1280 = ORIENTED_EDGE ( 'NONE', *, *, #1321, .T. ) ;
#1281 = DIRECTION ( 'NONE',  ( -0.000000000000000000, -0.000000000000000000, -1.000000000000000000 ) ) ;
#1282 = CARTESIAN_POINT ( 'NONE',  ( 83.99999999999997158, 46.18802153516993769, 0.000000000000000000 ) ) ;
#1283 = DIRECTION ( 'NONE',  ( 0.000000000000000000, 0.000000000000000000, 1.000000000000000000 ) ) ;
#1284 = ORIENTED_EDGE ( 'NONE', *, *, #785, .T. ) ;
#1285 = CARTESIAN_POINT ( 'NONE',  ( 88.51368412738489155, 580.0000000000000000, 11.00000000000000000 ) ) ;
#1286 = VERTEX_POINT ( 'NONE', #71 ) ;
#1287 = DIRECTION ( 'NONE',  ( 1.000000000000000000, 1.387778780781445676E-16, 0.000000000000000000 ) ) ;
#1288 = ORIENTED_EDGE ( 'NONE', *, *, #77, .T. ) ;
#1289 = EDGE_CURVE ( 'NONE', #1309, #1615, #830, .T. ) ;
#1290 = ADVANCED_FACE ( 'NONE', ( #1080 ), #781, .F. ) ;
#1291 = PRODUCT ( 'A000238-PATASXXXBASE', 'A000238-PATASXXXBASE', '', ( #1103 ) ) ;
#1292 = ORIENTED_EDGE ( 'NONE', *, *, #1515, .T. ) ;
#1293 = ORIENTED_EDGE ( 'NONE', *, *, #1110, .F. ) ;
#1294 = FACE_OUTER_BOUND ( 'NONE', #181, .T. ) ;
#1295 = CARTESIAN_POINT ( 'NONE',  ( 0.000000000000000000, 0.000000000000000000, -9.000000000000001776 ) ) ;
#1296 =( NAMED_UNIT ( * ) PLANE_ANGLE_UNIT ( ) SI_UNIT ( $, .RADIAN. ) );
#1297 = CIRCLE ( 'NONE', #56, 3.000000000000001332 ) ;
#1298 = LINE ( 'NONE', #305, #350 ) ;
#1299 = FACE_OUTER_BOUND ( 'NONE', #1325, .T. ) ;
#1300 = CIRCLE ( 'NONE', #668, 3.000000000000000444 ) ;
#1301 = EDGE_CURVE ( 'NONE', #1286, #292, #1189, .T. ) ;
#1302 = ADVANCED_FACE ( 'NONE', ( #801 ), #916, .F. ) ;
#1303 = DIRECTION ( 'NONE',  ( 0.000000000000000000, 0.000000000000000000, 1.000000000000000000 ) ) ;
#1304 = DIRECTION ( 'NONE',  ( 0.000000000000000000, 0.000000000000000000, 1.000000000000000000 ) ) ;
#1305 = AXIS2_PLACEMENT_3D ( 'NONE', #48, #179, #1084 ) ;
#1306 = PRODUCT ( 'A000238-COMPLETO-IM00', 'A000238-COMPLETO-IM00', '', ( #715 ) ) ;
#1307 = CARTESIAN_POINT ( 'NONE',  ( 0.000000000000000000, 0.000000000000000000, -9.000000000000001776 ) ) ;
#1308 = CARTESIAN_POINT ( 'NONE',  ( 47.09103465619126894, 27.18802153517004072, -9.000000000000001776 ) ) ;
#1309 = VERTEX_POINT ( 'NONE', #369 ) ;
#1310 = AXIS2_PLACEMENT_3D ( 'NONE', #1401, #1012, #1024 ) ;
#1311 = ORIENTED_EDGE ( 'NONE', *, *, #605, .F. ) ;
#1312 = AXIS2_PLACEMENT_3D ( 'NONE', #1511, #96, #998 ) ;
#1313 = EDGE_LOOP ( 'NONE', ( #1179, #931, #1506, #1212 ) ) ;
#1314 = CIRCLE ( 'NONE', #1169, 3.000000000000001332 ) ;
#1315 = ADVANCED_FACE ( 'NONE', ( #9 ), #569, .F. ) ;
#1316 = DIRECTION ( 'NONE',  ( 1.000000000000000000, 0.000000000000000000, 0.000000000000000000 ) ) ;
#1317 = FACE_BOUND ( 'NONE', #161, .T. ) ;
#1318 = VERTEX_POINT ( 'NONE', #97 ) ;
#1319 = EDGE_CURVE ( 'NONE', #1369, #1183, #1588, .T. ) ;
#1320 = DIRECTION ( 'NONE',  ( 0.000000000000000000, 0.000000000000000000, 1.000000000000000000 ) ) ;
#1321 = EDGE_CURVE ( 'NONE', #422, #1502, #154, .T. ) ;
#1322 = EDGE_LOOP ( 'NONE', ( #1651, #258 ) ) ;
#1323 = ADVANCED_FACE ( 'NONE', ( #1166 ), #1458, .F. ) ;
#1324 = DIRECTION ( 'NONE',  ( 0.000000000000000000, 0.000000000000000000, 1.000000000000000000 ) ) ;
#1325 = EDGE_LOOP ( 'NONE', ( #146, #1445, #684, #1484 ) ) ;
#1326 = EDGE_LOOP ( 'NONE', ( #583, #585, #1638, #905 ) ) ;
#1327 = EDGE_LOOP ( 'NONE', ( #385, #100 ) ) ;
#1328 = DIRECTION ( 'NONE',  ( 0.000000000000000000, 0.000000000000000000, 1.000000000000000000 ) ) ;
#1329 = VERTEX_POINT ( 'NONE', #881 ) ;
#1330 = CARTESIAN_POINT ( 'NONE',  ( 88.51368412738489155, 580.0000000000000000, 11.00000000000000000 ) ) ;
#1331 = AXIS2_PLACEMENT_3D ( 'NONE', #1049, #1001, #732 ) ;
#1332 = VECTOR ( 'NONE', #898, 1000.000000000000000 ) ;
#1333 = FACE_BOUND ( 'NONE', #619, .T. ) ;
#1334 = LINE ( 'NONE', #1539, #914 ) ;
#1335 = VECTOR ( 'NONE', #1338, 1000.000000000000000 ) ;
#1336 = CARTESIAN_POINT ( 'NONE',  ( 0.000000000000000000, -92.37604307034006013, -9.000000000000001776 ) ) ;
#1337 = CIRCLE ( 'NONE', #1062, 3.999999999999989786 ) ;
#1338 = DIRECTION ( 'NONE',  ( 0.000000000000000000, 0.000000000000000000, 1.000000000000000000 ) ) ;
#1339 =( REPRESENTATION_RELATIONSHIP ('NONE','NONE', #880, #330 ) REPRESENTATION_RELATIONSHIP_WITH_TRANSFORMATION ( #1022 )SHAPE_REPRESENTATION_RELATIONSHIP( ) );
#1340 = AXIS2_PLACEMENT_3D ( 'NONE', #509, #1140, #108 ) ;
#1341 = CARTESIAN_POINT ( 'NONE',  ( 32.00000000000000000, -54.37604307034006723, -9.000000000000001776 ) ) ;
#1342 = AXIS2_PLACEMENT_3D ( 'NONE', #800, #393, #1188 ) ;
#1343 = DIRECTION ( 'NONE',  ( -0.000000000000000000, 0.000000000000000000, 1.000000000000000000 ) ) ;
#1344 = EDGE_CURVE ( 'NONE', #280, #899, #1442, .T. ) ;
#1345 = DIRECTION ( 'NONE',  ( 1.000000000000000000, 0.000000000000000000, 0.000000000000000000 ) ) ;
#1346 = CARTESIAN_POINT ( 'NONE',  ( -3.000000000000001332, 3.673940397442061347E-16, -9.000000000000001776 ) ) ;
#1347 = ORIENTED_EDGE ( 'NONE', *, *, #1126, .F. ) ;
#1348 = VERTEX_POINT ( 'NONE', #113 ) ;
#1349 = DIRECTION ( 'NONE',  ( -0.000000000000000000, 1.000000000000000000, -0.000000000000000000 ) ) ;
#1350 = PRODUCT_CONTEXT ( 'NONE', #587, 'mechanical' ) ;
#1351 = EDGE_CURVE ( 'NONE', #848, #1318, #225, .T. ) ;
#1352 = CARTESIAN_POINT ( 'NONE',  ( 16.00000000000000000, 46.18802153516994480, 0.000000000000000000 ) ) ;
#1353 = ORIENTED_EDGE ( 'NONE', *, *, #971, .F. ) ;
#1354 = LINE ( 'NONE', #1114, #431 ) ;
#1355 = FACE_OUTER_BOUND ( 'NONE', #54, .T. ) ;
#1356 = STYLED_ITEM ( 'NONE', ( #266 ), #871 ) ;
#1357 = PRODUCT_DEFINITION_SHAPE ( 'NONE', 'NONE',  #1665 ) ;
#1358 = CYLINDRICAL_SURFACE ( 'NONE', #263, 3.000000000000007994 ) ;
#1359 = CARTESIAN_POINT ( 'NONE',  ( -100.0000000000000000, -112.3760430703400885, 0.000000000000000000 ) ) ;
#1360 = CARTESIAN_POINT ( 'NONE',  ( -4.000000000000007105, -54.37604307034006723, 0.000000000000000000 ) ) ;
#1361 = APPLICATION_CONTEXT ( 'automotive_design' ) ;
#1362 = PRODUCT_RELATED_PRODUCT_CATEGORY ( 'part', '', ( #1306 ) ) ;
#1363 = DIRECTION ( 'NONE',  ( -1.387778780781445676E-16, 1.000000000000000000, 0.000000000000000000 ) ) ;
#1364 = ORIENTED_EDGE ( 'NONE', *, *, #1301, .F. ) ;
#1365 = CARTESIAN_POINT ( 'NONE',  ( 100.0000000000000000, -112.3760430703400601, -9.000000000000001776 ) ) ;
#1366 = EDGE_CURVE ( 'NONE', #1057, #1489, #186, .T. ) ;
#1367 = CARTESIAN_POINT ( 'NONE',  ( -16.00000000000000000, 46.18802153516994480, -9.000000000000001776 ) ) ;
#1368 = DIRECTION ( 'NONE',  ( 0.000000000000000000, 0.000000000000000000, 1.000000000000000000 ) ) ;
#1369 = VERTEX_POINT ( 'NONE', #222 ) ;
#1370 = CARTESIAN_POINT ( 'NONE',  ( 100.0000000000000000, -112.3760430703400601, 0.000000000000000000 ) ) ;
#1371 = DIRECTION ( 'NONE',  ( 0.000000000000000000, 0.000000000000000000, 1.000000000000000000 ) ) ;
#1372 = ORIENTED_EDGE ( 'NONE', *, *, #632, .F. ) ;
#1373 = CLOSED_SHELL ( 'NONE', ( #424, #903, #799, #669, #1450, #158, #38, #649, #1171, #911, #1204, #412 ) ) ;
#1374 = EDGE_LOOP ( 'NONE', ( #74, #1311 ) ) ;
#1375 = DIRECTION ( 'NONE',  ( -1.000000000000000000, 0.000000000000000000, 0.000000000000000000 ) ) ;
#1376 = CARTESIAN_POINT ( 'NONE',  ( -18.50000000000001066, 46.18802153516994480, 0.000000000000000000 ) ) ;
#1377 = LINE ( 'NONE', #1498, #370 ) ;
#1378 = VECTOR ( 'NONE', #259, 1000.000000000000000 ) ;
#1379 = DIRECTION ( 'NONE',  ( -1.000000000000000000, 0.000000000000000000, 0.000000000000000000 ) ) ;
#1380 = LINE ( 'NONE', #1477, #1335 ) ;
#1381 = DIRECTION ( 'NONE',  ( 0.000000000000000000, 0.000000000000000000, 1.000000000000000000 ) ) ;
#1382 = VECTOR ( 'NONE', #730, 1000.000000000000000 ) ;
#1383 = CARTESIAN_POINT ( 'NONE',  ( -100.0000000000000000, -112.3760430703400885, -9.000000000000001776 ) ) ;
#1384 = CARTESIAN_POINT ( 'NONE',  ( 126.5136841273848916, 539.9999999999998863, 8.000000000000003553 ) ) ;
#1385 = ORIENTED_EDGE ( 'NONE', *, *, #922, .T. ) ;
#1386 = EDGE_CURVE ( 'NONE', #1194, #1392, #1125, .T. ) ;
#1387 = SURFACE_STYLE_USAGE ( .BOTH. , #861 ) ;
#1388 = DIRECTION ( 'NONE',  ( -1.000000000000000000, 0.000000000000000000, 0.000000000000000000 ) ) ;
#1389 = ORIENTED_EDGE ( 'NONE', *, *, #273, .F. ) ;
#1390 = AXIS2_PLACEMENT_3D ( 'NONE', #215, #1130, #1617 ) ;
#1391 = CARTESIAN_POINT ( 'NONE',  ( -43.09103465619129025, 27.18802153517003717, -9.000000000000001776 ) ) ;
#1392 = VERTEX_POINT ( 'NONE', #272 ) ;
#1393 = ORIENTED_EDGE ( 'NONE', *, *, #1403, .T. ) ;
#1394 = VERTEX_POINT ( 'NONE', #1513 ) ;
#1395 = CARTESIAN_POINT ( 'NONE',  ( -100.0000000000000000, -112.3760430703400885, -9.000000000000001776 ) ) ;
#1396 = DIRECTION ( 'NONE',  ( 0.000000000000000000, 0.000000000000000000, 1.000000000000000000 ) ) ;
#1397 = DIRECTION ( 'NONE',  ( 0.9902680687415708061, -0.1391731009600618574, 0.000000000000000000 ) ) ;
#1398 = ORIENTED_EDGE ( 'NONE', *, *, #226, .F. ) ;
#1399 = PRESENTATION_LAYER_ASSIGNMENT (  '', '', ( #932 ) ) ;
#1400 = LINE ( 'NONE', #1165, #1036 ) ;
#1401 = CARTESIAN_POINT ( 'NONE',  ( 79.99999999999998579, 46.18802153516993769, -9.000000000000001776 ) ) ;
#1402 = LINE ( 'NONE', #1346, #480 ) ;
#1403 = EDGE_CURVE ( 'NONE', #942, #1502, #90, .T. ) ;
#1404 =( NAMED_UNIT ( * ) PLANE_ANGLE_UNIT ( ) SI_UNIT ( $, .RADIAN. ) );
#1405 = ORIENTED_EDGE ( 'NONE', *, *, #831, .T. ) ;
#1406 = AXIS2_PLACEMENT_3D ( 'NONE', #1341, #1469, #1589 ) ;
#1407 = CARTESIAN_POINT ( 'NONE',  ( 0.000000000000000000, -54.37604307034006723, -9.000000000000001776 ) ) ;
#1408 = EDGE_CURVE ( 'NONE', #864, #1286, #1556, .T. ) ;
#1409 = DIRECTION ( 'NONE',  ( 0.000000000000000000, 0.000000000000000000, 1.000000000000000000 ) ) ;
#1410 = FILL_AREA_STYLE ('',( #1278 ) ) ;
#1411 = ORIENTED_EDGE ( 'NONE', *, *, #216, .F. ) ;
#1412 = EDGE_CURVE ( 'NONE', #49, #942, #1337, .T. ) ;
#1413 = ORIENTED_EDGE ( 'NONE', *, *, #192, .T. ) ;
#1414 = DIRECTION ( 'NONE',  ( -1.000000000000000000, 0.000000000000000000, 0.000000000000000000 ) ) ;
#1415 = CARTESIAN_POINT ( 'NONE',  ( 0.000000000000000000, 0.000000000000000000, 0.000000000000000000 ) ) ;
#1416 = ORIENTED_EDGE ( 'NONE', *, *, #347, .T. ) ;
#1417 = CYLINDRICAL_SURFACE ( 'NONE', #1312, 2.500000000000009326 ) ;
#1418 = VECTOR ( 'NONE', #843, 1000.000000000000000 ) ;
#1419 = CARTESIAN_POINT ( 'NONE',  ( 0.000000000000000000, 0.000000000000000000, 22.00000000000000000 ) ) ;
#1420 = LINE ( 'NONE', #938, #589 ) ;
#1421 = VECTOR ( 'NONE', #112, 1000.000000000000000 ) ;
#1422 = DIRECTION ( 'NONE',  ( -1.000000000000000000, 0.000000000000000000, 0.000000000000000000 ) ) ;
#1423 = CARTESIAN_POINT ( 'NONE',  ( 99.99999999999997158, 87.62395692965995408, 0.000000000000000000 ) ) ;
#1424 = FACE_BOUND ( 'NONE', #163, .T. ) ;
#1425 = SHAPE_REPRESENTATION ( 'A000238-PATASXXXBASE', ( #155 ), #651 ) ;
#1426 = AXIS2_PLACEMENT_3D ( 'NONE', #153, #14, #144 ) ;
#1427 = FILL_AREA_STYLE_COLOUR ( '', #107 ) ;
#1428 = ORIENTED_EDGE ( 'NONE', *, *, #167, .F. ) ;
#1429 = DIRECTION ( 'NONE',  ( 0.000000000000000000, 0.000000000000000000, 1.000000000000000000 ) ) ;
#1430 = FILL_AREA_STYLE ('',( #16 ) ) ;
#1431 = ADVANCED_FACE ( 'NONE', ( #1042, #1099, #65, #1424, #1476, #184, #1650, #287, #1517, #1038, #1317, #779 ), #997, .T. ) ;
#1432 = ORIENTED_EDGE ( 'NONE', *, *, #1552, .T. ) ;
#1433 = DIRECTION ( 'NONE',  ( 1.000000000000000000, 0.000000000000000000, 0.000000000000000000 ) ) ;
#1434 = ORIENTED_EDGE ( 'NONE', *, *, #1522, .T. ) ;
#1435 = CARTESIAN_POINT ( 'NONE',  ( -32.00000000000000000, -54.37604307034006723, -9.000000000000001776 ) ) ;
#1436 = AXIS2_PLACEMENT_3D ( 'NONE', #251, #1172, #782 ) ;
#1437 = ORIENTED_EDGE ( 'NONE', *, *, #246, .T. ) ;
#1438 = DIRECTION ( 'NONE',  ( 0.000000000000000000, 0.000000000000000000, 1.000000000000000000 ) ) ;
#1439 = ORIENTED_EDGE ( 'NONE', *, *, #682, .F. ) ;
#1440 = DIRECTION ( 'NONE',  ( 0.000000000000000000, 0.000000000000000000, 1.000000000000000000 ) ) ;
#1441 = VECTOR ( 'NONE', #499, 1000.000000000000000 ) ;
#1442 = CIRCLE ( 'NONE', #714, 3.000000000000007994 ) ;
#1443 = EDGE_CURVE ( 'NONE', #981, #677, #351, .T. ) ;
#1444 = AXIS2_PLACEMENT_3D ( 'NONE', #1246, #224, #1139 ) ;
#1445 = ORIENTED_EDGE ( 'NONE', *, *, #1208, .F. ) ;
#1446 = SHAPE_DEFINITION_REPRESENTATION ( #660, #330 ) ;
#1447 = EDGE_LOOP ( 'NONE', ( #1250, #1434 ) ) ;
#1448 = PRODUCT_RELATED_PRODUCT_CATEGORY ( 'part', '', ( #19 ) ) ;
#1449 = ORIENTED_EDGE ( 'NONE', *, *, #802, .T. ) ;
#1450 = ADVANCED_FACE ( 'NONE', ( #169 ), #349, .F. ) ;
#1451 = CARTESIAN_POINT ( 'NONE',  ( -100.0000000000000000, -112.3760430703400885, -9.000000000000001776 ) ) ;
#1452 = AXIS2_PLACEMENT_3D ( 'NONE', #976, #721, #850 ) ;
#1453 = VERTEX_POINT ( 'NONE', #95 ) ;
#1454 = LINE ( 'NONE', #1451, #432 ) ;
#1455 = VECTOR ( 'NONE', #803, 1000.000000000000000 ) ;
#1456 = FACE_OUTER_BOUND ( 'NONE', #1141, .T. ) ;
#1457 =( GEOMETRIC_REPRESENTATION_CONTEXT ( 3 ) GLOBAL_UNCERTAINTY_ASSIGNED_CONTEXT ( ( #244 ) ) GLOBAL_UNIT_ASSIGNED_CONTEXT ( ( #1113, #1120, #613 ) ) REPRESENTATION_CONTEXT ( 'NONE', 'WORKASPACE' ) );
#1458 = CYLINDRICAL_SURFACE ( 'NONE', #23, 2.500000000000009326 ) ;
#1459 = DIRECTION ( 'NONE',  ( 0.000000000000000000, -0.000000000000000000, 1.000000000000000000 ) ) ;
#1460 = VERTEX_POINT ( 'NONE', #1383 ) ;
#1461 = CARTESIAN_POINT ( 'NONE',  ( -4.000000000000007105, -54.37604307034006723, -9.000000000000001776 ) ) ;
#1462 = MANIFOLD_SOLID_BREP ( 'Saliente-Extruir2', #1112 ) ;
#1463 = ORIENTED_EDGE ( 'NONE', *, *, #598, .F. ) ;
#1464 = AXIS2_PLACEMENT_3D ( 'NONE', #1520, #1147, #757 ) ;
#1465 = VERTEX_POINT ( 'NONE', #1634 ) ;
#1466 = APPLICATION_PROTOCOL_DEFINITION ( 'draft international standard', 'automotive_design', 1998, #956 ) ;
#1467 = EDGE_CURVE ( 'NONE', #580, #1615, #514, .T. ) ;
#1468 = VERTEX_POINT ( 'NONE', #199 ) ;
#1469 = DIRECTION ( 'NONE',  ( 0.000000000000000000, 0.000000000000000000, 1.000000000000000000 ) ) ;
#1470 = CARTESIAN_POINT ( 'NONE',  ( -18.50000000000001066, 46.18802153516994480, -9.000000000000001776 ) ) ;
#1471 = AXIS2_PLACEMENT_3D ( 'NONE', #1494, #1488, #1108 ) ;
#1472 = ORIENTED_EDGE ( 'NONE', *, *, #1021, .F. ) ;
#1473 = CARTESIAN_POINT ( 'NONE',  ( 111.0000000000025437, -580.0000000000000000, -80.88972719772461062 ) ) ;
#1474 = LINE ( 'NONE', #484, #1257 ) ;
#1475 = CARTESIAN_POINT ( 'NONE',  ( -47.09103465619127604, 27.18802153517003717, 0.000000000000000000 ) ) ;
#1476 = FACE_BOUND ( 'NONE', #1115, .T. ) ;
#1477 = CARTESIAN_POINT ( 'NONE',  ( 99.99999999999997158, 87.62395692965995408, -9.000000000000001776 ) ) ;
#1478 =( REPRESENTATION_RELATIONSHIP ('NONE','NONE', #880, #330 ) REPRESENTATION_RELATIONSHIP_WITH_TRANSFORMATION ( #75 )SHAPE_REPRESENTATION_RELATIONSHIP( ) );
#1479 = CARTESIAN_POINT ( 'NONE',  ( 0.000000000000000000, 0.000000000000000000, 2.999999999999999112 ) ) ;
#1480 = ORIENTED_EDGE ( 'NONE', *, *, #913, .F. ) ;
#1481 = AXIS2_PLACEMENT_3D ( 'NONE', #147, #1023, #645 ) ;
#1482 = DIRECTION ( 'NONE',  ( -1.000000000000000000, 0.000000000000000000, 0.000000000000000000 ) ) ;
#1483 = CONTEXT_DEPENDENT_SHAPE_REPRESENTATION ( #1339, #1357 ) ;
#1484 = ORIENTED_EDGE ( 'NONE', *, *, #1126, .T. ) ;
#1485 = EDGE_LOOP ( 'NONE', ( #842, #357, #1599, #1229 ) ) ;
#1486 = CARTESIAN_POINT ( 'NONE',  ( 0.000000000000000000, 0.000000000000000000, 0.000000000000000000 ) ) ;
#1487 = EDGE_CURVE ( 'NONE', #292, #1232, #654, .T. ) ;
#1488 = DIRECTION ( 'NONE',  ( 0.000000000000000000, 0.000000000000000000, 1.000000000000000000 ) ) ;
#1489 = VERTEX_POINT ( 'NONE', #1105 ) ;
#1490 = EDGE_CURVE ( 'NONE', #1523, #2, #309, .T. ) ;
#1491 = CIRCLE ( 'NONE', #1452, 220.0000000000000000 ) ;
#1492 = FILL_AREA_STYLE_COLOUR ( '', #692 ) ;
#1493 = LINE ( 'NONE', #276, #476 ) ;
#1494 = CARTESIAN_POINT ( 'NONE',  ( -32.00000000000000000, -54.37604307034006723, 0.000000000000000000 ) ) ;
#1495 = CIRCLE ( 'NONE', #760, 2.500000000000009326 ) ;
#1496 = CARTESIAN_POINT ( 'NONE',  ( 0.000000000000000000, 0.000000000000000000, 2.999999999999999112 ) ) ;
#1497 = DIRECTION ( 'NONE',  ( 0.000000000000000000, 0.000000000000000000, 1.000000000000000000 ) ) ;
#1498 = CARTESIAN_POINT ( 'NONE',  ( 0.000000000000000000, 0.000000000000000000, 22.00000000000000000 ) ) ;
#1499 = CARTESIAN_POINT ( 'NONE',  ( 81.51368412738487734, 580.0000000000000000, 0.000000000000000000 ) ) ;
#1500 = AXIS2_PLACEMENT_3D ( 'NONE', #1127, #356, #89 ) ;
#1501 = CARTESIAN_POINT ( 'NONE',  ( 0.000000000000000000, 0.000000000000000000, 15.00000000000000000 ) ) ;
#1502 = VERTEX_POINT ( 'NONE', #486 ) ;
#1503 = DIRECTION ( 'NONE',  ( -1.000000000000000000, 0.000000000000000000, 0.000000000000000000 ) ) ;
#1504 = CARTESIAN_POINT ( 'NONE',  ( -100.0000000000000000, -112.3760430703400885, -9.000000000000001776 ) ) ;
#1505 = CARTESIAN_POINT ( 'NONE',  ( 83.99999999999997158, 46.18802153516993769, -9.000000000000001776 ) ) ;
#1506 = ORIENTED_EDGE ( 'NONE', *, *, #1235, .F. ) ;
#1507 = DIRECTION ( 'NONE',  ( 1.000000000000000000, 0.000000000000000000, 0.000000000000000000 ) ) ;
#1508 = EDGE_LOOP ( 'NONE', ( #812, #1020 ) ) ;
#1509 = CARTESIAN_POINT ( 'NONE',  ( -32.00000000000000000, -54.37604307034006723, 0.000000000000000000 ) ) ;
#1510 = DIRECTION ( 'NONE',  ( -1.000000000000000000, 0.000000000000000000, 0.000000000000000000 ) ) ;
#1511 = CARTESIAN_POINT ( 'NONE',  ( 16.00000000000000000, 46.18802153516994480, -9.000000000000001776 ) ) ;
#1512 = ORIENTED_EDGE ( 'NONE', *, *, #802, .F. ) ;
#1513 = CARTESIAN_POINT ( 'NONE',  ( 156.5136841273848631, 580.0000000000000000, 0.000000000000000000 ) ) ;
#1514 = AXIS2_PLACEMENT_3D ( 'NONE', #987, #472, #321 ) ;
#1515 = EDGE_CURVE ( 'NONE', #979, #604, #535, .T. ) ;
#1516 = LINE ( 'NONE', #105, #150 ) ;
#1517 = FACE_BOUND ( 'NONE', #524, .T. ) ;
#1518 = LINE ( 'NONE', #193, #399 ) ;
#1519 =( LENGTH_UNIT ( ) NAMED_UNIT ( * ) SI_UNIT ( .MILLI., .METRE. ) );
#1520 = CARTESIAN_POINT ( 'NONE',  ( 0.000000000000000000, -54.37604307034006723, 0.000000000000000000 ) ) ;
#1521 = PLANE ( 'NONE',  #115 ) ;
#1522 = EDGE_CURVE ( 'NONE', #1618, #156, #1627, .T. ) ;
#1523 = VERTEX_POINT ( 'NONE', #1370 ) ;
#1524 = DIRECTION ( 'NONE',  ( 0.000000000000000000, 0.000000000000000000, 1.000000000000000000 ) ) ;
#1525 = DIRECTION ( 'NONE',  ( 0.000000000000000000, 0.000000000000000000, 1.000000000000000000 ) ) ;
#1526 = ORIENTED_EDGE ( 'NONE', *, *, #314, .T. ) ;
#1527 = ORIENTED_EDGE ( 'NONE', *, *, #523, .F. ) ;
#1528 = CARTESIAN_POINT ( 'NONE',  ( 156.5136841273848631, 580.0000000000000000, 22.00000000000000000 ) ) ;
#1529 = VERTEX_POINT ( 'NONE', #76 ) ;
#1530 = AXIS2_PLACEMENT_3D ( 'NONE', #888, #232, #237 ) ;
#1531 = EDGE_LOOP ( 'NONE', ( #1437, #666, #1449, #909 ) ) ;
#1532 = CIRCLE ( 'NONE', #1342, 2.500000000000009326 ) ;
#1533 = FACE_BOUND ( 'NONE', #742, .T. ) ;
#1534 = SURFACE_STYLE_FILL_AREA ( #491 ) ;
#1535 = STYLED_ITEM ( 'NONE', ( #648 ), #22 ) ;
#1536 = CARTESIAN_POINT ( 'NONE',  ( -47.09103465619127604, 27.18802153517003717, -9.000000000000001776 ) ) ;
#1537 = DIRECTION ( 'NONE',  ( -1.000000000000000000, 0.000000000000000000, 0.000000000000000000 ) ) ;
#1538 = ORIENTED_EDGE ( 'NONE', *, *, #188, .F. ) ;
#1539 = CARTESIAN_POINT ( 'NONE',  ( -100.0000000000000284, 87.62395692965992566, -9.000000000000001776 ) ) ;
#1540 = DIRECTION ( 'NONE',  ( -1.000000000000000000, 0.000000000000000000, 0.000000000000000000 ) ) ;
#1541 =( NAMED_UNIT ( * ) PLANE_ANGLE_UNIT ( ) SI_UNIT ( $, .RADIAN. ) );
#1542 = DIRECTION ( 'NONE',  ( 0.000000000000000000, 0.000000000000000000, 1.000000000000000000 ) ) ;
#1543 = ORIENTED_EDGE ( 'NONE', *, *, #846, .T. ) ;
#1544 = EDGE_CURVE ( 'NONE', #1564, #667, #88, .T. ) ;
#1545 = VERTEX_POINT ( 'NONE', #1007 ) ;
#1546 = SURFACE_SIDE_STYLE ('',( #371 ) ) ;
#1547 = ORIENTED_EDGE ( 'NONE', *, *, #1132, .F. ) ;
#1548 =( LENGTH_UNIT ( ) NAMED_UNIT ( * ) SI_UNIT ( .MILLI., .METRE. ) );
#1549 = AXIS2_PLACEMENT_3D ( 'NONE', #481, #974, #1605 ) ;
#1550 = ORIENTED_EDGE ( 'NONE', *, *, #545, .T. ) ;
#1551 = CARTESIAN_POINT ( 'NONE',  ( 126.5136841273848916, 580.0000000000000000, 8.000000000000003553 ) ) ;
#1552 = EDGE_CURVE ( 'NONE', #429, #177, #738, .T. ) ;
#1553 = FACE_BOUND ( 'NONE', #159, .T. ) ;
#1554 = LINE ( 'NONE', #517, #554 ) ;
#1555 = CARTESIAN_POINT ( 'NONE',  ( -100.0000000000000284, 87.62395692965992566, 0.000000000000000000 ) ) ;
#1556 = CIRCLE ( 'NONE', #969, 3.000000000000001332 ) ;
#1557 = AXIS2_PLACEMENT_3D ( 'NONE', #1249, #597, #86 ) ;
#1558 = ADVANCED_FACE ( 'NONE', ( #130 ), #755, .T. ) ;
#1559 = DIRECTION ( 'NONE',  ( 0.000000000000000000, 0.000000000000000000, 1.000000000000000000 ) ) ;
#1560 = CARTESIAN_POINT ( 'NONE',  ( 79.99999999999998579, 46.18802153516993769, 0.000000000000000000 ) ) ;
#1561 = AXIS2_PLACEMENT_3D ( 'NONE', #247, #227, #1524 ) ;
#1562 = ADVANCED_FACE ( 'NONE', ( #1299 ), #268, .F. ) ;
#1563 = CARTESIAN_POINT ( 'NONE',  ( -83.99999999999998579, 46.18802153516993769, -9.000000000000001776 ) ) ;
#1564 = VERTEX_POINT ( 'NONE', #639 ) ;
#1565 = AXIS2_PLACEMENT_3D ( 'NONE', #1101, #1123, #590 ) ;
#1566 = EDGE_LOOP ( 'NONE', ( #361, #1196, #541, #1353 ) ) ;
#1567 = ORIENTED_EDGE ( 'NONE', *, *, #1063, .T. ) ;
#1568 = DIRECTION ( 'NONE',  ( 1.387778780781445676E-16, -1.000000000000000000, 0.000000000000000000 ) ) ;
#1569 = COLOUR_RGB ( '',1.000000000000000000, 1.000000000000000000, 1.000000000000000000 ) ;
#1570 = FACE_OUTER_BOUND ( 'NONE', #1074, .T. ) ;
#1571 = AXIS2_PLACEMENT_3D ( 'NONE', #748, #1254, #1259 ) ;
#1572 = ADVANCED_FACE ( 'NONE', ( #1456 ), #633, .F. ) ;
#1573 = LINE ( 'NONE', #1359, #1418 ) ;
#1574 = EDGE_CURVE ( 'NONE', #445, #277, #1242, .T. ) ;
#1575 = ADVANCED_FACE ( 'NONE', ( #610 ), #1187, .F. ) ;
#1576 = DIRECTION ( 'NONE',  ( 0.000000000000000000, 0.000000000000000000, 1.000000000000000000 ) ) ;
#1577 = ORIENTED_EDGE ( 'NONE', *, *, #164, .F. ) ;
#1578 = CARTESIAN_POINT ( 'NONE',  ( 4.000000000000007994, -92.37604307034006013, 0.000000000000000000 ) ) ;
#1579 = VERTEX_POINT ( 'NONE', #621 ) ;
#1580 = ORIENTED_EDGE ( 'NONE', *, *, #658, .F. ) ;
#1581 = CARTESIAN_POINT ( 'NONE',  ( 0.000000000000000000, -92.37604307034006013, -9.000000000000001776 ) ) ;
#1582 = AXIS2_PLACEMENT_3D ( 'NONE', #1081, #712, #568 ) ;
#1583 = FACE_BOUND ( 'NONE', #1269, .T. ) ;
#1584 = LINE ( 'NONE', #1065, #44 ) ;
#1585 = CARTESIAN_POINT ( 'NONE',  ( -51.09103465619126894, 27.18802153517003717, -9.000000000000001776 ) ) ;
#1586 = VECTOR ( 'NONE', #34, 1000.000000000000000 ) ;
#1587 = VECTOR ( 'NONE', #1134, 1000.000000000000000 ) ;
#1588 = CIRCLE ( 'NONE', #1464, 4.000000000000007105 ) ;
#1589 = DIRECTION ( 'NONE',  ( -1.000000000000000000, 0.000000000000000000, 0.000000000000000000 ) ) ;
#1590 = EDGE_CURVE ( 'NONE', #555, #1138, #397, .T. ) ;
#1591 = EDGE_CURVE ( 'NONE', #1579, #1003, #567, .T. ) ;
#1592 = APPLICATION_PROTOCOL_DEFINITION ( 'draft international standard', 'automotive_design', 1998, #576 ) ;
#1593 = CARTESIAN_POINT ( 'NONE',  ( 28.00000000000000000, 0.000000000000000000, 22.00000000000000000 ) ) ;
#1594 = SURFACE_STYLE_FILL_AREA ( #1167 ) ;
#1595 = AXIS2_PLACEMENT_3D ( 'NONE', #228, #363, #1388 ) ;
#1596 = EDGE_LOOP ( 'NONE', ( #382, #603 ) ) ;
#1597 = DIRECTION ( 'NONE',  ( 0.000000000000000000, 0.000000000000000000, 1.000000000000000000 ) ) ;
#1598 = EDGE_CURVE ( 'NONE', #642, #981, #1277, .T. ) ;
#1599 = ORIENTED_EDGE ( 'NONE', *, *, #218, .T. ) ;
#1600 = DIRECTION ( 'NONE',  ( -0.000000000000000000, -0.000000000000000000, -1.000000000000000000 ) ) ;
#1601 = AXIS2_PLACEMENT_3D ( 'NONE', #643, #904, #624 ) ;
#1602 = EDGE_LOOP ( 'NONE', ( #839, #1102, #1463, #814 ) ) ;
#1603 = CIRCLE ( 'NONE', #745, 3.999999999999989786 ) ;
#1604 = CYLINDRICAL_SURFACE ( 'NONE', #902, 3.999999999999989786 ) ;
#1605 = DIRECTION ( 'NONE',  ( -1.000000000000000000, 0.000000000000000000, 0.000000000000000000 ) ) ;
#1606 = DIRECTION ( 'NONE',  ( -0.000000000000000000, 1.000000000000000000, -0.000000000000000000 ) ) ;
#1607 = CARTESIAN_POINT ( 'NONE',  ( 156.5136841273848631, 580.0000000000000000, 22.00000000000000000 ) ) ;
#1608 = ORIENTED_EDGE ( 'NONE', *, *, #962, .F. ) ;
#1609 = AXIS2_PLACEMENT_3D ( 'NONE', #1255, #352, #614 ) ;
#1610 = DIRECTION ( 'NONE',  ( 1.000000000000000000, 0.000000000000000000, -0.000000000000000000 ) ) ;
#1611 = DIRECTION ( 'NONE',  ( -0.000000000000000000, 1.000000000000000000, -0.000000000000000000 ) ) ;
#1612 = CARTESIAN_POINT ( 'NONE',  ( 0.000000000000000000, -54.37604307034006723, -9.000000000000001776 ) ) ;
#1613 = VERTEX_POINT ( 'NONE', #1282 ) ;
#1614 = PLANE ( 'NONE',  #1444 ) ;
#1615 = VERTEX_POINT ( 'NONE', #375 ) ;
#1616 = ORIENTED_EDGE ( 'NONE', *, *, #1033, .T. ) ;
#1617 = DIRECTION ( 'NONE',  ( -1.000000000000000000, 0.000000000000000000, 0.000000000000000000 ) ) ;
#1618 = VERTEX_POINT ( 'NONE', #762 ) ;
#1619 = MECHANICAL_DESIGN_GEOMETRIC_PRESENTATION_REPRESENTATION (  '', ( #1535 ), #676 ) ;
#1620 = EDGE_CURVE ( 'NONE', #963, #640, #1554, .T. ) ;
#1621 = CARTESIAN_POINT ( 'NONE',  ( 18.50000000000001066, 46.18802153516994480, 0.000000000000000000 ) ) ;
#1622 = LINE ( 'NONE', #1025, #1332 ) ;
#1623 = VECTOR ( 'NONE', #925, 1000.000000000000000 ) ;
#1624 = LINE ( 'NONE', #372, #949 ) ;
#1625 = DIRECTION ( 'NONE',  ( 0.000000000000000000, 0.000000000000000000, 1.000000000000000000 ) ) ;
#1626 = FACE_OUTER_BOUND ( 'NONE', #1566, .T. ) ;
#1627 = CIRCLE ( 'NONE', #1310, 3.999999999999989786 ) ;
#1628 = DIRECTION ( 'NONE',  ( -0.000000000000000000, -0.000000000000000000, -1.000000000000000000 ) ) ;
#1629 = DIRECTION ( 'NONE',  ( 0.000000000000000000, 0.000000000000000000, 1.000000000000000000 ) ) ;
#1630 = DIRECTION ( 'NONE',  ( -0.1391731009600618574, -0.9902680687415708061, 0.000000000000000000 ) ) ;
#1631 = FACE_OUTER_BOUND ( 'NONE', #1068, .T. ) ;
#1632 = CARTESIAN_POINT ( 'NONE',  ( 47.09103465619126894, 27.18802153517004072, 0.000000000000000000 ) ) ;
#1633 = EDGE_CURVE ( 'NONE', #1460, #866, #951, .T. ) ;
#1634 = CARTESIAN_POINT ( 'NONE',  ( 3.000000000000000444, 3.673940397442060361E-16, 15.00000000000000000 ) ) ;
#1635 = DIRECTION ( 'NONE',  ( 0.000000000000000000, 0.000000000000000000, 1.000000000000000000 ) ) ;
#1636 = AXIS2_PLACEMENT_3D ( 'NONE', #1098, #957, #696 ) ;
#1637 = DIRECTION ( 'NONE',  ( 1.000000000000000000, 1.387778780781445676E-16, -0.000000000000000000 ) ) ;
#1638 = ORIENTED_EDGE ( 'NONE', *, *, #1301, .T. ) ;
#1639 = DIRECTION ( 'NONE',  ( 1.000000000000000000, 0.000000000000000000, 0.000000000000000000 ) ) ;
#1640 = ORIENTED_EDGE ( 'NONE', *, *, #665, .T. ) ;
#1641 = DIRECTION ( 'NONE',  ( 1.000000000000000000, 0.000000000000000000, 0.000000000000000000 ) ) ;
#1642 = PRODUCT_DEFINITION_CONTEXT ( 'detailed design', #704, 'design' ) ;
#1643 = AXIS2_PLACEMENT_3D ( 'NONE', #1644, #777, #768 ) ;
#1644 = CARTESIAN_POINT ( 'NONE',  ( -16.00000000000000000, 46.18802153516994480, -9.000000000000001776 ) ) ;
#1645 = ORIENTED_EDGE ( 'NONE', *, *, #1574, .F. ) ;
#1646 = AXIS2_PLACEMENT_3D ( 'NONE', #1560, #1368, #516 ) ;
#1647 = LINE ( 'NONE', #336, #1034 ) ;
#1648 = FACE_OUTER_BOUND ( 'NONE', #1313, .T. ) ;
#1649 = CARTESIAN_POINT ( 'NONE',  ( -16.00000000000000000, 46.18802153516994480, -9.000000000000001776 ) ) ;
#1650 = FACE_BOUND ( 'NONE', #1374, .T. ) ;
#1651 = ORIENTED_EDGE ( 'NONE', *, *, #887, .F. ) ;
#1652 = CARTESIAN_POINT ( 'NONE',  ( -47.09103465619127604, 27.18802153517003717, -9.000000000000001776 ) ) ;
#1653 =( NAMED_UNIT ( * ) PLANE_ANGLE_UNIT ( ) SI_UNIT ( $, .RADIAN. ) );
#1654 = PRESENTATION_LAYER_ASSIGNMENT (  '', '', ( #1119 ) ) ;
#1655 = DIRECTION ( 'NONE',  ( 0.000000000000000000, 0.000000000000000000, 1.000000000000000000 ) ) ;
#1656 = EDGE_CURVE ( 'NONE', #1348, #1465, #496, .T. ) ;
#1657 = EDGE_LOOP ( 'NONE', ( #1253, #1439, #345, #747 ) ) ;
#1658 = CARTESIAN_POINT ( 'NONE',  ( 18.50000000000001066, 46.18802153516994480, -9.000000000000001776 ) ) ;
#1659 = CARTESIAN_POINT ( 'NONE',  ( 29.49999999999999289, -54.37604307034006723, 0.000000000000000000 ) ) ;
#1660 = EDGE_CURVE ( 'NONE', #667, #1093, #477, .T. ) ;
#1661 = DIRECTION ( 'NONE',  ( 1.000000000000000000, 0.000000000000000000, 0.000000000000000000 ) ) ;
#1662 = VERTEX_POINT ( 'NONE', #637 ) ;
#1663 = NEXT_ASSEMBLY_USAGE_OCCURRENCE ( 'NAUO1', ' ', ' ', #1276, #615, $ ) ;
#1664 = NEXT_ASSEMBLY_USAGE_OCCURRENCE ( 'NAUO2', ' ', ' ', #1276, #383, $ ) ;
#1665 = NEXT_ASSEMBLY_USAGE_OCCURRENCE ( 'NAUO3', ' ', ' ', #1276, #959, $ ) ;
#1666 = NEXT_ASSEMBLY_USAGE_OCCURRENCE ( 'NAUO4', ' ', ' ', #1276, #959, $ ) ;
#1667 = NEXT_ASSEMBLY_USAGE_OCCURRENCE ( 'NAUO5', ' ', ' ', #1276, #959, $ ) ;
ENDSEC;
END-ISO-10303-21;
